feature,importance
days_since_last_purchase,0.8309477675079701
purchase_frequency,0.10469412713479245
days_since_registration,0.04578970500058973
total_transactions,0.008964493206233676
total_spent,0.00634273855176103
avg_order_value,0.001613897644870264
age,0.0008122284248242129
country_encoded,0.000318459404553652
segment_encoded,0.00027968137087790016
gender_encoded,0.0002369017535271052
