title,url,price,rating,shop
"[VOUCHER 10K CHO ĐƠN 500K] Camera Yoosee ngoài trời 2 MẮT XEM 2 MÀN HÌNH cùng lúc 5.0Mpx xoay 360 độ,xem đêm có màu",https://www.lazada.vn/products/pdp-i2395270835.html,357.205 ₫,4.0,Cam Kết Giá Tốt
Camera Wifi Thông Minh EZVIZ C6N Pro 3MP 2K Quay Quét Đàm Thoại Hai Chiều,https://www.lazada.vn/products/pdp-i1766486634.html,444.000 ₫,4.0,Cam Kết Giá Tốt
"[BÁN CHẠY] Camera Wifi C30 Gọi Video Trực Tiếp Đàm Thoại 2 Chiều, Camera Giám Sát Trẻ Em Cảnh Báo Chuyển Động, Màn Hình 2.8 Inch 1080HD",https://www.lazada.vn/products/pdp-i3002944261.html,274.000 ₫,4.0,167 Đã bán
[VOUCHER 10K CHO ĐƠN 500K] Camera Yoosee PTZ bóng đèn xoay 360 độ - 5.0Mpx FHD1080p hình ảnh chất lượng rõ nét - Ban đêm có màu - báo động chống trộm - Đàm thoại 2 chiều,https://www.lazada.vn/products/pdp-i2395446131.html,171.000 ₫,4.0,919 Đã bán
"Camera Yoosee thân xoay ngoài trời 36 led 5.0mpx,chống nắng mưa,xem đêm có màu, nháy đèn BÁO ĐỘNG, BH 1 NĂM",https://www.lazada.vn/products/pdp-i2132901088.html,384.000 ₫,4.0,
Camera An Ninh Wifi Giám Sát Không Dây IP Camera Giám Sát HD1080p Trong Nhà Webcam Điện Thoại Không Dây Trong HOT,https://www.lazada.vn/products/pdp-i2625692651.html,99.000 ₫,4.0,137 Đã bán
Camera 360 trong nhà an ninh wifi không dây ngoài trời 360 bóng đèn Full HD 1080P độ Giám Sát An Ninh,https://www.lazada.vn/products/pdp-i3019578088.html,142.200 ₫,4.0,122 Đã bán
"Camera Fnkvision 2 mắt Yoosee, chống nước quan sát 360 độ cực rõ nét 8.0MP, thao tác qua điện thoại",https://www.lazada.vn/products/pdp-i2697878228.html,339.000 ₫,4.0,
"CAMERA WIFI IMCAM VIDEO CALL TIỆN DỤNG ( 2 IN 1 ) , HỖ TRỢ HỒNG NGOẠI BAN ĐÊM, BẢO HÀNH 1 NĂM",https://www.lazada.vn/products/pdp-i2459531518.html,365.310 ₫,4.0,987 Đã bán
"Camera wifi xoay 360 độ,wifi Camera theo dõi chuyển động, Camera đàm thoại 2 chiều đảm bảo an toàn cho ngôi nhà của bạn",https://www.lazada.vn/products/pdp-i3060495316.html,95.000 ₫,4.0,46 Đã bán
EKLEVA Camera IP Full HD1080P Camera An Ninh Gia Đình WiFi Ngoài Trời Camera Quan Sát Ban Đêm Video IP Âm Thanh Hai Chiều WiFi Giám Sát Không Dây,https://www.lazada.vn/products/pdp-i2063528980.html,191.439 ₫,4.0,54 Đã bán
Camera lenovo 110-15ISK,https://www.lazada.vn/products/pdp-i2226570002.html,120.000 ₫,,
"LazMall Mật Vụ LazMall Camera Siêu Nhỏ, Camera Mini, Camera Mini Wifi A9 Full HD 1080PH Hỗ Trợ Đàm Thoại 2 Chiều Ghi Hình Siêu Nét [Hot] Camera WiFi Mini A9 Giám Sát Không Dây Bảo Vệ An Ninh Máy Quay Từ Xa Camera Giám Sát An Ninh Nhà Thông Minh",https://www.lazada.vn/products/pdp-i3175873606.html,142.400 ₫,4.0,64 Đã bán
Camera IP YooSee 2.0mpx 1080P - 8Led,https://www.lazada.vn/products/pdp-i2828132172.html,179.000 ₫,5.0,48 Đã bán
Camera Wifi giám sát có màn hình C30 - gọi video trực tiếp - Siêu nét 2K,https://www.lazada.vn/products/pdp-i2827983604.html,299.000 ₫,4.0,32 Đã bán
"Camera Gọi Video Đàm Thoại 2 Chiều - Màn Hình IPS 2.8 Inch, Phát Hiện Chuyển Động, Quay Đêm, Full HD",https://www.lazada.vn/products/pdp-i3061738318.html,345.510 ₫,5.0,19 Đã bán
[BÁN CHẠY] Camera Wifi Giám Sát Có Màn Hình C30 - Gọi Video Trực Tiếp - Siêu Nét 2K,https://www.lazada.vn/products/pdp-i3002860543.html,274.000 ₫,4.0,33 Đã bán
"Camera Giám Sát Không Dây - Camera Mini Dùng Sim 4G S15 FullHD 1080P Siêu Nét Giá Rẻ Góc Quay Rộng Kết Nối Trục Tiếp Điện Thoại Xem Từ Xa, Quay Phim ,Chụp Ảnh, Ghi Âm, Dung Lượng Pin Lớn, Dùng 6 -8h,",https://www.lazada.vn/products/pdp-i2183853706.html,1.025.552 ₫,4.0,315 Đã bán
"Camera Wifi Gọi Video 2 Chiều Full HD Màn Hình IPS 2.8 inch - Báo Khóc Trẻ Em, Đàm Thoại 2 Chiều, Phát Hiện Chuyển Động",https://www.lazada.vn/products/pdp-i2431072877.html,399.000 ₫,4.0,169 Đã bán
Camera Wifi trong nhà Imou Ranger 2C (3MP) I IPC-TA32CP I Đàm thoại hai chiều I Xoay 360,https://www.lazada.vn/products/pdp-i2053933613.html,410.000 ₫,4.0,Cam Kết Giá Tốt
2.4G Wifi Camera giám sát HD Hai-Cách Âm Thanh 2MP 1080P Camera giám sát không dây Treo Tường quan sát ban đêm IR cảm biến chuyển động Bé Màn Hình,https://www.lazada.vn/products/pdp-i2272892755.html,593.000 ₫,,
Camera Wifi 5 Mắt Xem 5 Màn Hình Ngoài Trời FULL HD 25 Megapixel,https://www.lazada.vn/products/pdp-i3184429353.html,1.480.000 ₫,5.0,
Camera Wifi iMOU trong nhà 2 mắt Ranger Dual 10MP IPC-S2XP-10M0WED và 6MP IPC-S2XP-6M0WED,https://www.lazada.vn/products/pdp-i420654350.html,895.000 ₫,5.0,41 Đã bán
Camera Giám Sát Ngoài Trời Đa Chiều có Chức năng Quan sát Đêm Màu Sắc Toàn Diện,https://www.lazada.vn/products/pdp-i3193596489.html,1.519.000 ₫,4.0,6 Đã bán
KKmoon Camera HD 4K Camera Máy Tính Webcam USB Thu Phóng Quang Học 10X Lấy Nét Thủ Công Tự Động Bù Phơi Sáng Tương Thích Với Window XP/7/10 Linux Android Plug & Play Với Chân Máy Micro Cho Hội Nghị Video Trực Tuyến Giảng Dạy Trò Chuyện Trực Tiếp Webcastin,https://www.lazada.vn/products/pdp-i1856190850.html,3.573.764 ₫,5.0,10 Đã bán
Camera An Ninh 4K HD cho Giám Sát Gói Hàng và Chứng cứ Sau Bán hàng,https://www.lazada.vn/products/pdp-i3205712318.html,11.879.000 ₫,4.0,
"Camera Carecam 2 Mắt 2 Màn Hình 10.0MP Ngoài Trờo, Xoay 360 Độ, Đàm Thoại 2 Chiều, Báo Động Chống Trộm, Chạy App: CarecamPro",https://www.lazada.vn/products/pdp-i3031245652.html,465.000 ₫,5.0,23 Đã bán
[Mã 44ELSALE2 giảm 7% đơn 300K] [CHÍNH HÃNG] Camera SJCam A10- Camera Giám Sát Cá Nhân,https://www.lazada.vn/products/pdp-i1801918568.html,2.528.900 ₫,,
"Webcam camera nhận diện khuôn mặt Windows Hello - Face iD dùng cho Win 10,11 Full HD",https://www.lazada.vn/products/pdp-i2659182436.html,435.000 ₫,,
"camera DOME FPT THANH LÝ, ZIN 99.9%.",https://www.lazada.vn/products/pdp-i3190086044.html,199.000 ₫,,
Camera 360 trong nhà an ninh wifi không dây ngoài trời 360 bóng đèn Full HD 1080P độ Giám Sát An Ninh,https://www.lazada.vn/products/pdp-i3027516682.html,159.984 ₫,4.0,183 Đã bán
Camera EZVIZ C6N 3M- H6C PRO 3M/5M QHD 3K Xoay 360 Độ- Đàm Thoại 2 Chiều- Báo Động Chống Trộm- Wifi Trong Dùng Trong Nhà Chính Hãng - thông minh khi có chuyển động,https://www.lazada.vn/products/pdp-i3085920315.html,489.000 ₫,5.0,29 Đã bán
SJCAM SJ8 Pro Mũ bảo hiểm Camera hành động 4K 30FPS WiFi từ xa 2.33 'Màn hình cảm ứng 12MP không thấm nước WiFi Microphone bên ngoài Máy ảnh thể thao,https://www.lazada.vn/products/pdp-i2385815496.html,2.990.930 ₫,5.0,5 Đã bán
HEITAILANG | Camera Thông Minh Không Dây 360 Độ Trong Nhà,https://www.lazada.vn/products/pdp-i3190989286.html,344.000 ₫,4.0,
"Camera Wifi V380 W11 Mini Pro Kết Nối Cổng USB Cao Cấp , Camera An Ninh Chất Lượng Hình Ảnh Full HD 1080P, Ống Camera Siêu Nhỏ, Dễ Dàng Điều Chỉnh Góc Chụp, Xem Qua Điện Thoại. Bh 12 Thang",https://www.lazada.vn/products/pdp-i3168802074.html,280.000 ₫,,
"Camera Wifi 2K Tích Hợp Màn Hình Lớn - Gọi điện Video Call Trực Tiếp, Siêu Tiện Dụng",https://www.lazada.vn/products/pdp-i2812001104.html,385.000 ₫,4.0,20 Đã bán
"Camera hành động 4K chụp màn hình SJ4000 Camera hành động quay video thể thao HD chống rung Chống nước 30m, mũ bảo hiểm xe máy và xe đạp",https://www.lazada.vn/products/pdp-i2934181253.html,962.548 ₫,,
"Camera wifi W8 Hồng Ngoại Tầm Nhìn Ban Đêm Mini Mẫu Mới, Camera Gia Đình Không Dây wifi chống trộm W8 FullHD 1080P Xem Từ Xa Trên Điện Thoại, Hồng Ngoại Quay Ban Đêm Phát Hiện Chuyển Động .",https://www.lazada.vn/products/pdp-i2416053198.html,178.200 ₫,5.0,36 Đã bán
"Camera Wifi IMOU A32EP 2K Thu Âm, Báo Động, Đàm Thoại 2 Chiều",https://www.lazada.vn/products/pdp-i1766495221.html,443.000 ₫,4.0,
"CAMERA WIFI YOOSEE NGOÀI TRỜI 2 MẮT KÉP 18 LED, ĐỘ PHÂN GIẢI 2K, BẢO HÀNH 1 NẮM",https://www.lazada.vn/products/pdp-i2534015057.html,276.010 ₫,4.0,
"Camera hai mắt FNKvision 8.0mp Yoosee, camera wifi 360 độ, xem đêm có màu, bảo hành 12 tháng",https://www.lazada.vn/products/pdp-i2700292768.html,258.000 ₫,5.0,Cam Kết Giá Tốt
[Fnkvision] Camera YOOSEE Ngoài Trời 4 mắt (Xoay Được 3 Mắt) 3 Màn Hình Độ Phân Giải 18MP Tích Hợp 56 LED Nét OK,https://www.lazada.vn/products/pdp-i2907609468.html,339.000 ₫,4.0,Cam Kết Giá Tốt
"Camera Fnkvision 4 mắt 3 khung hình độc lập ZOOM 12X Yoosee 18MP siêu nét, giám sát ngoài trời chống nước, xem ban đêm có màu",https://www.lazada.vn/products/pdp-i2861620056.html,338.000 ₫,4.0,Cam Kết Giá Tốt
"Camera Wifi Yoosee 2 mắt Ngoài Trời Xem Cùng lúc 2 khung hình FHD 5.0mpx, xoay 360 độ ban đêm có màu",https://www.lazada.vn/products/pdp-i2314772480.html,543.500 ₫,4.0,Cam Kết Giá Tốt
"Camera WIFI YOOSEE Chui Bóng Đèn FHD, Ban Đêm Có Màu,Đàm Thoại 2 Chiều,Xoay 360 Độ",https://www.lazada.vn/products/pdp-i3089847317.html,167.310 ₫,5.0,125 Đã bán
"Camera wifi Fnkvision 12MP có màu Yoosee 2 mắt, đàm thoại 2 chiều, toàn cảnh 360 độ - phiên bản tiếng việt",https://www.lazada.vn/products/pdp-i2714143075.html,179.000 ₫,4.0,
"Camera Yoosee trong nhà 2 MẮT XEM 2 MÀN HÌNH cùng lúc T2T-8L 8.0MPX xoay 360 độ,xem đêm có màu, Bảo hành 1 năm",https://www.lazada.vn/products/pdp-i2309193770.html,285.756 ₫,4.0,
"Camera Yoosee 3 MẮT ĐỘC LẬP 16MP, NGOÀI TRỜI xoay 3 mắt cùng lúc đa chiều, đầy đủ tính năng",https://www.lazada.vn/products/pdp-i2800259627.html,523.010 ₫,4.0,
"Camera bóng đèn Yoosee 8L, xoay 360 độ, đàm thoại 2 chiều, bảo hành 12 tháng, 1 đổi 1 trong vòng 7 ngày nếu sản phẩm có lỗi",https://www.lazada.vn/products/pdp-i1921241989.html,185.000 ₫,4.0,
"(TẶNG HỘP KT) Camera Yoosee 4 MẮT xEM 3 MÀN HÌNH MÁY BAY ĐỘC LẬP FHD, 3 mắt xoay,đầy đủ tính năng",https://www.lazada.vn/products/pdp-i2960537673.html,536.580 ₫,4.0,119 Đã bán
Camera Yoosee 3 râu FHD 1021 - Hình ảnh sắc nét - Xoay 360 độ - Quay hồng ngoại ban đêm,https://www.lazada.vn/products/pdp-i1413603330.html,174.500 ₫,4.0,
Sjcam C400 4K Hd hành động máy ảnh 2.29 inch quay màn hình điều khiển từ xa kỹ thuật số túi 400 máy ảnh chống rung máy ảnh di động Vlogging hỗ trợ 512Gb,https://www.lazada.vn/products/pdp-i3152135452.html,4.443.630 ₫,,
[Bán Chạy] Camera Wifi TP-Link Tapo C200/ TC71/ C211/ C202/ C212/ C222/ C220/ C230 Smart IR Full HD 2MP/3MP/2K QHD Quay Quét 360 Độ - Hàng Chính Hãng,https://www.lazada.vn/products/pdp-i406612346.html,379.000 ₫,4.0,
Siêu Camera Yoosee PA40L 4 Mắt Kép – Xem 3 Màn Hình – Xoay 360 Độ – Độ Phân Giải Khủng 12.0Mpxa,https://www.lazada.vn/products/pdp-i3100749521.html,573.210 ₫,4.0,196 Đã bán
"Camera WIFI YOOSEE Trong Nhà Không Dây, Thiết Kế Chui Cắm Điện/Chui Bóng Đèn, HD 1080p , Xoay 360 Độ, Hỗ Trợ Hồng Ngoại Ban Đêm Có Màu - BH 1 NĂM",https://www.lazada.vn/products/pdp-i1246410763.html,227.050 ₫,4.0,
Camera tích hợp đầu thu HIKVISION DS-2CD2010F-I camera quan sát ngày đêm 24/24 nhờ hồng ngoại thông minh,https://www.lazada.vn/products/pdp-i2930130463.html,359.200 ₫,4.0,94 Đã bán
"Camera Yoosee PTZ bóng đèn FHD 1080p Rõ nét, Có đèn Led chiếu sáng ban đêm, Xoay 360 độ, Đàm thoại 2 chiều",https://www.lazada.vn/products/pdp-i2036686654.html,229.000 ₫,4.0,
"Camera IMOU 2 Mắt IPC-S2XP-10MP/6MP Góc quan sát toàn diện, XOAY 360°, Phát Hiện Chuyển Động",https://www.lazada.vn/products/pdp-i3013020400.html,790.000 ₫,5.0,5 Đã bán
[Bảo hành 24 tháng] Camera YOOSEE WIFI ngoài trời 4 mắt 3 màn hình tích hợp LED siêu nét - Hàng nhập khẩu,https://www.lazada.vn/products/pdp-i2806084784.html,695.000 ₫,4.0,120 Đã bán
"(TẶNG ĐẾ L)Camera 2 Mắt IMOU 10MP Wifi Ranger Dual,Trong Nhà,CHÍNH HÃNG BẢO HÀNH 24 THÁNG",https://www.lazada.vn/products/pdp-i3089863298.html,789.000 ₫,5.0,57 Đã bán
Camera Không Dây WiFi S900 4K FULLHD 1080P Pin Khủng 24 Tiếng Làm Việc Liên Tục Kết Nối Trực Tiếp Trên Điện Thoại Giám Sát Từ Xa,https://www.lazada.vn/products/pdp-i1710776828.html,1.150.000 ₫,5.0,7 Đã bán
"Ordro New G930 máy ảnh không gương Zoom quang học vlog máy ảnh 5k/30fps,4K/60fps Camera kỹ thuật số cho nhiếp ảnh và video",https://www.lazada.vn/products/pdp-i2874061726.html,7.988.888 ₫,5.0,
Camera HDTVI ColorVu Có Màu Ban Đêm 2MP HIKVISION DS-2CE16D0T-EXLPF,https://www.lazada.vn/products/pdp-i1987776656.html,334.000 ₫,4.0,232 Đã bán
Camera wifi Imou A32EP Ranger 2 3MP hàng chính hãng,https://www.lazada.vn/products/pdp-i1360985921.html,380.000 ₫,5.0,825 Đã bán
Camera Yoosee 3 râu 2.0Mpx - combo kèm thẻ nhớ 64GB - Xoay 360 độ (BH 1 năm),https://www.lazada.vn/products/pdp-i2314552286.html,185.000 ₫,5.0,7 Đã bán
Camera Yoosee PTZ bóng đèn xoay 360 độ - 5.0Mpx FHD1080p hình ảnh chất lượng rõ nét - Ban đêm có màu - báo động chống trộm - Đàm thoại 2 chiều,https://www.lazada.vn/products/pdp-i2234525783.html,209.000 ₫,4.0,
CANON EOS M + LENS EF-M 18-55MM F/3.5-5.6 IS STM,https://www.lazada.vn/products/pdp-i2648316075.html,7.378.000 ₫,3.5,
Camera Yoosee Trong Nhà 2 Mắt Xem 2 Khu Vực-Độ Phân Giải 8MP-Xem Đêm Có Màu-Theo Dõi Chuyển Động,https://www.lazada.vn/products/pdp-i2908460916.html,273.000 ₫,5.0,250 Đã bán
Camera Trong Nhà Baseus Security P1 Series 2K Độ phân giải rõ nét 3K Bảo vệ quyền riêng tư Camera tự động phát hiện người lạ,https://www.lazada.vn/products/pdp-i2730116242.html,259.000 ₫,5.0,213 Đã bán
"Camera wifi Imou A52P 5MP, A32 3MP, C32 3MP hàng chính hãng",https://www.lazada.vn/products/pdp-i1714358038.html,370.000 ₫,4.0,
"Camera Wifi EZVIZ C6N/H6C Pro 3MP/5MP Có Màu, Có Hồng Ngoại ban đêm, Siêu Nét, Xoay 360 Độ - Bảo Hành Chính Hãng 24 Tháng",https://www.lazada.vn/products/pdp-i1949874303.html,439.000 ₫,4.0,316 Đã bán
Bộ Camera Giám Sát 8 Kênh Dahua 5.0MP Có Màu Ban Đêm Đầy Đủ Phụ Kiện Lắp Đặt,https://www.lazada.vn/products/pdp-i2167025652.html,5.990.000 ₫,,
"Camera Kbvision KX-C5012S-A 4in1 (CVI, TVI, AHD, Analog) 5.0MP , CÓ MÍC",https://www.lazada.vn/products/pdp-i3107256430.html,199.000 ₫,,
(Mẫu 2025) Camera YOOSEE WIFI ngoài trời 4 mắt 3 màn hình 32MPX tích hợp LED siêu nét - Hàng nhập khẩu,https://www.lazada.vn/products/pdp-i2311149365.html,599.000 ₫,4.0,890 Đã bán
JTKE Camera IP Mini 1080P Camera Phát Hiện Di Động Quan Sát Ban Đêm Giám Sát Điều Khiển Từ Xa An Ninh WiFi Không Dây,https://www.lazada.vn/products/pdp-i1756615479.html,63.000 ₫,4.0,
"Camera IMOU A32 - Camera An Ninh Xoay 360 Độ, Đàm Thoại 2 Chiều, Hỗ Trợ Thẻ 256GB",https://www.lazada.vn/products/pdp-i3112548553.html,413.080 ₫,5.0,90 Đã bán
"Máy Ảnh Kỹ Thuật Số CCD Hottrend Đa Chức Năng, Vừa Chụp Ảnh Vừa Chơi Game",https://www.lazada.vn/products/pdp-i3094380771.html,305.000 ₫,4.0,18 Đã bán
"Camera hành động DJI Osmo Action 4 máy quay hành trình 4K 120fps, góc siêu rộng, hoạt động tốt nhiệt độ thấp (DJI OA 4)",https://www.lazada.vn/products/pdp-i2648373463.html,5.690.000 ₫,5.0,172 Đã bán
"【🔥HCM/24H】Camera tiến, lắp phía trước xe ô tô, lắp cho màn zin theo xe, độ phân giải 720, góc quan sát 170 độ",https://www.lazada.vn/products/pdp-i2625946089.html,88.308 ₫,4.0,141 Đã bán
"Camera HDTVI thân hồng ngoại 2MP Hikvision DS-2CE16D0T-IT3, XÀI ĐẦU GHI",https://www.lazada.vn/products/pdp-i3126680096.html,249.000 ₫,3.0,18 Đã bán
Camera Yoosee PTZ bóng đèn xoay 360 độ - 5.0Mpx FHD1080p hình ảnh chất lượng rõ nét - Ban đêm có màu - Có đèn Led chiếu sáng - báo động chống trộm - Đàm thoại 2 chiều,https://www.lazada.vn/products/pdp-i2101827618.html,239.000 ₫,4.0,924 Đã bán
Camera Siêu Nhỏ X5 Kết Nối Từ Xa Qua Wifi Quay Ngày/Đêm - Ứng dụng: homeeye,https://www.lazada.vn/products/pdp-i3025543581.html,180.000 ₫,5.0,199 Đã bán
"[VOUCHER 10K CHO ĐƠN 500K] Camera Wifi Yoosee YS2031 3.0MPX không râu ,xoay 360 độ,đàm thoại 2 chiều to rõ,hỗ trợ xem đêm có màu",https://www.lazada.vn/products/pdp-i2395302964.html,191.000 ₫,4.0,
Camera 1080P Camera Giám Sát Xoay 360 Độ A3 Phát Hiện Chuyển Động Pir P Wifi Không Dây Quan Sát Ban Đêm,https://www.lazada.vn/products/pdp-i2624355563.html,210.000 ₫,3.0,12 Đã bán
【E-WOITD】 Elough 2K HD Webcam cho máy tính để bàn máy tính xách tay máy tính mini USB Web Camera với micro Web Cam cho Youtube Skype,https://www.lazada.vn/products/pdp-i3163390911.html,82.592 ₫,5.0,10 Đã bán
"camera imou A52P, A32EP, C22EP chính hãng",https://www.lazada.vn/products/pdp-i1707858534.html,370.000 ₫,4.0,
Camera Wifi Mini A9 Giám Sát An Ninh Không Dây Giám Sát Nhà Thông Minh Máy Quay Từ Xa Hỗ Trợ HD 720P\ X5,https://www.lazada.vn/products/pdp-i2731645009.html,60.555 ₫,4.0,45 Đã bán
E-WOITD Elough 2K HD Webcam cho máy tính để bàn máy tính xách tay máy tính mini USB Web Camera với micro Web Cam cho Youtube Skype,https://www.lazada.vn/products/pdp-i3182243439.html,75.644 ₫,5.0,13 Đã bán
"Camera mini siêu nhỏ giám sát A9 FullHD 1080p IP wifi kết nối với điện thoại, có pin",https://www.lazada.vn/products/pdp-i2370130164.html,113.000 ₫,3.0,
"Camera Wifi Mini W8 Siêu Nhỏ – Ghi Hình Full HD, Kết Nối Điện Thoại Từ Xa, Hỗ Trợ Quan Sát 24/7,camera wifi mini có hồng ngoại kết nối điện thoại-DiamondHX officiaI Mall",https://www.lazada.vn/products/pdp-i3147524280.html,200.000 ₫,5.0,86 Đã bán
"Camera Giám Sát, Camera Mini A9 Kết Nối Wifi Xem Được Từ Xa, Camera WiFi Không Dây kết nối mạng,-Camera IP Kết Nối Internet Sạc Pin Tiện Dụng Hỗ Trợ Độ Phân Giải HD 1080 Lưu Trữ Bằng Thẻ Nhớ, Bảo Hành 12 Tháng",https://www.lazada.vn/products/pdp-i2613654643.html,115.000 ₫,,"6 Đã bán
Hồ Chí Minh"
Camera Thân Mini HD 1080P Di Động Tầm Nhìn Ban Đêm Phát Hiện Chuyển Động Nam Châm Ghi Hình Vòng Lặp Camera Video Nhỏ Gọn Với Góc Rộng,https://www.lazada.vn/products/pdp-i2778158591.html,476.000 ₫,5.0,17 Đã bán
Camera Imou C32EP 3MP DSS góc rộng h265 đàm thoại 2 chiều Hàng chính hãng,https://www.lazada.vn/products/pdp-i1578285109.html,370.000 ₫,4.0,707 Đã bán
Bkw1 Camera giấu kín Nhỏ Nhất Cam WiFi Mini 1080P Ir-Cắt Máy Ảnh Phát hiện chuyển động quan sát ban đêm Cho văn phòng nhà cửa An Ninh Giám Sát,https://www.lazada.vn/products/pdp-i2719702056.html,284.300 ₫,,
"(Gọi Video 2 Chiều Camera Có Màn Hình) Camera Wifi Trong Nhà HD1080P Gọi 1 Nút, Góc Nhìn Rộng IM CAM",https://www.lazada.vn/products/pdp-i3166646637.html,399.000 ₫,,
XIAOMI MIJIA Camera An Ninh Mini 4K Full WiFi Tầm Nhìn Ban Đêm Chống Nước Phát Hiện Chuyển Động Âm Thanh 2 Chiều Giám Sát Màn Hình,https://www.lazada.vn/products/pdp-i3113017051.html,253.500 ₫,3.0,71 Đã bán
"Camera bong đen Wifi, 1080P Full HD, GÓC RỘNG, HỒNG NGOẠI",https://www.lazada.vn/products/pdp-i3177908566.html,259.000 ₫,,
"CAMERA WIFI V380 PRO W11 MINI PRO KẾT NỐI CỔNG USB, Tầm Nhìn Ban Đêm, tích hợp wifi, thẻ nhớ,ap. BH uy tín.",https://www.lazada.vn/products/pdp-i3057984587.html,320.000 ₫,4.0,126 Đã bán
Máy Ảnh Digital Canon Powershot A3400 IS,https://www.lazada.vn/products/pdp-i3224649213.html,4.956.000 ₫,,
Máy ảnh Sony Nex 5 kèm ống kính 18-55,https://www.lazada.vn/products/pdp-i1607357521.html,5.590.000 ₫,5.0,15 Đã bán
"Camera Ip Yoosee Ống kính kép, 2K, 8MP, Xoay 360 độ, Tầm nhìn ban đêm hồng ngoại, Theo dõi chuyển động AI",https://www.lazada.vn/products/pdp-i2311690241.html,369.000 ₫,4.0,
"Camera IMOU A52P 5.0MP hoặc A32EP 3.0MP, Fullbox nguyên seal",https://www.lazada.vn/products/pdp-i1237225417.html,409.000 ₫,4.0,
"Camera Giám Sát Xiao.mi YI Home 1080p – Full HD, Quan Sát Ban Đêm, Phát Hiện Chuyển Động",https://www.lazada.vn/products/pdp-i3195518350.html,285.000 ₫,,
camera trong nhà imou,https://www.lazada.vn/products/pdp-i2058122851.html,495.000 ₫,,
Camera chống trộm Tuya Smart Life Wifi IP Xem Đêm Có xoay 360 độ phân giải 1080P FULL HD 2.0MPX,https://www.lazada.vn/products/pdp-i2299911539.html,161.100 ₫,4.0,
"CAMERA HIEASY 4 ỐNG KÍNH ĐỘC LẬP XEM 4 MÀN HÌNH CÙNG LÚC - BÁO ĐỘNG BẰNG ĐÈN VÀ CÒI, BẢO HÀNH 1 NĂM",https://www.lazada.vn/products/pdp-i3175303099.html,699.000 ₫,5.0,5 Đã bán
"(Camera Siêu Nhỏ)LazMall Camera Mini Xiaomi ,Camera Mini Wifi Không Dây A9 1080 FULL HD 4K ,Hồng Ngoại Quay Ban Đêm, Tính Năng Chống Trộm Coi Trực Tiếp -Coi Lại Theo Dõi Từ Xa ,Hình Ảnh Chuyển Động Thông Minh ,Máy Quay An Ninh Gia Đình Xem Trên Điện Thoại",https://www.lazada.vn/products/pdp-i2664151568.html,151.000 ₫,4.0,428 Đã bán
"Camera Ezviz C1C Hoặc H1C chính hãng Ezviz Việt Nam, nguyên seal Fullbox",https://www.lazada.vn/products/pdp-i1359766656.html,399.000 ₫,4.0,
"Camera Wifi Mini W10 ( 1080P ) Camera Siêu Nhỏ Kết Nối Điện Thoại, Camera Giám Sát An Ninh Wifi, Tầm Nhìn Ban Đêm Siêu Nét, Dễ Dàng Lắp Đặt, Sử Dụng Đơn Giản.",https://www.lazada.vn/products/pdp-i3151242621.html,167.544 ₫,4.0,38 Đã bán
"Camera Wifi Không Dây Đàm Thoại 2 Chiều, Camera Wifi IP V380 Pro Giám Sát Xoay 360 Độ Phát Hiện Chuyển Động, Camera Mini Quan Sát Ban Đêm Bằng Tia Hồng Ngoại",https://www.lazada.vn/products/pdp-i1906988663.html,219.000 ₫,4.0,41 Đã bán
Camera gián điệp mini DIY 4K - 1080P Ẩn HD không dây Đầu ghi video bảo mật Tiny DV Camera phát hiện chuyển động Tầm nhìn ban đêm Bảo mẫu Cam trong nhà,https://www.lazada.vn/products/pdp-i2693505492.html,490.000 ₫,4.0,5 Đã bán
[VOUCHER 10K CHO ĐƠN 500K] Camera Yoosee 2 Mắt Q836 - chuẩn 4K siêu nét - xem đêm có màu - xoay 360 độ,https://www.lazada.vn/products/pdp-i2617177229.html,363.000 ₫,4.0,85 Đã bán
Camera Imou S41FP 4MP xoay 360,https://www.lazada.vn/products/pdp-i2000931898.html,1.100.000 ₫,,
Camera IP WIFI EZVIZ C6N 3.0MP Pro Color 2K - Xoay 360 Độ Thông Minh + Đàm Thoại 2 Chiều + Theo Dõi Chuyển Động - Bản Nâng Cấp CS-C6N 2MP - EZVIZ Mall,https://www.lazada.vn/products/pdp-i1279258678.html,466.000 ₫,5.0,Cam Kết Giá Tốt
Camera wifi 2.0MP FULL COLOR quay đêm có màu thông minh,https://www.lazada.vn/products/pdp-i2474993328.html,1.600.000 ₫,,
Camera Srihome wifi màn hình gọi video đàm thoại 2 chiều có màu ban đêm,https://www.lazada.vn/products/pdp-i2744565822.html,439.000 ₫,5.0,
Camera IP WIFI PTZ 1080P Điều Khiển Ứng Dụng Độ Phân Giải Cao Giám Sát Camera Quan Sát Chống Nước Không Dây Với Zoom 4X Tầm Nhìn Ban Đêm Đủ Màu Âm Thanh H.264,https://www.lazada.vn/products/pdp-i3185019712.html,111.150 ₫,3.0,21 Đã bán
"App Tuya Smart Life Camera IP wifi giám sát Tuya,1080P FHD,Báo động chống trọm, Tầm nhìn góc rộng 360 độ,Chia xẻ đòng thời",https://www.lazada.vn/products/pdp-i2348110839.html,165.600 ₫,5.0,26 Đã bán
"( Siêu Hót ) Mua Camera Mini Wifi- Camera WiFi V380 W11 Mẫu Mới, Camera không dây Nhỏ Gọn - Siêu Nét Chuẩn Video 4K FullHd 1080p - Kết Nối Trục Tiếp Điện Thoại Xem Từ Xa -Tầm Nhìn Ban Đêm.",https://www.lazada.vn/products/pdp-i3016868495.html,316.800 ₫,4.0,59 Đã bán
"Camera Wifi Không Dây V380 dùng pin , Camera Giám Sát Chống Trộm Độ Phân Giải 1080full HD, Kết Nối App Xem Từ Xa Camera Wifi 1080P HD Camera An Ninh Không Dây",https://www.lazada.vn/products/pdp-i2468158868.html,299.000 ₫,4.0,155 Đã bán
"【New】Camera Yoosee 2 mắt kết nối bằng đui đèn E27 Fnkvision 12 MP , không cần đi dây, quan sát từ xa qua điện thoại",https://www.lazada.vn/products/pdp-i2720668494.html,259.000 ₫,5.0,270 Đã bán
"LazMall Best Sale Camera Mini Chính Hãng Camera Ẩn Mini Siêu Nhỏ Camera Wifi Mini Siêu Nhỏ A9 Camera Wifi Mini Không Dây Hot Nhất Hiện Nay Camera Quay An Ninh Kết Nối Wifi 1080P HD IP Hỗ Trợ Tầm Nhìn Ban Đêm, Có App Xem Từ Xa HOT",https://www.lazada.vn/products/pdp-i2658830723.html,125.993 ₫,4.0,90 Đã bán
"New LazMall Camera Mini Siêu Nhỏ Smart Life Made X5 Giám Sát Từ Xa Qua WiFi Full HD Kích Thước Nhỏ Mini Siêu Nhỏ Góc Rộng 160 Độ, Ghi Âm Báo Động, Camera Không Dây, An Ninh, Kết Nối Wifi Qua Điện Thoại.",https://www.lazada.vn/products/pdp-i3175836741.html,234.090 ₫,4.0,49 Đã bán
APP Tuya Smart WiFi IP Camera thông minh đàm thoại hai chiều CCTV Camera 1080P HD 2MP,https://www.lazada.vn/products/pdp-i2299992320.html,158.535 ₫,4.0,338 Đã bán
"Camera Siêu Nhỏ Không Dây,Quay Mọi Nơi Tiện Lơi - Camera Kẹp Áo Kết Hợp Ghi Âm Hành Trình 1080",https://www.lazada.vn/products/pdp-i3112928563.html,150.000 ₫,4.0,59 Đã bán
"Camera Imou A32EP + C6N + A3W + H3AE - 3MP (Ranger 2 | Có micro, có loa, có LAN, đàm thoại 2 chiều, có sẵn chân đế lắp)",https://www.lazada.vn/products/pdp-i3186365151.html,259.000 ₫,,
15MP năng lượng mặt trời Máy ảnh 4G Sim an ninh ngoài trời ống kính kép 10x Zoom ghi âm hình người theo dõi màu sắc nhìn trong đêm PTZ cam 3 Ống kính 3 hình ảnh màn hình,https://www.lazada.vn/products/pdp-i2362438926.html,1.700.000 ₫,5.0,8 Đã bán
Camera Viettel AI HC33 CHÍNH HÃNG- Độ phân giải 2K,https://www.lazada.vn/products/pdp-i2550646308.html,990.000 ₫,5.0,6 Đã bán
Camera Wifi IMOU 2 MẮT 10MP Trong Nhà S2XP-Ngoài Trời S7XP Xoay 360-Có Chế Độ Nhìn Đêm-Bảo hành 24 Tháng,https://www.lazada.vn/products/pdp-i2943981831.html,800.000 ₫,5.0,69 Đã bán
Bộ Camera Quan Sát 4 Mắt Hikvision 2.0MP Full HD - Bộ Camera Giám Sát Hikvision,https://www.lazada.vn/products/pdp-i471946948.html,2.290.000 ₫,4.0,151 Đã bán
(CAMERA) Mi Wireless Outdoor Security Camera 1080p,https://www.lazada.vn/products/pdp-i2419505112.html,450.000 ₫,4.0,30 Đã bán
Camera Viettel CHÍNH HÃNG HC24,https://www.lazada.vn/products/pdp-i2550624351.html,680.000 ₫,5.0,21 Đã bán
JIALEMEIJIA | Camera Thông Minh 1080P,https://www.lazada.vn/products/pdp-i3219199777.html,1.036.000 ₫,,
"Camera IP WIfi IMOU IPC-A32EP 3MP 2K, Đàm Thoại 2 Chiều, Theo Dõi Thông Minh",https://www.lazada.vn/products/pdp-i2585920227.html,432.000 ₫,5.0,525 Đã bán
Camera WIFI EZVIZ C6N PRO 2K 3MP | C6N G1 5MP - Xoay 360 Thông Minh + Đàm Thoại 2 Chiều + Quay Theo Chuyển Động - C6N G1 8MP (Bản Nâng Cấp New),https://www.lazada.vn/products/pdp-i337146881.html,454.410 ₫,4.0,
Camera IP Wifi EZVIZ CS-C6N Pro 2K 3MP,https://www.lazada.vn/products/pdp-i3152490924.html,445.000 ₫,,
"Camera WiFi Tenda Ngoài Trời RH3/RH7 Full HD 3MP/5MP/2K, Quay Quét 360 Độ, Tích Hợp Công Nghệ AI",https://www.lazada.vn/products/pdp-i2306598430.html,799.000 ₫,4.0,230 Đã bán
Camera YOOSEE 2 Mắt Q42 Mới 2025 PRO 15.0Mpx Xoay 360 Độ- Xem 2 Vị Trí Trên 1 Camera- Đàm Thoại 2 Chiều,https://www.lazada.vn/products/pdp-i2908715258.html,395.010 ₫,5.0,
"Camera Hành Trình Q5 3 Camera Kép , Độ Phân Giải Fhd1080p ,Có 3 Camera Trước ,Trong Và Sau , 3 Camera Kép, Lưu Trữ 2 Camera Hoạt Động Cùng Lúc, Màn Hình Ips 3 Inch, Tầm Nhìn Ban Đêm Rõ Nét - Cảm Biến Trọng Lực Giám Sát Đỗ Xe Tự Động",https://www.lazada.vn/products/pdp-i2525379188.html,365.484 ₫,4.0,458 Đã bán
Camera IP Không Dây Camera Quan Sát Wifi An Ninh Bảo Vệ Máy Quay Giám Sát Thông Minh Tự Động Theo Dõi Trẻ Em,https://www.lazada.vn/products/pdp-i2907244642.html,174.800 ₫,,
"Camera mini 1080 Full HD sắc nét, máy quay phim không dây quay mọi nơi không cần wifi, camera nhỏ bỏ túi kẹp áo pin lâu",https://www.lazada.vn/products/pdp-i3090116189.html,251.000 ₫,5.0,6 Đã bán
Camera Srihome SH034 Pro - Gắn tường Nhà Quay Toàn Cảnh 360 độ Full HD Kết Nối WiFi Không Dây 1440P,https://www.lazada.vn/products/pdp-i2480837768.html,471.000 ₫,5.0,9 Đã bán
Camera Giám Sát Không Dây WiFi 360° Toàn Cảnh,https://www.lazada.vn/products/pdp-i3194184732.html,353.000 ₫,,
"JOOAN Mini Camera Wifi giám sát ngoài trời chống nước IP66, quan sát thông minh, đàm thoại 2 chiều",https://www.lazada.vn/products/pdp-i3215362555.html,175.695 ₫,,
"SQ11 Camera Mini HD, Camera An Ninh Gia Đình 1080P Không Dây Tầm Nhìn Ban Đêm Máy Quay Video Thể Thao,camera siêu nhỏ,Máy Quay Phim Mini , Máy Quay Phim Siêu Nhỏ Nhìn Đêm Với Cảm Biến Nhỏ DVR DV",https://www.lazada.vn/products/pdp-i2119642409.html,99.000 ₫,5.0,
"Camera Máy Tính JTKE USB 2.0 Kỹ Thuật Số HD, Webcam 30.0 Mega Pixels 6 Đèn LED Có Micrô Cho Skype Cho PC, Laptop",https://www.lazada.vn/products/pdp-i744532229.html,106.000 ₫,4.0,113 Đã bán
"Camera siêu nhỏ thế hệ mới full HD 1080P-Camera mini wifi A9 kết nối điện thoại giá rẻ xem qua 3g,4g,5g-Camera wifi mini không dây tiện lợi Cho Gia Đình",https://www.lazada.vn/products/pdp-i3166493273.html,159.000 ₫,5.0,
"Camera IP Wifi 4 mắt Yoosee 6K 20MP WiFi IP 20X Zoom 4 Ống Kính Xoay Độc Lập 3 Màn Hình Ngoài Trời PTZ Tự Động Theo Dõi Chống Trộm Camera Wifi Giám Sát Trong Nhà Ngoài Trời Xoay 360 Độ Góc Rộng Siêu Nét , Xem Đêm Có Màu, Hỗ Trợ Đàm Thoại 2 Chiều – BH 12T",https://www.lazada.vn/products/pdp-i2416784016.html,839.000 ₫,4.0,402 Đã bán
Camera Wifi Ezviz C1C-B 2MP cố định đàm thoại 2 chiều chính hãng,https://www.lazada.vn/products/pdp-i1361080183.html,410.000 ₫,5.0,547 Đã bán
[HCM]Camera Yi Home Full HD 1080p Tích Hợp AI Bản Quốc Tế,https://www.lazada.vn/products/pdp-i1265714692.html,279.000 ₫,4.0,96 Đã bán
"Camera Hành Trình Q5 3 Camera Kép , Độ Phân Giải Fhd1080p ,Có 3 Camera Trước ,Trong Và Sau , 3 Camera Kép, Lưu Trữ 2 Camera Hoạt Động Cùng Lúc, Màn Hình Ips 3 Inch, Tầm Nhìn Ban Đêm Rõ Nét - Cảm Biến Trọng Lực Giám Sát Đỗ Xe Tự Động",https://www.lazada.vn/products/pdp-i2662349265.html,365.600 ₫,5.0,12 Đã bán
"Camera Carecam 2 Mắt 5.0MP Hoặc 1 Mắt 3.0MP, Lắp Trong Nhà, Đàm thoại 2 chiều, báo động chống trộm, app CARECAM PRO",https://www.lazada.vn/products/pdp-i3031214894.html,265.000 ₫,5.0,11 Đã bán
"Camera yoosee wifi ngoài trời F50JD 4 mắt xem 3 màn hình 18.0 mpx, 3 mắt xoay 360 độ, đàm thoại 2 chiều, xem đêm có màu",https://www.lazada.vn/products/pdp-i2895062184.html,537.902 ₫,5.0,189 Đã bán
NIOYE | Camera Giám Sát Không Dây Từ Tính HD Quan Sát Đêm WiFi,https://www.lazada.vn/products/pdp-i3214515360.html,256.000 ₫,4.0,
Camera Yoosee 3 mắt kép độc lập - bản pro nâng cấp - tích hợp đèn trợ sáng - bảo hành 1 năm,https://www.lazada.vn/products/pdp-i3070365436.html,608.722 ₫,4.0,101 Đã bán
"Camera Không Dây Mini, Camera Mini Máy Quay Phim Mini X5, Camera Mini Wifi. Camera Không Dây, Camera Theo Dõi Giám Sát Từ Xa Điện Thoại Di Động Độ Phân Giải Sắc Nét 1080P (Full-HD).",https://www.lazada.vn/products/pdp-i2437159396.html,224.640 ₫,4.0,147 Đã bán
Camera IP Wifi Trong Nhà IMOU C22SP 1080P Full HD,https://www.lazada.vn/products/pdp-i1778581175.html,413.000 ₫,4.0,458 Đã bán
Camera Ngoài Trời Wifi 2 Mắt YOOSEE G36 12Mpx Xoay 360 Độ- Đàm Thoại 2 Chiều Ban Đêm Có Màu,https://www.lazada.vn/products/pdp-i2908742017.html,434.610 ₫,4.0,264 Đã bán
"App Tuya Smart Camera Giám Sát FOFU 3MP IP WIFI FOFU đa năng, độ phân giải 3 MegaPixel quản lý bằng Cloud. BH 24 tháng Smart Life",https://www.lazada.vn/products/pdp-i2326685136.html,171.285 ₫,4.0,573 Đã bán
"( BẢN PLUSS 2023 ) Camera Siêu Nhỏ , Camera Mini Không Dây , Full HD Sắc Nét Mua Camera Siêu Nhỏ Kết Nối Điện Thoại Hỗ Trợ Âm Thanh Giám Sát An Ninh Gia Đình. (CUBIN STORE)",https://www.lazada.vn/products/pdp-i2242924432.html,150.000 ₫,4.0,476 Đã bán
"( SALE 50% TOÀN BỘ SP ) LazMall Ẩn Bí Mật Camera X5 Mini 1080P Full-HD Tầm Nhìn Ban Đêm, Nhẹ, Không Dây, Giám Sát, Phát Hiện Chuyển Động, Cầm Tay, Chất Lượng Cao Cấp - NEW X5 Mini Camera WIFI",https://www.lazada.vn/products/pdp-i3219271400.html,201.600 ₫,5.0,24 Đã bán
"Máy Ảnh CCD 512 Gb, Máy Ảnh Kỹ Thuật Số Hotrend Vừa Chụp Ảnh Vừa Chơi Game Đầy Đủ Phụ Kiện",https://www.lazada.vn/products/pdp-i3098468943.html,305.000 ₫,,
"(Tặng Chân Đế) Camera Imou Trong Nhà A32EP 3MP & A52P 5MP - Xoay 360 Độ, Đàm Thoại 2 Chiều, Phát Hiện Con Người (Bản Nâng Cấp A22EP 2MP Và A42P 5MP)",https://www.lazada.vn/products/pdp-i2009350426.html,471.000 ₫,5.0,
Camera IMOU Ranger Mini 3MP 5MP chính hãng bảo hành 2 năm,https://www.lazada.vn/products/pdp-i1823615980.html,440.000 ₫,4.0,85 Đã bán
"Camera Lùi CCD 12 Đèn Led Góc Quay 170 độ, Độ Phân Giải 720P Dùng Cho Màn Hình DVD,LCD,Android",https://www.lazada.vn/products/pdp-i332348758.html,99.000 ₫,4.0,381 Đã bán
"Camera Yi 1080P Quốc Tế – Camera IP Wifi thông minh, quan sát an ninh gia đình ngày đêm",https://www.lazada.vn/products/pdp-i3172794434.html,249.000 ₫,5.0,
Trọn Bộ Camera 4 Mắt Hikvision 2.0MP Full HD - Bộ 4 Camera Hikvision,https://www.lazada.vn/products/pdp-i460976019.html,1.660.000 ₫,4.0,
"Camera giám sát từ xa không dây, camera vuông, camera tầm nhìn ban đêm HD/1080P.HD - PBS SHOP",https://www.lazada.vn/products/pdp-i2181585957.html,98.650 ₫,4.0,5 Đã bán
"Camera IP thế hệ mới đàm thoại 2 chiều, siêu nét Camera giám sát 3 triệu bóng đèn WiFi HD Đui Bóng Đèn, Xoay 360",https://www.lazada.vn/products/pdp-i3062189310.html,95.000 ₫,,"6 Đã bán
Hà Nội"
"(Lỗi 1 đổi 1) Camera YOOSEE ngoài trời 4 mắt (xoay được 3 mắt), 3 màn hình độ phân giải 18MPX tích hợp 46 LED siêu nét có tiếng việt",https://www.lazada.vn/products/pdp-i2895782203.html,620.000 ₫,5.0,57 Đã bán
"Camera Wifi Ezviz PTZ Ngoài Trời Ezviz H8 Pro 5M 3K,C8PF,H8C,C8W,C8C,,xoay 360 độ,tích hợp AIchính hãng-Kho camera",https://www.lazada.vn/products/pdp-i3155418562.html,842.000 ₫,,
"Camera YOOSEE chống nước thế hệ mới Q22S, siêu sắc nét gốc rộng, BH 1 đổi 1",https://www.lazada.vn/products/pdp-i2474341671.html,365.000 ₫,5.0,37 Đã bán
Camera cũ.Camera analog Kbvision thân 1.0mp/2.0mp cũ dùng cho đầu ghi analog.,https://www.lazada.vn/products/pdp-i3188863751.html,200.000 ₫,5.0,
Tuya Smart Life Camera IP 1080P WiFi Chính Hãng HD 2MP quản lý bằng Cloud. BH 24 tháng,https://www.lazada.vn/products/pdp-i2299976055.html,177.840 ₫,4.0,196 Đã bán
Camera giám sát kết nối wifi - Camera mini xem qua mạng,https://www.lazada.vn/products/pdp-i2631610897.html,99.000 ₫,,
Wifi Camera Ip Ngoài Trời Tự Động Theo Dõi Ptz Phát Hiện Người Camera Quan Sát Không Dây Giám Sát An Ninh Gia Đình,https://www.lazada.vn/products/pdp-i2907448661.html,171.000 ₫,4.0,30 Đã bán
"Camera Wifi Ezviz H3C 3MP , C3WN 2MP , H3C 2MP, H3C 2MP Color",https://www.lazada.vn/products/pdp-i1703219920.html,690.000 ₫,5.0,278 Đã bán
HENYOU | Camera Giám Sát Ngoài Trời 4G WiFi Năng Lượng Mặt Trời HD Quan Sát Đêm 360° Có Intercom và Báo Động,https://www.lazada.vn/products/pdp-i3198562422.html,668.000 ₫,4.0,
Camera Imou trong nhà Ranger Mini 3MP 5MP xoay 360 độ đàm thoại 2 chiều,https://www.lazada.vn/products/pdp-i3093309291.html,470.000 ₫,,
Camera Wifi iMOU Cruiser Dual 10MP IPC-S7XP-10M0WED Xoay 360 Ngoài Trời,https://www.lazada.vn/products/pdp-i2608085938.html,1.365.000 ₫,4.0,173 Đã bán
Camera Laptop Sony SVF152A29W,https://www.lazada.vn/products/pdp-i2768301943.html,70.000 ₫,,
"Camera YOOSEE Ngoài Trời 4 mắt 18Mpx (Xoay Được 3 Mắt) 3 Màn Hình,Tích Hợp 46 LED Đàm Thoại,Báo Động",https://www.lazada.vn/products/pdp-i3085789072.html,599.000 ₫,4.0,91 Đã bán
UGREEN có đèn chiếu sáng phụ USB Camera with Fill Light 2K 30fps fixed focus Includes 1.5m cable,https://www.lazada.vn/products/pdp-i3198992634.html,1.378.400 ₫,,
"Camera IP, POE HIKVISION , XÀI ĐẦU GHI, cắm là lên thanh lý giá mềm",https://www.lazada.vn/products/pdp-i3061498725.html,349.000 ₫,,
"Camera WiFi Trong Nhà IMOU A32EP/A52P 3MP/5MP 3K Siêu Nét, Xoay 360 Độ - Hàng Chính Hãng, Bảo Hành 24 Tháng.",https://www.lazada.vn/products/pdp-i2264355217.html,415.000 ₫,5.0,165 Đã bán
"Camera thông minh trong nhà Ezviz C6N G1 4K 8MP Xoay 360 độ, Hỗ trợ đàm thoại 2 chiều",https://www.lazada.vn/products/pdp-i3170391977.html,775.000 ₫,5.0,5 Đã bán
"Camera Siêu Nhỏ Không Dây bản Plus 2023 - Camera hồng ngoại giám sát, có thể nhìn ban đêm rõ nét..Mua Camera Kết Nối Điện Thoại Hỗ Trợ Âm Thanh Giám Sát An Ninh Gia Đình.",https://www.lazada.vn/products/pdp-i2245768527.html,179.000 ₫,4.0,92 Đã bán
CAMERA YOOSEE F50JD - 3 MẮT XOAY 3 MÀN HÌNH - FHD - NGOÀI TRỜI CHỐNG NƯỚC XOAY - CÓ ĐÈN BÁO ĐỘNG ĐỎ,https://www.lazada.vn/products/pdp-i2864319156.html,586.228 ₫,4.0,36 Đã bán
"Bí Mật Made Nhật Bản LazMall W8 Camera Siêu Nhỏ Camera Mini WiFi W8 Đầu Ghi Hình Không Dây Trong Nhà Ngoài Trời Bảo Vệ An Ninh Giám Sát Nhà, Dễ Dàng Lắp Đặt",https://www.lazada.vn/products/pdp-i3170133253.html,240.000 ₫,5.0,27 Đã bán
"Camera yoosee ngoài trời 2 mắt, siêu chống nước, chất lượng 4K, đàm thoại 2 chiều. (BH 1 đổi 1)",https://www.lazada.vn/products/pdp-i2472273448.html,359.000 ₫,5.0,12 Đã bán
Camera IMOU C22EP 2M 1080p - Đàm Thoại 2 Chiều- Báo Động Chống Trộm- Góc Rộng 2.8mm Wifi Trong Nhà Chính Hãng,https://www.lazada.vn/products/pdp-i2065073045.html,399.000 ₫,5.0,54 Đã bán
DOSEN Camera Wifi V380 pro 4MP V86 4G I Đàm thoại 2 chiều I Phát hiện con người I Xoay toàn cảnh 360 Trong nhà và ngoài trời kính kép HD 1080P Máy ảnh,https://www.lazada.vn/products/pdp-i2579894897.html,691.812 ₫,5.0,
Camera Wifi ngoài trời 2 mắt Imou Cruiser Dual I 6MP/10MP I IPC-S7XP-10M0WED I Xoay 360° | Phát hiện con người | Còi hú,https://www.lazada.vn/products/pdp-i3165747917.html,1.140.000 ₫,,
Camera IP WIfi IMOU Ranger Mini 3MP IPC-K2MP-3H0WE,https://www.lazada.vn/products/pdp-i2920545438.html,498.000 ₫,4.0,68 Đã bán
"Camera IP Wifi IMOU Ranger2/A2 3MP-2K Mã mới full tính năng: Xoay 360 Độ, Đàm thoại 2 chiều, Cảnh báo chuyển động, Cùi hụ...",https://www.lazada.vn/products/pdp-i2406581917.html,383.000 ₫,,
"Camera Yoosee - Camera Wifi YOOSEE HK211 (1080P) Bóng Đèn , Camera Kết Nối Wifi Không Dây. Camera An Ninh Không Dây , Camera Ip Wifi Dùng Cho Gia Đình Ban Đêm Có Màu , Tích Hợp Chuôi Bóng Đèn Dễ Dàng Trong Việc Lắp Đặt . Bh 12 Tháng.",https://www.lazada.vn/products/pdp-i2513488398.html,270.000 ₫,5.0,67 Đã bán
"FULL HD LazMall Camera Hành Trình 2.0 FULL HD 1080P Cam A9 Camera Cho Xe Máy Phượt, Góc Rộng 170 Độ, Chống Nước. Camera Hành Trình Thể Thao Full 1080HD Camera Sport A9 Chính Hãng",https://www.lazada.vn/products/pdp-i3182384210.html,303.667 ₫,5.0,32 Đã bán
"( SALE 50% ) Camera Mini W8 Không Dây , Mua Camera Sieu Nhỏ Kết Nối Điện Thoại Hỗ Trợ Âm Thanh Giám Sát An Ninh. Phiên Bản Ban Đêm Ngoài Trời Camera IP HD Không Dây Máy Quay Mini",https://www.lazada.vn/products/pdp-i2422331144.html,162.000 ₫,4.0,37 Đã bán
Camera mini X5 Wifi 1080P HD - Thiết kế siêu nhỏ gọn - Quay ban đêm siêu nét - Dung lượng,https://www.lazada.vn/products/pdp-i2736940963.html,163.647 ₫,4.0,53 Đã bán
"Camera Wifi Trong Nhà CareCam pro 2 Mắt 5.0MP Hoặc 1 Mắt 5.0MP, có màu bạn đêm, chạy app CarecamPro",https://www.lazada.vn/products/pdp-i1241379188.html,269.000 ₫,4.0,217 Đã bán
"Camera WI-FI EZVIZ H1C 1080p, Trong Nhà, Đàm Thoại 2 Chiều, Phát Hiện Chuyển Động",https://www.lazada.vn/products/pdp-i3030647607.html,425.000 ₫,5.0,53 Đã bán
Camera Quan Sát Ban Đêm IR An Ninh Chống Nước Ngoài Trời 24LED 1200TVL 3.6Mm,https://www.lazada.vn/products/pdp-i1085030532.html,248.941 ₫,4.0,196 Đã bán
"Webcam Full Hd 1080P 4K Usb Web Camera Pc Có Micro Tích Hợp Cho Máy Tính, Lap top-W10",https://www.lazada.vn/products/pdp-i2263387965.html,182.000 ₫,4.0,94 Đã bán
"FOFU Camera wifi không dây xoay 360, Kép Hai Mắt Không Góc Chết Full HD 4MP,tầm nhìn ban đêm iCam365 Xem trước màn hình ống kính kép độ không",https://www.lazada.vn/products/pdp-i2542677616.html,324.000 ₫,4.0,177 Đã bán
"Camera Wifi YOOSEE/IMCAM Gọi Video Màn Hình IPS 1.7inch - Camera 2 Mắt Xem 2 Màn Hình Cùng Lúc Xoay 360 Độ, Xem Đêm Có Màu, Theo Dõi Chuyển Đổi Thông Minh",https://www.lazada.vn/products/pdp-i2623518411.html,359.000 ₫,4.0,35 Đã bán
Camera EZVIZ CS C6C 1080P 2MP Tặng Thẻ 64G - Hàng Chính Hãng BH 24 tháng,https://www.lazada.vn/products/pdp-i2090704433.html,499.000 ₫,1.0,
Camera laptop hp 14-n002tu zin tháo máy,https://www.lazada.vn/products/pdp-i2151797348.html,150.000 ₫,,
Camera Wife Không Dây Mini A9 Cấu hình Sắc Nét Ban Đêm Có Khe Cắm USB Xoay 360 Độ Đảm Bảo An Ninh camara quay lén mini camera ip kết nối internet cammera mini giấu kín camera wifi camera mini camera360 trong nhà cameramini nguỵ trang cameramini quay lén c,https://www.lazada.vn/products/pdp-i2422361230.html,95.000 ₫,3.0,14 Đã bán
Camera laptop Sony model sve141j11w webcam,https://www.lazada.vn/products/pdp-i1858397258.html,180.000 ₫,,
Camera Laptop Dell Latitude E5250 E5450 E7250 E5470 E7470,https://www.lazada.vn/products/pdp-i3090094652.html,90.000 ₫,,
Camera laptop dell e7240 tháo máy,https://www.lazada.vn/products/pdp-i2576293530.html,120.000 ₫,,
"Camera 3 Mắt/2 Mắt IMOU 11Mpx/10Mpx/6Mpx Xem 2-3 Hướng, Đàm Thoại 2 Chiều, Xoay 360 Độ, Ban Đêm Có Màu, trong nhà ngoài trời",https://www.lazada.vn/products/pdp-i3085513811.html,1.049.000 ₫,5.0,8 Đã bán
"Camera Wifi IMOU 3 Mắt Cruiser Trip S7UP-11M0WED 11MP Full Color,Còi Đèn Báo Xanh Đỏ HÀNG CHÍNH HÃNG",https://www.lazada.vn/products/pdp-i3102560870.html,1.404.810 ₫,5.0,9 Đã bán
"FOFU Camera wifi không dây xoay 360, Kép Hai Mắt Không Góc Chết Full HD 4MP,tầm nhìn ban đêm iCam365",https://www.lazada.vn/products/pdp-i2542689753.html,323.280 ₫,,
"(Tặng Hộp Box KT) Camera 2 Mắt Ngoài Trời IMOU CRUISER DUAL IPC-S7XEP-6M0WED 6MP & S7XEP-10M0WED 10MP (5MP + 5MP) - Xoay, Đàm Thoại, Ống Kính Kép",https://www.lazada.vn/products/pdp-i2861527473.html,1.355.310 ₫,4.0,118 Đã bán
Camera Wifi IMOU A32ep 3.0mpx FHD Quay Quét Đàm Thoại 2 Chiều,https://www.lazada.vn/products/pdp-i2231967538.html,389.000 ₫,4.0,9 Đã bán
"Camera 2 Mắt IMOU 10Mpx/6Mpx Xem 2 Hướng, Đàm Thoại 2 Chiều, Xoay 360 Độ, Ban Đêm Có Màu, trong nhà ngoài trời",https://www.lazada.vn/products/pdp-i2908714244.html,850.410 ₫,4.0,285 Đã bán
Camera Giám Sát YCC365 WiFi Thông Minh IP Camera 2MP HD Hai Chiều Có Chế Độ Tự Động Theo Dõi Ban Đêm,https://www.lazada.vn/products/pdp-i3005968778.html,200.000 ₫,,
Camera IP WiFi Mini A9 Camera Giám Sát Nhìn Đêm Hồng Ngoại Cảm Biến Chuyển Động 1080P HD Máy Quay DVR Thể Thao DV Trực Tiếp,https://www.lazada.vn/products/pdp-i1743879732.html,101.398 ₫,5.0,11 Đã bán
"Camera hành trình 5k, Cam hành trình chống rung, Chống nước, Camera đi phượt gắn trên xe máy, Ô tô, Mũ bảo hiểm",https://www.lazada.vn/products/pdp-i3021340843.html,1.209.000 ₫,5.0,
Năng lượng mặt trời Máy ảnh giả An ninh mô phỏng không thấm nước Camera đèn LED màn hình camera giám sát,https://www.lazada.vn/products/pdp-i2620865870.html,127.528 ₫,,
OBSBOT WebCam Theo Dõi Obsbot Me - Tự Động Lấy Nét AI - Điều Khiển Bằng Cử Chỉ - Camera Góc Rộng - Hàng Chính Hãng Obsbot,https://www.lazada.vn/products/pdp-i2119838447.html,4.000.000 ₫,,
"Camera xài đầu ghi, Analog HIK DS-2CE17D0T-LFS 2MP Smart Hybrid Light Audio Fixed NEW 99%",https://www.lazada.vn/products/pdp-i3111159565.html,179.000 ₫,,"5 Đã bán
Hồ Chí Minh"
Camera IP Wifi EZVIZ CS-H1C 2MP,https://www.lazada.vn/products/pdp-i3152500649.html,422.000 ₫,,
"Camera Wifi Ngoài Trời EZVIZ H3C 2MP Lite 1080P Full HD - Hàng Chính Hãng Bảo, Hành 24 Tháng",https://www.lazada.vn/products/pdp-i2059245933.html,579.000 ₫,5.0,22 Đã bán
"Camera Ngoài Trời YOOSEE 3 MẮT ZOOM 16X | Model 2024 | kèm thẻ nhớ 128Gb | 4K sắc nét, báo trộm nhạy",https://www.lazada.vn/products/pdp-i2714005364.html,427.800 ₫,4.0,68 Đã bán
"Sale 50% Camera mini Xiaomi, Camera Siêu Nhỏ, Camera Mini Wifi Kết Nối Điện Thoại W8 Hồng Ngoại Quay Ban Đêm Báo Động Chống Trộm , Hình Ảnh Sắc Nét, Giá Siêu Rẻ.",https://www.lazada.vn/products/pdp-i3133775466.html,245.791 ₫,5.0,42 Đã bán
CAMERA TRƯỚC ĐIỆN THOẠI CHO 12MINI 12/12PRO 12PROMAX,https://www.lazada.vn/products/pdp-i3164461552.html,50.000 ₫,,
Camera laptop hp 6930p tháo máy,https://www.lazada.vn/products/pdp-i2151019201.html,80.000 ₫,,
"(Camera Siêu Nhỏ)LazMall Camera Mini Xiaomi ,Camera Mini Wifi Không Dây A9 1080 FULL HD 4K ,Hồng Ngoại Quay Ban Đêm, Tính Năng Chống Trộm Coi Trực Tiếp -Coi Lại Theo Dõi Từ Xa ,Hình Ảnh Chuyển Động Thông Minh ,Máy Quay An Ninh Gia Đình Xem Trên Điện Thoại",https://www.lazada.vn/products/pdp-i3144035117.html,137.000 ₫,,"10 Đã bán
Hồ Chí Minh"
"RISEOUS | Camera Giám Sát Gọi Video Hai Chiều có Màn Hình, Quay 360 Độ, full color Night Vision HD",https://www.lazada.vn/products/pdp-i3196144570.html,562.000 ₫,,
Webcam WC10 Full HD 1080P USB Web Camera Dùng cho PC và Laptop Có tích hợp Micro (Linh kiện máy tính siêu rẻ),https://www.lazada.vn/products/pdp-i2664211214.html,175.000 ₫,5.0,11 Đã bán
Kids Mini Instant Print Camera 30MP HD 1080P Selfie Digital Camera Thermal Print Camera Fun DIY Gift,https://www.lazada.vn/products/pdp-i3200244634.html,759.812 ₫,,
Camera ngoài trời xoay Imou 2 mắt 6MP 10MP chính hãng bảo hành 2 năm,https://www.lazada.vn/products/pdp-i2507436086.html,1.130.000 ₫,5.0,43 Đã bán
"Camera nghị định 10, quay tài xế, hành khách và hành trình phía trước xe - camera hành trình",https://www.lazada.vn/products/pdp-i1811277813.html,890.000 ₫,5.0,10 Đã bán
"Camera Analog Hikvision Dome,Thân Tvi 1.0mp/2.0mp cũ.Camera analog dùng cho đầu ghi đã qua sử dụng.",https://www.lazada.vn/products/pdp-i2092004612.html,160.000 ₫,4.0,167 Đã bán
"Camera siêu nhỏ thế hệ mới full HD 1080P-Camera mini wifi A9 kết nối điện thoại giá rẻ xem qua 3g,4g,5g-Camera wifi mini không dây tiện lợi Cho Gia Đình",https://www.lazada.vn/products/pdp-i3145661760.html,129.548 ₫,4.0,100 Đã bán
"(Tặng Hộp Box Kỹ Thuật) Camera IMOU Ngoài Trời Bullet 2C IMOU F32P 3MP & F52P 5MP - Ghi Hình Có Âm Thanh, Bảo Hành 2 Năm - F22P & F42P - IMOU LazMall",https://www.lazada.vn/products/pdp-i1972658227.html,608.309 ₫,4.0,754 Đã bán
3 công nghệ Mall HD 1080P Camera Wifi máy ảnh tự làm máy ảnh mini nhìn đêm hồng ngoại cảm biến chuyển động hỗ trợ quan sát từ xa P2P Micro Webcam,https://www.lazada.vn/products/pdp-i2714145787.html,465.000 ₫,4.0,44 Đã bán
Cam camera đã qua sử dụng,https://www.lazada.vn/products/pdp-i1845589982.html,110.000 ₫,4.0,85 Đã bán
"THANH LÝ SALE 70%, Camera KBVISION 2.0MP analog.XÀI ĐẦU THU",https://www.lazada.vn/products/pdp-i3061505494.html,179.000 ₫,5.0,19 Đã bán
"Camera hành trình thông minh Android U6, U7, V8, V9 PRO kết nối màn hình, kết nối wifi xem trên ĐTDĐ FULL HD, hỗ trợ công nghệ ADAS cảnh báo tốc độ, cảnh báo lấn làn, Camera ô tô siêu nét, chất lượng tốt, giá cực rẻ, cam hành trình cao cấp cho ô tô",https://www.lazada.vn/products/pdp-i427874377.html,285.000 ₫,4.0,517 Đã bán
"Camera WiFi CareCam pro 2 Mắt 2 Khung Hình 5.0Mpx Trong Nhà Hoặc 2 Mắt Ngoài Trời 10MP, Có màu ban đêm, Chạy App: Carecampro",https://www.lazada.vn/products/pdp-i1241303411.html,349.000 ₫,4.0,551 Đã bán
"Camera Imou F52P/F32P Độ phân giải 5.0MP/3.0MP Ngoài trời chống nước, chính hãng Imou Việt Nam, Fullbox Nguyên seal",https://www.lazada.vn/products/pdp-i1424937150.html,569.000 ₫,4.0,
"CAMERA CARECAM TRONG NHÀ PHIÊN BẢN Y610 1 MẮT 16MP XOAY 360 ĐỘ, CHẠY APP: CARECAMPRO",https://www.lazada.vn/products/pdp-i1263928657.html,265.000 ₫,4.0,169 Đã bán
camera laptop lenovo thinkpad t430u,https://www.lazada.vn/products/pdp-i1813494995.html,220.000 ₫,,
Camera Không Dây Trong Nhà Quay Panorama HD Có Tầm Nhìn Đêm với Giám Sát Từ Xa qua Nền Tảng Cloud,https://www.lazada.vn/products/pdp-i3193758015.html,1.510.000 ₫,4.0,10 Đã bán
"Camera siêu nhỏ thế hệ mới full HD 1080P-Camera mini wifi A9 kết nối điện thoại giá rẻ xem qua 3g,4g,5g-Camera wifi mini không dây",https://www.lazada.vn/products/pdp-i3029204232.html,137.535 ₫,4.0,32 Đã bán
QIUWU Elough 2K HD Webcam cho máy tính để bàn máy tính xách tay máy tính mini USB Web Camera với micro Web Cam cho Youtube Skype,https://www.lazada.vn/products/pdp-i3231694784.html,85.099 ₫,,
MÁY ẢNH PANASONIC LUMIX GF8 + LENS 12-32MM F/3.5-5.6,https://www.lazada.vn/products/pdp-i2998217955.html,8.945.000 ₫,3.5,
Máy ảnh Canon M kèm lens kít 18-55 STM,https://www.lazada.vn/products/pdp-i1607408328.html,5.690.000 ₫,,
Camera laptop dell 3531 tháo máy,https://www.lazada.vn/products/pdp-i2151715826.html,120.000 ₫,,
Camera an ninh DV thể thao gia đình HD 1080P Ekleva máy ảnh kỹ thuật số nhỏ gọn cảm biến chuyển động máy quay nhỏ bỏ túi,https://www.lazada.vn/products/pdp-i2265688240.html,529.156 ₫,4.0,188 Đã bán
UYEA | Camera Quay Phim Trực Tiếp 4K HD với Bộ Lọc Làm Đẹp và Micro,https://www.lazada.vn/products/pdp-i3193626287.html,167.000 ₫,4.0,
"Camera laptop dell e6440,e5540,e5440,e6540 new",https://www.lazada.vn/products/pdp-i2150993265.html,150.000 ₫,,
"Camera Ngoài Trời IMOU Quay Quét, Đàm Thoại Hai Chiều Cruiser SE+ S51FEP 5mpx / S31FEP 3mpx Chống Nước IP67, Có Màu Ban Đêm",https://www.lazada.vn/products/pdp-i2231826955.html,779.000 ₫,4.0,81 Đã bán
Camera IMOU Trong Nhà Ranger Mini 5MP - 3MP (K2MP) I quay quét trong nhà I tích hợp chân đế gắn tường I có màu ban đêm I mẫu mới,https://www.lazada.vn/products/pdp-i2140923985.html,551.501 ₫,4.0,137 Đã bán
"[Tặng thẻ xịn 64]CAMERA YOOSEE THÂN NGOÀI TRỜI 5.0 MPX 4 RÂU BẮT SÓNG KHỎE, HÌNH ẢNH SẮC NÉT, XEM ĐÊM CÓ MÀU, CHỐNG NƯỚC",https://www.lazada.vn/products/pdp-i3104469918.html,1.199.000 ₫,5.0,
Camera IP HD 1080P Tuya Thông Minh Không Dây WiFi IP Camera Giám Sát An Ninh Trong Nhà Camera Quan Sát Âm Thanh 2 Chiều Thú Cưng màn Hình,https://www.lazada.vn/products/pdp-i2468995216.html,217.800 ₫,5.0,7 Đã bán
"Ekleva 75MP máy ảnh kỹ thuật số Cho Nhiếp Ảnh & Video, 4K máy ảnh vlogging Với 3Inch Màn hình lật Cảm Ứng 10X Zoom quang học, Tự động lấy nét Nhỏ Gọn",https://www.lazada.vn/products/pdp-i2931625520.html,5.276.229 ₫,4.0,14 Đã bán
"Camera laptop dell v1015,v1014 tháo máy",https://www.lazada.vn/products/pdp-i2151032016.html,100.000 ₫,,
Camera IP hồng ngoại 20 Megapixel DAHUA DH-IPC-HFW1230A-A -Kho camera,https://www.lazada.vn/products/pdp-i3155792936.html,779.000 ₫,,
"Camera hành trình 70mai Dash Cam Pro Plus+ A500S bản nâng cấp tiếng anh, tích hợp sẵn GPS - Bảo hành 12 tháng",https://www.lazada.vn/products/pdp-i1304824597.html,1.709.000 ₫,5.0,338 Đã bán
Camera Wifi FOFU,https://www.lazada.vn/products/pdp-i2693615384.html,135.000 ₫,,
Trọn Bộ Camera Giám Sát Dahua 2.0MP Full HD 1080P - Bộ 4 Camera Dahua,https://www.lazada.vn/products/pdp-i460940355.html,1.848.000 ₫,4.0,148 Đã bán
"[FNKvision] Camera năng lượng mặt trời 4G Yoosee, 2 mắt 12MP D38Z/4G , xoay chuyển quan sát 360 độ, bảo hành 12 tháng",https://www.lazada.vn/products/pdp-i2861610205.html,439.000 ₫,4.0,140 Đã bán
"Camera wifi 2 mắt ngoài trời, loại Carecampro chính hãng, xoay 360",https://www.lazada.vn/products/pdp-i3165855413.html,490.000 ₫,,
TP-Link | Camera Thông Minh AI HD 4MP Quay 360° Chống Nước cho Trong/Ngoài Nhà với Âm Thanh Hai Chiều,https://www.lazada.vn/products/pdp-i3193594969.html,1.060.000 ₫,,
Camera Laptop HP Elibook Folio 1040 G1-G2 ( Dòng cảm ứng ),https://www.lazada.vn/products/pdp-i2227053747.html,150.000 ₫,,
"Camera laptop sony ea,eb tháo máy",https://www.lazada.vn/products/pdp-i2151139078.html,100.000 ₫,,
"Camera laptop HP 15-BS554Tu ,Webcam 15-BS554TU",https://www.lazada.vn/products/pdp-i1993143870.html,120.000 ₫,,
"Camera Ngoài Trời Xiaomi Outdoor Camera CW300 2.5K , AW300 2K , AW200 Full HD (Bản quốc tế - Bảo hành 12 tháng)",https://www.lazada.vn/products/pdp-i2740671017.html,680.000 ₫,5.0,178 Đã bán
"LazMall SALE Chính Hãng Xiaomi ,Camera WiFi Giám Sát Có Màn Hình Video Call 2IN1 Xiaomi C30 ,Nghe Gọi Video Trực Tiếp, Siêu Nét ,Màn Hình Lớn IPS 2,8 Inch Siêu Nét, Góc Rộng, Đàm Thoại Video 2 Chiều ,Phát Hiện Chuyển Động, Công Nghệ Al Theo Dõi Tự Động",https://www.lazada.vn/products/pdp-i2667052331.html,710.000 ₫,4.0,122 Đã bán
"camera trước hành trình chính hãng ontekco q2 kết nối màn hình android, bảo hành 12 tháng",https://www.lazada.vn/products/pdp-i897360172.html,227.240 ₫,5.0,31 Đã bán
"Camera laptop asus x8aij,x8a,k40,k40in ,k50 tháo máy",https://www.lazada.vn/products/pdp-i2150979262.html,100.000 ₫,,
"【🔥Rẻ】Camera giám sát 3 triệu bóng đèn (ưu đãi đặc biệt [1 triệu pixel]) Camera WiFi HD Đui Bóng Đèn, Xoay 360",https://www.lazada.vn/products/pdp-i2742941128.html,66.627 ₫,4.0,264 Đã bán
Camera Dome 4 in 1 hồng ngoại 2.0 Megapixel KBVISION KX-A2112C4,https://www.lazada.vn/products/pdp-i2726660909.html,290.000 ₫,2.0,
"Webcam máy tính có mic xoay 360 A09 FULL HD NEW 2023 cao cấp dùng học tập, live camera trên pc laptop, micro thu âm cực tốt, thích hợp với nhiều phần mềm",https://www.lazada.vn/products/pdp-i2161368417.html,249.000 ₫,4.0,276 Đã bán
"CAMERA ANALOG Hikvision DS-2CE16IT THÂN SẮT BỀN, XÀI ĐẦU GHI",https://www.lazada.vn/products/pdp-i3061578082.html,199.000 ₫,,
Xiaovv Q2 Thông Minh 360 ° Camera IP PTZ CCTV Không Dây Wifi 1296P/3MP HD Hình Ảnh Kết Nối Điện Thoại Cho an ninh cho ngôi nhà,https://www.lazada.vn/products/pdp-i1889608194.html,313.164 ₫,4.0,239 Đã bán
Camera Wifi 5MP 3K IMOU IPC-A52P Đàm Thoại 2 Chiều,https://www.lazada.vn/products/pdp-i2528640215.html,590.000 ₫,4.0,305 Đã bán
Camera Wifi Thông Minh EZVIZ C6N 1080P Quay Quét Đàm Thoại Hai Chiều,https://www.lazada.vn/products/pdp-i2167070899.html,457.000 ₫,5.0,9 Đã bán
Camera Ẩn Kín Wifi Mini W8 Camera Siêu Nhỏ Kết Nối Điện Giám Sát Video Siêu Nhỏ Phiên Bản Ban Đêm Ngoài Trời Camera IP HD Không Dây Máy Quay Mini,https://www.lazada.vn/products/pdp-i3019752605.html,161.000 ₫,5.0,43 Đã bán
"[Bảo hành 24 tháng] Camera YOOSEE ngoài trời 4 mắt 3 màn hình độ phân giải 28MP siêu nét, giám sát ngoài trời chống nước, xem ban đêm có màu",https://www.lazada.vn/products/pdp-i2806273504.html,619.000 ₫,4.0,29 Đã bán
"SJCAM C100 + Camera ngón tay cái 4K/30fps 30m chống nước cho vlog, máy ghi âm lái xe, lái mô-tô, câu cá ngoài khơi, du lịch, thể thao",https://www.lazada.vn/products/pdp-i2663180553.html,1.322.585 ₫,4.0,66 Đã bán
"Camera laptop dell e5440,e5540,6540 zin tháo máy",https://www.lazada.vn/products/pdp-i2151663929.html,130.000 ₫,,
"Camera laptop dell e7250,e7450,e5250,e5550,e5450 hàng new",https://www.lazada.vn/products/pdp-i2151813028.html,150.000 ₫,,
"Camera laptop dell 3558,3551,3552,3458,3451,5452,5551 zin tháo máy",https://www.lazada.vn/products/pdp-i2151748549.html,150.000 ₫,,
"Máy Chụp Ảnh Lấy Liền HPRT-Z3, có màn hình, kết nối Bluetooth, tự động lấy nét, 300DPI, phong cách Vintage",https://www.lazada.vn/products/pdp-i3180598064.html,2.760.000 ₫,,
"Camera laptop hp 6530s,6535s tháo máy",https://www.lazada.vn/products/pdp-i2151027127.html,100.000 ₫,,
"Camera icam365 PTZ 8 LED, Chất lượng cao, chống nước, quan sát 360 độ, hình ảnh sắc nét 5Mpx Ultra, tầm nhìn ban đêm đầy",https://www.lazada.vn/products/pdp-i3104626871.html,420.000 ₫,,
Camera laptop dell e6220 zin tháo máy,https://www.lazada.vn/products/pdp-i2151724695.html,130.000 ₫,,
Camera laptop dell v3300 tháo máy,https://www.lazada.vn/products/pdp-i2151664993.html,120.000 ₫,,
"Camera Trong Nhà VSTARCAM CS49Q độ phân giải siêu nét 4MP, hồng ngoại ban đêm, đàm thoại hai chiều, phát hiện hình người",https://www.lazada.vn/products/pdp-i2967985843.html,699.000 ₫,,
Camera Wifi Không dây Yoosee HD 3 Râu (trong nhà),https://www.lazada.vn/products/pdp-i2383667744.html,340.000 ₫,,
"SALE 70% Camera XÀI ĐẦU GHI, Dahua Imou K8XA -Full HD 1080 H265 POE",https://www.lazada.vn/products/pdp-i3062137564.html,299.000 ₫,,
"Camera IMOU trong nhà Ranger K2MP 5MP, Tích hợp chân đế,quan sát ban đêm thông minh, Bảo hành 2 năm",https://www.lazada.vn/products/pdp-i3091184773.html,474.000 ₫,,
Camera IP Ngoài Trời EZVIZ,https://www.lazada.vn/products/pdp-i2090720739.html,960.000 ₫,,
Camera Wifi Giám Sát Không Dây Camera Giám Sát 1080p 360 Độ Giám Sát An Ninh Ban Đêm Có Màu Âm Thanh Hai Chiều,https://www.lazada.vn/products/pdp-i2811969342.html,223.600 ₫,5.0,12 Đã bán
Camera laptop dell v3400(gen1) tháo máy,https://www.lazada.vn/products/pdp-i2151753555.html,120.000 ₫,,
Camera Kỹ Thuật Số JTKE 50M Mega Pixel Webcam Camera Xoay Thời Trang HD Có Kẹp Micro Cho PC Laptop Máy Tính Xách Tay,https://www.lazada.vn/products/pdp-i772506418.html,94.000 ₫,4.0,235 Đã bán
"Camera IP Wifi Không Dây 2 Mắt Xem 2 Màn Hình Cùng Lúc 5.0MPX Xoay 360 Độ, Xem Đêm Có Màu, Hỗ Trợ Đàm Thoại 2 Chiều",https://www.lazada.vn/products/pdp-i2289245424.html,292.896 ₫,5.0,613 Đã bán
"Chính Hãng Camera icam365 PTZ 8LED,Chất lượng cao, chống nước, quan sát 360 độ, hình ảnh sắc nét 5Mpx Ultra, ban đêm đầy đủ new",https://www.lazada.vn/products/pdp-i3104799007.html,489.000 ₫,,
Tổng Hợp Các Mẫu Camera IMOU,https://www.lazada.vn/products/pdp-i1415984741.html,638.000 ₫,,
[Chính hãng] Camera quay quét IMOU IPC-A32EP-L,https://www.lazada.vn/products/pdp-i2645279573.html,390.000 ₫,,
"Camera ảnh nhiệt UNI-T UTi260A (-20~400℃, 256x192 Pixel, 3.8mrad)(Bảo hành 12 tháng)",https://www.lazada.vn/products/pdp-i2891744510.html,6.601.000 ₫,,
Máy ảnh kỹ thuật số ống kính rời ZV-E10,https://www.lazada.vn/products/pdp-i1450480782.html,14.717.455 ₫,5.0,366 Đã bán
"Camera laptop dell 3421,3421,5421,3437 tháo máy",https://www.lazada.vn/products/pdp-i2151694764.html,120.000 ₫,,
Camera Wifi Vitacam C600C,https://www.lazada.vn/products/pdp-i2392635719.html,550.000 ₫,,
"Camera Wifi Ngoài Trời Tenda RT3 Độ Phân Giải 1080P/2MP/3MP/2K, đàm thoại 2 chiều, ban đêm có màu, hỗ trợ thẻ nhớ lên đến 128GB - Hãng phân phối chính thức",https://www.lazada.vn/products/pdp-i1600716527.html,619.000 ₫,4.0,442 Đã bán
CAMERA iCSee P18-XM Đàm thoại 2 chiều xoay chuyển động 360 độ,https://www.lazada.vn/products/pdp-i3107948119.html,530.000 ₫,,
Camera laptop dell e6430 tháo máy,https://www.lazada.vn/products/pdp-i2150942635.html,120.000 ₫,,
Camera IP Wifi EZVIZ C3TN 2MP Color Quay Có Màu Ban Đêm,https://www.lazada.vn/products/pdp-i1983107412.html,745.000 ₫,4.0,55 Đã bán
5MP máy ảnh thông minh tích hợp Wi-Fi với 2.8 inch màn hình 1080p âm thanh hai chiều cuộc gọi video bé Màn hình CCTV giám sát an ninh không dây,https://www.lazada.vn/products/pdp-i2662024207.html,549.000 ₫,2.8,
"Camera laptop lenovo b470,b475,z470,x475,g470,g475 tháo máy",https://www.lazada.vn/products/pdp-i2150986461.html,100.000 ₫,,
Camera Nội Soi 8mm HD 1080P Với 8 Đèn LED Cáp Linh Hoạt Kiểm Tra Chống Nước Borescope Cho PC Android - Kết Nối USB,https://www.lazada.vn/products/pdp-i2751089928.html,150.150 ₫,4.0,76 Đã bán
Ekleva 1080P máy ảnh nhỏ gọn Độ nét cao xách tay máy ghi hình kĩ thuật số bodycam nhìn đêm hồng ngoại cảnh sát cam máy quay nhỏ,https://www.lazada.vn/products/pdp-i2320699928.html,526.236 ₫,4.0,72 Đã bán
HEITAILANG | Camera Giám Sát Không Dây Không Dây Điện Thoại Di Động Điều Khiển Từ Xa Không WiFi Trong Nhà HD Quan Sát Đêm Mắt Mèo Thông Minh,https://www.lazada.vn/products/pdp-i3196455362.html,247.000 ₫,4.0,
"Camera Wifi W8 Hồng Ngoại Tầm Nhìn Ban Đêm Mini Mẫu Mới, Camera Gia Đình Không Dây wifi chống trộm Chuyên Dụng, Cảm Biến Chuyển Động Dễ Lắp Đặt Âm Thanh Rõ Ràng. Bảo hành 12 Tháng",https://www.lazada.vn/products/pdp-i3066315522.html,162.000 ₫,5.0,31 Đã bán
Camera An Ninh Mini 4K Full Tầm Nhìn Ban Đêm Chống Nước WiFi Màn Hình Phát Hiện Chuyển Động Để Giám Sát Nhà Thông Minh,https://www.lazada.vn/products/pdp-i3091349221.html,164.450 ₫,5.0,26 Đã bán
"Camera Wifi Tenda Trong Nhà RP3/RP3 Pro/RP7 FHD 3MP/5MP,2K Quay Quét 360°| Đàm Thoại 2 Chiều | Camera IP",https://www.lazada.vn/products/pdp-i2984013103.html,449.000 ₫,4.0,102 Đã bán
"Yoosee Camera giám sát trong nhà 360° diện rộng, sử dụng WiFi, ống kính rộng, hình ảnh nét ban đêm có màu",https://www.lazada.vn/products/pdp-i3193798674.html,189.050 ₫,,
A9 Máy Ảnh Mini + 128G Không Dây Camera Wifi HD 1080P 4K Nhìn Trong Đêm Cảm Biến Chuyển Động Màn Hình Máy Quay Video Ứng Dụng Điện Thoại Camaras Giám Sát Video Cam Cho An Ninh Gia Đình,https://www.lazada.vn/products/pdp-i2207933135.html,94.706 ₫,4.0,38 Đã bán
HD 1080P máy ảnh mini máy quay thông minh Wifi Máy ảnh Mini Nhà giám sát từ xa nhìn trong đêm Máy Ảnh HD HD 1080P Với ống kính góc rộng,https://www.lazada.vn/products/pdp-i3070706175.html,167.000 ₫,5.0,7 Đã bán
"Camera Không Dây VSTARCAM CB75D, CB75, CB70, CB70W Dùng SIM 4G, WIFI lấy nét ZOOM quang 10X, góc quay siêu rộng,phát hiện chuyển động PIR, BH uy tín.",https://www.lazada.vn/products/pdp-i3057932411.html,710.000 ₫,5.0,60 Đã bán
Camera laptop toshia l635 zin tháo máy,https://www.lazada.vn/products/pdp-i2151808352.html,100.000 ₫,,
"Camera laptop dell n3458,3558,3452,3451,3567,3559 zin tháo máy",https://www.lazada.vn/products/pdp-i2151760475.html,150.000 ₫,,
"Camera laptop lenovo thinkpad sl510,sl410 tháo máy",https://www.lazada.vn/products/pdp-i2151111223.html,80.000 ₫,,
"Camera laptop dell m6800,m4800,m6700,m4700 tháo máy",https://www.lazada.vn/products/pdp-i2150954672.html,150.000 ₫,,
Webcam độ nét cao Lấy nét bằng tay phát trực tiếp máy quay USB với microphone cho cuộc gọi video 640x480,https://www.lazada.vn/products/pdp-i3059068663.html,183.000 ₫,,
"Camera laptop dell v5460,v5470,v5480 tháo máy",https://www.lazada.vn/products/pdp-i2151810180.html,150.000 ₫,,
Camera LAPTOP HP 15-AY 15-AY128TU Webcam 15-ay128,https://www.lazada.vn/products/pdp-i2273600633.html,150.000 ₫,,
"Camera laptop acer 4741,5742 tháo máy",https://www.lazada.vn/products/pdp-i2150883974.html,100.000 ₫,,
Webcam Cắm và chơi Micro tích hợp PC camera cho Android,https://www.lazada.vn/products/pdp-i3131568564.html,500.000 ₫,,
Máy ảnh Canon SX50HS Zoom 50x màn xoay lật,https://www.lazada.vn/products/pdp-i2179195257.html,5.790.000 ₫,,
Mô-đun Camera mini 15fps 5MP tự động lấy nét Webcam module cho PC cho TV Box,https://www.lazada.vn/products/pdp-i3151033000.html,803.000 ₫,,
Camera IP 3.0 MP Full clor quay đêm có màu,https://www.lazada.vn/products/pdp-i2467137071.html,870.000 ₫,3.0,
Máy ảnh Sony Vlog ZV-1,https://www.lazada.vn/products/pdp-i1325393759.html,15.699.273 ₫,5.0,139 Đã bán
"Camera laptop asus k46,k46cm ,x401 tháo máy",https://www.lazada.vn/products/pdp-i2150959359.html,120.000 ₫,,
Camera laptop lenovo thinkpad t420 tháo máy,https://www.lazada.vn/products/pdp-i2151075412.html,130.000 ₫,,
Camera laptop sony mbx 270 zin tháo máy,https://www.lazada.vn/products/pdp-i2151812246.html,120.000 ₫,,
Camera laptop toshiba t130 tháo máy,https://www.lazada.vn/products/pdp-i2150925854.html,100.000 ₫,,
Webcam USB 2.0 Micro tích hợp camera cho PC cho Android,https://www.lazada.vn/products/pdp-i3086721811.html,500.000 ₫,2.0,
"Camera laptop dell dell e6440,e6450 hàng mới",https://www.lazada.vn/products/pdp-i2244099250.html,150.000 ₫,,
Camera 2 Mắt Kép Ngoài Trời iMOU Cruiser Dual 6MP/10MP IPC-S7XP-10M0WED - Bảo hành Chính Hãng 2 Năm,https://www.lazada.vn/products/pdp-i2507255502.html,1.289.000 ₫,4.0,113 Đã bán
Camera An Ninh Không Dây Sử Dụng Năng Lượng Mặt Trời Trong Nhà/Ngoài Trời,https://www.lazada.vn/products/pdp-i3198579356.html,1.675.000 ₫,4.0,
"Camer Wifi, Full HD 1080 chính hãng",https://www.lazada.vn/products/pdp-i1700931059.html,280.000 ₫,,
"Camera laptop lenovo g570,g575,g470,g475,z500 tháo máy",https://www.lazada.vn/products/pdp-i2151081418.html,100.000 ₫,,
Camera siêu nhỏ thế hệ mới Full HD - Camera Mini Q15 Full HD 1080P cực nhỏ gọn,https://www.lazada.vn/products/pdp-i245731676.html,615.000 ₫,4.0,134 Đã bán
Camera laptop dell e6230 zin tháo máy,https://www.lazada.vn/products/pdp-i2151785301.html,120.000 ₫,,
Camera wifi IP Vstarcam C24s Full HD 1080P kèm thẻ nhớ 32G-128GB,https://www.lazada.vn/products/pdp-i435500309.html,659.000 ₫,4.0,168 Đã bán
4K độ nét cao Webcam tự động lấy nét sống Webcam USB ổ đĩa miễn phí với mic Camera cho máy tính,https://www.lazada.vn/products/pdp-i3161398038.html,383.000 ₫,,
"[CHÍNH HÃNG]CAMERA YOOSEE THÂN NGOÀI TRỜI 5.0 36 LED MPX 4 RÂU BẮT SÓNG KHỎE, SẮC NÉT, XEM ĐÊM CÓ MÀU, CHỐNG NƯỚC",https://www.lazada.vn/products/pdp-i3104750168.html,770.000 ₫,5.0,
Camera IP Wifi Tenda CP6 chuẩn hình ảnh 2K xoay 360° - Chính hãng,https://www.lazada.vn/products/pdp-i1936105918.html,399.000 ₫,5.0,
"Camera laptop dell n5420,v3460 tháo máy",https://www.lazada.vn/products/pdp-i2151757541.html,120.000 ₫,,
"Quay Ẩn Kín Made Nhật Bản LazMall Camera Mini W10 Full HD 1080P Cho Hình Ảnh Sắc Nét Và Mượt Mà ,Hỗ Trợ Kết Nối Wifi, Cho Phép Xem Trực Tiếp Từ Xa",https://www.lazada.vn/products/pdp-i3170191254.html,258.000 ₫,4.0,91 Đã bán
"Camera WI-FI EZVIZ C6N Pro 3MP Trong nhà, Quay Quét 360 Độ, Đàm Thoại 2 Chiều - Bản nâng cấp C6N",https://www.lazada.vn/products/pdp-i3030745328.html,496.000 ₫,4.0,173 Đã bán
"Camera WIFI IMOU Ranger 2 Pro 3MP/5MP 3K Phát hiện người, vật nuôi và âm thanh bất thường | Gọi một chạm | Tầm nhìn ban đêm thông minh đủ màu",https://www.lazada.vn/products/pdp-i3153197551.html,486.000 ₫,4.0,242 Đã bán
[Bán Chạy] Camera IP WIFI Ngoài Trời TP-Link Tapo C310 3MP Giám Sát An Ninh Ngoài Trời,https://www.lazada.vn/products/pdp-i1249576477.html,599.000 ₫,4.0,
"CAMERA YOOSEE 2 MẮT TRONG NHÀ, XOAY 360 ĐỘ, XEM CÙNG LÚC 2 GÓC, XEM ĐÊM CÓ MÀU THEO DÕI CHUYỂN ĐỘNG",https://www.lazada.vn/products/pdp-i2857383991.html,360.696 ₫,4.0,23 Đã bán
HEITAILANG | Camera Giám Sát Thông Minh HD Không Dây Có Điều Khiển Từ Xa,https://www.lazada.vn/products/pdp-i3227533531.html,601.000 ₫,4.0,
[HCM][100% CHÍNH HÃNG] Camera IP WIFI IMOU IPC-A22EP ( 2.0MP ) -Camera giám sát an ninh không dây - Camera Toàn Cầu,https://www.lazada.vn/products/pdp-i1236733522.html,435.000 ₫,5.0,215 Đã bán
"Camera lùi hồng ngoại AHD SONY 720P nhìn ban đêm siêu sắc nét, Camera lùi AHD cho ô tô siêu nét cho màn hình DVD Android giúp lái xe an toàn, hiệu quả, - Camera de hồng ngoại Full AHD cho ô tô, Cam lùi cho màn android,",https://www.lazada.vn/products/pdp-i2536026988.html,219.000 ₫,,
"Camera mini không dây siêu nhỏ,Quay mọi nơi dùng pin sạc Full HD 1080,Máy quay phim mini góc rộng",https://www.lazada.vn/products/pdp-i3112892871.html,150.000 ₫,5.0,12 Đã bán
"Camera ngoài trời imou F32P, F32FP, F52P, F52FP, BULLET 3 3MP, BULLET 3 5MP hàng chính hãng",https://www.lazada.vn/products/pdp-i1703391172.html,540.000 ₫,4.0,485 Đã bán
Camera mini USB hiệu suất ánh sáng thấp ABS Mini Camera web hình ảnh rõ ràng cho máy ảnh,https://www.lazada.vn/products/pdp-i3151209004.html,500.000 ₫,5.0,
Camera laptop dell studio 1555-1557-1558,https://www.lazada.vn/products/pdp-i1922373539.html,90.000 ₫,,
Camera laptop hp dv6-3000 zin tháo máy,https://www.lazada.vn/products/pdp-i2151750688.html,100.000 ₫,,
Camera laptop asus 1225b tháo máy,https://www.lazada.vn/products/pdp-i2150906827.html,100.000 ₫,,
"Camera HD dùng cho máy tính, Laptop CIO Model CIO-WC720P2, hàng si Nhật",https://www.lazada.vn/products/pdp-i2720270129.html,220.000 ₫,,
Camera laptop acer aspire 4752 4750 4749 4738 4736 4755G,https://www.lazada.vn/products/pdp-i1894694103.html,150.000 ₫,,
"Camera laptop asus e402,e402s.e402sa,e402m,e402ma tháo máy",https://www.lazada.vn/products/pdp-i2150944435.html,120.000 ₫,,
"Camera Hành Trình 4K SPORT Ultra HD DV, 1080 HD, Kết Nối Wifi, Chống Rung Quang Học, Chống Nước Ip67, Hỗ Trợ Quay Đêm",https://www.lazada.vn/products/pdp-i2473084335.html,289.000 ₫,,
"Camera Wifi Imou D22 bán cầu độ nét full HD, lắp Ngoài Trời chống nước, hồng ngoại ban đêm nhìn rõ nét",https://www.lazada.vn/products/pdp-i2238283835.html,882.000 ₫,,
"Camera hành trình ô tô KAW, camera fullHD 4K, hình ảnh siêu nét cảnh báo va chạm, ghi âm, góc quay rộng, phù hợp với nhiều dòng xe",https://www.lazada.vn/products/pdp-i2593540402.html,920.576 ₫,5.0,
(TẶNG KÈM ĐẾ CAMERA) Camera Imou trong nhà IPC-A32EP - 3MP l độ phân giải 3.0MP I Phát hiện con người I Xoay 360 I Đàm thoại 2 chiều,https://www.lazada.vn/products/pdp-i2339909991.html,580.000 ₫,4.0,
Camera laptop acer one 1402z tháo máy,https://www.lazada.vn/products/pdp-i2150995349.html,120.000 ₫,,
"Camera laptop hp g4,g6 tháo máy",https://www.lazada.vn/products/pdp-i2150976547.html,100.000 ₫,,
Aigo | Camera Lùi 360 Độ Dual Camera 4K Full HD Panoramic Dash Cam,https://www.lazada.vn/products/pdp-i3196620269.html,1.638.000 ₫,4.0,7 Đã bán
"CAMERA WIFI IP SRIHOME 3.0 Model SH035 FUllHD 1296 MP - Camera Ngoài Trời Quay Đêm,Chống nước, Cảnh báo chuyển động",https://www.lazada.vn/products/pdp-i3104505806.html,850.000 ₫,3.0,
Camera Ngoài Trời IMOU F22P / F32FP / F42P / F52FP Bullet 2C FHD/4K Hàng Chính Hãng,https://www.lazada.vn/products/pdp-i2930201824.html,550.000 ₫,5.0,10 Đã bán
"Camera Wifi APP IMCAM, YOOSEE, ICSEE TÍCH HỢP MÀN HÌNH LỚN - Gọi điện VIDEO CALL trực tiếp, SIÊU TIỆN DỤNG ( 2 IN 1 )- Siêu nét full HD 1080P BH 12 THÁNG",https://www.lazada.vn/products/pdp-i2799498611.html,500.000 ₫,,
"Camera IP ngoài trời YI ( Xiaomi ) outdoor edition Full HD (1080p), bản quốc tế",https://www.lazada.vn/products/pdp-i3060708359.html,590.000 ₫,,
Ekleva Máy ghi xe hơi Camera hành trình mini 1.47 inch HD 4K quan sát ban đêm Wifi gương chiếu hậu xe Ống kính kép góc rộng 150 độ Camera chiếu hậu,https://www.lazada.vn/products/pdp-i2587856770.html,886.000 ₫,5.0,132 Đã bán
Camera giam sat ket noi wf hinh anh led,https://www.lazada.vn/products/pdp-i2817978114.html,850.000 ₫,,
Camera laptop sony pcg-7185l tháo máy,https://www.lazada.vn/products/pdp-i2151027201.html,80.000 ₫,,
( LOẠI XỊN ) Camera Giám Sát Mini IP Wifi Camera mini siêu nhỏ không dây W8s-Camera IP wifi kết nối điện thoại từ xa - Camera hồng ngoại quay ban đêm hình ảnh sắc nét cả ngày và đêm BH 12 tháng,https://www.lazada.vn/products/pdp-i2264212975.html,399.000 ₫,5.0,18 Đã bán
"(Gọi Video 2 Chiều Camera Có Màn Hình) Camera Wifi Trong Nhà HD1080P Gọi 1 Nút, Góc Nhìn Rộng",https://www.lazada.vn/products/pdp-i2455883462.html,705.000 ₫,,
"Camera Wifi Imou F52FP F52P F32FP F32P Cố Định Ngoài Trời, Góc Rộng, Có Màu Ban Đêm",https://www.lazada.vn/products/pdp-i3186599134.html,567.000 ₫,,
Hamrol Dual Lens 4K 8MP All Black PTZ WIFI Home Safety Outdoor Network Camera Auto Tracking Two Way Audio Wireless CCTV,https://www.lazada.vn/products/pdp-i2520421774.html,544.764 ₫,,"6 Đã bán
China"
Máy ảnh không gương lật Nikon 1 J5 kèm 10-30 quay phim 4K,https://www.lazada.vn/products/pdp-i1993387119.html,7.990.000 ₫,,
MÁY ẢNH LUMIX GF9 + LENS KIT G VARIO 12-32MM F/3.5-5.6,https://www.lazada.vn/products/pdp-i2392805018.html,11.210.000 ₫,3.5,
Hamrol 8MP 5MP 4MP 2MP IP Camera POE Internal Microphone Motion Detection Night Vision 1080P Indoor Dome CCTV Camera Xmeye Remote Access,https://www.lazada.vn/products/pdp-i2499363357.html,506.371 ₫,,
Webcam C150 2K 1080P HD Web Camera Có Micro USB Cho Máy Tính Góc nhìn siêu rộng 110° ️⚜️Home and Garden⚜️️,https://www.lazada.vn/products/pdp-i3040467498.html,850.843 ₫,,
UGREEN USB Webcam 2K HD Mini Webcam For Laptop Computer Web Camera Dual Microphones for Youtube Zoom Video Calling Model:35626,https://www.lazada.vn/products/pdp-i2649494630.html,1.028.100 ₫,4.0,35 Đã bán
"(TẶNG HỘP BOX KỸ THUẬT) Camera Wifi IMOU Trong Nhà Ranger MINI K2MP-3H1WE 3MP & K2MP-5H1WE 5MP - Xoay 360, Đàm Thoại 2 Chiều, Có Màu Ban Đêm",https://www.lazada.vn/products/pdp-i1970288890.html,521.001 ₫,5.0,Cam Kết Giá Tốt
"[HCM]Camera hành trình chống nước Sport Full HD 1080p, Camera Hành Trình Xe Máy Giá Rẻ Ngoài Trời Camera Hành Trình Gắn Mũ Bảo Hiểm, Camera phượt thể thao. Hình Ảnh Chân Thực Độ Nét Cao.",https://www.lazada.vn/products/pdp-i2416604008.html,224.240 ₫,4.0,124 Đã bán
"Camera lùi, 4 chân kim, 4 đèn led, dùng cho camera hành trình.",https://www.lazada.vn/products/pdp-i2183818016.html,140.000 ₫,5.0,18 Đã bán
LazMall Vô Đối Flash Ẩn Camera Siêu Nhỏ Xiaomi Wifi - Camera Siêu Nhỏ Không Dây Mini Nhỏ Bé Wifi DG-01 Full HD 480P- APP VI365 Hồng Ngoại Ban Đêm Camera Phát Hiện Di Động Quan Sát Ban Đêm Giám Sát Điều Khiển Từ Xa An Ninh WiFi Không Dây,https://www.lazada.vn/products/pdp-i2664175221.html,350.508 ₫,4.0,66 Đã bán
"🔥FREESHIP🔥 Camera lùi AHD 4K độ phân giải Full HD 4K tích hợp màn hình android, kết nối dễ dàng tiện lợi",https://www.lazada.vn/products/pdp-i2622071543.html,76.471 ₫,4.0,163 Đã bán
"Camera Lùi AHD Mắt SONY 1080p Siêu Nét Cho Màn Hình Android 3G - 4G, cam lùi android cho ô tô, cam de ô tô giá rẻ",https://www.lazada.vn/products/pdp-i1735609441.html,250.000 ₫,4.0,461 Đã bán
"Camera Wifi EZVIZ H6C PRO 3K 5MP/ H6C PRO 4MP/ H6C PRO 3MP/ H6C PRO 2MP, Xoay 360 Độ, Đàm Thoại 2 Chiều, Theo Dõi Chuyển Động - DIGI Smart VN",https://www.lazada.vn/products/pdp-i2468293483.html,469.000 ₫,4.0,95 Đã bán
Mini Camera Body Camera Video Recorder Connect Cellphone Wireless Survillance Hidden Camera 1080P,https://www.lazada.vn/products/pdp-i3109746959.html,559.000 ₫,5.0,49 Đã bán
E Life Smart Store Camera IP Mini A9 1080P Tuya Smart Life Camera Quan Sát Giám Sát Video Bảo Mẫu Trong Nhà An Ninh WIFI Camera Mini Quan Sát Ban Đêm Không Dây Trong Nhà Camera Giám Sát Video Cho Gia Đình,https://www.lazada.vn/products/pdp-i2173421756.html,155.000 ₫,4.0,19 Đã bán
"Camera Mini Kết Nối Điện Thoại, Camera Mini Wifi Siêu Nhỏ W8 FullHD Giám Sát, Camera Hồng Ngoại Quay Ban Đêm, Siêu Nhỏ Không Dây, Cảm Biến Chuyển Động",https://www.lazada.vn/products/pdp-i3012380993.html,268.502 ₫,5.0,25 Đã bán
Camera laptop lenovo r590 tháo máy,https://www.lazada.vn/products/pdp-i2151836001.html,100.000 ₫,,
Camera laptop lenovo ideapad 100-14ibd tháo máy,https://www.lazada.vn/products/pdp-i2151811211.html,120.000 ₫,,
"Camera laptop asus k43s,k43,x43,a43 tháo máy",https://www.lazada.vn/products/pdp-i2150979197.html,100.000 ₫,,
Camera laptop hp 14-v tháo máy,https://www.lazada.vn/products/pdp-i2218747881.html,120.000 ₫,,
Camera laptop asus tp550l tháo máy,https://www.lazada.vn/products/pdp-i2422281460.html,120.000 ₫,,
"Camera laptop lenovo g400,g400s,g500,g510,g505,g410 tháo máy",https://www.lazada.vn/products/pdp-i2151723870.html,100.000 ₫,,
Camera laptop lenovo y430 tháo máy,https://www.lazada.vn/products/pdp-i2151137075.html,70.000 ₫,,
"Camera laptop asus x551ca,x551,x551m,x551ma tháo máy",https://www.lazada.vn/products/pdp-i2150992089.html,120.000 ₫,,
LOOSAFE USB Web Camera 1080P 30fps FHD 2 Megapixels With Microphone For PC Desktop Laptop conference camera,https://www.lazada.vn/products/pdp-i2737208400.html,294.389 ₫,5.0,
Camera IMOU A52P 5M 3K Và A32EP 3M QHD 2K Xoay 360 Độ- Đàm Thoại 2 Chiều- Báo Động Chống Trộm- Wifi Trong Nhà Chính Hãng,https://www.lazada.vn/products/pdp-i3085951193.html,669.000 ₫,4.0,173 Đã bán
Camera laptop sony vpcf121fx tháo máy,https://www.lazada.vn/products/pdp-i2151769589.html,100.000 ₫,,
Camera Dome HDCVI Full Color ánh sáng kép thông minh 2.0MP KX-AD2112C-A,https://www.lazada.vn/products/pdp-i3189297264.html,301.000 ₫,,
Camera laptop acer extansa 4630 tháo máy,https://www.lazada.vn/products/pdp-i2150981327.html,100.000 ₫,,
Camera Siêu Nhỏ W8 Giám Sát Từ Xa Truyền Tải Hình Ảnh Sắc Nét Độ Phân Giải 1080P Kết Nối Wifi Có Chế Độ Thu Hình Ban Đêm Kích Cỡ Siêu Nhỏ Phù Hợp Dùng Mọi Nơi.,https://www.lazada.vn/products/pdp-i2202844511.html,312.000 ₫,4.0,40 Đã bán
"Camera laptop asus e502,e502s,e502sa,e502m,e502ma tháo máy",https://www.lazada.vn/products/pdp-i2150986111.html,120.000 ₫,,
"Camera Wifi EZVIZ H6C/C6N - 5MP (3K), 3MP (2K) Xoay 360 Độ, Đàm Thoại 2 Chiều, Theo Dõi Chuyển Động - Bảo Hành Chính Hãng 24 Tháng.",https://www.lazada.vn/products/pdp-i3219651156.html,699.000 ₫,,
"Camera giám sát cuộc gọi video hai chiều CV331S Hình Ảnh Full HD - Hồng Ngoại, Xem Trực Tiếp - Xoay 320° - Tích Hợp Đèn",https://www.lazada.vn/products/pdp-i3010959934.html,590.000 ₫,5.0,679 Đã bán
Camera Wifi ngoài trời Imou 2 Mắt Cruiser Dual 10MP IPC-S7XP-10M0WED-Bảo hành Chính Hãng 2 Năm,https://www.lazada.vn/products/pdp-i3089796783.html,1.289.000 ₫,5.0,
Máy ảnh Nội thất Camera WIFI Q11 3MP (1080P) - Xoay 360 Thông Minh + Đàm Thoại 2 Chiều + Quay Theo Chuyển Động - Camera Giám Sát WIFI Không Dây,https://www.lazada.vn/products/pdp-i2580142720.html,255.420 ₫,5.0,511 Đã bán
"Camera an ninh chống trộm, kết nối wifi độ phân giải âm thanh 2 chiều cực rõ, cảm biến theo dõi Báo động chống trọm, Tầm nhìn góc rộng 360",https://www.lazada.vn/products/pdp-i2306563151.html,178.200 ₫,4.0,145 Đã bán
(Lỗi 1 đổi 1 ) Camera OKAM PRO 3 mắt 3 khung hình năng lượng mặt trời dùng sim 4G,https://www.lazada.vn/products/pdp-i2547602129.html,1.055.000 ₫,4.0,120 Đã bán
"Thay camera Laptop lenovo ideapad 100-14iBD, webcam 14iBD",https://www.lazada.vn/products/pdp-i1990774758.html,120.000 ₫,,
15MP Camera CCTV 4G bảo mật IP Máy Ảnh Ngoài Trời 360 PTZ âm thanh hai chiều Không Thấm Nước Nhà Thông Minh bảo vệ an ninh giám sát video,https://www.lazada.vn/products/pdp-i3157709007.html,1.250.000 ₫,,
4K độ nét cao Webcam tự động lấy nét sống Webcam USB ổ đĩa miễn phí với mic Camera cho máy tính,https://www.lazada.vn/products/pdp-i3078028631.html,461.919 ₫,,
Webcam 2K Streaming EMEET C960 - Camera USB 2K với Microphone dành cho Lớp Học Online/Phát Trực Tiếp/Youtube/Tiktok,https://www.lazada.vn/products/pdp-i3130150638.html,1.399.052 ₫,,
"Camera Wifi Imou Cruiser SC K7FP 3MP 5MP SIM 4G Ngoài Trời Xoay, Trang Bị Đèn Chớp Xanh Đỏ Bảo Vệ Toàn Diện",https://www.lazada.vn/products/pdp-i3186581145.html,872.000 ₫,,
Camera IP HD 1080P Tuya Thông Minh Không Dây WiFi IP Camera Giám Sát An Ninh Trong Nhà Camera Quan Sát Âm Thanh 2 Chiều Thú Cưng màn Hình,https://www.lazada.vn/products/pdp-i2356128487.html,188.100 ₫,5.0,14 Đã bán
[VOUCHER 10K CHO ĐƠN 500K] Camera IP Yoosee BLQ18D 2 Mắt Giám Sát Ngoài Trời IP66 Thông Minh Chống Nước An Toàn AI - FHD 2K Siêu Nét,https://www.lazada.vn/products/pdp-i2397751468.html,360.000 ₫,5.0,298 Đã bán
"Camera wifi CareCam Ngoài trời 2 Mắt 2 Khung Hình 10Mpx, Chống nước, Có màu ban đêm, Chạy App: Carecampro",https://www.lazada.vn/products/pdp-i2492839106.html,469.000 ₫,4.0,82 Đã bán
"Chính Hãng Sale 50% Camera Mini Xiaomi, Camera Siêu Nhỏ Kết Nối Điện Thoại, Camera Mini Siêu Nhỏ Wifi W10 FULL HD 1080P, Camera Giám Sát An Ninh Wifi, Tầm Nhìn Ban Đêm Siêu Nét.",https://www.lazada.vn/products/pdp-i3123732083.html,260.420 ₫,5.0,25 Đã bán
Camera Wifi trong nhà và ngoài trời Imou Versa I IPC-C22FP I Đàm thoại I Màu ban đêm I Đế nam châm,https://www.lazada.vn/products/pdp-i2056337316.html,540.000 ₫,4.0,
NEITOOH | Camera Giám Sát Không Dây 360 Độ Toàn Cảnh Trong Nhà,https://www.lazada.vn/products/pdp-i3191151001.html,297.000 ₫,4.0,
Camera cho máy tính có micro máy quay USB máy tính 480p và văn phòng,https://www.lazada.vn/products/pdp-i2646507049.html,165.000 ₫,4.0,28 Đã bán
"Camera siêu nhỏ thế hệ mới full HD 1080P-Camera mini wifi A9 kết nối điện thoại giá rẻ xem qua 3g,4g,5g-Camera wifi mini không dây",https://www.lazada.vn/products/pdp-i3029003883.html,142.782 ₫,4.0,19 Đã bán
"( BẢN MỚI 2022 ) Camera Siêu Nhỏ , Camera Mini , Camera Mini Wifi A9 Full HD 1080PH Hỗ Trợ Đàm Thoại 2 Chiều Ghi Hình Siêu Nét Bảo Hành 1 Năm",https://www.lazada.vn/products/pdp-i1977485350.html,350.000 ₫,4.0,18 Đã bán
NIOYE | Camera An Ninh Không Dây Sạc Pin Trong Nhà Với Giám Sát Từ Xa và Chụp Ảnh HD,https://www.lazada.vn/products/pdp-i3214549107.html,357.000 ₫,4.0,
"Camera hành trình xe mát gắn mũ bảo hiểm Sport camera 4K, Cam hành trình cho xe máy, xe đạp, đi phượt, di lịch",https://www.lazada.vn/products/pdp-i3029581980.html,349.000 ₫,5.0,7 Đã bán
"[VOUCHER 10K CHO ĐƠN 500K] Camera Yoosee Wifi BÓNG ĐÈN 2 MẮT (1 CỐ ĐỊNH, 1 XOAY) thế hệ mới 5.0MP - xoay 360 độ, xem đêm có màu, kèm chui cắm thông minh",https://www.lazada.vn/products/pdp-i2400368303.html,302.000 ₫,5.0,441 Đã bán
Camera Imou Ranger 2C 3MP / 5MP TA32CP/ TA52CP Hàng Chính Hãng,https://www.lazada.vn/products/pdp-i1798086845.html,390.000 ₫,4.0,480 Đã bán
"Camera Ngoài Trời 2.5K Xiaomi Outdoor Camera CW300 EU _ Phiên Bản Quốc Tế, Bảo Hành 12 Tháng",https://www.lazada.vn/products/pdp-i2944527360.html,990.000 ₫,5.0,17 Đã bán
4K Webcam Full HD Web Camera with Microphone USB Plug Auto Autofocus Web Cam for PC Laptop Computer Desktop Camera,https://www.lazada.vn/products/pdp-i3164166146.html,607.551 ₫,,
"Camera laptop asus x556u,a556u tháo máy",https://www.lazada.vn/products/pdp-i2203662842.html,150.000 ₫,,
Computer Online Class Dedicated Live Camera 4K High Definition Webcam for Desktop Notebook,https://www.lazada.vn/products/pdp-i3204461141.html,355.162 ₫,,
Camera laptop hp 14-bf tháo máy,https://www.lazada.vn/products/pdp-i2218206774.html,150.000 ₫,,
"Camera laptop toshiba l500, .l505d.l500d tháo máy",https://www.lazada.vn/products/pdp-i2151065566.html,80.000 ₫,,
Webcam độ nét cao góc xoay camera cho máy tính cho OS x cho Linux cho Windows2000,https://www.lazada.vn/products/pdp-i3062024484.html,265.000 ₫,,
Camera laptop acer r3-471 tháo máy,https://www.lazada.vn/products/pdp-i2150951335.html,150.000 ₫,,
4K độ nét cao Webcam tự động lấy nét sống Webcam USB ổ đĩa miễn phí với mic Camera cho máy tính,https://www.lazada.vn/products/pdp-i3164135917.html,383.000 ₫,,
Webcam Camera cho PC 30fps với microphone cho hội nghị video cho phát trực tiếp,https://www.lazada.vn/products/pdp-i3061908794.html,373.000 ₫,,
Camera laptop hp 850 g3 g4 tháo máy,https://www.lazada.vn/products/pdp-i2397888886.html,150.000 ₫,,
Camera Wifi giám sát có màn hình - gọi video trực tiếp - Siêu nét,https://www.lazada.vn/products/pdp-i3148678505.html,699.000 ₫,,
Imou Camera Wifi ngoài trời Titan Pro I 6MP I IPC-U7LP-6V0NE I Thị Giác Đêm Màu Aurora I AIgo Play,https://www.lazada.vn/products/pdp-i3195931393.html,1.595.000 ₫,,
4K độ nét cao Webcam tự động lấy nét sống Webcam USB ổ đĩa miễn phí với mic Camera cho máy tính,https://www.lazada.vn/products/pdp-i3163647720.html,383.000 ₫,,
"Camera giám sát Imilab EC5 xoay 360 độ độ phân giải 2K, nhìn xuyên đêm, kết nối app Mihome - Camera giám sát ngoài trời",https://www.lazada.vn/products/pdp-i2313054378.html,1.450.000 ₫,,
Hxsj HD PC Webcam 720P Camera Web Cảm biến CMOS Tích hợp Microphone Cam cuộc gọi video Cho Máy Tính Để Bàn Máy Tính Xách Tay,https://www.lazada.vn/products/pdp-i3129366753.html,452.000 ₫,,
V380 Pro App CCTV HD 4K 8MP camera wifi 360 độ PTZ camera ip kết nối internet siêu nét ống kính kép Máy ẢnhTrong Nhà Và 0utdoor bảo mật IP Máy Ảnh Tự Động Theo Dõi Không Thấm Nước đầy màu sắc nhìn trong đêm Hai Cách cảnh báo cuộc gọi Camera giám sát,https://www.lazada.vn/products/pdp-i2905721014.html,592.344 ₫,4.0,34 Đã bán
Camera Wifi Imou K2MP 3mp/5mpĐộ Phân Giải 2K Siêu Nét Xoay 360 Độ có màu ban đêm I Tích hợp chân đế gắn tường,https://www.lazada.vn/products/pdp-i3019502073.html,485.000 ₫,5.0,
Webcam Nhận Dạng Khuôn Mặt USB Được Xây Dựng Trong Tiếng Ồn Hủy Bỏ Mic Camera cho máy tính 1080P Với Riêng Bìa Cho phát trực tiếp Video,https://www.lazada.vn/products/pdp-i3061476868.html,1.133.812 ₫,,
Camera Imou 2 mắt 6MP 10MP trong nhà chính hãng bảo hành 2 năm,https://www.lazada.vn/products/pdp-i2664493472.html,790.000 ₫,5.0,9 Đã bán
Hamrol 10MP Dual Lens PTZ WiFi IP Camera 5G&2.4G HZ IP66 Waterproof Network CCTV O-KAM APP,https://www.lazada.vn/products/pdp-i2903730358.html,509.267 ₫,5.0,
CANON EOS M10 + LENS 15-45MM F/3.5-6.3 IS STM,https://www.lazada.vn/products/pdp-i2345263030.html,11.800.000 ₫,3.5,
Camera laptop acer 14 e5-473 tháo máy,https://www.lazada.vn/products/pdp-i2150934483.html,150.000 ₫,,
Hamrol 4K 8MP WiFi PTZ Camera Dual Lens With Dual Screen IP Camera Ai Auto Tracking Human Detection Outdoor Wireless Security CCTV Camera iCSee APP,https://www.lazada.vn/products/pdp-i2345781372.html,641.267 ₫,5.0,30 Đã bán
Camera Wifi thông minh Icat Mini,https://www.lazada.vn/products/pdp-i2249791200.html,699.000 ₫,,
Camera IMOU ngoài trời S31FEP (Cruiser SE+ 3MP) fullcolor đàm thoại 2chiều,https://www.lazada.vn/products/pdp-i3120511229.html,959.000 ₫,,
"Camera Ngoài Trời IMOU Bullet 2E F52FP 5mpx / F32FP 3mpx Có Mic Thu Âm, Đèn Màu Ban Đêm , Chống Nước IP67",https://www.lazada.vn/products/pdp-i2231998200.html,599.000 ₫,,"7 Đã bán
Hà Nội"
Camera laptop Acer E5-571 tháo máy,https://www.lazada.vn/products/pdp-i2398351751.html,100.000 ₫,,
MÁY ẢNH CANON EOS M3 + LENS KIT EF-M 15-45MM F/3.5-6.3 IS STM,https://www.lazada.vn/products/pdp-i2016411170.html,12.980.000 ₫,3.5,
"Camera Wifi IP Vstarcam C61s Full HD 1536P ốp trần, góc rộng 360 độ, bảo hành 12 tháng",https://www.lazada.vn/products/pdp-i1460596413.html,899.000 ₫,5.0,61 Đã bán
"Camera Imou ZOOM 12X Cruiser Z S7DP Phân Giải 5MP, Đàm Thoại 2 Chiều,Xoay 360 Độ,BẢO HÀNH 24 THÁNG",https://www.lazada.vn/products/pdp-i3091373120.html,1.298.000 ₫,,
"Camera Siêu Nhỏ, Camera Mini Wifi Kết Nối Điện Thoại W10 FULL HD 1080P, Camera Giám Sát An Ninh Wifi, Tầm Nhìn Ban Đêm Camera Giám Sát Không Dây. Hình Ảnh Siêu Nét.",https://www.lazada.vn/products/pdp-i2732188708.html,237.970 ₫,5.0,79 Đã bán
"(Tặng Chân Đế) Camera Imou A32EP 3MP Quay Quét Độ Phân Giải 2K - Độ Phân Giải 2K, Đàm Thoại 2 Chiều, Phát Hiện Con Người (Bản Nâng Cấp A22EP)",https://www.lazada.vn/products/pdp-i2357856120.html,471.000 ₫,5.0,
Camera Mini Không Dây HDQ15 Nhìn Trong Đêm Body Camera Hành Động IP An Ninh Gia Đình Micro Secret Máy Ảnh Nhỏ,https://www.lazada.vn/products/pdp-i3153433639.html,232.000 ₫,,
"SQ11 Camera Mini HD, Camera An Ninh Gia Đình 1080P Không Dây Tầm Nhìn Ban Đêm Máy Quay Video Thể Thao,camera siêu nhỏ,Máy Quay Phim Mini , Máy Quay Phim Siêu Nhỏ Nhìn Đêm Với Cảm Biến Nhỏ DVR DV",https://www.lazada.vn/products/pdp-i2207523667.html,96.500 ₫,,
"CAMERA IP hikvision 2MP H.265+ Cấp nguồn POE . chống nước IP67, DS-2CD1023G0E-I(L), DS-2CD1021G0-I, DS-2CD1121G0-I, DS-2CD1321G0-I ( 1xx3 )",https://www.lazada.vn/products/pdp-i273840514.html,637.000 ₫,5.0,45 Đã bán
"[BẢO HÀNH 2 NĂM] Camera hành trình chống nước 4K SPORT Ultra HD DV, Camera Hành Trình 1080 Sports Cao Cấp Nhỏ Gọn Lấy Nét Hd Tự Động Chụp Hình Quay Video Chất Lượng Hd1080 Hình Sắc Nét, Bảo Hành Tại May Shop Sg.",https://www.lazada.vn/products/pdp-i2123977727.html,426.000 ₫,,
"BOBLOV KJ25 2K máy ảnh đeo trên người, HD 1440p 128GB máy quay video 13hours quay Video Camera cảnh sát bodycam nhìn trong đêm Màu Đỏ la-ser nhanh chóng xác định vị trí Camera hành động để đi bộ đường dài, đi bộ, thực thi pháp luật",https://www.lazada.vn/products/pdp-i2619439625.html,978.999 ₫,5.0,13 Đã bán
Camera ICSEE 2 Wifi Camera Giám Sát Trong Nhà Ngoài Trời Xoay 4 Chiều Dễ Dàng Cài Đặt Quan Sát Ban Đêm Hiệu Quả GD912,https://www.lazada.vn/products/pdp-i2749297228.html,578.000 ₫,5.0,102 Đã bán
Camera an ninh trong nhà thông minh SONOFF CAM Pan-Tilt 2 CAM-PT2 Camera WiFi 1080P Full HD Tầm nhìn ban đêm thông minh Phát hiện con người Điều khiển bằng ứng dụng eWeLink Cài đặt điểm đặt trước Máy theo dõi trẻ em trong nhà thông minh,https://www.lazada.vn/products/pdp-i3136112762.html,662.000 ₫,,
camera laptop acer F5-573 ( 390Q )webcam,https://www.lazada.vn/products/pdp-i1824783348.html,180.000 ₫,,
Camera laptop lenovo y450 tháo máy,https://www.lazada.vn/products/pdp-i2150946802.html,80.000 ₫,,
Camera Laptop Asus x441 x441s,https://www.lazada.vn/products/pdp-i2318463965.html,120.000 ₫,,
"Camera laptop toshiba l655,c650,c660,l650,l670 tháo máy",https://www.lazada.vn/products/pdp-i2151667867.html,100.000 ₫,,
"Camera laptop acer v5-573,v5-572 tháo máy",https://www.lazada.vn/products/pdp-i2150980399.html,100.000 ₫,,
Camera laptop toshiba u500 tháo máy,https://www.lazada.vn/products/pdp-i2151817203.html,80.000 ₫,,
"Camera laptop asus x451c,x451,f541,f451c tháo máy",https://www.lazada.vn/products/pdp-i2150999192.html,120.000 ₫,,
Camera Laptop Sony Vaio Pro SVP13223SG,https://www.lazada.vn/products/pdp-i2053992110.html,250.000 ₫,,
Webcam độ nét cao USB ánh sáng trắng ánh sáng mềm mại ánh sáng ấm áp tự động lấy nét đèn chiếu sáng phụ Camera Web 1080P Micro tích hợp cho khóa học trực tuyến,https://www.lazada.vn/products/pdp-i3059422341.html,719.000 ₫,,
"Camera laptop acer e1-572,e1-572g,e1-532 tháo máy",https://www.lazada.vn/products/pdp-i2150972194.html,150.000 ₫,,
"Camera ảnh nhiệt UNI-T UTi32 (-20~1000℃, 32x32 Pixel, LCD)(Bảo hành 12 tháng)",https://www.lazada.vn/products/pdp-i2891775329.html,3.900.000 ₫,,
Camera wifi tích hợp màn hình.,https://www.lazada.vn/products/pdp-i3100702265.html,599.000 ₫,,
Camera laptop dell v3546 tháo máy,https://www.lazada.vn/products/pdp-i2151761522.html,150.000 ₫,,
Webcam Có Micrô máy tính Webcam độ nét cao 1080P Camera Web máy tính USB góc rộng 120 độ với ổ đĩa miễn phí đèn lấp đầy để ghi âm cuộc gọi hội nghị chơi game tương thích với Windows Vista ios androi,https://www.lazada.vn/products/pdp-i3142841809.html,518.000 ₫,,
Camera laptop Sony Vaio sve151a11w WEBCAM,https://www.lazada.vn/products/pdp-i1871980682.html,150.000 ₫,,
"Camera laptop lenovo g360,g365 tháo máy",https://www.lazada.vn/products/pdp-i2151753680.html,100.000 ₫,,
"Camera IP HIKVISION Thân trụ DS-2CD1027G2-L,hình ảnh màu sắc 24/7,Vỏ kim loại,Chống ngược sáng -Kho camera",https://www.lazada.vn/products/pdp-i3155468197.html,1.306.000 ₫,,
"Camera trong nhà Vstarcam CS49L Full HD 1296P (3MP), tích hợp AI, đèn chiếu sáng ban đêm, bảo hành 12 tháng",https://www.lazada.vn/products/pdp-i2312918120.html,669.000 ₫,5.0,5 Đã bán
Camera WIFI Ngoài Trời IMOU IPC-S21FP 2MP Quay Quét Có Màu Ban Đêm,https://www.lazada.vn/products/pdp-i3001374670.html,798.000 ₫,,
"[CÓ PIN - DỄ DI CHUYỂN]Camera WIFI KM01 HD1080P, Hình ảnh siêu nét, phát hiện chuyển động, quan sát gia đình tiện lợi",https://www.lazada.vn/products/pdp-i1778786302.html,498.000 ₫,,
Camera wifi,https://www.lazada.vn/products/pdp-i3100696209.html,399.000 ₫,,
"Camera gắn mũ bảo hiểm,Bán Camera Đi Phượt, Camera Hành Trình 1080 Sports Cao Cấp Đa Năng Chất Lượng Full Hd 1080,Có Chống Rung Kèm Chống Bụi,Chống Nước,Giá Ưu Đãi Sốc Bởi Lucky Store SG. EEQ23",https://www.lazada.vn/products/pdp-i3140108744.html,248.000 ₫,5.0,
camera giám sát từ xa,https://www.lazada.vn/products/pdp-i1996672539.html,350.000 ₫,,
NIOYE | Camera Thông Minh Gọi Video Giám Sát 360° HD,https://www.lazada.vn/products/pdp-i3214549083.html,870.000 ₫,4.0,
Camera laptop acer 5536 tháo máy,https://www.lazada.vn/products/pdp-i2150906196.html,100.000 ₫,,
LOOSAFE Camera ngoài trời trong nhà 4MP 5MP 8MP 4K POE H.265 CCTV Camera an ninh IP có tầm nhìn ban đêm,https://www.lazada.vn/products/pdp-i3116988618.html,486.779 ₫,5.0,
HATELI Camera Thông Minh Camera Quay Video Quan Sát Ban Đêm WiFi Không Dây Góc 360 Máy Quay Webcam Bảo Vệ An Ninh Gia Đình Chó Mèo Đồ chơi cho thú cưng,https://www.lazada.vn/products/pdp-i1892004106.html,910.720 ₫,,
"Camera Wifi IMOU Ngoài Trời BULLET 3 S3EP-5M0WE 5MP,Đàm Thoại 2 Chiều,Full Color-Trang Bị IMOU SENSE",https://www.lazada.vn/products/pdp-i2944357942.html,823.000 ₫,,"5 Đã bán
Hồ Chí Minh"
"CAMERA WIFI ngoài trời cực đẹp - "" GIÁ SIÊU RẺ """,https://www.lazada.vn/products/pdp-i2467089693.html,950.000 ₫,,
FUJIFILM X-A3 + LENS XC 16-50MM F/3.5-5.6 OIS II,https://www.lazada.vn/products/pdp-i2383665361.html,12.395.000 ₫,3.5,
"HIKVISION Camera Thân TVI/AHD/CVI/CVBS, 2MP ColorVu có màu 24/7 Hồng ngoại 20m, Võ sắt - DS-2CE10DF0T-F",https://www.lazada.vn/products/pdp-i2607022605.html,582.000 ₫,5.0,
"Camera Imou A32EP 3.0MP, xoay 360, chính hãng bh 2 năm, lắp trong nhà",https://www.lazada.vn/products/pdp-i3139164889.html,390.000 ₫,5.0,
"Camera Ẩn Tốt, Rẻ Đáng Sử Dụng Nhất LazMall Camera Kín Camera An Ninh Không Dây Camera Giám Sát An Ninh Chống Trộm Wifi HD W10 Siêu Nhỏ Quay Video HD Chế Độ Hồng Ngoại Ban Đên, Phát Hiện Chuyển Động DV VCR Khó Phát Hiện",https://www.lazada.vn/products/pdp-i3168402228.html,143.736 ₫,,
HEITAILANG | Camera Giám Sát Không Dây có Tầm Nhìn Đêm HD và Mắt Mèo Thông Minh,https://www.lazada.vn/products/pdp-i3196278425.html,621.000 ₫,4.0,
"Camera CCD Camera hai ống kính cho chụp ảnh phong cảnh, camera phong cách retro có đèn flash cho sinh viên",https://www.lazada.vn/products/pdp-i3055695602.html,454.880 ₫,,
Camera Quay Nước Biển Bằng Silicon Có Chân Đế Bằng Thép Không Gỉ Camera Quay Cá Mập Chuyên Dụng Cho Câu Cá Ngoài Trời,https://www.lazada.vn/products/pdp-i3194410063.html,110.000 ₫,,"600 Đã bán
Hong Kong"
Camera Wifi ngoài trời Imou Cruiser 2 I 3MP/5MP I IPC-GS7EP-5M0WE I Đàm thoại 2 chiều I Phát hiện phương tiện,https://www.lazada.vn/products/pdp-i2279970767.html,919.000 ₫,4.0,331 Đã bán
"Camera KBVISION Analog Dome 2.0MP - KX-C2004S5 - Hồng Ngoại 50m, Vỏ Sắt, Nguồn 12v",https://www.lazada.vn/products/pdp-i2651130509.html,469.000 ₫,5.0,
LOOSAFE 3MP 5MP HD Ngoài Trời Camera An Ninh Bảo Mật Camera IP Poe H.265X Âm Thanh Video ONVIF Tầm Nhìn Ban Đêm Camera Giám Sát Cho POE NVR Bộ Dụng Cụ,https://www.lazada.vn/products/pdp-i516634138.html,516.000 ₫,4.0,55 Đã bán
Bộ Camera Quan Sát 4 Mắt Hikvision 2.0MP Full HD - Bộ Camera Giám Sát Hikvision . Hàng Chính Hãng - Bảo Hành 2 Năm Sử Dụng .,https://www.lazada.vn/products/pdp-i2162225842.html,1.690.000 ₫,4.0,50 Đã bán
"Camera laptop lenovo z370,z470,z475 tháo máy",https://www.lazada.vn/products/pdp-i2151822157.html,100.000 ₫,,
"Camera laptop dell n5547,n5548,n5447,n5448,n5442,n5443,n5445 tháo máy",https://www.lazada.vn/products/pdp-i2278770513.html,150.000 ₫,,
Webcam USB Camera cho PC đèn chiếu sáng phụ siêu sáng cho màn hình LCD,https://www.lazada.vn/products/pdp-i3082495352.html,496.000 ₫,,
Camera laptop samsung q428 tháo máy,https://www.lazada.vn/products/pdp-i2151066595.html,80.000 ₫,,
Camera laptop lg a520 tháo máy,https://www.lazada.vn/products/pdp-i2150958716.html,80.000 ₫,,
"Camera Ngoài Trời IMOU B7ED AOV PT 5MP | Camera dùng Pin mặt trời Hỗ trợ 4G, Công Nghệ AI | BH 2 NĂM",https://www.lazada.vn/products/pdp-i3210046027.html,2.259.000 ₫,,
KKMOON Camera HD 1080P Webcam Camera Máy Tính 2 Megapixel Zoom Quang Học 5X Chế Độ Xem Rộng 155 Độ Tự Động Bù Phơi Sáng Lấy Nét Thủ Công Với Giá Đỡ Micrô Cắm Và Phát USB Cho Hội Nghị Video Giảng Dạy Trực Tuyến Chat Trực Tiếp Trên Web,https://www.lazada.vn/products/pdp-i1521646109.html,1.505.000 ₫,5.0,
"Webcam online dùng cho máy tính bàn, laptop PC Camera 480P tích hợp mic",https://www.lazada.vn/products/pdp-i2634560245.html,97.000 ₫,,
"Camera Wifi Ngoài Trời IMOU 5MP IPC-S3EP-5M0WE Tích Hợp Đèn Spotlight, Còi Báo Động",https://www.lazada.vn/products/pdp-i3001537233.html,998.000 ₫,,
Camera laptop HP 15-BS 15T-BS 15-BW 15-BR tháo máy,https://www.lazada.vn/products/pdp-i2638094175.html,120.000 ₫,,
IMOU Camera IPC-C32EP-IMOU Cue 2E 2K 3MP Two-Way Talk Phát Hiện Con Người Quan Sát Ban Đêm,https://www.lazada.vn/products/pdp-i3214465591.html,435.000 ₫,,
"Trọn bộ 4 camera hồng ngoại HD 2.0MP HIKVISION, Lắp đặt trong nhà hoặc ngoài trời, bảo hành chính hãng 2 năm, 1 đổi 1 mới trong 30 ngày",https://www.lazada.vn/products/pdp-i2513615343.html,1.940.000 ₫,5.0,
"Brifit Camera giám sát trẻ em cho an ninh gia đình- Camera IP 1080p HD hai chiều trong nhà Outdoor Monitor Cam Monitor Outdoor Monitor, Tầm nhìn ban đêm hồng ngoại, chức năng báo động, giám sát từ xa cho nhà văn phòng",https://www.lazada.vn/products/pdp-i2602790766.html,315.000 ₫,,
"Camera hành trình 5k, Cam hành trình chống rung, Chống nước, Camera đi phượt gắn trên xe máy, Ô tô, Mũ bảo hiểm",https://www.lazada.vn/products/pdp-i3029777080.html,1.209.000 ₫,,
Camera AI trong nhà Reoqoo XT-X10B 2K 3MP – Tặng thẻ 32Gb,https://www.lazada.vn/products/pdp-i2709889309.html,624.000 ₫,,
Thay camera laptop acer aspire 4745 4820 webcam,https://www.lazada.vn/products/pdp-i1963947054.html,140.000 ₫,,
"Camera Imou Dùng Sim 4G 5.0MP, Có Màu Ban Đêm, Có LAN, Đàm Thoại 2 Chiều, Báo Động Bằng Còi & Đèn - IPC-K7FP-5H0TE",https://www.lazada.vn/products/pdp-i3204914163.html,1.286.000 ₫,,
CAMERA LAPTOP HP NOTEBOOK 250 G1 WEBCAM 250 G1,https://www.lazada.vn/products/pdp-i2219258150.html,70.000 ₫,,
Hamrol 5MP Mini Indoor WiFi Camera 5G Hz Built-in 2400mAh Rechargeable Battery 5X Zoom CCTV O-Kam Pro,https://www.lazada.vn/products/pdp-i3030426819.html,999.000 ₫,,
"Camera IMOU ngoài trời F32FP 3MP (BULLET 2E) có màu đêm chuẩn, chống nước IP67 tích hợp đèn báo",https://www.lazada.vn/products/pdp-i3094736946.html,589.000 ₫,5.0,
"Camera Hành Trình KAW, Camera Full HD 4K, Hình Ảnh Siêu Nét Cảnh Báo Va Chạm, Ghi âm , Góc Quay Rộng",https://www.lazada.vn/products/pdp-i2724616457.html,923.400 ₫,5.0,323 Đã bán
"Camera Quay Video 5K Chống Rung, Chống Thấm Nước, Hai Màn Hình, Độ Nét Cao, Máy Quay Xe Đạp, Mũ Bảo Hiểm Xe Máy, Ghi Hình Xe Máy",https://www.lazada.vn/products/pdp-i3141072176.html,1.145.000 ₫,,"6 Đã bán
China"
Webcam máy tính HXSJ S4 HD 1080P USB3.0 2.0 Camera Có Thể Điều Chỉnh 360° Kèm Mic Cho Cuộc Gọi Video - Hàng Chính Hãng,https://www.lazada.vn/products/pdp-i2591949772.html,509.000 ₫,2.0,
"Máy ảnh phim 35mm, Máy ảnh phim phản chiếu đôi retro cổ điển Tự làm ống kính kép, máy ảnh tlr cho phim 135 35mm, Tiêu cự ống kính 47mm, tốc độ màn trập 1/125 giây, Dễ sử dụng",https://www.lazada.vn/products/pdp-i3109466066.html,985.800 ₫,,
"Camera IP 3MP quay đêm có màu, có míc thu âm vỏ nhựa chống nước",https://www.lazada.vn/products/pdp-i2469997597.html,795.000 ₫,,
Ekleva 9MP Wifi PTZ survalance máy ảnh ai con người phát hiện đêm đầy màu sắc cam bé màn hình trong nhà CCTV bảo mật IP Webcam,https://www.lazada.vn/products/pdp-i2483835200.html,475.388 ₫,,
webcam máy tính bàn camera 480p.,https://www.lazada.vn/products/pdp-i2634489808.html,90.000 ₫,,
Camera IP 360 Độ 2MP Ezviz C6N - Đàm Thoại 2 Chiều - Phát Hiện Chuyển Động - Giá Rẻ,https://www.lazada.vn/products/pdp-i2548637463.html,618.579 ₫,,
Camera hành trình Imou T200 2MP /T400 4MP,https://www.lazada.vn/products/pdp-i2742603421.html,1.000.000 ₫,,
Camera IP giám sát Xiaomi C400 MJSXJ11CM bản quốc tế,https://www.lazada.vn/products/pdp-i3159455647.html,880.000 ₫,,
Camera HDTVI 2MP Full Color HIKVISION DS-2CE76D0T-EXLPF,https://www.lazada.vn/products/pdp-i1733273688.html,344.000 ₫,4.0,206 Đã bán
"Camera lùi cho xe tải, xe khách, chân kết nối GX12-4P, AHD, 8 led, dùng cho các đầu VIETTEL, SD-MDVR, đầu camera Navicom",https://www.lazada.vn/products/pdp-i1453762600.html,245.000 ₫,5.0,54 Đã bán
SONOFF CAM Slim Gen2 WiFi Camera CCTV Smart Home Security Camera 1080P HD Human Detection Sleep Mode Night Vision Two-Way Audio Customize Alert Zones Indoor Monitor,https://www.lazada.vn/products/pdp-i2831961071.html,449.000 ₫,5.0,53 Đã bán
Camera WIFI Trong Nhà Camera giám sát từ xa HD 1080P Máy ghi âm lái xe tầm nhìn ban đêm hồng ngoại mini,https://www.lazada.vn/products/pdp-i2652130224.html,129.000 ₫,3.0,16 Đã bán
HEITAILANG | Camera An Ninh Nhà Thông Minh Không Dây với Truy Cập Điện Thoại Từ Xa và Hình Ảnh Đêm,https://www.lazada.vn/products/pdp-i3227797047.html,634.000 ₫,4.0,
"Camera Xiaomi Smart C200 / C300 / C301 / C400 / C500 Pro - 2MP/3MP/3.1MP/4MP/5MP, Ai phát hiện con người, Bản quốc tế BHR6540GL - Bảo hành 12 tháng",https://www.lazada.vn/products/pdp-i2731000408.html,549.000 ₫,5.0,732 Đã bán
"Sale Xiaomi Sale Chính Hãng Camera Hành Trình Máy Quay Thể Thao Dã Ngoại, Du Lịch, Phượt,...Camera Hành Trình Dân Phượt Sports A8 FullHD 1080 Gắn Mũ Bảo Hiểm, Xe Máy, Xe Hơi Ghi Hình Cực Nét Chính Hãng",https://www.lazada.vn/products/pdp-i2659292589.html,235.066 ₫,5.0,30 Đã bán
Ekleva Dash Cam cho xe 1080P nhìn xuyên đêm HD Camera hành trình Wi-Fi ẩn Dashcam DVR phát hiện chuyển động 170 ° FOV máy ảnh cho xe hơi,https://www.lazada.vn/products/pdp-i2408048178.html,497.400 ₫,5.0,50 Đã bán
UYEA | Camera Giám Sát Thông Minh Không Dây với Chức Năng Quay Video HD 360 Độ và Hỗ Trợ Xem Đêm,https://www.lazada.vn/products/pdp-i3196347028.html,257.000 ₫,4.0,
"Camera EZVIZ C6N Pro 3MP 2K trong nhà, Xoay 360 độ, phát hiện người báo động, Nút call gọi điện đàm thoại 2 chiều, có đế tròn gắn trần",https://www.lazada.vn/products/pdp-i685328751.html,517.000 ₫,4.0,
Camera laptop lenovo y460 zin tháo máy,https://www.lazada.vn/products/pdp-i2151698976.html,100.000 ₫,,
Camera Laptop Asus zenbook ux32 ux32v ux32vd,https://www.lazada.vn/products/pdp-i2333033222.html,150.000 ₫,,
Camera laptop lenovo ideapad u410 tháo máy,https://www.lazada.vn/products/pdp-i2150965498.html,120.000 ₫,,
"Camera laptop lenovo v470,z470,z475,z370,g470,b470,b475 tháo máy",https://www.lazada.vn/products/pdp-i2151743788.html,100.000 ₫,,
Camera cho PC HD 360 ° Chân quay xây dựng trong Microphone tự động cân bằng trắng clip‑on USB 2.0 Camera cho văn phòng nhà,https://www.lazada.vn/products/pdp-i3094149660.html,163.534 ₫,2.0,
Camera laptop asus k501 tháo máy,https://www.lazada.vn/products/pdp-i2575884444.html,120.000 ₫,,
"Camera máy tính bàn, laptop cắm vào là dùng ngay Webcam full HD 1080P mới - BH 1 năm",https://www.lazada.vn/products/pdp-i2634606618.html,249.000 ₫,,
Webcam 1280x72 0P Camera cho máy tính cho cuộc gọi video,https://www.lazada.vn/products/pdp-i3038838355.html,547.000 ₫,,
"Camera laptop toshiba l510,l515 tháo máy",https://www.lazada.vn/products/pdp-i2151734637.html,80.000 ₫,,
CAMERA LAPTOP LENVO G460 G465 G565 G560 WEBCAM 460 465 G560,https://www.lazada.vn/products/pdp-i2219206196.html,50.000 ₫,,
Camera webcam laptop Samsung NP270E5V NP300E5E- 300E,https://www.lazada.vn/products/pdp-i1737357273.html,180.000 ₫,,
Phát trực tuyến Webcam web chống mòn camera cho Win10 cho Android cho OS x,https://www.lazada.vn/products/pdp-i3061146514.html,174.000 ₫,,
Máy ảnh Panasonic Lumix GX1 máy ảnh Lumix GX1 kèm lens 14-42 HD,https://www.lazada.vn/products/pdp-i2047710384.html,4.990.000 ₫,,
Ekleva Camera DVR ô tô 3 Inch HD 1080P Dash Cam 170 ° Góc Rộng nhìn trong đêm Camera ô tô Cách ghi lặp lại máy quay video Với G-Cảm Biến,https://www.lazada.vn/products/pdp-i2407988233.html,557.400 ₫,4.0,42 Đã bán
Webcam Giao diện camera cho máy tính USB2.0 để dạy web cho hội nghị video cho phát sóng trực tiếp trên web,https://www.lazada.vn/products/pdp-i3061902888.html,270.000 ₫,,
Bộ Camera Quan Sát IP POE Hikvision 8 Kênh Full HD 1080P Có Màu Ban Đêm Tích Hợp Mic Thu Âm,https://www.lazada.vn/products/pdp-i2345642880.html,6.890.000 ₫,4.0,
AIODIY Wireless Network Monitor WIFI Home Camera Trong nhà Chống thấm nước HD Night Vision Điện thoại di động Màn hình từ xa,https://www.lazada.vn/products/pdp-i2946644294.html,723.492 ₫,,
"Camera trong nhà Vstarcam CS2DR Full HD 1296P (3MP), tích hợp AI, 2 ống kính, bảo hành 12 tháng",https://www.lazada.vn/products/pdp-i3119717150.html,599.000 ₫,,
Camera Web Với đèn chiếu sáng phụ Độ Phân Giải Cao 4K Webcam Với Ánh Sáng Micro tích hợp Với Điều Khiển Từ Xa Cho phát trực tiếp,https://www.lazada.vn/products/pdp-i3143698844.html,794.000 ₫,,
Camera cho máy tính tự động giảm tiếng ồn Webcam USB cho nhà cho văn phòng cho phòng,https://www.lazada.vn/products/pdp-i3087864223.html,244.000 ₫,,
camera LAPTOP MSI GAMING GL62 GP62 GV62 MS-16J5 - MS-16J5,https://www.lazada.vn/products/pdp-i1843049240.html,950.000 ₫,,
Camera laptop sony pcg-7182w tháo máy,https://www.lazada.vn/products/pdp-i2151766671.html,100.000 ₫,,
"Trọn bộ 4 camera kbvision full hd 1080p đầy đủ phụ kiện ,độ phân giải 2.0 Megapixel. Hướng dẫn lắp đặt chi tiết dễ dàng.",https://www.lazada.vn/products/pdp-i2188802183.html,2.090.000 ₫,2.0,
"Camera IP HIKVISION,4MP Thân trụ DS-2CD1T47G2-LUF hình ảnh màu sắc 24/7,micro thu âm,trợ sáng ban đêm lên đến 50m",https://www.lazada.vn/products/pdp-i3155350582.html,1.882.000 ₫,,
Camera laptop dell inspiron 1440 webcam,https://www.lazada.vn/products/pdp-i1899397041.html,120.000 ₫,,
Camera 4G imou IPC-K7FP-5H0TE Chính Hãng BH 24 tháng,https://www.lazada.vn/products/pdp-i3174769923.html,1.075.000 ₫,,
"Camera Hành Trình Máy Quay Thể Thao Dã Ngoại, Du Lịch, Phượt,...Camera Hành Trình Dân Phượt Sports A8 FullHD 1080 Gắn Mũ Bảo Hiểm, Xe Máy, Xe Hơi Ghi Hình Cực Nét Chính Hãng",https://www.lazada.vn/products/pdp-i3145584619.html,239.000 ₫,,
Video Thông Minh máy ảnh 4K Camera giám sát HD màn hình quan sát ban đêm cam có thể sạc qua USB xem từ xa cho trong nhà ngoài trời,https://www.lazada.vn/products/pdp-i2423943838.html,492.000 ₫,5.0,
Camera cho máy tính xách tay Webcam thời gian thực ghi âm cuộc họp cho các cuộc gọi video máy tính xách tay Máy tính để bàn,https://www.lazada.vn/products/pdp-i3062981031.html,241.000 ₫,,
CỤM CAMERA LAPTOP Dell Venue 11 Pro 7130,https://www.lazada.vn/products/pdp-i2935155262.html,135.000 ₫,,
Camera Giám Sát WiFi Không Dây Với Tầm Nhìn Ban Đêm Độ Nét Cao Ăng-ten Đơn Camera An Ninh Gia Đình Hồng Ngoại Màu Vàng Để Yên Tâm,https://www.lazada.vn/products/pdp-i3180370459.html,171.000 ₫,,
Tuya 8MP Camera IP WiFi Với Ống Kính Kép Trẻ Em Màu Sắc Tầm Nhìn Ban Đêm Theo Dõi Con Người Nhà Thông Minh Giám Sát Video Camera,https://www.lazada.vn/products/pdp-i2755964809.html,601.000 ₫,5.0,36 Đã bán
A9 1080P HD Wifi Mini Camera Surveillance Cameras Sensor Camcorder Web Video Smart Home Safety Wireless Security Monitoring Cam,https://www.lazada.vn/products/pdp-i3102972596.html,30.888 ₫,,
Camera IP 4K 1080P Với Ống Kính Kép PTZ Wifi Màn Hình Kép Tự Động Theo Dõi Camera An Ninh Màu Sắc Tầm Nhìn Ban Đêm Âm Thanh Hai Chiều,https://www.lazada.vn/products/pdp-i3208666219.html,283.900 ₫,,
Camera WiFi Không Dây Giám Sát Hồng Ngoại HD Tầm Nhìn Ban Đêm S9 Màn Hình Nền Tảng Đám Mây An Ninh,https://www.lazada.vn/products/pdp-i3200493752.html,264.350 ₫,,"7 Đã bán
Nước ngoài"
YUYIN4 Camera Mini Camera HD không dây Micro Máy quay phim bí mật ghi âm DVR Cam hành động,https://www.lazada.vn/products/pdp-i2764573221.html,80.921 ₫,4.0,44 Đã bán
Xem nhà với màn hình camera gọi video hai chiều người chăm sóc trẻ em lớn tuổi một cú nhấp chuột Camera giám sát gọi,https://www.lazada.vn/products/pdp-i3066424944.html,390.665 ₫,5.0,
【easy to use】Good quality camera mini nhỏ home cctv wifi Camera An Ninh 1080p Hd Không Dây Wifi Mini Camera Quan Sát Ban Đêm Ir Camera Cctv A9 Siêu Nhỏ Và Vô Hình Sạc Usb Pin Dung Lượng Lớn camera siêu tí hon,https://www.lazada.vn/products/pdp-i3024832292.html,399.000 ₫,,
Webcam Mini 4K 1080P Full HD 2K Có Micro 30fps Tự Động Lấy Nét USB Web Camera Cho Máy Tính Laptop Quay Video,https://www.lazada.vn/products/pdp-i2434596247.html,306.000 ₫,4.0,372 Đã bán
Camera An Ninh Tầm Nhìn Ban Đêm Độ Phân Giải Cao Không Dây Camera IP Giám Sát Từ Xa Di Động Từ Trung Quốc Đại Lục,https://www.lazada.vn/products/pdp-i3193462517.html,192.000 ₫,,
"Imx335 5MP USB Camera (A), khẩu độ lớn, quay video 2K, plug-and-play, trình điều khiển miễn phí",https://www.lazada.vn/products/pdp-i2490037600.html,998.477 ₫,,
1080P USB Webcam Computer Camera with HiFi Speaker Microphone Computer Camera Video Conference Camera Parts for PC Laptop,https://www.lazada.vn/products/pdp-i2851781464.html,987.474 ₫,,
Arenti 1080P 2.4 & 5GHz 2K Surveillance Cameras Indoor Home Security IP Camera Wi-Fi Wireless Cam Baby Monitor Night Vision,https://www.lazada.vn/products/pdp-i3102879780.html,478.920 ₫,2.4,
[Nzvu5py] Xiaomi mới Mijia Camera IP thông minh 2K 1296P Nhìn Xuyên Đêm HD Webcam em bé Máy Quay Video màn hình an ninh ai thông minh Mi con người cuộc sống gia đình,https://www.lazada.vn/products/pdp-i2513316783.html,890.000 ₫,,
Industrial 4K USB Webcam PC Laptops Video 8MP Autofocus USB Camera IMX179 Sensor OTG UVC Plug & Play,https://www.lazada.vn/products/pdp-i3074386834.html,842.331 ₫,,
"Joyusing flip600r Webcam 4k để phát trực tuyến-Webcam độ nét cao siêu 4K với chân máy, tự động lấy nét PDAF, mic khử tiếng ồn, 79 ° FOV, chỉnh đèn tự động, vỏ riêng tư, camera phát trực tuyến để chơi game/làm đẹp",https://www.lazada.vn/products/pdp-i3203450190.html,845.000 ₫,,
"Camera góc rộng 208C, ống kính góc rộng, 600TVL, FPV micrô, PAL, MTSC, giám sát tầm nhìn ban đêm, ống kính camera hồng ngoại , chịu được 120",https://www.lazada.vn/products/pdp-i2954594768.html,344.086 ₫,,
Camera Cổ Mèo Không Dây Có Màn Hình Không Cần WiFi Camera Giám Sát Thú Cưng Vòng Cổ Theo Dõi Chó Để Ghi Video Hoạt Động Ngoài Trời,https://www.lazada.vn/products/pdp-i2717310883.html,1.127.000 ₫,,
"Camera Laptop Acer Aspire V5-131 , V5-171",https://www.lazada.vn/products/pdp-i2231909368.html,120.000 ₫,,
HD trong nhà Mini Video CCTV IP không dây thông minh giám sát màn hình quay phim an ninh Pin Camera Wifi skol cửa hàng,https://www.lazada.vn/products/pdp-i2532981246.html,605.000 ₫,,
"(ZFVI) 4K Webcam with Microphone and Fill Light, HD Autofocus Computer Camera for Pc Laptop Desktop Video Calling, Easy to Use Fine Workmanship",https://www.lazada.vn/products/pdp-i3072776271.html,980.788 ₫,,
"13MP Camera Module 13850 Webcam Length 3000mm, 1300W Pixels Camera RK3358/3358S for 5/5B/5Plus",https://www.lazada.vn/products/pdp-i3065957698.html,764.400 ₫,,
Camera 1080 HD hồng ngoại thông minh WIFI không dây quan sát ban đêm nhà an ninh xa và tầm gần thể thao nhỏ máy ảnh,https://www.lazada.vn/products/pdp-i3080178670.html,312.238 ₫,,
Logitech C270 720P Màn Hình Rộng Webcam Video Máy Tính Xách Tay Camera cho PC Cho cuộc gọi video Và Ghi Âm,https://www.lazada.vn/products/pdp-i3223342587.html,734.000 ₫,,
"(OMAI) 4K Webcam with Microphone and Fill Light, HD Autofocus Computer Camera for Pc Laptop Desktop Video Calling, Easy to Use Fine Workmanship",https://www.lazada.vn/products/pdp-i3209067358.html,955.720 ₫,,
Camera laptop toshiba satellite u800 u845 l740 webcam,https://www.lazada.vn/products/pdp-i1856323582.html,150.000 ₫,,
"Máy tính độ nét cao 4K cho các lớp học trực tuyến, phỏng vấn kỳ thi tuyển sinh Sau Đại Học Phát sóng trực tiếp, Webcam Camera cho laptop máy tính để bàn bên ngoài",https://www.lazada.vn/products/pdp-i2966866085.html,454.719 ₫,,
"Camera laptop hp 640 g1,g2,hp 645 g1,g2,hp 650 g1,g2,hp 655 g1,g2,hp 430 g1,g2,hp 440 g1,g2,hp 840 g1,g2 zin tháo máy",https://www.lazada.vn/products/pdp-i2151776499.html,150.000 ₫,,
"(ECRW) 4K Webcam with Microphone and Fill Light, HD Autofocus Computer Camera for Pc Laptop Desktop Video Calling, Easy to Use",https://www.lazada.vn/products/pdp-i3152776933.html,933.720 ₫,,
"Camera không dây 1080P, màn hình độ nét cao, kết nối 360 độ với điện thoại di động, Camera Wifi cắm miễn phí, không cần mạng để sử dụng tại nhà",https://www.lazada.vn/products/pdp-i2393884838.html,602.000 ₫,,
IMX179 Camera Module 8MP Autofocus 78 Degree High-Definition Mini IP Webcam CMOS 3264x2488 USB Plug Play for Laptop,https://www.lazada.vn/products/pdp-i3227571574.html,752.000 ₫,,
"Camera IP Wifi Global IOT-06 2.0Mp Full HD 1080p, Có Báo Động - Camera Global IOT-06 ( 4MPX,xoay 360) (Có lựa chọn: CAMERA LẺ, COMBO CAMERA KÈM THẺ NHỚ) -SP001929",https://www.lazada.vn/products/pdp-i1390314476.html,453.000 ₫,5.0,
Camera WIFI Mini 1080P Full-HD Với Ống Kính Rắn Có Thể Điều Chỉnh Máy Quay Giám Sát Gia Đình An Ninh Nhỏ,https://www.lazada.vn/products/pdp-i2667019690.html,825.000 ₫,4.0,116 Đã bán
Camera IP WiFi Không Dây Mini 1080P HD - Camera Chống Trộm An Ninh Gia Đình Nhỏ Nhất Với Chức Năng Xem Video Từ Xa Thời Gian Thực,https://www.lazada.vn/products/pdp-i3217968644.html,438.600 ₫,,"100 Đã bán
China"
"Camera laptop dell n4050,n4040,n4010,n4030,n1440,n1450,n1540,v3420,v3520 tháo máy",https://www.lazada.vn/products/pdp-i2151719752.html,100.000 ₫,,
【ZHO】-Webcam USB Camera 1080P 30FPS Streaming Web Camera Autofocus Living Stream Camera with Mics for Desktop Meeting,https://www.lazada.vn/products/pdp-i3039996482.html,936.305 ₫,,
"Camera đứng USB để bàn, webcam phát trực tuyến HD 1080P(2K) 30hz có mic, 360 độ ° Camera di động xoay với ống kính góc rộng, thích hợp cho hội nghị/cuộc gọi/lớp học trực tuyến/phát sóng trực tiếp",https://www.lazada.vn/products/pdp-i3103202696.html,411.908 ₫,,
LIWEILY-Webcam USB Camera 1080P 30FPS Streaming Web Camera Autofocus Living Stream Camera with Mics for Desktop Meeting,https://www.lazada.vn/products/pdp-i3043802179.html,915.356 ₫,,
Camera WiFi 5MP Trong Nhà Tích Hợp Pin Phát Hiện Con Người Hồng Ngoại Nhìn Đêm Di Động Giám Sát Video Cho An Ninh Gia Đình,https://www.lazada.vn/products/pdp-i3206813054.html,405.450 ₫,,"80 Đã bán
China"
Máy ảnh Panasonic Lumix FZ18 cảm biến CCD,https://www.lazada.vn/products/pdp-i2172231951.html,2.990.000 ₫,5.0,
"(Mẫu xu hướng 2026) Camera YOOSEE ngoài trời 4 mắt 3 màn hình độ phân giải 28MP siêu nét, giám sát ngoài trời chống nước, xem ban đêm có màu",https://www.lazada.vn/products/pdp-i2547303865.html,629.000 ₫,4.0,487 Đã bán
"Máy Ảnh Kỹ Thuật Số Màn Hình Lật Retro, Cảm Biến CCD HD, Dành Cho Sinh Viên, Tiệc Tùng, Chất Lượng Cao, Giá Cả Phải Chăng",https://www.lazada.vn/products/pdp-i3191949645.html,108.750 ₫,,"7 Đã bán
Nước ngoài"
Jdm 1080P Máy ảnh Mini Nanny Cam Camera An Ninh Gia Đình Với nhìn trong đêm Montion Phát Hiện Di Động Máy Quay Video Đối Với Trang Chủ Cửa Hàng văn phòng ngoài trời Trong Nhà,https://www.lazada.vn/products/pdp-i2382240544.html,257.811 ₫,5.0,6 Đã bán
Camera Dome HDCVI hồng ngoại 1.0 Megapixel KBVISION KX-1004C4,https://www.lazada.vn/products/pdp-i283312154.html,339.000 ₫,1.0,
"Webcam USB Blesiya, Máy Ảnh Web HD Tự Động Lấy Nét Streaming Webcam, Camera Máy Tính Xem 120 ° Cắm Và Chơi Cho Các Cuộc Gọi Trực Tuyến Hội Nghị Lớp Học Trực Tuyến",https://www.lazada.vn/products/pdp-i1348359376.html,364.899 ₫,,"7 Đã bán
China"
"Camera lùi hồng ngoại,camera lùi xe,camera lùi full hd,- Wifi camera đảo ngược không dây HD, camera đảo chiều cao cấp, camera ban đêm siêu nét tích hợp trên điện thoại, máy tính bảng… hàng cao cấp bảo hành 1 đổi 1- Tặng khăn lau xe",https://www.lazada.vn/products/pdp-i321772664.html,439.000 ₫,1.0,
4k camera kép HD CCD Mini thể thao kỹ thuật số máy ảnh SLR đa chức năng máy ảnh chụp với khung,https://www.lazada.vn/products/pdp-i2671078327.html,474.000 ₫,4.0,10 Đã bán
Webcam-W04 Chất Lượng Cao Cho Máy Tính Laptop Camera HD Tích Hợp Micro Học Online Họp Trực Tuyến,https://www.lazada.vn/products/pdp-i2263389850.html,95.000 ₫,,
"Camera Giám Sát Ngoài Trời TP-Link Tapo C530WS – 3K 5MP, Quay Quét Toàn Cảnh, Nhận Diện AI Thông Minh, Tầm Nhìn Đêm 12m",https://www.lazada.vn/products/pdp-i2951551346.html,999.000 ₫,5.0,50 Đã bán
1080P HD Webcam Camera USB Webcam Focus Night Vision Computer Microphone Video Camera PC Accessories,https://www.lazada.vn/products/pdp-i3157068047.html,360.551 ₫,,
Camera laptop dell vostro 5560 v5560 webcam,https://www.lazada.vn/products/pdp-i1731963328.html,180.000 ₫,,
Camera laptop hp 14-ab zin tháo máy,https://www.lazada.vn/products/pdp-i2151768530.html,200.000 ₫,,
camera laptop notebook w950su2 webcam,https://www.lazada.vn/products/pdp-i1757567782.html,180.000 ₫,,
Camera dành cho Laptop Acer Aspire 4830,https://www.lazada.vn/products/pdp-i2078766692.html,90.000 ₫,,
"Camera laptop asus x541u,x541s,x541sa tháo máy",https://www.lazada.vn/products/pdp-i2150900997.html,180.000 ₫,,
"Camera laptop Lenovo LENOVO G470 , G475 Webcam",https://www.lazada.vn/products/pdp-i1864277750.html,150.000 ₫,,
"(XẢ KHO) (Bảo hành 06 tháng) WEBCAM MÁY TÍNH CÓ MIC HD 720P, Camera Có Mic 720p-1080 Cho Laptop Học Online Qua ZOOM, Trực tuyến",https://www.lazada.vn/products/pdp-i2071059835.html,139.000 ₫,,
"Intel RealSense Tracking Camera T265 (no box), đã qua sử dụng, bảo hành 3 tháng (0405)",https://www.lazada.vn/products/pdp-i1375697765.html,6.900.000 ₫,5.0,
Ekleva máy ảnh kỹ thuật số 48MP 4K Máy Ảnh máy ảnh vlogging Cho Youtube 30FPS Wifi 16X Zoom Máy Quay Video Máy Quay Camera ghi hình Mới,https://www.lazada.vn/products/pdp-i2620544171.html,2.654.027 ₫,4.0,98 Đã bán
Sony Alpha A6000 không gương lật máy ảnh kỹ thuật số W/16-50mm,https://www.lazada.vn/products/pdp-i2305699489.html,17.537.199 ₫,,
Máy ảnh không gương Canon EOS R100 với ống kính 18-45mm,https://www.lazada.vn/products/pdp-i2674180321.html,18.053.750 ₫,,
MÁY ẢNH PANASONIC LUMIX GF9 + LENS G VARIO 12-32MM F/3.5-5.6,https://www.lazada.vn/products/pdp-i3190344060.html,11.210.000 ₫,3.5,
"Camera EZVIZ C6N chính hãng, giá rẻ, xoay 360 độ, hình ảnh HD1080P",https://www.lazada.vn/products/pdp-i2714606374.html,499.000 ₫,,
"HIKVISION Camera IP Thân có dây, 2MP ColorVu, Có màu 24/7, Thẻ nhớ Hồng ngoại 30m, có Mic, PoE - DS-2CD1027G2-L(UF)",https://www.lazada.vn/products/pdp-i3202967780.html,1.351.000 ₫,,
Camera Wifi thông minh quay 360 độ - đàm thoại 2 chiều - phát hiện và theo dõi chuyển động - DOLAR_Shop Uy Tin,https://www.lazada.vn/products/pdp-i2414943552.html,99.900 ₫,5.0,
"Camera 2 mắt ngoài trời IMOU Cruiser Z 5MP, Zoom 12X, quay quét 360 độ đêm có màu, kết nối wifi 6",https://www.lazada.vn/products/pdp-i2702552531.html,1.520.000 ₫,,
Camera Xiaomi phiên bản PTZ camera thông minh 2K 1296P màn hình wifi điện thoại di động 3 triệu điểm ảnh từ xa trong nhà hồng ngoại nhìn đêm,https://www.lazada.vn/products/pdp-i2838381456.html,789.000 ₫,4.0,18 Đã bán
Wifi cuộc gọi video Camera bé màn hình âm thanh Camera An Ninh Gia Đình Nhà Thông Minh trong nhà PTZ CCTV không dây,https://www.lazada.vn/products/pdp-i2846008764.html,529.000 ₫,,
Xiaovv Q2 * 2 Camera PTZ thông minh CCTV không dây kết nối điện thoại Wifi Trong Nhà 1296P HD 360 ° xem cả ngày màn hình bé,https://www.lazada.vn/products/pdp-i1993613153.html,734.800 ₫,5.0,19 Đã bán
Camera Giám Sát Không Dây 360 Độ Panorama,https://www.lazada.vn/products/pdp-i3196287692.html,1.318.000 ₫,4.0,
Hamrol 8MP 4K Dual-Lens 8X Zoom PTZ IP Camera WiFi Camera Color Night Vision Two Way Audio Outdoor CCTV Camera Connect to Cellphone,https://www.lazada.vn/products/pdp-i2100774538.html,779.267 ₫,4.0,20 Đã bán
Camera Wifi Ngoài Trời IMOU IPC-F52FP 5MP Có Màu Ban Đêm,https://www.lazada.vn/products/pdp-i2678061067.html,798.000 ₫,5.0,22 Đã bán
Camera Trong Nhà Panorama Thông Minh với Giám Sát Từ Xa và Hình Ảnh Đêm,https://www.lazada.vn/products/pdp-i3202507673.html,882.000 ₫,4.0,
"Webcam EMEET 1080P - Camera USB Có Micro & Ngăn Che Riêng Tư, Dành Cho Họp Trực Tuyến/Lớp Học Online/Zoom/Youtube",https://www.lazada.vn/products/pdp-i3130563423.html,579.837 ₫,5.0,
Camera laptop HP Elitebook 8440p webcam,https://www.lazada.vn/products/pdp-i1952443398.html,70.000 ₫,5.0,
(TẶNG KÈM ĐẾ CAMERA) CAMERA TRONG NHÀ IMOU RANGER 2 3MP/5MP | QUAY QUÉT TOÀN CẢNH | ĐÀM THOẠI 2 CHIỀU - BH 2 NĂM,https://www.lazada.vn/products/pdp-i3061615939.html,470.000 ₫,4.0,103 Đã bán
"Camera Wifi IMOU Trong nhà A22EP 1080P, Xoay 360 độ, đàm thoại 2 chiều, Phát hiện chuyển động",https://www.lazada.vn/products/pdp-i2825788440.html,411.000 ₫,,
Webcam 4K với độ phân giải ánh sáng cao camera Web với micro tích hợp đèn chiếu sáng phụ cho phát trực tiếp,https://www.lazada.vn/products/pdp-i3143709583.html,794.000 ₫,,
Camera Dành Cho Laptop Sony vpcw216AG ( modell PCG - 21212w ),https://www.lazada.vn/products/pdp-i2113717335.html,70.000 ₫,,
Web Camera USB High Definition Webcam 4 Led Web Cam with MIC Desktop for Skype Computer PC Laptop,https://www.lazada.vn/products/pdp-i3185495354.html,157.771 ₫,,
USB Camera Web máy ảnh Webcam cho máy tính xách tay máy tính xách tay Máy tính để bàn,https://www.lazada.vn/products/pdp-i3173291023.html,146.000 ₫,,
UYEA | Camera Thông Minh Không Dây Giám Sát Điện Thoại Từ Xa Không Cần Internet 360 Độ HD,https://www.lazada.vn/products/pdp-i3196241790.html,434.000 ₫,4.0,
Webcam độ nét cao camera Web giảm tiếng ồn USB 720P cho OS x cho hội nghị cho Windows10 cho video cho sinh viên,https://www.lazada.vn/products/pdp-i3074587745.html,238.000 ₫,,
Camera Full Color có màu ban đêm 2MP (ColorVu) Độ phân giả 1920x1080.( 10DF0T-PF và 70DF0T-F ) 10DF0T-FS ( có mic ),https://www.lazada.vn/products/pdp-i1311182391.html,620.000 ₫,5.0,209 Đã bán
Webcam Camera Web HD 1080P Quay Video Cắm Và Phát USB Cho Máy Tính Xách Tay,https://www.lazada.vn/products/pdp-i1920919009.html,496.000 ₫,3.0,15 Đã bán
Hamrol 8MP 4K Wireless PTZ Camera 5MP Ai Auto Tracking HD 1080P Color Night Vision Wifi IP Camera Outdoor H.265X CCTV Camera,https://www.lazada.vn/products/pdp-i1607094155.html,450.267 ₫,4.0,99 Đã bán
"Insta360 X5 - Waterproof 8K 360° Action Camera, Leading Low Light, Invisible Selfie Stick Effect, Rugged and Replaceable Lens, 3-Hour Battery, Built-in Wind Guard, Stabilization, Triple AI Chip Design",https://www.lazada.vn/products/pdp-i3074365604.html,14.000.000 ₫,5.0,150 Đã bán
SJCAM C110 cộng với Camera hành động Mini 4K lái mô-tô ghi vlog nhìn trong đêm 360 máy ảnh thể thao chống nước Webcam Wifi,https://www.lazada.vn/products/pdp-i2696390418.html,2.046.757 ₫,4.0,138 Đã bán
Camera HD-TVI hồng ngoại 2.0 Megapixel HIKVISION DS-2CE17D0T-LTS,https://www.lazada.vn/products/pdp-i3038942924.html,550.000 ₫,2.0,
"Camera laptop dell latitude E7250 , E7240 , E7440 , E3340 ,E5450 , E7450 , 5550 webcam",https://www.lazada.vn/products/pdp-i1887512893.html,250.000 ₫,,
Camera Laptop Asus UX550V ux550vd ux550,https://www.lazada.vn/products/pdp-i2448206129.html,150.000 ₫,,
Camera Web Cảm biến CMOS USB đa chức năng Camera Chỉnh đèn tự động Cắm Và Chơi 1080P HD Cho PC Cho Máy Tính Để Bàn Cho Streaming,https://www.lazada.vn/products/pdp-i3045848610.html,341.631 ₫,,
Camera cho máy tính 720p đầy đủ Webcam HD cho màn hình cho máy tính,https://www.lazada.vn/products/pdp-i3051098079.html,214.649 ₫,,
CANON EOS R50 + LENS KIT RF-S 18-45MM F/4.5-6.3 IS STM,https://www.lazada.vn/products/pdp-i2893181678.html,18.728.000 ₫,4.5,
Máy ảnh kỹ thuật số Fujifilm X half (Tặng thẻ nhớ 128GbV30 + Voucher 1.300k*** cho Instax),https://www.lazada.vn/products/pdp-i3105089786.html,19.136.000 ₫,,
Camera cho máy tính Webcam Nhận Dạng Khuôn Mặt 1080P USB Dễ Dàng Để Cài Đặt Với Riêng Bìa Cho Nhà,https://www.lazada.vn/products/pdp-i3086250422.html,926.000 ₫,,
Camera wifi tích hợp màn hình siêu nét,https://www.lazada.vn/products/pdp-i3100800033.html,1.599.000 ₫,,
TP-Link | Camera Giám Sát Mạng 4G Không Cần WiFi Ngoài Trời 500W Quay 360 Độ Có Chức Năng Nhìn Đêm Điều Khiển Từ Xa,https://www.lazada.vn/products/pdp-i3193599315.html,1.299.000 ₫,,
Webcam USB 2MP 80 độ xem phích cắm kiểu góc và chơi 6.6ft Chiều dài cáp Nhận dạng khuôn mặt máy ảnh điều khiển tự động cho hội nghị truyền hình cho Windows 10 11,https://www.lazada.vn/products/pdp-i3143570143.html,894.000 ₫,,
Webcam C150 2K 1080P HD Web Camera Có Micro USB Cho Máy Tính Góc nhìn siêu rộng 110° ️🔰Phụ Kiện Thuận Lợi🔰,https://www.lazada.vn/products/pdp-i3040267922.html,932.493 ₫,,
"CAMERA MÁY TÍNH BÀN, LAPTOP WEBCAM 1080P MẪU MỚI CÓ MIC FULL HD CỰC ĐẸP DẠY VÀ HỌC ONLINE FULL BOX PD0071",https://www.lazada.vn/products/pdp-i2634545633.html,399.000 ₫,,
Camera điện thoại bên ngoài 2.0MP điện thoại USB Máy ảnh ngoài với ứng dụng cho ngoài trời,https://www.lazada.vn/products/pdp-i3074105420.html,659.000 ₫,,
Webcam Có Micrô Camera Web 360 độ xoay cho PC máy tính xách tay Máy tính để bàn cuộc gọi video,https://www.lazada.vn/products/pdp-i3171694024.html,283.000 ₫,,
"Camera laptop dell latitude E6420, E6520, 5420, 5520, M4600, M6600, E6220, E6320 webcam",https://www.lazada.vn/products/pdp-i1880030330.html,200.000 ₫,,
Hamrol 8MP 4K WiFi Camera Dual Lens PTZ IP Camera Outdoor Two Way Audio CCTV Security Camera Color Night Vision Surveillance Camera ICsee APP,https://www.lazada.vn/products/pdp-i2399169085.html,785.164 ₫,4.0,7 Đã bán
Webcam học sinh HIKVISION DS-U525 (1920 × 1080) - Hàng chính hãng -Kho camera,https://www.lazada.vn/products/pdp-i3155796691.html,819.000 ₫,,
Góc Camera cho máy tính có thể xoay Webcam độ nét cao tái tạo màu cao cho Linux cho Windows2000 cho hầu hết mọi người cho OS x,https://www.lazada.vn/products/pdp-i3155026957.html,265.000 ₫,,
"Camera 4G dùng sim, Ngoài trời chống nước, FullHD, Có míc, phát hiện chuyển động",https://www.lazada.vn/products/pdp-i2416689218.html,890.000 ₫,1.0,
"Camera IP Wifi ngoài trời Không Dây Dùng Pin EZVIZ CS-BC1C kèm pin mặt trời CS-CMT-Solar, Tích hợp bộ nhớ trong 32G",https://www.lazada.vn/products/pdp-i1954251212.html,2.619.000 ₫,5.0,
Camera cho máy tính Webcam USB2.0 480P Tự Động Cân Bằng Trắng Cho Web Hội Nghị Cho Video Trò Chuyện,https://www.lazada.vn/products/pdp-i3155040181.html,131.000 ₫,,
Camera cho máy tính 1080P Camera Web Cho Máy tính để bàn Với Âm Thanh Hấp Thụ Microphone & máy ảnh HD hỗ trợ Windows Mac Và Android TV,https://www.lazada.vn/products/pdp-i2546064031.html,290.604 ₫,,
Camera cho Máy Tính Giảm tiếng ồn Microphone streaming Webcam tự động lấy nét cho Android cho OS x cho Win10,https://www.lazada.vn/products/pdp-i3061548213.html,404.000 ₫,,
FUJIFILM X-A3 + LENS XC 16-50MM F/3.5-5.6 OIS II (SILVER),https://www.lazada.vn/products/pdp-i2383615682.html,12.395.000 ₫,3.5,
"Webcam máy tính bàn và laptop có mic rõ nét màu đẹp 1080P cổng kết nối USB, Camera dùng cho máy tính",https://www.lazada.vn/products/pdp-i2634687006.html,499.000 ₫,,
Webcam USB Webcam độ nét cao giảm tiếng ồn 1080p cho máy tính,https://www.lazada.vn/products/pdp-i3059416459.html,349.000 ₫,,
Wifi Máy ảnh Mini 4K Camera giám sát HD có thể sạc qua USB giám sát an ninh máy ảnh xem từ xa cho trong nhà ngoài trời,https://www.lazada.vn/products/pdp-i2899716453.html,492.000 ₫,,
Webcam độ nét cao Lấy nét bằng tay camera web với nắp ống kính cho hội nghị trực tuyến để phát trực tuyến cho ghi âm PC chơi Game,https://www.lazada.vn/products/pdp-i3062371574.html,463.000 ₫,,
CAMERA WIFI KHÔNG DÂY 3 Râu 3.0 WIFI KÈM THẺ NHỚ 32GB,https://www.lazada.vn/products/pdp-i2017360951.html,550.000 ₫,3.0,
Máy Tính Để Bàn Webcam HD 1080P Camera Web Với Microphone Ống kính góc rộng máy tính USB Máy Ảnh Cho Hội cuộc gọi video Hội Nghị,https://www.lazada.vn/products/pdp-i3192545361.html,455.000 ₫,,
"Camera webcam Tích hợp Micro dùng cho học trực tuyến, họp online chất lượng hình ảnh HD720P và FHD 1080P có đèn LED trợ sáng",https://www.lazada.vn/products/pdp-i1393409722.html,154.000 ₫,4.0,48 Đã bán
"Flash Sale 50% Camera Siêu Nhỏ Xiaomi, Camera wifi Mini V380 Pro Siêu Nét 1080P Phát Hiện chuyển Động, Định Dạng Người Lạ, Tầm Nhìn Ban Đêm Camera Giám Sát Hồng Ngoại, Theo Dõi Từ Xa Ứng Dụng Điện Thoại V380 Pro.",https://www.lazada.vn/products/pdp-i3126043081.html,403.202 ₫,4.0,18 Đã bán
"Chính Hãng Sale 50% Camera Giám Sát, Camera Wifi Trong Nhà ezviz C1C 1080p, cam wifi 2 megapixel, Camera Giám Sát Qua Điện Thoại Ống Kính Góc Rộng 130 độ, đế hít nam châm, quay đêm hồng ngoại - Hàng chính hãng",https://www.lazada.vn/products/pdp-i3124644174.html,673.500 ₫,5.0,17 Đã bán
Bộ Kit Camera Wifi Hikvision 4 Kênh Full HD 1080P Đầy Đủ Phụ Kiện Lắp Đặt,https://www.lazada.vn/products/pdp-i1338307461.html,1.550.000 ₫,4.0,219 Đã bán
"Brifit 1080P Máy Ảnh HD không dây Wi-Fi hồng ngoại Camera quan sát ban đêm thông minh hình người Camera giám sát được xây dựng trong pin 130 ""Ống kính góc rộng trong nhà và camera an ninh ngoài trời",https://www.lazada.vn/products/pdp-i2963910328.html,295.000 ₫,,
CHÍNH HÃNG | Camera 4 Mắt 12MP 4K Giám Sát Qua WIFI Màu Sắc Tầm Nhìn Ban Đêm Tự Động Theo Dõi PTZ 12MP Đa Ống Kính 3 Màn Hình HD Nhà Thông Minh camera An Ninh Camera Quan Sát,https://www.lazada.vn/products/pdp-i2601020631.html,999.000 ₫,4.0,270 Đã bán
"Xiaomi Outdoor Camera CW300 EU |Chất lượng hình ảnh siêu rõ nét 2.5K, bảo vệ thông minh trong mọi thời tiết",https://www.lazada.vn/products/pdp-i3110348726.html,1.040.000 ₫,5.0,11 Đã bán
Webcam Pi Camera OV5640 5MP Cho Banana Pi M2+ Zero M64 M2 Ultra Berry M2M Thiết Bị Ngoại Vi Máy Tính Không Hỗ Trợ Kết Nối Mạng,https://www.lazada.vn/products/pdp-i3139375705.html,376.000 ₫,,
NIOYE | Camera An Ninh Không Dây 360 Độ Thông Minh,https://www.lazada.vn/products/pdp-i3214508560.html,791.000 ₫,4.0,
Camera IMOU Ranger Mini 3MP/5MP | Camera trong nhà tích hợp chân đế | Quan sát đêm thông minh - BH 2 NĂM,https://www.lazada.vn/products/pdp-i3063298402.html,560.000 ₫,4.0,38 Đã bán
Camera laptop acer e1-432.e1-472 tháo máy,https://www.lazada.vn/products/pdp-i2150961288.html,150.000 ₫,,
Webcam USB Camera Digital 720 Web Camera,https://www.lazada.vn/products/pdp-i1523421937.html,239.000 ₫,,
Camera Web Webcam giảm tiếng ồn Microphone góc rộng cho voice chat,https://www.lazada.vn/products/pdp-i3087461652.html,531.000 ₫,,
"[FREESHIPMAX] Camera ( webcam) cho laptop Lenovo thinkpad X260,X250, X240, T440P, T450, T440, L440, P50_BKcomputer",https://www.lazada.vn/products/pdp-i2061264679.html,200.000 ₫,,
Kavolet 1080P HD Máy Tính USB Webcam có micrô cho cuộc gọi video ổ đĩa Camera cho máy tính để bàn (màu đen),https://www.lazada.vn/products/pdp-i3063077631.html,156.000 ₫,,
Camera Imou 4.0MP S41 / S21 4M 2M Ngoài trời Thông Minh Xoay 360 Báo Động Đàm Thoại 2 Chiều - Hàng Chính Hãng - Bảo Hành 24 Tháng .,https://www.lazada.vn/products/pdp-i2583459919.html,890.000 ₫,,
Webcam độ nét cao USB ổ đĩa miễn phí Nhựa Máy Tính Xách Tay Máy Tính Để Bàn tự động lấy nét 1080P Webcam Cho Hội Nghị Cho Phát Sóng Trực Tiếp Cho Cuộc Gọi Video,https://www.lazada.vn/products/pdp-i3075623521.html,251.000 ₫,,
Kavolet 1080P HD Máy Tính USB Webcam có micrô cho cuộc gọi video ổ đĩa Camera cho máy tính để bàn (màu đen),https://www.lazada.vn/products/pdp-i3161367825.html,162.000 ₫,,
"Camera kính hiển vi kỹ thuật số SVBONY SV189 1,3 triệu Pixel USB2.0 Chụp ảnh và Video màu",https://www.lazada.vn/products/pdp-i3181109084.html,980.000 ₫,1.3,
"SONY ZV-E10 + LENS KIT 16-50MM F/3.5-5.6 OSS (NEW, BHH 12/2025)",https://www.lazada.vn/products/pdp-i2530813111.html,16.499.000 ₫,3.5,
Webcam PC Camera Web plug and play cho các cuộc gọi video,https://www.lazada.vn/products/pdp-i3087432063.html,272.000 ₫,,
Camera Web 720P USB 360 độ xoay giảm tiếng ồn Sống Webcam Cho Sinh Viên Cho Hội Nghị Cho Windows10 Cho phát trực tiếp Cho OS X,https://www.lazada.vn/products/pdp-i3045084331.html,294.892 ₫,,
Camera chính hãng WiFi 6 IMOU Cruiser SC IPC – K7FP 5MP (Ngoài trời | Full màu),https://www.lazada.vn/products/pdp-i3027881096.html,1.078.000 ₫,,
TP-Link | Camera Không Dây 4G 3MP Trong Nhà Quay/Pan 360° Giám Sát Offline,https://www.lazada.vn/products/pdp-i3193617045.html,1.314.000 ₫,4.0,
Hxsj HD PC Webcam 720P Camera Web Cảm biến CMOS Tích hợp Microphone Cam cuộc gọi video Cho Máy Tính Để Bàn Máy Tính Xách Tay,https://www.lazada.vn/products/pdp-i3052059296.html,441.000 ₫,,
Camera cho PC Micro tích hợp Webcam 2K cho iOS,https://www.lazada.vn/products/pdp-i3086873029.html,500.000 ₫,,
Camera ngoài trời Xiaomi CW500 Giám sát nhà 2.5K Ultra HD chống bụi và chống nước Camera 4 Megapixel,https://www.lazada.vn/products/pdp-i2813011052.html,1.199.000 ₫,,
Camera IP Wizsense Full-color 20 Megapixel DAHUA DH-IPC-HFW2249M-AS-LED-B -Kho camera,https://www.lazada.vn/products/pdp-i3155875251.html,1.312.000 ₫,,
Bộ Camera Dahua 4 Kênh HD 720P Trọn Bộ Đầy Đủ Phụ Kiện Lắp Đặt,https://www.lazada.vn/products/pdp-i3001576141.html,3.200.000 ₫,,
Camera web streaming Webcam lấy nét bằng tay mật độ cao với đèn LED ánh sáng phụ cho Win10 cho Android cho OS x,https://www.lazada.vn/products/pdp-i3153005441.html,177.000 ₫,,
Hamrol 5MP Vandal-proof Wifi IP Camera iCsee APP 1080P Audio Record Night Vision SD Card Slot Outdoor CCTV Dome Camera,https://www.lazada.vn/products/pdp-i477180502.html,617.319 ₫,4.0,55 Đã bán
"Camera IP HIKVISION Thân trụ DS-2CD2083G2-IU 8MP Camera 4K,Chống báo động giả,,đến 40m,Mic thu âm-Kho camera",https://www.lazada.vn/products/pdp-i3155477178.html,2.137.000 ₫,,
Đốt cháy cuộc sống Webcam Webcam Camera cho PC chuyên gia giám sát Microphone góc rộng với microphone USB Cắm Ngoài giá dựng máy ảnh zoom đội,https://www.lazada.vn/products/pdp-i3206847746.html,723.300 ₫,,
Camera WIFI Ngoài Trời IMOU IPC-S21FP 2MP Quay Quét Có Màu Ban Đêm,https://www.lazada.vn/products/pdp-i3001453513.html,798.000 ₫,,
UYEA | Camera Thông Minh Không Dây Giám Sát Qua Điện Thoại 360 Độ HD Không Cần Internet,https://www.lazada.vn/products/pdp-i3196308346.html,734.000 ₫,4.0,
CAMERA LAPTOP HP COMPAQ CQ57 WEBCAM 57,https://www.lazada.vn/products/pdp-i2219213262.html,50.000 ₫,,
"Camera IMOU Ngoài Trời Quay Quét Cruiser S21FP / S31FEP / S51FEP 5mpx New model Đàm Thoại Hai Chiều, Chống Nước , Đèn Màu Ban Đêm",https://www.lazada.vn/products/pdp-i2930245678.html,779.000 ₫,,
Camera Wifi Ngoài Trời IMOU IPC-F52FP 5MP Có Màu Ban Đêm,https://www.lazada.vn/products/pdp-i3001488373.html,850.000 ₫,,
Camera Imou trong nhà C22EP- A- IMOU 256GB.,https://www.lazada.vn/products/pdp-i1985439459.html,487.000 ₫,,
Camera Xoay 360 Imou A52p 5.0MP - Độ Phân Giải Cao,https://www.lazada.vn/products/pdp-i3051625098.html,700.000 ₫,,
"[Hỗ Trợ Lắp Đặt Tại Hà Nội] lap dat camera - Camera lùi 4 LED cao cấp, chống nước, độ phân giải cao, có vạch căn lề, camera lùi ô tô giá rẻ, camera lùi cao cấp",https://www.lazada.vn/products/pdp-i259786604.html,89.000 ₫,4.0,354 Đã bán
E-WOITD 1pcs Webcam Camera Kit cho E540 E531 E440 431 L540,https://www.lazada.vn/products/pdp-i3113051880.html,83.762 ₫,,
"Camera Giám Sát Mới 2023 Hình Dạng Bóng Đèn - Camera IP Wifi Không Dây - Camera Siêu Nhỏ Wifi V380 FULLHD 1080P Đa Năng- Hồng Ngoại Quay Ban Đêm, Hình Ảnh Sắc Nét Cả Ngày Và Đêm, Siêu Bền- Kết Nối Wifi Qua Điện Thoại Xem",https://www.lazada.vn/products/pdp-i2184808940.html,237.700 ₫,4.0,140 Đã bán
"(XẢ HÀNG)Webcam học online. Webcam máy tính kẹp, Camera Có Mic 480p 720p 1080p Cho Laptop Học ZOOM Trực tuyến, Trực Tuyến, Hội Họp, Gọi Video Hình ảnh Sắc nét. Hệ thống hỗ trợ win XP , win7 , win8, Vista 32bit, cho Android TV",https://www.lazada.vn/products/pdp-i1933467909.html,99.000 ₫,,
"LazMall Xiaomi Sale Chính Hãng Camera Wifi Xiaomi C30 Two-Way Video Hình 2.8inch- 2 Khung Hình, Gọi Video Trực Tiếp Đàm Thoại 2 Chiều, Camera Giám Sát Trẻ Em Cảnh Báo Chuyển Động, Màn Hình 2,8 Camera 1080P HD Night Vision WIFI 360° Smart Security",https://www.lazada.vn/products/pdp-i2786473843.html,690.000 ₫,5.0,56 Đã bán
Camera cho máy tính 1080P nhìn trong đêm USB máy ảnh ngoài cho giảng dạy trực tuyến,https://www.lazada.vn/products/pdp-i3128783134.html,268.000 ₫,,
Camera IMOU PTZ S21FP/S41FP/S31FEP/S51FEP Xoay 360 Độ- Ban Đêm Có Màu- Góc Nhìn Rộng- Hình Ảnh Nét DŨNG HẰNG,https://www.lazada.vn/products/pdp-i2996095986.html,791.010 ₫,5.0,52 Đã bán
{Tenda} Camera IP Mini HD 1080P Máy Quay Phim WiFi Hồng Ngoại Cảm Biến Chuyển Động Cho Văn Phòng Gia Đình Thể Thao DV,https://www.lazada.vn/products/pdp-i2092234937.html,264.967 ₫,4.0,
"Webcam Tích hợp Micro dùng cho học trực tuyến, họp online chất lượng hình ảnh HD720P và FHD 1080P có đèn LED",https://www.lazada.vn/products/pdp-i2667772188.html,134.000 ₫,,
Camera HIKVISION 5MP/3K Có Màu Ban Đêm DS-2CE10KF0T-FS đèn trợ sáng 20m tích hợp mic vỏ kim loại - Bảo hành chính hãng 24 tháng,https://www.lazada.vn/products/pdp-i1889749806.html,899.000 ₫,5.0,33 Đã bán
Webcam 2K Full HD 1080P Web Camera Autofocus with Microphone USB Web Cam for PC Computer Laptop Desktop Webcamera,https://www.lazada.vn/products/pdp-i3159849014.html,546.967 ₫,,
Camera Laptop ASUS x451 X551CA X451M X551 X451MA F551C,https://www.lazada.vn/products/pdp-i2024000825.html,120.000 ₫,,
Camera cho máy tính 480P Webcam USB2.0 cho video chat cho web hội nghị,https://www.lazada.vn/products/pdp-i3072425033.html,129.000 ₫,,
"Camera laptop asus k45,k42,k43,k55,k53,x45,x55 tháo máy",https://www.lazada.vn/products/pdp-i2150982159.html,120.000 ₫,,
Webcam Video Camera Autofocus Streaming Web Cam with Microphone Full HD Webcams for PC Computer Laptop,https://www.lazada.vn/products/pdp-i3151818642.html,254.551 ₫,,
Camera laptop asus x55u tháo máy,https://www.lazada.vn/products/pdp-i2150992079.html,120.000 ₫,,
Identification Login Web Camera 1MP 720P forWin10/11 USB Computer Webcam Computer Web Camera forComputer Laptop,https://www.lazada.vn/products/pdp-i3154819777.html,703.915 ₫,,
Webcam USB 2K tự động tập trung Hifi cắm và chơi máy ảnh cho máy tính để bàn video chat,https://www.lazada.vn/products/pdp-i3057589727.html,620.000 ₫,,
Webcam Dahua Z2+ có mic camera truyển tải hình ảnh dạy và học online,https://www.lazada.vn/products/pdp-i2364826340.html,450.000 ₫,,
Mô-đun Camera Mini 1080P 5MP tự động lấy nét Webcam module với chức năng OTG cho ATM cho PC,https://www.lazada.vn/products/pdp-i3077954207.html,785.000 ₫,,
"Webcam Máy Tính, Camera HD Có Mic 720p & 1080P cho Laptop PC Học Online Qua Zoom, Trực Tuyến - Gọi Video Sắc Nét",https://www.lazada.vn/products/pdp-i1545050362.html,125.000 ₫,5.0,6 Đã bán
Thiết bị Camera Webcam TOTOLINK M1 dành cho hội nghị,https://www.lazada.vn/products/pdp-i2110150895.html,2.700.000 ₫,,
"Webcam 4K Tự Động Lấy Nét EMEET C60E4K - Camera Máy Tính, Phát Trực Tuyến, USB, Có Micrô Dùng Cho Zoom/Teams/Skype",https://www.lazada.vn/products/pdp-i3130882146.html,1.399.000 ₫,,
Camera cho máy tính 1280x720P Webcam với Omnidirectional Microphone cho phát trực tiếp,https://www.lazada.vn/products/pdp-i3038674098.html,589.000 ₫,,
"Camera Hub Aqara G3 bản Quốc Tế CH-H03, Camera thông minh Xoay 360 độ, Quay độ nét 2K, Nhận diện cử chỉ, Điều khiển hồng ngoại IR, Tích hợp hub Zigbee 3.0, tương thích Apple HomeKit",https://www.lazada.vn/products/pdp-i1531954991.html,2.450.000 ₫,5.0,16 Đã bán
Camera Giám Sát IP WiFi Xiaomi - Độ Phân Giải 2K 3MP - Đế Từ - MJSXJ03HL - Bản Quốc Tế,https://www.lazada.vn/products/pdp-i2658073022.html,609.000 ₫,,
Camera WiFi bán cầu thông minh EZVIZ H4 2K (3MP),https://www.lazada.vn/products/pdp-i2599351688.html,850.000 ₫,,
4K Dash Cam Wifi Camera ô tô 3 Kênh Video Xe Recroder 3 Máy Ảnh Máy ghi âm lái xe AHD 1080P Camera dự phòng giám sát đỗ xe nhìn trong đêm HDR WDR,https://www.lazada.vn/products/pdp-i2929160893.html,1.688.000 ₫,5.0,
Webcam USB2.0 Camera cho PC cho phát trực tiếp cho hội nghị video,https://www.lazada.vn/products/pdp-i3057724973.html,465.706 ₫,,
Camera wifi tặng kèm thẻ nhớ,https://www.lazada.vn/products/pdp-i2735526042.html,689.000 ₫,,
MÁY ẢNH FUJIFILM X-A5 + LENS KIT 15-45MM F/3.5-5.6 OIS PZ,https://www.lazada.vn/products/pdp-i2222816572.html,15.340.000 ₫,3.5,
MÁY ẢNH SONY A5100 + LENS 16-50MM F/3.5-5.6 OSS PZ,https://www.lazada.vn/products/pdp-i2973885598.html,11.800.000 ₫,3.5,
Camera IP Wifi Ngoài Trời IMOU IPC-F22P 1080P Full HD,https://www.lazada.vn/products/pdp-i1784907697.html,648.000 ₫,4.0,521 Đã bán
Webcam HD PC-Camera - 480px,https://www.lazada.vn/products/pdp-i2088787461.html,85.000 ₫,5.0,
Camera web đen A45 1080P Webcam độ nét cao với ống kính bìa cho ghi âm PC cho hội nghị trực tuyến cho chơi game cho streaming,https://www.lazada.vn/products/pdp-i3062144972.html,463.000 ₫,,
Webcam độ nét cao A45 1080P Camera Web với ống kính bìa cho Streaming cho hội nghị trực tuyến cho chơi game cho ghi âm PC,https://www.lazada.vn/products/pdp-i3051199908.html,451.000 ₫,,
Camera BOTSLAB - 2K Definiton- C201,https://www.lazada.vn/products/pdp-i2491895091.html,559.000 ₫,,
Webcam cho máy tính xách tay 6.6ft Chiều dài cáp 2MP đa chức năng nhận dạng khuôn mặt camera cho Windows 10 11 cho hội nghị truyền hình,https://www.lazada.vn/products/pdp-i3041036872.html,1.071.189 ₫,,
( LOẠI XỊN ) Camera Giám Sát Mini IP Wifi Camera mini siêu nhỏ không dây W8s-Camera IP wifi kết nối điện thoại từ xa - Camera hồng ngoại quay ban đêm hình ảnh sắc nét cả ngày và đêm BH 12 tháng,https://www.lazada.vn/products/pdp-i3148312741.html,399.000 ₫,5.0,
4G Không Dây Wifi Năng Lượng Mặt Trời Máy Ảnh CCTV 4K 8MP ống kính kép Giám Sát con người Phát Hiện An Ninh Ngoài Trời Không Thấm Nước IP camera PTZ,https://www.lazada.vn/products/pdp-i2790880606.html,1.148.051 ₫,,
A9 Wifi Camera Mini Không Dây 1MP Đầu Ghi Hình Cho An Ninh Ngôi Nhà Trẻ Sơ Sinh Và Thú Cưng Giám Sát Camera Giám Sát Nhà Thông Minh,https://www.lazada.vn/products/pdp-i2750983511.html,92.950 ₫,4.0,536 Đã bán
"[discount] Hd 6400 10,000 Pixels CCD Music Camera D6 Digital Camera Full Touch Screen Night Vision Listening to Songs Cross-Border",https://www.lazada.vn/products/pdp-i3065410310.html,86.069 ₫,,
"Camera Wifi Mini 5MP Trong Nhà, Độ Phân Giải 2K, Không Dây, Kết Nối USB, Giám Sát IP Với Tính Năng Tự Động Theo Dõi Bằng AI, Chức Năng Giám Sát Trẻ Em, Tương Thích Với Tuya, Màu Trắng",https://www.lazada.vn/products/pdp-i3126609372.html,479.000 ₫,5.0,
Máy ảnh Mini không dây Wifi HD 1080P Camera quan sát ban đêm kết nối điện thông minh Điện thoại di động an ninh nhà,https://www.lazada.vn/products/pdp-i2742853428.html,69.000 ₫,4.0,50 Đã bán
"Camera An Ninh WiFi 4K 8MP Trong Nhà Với Zoom Kỹ Thuật Số 5X, Xoay Nghiêng, Theo Dõi AI, Tầm Nhìn Ban Đêm, Đàm Thoại Hai Chiều, Màu Trắng, Camera IP",https://www.lazada.vn/products/pdp-i3210530975.html,235.450 ₫,,
Camera WiFi Mini HD 1080P Trong Nhà Giám Sát An Ninh Gia Đình Giám Sát Video Cho Bé IP Cam Có Đầu Ghi Âm Đen,https://www.lazada.vn/products/pdp-i2998365640.html,520.000 ₫,4.0,8 Đã bán
Camera Ngoài Trời/trong Nhà 2MP 1080P Full HD Với Tầm Nhìn Ban Đêm Hồng Ngoại Camera Quan Sát Giám Sát Thời Tiết Hệ Thống NTSC Màu Trắng,https://www.lazada.vn/products/pdp-i3000143452.html,483.000 ₫,5.0,
"Blesiya Webcam Mini 1080P/2K/5MP, Camera AF Tự Động Lấy Nét Với Đèn Vòng Điều Chỉnh Được",https://www.lazada.vn/products/pdp-i1402932589.html,228.800 ₫,3.0,7 Đã bán
Camera WIFI Mini Bỏ Túi Có Hồng Ngoại Quan Sát Ban Đêm Di Động Giám Sát Thể Thao Máy Quay Video 1080P MicroSD Tương Thích,https://www.lazada.vn/products/pdp-i3210657459.html,232.900 ₫,,"29 Đã bán
China"
Camera USB HD 1080P Có Micrô Tích Hợp Và Chân Máy Để Làm Việc Trên Web Máy Tính - Camera Mạng,https://www.lazada.vn/products/pdp-i2898546472.html,153.400 ₫,5.0,964 Đã bán
Webcam 8K 60FPS 12M Full HD Web Camera Auto Focus With Microphone USB Plug Web Cam For PC Computer Laptop Video Tiktok YouTube,https://www.lazada.vn/products/pdp-i2804647698.html,784.352 ₫,,
4K Webcam 2K 1080P Full HD Web Camera Auto Focus With Microphone USB Plug Web Cam For PC Computer Laptop Video Mini Camera,https://www.lazada.vn/products/pdp-i3189277058.html,385.242 ₫,,
"(MUDJ) 4K Webcam with Microphone and Fill Light, HD Autofocus Computer Camera for Pc Laptop Desktop Video Calling, Easy to Use",https://www.lazada.vn/products/pdp-i3067256290.html,933.525 ₫,,
Webcam 1080p Mini Camera Camera PC Laptop Video Recording Camera,https://www.lazada.vn/products/pdp-i3159224111.html,232.162 ₫,,
Camera Giám Sát Không Dây Mini 1080P Camera WiFi Thông Minh Tích Hợp Micro Pin Hỗ Trợ Tầm Nhìn Ban Đêm Đàm Thoại Hai Chiều Điện Thoại Di Động Điều Khiển Từ Xa Cho Gia Đình Văn Phòng,https://www.lazada.vn/products/pdp-i2036969691.html,409.919 ₫,,
4K Full HD Video Camera Camcorder 2400 MP IR Night Vision Video Camcorder 3 Inch Touch LCD Screen 18X Zoom Camera w/ Mic,https://www.lazada.vn/products/pdp-i2426364017.html,920.510 ₫,,
Camera cho máy tính Webcam 480p cho web hội nghị cho video chat,https://www.lazada.vn/products/pdp-i3050423189.html,162.748 ₫,,
camera laptop Acer Aspire 5740 5740G 5745G 5745 - camera webcam 5745 5740,https://www.lazada.vn/products/pdp-i1719702537.html,150.000 ₫,5.0,
1080P Digital Camera 16MP HD Smart Digital Camera Micro-SLR Digital Camera for Photography Digital Camera,https://www.lazada.vn/products/pdp-i3214872139.html,834.110 ₫,,
Smart AI Human Detection V380 USB Mini Wifi Camera CCTV Card Home Surveillance IP Camera 1080P Motions Micro Camcorder,https://www.lazada.vn/products/pdp-i3103117727.html,176.592 ₫,,
Camera An Ninh WiFi Gia Đình 8MP HD Giám Sát Trẻ Em Trong Nhà Với Âm Thanh Hai Chiều 360 ° Phát Hiện Theo Dõi Tự Động AI Toàn Cảnh Màu Trắng,https://www.lazada.vn/products/pdp-i3210682271.html,255.000 ₫,,
Camera WiFi 8MP PTZ Màn Hình Kép Màu Sắc Tầm Nhìn Ban Đêm Camera IP Dome An Ninh Ngoài Trời Với Ứng Dụng ICSEE Điều Khiển Camera Quan Sát Giám Sát,https://www.lazada.vn/products/pdp-i2892431848.html,899.000 ₫,,
Webcam Tự Động Lấy Nét 4K 1440P EMEET C60E USB Camera Máy Tính 1080P Cho Cuộc Gọi Video & Hội Nghị Cảm Biến CMOS Độ Phân Giải Cao,https://www.lazada.vn/products/pdp-i2721296792.html,1.179.000 ₫,5.0,10 Đã bán
[HCM]Camera Ip Wifi Ngoài Trời CareCam CC8021 Xoay 360 Độ 2.0MP Full HD 1080P - Hàng Chính Hãng. Bảo hành 24 tháng,https://www.lazada.vn/products/pdp-i1350034086.html,840.000 ₫,,
Miao34-Industrial 4K USB Webcam PC Laptops Video 8MP Autofocus USB Camera IMX179 Sensor OTG UVC Plug & Play,https://www.lazada.vn/products/pdp-i3086294038.html,886.331 ₫,,
Camera cho máy tính 4P ống kính quang học AF tự động lấy nét Cắm Và Chơi Có Thể Điều Chỉnh 1080P HD Webcam Có Micrô Cho Video Streaming,https://www.lazada.vn/products/pdp-i3038089427.html,456.390 ₫,,
"Camera Thể Thao Ngoài Trời 4K UHD Với Màn Hình Kép 2.0 Inch IPS, Quay Video Xe Đạp, Góc Rộng 120 Độ, Khả Năng Quay Dưới Nước",https://www.lazada.vn/products/pdp-i2776699738.html,1.248.000 ₫,2.0,
U1 Camera High Definition USB Camera Wide Angle HD Driver-Free Camera USB Camera,https://www.lazada.vn/products/pdp-i3150287794.html,960.720 ₫,,
Webcam Camera cho máy tính có thể điều chỉnh độ dài tiêu cự với Omnidirectional Microphone cho cuộc gọi video,https://www.lazada.vn/products/pdp-i3087520448.html,589.000 ₫,,
Camera an ninh Bluetooth theo dõi tự động phát hiện hình người Camera CCTV WIFI Ống kính 3 PTZ 7K 15MP Camera An đầy màu sắc ngoài trời chống nước IP66 nhìn trong đêm Máy ghi hình IP âm thanh hai chiều,https://www.lazada.vn/products/pdp-i3078162359.html,1.075.260 ₫,,
[Jtow9] A9 Camera Wifi HD Máy thu âm Camera mini không dây giám sát video Camera mạng thông minh Home video giám sát video,https://www.lazada.vn/products/pdp-i2678392586.html,385.262 ₫,,
Webcam Plug and Play Camera cho máy tính cho máy tính để bàn cuộc gọi video máy tính xách tay thời gian thực ghi âm cuộc họp,https://www.lazada.vn/products/pdp-i3052327842.html,310.419 ₫,,
Camera Nhận Dạng Khuôn Mặt Hello Windows Không Cần Cài Đặt Camera USB Theo Dõi Mắt Đế Máy Tính Không Dây Công Nghệ CMOS 1280x720,https://www.lazada.vn/products/pdp-i3005786623.html,460.000 ₫,,
"Camera nhỏ không dây độ phân giải cao 1080P, Camera Mini DV điểm phát wifi, camera thể thao ngoài trời, máy ghi hình lái xe mô tô",https://www.lazada.vn/products/pdp-i2615133446.html,672.474 ₫,5.0,
"Camera Icat mini hunonic kết nối wifi quay 360 độ, đàm thoại 2 chiều, kết nối wifi và sử dụng chung trên app smarthome",https://www.lazada.vn/products/pdp-i2646366187.html,699.000 ₫,,
"Camera Thông Minh Trong Nhà 5G Băng Tần Kép Wi-Fi HD Với Chức Năng Xoay PTZ, Xem Từ Xa Qua Ứng Dụng, Tầm Nhìn Ban Đêm, Âm Thanh Hai Chiều, Kiểu Dáng Mái Vòm Màu Trắng, Dùng Cho An Ninh Gia Đình",https://www.lazada.vn/products/pdp-i3226851290.html,402.400 ₫,,"9 Đã bán
China"
Logitech C270 máy tính xách tay HD Webcam Micrô tích hợp camera Web USB2.0 30fps cuộc gọi video Máy Ảnh tiêu điểm ổn định Cho Windows Mac,https://www.lazada.vn/products/pdp-i2845460126.html,706.386 ₫,,
(HPKF) 1080P Digital Camera 16MP HD Smart Digital Camera Micro-SLR Digital Camera for Photography Digital Camera,https://www.lazada.vn/products/pdp-i3080776221.html,777.110 ₫,,
"Camera hành trình Imou T400 rõ nét UltraHD 2K Mini Kết Nối Ứng Dụng góc quay 124 Độ CHÍNH HÃNG, điều khiển bằng giọng nói, phát hiện va chạm",https://www.lazada.vn/products/pdp-i3039893226.html,1.889.900 ₫,5.0,24 Đã bán
"(WBNC) 4K Webcam with Microphone and Fill Light, HD Autofocus Computer Camera for Pc Laptop Desktop Video Calling, Easy to Use",https://www.lazada.vn/products/pdp-i3129743155.html,955.525 ₫,,
Camera IP Mini 1080P Camera Phát Hiện Di Động Quan Sát Ban Đêm Giám Sát Điều Khiển Từ Xa An Ninh WiFi Không Dây,https://www.lazada.vn/products/pdp-i2541403403.html,95.200 ₫,,
"Webcam Full HD 1080P 720P Cho Máy Tính, Camera Có Mic 1080p Cho Laptop Học Online ZOOM, Trực Tuyến- Hội Họp Rõ Nét",https://www.lazada.vn/products/pdp-i2490210620.html,77.000 ₫,,
"Camera hành trình chống nước chống rung 4K SPORT Ultra HD DV, kết nối wifi - CAMERA HÀNH TRÌNH XE MÁY WIFI",https://www.lazada.vn/products/pdp-i2374825098.html,399.000 ₫,5.0,5 Đã bán
Janememory Camera thẻ di động du lịch gia đình Zoom 16X chụp ảnh đôi Máy Ảnh HD Retro 4k 5000W,https://www.lazada.vn/products/pdp-i2713467946.html,354.390 ₫,5.0,13 Đã bán
NEITOOH | Camera Trong Nhà Thông Minh Không Dây HD Có Tầm Nhìn Đêm,https://www.lazada.vn/products/pdp-i3196325585.html,610.000 ₫,4.0,
HEITAILANG | Camera Giám Sát Không Dây Không Dây Cáp Điện Điều Khiển Từ Xa Không Mạng Trong Nhà Thông Minh Chụp Đêm,https://www.lazada.vn/products/pdp-i3220794555.html,635.000 ₫,4.0,
"Camera An Ninh Camer,A Giám Sát, Camera Không Dây, Camera Quan Sát Camera IP, Camera Chống Trộm, Camera Yoosee 5mp 2 Mắt Độc Lập Xem 2 Khung Hình, Nó Có Thể Xoay 365 Độ Theo Chiều Ngang Và 110 Độ Theo Chiều Dọc, Tầm Nhìn Ban Đêm Rõ Ràng",https://www.lazada.vn/products/pdp-i2295484174.html,465.000 ₫,5.0,52 Đã bán
Camera Mini Camera IP WiFi Gia Đình Cảm Biến Chuyển Động HD 1080P Camera An Ninh Gia Đình DVR,https://www.lazada.vn/products/pdp-i2070458628.html,263.000 ₫,,
EKELEVA Camera WIFI Gia Đình Thông Minh Camera Quan Sát Âm Thanh Hai Chiều Giám Sát Không Dây IP Camera An Ninh Trong Nhà Giám Sát Em Bé Thú Cưng,https://www.lazada.vn/products/pdp-i2063835531.html,292.288 ₫,,"6 Đã bán
China"
Máy ảnh wifi không dây HD 2MP nhìn trong đêm cảm biến chuyển động màn hình giám sát bé an ninh Camera giám sát âm thanh hai chiều cho trong nhà,https://www.lazada.vn/products/pdp-i2264838101.html,351.000 ₫,,
"Camera Giám Sát Thông Minh với Cuộc Gọi Video Hai Chiều, WiFi Không Dây, Điều Khiển Từ Xa, góc Quay 360°, Hình Ảnh Đêm Màu Sắc",https://www.lazada.vn/products/pdp-i3196145621.html,611.000 ₫,4.0,
"Webcam 1080P Camera Hội Nghị, Webcam Kẹp Có Mic Cho Máy Tính",https://www.lazada.vn/products/pdp-i1403649942.html,175.000 ₫,,
Kavolet 1080P HD Máy Tính USB Webcam có micrô cho cuộc gọi video ổ đĩa Camera cho máy tính để bàn (màu đen),https://www.lazada.vn/products/pdp-i3063047635.html,156.000 ₫,,
Webcam Máy Tính - Camera Full HD 720 - 1080Hp hỗ trợ học trực tuyến cao cấp,https://www.lazada.vn/products/pdp-i2482524991.html,160.000 ₫,,
Camera cho PC Webcam Micro tích hợp chuyên nghiệp cho Android,https://www.lazada.vn/products/pdp-i3061925959.html,495.000 ₫,,
Camera Laptop Lenovo B560 V560 Webcam 560 V560,https://www.lazada.vn/products/pdp-i2218477886.html,70.000 ₫,,
PC máy ảnh webcam USB 2.0 USB PC camera Web 480p cho máy tính xách tay/Máy tính để bàn,https://www.lazada.vn/products/pdp-i3089886194.html,246.000 ₫,2.0,
Webcam laptop HP compaq 510 Camera,https://www.lazada.vn/products/pdp-i1918644878.html,70.000 ₫,,
Kavolet 1080P HD Máy Tính USB Webcam có micrô cho cuộc gọi video ổ đĩa Camera cho máy tính để bàn (màu đen),https://www.lazada.vn/products/pdp-i3092689119.html,214.649 ₫,,
Máy ảnh Canon EOS R100 ( Body ),https://www.lazada.vn/products/pdp-i3152099775.html,11.500.000 ₫,,
FUJIFILM X-T100 + LENS XC 15-45MM F/3.5-5.6 OIS PZ (Champagne Gold),https://www.lazada.vn/products/pdp-i2330315530.html,18.290.000 ₫,3.5,
"Camera nội soi chống nước IP67 dùng cho điện thoại máy tính dài 2m kết nối USB, Type c, Micro USB",https://www.lazada.vn/products/pdp-i290804205.html,149.000 ₫,4.0,16 Đã bán
Webcam USB Micro tích hợp camera cho PC cho màn hình LCD,https://www.lazada.vn/products/pdp-i3040281101.html,613.112 ₫,,
Máy ảnh Canon EOS R100 Kit RF-S18-45MM - Chính Hãng Lê Bảo Minh,https://www.lazada.vn/products/pdp-i2424038488.html,22.200.000 ₫,,
CAMERA IMOU TRONG NHÀ A22 - A42,https://www.lazada.vn/products/pdp-i1996390457.html,485.000 ₫,,
"Camera IP Wifi Vstarcam XU-1030 4 Mắt Xem 3 Màn Hình quay 360, góc rộng, có màu ban đêm",https://www.lazada.vn/products/pdp-i2935619275.html,741.700 ₫,,
TP-Link | Camera Giám Sát 4K Ultra HD WiFi6 Cải Tiến 360° Quay/Pan Phát Hiện Thú Cưng Âm Thanh Hai Chiều Hình Ảnh Đêm Màu Sắc,https://www.lazada.vn/products/pdp-i3193563848.html,907.000 ₫,4.0,
"Camera imou Bullet IPC-F42FP 4.0 Megapixel , Full color có màu ban đêm - hàng chính hãng",https://www.lazada.vn/products/pdp-i1732431355.html,1.050.000 ₫,4.0,
Webcam C150 2K 1080P HD Web Camera Có Micro USB Cho Máy Tính Góc nhìn siêu rộng 110° ️⚜️Katla Shop⚜️,https://www.lazada.vn/products/pdp-i3040545300.html,928.657 ₫,,
"(Gọi Video 2 Chiều Camera Có Màn Hình) Camera Wifi Trong Nhà HD1080P Gọi 1 Nút, Góc Nhìn Rộng",https://www.lazada.vn/products/pdp-i2455923305.html,705.000 ₫,5.0,
CAMERA EZVIZ CS-H8C QUAY 360 ĐỘ - NGOÀI TRỜI - TRONG NHÀ (H8C 2MP),https://www.lazada.vn/products/pdp-i2237655839.html,938.000 ₫,,
Máy ảnh Panasonic Lumix G1 kèm ống kính 14-42,https://www.lazada.vn/products/pdp-i1991196250.html,2.590.000 ₫,5.0,6 Đã bán
"Camera nội soi công nghiệp Olympus IC2620C used, xin đọc kỹ mô tả sản phẩm",https://www.lazada.vn/products/pdp-i2666860206.html,25.000.000 ₫,,
PS2 Eyetoy Camera SCJH-10001N Chính Hãng Dành Cho Máy Chơi Game PS2,https://www.lazada.vn/products/pdp-i2665516586.html,250.000 ₫,5.0,
"Camera hành trình Ultra FullHD 4K+Wifi+GPS độ nét cao kết nối không dây,hiển thị tốc độ.",https://www.lazada.vn/products/pdp-i3030186642.html,800.000 ₫,,
Web Cam Webcam HD 1080p 720p Megapixel PC Camera Với Hấp Thụ Microphone MIC Cho Skype Cho Android TV Xoay Máy Tính Máy Ảnh,https://www.lazada.vn/products/pdp-i1597674823.html,150.000 ₫,4.0,19 Đã bán
BỘ CAMERA IMOU TRONG NHÀ 3.0 MP SỬ DỤNG ĐIỆN NĂNG LƯỢNG MẶT TRỜI,https://www.lazada.vn/products/pdp-i2630665470.html,880.000 ₫,3.0,
"Camera Hành Động DJI Osmo 360 Cảm Biến 1/1.1 Inch, Quay Video 360 Độ Đột Phá Chuẩn 8K 50fps (DJI O360)",https://www.lazada.vn/products/pdp-i3159881570.html,9.150.000 ₫,5.0,11 Đã bán
"Camera imou ngoài trời thân F52FP(5m) có màu 24/24, Mic ghi âm - Chống nước IP67",https://www.lazada.vn/products/pdp-i2295185006.html,799.000 ₫,,
UGREEN Webcam máy tính Ultra-Clear USB HD 4K FHD Mini Webcam 8MP Auto Focus For Laptop Computer Web Camera Dual Microphones for Youtube Zoom Video Calling Model:65381,https://www.lazada.vn/products/pdp-i3120696752.html,1.379.500 ₫,5.0,6 Đã bán
"Deal Hot SIÊU KHỦNG LazMall Camera ẨN MINI Sale Camera Siêu Nhỏ Không Dây Bí Mật Camera – Camera Siêu Nhỏ Camera Quay An Ninh Kết Nối Wifi V380 Phần Mềm V380 FULL HD 1080P Tầm Nhìn Ban Đêm Camera Giám Sát Hồng Ngoại, Theo Dõi Từ Xa Ứng Dụng Điện Thoại",https://www.lazada.vn/products/pdp-i3092884006.html,346.860 ₫,5.0,40 Đã bán
Xiaomi Smart Camera C301 | Trải nghiệm hình ảnh 3MP siêu rõ nét | Bảo mật dữ liệu cấp tài chính | Gimbal kép có khả năng xoay linh hoạt,https://www.lazada.vn/products/pdp-i3109239645.html,549.000 ₫,5.0,94 Đã bán
"[ Siêu Sale 50%] Camera Hành Trình A9 FULL HD Mẫu Mới, Camera Hành Trình Xe Máy Chống Rung , Chống Nước,Gắn Nón Bảo Hiểm Quay Đêm Cực Nét, Hỗ Trợ Thẻ Nhớ, Ghi Hình Xem Điện Thoại Máy Tính",https://www.lazada.vn/products/pdp-i2421153461.html,259.000 ₫,4.0,17 Đã bán
Camera Yoosee PTZ 28LED Xoay 360 Độ - Đàm Thoại 2 Chiều - Báo Động Chống Trộm- Ban Đêm Có Màu- Wifi Không Dây Ngoài Trời - SDGOLD Hàng Chính Hãng,https://www.lazada.vn/products/pdp-i2233873535.html,354.710 ₫,4.0,212 Đã bán
"Thanh Lý Webcam máy tính HD 720P / Full HD 1080P Có Micro, Camera, Cổng usb - Livestream, học zoom online, video call",https://www.lazada.vn/products/pdp-i2086959109.html,100.000 ₫,,
"Camera Hành Trình 2.0 Full HD 1080P - Sport Cam A9, Camera Hành Trình Mini Chống Nước, Chống Rung Chuyên Dùng Cho Tài Xế Công Nghệ, Xe Máy Phượt Góc Quay Rộng 170 độ, chống nước, 5 chế độ cân bằng.",https://www.lazada.vn/products/pdp-i3066477001.html,297.000 ₫,5.0,34 Đã bán
Camera Wifi Trong Nhà Imou Ranger Mini 3MP/5MP (IPC-K2MP) - Đàm Thoại 2 Chiều - Theo Dõi Chuyển Động - Có Màu Ban Đêm,https://www.lazada.vn/products/pdp-i2893303334.html,499.000 ₫,5.0,52 Đã bán
"(Tặng Chân Đế) Camera Wifi Trong Nhà Quay Quét 3MP IMOU IPC-A32EP - Đàm Thoại 2 Chiều, Chuẩn Nén H.265 - Bản Nâng Cấp IPC-A22EP, A22EP 2MP",https://www.lazada.vn/products/pdp-i1236712832.html,435.000 ₫,5.0,278 Đã bán
"(Tặng Chân Đế Gắn Tường) Camera 2 Mắt Trong Nhà IMOU Ranger Dual IPC-S2XP-6M0WED 6MP & S2XP-10M0WED 10MP (5MP + 5MP) - Xoay, Đàm Thoại, Ống Kính Kép",https://www.lazada.vn/products/pdp-i1974025869.html,925.000 ₫,5.0,300 Đã bán
(TẶNG KÈM ĐẾ CAMERA) CAMERA TRONG NHÀ IMOU RANGER 2C 3MP/5MP | QUAY 355 ĐỘ | ĐÀM THOẠI 2 CHIỀU - BH 2 NĂM,https://www.lazada.vn/products/pdp-i3061662948.html,485.000 ₫,5.0,48 Đã bán
WEB CAMERA CÓ MIC HD 720P,https://www.lazada.vn/products/pdp-i2364845331.html,175.000 ₫,,
2X 5MP OV5647 Camera Module Non-Night Vision Version for 75 Degree 3.6mm Adjustable Focus 1080P HD Webcam,https://www.lazada.vn/products/pdp-i3162351130.html,300.700 ₫,,
"Mắt Camera Digital, hàng si Nhật bãi",https://www.lazada.vn/products/pdp-i3101131334.html,250.000 ₫,,
Webcam Camera cho máy tính khả năng tương thích mạnh mẽ cho các cửa sổ,https://www.lazada.vn/products/pdp-i3142080331.html,276.758 ₫,,
"Webcam Máy Tính, Camera Có Mic 720p Cho Laptop Học Online Qua ZOOM, Trực Tuyến - Hội Họp - Gọi Video Hình Ảnh Sắc Nét",https://www.lazada.vn/products/pdp-i1514953804.html,169.000 ₫,,
"Webcam Máy Tính, Camera Có Mic 720p Cho Laptop Học Online Qua ZOOM, Trực Tuyến - Hội Họp - Gọi Video Hình Ảnh Sắc Nét",https://www.lazada.vn/products/pdp-i1506139387.html,198.000 ₫,,
"Webcam Digital camera -Webcam học online, máy tính kẹp, Camera Có Mic, học ZOOM Trực tuyến,gọi Video Hình ảnh Sắc nét..vv",https://www.lazada.vn/products/pdp-i1642748963.html,150.000 ₫,,
Phát Trực Tuyến Webcam Xem có thể điều chỉnh góc độ tự động lấy nét Camera cho máy tính Cho OS X Cho Android Cho Win10,https://www.lazada.vn/products/pdp-i3061563219.html,404.000 ₫,,
"[ loại 1] (C30) Camera Video Call C30, màn hình Ips 2,8 inch siêu nét, đàm thoại video 2 chiều, công nghệ Al (Hàng Nội Đ",https://www.lazada.vn/products/pdp-i2616021499.html,570.000 ₫,2.8,
Camera cho máy tính xoay Webcam 360 ° với micrô để cuộc gọi video cho hội nghị,https://www.lazada.vn/products/pdp-i3048914450.html,285.977 ₫,,
Webcam có mic 720p hd x1 pd0012 - Camera máy tính bàn Dùng học và dạy online webcam dùng cho máy tính học trên mạng,https://www.lazada.vn/products/pdp-i2634495911.html,339.000 ₫,,
Camera IP Wifi Tenda CP3 1080P 2MP Góc Rộng 360 - Hàng Chính Hãng,https://www.lazada.vn/products/pdp-i3165160437.html,421.000 ₫,,
Webcam 1080p có mic full hd cực đẹp full box pd0011 - Camera máy tính bàn Dùng học và dạy online,https://www.lazada.vn/products/pdp-i2634544152.html,499.000 ₫,,
Xiaovv p9s ngoài trời PTZ 4 gam ánh sao máy ảnh 3MP Độ nét cao hoàn chỉnh màu tầm nhìn ban đêm không thấm nước Sim Thẻ CCTV kết nối điện thoại cho nhà,https://www.lazada.vn/products/pdp-i2561208371.html,699.356 ₫,5.0,
"Camera gắn mũ bảo hiểm,Bán Camera Đi Phượt, Camera Hành Trình 1080 Sports Cao Cấp Đa Năng Chất Lượng Full Hd 1080,Có Chống Rung Kèm Chống Bụi,Chống Nước,Giá Ưu Đãi Sốc Bởi Lucky Store SG. WE21",https://www.lazada.vn/products/pdp-i3139819910.html,262.000 ₫,5.0,
"UGREEN Webcam máy tính có mic Full HD 2K 1080P 30fps USB HD Webcam Web Zoom Camera 1080P Computer USB external camera , 400W pixels Có USB Tự Động Lấy Nét Quay Video Webcam Cho máy Tính Laptop Model:25442",https://www.lazada.vn/products/pdp-i3109879728.html,1.044.000 ₫,,"9 Đã bán
Hồ Chí Minh"
"Camera Giám Sát Ngoài Trời Và Năng Lượng Mặt Trời Không Dây- Độ Phân Giải 3.0mpx Camera Chống Nước IP65, Chống Sét, Hỗ Trợ Âm Thanh Hai Chiều, Ống Kính HD Sắc Nét, Phát Hiện Chuyển Động",https://www.lazada.vn/products/pdp-i2328548157.html,1.089.100 ₫,,"8 Đã bán
Hồ Chí Minh"
Camera Wifi Ngoài Trời IMOU IPC-F52FP 5MP Có Màu Ban Đêm,https://www.lazada.vn/products/pdp-i3001503341.html,945.000 ₫,,
FPT Camera SE 2S,https://www.lazada.vn/products/pdp-i3044700667.html,599.000 ₫,,
Camera Wifi 8MP iMOU Cruiser Dual 2 Pro (IPC-S7XFP-8U0WED) - Hàng chính hãng,https://www.lazada.vn/products/pdp-i3224233871.html,1.474.000 ₫,,
Camera IMOU A36LP 3M/ REX 2D 5M- Đàm Thoại Siêu To- Góc Nhìn Siêu Rộng- Báo Động Chống Trộm,https://www.lazada.vn/products/pdp-i3085642364.html,649.000 ₫,4.0,10 Đã bán
TP-Link | Camera Quả Cầu Chống Nước 8MP Full Màu Camera Đêm HD Giám Sát WiFi Điều Khiển Từ Xa PTZ 4G All-Net Đôi,https://www.lazada.vn/products/pdp-i3193617229.html,958.000 ₫,,
"(New 2023) Camera Siêu Nhỏ , Camera Mini , Camera Mini Wifi A9 Full HD 1080PH Hỗ Trợ Đàm Thoại 2 Chiều Ghi Hình Siêu Nét - Camera siêu nhỏ quan sát ban đêm HD Không dây WiFi Nút báo động truy cập từ xa. Mẫu Mới 2023 bảo hành 12 TH EEQ23",https://www.lazada.vn/products/pdp-i3139967471.html,268.000 ₫,5.0,
Camera IP WIFI EZVIZ CS C6N 4M Full HD 1080P - CS-C6N Xoay 360 Độ Thông Minh + Đàm Thoại 2 Chiều + Theo Dõi Chuyển Động - EZVIZ C6N Camera Wifi Bán Chạy Số 1 Thế Giới tặng kèm thẻ nhớ 64G,https://www.lazada.vn/products/pdp-i2641071948.html,450.000 ₫,,
Camera Ip Wifi Ezviz C6N 1080P-Hàng Chính Hãng,https://www.lazada.vn/products/pdp-i2342976218.html,399.000 ₫,,
"Camera Hành Động (Hành Trình) Xe Máy Giá Rẻ C1R 5K / 4K, Chống rυng, 2 Màn Hình - Tặng Pin, Dock Sạc",https://www.lazada.vn/products/pdp-i2766837610.html,1.682.150 ₫,4.0,
"TP-Link | Camera Giám Sát Thông Minh Nhà Ở Full Color 5G với Nhận Diện Khuôn Mặt & Biển Số, Điều Khiển Giọng Nói, Xem Từ Xa, và Tuần Tra Camera Bóng Bầu Dục Ngoài Trời",https://www.lazada.vn/products/pdp-i3194567440.html,1.115.000 ₫,,
Camera Ngoài Trời 3MP Tenda IC6-LRS - Hàng Chính Hãng,https://www.lazada.vn/products/pdp-i2704191911.html,600.000 ₫,,
"Camera IP 2MP DAHUA DH-IPC-HFW1230M-A chính hãng, bảo hành 2 năm",https://www.lazada.vn/products/pdp-i3010027198.html,830.000 ₫,,
CAMERA YOOSEE 3 MẮT 3 MÀN HÌNH ĐỘC LẬP - NGOÀI TRỜI - SIÊU NÉT GÓC RỘNG ( LOẠI MỚI ) - CHỐNG NƯỚC - NGOÀI Trời BẢO HÀNH 12 THÁNG,https://www.lazada.vn/products/pdp-i1986606439.html,569.000 ₫,5.0,519 Đã bán
Mẫu 2025 Camera Ngoài Trời PTZ MINI Xoay 360 Chống Nước YooSee Full HD 5MP 36 Led Ban Đêm Trợ Sáng Đàm Thoại 2 Chiều,https://www.lazada.vn/products/pdp-i2253073905.html,329.000 ₫,4.0,266 Đã bán
"Camera Trong Nhà EZVIZ H1C 2MP - Thiết Kế Đơn Giản Góc Nhìn Rộng, Đàm Thoại 2 Chiều, Hồng Ngoại Thông Minh 1O Mét, Bảo Hành 2 Năm - Camera Toàn Cầu",https://www.lazada.vn/products/pdp-i2362848376.html,432.630 ₫,4.0,89 Đã bán
WiFi mini IP Camera 1080P HD cảm biến chuyển động văn phòng nhà cửa giám sát máy ảnh nhỏ,https://www.lazada.vn/products/pdp-i2853297760.html,129.000 ₫,,
"Camera EZVIZ 2 Mắt H7C/H9C-10M/8M/6M Cao Cấp- Đàm Thoại 2 Chiều- Báo Động Chống Trộm- Wifi Ngoài Trời, Trong nhà Chính H",https://www.lazada.vn/products/pdp-i2908514442.html,998.910 ₫,4.0,56 Đã bán
Siêu Camera Yoosee 4 Mắt Kép Yoosee PTZ-HFYX24 – Xem 3 Màn Hình – Xoay 360 Độ – Độ Phân Giải Khủng 8.0Mpx – Đàm Thoại 2 Chiều,https://www.lazada.vn/products/pdp-i2747525085.html,889.020 ₫,5.0,34 Đã bán
(Tặng Hộp Box) Camera IMOU Ngoài Trời BULLET 2E F32FP 3MP & F52FP 5MP - Có Màu Ban Đêm - Bảo Hành 2 Năm - Bản Nâng Cấp F22FP và F42FP,https://www.lazada.vn/products/pdp-i1972713927.html,707.000 ₫,5.0,338 Đã bán
"Camera Ba Mắt VSTARCAM CS621SR-6MP Siêu Nét, Kết Nối Wifi, Coi 3 Khung Hình 3 Hướng 1 Lúc, Bảo Vệ 360, Đàm Thoại 2 Chiều, Cảm Biến Hồng Ngoại, Bảo Hành 1 Năm.",https://www.lazada.vn/products/pdp-i2802167849.html,880.000 ₫,5.0,176 Đã bán
MỚI 1080P Không Dây Wifi Camera Mini Tầm Nhìn Ban Đêm HD Giám Sát IP Cam Bé Thú Cưng Chuyển Động An Ninh Phát Hiện Đầu Ghi Hình,https://www.lazada.vn/products/pdp-i3223281439.html,132.000 ₫,,"32 Đã bán
China"
"Camera 2 Mắt IMOU 10Mpx/6Mpx Xem 2 Hướng, Đàm Thoại 2 Chiều, Xoay 360 Độ, Ban Đêm Có Màu, trong nhà ngoài trời",https://www.lazada.vn/products/pdp-i2996137811.html,929.610 ₫,4.0,46 Đã bán
Xiaovv WiFi PTZ CCTV Camera for House Dual Lens Dual Screen Smart IP Security Protection Camera Mini 4K 8MP HD Auto motion Tracking Security Outdoor Waterproof Full Color Night Vision Surveillance Closed-circuit Television with Audio,https://www.lazada.vn/products/pdp-i2925212719.html,566.846 ₫,5.0,6 Đã bán
2X Webcam 1080P Mini PC USB Camera 1080P Camera Professional HD Web Cam with Microphone,https://www.lazada.vn/products/pdp-i3163162960.html,343.110 ₫,,
PC máy ảnh webcam USB 2.0 USB PC camera Web 480p cho Windows 2000/XP/win7/win8/10/Vista 32bit cho máy tính xách tay/Máy tính để bàn,https://www.lazada.vn/products/pdp-i3081569968.html,310.419 ₫,2.0,
Camera cho máy tính Webcam độ nét cao tái tạo màu cao cho hầu hết mọi người cho OS x cho Windows2000 cho Linux,https://www.lazada.vn/products/pdp-i3050325974.html,265.000 ₫,,
USB Webcam cho máy tính xách tay Micro tích hợp 4K HD Camera cho PC lái xe miễn phí cho Chrome OS,https://www.lazada.vn/products/pdp-i3190274379.html,309.000 ₫,,
Webcam với ánh sáng Mic USB Camera Web Ba ánh sáng màu sắc cho máy tính để bàn cho hội nghị truyền hình,https://www.lazada.vn/products/pdp-i3142930034.html,835.000 ₫,,
Hxsj HD PC Webcam 720P Camera Web Cảm biến CMOS Tích hợp Microphone Cam cuộc gọi video Cho Máy Tính Để Bàn Máy Tính Xách Tay,https://www.lazada.vn/products/pdp-i3062863366.html,452.000 ₫,,
Logitech Camera cho PC 720P Màn hình rộng video 720p máy ảnh 720P Ống kính quang học Webcam Video Camera Video ống kính tiếng ồn USB2.0 máy ảnh PC và chơi HD 720p chơi Camera cho máy tính Webcam 720p C270 HD C270/c270i/C310,https://www.lazada.vn/products/pdp-i3030482955.html,849.125 ₫,,
Ecily HD 1080P Máy ảnh Mini có WI-FI X5 máy ảnh trong nhà An ninh nhà góc rộng Chuyển động quan sát ban đêm Giám sát camera IP không dây bé màn hình,https://www.lazada.vn/products/pdp-i2367906138.html,362.400 ₫,,
"[Chính hãng bảo hành 12 tháng ] Camera Wifi Ezviz CS-H6C Pro 2MP 1080P Gọi Điện Qua App, Quay Quét, Đêm Full Màu SÀI GÒN",https://www.lazada.vn/products/pdp-i2751219016.html,998.600 ₫,,
"Camera WIFI H6C PRO G1 4K 8MP- Xoay 360 độ + Đàm Thoại 2 Chiều, Phát Hiện Chuyển Động - Ban ĐÊM CÓ MÀU RÕ NÉT NHƯ BAN NGÀY",https://www.lazada.vn/products/pdp-i3206847233.html,919.000 ₫,,
Camera Ip 3 Màn Hình Yoosee 3Q006 Có đèn Nhấp Nháy và Camera Xài Sim 4G Vstarcam CG662,https://www.lazada.vn/products/pdp-i2864802582.html,638.731 ₫,,
"Camera Wifi C6N G1 4K / 3MP/8MP H6C G1 8MP Chính Hãng - Xoay 360 Độ, Xoay Dọc 85 Độ, Đàm Thoại 2 Chiều, Ai Thông Minh",https://www.lazada.vn/products/pdp-i3206955031.html,669.000 ₫,,
Xiaomi Smart Camera C301,https://www.lazada.vn/products/pdp-i3149146169.html,680.000 ₫,,
Camera IMOU IP Wifi 2 Mắt Ngoài trời Cruiser Dual 2 10MP - IPC-S7XEP-10M0WED,https://www.lazada.vn/products/pdp-i3175180807.html,1.499.000 ₫,,
Camera cho PC Micro tích hợp Webcam USB cho máy tính,https://www.lazada.vn/products/pdp-i3039873164.html,496.000 ₫,,
Hxsj HD PC Webcam 720P Camera Web Cảm biến CMOS Tích hợp Microphone Cam cuộc gọi video Cho Máy Tính Để Bàn Máy Tính Xách Tay,https://www.lazada.vn/products/pdp-i3062742838.html,452.000 ₫,,
Webcam USB Camera cho PC xoay 360 độ cho hội nghị truyền hình giảng dạy mạng,https://www.lazada.vn/products/pdp-i3060527000.html,193.000 ₫,,
"Camera WiFi Ngoài Trời NetCAM STD34 Ống Kính Kép (3MP + 3MP), Xoay 360 Độ, Đàm Thoại 2 Chiều, Theo Dõi Chuyển Động",https://www.lazada.vn/products/pdp-i420710825.html,879.000 ₫,4.0,
"Camera IP thân trụ Hikvision Colorvu DS-2CD1T47G0-LUF 4MP 2K, tích hợp mic",https://www.lazada.vn/products/pdp-i2196795190.html,1.650.000 ₫,,
"(Tặng Hộp Box KT) Camera Wifi IMOU 3 Mắt Cruiser Triple IPC-S7UP-11M0WED 11MP (3MP + 3MP + 5MP) - Hổ Trợ 2 Thẻ Nhớ, Còi Đèn Báo Động - IMOU LazMall",https://www.lazada.vn/products/pdp-i1975075250.html,1.840.002 ₫,4.0,71 Đã bán
Camera WiFi Ngoài Trời 3MP EZVIZ H3C Full Color Đàm Thoại 2 Chiều,https://www.lazada.vn/products/pdp-i2020483164.html,945.000 ₫,4.0,255 Đã bán
Camera IMOU Gọi video 2 chiều REX VT 3K Độ Phân Giải 5M Phát hiện chuyển động Camera Wifi,https://www.lazada.vn/products/pdp-i2908735045.html,1.107.810 ₫,5.0,20 Đã bán
Camera cho máy tính Webcam độ nét cao HD 1080p cho OS x cho Linux cho Windows2000,https://www.lazada.vn/products/pdp-i3132782219.html,265.000 ₫,,
"Camera Wifi IMOU CRUISER Z S7DP 3K 5MP, Zoom 12X, Ống Kính Kép, Xoay 360 Độ, Đàm Thoại 2 Chiều, Có Màu Ban Đêm",https://www.lazada.vn/products/pdp-i2670313258.html,1.299.000 ₫,5.0,17 Đã bán
camera ip wifi ngoài trời AI thông minh 3.0Mp VisionCop,https://www.lazada.vn/products/pdp-i2500927765.html,1.150.000 ₫,3.0,
"LazMaII Sale 50% Camera Siêu Nhỏ Không Dây, Camera mini siêu nhỏ Vstarcam wifi CB70W Kết Nối Điện Thoại Bằng Wifi, FullHD 1080p Siêu Nét, Pin Trâu Dùng 10 Ngày, Đàm Thoại 2 Chiều, Ống Kính Kép Zoom 6x",https://www.lazada.vn/products/pdp-i3124326424.html,799.220 ₫,5.0,16 Đã bán
"Máy Ảnh Kỹ Thuật Số WiFi Micro Single HD, Camera Kép, Chụp Ảnh Selfie, Lọc Làm Đẹp, Dành Cho Sinh Viên, Tiệc Tùng, Chụp Trước Và Sau, Chụp Điểm Ảnh & Chụp Ảnh Tự Động",https://www.lazada.vn/products/pdp-i3231239891.html,448.000 ₫,,"74 Đã bán
Nước ngoài"
Camera Hành Động Máy Ảnh - Máy Quay Phim - Máy Quay Hành Động 4K Wifi A19 Camera Thể Thao & Hành Động - Điều Khiển Từ Xa 30M.Camera Hành Trình Chính Hãng A19 Wifi FullBox- Full 4K Mẫu Mới 2024,https://www.lazada.vn/products/pdp-i3146492328.html,593.010 ₫,,
HEITAILANG | Camera Thông Minh Không Dây Chạy Pin với Giám Sát Trong Nhà 360°,https://www.lazada.vn/products/pdp-i3193697666.html,863.000 ₫,4.0,
"Webcam thu hình ảnh, học online, gọi video call. Tiêu cự cố định. Làm việc trực tuyến. 480P. USB 2.0 Camera",https://www.lazada.vn/products/pdp-i1526409049.html,105.741 ₫,5.0,
"Camera Yoosee 4 Mắt 3 Màn Hình Kép Zoom 10X Ultra – Mẫu mới nhất 2025 – Độ phân giải Full HD 3 góc quay góc rộng – Xem đêm có màu, đàm thoại 2 chiều",https://www.lazada.vn/products/pdp-i2501368329.html,700.002 ₫,5.0,315 Đã bán
"Camera gọi Video 2 chiều Với màn hình IPS 2.8 inch, Phát hiện chuyển động, phát hiện tiếng khóc",https://www.lazada.vn/products/pdp-i2431455504.html,476.000 ₫,5.0,48 Đã bán
"[Tặng thẻ nhớ] Máy ảnh kĩ thuật số digital mini camera Blevos - quay, máy ảnh kỹ thuật số,chụp màu film ccd, siêu nhỏ gọn",https://www.lazada.vn/products/pdp-i3122607947.html,649.000 ₫,4.0,23 Đã bán
4K HD 1080P máy ảnh kỹ thuật số 96MP Tự Động lấy nét máy ảnh vlogging 2.4 Inch IPS Màn Hình camera quay phim Cho Trẻ Em Người Lớn Người Mới Bắt Đầu,https://www.lazada.vn/products/pdp-i2685244562.html,603.000 ₫,5.0,32 Đã bán
"Camera Yoosee PTZ Ngoài Trời 28LED Xoay 360 Độ, Camera An Ninh Ngoài Trời Đàm Thoại 2 Chiều, Ban Đêm Có Màu, Báo Động Chống Trộm Thông Minh - GKMaket Chính Hãng",https://www.lazada.vn/products/pdp-i2233916098.html,351.000 ₫,4.0,241 Đã bán
Camera Giám Sát Bóng Đèn HD 2mp Góc Rộng 360 Camera Giám Sát Phát Hiện Chuyển Động Giám Sát An Ninh Tầm Nhìn Ban Đêm Camera Webcam Âm Thanh Hai Chiều,https://www.lazada.vn/products/pdp-i2023435021.html,243.100 ₫,,
"(Tặng Chân Đế) Camera Wifi Dahua Trong Nhà Hero A1 DH - H3AE 3MP - Đàm Thoại 2 Chiều, Xoay 360 Độ, Bảo Hành 2 Năm",https://www.lazada.vn/products/pdp-i438774657.html,391.050 ₫,5.0,59 Đã bán
"Dahua Technology THÂN SẮT, DH-HAC-HDBW2120RP GÓC RỘNG, ANALOG , IR HDCVI dome camera",https://www.lazada.vn/products/pdp-i3206211876.html,329.000 ₫,,
"Camera Wifi IMOU A52P 5MP, A42P 4MP, A32EP 3MP, A22EP 2MP, Xoay 360 Độ, Đàm Thoại 2 Chiều, Theo Dõi Chuyển Động - DIGI Smart Home",https://www.lazada.vn/products/pdp-i1954928172.html,469.000 ₫,4.0,243 Đã bán
Camera Analog Dahua 2.0MP – DH-HAC-HFW1200TLMP-IL-T (Smart Dual Light / LED Sáng 40M / Có Mic & Loa / Đàm Thoại 2 Chiều),https://www.lazada.vn/products/pdp-i3189899991.html,471.000 ₫,,
Web Cam USB Webcam Auto Focusing HiFi Speaker Noise Reduction Mic PC Camera for Desktop Laptop Video Chat,https://www.lazada.vn/products/pdp-i3204931721.html,659.442 ₫,,
Webcam USB Camera cho PC tự động làm đẹp cho màn hình LCD,https://www.lazada.vn/products/pdp-i3082431483.html,496.000 ₫,,
Camera Laptop Dell Vostro 1014 1015 Webcam V1014 V1015,https://www.lazada.vn/products/pdp-i2218672137.html,70.000 ₫,,
Máy Ảnh USB Camera Web Webcam Clip-on Webcam cho máy tính để bàn máy tính xách tay máy tính xách tay,https://www.lazada.vn/products/pdp-i3181357048.html,147.000 ₫,,
Webcam 30fps Camera cho máy tính với microphone cho web giảng dạy cho hội nghị video cho web phát sóng trực tiếp,https://www.lazada.vn/products/pdp-i3050391401.html,264.000 ₫,,
Camera Web USB 2.0 Plug and Play Camera cho máy tính cho giáo dục,https://www.lazada.vn/products/pdp-i3078481093.html,296.000 ₫,2.0,
"( MẪU MỚI 2023 ) SALE 50% CAMERA QUAY TOÀN CẢNH CAMERA ROBOT IP WIFI PHẦN MỀM YOOSEE - HD 1080P RB20 , ĐÀM THOẠI , BÁO ĐỘNG Thiết kế kiểu dáng hiện đại, đẹp mắt, tiện dụng BH 12 tháng",https://www.lazada.vn/products/pdp-i2522322029.html,750.000 ₫,,
As02 Camera giám sát Màn hình giám sát Wifi Camera giám sát S Home an ninh Webcam Wifi HD 1080P nhìn trong đêm cho trong nhà phát hiện,https://www.lazada.vn/products/pdp-i2272998784.html,490.000 ₫,,
"HiKvision DS-E14 Camera Độ Nét 4MP CMOS USB 2.0 Có Micro Đế Hộp Không Cần Cài Đặt, Thiết Kế Kín, Phù Hợp Với Môi Trường Làm Việc Văn Phòng",https://www.lazada.vn/products/pdp-i3140970662.html,836.000 ₫,2.0,
"Camera IMOU A52 - Camera An Ninh 5MP, Xoay 360 Độ, Đàm Thoại 2 Chiều, Hỗ Trợ Thẻ 256GB",https://www.lazada.vn/products/pdp-i3112518630.html,640.575 ₫,,
Webcam USB 2K tự động tập trung Hifi cắm và chơi máy ảnh cho máy tính để bàn video chat,https://www.lazada.vn/products/pdp-i3057624698.html,620.000 ₫,,
"Camera hành trình ONTEKCO Q3 NEW Ghi Hình Full HD .V9 Full-HD Kết Nối Màn Hình Android. Xem Qua Điện Thoại, BH-12 Tháng",https://www.lazada.vn/products/pdp-i3075366079.html,629.000 ₫,,
Bộ Camera Imou sim 4G (Camera chính hãng) Sử dụng điện năng lượng mặt trời - Đủ phụ kiện lắp đặt,https://www.lazada.vn/products/pdp-i3082800561.html,2.950.000 ₫,,
USB Camera Web Webcam với ánh sáng mic ổn định cho máy tính để bàn cho hội nghị truyền hình,https://www.lazada.vn/products/pdp-i3143681886.html,835.000 ₫,,
30Hz Webcam Camera cho máy tính cho máy tính để bàn thời gian thực ghi âm video cuộc gọi máy tính xách tay cuộc họp,https://www.lazada.vn/products/pdp-i3161141730.html,250.000 ₫,,
"[FREESHIP] Camera Wifi EZVIZ C6N 2MP, Full HD 1080P, Xoay 360 Độ, Đàm Thoại 2 Chiều - Phát Hiện Chuyển Động, Smart IR Quan Sát Ban Đêm 10m - Camera IP không dây EZVIZ C6N 2.0MP - CS-C6N-A0-1C2WFR Bảo Hành 2 Năm - VTS Smart",https://www.lazada.vn/products/pdp-i1444877490.html,469.000 ₫,4.0,556 Đã bán
Lm 1080P Ultra-Rõ Ràng Webcam USB Video Camera Web Cho Windows Mac OS Hoạt Động Trực Tuyến,https://www.lazada.vn/products/pdp-i2837174599.html,509.967 ₫,,
Camera wifi,https://www.lazada.vn/products/pdp-i3100753046.html,599.000 ₫,,
Xiaomi camera ngoài trời cw700s Camera Zoom 9X giám sát tại nhà 4MP toàn màu nhìn ban đêm phát hiện âm thanh và ánh sáng báo động bằng giọng nói,https://www.lazada.vn/products/pdp-i2812840432.html,1.889.000 ₫,5.0,6 Đã bán
"Ekleva gương Dash Cam Camera dự phòng 10 Màn hình cảm ứng trọn bộ dòng phương tiện truyền thông ống kính kép Full HD Camera lùi, 1080P 170 ° Full HD Phía trước 1080p và 140 ° góc rộng Full HD Camera chiếu hậu, 24 giờ đậu xe",https://www.lazada.vn/products/pdp-i457082942.html,1.117.300 ₫,4.0,358 Đã bán
Camera Ip 3 Màn Hình Yoosee 3Q006 Có đèn Nhấp Nháy và Camera Xài Sim 4G Vstarcam CG662. LKP,https://www.lazada.vn/products/pdp-i2864748785.html,638.731 ₫,,
"(TẶNG HỘP KỸ THUẬT) Camera IMOU 2 Mắt Ngoài Trời IMOU Cruiser Dual 2 10MP | Tầm Nhìn Bam Đêm Có Màu | Ống Kính Kép Góc Rộng | AI phát hiện con người và phương tiện l đèn cảnh báo chủ động màu xanh, đỏ l Bảo Hành 2 năm",https://www.lazada.vn/products/pdp-i2746397911.html,1.550.000 ₫,4.0,169 Đã bán
"Camera Wifi EZVIZ C6C 8MP 4K AI, Xoay 360, Đàm Thoại, Màu Bang Đêm - Chính Hãng, Bảo Hành 24 Tháng",https://www.lazada.vn/products/pdp-i683962204.html,1.359.000 ₫,4.0,107 Đã bán
"HÀNG CHÍNH HÃNG Yoosee - Camera Quan Sát, Mini, Wifi, 4K - Giá Rẻ - Camera Yoosee 4.0Mpx 2 Mắt Mode Q42D - Góc Rộng Siêu Nét, Camera 1 Góc Cố Định Camera 2 Quay Quét 360 Độ, Giám Sát Nhà Cửa, Con Cái, Cửa Hàng.. Từ Xa Qua Điện Thoại 2 Chiều",https://www.lazada.vn/products/pdp-i2284406066.html,455.700 ₫,4.0,350 Đã bán
Mô-đun Camera mini 5MP 15fps tự động lấy nét Webcam module cho PC cho ATM,https://www.lazada.vn/products/pdp-i3151197027.html,803.000 ₫,,
"TP-Link | Camera Mạng Không Dây 6MP 360° Pan/Tilt Full Color Night Vision với Phát Hiện Thú Cưng, HD, Gọi Điện thoại Từ Xa",https://www.lazada.vn/products/pdp-i3193593750.html,800.000 ₫,,
"[Tặng thẻ xịn 64] CAMERA 5.0 MPX HÌNH ẢNH SẮC NÉT, CHỐNG NƯỚC TỐT, ĐÊM CÓ MÀU, LOA BÁO ĐỘNG LỚN NÊN ĐÀM THOẠI HAY BÁO ĐỘNG RẤT TỐT",https://www.lazada.vn/products/pdp-i3104756194.html,669.000 ₫,5.0,
"Bộ camera lùi cho ô tô, màn hình 7 inch, camera lùi 8 Hồng ngoại, dây dài 5-20m, tẩu cấp nguồn. Dùng điện 12-24V HN02",https://www.lazada.vn/products/pdp-i2622685819.html,780.000 ₫,,
"UGREEN Webcam máy tính có mic Full HD 2K 1080P USB HD Webcam Web Zoom Camera 1080P Computer USB external camera 30fps, 200W pixels Có USB Tự Động Lấy Nét Quay Video Webcam Cho máy Tính Laptop Model:15728",https://www.lazada.vn/products/pdp-i2404604069.html,820.800 ₫,5.0,128 Đã bán
Webcam USB Camera cho máy tính nhận dạng khuôn mặt 30fps tự động lấy nét dễ dàng để cài đặt cho các khóa học trực tuyến Đào Tạo,https://www.lazada.vn/products/pdp-i3075256118.html,926.000 ₫,,
Webcam 4K 1080P Mini Full HD USB Camera Có Micro 30 Khung Hình / Giây Tự Động Lấy Nét Cho PC Laptop Quay Video,https://www.lazada.vn/products/pdp-i3161995328.html,145.000 ₫,5.0,26 Đã bán
TENXI3 Camera Mini Camera HD không dây Micro Máy quay phim bí mật ghi âm DVR Cam hành động,https://www.lazada.vn/products/pdp-i2764428726.html,71.771 ₫,5.0,
A9 Camera Mini WiFi Không Dây HD 1080P Máy Quay An Ninh Nhà Thông Minh Giám Sát Video Trắng Đen Trong Nhà Màn Hình Cam Có Điều Khiển Từ Xa,https://www.lazada.vn/products/pdp-i2997344219.html,129.000 ₫,,
Camera WiFi Mini HD 1080P Giám Sát An Ninh Trong Nhà Giám Sát Trẻ Em Với Tầm Nhìn Ban Đêm IP Cam Sạc Âm Thanh Đầu Ghi Hình,https://www.lazada.vn/products/pdp-i3190610457.html,169.600 ₫,,
Camera An Ninh Ngoài Trời 8MP Wifi IP PTZ Không Dây Với Zoom Kỹ Thuật Số 4X AI Theo Dõi Con Người Âm Thanh Hai Chiều Tầm Nhìn Ban Đêm HD,https://www.lazada.vn/products/pdp-i2760571211.html,333.000 ₫,5.0,28 Đã bán
Camera A9 Mini WiFi Không Dây 720P HD Giám Sát An Ninh Nhà Thông Minh Giám Sát Từ Xa Máy Quay Phim Bảo Vệ,https://www.lazada.vn/products/pdp-i3167008479.html,189.000 ₫,,
"Camera WiFi Treo Tường Thông Minh Với Điểm Truy Cập 2,4G Tầm Nhìn Ban Đêm 360 ° Giám Sát An Ninh Chống Trộm Xoay Để Giám Sát Điện Thoại",https://www.lazada.vn/products/pdp-i2901259093.html,270.000 ₫,2.0,8 Đã bán
Camera Mini X5 1080P Tầm Nhìn Ban Đêm Full-HD Giám Sát Không Dây Nhẹ Với Phát Hiện Chuyển Động Di Động Chất Lượng Cao Cấp,https://www.lazada.vn/products/pdp-i3209350267.html,101.400 ₫,,"37 Đã bán
China"
Camera Giám Sát Không Dây WiFi 50W Pixel Camera Giám Sát An Ninh Độ Phân Giải Cao Camera IP Có Tầm Nhìn Toàn Cảnh,https://www.lazada.vn/products/pdp-i3208937492.html,145.600 ₫,,"12 Đã bán
Nước ngoài"
Camera Web Mini 4K 1080P Full HD 2K USB Có Micro 30fps Tự Động Lấy Nét Cho Máy Tính Laptop Quay Video,https://www.lazada.vn/products/pdp-i2752080089.html,300.000 ₫,4.0,10 Đã bán
Webcam HIKVISION DS-U320 Full HD 1080P tích hợp micro - hàng chính hãng -Kho camera,https://www.lazada.vn/products/pdp-i3155830468.html,524.000 ₫,,
Điện thoại USB Máy ảnh ngoài camera điện thoại bên ngoài 2.0MP cho ngoài trời,https://www.lazada.vn/products/pdp-i3074055968.html,659.000 ₫,,
"Webcam máy tính, Camera học online full hd 1080P siêu đỉnh, siêu nét. Có mic đàm thoại",https://www.lazada.vn/products/pdp-i2511447558.html,299.000 ₫,,
"Gia dụng không dây Camera giám sát kết nối với điện thoại di động từ xa độ nét cao, màn hình, không cần cắm vào mạng thông minh Webcam",https://www.lazada.vn/products/pdp-i2983811566.html,350.136 ₫,,
Camera Di Động Ultra HD 8K Wifi Máy Ghi Thực Thi Pháp Luật Cầm Tay Mini Với 180 ° Ống Kính Xoay Được Cho Video Thể Thao Ngoài Trời,https://www.lazada.vn/products/pdp-i3195665870.html,467.500 ₫,,
【Hot New Release】 Webcam 4K 1080P Mini Camera 2K Full HD Webcam With Microphone 15-30fps USB Web Cam For Youtube PC Laptop Video Camera,https://www.lazada.vn/products/pdp-i3220820591.html,467.500 ₫,,
Gấu Trúc USB Máy Ảnh web camera Không Cần Ổ Đĩa HD 2K Máy Ảnh panda Máy Ảnh Máy Tính,https://www.lazada.vn/products/pdp-i2600075841.html,583.491 ₫,2.0,
HD720p h1080p hd2k tự động lấy nét độ nét cao máy tính trực tuyến khóa học máy ảnh webcam,https://www.lazada.vn/products/pdp-i2966688738.html,152.719 ₫,,
Identification Login Web Camera 1MP 720P forWin10/11 USB Computer Webcam Computer Web Camera forComputer Laptop,https://www.lazada.vn/products/pdp-i3143560867.html,709.915 ₫,,
Nhà Máy Bán Hàng Trực Tiếp PTZ Nhỏ PTZ Truyền Hình Trực Tiếp Camera Chụp Ảnh PTZ SLR Micro Single PTZ Màn Hình PTZ,https://www.lazada.vn/products/pdp-i3014085027.html,198.911 ₫,,
Web Camera HD Webcam Góc nhìn rộng dành cho hội nghị,https://www.lazada.vn/products/pdp-i3225831327.html,211.896 ₫,,
Industrial 4K USB Webcam PC Laptops Video 8MP Autofocus USB Camera IMX179 Sensor OTG UVC Plug & Play,https://www.lazada.vn/products/pdp-i3184705726.html,842.331 ₫,,
[Mã 159ELHA giảm 7% đơn 300K] WEBCAM HỌC ONLINE CAMERA MÁY TÍNH BÀN CAMERA LAPTOP,https://www.lazada.vn/products/pdp-i2634581356.html,474.050 ₫,,
Camera An Ninh Mini 4K Tầm Nhìn Ban Đêm Đầy Đủ Màu Sắc Giám Sát WiFi Chống Nước Phát Hiện Chuyển Động Giám Sát Nhà Thông Minh Với Tương Thích Bluetooth,https://www.lazada.vn/products/pdp-i3226351850.html,236.000 ₫,,
"720P nt99141 quét khuôn mặt độ nét cao, không có ổ đĩa Camera cho máy tính webcam",https://www.lazada.vn/products/pdp-i2966840124.html,503.719 ₫,,
"B.T.F-13MP Camera Module 13850 Webcam Length 3000mm, 1300W Pixels Camera RK3358/3358S for 5/5B/5Plus",https://www.lazada.vn/products/pdp-i3184765267.html,743.700 ₫,,
4K High Definition Computer Camera Network Live Broadcast High Definition Video Conference USB Camera,https://www.lazada.vn/products/pdp-i3044307610.html,713.720 ₫,,
"(IMTO) 4K Webcam with Microphone and Fill Light, HD Autofocus Computer Camera for Pc Laptop Desktop Video Calling, Easy to Use",https://www.lazada.vn/products/pdp-i3148368758.html,944.720 ₫,,
1080P Digital Camera Video Camera Camcorder 56MP 2.8 Inch IPS Screen 8X Digital Zoom Camera Gift for Kids,https://www.lazada.vn/products/pdp-i3196687423.html,741.694 ₫,2.8,
Logitech C270 720P Màn Hình Rộng Webcam Video Máy Tính Máy Tính Xách Tay Camera Cho PC Cho Cuộc Gọi Video Và Ghi Âm,https://www.lazada.vn/products/pdp-i2246229215.html,532.944 ₫,,
domain-4K Digital Camera HD Photography Travel Selfie Camara 2.4inch Selfie Mini Retro Cam,https://www.lazada.vn/products/pdp-i2736674312.html,621.669 ₫,,
Oct Industrial 4K USB Webcam PC Laptops Video 8MP Autofocus USB Camera IMX179 Sensor OTG UVC Plug & Play,https://www.lazada.vn/products/pdp-i3231256307.html,920.000 ₫,,
Camera Giám Sát Trong Nhà WiFi Không Dây 5MP Với Tầm Nhìn Ban Đêm PTZ Giọng Nói Hai Chiều Robot An Ninh Nhà Thông Minh Webcam 128G Hỗ Trợ TF,https://www.lazada.vn/products/pdp-i3075577953.html,440.000 ₫,5.0,
"DAHUA Z2 Z2 + camera gọi video độ nét cao, học khóa học trực tuyến trên máy tính, có thể chụp ảnh, Micrô tích hợp webcam",https://www.lazada.vn/products/pdp-i2988092677.html,638.719 ₫,,
"(UHKQ) 4K Webcam with Microphone and Fill Light, HD Autofocus Computer Camera for Pc Laptop Desktop Video Calling,",https://www.lazada.vn/products/pdp-i3149414934.html,984.720 ₫,,
SONY A6000 + LENS 16-50MM F/3.5-5.6 OSS PZ,https://www.lazada.vn/products/pdp-i1917902825.html,12.980.000 ₫,3.5,
(WJRN) Industrial 4K USB Webcam PC Laptops Video 8MP Autofocus USB Camera IMX179 Sensor OTG UVC Plug & Play,https://www.lazada.vn/products/pdp-i3078487360.html,894.331 ₫,,
(EBIO) 1080P Webcam Full HD Camera for Laptop Computer USB Webcam with Dual Microphones for Zoom Video Calling Webcam,https://www.lazada.vn/products/pdp-i3161839064.html,751.136 ₫,,
1080P Webcam Full HD Camera for Laptop Computer USB Webcam with Dual Microphones for Zoom Video Calling Webcam,https://www.lazada.vn/products/pdp-i3222248933.html,777.000 ₫,,
Logitech C270 720P Màn Hình Rộng Webcam Video Máy Tính Xách Tay Camera cho PC Cho cuộc gọi video Và Ghi Âm,https://www.lazada.vn/products/pdp-i3223321560.html,734.000 ₫,,
"Camera WIFI H6c Pro 3MP | H6C Pro 3K 5MP | H6C PRO G1 4K 8MP EZVIZ - Xoay 360 độ + Đàm Thoại 2 Chiều, Phát Hiện Chuyển Động - EZVIZ Lazmall",https://www.lazada.vn/products/pdp-i1353251297.html,484.110 ₫,5.0,
"Camera KaBeVISION Analog Thân 2.0MP , Full Color, Hồng ngoại 30m, LED 20m, Có Mic, Nguồn 12v - KX-AD2111C-A",https://www.lazada.vn/products/pdp-i2974670007.html,351.000 ₫,5.0,32 Đã bán
"Camera Mini Wifi A9s FULL HD 1080P, Camera Mini A9, Camera Giám Sát An Ninh Wifi, Camera Wifi, Tầm Nhìn Ban Đêm Camera Giám Sát Không Dây.",https://www.lazada.vn/products/pdp-i2608539053.html,171.000 ₫,4.0,74 Đã bán
Ekleva X6 Camera IP Mini Camera thể thao Wifi HD 1080p không dây an ninh giám sát được xây dựng trong pin nhìn trong đêm nhà thông minh vi cam,https://www.lazada.vn/products/pdp-i2552969318.html,228.600 ₫,4.0,64 Đã bán
EZVIZ C6T CS-CV248 - chính hãng - Camera Wifi đa năng 1080P 2.0mp - Bảo hành 1 năm,https://www.lazada.vn/products/pdp-i2748257741.html,540.000 ₫,4.0,73 Đã bán
"[ CHÍNH HÃNG CÔNG NGHỆ A.I 2025 ] Camera wifi Mini V380 Pro Siêu Nét 1080P Công Nghệ A.I Phát Hiện chuyển Động, Định Dạng Người Lạ, Tầm Nhìn Ban Đêm Camera Giám Sát Hồng Ngoại, Theo Dõi Từ Xa Ứng Dụng Điện Thoại V380 Pro, Bảo Hành Uy Tín 12 Tháng.",https://www.lazada.vn/products/pdp-i2933489364.html,341.640 ₫,3.0,7 Đã bán
"[ Mẫu Mới ] Camera Hành Trình A19 Sport 4K Ultra Hd-Hỗ Trợ Kết Nối Wifi , Camera Hành Trình Gắn Mũ Bảo Hiểm, Camera phượt thể thao kết nối Wifi xem trực tiếp điện thoại Hình Ảnh Chân Thực Độ Nét Cao Chống Rung 100%.",https://www.lazada.vn/products/pdp-i2416517213.html,650.000 ₫,4.0,17 Đã bán
"Camera siêu nhỏ thế hệ mới full HD 1080P-Camera mini wifi Q15 kết nối điện thoại giá rẻ xem qua 3g,4g,5g-Camera wifi mini không dây tiện lợi Cho Gia Đình",https://www.lazada.vn/products/pdp-i3153471221.html,250.000 ₫,,
"Camera WIFI Ngoài Trời IMOU IPC-S31FEP 3MP Quay Quét, Đàm Thoại 2 Chiều, Có Màu Ban Đêm",https://www.lazada.vn/products/pdp-i2008026544.html,890.000 ₫,4.0,174 Đã bán
Camera hồng ngoại 4in1 KBVISION KX-A2112C4 2.0mp,https://www.lazada.vn/products/pdp-i1018150557.html,395.000 ₫,,
Trực Tuyến Webcam Mật Độ Cao Camera Web Với đèn LED ánh sáng phụ Cho Android Cho Win10 Cho OS X,https://www.lazada.vn/products/pdp-i3061223226.html,174.000 ₫,,
Camera Ezviz,https://www.lazada.vn/products/pdp-i2090763242.html,475.000 ₫,,
Webcam độ nét cao khả năng tương thích cao camera cho máy tính cho Linux cho hầu hết mọi người cho Windows2000 cho OS x,https://www.lazada.vn/products/pdp-i3061932900.html,265.000 ₫,,
"Camera Wifi Không Dây, Camera S16 Full HD 360 Độ Không Dây Wifi IP P2P Camera Giám Sát Từ Xa Âm Thanh 2 Chiều Camera Mini Phát Hiện Chuyển Động Máy Quay Phim",https://www.lazada.vn/products/pdp-i2271572583.html,990.000 ₫,5.0,157 Đã bán
Camera cho PC USB 1080p 30fps Camera Web cho giáo dục,https://www.lazada.vn/products/pdp-i3043930739.html,314.000 ₫,,
"Camera hiển thị Laptop Acer Aspire E5-473 , E5-473G",https://www.lazada.vn/products/pdp-i1996587647.html,70.000 ₫,,
Webcam có mic dùng cho máy tính 1080P có tích hợp mic và đèn Led trợ sáng - có nắp che camera - Webcam máy tính để bàn siêu nét,https://www.lazada.vn/products/pdp-i1549642462.html,300.000 ₫,4.0,8 Đã bán
Camera Xiaomi Mi Home Security 360 2K - Hàng Chính Hãng DGW,https://www.lazada.vn/products/pdp-i2204282585.html,699.000 ₫,4.0,6 Đã bán
Camera Giám Sát Trong Nhà 360 Độ Tăng Cường bởi AI với Truy Cập Không Dây Từ Xa,https://www.lazada.vn/products/pdp-i3194229561.html,1.520.000 ₫,4.0,
"(HCM)Webcam học online. Webcam máy tính kẹp, Camera Có Mic 1080p Cho Laptop Học ZOOM Trực tuyến, Trực Tuyến, Hội Họp, Gọi Video Hình ảnh Sắc nét. Hệ thống hỗ trợ win XP , win7 , win8, Vista 32bit, cho Android TV",https://www.lazada.vn/products/pdp-i1933534292.html,99.000 ₫,,
Camera Wifi giám sát - nghe gọi video C30 đàm thoại 2 chiều xoay 360 xem đêm có màu,https://www.lazada.vn/products/pdp-i3035533860.html,598.000 ₫,,
"( SALE 50% ) Camera IP WiFi AN NINH CAMERA IMOU CELL GO B32P-V2 3M FullHD 2K ( dùng pin ) CHÍNH HÃNG Có Màu Ban Đêm Lắp Ngoài Trời Chống Nước, Cảnh Báo Chuyển Động AI PIN DÙNG 120 NGÀY BH 12 tháng",https://www.lazada.vn/products/pdp-i2290763802.html,1.500.000 ₫,5.0,10 Đã bán
"Camera 2 mắt IMOU Cruiser Dual 2 6MP/ 10MP, vừa quay cố định, vừa xoay 360 độ theo dõi chuyển động",https://www.lazada.vn/products/pdp-i2821102625.html,1.480.000 ₫,,"7 Đã bán
Hồ Chí Minh"
"Camera hành trình Q2 kết nối màn hình Android trên xe ô tô qua cổng USb nhỏ gọn , ghi hình nét, dễ lắp đặt",https://www.lazada.vn/products/pdp-i2586914936.html,250.850 ₫,4.0,13 Đã bán
"Camera nguytrang nhà tắm,Camera Mini Giá Rẻ,Camera Giau Kin Ket Noi Dien Thoai Giá Tốt.amera mini A9,HD 1080 giám sát nhà cửa - hành trình xe máy, xe hơi.Kết nối WIFI, phát hiện chuyển động, Có pin giá rẻ nhất.",https://www.lazada.vn/products/pdp-i2212986600.html,184.000 ₫,5.0,6 Đã bán
Camera cho máy tính linh hoạt thực tế 1920x108 0P Webcam có micrô cho hội nghị cho cuộc gọi video,https://www.lazada.vn/products/pdp-i3152985365.html,229.000 ₫,,
Camera IP Wifi Không Dây App OKampro 4 Mắt Xem 3 Màn Hình và Camera Ip 3 Màn Hình ICam365 P26,https://www.lazada.vn/products/pdp-i3016650900.html,783.007 ₫,,
Camera Ngoài Trời Xiaomi Outdoor Camera CW700S – Zoom 9X - Xoay 360 Độ - Phiên Bản Quốc Tế,https://www.lazada.vn/products/pdp-i2974864322.html,1.960.000 ₫,,
"Camera IPP WIFI C6N 3.0MP Pro Color 2K - Xoay 360 Độ Thông Minh + Đàm Thoại 2 Chiều + Theo Dõi Chuyển Động - Bản Nâng Cấp CS-C6N 2K 3MP, CÓ Màu Ban Đêm Rõ Nét",https://www.lazada.vn/products/pdp-i3206856467.html,689.000 ₫,,
Camera Ip 3 Màn Hình Yoosee 3Q006 Có đèn Nhấp Nháy và Camera Xài Sim 4G Vstarcam CG662. LKP,https://www.lazada.vn/products/pdp-i3150377919.html,485.585 ₫,,
"Camera Imou ngoài trời Cruiser SC 5MP, đèn báo xanh đỏ, đàm thoại 2 chiều, màu ban đêm, wifi 6",https://www.lazada.vn/products/pdp-i2779517990.html,969.000 ₫,5.0,10 Đã bán
CAMERA IMOU CRUISER SE+ S51FEP 3K (5MP)/ S31FEP 2K (3MP) - Đàm Thoại 2 Chiều - Chế độ ban đêm thông minh - Xoay 360 Độ,https://www.lazada.vn/products/pdp-i2406529912.html,839.000 ₫,5.0,56 Đã bán
Camera điện thoại bên ngoài PVC máy ảnh ngoài điện thoại USB cho điện thoại thông minh,https://www.lazada.vn/products/pdp-i3039941037.html,659.000 ₫,,
"SJCAM sj6pro 4K60fps 24MP Camera hành động Màn hình kép với wifi, 6-aixs ổn định hình ảnh, 170 ° FOV 8X Zoom, dưới nước 40M camera không thấm nước Hỗ trợ Micro gắn ngoài",https://www.lazada.vn/products/pdp-i2385772423.html,2.845.850 ₫,5.0,6 Đã bán
Máy ảnh Sony vlog ZV-1 II,https://www.lazada.vn/products/pdp-i2333494356.html,20.608.364 ₫,5.0,48 Đã bán
Camera 2 Mắt Ngoài Trời iMOU Cruiser Dual 2 10MP IPC-S7XEP-10M0WED,https://www.lazada.vn/products/pdp-i3064957147.html,1.899.000 ₫,,
Webcam HD plug and play Cảm biến CMOS giảm tiếng ồn Mic USB đa chức năng Web Camera cho phát sóng trực tiếp cho máy tính xách tay cho máy tính để thu thập thông tin,https://www.lazada.vn/products/pdp-i3149442749.html,234.000 ₫,,
"insta360 X3, Waterproof 360 Action Camera with 1/2"" 48MP Sensors, 5.7K 360 Active HDR Video, 72MP 360 Photo, 4K Single-Lens, 60fps Me Mode, Stabilization, 2.29"" Touchscreen, AI Editing, Live Stream",https://www.lazada.vn/products/pdp-i2006120297.html,7.790.000 ₫,4.0,331 Đã bán
"Webcam Máy Tính, Camera Có Mic 1440p Full HD 4MPX . Cho Laptop Học Online Qua ZOOM, Trực Tuyến- Hội Họp -Gọi Video hàng cao cấp chính hãng",https://www.lazada.vn/products/pdp-i1554373972.html,1.390.000 ₫,,
"Sjcam C300 Không Thấm Nước Camera hành động Mini Màn Hình Kép máy ảnh thể thao Combo 4K Vlog Wifi Ngón Tay Cái Máy Ảnh Cho Sống, máy ghi âm lái xe, lái mô-tô, ngoài khơi câu cá",https://www.lazada.vn/products/pdp-i2420170079.html,2.757.772 ₫,4.0,73 Đã bán
Camera Mini A9 Video Không Dây Tầm Nhìn Ban Đêm 720P HD Máy Quay Micro DVR Phát Hiện Chuyển Động WiFi GIÁM SÁT Webcam Giám Sát An Ninh Trong Nhà Cho Bé,https://www.lazada.vn/products/pdp-i1610331317.html,190.300 ₫,5.0,
Camera an ninh gia đình giám sát Wifi Full HD trong nhà 3MP đàm thoại 2 chiều có Khe cắm Thẻ nhớ hỗ trợ lưu trữ tối đa 128GB 2k - Hàng chính hãng,https://www.lazada.vn/products/pdp-i1886961689.html,289.000 ₫,4.0,53 Đã bán
"Camera Thể Thao & Hành Động, Camera Hành Trình 4K Wifi Eken, Điều Khiển Từ Xa 30M Có Wifi Cao Cấp Tiện Lợi Hình Ảnh Chân Thực Độ Nét Cao Chống Rung 100%,Chống Va Đập.Bh 1 Năm Bởi Lucky Store SG.",https://www.lazada.vn/products/pdp-i284782061.html,419.000 ₫,4.0,78 Đã bán
"CAMERA IMOU 4MP, CAMERA TRONG NHÀ IMOU A42 4.0 32GB 64GB, ĐÀM THOẠI 2 CHIỀU, BÁO CHUYỂN ĐỘNG VỀ ĐIỆN THOẠI",https://www.lazada.vn/products/pdp-i1763201215.html,680.000 ₫,5.0,
EKLEVA Camera Mini Không Dây AS02 Camera Mini 1080P IR-CUT Tích Hợp Camera Giám Sát Gia Đình Camera Ghi Hình Phát Hiện Chuyển Động,https://www.lazada.vn/products/pdp-i2063765953.html,271.604 ₫,4.0,186 Đã bán
"Camera wifi IMOU A32EP trong nhà siêu nét 3mp, camera cho ban đêm 30m, âm thanh 2 chiều, xoay 360 độ, cảnh báo thông minh wireless",https://www.lazada.vn/products/pdp-i1962333454.html,464.000 ₫,5.0,249 Đã bán
Camera Wifi ngoài trời 2 mắt Imou Cruiser Dual I 6MP/10MP I IPC-S7XP-10M0WED I Xoay 360° | Phát hiện con người | Còi hú,https://www.lazada.vn/products/pdp-i2533248207.html,1.272.000 ₫,4.0,464 Đã bán
"Camera WIFI EZVIZ H8C Pro 3MP, Quay Ngoài Trời 360 Độ, Đàm Thoại, Nén H265, Ghi Hình Màu",https://www.lazada.vn/products/pdp-i3030744363.html,940.000 ₫,5.0,14 Đã bán
"[ Sale 50%] Camera Hành Trình Chống Rung Wifi 4K Ultra HD Có Remote Full Box Mẫu Mới, Camera Hành Trình Gopro Camera Thể Thao & Hành Động . Hình Ảnh Chân Thực Độ Nét Cao ,Chống Rung 100%, Chống Va Đập Tuyệt Đối. Chống Nước, Độ Quay Sắc Nét. Bh 12 tháng.",https://www.lazada.vn/products/pdp-i3066296374.html,650.000 ₫,5.0,26 Đã bán
Small SQ8 Secret Micro Camera 1080p HD Smart Video Cam Night Vision MotionDect Wireless DVR DV Tiny camera Microchamber,https://www.lazada.vn/products/pdp-i2749265178.html,237.230 ₫,,
Camera cho máy tính Camera Web tự động lấy nét di động cho cuộc họp cho lớp học trực tuyến miễn phát trực tiếp,https://www.lazada.vn/products/pdp-i3089399469.html,154.000 ₫,,
"Webcam Camera USB 300,000 Pixel HD Kẹp 360 MIC Cho Máy Tính Skype",https://www.lazada.vn/products/pdp-i1932240095.html,197.000 ₫,,
"Webcam 4K UHD Cảm Biến Sony EMEET C960 - Camera Tự Động Lấy Nét, Tương Thích PC/Zoom/Teams/Skype/Google Meet",https://www.lazada.vn/products/pdp-i3130719920.html,1.699.999 ₫,5.0,5 Đã bán
"Camera hành trình WIFI g.p.s ADAS phía trước và phía sau Camera hành trình ô tô ống kính kép Asawin H3 2,45 inch IPS FHD 1080P Tầm nhìn ban đêm",https://www.lazada.vn/products/pdp-i2417560014.html,638.000 ₫,3.0,10 Đã bán
Xiaomi Outdoor Camera CW700S | Camera xoay và thu phóng (PTZ) chống nước và bụi | Độ phân giải ultra-HD 2.5K cho hình ảnh sắc nét và chi tiết | Phát hiện người và xe cộ | Ghi hình ban đêm đủ màu thông minh,https://www.lazada.vn/products/pdp-i3203328723.html,1.960.000 ₫,,
"Webcam Máy Tính Laptop Q8 Chất Lượng Full HD Hình Ảnh Sắc Nét Camera Video Mượt Mà 30FPS Cho Livestream, Học Trực Tuyến",https://www.lazada.vn/products/pdp-i2268163598.html,249.000 ₫,3.0,9 Đã bán
XiaoVV R1 Smart PTZ Camera Indoor & Outdoor Built-in Battery High Capacity Wireless Wi-Fi Rotatable 355 ° Remote Wireless Child Care Night Vision Full Color Crazy Indoor Security,https://www.lazada.vn/products/pdp-i3160741639.html,842.727 ₫,,
"( NEW 2025 ) Camera Ngoài Trời Năng Lượng Mặt Trời Vstarcam 4 Mắt , Dùng Sim 4G, Camera 3 Màn Hình, Xoay 360 Độ Phân Giải 4K, Zoom 10x Đàm Thoại 2 Chiều, Ban Đêm Xem Có Màu",https://www.lazada.vn/products/pdp-i2414084646.html,1.299.000 ₫,4.0,305 Đã bán
"[Cao Cấp] Camera Wifi Trong Nhà IP DELI Full HD 2MP, Xoay 360 Độ, Giám Sát Gia Đình và Văn Phòng, Hình Ảnh Sắc Nét, Kết Nối Ổn Định, Đàm Thoại Hai Chiều, Phát Hiện Chuyển Động, Hỗ Trợ Lưu Trữ Đám Mây",https://www.lazada.vn/products/pdp-i2013963579.html,599.000 ₫,4.0,171 Đã bán
Camera IMOU Ngoài Trời BULLET 2E 5M - F52FP và 3M - F32FP I 4 chế độ màu ban đêm I Chống nước IP67 I Phát hiện con người I Bảo hành 2 năm,https://www.lazada.vn/products/pdp-i1920627947.html,780.000 ₫,4.0,375 Đã bán
camera IMOU s31FEP ngoài trời xoay 360 2k Camera,https://www.lazada.vn/products/pdp-i2763583018.html,880.000 ₫,5.0,
CANON EOS M200 + LENS KIT 15-45MM F/3.5-6.3 IS STM,https://www.lazada.vn/products/pdp-i2074254978.html,17.700.000 ₫,3.5,
"Camera IP IMOU Bullet 2E ngoài trời IPC-F42FP-D 4MP 4K (Có Mic, Led, Full Color)",https://www.lazada.vn/products/pdp-i2385853093.html,840.000 ₫,,
Camera cho máy tính 2K 30fps Webcam Kép giảm tiếng ồn Micro 360 Độ Xoay Ngang đèn tự động Hiệu Chuẩn Màu Sắc Cho phát trực tiếp,https://www.lazada.vn/products/pdp-i3159079875.html,625.024 ₫,,
1080P Webcam Máy Tính Camera Web Cắm Và Chơi Có Thể Điều Chỉnh 3 chế độ chiếu sáng Với Đèn vòng tròn Cho Video Streaming,https://www.lazada.vn/products/pdp-i3145894867.html,364.000 ₫,,
"Camera Wifi imou GS7EP-5M0WE 5MP 3K Full Color,GS7EP 3MP quay quét Ngoài Trời,Cảnh báo,đèn còi - chính hãng",https://www.lazada.vn/products/pdp-i3155422554.html,952.000 ₫,,
Webcam 4K với ánh sáng Micro tích hợp camera cho máy tính Camera web với đèn chiếu sáng phụ cho phát trực tiếp,https://www.lazada.vn/products/pdp-i3145614508.html,794.000 ₫,,
"2K WIFI Dash Cam G.PS ADAS Camera ô tô 2.45 ""Màn hình cảm ứng IPS phía trước và phía sau nhìn trong đêm LDWS FCWS hỗ trợ cảm biến hình công viên chế độ 24h",https://www.lazada.vn/products/pdp-i2769023572.html,1.180.000 ₫,3.0,
(TẶNG HỘP KỸ THUẬT) Camera IMOU 2 Mắt Ngoài Trời IMOU Cruiser Dual 10MP - Cruiser Dual 6MP | Tầm Nhìn Bam Đêm Có Màu | Ống Kính Kép Góc Rộng | Phát Hiện Người & Phương Tiện l Bảo Hành 2 năm,https://www.lazada.vn/products/pdp-i2505171668.html,1.500.000 ₫,4.0,314 Đã bán
Máy Ảnh Canon EOS RP (Body),https://www.lazada.vn/products/pdp-i3208210278.html,20.615.000 ₫,,
Webcam giảm tiếng ồn Microphone USB 1080P Camera Web cho video chat,https://www.lazada.vn/products/pdp-i3150403810.html,528.000 ₫,,
camera laptop Toshiba C600 C640 C645,https://www.lazada.vn/products/pdp-i1777660511.html,120.000 ₫,,
Camera web trực tuyến lớp học máy ảnh ABS tiếng ồn hủy bỏ mic lấy nét bằng tay cho cuộc họp,https://www.lazada.vn/products/pdp-i3149494510.html,187.000 ₫,,
Webcam camera cho máy tính cắm và chơi với Omnidirectional Microphone cho cuộc gọi video,https://www.lazada.vn/products/pdp-i3142023596.html,589.000 ₫,,
Nhỏ Gọn Camera chụp ảnh tự sướng 72MP tự động lấy nét máy ảnh kỹ thuật số 2.5K 16X Zoom Xách Tay 2.4 Inch IPS Hiển Thị Cho Du Lịch Vlog,https://www.lazada.vn/products/pdp-i3086053043.html,434.000 ₫,2.4,
Camera Laptop Asus K455 K455L X455 Webcam,https://www.lazada.vn/products/pdp-i2243193903.html,70.000 ₫,,
"[VOUCHER 10K CHO ĐƠN 500K] Camera Ip Yoosee Ống kính kép, 2K, 5MP, Xoay 360 độ, Tầm nhìn ban đêm hồng ngoại, Theo dõi chuyển động AI",https://www.lazada.vn/products/pdp-i2395314967.html,399.000 ₫,5.0,54 Đã bán
4K độ nét cao Webcam tự động lấy nét sống Webcam USB ổ đĩa miễn phí với mic Camera cho máy tính,https://www.lazada.vn/products/pdp-i3164257040.html,383.000 ₫,,
PC camera Web giảm tiếng ồn Microphone 1080P Webcam độ nét cao cho chơi game,https://www.lazada.vn/products/pdp-i3146090569.html,280.000 ₫,,
Camera Wifi iMOU 2 Mắt Ranger Dual 10MP IPC-S2XP-10M0WED,https://www.lazada.vn/products/pdp-i2616438456.html,958.000 ₫,4.0,60 Đã bán
"Camera wifi Ezviz trong nhà xoay 360 đàm thoại 2 chiều 1080P 2K Hàng chính hãng, Bảo hành 24 tháng",https://www.lazada.vn/products/pdp-i1465971962.html,499.000 ₫,4.0,315 Đã bán
"Camera có màu ban đêm full color , có mic ghi âm , HDCVI 2MP DAHUA DH-HAC-HFW1239CP-IL-A , HDW1200CLQP-IL-A, chạy với đầu ghi hình camera Dahua",https://www.lazada.vn/products/pdp-i717362531.html,438.000 ₫,4.0,40 Đã bán
"[ Siêu Sale 50%] Camera Hành Trình Chống Nước Chống Rung A19 - 4K SPORT Ultra HD kết nối Wifi Tặng Kèm REMOTE Full Box, Camera hành trình xe mát gắn mũ bảo hiểm Sport camera 4K, Cam hành trình cho xe máy, xe đạp, đi phượt, di lịch.",https://www.lazada.vn/products/pdp-i2421088654.html,650.000 ₫,5.0,25 Đã bán
Máy Ảnh Kỹ Thuật Số Mini Dành Cho Học Sinh Màn Hình Cao Cấp Phong Cách Vintage Khuôn Viên Nhỏ Gọn Mang Theo Với Cảm Biến CMOS Xuất Xứ Trung Quốc,https://www.lazada.vn/products/pdp-i3119181752.html,142.500 ₫,4.0,9 Đã bán
"(Tặng Hộp Box Kỹ Thuật) Camera IMOU Ngoài Trời CRUISER SE+ S31FEP 2K 3MP | S51FEP 3K 5MP - Đàm Thoại 2 Chiều, Ban Đêm Có Màu, Xoay 360 Độ",https://www.lazada.vn/products/pdp-i1975141436.html,929.000 ₫,4.0,279 Đã bán
Camera Quan Sát 360 Imou A52p 5.0MP Chính Hãng,https://www.lazada.vn/products/pdp-i3051386905.html,628.600 ₫,,
"Webcam máy tính, Camera HD Có Mic cho Laptop Học Online qua ZOOM, Trực tuyến - Hội họp - Gọi video hình ảnh sắc nét",https://www.lazada.vn/products/pdp-i2667783753.html,169.000 ₫,,
Camera Giám Sát Mini IP Wifi Kết Nối ĐT A9 Camera Mini Tầm Nhìn Ban Đêm Camera IP 1080P HD Máy Quay Mini Giám Sát Không Dây Camera WiFi Máy Quay Video,https://www.lazada.vn/products/pdp-i2190996786.html,102.000 ₫,3.0,28 Đã bán
Máy Chụp Ảnh Lấy Liền Fujifilm Instax Mini 12 - Bảo Hành 12 Tháng (Không kèm film),https://www.lazada.vn/products/pdp-i2333097025.html,2.705.000 ₫,5.0,274 Đã bán
Camera linh hoạt Webcam USB cho máy tính cho máy tính để bàn cho gia đình,https://www.lazada.vn/products/pdp-i3123814706.html,170.000 ₫,,
Phát trực tiếp máy ảnh 1080P 2K Camera Web độ nét cao cho lớp học trực tuyến,https://www.lazada.vn/products/pdp-i2968177579.html,243.158 ₫,,
1080P Webcam 120 ° Góc Rộng Máy Tính Camera Web Cắm Và Chơi Với Microphone Cho Thắng 2000 XP 7 8 1 Cho Video Streaming,https://www.lazada.vn/products/pdp-i3038114160.html,364.000 ₫,,
Phát trực tuyến Webcam Camera cho máy tính USB2.0 cho Win10 cho OS x cho Android,https://www.lazada.vn/products/pdp-i3128898603.html,394.000 ₫,,
"Camera Mini HD 1080P, Máy Quay Video Kỹ Thuật Số Cầm Tay Với Tầm Nhìn Ban Đêm Hồng Ngoại, Thiết Kế Nhỏ Gọn, Dành Cho Thể Thao, Máy Quay Phim DV",https://www.lazada.vn/products/pdp-i3230322400.html,388.000 ₫,,
"USB Webcam Web Cam Camera for Computer PC Laptop Desktop Không Cần Cắm Dây, Kết Nối Dễ Dàng, Độ Nét Cao, Hình Ảnh Sắc Nét",https://www.lazada.vn/products/pdp-i3162992972.html,401.000 ₫,,
Camera chiều sâu Intel RealSense Depth Camera D435 (0405),https://www.lazada.vn/products/pdp-i792558300.html,7.900.000 ₫,5.0,15 Đã bán
MÁY ẢNH FUJIFILM X-T30 + LENS XC 15-45MM F/3.5-5.6 OIS PZ,https://www.lazada.vn/products/pdp-i3065652261.html,23.367.500 ₫,3.5,
Camera cho máy tính streaming Webcam USB2.0 độ nét cao cho Android cho Win10 cho OS x,https://www.lazada.vn/products/pdp-i3154091187.html,397.000 ₫,,
Webcam Webcam Camera cho PC HD 1080P hiệu suất cao 2.0 Megapixel Micrô tích hợp chỉ cần cắm vào và Đi đèn tự động góc cực kỳ rộng 95 ° clip/Đứng Đế ba chân Webcam bên ngoài khả năng tương thích rộng hội nghị Web/cuộc gọi video/telework PC Windows Mac...,https://www.lazada.vn/products/pdp-i3206848730.html,777.100 ₫,2.0,
2K Camera hành trình Asawin A4M Wifi Adas Camera xe hơi Siêu Tầm nhìn ban đêm App Kiểm soát Giám sát đỗ xe 24 giờ 3.16 IPS,https://www.lazada.vn/products/pdp-i2045213104.html,1.331.111 ₫,4.0,36 Đã bán
Webcam Plug and Play Camera cho PC 2K Micro tích hợp cho iOS,https://www.lazada.vn/products/pdp-i3142776191.html,500.000 ₫,,
Camera cho PC 30fps Webcam có Micrô độ phân giải cao cho hội nghị video cho phát trực tiếp,https://www.lazada.vn/products/pdp-i3155070174.html,381.000 ₫,,
OBSBOT | Máy Quay Webcam Truyền Hình Trực Tiếp 4K với Chế Độ Làm Đẹp cho Hội Nghị Video,https://www.lazada.vn/products/pdp-i3195226299.html,5.352.000 ₫,4.0,10 Đã bán
Camera web sử dụng rộng rãi USB Camera cho PC 1080p 30fps cho chat,https://www.lazada.vn/products/pdp-i3149480409.html,314.000 ₫,,
Webcam-W04 Chất Lượng Cao Cho Máy Tính Laptop Camera HD Tích Hợp Micro Học Online Họp Trực Tuyến,https://www.lazada.vn/products/pdp-i2663484990.html,89.000 ₫,,
Webcam Webcam Camera cho máy tính để bàn camera cho PC camera cho PC USB2.0 Webcam Camera hội nghị 360 ° xoay dọc 60 ° có thể điều chỉnh độ phân giải 480 640 hội nghị video trò chơi gọi máy tính để bàn máy tính,https://www.lazada.vn/products/pdp-i3206855419.html,631.500 ₫,,
FPT Camera SE 2S,https://www.lazada.vn/products/pdp-i3044753576.html,1.150.000 ₫,,
Camera Giám Sát E27 Headlight Wireless Remote Intelligent Monitoring High Definition Night Vision Camera Cloud Storage Support,https://www.lazada.vn/products/pdp-i3216424212.html,614.000 ₫,,
"Camera Wifi IMOU CRUISER Z S7DP 3K 5MP, Zoom 12X, Xoay 360 Độ, Đàm Thoại 2 Chiều, Có Màu Ban Đêm, Theo Dõi Chuyển Động Thông Minh Ai",https://www.lazada.vn/products/pdp-i2670382130.html,1.439.000 ₫,,
Camera Kỹ Thuật Số CCD Retro Dành Cho Học Sinh Du Lịch Độ Nét Cao Quà Tặng Sinh Nhật Cho Nữ Nhỏ Gọn Không Cần Chạm,https://www.lazada.vn/products/pdp-i3138971218.html,1.661.000 ₫,,
Camera Wifi ngoài trời 2 mắt Imou Cruiser Dual I 10MP I IPC-S7XP-10M0WED I Xoay 360° | Phát hiện con người | Còi hú,https://www.lazada.vn/products/pdp-i3118408446.html,1.373.000 ₫,5.0,9 Đã bán
"Camera EZVIZ H9C ngoài trời 6mp/10mp có ống kính góc rộng và ống kính xoay 360 độ, ban đêm có màu ,âm thanh 2 chiều",https://www.lazada.vn/products/pdp-i685414784.html,1.621.000 ₫,5.0,47 Đã bán
"4K WIFI Camera hành trình Asawin H109 Đường mòn lái xe ADAS Gương chiếu hậu Camera xe hơi Chế độ đỗ xe 24H Chạm vào 10 ""toàn màn hình IPS Ống kính đôi Tầm nhìn ban đêm",https://www.lazada.vn/products/pdp-i2649944143.html,1.238.000 ₫,3.0,13 Đã bán
(TẶNG HỘP KỸ THUẬT) Camera IMOU 3 Mắt Ngoài Trời Cruiser Triple 11MP (3MP+3MP+5MP) | Tầm Nhìn Bam Đêm Có Màu | Ống Kính Kép Góc Rộng | Phát Hiện Người & Phương Tiện l Bảo Hành 2 năm,https://www.lazada.vn/products/pdp-i2319507895.html,2.000.000 ₫,5.0,15 Đã bán
Webcam độ nét cao cắm và chạy Camera web với nắp ống kính cho hội nghị trực tuyến để chơi game để phát trực tuyến miễn ghi âm PC,https://www.lazada.vn/products/pdp-i3160355822.html,463.000 ₫,,
"Camera Wifi IMOU 3 Mắt 11Mpx Cruiser Triple IPC-S7UP-11M0WED, Xoay 360 Độ, Đàm Thoại",https://www.lazada.vn/products/pdp-i3039953700.html,2.169.000 ₫,,
TP-Link | Camera Giám Sát Trong Nhà HD Có Điều Khiển Từ Xa qua WiFi,https://www.lazada.vn/products/pdp-i3193620005.html,1.210.000 ₫,4.0,
Camera hành trình SJCAM SJ360 Panorama 2K wifi - Hãng phân phối chính thức,https://www.lazada.vn/products/pdp-i577036896.html,1.599.000 ₫,,
Camera điện thoại bên ngoài 2.0MP điện thoại USB Máy ảnh ngoài 1080P HD với ứng dụng cho điện thoại thông minh,https://www.lazada.vn/products/pdp-i3142804259.html,671.000 ₫,,
-CLUBLU- Máy Ảnh Selfie Lật H13-CCD Camera Digital Máy Chụp Hình Mini Cho Học Sinh Quay Phim Video,https://www.lazada.vn/products/pdp-i3109766952.html,616.000 ₫,5.0,
Camera Web USB phát trực tiếp máy ảnh cho lớp học trực tuyến,https://www.lazada.vn/products/pdp-i3200344195.html,222.360 ₫,,
"Camera Imou Ranger 2/ Ranger 2C/ A1/ A2 bản 2MP và 4MP, Camera trong nhà xoay 360°, chuẩn nén H265, Theo dõi chuyển động, Đàm thoại 2 chiều",https://www.lazada.vn/products/pdp-i1345424505.html,450.000 ₫,5.0,11 Đã bán
Camera IP Wifi Ngoài Trời IMOU IPC-F42P 4.0MP,https://www.lazada.vn/products/pdp-i2059625016.html,695.000 ₫,5.0,36 Đã bán
Web cam độ nét cao webcam 1080p cho cuộc họp cho phát sóng trực tiếp cho lớp học trực tuyến,https://www.lazada.vn/products/pdp-i3177151802.html,234.000 ₫,,
Camera wifi trong nhà quay quét 3MP IMOU IPC-A32EP-L - Hàng Chính Hãng,https://www.lazada.vn/products/pdp-i2713467583.html,615.000 ₫,4.0,41 Đã bán
"(BH 12 THÁNG) Camera wifi giám sát,camera online full HD EZVIZ C6N 2.0MP,camera thông minh đàm thoại 2 chiều,hỗ trợ 64G",https://www.lazada.vn/products/pdp-i2295911974.html,129.000 ₫,,
Webcam độ nét cao USB biến dạng thấp tự động lấy nét Camera cho máy tính Micro tích hợp cho hội nghị truyền hình,https://www.lazada.vn/products/pdp-i3058757407.html,228.000 ₫,,
"[CHÍNH HÃNG] CAMERA EZVIZ H8C 2K QUAY XOAY THÔNG MINH, THIẾT LẬP NHANH GÓC QUAN SÁT - Đàm Thoại 2 Chiều, Quay Màu Ban Đêm, Xoay 360 Độ, Đàm Thoại 2 Chiều - CAMERA TOÀN CẦU",https://www.lazada.vn/products/pdp-i2316165734.html,929.000 ₫,5.0,6 Đã bán
"CAMERA WIFI VIDEOCALL ,CÓ MÀN HÌNH, GỌI ĐIỆN VIDEO TỪ XA - XOAY 360 ĐỘ - PHẦN MỀM IM CAM",https://www.lazada.vn/products/pdp-i2433892273.html,699.000 ₫,4.0,95 Đã bán
Webcam HD Máy Tính Để Bàn PC Camera 720P,https://www.lazada.vn/products/pdp-i1688794720.html,125.000 ₫,4.0,19 Đã bán
CANON EOS M50 MARK II + LENS 15-45MM F/3.5-6.3 IS STM,https://www.lazada.vn/products/pdp-i2605291474.html,19.470.000 ₫,3.5,
CANON EOS M50 Mark II + LENS KIT 15-45MM F/3.5-6.3 IS STM,https://www.lazada.vn/products/pdp-i2131799756.html,19.470.000 ₫,3.5,
Webcam USB đèn ban đêm làm đầy Camera máy tính USB 1080P Giao diện USB có thể điều chỉnh được 3 màu cho hội nghị truyền hình cho các khóa học trực tuyến,https://www.lazada.vn/products/pdp-i3148553233.html,252.000 ₫,,
Mi Smart Camera 3 Panorama 360 Độ Độ Nét Cao Camera Quan Sát Gia Đình Máy Ảnh Ống Kính Cố Định Camera Quay Phim,https://www.lazada.vn/products/pdp-i3220272334.html,1.238.000 ₫,,
Camera cho PC 2K 30fps Camera Web giảm tiếng ồn Mic cho gia đình,https://www.lazada.vn/products/pdp-i3143549348.html,631.000 ₫,,
"[BẢO HÀNH 1 NĂM] GoPro HERO - Camera hành động chống nước mini chỉ 86g, video 4K30/25, Cảnh quay chậm 2,7K60/50, ảnh 12MP,chống rung HyperSmooth, chống nước lên đến 5m",https://www.lazada.vn/products/pdp-i2804695700.html,5.390.000 ₫,5.0,13 Đã bán
AIODIY Webcam 1080P/720P Full HD Video Camera 90 ° Góc rộng Hướng dẫn trực tuyến Cuộc gọi video Máy tính xách tay USB Webcam Lớp học trực tiếp với micrô,https://www.lazada.vn/products/pdp-i2945248340.html,290.758 ₫,,
MÁY ẢNH CANON EOS M6,https://www.lazada.vn/products/pdp-i2020106464.html,14.160.000 ₫,5.0,
TP-Link | Camera Không Dây HD Full Màu Quan Sát Đêm 360° Panorama với Âm Thanh Hai Chiều và Phát Hiện Khóc,https://www.lazada.vn/products/pdp-i3193538923.html,820.000 ₫,,
Camera hành trình SJCAM C110 / C110 Plus bản 2024 - Actioncam C110+ 4K Wifi chống rung kép camera mini,https://www.lazada.vn/products/pdp-i2717491072.html,1.850.000 ₫,5.0,
Aigo | Camera Hành Trình Giám Sát Đỗ Xe 360° Chế Độ Sentinel Không Dây,https://www.lazada.vn/products/pdp-i3197078329.html,1.080.000 ₫,4.0,
FUJIFILM X-T200 + LENS XC 15-45MM F/3.5-5.6 OIS PZ (DARK SILVER),https://www.lazada.vn/products/pdp-i2568746748.html,23.600.000 ₫,3.5,
"(SALE )Webcam học online. Webcam máy tính kẹp, Camera Có Mic 1080p Cho Laptop Học ZOOM Trực tuyến, Trực Tuyến, Hội Họp, Gọi Video Hình ảnh Sắc nét. Hệ thống hỗ trợ win XP , win7 , win8, Vista 32bit, cho Android TV",https://www.lazada.vn/products/pdp-i1933549153.html,99.000 ₫,,
Máy quay USB máy 2MP Camera Web Plug and Play 1/3 cảm biến CMOS cao tỷ lệ khung hình cho nhà cho PC,https://www.lazada.vn/products/pdp-i3144137184.html,679.000 ₫,,
Camera IP Wifi Ngoài Trời PTZ Imou IPC-S51FEP 5MP Full Color,https://www.lazada.vn/products/pdp-i1860778308.html,988.000 ₫,5.0,10 Đã bán
"Camera IMOU ngoài trời S7XP-6M0WED hai mắt (Cruiser Dual 6MP)/ S7XP-10M0WED (Cruiser Dual 10MP), bảo hành 2 năm",https://www.lazada.vn/products/pdp-i2838271834.html,1.279.000 ₫,5.0,11 Đã bán
Máy ảnh Canon EOS 50D + Tamron 17-50mm f/2.8,https://www.lazada.vn/products/pdp-i2042560090.html,3.150.000 ₫,3.0,
"camera mini,camera siêu nhỏ Camera IP Wifi Không Dây - Camera Siêu Nhỏ Wifi A9 FULLHD 1080P góc siêu rộng Camera Nhìn Đêm Hồng Ngoại Camera Phát Hiện Chuyển Động hình ảnh rõ nét Hỗ Trợ Thẻ TF BH 12 tháng",https://www.lazada.vn/products/pdp-i1982493800.html,700.000 ₫,5.0,10 Đã bán
"Maxhub Mini Camera Web Camera Web Full HD (Bộ sưu tập âm thanh 4m, Micrô tích hợp kép) với vỏ bảo mật đèn tự động 2.0 Megapixel ucw10",https://www.lazada.vn/products/pdp-i3206835674.html,958.100 ₫,2.0,
Camera Giám Sát Năng Lượng Mặt Trời Chống Nước Có Thể Điều Khiển Từ Xa Bằng Điện Thoại Di Động 360 Độ Không Có Góc Mù,https://www.lazada.vn/products/pdp-i3220260385.html,1.696.000 ₫,,
Camera IP 4MP EZVIZ H6C Pro thiết kế đẹp mắt - quan sát thông minh,https://www.lazada.vn/products/pdp-i2763603267.html,615.000 ₫,,
"(SIÊU SALE)Webcam học online. Webcam máy tính kẹp, Camera Có Mic 1080p Cho Laptop Học ZOOM Trực tuyến, Trực Tuyến, Hội Họp, Gọi Video Hình ảnh Sắc nét. Hệ thống hỗ trợ win XP , win7 , win8, Vista 32bit, cho Android TV",https://www.lazada.vn/products/pdp-i1933493599.html,99.000 ₫,3.0,
Webcam USB Camera cho PC Micro tích hợp đèn chiếu sáng phụ siêu sáng cho màn hình LCD,https://www.lazada.vn/products/pdp-i3142816139.html,506.000 ₫,,
Asawin T1 Fhd 1080P 3 Camera Camera hành trình 3 cách Camera ô tô Trước và sau Bên trong 3 kênh Ô tô Giám sát cho taxi Uber,https://www.lazada.vn/products/pdp-i2045167505.html,542.284 ₫,5.0,7 Đã bán
"Camera Wifi Mini Giá Rẻ HCM, Camera Wifi Giám Sát Thông Minh CB75 Starcam Dùng Sim, Giám Sát, Chống Trộm, Nhỏ Gọn, Dễ Lắp Đặt, Bảo Mật Cao, Chống Trộm.",https://www.lazada.vn/products/pdp-i3076221210.html,950.000 ₫,5.0,10 Đã bán
Camera 2 Mắt Trong Nhà IMOU Ranger Dual 10MP - Ranger Dual 6MP I Tầm Nhìn Ban Đêm Có Màu I Ống Kính Kép Góc Rộng I Bảo Hành 2 Năm,https://www.lazada.vn/products/pdp-i2524352139.html,1.170.000 ₫,4.0,619 Đã bán
"Portable Digital Camera 1080P 48 MP HD Vlogging Camera 2.7"" Screen 8X Zoom Video Camera For Teens Boys Girls",https://www.lazada.vn/products/pdp-i2759992151.html,792.001 ₫,2.7,
PS3 Camera SLEH-00448 Chính Hãng Dành Cho Máy Chơi Game PS3,https://www.lazada.vn/products/pdp-i1857191092.html,550.000 ₫,,
"Camera ip Wifi YooSee PTZ 2 Mắt Q30D Có Loa Ngoài, Camera An Ninh Chống Trộm Gia Đình, Kết Nối WiFi 2 Ống Kính 2K Siêu Nét góc rộng, Xoay 360 Độ, Đèn Báo Động, Ban đêm xem có màu, đàm thoại 2 chiều .",https://www.lazada.vn/products/pdp-i2514335740.html,620.000 ₫,5.0,31 Đã bán
Webcam Camera PC Để Bàn Máy Tính HD 1080P Máy Ảnh Webcam Máy Tính Xách Tay Có Mic Webcam Trò Chơi Video Để Gọi Video Hội Nghị Ghi Âm PC Webcam 1080P Máy Tính PC 1080P HD Có Micro Camera Xoay With Stand,https://www.lazada.vn/products/pdp-i2376639601.html,152.000 ₫,,
"(Tặng Hộp Box Kỹ Thuật) Camera Wifi Ngoài Trời EZVIZ H8C PRO 2K 3MP | H8C PRO 3K 5MP - Quay Quét 360 Độ, Đàm Thoại 2 Chiều, Có Màu Ban Đêm",https://www.lazada.vn/products/pdp-i2048768928.html,975.000 ₫,5.0,984 Đã bán
[100% CHÍNH HÃNG] Camera IP WIFI IMOU A22EP-D-V2 - IPC-A22EP-D-V2 1080P - Xoay 360 - Đàm Thoại 2 Chiều - Camera Toàn Cầu,https://www.lazada.vn/products/pdp-i1828089923.html,435.000 ₫,5.0,50 Đã bán
"[Trong Nhà, AI] Camera Wi-Fi An Ninh Trong Nhà Mercusys MC200 (2MP) / MC210 (3MP) Hình Ảnh Sắc Nét, Hồng Ngoại Ban Đêm",https://www.lazada.vn/products/pdp-i3206241673.html,319.000 ₫,,
Webcam máy tính-W08 Có Mic độ phân giải Full HD 1080P sắc nét,https://www.lazada.vn/products/pdp-i2663576310.html,175.000 ₫,,
"DoomHot Camera Wifi Ngoài Trời Màn Hình Kép ống kính kép Camera Giám Sát Ip66 Xoay 360 ° Không Dây ,Ban Đêm Xem Có Màu ,Có Cổng Mạng Lan - Đàm Thoại 2 Chiều Điều Chỉnh Bảo Vệ An Toàn Cảm Biến Chuyển Động HD 1080P Kết Nối Điện Thoại Di Động",https://www.lazada.vn/products/pdp-i2421674553.html,651.000 ₫,5.0,11 Đã bán
"SJCAM C100 + Camera hành động nhỏ 4K 30fps cơ thể mặc được, Camera Wifi, ứng dụng điều khiển, dưới nước 30 mét không thấm nước với trường hợp, từ tính, mũ bảo hiểm gắn camera với Bộ dụng cụ gắn kết",https://www.lazada.vn/products/pdp-i2374223141.html,1.370.343 ₫,4.0,158 Đã bán
Camera wifi trong nhà quay quét 3MP IMOU IPC-A32EP-L - Hàng Chính Hãng,https://www.lazada.vn/products/pdp-i2713596210.html,615.000 ₫,4.0,182 Đã bán
"Camera WI-FI EZVIZ CP1 Pro 3MP Quay Quét 360 Độ, Chạm để gọi, Ghi hình màu đêm thông minh - Bản nâng cấp của C6N",https://www.lazada.vn/products/pdp-i3030745320.html,463.000 ₫,5.0,18 Đã bán
Webcam Camera cho máy tính Độ phân giải 1920x1080 cho hội nghị video cho phát sóng trực tiếp trên web để giảng dạy trên web,https://www.lazada.vn/products/pdp-i3132729066.html,270.000 ₫,,
Vlog Camera 2.4 inch Camera kỹ thuật số màn hình HD Video cho sinh viên du lịch bên,https://www.lazada.vn/products/pdp-i3114142957.html,785.650 ₫,2.4,
SONY A5100 + LENS 16-50MM F/3.5-5.6 OSS PZ,https://www.lazada.vn/products/pdp-i2577505054.html,11.800.000 ₫,3.5,
"Camera Mini Wifi Siêu Nhỏ , Camera Cúc Áo Siêu Nhỏ Giá Rẻ, Hình ảnh Full 4K Siêu Nét, Kết Nối Wifi Xem Từ Xa, Thiết Kế Hiện Đại, Pin Khủng, Thời Gian Ghi Hình Lâu ..",https://www.lazada.vn/products/pdp-i1901182374.html,1.398.000 ₫,5.0,234 Đã bán
"[BẢO HÀNH 1 NĂM] GoPro HERO13 Black + Accessories Bundle Camera hành động chống nước, Video 5.3K/60, 4K/120, Photo 27MP , HyperSmooth 6.0, HLG-HDR Video, GPS",https://www.lazada.vn/products/pdp-i2799469260.html,11.290.000 ₫,5.0,27 Đã bán
"( GIẢM 50% ) CAMERA IP WIFI kết nối không dây camera giả bóng đèn.camera ngoài trời,Cmeraa IP Wifi Yoosee HK211 HD 1080P 2.0Mpx.Camera Giám Sát An Ninh Gia Đình có hỗ trợ led trợ sáng màu ban đêm hỗ trợ đàm thoại 2 chiều BH 12 THÁNG",https://www.lazada.vn/products/pdp-i1809518087.html,350.000 ₫,5.0,257 Đã bán
"Camera ip SEKA VSTARCAM CS621ZR 3 mắt 3 khung hình độc lập zoom 10x 2k siêu nét, giám sát ngoài trời",https://www.lazada.vn/products/pdp-i2998232261.html,1.020.100 ₫,5.0,37 Đã bán
Camera Mini USB 720P 1080P màu sắc chính xác sinh sản hình ảnh rõ ràng Mini Camera Web cho máy ảnh,https://www.lazada.vn/products/pdp-i3151123767.html,500.000 ₫,,
Camera IP EZVIZ CS-C1C-B 1080P (H265) Chính Hãng,https://www.lazada.vn/products/pdp-i2656788042.html,569.000 ₫,,
CAMERA TRỐNG TRỘM camera có đèn hồng ngoại Camera Wifi Không dây Yoosee HD 3 Râu 1080p Camera Yoosee 3 Râu 2MP 1080P ĐÀM THOẠI 2 CHIỀU THU ÂM CỰC TỐT...BẢO HÀNH 12 THÁNG LỖI 1 ĐỔI 1 UY TÍN,https://www.lazada.vn/products/pdp-i1855318694.html,700.000 ₫,5.0,23 Đã bán
Camera Wifi Full Color IMOU IPC-S51FEP (Cruiser SE+ 5MP) - Hàng Chính Hãng,https://www.lazada.vn/products/pdp-i3108433321.html,1.125.000 ₫,,
Webcam Webcam HD 1080P 2-Megapixel camera cho PC Micrô tích hợp chỉ cần cắm vào và Đi đèn tự động góc cực kỳ rộng 95 ° clip/Đứng Đế ba chân Webcam bên ngoài khả năng tương thích rộng web hội nghị/cuộc gọi video/telework PC Windows PC chrome và nhiều hơn n,https://www.lazada.vn/products/pdp-i3206851508.html,872.200 ₫,,
"Sjcam Sj4000 Wifi Camera hành động 4k3 0fps HD siêu nét camera không thấm nước, 30m dưới nước máy ảnh và điều khiển từ xa 156 ° góc rộng ghi video máy ảnh thể thao cho lặn đi bộ đường dài",https://www.lazada.vn/products/pdp-i2369357411.html,1.508.320 ₫,5.0,
Camera IP/Wifi Imou A42P 4MP 2K+/ A52P 3K 5MP - Phát Hiện Chuyển Động - Đàm Thoại Hai Chiều - Quan Sát Hồng Ngoại - Bảo Hành 2 Năm - TQT SMART,https://www.lazada.vn/products/pdp-i2175937896.html,599.000 ₫,5.0,392 Đã bán
"Webcam học online. Webcam máy tính kẹp, Camera Có Mic 1080p Cho Laptop Học ZOOM Trực tuyến, Trực Tuyến, Hội Họp, Gọi Video Hình ảnh Sắc nét",https://www.lazada.vn/products/pdp-i1523471963.html,204.000 ₫,,
Camera Wifi imou 3.0mp IPC-K2MP-3H0WE,https://www.lazada.vn/products/pdp-i3037297618.html,597.000 ₫,5.0,6 Đã bán
"Camera Ezviz C3N, Camera Wifi Ngoài Trời Không Dây, Chuẩn chống nước IP67, Ghi Hình Ban Đêm Có Màu, Tích Hợp AI Phát Hiện Hình Dáng Người/ Xe, Chuẩn Nén Video H.265 - Hàng Chính Hãng",https://www.lazada.vn/products/pdp-i1404926756.html,949.000 ₫,5.0,
CANON EOS M100 + LENS KIT 15-45MM F/3.5-6.3 IS STM,https://www.lazada.vn/products/pdp-i2115039025.html,15.340.000 ₫,3.5,
[ KÈM THẺ NHỚ 64G YOOSEE LOẠI XỊN BẢO HÀNH 5 NĂM ] Camera Wifi - Camera Yoosee Wifi 2.0Mpx Full HD 1080P,https://www.lazada.vn/products/pdp-i237861521.html,445.000 ₫,4.0,127 Đã bán
Camera Hành Trình IMOU S400 4MP QHD Ghi Hình Ban Đêm Điều Khiển Bằng Giọng Nói,https://www.lazada.vn/products/pdp-i2265521846.html,1.799.000 ₫,5.0,14 Đã bán
Camera thông minh Xiaomi C301 | Độ rõ nét 2K 3MP | Xoay ngang 360° | Gọi thoại hai chiều | Quay đêm nét | Thông báo AI,https://www.lazada.vn/products/pdp-i3209998273.html,650.000 ₫,5.0,
"Camera Mini Không Dây Sim 4G LITE Full HD 1080P -Camera Cài Áo CB77 Hình Ảnh 4K Sắc Nét, Phát Hiện Chuyển Động, Hoạt Động Im Lặng , Kết Nối Ổn Định .PIN Sạc Lithium 2500mAh ,Chế Độ Giám Sát Từ Xa Qua Điện Thoại.",https://www.lazada.vn/products/pdp-i2554645478.html,999.000 ₫,5.0,12 Đã bán
"Camera Ngoài trời Imou F32FP siêu nét 3MP full hd, camrea không dây ngoài trời, có mic thu âm, hồng ngoại ban đêm 30m, báo động",https://www.lazada.vn/products/pdp-i1946692590.html,714.000 ₫,4.0,49 Đã bán
Máy ảnh Panasonic Lumix FZ200,https://www.lazada.vn/products/pdp-i2068418029.html,3.990.000 ₫,4.0,
"Camera IMOU ngoài trời F32P 3MP 2K Full HD, không dây ngoài trời, có mic thu âm, cảnh báo thông minh",https://www.lazada.vn/products/pdp-i1946792122.html,632.000 ₫,5.0,160 Đã bán
Webcam với ánh sáng Mic USB Camera Web tự động lấy nét Chiều cao có thể điều chỉnh đứng cho hội nghị truyền hình cho máy tính để bàn,https://www.lazada.vn/products/pdp-i3145593329.html,835.000 ₫,,
(Tặng hộp KT Đơn Cam+thẻ)Camera IP Vstarcam CS621ZS 4 mắt 4 khung hình độc lập 1 Mắt Kép ZOOM 10X 2k siêu nét.,https://www.lazada.vn/products/pdp-i2948237932.html,899.000 ₫,,
Camera IMOU A32EP-L 3M (MẪU MỚI) QHD 2K Xoay 360 Độ- Đàm Thoại 2 Chiều- Báo Động Chống Trộm- Wifi Trong Nhà Chính Hãng,https://www.lazada.vn/products/pdp-i2065028052.html,429.000 ₫,5.0,13 Đã bán
Camera không dây wifi ngoài trời imou S41FP chống nước độ nét 2K 4MP xoay 360 ghi âm không đàm thoại[ Mẫu mới ],https://www.lazada.vn/products/pdp-i2284471159.html,680.000 ₫,5.0,97 Đã bán
"Camera 4 Mắt Wifi 12MP 4K, FULL HD Còi Hú, Tầm Nhìn Ban Đêm Đầy Màu Sắc, 8MP, 4K, CCTV, Báo Động Giám Sát Thông Minh, Hỗ Trợ onvi",https://www.lazada.vn/products/pdp-i2563289037.html,899.000 ₫,4.0,118 Đã bán
"CAMERA Trong Nhà WIFI YOOSEE Bóng Đèn, Thiết Kế Nhỏ Gọn, Xoay 360 Độ, Ban Đêm Có Màu, Đàm Thoại 2 Chiều - BẢO HÀNH 12 THÁNG",https://www.lazada.vn/products/pdp-i2083729851.html,226.000 ₫,4.0,20 Đã bán
"Blevos Máy ảnh Mini cho Bé, máy ảnh trẻ em, camera mini Đồ chơi phát triển trí tưởng tượng cho trẻ em, Hỗ trợ chụp ảnh",https://www.lazada.vn/products/pdp-i3118954220.html,259.000 ₫,5.0,28 Đã bán
Camera trong nhà iCSee XM-P4 tầm nhìn xa rõ nét full màu đàm thoại 2 chiều âm thanh rõ ràng,https://www.lazada.vn/products/pdp-i3064105093.html,530.000 ₫,,
"[CHÍNH HÃNG] CAMERA WIFI TRONG NHÀ QUAY QUÉT 3MP IMOU IPC-A32EP-L - ĐÀM THOẠI 2 CHIỀU, CHUẨN NÉN H.265, LƯU TRỮ ĐA DẠNG TỐI ĐA 256GB - CAMERA TOÀN CẦU",https://www.lazada.vn/products/pdp-i2356795023.html,435.000 ₫,5.0,10 Đã bán
Ekleva HD Camera hành động 180 Xoay Vlog Wifi Mini Thể Thao chống rung Được Xây Dựng Trong đèn chiếu sáng phụ Một Nhấp Chuột Ghi Âm máy ảnh bỏ túi,https://www.lazada.vn/products/pdp-i3105859358.html,823.506 ₫,4.0,
"Camera WI-FI EZVIZ CP1 Pro 4MP Quay Quét 360 Độ, Chạm để gọi, Ghi hình màu đêm thông minh",https://www.lazada.vn/products/pdp-i3024071187.html,620.000 ₫,5.0,7 Đã bán
"Camera lùi và màn hình LCD 5 inch, camera lùi 4 Led, chống nước, Điện 12V",https://www.lazada.vn/products/pdp-i316258480.html,380.000 ₫,4.0,176 Đã bán
CAMERA THÔNG MINH IPC2,https://www.lazada.vn/products/pdp-i1121034639.html,299.000 ₫,,
Camera Wifi trong nhà 2 mắt Imou Ranger 2 Dual I 6MP/10MP I Xoay 360° | Phát hiện con người | Màu về đêm,https://www.lazada.vn/products/pdp-i2498928662.html,834.000 ₫,4.0,222 Đã bán
"Ekleva 4K HD siêu nét 180 ° Màn hình lật Camera chụp ảnh tự sướng-48mp cảm biến CCD, thu phóng kỹ thuật số 8X, nhỏ gọn máy ảnh kỹ thuật số cầm tay cho sinh viên/vlogger",https://www.lazada.vn/products/pdp-i3172823544.html,822.054 ₫,5.0,
Camera thông minh ngoài trời SONOFF CAM-B1P WiFi Camera an ninh thông minh 2K HD Full Color Tầm nhìn ban đêm Camera quan sát AI Phát hiện con người Ứng dụng eWeLink Cài đặt điểm đặt trước Màn hình xoay 180° Chống nước IP65,https://www.lazada.vn/products/pdp-i3192336354.html,804.000 ₫,,
HD Máy Tính Webcam 1080P Máy Tính Webcam USB Camera Web Bộ Phận Máy Tính Cho Máy Tính Xách Tay PC Máy Tính Để Bàn Hội Nghị Video,https://www.lazada.vn/products/pdp-i3135305918.html,160.000 ₫,,
"( MẪU MỚI 2023 ) SALE 50% CAMERA QUAY TOÀN CẢNH CAMERA ROBOT IP WIFI PHẦN MỀM YOOSEE - HD 1080P RB20 , ĐÀM THOẠI , BÁO ĐỘNG Thiết kế kiểu dáng hiện đại, đẹp mắt, tiện dụng BH 12 tháng",https://www.lazada.vn/products/pdp-i2421006506.html,750.000 ₫,5.0,14 Đã bán
"(lᴏại 1)Webcam Máy Tính, Camera Có Mic 1080p Cho Laptop Học Online Qua ZOOM, Trực Tuyến - Hội Họp - Gọi Video Hình Ảnh Sắc Nét",https://www.lazada.vn/products/pdp-i1994814411.html,249.000 ₫,4.0,40 Đã bán
"Camera Wifi IMOU 2 Mắt Kép CRUISER DUAL S7XP-10M0WED 10MP (5MP + 5MP) Ngoài Trời , IPC-S7XP-6M0WED 6MP, Full Color, Xoay 360 Độ",https://www.lazada.vn/products/pdp-i2515608097.html,1.399.000 ₫,4.0,43 Đã bán
Camera Mini Wifi Kết Nối Với Điện Thoại Qua App Hỗ Trợ Quay Phim Thu Âm Ghi Hình Chụp Ảnh Trên ĐT,https://www.lazada.vn/products/pdp-i2001520126.html,299.000 ₫,,
"(Tặng Hộp Box Kỹ Thuật) Camera Wifi Ngoài Trời EZVIZ H8C PRO 4K 8MP Pan & Tilt - Quay Quét 360 Độ, Đàm Thoại 2 Chiều, AI Nhận Diện Người & Xe",https://www.lazada.vn/products/pdp-i2317805407.html,1.576.000 ₫,4.0,379 Đã bán
"[ĐỘC QUYỀN] Camera WI-FI EZVIZ CP1 Pro 2MP (Phiên bản nâng cấp C6N) Quay Quét 360 Độ, Chạm để gọi, Ghi hình màu đêm thông minh",https://www.lazada.vn/products/pdp-i2671202231.html,560.000 ₫,4.0,97 Đã bán
(TẶNG HỘP KỸ THUẬT) IMOU Cruiser Dual 2 Pro 8MP | IPC-S7XFP-8U0WED | Camera ngoài trời quan sát đêm Công nghệ AURORA siêu nhạy sáng - BH 2 NĂM,https://www.lazada.vn/products/pdp-i3063912631.html,1.770.000 ₫,,
"Camera wifi Tuya FullHD 1080p, hồng ngoại, đàm thoại, cảnh báo chuyển động, App Tuya/ Smart Life Bảo Hành 12 Tháng",https://www.lazada.vn/products/pdp-i2182519901.html,500.000 ₫,5.0,
(TẶNG KÈM ĐẾ CAMERA) CAMERA 2 MẮT TRONG NHÀ IMOU RANGER DUAL 6MP/10MP - BH 2 NĂM,https://www.lazada.vn/products/pdp-i3061651630.html,930.000 ₫,4.0,27 Đã bán
"[Mẫu mới C8C New] Camera Wifi EZVIZ C8C 3K 5MP|C8C 2K+ 4MP Ngoài Trời - Siêu Nét, Xoay 360 độ, Đàm thoại 2 Chiều, Có Màu Ban Đêm, Báo Động Chống Trộm - Bảo Hành 2 Năm - TQT SMART··",https://www.lazada.vn/products/pdp-i2491559407.html,1.009.000 ₫,4.0,27 Đã bán
2023 Thiết Kế Mới & đèn tự động Webcam Góc Rộng Webcam 1080P Camera Web Với Microphone máy quay USB đèn tự động Camera cho PC Bên Ngoài Gắn Dễ Dàng 360 ° Điều Chỉnh Cuộc Gọi Video/Web Hội Nghị/Telework/Lớp Trực Tuyến/Phát Sóng Trực Tiếp Máy Tính Xách Tay/,https://www.lazada.vn/products/pdp-i3206847586.html,930.000 ₫,,
(TẶNG HỘP KỸ THUẬT) Camera IMOU Ngoài Trời BULLET 2C 3MP/5MP | Chống nước - BH 2 NĂM,https://www.lazada.vn/products/pdp-i3064012381.html,655.000 ₫,5.0,18 Đã bán
UGREEN 2K 30fps FHD Mini Webcam Fixed Focus with Fill Light For Laptop Computer PC Web Camera Dual Microphones for Youtube Zoom Video Calling Model:65857,https://www.lazada.vn/products/pdp-i3225615270.html,1.265.200 ₫,,
"Camera ngoài trời IMOU Cruiser SC 3MP/ 5MP, xoay 360 độ, hú còi cảnh báo, theo dõi chuyển động",https://www.lazada.vn/products/pdp-i2822627565.html,1.015.000 ₫,,"5 Đã bán
Hồ Chí Minh"
"Camera IMOU Ranger 2 và Ranger 2C phiên bản 2MP/4MP/ 5MP (Imou A42P) Xoay 360°, Theo dõi chuyển động, Đàm thoại 2 chiều",https://www.lazada.vn/products/pdp-i1349782399.html,479.000 ₫,5.0,53 Đã bán
"Web cam full HD 1080P có mic dùng cho máy tính bàn, laptop (hình shop tự chụp) mẫu mới",https://www.lazada.vn/products/pdp-i2634479917.html,219.000 ₫,,"Web cam full HD 1080P có mic dùng cho máy tính bàn, laptop (hình shop tự chụp) mẫu mới"
(TẶNG HỘP KỸ THUẬT) Camera IMOU Ngoài Trời BULLET 2E 3MP ( 2K)/ 5MP ( 3K) | Có Màu Ban Đêm - BH 2 NĂM,https://www.lazada.vn/products/pdp-i3064047286.html,820.000 ₫,5.0,24 Đã bán
"Camera Camhi mẫu 2024, Camera trong nhà, Camera ngoài trời, Bh 12 tháng",https://www.lazada.vn/products/pdp-i2540246067.html,520.000 ₫,,
"Logitech Webcam HD Pro C920 / C920e, Gọi Và Quay Video Màn Hình Rộng, Camera 1080P, Webcam Máy Tính Để Bàn Hoặc Máy Tính Xách Tay",https://www.lazada.vn/products/pdp-i2413602532.html,1.551.000 ₫,5.0,
Camera Wifi Full Color IMOU IPC-S51FEP (Cruiser SE+ 5MP) - Hàng Chính Hãng,https://www.lazada.vn/products/pdp-i3108278885.html,1.125.000 ₫,,
"Camera IMOU 4G -WIFI 2 Mắt ngoài trời IPC-S7XCP-6M1TED-EU, AI Đàm Thoại 2 Chiều,Ban Đêm Có Màu",https://www.lazada.vn/products/pdp-i3153173244.html,1.774.000 ₫,,
Camera IP Imou A52p 5.0MP 360 Độ Chính Hãng,https://www.lazada.vn/products/pdp-i3051529474.html,700.000 ₫,,
"camera gắn xe ô tô ,xe máy, Camera Mini SQ.8",https://www.lazada.vn/products/pdp-i1285441515.html,395.000 ₫,,
"Webcam Logitech C920 Pro Full HD 1080p 30FPS - micro kép to rõ, tự động lấy nét và chỉnh sáng HD, thấu kinh Full HD cao cấp, phù hợp PC/ Laptop/ Mac",https://www.lazada.vn/products/pdp-i260190360.html,2.059.000 ₫,4.0,582 Đã bán
Camera IP EZVIZ CS-C1C-B 1080P (H265) Chính Hãng,https://www.lazada.vn/products/pdp-i2656642992.html,569.000 ₫,,
Camera Gọi Video 2 Chiều IMOU REX VT Pro 5M/3K l Đàm Thoại Video l Có Pin 2000maH I Theo dõi thông minh I Bảo hành 2 năm,https://www.lazada.vn/products/pdp-i2345324566.html,1.580.000 ₫,5.0,15 Đã bán
"Camera WIFI IMOU Ranger 2 Dual 6MP/10MP Cuộc gọi một chạm | Wi-Fi 6 băng tần kép 2,4/5 GHz | Loại C| Phát hiện người, vật nuôi và âm thanh bất thường",https://www.lazada.vn/products/pdp-i3153331249.html,884.000 ₫,5.0,101 Đã bán
Camera Quan Sát Ngoài Trời TP-Link VIGI EasyCam C320 Full-Color Bullet,https://www.lazada.vn/products/pdp-i3206797288.html,629.000 ₫,,
"Camera Ezviz C6N 360 độ,đàm thoại 2 chiều,1080,2k..siêu nét ..Dễ sử dụng, có hô trợ hướng dẫn lăp đặt",https://www.lazada.vn/products/pdp-i2234315543.html,520.000 ₫,,
"camera webcam 1080p Tích hợp Micro dùng cho học trực tuyến, họp online, livestream, gọi video Zalo, Chát video facebook chất lượng hình ảnh HD720P",https://www.lazada.vn/products/pdp-i1597760655.html,150.000 ₫,,
"[ CÔNG NGHỆ A.I ] Camera Yossee, Camera Wifi Yoosee 2 Khung Hình Kiểu Bóng Đèn 5.0 MPX, Xoay 360 Độ, Có Led Hỗ Trợ Có Màu Ban Đêm.",https://www.lazada.vn/products/pdp-i2746939995.html,489.410 ₫,5.0,35 Đã bán
Camera Wifi trong nhà Ranger Mini I 3MP/5MP | Tích hợp chân đế I Tự Động Quay Quét | Phát Hiện Người | Màu về đêm,https://www.lazada.vn/products/pdp-i2863238891.html,615.000 ₫,5.0,97 Đã bán
Camera wifi trong nhà quay quét 3MP IMOU IPC-A32EP-L (BAO GỒM THẺ NHỚ 64GB),https://www.lazada.vn/products/pdp-i2715922601.html,574.200 ₫,,
Camera Wifi ngoài trời Imou Bullet 2C I 3MP/5MP I IPC-F52P-D I Chống nước IP67 I Màu về đêm,https://www.lazada.vn/products/pdp-i2053869286.html,746.000 ₫,4.0,320 Đã bán
(TẶNG HỘP KỸ THUẬT) Camera IP Ngoài trời 360 Độ IMOU Cruiser 2C 3MP/5MP | Đàm thoại 2 chiều | Ghi hình màu ban đêm - BH 2 NĂM,https://www.lazada.vn/products/pdp-i3064938323.html,940.000 ₫,5.0,56 Đã bán
"Camera Yoosee 360 Độ 2 Mắt QC7 Chính Hãng, Trọn Bộ Camera 2 Mắt Độ Phân Giải 8MP 4K Màn Hình Kép Xoay 360 Độ, Phát Hiện Thông Minh Báo Động Di Động, Giám Sát Ban Đêm Có Màu, Đàm Thoại 2 Chiều - GKMarket Chính Hãng",https://www.lazada.vn/products/pdp-i2282525363.html,531.000 ₫,5.0,96 Đã bán
Camera trong nhà Eufy Indoor C210 - Hàng chính hãng - Bảo hành 12 tháng,https://www.lazada.vn/products/pdp-i3110846277.html,824.000 ₫,5.0,
"Camera WI-FI EZVIZ C3TN 2MP, Ngoài Trời, Không/Có Màu Ban Đêm, IP67",https://www.lazada.vn/products/pdp-i3030617790.html,719.000 ₫,5.0,
USB Mini Mini máy ảnh Camera Web ABS tiêu thụ điện năng thấp hình ảnh rõ ràng cho máy ảnh,https://www.lazada.vn/products/pdp-i3150276418.html,500.000 ₫,,
"Hàng Chính Hãng | Camera S12 Sim 4G FullHD 1080P Siêu Nét -Kết Nối Xem Trực Tiếp Tiện Lợi- Quan Sát Báo Động Chống Trộm, Hồng Ngoại Đen Nhìn Rõ Ban Đêm- Chế Độ WIFI",https://www.lazada.vn/products/pdp-i1876733208.html,1.199.000 ₫,4.0,434 Đã bán
"Camera IP Vstarcam CS662DR 8MPX 4K, Zoom 8X, Chống Nước, Đám Thoại, Phát Hiện Chuyển Động, Đàm Thoại Hai Chiều, AI Human Detection",https://www.lazada.vn/products/pdp-i2516042806.html,552.425 ₫,5.0,80 Đã bán
"Camera Wi-Fi EZVIZ H3 3K 5MP - Độ Phân Giải 3K ,Ghi Hình Màu Vào Ban Đêm,Thiết Kế IP67 Chống Chịu Thời Tiết - EZVIZ Hoang Nguyen Authorized Store",https://www.lazada.vn/products/pdp-i2036949775.html,1.439.000 ₫,5.0,91 Đã bán
"Camera Ngoài Trời Vstarcam CS621SR WIFI / CG621SR 4G FULLHD 4 Mắt 3 Màn Hình, Chống Nước, Ban Đêm Có Màu",https://www.lazada.vn/products/pdp-i2825468513.html,787.000 ₫,5.0,
Camera IMOU IPC-F52FP FULL COLOR 5.0MP,https://www.lazada.vn/products/pdp-i3069659928.html,1.008.000 ₫,,
Camera Wifi Giá Rẻ - IMOU REX 2E 3mb độ phân giải 2k - đèn - xoay 360 - đàm thoại 2 chiều - quay quét,https://www.lazada.vn/products/pdp-i2485079393.html,870.000 ₫,,
"Camera 5 Mắt 12MP 4K, FULL 4K HD Còi Hú, Tầm Nhìn Ban Đêm Đầy Màu Sắc, 8MP, 4K, CCTV, Báo Động Giám Sát Thông Minh, Hỗ Trợ onvi",https://www.lazada.vn/products/pdp-i2463958095.html,899.000 ₫,5.0,59 Đã bán
"Camera Wifi IMOU A22EP 1080P Full HD Thu Âm, Báo Động, Đàm Thoại 2 Chiều",https://www.lazada.vn/products/pdp-i2167124242.html,438.000 ₫,5.0,
Camera thông minh Xiaomi Outdoor Camera CW300 | Hình ảnh 2.5K 4MP | HDR | Theo dõi AI | Giám sát 360° | Quay đêm | Đàm thoại 2 chiều,https://www.lazada.vn/products/pdp-i3209981465.html,1.043.000 ₫,,
"(TẶNG HỘP KỸ THUẬT) Camera IMOU 2 Mắt Ngoài Trời IMOU Cruiser Dual 2 6MP | Tầm Nhìn Bam Đêm Có Màu | Ống Kính Kép Góc Rộng | AI phát hiện con người và phương tiện l đèn cảnh báo chủ động màu xanh, đỏ l Bảo Hành 2 năm",https://www.lazada.vn/products/pdp-i2746566337.html,1.450.000 ₫,5.0,19 Đã bán
"[CHÍNH HÃNG] Camera Wifi 4MP IPC-F42FP IMOU - ĐỘ PHÂN GIẢI 2K SẮC NÉT, CHỐNG NƯỚC IP67, ĐÀM THOẠI 2 CHIỀU, LƯU TRỮ TỐI ĐA 256GB - CAMERA TOÀN CẦU",https://www.lazada.vn/products/pdp-i1341261334.html,827.000 ₫,5.0,24 Đã bán
CANON EOS M50 + LENS KIT 15-45MM F/3.5-6.3 IS STM,https://www.lazada.vn/products/pdp-i1947329283.html,17.110.000 ₫,3.5,
"[Chính Hãng] Camera IP Wifi, Camera Giám Sát, CAMERA WI-FI IMOU CELL GO IPC-B32P-V2 3MP Dùng Pin Hoàn Toàn Không Dây, Độ Phân Giải 2304*1296, Cho Phép Đàm Thoại 2 Chiều, Đạt Chuẩn Bảo Về IP65, Tích Hợp Cảm Biến PIR",https://www.lazada.vn/products/pdp-i2194815956.html,1.986.699 ₫,5.0,35 Đã bán
Camera EZVIZ C6N 2M/3M- H6C PRO 3M/5M QHD 3K Xoay 360 Độ- Đàm Thoại 2 Chiều- Báo Động Chống Trộm- Wifi Trong Dùng Trong Nhà Chính Hãng - thông minh khi có chuyển động,https://www.lazada.vn/products/pdp-i2908299835.html,699.000 ₫,4.0,135 Đã bán
"Camera Ngoài Trời Cruiser Z IMOU 3K 5MP (IPC-S7DP-5M0WEZ) Ống Kính Kép, ZOOM Xa Tới 12X Hàng Chính Hãng Bảo Hành 2 Năm",https://www.lazada.vn/products/pdp-i2996176976.html,1.569.000 ₫,5.0,
"Camera Không Dây Vstarcam HQ7S 4G dùng SIM , Camera An Ninh giám sát thông minh nhỏ gọn chất lượng 4K kết nối điện thoại, Pin khỏe phát hiện chuyển động cảm biến hồng ngoại ban đêm - Bảo hành 12T.",https://www.lazada.vn/products/pdp-i3018031587.html,1.089.000 ₫,5.0,10 Đã bán
Webcam RAPOO C200 độ phân giải HD 720P - Hãng phân phối chính thức,https://www.lazada.vn/products/pdp-i1471861630.html,499.000 ₫,5.0,29 Đã bán
Imou Camera Wifi ngoài trời Cruiser SC 4K I 8MP I IPC-K7FP-8V0N I Kết Nối PoE I AIgo Play I Đàm Thoại Hai Chiều Song Công,https://www.lazada.vn/products/pdp-i3195939174.html,1.366.000 ₫,,
Camera Wifi Imou 2 Mắt Kép CRUISER DUAL 10MP (S7XP-10M0WED) Ngoài Trời Full Color - Quay quét 360 - Smart Tracking - Tầm Nhìn Kép - Hàng Chính Hãng - Bảo Hành 2 Năm - TQT SMART,https://www.lazada.vn/products/pdp-i2438751823.html,1.389.000 ₫,5.0,57 Đã bán
"Camera IP Camera Wifi Không Dây - Camera 5 Mắt Siêu NÉT Công Nghệ Mới Siêu Chống Trộm Xem 5 Màn Hình Cùng Lúc 16.0MPX 8K Xoay 360 Độ , Zoom 10X Xem Đêm Có Màu, Hỗ Trợ Đàm Thoại 2 Chiều Chống Nước Tuyệt Đối– Hàng Chính Hãng 12 Tháng",https://www.lazada.vn/products/pdp-i2419223155.html,1.495.000 ₫,4.0,174 Đã bán
"Camera Yoosee 4 Mắt 3 Màn Hình Kép Zoom 10X Ultra – Mẫu mới nhất 2025 – Độ phân giải Full HD 3 góc quay góc rộng – Xem đêm có màu, đàm thoại 2 chiều",https://www.lazada.vn/products/pdp-i2414358003.html,899.000 ₫,4.0,338 Đã bán
"TP-Link | Camera An Ninh Trong Nhà 4MP Màu Sắc Đầy Đủ với Tính Năng Giao Tiếp Giọng Nói và Quan Sát Đêm, Giám Sát Từ Xa 360°",https://www.lazada.vn/products/pdp-i3194646045.html,1.218.000 ₫,4.0,
Camera Wifi dòng P/T EZVIZ_C6N 1080P - Hàng chính hãng,https://www.lazada.vn/products/pdp-i2575857489.html,555.000 ₫,5.0,30 Đã bán
"Camera Nhà Tắm, Camera mini Vstarcam wifi CB70W Kết Nối Điện Thoại Bằng Wifi, FullHD 1080p Siêu Nét, Pin Trâu Dùng 10 Ngày, Đàm Thoại 2 Chiều, Ống Kính Kép Zoom 6x",https://www.lazada.vn/products/pdp-i2735520792.html,826.160 ₫,5.0,96 Đã bán
"Camera IMOU Cruiser - Camera ngoài trời zoom 16x, xoay 360 độ, quay màu ban đêm, phát hiện chuyển động",https://www.lazada.vn/products/pdp-i1731201169.html,1.679.000 ₫,5.0,105 Đã bán
Máy Ảnh Canon EOS R8 (Body),https://www.lazada.vn/products/pdp-i2579247306.html,28.193.500 ₫,,
Imou Camera Wifi ngoài trời 2 mắt Imou Cruiser Dual 2 I 6MP/10MP I IPC-S7XEP-10M0WED I Đèn cảnh báo đỏ & xanh | Wi-Fi 6 | Còi hú,https://www.lazada.vn/products/pdp-i3181447847.html,1.507.000 ₫,5.0,
(TẶNG HỘP KỸ THUẬT) CAMERA IMOU NGOÀI TRỜI 2 MẮT CRUISER DUAL 2 6MP/10MP | QUAY QUÉT TOÀN CẢNH - BH 2 NĂM,https://www.lazada.vn/products/pdp-i3063174193.html,1.500.000 ₫,5.0,12 Đã bán
"Camera WIFI IMOU 2 Mắt Ranger Dual IPC-S7XP-6M0WED 10MP, IPC-S2XP-6M0WED 6MP - 2 Mắt Kép - Xoay 360 độ, Đàm Thoại 2 Chiều - Có màu ban đêm - Loa báo động - Hàng chính hãng - Bảo Hành 2 Năm - TQT SMART",https://www.lazada.vn/products/pdp-i2497389172.html,859.000 ₫,5.0,69 Đã bán
(Tặng hộp Kỹ Thuật khi mua cam thẻ) Camera Wifi Yoosee Q42D 2 Mắt - Xem 2 Màn Hình Cùng Lúc - Độ Phân Giải FHD - Xoay 360 Độ - Xem Đêm Có Màu - Hỗ Trợ Đàm Thoại 2 Chiều,https://www.lazada.vn/products/pdp-i2635079002.html,334.000 ₫,4.0,473 Đã bán
camera qua sử dụng còn tốt siêu nét,https://www.lazada.vn/products/pdp-i3141190166.html,150.000 ₫,,
Webcam Có Micrô xoay camera Web cho máy tính,https://www.lazada.vn/products/pdp-i3190794164.html,202.000 ₫,,
Camera Wifi trong nhà Imou Cue 2E 3MP I IPC-C32SP I Đàm thoại 2 chiều | Báo động âm thanh,https://www.lazada.vn/products/pdp-i2053916193.html,429.000 ₫,4.0,131 Đã bán
Camera Wifi đa năng 1080P 2.0m Camera IP Wifi đa năng 1080P 2.0mp chống ngược sáng EZVIZ C6T CS-CV248- Bảo hành 12 tháng,https://www.lazada.vn/products/pdp-i2363741561.html,628.600 ₫,4.0,331 Đã bán
Máy tính Webcam độ nét cao 1080P Camera Web 4P Ống kính quang học phích cắm kiểu góc rộng 120 ° và phát 3 chế độ chiếu sáng có thể điều chỉnh bằng micrô để truyền phát video,https://www.lazada.vn/products/pdp-i3105657504.html,360.000 ₫,,
Webcam USB Camera cho PC 4K HD biến tập trung chức năng thu phóng lái xe miễn phí cho OS x cho Android,https://www.lazada.vn/products/pdp-i3190473009.html,309.000 ₫,,
Bộ 02 Camera Wifi trong nhà Imou Ranger 2C (3MP) I IPC-TA32CP I Đàm thoại hai chiều I Xoay 360,https://www.lazada.vn/products/pdp-i2053759567.html,898.000 ₫,4.0,
Camera cho PC Webcam độ nét cao 1080p để phát trực tiếp cho hội nghị video,https://www.lazada.vn/products/pdp-i3062889097.html,373.000 ₫,,
"Camera 2 Mắt Ngoài Trời EZVIZ H9C 2K 6MP (3MP + 3MP) / H9C 3K 10MP (5MP + 5MP) - Xoay 360 Độ, Đàm Thoại 2 Chiều, Theo Dõi Chuyển Động, Ống Kính Kép",https://www.lazada.vn/products/pdp-i2599954222.html,1.579.000 ₫,5.0,551 Đã bán
Webcam USB Camera cho máy tính xoay ngang 360 độ tự động lấy nét âm thanh nổi hiệu chỉnh màu đèn tự động cho hội nghị video,https://www.lazada.vn/products/pdp-i3160487275.html,625.024 ₫,,
"Webcam Máy Tính kẹp, Camera Có Mic 1080p Cho Laptop Học Online ZOOM, Trực Tuyến- Hội Họp-Gọi Video Hình Ảnh Sắc Nét chất lượng cao",https://www.lazada.vn/products/pdp-i1390650575.html,175.000 ₫,,"8 Đã bán
Hà Nội"
Camera Imou Wifi dùng Pin Cell 3C I 3MP I 5000mah I Đàm thoại 2 chiều I Đêm có màu,https://www.lazada.vn/products/pdp-i2737006048.html,1.488.000 ₫,,"13 Đã bán
Hồ Chí Minh"
myFirst Camera 2- Máy ảnh kỹ thuật số mini lặn dưới nước chống nước cho bé 8MP chỉ số IPX8 Phát triển khả năng sáng tạo,https://www.lazada.vn/products/pdp-i3062988523.html,1.490.000 ₫,,
Camera IMOU Gọi video 2 chiều REX VT 3K Độ Phân Giải 5M Phát hiện chuyển động Camera Wifi,https://www.lazada.vn/products/pdp-i2996344111.html,1.119.000 ₫,5.0,7 Đã bán
Camera Wifi trong nhà Imou Ranger 2C (5MP) I IPC-TA52P I Đàm thoại 2 chiều I Bảo hành 2 năm,https://www.lazada.vn/products/pdp-i2053626874.html,569.000 ₫,4.0,
Camera hành trình IMOU S400 chất lượng 2K QuadHD điều khiển giọng nói ghi lại bằng chứng va chạm,https://www.lazada.vn/products/pdp-i3039953150.html,2.650.000 ₫,5.0,25 Đã bán
(TẶNG HỘP KỸ THUẬT) Imou Cruiser Triple 11MP | IPC-S7UP-11M0WED | Camera 3 Mắt Ngoài Trời Hình Ảnh Sắc Nét | Màu Sắc Rực Rỡ Ban Đêm - BH 2 NĂM,https://www.lazada.vn/products/pdp-i3063194994.html,2.080.000 ₫,5.0,
"Camera WI-FI EZVIZ C6c 8MP, Đàm thoại 2 chiều, Ghi hình màu ban đêm, Nhận dạng cử chỉ để gọi",https://www.lazada.vn/products/pdp-i3024099112.html,1.302.000 ₫,,
Camera ngoài trời SoloCam S220 - Hàng chính hãng - Bảo hành 12 tháng,https://www.lazada.vn/products/pdp-i3123281283.html,2.399.000 ₫,5.0,
Camera tích hợp bộ điều khiển trung tâm G3 - Bản Quốc tế,https://www.lazada.vn/products/pdp-i2898415790.html,2.880.000 ₫,,
(TẶNG HỘP KỸ THUẬT) Camera IMOU Bullet 3 3MP/5MP | Đàm thoại 2 chiều | Ghi hình màu ban đêm - BH 2 NĂM,https://www.lazada.vn/products/pdp-i3064940266.html,960.000 ₫,5.0,11 Đã bán
Camera IP Hồng Ngoại Không Dây 1.3 Megapixels EZVIZ C6B CS-CV240-B0-21WFR,https://www.lazada.vn/products/pdp-i2363803858.html,495.000 ₫,3.0,5 Đã bán
Camera tích hợp bộ điều khiển trung tâm G2H PRO - Bản Quốc tế,https://www.lazada.vn/products/pdp-i2898626423.html,2.020.000 ₫,,
"[BẢO HÀNH 1 NĂM] GoPro Hero13 Black Camera hành động chống nước, ảnh 27MP, video 5.3K/60, 4K/120, HyperSmooth 6.0, HLG-HDR, chống nước 33ft (10m), chụp liên tiếp, slo-mo, GPS, không bao gồm Lenses HB-Series.",https://www.lazada.vn/products/pdp-i2799607039.html,9.490.000 ₫,5.0,32 Đã bán
(TẶNG HỘP KỸ THUẬT) CAMERA NGOÀI TRỜI IMOU CRUISER SC 3MP/5MP | QUAY QUÉT 360 | ĐÀM THOẠI 2 CHIỀU - BH 2 NĂM,https://www.lazada.vn/products/pdp-i3061801281.html,999.000 ₫,5.0,13 Đã bán
Camera IP WIfi Ngoài Trời Siepem S6820 /Yoosee D08S Plus HD 1080P 2.0 MPX - Chính Hãng,https://www.lazada.vn/products/pdp-i1118882564.html,750.000 ₫,1.0,
Camera Wifi Full Color IMOU IPC-S51FEP (Cruiser SE+ 5MP),https://www.lazada.vn/products/pdp-i3052497897.html,1.232.000 ₫,,
Camera IMOU PTZ S21FP/S41FP/S31FEP/S51FEP Xoay 360 Độ- Ban Đêm Có Màu- Góc Nhìn Rộng- Hình Ảnh Nét DŨNG HẰNG,https://www.lazada.vn/products/pdp-i2908498421.html,929.000 ₫,5.0,59 Đã bán
Camera Imou F22P Ngoài trời,https://www.lazada.vn/products/pdp-i2411299778.html,795.000 ₫,,
Camera IMOU Bullet 2C 5MP IPC-F52P,https://www.lazada.vn/products/pdp-i3069862027.html,885.000 ₫,,
"(Tặng Hộp Box Kỹ Thuật) Camera Wifi Ngoài Trời EZVIZ H8X 2K+ 4MP - Quay Quét 360 Độ, Đàm Thoại 2 Chiều, Al Nhận Dạng Người & Xe, Theo Dõi Thu Phóng",https://www.lazada.vn/products/pdp-i2317589968.html,2.099.000 ₫,4.0,159 Đã bán
"[VOUCHER 10K CHO ĐƠN 500K] Camera Wifi YOOSEE Không Dây 2 Mắt Xem 2 Màn Hình Cùng Lúc Xoay 360 Độ, Xem Đêm Có Màu, Hỗ Trợ Đàm Thoại 2 Chiều",https://www.lazada.vn/products/pdp-i2395375114.html,430.000 ₫,4.0,345 Đã bán
"Camera Wifi IMOU S51FEP 5MP 3K, S41FEP 2K 4MP, S31FEP 2K 3MP, S21FEP 2MP, Đàm Thoại 2 Chiều, Xoay 360 Độ, Có Màu Ban Đêm",https://www.lazada.vn/products/pdp-i2115223986.html,969.000 ₫,5.0,6 Đã bán
"【tích hợp 32 GB 】SJCAM Camera an ninh không dây 2K ngoài trời, Camera Gia Đình Wifi S1 4MP cho màn hình bé, cảm biến chuyển động camera chó, camera giám sát CCTV, máy ảnh IP, còi báo động âm thanh 2 chiều, nhìn trong đêm",https://www.lazada.vn/products/pdp-i2388323968.html,2.333.590 ₫,5.0,
[Trả góp 0%]Máy ảnh kỹ thuật số Fujifilm X-T5 (+ thẻ 64GbV90+ Sạc W235),https://www.lazada.vn/products/pdp-i2072292254.html,44.172.000 ₫,5.0,6 Đã bán
"Camera hành trình ô tô Xiaomi 70mai. Bản Quốc Tế cao cấp A800SE, 4K, Wifi. HÀNG CHÍNH HÃNG",https://www.lazada.vn/products/pdp-i3209386591.html,4.120.000 ₫,,
"Camera Ngoài Trời Cruiser Z iMOU 3K 5MP IPC-S7DP-5M0WEZ Ống Kính Kép, Zoom Xa Tới 12X",https://www.lazada.vn/products/pdp-i2677870477.html,1.590.000 ₫,5.0,18 Đã bán
Camera trong nhà Eufy Indoor C220 - Hàng chính hãng - Bảo hành 12 tháng,https://www.lazada.vn/products/pdp-i3110772259.html,939.000 ₫,,
Camera Wifi dùng pin trong nhà Imou Rex VT Pro 3K I S2VBP I Xoay 360 I Bảo vệ toàn cảnh,https://www.lazada.vn/products/pdp-i2669989144.html,1.222.000 ₫,5.0,69 Đã bán
Camera WIFI Không Dây Mini 1080P HD X5 MỚI Giám Sát Trong Nhà/ngoài Trời Với Chức Năng Ghi Hình Tuần Hoàn Cho An Ninh Gia Đình/cắm Trại,https://www.lazada.vn/products/pdp-i3117989411.html,189.000 ₫,,
360 ° Camera Giám Sát WiFi Bóng Đèn IP Không Dây Tầm Nhìn Ban Đêm Pan Tilt Camera Giám Sát An Ninh Trong Nhà Ngoài Trời,https://www.lazada.vn/products/pdp-i3128706235.html,168.000 ₫,,
Camera Không Dây HD 1080P WiFi Trong Nhà Ngoài Trời Xem 360 Độ Camera IP Dome Chống Nước Với Zoom Kỹ Thuật Số Để An Ninh Gia Đình,https://www.lazada.vn/products/pdp-i3066176477.html,211.000 ₫,,
Camera WiFi Mini HD 1080P An Ninh Gia Đình Trong Nhà Với Tầm Nhìn Ban Đêm Giám Sát Chuyển Động Cam Nhỏ Giám Sát Trẻ Em,https://www.lazada.vn/products/pdp-i3182118573.html,157.000 ₫,,
A9 Camera Không Dây Mini WiFi Giám Sát An Ninh Nhà Thông Minh Giám Sát Từ Xa HD 1080P Máy Quay Video Có Tầm Nhìn Ban Đêm,https://www.lazada.vn/products/pdp-i3199779637.html,131.200 ₫,,"15 Đã bán
China"
JOZUZE 1080P HD Camera Mini Màn Hình 1.3Inch Di Động Đầu Ghi Hình Kỹ Thuật Số Với Hồng Ngoại Quan Sát Ban Đêm BodyCam Cho Cảnh Sát Thể Thao,https://www.lazada.vn/products/pdp-i2465396741.html,603.000 ₫,4.0,178 Đã bán
Camera máy tính gia đình HD siêu nét 4K ngoài trời phát trực tiếp đầu camera cho laptop 4k bên ngoài,https://www.lazada.vn/products/pdp-i3190886305.html,330.725 ₫,,
"Camera Giám Sát IP PoE 5MP Onvif, Âm Thanh Hai Chiều, Tầm Nhìn Ban Đêm, Gắn Tường Màu Trắng, Dùng Cho NVR, iCSee XMEeye Pro",https://www.lazada.vn/products/pdp-i3090715208.html,584.000 ₫,,
Webcam độ nét cao Lấy nét bằng tay phát trực tiếp máy quay USB với microphone cho cuộc gọi video 640x480,https://www.lazada.vn/products/pdp-i3059032808.html,183.000 ₫,,
Camera An Ninh WiFi Camera Giám Sát HD 1080P Tầm Nhìn Ban Đêm Camera An Ninh Không Dây Phát Hiện Chuyển Động Có Thể Sạc Lại Cho Văn Phòng,https://www.lazada.vn/products/pdp-i2047567932.html,292.000 ₫,,
2MP 1080P 360Degree AI Tracking Wireless USB Webcam For Boardcast Online Teaching Video Camera PC Laptop Digital Camera,https://www.lazada.vn/products/pdp-i2893859700.html,632.429 ₫,,
"Camera giám sát không dây, màn hình wifi ngoài trời độ nét cao, webcam Mạng an ninh máy bóng 360 độ",https://www.lazada.vn/products/pdp-i2983948187.html,244.136 ₫,,
2MP Tuya Smart Wifi Baby Monitor Surveillance 1080P Mini Camera with Auto Tracking 2-Way Audio IP Camera UK Plug Easy Install Easy to Use,https://www.lazada.vn/products/pdp-i2956916885.html,525.889 ₫,,
"Máy tính 2K độ nét cao không có ổ đĩa, micrô lấy nét tự động, Webcam học trực tiếp trên mạng và camera hội nghị",https://www.lazada.vn/products/pdp-i3073028572.html,252.099 ₫,,
Video Thông Minh Camera 4K Camera giám sát HD có thể sạc qua USB giám sát an ninh Camera xem từ xa cho văn phòng nhà cửa,https://www.lazada.vn/products/pdp-i3132094222.html,489.000 ₫,,
Camera an ninh wifi ngoài trời PTZ speed dome cam CCTV 5MP HD giám sát video máy ảnh tự động theo dõi thu phóng kỹ thuật số,https://www.lazada.vn/products/pdp-i3108793291.html,654.788 ₫,,
"CameraA9 cctv 1080P HD, camera ẩn wifidi động, tầm nhìn ban đêm không dây với ngăn chứa thẻ HD, hỗ trợ camera giám sát từ tính Full HD kết nối với điện tho",https://www.lazada.vn/products/pdp-i3060005726.html,70.756 ₫,,
"60fps USB Camera Module 1080P,1920x1080,SC200AI,2MP,2 Megapxiel Webcam,UVC Compatible Plug And Play,For Windows/Linux/Android",https://www.lazada.vn/products/pdp-i2893886570.html,857.380 ₫,,
Máy ảnh kỹ thuật số 1080P Máy ảnh trẻ em Máy ảnh trẻ em 20MP Camera selfie trẻ em cho bé trai và bé gái Zoom kỹ thuật số 8X Màn hình 2.0 inch Ống kính kép Quà tặng sinh nhật Quà tặng lễ hội Món quà tuyệt vời cho trẻ em,https://www.lazada.vn/products/pdp-i3230767358.html,332.000 ₫,2.0,
Camera điện thoại bên ngoài máy ảnh ngoài điện thoại USB HD 1080p với ứng dụng cho điện thoại thông minh,https://www.lazada.vn/products/pdp-i3040148699.html,802.719 ₫,,
"Camera laptop asus x555l,x555ld,f555l,x554l,x554,x454,k555l tháo máy(loại 40 pin)",https://www.lazada.vn/products/pdp-i2150939614.html,150.000 ₫,,
.B.W-8MP Camera Module with Night Vision for 5 Camera IMX219 160 Degree Viewing Angle Interface Cam,https://www.lazada.vn/products/pdp-i2622302697.html,594.600 ₫,,
yppuso sell well - / Computer Camera Autofocus Camera usb Camera Online Class Camera Live Conference Camera,https://www.lazada.vn/products/pdp-i3034058548.html,961.799 ₫,,
() 3X 5G Wifi Bulb Night Vision Camera Surveillance Full Color Automatic Human Tracking Video Security Monitor Cam,https://www.lazada.vn/products/pdp-i2703698436.html,640.216 ₫,,
"(FRKD) 4K Webcam with Microphone and Fill Light, HD Autofocus Computer Camera for Pc Laptop Desktop Video Calling, Easy to Use",https://www.lazada.vn/products/pdp-i2771871848.html,984.000 ₫,,
"Webcam 4K, Webcam Có Micrô và điều khiển từ xa có thể thu phóng, được trang bị cảm biến Sony, thu phóng kỹ thuật số 9X, Micrô khử tiếng ồn, camera cho máy tính tự động lấy nét cho PC/MAC/Laptop/Zoom/đội/OBS/Google",https://www.lazada.vn/products/pdp-i2787250647.html,736.478 ₫,,
Kids Instant Print Camera 1080P HD Digital Camera with 2.4 Inch IPS Screen 10X Optical Zoom Includes 32GB TF Card,https://www.lazada.vn/products/pdp-i2958539386.html,910.838 ₫,2.4,
"Camera IP Mini Wifi 1080P HD Tự Lắp Đặt, Ghi Hình 120 Độ ° Camera Giám Sát Góc Rộng Phát Hiện Chuyển Động Tại Nhà Cho Trẻ Em",https://www.lazada.vn/products/pdp-i3175239692.html,701.000 ₫,,
"(IEGO) Digital Camera, 4K Children Camera for Photography, 64MP MP3 Player Camera, 2.8Inch IPS Screen, Auto Focus",https://www.lazada.vn/products/pdp-i2712687799.html,989.720 ₫,,
"Camera Công Nghiệp USB, Camera HD Cao Vận Động Khung P120, Khung P60, Camera Góc Rộng P Không Bị Méo",https://www.lazada.vn/products/pdp-i2528961381.html,1.225.000 ₫,,"600 Đã bán
Hong Kong"
Web Camera 480P/720P/1080P/2K High Clarity Computer USB Webcam Mini Camera with Microphone for Live Broadcast Mini Camera Plug,https://www.lazada.vn/products/pdp-i3160328423.html,220.000 ₫,,
"1080P HD Digital Camera for Kids Photography Mini Portable 0.96-Inch Screen, 4x Optical Zoom Perfect Birthday Gift",https://www.lazada.vn/products/pdp-i3177083642.html,270.300 ₫,,
yppuso sell well - / Computer Camera HD 1080P Online Class Live Conference Camera USB Camera,https://www.lazada.vn/products/pdp-i3034025725.html,961.799 ₫,,
Wifi Máy ảnh Mini nhìn trong đêm Camera không dây có thể sạc qua USB giám sát an ninh máy ảnh xem từ xa cho văn phòng nhà cửa,https://www.lazada.vn/products/pdp-i2769558888.html,492.000 ₫,,
Camera máy tính USB Webcam Có Micrô 1080P Webcam 360 độ,https://www.lazada.vn/products/pdp-i2987797702.html,429.719 ₫,,
(RHEP) 1080P Webcam Full HD Camera for Laptop Computer USB Webcam with Dual Microphones for Zoom Video Calling Webcam,https://www.lazada.vn/products/pdp-i3185763007.html,751.136 ₫,,
Kids Instant Print Camera 1080P HD Digital Camera with 2.4 Inch IPS Screen 10X Optical Zoom Includes 32GB TF Card,https://www.lazada.vn/products/pdp-i3015281253.html,855.838 ₫,2.4,
USB Webcam 4K 1080P Mini Camera 15-30Fps Fill Light Beauty ABS for PC Video Camera,https://www.lazada.vn/products/pdp-i3227603056.html,737.000 ₫,,
Máy tính 1080P Micro an ninh công nghiệp tích hợp góc rộng khóa học trực tuyến làm đẹp Camera Webcam bên ngoài,https://www.lazada.vn/products/pdp-i2967032567.html,214.719 ₫,,
C3B.T.F-Identification Login Web Camera with Single Microphone for Hello USB Computer Webcam,https://www.lazada.vn/products/pdp-i3184890515.html,810.331 ₫,,
Hamrol 8MP 5MP 4MP 2MP H.265 Security IP Camera POE 1080P Outdoor Waterproof IP66 CCTV Camera P2P Video Surveillance Home Security 48V PoE,https://www.lazada.vn/products/pdp-i2499219989.html,566.371 ₫,5.0,
Webcam di động camera cho máy tính các cuộc họp ghi âm thời gian thực cho các cuộc gọi video,https://www.lazada.vn/products/pdp-i3062904341.html,241.000 ₫,,
TP-Link | Camera Giám Sát Ngoài Trời 8MP Màu Đầy Đủ Dual View Không Dây với Xem Từ Xa 360 Độ,https://www.lazada.vn/products/pdp-i3193562868.html,960.000 ₫,,
Camera cho máy tính đa chức năng cơ sở hình ảnh rõ ràng Webcam độ nét cao HD cuộc gọi USB cho phát trực tiếp,https://www.lazada.vn/products/pdp-i3043333958.html,228.000 ₫,,
myFirst Camera 3 TẶNG KÈM VỎ HÌNH ĐỘNG VẬT ĐÁNG YÊU Máy ảnh trẻ em mini có ống kính selfie cho bé trai và bé gái,https://www.lazada.vn/products/pdp-i3063064770.html,990.000 ₫,5.0,73 Đã bán
"Webcam Máy Tính, Camera Có Mic 720P / 1080P Full HD - Học Online, Gọi Video Hình Ảnh Sắc Nét",https://www.lazada.vn/products/pdp-i1510386817.html,115.000 ₫,5.0,6 Đã bán
"Webcam Máy Tính-Latop-Có Mic Full HD-Camera Học Online Qua ZOOM, Trực Tuyến - Hội Họp - Gọi Video Hình Ảnh Sắc Nét",https://www.lazada.vn/products/pdp-i2806498131.html,199.000 ₫,,
Máy Ảnh Canon EOS R6 Mark II,https://www.lazada.vn/products/pdp-i2579143912.html,50.025.000 ₫,,
Camera công nghiệp Basler aca 3800-14u,https://www.lazada.vn/products/pdp-i2748884740.html,1.500.000 ₫,,
Camera Wifi trong nhà Imou Ranger RC I 3MP/5MP I Nút gọi cảm ứng | Phát hiện con người,https://www.lazada.vn/products/pdp-i2363157139.html,650.000 ₫,4.0,443 Đã bán
"Camera Kẹp Màn Hình Máy Tính Okila - Webcam Kẹp Màn Full HD 720P Có Micro Webcam Máy Tính Laptop Livestream Có Mic Full HD PC Gaming 720P High Solution, Bảo hành 6 tháng",https://www.lazada.vn/products/pdp-i2421961203.html,149.000 ₫,5.0,
"Thiết bị ghi hình Razer Kiyo X-USB Broadcasting Camera (Webcam)_Mới, hàng chính hãng",https://www.lazada.vn/products/pdp-i1738595340.html,1.399.000 ₫,,
Camera 4G IPC-S21FTP (Cruiser 4G PT Full Color 2.0MP),https://www.lazada.vn/products/pdp-i2713944651.html,1.372.000 ₫,,
"( SALE LỚN 50% ) Camera An Ninh Camera IP Wifi Không Dây CAMERA IMOU CELL GO B32P-V2 3M FullHD 2K ( dùng pin ) CHÍNH HÃNG Có Màu Ban Đêm Lắp Ngoài Trời Chống Nước, Cảnh Báo Chuyển Động AI PIN DÙNG 120 NGÀY BH 12 tháng",https://www.lazada.vn/products/pdp-i2281911204.html,1.500.000 ₫,5.0,10 Đã bán
Một Mắt CAMERA 360 SONY FULLHD 1080 cho mọi màn hình Android liên cam 360 kèm dây . Hoặc bộ 360 rời,https://www.lazada.vn/products/pdp-i2617164374.html,450.000 ₫,,
"( Mẫu Mới 2025 ) Camera Mini Sim 4G 2 Mắt 4K Siêu Nét - Camera Giám Sát Vstarcam CB75D 4G Không Dây Nhỏ Gọn Ống Kính Kép Zoom 6X XemTừ Xa Ghi Âm Chụp Hình Quay Tự Động , Hồng Ngoại Hình Ảnh Video Rõ Nét Chất Lượng Chuẩn HD Pin Khủng, BH 12T",https://www.lazada.vn/products/pdp-i2665100992.html,1.175.000 ₫,5.0,123 Đã bán
Imou Camera Wifi ngoài trời 2 mắt Cruiser Dual 6MP 64GBI IPC-S7XP-6M0WED I Xoay 360° | Phát hiện con người | Còi hú,https://www.lazada.vn/products/pdp-i3110011360.html,1.272.000 ₫,5.0,7 Đã bán
Camera Sj10 Pro Dual Screen,https://www.lazada.vn/products/pdp-i2061336813.html,4.699.000 ₫,,
"[FREESHIP] Camera Wifi IPC A42P IMOU (Mã mới A42P-D V3) 4.0M 2K HD 1440p, Bản nâng cấp của Ranger 2 A22EP - Xoay 360, Đàm Thoại 2 Chiều, Theo dõi chuyển động - Bảo Hành Chính Hãng - VTS",https://www.lazada.vn/products/pdp-i1907146088.html,599.000 ₫,5.0,
"Webcam Logitech Brio 500 VU0064 - Hàng chính hãng - Độ phân giải 4MP, lấy nét tự động, thu phóng kỹ thuật số",https://www.lazada.vn/products/pdp-i2153156944.html,3.090.000 ₫,,
[Trả góp 0%]Máy ảnh kĩ thuật số Fujifilm X-H2 (+ thẻ 64GbV90+ Sạc W235),https://www.lazada.vn/products/pdp-i2023176526.html,49.527.000 ₫,,"20 Đã bán
Hồ Chí Minh"
"Camera Wifi Ngoài Trời IMOU 3 Mắt CRUISER TRIPLE (3MP+3MP+5MP) (S7UP-11M0WED), Đàm thoại 2 chiều, Theo dõi chuyển động, Đèn Còi Báo Động Xanh - Đỏ",https://www.lazada.vn/products/pdp-i2176029411.html,1.879.000 ₫,5.0,57 Đã bán
"Máy chụp ảnh lấy liền HPRT-Z1, In Lấy Liền, Camera Sắc Nét, 8 Bộ Lọc Ảnh, Kết Nối Bluetooth 5.2",https://www.lazada.vn/products/pdp-i3071710588.html,2.590.000 ₫,,
Máy ảnh Canon 40D + Kit Canon 18-55mm IS II,https://www.lazada.vn/products/pdp-i974962351.html,2.953.000 ₫,,
"[100% CHÍNH HÃNG]Camera IP Wifi IMOU IPC-F22FP 1080P cảnh báo chuyển động, tích hợp Mic, có thể tự phát Wifi - CAMERA TOÀN CẦU",https://www.lazada.vn/products/pdp-i1055112561.html,689.000 ₫,5.0,
Camera trong nhà Eufy Indoor S350 - Hàng chính hãng - Bảo hành 12 tháng,https://www.lazada.vn/products/pdp-i3110786314.html,2.959.000 ₫,,
FUJIFILM X-M5 + LENS 15-45MM F/3.5-5.6 OIS PZ (NEW),https://www.lazada.vn/products/pdp-i3093328157.html,34.800.000 ₫,3.5,
Máy ảnh trẻ em myFirst Camera 50 tích hợp công nghệ AI xuất xứ từ Singapore CHÍNH HÃNG,https://www.lazada.vn/products/pdp-i3063434088.html,1.950.000 ₫,4.0,79 Đã bán
Camera Ngoài Trời iMOU Cruiser Dual IPC-S7XP-10M0WED/ IPC-S7XP-6M0WED,https://www.lazada.vn/products/pdp-i2713806481.html,1.748.000 ₫,,
"Insta360 liên kết 2 - PTZ 4k webcam, 1/2 ""cảm biến, ai theo dõi, HDR, ai tiếng ồn-hủy bỏ, cử chỉ kiểm soát",https://www.lazada.vn/products/pdp-i3203799908.html,5.150.000 ₫,,
V380 Camera IP Mini không dây nhỏ CCTV WIFI 1080P nhà Security Camera hồng ngoại Phát hiện chuyển động quan sát ban đêm SD khe cắm thẻ âm thanh,https://www.lazada.vn/products/pdp-i2413281174.html,226.971 ₫,4.0,21 Đã bán
30fps Webcam 2K 4MP Streaming Web Camera With 5-50mm Varifocal CS UVC OTG USB Camera For Tiktok/YouTube OBS Video Shooting,https://www.lazada.vn/products/pdp-i2804833004.html,578.949 ₫,5.0,13 Đã bán
New 8MP 4k PTZ WIFI Máy ảnh ống kính kép với màn hình kép ai con người Phát hiện tự động theo dõi ngoài trời Camera giám sát icsee,https://www.lazada.vn/products/pdp-i2474307715.html,449.000 ₫,5.0,281 Đã bán
Camera Mạng Không Dây Đầu Đèn Phong Cách Giám Sát An Ninh Gia Đình Tầm Nhìn Ban Đêm HD Ống Kính Kép Giám Sát Điện Thoại Di Động Từ Xa,https://www.lazada.vn/products/pdp-i3180294820.html,180.000 ₫,,
1080p/4K webcam 2K Full HD web camera with microphone led fill light USB web cam rotatable for PC computer laptop for YouTube,https://www.lazada.vn/products/pdp-i2804602847.html,480.635 ₫,5.0,
"Camera cảm ứng LCD touist EIS 4K 60fps 16MP 2.0, Wifi 170d, chống nước 30m, điều khiển từ xa, Zoom 4x, Camera Chuyên Nghiệp Go Sports",https://www.lazada.vn/products/pdp-i2934206060.html,999.999 ₫,2.0,
Camera Bóng Đèn E27 Với Zoom Kỹ Thuật Số 4X AI Phát Hiện Chuyển Động Của Con Người Tầm Nhìn Ban Đêm Đủ Màu Để Giám Sát Tại Nhà,https://www.lazada.vn/products/pdp-i3159279441.html,221.000 ₫,,
LLSEE ICSEE 4K 8MP Camera không dây WiFi Dual Lens 10X Camera giám sát Zoom kỹ thuật số Camera quan sát 360 Camera quan sát ngoài trời Push Smart Night Vision IP Camera,https://www.lazada.vn/products/pdp-i2932652620.html,431.919 ₫,5.0,7 Đã bán
"Camera quan sát bên hông xe, Camera điểm mù HD, Camera quan sát bên hông chống nước, ống kính xoay rộng 120 độ với màn hình Màn hình LCD HD, Hệ thống hỗ trợ đỗ xe và camera lùi nhìn trong đêm trái hoặc phải",https://www.lazada.vn/products/pdp-i2635450493.html,501.013 ₫,,"5 Đã bán
China"
A9 1080p HD WiFi camera sensor monitoring camera smart home video web camcorder safe wireless security camera,https://www.lazada.vn/products/pdp-i2671295672.html,81.179 ₫,,
"SMART LIFE IP Camera wifi IP giám sát Tuya, FHD ,Báo động chống trọm, Tầm nhìn góc rộng 360 độ Xem qua điện thoại di động",https://www.lazada.vn/products/pdp-i2423799267.html,168.300 ₫,5.0,5 Đã bán
1080P Webcam USB2.0 Camera Web Độ Phân Giải Cao Cho Máy Tính Xách Tay Cho Máy tính để bàn Cho Hội Nghị Truyền Hình Phần Mềm,https://www.lazada.vn/products/pdp-i3191238689.html,235.000 ₫,,
"Camera ngoài trời Xiaomi 4C 3K siêu rõ nét 5 Megapixel, tầm nhìn ban đêm thông minh, đầy đủ màu sắc, theo dõi hình người bằng AI, màn hình chống nước",https://www.lazada.vn/products/pdp-i3187903732.html,1.009.000 ₫,5.0,
Camera cho máy tính Webcam có thể điều chỉnh độ dài tiêu cự cho cuộc gọi video,https://www.lazada.vn/products/pdp-i3087424996.html,589.000 ₫,,
Mini Camera Web ABS hình ảnh rõ ràng Camera Mini USB cho máy ảnh,https://www.lazada.vn/products/pdp-i3166889255.html,500.000 ₫,,
Camera Webcam HD 1080P có MIC cho máy tính cho máy tính xách tay Skype MSN,https://www.lazada.vn/products/pdp-i1813281226.html,152.000 ₫,,
【Miễn phí s530 Tai nghe Bluetooth】HD 1080P Webcam Máy Tính Mini PC Camera Web Với Phích Cắm USB Camera Xoay Để Phát Sóng Trực Tiếp Cuộc Gọi Video Công Việc Hội Nghị,https://www.lazada.vn/products/pdp-i1298379429.html,178.900 ₫,,
Camera chiều sâu Intel RealSense Depth Camera D435i (Intel D435i) 0401,https://www.lazada.vn/products/pdp-i1872350762.html,8.990.000 ₫,5.0,8 Đã bán
Camera chiều sâu Intel® RealSense™ Depth Camera D415 Intel D415 (0406),https://www.lazada.vn/products/pdp-i1183838405.html,6.900.000 ₫,5.0,8 Đã bán
"Camera Mini WiFi HD 1080P Tự Làm, Máy Quay Video Cầm Tay Không Dây, Hỗ Trợ Quay Vòng Lặp Và Xem Từ Xa",https://www.lazada.vn/products/pdp-i3077805479.html,492.800 ₫,4.0,32 Đã bán
5G Wifi 5MP Camera Quan Sát PTZ IP Theo Dõi Con Người Thông Minh Với Zoom 4X Tầm Nhìn Ban Đêm Full Màu Ngoài Trời Chống Nước Giám Sát Video,https://www.lazada.vn/products/pdp-i3211443001.html,78.400 ₫,,
Camera PTZ Không Dây ICSEE Tầm Nhìn Ban Đêm HD 1080P AI Tự Động Theo Dõi IP Camera Quan Sát Giám Sát Cho Kết Nối Wifi Ngoài Trời,https://www.lazada.vn/products/pdp-i3194851219.html,429.250 ₫,,
"Camera tĩnh thể thao toàn không khí với Màn hình IPS, camera hành động chống rung, video xe đạp, góc rộng 2.0, 4K, UHD, 1080 inch, 120 p, 30 khung hình/giâ",https://www.lazada.vn/products/pdp-i2933912722.html,884.714 ₫,2.0,
5MP imx335 Me Hộp USB máy ảnh công nghiệp Varifocal Zoom ống kính Webcam UVC OTG PC Video Camera cho SkypeVideo cuộc gọi ghi âm,https://www.lazada.vn/products/pdp-i2420696218.html,842.776 ₫,5.0,6 Đã bán
Camera IP WiFi PTZ 1080P Giám Sát Camera Quan Sát Chống Nước Không Dây Với Zoom 4X Tầm Nhìn Ban Đêm Đủ Màu H.264 An Ninh Âm Thanh Máy Quay Phim Mini,https://www.lazada.vn/products/pdp-i3210651320.html,241.400 ₫,,
Webcam 4k 2k Web Cam Kỷ Nguyên 1080P Mini 30fps Máy quay USB Full HD Web Cam với chân máy Micro tự động lấy nét Webcam cho PC Mac máy tính xách tay,https://www.lazada.vn/products/pdp-i2457907314.html,277.012 ₫,4.0,11 Đã bán
Camera Quan Sát Pan-Tilt 360 Độ 1080p HD TVI Với Màu Âm Thanh Tầm Nhìn Ban Đêm Ánh Sáng Hồng Ngoại Màu Trắng Để Đảm Bảo An Ninh Gia Đình,https://www.lazada.vn/products/pdp-i3110960363.html,120.000 ₫,,
Nuroum V32afl 4K Đầy Đủ HD Webcam Với Microphone Tự Động Lấy Nét Tự Động Khung Vòng Ánh Sáng Web Camera Cho Hội Nghị Hệ Thống,https://www.lazada.vn/products/pdp-i2809935875.html,983.261 ₫,,
Camera IP Ngoài Trời Neye 8MP 4K Pan Tilt WiFi Với Ống Kính Kép Màn Hình Kép 1080P AI Tự Động Theo Dõi Và Bảo Vệ An Ninh,https://www.lazada.vn/products/pdp-i2760070289.html,439.000 ₫,4.0,72 Đã bán
Camera IP PTZ Không Dây 8MP 4K WiFi HD Giám Sát Ngoài Trời Thiết Bị An Ninh Gia Đình Với Khả Năng Theo Dõi Tự Động Phát Hiện Chuyển Động & Âm Thanh Hai Chiều,https://www.lazada.vn/products/pdp-i3028783480.html,280.000 ₫,,
LLSEE Camera IP Thông Minh Cctv Ycc365 Plus Camera Giám Sát Gia Đình Wifi Hồng Ngoại Theo Dõi Đám Mây Không Dây Ngoài Trời HD 1080P,https://www.lazada.vn/products/pdp-i1715800504.html,288.886 ₫,5.0,14 Đã bán
"Camera hành động chống nước với màn hình cảm ứng, Camera thể thao tĩnh, video cho mũ bảo hiểm, Wi-Fi góc rộng 2.0 °, 5K, 4K, 60fps, 170 inch, 30m",https://www.lazada.vn/products/pdp-i2934171265.html,999.999 ₫,2.0,
{UU61} Winstong Tech HD 1080P WiFi Camera DIY Camera Mini Camera Infrared Night Vision Motion Detection Support Remote View P2P Micro Webcam,https://www.lazada.vn/products/pdp-i3105443051.html,441.813 ₫,,
Camera An Ninh HD 1080P 355 ° Giám Sát Với Tầm Nhìn Ban Đêm Còi Báo Động Phát Hiện Chuyển Động WiFi Từ Xa Máy Quay Phim Mini Chống Nước Âm Thanh Hai Chiều,https://www.lazada.vn/products/pdp-i2985570663.html,249.000 ₫,4.0,14 Đã bán
【Versatile】 Mini Camera Hd 4k 1080p Wifi Ip Camcorde Portable Wireless Module Video Recorde Support Remote View P2p Camera 128gb,https://www.lazada.vn/products/pdp-i2693786530.html,584.178 ₫,,
Camera Giám Sát Bóng Đèn Wifi IP PTZ Không Dây 360 ° Tầm Nhìn Ban Đêm Giám Sát An Ninh Trong Nhà Ngoài Trời Giám Sát Nhà Thông Minh,https://www.lazada.vn/products/pdp-i3206042139.html,197.600 ₫,,"17 Đã bán
China"
4K Webcam 1440P 2K Web Camera 1080P EMEET C60E Autofocus USB Computer Camera for Living/ Video Call/ Conference,https://www.lazada.vn/products/pdp-i2804663310.html,667.107 ₫,5.0,
"Joyusing flip600r Webcam 4k để phát trực tuyến-Webcam độ nét cao siêu 4K với chân máy, tự động lấy nét PDAF, mic khử tiếng ồn, 79 ° FOV, chỉnh đèn tự động, vỏ riêng tư, camera phát trực tuyến để chơi game/làm đẹp",https://www.lazada.vn/products/pdp-i3194074605.html,792.000 ₫,,
"Camera Groudchat JP1DV1 1080P Thông Minh Độ Nét Cao Điện Thoại Di Động USB Dành Cho Chân Kính, Tích Hợp Micro Hút Âm Và Giảm Tiếng Ồn",https://www.lazada.vn/products/pdp-i2239346498.html,943.470 ₫,,
TOALLIN Webcam PC 1080P 30fps Dual Mics Auto-Focus web cam FOV 90 ° Computer Camera USB No Optical Distortion for Live Streaming,https://www.lazada.vn/products/pdp-i2804702838.html,375.947 ₫,,
Camera An Ninh Ngoài Trời Không Dây 360 Độ HD Không Có Điểm Mù Cắm Để Giám Sát Gia Đình Và Doanh Nghiệp,https://www.lazada.vn/products/pdp-i3191978473.html,222.000 ₫,,
Smtkey 4MP 30fps USB Webcam HD 2.8-12Mm Varifocal Ống Kính Zoom UVC Mini PC Camera Cho Live Streaming Hội Nghị,https://www.lazada.vn/products/pdp-i2420697276.html,792.549 ₫,5.0,11 Đã bán
5MP Camera An Ninh Không Dây Wifi Ngoài Trời Chống Nước Tầm Nhìn Ban Đêm Nhà Thông Minh Màn Hình 4x Zoom Màu Camera Quan Sát Giám Sát Cam,https://www.lazada.vn/products/pdp-i3111303512.html,125.000 ₫,,
Camera 3MP WiFi PTZ Màu Sắc Tầm Nhìn Ban Đêm Camera Quan Sát An Ninh Trong Nhà Không Dây Có Âm Thanh Tự Động Theo Dõi Camera IP Giám Sát Tại Nhà,https://www.lazada.vn/products/pdp-i3193890405.html,175.200 ₫,,
2.4G Wifi Ống Kính Kép Camera IP Không Dây PTZ Màu Sắc Tầm Nhìn Ban Đêm Âm Thanh 2 Chiều Trong Nhà Giám Sát Video Camera Quan Sát Bóng Đèn,https://www.lazada.vn/products/pdp-i3213511227.html,277.950 ₫,,
【Top Picks】 Official Raspberry Pi Camera V2 IMX219 8MP Webcam Module for Raspberry Pi Model 5 4B 3B+ 3B Zero Nvidia Jetson Nano B01,https://www.lazada.vn/products/pdp-i3157173581.html,676.811 ₫,,
Tuya graffiti độ nét cao Camera giám sát ONVIF nhìn đêm hồng ngoại 4MP liên lạc từ xa thông minh Webcam,https://www.lazada.vn/products/pdp-i2983813565.html,633.136 ₫,,
MENGAI Zoom 8x Máy ảnh kỹ thuật số HD 1080P Chống rung Màn hình 2.4' Máy quay video chụp ảnh Di động Màn hình lật 180 ° Camera CCD nhập cảnh Sinh viên,https://www.lazada.vn/products/pdp-i3133817123.html,352.000 ₫,5.0,
720P xe gắn USB hồng ngoại góc rộng Nhận dạng khuôn mặt công nghiệp 100W Camera cho máy tính webcam,https://www.lazada.vn/products/pdp-i2987987663.html,622.719 ₫,,
Camera Web máy tính Webcam 1080p để ghi âm hội nghị cuộc gọi video chơi game,https://www.lazada.vn/products/pdp-i2877442095.html,363.012 ₫,,
"Webcam học online. Webcam máy tính kẹp, Camera Có Mic 1080p Cho Laptop Học ZOOM Trực tuyến, Trực Tuyến, Hội Họp, Gọi Video Hình ảnh Sắc nét",https://www.lazada.vn/products/pdp-i1522035782.html,168.000 ₫,,
"webcam học trực tuyến SD, HD, Full HD, độ nét cao, có kèm micro thu âm tích hợp trong camera. loại Full HD chỉ 1 dây cắm cổng USB tích hợp cả hình và tiếng, còn loại HD và SD thì cổng USB cho t/h hình còn dây 3.5 ly cho tiếng",https://www.lazada.vn/products/pdp-i1502764091.html,150.000 ₫,5.0,
1080P HD Webcam Có Micrô USB2.0 Xoay Camera Web Cho PC Máy Tính Xách Tay,https://www.lazada.vn/products/pdp-i2553980294.html,254.099 ₫,,
【msaiqwsa】4X CCTV Camera HD 800TVL Security Dome Camera Outdoor,https://www.lazada.vn/products/pdp-i3229102777.html,984.216 ₫,,
"Camera câu cá, xem dưới nước, có hồng ngoại, màn hình 5 In, câu rõ nét",https://www.lazada.vn/products/pdp-i2325079765.html,1.800.000 ₫,,
Camera Ngoài Trời iMOU Cruiser Dual IPC-S7XP-10M0WED/ IPC-S7XP-6M0WED,https://www.lazada.vn/products/pdp-i2713818299.html,1.748.000 ₫,5.0,
Camera An Ninh Không Dây X5 Tầm Nhìn Ban Đêm 1080P Phát Hiện Chuyển Động Máy Quay Mini Giám Sát Nhà Thông Minh Video,https://www.lazada.vn/products/pdp-i3186149047.html,81.900 ₫,5.0,
ICSee Super Look Camera HD Không Dây Ánh Sáng Kép Tầm Nhìn Ban Đêm Giám Sát Điện Thoại Di Động Pan Tilt 3MP,https://www.lazada.vn/products/pdp-i3113139023.html,296.650 ₫,5.0,17 Đã bán
Camera IP Wifi Thông Minh 4MP Giám Sát Video An Ninh Ngoài Trời Với Zoom Quang 4.0X Camera Giám Sát Gia Đình Chống Nước Không Dây,https://www.lazada.vn/products/pdp-i3088630440.html,165.100 ₫,5.0,22 Đã bán
"【1080P hd】Camera wifi không dây ket noi dien thoai 1080p hd camera giám sát mini, Máy Quay An Ninh Gia Đình Không Dây, Camera WIFI Giám Sát Qua Điện Thoại, Đổi Trả Bảo Hành camara wfi trong nhà camera mini không",https://www.lazada.vn/products/pdp-i2074281232.html,139.000 ₫,4.0,306 Đã bán
Wireless Camera With Microphone Free Drive 1600x1200 Black For Live Video Conferencing Computer Webcam Autofocus Webcam Abs,https://www.lazada.vn/products/pdp-i2893960442.html,539.872 ₫,,
LLSEE 5MP ICSEE Dual Lens CCTV IP Camera Outdoor Waterproof Wireless WIFI Phone Connection 360 PTZ Bidirectional Call AI Motion Tracking Monitoring Alarm Color Night Vision,https://www.lazada.vn/products/pdp-i2532949820.html,527.564 ₫,5.0,21 Đã bán
"Mua 1 tặng 1 camera cctv HD1080P, kết nối với điện thoại di động bằng giọng nói, không cần wifi, không cần internet, camera ẩn có ghi âm, kết nối camera đ",https://www.lazada.vn/products/pdp-i3022587819.html,289.388 ₫,,
Camera Wifi IP PTZ Không Dây 1080P Tầm Nhìn Ban Đêm Full-HD 355 ° Giám Sát An Ninh Trong Nhà Ngoài Trời Nhà Thông Minh,https://www.lazada.vn/products/pdp-i3096226459.html,235.000 ₫,,
Webcam 1080P Web Camera With Noise-Canceling Microphone EMEET C955 USB PC Camera for Computer/Meeting/Online Classes/YouTube,https://www.lazada.vn/products/pdp-i2804645652.html,384.992 ₫,,
SEHVN Elough 2K HD Webcam cho máy tính để bàn máy tính xách tay máy tính mini USB Web Camera với micro Web Cam cho Youtube Skype,https://www.lazada.vn/products/pdp-i3136802109.html,75.644 ₫,4.0,9 Đã bán
Camera IP Wifi 4K 8MP PTZ Không Dây Ngoài Trời Zoom Kỹ Thuật Số 4X AI Con Người Phát Hiện H.265 P2P Âm Thanh 1080P Camera Quan Sát An Ninh Camera Dome,https://www.lazada.vn/products/pdp-i3011063762.html,579.000 ₫,5.0,13 Đã bán
8K 4K Webcam 2K 1080P Full HD Web Camera Auto Focus With Microphone USB Plug Web Cam For PC Computer Laptop Video Camera,https://www.lazada.vn/products/pdp-i2804691629.html,466.058 ₫,,
HD CCD Retro Mini Compact Digital Camera 1080P 800W with Screen Outdoor Photography Travel Photography Video Camera,https://www.lazada.vn/products/pdp-i3177129419.html,708.772 ₫,,
"Camera không dây A11 1080P HD, cameragiám sát video an ninh WiFi, pin sạc, phát hiện chuyển động.",https://www.lazada.vn/products/pdp-i3039841828.html,301.681 ₫,,
4K webcam full HD web camera with mic USB plug-in web camera for PC Mac laptop desktop,https://www.lazada.vn/products/pdp-i2405929662.html,245.398 ₫,4.0,25 Đã bán
【Popular】 4K Webcam 1440P 2K Web Camera 1080P EMEET C60E Autofocus USB Computer Camera for Living/ Video Call/ Conference,https://www.lazada.vn/products/pdp-i3151145744.html,816.145 ₫,,
(QDNX) 1080P USB Webcam Computer Camera with HiFi Speaker Microphone Computer Camera Video Conference Camera Parts for PC Laptop,https://www.lazada.vn/products/pdp-i2854205333.html,979.863 ₫,5.0,
Camera IP Wifi Mini HD 1080P 120 ° Máy Quay Video Góc Rộng Tự Làm Với Tính Năng Phát Hiện Chuyển Động Camera Giám Sát Tại Nhà Cho Trẻ Em,https://www.lazada.vn/products/pdp-i3083618646.html,595.000 ₫,5.0,
4K Webcam 1080P 2K Full HD Web Camera With Microphone And Tripod Autofocus USB Computer Camera For Living/ Calls/ Conference,https://www.lazada.vn/products/pdp-i2893901596.html,385.234 ₫,,
TISHRIC C60 Full HD Webcam 1080P Autofocus Web Cam USB Web Camera With Micphone For PC 2K 30FPS Camera Webcam For Computer,https://www.lazada.vn/products/pdp-i2893860694.html,967.011 ₫,,
Webcam Ultra HD 4K/2K/1080P Web Camera EMEET C60E Autofocus USB Computer Camera for Streaming/ Video Call/Conference SmartCam,https://www.lazada.vn/products/pdp-i2804748076.html,761.908 ₫,,
{JKSDGHFWA} HDQ15 Mini Camera 1080P/2K HD Night Vision Indoor Wifi Camera Security Remote Viewing Cam support Video Playback Video Calling,https://www.lazada.vn/products/pdp-i3113644560.html,232.478 ₫,,
Camera Ngoài Trời WiFi 6K 12MP Zoom 10X Ba Ống Kính AI Theo Dõi Camera Quan Sát Giám Sát Mini IPC360 An Ninh Gia Đình Với Ba Màn Hình,https://www.lazada.vn/products/pdp-i2890668412.html,616.800 ₫,3.0,201 Đã bán
"Vintage Camcorder Video Camera, 6X Digital Zoom 2.7 Inch Colourful Display Screen Handycam, High Definition Camera Image Video Camcorder US Plug 110 to 240V",https://www.lazada.vn/products/pdp-i3191541503.html,990.787 ₫,2.7,
【Limited Stock Available】 Cctv Mini Camera Mini Home Security Surveillance Video Camera For Home Security 700tvl Cmos Sensor,https://www.lazada.vn/products/pdp-i2646662605.html,509.812 ₫,,
[Mua 1 tặng 1] camera cctv kết nối điện thoại 1080P Camera gián điệp kết nối với điện thoại không cần internet không cần wifi Phát hiện chuyển động camera,https://www.lazada.vn/products/pdp-i3035809363.html,256.601 ₫,,
4K HD Mini Webcam With Microphone 2K Full HD Webcam 30fps Autofocus USB Web Cam For Auto Focus PC Laptop Video Shooting Camera,https://www.lazada.vn/products/pdp-i3189169526.html,370.015 ₫,,
Camera An Ninh PTZ Không Dây 2MP Wifi IP Ngoài Trời Với Zoom 5X AI Theo Dõi Con Người Âm Thanh Hai Chiều HD Tầm Nhìn Ban Đêm Màu Mini Cam,https://www.lazada.vn/products/pdp-i3051595724.html,132.000 ₫,,
8K 4K PC Conference PC Webcam Autofocus USB Web Camera Laptop Desktop For Office Meeting Home With Mic 1080P HD Web Cam,https://www.lazada.vn/products/pdp-i2804681826.html,377.120 ₫,,
HD 2K Webcam USB Camera cho PC USB 2.0 PC Camera Web Màn Hình Rộng Video Với micrô cho máy tính PC Máy Tính Xách Tay ghi video Trực Tuyến Webcam,https://www.lazada.vn/products/pdp-i2268416853.html,143.200 ₫,2.0,
"Camera không dây chống nước ngoài trời cho nhà ở với độ xoay 360, quan sát ban đêm từ xa điện thoại di động, Webcam màn hình mạng độ nét cao",https://www.lazada.vn/products/pdp-i2983954108.html,164.136 ₫,,
Portable 4K Webcam PC Laptop 2K 1080P Webcam Live Streaming Flexible Full HD Web Camera For Computer With Microphone With Light,https://www.lazada.vn/products/pdp-i2804685653.html,227.994 ₫,,
♥Hàng Có Sẵn + Giao Hàng Miễn Phí♥ Camera mini 1080P HD WiFi Camera an ninh không dây An ninh giọng nói Camera giám sát tầm nhìn ban đêm,https://www.lazada.vn/products/pdp-i3069788374.html,82.000 ₫,,
Webcam 4K 2K Webcam 1080P Webcam Có Micrô Tripod Tự Động lấy nét Camera Mini USB Để Máy Tính Full HD Cho PC Mac máy tính xách tay,https://www.lazada.vn/products/pdp-i2719653545.html,212.914 ₫,,
Camera Wifi Mini A9 Giám Sát An Ninh Không Dây Giám Sát Nhà Thông Minh Máy Quay Từ Xa Hỗ Trợ HD 720P\ X5,https://www.lazada.vn/products/pdp-i3144004173.html,73.222 ₫,,"8 Đã bán
Hồ Chí Minh"
Camera mô hình chống trộm camere giả mô phỏng có đèn báo,https://www.lazada.vn/products/pdp-i975432685.html,77.000 ₫,4.0,
Camera V380,https://www.lazada.vn/products/pdp-i2751201565.html,279.000 ₫,,
Camera hiển vi Dino Lite AM3113T,https://www.lazada.vn/products/pdp-i1913321786.html,2.500.000 ₫,,
Camera IP wifi không dây Camera CCTV P2P An Ninh Gia Đình 360 độ rất nhỏ,https://www.lazada.vn/products/pdp-i2890259858.html,124.258 ₫,,
XINGHEC2 Elough 2K HD Webcam cho máy tính để bàn máy tính xách tay máy tính mini USB Web Camera với micro Web Cam cho Youtube Skype,https://www.lazada.vn/products/pdp-i3133962121.html,75.908 ₫,5.0,
Ống Kính Kép 6MP Camera IP WiFi PTZ Giám Sát Trẻ Em Camera Quan Sát An Ninh Gia Đình Với Tự Động Theo Dõi Màn Hình Kép ICsee Hệ Thống Video Trắng,https://www.lazada.vn/products/pdp-i3197030268.html,378.000 ₫,,
Camera An Ninh WIFI Không Dây HD 1080P Trong Nhà Ngoài Trời Giám Sát Nhà Mạng Ghi Video Có Chèn Thẻ,https://www.lazada.vn/products/pdp-i3182258901.html,226.000 ₫,,
BOKEWU Webcam Megapixel Camera HD Camera Web Camera Web 360 Độ Kẹp Micro USB Cho Máy Tính Xách Tay Máy Tính Để Bàn Phụ Kiện Máy Tính,https://www.lazada.vn/products/pdp-i756664217.html,117.000 ₫,4.0,307 Đã bán
"Camera Dome IP POE 4K 8MP HD, Tầm Nhìn Ban Đêm, Phát Hiện Chuyển Động Người, An Ninh CCTV Cho NVR Onvif H265, Âm Thanh Trắng, Chống Nước",https://www.lazada.vn/products/pdp-i3122717608.html,556.000 ₫,,
"V11 2K Webcam for PC, 1080P 60FPS FHD 90° Web Camera with Microphone&Privacy Cover,USB Plug&Play for Mac/Laptop/Desktop/Computer",https://www.lazada.vn/products/pdp-i2893983327.html,740.069 ₫,,
Full HD Web Camera 8K 12M 60 FPS Auto Focus Webcam With Microphone USB Plug Web Cam For PC Computer Laptop Video Tiktok YouTube,https://www.lazada.vn/products/pdp-i2893811832.html,379.172 ₫,,
8K Webcam 4K 1080P Full HD Web Camera Auto Focus With Microphone USB Plug Web Cam For PC Computer Laptop Video Camera,https://www.lazada.vn/products/pdp-i2894036130.html,612.110 ₫,,
New C270/c270i/C310 HD webcam 720p built-in mic 3-MP widescreen camera USB2.0 free drive camera for PC web chat,https://www.lazada.vn/products/pdp-i2893851698.html,999.999 ₫,,
SMART ELEC--2K High Definition Computer Camera 2K HD Webcam USB Plug Network Live Broadcast High Definition Video Conference USB Camera 120 Degree Wide Viewing Angle Webcam with Built-in Microphone for Laptop Desktop,https://www.lazada.vn/products/pdp-i2927411080.html,339.720 ₫,,
"4G Camera cuộc gọi video HD tầm nhìn ban đêm hồng ngoại, cuộc gọi một chạm, giám sát từ xa điện thoại di động,",https://www.lazada.vn/products/pdp-i3162104887.html,608.855 ₫,,
Identification Login Web Camera with Single Microphone for Hello USB Computer Webcam,https://www.lazada.vn/products/pdp-i3018240253.html,784.772 ₫,,
Webcam 1080P Cho Máy Tính Máy Vi Tính Web Camera Có Mic Camera Xoay Để Phát Sóng Trực Tiếp Cuộc Gọi Video Công Việc Hội Nghị,https://www.lazada.vn/products/pdp-i2009560637.html,196.279 ₫,,
Xiaomi 4k Camera An Ninh Gia Đình Wifi Màn hình Kép màn hình bé ai phát hiện con người nhìn trong đêm giám sát video CCTV thiết kế mới,https://www.lazada.vn/products/pdp-i3108732596.html,686.788 ₫,,
"Webcams Camera Hội Nghị HD Hikvision, Hệ Thống Camera Máy Tính USB Zoom, Thiết Bị 1080P",https://www.lazada.vn/products/pdp-i3195731394.html,547.940 ₫,,
"Camera Thông Minh Lai 8MP Tích Hợp ColorVu, Xoay Điện PTZ, Zoom, Dạng Bán Cầu, Giám Sát Mạng CCTV Cho Nền Tảng Đám Mây",https://www.lazada.vn/products/pdp-i3232472467.html,12.663.200 ₫,,
"Webcams Camera Máy Tính Không Gian Uvc, Hồng Ngoại, Mở Khóa Khuôn Mặt Windows Hello, Camera USB",https://www.lazada.vn/products/pdp-i3195740449.html,758.544 ₫,,
Camera hành động Q1 Ultra HD 4K 30 khung hình/GIÂY 16.0 MP Webcam màn hình Wi-Fi 2.0 170d DVR video dưới nước cho mũ bảo hiểm Camera thể thao tĩnh,https://www.lazada.vn/products/pdp-i2934191280.html,879.626 ₫,2.0,
"Camera kỹ thuật sốCCD, camera thẻ sinh viên, camera chụp ảnh video HD retro, quà tặng du lịch",https://www.lazada.vn/products/pdp-i3225189992.html,999.999 ₫,,
Imou uc320 Webcam 1080P Full HD Web camera tự động lấy nét Microphone bên ngoài cam cho PC máy tính Mac Máy tính xách tay Máy tính để bàn Youtube sống,https://www.lazada.vn/products/pdp-i2809943944.html,407.348 ₫,,
4K độ nét cao Webcam tự động lấy nét sống Webcam USB ổ đĩa miễn phí với mic Camera cho máy tính,https://www.lazada.vn/products/pdp-i3077676699.html,460.843 ₫,,
"Camera giám sát gia đình WiFi không dây, khách sạn bãi đậu xe từ xa độ nét cao nhìn trong đêm, góc rộng Webcam Camera mạng",https://www.lazada.vn/products/pdp-i2983843451.html,213.136 ₫,,
Camera mini wk11 hd 1080p Tầm Nhìn Ban Đêm Trọng Lượng Nhẹ Tiện Dụng,https://www.lazada.vn/products/pdp-i2457151475.html,207.085 ₫,,
2K High Definition Computer Camera 2K HD Webcam USB Plug Network Live Broadcast High Definition Video Conference USB Camera 120 Degree Wide Viewing Angle Webcam with Built-in Microphone for Laptop Desktop,https://www.lazada.vn/products/pdp-i2977707487.html,400.136 ₫,,
Xiaomi 360 ° thông minh Camera An Ninh Gia Đình mi PTZ 4K 1296P 5 Megapixel ai phát hiện con người Webcam tầm nhìn ban đêm làm việc với miji,https://www.lazada.vn/products/pdp-i3108768708.html,390.788 ₫,,
V380pro Camera không dây 360 độ toàn cảnh nhà nhìn xuyên đêm HD di động từ xa Wifi màn hình trong nhà Webcam,https://www.lazada.vn/products/pdp-i2983832453.html,448.136 ₫,,
Xm xiongmai 1080P Bluetooth giám sát độ nét cao đèn kép gia đình Máy lắc đầu icsee Camera siêu nhìn Webcam,https://www.lazada.vn/products/pdp-i2983862468.html,247.136 ₫,,
"Mô-đun camera USB 4K, 8MP, tự động lấy nét, webcamIP 120 độ, CMOS IMX179, 3264*2448, MJPG, OTG, UVC, cắm và chạy cho máy tính laptop",https://www.lazada.vn/products/pdp-i3103247480.html,300.239 ₫,,
Original SQ11 Mini Camera 1080p HD Micro Camera 30 frame Action Video Camera Sports DV Outdoor Gopro Night Vision Support 128G,https://www.lazada.vn/products/pdp-i3054569807.html,343.608 ₫,,
4K Webcam 1440P 2K Camera Web 1080P emeet C60E Tự động lấy nét máy tính USB Máy Ảnh Cho Cuộc Sống/Cuộc Gọi Video/Hội Nghị,https://www.lazada.vn/products/pdp-i2845463045.html,482.386 ₫,,
MBDG-Industrial 4K USB Webcam PC Laptops Video 8MP Autofocus USB Camera IMX179 Sensor OTG UVC Plug & Play,https://www.lazada.vn/products/pdp-i2844014113.html,859.136 ₫,,
5MP máy ảnh CSI Webcam mô-đun 1080P Camera giám sát 15cm ffc Máy ảnh Mini cảm biến ov5647 cho Raspberry Pi 3 mô hình B +/3,https://www.lazada.vn/products/pdp-i2703645644.html,103.900 ₫,,
【HOT SALE】 HD 1080P Mini Body Cam No WiFi Needed Dog Cat Pet Camera Collar Pet Sport Camera Video Records with 32G for Indoor/Outdoor,https://www.lazada.vn/products/pdp-i3200867997.html,750.078 ₫,,
"Camera giám sát ngoài trời PTZ WIFI HD 5K 9mp/4MP ngoài trời An Ninh Gia Đình miễn phí với chức năng theo dõi tự động và 3 ống kính, không thích X8 cho khá",https://www.lazada.vn/products/pdp-i2933887782.html,540.391 ₫,,
Xiaoyi I không dây hai chiều chương trình thoại thông minh HD giám sát mạng Camera quan sát ban đêm Wifi Webcam,https://www.lazada.vn/products/pdp-i2983967061.html,607.136 ₫,,
Webcam độ nét cao ống kính quang học USB đa chức năng webcam Micro tích hợp plug and play để thu thập thông tin cho máy tính cho máy tính xách tay để phát sóng trực tiếp,https://www.lazada.vn/products/pdp-i3043947727.html,228.000 ₫,,
Webcam USB Camera cho PC Plug and Play biến tập trung điều khiển miễn phí rõ ràng chi tiết Micro tích hợp cho OS x,https://www.lazada.vn/products/pdp-i3190198850.html,309.000 ₫,,
Webcam USB độ nét cao 3 màu máy tính có thể điều chỉnh Camera Web cho giảng dạy trực tiếp cho video chat,https://www.lazada.vn/products/pdp-i3042918992.html,247.000 ₫,,
Camera cho PC camera Web độ nét cao 1080p để phát trực tuyến,https://www.lazada.vn/products/pdp-i3192549343.html,374.000 ₫,,
"Webcam máy tính-W08-Có Mic độ phân giải full hd 1080p Web Camera Pc Có Micro Tích Hợp Cho Máy Tính, Lap top, loại kẹp tiện dụng",https://www.lazada.vn/products/pdp-i2263610001.html,185.000 ₫,5.0,
3MP WiFi Không Dây Camera An Ninh Trong Nhà Độ Nét Cao Tầm Nhìn Ban Đêm Từ Xa Treo Tường Giám Sát Người Vàng Bảo Vệ Nhà,https://www.lazada.vn/products/pdp-i3202869549.html,155.200 ₫,,"5 Đã bán
Nước ngoài"
BOKEWU Webcam USB Kỹ Thuật Số Camera Web HD Có MIC Webcam Kẹp Cho PC Máy Tính Xách Tay Máy Tính Xách Tay Skype Webcam Máy Tính,https://www.lazada.vn/products/pdp-i772492546.html,88.000 ₫,4.0,
"L8C độ nét cao 1080P camera cho máy tính với Built-in âm thanh hấp thụ microphone, Camera mạng, USB hội nghị Webcam",https://www.lazada.vn/products/pdp-i2966783330.html,216.719 ₫,,
Webcam Tự Động Lấy Nét 4K 1440P EMEET C60E USB Camera Máy Tính 1080P Cho Cuộc Gọi Video & Hội Nghị Cảm Biến CMOS Độ Phân Giải Cao,https://www.lazada.vn/products/pdp-i2729333528.html,1.179.000 ₫,4.0,9 Đã bán
Camera Web Webcam HD USB Có Micrô Camera Xoay Camera Web Cuộc Gọi Video Cắm Và Phát USB Cho Máy Vi Tính Máy Tính Để Bàn Thủ Webcast,https://www.lazada.vn/products/pdp-i1690129612.html,78.000 ₫,4.0,72 Đã bán
【Sleek】 1080P Full HD Computer Network Camera with Microphone USB Plug PC Mac Laptop Desktop Live Video Call Work Mini Camera,https://www.lazada.vn/products/pdp-i3220828529.html,439.000 ₫,,
"A9 Camera không dây, không có internet, điện thoại di động, màn hình từ xa Wif, siêu rõ Nhà Camera mạng Webcam",https://www.lazada.vn/products/pdp-i2983900251.html,269.136 ₫,,
Kids Digital Camera Video Print Instant Camera for Kids Mini Thermal Printer Birthday Gift Toys for Girls Boys,https://www.lazada.vn/products/pdp-i2917610943.html,800.000 ₫,,
REDRAGON GW900 APEX USB HD Webcam autofocus Built-in Microphone 1920 X 1080P 30fps Web Cam Camera for Desktop Laptops Game PC,https://www.lazada.vn/products/pdp-i3072312624.html,848.179 ₫,,
[jubh]-USB Webcam 4K 1080P Mini Camera with Microphone Black ABS for PC Video Camera,https://www.lazada.vn/products/pdp-i3143653487.html,702.746 ₫,,
"Bộ Camera Giám Sát Không Dây ICSEE NVR WiFi, Camera PTZ, Ghi Hình 4/8 Kênh, Hệ Thống Bảo Vệ An Ninh",https://www.lazada.vn/products/pdp-i3232528316.html,3.176.000 ₫,,
Camera K180 Wide Dynamic Đèn nền 1080P Camera trò chuyện video máy tính Nhận dạng khuôn mặt,https://www.lazada.vn/products/pdp-i3058143509.html,999.999 ₫,,
【BBI】-160 Degree Wide Angle 1.8mm Fisheye 2K HD PC Webcam Plug & Play 30fps 2560x1440 High Speed Video Live Computer Camera,https://www.lazada.vn/products/pdp-i3161079282.html,622.772 ₫,,
Baoblaze Streaming 1080P Webcam Độ Nét Cao Tích Hợp Đèn Nhẫn Có Thể Điều Chỉnh Và Mic. Camera Web AF Tự Động Lấy Nét Nâng Cao Dành Cho Google Meet Xbox Gamer Facebook Streamer,https://www.lazada.vn/products/pdp-i981060574.html,393.800 ₫,5.0,
Xiaomi Computer Camera 4K HD Webcam Built-in Omni-directional Pickup Live Webcam for Online Classes Laptop Video Shooting Camera,https://www.lazada.vn/products/pdp-i3189161596.html,298.897 ₫,,
UGREEN USB Webcam 1080P HD Webcam For Laptop Computer Web Camera Dual Microphones for Youtube Zoom Video Calling 2K web cam,https://www.lazada.vn/products/pdp-i2804703011.html,869.718 ₫,,
Flameer USB 2.0 PC 1080P/2K/5MP Webcam Với Đèn LED dạng vòng Mic Nâng Cao Tự động lấy nét AF Camera Web,https://www.lazada.vn/products/pdp-i2928046863.html,196.900 ₫,5.0,
Camera cho máy tính NightVision wifi không dây ngoài trời 1080P Webcam giám sát cho PC,https://www.lazada.vn/products/pdp-i2683281935.html,398.253 ₫,,
Camera Giám Sát Gia Đình Không Dây Kết Nối Điện Thoại Di Động HD Hồng Ngoại Nhìn Đêm Webcam Camera Thể Thao Ngoài Trời,https://www.lazada.vn/products/pdp-i2732195497.html,609.143 ₫,,
Camera Zerodis 480p Máy ảnh video PC 30W Pixels cao và hình ảnh màu thật webcam với đầu nối USB 2.0 dễ dàng chèn camera web,https://www.lazada.vn/products/pdp-i3131394589.html,183.000 ₫,2.0,
"(MYRG) 4K Webcam with Microphone and Fill Light, HD Autofocus Computer Camera for Pc Laptop Desktop Video Calling,",https://www.lazada.vn/products/pdp-i3086750504.html,962.525 ₫,,
(ZFVI) USB Webcam 4K 1080P Mini Camera with Microphone 15-30Fps Fill Light Beauty for PC Video Camera,https://www.lazada.vn/products/pdp-i3087290447.html,695.746 ₫,,
Webcam Camera Web HD USB2.0 Có Micro Camera Web Chất Lượng 30 Khung Hình/GIÂY Camera Web Mini Để Bàn Máy Vi Tính Camera Web Cho Máy Tính Còn Hàng,https://www.lazada.vn/products/pdp-i2015090256.html,126.480 ₫,4.0,
Speedy B18S HD Camera Desktop Laptop Live Beauty USB With Microphone Learning English Home Use,https://www.lazada.vn/products/pdp-i3058874403.html,270.715 ₫,,
"Digital Camera, Kids Camera with 32GB Card FHD 1080P 44MP Vlogging LCD Screen 16X Zoom Compact PortableRechargeable Gifts for Students Teens Adults Girls Boys-Black, (DC403Black)",https://www.lazada.vn/products/pdp-i3191463905.html,948.229 ₫,,
"{hot} 4K Hidden Camera WiFi USB Camera 5-Port USB Hub 1080P Wireless Security Nanny Cam Mini Video Recorder with Motion Detection, Support iOS/ Android",https://www.lazada.vn/products/pdp-i3092364049.html,750.371 ₫,1.0,
"Camera giám sát bóng đèn wifi 5g, nhìn trong đêm di động từ xa 360 độ, mạng đủ màu, Webcam màn hình gia đình độ nét cao",https://www.lazada.vn/products/pdp-i2983904240.html,160.136 ₫,,
Logitech ổ đĩa USB miễn phí Camera cho máy tính 720P Mạng Webcam hội nghị HD trực tiếp,https://www.lazada.vn/products/pdp-i2967016679.html,216.719 ₫,,
"Độ nét cao USB phát trực tiếp 4k Camera mạng, khóa học trực tuyến Microphone, máy tính xách tay Máy tính để bàn Webcam",https://www.lazada.vn/products/pdp-i2966939903.html,237.719 ₫,,
Logitech C270 Webcam Độ Nét Cao 720 P HD Camera Micrô Tích Hợp Web Cho PC Web Trò Chuyện Camera,https://www.lazada.vn/products/pdp-i2628712210.html,585.140 ₫,,
"Baby Car Camera, 4.3’’ HD Baby Car Monitor with Night Vision for Backseat, Wide View Rear Facing Baby Camera Monitor for Car",https://www.lazada.vn/products/pdp-i2960612464.html,999.999 ₫,4.3,
Philips PSE0510 HD Computer Camera Video Conference 1080P Video Call Office Conference,https://www.lazada.vn/products/pdp-i3058870433.html,989.001 ₫,,
(DXCP) 1080P Webcam Full HD Camera for Laptop Computer USB Webcam with Dual Microphones for Zoom Video Calling Webcam,https://www.lazada.vn/products/pdp-i3186165288.html,717.000 ₫,,
2MP Tuya Smart Wifi Baby Monitor Surveillance 1080P Mini Camera with Auto Tracking 2-Way Audio IP Camera UK Plug Easy Install Easy to Use,https://www.lazada.vn/products/pdp-i3229232381.html,717.000 ₫,,
"(TOVS) Night Vision Camera Module for 4, Mini 5MP 1080P HD Video OV5647 Sensor Webcam Kit with Embedded IR-Cut",https://www.lazada.vn/products/pdp-i2700731611.html,248.500 ₫,,
Camera Laptop Acer E1-471 1 E1-471G E1-431 E1-431G E1-421 V3-471G E1-571G Webcam,https://www.lazada.vn/products/pdp-i2002821031.html,70.000 ₫,,
Camera WiFi Treo Tường HD 1080P Với Tầm Nhìn Ban Đêm 360 ° Giám Sát An Ninh Chống Trộm Xoay Màn Hình Thông Minh Cho Điện Thoại Điểm Truy Cập 2.4G,https://www.lazada.vn/products/pdp-i2959254316.html,256.000 ₫,4.0,12 Đã bán
Camera Thể Thao 4K Wifi Chụp Ảnh Dưới Nước DV Camera Ngoài Trời Chống Nước Độ Phân Giải Cao Với Hỗ Trợ NFC,https://www.lazada.vn/products/pdp-i2983317475.html,363.800 ₫,5.0,11 Đã bán
Camera Màn hình gia đình ngoài trời cổ điển 1080P HD máy ảnh rất nhỏ cầm tay hỗ trợ thẻ TF quà tặng ngày lễ,https://www.lazada.vn/products/pdp-i2890295749.html,149.846 ₫,,
Camera Kép 5000W Điểm Kỹ Thuật Số & Bắn Với Màn Hình HD Điểm Ảnh Rõ Ràng Selfie Ghi Video Du Lịch Cuộc Sống Thời Điểm Chụp Thẻ Camera,https://www.lazada.vn/products/pdp-i3203130588.html,295.800 ₫,,"16 Đã bán
Nước ngoài"
Webcam 4K 1080P Mini Full HD USB Camera Có Micro 30 Khung Hình / Giây Tự Động Lấy Nét Cho PC Laptop Quay Video,https://www.lazada.vn/products/pdp-i2894021015.html,300.000 ₫,5.0,7 Đã bán
Camera Webcam USB Độ Phân Giải Cao 1080P 4K Dành Cho Máy Tính Xách Tay Máy Tính Để Bàn Chất Lượng Hình Ảnh Rõ Ràng Để Phát Sóng Trực Tiếp Trực Tuyến - Không Có Thương Hiệu,https://www.lazada.vn/products/pdp-i3165114030.html,161.250 ₫,5.0,22 Đã bán
Camera Giám Sát Mini 4MP HD Wifi Với Tầm Nhìn Ban Đêm Hồng Ngoại Và Phát Hiện Chuyển Động Máy Quay An Ninh Không Dây Cho Ngôi Nhà Thông Minh,https://www.lazada.vn/products/pdp-i2723630923.html,237.000 ₫,,"14 Đã bán
Nước ngoài"
Camera Giám Sát Trong Nhà HD 1080P 1.8Mm Nửa Bóng Góc Rộng Đồng Trục 4K Âm Thanh TVI Giám Sát An Ninh Tại Nhà,https://www.lazada.vn/products/pdp-i3208067673.html,278.800 ₫,,
Camera Giám Sát Không Dây Mini WiFi 1080P Giám Sát An Ninh Full-HD Nhà Thông Minh Từ Xa Camera IP A9 Tích Hợp Pin Sạc,https://www.lazada.vn/products/pdp-i3228648757.html,122.500 ₫,,"7 Đã bán
China"
Full HD 1080P PC Webcam-Camera cho máy tính Với Tự Động giảm tiếng ồn Microphone-âm thanh nổi USB Webcam Với kẹp xoay Cho Văn Phòng,https://www.lazada.vn/products/pdp-i3161415340.html,211.000 ₫,,
UGREEN USB Webcam 2K HD Webcam For Laptop Computer Web Camera Dual Microphones for Youtube Zoom Video Calling 30fps web cam,https://www.lazada.vn/products/pdp-i2893889567.html,967.011 ₫,,
HD 1080P Camcorder Video Camera 24MP IR Night Vision 3.0 Inches LCD Screen 18X Digital Zoom Camera Fotografica DV,https://www.lazada.vn/products/pdp-i2397888380.html,657.474 ₫,3.0,
INQMEGA 5MP Wifi TUYA CAMERA Thông Minh Cloud PTZ Camera IP Ngoài Trời Foodlight Google Nhà Alexa Giám Sát Video Cam Cho Sân,https://www.lazada.vn/products/pdp-i2751880928.html,1.386.000 ₫,5.0,
Camera IP Mini HD 1080P QUAN SÁT ban đêm không dây thông minh giám sát an ninh gia đình Webcam Wi-Fi từ xa với cảm biến chuyển động,https://www.lazada.vn/products/pdp-i2935036383.html,133.000 ₫,,
"YOOSEE có một đầu xem, wifi không dây, Ống Nhòm Camera giám sát, hộ gia đình ngoài trời không thấm nước, 360 độ camera kép Webcam",https://www.lazada.vn/products/pdp-i2983976018.html,621.136 ₫,,
"Q7Yours MO-4K Ccd Digital Camera Photography Camera, Video Blog Camera, Film Camera, 4K 30FPS Mini Camera for Teenagers",https://www.lazada.vn/products/pdp-i3033081606.html,734.110 ₫,,
"Webcam HD 12MP Để Bàn, Camera Máy Tính Cho PC Laptop",https://www.lazada.vn/products/pdp-i1277380361.html,137.200 ₫,3.0,13 Đã bán
"Y3000 máy ảnh mini, dây đeo cổ mèo Camera Video Recorder Webcam nhỏ DVR bí mật an toàn Webcam 1080p cho văn phòng ngoài trời cho nhà ở",https://www.lazada.vn/products/pdp-i2775638977.html,442.000 ₫,,
"Webcam 4K, Webcam có micrô, được trang bị cảm biến Sony, Mic khử tiếng ồn, Camera cho máy tính S cho PC/MAC/laptopteams/OBS/Google",https://www.lazada.vn/products/pdp-i2635352138.html,382.808 ₫,3.0,9 Đã bán
Camera 1080P 24Mp Tft Lcd 16X Av Night View Zoom Mini Digital Dv [G/9],https://www.lazada.vn/products/pdp-i2457155391.html,391.742 ₫,,
Mini Digital Camera 1080P 2 MP 100 Minutes Battery Life Small Video Camera with Color Screen Wrist Strap for Teens Kids,https://www.lazada.vn/products/pdp-i3023682347.html,463.400 ₫,,
4K Digital Camera HD Photography Travel Selfie Camara 2.4inch Selfie Mini Retro Cam,https://www.lazada.vn/products/pdp-i2706979221.html,608.669 ₫,,
"Nicelect icsee, Zoom 5X, 4K, 8MP, camera giám sát ngoài trời không dây CCTV, phát hiện cơ thể người, nhìn trong đêm hồng ngoại, không thấm nước, giao tiếp hai chiều, camera bảo mật IP",https://www.lazada.vn/products/pdp-i2461302524.html,548.351 ₫,4.0,39 Đã bán
Camera An Ninh Wifi Mini 1080P HD Với Tính Năng Phát Hiện Chuyển Động Để Giám Sát Trẻ Em Và Giám Sát An Toàn Tại Nhà - Camera Giám Sát Không Dây,https://www.lazada.vn/products/pdp-i3225548249.html,166.000 ₫,,"31 Đã bán
China"
4K Webcam 1080P Mini Camera 2K Full HD Webcam with Microphone 30fps USB Web Cam for Auto Focus PC Laptop Video Shooting Camera,https://www.lazada.vn/products/pdp-i2918936432.html,777.000 ₫,,
SEHVN Dome Camera giả không thấm nước an ninh CCTV Camera giám sát với nhấp nháy Red LED ánh sáng ngoài trời trong nhà mô phỏng camer,https://www.lazada.vn/products/pdp-i3174721236.html,26.383 ₫,,
HA501 Camera USB 5M Xoay 2.5K Tự Động Lấy Nét 360 Độ Kèm Micro,https://www.lazada.vn/products/pdp-i2239413223.html,426.140 ₫,,
Mới 4K Camera an ninh mini đầy màu sắc nhìn trong đêm độ nét cao wifi màn hình từ xa không thấm nước chuyển động phát hiện giám sát,https://www.lazada.vn/products/pdp-i3108846261.html,361.788 ₫,,
"Giao thức UVC 720P/1080p cho máy móc nông nghiệp, xe tải, xe buýt, thiết bị USB, webcam không lái xe hồng ngoại chống nước Camera góc rộng",https://www.lazada.vn/products/pdp-i2988060698.html,676.719 ₫,,
Webcam 1080P Máy ảnh Mini 2K full HD Webcam Có Micrô 30fps USB Camera Web cho PC laptop máy tính cuộc gọi video,https://www.lazada.vn/products/pdp-i2726153634.html,121.474 ₫,,
【On Sale】 Salange Sq11 Mini Camera Hd 1080p Sensor Night View Camcorder Motion Dvr Camera Sport Dv Video Small Camera Cam Smart Home,https://www.lazada.vn/products/pdp-i2718975319.html,387.712 ₫,,
Camera kép HD CCD Mini Kỹ Thuật Số Thể Thao máy ảnh SLR đa chức năng máy ảnh chụp với Bracket,https://www.lazada.vn/products/pdp-i2673860079.html,686.490 ₫,3.0,
48MP HD Mini Camera 2.4in IPS Display 16X Zoom Digital Camera 4K Video Camera with Fill Light for Kids Students,https://www.lazada.vn/products/pdp-i3029202996.html,416.110 ₫,,
(SZHA) USB Webcam 4K 1080P Mini Camera with Microphone Black ABS for PC Video Camera,https://www.lazada.vn/products/pdp-i3163223737.html,730.746 ₫,,
1080P Webcam HD tự động lấy nét Webcam CMOS máy tính USB Camera cho PC Với Mic Cho cuộc gọi video Mạng Giảng Dạy cuộc họp văn phòng,https://www.lazada.vn/products/pdp-i2457944691.html,194.012 ₫,,
"Máy tính xách tay hoàn toàn mới với máy ảnh tích hợp, hồng ngoại, Windows Hello, Nhận dạng khuôn mặt, Webcam Camera MSI",https://www.lazada.vn/products/pdp-i2987982636.html,488.719 ₫,,
8MP 4K máy ảnh IP Toàn Cảnh Kỹ Thuật Số Webcam cực kỳ rộng Góc Trong Nhà đa năng ngoài trời Nhà hồng ngoại HD nhìn trong đêm Fisheye 5MP Poe Với camera âm thanh,https://www.lazada.vn/products/pdp-i2954777052.html,568.553 ₫,,
NUROUM V11 1080p 60fps Webcam USB Mini Có Micrô Kép FHD 2K 1440P 30fps Camera Máy Tính Cho PC,https://www.lazada.vn/products/pdp-i3186986396.html,611.200 ₫,,"229 Đã bán
China"
"Webcams Camera Máy Tính Mạng HD 1080P Không Cần Driver Với Đế Đa Chức Năng, Điều Chỉnh Chiều Cao Tự Động, Thanh Kéo",https://www.lazada.vn/products/pdp-i3195740229.html,696.601 ₫,,
Camera Nội Soi Chống Nước(IP67) Siêu Nhỏ 5.5mm - 7mm Dài 1-10m Cho Máy Tính Và Điện Thoại Cổng Micro USB Hoặc Type C,https://www.lazada.vn/products/pdp-i3100565480.html,99.000 ₫,5.0,15 Đã bán
Camera Laptop hp 14-CK0068TU,https://www.lazada.vn/products/pdp-i2401535487.html,150.000 ₫,,
PC Camera Web 90 độ góc rộng tự động lấy nét 360 độ xoay ngang 2K 30fps Webcam USB với 1/4 lỗ ren cho phát trực tiếp,https://www.lazada.vn/products/pdp-i3160458737.html,632.200 ₫,,
Camera hành trình 4K 70Mai A800SE new 2025 quay trước sau - Chính hãng,https://www.lazada.vn/products/pdp-i3187959748.html,2.590.000 ₫,,
"【hiên bản nâng cấp】A9 Máy Ảnh, Mini Caméra De Giám Sát IP WiFi HD 1080P, Kết Nối Điện Thoại Không Dây, Tầm Nhìn Ban Đêm Camera, Giám Sát Không Dây Camera WiFi Máy Quay Video",https://www.lazada.vn/products/pdp-i2747227833.html,62.370 ₫,4.0,151 Đã bán
Camera Giám Sát Thông Minh WIFI Không Dây HD 1080P IR-CUT Camera Mạng Phổ Biến Xuyên Biên Giới Không Tích Hợp Pin,https://www.lazada.vn/products/pdp-i3201243812.html,138.400 ₫,,"489 Đã bán
Nước ngoài"
Carecam Pro 3MP WiFi PTZ Camera Trong Nhà Với Con Người Phát Hiện Màu Sắc Giám Sát Tầm Nhìn Ban Đêm Màn Hình Bảo Vệ An Ninh,https://www.lazada.vn/products/pdp-i2893894573.html,433.000 ₫,3.0,5 Đã bán
Tuya 8MP Camera IP WiFi Với Ống Kính Kép Trẻ Em Màu Sắc Tầm Nhìn Ban Đêm Theo Dõi Con Người Nhà Thông Minh Giám Sát Video Camera,https://www.lazada.vn/products/pdp-i2992442172.html,615.000 ₫,5.0,6 Đã bán
Camera Video mô-đun 5 megapixel 1080P Webcam Mini cảm biến ov5647 với dây ruy băng linh hoạt cho RPi 2/4/3B + 2592x1944,https://www.lazada.vn/products/pdp-i2747889914.html,117.000 ₫,,
Camera IP 2K 4MP WiFi PTZ Giám Sát An Ninh Không Dây HD 1080P Ngoài Trời Bảo Vệ Nhà Với Tầm Nhìn Ban Đêm Và Điều Khiển Ứng Dụng Di Động,https://www.lazada.vn/products/pdp-i2890614672.html,590.000 ₫,5.0,6 Đã bán
Webcam 1080P Có Micro USB 2.0 Máy Tính Để Bàn Máy Tính Xách Tay Máy Tính USB Camera Web Cắm Và Chạy Để Hội Nghị Truyền Phát Video,https://www.lazada.vn/products/pdp-i2020106267.html,327.545 ₫,2.0,
"5MP 2K tự động lấy nét CCTV Camera CMOS ov5693 FOV 88 độ USB UVC cắm chơi PC mini Webcam cho creality Falcon 2, xtool, lightburn",https://www.lazada.vn/products/pdp-i2568191672.html,584.227 ₫,,
A7 giám sát không dây 360 độ intercom 1080P Home an ninh từ xa độ nét cao Camera quan sát ban đêm Webcam,https://www.lazada.vn/products/pdp-i2967174067.html,204.719 ₫,,
Webcam 480P Có Micrô Lấy Nét Thủ Công Camera Máy Tính USB 2.0 Camera Mini Xoay 360 Độ Cho Máy Vi Tính Máy Tính Xách Tay Máy Tính Để Bàn,https://www.lazada.vn/products/pdp-i2619055510.html,107.000 ₫,2.0,
"Camera mạng máy tính để giảng dạy trực tiếp, không có ổ đĩa, Micrô tích hợp với đèn chiếu sáng phụ, kiểm tra khóa học trực tuyến, nhận dạng chân dung và Webcam Bộ sưu tập",https://www.lazada.vn/products/pdp-i2983860370.html,139.136 ₫,,
4K Webcam 1440P 2K Web Camera 1080P EMEET C60E Autofocus USB Computer Camera for Living/ Video Call/ Conference,https://www.lazada.vn/products/pdp-i2804676265.html,667.107 ₫,,
LS VISION 7K 15MP 3 PTZ Ống kính Camera CCTV WIFI hình người Phát hiện tự động theo dõi Bluetooth an ninh máy ảnh IP66 không thấm nước ngoài trời đầy màu sắc nhìn trong đêm hai chiều máy ghi hình IP âm thanh,https://www.lazada.vn/products/pdp-i3078072352.html,1.075.260 ₫,,
[HOT 2023] Webcam USB WIFI Máy Ảnh Mini 1080P Với Phát Hiện Chuyển Động Quan Sát Ban Đêm Hỗ Trợ 64GB Ứng Dụng Điện Thoại Chống Trộm Camera Wifi USB Máy Tính,https://www.lazada.vn/products/pdp-i2194061229.html,326.262 ₫,,
1080P HD Camera for Toddler 2.4Inch Screen Autofocus Cute Cartoon MP3 Video Selfie Camera for Xmas Birthday Gifts,https://www.lazada.vn/products/pdp-i3195175226.html,922.669 ₫,,
[meishe]-2K Webcam USB HD Camera PC Camera Computer Webcam with Privacy Cover for Live Broadcast/Video Call/Conference Work,https://www.lazada.vn/products/pdp-i2950595681.html,383.967 ₫,,
Web Camera Computer Camera High Precision Webcam with Built-in Microphone for Video Calling and Conferencing Perfect,https://www.lazada.vn/products/pdp-i3154806183.html,248.772 ₫,,
【3241 People Collection】New TV Computer Desktop Laptop Live Broadcast Universal Driverless USB Camera,https://www.lazada.vn/products/pdp-i3059079175.html,333.322 ₫,,
IP Camera YCC365 Plus Smart Home 1080P HD Security camera Auto Tracking Network Wireless Surveillance Night Vision WiFi Camera,https://www.lazada.vn/products/pdp-i3103157399.html,336.648 ₫,,
Mới Q01 Robot Camera giám sát từ xa nhà trong nhà Màn hình HD wifi liên lạc bằng giọng nói Webcam,https://www.lazada.vn/products/pdp-i2987866733.html,687.719 ₫,,
USB Máy ảnh máy tính 1080P Camera phát trực tiếp 4k Hội Nghị Truyền Hình webcam2K,https://www.lazada.vn/products/pdp-i3026293853.html,144.538 ₫,,
IMX179 Camera Module 8MP Autofocus 78 Degree High-Definition Mini IP Webcam CMOS 3264x2488 USB Plug Play for Laptop,https://www.lazada.vn/products/pdp-i3063623654.html,588.600 ₫,,
"Một bí mật, ba trong một Camera máy tính HD bên ngoài, học khóa học trực tuyến văn phòng, kết nối có dây USB, ai tập trung",https://www.lazada.vn/products/pdp-i2388819734.html,652.000 ₫,,
Wifi Máy ảnh Mini nhìn trong đêm Camera không dây có thể sạc qua USB giám sát an ninh máy ảnh xem từ xa cho văn phòng nhà cửa,https://www.lazada.vn/products/pdp-i3189465091.html,492.000 ₫,,
Wifi Máy ảnh Mini nhìn trong đêm Camera không dây có thể sạc qua USB giám sát an ninh máy ảnh xem từ xa cho văn phòng nhà cửa,https://www.lazada.vn/products/pdp-i3214641513.html,492.000 ₫,,
SD&HI Elough 2K HD Webcam cho máy tính để bàn máy tính xách tay máy tính mini USB Web Camera với micro Web Cam cho Youtube Skype,https://www.lazada.vn/products/pdp-i3218834238.html,85.099 ₫,,
"3 triệu độ nét cao mạng không dây Wifi Camera giám sát, điện thoại nhà từ xa nhìn đêm hồng ngoại thiết bị Webcam",https://www.lazada.vn/products/pdp-i2983806583.html,621.136 ₫,,
Camera không dây 4K HD Máy Quay Video Ghi âm giọng nói có thể sạc qua USB giám sát an ninh Camera xem từ xa cho trong nhà ngoài trời,https://www.lazada.vn/products/pdp-i3005477481.html,452.000 ₫,,
"[Mdjt] boykeep Camera an ninh trong nhà Wi-Fi 2K 5G/2.4GHz, Camera cho bé/người già/Chó/thú cưng có ứng dụng điện thoại, camera giám sát trẻ âm thanh 2 chiều",https://www.lazada.vn/products/pdp-i2731595051.html,390.000 ₫,,
Xiaomi 4k kỹ thuật số Retro xách tay 50 triệu pixel tự động lấy nét flash Camera kép sinh viên cấp nhập cảnh,https://www.lazada.vn/products/pdp-i3108803159.html,692.788 ₫,,
5MP WIFI CCTV video giám sát Camera IP PTZ thông minh của con người theo dõi 4x zoom nhìn trong đêm đầy màu sắc ngoài trời không thấm nước,https://www.lazada.vn/products/pdp-i3108749719.html,501.788 ₫,,
Full HD360 Panoramic Wide Angle 180 degree Fisheye Camera Micro Size 1080P Type-C Camera PC Webcam Support OTG With Audio,https://www.lazada.vn/products/pdp-i2654112367.html,987.324 ₫,,
Video Call Camera Intelligent Wifi Camera IPS Screen FHD 1080P One Click Call IP Camera Video Baby Monitor,https://www.lazada.vn/products/pdp-i2669496717.html,800.058 ₫,,
New 4k Webcam 2K full HD Web Camera với microphone LED Fill ánh sáng USB Web Cam xoay cho PC máy tính máy tính xách tay cho Youtube,https://www.lazada.vn/products/pdp-i2861089908.html,216.955 ₫,,
1080P Digital Camera 16MP HD Smart Digital Camera Micro-SLR Digital Camera for Photography Digital Camera,https://www.lazada.vn/products/pdp-i2859788179.html,845.000 ₫,,
[Heses] Camera PTZ giám sát an ninh không dây ngoài trời IP WIFI 5G camera zoom 4x ai theo dõi con người âm thanh hai chiều HD màu đêm,https://www.lazada.vn/products/pdp-i2731176122.html,441.000 ₫,,
Webcam độ nét cao camera cho máy tính 1080p sử dụng rộng rãi ABS thoại tương tác với microphone cho OS x cho hội nghị cho hội nghị truyền hình,https://www.lazada.vn/products/pdp-i3043889191.html,233.469 ₫,,
Camera Laptop Dell Vostro 5468 5568 7460 7560 V5568 v5468,https://www.lazada.vn/products/pdp-i2608801898.html,150.000 ₫,,
USB Camera web với Microphone máy ảnh Webcam cho máy tính xách tay Máy tính để bàn máy tính xách tay,https://www.lazada.vn/products/pdp-i3181156988.html,147.000 ₫,,
Camera ( Webcam ) Laptop Samsung NP530U,https://www.lazada.vn/products/pdp-i3163602409.html,85.000 ₫,,
Webcam độ nét cao Tự động lấy nét USB đèn chiếu sáng phụ Camera Web 1080P Đa Chức Năng đế trắng Ánh Sáng Mềm Mại Ánh Sáng ánh sáng ấm áp Với Có Thể Thu Vào Cực Cho phát trực tiếp,https://www.lazada.vn/products/pdp-i3150183719.html,607.000 ₫,,
"Camerathân hình 1080P có Wifi, ghi hình video kỹ thuật số nhỏ gọn, camera cảnh sát BodyCam, camerahồng ngoại nhìn đêm",https://www.lazada.vn/products/pdp-i3128522685.html,417.995 ₫,,
8MP Camera An Ninh WiFi 2.4G Giám Sát Tại Nhà PTZ IR Tầm Nhìn Ban Đêm Phát Hiện Chuyển Động Giám Sát Trẻ Em Với 2 Ăng Ten,https://www.lazada.vn/products/pdp-i3216028153.html,243.950 ₫,,"51 Đã bán
China"
Camera An Ninh Trong Nhà Tuya Smart 2K UHD 2.4G Wi-Fi Giám Sát Thú Cưng Camera Giám Sát Trẻ Em Camera Hình Khối Có Âm Thanh Hai Chiều Màu Trắng,https://www.lazada.vn/products/pdp-i3225277642.html,398.400 ₫,,"22 Đã bán
China"
"《Joyfeel Store》 Webcam cao có míc, Siêu Nét ,Míc thu âm thâm siêu tốt ,chuyên dành học trực tuyến có đầu camera chỉnh nét hình ảnh",https://www.lazada.vn/products/pdp-i3127046358.html,288.228 ₫,,
(OFNH) Kid Camera Printer Portable Thermal Instant Print Photo Kids Digital Camera 2.4inch HD Dual Cameras Video Toy Gifts,https://www.lazada.vn/products/pdp-i2865115310.html,571.889 ₫,,
(KYSB) Webcam HD Web Camera Built-in Microphone USB Plug Web Cam for PC Computer Laptop Desktop Drive Household Camera,https://www.lazada.vn/products/pdp-i2707268937.html,228.720 ₫,,
【HOT SALE】 New X5 Mini Camera 1080P Clear Night Vision Lightweight Portable Premium Cams Motion Detection Wireless Surveillance Camera,https://www.lazada.vn/products/pdp-i3220254879.html,236.078 ₫,,
"V380 toàn cảnh 360 ° độ nét cao xem nhà tạo tác, Camera không dây, mạng Wifi giám sát thông minh Webcam",https://www.lazada.vn/products/pdp-i2983833488.html,318.136 ₫,,
"Một cú nhấp chuột cuộc gọi, camera giám sát trẻ em, Wifi hai chiều theo dõi giọng nói, điện thoại di động từ xa cuộc gọi màn hình Webcam",https://www.lazada.vn/products/pdp-i2983947152.html,257.000 ₫,,
"Ổ đĩa miễn phí 1080P độ nét cao Máy Tính USB máy ảnh, máy ảnh phát trực tiếp, hội nghị video Camera mạng nhà máy",https://www.lazada.vn/products/pdp-i2826302094.html,144.931 ₫,,
【eyr mall】-USB Webcam 4K 1080P Mini Camera with Microphone ABS for PC Video Camera,https://www.lazada.vn/products/pdp-i2846850140.html,587.746 ₫,,
【Limited Quantity】 4K Webcam 1080P Mini Camera 2K Full HD Webcam with Microphone 30fps USB Web Cam for Auto Focus PC Laptop Video Camera,https://www.lazada.vn/products/pdp-i3220852143.html,454.178 ₫,,
(WBNC) Industrial 4K USB Webcam PC Laptops Video 8MP Autofocus USB Camera IMX179 Sensor OTG UVC Plug & Play,https://www.lazada.vn/products/pdp-i3065035642.html,859.331 ₫,,
"13MP Camera Module 13850 Webcam Length 3000mm, 1300W Pixels Camera RK3358/3358S for 5/5B/5Plus",https://www.lazada.vn/products/pdp-i3066448117.html,743.400 ₫,,
(C G K Professional Photography Camera SLR Digital Camcorder Portable Handheld 16X Digital Zoom 16MP HD Output Selfie Camera,https://www.lazada.vn/products/pdp-i2504276092.html,916.863 ₫,,
"Máy Tính Webcam LazaraSport Có Micrô, Camera Web 1080P US 2.0 Cho Máy Tính Xách Tay, Máy Tính, Máy Tính Để Bàn, Cắm Và Phát, Để Phát Trực Tiếp, Trò Chuyện Video, Hội Nghị",https://www.lazada.vn/products/pdp-i2417770050.html,369.153 ₫,2.0,
[EAH STORE]-Identification Login Web Camera with Single Microphone for Hello USB Computer Webcam,https://www.lazada.vn/products/pdp-i2990061254.html,616.772 ₫,,
Logitech C270 HD Webcam 720P Video Card Webcam 720P Optical Lens Noise Reduction Micophone USB2.0 Plug And Play Mini Computer Camera for PC Laptop,https://www.lazada.vn/products/pdp-i2921455826.html,999.000 ₫,,
Logitech C270 720P Màn Hình Rộng Webcam Video Máy Tính Xách Tay Camera cho PC Cho cuộc gọi video Và Ghi Âm,https://www.lazada.vn/products/pdp-i3223343474.html,734.000 ₫,,
Webcam 4K 2K Auto Focus PC Web Cam Full HD 1080P Wide Angle Beauty Camera with Microphone for Live Streaming Video Conference,https://www.lazada.vn/products/pdp-i2804672907.html,471.139 ₫,,
"Webcams Webcam HD 1080P M9 Với Tấm Chắn Tư, Camera Máy Tính Tự Động Lấy Nét, Tích Hợp Micro, Chế Độ Riêng Tư",https://www.lazada.vn/products/pdp-i3195743215.html,820.486 ₫,,
Mini 4K Webcam USB Máy Tính 2K Webcam Cho PC Máy Tính Xách Tay phát trực tiếp Đầy Đủ HD 1080P Camera Web Cho Làm Việc Với Chân máy Micro,https://www.lazada.vn/products/pdp-i2457820887.html,304.012 ₫,,
Dành riêng giám sát không dây A9 từ xa quan sát ban đêm Wifi độ nét cao Camera mạng Webcam,https://www.lazada.vn/products/pdp-i2983862464.html,194.136 ₫,,
K Best Webcam 1080P Drive-Free Microphone For PC 120° Wide Angle 2K UHD 2560*1440P Web Camera with Microphone USB Web Cam,https://www.lazada.vn/products/pdp-i2804719626.html,955.475 ₫,,
"4K Vlogging Camera - 48MP, 2.4in LCD, 8X Zoom, Flash Modes (Pink)",https://www.lazada.vn/products/pdp-i3191484666.html,442.212 ₫,,
Kid Camera Printer Portable Thermal Instant Print Photo Kids Digital Camera 2.4inch HD Dual Cameras Video Toy Gifts,https://www.lazada.vn/products/pdp-i2835324155.html,494.331 ₫,,
Sunshineyou-Industrial 4K USB Webcam PC Laptops Video 8MP Autofocus USB Camera IMX179 Sensor OTG UVC Plug & Play,https://www.lazada.vn/products/pdp-i2896606834.html,821.136 ₫,,
1080P Camera nhỏ gọn 48MP Ống Kính Kép 8 × Zoom quang học Hỗ Trợ 32GB thẻ nhớ TF Mini CCD Máy Ảnh Với 2.8-Inch Màn hình TFT Món Quà Tuyệt vời Cho Nam Nữ Trẻ Em Người Lớn học sinh sinh viên,https://www.lazada.vn/products/pdp-i2396272439.html,314.000 ₫,2.8,
Kids Digital Camera Video Print Instant Camera for Kids Mini Thermal Printer Birthday Gift Toys for Girls Boys,https://www.lazada.vn/products/pdp-i2917570210.html,741.007 ₫,,
yppuso sell well - /USb Camera 1080P HD Webcam Online Class Live Camera Computer Camera,https://www.lazada.vn/products/pdp-i3034038749.html,961.799 ₫,,
"5G băng tần kép Camera Wifi, độ nét cao nhà trong nhà và ngoài trời màn hình, mạng bóng giám sát không dây máy ảnh webcam",https://www.lazada.vn/products/pdp-i2983769626.html,442.136 ₫,,
(ECRW) 1080P Webcam Full HD Camera for Laptop Computer USB Webcam with Dual Microphones for Zoom Video Calling Webcam,https://www.lazada.vn/products/pdp-i3179027527.html,727.136 ₫,,
Mini 720P/1080P USB Camera Web Ghi video Webcam có micrô cho PC máy tính xách tay sử dụng,https://www.lazada.vn/products/pdp-i3104448023.html,133.000 ₫,,
【Exclusive Offer】 Webcam Mini 4K USB Computer 2K Webcam Full HD 1080P Web For Work With Microphone Tripod For PC Laptops Live Streaming Camera,https://www.lazada.vn/products/pdp-i3220809661.html,423.600 ₫,,
Youpin Xiaovv Webcam Full HD 1080P USB Web IP Camera Autofocus With Microphone Cam For PC Computer Mac Laptop Desktop YouTu,https://www.lazada.vn/products/pdp-i2893841755.html,622.663 ₫,,
Hippcron Camera Quan Sát Phía Sau Với 8 Đèn LED Tầm Nhìn Ban Đêm HD Chống Nước CCD Tự Động Đỗ Xe Màn Hình Cho Xe Lùi,https://www.lazada.vn/products/pdp-i2465542112.html,75.400 ₫,4.0,755 Đã bán
Camera cho máy tính Microphone USB máy ảnh ngoài cho phát trực tiếp,https://www.lazada.vn/products/pdp-i3083704615.html,255.000 ₫,5.0,5 Đã bán
Camera Web Webcam Có Micrô Cắm Và Chơi Hội nghị/Gọi/Chơi Game phát trực tiếp Cho PC Máy Tính Xách Tay Máy Tính Để Bàn cuộc gọi video Giảng Dạy,https://www.lazada.vn/products/pdp-i3081620056.html,274.000 ₫,,
Camera cho PC W8- HD 1080P,https://www.lazada.vn/products/pdp-i2683409533.html,329.000 ₫,,
Camera Laptop Toshiba M840,https://www.lazada.vn/products/pdp-i2200049729.html,70.000 ₫,,
"Insta360 đi siêu nhỏ rảnh tay 4k cam, trọng lượng nhẹ và di động, ánh sáng thấp xuất sắc, ổn định flowstate, tuổi thọ pin 200 PHÚT, không thấm nước để 33ft, đi xe đạp và chạy cam",https://www.lazada.vn/products/pdp-i3172641928.html,10.700.000 ₫,5.0,48 Đã bán
Camera không dây A9 tầm nhìn ban đêm 1080P wifi kết nối điện thoại di động hỗ trợ thẻ nhớ 256GB micro SD,https://www.lazada.vn/products/pdp-i2622052747.html,69.200 ₫,4.0,
A9 HD Wifi Thông Minh Màn Hình Camera Giám Sát Cảm Biến An Ninh Không Dây Máy Quay Video Full-HD Camera IP An Toàn Gia Đình,https://www.lazada.vn/products/pdp-i3195715298.html,122.850 ₫,,
Tuya 8MP Camera IP WiFi Với Ống Kính Kép Trẻ Em Màu Sắc Tầm Nhìn Ban Đêm Theo Dõi Con Người Nhà Thông Minh Giám Sát Video Camera,https://www.lazada.vn/products/pdp-i2951592358.html,603.000 ₫,5.0,14 Đã bán
Camera An Ninh Trong Nhà Neye 8MP 4K PTZ WiFi Với Zoom Kỹ Thuật Số 5X Giám Sát Trẻ Em/người Cao Tuổi Giám Sát Tại Nhà Với Âm Thanh Hai Chiều,https://www.lazada.vn/products/pdp-i3210975683.html,235.450 ₫,,"24 Đã bán
China"
New 4K webcam 2K Full HD web camera with microphone led fill light USB web cam rotatable for PC computer laptop for YouTube,https://www.lazada.vn/products/pdp-i2893904530.html,535.830 ₫,,
"Webcams Sản Phẩm Mới Camera Hội Nghị Trực Tuyến HD 1080P Cho Máy Tính Văn Phòng, Không Cần Driver Usb, Tích Hợp Micro",https://www.lazada.vn/products/pdp-i3195743175.html,541.745 ₫,,
5G băng tần kép 1080 Độ Nét Cao Mạng Home Màn Hình Wifi không dây ngoài trời Camera giám sát Webcam,https://www.lazada.vn/products/pdp-i2983788644.html,275.136 ₫,,
Camera Máy Tính USB Ultra HD 4K A111080P Webcam Độ Phân Giải Cao Cho Hội Nghị Video Trò Chuyện Mạng Phát Sóng Trực Tiếp Độ Phân Giải 2K,https://www.lazada.vn/products/pdp-i3185743146.html,114.750 ₫,,
ABS camera riêng tư màn trập lá chắn cho máy tính xách tay và máy tính bảng Webcam dễ cài đặt và thiết kế thẩm mỹ,https://www.lazada.vn/products/pdp-i3179587809.html,15.000 ₫,,
2023 Camera Wifi Smart Network Monitor HD Infrared Night Vision Camera Sports DV Wireless WK10 MINI camera home,https://www.lazada.vn/products/pdp-i2229269942.html,503.790 ₫,5.0,
"Camera Web EMEET 4K 1080P 60fps Có Micrô Mini USB Cho Máy Tính Để Bàn, Máy Tính Xách Tay - Webcam Độ Phân Giải Cao",https://www.lazada.vn/products/pdp-i3025133051.html,906.000 ₫,,"9 Đã bán
China"
(SBTZ) Webcam 1080p Mini Camera Camera PC Laptop Video Recording Camera,https://www.lazada.vn/products/pdp-i3160345854.html,258.162 ₫,,
FUERS 4K 8MP Camera IP WiFi Giám Sát Không Dây Mini Cam Có Giá Đỡ Điều Chỉnh Tuya Nhà Thông Minh An Ninh Trẻ Em Trong Nhà Màu Trắng,https://www.lazada.vn/products/pdp-i2935635511.html,566.000 ₫,5.0,
👉Hot Sale FunFrenzy Elough 2K HD Webcam cho máy tính để bàn máy tính xách tay máy tính mini USB Web Camera với micro Web Cam cho Youtube Skype,https://www.lazada.vn/products/pdp-i3169680127.html,75.908 ₫,,
【eyr mall】-2K High Definition Computer Camera 2K HD Webcam USB Plug Network Live Broadcast High Definition Video Conference USB Camera 120 Degree Wide Viewing Angle Webcam with Built-in Microphone for Laptop Desktop,https://www.lazada.vn/products/pdp-i2956592774.html,385.136 ₫,,
Cuộc Sống Thông Minh HD IP Camera Không Dây Tuya Con Người Tự Động Theo Dõi Camera Quan Sát Giám Sát An Ninh Wifi Trong Nhà Nhà Cam Với Màu Hồng Ngoại Tầm Nhìn Ban Đêm,https://www.lazada.vn/products/pdp-i3093519221.html,672.000 ₫,,
Độ nét cao Camera Wifi wifi an ninh máy ảnh mini ban đêm cho tầm nhìn 1080p cho,https://www.lazada.vn/products/pdp-i2747854999.html,182.000 ₫,,
Wifi Sản phẩm mới Pin Camera giám sát di động không dây điện thoại từ xa Camara Home Monitor trong nhà và ngoài trời Webcam,https://www.lazada.vn/products/pdp-i3073167680.html,663.099 ₫,,
M21080P Auto Focus 2 MP Webcam Microphones Full HD Video Camera for PC USB Plug and Play Beauty Effect Fill Light,https://www.lazada.vn/products/pdp-i2982967971.html,505.162 ₫,,
"Camera USB với ống kính góc rộng 120 độ không bị biến dạng, giám sát máy tính, nhận dạng khuôn mặt, camera Veriface 720P không cần ổ đĩa",https://www.lazada.vn/products/pdp-i3057966970.html,713.496 ₫,,
【Must-Have Style】 2mp 1080p 360degree Ai Tracking Wireless Usb Webcam For Boardcast Online Teaching Video Camera Pc Lap Digital Camera,https://www.lazada.vn/products/pdp-i3151181061.html,799.011 ₫,,
"Webcams Camera Máy Tính Có Micro Tích Hợp, Video Kỹ Thuật Số USB 1080P, Camera Hội Nghị HD",https://www.lazada.vn/products/pdp-i3195734350.html,820.486 ₫,,
5MP Mini Chạy Bằng Pin Camera IP WIFI Trong Nhà An Ninh Ngôi Nhà Với Phát Hiện Con Người Hồng Ngoại Nhìn Đêm Di Động Giám Sát Video,https://www.lazada.vn/products/pdp-i3197032237.html,407.150 ₫,,
Smart HD Night Vision Security Camera 50% off,https://www.lazada.vn/products/pdp-i3159792918.html,388.248 ₫,,
"COOEURINS PC Webcam Camera Máy Tính HD 1080P Tích Hợp Đèn Vòng Và Micro Có Thể Điều Chỉnh, Góc Rộng, Máy Ảnh Web AF Lấy Nét Tự Động Nhanh Để Thu Phóng/Skype/Đội/OBS, Gặp Gỡ Và Gọi Video",https://www.lazada.vn/products/pdp-i3101694328.html,292.988 ₫,,
Nurum V11 high quality 1080p 60fps full HD plug and play computer USB web camera webcam for PC laptop with microphone,https://www.lazada.vn/products/pdp-i2804646747.html,620.264 ₫,,
[cad]-Webcam USB Camera 1080P 30FPS Streaming Web Camera Autofocus Living Stream Camera with Mics for Desktop Meeting,https://www.lazada.vn/products/pdp-i3043633473.html,915.356 ₫,,
4K High Definition Computer Camera Network Live Broadcast High Definition Video Conference USB Camera,https://www.lazada.vn/products/pdp-i3090359332.html,758.720 ₫,,
Cigemay Streaming Webcam 360 Độ Xoay 30 FPS Camera Web Cắm Và Chơi Camera cho máy tính cuộc gọi video Cho PC Máy Tính Xách Tay Máy Tính Để Bàn (Màu Đỏ),https://www.lazada.vn/products/pdp-i3211760881.html,235.000 ₫,,
Tuya 4MP PTZ Camera Mạng WiFi Ngoài Trời IP66 Chống Nước 5G Băng Tần Kép Camera IP An Ninh Gia Đình Với Phát Hiện Chuyển Động Giám Sát Video,https://www.lazada.vn/products/pdp-i3211336799.html,429.250 ₫,,
"4K Webcam with Microphone and Fill Light, HD Autofocus Computer Camera for Pc Laptop Desktop Video Calling, Easy to Use",https://www.lazada.vn/products/pdp-i3034446460.html,926.525 ₫,,
"4G giám sát wifi để sử dụng nhà, camera không dây, điện thoại di động, từ xa độ nét cao nhìn trong đêm, ngoài trời màn hình Webcam",https://www.lazada.vn/products/pdp-i3073068648.html,500.099 ₫,,
"Webcam Có Micrô LazaraSport, Laptop Máy Tính Camera Web Để Bàn Với Hiệu Chỉnh Đèn Tự Động, Cắm Và Phát, Để Phát Video, Hội Nghị, Trò Chơi, Học Tập",https://www.lazada.vn/products/pdp-i2417737335.html,350.968 ₫,,
Camera hội nghị phát sóng tự động lấy nét Webcam độ nét 2k4K1080phigh,https://www.lazada.vn/products/pdp-i2806136365.html,587.010 ₫,,
[ kem thẻ nhớ 32gb 64gb] Camera Wifi Không Dây Yoosee 3 Râu màu vàng mới 2021 3.0 FULL 2034P,https://www.lazada.vn/products/pdp-i1271146416.html,400.000 ₫,5.0,30 Đã bán
Camera cho máy tính USB Webcam độ nét cao Tự động lấy nét trình điều khiển Micro tích hợp miễn phí HD cuộc gọi cho hội nghị,https://www.lazada.vn/products/pdp-i3058734531.html,228.000 ₫,,
USB Mini Mini máy ảnh Camera Web ABS Màu sắc chính xác sinh sản hình ảnh rõ ràng cho máy ảnh,https://www.lazada.vn/products/pdp-i3151120511.html,500.000 ₫,,
Camera Không Dây Mini 1080p Camera An Ninh Gia Đình Camera Wifi Ngoài Trời Với Khả Năng Phát Hiện Chuyển Động Nâng Cấp Và Tầm Nhìn Ban Đêm,https://www.lazada.vn/products/pdp-i3200599124.html,99.450 ₫,,"54 Đã bán
China"
Camera Mini A9 1080P HD Điều Khiển Từ Xa Không Dây Wifi Giám Sát An Ninh Camera Siêu Nhỏ Để Bảo Vệ,https://www.lazada.vn/products/pdp-i3203951835.html,122.850 ₫,,"55 Đã bán
China"
A9 HD Wifi Thông Minh Giám Sát Camera Giám Sát Không Dây Cảm Biến An Ninh Máy Quay Video Full-HD An Toàn Tại Nhà Camera IP,https://www.lazada.vn/products/pdp-i3226690388.html,190.000 ₫,,"111 Đã bán
China"
"Camera WiFi Mini 5MP Với Tính Năng Phát Hiện Con Người, An Ninh Nhà Thông Minh Trong Nhà, Máy Ghi Hình Nhỏ, Giám Sát Video Siêu Nhỏ, Tích Hợp Pin",https://www.lazada.vn/products/pdp-i3226641610.html,276.500 ₫,,"15 Đã bán
China"
Camera Mini HD DV 720P Máy Quay Thân Di Động Có Giá Đỡ USB Cho Bảo Mẫu Xe Thể Thao DVR Webcam Nhỏ Để Giám Sát Gia Đình Và Văn Phòng,https://www.lazada.vn/products/pdp-i2750949854.html,207.000 ₫,1.0,12 Đã bán
Camera An Ninh WIFI Ngoài Trời A7 1080P Camera Quan Sát IP Không Dây PTZ Với Camera Giám Sát Mạng Âm Thanh Zoom Kỹ Thuật Số 4X,https://www.lazada.vn/products/pdp-i3195622861.html,306.850 ₫,,
4K Digital Camera Retro Dual Lens Multifunction CCD Instant Thermal Camer for Travel Students Compact Photography,https://www.lazada.vn/products/pdp-i3086788495.html,521.305 ₫,,
Giám sát ahd1080p 2MP Camera AHD Webcam,https://www.lazada.vn/products/pdp-i3073050216.html,763.099 ₫,,
Camera Web trình điều khiển-miễn phí tinh tế hình ảnh Trọng lượng nhẹ 720P 1080P Độ phân giải cao kỹ thuật số Webcam cho cuộc gọi video máy ảnh kỹ thuật số tinh khiết,https://www.lazada.vn/products/pdp-i2886046857.html,287.967 ₫,,
1080P HD Camera for Toddler 2.4Inch Screen Autofocus Cute Cartoon MP3 Video Selfie Camera for Xmas Birthday Gifts,https://www.lazada.vn/products/pdp-i3218393586.html,937.669 ₫,,
A9 không dây thông minh HD giám sát màn hình wifi từ xa Camera mạng Webcam,https://www.lazada.vn/products/pdp-i2987749703.html,354.719 ₫,,
"720P Camera cho máy tính trình điều khiển USB miễn phí và clip micro, màn hình với ánh sáng nhìn trong đêm 1080P Webcam",https://www.lazada.vn/products/pdp-i2988098664.html,278.719 ₫,,
"Video không có ren, Màn hình màu 2.8, Camera An Ninh Độ phân giải cao, tầm nhìn ban đêm, theo dõi nhiệt độ",https://www.lazada.vn/products/pdp-i2954619418.html,861.315 ₫,2.8,
Webcam Web Camera for Skype with Built-in Microphone USB Video Camera for Desktop Notebook PC,https://www.lazada.vn/products/pdp-i2696636735.html,118.100 ₫,,
"Plug-N-Play 2MP USB Camera, 130° Wide Angle, Fast 60FPS, Dual Digital Microphones for Enhanced Product Vision",https://www.lazada.vn/products/pdp-i3207350253.html,751.400 ₫,,
HD 4K Webcam PC 1080P 2K Web Camera With Microphone Autofocus PC Computer Laptop Live Streaming 1080P Webcam for Video Calling,https://www.lazada.vn/products/pdp-i3189231703.html,401.154 ₫,,
1080p Hd Webcam Máy Tính Cắm Micro Bao Gồm Cho Trực Tuyến Đẳng Cấp Máy Tính Để Bàn Laptop Mac Os Windows Usb Camera Mic,https://www.lazada.vn/products/pdp-i1967978703.html,104.000 ₫,,"78 Đã bán
Hong Kong"
【Hot-Selling】 4K HD 1080P Digital Camera 16X Zoom Camcorder Camera 96MP Portable Vlogging Camera 2.4 Inch IPS Screen For Photography And Video,https://www.lazada.vn/products/pdp-i3220263834.html,947.000 ₫,2.4,
"2K Webcam Có Micrô PC, 4MP đèn USB Camera cho máy tính, Web Cam cho cuộc gọi hội nghị Zoom Skype Youtube máy tính xách tay phụ kiện skol cửa hàng",https://www.lazada.vn/products/pdp-i2532963357.html,326.000 ₫,,
[cbf]-IMX179 Camera Module 8MP Autofocus 78 Degree High-Definition Mini IP Webcam CMOS 3264x2488 USB Plug Play for Laptop,https://www.lazada.vn/products/pdp-i3003286691.html,588.600 ₫,,
【Clearance】 4K Webcam 1080P Mini Camera 2K Full HD Webcam with Microphone 30fps USB Web Cam for Auto Focus PC Laptop Video Camera,https://www.lazada.vn/products/pdp-i3220798615.html,412.478 ₫,,
(OMAI) Webcam USB Camera 1080P 30FPS Streaming Web Camera Autofocus Living Stream Camera with Mics for Desktop Meeting,https://www.lazada.vn/products/pdp-i3075360618.html,952.356 ₫,,
Camera Mini 1080P HD Camera An Ninh Trong Nhà Thông Minh Camera IP Chống Trộm Có Ứng Dụng Video Giọng Nói Giám Sát Thời Gian Thực,https://www.lazada.vn/products/pdp-i3195661962.html,333.200 ₫,,
"0308 sáu đèn Camera độ nét cao với Micrô tích hợp, ánh sáng điều khiển có dây, và chức năng quan sát ban đêm cho các lớp học trực tuyến Webcam",https://www.lazada.vn/products/pdp-i2988244599.html,257.719 ₫,,
1080P USB Webcam Computer Camera with HiFi Speaker Microphone Computer Camera Video Conference Camera Parts for PC Laptop,https://www.lazada.vn/products/pdp-i2669927213.html,999.669 ₫,,
"[Nzvu5py] camera trong nhà 1080P, màn hình bé có nhìn trong đêm, màn hình thú cưng chó nhà an ninh Camera giám sát, ai cảm biến chuyển động",https://www.lazada.vn/products/pdp-i2513406283.html,490.262 ₫,,
Gia dụng không dây trong nhà thông minh màn hình Wifi Mạng Camera từ xa 1080P HD Webcam,https://www.lazada.vn/products/pdp-i3073064676.html,663.099 ₫,,
(ZYMB) 1080P Webcam HD PC Camera with Microphone MIC for Skype for Android TV Rotatable Computer Camera Web Cam,https://www.lazada.vn/products/pdp-i2751716257.html,120.967 ₫,,
"Q132 camera cho máy tính với microphone, 12 Megapixel plug and play, sản xuất hàng ngày Webcam",https://www.lazada.vn/products/pdp-i2966814307.html,300.719 ₫,,
Kid Camera Printer Portable Thermal Instant Print Photo Kids Digital Camera 2.4inch HD Dual Cameras Video Toy Gifts,https://www.lazada.vn/products/pdp-i2964455317.html,439.694 ₫,,
Suddy PC Streaming 1080P/2K/5MP Webcam Với Có Thể Điều Chỉnh Đèn LED dạng vòng Và Mic Microphone Nâng Cao Tự động lấy nét Camera Web,https://www.lazada.vn/products/pdp-i2771596534.html,234.000 ₫,,
4K Full HD 2K 1080P Webcam For PC Web Camera New Web Cam With Microphone USB Autofocus Stream Camera For Computer Laptop,https://www.lazada.vn/products/pdp-i2804751256.html,390.909 ₫,,
"Màn hình từ xa, thông minh không dây độ nét cao Camera Wifi, Camera mạng Webcam",https://www.lazada.vn/products/pdp-i3073084679.html,235.099 ₫,,
Webcam Video Camera Autofocus Streaming Web Cam with Microphone Full HD Webcams for PC Computer Laptop,https://www.lazada.vn/products/pdp-i3208642441.html,265.551 ₫,,
HD 1080P Camera Nội Soi Borescope 3in1 Micro USB/Type-C Camera Kép Cho iOS/Android Kính Hiển Vi Kiểm Tra Đường Ống Chống Nước Cho Điện Thoại,https://www.lazada.vn/products/pdp-i3160844508.html,346.000 ₫,,
【original】 1080P Full HD Mini Web Camera PC With Microphone USB Plug Support Desktop Laptop Suitable For Video Calls Conference Live Work,https://www.lazada.vn/products/pdp-i3220872034.html,401.400 ₫,,
Panda USB Live Digital Camera Computer Drive-free Anchor Meeting Remote Online Course HD Webcam,https://www.lazada.vn/products/pdp-i3058956696.html,376.858 ₫,,
Webcam độ nét cao USB Camera Web 30 fps 360 độ xoay 60 độ xem cho OS x cho Windows10 cho phát trực tiếp cho hội nghị cho Windows7,https://www.lazada.vn/products/pdp-i3149503324.html,242.000 ₫,,
Webcam vẻ đẹp Chức năng chống Peep Chức năng camera cho máy tính cho các cửa sổ,https://www.lazada.vn/products/pdp-i3155016988.html,278.000 ₫,,
Máy Tính Camera Web AF tự động lấy nét Có Thể Điều Chỉnh 1080P Webcam 4P ống kính quang học USB Cổng 2.0 Cho Trò Chơi,https://www.lazada.vn/products/pdp-i3105914146.html,360.000 ₫,2.0,
"Webcam Ugreen Full HD 1080P Webcam USB 2 Megapixel có Micrô tích hợp, 2 Micrô khử tiếng ồn, góc & tiêu điểm ổn định siêu nhìn rộng 85 °, cắm & chạy, đèn tự động, có nắp riêng tư, camera cho PC cho streaming/hội nghị, Zoom/Đội/bầu trời...",https://www.lazada.vn/products/pdp-i3154784795.html,767.400 ₫,,
Camera An Ninh Nhà Thông Minh Camera Quan Sát Mini Không Dây Với Tầm Nhìn Ban Đêm Phát Hiện Chuyển Động Giám Sát Từ Xa Giám Sát Video 1080P,https://www.lazada.vn/products/pdp-i2994635561.html,267.000 ₫,,
A9 Wifi Camera Mini 1080P HD Giám Sát Video Từ Xa Không Dây Tầm Nhìn Ban Đêm Nhà Thông Minh Camera Giám Sát An Ninh,https://www.lazada.vn/products/pdp-i3195747037.html,151.200 ₫,,
Camera X5 Mini 1080P HD Giám Sát Không Dây Với Tầm Nhìn Ban Đêm Camera IP Phát Hiện Chuyển Động Di Động Nhẹ Để Đảm Bảo An Ninh Gia Đình,https://www.lazada.vn/products/pdp-i3226532482.html,175.000 ₫,,
"Camera Gọi Video WIFI Không Dây 2MP Với Màn Hình 2,8 Inch Giám Sát An Toàn Cho Bé PTZ Phát Hiện Hình Dạng Con Người ICSEE Trắng",https://www.lazada.vn/products/pdp-i3118520490.html,519.000 ₫,2.8,
Camera IP Không Dây 4K 8MP Wifi Thông Minh PTZ Với Zoom Kỹ Thuật Số 5x AI Phát Hiện Con Người ONVIF Camera Quan Sát An Ninh Gia Đình Camera Mái Vòm Màu Trắng,https://www.lazada.vn/products/pdp-i2656823946.html,594.000 ₫,5.0,18 Đã bán
4K Digital Camera HD Photography Travel Selfie Camara 2.4inch Selfie Mini Retro Cam,https://www.lazada.vn/products/pdp-i3145435652.html,607.500 ₫,,
Industrial 4K Webcam PC Laptops 8MP Autofocus USB Camera IMX179 Sensor OTG UVC Plug and Play For Meeting Document Scanning,https://www.lazada.vn/products/pdp-i2894041021.html,910.046 ₫,,
"Máy tính V2 độ nét cao giảng dạy khóa học trực tuyến, Camera cho máy tính, máy tính để bàn máy tính xách tay microphone, USB miễn phí Webcam",https://www.lazada.vn/products/pdp-i2988193707.html,515.719 ₫,,
"Digital Camera, 4K Children Camera for Photography, 64MP MP3 Player Camera, 2.8Inch IPS Screen, Auto Focus Durable Easy Install (Black)",https://www.lazada.vn/products/pdp-i2720165458.html,901.591 ₫,,
2025usb Camera Máy Tính Để Bàn 4K Micro Làm Đẹp Trực Tiếp HD Máy Ảnh Trực Tiếp Máy Tính Xách Tay Tích Hợp,https://www.lazada.vn/products/pdp-i2414512155.html,663.608 ₫,,
X6 Mạng Độ Nét Cao Camera cho máy tính Máy Tính Để Bàn Internet Người Nổi Tiếng USB Hội Nghị PC Micrô tích hợp Webcam,https://www.lazada.vn/products/pdp-i2967076407.html,129.719 ₫,,
Mini SQ11 1080p HD Micro Action Video Camera 30fps Thể Thao DV Ngoài Trời Gopro Tầm Nhìn Ban Đêm Hỗ Trợ Lên Đến 128G,https://www.lazada.vn/products/pdp-i3217132150.html,236.180 ₫,,
Webcam 1080P 60FPS Web Camera Autofocus Streaming EMEET C970L with Microphones & Ring Light for PC/Zoom/Skype/Tiktok/Mac,https://www.lazada.vn/products/pdp-i2804735074.html,967.011 ₫,,
4K HD Computer Webcam Live Camera for Desktop Notebook Online Class Dedicated Definition,https://www.lazada.vn/products/pdp-i3149459337.html,385.162 ₫,,
Webcam 1080p Mini Camera Camera PC Laptop Video Recording Camera,https://www.lazada.vn/products/pdp-i3141972542.html,269.162 ₫,,
1080P Webcam HD PC Camera with Microphone MIC for Skype for Android TV Rotatable Computer Camera Web Cam,https://www.lazada.vn/products/pdp-i2753955129.html,127.967 ₫,,
【Versatile】 4K 48MP DV Camera 2.7in TFT Rotatable Screen 16x Digital Zoom Video Camera with USB Cable,https://www.lazada.vn/products/pdp-i3220301509.html,825.078 ₫,,
1 Piece 5MP OV5640 USB2.0 Camera Notebook Camera Module With Microphone 160-Degree Fixed-Focus,https://www.lazada.vn/products/pdp-i3083440574.html,716.700 ₫,,
2 Chiếc Camera Cửa Sổ Độ Phân Giải 3MP 2.4/5GHz Wi-Fi Ngoài Trời Thay Thế Full Tầm Nhìn Ban Đêm Camera IP Trong Nhà Với Ống Kính 2 Mm,https://www.lazada.vn/products/pdp-i3203305830.html,665.550 ₫,2.4,"24 Đã bán
China"
【Limited Time Only】 4K HD 1080P Digital Camera 16X Zoom Autofocus Vlogging Camera 2.4 Inch IPS Screen 96MP Portable Vlogging Camera for Kids Adults,https://www.lazada.vn/products/pdp-i3220317336.html,895.000 ₫,2.4,
"(RUIM) 4K Webcam with Microphone and Fill Light, HD Autofocus Computer Camera for Pc Laptop Desktop Video Calling,",https://www.lazada.vn/products/pdp-i2770977424.html,984.000 ₫,5.0,
"Camera phóng đại nhẹ 1000X, kết nối WiFi, điều chỉnh được, tương thích với Android/iOS/PC để kiểm tra da đầu/da",https://www.lazada.vn/products/pdp-i3183580984.html,903.669 ₫,,
"Auto Zoom Webcam 4K Web Camera with Remote Control, Privacy Cover and Microphone for Desktop/for PC/Laptop Video Conferencing",https://www.lazada.vn/products/pdp-i3176093283.html,970.525 ₫,,
Kids Instant Print Camera 1080P HD Digital Camera with 2.4 Inch IPS Screen 10X Optical Zoom Includes 32GB TF Card,https://www.lazada.vn/products/pdp-i2926892422.html,855.838 ₫,2.4,
"Máy ảnh bánh rán, máy tính xách tay chuyên dụng cho lớp học, máy tính để bàn độ nét cao với micrô và Webcam đầu camera",https://www.lazada.vn/products/pdp-i2987815692.html,432.012 ₫,,
Kids Instant Camera Print Camera 1080P HD Digital Camera Photo Paper Child Toy Camera for Birthday Christmas Gift,https://www.lazada.vn/products/pdp-i2855651920.html,917.253 ₫,,
"( TYDA ) 360 ° Rotating 4K HD Webcam with Microphone, Contact LED Beautification Ring Light, Autofocus Web Camera for PC Laptop",https://www.lazada.vn/products/pdp-i3031889979.html,532.012 ₫,,
"Camera một mét với chế độ chờ siêu khỏe, giám sát gia dụng không dây, độ nét cao, Cài đặt ghi và ghi video miễn phí, giám sát điện thoại di động Bảo mật IP Camera",https://www.lazada.vn/products/pdp-i3043203171.html,532.821 ₫,,
4K Máy Ảnh PC 4MP USB Trọng Lượng Nhẹ Camera cho máy tính Với Microphone Webcam Zoom Skype Youtube Máy Tính Xách Tay Phụ Kiện Cho Hội Nghị Cuộc Gọi,https://www.lazada.vn/products/pdp-i2845440124.html,375.386 ₫,,
Aibecy Máy Ảnh Mini Full HD 1080P Dây-Ít Camera An Ninh Camera IP Gia Đình Tiện Lợi Cam Với Nhìn Trong Đêm Và Báo Động Cho trong Nhà Và Ngoài Trời,https://www.lazada.vn/products/pdp-i2246231529.html,282.707 ₫,,
(KYSB) 1080P Webcam Full HD Camera for Laptop Computer USB Webcam with Dual Microphones for Zoom Video Calling Webcam,https://www.lazada.vn/products/pdp-i3152890029.html,744.136 ₫,,
"Camera cô tiên màu xanh W9 có micrô, máy tính để bàn, máy tính tất cả trong một, lớp học trực tuyến của sinh viên, Webcam kiểm tra lái xe",https://www.lazada.vn/products/pdp-i2987734740.html,413.719 ₫,,
4MP Ống kính camera PTZ Màn hình kép bé màn hình tự động theo dõi ai con người phát hiện nhà secuiryt giám sát video CCTV,https://www.lazada.vn/products/pdp-i3108738339.html,781.788 ₫,,
"Camera cho máy tính với microphone, khóa học trực tuyến, USB Máy ảnh độ nét cao, không có màn hình, máy tính video đầu Webcam",https://www.lazada.vn/products/pdp-i2987994629.html,350.719 ₫,,
4K Full HD Autofocus Camera 30fps Web Cam Built-in Microphone for Gaming Live Streaming Video Calls Meeting Driver-Free USB Plug Laptop PC Work,https://www.lazada.vn/products/pdp-i3195065824.html,542.162 ₫,,
"Flameer 1080P Kinh Doanh Webcam Có Micrô USB HD Web camera cho máy tính, Cắm Và Chơi, Cho Máy Tính Xách Tay Cho PC Máy Tính Để Bàn Webcam Cho Trực Tuyến Gọi/Hội nghị Truyền Hình",https://www.lazada.vn/products/pdp-i3004411023.html,491.204 ₫,,
"Camera căn lề phải, camera cặp sườn, camera hông",https://www.lazada.vn/products/pdp-i285524270.html,143.000 ₫,4.0,233 Đã bán
Camera hành trình 3 mắt full HD 1080P.Kết nối Wifi xem qua điện thoại.,https://www.lazada.vn/products/pdp-i3036257223.html,368.615 ₫,5.0,
(Tặng Chân Đế) Camera IP WIFI EZVIZ C6N G1 8MP Color 4K - Xoay 360 Độ Thông Minh + Đàm Thoại 2 Chiều + Theo Dõi Chuyển Động - Bản Nâng Cấp CS-C6N PRO,https://www.lazada.vn/products/pdp-i1457002492.html,649.000 ₫,4.0,
Streaming Webcam độ nét cao camera web với đèn LED ánh sáng phụ cho Win10 cho Android cho OS x,https://www.lazada.vn/products/pdp-i3048921115.html,218.036 ₫,,
Wedcame 1080P máy tính mini với phích cắm USB camera xoay để phát sóng trực tiếp gọi làm việc học online tiện lợi,https://www.lazada.vn/products/pdp-i1734394930.html,269.000 ₫,,
A9 Camera Giám Sát Wifi Mini 1080P HD Tầm Nhìn Ban Đêm Cuộc Sống Thông Minh Gia Đình Cảm Biến An Ninh Máy Quay Phim Giám Sát Video,https://www.lazada.vn/products/pdp-i2944610103.html,129.000 ₫,5.0,9 Đã bán
5MP Camera IP Wifi 5G Camera Quan Sát PTZ Thông Minh Theo Dõi Con Người 4X Zoom Tầm Nhìn Ban Đêm Full Ngoài Trời Chống Nước Trắng Camera Giám Sát,https://www.lazada.vn/products/pdp-i2981823127.html,341.000 ₫,5.0,28 Đã bán
Camera Giám Sát AHD/CVI/TVI Ngoài Trời Độ Phân Giải Cao 720p Với Tầm Nhìn Ban Đêm Hồng Ngoại Cho Bộ Truyền Hình BNC An Ninh Gia Đình,https://www.lazada.vn/products/pdp-i3205976993.html,289.850 ₫,,"96 Đã bán
Nước ngoài"
Camera Không Dây Xiaomi X5 1080P HD Wifi Tầm Nhìn Ban Đêm Phát Hiện Chuyển Động An Ninh Gia Đình Máy Quay Âm Thanh Đầu Ghi Video,https://www.lazada.vn/products/pdp-i3195697331.html,156.000 ₫,,
Camera Mini HD 1080P Di Động Nhỏ Bảo Mẫu Cam Trong Nhà An Ninh Bí Mật Video Ghi Âm Cho Văn Phòng Tại Nhà Giám Sát,https://www.lazada.vn/products/pdp-i3195663930.html,190.400 ₫,,
2K High Definition Computer Camera 2K HD Webcam USB Plug Network Live Broadcast High Definition Video Conference USB Camera 120 Degree Wide Viewing Angle Webcam with Built-in Microphone for Laptop Desktop,https://www.lazada.vn/products/pdp-i2919432632.html,339.720 ₫,,
4k webcam with microphone Auto Focus Computer Web Camera HD 5.0MP Webcam For Video Conferencing Live Streaming,https://www.lazada.vn/products/pdp-i2466693336.html,593.251 ₫,,
HQ 1080p webcam full HD web camera hd autofocus webcam with light,https://www.lazada.vn/products/pdp-i2466565486.html,734.121 ₫,,
Webcam USB 2K tự động tập trung Hifi cắm và chơi máy ảnh cho máy tính để bàn video chat,https://www.lazada.vn/products/pdp-i3043001653.html,761.348 ₫,,
TENXI3 Xách tay CCD máy ảnh kỹ thuật số 5MP 4K Video vlog máy ảnh kép 64G thẻ nhớ 8x zoom tự động lấy nét 2.4 inch màn hình cho sinh viên,https://www.lazada.vn/products/pdp-i3030171089.html,295.959 ₫,2.4,
Webcam Camera USB Độ Nét Cao 1080P 4K Cho Máy Tính Để Bàn Laptop Máy Tính Phát Sóng Trực Tiếp Lớp Lưới Mạng Hội Nghị Video,https://www.lazada.vn/products/pdp-i3181311571.html,229.000 ₫,,
"Camera máy tính độ nét cao 2K, phát sóng trực tiếp mạng, camera hội nghị video độ nét cao USB",https://www.lazada.vn/products/pdp-i3081382372.html,231.000 ₫,,
Camera Hành Động 4K 1080P/30FPS WiFi 2.0' Mũ Bảo Hiểm Chống Nước Dưới Nước Ghi Video Mini Cam Cho Thể Thao Ngoài Trời,https://www.lazada.vn/products/pdp-i2562885041.html,611.000 ₫,4.0,32 Đã bán
V380 nhà mới thông minh Camera mạng không dây trong nhà nổ Robot Lắc Máy Webcam,https://www.lazada.vn/products/pdp-i2983859449.html,473.136 ₫,,
Ultra HD 4K A311080P Webcam Máy Tính Camera USB Để Giảng Dạy Trực Tuyến Hội Nghị Video Phát Sóng Trực Tiếp Độ Phân Giải Cao,https://www.lazada.vn/products/pdp-i3186350976.html,103.200 ₫,,"60 Đã bán
Nước ngoài"
Webcam Full HD 1080P 30FPS Có Micrô Tích Hợp Cho Máy Tính Xách Tay - Camera Máy Tính USB Cho Cuộc Gọi Video Hội Nghị Và Chân Máy Du Lịch Bao Gồm,https://www.lazada.vn/products/pdp-i3084549250.html,277.000 ₫,,
"(AFHY) 4K Webcam with Microphone and Fill Light, HD Autofocus Computer Camera for Pc Laptop Desktop Video Calling,",https://www.lazada.vn/products/pdp-i3167728085.html,955.720 ₫,,
【YIDAO4】 CCD máy ảnh kỹ thuật số 5MP di động video máy quay tự động lấy nét 8X Zoom 2.4 inch màn hình retro vlog cam cho trẻ em trẻ em người mới bắt đầu,https://www.lazada.vn/products/pdp-i3030150262.html,239.716 ₫,2.4,
Camera PTZ Không Dây 8MP 4K HD 1080P Giám Sát Camera Quan Sát IP Ngoài Trời Với Tầm Nhìn Ban Đêm Màu Sắc AI Tự Động Theo Dõi Camera Wifi iCsee,https://www.lazada.vn/products/pdp-i2752089138.html,565.000 ₫,5.0,16 Đã bán
"Emeet c60e Nova 4K/2K/1080P Webcam streaming Camera cho PC, máy tính xách tay, máy ảnh máy tính, siêu HD, tự động lấy nét nhanh, chỉnh ánh sáng tự động, 73",https://www.lazada.vn/products/pdp-i2907541098.html,967.011 ₫,,
(Bán chạy 430bngf) Webcam 1080P Full HD Máy Tính PC Camera Web Với Microphone Xoay Máy Ảnh Cho Phát Sóng Trực Tiếp Cuộc Gọi Video Hội Nghị Làm Việc,https://www.lazada.vn/products/pdp-i3063460859.html,281.449 ₫,,
Camera cho máy tính nhìn trong đêm tôn ngộ không Phượng Hoàng Lửa Internet người nổi tiếng không có ổ đĩa Webcam giá rẻ,https://www.lazada.vn/products/pdp-i2987822644.html,381.719 ₫,,
(GJFZ) 1080P Webcam Full HD Camera for Laptop Computer USB Webcam with Dual Microphones for Zoom Video Calling Webcam,https://www.lazada.vn/products/pdp-i3164673994.html,730.136 ₫,,
【Fast and Free Delivery】 4K Webcam 1080P Mini Camera 2K Full HD Webcam with Microphone 30fps USB Web Cam for Auto Focus PC Laptop Video Camera,https://www.lazada.vn/products/pdp-i3220801684.html,496.300 ₫,,
【Official Authentic】Pulian TP-LINK USB Camera Desktop Laptop External Camera Online Class Meeting Office,https://www.lazada.vn/products/pdp-i3058689856.html,702.965 ₫,,
"Ổ đĩa miễn phí độ nét cao streaming Camera, máy tính với microphone, nền tảng cho giảng dạy trực tiếp và các cuộc họp Webcam",https://www.lazada.vn/products/pdp-i3073067370.html,391.099 ₫,,
"(XHJO) Digital Camera, 4K Children Camera for Photography, 64MP MP3 Player Camera, 2.8Inch IPS Screen, Auto Focus",https://www.lazada.vn/products/pdp-i2767456824.html,905.591 ₫,,
(CRTI) Industrial 4K USB Webcam PC Laptops Video 8MP Autofocus USB Camera IMX179 Sensor OTG UVC Plug & Play,https://www.lazada.vn/products/pdp-i3101070185.html,991.331 ₫,,
"Absq-tăng cường Mini 4K Camera An Ninh Gia Đình Wifi với thu phóng kỹ thuật số, giám sát trong nhà, nhìn trong đêm màu, màn hình bé",https://www.lazada.vn/products/pdp-i3108826253.html,607.788 ₫,,
Logitech C270 720P Màn Hình Rộng Webcam Video Máy Tính Xách Tay Camera cho PC Cho cuộc gọi video Và Ghi Âm,https://www.lazada.vn/products/pdp-i3223339545.html,734.000 ₫,,
Webcam Tiếng Ồn Hủy Bỏ 720P USB Camera Web Với 5 Lớp Ống Kính 60 Độ Rộng Góc 360 độ xoay Tương Thích Với 10,https://www.lazada.vn/products/pdp-i3213021653.html,231.000 ₫,,
4K 2K Mini Webcam 1080P HD for PC Laptop Autofocus 30 FPS USB Webcam with Noise-Reducing Mic&Privacy Cover Web Camera Portable,https://www.lazada.vn/products/pdp-i3189162676.html,363.096 ₫,,
"owltron Máy Ảnh Trong Nhà 2K,360 Độ An Ninh Gia Đình Camera , Màn Hình Bé Máy Ảnh Với Chức Năng Phát Hiện Chuyển Động , Với Ứng Dụng Điện Thoại 2.4G WiF",https://www.lazada.vn/products/pdp-i2933937728.html,869.449 ₫,,
1080P nhỏ gọn Độ nét cao Camera Wifi Espia cam nhà thông minh IP/AP Webcam giám sát từ xa an ninh máy quay nhỏ,https://www.lazada.vn/products/pdp-i3131862602.html,163.700 ₫,,
(EMGD) USB Webcam 4K 1080P Mini Camera 15-30Fps Fill Light Beauty Black ABS for PC Video Camera,https://www.lazada.vn/products/pdp-i3187634080.html,714.551 ₫,,
Camera IP siêu nhạy sáng ( Super Startlight ) 6.0Mp VisionCop,https://www.lazada.vn/products/pdp-i2509977883.html,2.197.000 ₫,5.0,
A9 Camera IP Mini 1080P HD Không Dây Tầm Nhìn Ban Đêm Kích Hoạt Bằng Giọng Nói Giám Sát An Ninh Máy Quay Cho WiFi Nhà Thông Minh,https://www.lazada.vn/products/pdp-i2992888314.html,164.000 ₫,,
Camera Giám Sát An Ninh Không Dây 2MP 1080P Wifi IP Cam Ngoài Trời Với AI Theo Dõi Con Người Âm Thanh Hai Chiều Màu Sắc Tầm Nhìn Ban Đêm,https://www.lazada.vn/products/pdp-i2902750021.html,252.000 ₫,,
Camera HD 1080P Chống Nước Cho Trẻ Em Với Màn Hình Màu 2 Inch Máy Ảnh Đồ Chơi Trẻ Em SLR Bao Gồm Thẻ Nhớ TF Để Chụp Ảnh Ngoài Trời,https://www.lazada.vn/products/pdp-i3195703446.html,334.900 ₫,,
Camera An Ninh PTZ Không Dây 2MP Ngoài Trời Với Zoom Kỹ Thuật Số 5X AI Theo Dõi Con Người Âm Thanh Hai Chiều Tầm Nhìn Ban Đêm HD Wifi IP,https://www.lazada.vn/products/pdp-i3143793483.html,256.000 ₫,,
Camera Mini Không Dây 2024 WiFi Từ Xa Màn Hình Nhỏ Camera IP Gia Đình Không Cần Cắm Siêu Dài Pin 1080P Full-HD,https://www.lazada.vn/products/pdp-i2722585293.html,295.000 ₫,,
Camera Không Dây Mini X5 1080P Tầm Nhìn Ban Đêm Phát Hiện Chuyển Động Giám Sát An Ninh Giám Sát Nhà Thông Minh Với Hỗ Trợ MicroSD / TF,https://www.lazada.vn/products/pdp-i3180469555.html,287.000 ₫,,
"Camera Không Dây WiFi Mini HD 1080P Với Cảm Biến Chuyển Động Và Phát Hiện Chuyển Động PIR, Camera An Ninh Ngoài Trời Với Đế Từ Tính Hotspot",https://www.lazada.vn/products/pdp-i3151813907.html,326.000 ₫,,
"(APEK) Night Vision Camera Module for 4, Mini 5MP 1080P HD Video OV5647 Sensor Webcam Kit with Embedded IR-Cut",https://www.lazada.vn/products/pdp-i2710323807.html,218.500 ₫,,
Camera Giám Sát Từ Xa Không Dây 1080P Mini IP Cam Đầu Ghi Video Trong Nhà Có WiFi Micro Cam Camera Nhỏ WD9-A,https://www.lazada.vn/products/pdp-i2623182191.html,708.000 ₫,5.0,11 Đã bán
USB Snake Inspection Camera USB C Borescope Scope Camera with 6 LED Lights for 10M OTG Android Phone Windows PC MacBook,https://www.lazada.vn/products/pdp-i3168502785.html,470.064 ₫,,
Flameer Webcam Camera cho máy tính cho ghi âm PC livestream hội nghị chơi game,https://www.lazada.vn/products/pdp-i2930510910.html,290.477 ₫,,
Mini Camera web hình ảnh rõ ràng ánh sáng thấp hiệu suất Camera Mini USB cho máy ảnh,https://www.lazada.vn/products/pdp-i3222688077.html,442.000 ₫,,
360° Smart Camera USB Webcam P2P Free Drive Video Digital Camera 2MP 1080P 360Degree AI Face Follow Auto Track for Online Teach,https://www.lazada.vn/products/pdp-i2893794963.html,836.965 ₫,,
4K High Definition Computer Camera Network Live Broadcast High Definition Video Conference USB Camera,https://www.lazada.vn/products/pdp-i2978466006.html,685.720 ₫,,
(IACY) 1080P Webcam Full HD Camera for Laptop Computer USB Webcam with Dual Microphones for Zoom Video Calling Webcam,https://www.lazada.vn/products/pdp-i3160381864.html,744.136 ₫,,
(SZHA) IMX179 Camera Module 8MP Autofocus 78 Degree High-Definition Mini IP Webcam CMOS 3264x2488 USB Plug Play for Laptop,https://www.lazada.vn/products/pdp-i3140588936.html,718.500 ₫,,
Gekowei 2063 2 triệu 1080P độ nét cao CSI giao diện mipi Camera Android Webcam,https://www.lazada.vn/products/pdp-i2987913734.html,585.719 ₫,,
(FTPU) IMX179 Camera Module 8MP Autofocus 78 Degree High-Definition Mini IP Webcam CMOS 3264x2488 USB Plug Play for Laptop,https://www.lazada.vn/products/pdp-i3202539554.html,724.500 ₫,,
B.T.F-Webcam 1080p Mini Camera Camera PC Laptop Video Recording Camera,https://www.lazada.vn/products/pdp-i3184381951.html,246.162 ₫,,
4K HD Monitoring Camera Dual Band WiFi Night Vision Baby Monitor Remote Network Surveillance Security Protection Camera,https://www.lazada.vn/products/pdp-i3080536890.html,216.400 ₫,,
Guke HD87 HD 1080P Computer Camera With Microphone Desktop Computer For Online Classes HD87 2K,https://www.lazada.vn/products/pdp-i3058956700.html,430.822 ₫,,
USB Webcam 4K 1080P Mini Camera with Microphone 15-30Fps Fill Light Beauty Black for PC Video Camera,https://www.lazada.vn/products/pdp-i3221872832.html,737.000 ₫,,
(QCMY) Industrial 4K USB Webcam PC Laptops Video 8MP Autofocus USB Camera IMX179 Sensor OTG UVC Plug & Play,https://www.lazada.vn/products/pdp-i3133899129.html,895.915 ₫,,
Logitech C270 720P Màn Hình Rộng Webcam Video Máy Tính Xách Tay Camera cho PC Cho cuộc gọi video Và Ghi Âm,https://www.lazada.vn/products/pdp-i3223362572.html,734.000 ₫,,
"Camera USB Mini HD 1080P Webcam Với Ống Kính 2.8/3.7mm Dành Cho PC, Camera An Ninh Ngoài Trời, Máy Quay Video, Webcam Cho Các Cuộc Họp Trực Tuyến",https://www.lazada.vn/products/pdp-i3175362291.html,670.000 ₫,2.8,
"Camera cho máy tính, máy tính để bàn máy tính xách tay, phát trực tiếp chuyên dụng cho các khóa học trực tuyến, hội nghị độ nét cao Webcam máy quay USB",https://www.lazada.vn/products/pdp-i2967128053.html,265.719 ₫,,
IMX179 Camera Module 8MP Autofocus 78 Degree High-Definition Mini IP Webcam CMOS 3264x2488 USB Plug Play for Laptop,https://www.lazada.vn/products/pdp-i3218413436.html,752.000 ₫,,
IMX179 Camera Module 8MP Autofocus 78 Degree High-Definition Mini IP Webcam CMOS 3264x2488 USB Plug Play for Laptop,https://www.lazada.vn/products/pdp-i3227299965.html,752.000 ₫,,
Camera An Ninh Gia Đình Màn hình wifi 1080p nhìn trong đêm ghi âm giám sát,https://www.lazada.vn/products/pdp-i2935440313.html,119.168 ₫,,
"Camera cho máy tính độ nét cao 1080P, máy tính xách tay để bàn, lớp học trực tuyến, bài kiểm tra có micrô, không cần trình điều khiển Webcam",https://www.lazada.vn/products/pdp-i2967008653.html,262.719 ₫,,
【ALA】-Webcam HD Web Camera Built-in Microphone USB Plug Web Cam for PC Computer Laptop Desktop Free Drive Household Camera,https://www.lazada.vn/products/pdp-i2846996339.html,251.000 ₫,,
(IKHR) 1080P Digital Camera 16MP HD Smart Digital Camera Micro-SLR Digital Camera for Photography Digital Camera,https://www.lazada.vn/products/pdp-i3207086941.html,823.110 ₫,,
Video Call Camera Intelligent Wifi Camera IPS Screen FHD 1080P One Click Call IP Camera Video Baby Monitor,https://www.lazada.vn/products/pdp-i2708508188.html,976.058 ₫,,
1080P Digital Camera with Flash Photo Video Mini Camera 2.0 Inch Screen Digital Zoom Camera for Child,https://www.lazada.vn/products/pdp-i2969575074.html,434.110 ₫,2.0,
"(CPOV) 4K Webcam with Microphone and Fill Light, HD Autofocus Computer Camera for Pc Laptop Desktop Video Calling, Easy to Use Fine Workmanship",https://www.lazada.vn/products/pdp-i3174876154.html,955.720 ₫,,
USB Webcam 4K 1080P Mini Camera 15-30Fps Fill Light Beauty ABS for PC Video Camera,https://www.lazada.vn/products/pdp-i3168241264.html,895.746 ₫,,
Cô tiên màu xanh HD50 1080p cuộc họp Mạng Camera cho máy tính chụp Webcam,https://www.lazada.vn/products/pdp-i2987806742.html,644.719 ₫,,
Webcam Có Micrô máy tính Webcam độ nét cao 1080P Camera Web máy tính USB góc rộng 120 độ với ổ đĩa miễn phí đèn lấp đầy để ghi âm cuộc gọi hội nghị chơi game tương thích với Windows Vista ios androi,https://www.lazada.vn/products/pdp-i3142891069.html,518.000 ₫,,
(CPOV) 1080P Webcam Full HD Camera for Laptop Computer USB Webcam with Dual Microphones for Zoom Video Calling Webcam,https://www.lazada.vn/products/pdp-i3182995052.html,727.136 ₫,,
XYX Xách tay CCD máy ảnh kỹ thuật số 5MP 4K Video vlog máy ảnh kép 64G thẻ nhớ 8x zoom tự động lấy nét 2.4 inch màn hình cho sinh viên,https://www.lazada.vn/products/pdp-i3030169199.html,323.826 ₫,2.4,
Webcam Tiếng Ồn Hủy Bỏ 720P USB Camera Web Với 5 Lớp Ống Kính 60 Độ Rộng Góc 360 độ xoay Tương Thích Với 10,https://www.lazada.vn/products/pdp-i3205516810.html,231.000 ₫,,
"(UYJN) 1080P Webcam with Microphone HD Webcam USB Camera for PC Laptop, Zoom, Skype, Facetime, , Linux",https://www.lazada.vn/products/pdp-i3033357865.html,253.100 ₫,,
"Lái Camera cho máy tính miễn phí, đăng ký khách sạn, Nhận dạng khuôn mặt, chụp hình, nhà để bàn có micrô, Webcam hội nghị phát trực tiếp",https://www.lazada.vn/products/pdp-i2966832210.html,188.719 ₫,,
Mới 10.1-inch 2 5 triệu tự động flash tự động lấy nét độ nét cao camera cho máy tính webcam,https://www.lazada.vn/products/pdp-i3072899819.html,265.099 ₫,,
"Webcam 1080p với kỷ nguyên web cam sáng với vỏ & micrô riêng tư tích hợp, chế độ xem web cam w/90 °, webcam usb cắm & phát để phát trực tuyến, cuộc gọi/hội nghị, zoom/Skype/Youtube, PC/máy tính xách tay/máy tính để bàn",https://www.lazada.vn/products/pdp-i2483134860.html,189.155 ₫,,
【TKA】-2K Webcam USB HD Camera PC Camera Computer Webcam with Privacy Cover for Live Broadcast/Video Call/Conference Work,https://www.lazada.vn/products/pdp-i2979847126.html,383.967 ₫,,
(XYSN) Webcam HD Web Camera Built-in Microphone USB Plug Web Cam for PC Computer Laptop Desktop Free Drive Household Camera,https://www.lazada.vn/products/pdp-i3043654868.html,207.720 ₫,,
【Customer favorite】 5.5mm Endoscopic Camera For Mobile 3in1 Type-C Usb C Borescope Mini Camera Piping Inspection Camera For Drain,https://www.lazada.vn/products/pdp-i3098072311.html,245.078 ₫,,
1080P Digital Camera with Flash Photo Video Mini Camera 2.0 Inch Screen Digital Zoom Camera for Child,https://www.lazada.vn/products/pdp-i3227729568.html,502.694 ₫,2.0,
Logitech C270 720P Màn Hình Rộng Webcam Video Máy Tính Xách Tay Camera cho PC Cho cuộc gọi video Và Ghi Âm,https://www.lazada.vn/products/pdp-i3223051899.html,734.000 ₫,,
Logitech C270 720P Màn Hình Rộng Webcam Video Máy Tính Xách Tay Camera cho PC Cho cuộc gọi video Và Ghi Âm,https://www.lazada.vn/products/pdp-i3223206735.html,734.000 ₫,,
webcam máy tính USB Không cần trình điều khiển mạng 1080P Camera hội nghị video trực tiếp lớp học trực tuyến HD,https://www.lazada.vn/products/pdp-i3148268797.html,414.317 ₫,,
2MP Tuya Smart Wifi Baby Monitor Surveillance 1080P Mini Camera with Auto Tracking 2-Way Audio IP Camera UK Plug Easy Install Easy to Use,https://www.lazada.vn/products/pdp-i3229054894.html,719.889 ₫,,
EKLEVA Kids Instant Print Camera Kids Thermal Print Camera Cartoon Instant Photo Printing Camera for 3-12 Years Kids,https://www.lazada.vn/products/pdp-i2903653693.html,999.000 ₫,,
Nhận Dạng Khuôn Mặt Webcam Với Duy Nhất Microphone Cho Windows Xin Chào Máy Tính Camera Web HD 1080P 2MP Cho Máy Tính Máy Tính Xách Tay,https://www.lazada.vn/products/pdp-i2842251658.html,958.100 ₫,,
Portable Digital Camera 16 Million HD Pixel Compact Home Digital Camera for Kids Teens Seniors,https://www.lazada.vn/products/pdp-i2959730628.html,397.551 ₫,,
"Máy tính phát trực tiếp 1080P Camera độ nét cao, hội nghị với micrô, các khóa học trực tuyến, sử dụng tại nhà, không cần ổ đĩa Webcam",https://www.lazada.vn/products/pdp-i3073060318.html,252.099 ₫,,
2.4G&5G Dual Band WIFI Full Color Night Vision Wireless PTZ IP Camera AI Humanoid Motion Detection Baby Monitor EU PLUG,https://www.lazada.vn/products/pdp-i2954913221.html,383.202 ₫,,
4K Webcam Full HD Web Camera with Microphone USB Plug Auto Autofocus Web Cam for PC Laptop Computer Desktop Camera,https://www.lazada.vn/products/pdp-i3150210614.html,561.551 ₫,,
"Camera cho máy tính, máy tính xách tay, Máy tính để bàn với microphone, trẻ em, sinh viên, các khóa học trực tuyến, USB Ổ đĩa miễn phí Webcam",https://www.lazada.vn/products/pdp-i2987964595.html,380.719 ₫,,
480P HD Webcam có mic xoay PC Nhỏ Để Bàn Camera Web Ghi video thiết bị ngoại vi cho máy tính làm việc,https://www.lazada.vn/products/pdp-i2683413681.html,511.253 ₫,,
(WPSJ) 1080P Webcam Full HD Camera for Laptop Computer USB Webcam with Dual Microphones for Zoom Video Calling Webcam,https://www.lazada.vn/products/pdp-i3195663487.html,755.136 ₫,,
4K Webcam Full HD Web Camera with Microphone USB Plug Auto Autofocus Web Cam for PC Laptop Computer Desktop Camera,https://www.lazada.vn/products/pdp-i3208582330.html,559.551 ₫,,
Identification Login Web Camera 1MP 720P forWin10/11 USB Computer Webcam Computer Web Camera forComputer Laptop,https://www.lazada.vn/products/pdp-i3085958827.html,668.110 ₫,,
(MDQS) Industrial 4K USB Webcam PC Laptops Video 8MP Autofocus USB Camera IMX179 Sensor OTG UVC Plug & Play,https://www.lazada.vn/products/pdp-i3183524732.html,861.915 ₫,,
"Digital Camera, 4K Children Camera for Photography, 64MP MP3 Player Camera, 2.8Inch IPS Screen, Auto Focus",https://www.lazada.vn/products/pdp-i2850633547.html,973.000 ₫,,
【Latest model】Mini Retro Campus Digital Camera Outdoor Travel Camera Portable Kids Camera with 0.96 Inch Screen Portable Video Camera,https://www.lazada.vn/products/pdp-i3215728723.html,795.772 ₫,,
Giám sát 3 triệu điểm ảnh độ nét cao Camera mạng gia đình tầm nhìn ban đêm máy ảnh bảo mật ip không thấm nước,https://www.lazada.vn/products/pdp-i3042912722.html,532.821 ₫,,
【Hot demand】 4K Webcam 1080P Mini Camera 2K Full HD Webcam with Microphone 30fps USB Web Cam for Auto Focus PC Laptop Video Camera,https://www.lazada.vn/products/pdp-i3220917011.html,400.178 ₫,,
Webcam Web Camera for Skype with Built-in Microphone USB Video Camera for Desktop Notebook PC,https://www.lazada.vn/products/pdp-i2856962611.html,85.000 ₫,,
(SBTZ) IMX179 Camera Module 8MP Autofocus 78 Degree High-Definition Mini IP Webcam CMOS 3264x2488 USB Plug Play for Laptop,https://www.lazada.vn/products/pdp-i3140661223.html,719.500 ₫,,
(Bán chạy 430bngf) 2K Webcam 1080p cho PC camera Web cam USB trực tuyến Webcam Có Micrô tự động lấy nét Full HD 720 P Web Có thể webcan cho máy tính,https://www.lazada.vn/products/pdp-i3063534282.html,440.133 ₫,,
Logitech C270 720P Màn Hình Rộng Webcam Video Máy Tính Xách Tay Camera cho PC Cho cuộc gọi video Và Ghi Âm,https://www.lazada.vn/products/pdp-i3223440262.html,734.000 ₫,,
4K Digital Camera HD Photography Travel Selfie Camara 2.4inch Selfie Mini Retro Cam,https://www.lazada.vn/products/pdp-i2699599305.html,621.669 ₫,,
Webcam Mini PC USB Camera 1080P Camera Professional HD Web Cam With Microphone For Computer Office Game Streaming,https://www.lazada.vn/products/pdp-i3231629798.html,202.000 ₫,,
Yours MO-Identification Login Web Camera with Single Microphone for Hello USB Computer Webcam,https://www.lazada.vn/products/pdp-i2946042935.html,800.772 ₫,,
"Máy tính 1080P độ nét cao mới, phát trực tiếp văn phòng, khóa học trực tuyến, Camera hội nghị, webcam Micrô tích hợp miễn phí ổ đĩa USB",https://www.lazada.vn/products/pdp-i2966756654.html,561.719 ₫,,
(SBTZ) 1080P Webcam Full HD Camera for Laptop Computer USB Webcam with Dual Microphones for Zoom Video Calling Webcam,https://www.lazada.vn/products/pdp-i3187619466.html,777.000 ₫,,
48MP HD Mini Camera 2.4in IPS Display 16X Zoom Digital Camera 4K Video Camera with Fill Light for Kids Students,https://www.lazada.vn/products/pdp-i3168239095.html,510.305 ₫,,
2025 Mới 4K A9 Camera Wifi Mini Không Dây Hồng Ngoại Nhìn Đêm Phát Hiện Chuyển Động An Ninh Ngôi Nhà Giám Sát Cam Có Màn Hình,https://www.lazada.vn/products/pdp-i3132383202.html,165.000 ₫,5.0,
Camera An Ninh Wifi Mini HD 1080P Máy Quay Giám Sát Nhà Thông Minh Không Dây Có Cảm Biến Để Giám Sát Video An Toàn,https://www.lazada.vn/products/pdp-i3194838331.html,123.500 ₫,,
Camera Giám Sát A9 Mini HD Có Wifi Night Vision 720P Máy Quay An Ninh Gia Đình Thông Minh,https://www.lazada.vn/products/pdp-i2862694905.html,165.000 ₫,5.0,
Camera Giám Sát Không Dây X5Mini 1080P Tầm Nhìn Ban Đêm Nhẹ Di Động Với Tính Năng Phát Hiện Chuyển Động Camera IP Hình Ảnh Rõ Nét,https://www.lazada.vn/products/pdp-i3209225912.html,134.400 ₫,,
Camera Giám Sát Tầm Nhìn Ban Đêm Từ Xa Không Dây Thông Minh A9 Camera Giám Sát Kẹp Wifi An Ninh Gia Đình Từ Trung Quốc Đại Lục,https://www.lazada.vn/products/pdp-i3180415113.html,168.000 ₫,,
Camera WiFi Không Dây Mini 1080P HD Camera IP Chống Trộm Trong Nhà An Ninh Nhà Thông Minh Với Điều Khiển Ứng Dụng Bằng Giọng Nói Video Thời Gian Thực,https://www.lazada.vn/products/pdp-i3118560865.html,323.000 ₫,5.0,5 Đã bán
Camera Giả Không Dây WiFi Chạy Bằng Năng Lượng Mặt Trời Thiết Bị Mô Phỏng Giám Sát Video LED Nhấp Nháy Ngoài Trời Cho An Ninh,https://www.lazada.vn/products/pdp-i3043191752.html,220.000 ₫,,
Camera Mini X5 Camera Giám Sát An Ninh Không Dây 1080P Với Tầm Nhìn Ban Đêm Và Phát Hiện Chuyển Động Để Giám Sát Nhà Thông Minh,https://www.lazada.vn/products/pdp-i3045755720.html,122.000 ₫,,
Camera IP WiFi 6MP Với Ống Kính Kép Màn Hình Kép Giám Sát Trẻ Em An Ninh Gia Đình PTZ Tự Động Theo Dõi Camera Quan Sát Giám Sát Video Trắng iCsee,https://www.lazada.vn/products/pdp-i2981812152.html,350.250 ₫,5.0,6 Đã bán
YUYIN4 Xách tay CCD máy ảnh kỹ thuật số 5MP 4K Video vlog máy ảnh kép 64G thẻ nhớ 8x zoom tự động lấy nét 2.4 inch màn hình cho sinh viên,https://www.lazada.vn/products/pdp-i3034748389.html,343.255 ₫,2.4,
4K 8MP 5MP 4MP Camera Quan Sát Video Camera Giám Sát Ip66 Chống Nước HD Tầm Nhìn Ban Đêm An Ninh Đường Phố Viên Đạn Phong Cách Để Sử Dụng Trong Nhà Và Ngoài Trời,https://www.lazada.vn/products/pdp-i2778051476.html,594.000 ₫,5.0,
Camera Ngoài Máy Tính 4K Thiết Kế Tích Hợp Có Micrô Cho Máy Tính Để Bàn Máy Tính Xách Tay Hội Nghị Phát Sóng Trực Tiếp Camera USB,https://www.lazada.vn/products/pdp-i3181239889.html,148.500 ₫,,
Camera Hành Động Ultra HD 4K/30fps WiFi Màn Hình 2.0 Inch 170D Chống Nước Dưới Nước Để Đi Xe Đạp Mũ Bảo Hiểm Trượt Tuyết Ghi Video,https://www.lazada.vn/products/pdp-i2911812155.html,512.000 ₫,5.0,9 Đã bán
Camera IP 4K 8MP POE 2.8mm AI Màu Sắc Tầm Nhìn Ban Đêm Camera Quan Sát Tại Nhà Giám Sát Video An Ninh H.265 Onvif Góc Rộng Màu Trắng,https://www.lazada.vn/products/pdp-i2776841032.html,596.000 ₫,5.0,15 Đã bán
LS tầm nhìn 20MP 10x Zoom Camera CCTV WIFI bốn ống kính liên kết PTZ hình người theo dõi camera an ninh gia đình ngoài trời không thấm nước đầy màu sắc nhìn trong đêm 24 giờ ghi video IP Camera,https://www.lazada.vn/products/pdp-i2922570060.html,1.146.329 ₫,,
Ls tầm nhìn 6K ba thấu kính Wifi Camera CCTV 12MP 10x lai Zoom quang học ngoài trời không thấm nước liên kết PTZ hình người theo dõi camera an ninh gia đình nhìn trong đêm đầy màu sắc 24 giờ ghi video IP Camera,https://www.lazada.vn/products/pdp-i2376781401.html,1.227.729 ₫,4.0,51 Đã bán
Camera Máy Tính USB 4K Ultra HD B12 Cuộc Họp Trực Tiếp 2K Thiết Bị Văn Phòng Không Cần Trình Điều Khiển Để Giảng Dạy Lớp Lưới,https://www.lazada.vn/products/pdp-i3195961040.html,145.500 ₫,,
Camera Hành Động 4K WiFi Màn Hình 2.0 Inch Camera Video Thể Thao Dưới Nước Chống Nước Cho Mũ Bảo Hiểm Xe Máy Hoạt Động Ngoài Trời,https://www.lazada.vn/products/pdp-i3105798319.html,548.000 ₫,2.0,
Camera IP Mini 1080P HD Wifi Giám Sát Camera Quan Sát Tầm Nhìn Ban Đêm Thông Minh Trẻ Em Theo Dõi Thông Minh Điều Khiển Ứng Dụng YsxLite,https://www.lazada.vn/products/pdp-i3159929256.html,516.000 ₫,,
Children'S Camera Instant Print 48 Million High-Definition Dual Cameras Mini Video Camera Photo Thremal Printing,https://www.lazada.vn/products/pdp-i2728398941.html,449.934 ₫,,
Máy ảnh máy ảnh cực kỳ mỏng thanh trượt máy ảnh chụp màn hình webcam cho máy tính xách tay máy tính xách tay JS-004-VN,https://www.lazada.vn/products/pdp-i3146547637.html,40.000 ₫,,
Webcam Có Micrô máy tính Webcam độ nét cao 1080P Camera Web máy tính USB góc rộng 120 độ với ổ đĩa miễn phí đèn lấp đầy để ghi âm cuộc gọi hội nghị chơi game tương thích với Windows Vista ios androi,https://www.lazada.vn/products/pdp-i3212937037.html,445.000 ₫,,
"Camera An Ninh Không Dây PTZ 8MP Wifi IP Ngoài Trời Với Zoom 4X, Theo Dõi Chuyển Động Người Bằng AI, Âm Thanh Hai Chiều, Tầm Nhìn Ban Đêm HD Màu Sắc",https://www.lazada.vn/products/pdp-i3211295443.html,313.650 ₫,,"144 Đã bán
China"
Camera Để Bàn HD USB 2.0 Có Micrô Webcam Xoay 360 Độ Cho PC Laptop Skype MSN - YOSOO Web Camera,https://www.lazada.vn/products/pdp-i3161652944.html,206.000 ₫,2.0,
Mini High Clarity 1080P Rotatable PC Computer Webcam Camera with Microphone for Live Broadcast Practical Mini Webcam,https://www.lazada.vn/products/pdp-i3154805372.html,222.100 ₫,,
Insta360 một RS Camera hành động 1-inch 360 phiên bản Insta 360 4K 5.7K video flowstate ổn định máy ảnh thể thao chống nước,https://www.lazada.vn/products/pdp-i2386926020.html,18.564.000 ₫,,
Camera USB Clip-On Độ Phân Giải Cao Có Tích Hợp Micrô Cho Máy Tính Không Cần Trình Điều Khiển Để Học Trực Tuyến Và Phát Trực Tiếp,https://www.lazada.vn/products/pdp-i3171820732.html,132.000 ₫,,
Camera Wifi Không Dây Mini 1080P HD X6 Ngoài Trời Phát Hiện Chuyển Động Camera An Ninh Tầm Nhìn Ban Đêm Nhỏ Cầm Tay Có Hỗ Trợ Thẻ Nhớ MicroSD,https://www.lazada.vn/products/pdp-i2999349095.html,224.000 ₫,,
"Camera An Ninh Wifi Linook 1080P Với Màn Hình IPS 2,8 Inch Camera Quan Sát Thông Minh Ngoài Trời Trong Nhà Video Hai Chiều Giám Sát Di Động Màu Trắng",https://www.lazada.vn/products/pdp-i2993887381.html,427.200 ₫,2.8,
(QJWR) Industrial 4K USB Webcam PC Laptops Video 8MP Autofocus USB Camera IMX179 Sensor OTG UVC Plug & Play,https://www.lazada.vn/products/pdp-i3088744858.html,837.331 ₫,,
2MP 1080P 360Degree AI Face Follow Auto USB Tracking Webcam P2P Free Drive Video Digital Camera for Online Teaching Boardcast,https://www.lazada.vn/products/pdp-i2893912689.html,843.028 ₫,,
Webcam 4K 1080P Mini Full HD USB Camera Có Micro 30 Khung Hình / Giây Tự Động Lấy Nét Cho PC Laptop Quay Video,https://www.lazada.vn/products/pdp-i2594348752.html,824.000 ₫,5.0,89 Đã bán
Máy ảnh wifi không dây HD 2MP nhìn trong đêm cảm biến chuyển động màn hình giám sát bé an ninh Camera giám sát âm thanh hai chiều cho trong nhà,https://www.lazada.vn/products/pdp-i3136433603.html,351.000 ₫,,
Webcam USB Độ Phân Giải Cao Cho Máy Tính Xách Tay - Camera Web Video Mạng Độ Phân Giải Hình Ảnh Rõ Ràng Cho Máy Tính Văn Phòng,https://www.lazada.vn/products/pdp-i3181357569.html,167.000 ₫,,
"(SDRB) 4K Webcam with Microphone and Fill Light, HD Autofocus Computer Camera for Pc Laptop Desktop Video Calling,",https://www.lazada.vn/products/pdp-i3172990867.html,952.720 ₫,,
Camera nhận dạng khuôn mặt Webcam USB góc nhìn 80 độ điều khiển tự động đa chức năng cho Windows 10 11 cho hội nghị truyền hình,https://www.lazada.vn/products/pdp-i3201882233.html,902.527 ₫,,
Webcam Máy Tính Nhận Dạng Khuôn Mặt 30fps Dễ Dàng Để Cài Đặt Được Xây Dựng Trong Tiếng Ồn Hủy Bỏ Mic Camera cho máy tính 1080P Cho Nhà,https://www.lazada.vn/products/pdp-i3075165537.html,920.264 ₫,,
Mini Digital Camera 1080P 2 MP 100 Minutes Battery Life Small Video Camera with Color Screen Wrist Strap for Teens Kids,https://www.lazada.vn/products/pdp-i3037293927.html,505.400 ₫,,
"(EBIO) Night Vision Camera Module for 4, Mini 5MP 1080P HD Video OV5647 Sensor Webcam Kit with Embedded IR-Cut",https://www.lazada.vn/products/pdp-i2917195139.html,243.500 ₫,,
(MYRG) 1080P Digital Camera 16MP HD Smart Digital Camera Micro-SLR Digital Camera for Photography Digital Camera,https://www.lazada.vn/products/pdp-i3180194705.html,823.110 ₫,,
"Camera đứng USB để bàn, webcam phát trực tuyến HD 1080P(2K) 30hz có mic, 360 độ ° Camera di động xoay với ống kính góc rộng, thích hợp cho hội nghị/cuộc gọi/lớp học trực tuyến/phát sóng trực tiếp",https://www.lazada.vn/products/pdp-i3102915215.html,604.983 ₫,,
(NVIS) Webcam Mini PC USB Camera 1080P Camera With Microphone For Computer Office Game Streaming,https://www.lazada.vn/products/pdp-i3171614091.html,181.967 ₫,,
"Máy Tính USB Camera mạng độ nét cao, dạy học trực tiếp mà không cần Webcam trình điều khiển và micrô",https://www.lazada.vn/products/pdp-i2966650995.html,329.719 ₫,,
(Security Protection) Monitor Camera Baby Monitor Robo 3 IP Antenna Wifi 360 º 720P Yoosee APP Surveillance Camera,https://www.lazada.vn/products/pdp-i2641542938.html,784.689 ₫,,
Webcam Web Camera for Skype with Built-in Microphone USB Video Camera for Desktop Notebook PC,https://www.lazada.vn/products/pdp-i3231247309.html,137.000 ₫,,
"(TVDB) Night Vision Camera Module for 4, Mini 5MP 1080P HD Video OV5647 Sensor Webcam Kit with Embedded IR-Cut",https://www.lazada.vn/products/pdp-i2701119536.html,214.500 ₫,,
Anzhijia A30 độ nét cao 2K vẻ đẹp phát trực tiếp máy tính USB Camera 1080P hội nghị Webcam,https://www.lazada.vn/products/pdp-i3073086365.html,318.099 ₫,,
Anzhijia A30 độ nét cao 2K vẻ đẹp phát trực tiếp máy tính USB Camera 1080P hội nghị Webcam,https://www.lazada.vn/products/pdp-i2967140190.html,288.719 ₫,,
(UYJA) Industrial 4K USB Webcam PC Laptops Video 8MP Autofocus USB Camera IMX179 Sensor OTG UVC Plug & Play,https://www.lazada.vn/products/pdp-i2931300702.html,705.331 ₫,,
"1080P HD Digital Camera for Kids Photography Mini Portable 0.96-Inch Screen, 4x Optical Zoom Perfect Birthday Gift",https://www.lazada.vn/products/pdp-i3221969259.html,260.000 ₫,,
Original Build In Camera Webcam For ACER Aspire A515-51 An515 AN515-41-57 A517-51 PH315,https://www.lazada.vn/products/pdp-i3090452805.html,715.215 ₫,,
Webcam Có Micrô máy tính Webcam độ nét cao 1080P Camera Web máy tính USB góc rộng 120 độ với ổ đĩa miễn phí đèn lấp đầy để ghi âm cuộc gọi hội nghị chơi game tương thích với Windows Vista ios androi,https://www.lazada.vn/products/pdp-i3212480933.html,445.000 ₫,,
"(ERBS) 4K Webcam with Microphone and Fill Light, HD Autofocus Computer Camera for Pc Laptop Desktop Video Calling, Easy to Use Fine Workmanship",https://www.lazada.vn/products/pdp-i3174941874.html,955.720 ₫,,
Webcam USB Camera 1080P 30FPS Streaming Web Camera Autofocus Living Stream Camera with Mics for Desktop Meeting,https://www.lazada.vn/products/pdp-i3181631365.html,934.356 ₫,,
(Bán chạy 430bngf) Camera Web 10MP HD USB 2.0 truyền hình trực tiếp độ nét cao xách tay Webcam có mic cho hộ gia đình phụ kiện máy tính Webcam 4k,https://www.lazada.vn/products/pdp-i3063425974.html,530.449 ₫,2.0,
(MFPG) 1080P Webcam Full HD Camera for Laptop Computer USB Webcam with Dual Microphones for Zoom Video Calling Webcam,https://www.lazada.vn/products/pdp-i3148321935.html,744.136 ₫,,
"Fakg046-Digital Camera, 4K Children Camera for Photography, 64MP MP3 Player Camera, 2.8Inch IPS Screen, Auto Focus",https://www.lazada.vn/products/pdp-i2782371301.html,916.591 ₫,,
3X 5G Wifi Bulb Night Vision Camera Surveillance Full Color Automatic Human Tracking Video Security Monitor Cam,https://www.lazada.vn/products/pdp-i2706504320.html,628.216 ₫,,
3X Mô-đun Camera 5MP Webcam Dành Cho Raspberry Pi Zero W/Zero/ Raspberry Pi 3 Model B /4B-A74Z,https://www.lazada.vn/products/pdp-i3184676649.html,861.556 ₫,,
1080P USB Webcam Computer Camera with HiFi Speaker Microphone Computer Camera Video Conference Camera Parts for PC Laptop,https://www.lazada.vn/products/pdp-i3034759798.html,973.262 ₫,,
(MDQS) 1080P Webcam Full HD Camera for Laptop Computer USB Webcam with Dual Microphones for Zoom Video Calling Webcam,https://www.lazada.vn/products/pdp-i3072581498.html,730.136 ₫,,
4K Full HD Autofocus Camera 30fps Web Cam Built-in Microphone for Gaming Live Streaming Video Calls Meeting Driver-Free USB Plug Laptop PC Work,https://www.lazada.vn/products/pdp-i3195183196.html,529.872 ₫,,
【Joyfeel gaming】Students Gift Mini Retro Camera Portable Videography Device School Life Memory Portable Videography Device Students Gift Mini Retro Camera Digital Camera 1080P HD Thumb Camcorder,https://www.lazada.vn/products/pdp-i3217797754.html,748.000 ₫,,
【Upgrade Your Style】 4K Webcam 1440P 2K Web Camera 1080P EMEET C60E Autofocus USB Computer Camera for Living/ Video Call/ Conference,https://www.lazada.vn/products/pdp-i3164514428.html,864.011 ₫,,
Giám sát camera wifi 1080p di động từ xa màn hình ngoài trời độ nét cao nhìn trong đêm Camera không dây Webcam,https://www.lazada.vn/products/pdp-i3073067693.html,403.099 ₫,,
(AJDC) Webcam Web Camera for Skype with Built-in Microphone USB Video Camera for Desktop Notebook PC,https://www.lazada.vn/products/pdp-i3180896207.html,103.100 ₫,,
"Độ nét cao Wifi cho trong nhà và ngoài trời không dây cho gia đình giám sát, điện thoại di động Camera từ xa Robot Webcam",https://www.lazada.vn/products/pdp-i3073028672.html,730.099 ₫,,
(CRIB) Digital Camera Digital Camera with Backlight for COOLPIX S4000 S4100 S6100 L110,https://www.lazada.vn/products/pdp-i2711125651.html,220.400 ₫,,
HD 1080p 30fps Màn hình máy ảnh 80 góc rộng USB máy tính Web Camera với Dual Micro tự động lấy nét Web Camera cho Windows Hello,https://www.lazada.vn/products/pdp-i2872887343.html,983.261 ₫,,
"13MP Camera Module 13850 Webcam Length 3000mm, 1300W Pixels Camera RK3358/3358S for 5/5B/5Plus",https://www.lazada.vn/products/pdp-i3067393972.html,743.400 ₫,,
【Moresea】Mini Retro Campus Digital Camera with 0.96 Inch Screen Portable Video Camera Outdoor Travel Kids' Use,https://www.lazada.vn/products/pdp-i3217070598.html,795.772 ₫,,
Kỹ Thuật Số trình điều khiển USB miễn phí Webcam giảm tiếng ồn rõ ràng tuyệt vời 2K 360 độ xoay camera Web,https://www.lazada.vn/products/pdp-i2683383363.html,589.253 ₫,,
"Camera giám sát không dây thông minh ngoài trời Sản phẩm bán chạy, theo dõi hình người, Webcam Màn hình Wifi nhìn trong đêm Độ phân giải cao đầy màu sắc",https://www.lazada.vn/products/pdp-i3073016879.html,265.099 ₫,,
"Máy tính độ nét cao 2K/4K không máy quay USB ổ đĩa, Webcam Camera làm đẹp phát trực tiếp hội nghị",https://www.lazada.vn/products/pdp-i2966850104.html,300.719 ₫,,
(AJDC) USB Webcam 4K 1080P Mini Camera 15-30Fps Fill Light Beauty Black ABS for PC Video Camera,https://www.lazada.vn/products/pdp-i3207107358.html,725.551 ₫,,
"(JZVD) 4K Webcam with Microphone and Fill Light, HD Autofocus Computer Camera for Pc Laptop Desktop Video Calling, Easy to Use",https://www.lazada.vn/products/pdp-i3084286384.html,955.525 ₫,,
(VFOP) Industrial 4K USB Webcam PC Laptops Video 8MP Autofocus USB Camera IMX179 Sensor OTG UVC Plug & Play,https://www.lazada.vn/products/pdp-i3048470603.html,842.331 ₫,,
2.4G WiFi Camera 360 Degree Ball Machine 1080P HD Surveillance Camera Alarm Function Outdoor Wifi Monitor Cam Household Security,https://www.lazada.vn/products/pdp-i2381520693.html,460.208 ₫,,
(XVCW) 1080P Webcam Full HD Camera for Laptop Computer USB Webcam with Dual Microphones for Zoom Video Calling Webcam,https://www.lazada.vn/products/pdp-i3154874440.html,715.136 ₫,,
Y3000 Webcam nhỏ DVR SLR hình máy ảnh mini 1080P Túi DVR Camera hành động,https://www.lazada.vn/products/pdp-i2938271347.html,482.000 ₫,,
Camera Mini HD 1080P X5 An Ninh Ngôi Nhà Thông Minh 720P A9 IP WiFi Camera Di Động Giám Sát Từ Xa Hỗ Trợ Thẻ SD,https://www.lazada.vn/products/pdp-i3008008661.html,158.000 ₫,5.0,
"Camera Giả Lập Giám Sát CCTV Ngoài Trời Với Đèn LED Nhấp Nháy Chống Nước, Trang Trí Nhà Cửa An Toàn, Sử Dụng Năng Lượng Mặt Trời",https://www.lazada.vn/products/pdp-i2950592996.html,151.000 ₫,5.0,24 Đã bán
Camera An Ninh Tầm Nhìn Ban Đêm Không Dây HD 2025 A9 Camera IP Giám Sát Mạng Gia Đình Độ Phân Giải Cao,https://www.lazada.vn/products/pdp-i3192921463.html,89.050 ₫,,
Camera An Ninh Độ Phân Giải Cao Không Dây Giám Sát Từ Xa Ngoài Trời Trong Nhà Camera IP Giám Sát Chạy Bằng Pin,https://www.lazada.vn/products/pdp-i3192994396.html,231.200 ₫,,
FUERS 3MP HD Wifi IP PTZ Ngoài Trời Với Zoom Kỹ Thuật Số 4X Phát Hiện Con Người AI Tự Động Theo Dõi Giám Sát Camera Mái Vòm Trắng,https://www.lazada.vn/products/pdp-i3087736995.html,281.000 ₫,3.0,5 Đã bán
Camera Wifi Mini Không Dây HD 480P Video Hồng Ngoại Nhìn Đêm Trong Nhà Giám Sát An Ninh Gia Đình Máy Quay Có Hỗ Trợ MicroSD,https://www.lazada.vn/products/pdp-i2654867971.html,452.000 ₫,4.0,81 Đã bán
A9 2MP Camera Không Dây Mini Giám Sát An Ninh WiFi Giám Sát Từ Xa Máy Quay Phim Giám Sát Nhà Thông Minh 1080P Bảo Vệ Full-HD,https://www.lazada.vn/products/pdp-i3177362405.html,189.000 ₫,,
Camera WiFi Mini 4K HD Voice USB Camera Giám Sát Tầm Nhìn Ban Đêm Có Thể Sạc Lại Để Xem Từ Xa Trong Nhà Ngoài Trời Với Loa Micro,https://www.lazada.vn/products/pdp-i2776202139.html,538.000 ₫,3.0,10 Đã bán
Camera IP WiFi 4K 6MP Màn Hình Kép Trẻ Em AI Phát Hiện Con Người Phát Hiện Chuyển Động Màu Sắc Tầm Nhìn Ban Đêm Cho An Ninh Gia Đình,https://www.lazada.vn/products/pdp-i3082920755.html,504.000 ₫,5.0,7 Đã bán
VIKEFON 1080P HD Camera An Ninh Không Dây Mini A9 Wifi Giám Sát Máy Quay Có Cảm Biến Màu Sắc Tầm Nhìn Ban Đêm Cho Nhà Thông Minh,https://www.lazada.vn/products/pdp-i3229302656.html,117.600 ₫,,
Logitech C270 720P Màn Hình Rộng Webcam Video Máy Tính Xách Tay Camera cho PC Cho cuộc gọi video Và Ghi Âm,https://www.lazada.vn/products/pdp-i3223434250.html,734.000 ₫,,
"{UU61} Camera Máy Tính JDB 4K HD Đèn Lấp Đầy Ba Màu USB Live Streaming 1080, Có Micro Âm Thanh Beauty Wide Angle 2K",https://www.lazada.vn/products/pdp-i3118275240.html,298.572 ₫,,
1080P HD Digital Instant Print Camera 1300mAh Kids Printer Camera with MP3 Player&5 Games for Girls Boys Birthday Gift,https://www.lazada.vn/products/pdp-i3205677838.html,506.253 ₫,,
Camera IP 5MP POE An Ninh Trong Nhà Camera Quan Sát Màu Sắc Giám Sát Tầm Nhìn Ban Đêm Với Âm Thanh Hai Chiều Cho Hệ Thống POE XMEye Pro iCSee Cam,https://www.lazada.vn/products/pdp-i3105697764.html,609.000 ₫,,
(RSDF) 1080P Webcam Full HD Camera for Laptop Computer USB Webcam with Dual Microphones for Zoom Video Calling Webcam,https://www.lazada.vn/products/pdp-i3212136526.html,745.000 ₫,,
(SWBX) Industrial 4K USB Webcam PC Laptops Video 8MP Autofocus USB Camera IMX179 Sensor OTG UVC Plug & Play,https://www.lazada.vn/products/pdp-i3045393615.html,848.331 ₫,,
Webcam Máy Tính Độ Nét Cao Với Micro USB Bên Ngoài Cho Laptop Máy Tính Để Bàn Sử Dụng Tại Nhà Lưới Khóa Học Camera Đặc Biệt,https://www.lazada.vn/products/pdp-i3155215091.html,264.000 ₫,,
"Digital Camera, 4K Children Camera for Photography, 64MP MP3 Player Camera, 2.8Inch IPS Screen, Auto Focus",https://www.lazada.vn/products/pdp-i2707084871.html,916.591 ₫,,
(QJWR) 1080P Webcam Full HD Camera for Laptop Computer USB Webcam with Dual Microphones for Zoom Video Calling Webcam,https://www.lazada.vn/products/pdp-i3135399952.html,758.136 ₫,,
"Digital Camera, 4K Children Camera for Photography, 64MP MP3 Player Camera, 2.8Inch IPS Screen, Auto Focus",https://www.lazada.vn/products/pdp-i2906177626.html,791.720 ₫,,
1080p webcam 4K Web camera with microphone pc 60fps HD full webcam Cam for computer web USB 1080p camera for PC,https://www.lazada.vn/products/pdp-i2804729363.html,482.975 ₫,,
jianqian-1080P HD Camera for Toddler 2.4Inch Screen Autofocus Cute Cartoon MP3 Video Selfie Camera for Xmas Birthday Gifts,https://www.lazada.vn/products/pdp-i3192807687.html,922.669 ₫,,
Camera IP Không Dây PTZ Với Ống Kính Kép Tự Động Theo Dõi Camera Quan Sát An Ninh Trong Nhà Tầm Nhìn Ban Đêm Wi-Fi HD Camera Giám Sát Tại Nhà 1080P,https://www.lazada.vn/products/pdp-i3226627624.html,459.200 ₫,,
Industrial 4K USB Webcam PC Laptops Video 8MP Autofocus USB Camera IMX179 Sensor OTG UVC Plug & Play,https://www.lazada.vn/products/pdp-i3210375384.html,867.000 ₫,,
Webcam Mini 1080P 60fps Full HD USB Camera web với Microphone cho máy tính để bàn máy tính để bàn Gamer webcast cuộc gọi video hội nghị workxdhgmy,https://www.lazada.vn/products/pdp-i2383750492.html,491.467 ₫,,
Camera WiFi Mini 4K HD Tầm Nhìn Ban Đêm Giám Sát An Ninh Trong Nhà Ngoài Trời USB Có Thể Sạc Lại Xem Từ Xa Máy Quay Gia Đình,https://www.lazada.vn/products/pdp-i2776782680.html,505.000 ₫,4.0,12 Đã bán
"(BIGY) 4K Webcam with Microphone and Fill Light, HD Autofocus Computer Camera for Pc Laptop Desktop Video Calling, Easy to Use",https://www.lazada.vn/products/pdp-i3169336652.html,981.720 ₫,,
Camera USB 1080P Camera Video Độ Nét Cao Để Phát Sóng Trực Tiếp Camera Máy Tính 4K Có Micrô Để Bàn Chất Lượng Hình Ảnh Rõ Nét,https://www.lazada.vn/products/pdp-i3153170091.html,264.000 ₫,,
Camera WiFi Dash Cam 1080P Nội Thất Xe Đầu Ghi Hình Với Cảm Biến G Phát Hiện Chuyển Động NightShot Zoom Kỹ Thuật Số Hỗ Trợ Thẻ SD Dashcam Máy Quay Phim,https://www.lazada.vn/products/pdp-i3195696498.html,373.150 ₫,,
IMX179 Camera Module 8MP Autofocus 78 Degree High-Definition Mini IP Webcam CMOS 3264x2488 USB Plug Play for Laptop,https://www.lazada.vn/products/pdp-i3185048053.html,726.500 ₫,,
Camera IP WiFi 2MP Tuya Smart Home Camera An Ninh Không Dây Trong Nhà Camera Bóng Đèn Với Tính Năng Phát Hiện Con Người Và Giám Sát Từ Xa,https://www.lazada.vn/products/pdp-i3229674249.html,243.600 ₫,,
Mini Camera Web camera mini USB hình ảnh rõ ràng tiêu thụ điện năng thấp cho máy ảnh,https://www.lazada.vn/products/pdp-i3222586644.html,442.000 ₫,,
2k 4k Webcam 1080 p cho PC Web Camera cam USB trực tuyến Webcam với microphone tự động lấy nét Full HD 1080 P Web Có thể webcan cho máy tính,https://www.lazada.vn/products/pdp-i2872575780.html,372.080 ₫,,
"(IKUH) Digital Camera, 4K Children Camera for Photography, 64MP MP3 Player Camera, 2.8Inch IPS Screen, Auto Focus",https://www.lazada.vn/products/pdp-i2712871237.html,989.720 ₫,,
A9 không Dây màn hình Wifi thông minh HD Camera mạng Webcam,https://www.lazada.vn/products/pdp-i2966860215.html,230.719 ₫,,
【Top-Rated Product】 2.7in Camera 4K Camera Vlogging Camera 4K 48MP DV Camera 2.7in TFT Rotatable Screen 16x Digital Zoom Video Camera with USB Cable,https://www.lazada.vn/products/pdp-i3220302504.html,964.700 ₫,,
"Digital Camera, 4K Children Camera for Photography, 64MP MP3 Player Camera, 2.8Inch IPS Screen, Auto Focus",https://www.lazada.vn/products/pdp-i2703388841.html,796.591 ₫,,
【APR】-4K Full HD Autofocus Camera 30fps Web Cam Built-in Microphone for Gaming Live Streaming Video Calls Meeting Driver-Free USB Plug Laptop PC Work,https://www.lazada.vn/products/pdp-i3194480620.html,539.162 ₫,,
(QBEP) Digital Camera Digital Camera with Backlight for COOLPIX S4000 S4100 S6100 L110,https://www.lazada.vn/products/pdp-i3212083606.html,349.300 ₫,,
"Camera cho máy tính chất lượng cao, độ nét cao 720p/1080p tự động lấy nét, phát trực tiếp, giảng dạy hội nghị, các lớp học trực tuyến Webcam",https://www.lazada.vn/products/pdp-i3072977757.html,444.099 ₫,,
CISWGE Camera Lùi Đỗ Xe Ô Tô Đẹp Camera Quan Sát Phía Sau 170 HD Nhìn Đêm Dự Phòng,https://www.lazada.vn/products/pdp-i3177618239.html,122.441 ₫,,
{gtkhu} Webcam Mini 4K 1080P Có Micro 2K Full HD 30fps Tự Động Lấy Nét USB Web Camera Cho Máy Tính Laptop Quay Video,https://www.lazada.vn/products/pdp-i3186193980.html,278.478 ₫,,
【QIXIANG4】 CCD máy ảnh kỹ thuật số 5MP di động video máy quay tự động lấy nét 8X Zoom 2.4 inch màn hình retro vlog cam cho trẻ em trẻ em người mới bắt đầu,https://www.lazada.vn/products/pdp-i3034718000.html,368.699 ₫,2.4,
Security Camera Dual Band WiFi Night Vision Baby Monitor Security Protection Camera,https://www.lazada.vn/products/pdp-i3107801648.html,199.400 ₫,,
(QTAS) Webcam Mini PC USB Camera 1080P Camera With Microphone For Computer Office Game Streaming,https://www.lazada.vn/products/pdp-i3191788975.html,181.967 ₫,,
New 480P Webcam HD Zoom Webcam có mic USB 2.0 Camera Web + Microphone Cảm biến CMOS Driverless Webcam Cho Máy Tính Để Bàn/Máy Tính Xách Tay/PC/,https://www.lazada.vn/products/pdp-i2457985276.html,215.012 ₫,2.0,
"Camera quan sát ban đêm độ nét cao cực cao B18s, máy tính xách tay, máy tính để bàn, không có Micro ổ đĩa, Webcam khóa học trực tuyến",https://www.lazada.vn/products/pdp-i2966802511.html,358.719 ₫,,
【original】 4K Webcam 1080P Mini Camera 2K Full HD Webcam with Microphone 30fps USB Web Cam for Auto Focus PC Laptop Video Camera,https://www.lazada.vn/products/pdp-i3220778351.html,413.000 ₫,,
TECHCHIP-Digital Camera Digital Camera with Backlight for COOLPIX S4000 S4100 S6100 L110,https://www.lazada.vn/products/pdp-i2890871232.html,247.300 ₫,,
"(JGRW) Night Vision Camera Module for 4, Mini 5MP 1080P HD Video OV5647 Sensor Webcam Kit with Embedded IR-Cut",https://www.lazada.vn/products/pdp-i3041942814.html,309.500 ₫,,
"Camera cho máy tính có micrô, máy ảnh ngoài, máy tính xách tay độ nét cao, khóa học trực tuyến tại nhà, Webcam chuyên dụng hội nghị",https://www.lazada.vn/products/pdp-i2966855112.html,282.719 ₫,,
1080P Full HD Webcam với sự riêng tư Bìa Microphone streaming máy tính USB Web Camera Cam video ghi âm cho PC máy tính để bàn làm việc,https://www.lazada.vn/products/pdp-i2400859302.html,501.421 ₫,,
Industrial 4K USB Webcam PC Laptops Video 8MP Autofocus USB Camera IMX179 Sensor OTG UVC Plug & Play,https://www.lazada.vn/products/pdp-i3088343966.html,886.331 ₫,,
48MP HD Mini Camera 2.4in IPS Display 16X Zoom Video Camera Anti-Shak 4K Student Selfie Camera with Fill Light Gift for Children,https://www.lazada.vn/products/pdp-i3058549921.html,802.643 ₫,,
"domain-Monocular 200W Pixel 1080P HD Driver-Free Wide-Angle Camera Module,for Desktop, Laptop, Video Conferencing,LCD Monitor",https://www.lazada.vn/products/pdp-i3181851907.html,559.400 ₫,,
"Webcam 1080p với Kỷ Nguyên Web Cam sáng với vỏ & micrô riêng tư tích hợp, Chế độ xem Web Cam W/ 90 °, Webcam USB cắm & phát để phát trực tuyến, cuộc gọi/hội nghị, zoom/Skype/Youtube, PC/máy tính xách tay/máy tính để bàn",https://www.lazada.vn/products/pdp-i2483782319.html,191.155 ₫,,
NEW-48MP HD Mini Camera 2.4in IPS Display 16X Zoom Digital Camera 4K Video Camera with Fill Light for Kids Students,https://www.lazada.vn/products/pdp-i2974196684.html,383.110 ₫,,
(TUQC) 1080P Digital Camera 16MP HD Smart Digital Camera Micro-SLR Digital Camera for Photography Digital Camera,https://www.lazada.vn/products/pdp-i2771143666.html,845.000 ₫,,
2.4G&5G Dual Band WIFI Full Color Night Vision Wireless PTZ IP Camera AI Humanoid Motion Detection Baby Monitor EU PLUG,https://www.lazada.vn/products/pdp-i3072767904.html,397.202 ₫,,
Video Thông Minh máy ảnh 4K Camera giám sát HD gia đình tầm nhìn ban đêm máy quay có thể sạc qua USB xem từ xa cho văn phòng nhà cửa,https://www.lazada.vn/products/pdp-i3219803268.html,492.000 ₫,,
wsustore--Webcam 1080p Mini Camera Camera PC Laptop Video Recording Camera,https://www.lazada.vn/products/pdp-i3066634213.html,253.162 ₫,,wsustore--Webcam 1080p Mini Camera Camera PC Laptop Video Recording Camera
1080P Webcam Full HD Camera for Laptop Computer USB Webcam with Dual Microphones for Zoom Video Calling Webcam,https://www.lazada.vn/products/pdp-i3228401904.html,787.136 ₫,,
4K Webcam Full HD Web Camera with Microphone USB Plug Auto Autofocus Web Cam for PC Laptop Computer Desktop Camera,https://www.lazada.vn/products/pdp-i3155589530.html,561.551 ₫,,
Web Cam USB Webcam Auto Focusing HiFi Speaker Noise Reduction Mic PC Camera for Desktop Laptop Video Chat,https://www.lazada.vn/products/pdp-i3212179451.html,670.110 ₫,,
(CRTI) Live Stream Web Camera Computer Camera Fill Light Beauty Auto Focus 1080P withMics Autofocus,https://www.lazada.vn/products/pdp-i3086689514.html,370.720 ₫,,
[nuwg] Camera Mini Camera HD không dây Micro Máy quay phim bí mật ghi âm DVR Cam hành động,https://www.lazada.vn/products/pdp-i2677587246.html,74.787 ₫,,
"Webcam Có Micrô LazaraSport C6, Webcam Độ Nét Cao 2K Có Nắp Bảo Mật, Webcam USB Cắm Và Phát Cho Máy Tính Để Bàn/Máy Tính Xách Tay, Phát Trực Tuyến Webcam Máy Tính",https://www.lazada.vn/products/pdp-i2417768056.html,410.968 ₫,,
"(EJVF) 4K Webcam with Microphone and Fill Light, HD Autofocus Computer Camera for Pc Laptop Desktop Video Calling,",https://www.lazada.vn/products/pdp-i3188518436.html,981.720 ₫,,
Portable Digital Camera 16 Million HD Pixel Compact Home Digital Camera for Kids Teens Seniors,https://www.lazada.vn/products/pdp-i2857707092.html,517.551 ₫,,
"(OYBE) 4K Webcam with Microphone and Fill Light, HD Autofocus Computer Camera for Pc Laptop Desktop Video Calling,",https://www.lazada.vn/products/pdp-i3203111563.html,962.720 ₫,,
Web Cam USB Webcam Auto Focusing HiFi Speaker Noise Reduction Mic PC Camera for Desktop Laptop Video Chat,https://www.lazada.vn/products/pdp-i3137378523.html,670.694 ₫,,
Logitech ổ đĩa USB miễn phí Camera cho máy tính 1080P Mạng hội nghị HD trực tiếp 2K Webcam,https://www.lazada.vn/products/pdp-i2967184021.html,218.719 ₫,,
"Camera cho máy tính độ nét cao 4K, máy tính để bàn gia đình, dành riêng cho các lớp học trực tuyến, phát trực tiếp, webcam Đầu Camera cho laptop bên ngoài USB",https://www.lazada.vn/products/pdp-i2966759672.html,159.719 ₫,,
Camera 2 triệu ov2735 với giao diện mipi độ nét cao 24p và Webcam Mô đun chuyển đổi hồng ngoại IR-CUT,https://www.lazada.vn/products/pdp-i3073170032.html,657.099 ₫,,
"(QUEM) Digital Camera, 4K Children Camera for Photography, 64MP MP3 Player Camera, 2.8Inch IPS Screen, Auto Focus",https://www.lazada.vn/products/pdp-i2864036506.html,962.525 ₫,,
"HD 1080p với microphone, hội nghị giảng dạy phát sóng trực tiếp máy ảnh, trình điều khiển miễn phí Camera cho máy tính webcam",https://www.lazada.vn/products/pdp-i3073050554.html,464.099 ₫,,
4MP Camera giám sát ngoài trời với mic không dây Camera Wifi 360 độ tự động theo dõi camera an ninh cho văn phòng nhà cửa,https://www.lazada.vn/products/pdp-i3143573989.html,585.000 ₫,,
-Webcam USB Camera 1080P 30FPS Streaming Web Camera Autofocus Living Stream Camera with Mics for Desktop Meeting,https://www.lazada.vn/products/pdp-i3043733241.html,963.356 ₫,,
(GJFZ) Industrial 4K USB Webcam PC Laptops Video 8MP Autofocus USB Camera IMX179 Sensor OTG UVC Plug & Play,https://www.lazada.vn/products/pdp-i3191367467.html,842.658 ₫,,
"Mặt Trăng Bưởi PC Webcam Cho Streaming HD 1080P, USB Pro Máy Tính Camera Web Máy Quay Video Cho Mac Windows Máy Tính Xách Tay Hội nghị Truyền Hình Chơi Game Với Microphone & đèn vòng tròn",https://www.lazada.vn/products/pdp-i2927708957.html,196.900 ₫,,
Camera Giám Sát Từ Xa Không Dây V720 - Sử Dụng Tại Nhà Camera IP Mạng Wifi Độ Phân Giải Cao Xuất Xứ Trung Quốc,https://www.lazada.vn/products/pdp-i3211359577.html,85.600 ₫,,
Camera Wifi Mini HD 1080P A9 Máy Quay An Ninh Không Dây Có Cảm Biến Camera IP Giám Sát Nhà Thông Minh Để Giám Sát Video,https://www.lazada.vn/products/pdp-i3197024250.html,189.000 ₫,,"13 Đã bán
China"
A9 Camera Mini 1080P HD Không Dây Wifi Đầu Ghi Video Giám Sát Camera An Ninh Full-HD Máy Quay Di Động,https://www.lazada.vn/products/pdp-i3199011911.html,134.400 ₫,,
"Camera Giám Sát Wifi Mini A9 1080P HD Cam An Ninh Gia Đình Thông Minh Không Dây Với Ống Kính 3,6mm Để Đảm Bảo An Toàn Gia Đình",https://www.lazada.vn/products/pdp-i3138659139.html,206.000 ₫,,
Camera Giám Sát HD Thông Minh WiFi Trong Nhà Ngoài Trời Góc Rộng An Ninh Gia Đình A9 Eagle Eye Để Bảo Vệ An Toàn,https://www.lazada.vn/products/pdp-i3182461389.html,194.000 ₫,,
Camera Không Dây Mini HD 720P Ẩn Giấu An Ninh Gia Đình Giám Sát Từ Xa Qua WiFi Với Tính Năng Phát Hiện Chuyển Động Và Phát Lại Tức Thì,https://www.lazada.vn/products/pdp-i3228207020.html,152.600 ₫,,
Camera WiFi Không Dây Mini 1080P HD Camera IP Chống Trộm Trong Nhà An Ninh Nhà Thông Minh Với Điều Khiển Ứng Dụng Bằng Giọng Nói Video Thời Gian Thực,https://www.lazada.vn/products/pdp-i2991817441.html,323.000 ₫,,
[Hàng Mới Về] nhìn trong đêm Camera giám sát Wifi Camera Giám sát camera giám sát IP HD 1080P Camera IP không dây cảm biến chuyển động sạc được trong nhà,https://www.lazada.vn/products/pdp-i2936956117.html,243.400 ₫,,
Camera kép retro CCD máy ảnh kỹ thuật số sinh viên bên Lọc video máy nghe thẻ di động giá cả phải chăng,https://www.lazada.vn/products/pdp-i3150662085.html,415.200 ₫,,
Kids Instant Print Camera 1080P HD Digital Camera with 2.4 Inch IPS Screen 10X Optical Zoom Includes 32GB TF Card,https://www.lazada.vn/products/pdp-i2926185180.html,752.838 ₫,2.4,
4K New USB Class webcam1080p Network HD Live Broadcast Computer Camera Built-in Speaker Speaker,https://www.lazada.vn/products/pdp-i2893859651.html,937.814 ₫,,
Webcam độ nét cao điều khiển miễn phí đế điều chỉnh được camera cho máy tính USB Micro tích hợp thấp Distortion HD cuộc gọi cho ghi âm,https://www.lazada.vn/products/pdp-i3212396752.html,200.100 ₫,,
"Máy tính trực tuyến khóa học 2K, 4 triệu Ống kính độ nét cao, camera phát trực tiếp hội nghị, USB với micro, Webcam Webcam",https://www.lazada.vn/products/pdp-i3073142154.html,670.099 ₫,,
Asixxsix Webcam USB 480P HD Tự Động lấy nét Webcam Với Tiếng Ồn Hủy Bỏ Microphone Và Đứng Bên Ngoài CMOS Streaming Máy Ảnh Cắm Và Chơi USB Camera Web Cho Máy Tính Xách Tay cuộc gọi video Hội Nghị,https://www.lazada.vn/products/pdp-i3224330841.html,389.000 ₫,,
[NEW 2023] Webcam USB WIFI Máy Ảnh Mini 1080P Với Phát Hiện Chuyển Động Quan Sát Ban Đêm Hỗ Trợ 64GB Ứng Dụng Điện Thoại Chống Trộm Camera Wifi USB Máy Tính,https://www.lazada.vn/products/pdp-i2194007694.html,326.262 ₫,,
Logitech C270 720P Màn Hình Rộng Webcam Video Máy Tính Xách Tay Camera cho PC Cho cuộc gọi video Và Ghi Âm,https://www.lazada.vn/products/pdp-i3228651204.html,734.000 ₫,,
[Pjga] kỹ thuật số 2MP GIÁM SÁT không dây Camera CCTV màu không thấm nước nhìn trong đêm HD màn hình an ninh wifi ngoài trời PTZ máy ảnh IP,https://www.lazada.vn/products/pdp-i2733614305.html,511.000 ₫,,
1080P Digital Camera with Flash Photo Video Mini Camera 2.0 Inch Screen Digital Zoom Camera for Child,https://www.lazada.vn/products/pdp-i3072746237.html,410.182 ₫,2.0,
IMX179 Camera Module 8MP Autofocus 78 Degree High-Definition Mini IP Webcam CMOS 3264x2488 USB Plug Play for Laptop,https://www.lazada.vn/products/pdp-i3039707537.html,582.600 ₫,,
1080P Digital Camera Video Camera Camcorder 56MP 2.8 Inch IPS Screen 8X Digital Zoom Camera Gift for Kids,https://www.lazada.vn/products/pdp-i3159848047.html,772.500 ₫,2.8,
"K20 đầy đủ màu sắc nhìn trong đêm độ nét cao Camera An Ninh, không dây Wifi Chống Nước Súng cơ chế giám sát, trong nhà và ngoài trời Camera từ xa Webcam",https://www.lazada.vn/products/pdp-i3073243471.html,564.099 ₫,,
(RVJO) 1080P Digital Camera 16MP HD Smart Digital Camera Micro-SLR Digital Camera for Photography Digital Camera,https://www.lazada.vn/products/pdp-i3140031571.html,793.110 ₫,,
"(WADP) Digital Camera, 4K Children Camera for Photography, 64MP MP3 Player Camera, 2.8Inch IPS Screen, Auto Focus",https://www.lazada.vn/products/pdp-i2700635439.html,916.591 ₫,,
4K High Definition Computer Camera Network Live Broadcast High Definition Video Conference USB Camera,https://www.lazada.vn/products/pdp-i3068566044.html,709.720 ₫,,
(EMGD) 1080P Webcam Full HD Camera for Laptop Computer USB Webcam with Dual Microphones for Zoom Video Calling Webcam,https://www.lazada.vn/products/pdp-i3172320199.html,741.136 ₫,,
1080P Digital Camera Video Camera Camcorder 56MP 2.8 Inch IPS Screen 8X Digital Zoom Camera Gift for Kids,https://www.lazada.vn/products/pdp-i3066137241.html,776.694 ₫,2.8,
(VMHJ) 1080P Digital Camera 16MP HD Smart Digital Camera Micro-SLR Digital Camera for Photography Digital Camera,https://www.lazada.vn/products/pdp-i2770128277.html,845.000 ₫,,
wsustore--Webcam Mini PC USB Camera Professional HD Web Cam With Microphone For Computer Office Game Streaming,https://www.lazada.vn/products/pdp-i3189669441.html,178.967 ₫,,
"Auto Zoom Webcam 4K Web Camera with Remote Control, Privacy Cover and Microphone for Desktop/for PC/Laptop Video Conferencing",https://www.lazada.vn/products/pdp-i3225028540.html,970.525 ₫,,
"Camera cho máy tính, phát trực tiếp khóa học trực tuyến có micrô, không có trình điều khiển, giảm tiếng ồn xoay siêu rõ 2K, lấy nét tự động máy quay USB Webcam",https://www.lazada.vn/products/pdp-i2967097335.html,579.719 ₫,,
"Cực nhanh T20 Camera cho máy tính độ nét cao, khóa học trực tuyến phát sóng trực tiếp với micro, trình điều khiển USB miễn phí, cuộc gọi phỏng vấn Webcam",https://www.lazada.vn/products/pdp-i2966991550.html,445.719 ₫,,
"Camera IP PTZ Hai Ống Kính 5MP Với Màn Hình Kép, Chức Năng Giám Sát Trẻ Em, Tự Động Theo Dõi, Phát Hiện Chuyển Động Bằng AI, Camera An Ninh Gia Đình, Camera Giám Sát Video CCTV",https://www.lazada.vn/products/pdp-i3226516828.html,448.000 ₫,,
Camera trống chiến tranh oshu ashu F11 Máy tính để bàn Webcam Micrô tích hợp đèn hai màu,https://www.lazada.vn/products/pdp-i2967130001.html,404.719 ₫,,
Camera Giám Sát Thông Minh Độ Phân Giải Cao - Cuộc Gọi Video Kép Một Nút Tính Năng Cuộc Gọi Màu Sắc Camera IP Giám Sát Tại Nhà Với Nền Tảng Đám Mây,https://www.lazada.vn/products/pdp-i3139831335.html,534.000 ₫,,
(GJFZ) 1080P Digital Camera 16MP HD Smart Digital Camera Micro-SLR Digital Camera for Photography Digital Camera,https://www.lazada.vn/products/pdp-i3173281733.html,815.110 ₫,,
[ lian]-2K Webcam USB HD Camera PC Camera Computer Webcam with Privacy Cover for Live Broadcast/Video Call/Conference Work,https://www.lazada.vn/products/pdp-i2948998728.html,383.967 ₫,,
"(KOFQ) Digital Camera, 4K Children Camera for Photography, 64MP MP3 Player Camera, 2.8Inch IPS Screen, Auto Focus",https://www.lazada.vn/products/pdp-i2711625644.html,905.591 ₫,,
"Camera Mạng Furey 4K IPC Có Âm Thanh, Nguồn 48V, Hỗ Trợ PoE, Đèn Kép, Màu Sắc Đầy Đủ, Hình Bán Cầu, Dùng Cho An Ninh Gia Đình, Tương Thích Onvif",https://www.lazada.vn/products/pdp-i3231425697.html,454.400 ₫,,"8 Đã bán
Nước ngoài"
Camera máy tính USB độ nét cao 5MP hội nghị Webcam phát sóng trực tiếp,https://www.lazada.vn/products/pdp-i2966759498.html,520.719 ₫,,
"1 Máy Tính,X10 Camera Mini 1080HD Camera Wifi, WiFi Thể Thao DV Camera, An Ninh Gia Đình màn Hình, Máy Ảnh Trẻ Em, Màu Đen - Không Bao Gồm Thẻ TF TF-Ydi-VN",https://www.lazada.vn/products/pdp-i3223059468.html,290.000 ₫,,
"Lọc Thuốc Lá Có Thể Rửa Được Cho Nam, Lọc Thuốc Lá, Loại Vòng Lặp, Dùng Cho Xe Hơi, Bình Đựng Thuốc Lá, Đồ Dùng Cho Xe Hơi",https://www.lazada.vn/products/pdp-i3222994769.html,33.210 ₫,,"190 Đã bán
China"
{gtkhu} Webcam 4K 1080P Mini Full HD USB Camera Có Micro 30 Khung Hình / Giây Tự Động Lấy Nét Cho PC Laptop Quay Video,https://www.lazada.vn/products/pdp-i3186283836.html,440.108 ₫,,
[Shuo] 1080P Camera mạng 2.4G WIFI giám sát từ xa hai chiều vioce an ninh bé máy ảnh,https://www.lazada.vn/products/pdp-i2722326722.html,457.000 ₫,,
New 1080p USB Webcam 4K Webcam With Microphone PC Camera 60fps HD Full Camera Webcam for Computer PC Real-time Video Conference,https://www.lazada.vn/products/pdp-i3189175941.html,394.819 ₫,,
Giả an ninh Camera CCTV trộm cướp phòng chống CCTV giám sát mô phỏng máy ảnh giả với ánh sáng đèn LED nhấp nháy màn hình cho ngoài trời trong nhà,https://www.lazada.vn/products/pdp-i2885090484.html,117.915 ₫,,
Miao34-Webcam HD Web Camera Built-in Microphone USB Plug Web Cam for PC Computer Laptop Desktop Free Drive Household Camera,https://www.lazada.vn/products/pdp-i3090344376.html,258.720 ₫,,
Portable Digital Camera 16 Million HD Pixel Compact Home Digital Camera for Kids Teens Seniors,https://www.lazada.vn/products/pdp-i2782879483.html,411.551 ₫,,
A9 từ xa mạng không dây thông minh độ nét cao camera giám sát 360 độ phát hiện và bảo vệ Webcam,https://www.lazada.vn/products/pdp-i2966912005.html,221.719 ₫,,
HD 1080P Máy quay video USB Camera phát trực tiếp 4K Máy ảnh máy tính webcam Hàng Sẵn,https://www.lazada.vn/products/pdp-i3026471388.html,397.821 ₫,,
"(QTAS) Night Vision Camera Module for 4, Mini 5MP 1080P HD Video OV5647 Sensor Webcam Kit with Embedded IR-Cut",https://www.lazada.vn/products/pdp-i3006285596.html,248.500 ₫,,
(NOWX) 1080P Webcam Full HD Camera for Laptop Computer USB Webcam with Dual Microphones for Zoom Video Calling Webcam,https://www.lazada.vn/products/pdp-i2850491454.html,777.000 ₫,,
"(EUBG) 4K Webcam with Microphone and Fill Light, HD Autofocus Computer Camera for Pc Laptop Desktop Video Calling, Easy to Use",https://www.lazada.vn/products/pdp-i3152810161.html,963.919 ₫,,
Industrial 4K USB Webcam PC Laptops Video 8MP Autofocus USB Camera IMX179 Sensor OTG UVC Plug & Play,https://www.lazada.vn/products/pdp-i3192552853.html,842.331 ₫,,
"Digital Camera, 4K Children Camera for Photography, 64MP MP3 Player Camera, 2.8Inch IPS Screen, Auto Focus",https://www.lazada.vn/products/pdp-i2723033030.html,901.591 ₫,,
Tự động lấy nét 1080P/2K/4K Webcam Camera cho máy tính HD USB Mạng Webcam trực tiếp có thể xoay với chân máy cho hội nghị truyền hình trực tiếp,https://www.lazada.vn/products/pdp-i2457606671.html,626.834 ₫,,
"Ổ đĩa máy ảnh miễn phí, máy tính để bàn, kỹ thuật số độ nét cao với micro, gió và mưa hoa đá Webcam Camera",https://www.lazada.vn/products/pdp-i3073054278.html,371.099 ₫,,
"8MP 3264x2448 bởi IMX179 CCTV USB Webcam với ống kính tự động lấy nét trường hợp công nghiệp 4K USB Camera cho phát sóng trực tiếp, video giảng dạy",https://www.lazada.vn/products/pdp-i2420707710.html,947.986 ₫,,
(PTJF) Industrial 4K USB Webcam PC Laptops Video 8MP Autofocus USB Camera IMX179 Sensor OTG UVC Plug & Play,https://www.lazada.vn/products/pdp-i3132058105.html,848.331 ₫,,
1080P USB Webcam Computer Camera with HiFi Speaker Microphone Computer Camera Video Conference Camera Parts for PC Laptop,https://www.lazada.vn/products/pdp-i2999977156.html,987.474 ₫,,
"(YTIZ) Autofocus Camera Module 8MP CMOS IMX179 Sensor HD 4K 3264 X 2448 Mjpeg Mini USB2.0 Webcam Board for Linux,",https://www.lazada.vn/products/pdp-i3045403750.html,923.500 ₫,,
"4K Webcam with Microphone and Fill Light, HD Autofocus Computer Camera for Pc Laptop Desktop Video Calling, Easy to Use",https://www.lazada.vn/products/pdp-i2764046621.html,747.387 ₫,,
USB Webcam 4K 1080P Mini Camera with Microphone Black ABS for PC Video Camera,https://www.lazada.vn/products/pdp-i3227440645.html,737.000 ₫,,
(JGRW) Industrial 4K USB Webcam PC Laptops Video 8MP Autofocus USB Camera IMX179 Sensor OTG UVC Plug & Play,https://www.lazada.vn/products/pdp-i3176175017.html,853.915 ₫,,
(ZVET) 1080P Webcam Full HD Camera for Laptop Computer USB Webcam with Dual Microphones for Zoom Video Calling Webcam,https://www.lazada.vn/products/pdp-i3045341814.html,751.331 ₫,,
1080P HD Camera for Toddler 2.4Inch Screen Autofocus Cute Cartoon MP3 Video Selfie Camera for Xmas Birthday Gifts,https://www.lazada.vn/products/pdp-i3218416242.html,937.669 ₫,,
(ZJGE) 2X 8MP Camera Module for 5 Camera IMX219 160 Degree Viewing Angle Interface Cam,https://www.lazada.vn/products/pdp-i3044284267.html,846.600 ₫,,
3X 5G Wifi Bulb Night Vision Camera Surveillance Full Color Automatic Human Tracking Video Security Monitor Cam,https://www.lazada.vn/products/pdp-i2699053157.html,628.216 ₫,,
"(KYSB) 4K Webcam with Microphone and Fill Light, HD Autofocus Computer Camera for Pc Laptop Desktop Video Calling, Fine Workmanship",https://www.lazada.vn/products/pdp-i3214850453.html,994.720 ₫,,
GO Auto-Industrial 4K USB Webcam PC Laptops Video 8MP Autofocus USB Camera IMX179 Sensor OTG UVC Plug & Play,https://www.lazada.vn/products/pdp-i2847467914.html,904.136 ₫,,
"(TEBM) Autofocus Camera Module 8MP CMOS IMX179 Sensor HD 4K 3264 X 2448 Mjpeg Mini USB2.0 Webcam Board for Linux,",https://www.lazada.vn/products/pdp-i2935623149.html,999.500 ₫,,
4K High Definition Computer Camera Network Live Broadcast High Definition Video Conference USB Camera-beettercar,https://www.lazada.vn/products/pdp-i2993317901.html,572.944 ₫,,
USB Webcam 4K 1080P Mini Camera 15-30Fps Fill Light Beauty Black ABS for PC Video Camera,https://www.lazada.vn/products/pdp-i2721425676.html,588.331 ₫,,
(DKCZ) 1080P Webcam Full HD Camera for Laptop Computer USB Webcam with Dual Microphones for Zoom Video Calling Webcam,https://www.lazada.vn/products/pdp-i3181248281.html,777.000 ₫,,
GO Auto-Kids Camera Instant Print 1080P HD Children Digital Camera for Boy Girl Gifts Toys Thermal Print Small Camcorder,https://www.lazada.vn/products/pdp-i3035581493.html,733.007 ₫,,
Camera Video mô-đun 5 megapixel 1080P Webcam Mini cảm biến ov5647 với dây ruy băng linh hoạt cho RPi 2/4/3B + 2592x1944,https://www.lazada.vn/products/pdp-i3180016051.html,93.000 ₫,,
"1 Máy Tính,X10 Camera Mini 1080HD Camera Wifi, WiFi Thể Thao DV Camera, An Ninh Gia Đình màn Hình, Máy Ảnh Trẻ Em, Màu Đen - Không Bao Gồm Thẻ TF SEF-VN",https://www.lazada.vn/products/pdp-i3221623184.html,305.000 ₫,,
Industrial 4K USB Webcam PC Laptops Video 8MP Autofocus USB Camera IMX179 Sensor OTG UVC Plug & Play,https://www.lazada.vn/products/pdp-i3165976134.html,842.915 ₫,,
(ERBS) 1080P Webcam Full HD Camera for Laptop Computer USB Webcam with Dual Microphones for Zoom Video Calling Webcam,https://www.lazada.vn/products/pdp-i3094541155.html,740.136 ₫,,
B12 1080P Webcam Máy Tính Camera Web 3 Chế Độ Ánh Sáng 360 ° Xoay Phát Sóng Trực Tiếp Vẻ Đẹp Cho Trực Tuyến Streaming Cuộc Họp Cam,https://www.lazada.vn/products/pdp-i3214376264.html,570.741 ₫,,
(WUSG) 1080P Webcam Full HD Camera for Laptop Computer USB Webcam with Dual Microphones for Zoom Video Calling Webcam,https://www.lazada.vn/products/pdp-i3072128545.html,715.136 ₫,,
Camera cho máy tính nhạy cảm HD 1080P USB bền nhẹ đa chức năng Web máy ảnh kỹ thuật số cho hội nghị,https://www.lazada.vn/products/pdp-i3168348371.html,176.000 ₫,,
1 Máy Tính Giả Camera An Ninh Camera Quan Sát Dome Có Đèn LED Trong Nhà Ngoài Trời Nhà Store Camera Giám Sát Mô Phỏng,https://www.lazada.vn/products/pdp-i2506799716.html,150.000 ₫,5.0,13 Đã bán
Camera An Ninh Bóng Đèn 1080P WiFi Giám Sát Ngoài Trời Chống Trộm Trong Nhà Với Âm Thanh Nhìn Đêm IP Cam 360 ° Giám Sát,https://www.lazada.vn/products/pdp-i3082946624.html,125.000 ₫,,
Camera Hành Động Mini 4K Máy Ghi Âm Thể Thao Ngoài Trời Di Động Có Màn Hình Kích Thước Hồng Ngoại Nhỏ Gọn Để Quay Video HD,https://www.lazada.vn/products/pdp-i3119287116.html,586.000 ₫,5.0,
Camera Giám Sát HD Không Dây Cho Nhà Giám Sát Từ Xa Thông Minh Không Có Điện Không Cần Mạng Tầm Nhìn Ban Đêm Siêu Rõ,https://www.lazada.vn/products/pdp-i3193933113.html,175.200 ₫,,
Camera WIFI Mini 4K Full HD Máy Quay An Ninh Gia Đình Với Tầm Nhìn Ban Đêm Phát Hiện Chuyển Động Micro Cam Để Giám Sát Video Từ Xa,https://www.lazada.vn/products/pdp-i3113463536.html,211.000 ₫,,"5 Đã bán
Nước ngoài"
WiFi Không Dây 1080P C6 Camera An Ninh Ngoài Trời Góc Siêu Rộng Hồng Ngoại Quan Sát Ban Đêm Giám Sát Thể Thao Camera IP Giám Sát,https://www.lazada.vn/products/pdp-i3203178007.html,176.800 ₫,,
Webcam 480P USB Computer Network Camera with External Microphone High Resolution Clear Image No Driver Required New Condition,https://www.lazada.vn/products/pdp-i3062901261.html,185.000 ₫,,
"Camera An Ninh Không Dây WiFi Thông Minh HD Ngoài Trời, Giám Sát Nhà Cửa, Thể Thao A9 Round King Cam Để Bảo Vệ An Toàn",https://www.lazada.vn/products/pdp-i3229418498.html,165.200 ₫,,"134 Đã bán
Nước ngoài"
4K 8MP WiFi Camera Ngoài Trời Ống Kính Kép Màn Hình Kép Camera Quan Sát An Ninh AI Theo Dõi Giám Sát Đường Phố Cam Yoosee Trắng IP66 Chống Thấm Nước,https://www.lazada.vn/products/pdp-i2890743093.html,722.000 ₫,,
"(RXFZ) Digital Camera, 4K Children Camera for Photography, 64MP MP3 Player Camera, 2.8Inch IPS Screen, Auto Focus",https://www.lazada.vn/products/pdp-i2763364069.html,916.591 ₫,,
Camera Máy Tính Xách Tay Lấy Nét Tự Động 4K 2K USB Máy Tính Xách Tay Máy Tính Hội Nghị Video Webcam Độ Phân Giải Cao,https://www.lazada.vn/products/pdp-i3155199250.html,223.000 ₫,,
Webcam NoIR Camera V2 Gốc Độ Nét Cao Cho Raspberry Pi3b/4b Quang Học Ban Đêm Camera Quang Học Không Dây Cho Raspberry Pi,https://www.lazada.vn/products/pdp-i3183402322.html,836.000 ₫,,
Camera Giám Sát Nhà Thông Minh 8MP E27 WiFi Với Tầm Nhìn Ban Đêm AI Theo Dõi Con Người Và Báo Động Bằng Giọng Nói - Camera IP Full-HD,https://www.lazada.vn/products/pdp-i3207436667.html,141.050 ₫,,
Camera Giám Sát an Ninh Độ Nét Cao 400 HIKVISION DS-2DE3Q120MY-T/GLSE Không Dây Ngoài Trời Cho Gia Đình Camera Quay Phim Không Lưu Lượng Suốt Đời,https://www.lazada.vn/products/pdp-i1653232709.html,5.071.000 ₫,,"258 Đã bán
China"
"Camera USB Mini 2MP 1080P HD, Hai Ống Kính, Dùng Cho Máy Tính Để Giám Sát Từ Xa & Quay Video, Tương Thích Với Windows Và Mac",https://www.lazada.vn/products/pdp-i3134511199.html,644.000 ₫,,
【Shop the Look】 HD Mini DV Camera Body Camcorder Mount Portable Video Record Nanny Security Cam Small Sports Car DVR Webcam For Home and,https://www.lazada.vn/products/pdp-i3220327247.html,348.278 ₫,,
2K High Definition Computer Camera 2K HD Webcam USB Plug Network Live Broadcast High Definition Video Conference USB Camera 120 Degree Wide Viewing Angle Webcam with Built-in Microphone for Laptop Desktop,https://www.lazada.vn/products/pdp-i2966113704.html,421.136 ₫,,
48MP HD Mini Camera 2.4in IPS Display 16X Zoom Digital Camera 4K Video Camera with Fill Light for Kids Students,https://www.lazada.vn/products/pdp-i3177061564.html,422.305 ₫,,
"(YTMG) Night Vision Camera Module for 4, Mini 5MP 1080P HD Video OV5647 Sensor Webcam Kit with Embedded IR-Cut",https://www.lazada.vn/products/pdp-i3030042106.html,306.500 ₫,,
(DRGQ) Webcam Web Camera for Skype with Built-in Microphone USB Video Camera for Desktop Notebook PC,https://www.lazada.vn/products/pdp-i3180303862.html,102.100 ₫,,
"【Joyfeel gaming】Mini Retro Digital Camera with 0.96"" Screen Portable Video Camera for Kids Outdoor Travel Campus Use",https://www.lazada.vn/products/pdp-i3217748395.html,817.772 ₫,,
4K High Definition Computer Camera Network Live Broadcast High Definition Video Conference USB Camera,https://www.lazada.vn/products/pdp-i3078653925.html,758.720 ₫,,
1080P Webcam Full HD Camera for Laptop Computer USB Webcam with Dual Microphones for Zoom Video Calling Webcam,https://www.lazada.vn/products/pdp-i2585952344.html,715.331 ₫,5.0,
5MP E27 Bulb WiFi Indoor Video Surveillance Home Security Lamp IP Camera Infrared Night Vision Wireless Network Webcam,https://www.lazada.vn/products/pdp-i2683354708.html,303.672 ₫,,
(PHOM) Industrial 4K USB Webcam PC Laptops Video 8MP Autofocus USB Camera IMX179 Sensor OTG UVC Plug & Play,https://www.lazada.vn/products/pdp-i3152735535.html,848.915 ₫,,
"(JKEO) Digital Camera, 4K Children Camera for Photography, 64MP MP3 Player Camera, 2.8Inch IPS Screen, Auto Focus",https://www.lazada.vn/products/pdp-i2766270304.html,962.591 ₫,,
(VAEF) 1080P Digital Camera 16MP HD Smart Digital Camera Micro-SLR Digital Camera for Photography Digital Camera,https://www.lazada.vn/products/pdp-i3203683285.html,823.110 ₫,,
Camera WiFi Không Dây Trong Nhà Ngoài Trời 1080P HD Camera IP Giám Sát Dạng Vòm 360 Độ Với Ống Kính 2 Mm,https://www.lazada.vn/products/pdp-i3162498004.html,363.000 ₫,,
[Ufxk] A3 camera ngoài trời mini wifi 1080p HD chống nước nhìn trong đêm hai chiều âm thanh cảm biến chuyển động camera an ninh ip giám sát,https://www.lazada.vn/products/pdp-i2732900435.html,569.000 ₫,,
Portable Digital Camera 16 Million HD Pixel Compact Home Digital Camera for Kids Teens Seniors,https://www.lazada.vn/products/pdp-i2921514851.html,401.145 ₫,,
"(CEUO) 4K Webcam with Microphone and Fill Light, HD Autofocus Computer Camera for Pc Laptop Desktop Video Calling, Easy to Use Fine Workmanship",https://www.lazada.vn/products/pdp-i3195783803.html,962.720 ₫,,
1080P HD Camera for Toddler 2.4Inch Screen Autofocus Cute Cartoon MP3 Video Selfie Camera for Xmas Birthday Gifts,https://www.lazada.vn/products/pdp-i3195124673.html,922.669 ₫,,
"(CSID) 4K Webcam with Microphone and Fill Light, HD Autofocus Computer Camera for Pc Laptop Desktop Video Calling, Fine Workmanship",https://www.lazada.vn/products/pdp-i3178431033.html,981.720 ₫,,
(SBTZ) Industrial 4K USB Webcam PC Laptops Video 8MP Autofocus USB Camera IMX179 Sensor OTG UVC Plug & Play,https://www.lazada.vn/products/pdp-i3174949732.html,848.915 ₫,,
LLENG L8 Mini Body Camera 1080P HD WiFi Camera 180 ° Rotatable Night Vision Digital Video Recorder 600mAh Bodycam Camera,https://www.lazada.vn/products/pdp-i3113154470.html,262.099 ₫,,
X10 có dây USB Máy Tính Camera mạng 1080P Lái Xe Miễn Phí Full HD Tự Động lấy nét Webcam,https://www.lazada.vn/products/pdp-i2966816234.html,282.719 ₫,,
USB Webcam 4K 1080P Mini Camera with Microphone Black ABS for PC Video Camera,https://www.lazada.vn/products/pdp-i2700390582.html,490.331 ₫,,
domain-3X 5G Wifi Bulb Night Vision Camera Surveillance Full Color Automatic Human Tracking Video Security Monitor Cam,https://www.lazada.vn/products/pdp-i2736643160.html,640.216 ₫,,
Camera Wifi 3MP An Ninh Thông Minh Với Âm Thanh Kép Tự Động Theo Dõi Phát Hiện Graffiti 1080P Mô-đun Tự Động Hóa Nhà Thông Minh,https://www.lazada.vn/products/pdp-i3199936383.html,457.300 ₫,,
"1 Máy Tính,X10 Camera Mini 1080HD Camera Wifi, WiFi Thể Thao DV Camera, An Ninh Gia Đình màn Hình, Máy Ảnh Trẻ Em, Màu Đen - Không Bao Gồm Thẻ TF TF-Oan-VN",https://www.lazada.vn/products/pdp-i3222837788.html,334.000 ₫,,
New 1080p USB Webcam 4K Webcam With Microphone PC Camera 60fps HD Full Camera Webcam for Computer PC Real-time Video Conference,https://www.lazada.vn/products/pdp-i3189191516.html,394.819 ₫,,
"Night Vision Camera Module for 4, Mini 5MP 1080P HD Video OV5647 Sensor Webcam Kit with Embedded IR-Cut",https://www.lazada.vn/products/pdp-i2420098278.html,243.500 ₫,,
"2X Night Vision Camera Module for Raspberry Pi 4, Mini 5MP 1080P HD Video OV5647 Sensor Webcam Kit with Embedded IR-Cut",https://www.lazada.vn/products/pdp-i2329464295.html,450.577 ₫,,
(IZDF) Web Camera USB High Definition Webcam 4 Led Web Cam with MIC Desktop for Skype Computer PC Laptop,https://www.lazada.vn/products/pdp-i2772634987.html,121.136 ₫,,
【YIDAO4】 Xách tay CCD máy ảnh kỹ thuật số 5MP 4K Video vlog máy ảnh kép 64G thẻ nhớ 8x zoom tự động lấy nét 2.4 inch màn hình cho sinh viên,https://www.lazada.vn/products/pdp-i3029995699.html,323.826 ₫,2.4,
Webcam Camera Webcam 1080p USB Computer Real-Time Video Conference Microphone PC Camera,https://www.lazada.vn/products/pdp-i3224977954.html,426.162 ₫,,
"(KNCZ) Night Vision Camera Module for 4, Mini 5MP 1080P HD Video OV5647 Sensor Webcam Kit with Embedded IR-Cut",https://www.lazada.vn/products/pdp-i3091000758.html,309.500 ₫,,
Hmeme X5 Mini Máy Ảnh 720P Rõ Ràng Tầm Nhìn Ban Đêm Trọng Lượng Nhẹ Xách Tay Cao Cấp Cam Phát Hiện Chuyển Động Không Dây Giám Sát Máy Ảnh,https://www.lazada.vn/products/pdp-i2832378647.html,73.761 ₫,,
"1 Máy Tính,X10 Camera Mini 1080HD Camera Wifi, WiFi Thể Thao DV Camera, An Ninh Gia Đình màn Hình, Máy Ảnh Trẻ Em, Màu Đen - Không Bao Gồm Thẻ TF TF-Osh-VN",https://www.lazada.vn/products/pdp-i3222897719.html,333.000 ₫,,
Logitech C270 720P Màn Hình Rộng Webcam Video Máy Tính Xách Tay Camera cho PC Cho cuộc gọi video Và Ghi Âm,https://www.lazada.vn/products/pdp-i3223355492.html,734.000 ₫,,
(NJID) Industrial 4K USB Webcam PC Laptops Video 8MP Autofocus USB Camera IMX179 Sensor OTG UVC Plug & Play,https://www.lazada.vn/products/pdp-i3115097216.html,848.331 ₫,,
Webcam USB dẫn sử dụng cho tập trung Micrô tích hợp ổ đĩa miễn phí máy tính ngoại vi Camera web nhà máy tính xách tay Máy tính để bàn C,https://www.lazada.vn/products/pdp-i3203097531.html,108.000 ₫,,
(WUSG) USB 2.0 12 Megapixel HD Camera Web Cam 360 Degree with MIC Clip-on for Desktop Skype Computer PC Laptop,https://www.lazada.vn/products/pdp-i3019728632.html,184.967 ₫,2.0,
(GJBK) Webcam 2K Full HD 1080P Web Camera Autofocus with Microphone USB Web Cam for PC Computer Laptop Desktop Webcamera,https://www.lazada.vn/products/pdp-i3067201328.html,546.967 ₫,,
Webcam Máy Tính Có Microphone Camera Video Webcam Máy Tính Webcam Máy Tính Có Micro Zoom ALDD-VN,https://www.lazada.vn/products/pdp-i3221968877.html,446.000 ₫,,
"(MQOY) 4K Webcam with Microphone and Fill Light, HD Autofocus Computer Camera for Pc Laptop Desktop Video Calling,",https://www.lazada.vn/products/pdp-i3153986009.html,955.720 ₫,,
(GATM) Web Camera USB High Definition Webcam 4 Led Web Cam with MIC Desktop for Skype Computer PC Laptop,https://www.lazada.vn/products/pdp-i2931111655.html,129.136 ₫,,
3X USB 2.0 12 Megapixel HD Camera Web Cam 360 Degree with MIC Clip-on for Desktop Skype Computer PC Laptop,https://www.lazada.vn/products/pdp-i2687442392.html,498.669 ₫,2.0,
"Camera phát trực tiếp HD, Webcam Camera máy tính USB",https://www.lazada.vn/products/pdp-i3073129007.html,570.099 ₫,,
Built-in Game Shock Recording 4K Digital Camera 2000W Pixels Dual-Camera HD Eye Protection Screen 1080P Kids Camera,https://www.lazada.vn/products/pdp-i3143502882.html,389.540 ₫,,
(QBEP) IMX179 Camera Module 8MP Autofocus 78 Degree High-Definition Mini IP Webcam CMOS 3264x2488 USB Plug Play for Laptop,https://www.lazada.vn/products/pdp-i3151916128.html,740.500 ₫,,
Logitech C270 720P Màn Hình Rộng Webcam Video Máy Tính Xách Tay Camera cho PC Cho cuộc gọi video Và Ghi Âm,https://www.lazada.vn/products/pdp-i3223367364.html,734.000 ₫,,
(EUBG) 1080P Webcam Full HD Camera for Laptop Computer USB Webcam with Dual Microphones for Zoom Video Calling Webcam,https://www.lazada.vn/products/pdp-i3156595846.html,744.136 ₫,,
Kids Instant Print Camera 1080P HD Digital Camera with 2.4 Inch IPS Screen 10X Optical Zoom Includes 32GB TF Card,https://www.lazada.vn/products/pdp-i2998869020.html,910.838 ₫,2.4,
Mẫu xe cá nhân AF tự động lấy nét mới với đèn chiếu sáng phụ máy tính USB Webcam Camera khóa học trực tuyến 2K/4K,https://www.lazada.vn/products/pdp-i3072911963.html,365.099 ₫,,
(OQKZ) Industrial 4K USB Webcam PC Laptops Video 8MP Autofocus USB Camera IMX179 Sensor OTG UVC Plug & Play,https://www.lazada.vn/products/pdp-i3163303183.html,930.915 ₫,,
"(IKHR) 4K Webcam with Microphone and Fill Light, HD Autofocus Computer Camera for Pc Laptop Desktop Video Calling,",https://www.lazada.vn/products/pdp-i3148315826.html,952.525 ₫,,
New Children'S Mini Camera Dual Selfie Digital Photo Camera HD 720P Video USB Charging Color Display for Kids Gift,https://www.lazada.vn/products/pdp-i2722801823.html,627.669 ₫,,
"(YFWH) 13MP Camera Module 13850 Webcam Length 3000mm, 1300W Pixels Camera RK3358/3358S for 5/5B/5Plus",https://www.lazada.vn/products/pdp-i2931367466.html,586.400 ₫,,
(VEFM) Industrial 4K USB Webcam PC Laptops Video 8MP Autofocus USB Camera IMX179 Sensor OTG UVC Plug & Play,https://www.lazada.vn/products/pdp-i3183051048.html,861.915 ₫,,
4K Webcam Full HD Web Camera with Microphone USB Plug Auto Autofocus Web Cam for PC Laptop Computer Desktop Camera,https://www.lazada.vn/products/pdp-i3170445539.html,561.551 ₫,,
(GCFK) 1080P Digital Camera 16MP HD Smart Digital Camera Micro-SLR Digital Camera for Photography Digital Camera,https://www.lazada.vn/products/pdp-i3072743597.html,815.110 ₫,,
"Máy tính để bàn máy tính xách tay 2K/4K camera cho máy tính, không có ổ đĩa tự động lấy nét với microphone và ba màu đèn Làm Đẹp Webcam Webcam",https://www.lazada.vn/products/pdp-i2966841171.html,399.719 ₫,,
"Máy tính mạng siêu rõ 4 triệu gu ke 2K, Camera hội nghị độ nét cao, khóa học trực tuyến, USB có micrô, Webcam phát trực tiếp làm đẹp",https://www.lazada.vn/products/pdp-i3073227030.html,723.099 ₫,,
(PQAT) Industrial 4K USB Webcam PC Laptops Video 8MP Autofocus USB Camera IMX179 Sensor OTG UVC Plug & Play,https://www.lazada.vn/products/pdp-i3079747364.html,859.331 ₫,,
"Thể thao DV4 triệu pixel Full HD trong ghi lặp lại xe, giám sát đỗ xe, Máy ghi âm lái xe Webcam Camera",https://www.lazada.vn/products/pdp-i3073056699.html,431.099 ₫,,
1080P HD Camera for Toddler 2.4Inch Screen Autofocus Cute Cartoon MP3 Video Selfie Camera for Xmas Birthday Gifts,https://www.lazada.vn/products/pdp-i3218454085.html,904.669 ₫,,
(ERBS) Industrial 4K USB Webcam PC Laptops Video 8MP Autofocus USB Camera IMX179 Sensor OTG UVC Plug & Play,https://www.lazada.vn/products/pdp-i3154917504.html,859.915 ₫,,
"(CEHZ) Autofocus Camera Module 8MP CMOS IMX179 Sensor HD 4K 3264 X 2448 Mjpeg Mini USB2.0 Webcam Board for Linux,",https://www.lazada.vn/products/pdp-i3044115257.html,892.500 ₫,,
UYEA | Máy Quay Phim Truyền Hình Trực Tiếp 4K với Micro,https://www.lazada.vn/products/pdp-i3193673619.html,180.000 ₫,4.0,23 Đã bán
Camera Giả Mô Hình Chống Trộm Tiết Kiệm Chi Phí,https://www.lazada.vn/products/pdp-i1740901300.html,27.651 ₫,5.0,36 Đã bán
Jettingbuy Camera Cctv Ngoài Trời Gia Dụng Camera Giả An Ninh Với Đèn Led Một Kích Thước,https://www.lazada.vn/products/pdp-i451644573.html,51.371 ₫,5.0,12 Đã bán
Camera Giả An Ninh Giám Sát Giả Trong Nhà Ngoài Trời Camera Ban Đêm Đèn LED,https://www.lazada.vn/products/pdp-i1974065764.html,130.000 ₫,,"11 Đã bán
China"
Kids Instant Print Camera Thermal Printing Photo Printer with Thermal Paper Roll Kid'S Digital Video Camera,https://www.lazada.vn/products/pdp-i3210370859.html,690.422 ₫,,
Camera cho máy tính với Microphone máy quay USB 480p cho máy tính để bàn máy tính xách tay,https://www.lazada.vn/products/pdp-i2750442818.html,165.000 ₫,,
Camera cho máy tính Camera Web tự động lấy nét cho phát trực tiếp cho cuộc họp cho lớp học trực tuyến,https://www.lazada.vn/products/pdp-i3048775967.html,195.311 ₫,,
Camera Web Webcam giảm tiếng ồn Microphone cho video chat,https://www.lazada.vn/products/pdp-i3038889055.html,635.462 ₫,,
Camera hành trình Imou S400 4MP,https://www.lazada.vn/products/pdp-i2742229999.html,1.723.000 ₫,,
Camera Màn hình nội soi công nghiệp 10m HighTEC Copper Core ⚜️Home and Garden⚜️,https://www.lazada.vn/products/pdp-i2427221973.html,2.073.770 ₫,,
Xier | Camera Giám Sát & Quét HD,https://www.lazada.vn/products/pdp-i3206399821.html,4.299.000 ₫,4.0,
2K 4MP USB webcam PC camera 30fps 2560x1440 mjpg high speed ipxc variable zoom camera 2.8-12mm/5-50mm or fix 4mm 6mm,https://www.lazada.vn/products/pdp-i2893817823.html,558.266 ₫,2.8,
Logitech C270 720P Màn Hình Rộng Webcam Video Máy Tính Xách Tay Camera cho PC Cho cuộc gọi video Và Ghi Âm,https://www.lazada.vn/products/pdp-i3223478019.html,734.000 ₫,,
(UHYM) IMX179 Camera Module 8MP Autofocus 78 Degree High-Definition Mini IP Webcam CMOS 3264x2488 USB Plug Play for Laptop,https://www.lazada.vn/products/pdp-i3084407024.html,722.200 ₫,,
Asixxsix Webcam USB 480P HD Tự Động lấy nét Webcam Với Tiếng Ồn Hủy Bỏ Microphone Và Đứng Bên Ngoài CMOS Streaming Máy Ảnh Cắm Và Chơi USB Camera Web Cho Máy Tính Xách Tay cuộc gọi video Hội Nghị,https://www.lazada.vn/products/pdp-i3224651141.html,389.000 ₫,,
Camera An Ninh WiFi Mini Không Dây 1080P Full HD Tầm Nhìn Ban Đêm Phát Hiện Chuyển Động Pin Sạc Ứng Dụng Điều Khiển Dễ Dàng Gắn,https://www.lazada.vn/products/pdp-i3005286807.html,237.000 ₫,5.0,18 Đã bán
Camera Wifi Mini A9 An Ninh Không Dây Máy Quay IP 1080P Full-HD Giám Sát Từ Xa Giám Sát Video Bảo Vệ Nhà Thông Minh,https://www.lazada.vn/products/pdp-i3203959527.html,151.200 ₫,,
Camera An Ninh Wifi Không Dây Mạng Trong Nhà Độ Phân Giải Cao Giám Sát Tại Nhà Cung Cấp Trực Tiếp Từ Xa X5 Xuyên Biên Giới,https://www.lazada.vn/products/pdp-i3180275732.html,93.600 ₫,,
yppuso sell well - /V380 Webcam Wireless WIFI Indoor Monitor Home Company Store Inligent PTZ Puppy Monitoring,https://www.lazada.vn/products/pdp-i3034170543.html,984.021 ₫,,
Camera Giám Sát Thông Minh WiFi Ngoài Trời Độ Phân Giải Cao Camera IP Mạng An Ninh Gia Đình Từ Trung Quốc Đại Lục AE Stock,https://www.lazada.vn/products/pdp-i3191994430.html,172.000 ₫,,
1080P HD Digital Instant Print Camera 1300mAh Kids Printer Camera with MP3 Player&5 Games for Girls Boys Birthday Gift,https://www.lazada.vn/products/pdp-i3177062647.html,527.253 ₫,,
Logitech C270 720P Màn Hình Rộng Webcam Video Máy Tính Xách Tay Camera cho PC Cho cuộc gọi video Và Ghi Âm,https://www.lazada.vn/products/pdp-i3228159284.html,734.000 ₫,,
Camera An Ninh Gia Đình Thông Minh Không Dây 1080P Với Camera IP Giám Sát Từ Xa Tầm Nhìn Ban Đêm Hồng Ngoại Để Giám Sát Gia Đình,https://www.lazada.vn/products/pdp-i3202037509.html,146.400 ₫,,"64 Đã bán
Nước ngoài"
(ANEB) USB Webcam 4K 1080P Mini Camera with Microphone Black ABS for PC Video Camera,https://www.lazada.vn/products/pdp-i2853398936.html,695.746 ₫,,
HD Eye Protection Screen 1080P 4K Digital Camera 2000W Pixels Dual-Camera Built-in Game Shock Recording Kids Camera,https://www.lazada.vn/products/pdp-i3176116270.html,340.617 ₫,,
【Lowest Prices Online】 Mini Camera Hd 1080p Home Security Protection Pen Cameras Motion Detection Video Audio Recorder Support Hidden Tf,https://www.lazada.vn/products/pdp-i3187187194.html,429.518 ₫,,
(ZCFJ) Industrial 4K USB Webcam PC Laptops Video 8MP Autofocus USB Camera IMX179 Sensor OTG UVC Plug & Play,https://www.lazada.vn/products/pdp-i3133871467.html,895.915 ₫,,
Camera Thông Minh A9/X6D Camera IP Mạng WiFi Tiêu Thụ Điện Năng Thấp Chế Độ Chờ Lâu Giám Sát An Ninh Thông Minh Từ Trung Quốc Đại Lục,https://www.lazada.vn/products/pdp-i3199052372.html,172.000 ₫,,
"4K Webcam with Microphone and Fill Light, HD Autofocus Computer Camera for Pc Laptop Desktop Video Calling, Fine Workmanship",https://www.lazada.vn/products/pdp-i3210302770.html,994.720 ₫,,
(ROTS) Industrial 4K USB Webcam PC Laptops Video 8MP Autofocus USB Camera IMX179 Sensor OTG UVC Plug & Play,https://www.lazada.vn/products/pdp-i3187526846.html,861.331 ₫,,
Camera Mini HD Di Động Nhỏ Bảo Mẫu Cam 720P Ghi Âm Trong Nhà An Ninh Bí Mật Cho Văn Phòng Tại Nhà Giám Sát,https://www.lazada.vn/products/pdp-i2777638036.html,218.000 ₫,1.0,
(NOQW) 1080P Webcam Full HD Camera for Laptop Computer USB Webcam with Dual Microphones for Zoom Video Calling Webcam,https://www.lazada.vn/products/pdp-i3207218077.html,766.136 ₫,,
(OGZS) Industrial 4K USB Webcam PC Laptops Video 8MP Autofocus USB Camera IMX179 Sensor OTG UVC Plug & Play,https://www.lazada.vn/products/pdp-i3167979110.html,884.000 ₫,,
Camera Mini WiFi 4K HD Tầm Nhìn Ban Đêm Trong Nhà Ngoài Trời Giám Sát An Ninh USB Sạc Máy Quay Gia Đình Có Điều Khiển Từ Xa,https://www.lazada.vn/products/pdp-i2923326160.html,541.000 ₫,,
2K High Definition Computer Camera 2K HD Webcam USB Plug Network Live Broadcast High Definition Video Conference USB Camera 120 Degree Wide Viewing Angle Webcam with Built-in Microphone for Laptop Desktop,https://www.lazada.vn/products/pdp-i3067453090.html,421.136 ₫,,
"Máy Ảnh Kỹ Thuật Số CCY Màn Hình Lật, Giá Rẻ, Chụp Ảnh Tự Sướng, Dành Cho Sinh Viên, Quà Tặng Trường Học, Cảm Biến 1/2.3 Inch",https://www.lazada.vn/products/pdp-i3206786770.html,332.000 ₫,2.3,"20 Đã bán
Nước ngoài"
1080P Webcam Built-in Dual Microphones Full HD Video Camera for PC USB Plug-And-Play Driver-Free,https://www.lazada.vn/products/pdp-i2699406310.html,459.941 ₫,,
(IEGO) 1080P Webcam Full HD Camera for Laptop Computer USB Webcam with Dual Microphones for Zoom Video Calling Webcam,https://www.lazada.vn/products/pdp-i2710490260.html,730.136 ₫,,
Kid Camera Printer Portable Thermal Instant Print Photo Kids Digital Camera 2.4inch HD Dual Cameras Video Toy Gifts,https://www.lazada.vn/products/pdp-i2841501429.html,446.331 ₫,,
"(YOWK) 4K Webcam with Microphone and Fill Light, HD Autofocus Computer Camera for Pc Laptop Desktop Video Calling, Easy to Use Fine Workmanship",https://www.lazada.vn/products/pdp-i3209689640.html,994.720 ₫,,
2024 Mới 4K A9 Camera Wifi Mini Không Dây Hồng Ngoại Nhìn Đêm Phát Hiện Chuyển Động An Ninh Ngôi Nhà Giám Sát Cam Có Màn Hình,https://www.lazada.vn/products/pdp-i2776471360.html,167.000 ₫,1.0,
"Camera Không Dây Mini 1080P HD Với Tầm Nhìn Ban Đêm, Giám Sát Từ Xa Qua WiFi, Dành Cho An Toàn Gia Đình, Trẻ Em, Vật Nuôi, Máy Theo Dõi Giấc Ngủ Trẻ Sơ Sinh, Dùng Được Cho Cả Nam Và Nữ",https://www.lazada.vn/products/pdp-i3232488432.html,133.000 ₫,,
"Camera Wifi Mini Thông Minh X5 2024, Tầm Nhìn Ban Đêm, An Ninh Gia Đình, Ghi Âm Video, Màu Đen, Kích Thước Nhỏ Gọn, Tích Hợp Phát Hiện Chuyển Động",https://www.lazada.vn/products/pdp-i3232473278.html,151.000 ₫,,"84 Đã bán
China"
Camera Mini HD 1080P Di Động Giám Sát Không Dây Nhà Thông Minh An Ninh Đầu Ghi Hình Có WiFi Cảm Biến Nhỏ Máy Quay Phim,https://www.lazada.vn/products/pdp-i3038781287.html,851.000 ₫,,
Portable Digital Camera 16 Million HD Pixel Compact Home Digital Camera for Kids Teens Seniors,https://www.lazada.vn/products/pdp-i2691361150.html,418.356 ₫,,
"1 Máy Tính,X10 Camera Mini 1080HD Camera Wifi, WiFi Thể Thao DV Camera, An Ninh Gia Đình màn Hình, Máy Ảnh Trẻ Em, Màu Đen - Không Bao Gồm Thẻ TF BTS-VN",https://www.lazada.vn/products/pdp-i3222785795.html,343.000 ₫,,
Camera WiFi6 Thông Minh Trong Nhà Camera Giám Sát An Ninh Điều Khiển Từ Xa Bằng Ứng Dụng Tầm Nhìn Ban Đêm HD Hai Ống Kính,https://www.lazada.vn/products/pdp-i3231577186.html,344.000 ₫,,"91 Đã bán
Nước ngoài"
Camera Máy Tính USB HD 1080P Có Micrô Tích Hợp Và Chân Máy - Camera Web Mạng Để Làm Việc,https://www.lazada.vn/products/pdp-i3160399559.html,339.000 ₫,,
(VCBZ) Webcam Mini PC USB Camera 1080P Camera With Microphone For Computer Office Game Streaming,https://www.lazada.vn/products/pdp-i3207821344.html,202.000 ₫,,
Camera An Ninh Thông Minh Giám Sát Trẻ Em Với Điều Khiển WiFi Di Động Camera IP Mạng Thông Minh Để Bảo Vệ An Toàn Gia Đình,https://www.lazada.vn/products/pdp-i3183488396.html,475.000 ₫,,
Webcam Có Micrô máy tính Webcam độ nét cao 1080P Camera Web máy tính USB góc rộng 120 độ với ổ đĩa miễn phí đèn lấp đầy để ghi âm cuộc gọi hội nghị chơi game tương thích với Windows Vista ios androi,https://www.lazada.vn/products/pdp-i3194661157.html,445.000 ₫,,
(IDZP) 1080P Digital Camera 16MP HD Smart Digital Camera Micro-SLR Digital Camera for Photography Digital Camera,https://www.lazada.vn/products/pdp-i3047145109.html,814.915 ₫,,
(IKPS) 1080P Digital Camera 16MP HD Smart Digital Camera Micro-SLR Digital Camera for Photography Digital Camera,https://www.lazada.vn/products/pdp-i2761974757.html,793.110 ₫,,
USB Webcam 4K 1080P Mini Camera with Microphone ABS for PC Video Camera,https://www.lazada.vn/products/pdp-i3229933394.html,737.000 ₫,,
2K High Definition Computer Camera 2K HD Webcam USB Plug Network Live Broadcast High Definition Video Conference USB Camera 120 Degree Wide Viewing Angle Webcam with Built-in Microphone for Laptop Desktop,https://www.lazada.vn/products/pdp-i2963049500.html,358.136 ₫,,
[DIP Store] ExclusiveWebcam HD Web Camera Built-in Microphone USB Plug Web Cam for PC Computer Laptop Desktop Free Drive Household Camera,https://www.lazada.vn/products/pdp-i3227739567.html,261.720 ₫,,
wsustore--2K High Definition Computer Camera 2K HD Webcam USB Plug Network Live Broadcast High Definition Video Conference USB Camera 120 Degree Wide Viewing Angle Webcam with Built-in Microphone for Laptop Desktop,https://www.lazada.vn/products/pdp-i2939038226.html,421.136 ₫,,
1080P Webcam Full HD Camera for Laptop Computer USB Webcam with Dual Microphones for Zoom Video Calling Webcam,https://www.lazada.vn/products/pdp-i3211172363.html,766.136 ₫,,
(BAVF) 1080P Webcam Full HD Camera for Laptop Computer USB Webcam with Dual Microphones for Zoom Video Calling Webcam,https://www.lazada.vn/products/pdp-i3186308750.html,751.136 ₫,,
CCTV HD 1080p 2MP Security Camera 130degree Portable Wired Camera Mini Surveillance Camera (AHD-T302),https://www.lazada.vn/products/pdp-i3228374915.html,633.400 ₫,,
(HFYD) 1080P Digital Camera 16MP HD Smart Digital Camera Micro-SLR Digital Camera for Photography Digital Camera,https://www.lazada.vn/products/pdp-i3088130689.html,793.110 ₫,,
2.4G&5G Dual Band WIFI Full Color Night Vision Wireless PTZ IP Camera AI Humanoid Motion Detection Baby Monitor EU PLUG,https://www.lazada.vn/products/pdp-i3039534555.html,397.202 ₫,,
Shyli L8 Mini Body Camera 1080P HD WiFi Camera 180 ° Rotatable Night Vision Digital Video Recorder 600mAh Bodycam Camera,https://www.lazada.vn/products/pdp-i3148234746.html,272.099 ₫,,
"Giá trị lớn mua webcam, Camera mạng, ghi âm và chụp hội nghị tích hợp, khóa học trực tuyến, máy tính USB, Webcam máy ảnh kỹ thuật số độ nét cao",https://www.lazada.vn/products/pdp-i2966811290.html,271.813 ₫,,
"(IKUH) 4K Webcam with Microphone and Fill Light, HD Autofocus Computer Camera for Pc Laptop Desktop Video Calling, Easy to Use",https://www.lazada.vn/products/pdp-i2770507692.html,984.000 ₫,,
(CEUO) 1080P Webcam Full HD Camera for Laptop Computer USB Webcam with Dual Microphones for Zoom Video Calling Webcam,https://www.lazada.vn/products/pdp-i3094556081.html,755.136 ₫,,
(CEHZ) 1080P Kid Camera 48MP Dual Lenses 8X Optical Zoom Mini 2.8in TFT Screen Great Gift for Boys Girls Kids,https://www.lazada.vn/products/pdp-i2860166807.html,601.474 ₫,,
Logitech C270 720P Màn Hình Rộng Webcam Video Máy Tính Xách Tay Camera cho PC Cho cuộc gọi video Và Ghi Âm,https://www.lazada.vn/products/pdp-i3223417447.html,734.000 ₫,,
Camera An Ninh HD Không Dây 1080p 140 ° Camera IP Giám Sát Tại Nhà Xuyên Biên Giới Mẫu Mới Để Giám Sát Tại Nhà,https://www.lazada.vn/products/pdp-i3183567051.html,489.000 ₫,,
"Digital Camera, 4K Children Camera for Photography, 64MP MP3 Player Camera, 2.8Inch IPS Screen, Auto Focus",https://www.lazada.vn/products/pdp-i2917321932.html,896.720 ₫,,
Camera wifi máy ảnh nhỏ gọn Độ nét cao 1080p được xây dựng trong pin nhà an ninh nhỏ camcorde quan sát ban đêm IR chuyển động DVR đầu ghi video,https://www.lazada.vn/products/pdp-i3131861589.html,324.400 ₫,,
"2,000,005V Outdoor Wireless Ball Machine Camera 360 Degrees Full Color Hd Night Vision Wireless Wifi Monitor",https://www.lazada.vn/products/pdp-i2796736435.html,442.711 ₫,,
Camera An Ninh Thông Minh Ngoài Trời Mạng 4G Tầm Nhìn Ban Đêm Hồng Ngoại Bảo Vệ An Toàn Cá Nhân Tại Nhà Camera IP Giám Sát,https://www.lazada.vn/products/pdp-i3231363721.html,1.240.800 ₫,,"267 Đã bán
Nước ngoài"
wsustore--1080P Digital Camera with Flash Photo Video Mini Camera 2.0 Inch Screen Digital Zoom Camera for Child,https://www.lazada.vn/products/pdp-i2963151343.html,434.110 ₫,2.0,
(SPVH) 4K High Definition Computer Camera Network Live Broadcast High Definition Video Conference USB Camera,https://www.lazada.vn/products/pdp-i3082483623.html,748.720 ₫,,
(BIGY) Industrial 4K USB Webcam PC Laptops Video 8MP Autofocus USB Camera IMX179 Sensor OTG UVC Plug & Play,https://www.lazada.vn/products/pdp-i3129450401.html,884.000 ₫,,
"(IENF) 4K Webcam with Microphone and Fill Light, HD Autofocus Computer Camera for Pc Laptop Desktop Video Calling, Fine Workmanship",https://www.lazada.vn/products/pdp-i2757731589.html,955.915 ₫,,
"(BAVF) 4K Webcam with Microphone and Fill Light, HD Autofocus Computer Camera for Pc Laptop Desktop Video Calling,",https://www.lazada.vn/products/pdp-i3133667494.html,933.525 ₫,,
(NVIS) USB Webcam 4K 1080P Mini Camera with Microphone 15-30Fps Fill Light Beauty ABS for PC Video Camera,https://www.lazada.vn/products/pdp-i3082431707.html,716.746 ₫,,
"Camera USB độ phân giải cao 8 triệu điểm ảnh, camera video hội nghị máy tính, camera chụp ảnh A4",https://www.lazada.vn/products/pdp-i3153101426.html,999.999 ₫,,
Camera Giám Sát Thông Minh WIFI Không Dây 1080P IR-CUT Xuyên Biên Giới Bestseller Pin Ngoài Không Bao Gồm,https://www.lazada.vn/products/pdp-i3175863123.html,140.000 ₫,,
"Máy Ảnh CCD A1 Dành Cho Sinh Viên, Máy Ảnh Kỹ Thuật Số Cầm Tay Với Giá Trị Thẩm Mỹ Cao, Độ Phân Giải Thấp Để Quay Video Và Chụp Ảnh",https://www.lazada.vn/products/pdp-i3193858842.html,366.350 ₫,,
"1080P HD Digital Camera for Kids Photography Mini Portable 0.96-Inch Screen, 4x Optical Zoom Perfect Birthday Gift",https://www.lazada.vn/products/pdp-i3166171213.html,288.720 ₫,,
"Camera An Ninh Không Dây PTZ 8MP Wifi IP Ngoài Trời Với Zoom 4X, Theo Dõi Chuyển Động Người Bằng AI, Âm Thanh Hai Chiều, Tầm Nhìn Ban Đêm HD, Camera Giám Sát Màu Sắc",https://www.lazada.vn/products/pdp-i3232261642.html,460.000 ₫,,"32 Đã bán
China"
"(ZJGE) Night Vision Camera Module for 4, Mini 5MP 1080P HD Video OV5647 Sensor Webcam Kit with Embedded IR-Cut",https://www.lazada.vn/products/pdp-i2931872884.html,256.500 ₫,,
Built-in Game Shock Recording 4K Digital Camera 2000W Pixels Dual-Camera HD Eye Protection Screen 1080P Kids Camera,https://www.lazada.vn/products/pdp-i3224406593.html,359.000 ₫,,
4K Digital Camera Travel Selfie Camara 50MP HD Dual Lens Zoom Photography Screen Entry-Level Kids Campus Mini Retro Cam,https://www.lazada.vn/products/pdp-i3085542427.html,444.720 ₫,,
New Children'S Mini Camera Dual Selfie Digital Photo Camera HD 720P Video USB Charging Color Display for Kids Gift,https://www.lazada.vn/products/pdp-i2911625262.html,615.669 ₫,,
"Độ nét cao giảng dạy khóa học trực tuyến, Camera cho máy tính, máy tính để bàn, Micro máy tính xách tay, không có ổ đĩa USB Webcam",https://www.lazada.vn/products/pdp-i2988132690.html,326.719 ₫,,
"(ZIKF) Night Vision Camera Module for 4, Mini 5MP 1080P HD Video OV5647 Sensor Webcam Kit with Embedded IR-Cut",https://www.lazada.vn/products/pdp-i3038074543.html,254.500 ₫,,
Webcam Có Micrô máy tính Webcam độ nét cao 1080P Camera Web máy tính USB góc rộng 120 độ với ổ đĩa miễn phí đèn lấp đầy để ghi âm cuộc gọi hội nghị chơi game tương thích với Windows Vista ios androi,https://www.lazada.vn/products/pdp-i3212903233.html,445.000 ₫,,
(JPTZ) Industrial 4K USB Webcam PC Laptops Video 8MP Autofocus USB Camera IMX179 Sensor OTG UVC Plug & Play,https://www.lazada.vn/products/pdp-i3078233739.html,859.331 ₫,,
"1 Máy Tính,X10 Camera Mini 1080HD Camera Wifi, WiFi Thể Thao DV Camera, An Ninh Gia Đình màn Hình, Máy Ảnh Trẻ Em, Màu Đen - Không Bao Gồm Thẻ TF EHMY-VN",https://www.lazada.vn/products/pdp-i3225159453.html,306.000 ₫,,
"Digital Pocket Camera, 5MP HD 16X Zoom 720P Digital Point and Shoot Camera Compact Small 2.4 inch Screen for Photography Teens Students Boys Girls Gifts Beginners Vlogging Travel(Gold)",https://www.lazada.vn/products/pdp-i3191484674.html,602.441 ₫,2.4,
Mới Q25 2K tự động lấy nét đèn chiếu sáng phụ máy tính ổ đĩa USB miễn phí 1080P Camera mạng wecam Webcam,https://www.lazada.vn/products/pdp-i2966840206.html,352.719 ₫,,
Kids Instant Print Camera 1080P HD Digital Camera with 2.4 Inch IPS Screen 10X Optical Zoom Includes 32GB TF Card,https://www.lazada.vn/products/pdp-i2959084607.html,910.838 ₫,2.4,
2K High Definition Computer Camera 2K HD Webcam USB Plug Network Live Broadcast High Definition Video Conference USB Camera 120 Degree Wide Viewing Angle Webcam with Built-in Microphone for Laptop Desktop,https://www.lazada.vn/products/pdp-i3059836272.html,421.136 ₫,,
"(TQRA) Digital Camera, 4K Children Camera for Photography, 64MP MP3 Player Camera, 2.8Inch IPS Screen, Auto Focus",https://www.lazada.vn/products/pdp-i2897904144.html,962.525 ₫,,
E7GC5035 HD 5MP USB Camera Module for Laptop Computer Face Recognition with Flash Light Microphone UVC OTG,https://www.lazada.vn/products/pdp-i3084431979.html,477.600 ₫,,
1080P HD Camera for Toddler 2.4Inch Screen Autofocus Cute Cartoon MP3 Video Selfie Camera for Xmas Birthday Gifts,https://www.lazada.vn/products/pdp-i3201165076.html,925.694 ₫,,
"(SDEO) 4K Webcam with Microphone and Fill Light, HD Autofocus Computer Camera for Pc Laptop Desktop Video Calling, Fine Workmanship",https://www.lazada.vn/products/pdp-i3152854067.html,952.720 ₫,,
HD USB Webcam with Dual Microphones for PC Laptop Computer Web Camera Zoom Video Calling USB Webcam,https://www.lazada.vn/products/pdp-i3230553586.html,284.162 ₫,,
"(BGSJ) Video Camera with Microphone HD Webcam USB Camera for PC Laptop, Zoom, Skype, Facetime, , Linux",https://www.lazada.vn/products/pdp-i2702010708.html,210.200 ₫,,
(OQZR) USB Webcam 4K 1080P Mini Camera with Microphone Black ABS for PC Video Camera,https://www.lazada.vn/products/pdp-i2762607076.html,716.746 ₫,,
48MP HD Mini Camera 2.4in IPS Display 16X Zoom Digital Camera 4K Video Camera with Fill Light for Kids Students,https://www.lazada.vn/products/pdp-i3223993167.html,464.000 ₫,,
(IMTO) Industrial 4K USB Webcam PC Laptops Video 8MP Autofocus USB Camera IMX179 Sensor OTG UVC Plug & Play,https://www.lazada.vn/products/pdp-i3161147337.html,848.915 ₫,,
(BYZI) 1080P Webcam Full HD Camera for Laptop Computer USB Webcam with Dual Microphones for Zoom Video Calling Webcam,https://www.lazada.vn/products/pdp-i3209030567.html,766.136 ₫,,
(AFHY) 1080P Webcam Full HD Camera for Laptop Computer USB Webcam with Dual Microphones for Zoom Video Calling Webcam,https://www.lazada.vn/products/pdp-i3199103878.html,737.527 ₫,,
(ZWNA) USB Webcam 4K 1080P Mini Camera with Microphone 15-30Fps Fill Light Beauty ABS for PC Video Camera,https://www.lazada.vn/products/pdp-i3191916213.html,714.551 ₫,,
(AHXG) 1080P Digital Camera 16MP HD Smart Digital Camera Micro-SLR Digital Camera for Photography Digital Camera,https://www.lazada.vn/products/pdp-i2776422657.html,814.915 ₫,,
IMX179 Camera Module 8MP Autofocus 78 Degree High-Definition Mini IP Webcam CMOS 3264x2488 USB Plug Play for Laptop,https://www.lazada.vn/products/pdp-i3074040615.html,714.600 ₫,,
Hilook Máy Ảnh Với Microphone Webcam USB Cho PC 1080P HD 30fps Đen Trắng Nhỏ Webcam Para Camera cho laptop Coverxdhgmy,https://www.lazada.vn/products/pdp-i2383710456.html,612.667 ₫,,
"(TFKD) Autofocus Camera Module 8MP CMOS IMX179 Sensor HD 4K 3264 X 2448 Mjpeg Mini USB2.0 Webcam Board for Linux,",https://www.lazada.vn/products/pdp-i2932144613.html,999.100 ₫,,
(TCRD) Industrial 4K USB Webcam PC Laptops Video 8MP Autofocus USB Camera IMX179 Sensor OTG UVC Plug & Play,https://www.lazada.vn/products/pdp-i3163315761.html,930.915 ₫,,
(TFKD) Webcam Mini PC USB Camera 1080P Camera Professional HD Web Cam With Microphone For Computer Office Game Streaming,https://www.lazada.vn/products/pdp-i2773789004.html,166.967 ₫,,
[COD] shiou Elough 2K HD Webcam cho máy tính để bàn máy tính xách tay máy tính mini USB Web Camera với micro Web Cam cho Youtube Skype,https://www.lazada.vn/products/pdp-i3231547407.html,131.533 ₫,,
"4K High-Definition Web Camera with Fill Light for Laptop & PC, Tailored for Professional Live Broadcasting",https://www.lazada.vn/products/pdp-i3206609973.html,864.617 ₫,,
ZHUYUN Elough 2K HD Webcam cho máy tính để bàn máy tính xách tay máy tính mini USB Web Camera với micro Web Cam cho Youtube Skype,https://www.lazada.vn/products/pdp-i3231258454.html,153.964 ₫,,
"(GQWJ) 4K Webcam with Microphone and Fill Light, HD Autofocus Computer Camera for Pc Laptop Desktop Video Calling, Easy to Use Fine Workmanship",https://www.lazada.vn/products/pdp-i3187451544.html,962.720 ₫,,
(TUQC) 1080P Webcam Full HD Camera for Laptop Computer USB Webcam with Dual Microphones for Zoom Video Calling Webcam,https://www.lazada.vn/products/pdp-i3128764650.html,751.136 ₫,,
