title,url,price,rating,shop
iPad 11 (A16) WiFi - Hàng Chính Hãng,https://www.lazada.vn/products/pdp-i3060604084.html,8.990.000 ₫,4.0,448 Đã bán
Máy tính bảng Lenovo Tab M10 Plus X616M màn 10 inch - Ram 4G 64G,https://www.lazada.vn/products/pdp-i3149712484.html,1.848.000 ₫,,
Máy tính bảng Masstel Tab 8.3 3GB 32GB Chính Hãng,https://www.lazada.vn/products/pdp-i2807624162.html,1.350.000 ₫,,
Máy Tính Bảng Mobell Tab 8.1 Chính Hãng ( 2G + 16G ) Android 11 WIFI + 4G Tablet Bảo Hành 12 Tháng,https://www.lazada.vn/products/pdp-i2541145396.html,1.250.000 ₫,,
Máy tính bảng cho trẻ em chống sốc 7 inch TEKKIN TI-868 cpu 4 nhân ram 4gb bộ nhớ 32gb,https://www.lazada.vn/products/pdp-i2675037525.html,999.000 ₫,5.0,12 Đã bán
"Máy tính bảng Samsung Galaxy Tab A9+ (wifi) 4GB 64GB - trọng lượng 480g, camera sắc nét, hiệu năng ổn định",https://www.lazada.vn/products/pdp-i2623269895.html,3.844.637 ₫,5.0,24 Đã bán
"Máy tính bảng Samsung Galaxy Tab A9 (Wifi) 4GB/64GB - Thiết kế mỏng nhẹ, màn hình 8.7 inch, ram 8GB",https://www.lazada.vn/products/pdp-i2623387170.html,2.990.000 ₫,5.0,10 Đã bán
Máy tính bảng cho trẻ chống sốc 10.1 inch TEKKIN TI-8010 cpu 4 nhân ram 4gb bộ nhớ 64gb,https://www.lazada.vn/products/pdp-i2674971494.html,1.599.000 ₫,5.0,
"Máy tính bảng mới V62 mỏng nhẹ, RAM 16GB+ROM 512GB, bộ nhớ siêu cao, camera ba 24MP và 48MP chất lượng cao, pin 15000mAh với thời gian sử dụng lâu, hệ điều hành Android 15, chip Snapdragon 888, hỗ trợ 4G/5G, WiFi, Bluetooth cho học tập, làm việc và xem",https://www.lazada.vn/products/pdp-i3195175026.html,1.400.000 ₫,,
Máy tính bảng Samsung Tab T295 Ram 2GB bộ nhớ 32GB Android 11 máy qua sự dụng zin đẹp 99% full chức năng kèm phụ kiện,https://www.lazada.vn/products/pdp-i3173108126.html,899.910 ₫,5.0,
Máy tính bảng Samsung Galaxy Tab A9+ Wi-Fi,https://www.lazada.vn/products/pdp-i2497827874.html,4.933.243 ₫,5.0,6 Đã bán
"Máy Tính Bảng Samsung Galaxy Tab S6 Lite - Hàng Chính Hãng, Nguyên Seal Mới 100%",https://www.lazada.vn/products/pdp-i1700803684.html,6.390.000 ₫,,
NEWSEAL 100% | Máy tính bảng Amazon Kindle Fire HD10 13th 2023 chính hãng nhập khẩu USA - Bảo hành 12 tháng,https://www.lazada.vn/products/pdp-i1648270487.html,3.390.000 ₫,5.0,14 Đã bán
"Máy tính bảng Fujitsu Arrows Tab Q509 N4100, 8gb ram, 128gb SSD màn 10.1” Full HD cảm ứng phụ kiện full tuỳ chọn hang nhập khẩu Nhật Bản qua sử dụng",https://www.lazada.vn/products/pdp-i3178420203.html,1.800.000 ₫,,
Máy Tính Bảng Lenovo Xiaoxin Pad Pro ( 2022 ) 8/128gb & 6/128GB mới Nguyên seal Snapdragon 870 Màn Oled 2.5K 120HZ | Playmobile,https://www.lazada.vn/products/pdp-i1625797795.html,5.990.000 ₫,4.0,127 Đã bán
Mtb Masstel Tab 10A (10.1in/3gb/32gb) giá 1.290k-- ---Full VAT--,https://www.lazada.vn/products/pdp-i3107739642.html,1.290.000 ₫,,
Máy tính bảng Xiaomi Redmi Pad 2 (6GB/128GB) - Bảo hành 18 tháng,https://www.lazada.vn/products/pdp-i3141392746.html,5.489.000 ₫,,
Máy tình bảng samsung giá rẽ,https://www.lazada.vn/products/pdp-i2370970756.html,2.200.000 ₫,5.0,
Máy tính bảng Xiaomi Pad 7 (8+128GB) | Màn hình 11.2'' 3.2K 144Hz tăng hiệu suất | Snapdragon 7+ Gen3 | HyperAI | Pin 8850mAh,https://www.lazada.vn/products/pdp-i3002957265.html,8.693.000 ₫,5.0,16 Đã bán
Máy tính bảng Samsung Galaxy Tab A9+ 5G (X216) - 64GB Ram 4GB và 128GB Ram 8GB,https://www.lazada.vn/products/pdp-i2497862821.html,5.922.363 ₫,,
"Máy tính bảng Redmi Pad (3+64GB) | Màn hình LCD IPS 10.61"" 90Hz 2K | MediaTek Helio G99 | Pin 8000 mAh Sạc nhanh 18W",https://www.lazada.vn/products/pdp-i2041376747.html,6.490.000 ₫,5.0,36 Đã bán
Máy tính bảng Redmi Pad SE 8.7 Wifi (4+128GB) | LCD 90Hz | MediaTek Helio G85 8 | Pin 6650mAh,https://www.lazada.vn/products/pdp-i2748467509.html,2.890.000 ₫,5.0,11 Đã bán
Máy tính bảng 10.1 inch TEKKIN A3 2 SIM 2 sóng nghe gọi cpu 8 nhân ram 12gb bộ nhớ 128gb tặng bao da,https://www.lazada.vn/products/pdp-i2794444419.html,2.499.000 ₫,,
Máy Tính Bảng Samsung Galaxy Tab S6 Lite 2022 (4GB/64GB) - Hàng Chính Hãng,https://www.lazada.vn/products/pdp-i2413438812.html,6.800.000 ₫,,
Máy tính bảng Surface Go 1 màn 10 inch 1800x1200p - Intel 4415Y,https://www.lazada.vn/products/pdp-i2489605861.html,1.988.000 ₫,5.0,
"[SALE BRAND DAY - TỪ 20H 30.10] Máy tính bảng Galaxy Tab S10 Lite, Tính Năng AI Tiên Tiến, S Pen đa nhiệm, Màn hình lớn 10.9""",https://www.lazada.vn/products/pdp-i3184430685.html,8.989.000 ₫,,32 Đã bán
"Lenovo Xiaoxin Pad Pro 12.7, Chip MediaTek Dimensity 8300, Màn Hình 12.7inches 144Hz, Ram 8GB/128G, Pin 10200mAh",https://www.lazada.vn/products/pdp-i3207721054.html,6.121.000 ₫,,
Máy Tính Bảng Xiaomi Redmi Pad SE Wifi 6GB 128GB Chính Hãng BH 18 Tháng,https://www.lazada.vn/products/pdp-i3206828504.html,6.000.000 ₫,,
Máy tính bảng OPPO PAD 11 inch Snaρdragon 870 rom tiếng Việt kèm sạc 33W likenew,https://www.lazada.vn/products/pdp-i3036190503.html,5.499.000 ₫,,
Máy tính bảng Samsung Galaxy Tab A9+ Wi-Fi 4GB/64GB,https://www.lazada.vn/products/pdp-i2634318913.html,4.180.000 ₫,5.0,33 Đã bán
Máy tính bảng Samsung tab T295 Ram 2GB bộ nhớ 32GB Android 11 sim 4G máy đẹp 99,https://www.lazada.vn/products/pdp-i2569458961.html,899.910 ₫,5.0,8 Đã bán
máy tinh bảng hp pro tablet 10 ee g1 mới 85%,https://www.lazada.vn/products/pdp-i3180729472.html,1.450.000 ₫,,
Máy tính bảng Samsung Tab E 8.0 bản Mỹ (Wifi+4G),https://www.lazada.vn/products/pdp-i2227250185.html,1.699.000 ₫,,
Máy tính bảng Fujitsu ARROWS Tab V727 chạy Window 10 kèm bút - Core M3 7Y30 ram 8G 128G SSD,https://www.lazada.vn/products/pdp-i3229619393.html,3.198.000 ₫,,
"Máy tính bảng Gtab 10 Lite 2022 lướt web, giải trí nhẹ ( 4G + Wifi )",https://www.lazada.vn/products/pdp-i1961909898.html,1.899.000 ₫,,
HUAWEI MATEPAD 11.5 2025 8GB 256GB Chính hãng,https://www.lazada.vn/products/pdp-i3039261126.html,8.830.000 ₫,,
Máy tính bảng Xiaomi Redmi Pad Pro 2024 màn 12.1 inch 120Hz - Snaρdragon 7s Gen 2,https://www.lazada.vn/products/pdp-i3102538535.html,4.788.000 ₫,,
"Máy tính bảng POCO Pad (8+256GB) | Màn hình 12,1"" 120Hz 2,5K | SD 7sGen2 | Pin 10000mAh + 33W",https://www.lazada.vn/products/pdp-i3016932184.html,7.690.000 ₫,,
"Máy tính bảng Xiaomi Redmi Pad 2 11"" Wifi (6GB/128GB) - Hàng chính hãng - 11 inch 2.5K, Chip Helio G100-Ultra, Pin lớn 9000mAh",https://www.lazada.vn/products/pdp-i3232338661.html,5.059.000 ₫,,
"Máy tính bảng Xiaomi Redmi Pad SE 11"" Wifi (6GB/128GB) - Hàng chính hãng - 11 inch FHD+, Chip Snapdragon 680, Pin 8000mAh",https://www.lazada.vn/products/pdp-i3232573400.html,4.149.000 ₫,,
"Máy tính bảng Xiaomi Redmi Pad 2 11"" Wifi (6GB/128GB) - Hàng chính hãng - 11 inch 2.5K, Chip Helio G100-Ultra, Pin lớn 9000mAh",https://www.lazada.vn/products/pdp-i3232484439.html,5.099.000 ₫,,
"Máy tính bảng Xiaomi Pad 7 11.2"" Wifi (8GB/128GB) - Hàng chính hãng - IPS LCD 11.2 inch, Chip Snapdragon 7+ Gen 3, Pin 8850mAh",https://www.lazada.vn/products/pdp-i3232338384.html,9.069.000 ₫,,
"Xiaomi Redmi K Pad, Chip Dimensity 9400+, Màn Hình 8.8 inches 165Hz, Ram 8/256G, Pin 7500mAh . SonPixel",https://www.lazada.vn/products/pdp-i3206971620.html,10.487.000 ₫,,
Máy Tính Bảng Samsung Galaxy Tab A7 (3GB/32GB) SM-T500 wifi,https://www.lazada.vn/products/pdp-i1739631374.html,5.390.000 ₫,,
"Máy tính bảng Xiaomi Redmi Pad Pro 12.1"" (6GB/128GB) - Hàng chính hãng - Màn hình lớn 12.1"" 2.5K, Chip Snapdragon 7s Gen 2, Pin 10.000mAh 35W",https://www.lazada.vn/products/pdp-i3231756626.html,6.279.000 ₫,,
Máy Tính Bảng Xiaomi Pad 7 8GB 128GB Chính Hãng BH 18 Tháng,https://www.lazada.vn/products/pdp-i3193980499.html,9.199.000 ₫,,
Máy tính bảng Lenovo Idea Tab Pro 12.7 inch màn 3k 144hz -pin 10200mah Full goolge và tiếng việt,https://www.lazada.vn/products/pdp-i3180194179.html,7.490.000 ₫,,
"Máy tính bảng Xiaomi Redmi Pad SE 11"" Wifi (6GB/128GB) - Hàng chính hãng - 11 inch FHD+, Chip Snapdragon 680, Pin 8000mAh",https://www.lazada.vn/products/pdp-i3232208821.html,4.189.000 ₫,,
"Máy tính bảng Samsung Galaxy Tab S10FE (Wifi,8G/128G),Hàng chính hãng,Galaxy AI",https://www.lazada.vn/products/pdp-i3206626266.html,9.090.000 ₫,,
Samsung Galaxy Tab S10 FE Wifi 8GB/128GB,https://www.lazada.vn/products/pdp-i3114103009.html,8.950.000 ₫,,
Máy tính bảng Samsung Galaxy Tab A9+ 5G,https://www.lazada.vn/products/pdp-i2671129233.html,7.490.000 ₫,,
Lenovo Legion Y700 2023 gaming tablet máy tính bảng gaming Snapdragon 8+ Gen 1 likenew,https://www.lazada.vn/products/pdp-i2440931223.html,7.038.900 ₫,5.0,10 Đã bán
"Máy tính bảng Xiaomi Pad 7 11.2"" Wifi (8GB/128GB) - Hàng chính hãng - PS LCD 11.2 inch, Chip Snapdragon 7+ Gen 3, Pin 8850mAh",https://www.lazada.vn/products/pdp-i3232486196.html,8.999.000 ₫,,
"Máy Tính bảng Blackview Active 8 Pro 16GB/256GB Mới Nguyên Seal Fullbox | Pin 22000 Mah siêu trâu , Chống va đập siêu bền , 2 sim nghe gọi | Playmobile",https://www.lazada.vn/products/pdp-i2624516709.html,6.990.000 ₫,,
Máy tính bảng CUBE Iwork 1X,https://www.lazada.vn/products/pdp-i2978880779.html,6.190.000 ₫,,
"Máy tính bảng HUAWEI MatePad 11.5"" NEW 6+128 | HUAWEI FullView 120 Hz | Bàn Phím Rời | Ứng Dụng Văn Phòng WPS 2.0",https://www.lazada.vn/products/pdp-i3148899453.html,6.360.000 ₫,2.0,
Máy tính bảng Samsung Galaxy Tab S6 Lite 2024 LTE,https://www.lazada.vn/products/pdp-i2704861282.html,7.898.241 ₫,,
"Máy tính bảng Xiaomi Pad 7 11.2"" Wifi (8GB/256GB) - Hàng chính hãng - IPS LCD 11.2 inch, Chip Snapdragon 7+ Gen 3, Pin 8850mAh",https://www.lazada.vn/products/pdp-i3232180741.html,9.969.000 ₫,,
"Máy tính bảng Xiaomi Pad 7 11.2"" Wifi (8GB/256GB) - Hàng chính hãng - IPS LCD 11.2 inch, Chip Snapdragon 7+ Gen 3, Pin 8850mAh",https://www.lazada.vn/products/pdp-i3232295585.html,9.899.000 ₫,,
"Máy tính bảng Samsung Galaxy Tab S10FE (Wifi,8G/128G),Hàng chính hãng,Galaxy AI",https://www.lazada.vn/products/pdp-i3206625205.html,9.090.000 ₫,,
Máy tính bảng IWork10 Pro Intel Cherry 4G 64Gb (Dual Win 10/Android) tặng kèm dock bàn phím,https://www.lazada.vn/products/pdp-i222459820.html,7.914.861 ₫,,
"Máy tính bảng Tablet Onda oBook20 Plus Ram 4G, 64Gb SSD, HDMI 4K Dual Win10/Android (tặng Dock, bút cảm ứng)",https://www.lazada.vn/products/pdp-i220305413.html,6.136.767 ₫,,
"Máy tính bảng Xiaomi Pad 7 màn hình 11.2"" 3.2K 144Hz - SD7 - Hyper AI - chính hãng bảo hành 24 tháng",https://www.lazada.vn/products/pdp-i3036276480.html,9.990.000 ₫,,
Máy tính bảng Asus Zenpad Z8 -Verizon 8 inch Snap650 ram 2Gb+16Gb,https://www.lazada.vn/products/pdp-i2143441109.html,790.000 ₫,5.0,5 Đã bán
Samsung Galaxy Tab A7 Lite – Siêu Tablet Chỉ 1.800.000 VND!,https://www.lazada.vn/products/pdp-i3038115200.html,1.590.000 ₫,,
"Máy tính bảng HP ElitePad 1000 G2 Atom Z3795, 4gb Ram, 128gb SSD, màn 10” cảm ứng đa điểm Windows 10",https://www.lazada.vn/products/pdp-i2866009220.html,1.600.000 ₫,,
"Máy tính bảng trẻ em K13 - Plus, phiên bản nâng cấp quản lí thời gian sử dụng, giáo dục thông minh phát triển trí tuệ,đồ chơi cho bé trai bé gái",https://www.lazada.vn/products/pdp-i2942428728.html,2.190.000 ₫,5.0,
Máy Tính Bảng Trẻ Em Joystar J10 Chính hãng | Thế Hệ Mới với 60 Ứng Dụng + 2 App Bản Quyền | Cảm Ứng Mượt,https://www.lazada.vn/products/pdp-i3113501265.html,3.490.000 ₫,,
Máy tính bảng Lenovo Tab 4 10 REL,https://www.lazada.vn/products/pdp-i2825961787.html,1.990.000 ₫,,
Máy Tính Bảng Samsung Galaxy Tab S6 Lite 2024 - P625 Mới Nhất Hiệu Suất Thông Minh Pin Khủng Hỗ Trợ S Pen,https://www.lazada.vn/products/pdp-i2384245776.html,7.430.000 ₫,,
"Máy tính bảng OUKITEL RT2 (Ram 8Gb,Rom128GB,chống va đập,chống nước, Pin 20000Mah,màn hình 10,1 inch,sạc nhanh 33W,Android 12,màn hình 10.1 inch)",https://www.lazada.vn/products/pdp-i2051621446.html,8.990.000 ₫,,
Bestmart - IT Smart Máy tính bảng tablet window 2021 10.1inch,https://www.lazada.vn/products/pdp-i1659783701.html,8.436.019 ₫,,
"Máy tính bảng Samsung Galaxy Tab A8 2022 chính hãng 10.5'' 4/64GB/128GB lắp sim nghe gọi , 4G || Playmobile",https://www.lazada.vn/products/pdp-i1930843345.html,3.590.000 ₫,4.0,204 Đã bán
SaLeALLshop Máy tính bảng tablet window 2021 10.1inch,https://www.lazada.vn/products/pdp-i1405998688.html,8.438.785 ₫,,
Máy tính bảng Vivo Pad 3 8gb-128gb (Snaρdragon 8s Gen 3) fullbox likenew,https://www.lazada.vn/products/pdp-i3154624028.html,6.850.000 ₫,,
"Xiaomi Pad 7, Chip Snapdragon 7+ Gen 3, Màn Hình 11.2 inches 144Hz, Ram 8GB/128G, Pin 8850mAh . SonPixel",https://www.lazada.vn/products/pdp-i3101963377.html,7.768.950 ₫,,
"Máy tính bảng oukitel RT5 siêu bền (Màn hình 10.1 inch FHD, Ram 14Gb,Rom 256Gb, chống nước,chống va đập,pin 11.000mAh, CPU Mediatek 8788,lõi 8, lên đến 2.0 GHz, Camera Trước,sau 16 MP, Android 13)",https://www.lazada.vn/products/pdp-i2364882490.html,7.490.000 ₫,2.0,
Máy tính bảng Cube Iwork10 Pro,https://www.lazada.vn/products/pdp-i2978829632.html,6.190.000 ₫,,
"Máy tính bảng Oukitel RT1 (chống va đập, chống nước,pin 10.000mAh,pin khủng,màn hình 10,1 inch,Ram 4Gb,Rom 64Gb,tám nhân,học online)",https://www.lazada.vn/products/pdp-i1644805100.html,6.990.000 ₫,,
Máy tính bảng Lenovo Xiaoxin Pad Pro GT Fullbox likenew Màn 11.1 inch LCD 3.2K Snaρdragon 8 gen 3 Pin silicon 8860 mah,https://www.lazada.vn/products/pdp-i3193980026.html,7.890.000 ₫,,
"Máy tính bảng chắc chắn Oukitel RT6 (pin 20000mAh,Ram 16Gb(8GB+8Gb),Rom 256GB,Màn hình 10.1"" ,FHD,Android 13,CPU MTK8788 ,Camera 16MP,sạc nhanh 33W, chống nước,chống va đập)",https://www.lazada.vn/products/pdp-i2392505242.html,9.990.000 ₫,,
Máy tính bảng Chuwi Hi12+dock,https://www.lazada.vn/products/pdp-i2978727881.html,7.390.000 ₫,,
"MÁY TÍNH BẢNG TABLET XIAOMI PAD 7 - NỘI ĐỊA LIKE NEW- TẶNG CƯỜNG LỰC, ỐP LƯNG",https://www.lazada.vn/products/pdp-i3200175604.html,7.090.000 ₫,,
Máy tính bảng Xiaomi Pad 6S Pro 12.4 fullbox likenew 8/128 8/256GB (Snaρdragon 8 Gen 2),https://www.lazada.vn/products/pdp-i3154591418.html,8.800.000 ₫,,
Hanrui Shop tablet window android 2in1 2021,https://www.lazada.vn/products/pdp-i1140196999.html,8.049.235 ₫,,
"Vivo Pad 5 Pro, Chip Dimensity 9400, Màn Hình 13 inches 144Hz, Ram 8/128GB, Pin 12050mAh . SonPixel",https://www.lazada.vn/products/pdp-i3207521537.html,11.978.000 ₫,,
Máy tính bảng Samsung Galaxy Tab S6 Lite 2022,https://www.lazada.vn/products/pdp-i2186730161.html,8.991.000 ₫,,
MÁY ĐỌC SÁCH BOOX TAB 8 ( BOOX TAB MINI ) LIKE NEW,https://www.lazada.vn/products/pdp-i3200871238.html,6.350.000 ₫,,
"Máy tính bảng Xiaomi Redmi Pad Pro 12.1"" (6GB/128GB) - Hàng chính hãng - Màn hình lớn 12.1"" 2.5K, Chip Snapdragon 7s Gen 2, Pin 10.000mAh 35W",https://www.lazada.vn/products/pdp-i3231910321.html,6.229.000 ₫,,
Máy tính bảng Samsung Galaxy Tab S7 FE LTE,https://www.lazada.vn/products/pdp-i2184835915.html,12.591.000 ₫,5.0,
"Amazon cháy HD 8 máy tính bảng, 8 ""Màn hình HD, 32 GB",https://www.lazada.vn/products/pdp-i2498576761.html,3.380.000 ₫,,
Máy tính bảng Oppo Pad 3 Pro Wifi (OnePlus Pad Pro- Snaρ 8 Gen 3) fullbox likenew,https://www.lazada.vn/products/pdp-i3164346607.html,8.490.000 ₫,,
"Máy tính bảng Xiaomi Mipad 5 Pro 12.4 ram 8G/256G,Mi Pad 5 Pro 12.4 - Hàng Nhập khẩu",https://www.lazada.vn/products/pdp-i2396205555.html,6.150.000 ₫,5.0,8 Đã bán
Máy tính bảng Chuwi Hi10 Pro,https://www.lazada.vn/products/pdp-i2979029053.html,6.190.000 ₫,,
"Máy tính bảng siêu bền Ulefone Armor Pad 3 Pro (Pin 33280 mAh,chống nước,chống va đập,RAM 16GB (8+8), ROM 256GB ,camera 50MP,Màn hình 10.36 Inch)",https://www.lazada.vn/products/pdp-i2654510781.html,9.990.000 ₫,,
MẪU MỚI Máy tính bảng Realme Pad P70 | RAM 16GB ROM 512GB | Snapdragon 865 | SIM kép 4G+5G LTE | Pin 20000mAh,https://www.lazada.vn/products/pdp-i2522154927.html,2.299.999 ₫,4.0,
"Máy Tính Bảng Giáo Dục Sớm Thông Minh Cho Bé, Học Đọc Tiếng Việt, Đa Năng Như Điện Thoại Di Động",https://www.lazada.vn/products/pdp-i3096124227.html,48.000 ₫,5.0,
Máy tính bảng REDMI Pad SE | 12GB + 512GB Hai SIM 4G LTE WiFi 2.4/5G | Android 12 | Snapdragon 865 Bộ xử lý,https://www.lazada.vn/products/pdp-i3093301092.html,2.499.800 ₫,4.0,353 Đã bán
Máy tính bảng Samsung tab A7 lite Ram 3GB bộ nhớ 32GB máy qua sự dụng zin đẹp 99% full chức năng kèm phụ kiện,https://www.lazada.vn/products/pdp-i3173048553.html,1.490.000 ₫,,
Samsung Galaxy Tab T515 Ram 3G/32GB Pin 6150 ( Android 11 ) 1 sim Mạng 4G máy chính hãng,https://www.lazada.vn/products/pdp-i2577005603.html,2.290.000 ₫,5.0,
"Máy tính bảng Kindle Fire HD10 11th, màn hình 10 inch FullHD, Storage 32GB, CPU Octa-core 2.0GHz, Ram 3-4GB, USB-C",https://www.lazada.vn/products/pdp-i934850083.html,1.990.000 ₫,4.0,154 Đã bán
Máy tính bảng Samsung Galaxy Tab S9+ 5G,https://www.lazada.vn/products/pdp-i2497716477.html,22.121.553 ₫,,"15 Đã bán
Hà Nội"
"Máy tính bảng Kindle Fire Hd 10 2017-2019 (Fire Hd10 7Th 9Th), 10Inch Fullhd, 32GB, Cpu Octa-core 2.0Ghz, Ram 2GB, Usb-C",https://www.lazada.vn/products/pdp-i1863775285.html,1.690.000 ₫,,
"Máy tính bảng Xiaomi Pad 7 màn hình 11.2"" 3.2K 144Hz - 8/128GB bản nội địa Snaρdragon 7+Gen 3 sạc 45W likenew fullbox",https://www.lazada.vn/products/pdp-i3065480048.html,7.390.000 ₫,,
Máy tính bảng Samsung Galaxy Tab S10+ 5G 256GB - Hàng chính hãng,https://www.lazada.vn/products/pdp-i3039124127.html,18.690.000 ₫,5.0,5 Đã bán
"Ulefone Armor Pad Máy tính bảng chắc chắn(pin 7650 mAh ,chống nước IP68/IP69K, RAM 4GB ,ROM 64GB, Camera 13MP, Hệ điều hành Android 12, CPU: Lõi Octa(8))",https://www.lazada.vn/products/pdp-i2224256758.html,5.990.000 ₫,,
Samsung Galaxy Tab A7 Lite - Hàng Chính Hãng - Mới 100%,https://www.lazada.vn/products/pdp-i1958761802.html,4.990.000 ₫,,
Lenovo Xiaoxin Pad Pro 12.7 2025 Fullbox likenew Màn LCD 2.9K Dimensity 8300 pin 10000mah,https://www.lazada.vn/products/pdp-i3065329412.html,6.239.000 ₫,,
Máy tính bảng Xiaomi Mi Pad 6 Xiaomi Pad 6 - Hàng nhập khẩu fullbox likenew,https://www.lazada.vn/products/pdp-i2662340702.html,6.187.500 ₫,4.0,39 Đã bán
Máy Tính Bảng Samsung Galaxy Tab A9+ Wifi 4GB/64GB - 8GB/128GB - Hàng Chính Hãng,https://www.lazada.vn/products/pdp-i2496351478.html,3.990.000 ₫,,
"Máy tính bảng Redmi Pad Pro (6+128GB) | Màn hình 12,1"" 120Hz 2,5K | SD 7sGen2 | Pin 10000mAh",https://www.lazada.vn/products/pdp-i2666887719.html,7.290.000 ₫,5.0,35 Đã bán
Phụ Kiện Thuận lợi - Máy tính bảng Tablet 10.6inch MTK6753 Ram 6G 128gb Dualsim 4G + tặng kèm bút cảm ứng,https://www.lazada.vn/products/pdp-i277196805.html,5.438.657 ₫,,
Máy tính bảng Oneplus pad 2 pro ( Oneplus pad 3) Wifi 13.2 inches pin 12100mah Snaρ 8 Elite fullbox likenew,https://www.lazada.vn/products/pdp-i3184418525.html,12.500.000 ₫,,
Máy tính bảng 10.1 inch TEKKIN TI-8020 cpu 4 nhân 2.0ghz ram 4gb bộ nhớ 64gb tặng bao da chiến game,https://www.lazada.vn/products/pdp-i2752305002.html,1.750.000 ₫,,
Máy tính bảng Xiaomi Pad 7 Pro 8/128GB (Snaρdragon 8s Gen 3) | Màn hình 11.2'' 3.2K 144Hz | fullbox likenew,https://www.lazada.vn/products/pdp-i3065214759.html,8.290.000 ₫,,
Máy tính bảng Samsung Galaxy Tab S9 FE 5G,https://www.lazada.vn/products/pdp-i2497700591.html,9.780.000 ₫,,
Máy tính bảng Samsung Galaxy Tab A8,https://www.lazada.vn/products/pdp-i2204179106.html,6.291.000 ₫,,
"[6GB RAM] Máy tính bảng Lenovo Tab P11 2022 128GB, 4 Loa mạnh mẽ mới 100%.",https://www.lazada.vn/products/pdp-i2978949248.html,3.590.000 ₫,5.0,
Home And Garden Máy tính bảng Tablet sinh viên 10.6inch MTK6753 Ram 6G 128gb Dualsim 4G tặng bao da,https://www.lazada.vn/products/pdp-i277168932.html,4.982.397 ₫,,
Máy tính bảng Samsung Galaxy Tab S9 FE WiFi,https://www.lazada.vn/products/pdp-i2671052254.html,9.990.200 ₫,,"5 Đã bán
Hồ Chí Minh"
Ban máy tinh bảng Fujitsu arrows tap Q507 kèm dook+bút. atom z8550. Ram 4.ssd 64/128g. hang lướt moi 90%,https://www.lazada.vn/products/pdp-i3180803254.html,1.950.000 ₫,,
Máy tính bảng Samsung Galaxy Tab A9 Wi-Fi,https://www.lazada.vn/products/pdp-i2497828881.html,3.701.000 ₫,5.0,9 Đã bán
"Máy tính bảng Huawei M3 8.4 màn hình 2K, trang bị loa Harman Kadon nghe nhạc cực chất",https://www.lazada.vn/products/pdp-i2116148572.html,2.099.000 ₫,,
Máy tính bảng Samsung Galaxy Tab S6 Lite 2024 LTE,https://www.lazada.vn/products/pdp-i2671000378.html,8.990.000 ₫,,
Máy Tính Bảng Masstel Tab 8 EDU (3gb/32gb),https://www.lazada.vn/products/pdp-i2493146693.html,768.000 ₫,,
Máy tính bảng Lenovo Tab 4 10inch X504F ram 3G 32G - Android 7 tiếng Việt,https://www.lazada.vn/products/pdp-i3210059175.html,888.000 ₫,,
iPad Air M3 11 inch WiFi (Mới) - Hàng Chính Hãng,https://www.lazada.vn/products/pdp-i3060486841.html,15.490.000 ₫,5.0,54 Đã bán
iPad mini 7 (A17 Pro) Wifi - Hàng Chính Hãng,https://www.lazada.vn/products/pdp-i2907889495.html,16.490.000 ₫,4.0,66 Đã bán
Máy Tính Bảng Masstel Tab 10 4G (2gb/32gb),https://www.lazada.vn/products/pdp-i2493123802.html,999.000 ₫,,
Máy tính bảng OnePlus Pad Pro Wifi (Oppo Pad 3 Pro- Snaρ 8 Gen 3) ROM QUỐC TẾ fullbox likenew,https://www.lazada.vn/products/pdp-i3154550607.html,7.900.000 ₫,5.0,6 Đã bán
"Máy tính bảng Samsung Galaxy Tab S10 FE 5G (8GB/128GB), Advanced AI, S Pen đa nhiệm, Màn hình lớn 13.1""",https://www.lazada.vn/products/pdp-i3218839796.html,14.990.000 ₫,,
Máy tính bảng Xiaomi Mi Pad 5 Pro 11 inch - Snaρdragon 870 5G màn 2.5K 120Hz,https://www.lazada.vn/products/pdp-i3102611423.html,5.198.000 ₫,,
Amazon Fire Max 11 - Siêu phẩm máy tính bảng giải trí cấu hình mạnh năm 2023,https://www.lazada.vn/products/pdp-i2383105702.html,5.268.000 ₫,5.0,
Máy tính bảng 4G Mỹ AT&T Trek HD,https://www.lazada.vn/products/pdp-i2978974301.html,2.090.000 ₫,,
Máy tính bảng Xiaomi Redmi Pad 2 (6GB/128GB) - Bảo hành 18 tháng,https://www.lazada.vn/products/pdp-i3141228900.html,5.959.000 ₫,,"6 Đã bán
Hồ Chí Minh"
máy tính bảng mini Fujitsu arrows tap Q507. máy kèm bút+sac,https://www.lazada.vn/products/pdp-i2731946829.html,1.550.000 ₫,5.0,
"NEWSEAL 100% | Máy tính bảng Kindle Fire MAX 11 13th 2023 chính hãng nhập khẩu USA, Japan",https://www.lazada.vn/products/pdp-i2396294399.html,4.200.000 ₫,5.0,11 Đã bán
Máy tính bảng Samsung Galaxy Tab S10 Lite Wifi 6GB/128GB,https://www.lazada.vn/products/pdp-i3187841330.html,7.718.000 ₫,,"5 Đã bán
Hồ Chí Minh"
Máy Tính Bảng Xiaomi Redmi Pad 2 4/128GB - 6/128GB - 8/256GB Bản Wifi - Bảo Hành 18 Tháng,https://www.lazada.vn/products/pdp-i3162131078.html,5.190.000 ₫,,
Xiaomi Redmi Pad 2 6GB 128GB Chính hãng,https://www.lazada.vn/products/pdp-i3151305854.html,5.090.000 ₫,,
"Máy tính bảng Samsung Galaxy Tab A11 (Wi-Fi, 8.7"") 4GB/64GB",https://www.lazada.vn/products/pdp-i3202191970.html,2.988.260 ₫,,
Máy Tính Bảng Masstel Tab 8 4G 8 Nhân 2GB Ram 32GB Room Siêu Bền Pin Trâu Tablet Tặng Kèm Bao Da Đại Phát Vĩnh Lộc,https://www.lazada.vn/products/pdp-i1905761608.html,3.050.000 ₫,5.0,181 Đã bán
Máy Tính Bảng Samsung Galaxy Tab A 10.1 T515 (2019) Hàng Like New,https://www.lazada.vn/products/pdp-i1480694674.html,5.990.000 ₫,,
"Máy tính bảng Samsung Galaxy Tab A9 Wifi / LTE (4GB/64GB) - Hàng chính hãng - Màn hình TFT LCD 8,7 inch, Camera sau 8MP, Pin 5100 mAh",https://www.lazada.vn/products/pdp-i2581195291.html,3.899.000 ₫,4.0,89 Đã bán
Máy tính bảng Samsung Galaxy Tab A9+ Wi-Fi,https://www.lazada.vn/products/pdp-i2671057247.html,5.989.500 ₫,,
"Máy tính bảng Ulefone Armor Pad 2 siêu bền(pin 18600 mAh,chống nước,chống va đập IP68/IP69K, Android 13, NFC ,GPS, 4G, Ram 16GB(8gb+8gb),rom 256GB, màn hình 11"" ,2K)",https://www.lazada.vn/products/pdp-i2475282959.html,7.990.000 ₫,5.0,
"Xiaomi Redmi K Pad, Chip Dimensity 9400+, Màn Hình 8.8 inches 165Hz, Ram 8/256G, Pin 7500mAh fullbox likenew",https://www.lazada.vn/products/pdp-i3200575149.html,11.790.000 ₫,,
Máy Tính bảng Samsung Galaxy Tab S 8.4inh màn 2K Amoled ||Tặng kèm sạc cáp nhanh tai nghe || Tại PlayMobile,https://www.lazada.vn/products/pdp-i398476788.html,1.990.000 ₫,,"5 Đã bán
Hà Nội"
Máy tính bảng Xiaomi Pad 7 Pro 8/256GB - 12/512GB Hàng chính hãng bảo hành 18 tháng (Nguyên seal),https://www.lazada.vn/products/pdp-i3092594005.html,13.490.000 ₫,,
"Máy tính bảng Blackview Active 8 Pro 16/256GB Mới Nguyên Seal Fullbox | Pin 22000 Mah siêu trâu , Chống va đập siêu bền , 2 sim nghe gọi | Playmobile",https://www.lazada.vn/products/pdp-i397346556.html,6.990.000 ₫,5.0,7 Đã bán
Máy tính bảng Xiaomi Pad 5 màn 11 inch 120Hz 2.5K - Snaρdragon 860,https://www.lazada.vn/products/pdp-i3149763133.html,4.188.000 ₫,,
Máy tính bảng Gtab Book 10 Pro 2022 ram 4/64GB chuyên học và làm việc,https://www.lazada.vn/products/pdp-i1867816043.html,3.599.000 ₫,,
Máy tính bảng Lenovo Pad Pro 2022 mới nguyên seal bản chip Snapdragon 870 mạnh mẽ | tại Playmobile,https://www.lazada.vn/products/pdp-i2219679246.html,5.990.000 ₫,5.0,
"Máy tính bảng Redmi Pad Pro (8+128GB) | Màn hình 12,1"" 120Hz 2,5K | SD 7sGen2 | Pin 10000mAh",https://www.lazada.vn/products/pdp-i3016927183.html,7.290.000 ₫,,
Máy tính bảng SAMSUNG Galaxy Tab S10 FE 5G 128GB,https://www.lazada.vn/products/pdp-i3077068256.html,12.444.000 ₫,,"7 Đã bán
Hồ Chí Minh"
Máy tính bảng samsung A8-T295,https://www.lazada.vn/products/pdp-i2511158434.html,1.300.000 ₫,,
Samsung Galaxy Tab A11 LTE 4GB/64GB Chính Hãng,https://www.lazada.vn/products/pdp-i3207541209.html,5.230.000 ₫,,
Máy tính bảng samsung A8 rất đẹp,https://www.lazada.vn/products/pdp-i2423025653.html,1.240.000 ₫,,
"Máy tính bảng Surface Go 2 Core M3-8100Y, 8gb ram, 128gb ssd màn 10.1inch Full HD cảm ứng, tích hợp LTE sim 4G.",https://www.lazada.vn/products/pdp-i3168022296.html,5.500.000 ₫,,
Máy tính bảng REDMI Pad SE 8.7 Wifi (4+64G | 4+128GB | 6+128G ) | LCD 90Hz | MediaTek Helio G85 8 | Pin 6650mAh,https://www.lazada.vn/products/pdp-i3014413871.html,2.490.000 ₫,4.0,148 Đã bán
SAMSUNG TAB S DUNG LƯỢNG LƯU TRỮ 16GB + 512GB | KÍCH THƯỚC MÀN HÌNH 12INCH | Máy tính bảng học tập cho máy tính xách tay,https://www.lazada.vn/products/pdp-i3120591443.html,2.299.999 ₫,4.0,12 Đã bán
"Máy tính bảng REDMI Pad Pro (6+128GB | 8+128G | 8+256G) | Màn hình 12,1"" 120Hz 2,5K | SD 7sGen2 | Pin 10000mAh",https://www.lazada.vn/products/pdp-i3014446659.html,5.590.000 ₫,5.0,63 Đã bán
Hộp 4viên nam giới nội địa thái lan,https://www.lazada.vn/products/pdp-i2956557511.html,140.000 ₫,4.0,93 Đã bán
"Máy tính bảng Honor Pad X8a 4GB+128GB | Màn hình TFT LCD 11"" 90Hz | Pin 8300mAh | BH 18 tháng Hàng Chính Hãng",https://www.lazada.vn/products/pdp-i2899742958.html,4.189.000 ₫,5.0,Cam Kết Giá Tốt
"Máy tính bảng HUAWEI MatePad SE 11”|Thiết Kế Kim Loại Nguyên Khối||Màn Hình HUAWEI FullView 11"" Thoải Mái Cho Mắt|Pin Mạnh Mẽ 7700 mAh",https://www.lazada.vn/products/pdp-i2728008506.html,3.920.000 ₫,5.0,261 Đã bán
Máy tính bảng Xiaomi Pad 7 (8+128GB | 8+256GB) | Màn hình 3.2K 144Hz siêu rõ nét | HyperAI | Vi xử lí Snapdragon® 7+ Gen 3 Mobile Platform,https://www.lazada.vn/products/pdp-i3014605556.html,8.690.000 ₫,4.0,146 Đã bán
Máy tính bảng HUAWEI MatePad 11.5 | 6GB+128GB | Màn Hình HUAWEI FullView 120 Hz | Bàn Phím Rời | Ứng Dụng Văn Phòng WPS 2.0 Chuẩn PC,https://www.lazada.vn/products/pdp-i3140726904.html,6.357.000 ₫,4.0,Cam Kết Giá Tốt
[GỌN NHẸ] Máy tính bảng Windows 2 in 1 Lenovo Thinkpad Tablet X1 Gen 1 8GB Ram.,https://www.lazada.vn/products/pdp-i2978817741.html,7.690.000 ₫,,
"Máy tính bảng siêu bền Panasonic FZ-M1 Core M5-7Y57 4gb ram, 256gb SSD, màn hình 7inch cảm ứng, chống nước chống bụi chống va đập",https://www.lazada.vn/products/pdp-i2386374769.html,4.500.000 ₫,,
Blackmores Bio C 1000 150 Tablets,https://www.lazada.vn/products/pdp-i3173948907.html,365.000 ₫,,
"NEWSEAL 100% | Máy tính bảng Kindle Fire HD10 13th 2023 chính hãng nhập khẩu USA, Japan",https://www.lazada.vn/products/pdp-i2518608184.html,2.250.000 ₫,,
Máy Tính Bảng Masstel Tab 10A (3gb/32gb),https://www.lazada.vn/products/pdp-i2493177376.html,1.340.000 ₫,,
"Máy tính bảng Samsung Tab A10 2019 siêu đẹp, bản Mỹ (Wifi+4G)",https://www.lazada.vn/products/pdp-i2227201400.html,2.899.000 ₫,,
"Máy tính bảng Samsung Tab A8 10.5'' Full HD, RAM 3/32GB chip UniSOC 618 (WIFI)",https://www.lazada.vn/products/pdp-i2349919705.html,3.399.000 ₫,,
"Máy tính bảng Samsung Galaxy Tab A9 Plus 5G (SM-X216, 4GB+64GB) - Hàng chính hãng - Mới 100% - Nguyên Seal",https://www.lazada.vn/products/pdp-i2656533645.html,6.250.000 ₫,,
Máy tính bảng SAMSUNG Galaxy Tab S10 FE Wifi 256GB,https://www.lazada.vn/products/pdp-i3076985692.html,13.990.000 ₫,,"10 Đã bán
Hồ Chí Minh"
Samsung Galaxy Tab S10 FE 5G 8GB/128GB,https://www.lazada.vn/products/pdp-i3113961419.html,13.190.000 ₫,,
Máy tính bàng Teclast HD8 4G Ram 4G/64GB máy mới fullbox 2 sim nghe gọi tặng kèm nghe sony 450AP,https://www.lazada.vn/products/pdp-i2398739150.html,1.536.210 ₫,5.0,
Máy Tính Bảng Masstel Tab 8 4G (2gb/32gb),https://www.lazada.vn/products/pdp-i2493148717.html,899.000 ₫,5.0,
Máy tính bảng samsung t385,https://www.lazada.vn/products/pdp-i2577855238.html,1.460.000 ₫,,
Máy tính bảng 10.1 inch TEKKIN A3 2 SIM 2 sóng nghe gọi cpu 8 nhân ram 12gb bộ nhớ 128gb tặng bao da,https://www.lazada.vn/products/pdp-i2752230370.html,2.599.000 ₫,,
Máy Tính Bảng Masstel Tab 10 Ultra (cũ),https://www.lazada.vn/products/pdp-i2493173428.html,1.750.000 ₫,,
Máy đọc sách Kobo Libra 2 | 7inch | 32gb - bảo hành 12 tháng,https://www.lazada.vn/products/pdp-i3150917523.html,3.690.000 ₫,,
"Máy tính bảng Samsung Tab A7 Lite bản wifi ( Màn hình 8,7 inch , Ram 3/32. Android 11. Pin 5100mAh ,hỗ trợ sạc nhanh ,tặng kèm ốp lưng ,sạc )",https://www.lazada.vn/products/pdp-i3113058817.html,1.450.000 ₫,,
Máy Tính Bảng Masstel Tab 10S,https://www.lazada.vn/products/pdp-i2493099856.html,1.220.000 ₫,,
"Máy tính bảng Fujitsu STYLISTIC Q739 với cấu hình Intel Core i3 thế hệ 8, RAM 4GB và SSD 128GB",https://www.lazada.vn/products/pdp-i3163977878.html,4.300.000 ₫,,
Máy Tính Bảng Masstel Tab 10 WIFI (2gb/32gb),https://www.lazada.vn/products/pdp-i2493161615.html,1.100.000 ₫,,
"Máy tính bảng siêu bền oukitel RT3 (Ram 4Gb,Rom 64 Gb,chống nước,chống va đập, màn hình 8 inch,pin 5150 mAh)",https://www.lazada.vn/products/pdp-i2365717546.html,4.990.000 ₫,,
Máy Tính Bảng Masstel Tab 10M (cũ),https://www.lazada.vn/products/pdp-i2493216255.html,1.678.000 ₫,,
Máy tính bảng 2in1 Fujitsu arrow tap Q616s cpu M7 ram 4.ssd 128g.hinh thức đẹp 90- 90%.,https://www.lazada.vn/products/pdp-i3060298017.html,2.250.000 ₫,,
NEWSEAL 100% | Máy tính bảng Kindle Fire MAX 11 13th 2023 chính hãng,https://www.lazada.vn/products/pdp-i2861577283.html,4.290.000 ₫,,
"Máy tính bảng Lenovo Xiaoxin Pad 2024 8/128GB, 4 Loa, mạnh mẽ mới 100%.",https://www.lazada.vn/products/pdp-i2978892762.html,3.850.000 ₫,,
Máy tính bảng 2in1 kèm phím Fujitsu arrow Q507. ram 4.ssd 64g,https://www.lazada.vn/products/pdp-i3180653749.html,2.350.000 ₫,,
"Máy tính bảng samsung , siêu mạnh, chạy bao mượt, học tập, giải trí làm việc ngon lành, xài được sim hàng đã qua sử dụng",https://www.lazada.vn/products/pdp-i2743532272.html,1.099.000 ₫,5.0,9 Đã bán
Máy tính bảng Google Nexus 9 Wifi/4G,https://www.lazada.vn/products/pdp-i2978808711.html,3.490.000 ₫,,
[CHÍNH HÃNG] ROCKET 1H -LẺ 1 VIÊN- VIÊN UỐNG TĂNG CƯỜNG SINH LÝ PHÁI MẠNH BỔ THẬN TRÁNG DƯƠNG CƯỜNG LỰC CHÍNH HÃNG,https://www.lazada.vn/products/pdp-i1246769573.html,59.000 ₫,4.0,207 Đã bán
"Máy tính bảng samsung 8 inch, chạy nhanh, mượt, học tập, giải trí ngon lành",https://www.lazada.vn/products/pdp-i2811197267.html,1.099.000 ₫,,"7 Đã bán
Hồ Chí Minh"
iPad Pro M4 11 inch Wifi (Mặt kính Nano) - Hàng chính hãng,https://www.lazada.vn/products/pdp-i2651870137.html,47.190.000 ₫,,91 Đã bán
iPad A16 11 inch WIFI 256GB Chính Hãng,https://www.lazada.vn/products/pdp-i3040620227.html,11.990.000 ₫,,"15 Đã bán
Hà Nội"
Máy tính bảng cúng đám giỗ hàng đẹp,https://www.lazada.vn/products/pdp-i1991272556.html,20.000 ₫,,
Máy tính bảng Samsung Galaxy Tab A9 Wi-Fi,https://www.lazada.vn/products/pdp-i2670971497.html,3.989.700 ₫,,"5 Đã bán
Hồ Chí Minh"
"Máy tính bảng Samsung Galaxy Tab A11 (Wi-Fi, 8.7"") 8GB/128GB",https://www.lazada.vn/products/pdp-i3202288153.html,3.928.000 ₫,,
Máy Tính Bảng Mới 2025 Pad Pro Full Netcom 5G Android Văn Phòng Giải Trí Máy Học Game 2 Trong 1,https://www.lazada.vn/products/pdp-i3067871002.html,2.947.568 ₫,1.0,15 Đã bán
"Máy tính bảng Samsung Galaxy Tab A11 LTE (4GB/64GB) - Hàng chính hãng - LCD 8.7 inch, MediaTek Helio G99, Pin 5100mAh",https://www.lazada.vn/products/pdp-i3210668480.html,5.369.000 ₫,,
Máy tính bảng Onda V80 Plus Ver 9,https://www.lazada.vn/products/pdp-i2978843559.html,3.390.000 ₫,,
[10 Inches IPS] Máy tính bảng Motorola Tab X704 32GB,https://www.lazada.vn/products/pdp-i2978809703.html,2.990.000 ₫,,
máy tính bảng Samsung A8,https://www.lazada.vn/products/pdp-i2241035917.html,1.380.000 ₫,,
Máy tính bảng Gtab 10 Pro 2023 ram 8/128 màn hình sắc nét,https://www.lazada.vn/products/pdp-i2224011967.html,3.499.000 ₫,,
máy tính bảng lpad gen 6 bản 4G wifi 32GB máy đẹp pin cao,https://www.lazada.vn/products/pdp-i3229173977.html,3.050.000 ₫,,
Máy tính bảng AMAZON Fire HD10,https://www.lazada.vn/products/pdp-i1924011595.html,1.890.000 ₫,5.0,45 Đã bán
Samsung tap a chính hang gia re,https://www.lazada.vn/products/pdp-i2371060929.html,2.150.000 ₫,,
MÁY TÍNH BẢNG MASSTEL TAB 10 WIFI (cũ),https://www.lazada.vn/products/pdp-i2262754700.html,1.106.000 ₫,5.0,
Máy tính bảng HUAWEI MatePad T10s mới new full hộp sạc giá tết,https://www.lazada.vn/products/pdp-i2920657730.html,2.390.000 ₫,,
Máy tính bảng samsung A8,https://www.lazada.vn/products/pdp-i2407389800.html,1.360.000 ₫,,
máy tính bảng hp elite x2 1012 g1 chip core M3.ram 4g.ssd 128,https://www.lazada.vn/products/pdp-i3060096552.html,1.950.000 ₫,,
Máy tính bảng Samsung Tab A7 10.4 ( 2020 ),https://www.lazada.vn/products/pdp-i1646708504.html,2.799.000 ₫,5.0,
[RAM 4GB] Máy tính bảng LG GPad 2019 4G LTE ram 4GB Snapdragon 821,https://www.lazada.vn/products/pdp-i2978973348.html,3.190.000 ₫,,
Máy tính bảng Samsung Tab A 8.4 bản Mỹ Android 10,https://www.lazada.vn/products/pdp-i2227215382.html,2.999.000 ₫,,
[10 Inches] Máy tính bảng Lenovo Tab M10 Full HD new 100% Fullbox lắp SIM nghe gọi.,https://www.lazada.vn/products/pdp-i2978932544.html,2.590.000 ₫,5.0,
10.1 Inch Tab Xuyên Biên Giới Umiio S24ultra Smarttablet Trẻ Em Học Sinh Máy Tính Bảng 2SIM,https://www.lazada.vn/products/pdp-i3070605086.html,2.216.088 ₫,,
Máy tính bảng cho trẻ em chống sốc 7 inch TEKKIN TI-868 cpu 4 nhân ram 2gb bộ nhớ 32gb,https://www.lazada.vn/products/pdp-i2700013774.html,1.100.000 ₫,,
Máy tính bảng Samsung Galaxy Tab S10 FE Wifi - Hàng Chính Hãng - BH 12 Tháng,https://www.lazada.vn/products/pdp-i2432190053.html,9.290.000 ₫,5.0,
Máy Tính Bảng Masstel Tab 10 Ultra (cũ),https://www.lazada.vn/products/pdp-i2374311482.html,1.750.000 ₫,,
Máy tính bảng OPPO PAD 2 rom tiếng Việt fullbox 8/256GB (Dimensity 9000 - Pin 9600mah) kèm sạc 67W likenew,https://www.lazada.vn/products/pdp-i2409993397.html,7.100.000 ₫,5.0,
"Máy tính bảng Xiaomi Mipad 5 Pro 6/128GB, Mi Pad 5 Pro [Giá rẻ, BH 3 tháng - Tặng kèm sạc 67W, ốp lưng]",https://www.lazada.vn/products/pdp-i2098521645.html,5.750.000 ₫,5.0,12 Đã bán
Máy tình bảng samsung tap a,https://www.lazada.vn/products/pdp-i2371159082.html,1.300.000 ₫,,
Máy tính bảng windows cảm ứng fujitsu arrows tap Q704. i5 4200u.ram 4.ssd 128g,https://www.lazada.vn/products/pdp-i2874067496.html,2.850.000 ₫,5.0,
"Máy tính bảng Xiaomi Mi Pad 5 Mipad 5 Ram 6G /128Gb likenew Hàng Nhập khẩu [Giá rẻ, BH 3 tháng - Tặng kèm sạc 33W, ốp lưng]",https://www.lazada.vn/products/pdp-i2283684604.html,5.100.000 ₫,5.0,32 Đã bán
Máy tính bảng cho trẻ chống sốc 10.1 inch TEKKIN TI-8010 cpu 4 nhân ram 4gb bộ nhớ 64gb,https://www.lazada.vn/products/pdp-i2752133601.html,2.999.000 ₫,,
"[Mua 1 tặng 6] Máy tính bảng TAB P70 2025 12.0 inch mới, gọi 4G/5G, Full HD 15000mAh, hỗ trợ thẻ SIM kép Máy tính bảng 5G 16GB RAMROM1024GB máy tính bảng Máy tính bảng Android 15.0 miễn phí vận chuyển",https://www.lazada.vn/products/pdp-i2860270474.html,1.549.762 ₫,4.0,154 Đã bán
"Máy tính bảng samsung kèm bút màn 10 inch, pin 7300 siêu trâu, học tập, giải trí làm việc ngon lành",https://www.lazada.vn/products/pdp-i2729154374.html,1.099.000 ₫,5.0,9 Đã bán
Xác máy tính bảng Asus tablet model p008 thiếu pin,https://www.lazada.vn/products/pdp-i2576474228.html,480.000 ₫,,
Samsung Tab A7 lite,https://www.lazada.vn/products/pdp-i3119429894.html,1.350.000 ₫,,
"máy tính bảng tab3 8 plus - chip 625, ram 3gb, android 9, lắp sim nghe gọi, liên quân mượt",https://www.lazada.vn/products/pdp-i1980478815.html,999.000 ₫,4.0,20 Đã bán
Máy Tính bảng Lenovo 8inch ải và dùng tốt các phần mềm giải trí cơ bản và có tiếng Việt đầy đủ dễ sử dụng,https://www.lazada.vn/products/pdp-i2660598860.html,780.000 ₫,5.0,5 Đã bán
iPad Air M3 11 inch Wi-Fi 256GB,https://www.lazada.vn/products/pdp-i3067041234.html,19.490.000 ₫,,"11 Đã bán
Hồ Chí Minh"
Máy tính bảng Samsung Galaxy Tab S11 Ultra 5G 12GB/256GB,https://www.lazada.vn/products/pdp-i3190219085.html,31.479.000 ₫,,"5 Đã bán
Hồ Chí Minh"
"KUDOS VITAMIN C 1000MG 20 EFFERVESCENT TABLETS, TPBVSK BỔ SUNG VITAMIN C 20 VIÊN SỦI (Tube)",https://www.lazada.vn/products/pdp-i2517858942.html,113.000 ₫,,
"KUDOS IMMUNITY EXTRA STRENGTH 20 EFFERVESCENT TABLETS, TPBVSK HỖ TRỢ TĂNG CƯỜNG HỆ MIỄN DỊCH 20 VIÊN SỦI (Tube)",https://www.lazada.vn/products/pdp-i2518022230.html,123.000 ₫,,
MÁY TÍNH BẢNG AMAZON FIRE HD10,https://www.lazada.vn/products/pdp-i2411024646.html,2.720.000 ₫,,
"Máy tính bảng Samsung 12.4"" Galaxy Tab S7+ 256GB Tablet + pen (Wi-Fi Only, Mystic Black)",https://www.lazada.vn/products/pdp-i1908616730.html,18.900.000 ₫,,
"MÁY TÍNH BẢNG SAMSUNG TAB A6 10.1INCH GIÁ RẺ, NGHE GỌI, HỌC ONLINE",https://www.lazada.vn/products/pdp-i2470278853.html,2.300.000 ₫,,
Máy tính bảng Sony Tablet Z wifi( tặng cáp củ sạc máy trầy xước 70%),https://www.lazada.vn/products/pdp-i2211348473.html,2.670.000 ₫,,
Máy tính bảng Asus ZenPad Z10 2017 99% màn 2K chuyên Games,https://www.lazada.vn/products/pdp-i2979014075.html,3.990.000 ₫,,
Home and Garden - Máy tính bảng tablet 10.1 inch IPS 2K ram8gb rom128gb + tặng bút cảm ứng 2 đầu,https://www.lazada.vn/products/pdp-i252364078.html,4.032.520 ₫,,
Máy tính bảng Asus Zenpad Z8 màn 2K,https://www.lazada.vn/products/pdp-i2978854942.html,2.990.000 ₫,,
Máy tính bảng Xiaomi Pad 6 Pro Mipad 6 Pro Snap 8+ Gen 1 likenew - Hàng nhập khẩu,https://www.lazada.vn/products/pdp-i2400222886.html,7.250.000 ₫,,
Máy tính bảng tablet 10.1inch android 6.0 ram 4gb rom 64gb siêu mượt,https://www.lazada.vn/products/pdp-i930890872.html,3.333.492 ₫,,
"MAGNILIFE 90 dissolving tablets giảm đ.a/u nửa đầu, giảm b.u.ồ/n n.ô.n, nhạy cảm với ánh sáng & tiếng ồn và mờ mắt của Mỹ",https://www.lazada.vn/products/pdp-i3149882675.html,599.000 ₫,,
"Máy tính bảng Samsung Galaxy Tab S9 Wifi (12GB/256GB) Nguyên seal, Chính hãng, MỚI 100%",https://www.lazada.vn/products/pdp-i2396628463.html,14.990.000 ₫,,
iPad Air M3 11 inch Wi-Fi 128GB,https://www.lazada.vn/products/pdp-i3067030310.html,16.350.000 ₫,,"13 Đã bán
Hồ Chí Minh"
Máy tính bảng Chuwi Hi8 Air,https://www.lazada.vn/products/pdp-i2978970333.html,3.790.000 ₫,,
Máy tính bảng Samsung Galaxy Tab S8 5G,https://www.lazada.vn/products/pdp-i2186662509.html,18.891.000 ₫,,
Máy tính bảng Lenovo Xiaoxin Pad Pro 12.7 2023 8/128GB Snapdragon 870 likenew fullbox,https://www.lazada.vn/products/pdp-i2623467118.html,5.390.000 ₫,,
"Máy tính bảng siêu bền Oukitel RT7 TITAN 5G (pin khủng 32000mAh,Ram 24GB,Rom 256GB,Màn hình 10.1 ""FHD,,Android 13,camera sau 48MP,tầm nhìn ban đêm 20MP)",https://www.lazada.vn/products/pdp-i2427734599.html,11.990.000 ₫,5.0,
"Máy Tính Bảng Samsung Galaxy Tab A8 2022 chính hãng 10.5'' 4/64/128GB lắp sim nghe gọi , thiết bị giải trí xem phim chơi game || Playmobile",https://www.lazada.vn/products/pdp-i2263871056.html,3.590.000 ₫,4.0,45 Đã bán
Máy đọc sách Boox Tab Ultra C Pro Chính hãng,https://www.lazada.vn/products/pdp-i2984031480.html,16.990.000 ₫,,
Máy tính bảng 2in1 Fujitsu arrows tap Q509.Ram 4/8g.ssd 64/128g.hang cũ hinh thức 90%,https://www.lazada.vn/products/pdp-i3180643618.html,2.750.000 ₫,,
Máy tính bảng Amazon Fire Kindle HD 8,https://www.lazada.vn/products/pdp-i2369928333.html,1.820.000 ₫,,
Máy tính bảng cho trẻ em chống sốc 7 inch TEKKIN TI-868 cpu 4 nhân ram 2gb bộ nhớ 32gb,https://www.lazada.vn/products/pdp-i2752211344.html,999.000 ₫,,
Máy tính bảng 2in1 Dell latitude 5285/5290.i5 7200/i5 8350.ram 8.ssd 256g máy kèm phím. hinh thức 80%,https://www.lazada.vn/products/pdp-i3180807135.html,4.850.000 ₫,,
"Máy Tính bảng Blackview Active 10 Pro 5G 36G(12+24GB)/256GB Mới Fullbox , Màn 10.95'' 90hz, PIN 30.000 MAh , SIÊU BỀN BỈ",https://www.lazada.vn/products/pdp-i3037961345.html,10.990.000 ₫,,
"Máy tính bảng Lenovo Tab 3 8 Plus, màn hình Full HD sắc nét giá rẻ",https://www.lazada.vn/products/pdp-i2133007298.html,1.399.000 ₫,,
"(Dành Cho Học Online - Zoom) Máy tính bảng Xiaomi MiPad 1 - Có Tiếng Việt - Chơi Game, Lướt Web, Xem Phim, Youtube, lướt Facebook .",https://www.lazada.vn/products/pdp-i1343482176.html,790.000 ₫,3.0,11 Đã bán
[PHIÊN BẢN MỚI] Máy Tính Bảng Teclast P30 12GB(4+8)/128GB| HD 11” | 6000mAh| 2 Loa Kép | Hàng Chính Hãng,https://www.lazada.vn/products/pdp-i3151843547.html,2.349.000 ₫,,
Premium Set - Máy Tính Bảng Teclast M50 Plus Tablet 6GB/128GB | Màn hình 10.1inch | Chip MediaTek G85 |7000mAh,https://www.lazada.vn/products/pdp-i3151866418.html,3.590.000 ₫,,
"Máy tính bảng 8849 TANK PAD(có máy chiếu tích hợp, Android 14,màn hình 10,95 inch 120Hz,Ram 16GB,rom 512GB,pin 21000mAh,camera 50MP,sạc nhanh 66W,điện thoại chống sốc,chống nước)",https://www.lazada.vn/products/pdp-i2929702320.html,19.595.000 ₫,,
PKTL Máy tính bảng Moocis M5 màn hình cong 5D 10inch Android 6.0 MTK6592,https://www.lazada.vn/products/pdp-i1133366658.html,4.404.948 ₫,,
Hanrui Shop Máy tính bảng 10.1inch Android 6.0 Ram 4Gb Rom64gb Tặng thẻ nhớ 32gb,https://www.lazada.vn/products/pdp-i526344811.html,3.360.604 ₫,,
Máy tính bảng REDMI Pad SE 8.7 4G (4+128G | 6+128GB) | LCD 90Hz | MediaTek Helio G85 8 | Pin 6650mAh,https://www.lazada.vn/products/pdp-i3014632197.html,2.990.000 ₫,5.0,49 Đã bán
"[SALE BRAND DAY - TỪ 20H 30.10] Máy tính bảng Galaxy Tab S11 Ultra, Galaxy AI, S Pen thế hệ mới, Màn hình lớn 14.6""",https://www.lazada.vn/products/pdp-i3187148725.html,33.989.000 ₫,5.0,17 Đã bán
"[NEW] REDMI Pad 2 & REDMI Pad 2 4G Tầm nhìn cực đại, giải trí cực đỉnh",https://www.lazada.vn/products/pdp-i3137879664.html,4.890.000 ₫,5.0,20 Đã bán
Máy tính bảng Lenovo Tab 4 10 Plus x704 siêu mỏng - Có bản 4G+Wifi,https://www.lazada.vn/products/pdp-i2356672903.html,1.448.000 ₫,5.0,
Máy tính bảng mượt đẹp,https://www.lazada.vn/products/pdp-i3061316466.html,800.000 ₫,,
"Máy tính bảng huawei T5 màn 10inch , ram 3GB , bộ nhớ 32GB, học tập, nghe nhạc, xem phim, ngon lành",https://www.lazada.vn/products/pdp-i2509763759.html,1.350.000 ₫,,
Máy Tính Bảng Amazon Fire HD 8 Phiên Bản Mới Nhất - Hàng Chính Hãng - Có Xuất VAT,https://www.lazada.vn/products/pdp-i1836837969.html,1.900.000 ₫,5.0,12 Đã bán
Máy tính bảng Xiaomi Pad 7 Pro (8+256GB | 12+512GB) | Màn hình 3.2K 144Hz siêu rõ nét | HyperAI | Vi xử lí Snapdragon® 8s Gen 3 Mobile Platform,https://www.lazada.vn/products/pdp-i3014578654.html,11.990.000 ₫,5.0,Cam Kết Giá Tốt
"Máy tính bảng Samsung Galaxy Tab A7 Lite 4G RAM, 64GB SSDTablet (Wi-Fi Only), Mới 99% (0501)",https://www.lazada.vn/products/pdp-i2329579008.html,2.790.000 ₫,5.0,14 Đã bán
"Máy tính bảng BlackView TAB 8 (Ram 4Gb,Rom 64Gb,8 nhân, Pin 6.580mAh, màn hình 10.1 inch, học online)",https://www.lazada.vn/products/pdp-i1569626305.html,4.990.000 ₫,,
Tablet 10.1 inch Ram 4Gb MTK Cortex A7 1.6Ghz 6592 Dual Sim 3G,https://www.lazada.vn/products/pdp-i259687193.html,3.674.232 ₫,,
"Máy tính bảng Fujitsu Loox Core i7-1250U 16gb ram 512gb SSD, màn Oled cảm ứng Full hd sản phẩm nhập khẩu nguyên chiếc likeNiew",https://www.lazada.vn/products/pdp-i3177054564.html,15.500.000 ₫,,
Máy tính bảng Samsung Galaxy Tab S8 Wi-fi,https://www.lazada.vn/products/pdp-i2205920516.html,16.191.000 ₫,,
Máy Tính Bảng Samsung Galaxy Tab A9 LTE 8GB/128GB - Hàng Chính Hãng,https://www.lazada.vn/products/pdp-i2508007386.html,3.990.000 ₫,5.0,6 Đã bán
Samsung Galaxy Tab A11 WIFI 4/64Gb Chính hãng Mới,https://www.lazada.vn/products/pdp-i3208886395.html,3.990.000 ₫,,
Máy tính bảng Samsung Tab S9 FE+ WiFi,https://www.lazada.vn/products/pdp-i2723042179.html,13.989.800 ₫,,
máy tính bảng A8 -t295,https://www.lazada.vn/products/pdp-i2602077877.html,1.300.000 ₫,,
Máy tính bảng Samsung Galaxy Tab A7 Lite,https://www.lazada.vn/products/pdp-i2186735188.html,4.041.000 ₫,,
Hanrui Shop máy tính bảng màn hình cong Moocis M5 10.1inch Android 6.0 tặng thẻ nhớ 32gb,https://www.lazada.vn/products/pdp-i526388238.html,4.383.321 ₫,,
"Máy tính bảng Xiaomi Redmi Pad màn hình khủng 90Hz, bộ nhớ trong 128GB pin trâu giá rẻ (Wifi)",https://www.lazada.vn/products/pdp-i2228694271.html,3.999.000 ₫,,
"Date 01.2025.VIÊN BỔ MẮT BLACKMORE LUTEIN DEFENCE, 60 VIÊN.",https://www.lazada.vn/products/pdp-i3129926260.html,469.000 ₫,,
Máy tính bảng Samsung Galaxy Tab A9 4G 4GB/64GB- Hàng chính hãng,https://www.lazada.vn/products/pdp-i3194812208.html,3.650.000 ₫,,
Máy Tính Bảng Masstel Tab 10A (cũ),https://www.lazada.vn/products/pdp-i2374519011.html,1.230.000 ₫,,
Máy tính bảng Masstel Tab 10.1 (3gb/32gb),https://www.lazada.vn/products/pdp-i2493141681.html,1.150.000 ₫,5.0,
"Máy tính bảng HUAWEI MatePad Pro 12.2"" Màn Hình Tandem OLED PaperMatte | Ứng Dụng GoPaint Với Bộ Cọ Vẽ Chuyên Nghiệp",https://www.lazada.vn/products/pdp-i3182781773.html,22.990.000 ₫,,
Máy Tính Bảng Masstel Tab 10S,https://www.lazada.vn/products/pdp-i2419047576.html,1.449.000 ₫,,
Máy tính bảng tab Docomo pro max 4G kèm bao da bàn phím chuột bluetooth,https://www.lazada.vn/products/pdp-i1945494049.html,3.490.000 ₫,,
"Máy tính bảng Tablet 10.1 inch 2K HD IPS, MTK 6582 16G Rom, 2G Ram",https://www.lazada.vn/products/pdp-i526356828.html,3.782.699 ₫,,
"Viên uống Blackmores I-Folic/Folate 500mcg, Úc (150/90v) bổ sung axit folic chống dị tật thai nhi cho mẹ bầu",https://www.lazada.vn/products/pdp-i2420310579.html,505.000 ₫,,
Máy tính bảng Samsung Galaxy Tab S9 5G,https://www.lazada.vn/products/pdp-i2497738367.html,18.342.434 ₫,,
Máy tính bảng samsung tab A7 lite Ram 3G bộ nhớ 32GB máy cũ chính hãng đẹp 99,https://www.lazada.vn/products/pdp-i2526465535.html,1.790.000 ₫,5.0,
Online Mall - Tablet Ram 6G 128Gb 2Sim P10,https://www.lazada.vn/products/pdp-i351286395.html,3.346.029 ₫,,
Máy Tính Bảng Lenovo Xiaoxin Pad Pro 2022 (Snapdragon 870- OLED 120HZ- Sạc 68W) fullbox likenew,https://www.lazada.vn/products/pdp-i2615544236.html,5.550.000 ₫,,
Máy tính bàng Teclast HD8 4G Ram 4G/64GB máy mới fullbox 2 sim nghe gọi tặng kèm pin sạc dự phòng 10.000 mAh,https://www.lazada.vn/products/pdp-i2398582498.html,1.690.000 ₫,5.0,
Máy tính bảng 2in1 NEC versaPro vk-153s.hang cũ hình thức đẹp 90%,https://www.lazada.vn/products/pdp-i3060068925.html,2.250.000 ₫,,
"✅[Nhập khẩu chính hãng] Blackmores Bio C 1000mg hỗ trợ tăng sức đề kháng cho cơ thể, chống oxy hoá làm đẹp da (31 viên)",https://www.lazada.vn/products/pdp-i1864965346.html,295.000 ₫,,
"Máy tính bảng REDMI Pad SE (4+128G | 6+128G | 8+256G) | Màn hình FHD+ 11"" ấn tượng | Dung lượng pin lớn 8000mAh (thông thường) | Bốn loa hỗ trợ Dolby Atmos®",https://www.lazada.vn/products/pdp-i3014538373.html,3.990.000 ₫,5.0,101 Đã bán
"[SALE BRAND DAY - TỪ 20H 30.10] Máy tính bảng Galaxy Tab A11 Wifi (4-64GB), Màn hình nhỏ gọn 8.7"", Tần số quét 90Hz, Tính năng giải toán tự động",https://www.lazada.vn/products/pdp-i3202180720.html,3.990.000 ₫,,
Máy tính bảng INFINIX XPAD | 12GB + 512GB Hai SIM 4G LTE WiFi 2.4/5G | Android 14 | HELIO G99,https://www.lazada.vn/products/pdp-i3116764833.html,2.081.610 ₫,2.0,9 Đã bán
"Kindle Paperwhite 5 (11th Gen) – 2021 có màn hình 6,8inch 300PPI, Bluetooth, Audible",https://www.lazada.vn/products/pdp-i1569599362.html,2.590.000 ₫,5.0,477 Đã bán
"[SALE BRAND DAY - TỪ 20H 30.10] Máy tính bảng Samsung Galaxy Tab S10 FE (8GB/128GB), Advanced AI, S Pen đa nhiệm, Màn hình lớn 13.1""",https://www.lazada.vn/products/pdp-i3065825938.html,10.989.000 ₫,4.0,186 Đã bán
Máy tính bảng động vật ngộ nghĩnh Chicco,https://www.lazada.vn/products/pdp-i2480137080.html,559.000 ₫,,
Máy Tính Bảng Honor Pad X9a | Bộ nhớ 8GB+256GB | Pin 8300mAh | Chip Snapdragon 685 | Bảo hành 18 Tháng,https://www.lazada.vn/products/pdp-i3156958343.html,6.990.000 ₫,5.0,11 Đã bán
Thanh ly máy tính bảng hp elite x2 1012 g1. lỗi cảm ứng,https://www.lazada.vn/products/pdp-i2651367940.html,1.190.000 ₫,,
"Máy tính bảng Samsung Galaxy Tab SM-T377V, 16GB, Wi-Fi + 4G, giá rẻ",https://www.lazada.vn/products/pdp-i1588939020.html,1.595.000 ₫,,
Máy tính bảng Samsung Galaxy Tab S11 5G 12GB/256GB,https://www.lazada.vn/products/pdp-i3190234004.html,22.979.000 ₫,,"6 Đã bán
Hồ Chí Minh"
"Viên nén Vương Tâm Thống Hồng Bàng hạ lipid máu, giảm triệu chứng đau thắt ngực, khó thở (3 vỉ x 10 viên) Vuong Tam Thong",https://www.lazada.vn/products/pdp-i2595208195.html,198.000 ₫,,
"VIÊN UỐNG HỖ TRỢ TIỂU ĐƯỜNG ACTOS TABLET 15MG 100V NHẬT BẢN - SẢN PHẨM ĐƯỢC YÊU THÍCH TRÊN THỊ TRƯỜNG HIỆN TAY, DÙNG RẤT TỐT LUÔN Ạ, ĐẢM BẢO DÙNG RẤT THÍCH, KHÁCH YÊU TRẢI NGHIỆM ỦNG HỘ SHOP NHÉ",https://www.lazada.vn/products/pdp-i2621712228.html,1.499.900 ₫,,
bán máy tinh bảng Fujitsu kèm dook model q555k,https://www.lazada.vn/products/pdp-i3060131527.html,2.250.000 ₫,,
Máy tính bảng 2in1 Fujitsu stylus R727. cpu i5 7300.ram 4.ssd 128g,https://www.lazada.vn/products/pdp-i2919577505.html,3.650.000 ₫,,
"Máy tính bảng Surface Go Pentium 4415Y, 8gb ram, 128gb SSD, 10.1”inch Full HD Sim 4G pin siêu trâu",https://www.lazada.vn/products/pdp-i2490003481.html,2.990.000 ₫,,
"Máy tính bảng Samsung Galaxy Tab A11 LTE (4GB/64GB) - Hàng chính hãng - LCD 8.7 inch, MediaTek Helio G99, Pin 5100mAh",https://www.lazada.vn/products/pdp-i3210653481.html,5.369.000 ₫,,
"Máy tính bảng samsung , màn 8 inch, học tập, giải trí ngon lành, chạy siêu mượt",https://www.lazada.vn/products/pdp-i2811087716.html,1.050.000 ₫,,
Máy tính bảng samsung A8-T295,https://www.lazada.vn/products/pdp-i2582497658.html,1.290.000 ₫,5.0,
Microsoft Surface Pro 7 Intel® Core™ i5 -I7-1035G4 Nhập Khẩu Mỹ |Tặng Kèm Typer Cover & Sạc Microsoft Chính hãng Tại PlayMobile,https://www.lazada.vn/products/pdp-i2370032550.html,10.490.000 ₫,,
Microsoft Surface Pro 7 Nhập Khẩu Mỹ . Intel® Core™ i5 -I7-1035G4 Tặng Kèm Typer Cover & Sạc Microsoft Chính hãng Tại PlayMobile,https://www.lazada.vn/products/pdp-i2025527376.html,10.490.000 ₫,3.0,
Microsoft Surface Pro 6 Nhập Khẩu Mỹ Intel® Core™ i5- I7 8250U Ram 8GB SSD 128GB/256GB | TẶNG Kèm typer cover & Sạc chính hãng Microsoft Tại Playmobile,https://www.lazada.vn/products/pdp-i1269949245.html,9.490.000 ₫,5.0,6 Đã bán
"VIÊN UỐNG BỔ SUNG VITAMINC BLACKMORES BIO C 1000MG - sản phẩm tốt chất lượng cao, sản phẩm cam kết giống như hình, ĐƯỢC ƯA CHUỘNG SĂN ĐÓN TRÊN THỊ TRƯỜNG HIỆN NAY",https://www.lazada.vn/products/pdp-i1981428410.html,329.900 ₫,,
"Máy tính bảng Samsung Galaxy Tab A11 Wifi/LTE - Hàng chính hãng - LCD 8.7 inch, MediaTek Helio G99, Pin 5100mAh",https://www.lazada.vn/products/pdp-i3210657827.html,3.799.000 ₫,,
bán máy tinh bảng Fujitsu Q704 i5 4200u.ram 4.ssd 128g,https://www.lazada.vn/products/pdp-i3060119534.html,2.850.000 ₫,,
[Trả góp 0%]Máy tính bảng tablet Asus ZenPad10 16GB 10.1 inch chip 4 nhân chơi game Liên Quân cf fifa bao mượt bản 3G wifi (mới full hộp bảo hành 12 tháng bao đổi trả 14 ngày ),https://www.lazada.vn/products/pdp-i549352052.html,3.600.000 ₫,4.0,5 Đã bán
Máy tính bảng Samsung Galaxy Tab A9 Wifi 8GB/128GB - Hàng Chính Hãng,https://www.lazada.vn/products/pdp-i1380740690.html,3.890.000 ₫,4.0,17 Đã bán
VIÊN UỐNG TRẮNG DA CHỐNG NẮNG PHARMALIFE SOLESAN 30 VIÊN,https://www.lazada.vn/products/pdp-i1900914746.html,460.000 ₫,,
Máy tính bảng lenovo thinhpad x1 gen 2.cpu i5 gen 7.ram 8.ssd 256.Màn 12.5in 2k,https://www.lazada.vn/products/pdp-i3060072876.html,4.650.000 ₫,,
"Newseal 100% | Máy tính bảng Kindle Fire Hd 10 11Th 2021 chính hãng nhập khẩu Usa, Japan",https://www.lazada.vn/products/pdp-i1863749499.html,2.590.000 ₫,,
"Máy tính bảng Tablet 10.1 inch 2K HD IPS, MTK 6582 16G Rom, 2G Ram",https://www.lazada.vn/products/pdp-i526368499.html,3.145.042 ₫,,
bán máy tính bảng hp elite x2 1012 g1 chip core M3. ram 4.ssd 128g.kèm phím có khe gắn sim,https://www.lazada.vn/products/pdp-i3060012939.html,1.990.000 ₫,,
Máy tính bảng Samsung Galaxy Tab A9+ WiFi 4GB/64GB- Hàng chính hãng,https://www.lazada.vn/products/pdp-i3194843006.html,3.730.000 ₫,,
Máy tính bảng Fujitsu arrow tap Q736 13.3in. i5 6200.ram 4.ssd 128,https://www.lazada.vn/products/pdp-i3060174253.html,3.250.000 ₫,,
máy tính bảng 2in1 Fujitsu arrows tap q508,https://www.lazada.vn/products/pdp-i2731913988.html,1.850.000 ₫,5.0,
máy tính bảng Mỹ LG GPAD 7 LTE-màn 7 inch ram 1gb+16gb-1 SIM,https://www.lazada.vn/products/pdp-i1679984258.html,1.049.000 ₫,4.0,11 Đã bán
Máy Tính Bảng Mobell Tab 8A,https://www.lazada.vn/products/pdp-i2493181504.html,700.000 ₫,,
Máy tính bảng nhật 2in1 Fujitsu R726 kèm phím+sạc zin,https://www.lazada.vn/products/pdp-i3060201206.html,2.850.000 ₫,,
Máy tính bảng Benco Tab M1 4G Ram 4GB bộ nhớ 64GB máy mới fullbox bảo hành 12 tháng,https://www.lazada.vn/products/pdp-i2646834803.html,1.900.000 ₫,,
Máy tinh bảng HP elitepad 1000 g2. ram 4.Ssd128g+kèm dook sạc chính hãng,https://www.lazada.vn/products/pdp-i3180703663.html,850.000 ₫,,
Máy tính bảng Lenovo Tab3 8 Plus.,https://www.lazada.vn/products/pdp-i3185655603.html,1.180.000 ₫,,
"[SALE BRAND DAY - TỪ 20H 30.10] Máy tính bảng Galaxy Tab S11 Wifi, Galaxy AI, S Pen thế hệ mới, Màn hình lớn 11""",https://www.lazada.vn/products/pdp-i3187224669.html,20.989.000 ₫,,24 Đã bán
Máy Tính Bảng Apple iPad Air 6 M2 13 inch Wi-Fi 128GB/256GB/512GB/1TB [Hàng chính hãng Futureworld_AAR],https://www.lazada.vn/products/pdp-i2691093501.html,24.749.000 ₫,,"9 Đã bán
Hồ Chí Minh"
Máy Tính Bảng Honor Pad X7 4GB + 64/128GB | Pin 7020mAh | Chip Snapdragon 680 | Bảo Hành 18 Tháng Hành Chính Hãng,https://www.lazada.vn/products/pdp-i3188123666.html,3.690.000 ₫,,
iPad Gen 10th 2022 Wifi + Cellular(5G) - Hàng Chính Hãng,https://www.lazada.vn/products/pdp-i2098523002.html,13.190.000 ₫,5.0,104 Đã bán
iPad A16 11 inch WIFI 5G 512GB Chính hãng,https://www.lazada.vn/products/pdp-i3040798049.html,20.990.000 ₫,,"16 Đã bán
Hà Nội"
"Máy tính bảng trẻ em K706Pro Bản Mới giáo dục thông minh phát triển trí tuệ,đồ chơi cho bé trai bé gái",https://www.lazada.vn/products/pdp-i2942440720.html,1.190.000 ₫,,
Máy tính bảng cảm ứng Windows fujitsu arrows tap Q616. CPU M7 ram 4.ssd 128g.man 11.6in cảm ứng,https://www.lazada.vn/products/pdp-i2873779215.html,2.350.000 ₫,3.0,
iPad Air 6 M2 11 inch Wifi - Hàng chính hãng,https://www.lazada.vn/products/pdp-i2649806621.html,23.690.000 ₫,5.0,216 Đã bán
Máy Tính Bảng Trẻ Em Onn Kids Tablet 8 Inch Dung Lượng 32GB - Hàng Chính Hãng - BH 1 Năm - Có Xuất VAT,https://www.lazada.vn/products/pdp-i2705111531.html,2.350.000 ₫,,
VIÊN UỐNG XUYÊN TÂM LIÊN YA FARTAB THÁI LAN C11241shoplinhvu,https://www.lazada.vn/products/pdp-i1966504111.html,229.900 ₫,,VIÊN UỐNG XUYÊN TÂM LIÊN YA FARTAB THÁI LAN C11241shoplinhvu
Máy tính bảng Doogee T10W,https://www.lazada.vn/products/pdp-i3118649676.html,1.690.000 ₫,,
máy tính bảng samsung t295,https://www.lazada.vn/products/pdp-i2326146243.html,1.250.000 ₫,,
Máy tính bảng 10.1 inch RAM 4Gb MTK Cortex A7 1.6Ghz 6592 Dual Sim 3G,https://www.lazada.vn/products/pdp-i793452346.html,2.221.948 ₫,,
"(NEW) Redmi Pad Pro 12.1 2024 BAO DA BÀN PHÍM có Touchpad,giá đỡ,đèn LED,có thể tháo rời Redmi Pad Pro 12.1 2024",https://www.lazada.vn/products/pdp-i2941448233.html,1.011.080 ₫,,
Máy Tính Bảng Masstel Tab 10.1 (cũ),https://www.lazada.vn/products/pdp-i2262741817.html,1.230.000 ₫,,
Máy tinh bảng windows hiệu Fujitsu stylus R727. cpu i5 7300u.ram 4g.ssd 256g,https://www.lazada.vn/products/pdp-i3060214399.html,3.450.000 ₫,,
iPad Pro M4 11 inch | 256GB Wifi Chính Hãng,https://www.lazada.vn/products/pdp-i2683435245.html,28.750.000 ₫,,"11 Đã bán
Hồ Chí Minh"
Bán máy tính bảng samsung t295,https://www.lazada.vn/products/pdp-i2597578087.html,1.100.000 ₫,,
Swisse Ultiboost nam Máy tính bảng 120 sức sống,https://www.lazada.vn/products/pdp-i2565797081.html,1.046.000 ₫,,
VIÊN UỐNG TRẮNG DA - T.RỊ NÁM TRANSAMIN 500MG CỦA NHẬT,https://www.lazada.vn/products/pdp-i1901127029.html,1.199.900 ₫,,
Máy tính bảng Fujitsu arrow tap Q775k. i5. ram 4. ssd 128.13.3in full hd,https://www.lazada.vn/products/pdp-i3060119591.html,3.950.000 ₫,,
Máy tính bảng Amazon Fire HD 10 2023 (gen 13) Fire Max 11 Fire HD 10 2023 Fire HD 10 plus,https://www.lazada.vn/products/pdp-i1731386561.html,2.890.000 ₫,5.0,
Máy tính bảng samsung T295 rất đẹp,https://www.lazada.vn/products/pdp-i2491162593.html,1.300.000 ₫,,
Máy Tính Bảng Samsung Galaxy Tab A7 Màn Hình 10.4inch 3GB/32GB - Hàng Chính Hãng - BH 1 Năm - Có Xuất VAT,https://www.lazada.vn/products/pdp-i3107267579.html,3.490.000 ₫,,
MÁY TÍNH BẢNG LENOVO ANDROI 8 RAM 1GB LƯU TRỮ 16GB 10INCH,https://www.lazada.vn/products/pdp-i2150035703.html,1.990.000 ₫,,
"Redmi Pad SE Redmi máy tính bảng 11 inch bảo vệ mắt Màn hình HD làm mới cao 90Hz 6 128GB máy tính bảng âm thanh giải trí, văn phòng và học tập",https://www.lazada.vn/products/pdp-i2838250826.html,4.654.069 ₫,5.0,8 Đã bán
"Máy tính bảng Samsung Galaxy Tab A9 Wifi / LTE (4GB/64GB) - Hàng chính hãng - Màn hình TFT LCD 8,7 inch, Camera sau 8MP, Pin 5100 mAh",https://www.lazada.vn/products/pdp-i2581312638.html,3.859.000 ₫,4.0,10 Đã bán
Máy tính bảng Benco Tab M1 4G Ram 4GB bộ nhớ 64GB máy mới fullbox bảo hành 12 tháng tặng bao da tai nghe bluetooth,https://www.lazada.vn/products/pdp-i2646866633.html,1.950.000 ₫,,
"VIÊN UỐNG CHỐNG NẮNG NỘI SINH LÀM ĐẸP DA PO NUTRITION SUNSAFE PO 60 VIÊN - SÁNG DA, MỜ NÁM, TRẺ HÓA DA HIỆU QUẢ - SẢN PHẨM ĐƯỢC CHỌN LỌC YÊU THÍCH TRÊN THỊ TRƯỜNG, CHẤT LƯỢNG CAO DÙNG CỰC KÌ THÍCH NHÉ CẢ NHÀ",https://www.lazada.vn/products/pdp-i2397871229.html,1.049.900 ₫,,
Máy tính bàng Teclast HD8 4G Ram 4G/64GB máy mới fullbox 2 sim nghe gọi,https://www.lazada.vn/products/pdp-i2397362804.html,1.690.000 ₫,5.0,
Máy tính bảng samsung tab A6,https://www.lazada.vn/products/pdp-i2241257863.html,945.000 ₫,,
Máy tính bảng SAMSUNG Galaxy Tab S10+ 5G 256GB - Hàng chính hãng,https://www.lazada.vn/products/pdp-i2809976161.html,24.290.000 ₫,5.0,6 Đã bán
Máy tính bảng Fujitsu stylist R726.i3 6100.ram 4.ssd 128g,https://www.lazada.vn/products/pdp-i3060195223.html,2.750.000 ₫,,
Máy tính bảng Samsung Galaxy Tab S9 Wi-Fi,https://www.lazada.vn/products/pdp-i2671025261.html,19.990.300 ₫,,
"Máy tính bảng Samsung Galaxy Tab A8 2022 , 3GB of RAM | 32GB SSD, 4GB of RAM | 64GB SSD, 4GB of RAM | 128GB SSD 10.5inch (Wi-Fi), hàng chính hãng, ngôn ngữ tiếng Việt, English...tồn kho mới 99% (0502)",https://www.lazada.vn/products/pdp-i2404259221.html,3.090.000 ₫,5.0,
"Máy tính bảng Samsung Galaxy Tab A11 Wifi (4GB/64GB) - Hàng chính hãng - LCD 8.7 inch, MediaTek Helio G99, Pin 5100mAh",https://www.lazada.vn/products/pdp-i3210830330.html,3.799.000 ₫,,
Máy tính bảng Samsung Galaxy Tab S8+ 5G 265GB và 128GB,https://www.lazada.vn/products/pdp-i2186705503.html,23.391.000 ₫,,
"MELODY TAB - GIÚP THANH NHIỆT GIẢI ĐỘC, TĂNG CƯỜNG SỨC KHỎE",https://www.lazada.vn/products/pdp-i2688186623.html,200.000 ₫,,
"Viên uống tăng cường sinh lý nam Bổ Thận Men Max Az từ 500mg hàu biển, ba kích, ariginin giúp bổ thận, mạnh gân cốt - 30 viên",https://www.lazada.vn/products/pdp-i1687039312.html,89.000 ₫,4.0,
[NEW] Máy Tính Bảng HUAWEI MatePad 11.5 PaperMatte Mới 8+256GB | Hiệu Suất Như PC | Pin 10.100 mAh | Sạc Nhanh 40W,https://www.lazada.vn/products/pdp-i3218226256.html,99.999.999 ₫,,
"[ Hàng Mỹ - Cực Mạnh ] Viên uống R0cket 1h, Tăng cường sinh lý, Kéo dài thời gian & Chống xuất tinh sớm - Hộp 10 viên",https://www.lazada.vn/products/pdp-i2764296284.html,85.000 ₫,4.0,147 Đã bán
"Máy tính bảng gọi điện S9 bán chạy 24 + 58MP 11,6 inch Full HD Hỗ trợ Android 12.0 RAM16G + 512G Bộ xử lý 4G/5G WIFI Máy tính bảng văn phòng giá rẻ và phải chăng",https://www.lazada.vn/products/pdp-i2602931635.html,1.180.000 ₫,2.0,9 Đã bán
iPad Pro M4 13 inch Wifi (Mặt kính tiêu chuẩn) - Hàng chính hãng,https://www.lazada.vn/products/pdp-i2651915176.html,63.690.000 ₫,5.0,106 Đã bán
iPad Air M3 11 inch WIFI 5G 128GB Chính Hãng,https://www.lazada.vn/products/pdp-i3040322686.html,20.490.000 ₫,,"16 Đã bán
Hà Nội"
iPad Gen 9 10.2-inch (2021) Wifi + Cellular(4G) - Hàng Chính Hãng,https://www.lazada.vn/products/pdp-i1527824067.html,9.590.000 ₫,4.0,378 Đã bán
máy tính bảng samsung tab A8,https://www.lazada.vn/products/pdp-i2579391965.html,1.300.000 ₫,,
iPad Pro M4 13 inch Wifi+ Cellular (Mặt kính tiêu chuẩn) - Hàng chính hãng,https://www.lazada.vn/products/pdp-i2651909345.html,41.290.000 ₫,5.0,74 Đã bán
Blackmores Bio C 1000Mg 150 Viên,https://www.lazada.vn/products/pdp-i2421222058.html,909.000 ₫,,
"Máy tính bảng Doogee T36 12""",https://www.lazada.vn/products/pdp-i3166614418.html,3.490.000 ₫,,
Máy Tính Bảng Iris Ohyama LUCA - Hàng Chính Hãng - BH 1 Năm - Có Xuất VAT,https://www.lazada.vn/products/pdp-i2923550472.html,2.690.000 ₫,,
"Máy tính bảng Huawei Mediapad T5 10.1 inch màn hình lớn, sắc nét, bán hàng online, xem phim cực đã",https://www.lazada.vn/products/pdp-i2204871439.html,1.200.000 ₫,4.0,8 Đã bán
Máy tính bảng Benco Tab M1 4G bộ nhớ 64GB máy mới fullbox bảo hành 12 tháng tặng bao da bàn phím chuột bluetooth,https://www.lazada.vn/products/pdp-i2646849733.html,2.100.000 ₫,,
Bán xác máy tính bảng Fujitsu arrows tap Q509-Q508-Q507-Q506-Q5010,https://www.lazada.vn/products/pdp-i3180834038.html,550.000 ₫,,
Máy tính bảng Xi ao mi Mi Pad 2 cấu hình khủng RAM 8Gb ROM 128-256Gb chạy song song 2 hệ điều hành Window và Android,https://www.lazada.vn/products/pdp-i1277481768.html,2.999.000 ₫,4.0,17 Đã bán
"[SALE BRAND DAY - TỪ 20H 30.10] Máy tính bảng Samsung Galaxy Tab S10 FE+ (8GB/128GB), Advanced AI, S Pen đa nhiệm, Màn hình lớn 13.1""",https://www.lazada.vn/products/pdp-i3068879856.html,12.990.000 ₫,5.0,51 Đã bán
Bán máy tính bảng samsung t295,https://www.lazada.vn/products/pdp-i2405676611.html,1.200.000 ₫,,
Máy tính bảng Xiao mi Mi Pad 2 cấu hình khủng RAM 8Gb bộ nhớ 128-256Gb chạy song song 2 hệ điều hành Window và Android,https://www.lazada.vn/products/pdp-i1494368542.html,3.499.000 ₫,1.0,
Samsung Galaxy Tab A 8.4 (2020) - Cũ đẹp 98%,https://www.lazada.vn/products/pdp-i2432980062.html,3.199.000 ₫,,
Máy tính bảng 2in1 nec versapro vk-153s. hàng cũ hinh thức đẹp 90%,https://www.lazada.vn/products/pdp-i2930155169.html,2.250.000 ₫,,
Máy tính bảng samsung tab A8,https://www.lazada.vn/products/pdp-i2393096534.html,1.250.000 ₫,,
Máy Tính Bảng Masstel Tab 8plus - Tab 8pro (cũ),https://www.lazada.vn/products/pdp-i2493251076.html,1.000.000 ₫,,
Máy tính bảng samsung tab A6,https://www.lazada.vn/products/pdp-i2407509079.html,900.000 ₫,,
Tab S10 Plus - Máy tính bảng Samsung Galaxy Tab S10+ 12/256gb Wifi/5G - Hàng chính hãng New nguyên seal,https://www.lazada.vn/products/pdp-i2860381620.html,24.790.000 ₫,,
Máy tính bảng Xiaomi Pad 7 (8+128GB) | Màn hình 11.2'' 3.2K 144Hz tăng hiệu suất | Snapdragon 7+ Gen3 | HyperAI | Pin 8850mAh,https://www.lazada.vn/products/pdp-i3016984045.html,19.490.000 ₫,,
Máy tính bảng Galaxy Tab A 8.4 2020 32GB.Cũ đẹp như mới 99% Màu Xám,https://www.lazada.vn/products/pdp-i2578511405.html,2.916.000 ₫,,
iPad Air 6 M2 13 inch Wifi - Hàng chính hãng,https://www.lazada.vn/products/pdp-i2649762785.html,20.490.000 ₫,5.0,92 Đã bán
Máy tính bảng Samsung Galaxy Tab S8 Ultra 5G,https://www.lazada.vn/products/pdp-i2186722182.html,27.891.000 ₫,,
Máy tính bảng Samsung Galaxy Tab S9+ 5G,https://www.lazada.vn/products/pdp-i2671035231.html,28.990.000 ₫,,
iPad Air 6 M2 11 inch Wi-Fi + Cellular - Hàng chính hãng,https://www.lazada.vn/products/pdp-i2649884497.html,17.890.000 ₫,5.0,61 Đã bán
iPad Air M3 11 inch WIFI 5G 256GB Chính Hãng,https://www.lazada.vn/products/pdp-i3040366592.html,22.990.000 ₫,,"7 Đã bán
Hà Nội"
iPad Pro M4 13 inch Wifi (Mặt kính Nano) - Hàng chính hãng,https://www.lazada.vn/products/pdp-i2651887340.html,57.190.000 ₫,,124 Đã bán
Máy tính bảng Samsung A8,https://www.lazada.vn/products/pdp-i2560133742.html,1.310.000 ₫,,
Online Mall - Máy tính bảng 10.1inch IPS Ram 8G Rom 128Gb + tặng bút cảm ứng 2 đầu,https://www.lazada.vn/products/pdp-i252372093.html,2.539.336 ₫,3.0,
"Lenovo tab 3 8703x, ram 3, 4g thoại chơi liên quân, free fire ok",https://www.lazada.vn/products/pdp-i1850620122.html,1.290.000 ₫,5.0,6 Đã bán
Máy tính bảng Samsung Galaxy Tab S11 Ultra 5G 16GB/1TB,https://www.lazada.vn/products/pdp-i3190137789.html,37.479.000 ₫,,
iPad Air 6 M2 13 inch Wi-Fi + Cellular - Hàng chính hãng,https://www.lazada.vn/products/pdp-i2649876702.html,22.490.000 ₫,5.0,41 Đã bán
Bàn Phím Bluetooth 10.1 Inch Dùng Cho Máy Tính Bảng Ipad Bàn Phím Sạc Phổ Thông Bộ Chuột Không Dây,https://www.lazada.vn/products/pdp-i2482946072.html,47.700 ₫,4.0,
"Bộ kich wifi 6 râu 18000mpbs tốc độ cao,kết nối xa,sóng mạnh,kết nối xuyên tường,cải thiện tốc độ mạng",https://www.lazada.vn/products/pdp-i3129911431.html,99.000 ₫,4.0,266 Đã bán
Máy Tính Bảng Samsung Galaxy Tab S9 Ultra 5G - Hàng chính hãng,https://www.lazada.vn/products/pdp-i2425504648.html,25.990.000 ₫,,
Máy Tính Bảng Công Nghiệp Android All-in-one Màn Hình Cảm Ứng Điện Dung Thông Minh Chống Nước Hiển Thị 10.4/12.1/13.3/15.6 inch Màn Hình Cảm Ứng Công Nghiệp,https://www.lazada.vn/products/pdp-i3175855900.html,6.549.000 ₫,,
Hàn Quốc Eundan Vitamin C 1000 300 máy tính bảng/10 months' giá trị/made in Hàn Quốc/trực tiếp từ Hàn Quốc,https://www.lazada.vn/products/pdp-i2665356786.html,428.000 ₫,,
Jiurong Ares vàng đen Kang Nhân Sâm Hươu roi Oyster Tablets,https://www.lazada.vn/products/pdp-i3014017559.html,155.000 ₫,5.0,
Hàn Quốc Eundan Vitamin C 1000 300 máy tính bảng/10 months' giá trị/made in Hàn Quốc/trực tiếp từ Hàn Quốc,https://www.lazada.vn/products/pdp-i2410437780.html,625.000 ₫,5.0,45 Đã bán
Máy tính bảng aijiuda perhidine 30mg * 9 viên/hộp 爱九 希丁片 30mg * 9 片/改善运动时间短,https://www.lazada.vn/products/pdp-i3009979650.html,381.729 ₫,,
Jiurong Ares vàng đen Kang Nhân Sâm Hươu roi Oyster Tablets,https://www.lazada.vn/products/pdp-i3018567781.html,650.350 ₫,1.0,
Máy Tính Bảng Học Tập Máy Tính Tiểu Thiên Tài Cắm Đuôi Điện Thoại Trong Nước 12 Pin Android Giao Diện Sạc Nhanh Máy Tính Nhỏ TypeC,https://www.lazada.vn/products/pdp-i2513897321.html,42.000 ₫,,
Lenovo Tablet X1 Helix 45N1102 45N1103 Pin Tích Hợp Máy Tính Xách Tay 42Wh,https://www.lazada.vn/products/pdp-i2683361098.html,930.884 ₫,,
"Origina L13D3E31 LENOVO YOGA 10"" Tablet PC B8000 B8080 B8000-F B8000-H B8080-H B8080-F L13C3E31 3.75V 9000mAh",https://www.lazada.vn/products/pdp-i2814625511.html,415.647 ₫,,
Nội dung cao đa chiều Taurine máy tính bảng vitamin B máy tính bảng người lớn b1b2b6 nam giới và phụ nữ Vitamin C màu cam ngọt ngào hương vị 60 máy tính bảng b1b2b6 男女维生素c甜橙味 60,https://www.lazada.vn/products/pdp-i2675676230.html,137.978 ₫,,
234*145 New 10.2 inch màn hình cảm ứng 10.1 inch at102tn03 V.8 v.9 cảm ứng Bảng điều chỉnh,https://www.lazada.vn/products/pdp-i2742558242.html,471.080 ₫,,
Orange Pi ZERO 3 4GB RAM máy tính bảng đơn Allwinner h618 chip Wifi-BT5.0 LPDDR4 Gigabit Orange Pi zero3 ban phát triển,https://www.lazada.vn/products/pdp-i2605832989.html,976.551 ₫,,
Nam Kinh tonren tang sắt Axit Folic máy tính bảng 60 viên/hộp VC Vitamin C máy tính bảng người lớn trung niên và sức khỏe người cao tuổi thực phẩm 南京同仁堂铁叶酸片 60 片/,https://www.lazada.vn/products/pdp-i2660730690.html,250.207 ₫,,
"CODAlinamin EX Plus α 24,80,140 viên [Trực tiếp từ NHẬT BẢN] Có tác dụng tốt cho mắt mỏi, cứng vai và đau lưng.Giảm 50% toàn bộ cửa hàng mới mở chỉ trong 3 ngày",https://www.lazada.vn/products/pdp-i3130916780.html,440.478 ₫,,
[Chính Hãng] Soundcard Steinberg UR28M - Sound Card Bộ Thu Âm Thanh và Livestream Audio Interface UR28,https://www.lazada.vn/products/pdp-i1914758004.html,6.999.000 ₫,,
"Ugee Fun Drawing Pad UT2 Android 14 Tablet 6GB RAM + 128GB ROM 10.5 Inch,với a U-Pencil, Hoàn hảo cho người mới bắt đầu vẽ và trẻ em",https://www.lazada.vn/products/pdp-i3063472412.html,7.490.000 ₫,,
[HCM]Diabetone - Giải Pháp Hỗ Trợ Chuyên Biệt Cho Người Tiểu Đường - Hộp 30 Viên - Luxcare,https://www.lazada.vn/products/pdp-i1236320443.html,350.000 ₫,,
Ergotron | Giá Đỡ iPad Có Khóa Cho Văn Phòng,https://www.lazada.vn/products/pdp-i3219667456.html,3.693.000 ₫,,
Máy Tính Bảng Công Nghiệp Đa Năng Android Qualcomm Octa-Core,https://www.lazada.vn/products/pdp-i3220213488.html,20.955.000 ₫,,
VIÊN UỐNG BỔ SUNG VITAMIN C 1000mg Kirkland 500 viên - Mỹ,https://www.lazada.vn/products/pdp-i3043149692.html,599.000 ₫,,
【New】VEIKK Studio 16 Drawing Display 15.6 inch Drawing Tablet with Screen Fully Laminated FHD Monitor with 16384 Pen pressure Levels 290 PPS Report Rate Stylus Split Foldable Stand,https://www.lazada.vn/products/pdp-i2880554998.html,7.999.000 ₫,5.0,8 Đã bán
[GIẢM 5% ĐƠN 129K]Tảo Xoắn Spirulina Japan Algae 2200 Viên Nội Địa Nhật Bản,https://www.lazada.vn/products/pdp-i2171815466.html,399.000 ₫,5.0,
9 Inch Writing Tablet Electronic Notepad LCD Tablet Drawing Pad Business Supplies Hand Painting Tool,https://www.lazada.vn/products/pdp-i2731334262.html,262.474 ₫,,
Swisse Vitamin C Chewable 500mg 110 Tablets,https://www.lazada.vn/products/pdp-i1470399670.html,395.000 ₫,,
"Máy đọc sách Android màn hình Eink 5.8inch - 32Gb - nhỏ gọn, - giá thanh lý",https://www.lazada.vn/products/pdp-i3121066498.html,1.580.000 ₫,,
Swisse Ultiboost Vitamin C Manuka Honey 120 Tablets,https://www.lazada.vn/products/pdp-i1474314322.html,465.000 ₫,,
Microsoft Surface Book 2 Nhập Khẩu Mỹ| 13.5'' Core I5/I7 8350U Ram 8GB+ 16G Ổ SSD 256GB + 512GB Kèm Dock Phím sạc tại Playmobile,https://www.lazada.vn/products/pdp-i1642501657.html,10.190.000 ₫,5.0,34 Đã bán
100% thử nghiệm làm việc 7-inch độ nét cao 1024*600 máy tính bảng màn hình LCD at070tna2v. 1,https://www.lazada.vn/products/pdp-i2638761430.html,707.284 ₫,,
VIÊN UỐNG VITAMIN C 1000MG - 500MG P HỘP 100 VIÊN - VITAMIN C CỦA MỸ,https://www.lazada.vn/products/pdp-i2343946141.html,289.000 ₫,5.0,9 Đã bán
Lutein Ester Blueberry Flavor Fudge Tablets Chính hãng Chính hãng Trẻ em Học sinh Người lớn Nhập khẩu Không bằng sáng chế Cửa hàng hàng đầu,https://www.lazada.vn/products/pdp-i2710374349.html,177.707 ₫,,
Orange Pi ZERO 3 1GB 2GB 4GB RAM DDR4 Allwinner h618 Wifi Bluetooth PC zero3 ban phát triển SBC máy tính bảng,https://www.lazada.vn/products/pdp-i2796748409.html,641.405 ₫,,
"Máy Xay Sinh Tố Công Nghiệp Gali GL-1530R - Dung Tích 4 Lít, Công Suất 2500W, Chống Ồn, Xay Đá Mạnh Mẽ, Lưỡi Thép Không Gỉ – Hàng Chính Hãng",https://www.lazada.vn/products/pdp-i2922994479.html,7.812.000 ₫,,
[Chính Hãng] Soundcard Presonus AudioBox iTwo - Sound Card Bộ Thu Âm Thanh và Livestream Audio Interface Audio Box iTwo,https://www.lazada.vn/products/pdp-i2602414462.html,3.999.000 ₫,,
PSE3216S Bộ chuyển mạch PoE 16 cổng 10/100/1000Mbps + 2 cổng đường lên Gigabit + 2 cổng Gigabit SFP không kết hợp,https://www.lazada.vn/products/pdp-i2537609795.html,4.742.000 ₫,,
"điện thoại Y56 5G 2sim ram 8G/256G máy đủ màu Cấu hình siêu khủng, Cày game nặng mượt mà, Camera siêu nét, ONELN",https://www.lazada.vn/products/pdp-i2838595277.html,298.000 ₫,4.0,126 Đã bán
"Viên Uống Vitamin C Eundan 1000mg Hàn Quốc 120 Viên Trắng Da, Mờ Nám OTEL STARX,OE-VC120 Tăng Đề Kháng, Chống Oxy Hóa, Mọc Tóc Chuẩn Auth",https://www.lazada.vn/products/pdp-i2909677498.html,210.000 ₫,5.0,109 Đã bán
Viên Tăng Cường Sinh Lý Nam,https://www.lazada.vn/products/pdp-i1843895817.html,75.000 ₫,5.0,23 Đã bán
Brand new Powerful New 3.8V 10000mAh DEXP Ursus KX210 AVA Tablet PC Accumulator Free Tools T -network preferential price Welcome to Our Store,https://www.lazada.vn/products/pdp-i2716716716.html,417.607 ₫,,
Viên uống tăng cường sinh lý nam bổ thận tráng dương Bổ Thận Nam - Hộp 30 viên thành phần thảo dược,https://www.lazada.vn/products/pdp-i1385833210.html,99.000 ₫,5.0,348 Đã bán
"Set 4 Chân Kê Máy Giặt Tủ Lạnh, Chân Đỡ Đa Năng Chống Rung Lắc, Tăng Giảm Chiều Cao Chống Trơn Trượt",https://www.lazada.vn/products/pdp-i3125673224.html,45.000 ₫,4.0,345 Đã bán
"Tảo xoắn Spirulina Japan Algae kết hợp 5% tảo nước biển sâu, bổ sung dinh dưỡng, tăng sức đề kháng 2200 viên - Hachi Hachi Japan Shop",https://www.lazada.vn/products/pdp-i1530646103.html,419.000 ₫,5.0,196 Đã bán
"Seedcoms Acid Folic & Iron Tablets for Blood Health & Pregnancy Support, Made in Japan - 30 Tablets",https://www.lazada.vn/products/pdp-i2732544434.html,118.000 ₫,5.0,13 Đã bán
[CHÍNH HÃNG] ROCKET 1H -LẺ 1 VIÊN- VIÊN UỐNG TĂNG CƯỜNG SINH LÝ PHÁI MẠNH BỔ THẬN TRÁNG DƯƠNG CƯỜNG LỰC CHÍNH HÃNG,https://www.lazada.vn/products/pdp-i2784939329.html,59.000 ₫,,
"viên uống nội tiết AIYUE hộp 5 viên,1 tháng 1 viên",https://www.lazada.vn/products/pdp-i2862951039.html,59.000 ₫,,"42 Đã bán
Hà Nội"
adidas | Giày Thể Thao Cổ Điển,https://www.lazada.vn/products/pdp-i3233313383.html,3.814.000 ₫,,
"Máy Xay Sinh Tố Công Nghiệp Gali GL-1530S – Dung Tích 2 Lít, Công Suất 2200W, Chống Ồn, Bảng Cảm Ứng, Xay Đá Siêu Nhanh – Hàng Chính Hãng",https://www.lazada.vn/products/pdp-i2922950526.html,5.315.000 ₫,,
"Điện thoại Redmi Note 12 5G (6GB/128GB),Snapdragon 4 Gen 1,Màn hình Amoled 6.67"" 120Hz, Rom tiếng việt - Hàng nhập khẩu",https://www.lazada.vn/products/pdp-i2842292687.html,3.249.000 ₫,5.0,21 Đã bán
Viên uống vitamin MAGNESIUM B6 Thái Bình hộp 100 viên,https://www.lazada.vn/products/pdp-i3152951784.html,34.650 ₫,4.0,19 Đã bán
Hàng cực mạnh .Che tên sản phẩm.Rốc KÉT1h Cam kết hàng chính hãng hộp 10 viên tăng cường Sinh lý nam,https://www.lazada.vn/products/pdp-i3154744731.html,82.000 ₫,4.0,174 Đã bán
Viên sủi Haas Bang Effervescent Tablets hỗ trợ bổ sung vitamin C và một số vitamin nhóm B ( Hộp 1 lọ x 10 viên ),https://www.lazada.vn/products/pdp-i2251279785.html,55.000 ₫,5.0,8 Đã bán
"[XẢ KHO - GIÁ RẺ SỐC] điện thoại 5G A78 5G 2sim ram 8G/256G máy Cấu hình Cao khủng, Chiến mọi game nặng siêu mượt, máy đủ màu- BNMSS1",https://www.lazada.vn/products/pdp-i2892939298.html,298.000 ₫,4.0,98 Đã bán
"điện thoại giá rẻ Realme 10 5G 2sim ram 8G/256G Chính Hãng, Cấu Hình khủng, Cày Gme nặng mượt",https://www.lazada.vn/products/pdp-i3212783766.html,298.000 ₫,5.0,30 Đã bán
Mắt led cob 12v 50w,https://www.lazada.vn/products/pdp-i2249487506.html,30.000 ₫,5.0,73 Đã bán
"Điện thoại Nubia V70 Design 8GB/128GB I Pin 5000mAh I Camera 50mp I 6.7"" 120Hz I Hỗ trợ NFC",https://www.lazada.vn/products/pdp-i3048792615.html,2.750.000 ₫,5.0,9 Đã bán
"Giá Đỡ Điện Thoại Tripod 3180S Kèm Remote Tiện Dụng, Chân máy ảnh hỗ trợ quay, chụp, livestream",https://www.lazada.vn/products/pdp-i2579794378.html,62.000 ₫,4.0,731 Đã bán
Viên uống tháng 1 viên Ayue Hồng Kông,https://www.lazada.vn/products/pdp-i1858151878.html,135.000 ₫,4.0,425 Đã bán
"Bút Laser Chỉ Bảng, Sa Bàn Thuyết Trình Vỏ Kim Loại Điểm Sáng Đỏ To 3933",https://www.lazada.vn/products/pdp-i1930744727.html,87.000 ₫,5.0,9 Đã bán
"điện thoại A92 2sim ram 8G/256G máy Cấu hình Cao khủng, Chiến mọi game nặng siêu mượt, LNBS",https://www.lazada.vn/products/pdp-i2849757685.html,298.000 ₫,4.0,87 Đã bán
[beauty] Kim loại 360 ° xoay điện thoại di động Tablet chủ chống trượt có thể gập lại điều chỉnh di động lười biếng Máy tính để bàn sống điện thoại di động đứng núi,https://www.lazada.vn/products/pdp-i2770906832.html,17.566 ₫,4.0,242 Đã bán
"[5 viên]Pin 18650 ,pin sạc litium 4200mAh Siêu bền dùng cho quạt MINI đèn pin tông đơ cắt tóc",https://www.lazada.vn/products/pdp-i449288692.html,66.080 ₫,4.0,
[HÀNG CHÍNH HÃNG] Điện thoại nokia 6303 cổ phổ thông giá rẻ,https://www.lazada.vn/products/pdp-i1925196007.html,425.000 ₫,,
Vỉ đèn led cob 12v 100w / 12v 70w,https://www.lazada.vn/products/pdp-i2203332051.html,120.000 ₫,4.0,330 Đã bán
Viên uống Rocket 1h giúp tăng cường sinh lý nam - Viên màu xanh nhạt không chữ hàng cao cấp,https://www.lazada.vn/products/pdp-i3143343291.html,35.000 ₫,4.0,18 Đã bán
LED COB 12V 300W – Siêu Sáng,https://www.lazada.vn/products/pdp-i3042390591.html,250.000 ₫,4.0,18 Đã bán
ĐIỀU KHIỂN TV SAMSUNG SMART Vuông Dẹt ĐA NĂNG TƯƠNG THÍCH TẤT CẢ CÁC MẪU TV [Loại Thẳng không micro],https://www.lazada.vn/products/pdp-i2517645505.html,31.057 ₫,4.0,416 Đã bán
"Điện thoại máy chiếu 8849 Tank 3 Pro(máy chiếu 100 lumens,chống nước,chống va đập, 120Hz, RAM 32GB/36GB, ROM 512GB,Pin 23800mAh, sạc nhanh 120W, camera 5G,camera 200MP)",https://www.lazada.vn/products/pdp-i2612291725.html,19.995.000 ₫,,
Viên sủi giải độc mát gan Actiso tuýp 20 viên thanh lọc cơ thể.,https://www.lazada.vn/products/pdp-i2823931870.html,54.000 ₫,5.0,27 Đã bán
[Chính Hãng] Soundcard Audient iD4 MK2 - Sound Card Bộ Thu Âm Thanh và Livestream MKII Audio Interface,https://www.lazada.vn/products/pdp-i2602355562.html,5.399.000 ₫,5.0,
"Giá Đỡ Máy Tính Xách Tay, MacBook, IPad L200 Hợp Kim Nhôm Cao Cấp Có Thể Tháo Rời, Dễ Dàng Lắp Ráp Hỗ Trợ Tản Nhiệt, Thiết Kế Kiểu Dáng Đẹp Và Sang Trọng.",https://www.lazada.vn/products/pdp-i2407383511.html,87.000 ₫,4.0,28 Đã bán
"Bổ Thận Men Max AZ tăng cường sinh lý nam, bổ thận, tráng dương, mạnh gân cốt - Chai 30 viên tinh chất hàu 500mg",https://www.lazada.vn/products/pdp-i1338794504.html,89.000 ₫,5.0,173 Đã bán
Blackmores Lutein Defence 120 Tablets bổ Mắt,https://www.lazada.vn/products/pdp-i3195877247.html,445.000 ₫,,
Bàn phím keyboard cho Xiaomi Pad 7 / 7 pro - Touchpad - Hàng chính hãng - Bảo hành 12 tháng,https://www.lazada.vn/products/pdp-i3206247856.html,4.990.000 ₫,,
Nhập khẩu chính ngạch_Nature’s Way Kids Smart Vitamin C + Zinc + D3 Chewable Tablets 75 viên,https://www.lazada.vn/products/pdp-i3153147964.html,585.000 ₫,,
Máy tinh bảng Microsoft suface go 1824.pentum 4415y.ram 4/8g.ssd 64/128g.hinh thức đẹp 90%,https://www.lazada.vn/products/pdp-i3060265136.html,2.250.000 ₫,,
"[Chính Hãng] Soundcard Arturia MiniFuse 2 - Sound Card Mini Fuse Bộ Thu Âm, Livestream USB Audio Interface",https://www.lazada.vn/products/pdp-i2778173181.html,4.099.000 ₫,5.0,
Viên sủi hỗ trợ giảm cân Balporo Bbae Health Functional Food,https://www.lazada.vn/products/pdp-i3156100631.html,219.000 ₫,,
[Nhập khẩu chính ngạch] Vitamin C cho bé Nature’s Way Kids Smart Vitamin C + Zinc + D3 Chewable Tablets 75 viên,https://www.lazada.vn/products/pdp-i3153295091.html,585.000 ₫,,
"điện thoại F11 ram 8G bộ nhớ 256G 2sim zin đẹp,máy đủ màu",https://www.lazada.vn/products/pdp-i3094296831.html,298.000 ₫,4.0,89 Đã bán
B．O．W | Bàn Phím Bluetooth Gập Cho Android và iPad,https://www.lazada.vn/products/pdp-i3194426088.html,430.000 ₫,4.0,
Bộ Chân Đế Máy Giặt 4 Miếng Kê Tủ Lạnh Chống Rung Chống Trơn Trượt Điều Chỉnh Tăng Giảm Chiều Cao Nhựa Cứng Chính Hãng Amalife,https://www.lazada.vn/products/pdp-i2836705659.html,20.000 ₫,4.0,
TNW T26 Chân tripod mini Capgrip 3 IN 1 cho điện thoại Gậy chụp ảnh tự sướng Bluetooth có đèn trợ sáng,https://www.lazada.vn/products/pdp-i2968677608.html,169.000 ₫,4.0,495 Đã bán
BEWORTHS Viên Sắt với Vitamin C Hỗ trợ Sức khỏe Máu Tăng cường Mức năng lượng Tăng cường Phòng thủ Miễn dịch cho Phụ nữ và Nam giới,https://www.lazada.vn/products/pdp-i2261759528.html,110.000 ₫,5.0,330 Đã bán
"Nubia REDMAGIC Astra Gaming 165 Hz, Snapdragon 8 Elite 24gb/1tb",https://www.lazada.vn/products/pdp-i3212482545.html,28.888.000 ₫,,
Viên Uống Giảm Mụn Cho Da Nhờn 10 - 20,https://www.lazada.vn/products/pdp-i2511920047.html,279.000 ₫,5.0,151 Đã bán
VITAMIN 3B NEULOBION HỘP 50 VIÊN,https://www.lazada.vn/products/pdp-i1888377934.html,29.000 ₫,4.0,572 Đã bán
Viên uống Bổ sung Vitamin C Blackmores Bio C 1000mg (31 viên) - Tăng sức đề kháng và chống oxy hóa,https://www.lazada.vn/products/pdp-i2740213863.html,266.000 ₫,,
Viên uống vitamin tổng hợp Ostrovit Vitamin 100% Vit&Min (90 Tablets) nhập khẩu Ba Lan,https://www.lazada.vn/products/pdp-i2985769522.html,350.000 ₫,,
[ammoon]quà bí mật M1 Mini Sound Effects Machine Voice Changer Device Audio Card Sound Changer for Live Streaming Online Chatting Singing for Smartphone Tablet PC,https://www.lazada.vn/products/pdp-i2362302016.html,408.994 ₫,,
Vitamin Tổng Hợp Hằng Ngày [Mỹ] Kirkland Daily Multi Vitamins 500 Viên [Chính hãng],https://www.lazada.vn/products/pdp-i1729023267.html,750.000 ₫,,
Viên Uống Blackmores Proseren Saw Palmetto Tuyến Tiền Liệt 120 Viên,https://www.lazada.vn/products/pdp-i1805005683.html,1.185.000 ₫,,
[ hộp phản quang lấp lánh ] kian pee wan_kiện tỳ khai vị bổ hoàn hộp 30 viên tăng cân,https://www.lazada.vn/products/pdp-i1880319568.html,140.000 ₫,,
Yest Maxx Xanh Lá - Rostex - Hải Dương - Vitamin Thanh Lọc,https://www.lazada.vn/products/pdp-i3113689390.html,89.040 ₫,5.0,7 Đã bán
"VIÊN SỦI C MULTI giúp bổ sung Vitamin C, Tăng cường sức đề kháng Tub 20 Viên",https://www.lazada.vn/products/pdp-i3004236387.html,45.000 ₫,,
Centrum Kids Vision Fuel 50 Chewable Tablets,https://www.lazada.vn/products/pdp-i3084617639.html,285.000 ₫,,
"Viên uống tăng cân Kian Pee Wan ( Kiện Tỳ ăn ngủ ngon ) xuất xứ Malaysia giúp ăn ngon miệng, ngủ ngon - Mã số 1062 - 2",https://www.lazada.vn/products/pdp-i3163953948.html,130.000 ₫,,
Magnesi B6 bổ sung vitamin B6 và Magnesi 100 viên,https://www.lazada.vn/products/pdp-i2954281098.html,22.000 ₫,5.0,36 Đã bán
Viên uống bổ mắt tăng cường thị lực - Blackmores Macu Vision | Lutein Defence,https://www.lazada.vn/products/pdp-i2656754142.html,579.000 ₫,5.0,26 Đã bán
"Viên Uống Giảm Mụn Decumar Advanced - Ngừa Mụn Thâm, Sáng Da, Điều Tiết Bã Nhờn, Thanh Nhiệt (Hộp 30 Viên)",https://www.lazada.vn/products/pdp-i2703178154.html,138.000 ₫,,
"Viên uống tăng cân Kian Pee Wan ( Kiện-Tỳ-Hoàn ) xuất xứ Malaysia giúp ăn ngon miệng, ngủ ngon - Mã số 1062 - 4",https://www.lazada.vn/products/pdp-i3117545446.html,130.000 ₫,,
Máy Tính Bảng Điện Thoại Di Động Pin Lithium Manganate Nguyên Bản ML2016 T6 X BOM Đơn Hàng Trước Khi Chụp,https://www.lazada.vn/products/pdp-i3176597539.html,275.000 ₫,,
Rocket 1h,https://www.lazada.vn/products/pdp-i3140787805.html,72.000 ₫,4.0,19 Đã bán
Bổ mắt Blackmores Macu Vision Plus 60 Tablets,https://www.lazada.vn/products/pdp-i1189058968.html,428.000 ₫,,
"Thực phẩm giảm khô mắt TRP Natural Eyes Complete Eye Relief 48 tablets giảm đỏ mắt, kích ứng, chảy nước mắt, nóng rát của Mỹ",https://www.lazada.vn/products/pdp-i3094155568.html,499.000 ₫,,
"Viên uống bổ mắt Blackmores Lutein Defence 60 Tablets - SẢN PHẨM ĐƯỢC CHỌN LỌC YÊU THÍCH TRÊN THỊ TRƯỜNG, CHẤT LƯỢNG CAO DÙNG CỰC KÌ THÍCH NHÉ CẢ NHÀ",https://www.lazada.vn/products/pdp-i3086800009.html,599.900 ₫,,
Gigabyte Z97 H97 Z97M Z97 HD3 Bảng Điều Khiển Máy Tính Để Bàn Intel LGA1150 Hỗ Trợ NVME M.2 Bảo Hành Hai Năm Thay Thế,https://www.lazada.vn/products/pdp-i2838021324.html,952.000 ₫,1.0,50 Đã bán
Saramonic blink500 prox b2r mic-rô không dây với máy ghi âm tích hợp màn hình oled nhớ 8g micrô thu âm ve áo micro cho vlog phát trực tiếp điện thoại thông minh máy tính bảng máy tính máy quay phim dslr youtube tiktok,https://www.lazada.vn/products/pdp-i2611508416.html,5.875.000 ₫,,
Hàng cực mạnh .Che tên sản phẩm.Rốc KÉT1h Cam kết hàng chính hãng hộp 10 viên tăng cường Sinh lý nam,https://www.lazada.vn/products/pdp-i2589800053.html,65.000 ₫,4.0,
"[ RẺ VÔ ĐỊCH ] điện thoại Y56 5G 2sim ram 8G/256G Cấu hình siêu khủng, Cày game nặng mượt mà, Camera siêu nétMS",https://www.lazada.vn/products/pdp-i3082486307.html,299.000 ₫,4.0,57 Đã bán
iPad Early Education Machine English And Chinese Learning Simulation Tablet Children's Point Reading Educational Toys for Infants,https://www.lazada.vn/products/pdp-i3216587093.html,95.000 ₫,,"42 Đã bán
China"
"điện thoại giá rẻ F11 2sim ram 8G/256G máy Cấu hình Cao khủng, Chiến mọi game nặng siêu mượt",https://www.lazada.vn/products/pdp-i3129992799.html,298.000 ₫,5.0,30 Đã bán
Đèn Led Cob Siêu Sáng / 108 chip led / Điện 12V 24V / Ánh Sáng Trắng Gắn Trần Xe Hơi / Xe Tải,https://www.lazada.vn/products/pdp-i2655684913.html,60.000 ₫,5.0,71 Đã bán
"Biolac Extra cân bằng vi khuẩn đường ruột, giúp hấp thụ và tiêu hóa tốt hơn, bổ sung vi khuẩn có lợi li",https://www.lazada.vn/products/pdp-i2539933409.html,75.000 ₫,,
"XPPen ArtMobile Magic Drawing Pad Android tablet with 16384 Pressure Levels X3 Pro Pencil, Papery feel Screen, 109% sRGB,2160 x 1440 Resolution Fully Laminated Screen Low blue light Rheinland certified,8GB+256GB,8000mAh Battery,built in ibis Paint X",https://www.lazada.vn/products/pdp-i2557775153.html,12.900.000 ₫,5.0,
"Live External Sound Card, Bluetooth 5.0 Voice Changer, 16 Types of Sound Effects, 6 Modes Mixer for Phones, PC, Tablets",https://www.lazada.vn/products/pdp-i3221843462.html,583.202 ₫,5.0,
Chaneve kali Linux khóa điện tử Wifi rtl8812au chip băng tần kép 1200mbps Bộ chuyển đổi USB không dây USB3.0 Card mạng với Dual 5dBi Antenna,https://www.lazada.vn/products/pdp-i2356525350.html,499.270 ₫,4.0,13 Đã bán
"Bộ phát Wifi Router Xiaomi 10000 (BE10000) - AX9000 AIoT, Wifi 7, 3 băng tần, Router chịu tải 1000 thiết bị",https://www.lazada.vn/products/pdp-i1875195946.html,6.999.000 ₫,,
Vitamin C Blackmores Bio C 1000mg 62 Tablets,https://www.lazada.vn/products/pdp-i2272937689.html,365.000 ₫,,
Viên uống ngừa thai nội địa Trung tháng 1 v chính hãng,https://www.lazada.vn/products/pdp-i2978798181.html,64.350 ₫,5.0,82 Đã bán
"Viên sủi vitamin C KUDOS VITAMIN C 1000 mg giúp tăng đề kháng, sáng da, hương Chanh (20 viên/ Tuýp)",https://www.lazada.vn/products/pdp-i2387705074.html,195.000 ₫,,
"(CSID) {0} Live External Sound Card, Bluetooth 5.0 Voice Changer, 16 Types of Sound Effects, 6 Modes Mixer for Phones, PC, Tablets",https://www.lazada.vn/products/pdp-i3227449530.html,568.000 ₫,5.0,
"Viên uống tăng cân Kian Pee Wan ( Kiện Tỳ Hoàn ) Malaysia giúp ăn ngon miệng, ngủ ngon - Mã số 1062",https://www.lazada.vn/products/pdp-i3084874346.html,130.000 ₫,5.0,11 Đã bán
Logitech MX master2s chuột bluetooth không dây cho off máy tính xách tay iPad Máy tính để bàn có thể sạc lại mô hình,https://www.lazada.vn/products/pdp-i3231896360.html,2.087.000 ₫,,
Hot Sale FunFrenzy Phổ Tablet chủ cho giường với 70cm nhựa 360 ° xoay giường Tablet núi đứng cho 4 11 inch Điện thoại Pad,https://www.lazada.vn/products/pdp-i3036415398.html,39.288 ₫,5.0,
Heabety 1,https://www.lazada.vn/products/pdp-i2744391140.html,9.441 ₫,5.0,6 Đã bán
Toocki Bộ chuyển đổi Wi-Fi 6 Băng Tần Kép Bộ chuyển đổi các mạng không dây Bộ chuyển đổi Wi-Fi 5.4 USB không dây cho tai nghe loa điện thoại máy tính bảng bàn phím chuột,https://www.lazada.vn/products/pdp-i3180036805.html,84.088 ₫,,
Bộ định tuyến wifi di động giao diện USB Bộ định tuyến không dây 4G LTE đa năng cho máy tính bảng,https://www.lazada.vn/products/pdp-i3190126732.html,223.000 ₫,,
Máy đọc sách Boox Note Max 13 inch Chính hãng Akishop,https://www.lazada.vn/products/pdp-i2973365950.html,19.390.000 ₫,,Máy đọc sách Boox Note Max 13 inch Chính hãng Akishop
Saramonic blink500 ProX b2l hai kênh micro không dây rophone chuyên nghiệp Lavalier Micro cài ve áo với hiệu ứng Lighting RGB Micro không dây cho vlog ghi âm điện thoại thông minh Android DSLR máy ảnh máy tính bảng Youtube tiktok,https://www.lazada.vn/products/pdp-i2500624595.html,5.875.000 ₫,,
"Điện thoại Xiaomi Redmi Note 12 pro, Quốc tế có Tiếng Việt, Dimensity 1080 6nm, pin 5000mAh - sạc 67W - HỖ TRỢ TRẢ GÓP TỪ XA QUA THẺ TÍN DỤNG",https://www.lazada.vn/products/pdp-i2413379752.html,4.899.000 ₫,,
Máy tính bảng học sinh e1 9.7in,https://www.lazada.vn/products/pdp-i3218772235.html,1.099.999 ₫,,
Logitech K580 Bluetooth Wireless Keyboard Series Thời Trang Mỏng Nhẹ 215 Giọng Âm Nhẹ Cho Máy Tính Bảng iPad Công Sở Cho Nữ,https://www.lazada.vn/products/pdp-i3234108185.html,2.580.000 ₫,,
"Saramonic Blink500T2 Bộ Micro Không Dây Lavalier Bộ Phát Kép & 1 Micrô Ve Áo Cho Vlog Streaming YouTube Cho iPhone iPad Android Máy Ảnh DSLR Máy Tính Bảng Điện Thoại Thông Minh, Phạm Vi 328ft (100M), Có Thể Sạc Lại (Thời Gian Làm Việc 12 Giờ)",https://www.lazada.vn/products/pdp-i1980638465.html,4.700.000 ₫,3.0,7 Đã bán
X42 Tablet Radiator Tablet Cooler Semiconductor Magnetic Radiator RGB Colorful Lighting 10cm Magnetic Semiconductor Cooler Cooling Fan for Tablet,https://www.lazada.vn/products/pdp-i3222486942.html,533.000 ₫,,
"Live External Sound Card, Bluetooth 5.0 Voice Changer, 16 Types of Sound Effects, 6 Modes Mixer for Phones, PC, Tablets",https://www.lazada.vn/products/pdp-i3223678745.html,583.202 ₫,5.0,
"Live External Sound Card, Bluetooth 5.0 Voice Changer, 16 Types of Sound Effects, 6 Modes Mixer for Phones, PC, Tablets",https://www.lazada.vn/products/pdp-i3221845910.html,568.000 ₫,5.0,
"Motorola Razr 50 5G ( Razr 2024 ) 8/256GB Quốc Tế | Màn Gập Chất 120HZ Oled , Tặng kèm sạc nhanh",https://www.lazada.vn/products/pdp-i2943051304.html,11.190.000 ₫,,
viên bổ mắt trẻ em Healthy Care Kids Computer Eyes Chewable Tablets.,https://www.lazada.vn/products/pdp-i3168844590.html,305.000 ₫,,
VIÊN UỐNG CHO BÀ BẦU PROMAMA DIAMOND,https://www.lazada.vn/products/pdp-i2729208562.html,185.000 ₫,,
Saramonic Blink900 B1/B2TG Micro Cài Áo Không Dây 2.4GHZ 656FT 6H Cho On Line Class Vlog Phát Trực Tiếp YouTube Cho Máy Ảnh DSLR Máy Quay Phim Điện Thoại Thông Minh Máy Tính Bảng In Họa Tiết Hổ,https://www.lazada.vn/products/pdp-i2130089181.html,5.200.000 ₫,,
Viên uống canxi cho bà bầu Calcium Nano AquaminF Diamond hộp 30 viên - Nutri Pharma,https://www.lazada.vn/products/pdp-i2661960448.html,175.000 ₫,,
Logitech K380 Bluetooth Wireless Keyboard Mỏng Thiết Kế Thời Trang Cho Nữ Công Sở Màn Hình Ipad Mỏng Mềm Màn Hình Máy Tính Bảng,https://www.lazada.vn/products/pdp-i3233615431.html,2.030.000 ₫,,
VIÊN SỦI MULTIVITAMIN OVERATE PLUS HỘP 1 TUBE 20 VIÊN,https://www.lazada.vn/products/pdp-i2408468316.html,85.000 ₫,,
"Live External Sound Card, Bluetooth 5.0 Voice Changer, 16 Types of Sound Effects, 6 Modes Mixer for Phones, PC, Tablets",https://www.lazada.vn/products/pdp-i3219790021.html,568.000 ₫,5.0,
"Điện Thoại Vietell A900 4G, Máy Cho Người Già, Loa To Pin Dùng 15 Ngày Sóng Khỏe, Đèn Pin Siêu Sáng, BH 12 Tháng",https://www.lazada.vn/products/pdp-i2790183479.html,497.000 ₫,5.0,49 Đã bán
"Điện thoại REALME 10 5G 2sim ram 8G/256G, Cấu hình Cao Chiến mọi Game mượt, Chụp ảnh đẹp.",https://www.lazada.vn/products/pdp-i3180818071.html,298.000 ₫,5.0,32 Đã bán
Tripod hỗ trợ livestream chụp ảnh quay phim Cho Tablet 7-12inch Stand By Me Xoay 360 độ - thiết kế chắc chắn tặng kèm bao đựng,https://www.lazada.vn/products/pdp-i2211884946.html,594.134 ₫,,
"Bảng LCD, máy tính bảng cho bé học vẽ (8 inch)",https://www.lazada.vn/products/pdp-i160022086.html,438.549 ₫,,
NFYKY AC1200 Thẻ mạng không dây WiFi 5 Băng tần kép Bộ điều hợp WiFi PCIE Bộ thu phát WiFi Ăng-ten Bộ chuyển đổi Wifi USB dành cho máy tính/điện thoại/máy tính bảng,https://www.lazada.vn/products/pdp-i3149145124.html,153.000 ₫,5.0,35 Đã bán
Điện thoại mát điện thoại di động tản nhiệt 7 lưỡi cho máy tính bảng,https://www.lazada.vn/products/pdp-i3138457076.html,247.652 ₫,,
MMFCJZ AC1200 Thẻ mạng không dây WiFi 5 Băng tần kép Bộ điều hợp WiFi PCIE Bộ thu phát WiFi 2.4G/5GHz Bộ chuyển đổi Wifi USB dành cho máy tính/điện thoại/máy tính bảng,https://www.lazada.vn/products/pdp-i3149239369.html,174.000 ₫,5.0,72 Đã bán
Viên Sủi Vitamin Mivolis các loại tăng cường đề kháng - lọ 20 viên - Hàng nội địa Đức,https://www.lazada.vn/products/pdp-i2133292619.html,48.000 ₫,5.0,124 Đã bán
Viên Uống Canxi Bầu Úc Ostelin Calcium & Vitamin D3 130 Viên - ⭐️T-N Pharmacy,https://www.lazada.vn/products/pdp-i2274257686.html,350.000 ₫,,
"Viên uống tăng cân Kian Pee Wan ( Kiện Tỳ ăn ngủ ngon ) xuất xứ Malaysia giúp ăn ngon miệng, ngủ ngon - Mã số 1062 - 3",https://www.lazada.vn/products/pdp-i3163958945.html,130.000 ₫,,
Viên uống Vitamin C Blackmores Bio C 500mg 120 viên,https://www.lazada.vn/products/pdp-i1504870135.html,445.000 ₫,,
Viên uống bổ sung vitamin D Swisse Ultiboost Vitamin D 400 Capsules ☀️,https://www.lazada.vn/products/pdp-i2059404886.html,695.000 ₫,,
Viên uống bổ mắt Wagner Bilberry Lutein,https://www.lazada.vn/products/pdp-i2274216542.html,568.000 ₫,,
"Hộp uống 60 ngày viên vitamin C hữu cơ kết hợp kẽm, lợi khuẩn, vtm B2, B6 hãng Asahi Nhật Bản",https://www.lazada.vn/products/pdp-i2247696871.html,250.000 ₫,,
"Live External Sound Card, Bluetooth 5.0 Voice Changer, 16 Types of Sound Effects, 6 Modes Mixer for Phones, PC, Tablets",https://www.lazada.vn/products/pdp-i3229307140.html,568.000 ₫,5.0,
"(100 viên) Vitamin tổng hợp Multivitamin - Bổ sung vitamin, tăng cường sức đề kháng và miễn dịch",https://www.lazada.vn/products/pdp-i3091466532.html,19.000 ₫,5.0,11 Đã bán
Saramonic xmic Z4 USB Micro ngưng tụ cardioid Micro phòng thu cho chơi game ghi âm trực tuyến podcasting PC Máy tính bảng Android máy tính Youtube tiktok,https://www.lazada.vn/products/pdp-i2453366450.html,3.525.000 ₫,,
2 Hộp Magnesi B6 Đại Uy (Hộp 100 viên) - Bổ sung Magiê và Vitamin B6 cho cơ thể,https://www.lazada.vn/products/pdp-i1701629591.html,35.000 ₫,5.0,156 Đã bán
"Saramonic blinkme U2 2.4G không dây kép Lavalier microphone8gb được xây dựng trong lưu trữ cho Iphone/điện thoại Android/iPad/máy tính xách tay, ve Áo Clip-On Ghi Âm mic cho iPhone iPad Android Máy Ảnh Phỏng Vấn Video Podcast Vlog Livestream Với Màn Hình",https://www.lazada.vn/products/pdp-i2815784048.html,5.875.000 ₫,,
[okoogee]M1 Mini Sound Effects Machine Voice Changer Device Audio Card Sound Changer for Live Streaming Online Chatting Singing for Smartphone Tablet PC,https://www.lazada.vn/products/pdp-i2412769182.html,439.000 ₫,,
"Live External Sound Card, Bluetooth 5.0 Voice Changer, 16 Types of Sound Effects, 6 Modes Mixer for Phones, PC, Tablets",https://www.lazada.vn/products/pdp-i3221286112.html,546.000 ₫,5.0,
Saramonic xmic Z3 USB Micro ngưng tụ cardioid Micro phòng thu cho chơi game ghi âm trực tuyến podcasting PC Máy tính bảng Android máy tính Youtube tiktok,https://www.lazada.vn/products/pdp-i2476078234.html,3.525.000 ₫,,
Radiator RGB Semiconductor Cooler for Tablet Smart Temperature Control with Digital Display Adjust Power Temp Control,https://www.lazada.vn/products/pdp-i3228800051.html,532.000 ₫,,
Centrum Vitamin tổng hợp cho phụ nữ 120 / 200 máy tính bảng,https://www.lazada.vn/products/pdp-i2408031915.html,703.000 ₫,5.0,
Điện thoại Sharp Aquos R2 màn 6 inch 120Hz - Snap 845 ram 4G 64G,https://www.lazada.vn/products/pdp-i986992754.html,1.528.000 ₫,4.0,134 Đã bán
E-WOITD Hai trong một đa chức năng máy tính xách tay máy tính bảng làm mát quạt đứng máy tính để bàn gấp có thể điều chỉnh chiều cao đứng thích hợp cho iPad,https://www.lazada.vn/products/pdp-i3200732341.html,173.885 ₫,,
"Máy tính bảng HUAWEI Matepad Pro 12.2"" 2025 | Màn Hình Tandem OLED PaperMatte | Ứng Dụng GoPaint Với Bộ Cọ Vẽ Chuyên Nghiệp | Bàn Phím Trượt HUAWEI Glide",https://www.lazada.vn/products/pdp-i3159273406.html,22.990.000 ₫,,"8 Đã bán
Hồ Chí Minh"
"BOYA Hệ Thống Micro Không Dây BY-M1LV 2.4GHz 1 Bộ Phát & 1 Bộ Thu Tương Thích Với iPhone, Điện Thoại Thông Minh Android Type-C Và Máy Tính Bảng (Dải Âm Thanh 328 'Ft) Để Phát Trực Tuyến Vlog YouTube",https://www.lazada.vn/products/pdp-i1812838770.html,1.321.140 ₫,5.0,
Thẻ không dây Mini 2.4G/5GHz Card mạng PCB băng tần kép chuyển các tập tin 300Mbps Máy tính để bàn tất cả trong một,https://www.lazada.vn/products/pdp-i3072900038.html,90.000 ₫,,
"Saramonic Blink900 B2 Hệ Thống Micro Không Dây Kênh Đôi 2.4GHz Giám Sát Thời Gian Thực Cho Máy Ảnh DSLR, Máy Quay Phim, iPhone, Điện Thoại Thông Minh Android Và Máy Tính Bảng Để Phỏng Vấn Vlog YouTube TikTok",https://www.lazada.vn/products/pdp-i1690667017.html,7.050.000 ₫,5.0,7 Đã bán
Saramonic xmic Z5 Máy tính để bàn USB Micro ngưng tụ cardioid Micro phòng thu cho chơi game ghi âm trực tuyến podcasting PC Máy tính bảng Android máy tính Youtube tiktok,https://www.lazada.vn/products/pdp-i2452609504.html,4.700.000 ₫,,
Eyoyo Eyoyo-1900 không dây máy quét mã vạch 1D 2.4G tay cầm xách tay CCD Reader cho POS iPAd iOS Android Máy tính bảng hoặc máy tính PC,https://www.lazada.vn/products/pdp-i3075892292.html,990.000 ₫,,
"Sound card thu âm Focusrite Scarlett 2i2 (Gen3) - Soundcard cao cấp hỗ trợ livestream, thu âm chuyên nghiệp dành cho phòng thu bảo hành 12 tháng - MTMax",https://www.lazada.vn/products/pdp-i1800888004.html,4.125.000 ₫,,
"[Chính Hãng] Soundcard Arturia MiniFuse 2 - Sound Card Mini Fuse Bộ Thu Âm, Livestream USB Audio Interface",https://www.lazada.vn/products/pdp-i2778075639.html,4.099.000 ₫,,
"Online Mall - Kinh chống tia bức xạ, chống cận cho bé từ màn hình, tablet, smarphone",https://www.lazada.vn/products/pdp-i1839076017.html,119.452 ₫,,
SUNSHINEQ Băng tần kép Bộ chuyển đổi USB WiFi 2.4G/5Ghz 2 Thiết kế ăng-ten Thẻ mạng không dây Cắm và Chạy Người nhận Thiết bị WiFi 1300Mbps Dành cho máy tính/PC/máy tính bảng,https://www.lazada.vn/products/pdp-i3229913821.html,189.000 ₫,,
KUOTING | Bể Cá Mini Phòng Khách Sinh Thái với Hệ Thống Lọc và Cung Cấp Oxy Tích Hợp,https://www.lazada.vn/products/pdp-i3219696665.html,625.000 ₫,4.0,6 Đã bán
Bộ thu phát âm thanh bluetooth 5.0 cắm trực tiếp khuếch đại âm nhạc chất lượng cao cho amply nghe nhạc bluetooth Mixer,https://www.lazada.vn/products/pdp-i3152497935.html,104.000 ₫,5.0,216 Đã bán
Viên Sủi Xtra Man Tăng Cường Sinh Lý Nam Giới 1 HỘP 20 VIÊN-giảm yếu sinh lý xuất tinh sớm AZDOCTOR,https://www.lazada.vn/products/pdp-i2352217939.html,120.000 ₫,5.0,19 Đã bán
Saramonic BlinkMe U2 Micrô không dây Mic thông minh có màn hình cảm ứng Giao diện Lightning Type-C được chứng nhận MFi Micrô cài áo chuyên nghiệp để ghi âm Vlog Phát trực tuyến iPhone Máy tính bảng Android Máy tính xách tay YouTube TikTok,https://www.lazada.vn/products/pdp-i2790040446.html,6.500.000 ₫,,
"[Chính hãng] Viên uống bổ sung vitamin C Blackmores BioC 1000mg tăng cường sức đề kháng, sáng da 31 viên - DH Shop",https://www.lazada.vn/products/pdp-i2305627529.html,270.000 ₫,,
Kirkland chữ ký Vitamin C 500mg 500 máy tính bảng,https://www.lazada.vn/products/pdp-i3190413366.html,1.919.000 ₫,,
Viên uống ngừa Thai tháng 1 viên vỉ 5 viên an toàn hiệu quả,https://www.lazada.vn/products/pdp-i2842164081.html,68.000 ₫,4.0,363 Đã bán
"Foldable Laptop Stand with Cooling Fan, Cooler Pad for Tablet - Enhanced Cooling Support and Portable Design",https://www.lazada.vn/products/pdp-i3227963469.html,426.000 ₫,,
"[Hàng Úc] Viên uống bổ sung Vitamin E 1000IU Blackmores giúp dẹp da, đẹp tóc 30 viên - DH Shop",https://www.lazada.vn/products/pdp-i2305698539.html,243.000 ₫,5.0,
Bộ Mở Rộng Cổng Mạng 11-trong-1 cho Laptop/iPad Pro,https://www.lazada.vn/products/pdp-i3234467606.html,906.000 ₫,,
Máy tính bảng cho máy tính xách tay Bộ chuyển đổi cổng type‑c Cổng kết nối Gigabit Ethernet tốc độ cao,https://www.lazada.vn/products/pdp-i3052367578.html,166.000 ₫,,
Logitech K580 Wireless Bluetooth Keyboard Mute Office Business Tablet Computer Keyboard Non-Mechanical Keyboard K580 Model,https://www.lazada.vn/products/pdp-i3233718279.html,1.597.000 ₫,,
"Live External Sound Card, Bluetooth 5.0 Voice Changer, 16 Types of Sound Effects, 6 Modes Mixer for Phones, PC, Tablets",https://www.lazada.vn/products/pdp-i3225129059.html,583.202 ₫,5.0,
Zin C Roxtech Nâu - Rostex - Vinaphar - Vitamin Thanh Lọc,https://www.lazada.vn/products/pdp-i3110951055.html,50.880 ₫,5.0,40 Đã bán
"Viên Sủi Energy Alpha+ Hương Vị Nước Tăng Lực Giúp Cơ Thể Tỉnh Táo, Giảm Mệt Mỏi, Tăng Cường Sức Khoẻ",https://www.lazada.vn/products/pdp-i2824847345.html,18.500 ₫,4.0,170 Đã bán
Khuôn Máy Tính 2U Chống Bụi Tiêu Chuẩn PC 330MM MATX Bảng Điều Khiển Máy Chủ Máy Chủ Tường Lửa ROS Khuôn Máy Tính Mới,https://www.lazada.vn/products/pdp-i2529029168.html,1.176.000 ₫,5.0,159 Đã bán
Viên Uống Blackmores Sugar Balance 90Tablets,https://www.lazada.vn/products/pdp-i2854227519.html,530.000 ₫,,
Combo 2 Hộp Hepe Roxtech - Rostex - Hải Dương - Vitamin Thanh Lọc - Vitamin - Vitamin,https://www.lazada.vn/products/pdp-i3146310087.html,188.680 ₫,,
"Viên uống Vitamin Tổng Hợp One A Day Cho Phụ Nữ Dưới 50 Tuổi Của Mỹ Hộp 300 Viên OTEL STARX, OOD-VV50-300 Tăng Đề Kháng, Khỏe, Da, Tóc Và Móng, Cung Cấp Năng Lượng, Chuẩn Auth.",https://www.lazada.vn/products/pdp-i2905251100.html,730.000 ₫,,
Oril bluetooth không dây cảm ứng ma thuật 2 cho cuốn Sách Pro Air laptop mini máy tính bảng Máy Tính Ipad chơi game ergonomico Chuột,https://www.lazada.vn/products/pdp-i3231994153.html,1.085.000 ₫,,
"(Hàng chuẩn Úc)- Healthy Care vitamin E [Úc] - hộp 200 viên 500IU- viên uống đẹp da, hỗ trợ sức khỏe tim mạch",https://www.lazada.vn/products/pdp-i1462051597.html,465.000 ₫,,
【E-WOITD】 Phổ Tablet chủ Máy tính để bàn gấp đơn giản dễ dàng để thực hiện điện thoại di động cố định máy tính bảng đứng cho iPad Samsung Xiaomi đứng,https://www.lazada.vn/products/pdp-i3167937464.html,22.679 ₫,,
DANYCASE Bàn phím iPad Samsung Xiaomi Android Windows máy tính bảng không dây có thể sạc lại Bàn phím tương thích Bluetooth,https://www.lazada.vn/products/pdp-i2572215536.html,97.920 ₫,4.0,94 Đã bán
Solakaka chuột không dây không ồn ào nhấp chuột 2.4GHz Bluetooth có thể sạc chuột 4200DPI 7 im lặng nút chuột quang cho máy tính bảng/máy tính xách tay/Máy tính để bàn (SM66),https://www.lazada.vn/products/pdp-i2497316059.html,139.000 ₫,4.0,106 Đã bán
【E-WOITD】 Dễ thương 2D Mèo điện thoại chống bụi cap phí cổng cắm cho iPhone loại C bụi bảo vệ Stopper accessorie,https://www.lazada.vn/products/pdp-i3133096061.html,7.513 ₫,4.0,
Saramonic Micro Cài Áo Không Dây Hai Kênh Nâng Cấp Blink500 ProX B1/B2 2.4GHz Kèm Hộp Sạc Màn Hình OLED Cho Máy Quay Video DSLR Máy Tính Bảng Android iPhone Máy Tính Bảng Ghi Âm Facebook YouTube Podcast Phỏng Vấn Vlog,https://www.lazada.vn/products/pdp-i2054768028.html,4.230.000 ₫,5.0,
"Bộ máy tính để bàn đồng bộ Dell optiplex 390 ( Core i7 / 4G / 500G ) Dell 21.5 Full HD - Wide - Led , Tặng Bà",https://www.lazada.vn/products/pdp-i1991783785.html,4.890.000 ₫,5.0,
VITAMIN B1 APCO CHAI 100 VIÊN,https://www.lazada.vn/products/pdp-i2169193894.html,32.000 ₫,4.0,148 Đã bán
[Trả góp 0%]Card âm thanh PreSonus AudioBox iTwo USB 2.0 & iPad/ 24-bit 96 kHz/MIDI I/O,https://www.lazada.vn/products/pdp-i136152595.html,4.090.000 ₫,5.0,
Combo 3 Hộp Calcium Nano Xanh Dương Vỉ 30 Viên - Rostex - Vinaphar - Vitamin Thanh Lọc,https://www.lazada.vn/products/pdp-i3145092729.html,124.020 ₫,,
"Vitamin bà bầu Femibion 1, từ tuần 1 – 12 thai kỳ, hộp 4 tuần",https://www.lazada.vn/products/pdp-i2698669044.html,550.000 ₫,,
"Viên Uống Bổ Sung Vitamin C Blackmores Bio C 1000mg Tăng Cường Sức Đề Kháng, Sáng Da 31 Viên Của Úc",https://www.lazada.vn/products/pdp-i2278568614.html,330.000 ₫,,
Không dây im lặng máy tính có thể sạc lại chuột bluetooth Slim Ergonomic PC ma thuật M cho cuốn sách Microsoft iPad,https://www.lazada.vn/products/pdp-i3231814525.html,987.000 ₫,,
WALRAM WiFi6E AX1800 PCI Express Mạng Không Dây Có Bluetooth 5.3 Ba Băng Tần 2.4G/5.8GHz Cho Máy Tính Để Bàn,https://www.lazada.vn/products/pdp-i3118368701.html,253.500 ₫,5.0,85 Đã bán
"1 TUÝP C SỦI 4G 20 VIÊN ĐỦ VỊ : CAM , CHANH TƯƠI , CHANH LEO , ACTISO, TĂNG LỰC, DÂU , DỨA , BÙ NƯỚC ĐIỆN GIẢI.",https://www.lazada.vn/products/pdp-i2932911541.html,19.000 ₫,5.0,185 Đã bán
phụ tùng lọc cho các loại đầu lớn đầu nhỏ (100 cái),https://www.lazada.vn/products/pdp-i3165311549.html,70.000 ₫,4.0,15 Đã bán
"Canxi bầu - canxi tảo đỏ không nóng, không táo - Taobido Cal",https://www.lazada.vn/products/pdp-i2339372649.html,199.000 ₫,,
Combo 2 Hộp Vitamin C 500 Vỉ - Bảo Nguyên - Takarai - Vitamin Thanh Lọc,https://www.lazada.vn/products/pdp-i3143571306.html,103.880 ₫,,
VIÊN ĂN NGỦ NGON Happy Health,https://www.lazada.vn/products/pdp-i1852297124.html,179.000 ₫,,
(AN PHƯỚC PHARMA)Viên Tảo Lợi Sữa Mekolactagil 10 viên,https://www.lazada.vn/products/pdp-i1680136808.html,20.000 ₫,5.0,60 Đã bán
"Viên uống tăng cân Kian Pee Wan ( Kiện Tỳ ăn ngủ ngon ) xuất xứ Malaysia giúp ăn ngon miệng, ngủ ngon - Mã số 1062 - 1",https://www.lazada.vn/products/pdp-i3163971649.html,130.000 ₫,,
Combo 2 Tuýp Viên sủi bổ sung Vitamin C - Thực phẩm bảo vệ sức khỏe Kudos Vitamin C 1000mg hương chanh (20 viên/ tuýp),https://www.lazada.vn/products/pdp-i2553989960.html,362.000 ₫,,
"Viên uống Lipid Cleanz IMC hỗ trợ giảm cholesterol trong máu, giảm nguy cơ xơ vữa động mạch (H/30v) (HỘP)",https://www.lazada.vn/products/pdp-i2755697317.html,190.000 ₫,,
"Điện Thoại Thông Minh 6S 32GB Quốc Tế Lắp SIM nghe gọi ,chơi game",https://www.lazada.vn/products/pdp-i3199144703.html,1.000.000 ₫,,
"Live External Sound Card, Bluetooth 5.0 Voice Changer, 16 Types of Sound Effects, 6 Modes Mixer for Phones, PC, Tablets",https://www.lazada.vn/products/pdp-i3230205118.html,568.000 ₫,5.0,
USB C Hub Loại C Để 1 USB 3.0 Và 2 USB 2.0 Cổng Cho Máy Tính Xách Tay Điện thoại để bàn sạc máy tính bảng Và truyền dữ liệu,https://www.lazada.vn/products/pdp-i3228679315.html,60.000 ₫,3.0,
"Viên sủi Vitamin Upvita-C hỗ trợ tăng cường sức khỏe, nâng cao sức đề kháng (Tuýp 10 viên)",https://www.lazada.vn/products/pdp-i2738621467.html,50.000 ₫,,
Kebidumei 2 trong 1 USB wifi Bộ chuyển đổi Bluetooth 900Mbps 2.4G/5GHz băng tần kép Wi-Fi 5 Dongle tốc độ cao Máy thu các mạng không dây máy tính xách tay,https://www.lazada.vn/products/pdp-i3087277032.html,89.922 ₫,5.0,14 Đã bán
Bộ định tuyến không dây Bộ định tuyến wifi di động giao diện USB đa năng 4G LTE nhẹ cho máy tính bảng,https://www.lazada.vn/products/pdp-i3190632549.html,223.000 ₫,,
"Apple Smart Keyboard Folio cho iPad Pro 11 inch MXNK2 (dùng cho iPad Pro thế hệ thứ 1,2,3,4)",https://www.lazada.vn/products/pdp-i2828279256.html,3.990.000 ₫,1.2,"8 Đã bán
Hồ Chí Minh"
"Giấc ngủ vàng HD dưỡng tâm an thần, tạo giấc ngủ sâu và giấc ngủ tự nhiên, tăng cường hoạt huyết dưỡng não 30viên",https://www.lazada.vn/products/pdp-i2319706551.html,75.000 ₫,5.0,26 Đã bán
Samsung E1200Y,https://www.lazada.vn/products/pdp-i2604466767.html,200.000 ₫,5.0,
[Mã ELMS8 giảm 6% đơn 300K] Bộ máy tính để bàn đồng bộ Dell optiplex 390 ( Core i5 / 4G / SSD 120G ) Dell 19 Wide - Led,https://www.lazada.vn/products/pdp-i1991730605.html,6.912.000 ₫,,
"BOYA Micrô Cài Áo Không Dây BY-XM6 S1 S2 2.4GhzTương Thích Với USB C Giao Diện Lightning Điện Thoại Thông Minh DSLR iPhone iPad Máy Tính Xách Tay Android Máy Tính Xách Tay Máy Tính Bảng DSLR Máy Quay Phim Máy Ghi Âm Để Phát Trực Tiếp, YouTube, Tiktok, Vlo",https://www.lazada.vn/products/pdp-i1590536077.html,3.055.000 ₫,5.0,6 Đã bán
Swisse Women Ultivite Multivitamin - 30 viên Vitamin tổng hợp Swisse,https://www.lazada.vn/products/pdp-i1484824430.html,295.000 ₫,,
[Tốt hơn 3C] Bộ định tuyến băng tần kép 5g Bộ định tuyến Bộ 3 băng tần USB 3.0 Bộ điều hợp Wi-Fi thực tế 1800Mbps Card mạng Wifi khóa Bộ thu sóng Wi-Fi cho máy tính xách tay Windows,https://www.lazada.vn/products/pdp-i3002386576.html,109.800 ₫,4.0,6 Đã bán
Combo 2 Tuýp Viên sủi bổ sung Vitamin C - Thực phẩm bảo vệ sức khỏe Kudos Vitamin C 1000mg hương chanh (20 viên/ tuýp),https://www.lazada.vn/products/pdp-i2554092030.html,362.000 ₫,,
Card mạng PCIe Card Wi-Fi băng tần kép pci‑e không dây cho máy tính bảng để máy tính Notebook cho máy tính,https://www.lazada.vn/products/pdp-i3061723790.html,49.000 ₫,,
Viên uống Vitamin C Blackmores Bio C 1000mg - hộp 62 viên,https://www.lazada.vn/products/pdp-i1465503455.html,365.000 ₫,5.0,
Bổ mắt blackmores Macu Vision - hộp 125 viên Úc,https://www.lazada.vn/products/pdp-i1487211240.html,545.000 ₫,,
Viên chống nắng FINE JAPAN,https://www.lazada.vn/products/pdp-i3174659299.html,370.000 ₫,,
bổ mắt Puritan's Pride Lutigold Lutein 6mg 100 viên Mỹ,https://www.lazada.vn/products/pdp-i1510780541.html,420.000 ₫,,
Bộ chuyển đổi mạng không dây Bộ chuyển đổi USB không dây 4 điểm truy cập ăng ten chia sẻ tốc độ cao 1200Mbps để máy tính bảng,https://www.lazada.vn/products/pdp-i3040461716.html,261.553 ₫,,
"Date 09.2026. VIÊN UỐNG BỔ SUNG SẮT CHO PHỤ NỮ VÀ BÀ BẦU BLACKMORES WOMENS PREMIUM IRON , 30 VIÊN.",https://www.lazada.vn/products/pdp-i3129951070.html,225.000 ₫,,
PHỔI VITATREE ÚC 60 VIÊN - LUNG DETOX VITATREE,https://www.lazada.vn/products/pdp-i1843080438.html,495.000 ₫,,
Combo 2 Hộp Lutein New - Rostex - Hải Dương - Vitamin Thanh Lọc,https://www.lazada.vn/products/pdp-i3154612016.html,156.880 ₫,,
Vitamin C Wagner Chewable 500 Viên,https://www.lazada.vn/products/pdp-i1650685179.html,672.000 ₫,,
Combo 2 Hộp Calcium Nano Xanh Dương Vỉ 30 Viên - Rostex - Vinaphar - Vitamin Thanh Lọc,https://www.lazada.vn/products/pdp-i3145124128.html,82.680 ₫,,
Viên Bổ Mắt Ocuvite Lutein 60 Viên (date 08/2025),https://www.lazada.vn/products/pdp-i2612825010.html,295.000 ₫,,
Bổ Mắt One-A-Day Bilberry 12000mg Thompson - 60 viên,https://www.lazada.vn/products/pdp-i1609471035.html,845.000 ₫,,
Intel Core I3 6100 7100 I5 6500 7500 I7 7700 LGA1151 CPU Tương Thích Với H311 Bảng Điều Khiển Chủ Máy Tính Để Bàn Mới,https://www.lazada.vn/products/pdp-i2391080425.html,360.000 ₫,,"444 Đã bán
Hong Kong"
Các mạng không dây thẻ không dây NGFF M.2 băng tần kép cho máy tính,https://www.lazada.vn/products/pdp-i3061408013.html,61.000 ₫,,
Tản nhiệt PCI baffle khe cắm PCI bụi 5pcs PC trường hợp PCI baffle khe khung kim loại GPU Vent bìa cho trường hợp máy tính chống bụi gỉ bằng chứng tản nhiệt tấm cho luồng không khí tốt hơn Top,https://www.lazada.vn/products/pdp-i3222930230.html,56.000 ₫,,
FunFrenzy Kim loại 360 ° xoay điện thoại di động Tablet chủ chống trượt có thể gập lại điều chỉnh di động lười biếng Máy tính để bàn sống điện thoại di động đứng núi,https://www.lazada.vn/products/pdp-i2749111039.html,19.206 ₫,4.0,169 Đã bán
Máy Tính Bảng Điện Dung Auwah X5R 16V 0201 Chip 0.1uF 0.22 0.47uF 100nF 220 470nF 104K Điện Tử Phần Cứng,https://www.lazada.vn/products/pdp-i3140880917.html,20.000 ₫,,"44 Đã bán
China"
Điện thoại Người già MXMID G516/G518 sóng 4G được yêu thích,https://www.lazada.vn/products/pdp-i2788931255.html,399.000 ₫,,
Acer chuột có dây 3200DPI Chuột chơi game nhẹ màu RGB ánh sáng công thái học im lặng nhấp chuột cho máy tính xách tay máy tính bảng Máy tính để bàn,https://www.lazada.vn/products/pdp-i2839323828.html,92.051 ₫,5.0,43 Đã bán
"Máy xay sinh tố đa năng, máy xay sinh tố cầm tay mini dung tích 300ml, công suất 40w, có 6 lưỡi dao bằng thép không rỉ, giá rẻ hơn máy xay, máy xay sinh tố công nghiệp",https://www.lazada.vn/products/pdp-i2014496187.html,130.000 ₫,5.0,
Củ Sạc Nhanh 120W Cáp sạc 4 đầu. Cáp Sạc 4 trong 1 Sạc Nhanh Cho iPhone Xiaomi Huawei Samsung Ipad Realme Oppd Oneplus Máy Tính Bảng,https://www.lazada.vn/products/pdp-i3190926515.html,55.000 ₫,5.0,47 Đã bán
Set 6/9/10 Dụng Cụ Lấy Ráy Tai Đa Năng Tiện Dụng,https://www.lazada.vn/products/pdp-i3015293126.html,13.900 ₫,4.0,553 Đã bán
5 CÁI TỤ QUẠT 2UF/400v,https://www.lazada.vn/products/pdp-i2115360292.html,22.475 ₫,4.0,
Touchpad Bluetooth Keyboard with Mouse for PC Tablet Gaming Wireless Keyboard,https://www.lazada.vn/products/pdp-i3229998305.html,356.000 ₫,,
Samsung Màn hình Màn hình LCD máy tính Anmite 24 inch 75Hz PC IPS FHD Desktop Gaming Screen Tablet Tương thích HDMI/DP/1920 * 1080 -Bảo hành một năm,https://www.lazada.vn/products/pdp-i3234513401.html,5.129.000 ₫,,
Centrum | Viên Vitamin cho Phụ Nữ 200 Viên,https://www.lazada.vn/products/pdp-i3176192830.html,946.000 ₫,,"151 Đã bán
China"
"Ajazz-Chuột game không có ren, MP 139pro, 4K, 4000Hz, 26000 DPA, paw3395 dành cho máy tính xách tay, máy tính bảng, PC, quang học",https://www.lazada.vn/products/pdp-i2934138297.html,999.999 ₫,,
Viên uống ngừa thai tháng 1 v an toàn hiệu quả hộp 5 viên,https://www.lazada.vn/products/pdp-i3007894326.html,68.000 ₫,5.0,33 Đã bán
Combo 3 Hộp Vitamin C 500 Vỉ - Bảo Nguyên - Takarai - Vitamin Thanh Lọc,https://www.lazada.vn/products/pdp-i3143559474.html,155.820 ₫,,
Bổ Mắt Wagner Bilberry & Lutein Eye Health (120 viên),https://www.lazada.vn/products/pdp-i1809502488.html,562.000 ₫,,
Bổ mắt Macu Vision blackmores 125 viên,https://www.lazada.vn/products/pdp-i1034784584.html,498.000 ₫,,
"Arginin tỏi đen Diệp hạ châu 850 gold mát gan, lợi mật, giải độc gan, tăng cường chức năng gan viên",https://www.lazada.vn/products/pdp-i2335573026.html,85.000 ₫,,
"VIÊN UỐNG GIẢM ĐAU LƯNG DƯỚI, MỎI MẮT ALINAMIN EX PLUS ALPHA NHẬT BẢN (LỌ 280 VIÊN) - SẢN PHẨM CHẤT LƯỢNG HÀNG ĐẦU, TUYỆT HẢO ĐƯỢC SĂN ĐÓN TRÊN THỊ TRƯỜNG HIỆN NAY",https://www.lazada.vn/products/pdp-i2489640296.html,1.449.900 ₫,,
Bổ mắt Blackmores Macu Vision - hộp 150 viên,https://www.lazada.vn/products/pdp-i1487239165.html,745.000 ₫,,
Viên Sủi Multi-Vitamin Effer-Vescent Tablets Haas Hương Cam 20 Viên,https://www.lazada.vn/products/pdp-i1236100761.html,45.000 ₫,4.0,92 Đã bán
TPBSSK Viên Uống Orihiro Bổ Sung Sắt Và Acid Folic Dạng Túi 120 Viên - ORIHIRO NHẬT BẢN CHÍNH HÃNG,https://www.lazada.vn/products/pdp-i369210231.html,150.000 ₫,5.0,650 Đã bán
VIÊN UỐNG BỔ MẮT BLACKMORES MACU VISION CỦA ÚC,https://www.lazada.vn/products/pdp-i1898855632.html,349.900 ₫,,
"Sắt Viên Bầu Savit-Bloot Giúp Bổ Sung Sắt Hữu Cơ và Acid Folic, Giảm tình trạng hoa mắt do thiếu máu thiếu chất sắt",https://www.lazada.vn/products/pdp-i2612905330.html,120.000 ₫,,
GIÁ ĐỠ TẢN NHIỆT RAIN DESIGN (USA) MSTAND TABLET,https://www.lazada.vn/products/pdp-i2611226161.html,980.000 ₫,,
Combo 3 Hộp Hepe Roxtech - Rostex - Hải Dương - Vitamin Thanh Lọc - Vitamin - Vitamin,https://www.lazada.vn/products/pdp-i3146302308.html,283.020 ₫,,
BẢNG VẼ ĐIỆN TỬ HIỆU ONE BY WACOM SMALL CTL-472/K0-CX,https://www.lazada.vn/products/pdp-i783690843.html,989.000 ₫,5.0,352 Đã bán
"Bộ phát wifi Router wifi zte zxhn e1600,wifi 6,có mesh,ac1800 wifi dual band 2 băng tần,4 râu,cực mạnh và ổn định,đã qua sử dụng",https://www.lazada.vn/products/pdp-i2322116815.html,250.000 ₫,5.0,41 Đã bán
[Vitaminbea blackmores bio c 1000mg 150 viên,https://www.lazada.vn/products/pdp-i2426919391.html,585.000 ₫,,
"BOYA BY-BMM400 Loa Micro Hội Nghị Đa Hướng Để Bàn Với Đầu Nối USB Type-C TRRS 3.5Mm, Dành Cho IOS iPhone Android Điện Thoại Thông Minh Tablet PC Máy Tính Xách Tay Ghi Âm Mic Video Cuộc Gọi Hội Nghị Skype",https://www.lazada.vn/products/pdp-i1329971802.html,2.326.500 ₫,5.0,
Viên uống bổ sung sắt và acid folic -Powvita / Nhập khẩu từ my Mỹ Truecare pharmar,https://www.lazada.vn/products/pdp-i3083137431.html,600.000 ₫,,
Viên uống Vitamin TP Thái Lan Tăng Cân Hiệu Quả 100 Viên,https://www.lazada.vn/products/pdp-i2189451278.html,165.000 ₫,5.0,129 Đã bán
SOLOMONWF Băng tần kép Bộ chuyển đổi USB WiFi 2.4G/5Ghz 2 Thiết kế ăng-ten Thiết bị WiFi 1300Mbps Kết nối ổn định Mạnh mẽ Thẻ mạng không dây Dành cho máy tính/PC/máy tính bảng,https://www.lazada.vn/products/pdp-i3230328995.html,188.000 ₫,,
[Nhập khẩu chính ngạch] Viên uống bổ sung Vitamin C Blackmores Bio C 1000mg 31 viên.,https://www.lazada.vn/products/pdp-i3149671977.html,415.000 ₫,,
Zeallion Nhôm Điện Thoại Di Động Kim Loại Tablet Chủ Cho Iphone Samsung Huawei Vivo Oppo Xiaomi Bàn Đứng Chủ Hỗ Trợ Phổ Máy Tính Để Bàn Điều Chỉnh Giữ,https://www.lazada.vn/products/pdp-i409780771.html,95.077 ₫,4.0,565 Đã bán
Quạt tản nhiệt điện thoại sò lạnh từ tính Memo CX15 Pro AI RGB Gaming thế hệ mới đóng băng bề mặt,https://www.lazada.vn/products/pdp-i3140841179.html,229.000 ₫,5.0,118 Đã bán
ĐIỀU KHIỂN TV SONY TX300P - DÙNG THAY THẾ TẤT CẢ ĐIỀU KHIỂN SONY- BẢO HÀNH 2 THÁNG,https://www.lazada.vn/products/pdp-i2287045135.html,33.000 ₫,5.0,697 Đã bán
Tăng vòng 1 Sane Nang nở ngực tăng size vòng 1 hiệu quả nâng ngực săn chắc ngực chống chảy xệ cam kết hiệu quả cao,https://www.lazada.vn/products/pdp-i2609524130.html,155.000 ₫,4.0,840 Đã bán
Android TV Box Hỗ Trợ Kiểm Soát Giọng Nói 8G+128GB 8K Việt Wifi 5G Bluetooth Băng Tần Kép Tivi Box 100 Kênh Miễn Phí,https://www.lazada.vn/products/pdp-i2583292479.html,469.000 ₫,4.0,309 Đã bán
"Phích cắm chuyển đổi, đầu sạc nhanh cho sạc máy tính tablet táo/laptop táo-chân củ sạc tablet táo chân tròn chân dẹt sạc",https://www.lazada.vn/products/pdp-i3197834243.html,22.000 ₫,,
Miếng Lau Giảm Mụn Stridex Toner Pad BHA Tẩy Tế Bào Cho Da Nhạy Cảm BHA 0.5% - 1% - 2% (hộp 55 miếng),https://www.lazada.vn/products/pdp-i3193250134.html,110.700 ₫,0.5,
Chuột Không Dây Bluetooth Im Lặng 3 Chế Độ cho Máy Tính xách Tay và Máy Tính Bảng,https://www.lazada.vn/products/pdp-i3205248758.html,257.000 ₫,4.0,
Điện thoại Xiaomi Black Shark Helo màn AMOLED 6 inch - Snaρdragon 845 ram 8G 128G,https://www.lazada.vn/products/pdp-i2539891940.html,1.998.000 ₫,4.0,39 Đã bán
"Bộ máy tính để bàn đồng bộ Dell optiplex 390 ( Core i5 / 8G / 500G ) , Màn hình Dell 21.5 Full HD - Wide - Led , Tặng Bà",https://www.lazada.vn/products/pdp-i1991888374.html,4.760.000 ₫,,
YUANZ WiFi 5 Thẻ mạng không dây Băng tần kép AC1200 Bộ chuyển đổi Wifi USB Bền bỉ Đang xoay Bộ điều hợp WiFi PCIE dành cho máy tính/điện thoại/máy tính bảng,https://www.lazada.vn/products/pdp-i3149049680.html,218.000 ₫,5.0,17 Đã bán
Viên Bổ Sung Magiê Giúp Thư Giãn Cơ 180 Viên,https://www.lazada.vn/products/pdp-i3217948603.html,2.351.000 ₫,,
VIÊN UỐNG CÂN BẰNG ĐƯỜNG HUYẾT SUGAR BLANCE BLACKMORES ÚC ⭐️⭐️⭐️,https://www.lazada.vn/products/pdp-i2539862139.html,245.000 ₫,,
"Viên sủi Oredon Vitamin C1000 giúp bổ sung vitamin C, nâng cao sức đề kháng - 10 viên - YES Pharmacy",https://www.lazada.vn/products/pdp-i3169725583.html,48.000 ₫,,
"Ashata Tích hợp ăng ten M.2 với cổng ipex4 2 cái/bộ tự làm ipe gene4 tích hợp NGFF / M.2 Huawei/ăng ten wifi với cổng ipex4 cho máy tính mini, máy tính notebook, máy tính bảng tự làm",https://www.lazada.vn/products/pdp-i3206838739.html,296.800 ₫,,
"Giá đỡ Laptop, Ipad, Macbook, Kệ đỡ Máy tính Điện thoại Nhựa ABS Cao cấp Hỗ trợ Tản nhiêt, Gấp gọn tiện lợi Tặng Túi",https://www.lazada.vn/products/pdp-i1865361510.html,79.000 ₫,4.0,14 Đã bán
"Viên Uống Vitamin Tổng Hợp Biotech USA One A Day Multivitamin, 100 Tablets Made in USA - GYMSTORE",https://www.lazada.vn/products/pdp-i3136986425.html,712.800 ₫,,
Viên uống Calcium Citrate Magnesium and Zinc 500v Mỹ Kirkland,https://www.lazada.vn/products/pdp-i1660139398.html,345.000 ₫,4.0,655 Đã bán
Vitamin c blackmores bio c 1000mg,https://www.lazada.vn/products/pdp-i2286579036.html,365.000 ₫,,
Bảng Điều Khiển Biến Tần LG Tủ Lạnh Bảng Mạch Chủ Máy Tính Nhiều Mẫu EBR778777-12-23-05-21-11-13--04-16 Phụ Kiện Điện Tử,https://www.lazada.vn/products/pdp-i3220309008.html,942.000 ₫,,
"Live External Sound Card, Bluetooth 5.0 Voice Changer, 16 Types of Sound Effects, 6 Modes Mixer for Phones, PC, Tablets",https://www.lazada.vn/products/pdp-i3232077289.html,568.000 ₫,5.0,
"Viên Uống Canxi Anvicalci Tảo Biển Đỏ Nano, Vitamin D3,K2, Phát Triển Chiều Cao, Ngừa Loãng Xương",https://www.lazada.vn/products/pdp-i3123517289.html,195.000 ₫,,
VIÊN SỦI GIẢM CÂN BALPORO BBAE HÀN QUỐC,https://www.lazada.vn/products/pdp-i1900660701.html,299.900 ₫,,
Hỗ trợ đường tiết niệu - Thompson’s One-A-Day Ultra Cranberry 60000,https://www.lazada.vn/products/pdp-i2128477597.html,625.000 ₫,,
Khuôn Máy Tính Công Nghiệp 1U 400 Sâu ATX Bảng Mạch Bằng Nhôm Khe Treo 19 Inch Máy Chủ Khuếch Đại Bằng Thép Hợp Kim,https://www.lazada.vn/products/pdp-i3139499383.html,1.540.000 ₫,,
"VIÊN UỐNG GIÚP TỈNH TÁO TẬP TRUNG TINH THẦN HIỆU QUẢ OSTROVIT CAFFEINE 200MG 110 VIÊN - SẢN PHẨM RẤT CHẤT LƯỢNG, SHOP CHỌN LỌC KĨ TRƯỚC KHI ĐẾN TAY KHÁCH HÀNG, HÀNG CHUẨN ĐẢM BẢO ĐƯỢC ƯA CHUỘNG TRÊN THỊ TRƯỜNG",https://www.lazada.vn/products/pdp-i1896882767.html,489.900 ₫,,
Bull | Đế Sạc Bàn Đa Năng Sạc Nhanh 67W,https://www.lazada.vn/products/pdp-i3193431498.html,615.000 ₫,4.0,15 Đã bán
[47] Quạt Phản Lực TF64 Chính Hãng Booster Dùng Trong Du Lịch - Sấy Khô - Dọn Nhà - Thổi Lửa - Rửa Xe (Mã TF64),https://www.lazada.vn/products/pdp-i3208832754.html,1.700.000 ₫,,
Xier | Đèn Chiếu Laser Công Suất Cao với Ánh Sáng Hồng Ngoại Tia Xanh cho Quan Sát Sao và Giải Trí Cho Mèo,https://www.lazada.vn/products/pdp-i3206205582.html,222.000 ₫,4.0,
Hot Sale PlayfulPlace Phổ Tablet chủ cho giường với 70cm nhựa 360 ° xoay giường Tablet núi đứng cho 4 11 inch Điện thoại Pad,https://www.lazada.vn/products/pdp-i3036442536.html,42.202 ₫,5.0,10 Đã bán
HD không dây Bộ chuyển đổi màn hình Màn hình Wifi Cast Mirroring Media Streaming Máy thu phát hiệu Dongle cho điện thoại/PC/Tablet,https://www.lazada.vn/products/pdp-i3124677810.html,165.840 ₫,,
Hot Phone Cooler Tablet Cooling Pad TVVT1009 Back Clip Magnetic Semiconductor Cooling Fan Temperature Control Water Cooling,https://www.lazada.vn/products/pdp-i3029188433.html,596.399 ₫,,
Bắc Kinh tongrentang đa chiều Taurine máy tính bảng hợp chất vitamin B máy tính bảng,https://www.lazada.vn/products/pdp-i2740087263.html,464.646 ₫,5.0,
Nam Kinh Tongrentang Iốt Potash Tablets Iốt Potash Tablets Chống hạt nhân Bổ sung kali Bổ sung kali iodide Tablets Sản phẩm sức khỏe Flagship Store Chính hãng,https://www.lazada.vn/products/pdp-i2798432226.html,151.617 ₫,,
"MACTREM iPhone iPad Tripod Stand, 67"" Phone Tripod for iPhone iPad Tablet Camera with 2 in1 Holder Remote Carry Bag, Aluminum Extendable iPhone Stand for Video Recording/Selfies/Live Stream/Vlogging",https://www.lazada.vn/products/pdp-i3191485019.html,682.265 ₫,,
Quạt tản nhiệt ipad máy tính bảng sò lạnh TH06 Pro kiểm soát nhiệt độ thông minh AI công suất 24W,https://www.lazada.vn/products/pdp-i3099304484.html,399.000 ₫,5.0,
Radiator RGB Semiconductor Cooler for Tablet Smart Temperature Control with Digital Display Adjust Power Temp Control,https://www.lazada.vn/products/pdp-i3218491254.html,543.694 ₫,,
BOYA Hệ Thống Micro Không Dây Siêu Nhỏ Gọn BY-XM6 K1/K2 2.4GHz Micro Cài Ve Áo Không Dây Chuyên Nghiệp Có Màn Hình OLED Và Hộp Sạc Cho Vlog Video Phỏng Vấn YouTube Facebook Máy Ảnh DSLR Trực Tiếp iPhone iPad Điện Thoại Thông Minh Android Máy Tính Bảng,https://www.lazada.vn/products/pdp-i1939111820.html,3.525.000 ₫,5.0,10 Đã bán
Vitamin C máy tính bảng người lớn trẻ em Vitamin C nhai máy tính bảng người lớn trẻ em Vitamin C máy tính bảng VC,https://www.lazada.vn/products/pdp-i3204847908.html,112.884 ₫,,
"Viên sủi vitamin C KUDOS VITAMIN C 1000 mg giúp tăng đề kháng, sáng da, hương Chanh (20 viên/ Tuýp)",https://www.lazada.vn/products/pdp-i2387569809.html,195.000 ₫,,
Đa chức năng selfie Stick kẹp đế cho điện thoại thông minh máy tính bảng điều chỉnh chiều dài 360 độ đầu xoay xách tay,https://www.lazada.vn/products/pdp-i3218443895.html,141.230 ₫,,
"Foldable Laptop Stand with Cooling Fan, Cooler Pad for Tablet - Enhanced Cooling Support and Portable Design",https://www.lazada.vn/products/pdp-i2937834077.html,334.500 ₫,,
"Live External Sound Card, Bluetooth 5.0 Voice Changer, 16 Types of Sound Effects, 6 Modes Mixer for Phones, PC, Tablets",https://www.lazada.vn/products/pdp-i3211076428.html,568.000 ₫,5.0,
Inverter Hòa Lưới Có Lưu Trữ 1 Pha Solis 6kW Model S6-EH1P6K-L-PRO,https://www.lazada.vn/products/pdp-i2737693936.html,22.330.000 ₫,,
AR kính chuyển đổi điện để sạc và cung cấp xreal AR kính với điện thoại và máy tính bảng,https://www.lazada.vn/products/pdp-i3180298860.html,336.000 ₫,,
Renhe Vitamin C Niacinamide Viên nhai VB phức tạp vitamin VC nam giới và phụ nữ không làm trắng pills仁和维生素c 烟胺片 c100mg 苹果味道 0.6g * 60 片,https://www.lazada.vn/products/pdp-i2633923612.html,164.145 ₫,,
[COD]WEKOME Intelligence AI Temperature Control Ice Cooling Pad for Mobile Phones and Tablets with Marquee Display,https://www.lazada.vn/products/pdp-i3125073758.html,406.015 ₫,,
2 cái Giá đỡ laptop xoay lật cầm tay giá đỡ làm mát vô hình chiều cao có thể điều chỉnh giá đỡ máy tính bảng kim loại,https://www.lazada.vn/products/pdp-i3193460733.html,86.000 ₫,,
ZZZaw C1 tất cả nhôm Matx/Itx Trường Hợp Máy Tính Hỗ Trợ Bộ Nguồn máy tính ATX 240 làm mát bằng nước Mini Trò Chơi Máy Tính Để Bàn Chassis Nâng Cấp Phiên Bản,https://www.lazada.vn/products/pdp-i2524537171.html,1.992.040 ₫,,
"7ryms iray DW20 Pro Hệ thống micro dây chuyền không dây, 2.4G dual-channel nhỏ gọn ve áo Microphone với màn hình LCD sạc trường hợp, cho máy ảnh iPhone DSLR điện thoại thông minh máy tính bảng vlog phỏng vấn",https://www.lazada.vn/products/pdp-i2382731190.html,3.277.500 ₫,,
"Bộ chuyển đổi USB WiFi, USB WIFI5 1300Mbps WiFi Dongle Bộ điều hợp mạng không dây USB 3.0 băng tần kép 5G/2.4G cho máy tính để bàn, máy tính xách tay, Ăng-ten kép 5dBi, hỗ trợ Windows 11/10 /8.1/8/7, Mac OS 10.9-10.15",https://www.lazada.vn/products/pdp-i2496918804.html,163.000 ₫,5.0,
"Kính Cường Lực Cho Huawei MatePad Pro 10.8 / MatePad 10.4 11 Mate Pad T8 8.0 \ ""T10 T10S 10.1 Miếng Bảo Vệ Màn Hình Máy Tính Bảng",https://www.lazada.vn/products/pdp-i1419671087.html,61.545 ₫,5.0,25 Đã bán
X42 Tablet Radiator Tablet Cooler Semiconductor Magnetic Radiator Tablet Radiator RGB Colorful Lighting 10cm Magnetic Semiconductor Cooler Cooling Fan for Tablet,https://www.lazada.vn/products/pdp-i3203607929.html,486.694 ₫,,
Thực phẩm bảo vệ sức khỏe VitaHealth Advanced Eyecare (30 viên),https://www.lazada.vn/products/pdp-i1923588563.html,474.000 ₫,,
Bàn Phím Bluetooth Không Dây Rii I4 Mini Universal TV Projection Tablet Computer Bàn Phím Cảm Ứng Đa Năng Cho Điện Thoại Di Động,https://www.lazada.vn/products/pdp-i3147445450.html,704.000 ₫,,"6 Đã bán
China"
ĐẾ TẢN NHIỆT RAIN DESIGN (USA) MSTAND TABLET PLUS SPACE GRAY – RD-10055,https://www.lazada.vn/products/pdp-i1820970021.html,1.290.000 ₫,,
Có thể gập lại phổ Tablet chủ cho chủ máy tính bảng núi 180 độ bàn có thể điều chỉnh hỗ trợ giá đỡ điện thoại linh hoạt,https://www.lazada.vn/products/pdp-i3201052343.html,39.478 ₫,,
[TUÝT 20 VIÊN] Viên Sủi Plusssz Max Multivitamin – Vitamin Tổng Hợp – Cam Không Đường,https://www.lazada.vn/products/pdp-i2555362912.html,50.310 ₫,5.0,37 Đã bán
[TCGVUd]X42 Tablet Radiator Tablet Cooler RGB Colorful Lighting 10cm Magnetic Semiconductor Cooler Cooling Fan for Tablet,https://www.lazada.vn/products/pdp-i3216660416.html,533.694 ₫,,
điện thoại nikoa chính hãng full 2 sim 2 sóng,https://www.lazada.vn/products/pdp-i3141204023.html,155.000 ₫,,
"Sâm Kỳ Vương , Bổ thận, tráng dương, tăng cường sinh lực phái mạnh. (Có che tên), 1 hộp 4 viên",https://www.lazada.vn/products/pdp-i2500162751.html,190.000 ₫,4.0,57 Đã bán
Quạt Tản Nhiệt Máy Tính Arctic P9 Max/PWM PST 9cm4 Chân Kiểm Soát Nhiệt Độ Máy Tính Tản Nhiệt Máy Tính Bằng Sợi Thủy Tinh Công Suất Cao,https://www.lazada.vn/products/pdp-i3173925621.html,223.000 ₫,,"54 Đã bán
China"
"Viên Uống Vitamin Tổng Hợp Biotech USA One A Day Multivitamin, 100 Tablets Made in USA - GYMSTORE",https://www.lazada.vn/products/pdp-i3137043077.html,720.000 ₫,,
"Combo 2 hộp Viên uống tăng cường sinh lý nam Bổ Thận Nam bổ thận tráng dương, mạnh gân cốt - Hộp 30 viên thành phần thảo dược",https://www.lazada.vn/products/pdp-i1143628587.html,198.000 ₫,5.0,24 Đã bán
"[MỚI] Bộ phát Wifi Tốc Độ Cao AC1200Mbps Băng Tần Kép Imou HR12F 4 Ăng Ten ,Chính Hãng",https://www.lazada.vn/products/pdp-i2659802787.html,190.000 ₫,,
Máy đọc sách Boox Go 10.3 Chính hãng,https://www.lazada.vn/products/pdp-i2985675196.html,10.990.000 ₫,,
[Hàng mới về] Máy tính bảng Redmi Pad | MediaTek Helio G99 | Pin 8000 mAh Sạc nhanh 18W | Màn hình LCD 90Hz,https://www.lazada.vn/products/pdp-i2264749949.html,5.590.000 ₫,,
Centrum | Viên Vitamin Đa Chức Năng cho Phụ Nữ 100 Viên,https://www.lazada.vn/products/pdp-i3182563460.html,560.000 ₫,4.0,156 Đã bán
MÁY ĐỌC SÁCH BOOX LEAF 3 (BOOX PAGE) (TẶNG KÈM ỐP TRONG NẾU KHÔNG CHỌN COVER) LIKE NEW,https://www.lazada.vn/products/pdp-i3200879239.html,2.950.000 ₫,,
Cáp Đồng Bộ DEITY C23 Bằng Đồng Nguyên Chất Cho Máy Tính Bảng Sony FX3 FX30 Cáp Đồng Bộ Đồng Hồ Thời Gian Phụ Kiện Gia Dụng Điện Tử,https://www.lazada.vn/products/pdp-i3005771420.html,6.973.000 ₫,5.0,253 Đã bán
Vitamin Tổng Hợp Multivitamin Nature’s Way Vitamin Tổng Hợp Và Tảo Biển 200 Viên,https://www.lazada.vn/products/pdp-i1467731731.html,278.000 ₫,,
"Vitamin Tổng Hợp Mivolis A Z Depot Cho Người Dưới 50 Tuổi, 100 Viên",https://www.lazada.vn/products/pdp-i2801514567.html,205.000 ₫,,
Viên uống bổ mắt LUTEIN DEFENCE BLACKMORE 60 VIÊN - giảm thiểu nhức mỏi mắt - cải thiện độ cận mắt - bảo vệ mắt,https://www.lazada.vn/products/pdp-i2285090818.html,388.000 ₫,,
Vitamin C Đại Uy 1000 viên Bổ sung Vitamin C tăng sức đề kháng,https://www.lazada.vn/products/pdp-i1981560911.html,43.000 ₫,4.0,29 Đã bán
DOORSYUR Bộ thu WiFi Bộ điều hợp mạng Wifi AX900 Thẻ mạng Thiết bị thu phát WLAN Chơi và chơi Bluetooth 5.3 Bộ thu WiFi Dành cho Laptop/Điện thoại thông minh/Máy tính bảng,https://www.lazada.vn/products/pdp-i3229902434.html,137.000 ₫,,
FASHIONXU Bàn phím máy tính xách tay tiếng Anh Deutsch Bố cục bảng chữ cái người Tây Ban Nha Thư Nga Hình dán bàn phím,https://www.lazada.vn/products/pdp-i3196730750.html,16.000 ₫,,
Bổ Mắt Blackmore Lutein Vision Advanced,https://www.lazada.vn/products/pdp-i2293373273.html,945.000 ₫,,
Viên uống Vitamin tổng hợp Tảo Biển Multivitamin Nature's way - 200v NTNA,https://www.lazada.vn/products/pdp-i2398526761.html,295.000 ₫,,
Vitamin C ngậm Kirkland 500mg Hàng Mỹ,https://www.lazada.vn/products/pdp-i1776777038.html,675.000 ₫,,
Combo 10 tuýp c sủi PLUSZS - BỔ SUNG VITAMIN C-TĂNG SỨC ĐỀ KHÁNG,https://www.lazada.vn/products/pdp-i483468579.html,131.370 ₫,4.0,807 Đã bán
"Viên Uống bổ mắt Blackmores Macu-Vision 125 viên, Úc",https://www.lazada.vn/products/pdp-i1034764708.html,495.000 ₫,,
[Nhập khẩu chính hãng] Viên Uống Bổ Sung Vitamin C Blackmores Bio C 1000mg Lọ 31 Viên,https://www.lazada.vn/products/pdp-i2631650156.html,209.999 ₫,5.0,
[Hàng Mỹ] Viên Uống Thực Phẩm Chức Năng Hỗ Trợ Xương Khớp Move Free Ultra (75 Viên),https://www.lazada.vn/products/pdp-i1953421192.html,780.000 ₫,5.0,6 Đã bán
"Đồ ăn kiêng Mivolis hỗ trợ người tiểu đường, thừa cân, không gây sâu răng, lọ 1200 viên",https://www.lazada.vn/products/pdp-i1521556782.html,100.000 ₫,,
TECHPULSED AC1200 Thẻ mạng không dây Băng tần kép WiFi 5 Bộ chuyển đổi Wifi USB Máy phát 2.4G/5GHz Bộ điều hợp WiFi PCIE dành cho máy tính/điện thoại/máy tính bảng,https://www.lazada.vn/products/pdp-i3228297146.html,150.133 ₫,,
Giá Đỡ Tản Nhiệt Điện Thoại Laptop Ipad Gấp Gọn Tiện Lợi Xoay 90 Độ Vật Liệu Cứng Cáp Chịu Lực 15kg Không Rung Lắc,https://www.lazada.vn/products/pdp-i3180194819.html,66.000 ₫,,
Vitamin C Bio C 1000mg backmores 180 viên,https://www.lazada.vn/products/pdp-i1075048350.html,399.000 ₫,,
Mẫu mới 07/2026 🌿 Viên uống hỗ trợ cân bằng đường huyết – Nature Made Daily Health Pack (60 gói),https://www.lazada.vn/products/pdp-i3150060908.html,699.000 ₫,,
Usb thu wifi 802 Có cần dài 5DP Tốc độ thu sóng cao ƞhất 1200mps cho máy tính bàn và laptop,https://www.lazada.vn/products/pdp-i2603454414.html,78.000 ₫,,
[Nhập khẩu] Viên uống bổ sung Vitamin C Blackmores Bio C 1000mg 31 viên.,https://www.lazada.vn/products/pdp-i1505077296.html,415.000 ₫,,
Viên uống bổ sung vitamin chống oxi hóa cho mắt Healthy Eyes 21st Century (60 viên) - iHerb Việt Nam,https://www.lazada.vn/products/pdp-i1495330767.html,329.000 ₫,5.0,13 Đã bán
"VIÊN UỐNG GIẢM CĂNG THẲNG, MỆT MỎI BLACKMORES EXECUTIVE B STRESS FORMULA 125 VIÊN",https://www.lazada.vn/products/pdp-i1896980272.html,510.000 ₫,,
Kebidumei USB Wifi Bộ chuyển đổi Bluetooth 900mbps băng tần kép 2.4GHz 5GHz Mini mạng không dây bên ngoài Receiver 2 trong 1 cho PC máy tính xách tay Máy tính để bàn,https://www.lazada.vn/products/pdp-i3096003694.html,102.748 ₫,,
"SoundCard X5 mới 2024: Hỗ trợ Auto-tune, Bluetooth, Pin sạc, Đèn LED và nhiều hiệu ứng âm thanh đa dạng Tương thích với nhiều thiết bị như smartphone, laptop, pc, máy tính bảng.",https://www.lazada.vn/products/pdp-i2197952336.html,715.000 ₫,,
Wireless Keyboard Rechargeable Touchpad Keyboard Bluetooth Keypads for Phone PC Tablet Gaming,https://www.lazada.vn/products/pdp-i3227525521.html,537.033 ₫,,
"LÓC QUẠT.B4,100%đồng",https://www.lazada.vn/products/pdp-i2114490036.html,74.617 ₫,4.0,
"Viên Uống Tăng Cường Sinh Lý Nam Giới Pilot 1H giúp bổ thận tráng dương ,tăng cường sinh lý nam,- khẳng định đẳng cấp phái mạnh hộp 30 viên - TH PHARMA",https://www.lazada.vn/products/pdp-i2391436829.html,119.000 ₫,4.0,226 Đã bán
sunsun | Bơm Nước Ngầm Mini Ít Ồn có Hút Đáy và Lọc,https://www.lazada.vn/products/pdp-i3194776841.html,582.000 ₫,4.0,
"Mô hình điện thoại, xác máy dùng cho trẻ đập phá",https://www.lazada.vn/products/pdp-i2177261159.html,100.000 ₫,3.0,45 Đã bán
Bachi Hồng Thái Lan - 40 Viên,https://www.lazada.vn/products/pdp-i2230638415.html,295.000 ₫,4.0,322 Đã bán
Transformers 35W PD Sạc Nhanh TF-K21 GaN USB A + Loại C 2 Cổng Có Thể Gập Lại Có Đèn LED Dành Cho Samsung Huawei Qualcomm,https://www.lazada.vn/products/pdp-i3027676947.html,153.600 ₫,5.0,883 Đã bán
Bộ Điều Khiển Bằng Thủy Tinh Toàn Bộ Máy Tính Để Bàn Mini ITX Sea View Room White 240 Water Cooling Computer Case Micro-ATX,https://www.lazada.vn/products/pdp-i3222137129.html,539.000 ₫,,
Centrum | Viên Vitamin Đa Năng Cho Nam 100 Viên,https://www.lazada.vn/products/pdp-i3182512660.html,658.000 ₫,5.0,160 Đã bán
Màn Hình Phát Sống 4K HD cho Điện Thoại và Máy Tính Bảng,https://www.lazada.vn/products/pdp-i3219741922.html,3.866.000 ₫,,
Viên uống ngừa Thai tháng 1 viên vỉ 5 viên an toàn hiệu quả,https://www.lazada.vn/products/pdp-i2842130384.html,69.000 ₫,4.0,87 Đã bán
Swisse Women's multivitamin 60 viên Vitamin tổng hợp cho nữ,https://www.lazada.vn/products/pdp-i1484769698.html,385.000 ₫,,
"Canxi Bestical X canxi sinh học dạng viên hỗ trợ tăng chiều cao cho trẻ em, bổ sung canxi cho mẹ bầu hộp 30 viên",https://www.lazada.vn/products/pdp-i3083148344.html,290.000 ₫,,
DIỆP LỤC SWISSE CHLOROPHYLL - hộp 200 VIÊN,https://www.lazada.vn/products/pdp-i1578152038.html,910.000 ₫,,
"Bull | Ổ cắm điện BULL sạc nhanh GaN 67W Type-C USB, Hộp sạc đa năng để bàn 30W 20W",https://www.lazada.vn/products/pdp-i3193554080.html,265.000 ₫,4.0,122 Đã bán
"COEP | Bàn Phím Bluetooth Không Dây Di Động cho Máy Tính Bảng, Điện Thoại Thông Minh và Máy Tính Xách Tay",https://www.lazada.vn/products/pdp-i3198500138.html,740.000 ₫,4.0,
ĐẾ TẢN NHIỆT RAIN DESIGN (USA) MSTAND TABLET PLUS (2 màu),https://www.lazada.vn/products/pdp-i832324946.html,1.080.000 ₫,,
Điện thoại để bàn giá đỡ máy tính bảng công nghệ tản nhiệt có thể gập lại thiết kế Đế tản nhiệt điều chỉnh cho công việc chơi game,https://www.lazada.vn/products/pdp-i3229085832.html,208.000 ₫,,
4G Bộ định tuyến Wi-Fi 8 thiết bị chia sẻ Bộ định tuyến LTE không dây 150Mbps cho máy tính bảng,https://www.lazada.vn/products/pdp-i3190725091.html,939.000 ₫,,
Usb Wifi TP-Link chuẩn AC600 Mbps 5Ghz thu sóng Wifi băng tần kép Gigabit Archer T2U Nano / T2U Plus dành cho máy tính bàn PC và Laptop,https://www.lazada.vn/products/pdp-i1310701313.html,360.000 ₫,,
Combo 5 Hộp Vitamin C 500 Vỉ - Bảo Nguyên - Takarai - Vitamin Thanh Lọc,https://www.lazada.vn/products/pdp-i3143581238.html,259.700 ₫,,
Smart Mouse Cầm Tay Waveform Máy Ngắt Mạch Số Mini Tablet Portable Thiết Bị Phát Tín Hiệu Đa Chức Năng 1671 Công Cụ Phần Cứng,https://www.lazada.vn/products/pdp-i3233833840.html,890.000 ₫,,
URBAN FLOZS WiFi 5 Thẻ mạng không dây Băng tần kép AC1200 Bộ điều hợp WiFi PCIE Máy phát Lái xe miễn phí Bộ chuyển đổi Wifi USB dành cho máy tính/điện thoại/máy tính bảng,https://www.lazada.vn/products/pdp-i3228004491.html,150.133 ₫,,
Blackmores Celery 3000mg - Viên uống cần tây Úc,https://www.lazada.vn/products/pdp-i2660905946.html,399.000 ₫,5.0,7 Đã bán
Laptop Cooling Pad with Fan Rotatable Adjustable Aluminum Alloy Bracket for All Tablets,https://www.lazada.vn/products/pdp-i3234815155.html,803.000 ₫,,
Pin máy tính bảng Microsoft Surface Pro 7+ Plus 1960 1961 G3HTA025H G3HTA073H G3HTA074H DYNH03 48.87Wh,https://www.lazada.vn/products/pdp-i2732768680.html,795.000 ₫,,
"[Có bill ] Elevit bầu Úc - Vitamin Tổng Hợp cho bà Bầu 100 viên giúp mẹ bầu khỏe, con khỏe",https://www.lazada.vn/products/pdp-i2660651176.html,1.300.000 ₫,5.0,369 Đã bán
"Viên Uống Euro Mamacare – Hỗ trợ sức khỏe phụ nữ chuẩn bị mang thai, mang thai & cho con bú(30 viên)",https://www.lazada.vn/products/pdp-i3146572424.html,280.000 ₫,,
"Viên Sủi Mivolis Calcium, 20 Viên",https://www.lazada.vn/products/pdp-i1876032993.html,90.000 ₫,,
6X Green Desktop Anti Static ESD 300X400mm Grounding Mat for Phone PC Tablet Repair,https://www.lazada.vn/products/pdp-i3234635105.html,782.000 ₫,,
6X Green Desktop Anti Static ESD 300X400mm Grounding Mat for Phone PC Tablet Repair,https://www.lazada.vn/products/pdp-i3234539728.html,782.000 ₫,,
"Thực Phẩm Bảo Vệ Sức Khỏe Mắt Sharp Vision Fine Japan - Bổ Sung Lutein Ester 40mg, Vitamin B1/B6/B12, Hộp 60 Viên",https://www.lazada.vn/products/pdp-i2654302643.html,3.800.000 ₫,5.0,10 Đã bán
RAM MÁY TÍNH BÀN. DDR4 PC 4G 8G /2400 MICRON/KINGSTON... Máy bộ Bảng Lớn. VI TÍNH QUỐC DUY,https://www.lazada.vn/products/pdp-i1660233668.html,353.000 ₫,,
Viên sáng mắt cho bé Vision Kids Blue Light hộp 90 viên - dùng được cho bé từ 3 tuổi,https://www.lazada.vn/products/pdp-i2799815126.html,409.000 ₫,,
[ ĐỦ BILL STORE + AIR] Viên uống Bổ Mắt Trunature Vision Complex Lutein & Zeaxanthin 140 viên của Mỹ _ lIVE TẠI MỸ,https://www.lazada.vn/products/pdp-i1945890830.html,699.000 ₫,5.0,13 Đã bán
KUOTING | Bể Cá Để Bàn Nhỏ với Hệ Thống Lọc và Cung Cấp Oxy Tích Hợp,https://www.lazada.vn/products/pdp-i3219739246.html,127.000 ₫,4.0,
Máy Tính Bảng Điện Dung X5R 220nF/0.22uF Chịu Áp Suất 6.3V 0201NT±10% Phụ Kiện Điện Tử Không Có Nguồn Lực,https://www.lazada.vn/products/pdp-i3139603003.html,44.000 ₫,,
[COMBO 2 TUÝP X 20 VIÊN] Viên sủi Plusssz Max vitamin C & Kẽm (vị Chanh),https://www.lazada.vn/products/pdp-i1523265967.html,96.824 ₫,4.0,122 Đã bán
"Set 30 Neritta, Helena trang trí bể thủy sinh, loại bỏ rêu hại, tảo nâu, ốc hại, giúp bể thủy sinh sạch đẹp",https://www.lazada.vn/products/pdp-i3223301072.html,25.000 ₫,5.0,13 Đã bán
ĐIỆN THOẠI NOKIA - N2730 ?& C2 -01 ( Chuyên dùng kích sim ),https://www.lazada.vn/products/pdp-i2074538949.html,135.000 ₫,4.0,35 Đã bán
"Cosy | Chuột có dây mini tự thu gọn loại C dành cho máy tính bảng Samsung Galaxy Tab S11, phụ kiện bàn phím/chuột máy tính",https://www.lazada.vn/products/pdp-i3226365072.html,267.750 ₫,,
Vitamin Tăng Cân TP Thái Lan ( Có check mã vạch sp chính hãng ),https://www.lazada.vn/products/pdp-i2468962427.html,198.414 ₫,5.0,927 Đã bán
Touchpad Bluetooth Keyboard with Mouse for PC Tablet Gaming Wireless Keyboard,https://www.lazada.vn/products/pdp-i3231281133.html,356.000 ₫,,
COEP | Bộ Bàn Phím và Chuột Bluetooth Không Dây cho Điện Thoại Thông Minh và Máy Tính Bảng,https://www.lazada.vn/products/pdp-i3198467824.html,352.000 ₫,,
WELL PARTY Băng tần kép Bộ chuyển đổi USB WiFi 2 Thiết kế ăng-ten 2.4G/5Ghz Thiết bị WiFi 1300Mbps Cắm và Chạy Mạnh mẽ Thẻ mạng không dây Dành cho máy tính/PC/máy tính bảng,https://www.lazada.vn/products/pdp-i3233252163.html,190.000 ₫,,
Viên sủi Vitamin C Swisse 1000mg Của Úc,https://www.lazada.vn/products/pdp-i1492137387.html,638.000 ₫,,
Bluetooth + 2.4G không dây sạc lại được 12 màu sắc RGB Chuột chơi game đèn LED Ergonomic M cho gamer máy tính máy tính máy tính xách tay iPad,https://www.lazada.vn/products/pdp-i3231660743.html,736.000 ₫,,
Logitech M350 Pele chuột không dây Multi-Dev Im Lặng Bấm 1000 Dpi Cho PC Ipad Điện Thoại Thông Minh,https://www.lazada.vn/products/pdp-i3232037042.html,691.000 ₫,,
Máy đọc sách Boox Tab Ultra C Pro chính hãng,https://www.lazada.vn/products/pdp-i2467360156.html,17.390.000 ₫,,
5000Mbps High Speed USB 3.0 TYPE-C to RJ45 Ethernet Adapter 5G Wired Network Card for Notebook Desktop Computer Tablet,https://www.lazada.vn/products/pdp-i3233733907.html,632.000 ₫,3.0,
Rechargeable Bluetooth Numeric Keyboard 28 Keys Wireless for Tablet PC Laptop Numpad Digital,https://www.lazada.vn/products/pdp-i3234625970.html,604.000 ₫,,
Bluetooth 28 Keys Wireless Numeric Keyboard for Tablet PC Laptop Rechargeable Numpad Digital Portable Keyboard,https://www.lazada.vn/products/pdp-i3233620714.html,604.000 ₫,,
Bluetooth Numeric Keyboard 28 Keys Wireless for Laptop for Tablet PC Rechargeable Numpad Digital Portable Keyboard,https://www.lazada.vn/products/pdp-i3233441894.html,604.000 ₫,,
2.4g Wireless Mouse Mouse Ergonomic Cute Cartoon Mini Mice Silent 3D USB Optical Mouse For Laptop Tablet PC Computer Office Home,https://www.lazada.vn/products/pdp-i3233522184.html,641.652 ₫,,
MIXER DIGITAL BEHRINGER X18 - ĐIỀU KHIỂN BẰNG MẤY TÍNH BẢNG -IPAD -ANDROI -ỨNG DỤNG CHO PHÒNG THU VÀ LIVE CHUYÊN NGHIỆP,https://www.lazada.vn/products/pdp-i2093424897.html,17.200.000 ₫,,
COEP | Bộ Bàn Phím và Chuột Bluetooth Không Dây cho Điện Thoại Thông Minh và Máy Tính Bảng,https://www.lazada.vn/products/pdp-i3198422152.html,353.000 ₫,,
ANLXOM AC1200 Thẻ mạng không dây Băng tần kép WiFi 5 Bộ điều hợp WiFi PCIE Bộ thu phát WiFi Đang xoay Bộ chuyển đổi Wifi USB dành cho máy tính/điện thoại/máy tính bảng,https://www.lazada.vn/products/pdp-i3171795267.html,185.000 ₫,5.0,
"Viên uống hỗ trợ làm sáng da, mờ nám, tăng cường sức đề kháng Vitamin C H&B Value 500mg",https://www.lazada.vn/products/pdp-i3014607732.html,139.000 ₫,,
X42 Semiconductor Magnetic Radiator RGB Colorful Lighting 10cm Magnetic Semiconductor Cooler Cooling Fan for Tablet,https://www.lazada.vn/products/pdp-i3234558469.html,533.000 ₫,,
Cooler Radiator RGB Semiconductor for Tablet Smart Temperature Control with Digital Display Adjust Power Temp Control,https://www.lazada.vn/products/pdp-i3234012084.html,532.000 ₫,,
Viên uống bổ mắt OTIV (30 Viên),https://www.lazada.vn/products/pdp-i2299755757.html,330.000 ₫,,
"Chuột không dây Bluetooth êm ái dành cho iPad MacBook Laptop Chuột không dây Bluetooth im lặng thích hợp cho iPad MacBook Laptop và máy tính bảng sử dụng văn phòng Model ABTM-05 Có vẻ như có một phần nội dung chưa được dịch ở đây, tôi sẽ sắp xếp và...",https://www.lazada.vn/products/pdp-i3235001757.html,595.000 ₫,,
Máy tinh bảng Fujitsu stylus R727. cpu i5 7300u.ram 4.ssd 128/256g.hinh thức 85%,https://www.lazada.vn/products/pdp-i3180826106.html,2.750.000 ₫,,
"Chuột Không Dây Silent Bluetooth, kết nối 2 thiết bị, điều chỉnh 3 mức DPI, tương thích nhiều thiết bị, sạc type-C tiện dụng",https://www.lazada.vn/products/pdp-i3205577620.html,111.000 ₫,4.0,12 Đã bán
DiagTool iBox iRepair BBox iPad23 Upgrade Small Board Purple Screen Interface Read Write without Disassembly DiagTool iBox,https://www.lazada.vn/products/pdp-i3168191288.html,219.000 ₫,,
"Cánh flycam, cánh quạt thay thế 5.8cm ( 1 bộ 8 cánh) flycam E88max , f198 ,sg108pro, E99max , H16 , LF632 LS-S1S..vv...",https://www.lazada.vn/products/pdp-i2724936238.html,38.000 ₫,4.0,211 Đã bán
Doomhot Bộ điều hợp Wi-Fi USB Bộ thu ngoài mạng không dây 1200mbps băng tần kép 2.4/5.8 GHz thẻ Wifi mạng không dây USB3.0 Bộ thu khóa điện tử Wifi Mini Bộ chuyển đổi mạng LAN 802 11ac với ăng ten xoay được cho máy tính xách tay Máy tính để bàn,https://www.lazada.vn/products/pdp-i2415801890.html,171.000 ₫,5.0,10 Đã bán
"Combo 3 hộp Viên uống tăng cường sinh lý nam Bổ Thận Nam bổ thận tráng dương, mạnh gân cốt - Hộp 30 viên thành phần thảo dược",https://www.lazada.vn/products/pdp-i1132558873.html,297.000 ₫,4.0,100 Đã bán
"Chân đế Dome chuyên dụng cho Camera xoay Wifi Ezviz, yoosee, super guard Imou, Kbone",https://www.lazada.vn/products/pdp-i2225482580.html,18.000 ₫,4.0,550 Đã bán
"Natrol, 5-htp, thời gian phát hành, sức mạnh tối đa, 200 mg, 30 viên",https://www.lazada.vn/products/pdp-i2862099233.html,829.000 ₫,,
"Saramonic blinkme B2 2.4G kép không dây Lavalier micrô cho iPhone/điện thoại Android/máy ảnh/máy tính xách tay, ve áo Clip-on ghi âm mic cho iPhone iPad Android máy ảnh phỏng vấn video podcast vlog livestream với màn hình cảm ứng 100m truyền",https://www.lazada.vn/products/pdp-i2250726341.html,6.500.000 ₫,1.0,
"Saramonic Micro Cài Ve Áo Không Dây Chuyên Nghiệp Blink Go Plug-Play Có Chức Năng Khử Tiếng Ồn Cho Điện Thoại Android iPhone iPad Máy Tính Bảng Quay Video, YouTube, TikTok, Phát Trực Tiếp Trên Facebook",https://www.lazada.vn/products/pdp-i1938808550.html,2.820.000 ₫,5.0,30 Đã bán
Giá Đỡ Máy Tính Bảng SmallRig Cho iPad 2930,https://www.lazada.vn/products/pdp-i1081154612.html,999.000 ₫,5.0,18 Đã bán
LAVERNAB WiFi 5 Thẻ mạng không dây AC1200 Băng tần kép Bộ chuyển đổi Wifi USB Máy phát Đang xoay Bộ điều hợp WiFi PCIE dành cho máy tính/điện thoại/máy tính bảng,https://www.lazada.vn/products/pdp-i3230049193.html,148.133 ₫,,
Viên Uống Vitamin C 1000mg Korea Eundan,https://www.lazada.vn/products/pdp-i3000677224.html,388.000 ₫,,
Boya boyamic mic-rô không dây Chuyên nghiệp Lavalier ve áo Microphone cho vlogging ghi âm trực tuyến máy ảnh Android iPhone iPad Youtube tiktok,https://www.lazada.vn/products/pdp-i2608936406.html,2.585.000 ₫,5.0,6 Đã bán
ĐẾ TẢN NHIỆT RAIN DESIGN (USA) PORTABLE & ADJUSTABLE cho IPAD tablet chính hãng,https://www.lazada.vn/products/pdp-i833406508.html,1.250.000 ₫,,
COEP | Bộ Bàn Phím và Chuột Bluetooth Không Dây cho Apple Android Huawei Xiaomi Máy Tính Bảng và Điện Thoại,https://www.lazada.vn/products/pdp-i3198418929.html,352.000 ₫,,
Viên uống bổ sung đa Vitamin hữu cơ Kirkland Signature Organic Multivitamin l,https://www.lazada.vn/products/pdp-i2998824531.html,720.000 ₫,,
2.4G USB Và Bluetooth 5.1 Im Lặng Có Thể Điều Chỉnh 2400Dpi Chế Độ chuột không dây Máy Tính Máy Tính Xách Tay Máy Tính Bảng Cho Ipad,https://www.lazada.vn/products/pdp-i3231948278.html,520.000 ₫,,
MIIQNUS AC1200 Thẻ mạng không dây WiFi 5 Băng tần kép Bộ chuyển đổi Wifi USB Bền bỉ Đang xoay Bộ điều hợp WiFi PCIE dành cho máy tính/điện thoại/máy tính bảng,https://www.lazada.vn/products/pdp-i3230824222.html,216.652 ₫,,
"(Giao hàng ngay) Bàn phím bluetooth không dây mini HP 10 inch / chuột không dây cho điện thoại di động và máy tính bảng, các màu có sẵn",https://www.lazada.vn/products/pdp-i1605059925.html,99.000 ₫,4.0,
"Máy xay sinh tố cầm tay mini đa năng,dung tích 400ml, Lưỡi dao bằng thép 4D ,sạc pin cổng usb tích điện dễ sử dụng",https://www.lazada.vn/products/pdp-i1918606847.html,85.000 ₫,3.0,
[HCM]USB THU SÓNG WIFI 802 CÓ AN TEN SHOPNICE1,https://www.lazada.vn/products/pdp-i1931359630.html,99.000 ₫,,
COEP | Bộ Bàn Phím và Chuột Bluetooth Không Dây cho Điện Thoại Thông Minh và Máy Tính Bảng,https://www.lazada.vn/products/pdp-i3198398912.html,353.000 ₫,,
Combo 5 Hộp Hepe Roxtech - Rostex - Hải Dương - Vitamin Thanh Lọc - Vitamin - Vitamin,https://www.lazada.vn/products/pdp-i3146286651.html,471.700 ₫,,
Bluetooth Ring Mouse 2.4G Wireless Ring Mouse and Scroll Wheel 2.4G+BT PPT E-Book Page Flipping for Tablet PC Phone,https://www.lazada.vn/products/pdp-i3234033024.html,618.000 ₫,,
[HCM][CHÍNH HÃNG] ECOCLEAN VIÊN UỐNG DETOX THANH LỌC GIẢI ĐỘC CƠ THỂ BỔ GAN THẬN TIÊU DIỆT KÝ SINH TRÙNG CHÍNH HÃNG HIỆU QUẢ,https://www.lazada.vn/products/pdp-i1190142858.html,495.600 ₫,4.0,42 Đã bán
USB 6 Channel 5.1 / 7.1 Surround External Sound Card PC Laptop Desktop Tablet Audio Optical Adapter Card,https://www.lazada.vn/products/pdp-i3234381555.html,376.000 ₫,,
Pico Laranja - Picopharm - Takarai - Vitamin Thanh Lọc,https://www.lazada.vn/products/pdp-i3114536857.html,20.140 ₫,,
MÁY ĐỌC SÁCH BOOX LEAF (BOOX LEAF 1) - LIKE NEW,https://www.lazada.vn/products/pdp-i3201309296.html,2.420.000 ₫,,
"Ultra-Slim Mini Touchpad Keyboard, Keyboard with Built-in Multi-Touch Trackpad for Smart TV HTPC PC Tablet Laptop",https://www.lazada.vn/products/pdp-i3234650103.html,356.000 ₫,,
Viên uống tăng chiều cao tảo Shinshin Kakumei Nhật Bản 300 viên cho trẻ từ 6-13 tuổi,https://www.lazada.vn/products/pdp-i2631750085.html,385.000 ₫,,
"Tấm Lót Chuột Bằng Nỉ Len Lớn, Chống Trượt, Bảo Vệ Bàn Làm Việc, Dùng Cho Nhà, Văn Phòng, Máy Tính, Laptop, Chơi Game, Phụ Kiện Bàn Phím",https://www.lazada.vn/products/pdp-i3226802448.html,51.800 ₫,,"8 Đã bán
China"
"Viên uống bổ mắt MacuVision Blackmores ÚC - SẢN PHẨM RẤT ĐƯỢC ƯA CHUỘNG TRÊN THỊ TRƯỜNG, CHẤT LƯỢNG TUYỆT HẢO, KHÁCH YÊU TRẢI NGHIỆM THỬ NHÉ, SẢN PHẨM TỐT, ĐẢM BẢO RẤT THÍCH Ạ",https://www.lazada.vn/products/pdp-i2420689989.html,549.900 ₫,,
DHC Vitamin nhóm B tổng hợp 60 Viên Bổ Sung Vitamin B cho cả Nam và Nữ,https://www.lazada.vn/products/pdp-i3161428392.html,221.000 ₫,4.0,489 Đã bán
Essager 1000 Mbps mạng Ethernet để Loại C Adapter Type-C 100 Mbps Adapter Tương thích với Windows MacOS máy tính máy tính bảng điện thoại thông minh,https://www.lazada.vn/products/pdp-i2700298064.html,193.622 ₫,4.0,80 Đã bán
Combo 2 chai Kim Tiền Thảo 120mg - Chai 100 viên Đại Uy,https://www.lazada.vn/products/pdp-i2319862550.html,38.532 ₫,4.0,213 Đã bán
1 Dụng Cụ Tiết Kiệm Ga bằng lò xo,https://www.lazada.vn/products/pdp-i1520190635.html,20.143 ₫,4.0,
"Giá treo tivi tường 60k/ khung, sd 21-55inch,đa năng.",https://www.lazada.vn/products/pdp-i2407603991.html,52.690 ₫,4.0,
Dây mạng CAT6 bấm sẵn 2 đầu 5m 10m 15m 20m 25m 30m 35m 40m 45m 50m - Dây cáp chính hãng,https://www.lazada.vn/products/pdp-i1989866031.html,90.000 ₫,4.0,
Quạt tản nhiệt máy tính bảng ipad công nghệ sò lạnh siêu tản cỡ lớn X80 - Tản nhiệt Samsung tab surface,https://www.lazada.vn/products/pdp-i2245920244.html,294.252 ₫,5.0,32 Đã bán
"[Chính Hãng] Một Viên ROCKET 1H SAO THÁI DƯƠNG - Bổ thận, tráng dương, kéo dài thời gian.",https://www.lazada.vn/products/pdp-i1391650816.html,60.000 ₫,4.0,98 Đã bán
"Viên sáng mắt học đường Vision Kids Blue Light -Bảo tồn thị lực,Cải thiện các triệu chứng nheo mắt,nháy mắt.hộp 60 viên",https://www.lazada.vn/products/pdp-i3130154534.html,268.150 ₫,,
GNC Men 'S Saw Palmetto Formula 120 Viên,https://www.lazada.vn/products/pdp-i2957773855.html,1.083.000 ₫,,
[HCM]BỘ LED TIVI SAMSUNG 40J5000 40J5200 40J5250 40M5000 HÀNG MỚI 100% BỘ 3 THANH MỖI THANH 8 BÓNG/ 3V. V5DN-395SMO-R2,https://www.lazada.vn/products/pdp-i1290048169.html,145.000 ₫,4.0,431 Đã bán
Bảng Chắn Viền Siêu Bạc 24GB D6 Sapphire RX 7900 XTX 94 Bảng Chắn Viền GPU Cho Máy Tính Xách Tay Và Máy Tính Để Bàn,https://www.lazada.vn/products/pdp-i3176664330.html,2.413.000 ₫,,"6 Đã bán
China"
Điều Hòa Máy Tính Mainboard Bảng ZGCE-75-2D GM459CZ002-B GM162CZ005-E Thích Hợp Cho ZhiGao PCB Bảng Mạch In Hoa Văn,https://www.lazada.vn/products/pdp-i2865977703.html,195.000 ₫,,"18 Đã bán
Hong Kong"
Phụ Kiện Máy Tính Không Dây Bluetooth WELAIDE M800 3200dpi 10m 12 Tháng Bảo Hành Cho Macbook Air Laptop pro Tablet,https://www.lazada.vn/products/pdp-i3139583358.html,399.000 ₫,,
Bàn Phím Bluetooth Gập Lại BOW Mini Pocket Keyboard Bàn Phím Di Động Thiết Bị Ngoại Vi Laptop Tablet Multimedia Keyboard,https://www.lazada.vn/products/pdp-i3139354780.html,1.175.000 ₫,,
Chuột không dây Bluetooth không gây tiếng ồn cho iPad MacBook Laptop Văn phòng Máy tính bảng Galaxy Tab ABTM-03,https://www.lazada.vn/products/pdp-i3235185547.html,595.000 ₫,,
"Chuột không dây Bluetooth ABTM-01 thiết kế êm ái, phù hợp với iPad, MacBook, máy tính xách tay, sử dụng văn phòng, máy tính bảng Galaxy Tab. Có vẻ như một số thông tin về các sản phẩm trong danh sách nhập liệu bị thiếu, bao gồm cả tên thương hiệu, ...",https://www.lazada.vn/products/pdp-i3235151554.html,595.000 ₫,,
Colorful GeForce GTX1050Ti Liquid Shark 4G Ví Dụ Về Thẻ Đồ Họa Tản Nhiệt Bằng Quạt Hoạt Động Êm Ái Cho Máy Tính Xách Tay Và Máy Tính Để Bàn,https://www.lazada.vn/products/pdp-i2524350711.html,122.000 ₫,4.0,193 Đã bán
Xier | Con Trỏ Laser Xanh Công Suất Cao Phạm Vi Xa,https://www.lazada.vn/products/pdp-i3206474551.html,181.000 ₫,4.0,
TPBSSK Viên Uống Vitamin C Orihiro 300 Viên/Lọ - ORIHIRO NHẬT BẢN CHÍNH HÃNG,https://www.lazada.vn/products/pdp-i364592495.html,210.000 ₫,5.0,435 Đã bán
Chuột Bluetooth Mỏng Tiếng Ảnh Dễ Thương Cho iPad MacBook Laptop Tablet Galaxy Tab BM-13,https://www.lazada.vn/products/pdp-i3235291382.html,539.000 ₫,,
Chuột Bluetooth Ít Tiếng Ồn Cho iPad MacBook Notebook Tablet Galaxy Tab Đẹp Dễ Thương ABM-03,https://www.lazada.vn/products/pdp-i3235141640.html,539.000 ₫,,
Chuột Bluetooth Không Âm ABM-01 Cho MacBook iPad Galaxy Tab Mẫu Đẹp Yêu Thích Cho Máy Tính Xách Tay,https://www.lazada.vn/products/pdp-i3235006926.html,539.000 ₫,,
"Vỏ Máy Tính Làm Mát Bằng Nước Mini HTPC Golden Field Dự Kiến sử Dụng Chất Liệu Thép N1, Vỏ Full Tower ATX Dành Cho Máy Tính Để Bàn",https://www.lazada.vn/products/pdp-i3221426121.html,1.419.000 ₫,,"30 Đã bán
China"
Viên bổ mắt Blackmores Lutein Defence 60 viên của Úc,https://www.lazada.vn/products/pdp-i1711443035.html,395.000 ₫,5.0,70 Đã bán
Viên bổ tổng hợp 18B - Nhân Sâm - Linh Chi ( hộp 100 viên),https://www.lazada.vn/products/pdp-i1850524178.html,95.000 ₫,5.0,15 Đã bán
[COMBO 3 TUÝP X 20 VIÊN] Vitamin Tổng Hợp Viên Sủi Plusssz Max Multivitamin Vị Cam Không Đường,https://www.lazada.vn/products/pdp-i1523295825.html,150.930 ₫,4.0,170 Đã bán
Case vỏ ốp tai nghe Airpods 1 2 3 4 Airpods Pro Airpod Pro 2 có khoá chống rơi 2 lớp cao cấp,https://www.lazada.vn/products/pdp-i3199963708.html,99.000 ₫,,
Thiết Bị Làm Mát CPU Bằng Đồng 6 Ống Máy Tính Để Bàn Intel AMD Universal I5 X79 Gió Làm Mát CPU 2011 Thích Hợp Cho Mọi Đối Tượng,https://www.lazada.vn/products/pdp-i2524401249.html,269.000 ₫,5.0,
Apple tìm Ví sạc không dây tương thích của tôi với thẻ theo dõi cho iPhone và iPad trong nhiều màu sắc,https://www.lazada.vn/products/pdp-i3235024833.html,412.700 ₫,,
"Now Foods, gấp đôi sức mạnh L-Lysine, 1,000 mg, 100 viên/250 viên",https://www.lazada.vn/products/pdp-i2866256258.html,1.070.000 ₫,,
LivingLuxe Kim loại 360 ° xoay điện thoại di động Tablet chủ chống trượt có thể gập lại điều chỉnh di động lười biếng Máy tính để bàn sống điện thoại di động đứng núi,https://www.lazada.vn/products/pdp-i3052303446.html,17.340 ₫,5.0,6 Đã bán
[SALE BRAND DAY - TỪ 20H 30.10] Củ sạc Samsung Charger 45W type C,https://www.lazada.vn/products/pdp-i3061330688.html,890.000 ₫,5.0,
Huiop RC đua FPV bay không người lái bay đua cửa 2pcs 500mm cho RC đua FPV tự do bay không người lái thực hành trò chơi cạnh tranh,https://www.lazada.vn/products/pdp-i3206644958.html,211.167 ₫,,
"(Giao hàng ngay) Bàn phím bluetooth không dây mini HP 10 inch / chuột không dây cho điện thoại di động và máy tính bảng, các màu có sẵn",https://www.lazada.vn/products/pdp-i1594428152.html,89.000 ₫,4.0,
"Bounty tự nhiên, Probiotic Acidophilus, 120 viên",https://www.lazada.vn/products/pdp-i2866177713.html,545.000 ₫,,
Bosto cơ sở mắt HD LED 3D Quạt trình chiếu mắt thường HD fan với LED với LED hạt người hâm mộ LED hạt từ xa huiop 3D Video fan với hạt từ xa và Fan 3D LED Video Fan kinh doanh cửa hàng thanh siuke wildwill,https://www.lazada.vn/products/pdp-i3032782098.html,824.461 ₫,,
Touchpad Bluetooth Keyboard with Mouse for PC Tablet Gaming Wireless Keyboard,https://www.lazada.vn/products/pdp-i3229273219.html,356.000 ₫,,
VIÊN UỐNG NGĂN NGỪA RỤNG TÓC BIOTIN DHC NHẬT BẢN,https://www.lazada.vn/products/pdp-i2278820807.html,124.000 ₫,5.0,202 Đã bán
Sanko Tablet bàn để gậy selfie clhcman3,https://www.lazada.vn/products/pdp-i3195111961.html,881.300 ₫,,
2023 Galaxy S23 Ultra Bán Hàng Lớn 7.5 Inch 12GB RAM + 512GB ROM ANDROID11.0 5800mAh Pin Wifi Bluetooth 5g Smartphone Để Học Trực Tuyến,https://www.lazada.vn/products/pdp-i2634729110.html,1.368.027 ₫,,
Logitech MX Phím Nâng Cao bàn phím được chiếu sáng Không Dây Cho Máy tính để bàn Điện Thoại Máy Tính Bảng,https://www.lazada.vn/products/pdp-i2328995661.html,3.528.750 ₫,,
"Eyoyo Máy Quét Mã Vạch Bluetooth Kẹp Sau 2D Hoạt Động Với Điện Thoại, Máy Đọc Mã Vạch Di Động Với Chức Năng Bluetooth Máy Quét Hình Ảnh QR 1D 2D PDF417 Quét Mã Ma Trận Dữ Liệu Maxicode Tương Thích Với Hệ Thống Android, IOS",https://www.lazada.vn/products/pdp-i1812623582.html,992.379 ₫,4.0,158 Đã bán
"Lồng avi chim cảnh kt: 600-1m-1,65m lưới innox 304",https://www.lazada.vn/products/pdp-i3226519681.html,2.500.000 ₫,,
Máy tính bảng Samsung Galaxy Tab S11 Ultra Sạc Bluetooth Chuột không dây Giảm tiếng ồn Chuột không dây cho máy tính,https://www.lazada.vn/products/pdp-i3226233564.html,426.000 ₫,,
"Viên Uống Bổ Mắt Blackmores Lutein Defence 60 Viên - Giảm Thiểu Nhức Mỏi Mắt, Cải Thiện Độ Cận Mắt, Bảo Vệ Mắt - SẢN PHẨM CHẤT LƯỢNG HÀNG ĐẦU, TUYỆT HẢO ĐƯỢC SĂN ĐÓN TRÊN THỊ TRƯỜNG HIỆN NAY",https://www.lazada.vn/products/pdp-i3080516344.html,679.900 ₫,,
COEP | Bộ Bàn Phím và Chuột Bluetooth Không Dây cho Điện Thoại Thông Minh và Máy Tính Bảng,https://www.lazada.vn/products/pdp-i3198438266.html,352.000 ₫,,
VIÊN UỐNG ĐẸP DA TÓC VÀ MÓNG NATURE'S BOUNTY HAIR SKIN & NAILS 250 VIÊN,https://www.lazada.vn/products/pdp-i1898915162.html,549.900 ₫,,
"Vitamin Tổng Hợp Tảo Biển [Úc] Nature’s Way Complete Daily Multivitamin - 200 Viên Tảo úc , tảo 200v",https://www.lazada.vn/products/pdp-i2397220144.html,319.000 ₫,,
DOORSYUR Băng tần kép Bộ chuyển đổi USB WiFi 2.4G/5Ghz 2 Thiết kế ăng-ten Thẻ mạng không dây Thiết bị mạng Mạnh mẽ Thiết bị WiFi 1300Mbps Dành cho máy tính/PC/máy tính bảng,https://www.lazada.vn/products/pdp-i3229912416.html,189.000 ₫,,
SADA Tenda U9 650mbps băng tần kép Bộ chuyển đổi USB wifi cho máy tính để bàn và máy tính xách tay,https://www.lazada.vn/products/pdp-i3164915502.html,341.000 ₫,,
"【Ready Stock】 Puluz Live Broadcasting Card âm thanh Bluetooth Karaoke Sing Sing Trình trộn âm thanh cho điện thoại di động / máy tính / máy tính xách tay / máy tính bảng, phiên bản tiếng Trung (màu đen) 100% genuine quality",https://www.lazada.vn/products/pdp-i2391060993.html,607.000 ₫,,
Bổ mắt thompsons Bilberry 12000mg 60 viên,https://www.lazada.vn/products/pdp-i1033524151.html,785.000 ₫,,
Viên uống bổ sung vitamin A - Thompson’s Vitamin A 10000iu,https://www.lazada.vn/products/pdp-i2128449129.html,675.000 ₫,,
Wagner Bilberry and Lutein 120 viên bổ mắt wagner,https://www.lazada.vn/products/pdp-i1809581294.html,568.000 ₫,,
Vitamin C Blackmores Bio C 1000mg 150 viên,https://www.lazada.vn/products/pdp-i529618419.html,568.000 ₫,,
"COEP | Bàn Phím Bluetooth Không Dây Di Động cho Máy Tính Bảng, Điện Thoại Thông Minh và Máy Tính Xách Tay",https://www.lazada.vn/products/pdp-i3205153561.html,740.000 ₫,,
Toocki Máy Bộ chuyển đổi Bluetooth USB Wifi tốc độ cao Bluetooth 5.4 900Mbps 2.4G/5GHz băng tần kép Wi-Fi 6 Dongle máy tính xách tay máy thu các mạng không dây tốc độ cao,https://www.lazada.vn/products/pdp-i3178074863.html,169.000 ₫,,
Bàn Phím Full Coverage A4 pro 1.2m 1.4m 1.6m 1.8m Bàn Phím Máy Tính Để Bàn Bằng Da PU Dày 3mm Bề Mặt Bằng Nhựa Chống Trượt,https://www.lazada.vn/products/pdp-i3224370084.html,1.281.000 ₫,,"348 Đã bán
China"
"Viên Uống Natrol Biotin 10,000mcg Ngăn Ngừa Rụng Tóc, Giảm Khô Xơ Gãy Rụng, Kích Thích Mọc Tóc, Tóc Mềm Mại",https://www.lazada.vn/products/pdp-i2392562156.html,283.000 ₫,,
"Viên uống Blackmores Vitamin C Bio C 1000mg tăng cường miễn dịch, làm đẹp da, chống oxy hóa - 31 viên - SẢN PHẨM RẤT ĐƯỢC ƯA CHUỘNG TRÊN THỊ TRƯỜNG KHÁCH YÊU TRẢI NGHIỆM THỬ NHÉ SẢN PHẨM TỐT CHẤT LƯỢNG CAO",https://www.lazada.vn/products/pdp-i2501904394.html,399.900 ₫,,
CABLEW WiFi 5 Thẻ mạng không dây Băng tần kép AC1200 Bộ điều hợp WiFi PCIE Máy phát Ăng-ten Bộ chuyển đổi Wifi USB dành cho máy tính/điện thoại/máy tính bảng,https://www.lazada.vn/products/pdp-i3228058479.html,150.133 ₫,,
⚡ Bo mạch chủ chipset H81 Esonic Maiboard hàng mới 100% bảo hành chính hãng 24 tháng AVT,https://www.lazada.vn/products/pdp-i937608412.html,1.150.000 ₫,,
Thiết Bị Làm Mát CPU Máy Tính Để Bàn Thermaltake Tt Dragon A400P A500P A600P Đàn Hồi Nhiệt Ống Dẫn Nhiệt Làm Mát Bằng Không Khí Chốngồn,https://www.lazada.vn/products/pdp-i2830137876.html,533.000 ₫,5.0,13 Đã bán
Laptop Cooling Stand Laptop Cooling Pad with Dual Fan Portable Laptop Cooler Silent Foldable Tablet Stand,https://www.lazada.vn/products/pdp-i3234473442.html,331.000 ₫,,
1300Mbps Wifi Adapter Wifi Dongle Ăng Ten Không Dây Tầm Xa Băng Tần Kép 5GHz USB 3.0 Cho Máy Tính Để Bàn Không Dây thẻ ALDD-VN,https://www.lazada.vn/products/pdp-i3221959932.html,213.000 ₫,3.0,
👉Hot Sale PlayfulPlace 720 ° Rotating Desktop Mobile Phone Tablet Computer Bracket Portable Laziness Can Folded Adjustment For Iphone 15 Huawei Ipad,https://www.lazada.vn/products/pdp-i3163970987.html,18.132 ₫,5.0,13 Đã bán
Hot Sale FunFrenzy Đơn giản Máy tính để bàn điện thoại di động chủ đứng sáng tạo điện thoại thông minh lười biếng khung phổ Tablet điện thoại di động hỗ trợ chủ Quà Tặng,https://www.lazada.vn/products/pdp-i2922294876.html,25.303 ₫,5.0,25 Đã bán
Tablet Túi xách 10.9 “12.4” cho iPad Samsung hào phóng dễ dàng để balo du lịch gấp gọn Bìa Túi chống sốc túi nhiều túi,https://www.lazada.vn/products/pdp-i3190016616.html,87.203 ₫,5.0,6 Đã bán
Black Shark Magnetic Ice Cooling Heat Sink 2Pro Version for Mobile Phones And Tablets Universal Cooling Device High Power USB Charging,https://www.lazada.vn/products/pdp-i3005700905.html,401.000 ₫,,"456 Đã bán
China"
Rocket hỗ trợ sinh lý nam mạnh mẽ dẻo dai,https://www.lazada.vn/products/pdp-i3068859335.html,100.000 ₫,,
Ốp iphone 16 pro max 15 promax 7 Plus 8 Plus 6 6s 7 8 Se 2022 12 pro max 11 pro max xs nhám đen,https://www.lazada.vn/products/pdp-i3134998333.html,22.800 ₫,5.0,20 Đã bán
"Simparica Trio – Viên Nhai Phòng Trị Ve, Ghẻ Bọ Chét kết hợp Tẩy Giun Cho Chó từ 2.5kg-40kg (Hộp 3 viên)",https://www.lazada.vn/products/pdp-i3132533136.html,640.000 ₫,5.0,10 Đã bán
Bàn Phím Bluetooth 10.1 Inch Dùng Cho Máy Tính Bảng Ipad Bàn Phím Sạc Phổ Thông Bộ Chuột Không Dây,https://www.lazada.vn/products/pdp-i3140925742.html,55.000 ₫,,
Adapter HDMI to VGA Có Audio – Bộ Chuyển Đổi HDMI Sang VGA Kèm Âm Thanh,https://www.lazada.vn/products/pdp-i2520027193.html,7.000 ₫,4.0,
Nhỏ Gọn Di Động Kim Loại Mini Itx Màn Hình Hiển Thị Hạt Nhân Vỏ Máy Tính Nhỏ Qiaomei Q31 Chất Liệu Thép Không K66 Khung Máy Tính Làm Mát Bằng Không Khí,https://www.lazada.vn/products/pdp-i2528930474.html,412.000 ₫,4.0,626 Đã bán
"Máy đọc sách Kindle 2024 màn hình 6 inch, độ phân giải 300ppi, dung Lượng 16GB, cổng sạc type C NEW SEAL",https://www.lazada.vn/products/pdp-i2903945425.html,3.690.000 ₫,5.0,19 Đã bán
Neewer phiên bản mới điều khiển từ xa rt113 với kết nối Bluetooth và nút không tạo âm thanh cho Neewer X17 II/X16/X12/X14 prompter cho máy tính bảng thông minh IOS Android,https://www.lazada.vn/products/pdp-i3195174300.html,853.800 ₫,,
"Viên Sủi C Happy Multi Vitamin Nhiều Mùi Vị, Nâng Cao Sức Đề Kháng, Tăng Cường Thiếu Hụt Vitamin (Tuýp 20 viên) [NOBORE]",https://www.lazada.vn/products/pdp-i2520692801.html,28.000 ₫,5.0,24 Đã bán
COEP | Bộ Bàn Phím và Chuột Bluetooth Không Dây cho Apple Android Huawei Xiaomi Máy Tính Bảng và Điện Thoại Im Lặng,https://www.lazada.vn/products/pdp-i3205572112.html,737.000 ₫,,
COEP | Bộ Bàn Phím và Chuột Bluetooth Không Dây với Điều Khiển Cảm Ứng Mỏng Nhẹ Nhàng Cho Văn Phòng Sạc cho Máy Tính Bảng Laptop,https://www.lazada.vn/products/pdp-i3198368848.html,347.000 ₫,,
Miếng tản nhiệt máy tính dẫn nhiệt tuyệt vời Miếng tản nhiệt khả năng chống túi đựng bảng cho Máy tính để bàn cho máy tính xách tay,https://www.lazada.vn/products/pdp-i3177740594.html,70.000 ₫,,
Bàn phím không dây bảng cảm ứng bàn cảm ứng máy tính cho IBM t-hinkpad,https://www.lazada.vn/products/pdp-i3136562051.html,609.000 ₫,,
Combo 5 Hộp Lutein New - Rostex - Hải Dương - Vitamin Thanh Lọc,https://www.lazada.vn/products/pdp-i3154533988.html,392.200 ₫,,
"《1101》Hoco thiết kế mới ban đầu trong suốt im lặng đa chế độ chuột không dây Bluetooth 3.0,4.0 /2.4G 800-2400DPI Chuột không dây có thể sạc lại Loại C cho máy tính để bàn máy tính xách tay iPad",https://www.lazada.vn/products/pdp-i3234792937.html,415.000 ₫,3.0,
《1101》100W USB C Laptop Power Adapter Laptop Charger 100W USB C Charger Type C Power PD Wall Fast Charger Computer Tablet Chargers,https://www.lazada.vn/products/pdp-i3235062032.html,405.812 ₫,,
"One a day, Viên uống One a day Multivitamin 300 viên của Mỹ - SẢN PHẨM RẤT ĐƯỢC ƯA CHUỘNG TRÊN THỊ TRƯỜNG KHÁCH YÊU TRẢI NGHIỆM THỬ NHÉ SẢN PHẨM TỐT CHẤT LƯỢNG CAO",https://www.lazada.vn/products/pdp-i2478865167.html,949.900 ₫,,
《1101》Không Dây Bluetooth Chuột Điều Khiển Từ Xa Có Thể Sạc Lại Loại C Chuột Điều Khiển Cảm Ứng Ngón Tay Cái Ngón Tay Chuột Cho Điện Thoại iPad Máy Tính Bảng,https://www.lazada.vn/products/pdp-i3234933713.html,399.433 ₫,,
"COEP | Bàn Phím Bluetooth Không Dây Di Động cho Máy Tính Bảng, Điện Thoại Thông Minh và Laptop",https://www.lazada.vn/products/pdp-i3204787160.html,737.000 ₫,,
(Chính hãng) SEBONETab - SEABONE / SEA BONE /SEABON Viên Uống Canxi từ tảo biển/ không táo bón/ không sạn / PHARMACY Q7,https://www.lazada.vn/products/pdp-i2617910399.html,195.000 ₫,,
Chuột Không Dây Công Thái Học Có Đèn Nền RGB Có Thể Sạc Lại Với USB 2.4GHz & Bluetooth Quang Học Im Lặng Cho Máy Tính Xách Tay PC Macbook Tablet - 2000 Dpi,https://www.lazada.vn/products/pdp-i3234706672.html,313.000 ₫,,
"Viên sủi Multivitamin Overate Plus hộp 1 tuýp 20 viên , hàm lượng vitamin C gấp 2 lần",https://www.lazada.vn/products/pdp-i2494525977.html,70.000 ₫,,
《1031》Bàn Phím Không Dây Bluetooth 5.0 & 2.4G Mini Đa Phương Tiện Cho Laptop PC TV iPad Macbook Android - Bàn Phím Tiếng Anh Điện Dung 78 Phím Có Giao Diện USB,https://www.lazada.vn/products/pdp-i3233378678.html,322.800 ₫,5.0,
《1101》 UGREEN chuột không dây Bluetooth 2.4G Wireless Ergonomic Silent Mouse 4000DPI for MacBook Tablet Laptop Computer Desktop PC Model with Battery Model：35900,https://www.lazada.vn/products/pdp-i3234839772.html,321.121 ₫,,
iyuCard Mạng Không Dây Tích Hợp Trong Máy Tính Để Bàn 5.2 Gigabit PCIe 5G Băng Tần Kép Microfiber AX210Ю575,https://www.lazada.vn/products/pdp-i2899233337.html,75.189 ₫,,
"Viên Uống Bổ Mắt Blackmores Macu-Vision 125 Viên Úc - Hỗ Trợ Tăng Cường Thị Lực, Chống Mỏi Mắt, Lão Hoá Mắt - SẢN PHẨM CHẤT LƯỢNG HÀNG ĐẦU, TUYỆT HẢO ĐƯỢC SĂN ĐÓN TRÊN THỊ TRƯỜNG HIỆN NAY",https://www.lazada.vn/products/pdp-i3080560245.html,799.900 ₫,,
【LUOQI hot】 5 in 1 Cleaner Bursh Kit for Bluetooth Earphone Phone Laptop Screen Earbuds Case Cleaning Pen Kit for Airpods Pro 1 2 3 Tablet,https://www.lazada.vn/products/pdp-i3232570959.html,267.778 ₫,,
《1101》Baseus Tablet Computer Bluetooth Wireless Mouse Charging Luminous 2.4G USB Wireless Mouse Portable Mouse,https://www.lazada.vn/products/pdp-i3234670964.html,268.000 ₫,,
Tảo Lợi Sữa Meko Lactagil Chính Hãng - BONMON Store,https://www.lazada.vn/products/pdp-i831594095.html,12.500 ₫,4.0,283 Đã bán
[COMBO 3 TUÝP X 20 VIÊN] Viên sủi Plusssz Multivitamin + Plusssz Vitamin C & Kẽm + Plusssz Calcium,https://www.lazada.vn/products/pdp-i1523278865.html,162.666 ₫,5.0,167 Đã bán
1300Mbps Wifi Adapter Wifi Dongle Ăng Ten Không Dây Tầm Xa Băng Tần Kép 5GHz USB 3.0 Cho Máy Tính Để Bàn Không Dây thẻ DGRR-VN,https://www.lazada.vn/products/pdp-i3221969745.html,250.000 ₫,3.0,
"(Mẫu mới) Viên uống bổ mắt Blackmores Macu Vision Macuvision Lutein Defence - SẢN PHẨM ĐƯỢC YÊU THÍCH TRÊN THỊ TRƯỜNG HIỆN TAY, DÙNG RẤT TỐT LUÔN Ạ, ĐẢM BẢO DÙNG RẤT THÍCH, KHÁCH YÊU TRẢI NGHIỆM ỦNG HỘ SHOP NHÉ",https://www.lazada.vn/products/pdp-i3165084658.html,699.900 ₫,,
LITUILI WiFi 5 Thẻ mạng không dây Băng tần kép AC1200 Bộ chuyển đổi Wifi USB Di động Ăng-ten Bộ điều hợp WiFi PCIE dành cho máy tính/điện thoại/máy tính bảng,https://www.lazada.vn/products/pdp-i3203677065.html,215.551 ₫,,
"Bộ thu Bluetooth 5.0 âm thanh chất lượng cao cho loa, âm ly âm thanh nổi stereo",https://www.lazada.vn/products/pdp-i2658878674.html,92.729 ₫,4.0,
WHUEAL2 Kim loại 360 ° xoay điện thoại di động Tablet chủ chống trượt có thể gập lại điều chỉnh di động lười biếng Máy tính để bàn sống điện thoại di động đứng núi,https://www.lazada.vn/products/pdp-i3028970588.html,18.480 ₫,5.0,14 Đã bán
"ĐÈN LAZE CON GIÁN ĐỊNH VỊ CHUẨN XÁC, TIA ĐỎ LOẠI 1",https://www.lazada.vn/products/pdp-i2641809511.html,165.000 ₫,4.0,178 Đã bán
"Nguồn adapter sony 19,5v - 4,7A",https://www.lazada.vn/products/pdp-i1849768047.html,120.000 ₫,4.0,119 Đã bán
Nguồn ADAPTER 24v Loại 1 (2A - 3A - 5A - 6A - 7A),https://www.lazada.vn/products/pdp-i1940313132.html,71.000 ₫,4.0,
"com bo 20cot lỗ đa năng ,20 cap bac ,20 phê chan cánh",https://www.lazada.vn/products/pdp-i1566524509.html,170.000 ₫,5.0,925 Đã bán
"Bộ Van Thanh Lọc Combo 2 Sản Phẩm Giá Rẻ Dùng Nhiều Lần, Xài Cho Nhiều Mẫu [ JetMèo.Esse. Caraven Demi.Thăng Long Dẹt..FullSize ]",https://www.lazada.vn/products/pdp-i2845993758.html,93.000 ₫,4.0,19 Đã bán
"Máy xay sinh tố không dây đa năng vịt vàng Gduck - Máy xay thịt đa năng dung tích 400ML, 4 Lưỡi dao bằng thép Máy say sinh tố mini, Máy Say Sinh Tố Nhật Bản Các Loại, Máy Nghiền Đa Năng Thông Minh, Máy Say Hành Tỏi, Máy Ép Hoa quả",https://www.lazada.vn/products/pdp-i1916635395.html,94.050 ₫,1.0,
"MÀNG LỌC UF ,CÔNG SUẤT LỌC 3000L/h ,MÀNG LỌC UF VỎ INOAX 304.",https://www.lazada.vn/products/pdp-i2802396104.html,2.790.000 ₫,,
【Limited Quantity】 Small Size 2.4ghz Wireless Numeric Keypad Mouse Numpad 18 Keys Digital Keyboard For Lap Notebook Tablets Accounting Teller,https://www.lazada.vn/products/pdp-i3148267843.html,353.211 ₫,,
Cảm ứng máy tính bảng Masstel tab 8.3,https://www.lazada.vn/products/pdp-i2525416700.html,320.600 ₫,4.0,23 Đã bán
"Viên sủi bổ sung Vitamin C,tăng đề kháng, phòng ngừa virus, tuýp 20 viên Pluszs",https://www.lazada.vn/products/pdp-i2224109197.html,16.435 ₫,5.0,5 Đã bán
Mini USB Wired Numeric Keypad Numpad 18 Keys Digital Keyboard for Accounting Teller Laptop Android Notebook Tablets PC,https://www.lazada.vn/products/pdp-i3234368893.html,180.000 ₫,,
Mini USB Wired Numeric Keypad Numpad 18 Keys Digital Keyboard for Accounting Teller Laptop Android Notebook Tablets PC,https://www.lazada.vn/products/pdp-i3234526708.html,180.000 ₫,,
Mini USB Wired Numeric Keypad Numpad 18 Keys Digital Keyboard for Accounting Teller Laptop Android Notebook Tablets PC,https://www.lazada.vn/products/pdp-i3234746112.html,180.000 ₫,,
Mini USB Wired Numeric Keypad Numpad 18 Keys Digital Keyboard for Accounting Teller Laptop Android Notebook Tablets PC,https://www.lazada.vn/products/pdp-i3234681532.html,180.000 ₫,,
Mini USB Wired Numeric Keypad Numpad 18 Keys Digital Keyboard for Accounting Teller Laptop Android Notebook Tablets PC,https://www.lazada.vn/products/pdp-i3234326830.html,180.000 ₫,,
WiFi 5 Thẻ mạng không dây Băng tần kép AC1200 Bộ chuyển đổi Wifi USB Bộ thu phát WiFi 2.4G/5GHz Bộ điều hợp WiFi PCIE dành cho máy tính/điện thoại/máy tính bảng,https://www.lazada.vn/products/pdp-i3170799164.html,161.133 ₫,,"15 Đã bán
China"
"Túi Đựng Máy Ảnh Tự Dính Bằng Vải Gấp Gọn Thần Kỳ, Chất Liệu Polyester, Bảo Vệ, Đựng iPad, Điện Thoại Di Động, Máy Tính Bảng",https://www.lazada.vn/products/pdp-i3234748690.html,167.000 ₫,,
Vỏ Tản Nhiệt CPU Bằng Đồng 2011 Kim Cương Cho Máy Chủ Hai Đường X99 X79 Máy Tính Để Bàn Tản Nhiệt CPU 2066 Gió Tĩnh Âm Lượng Thấp,https://www.lazada.vn/products/pdp-i2529028216.html,237.000 ₫,5.0,
Quạt Thông Gió Máy Tính Delta 220V Ống Thông Hơi Cửa Sổ Máy Làm Mát Bằng Hơi Nước Ống Thông Hơi Máy Tính Mút Ồn Ống Thông Hơi Cá Chép,https://www.lazada.vn/products/pdp-i2391055559.html,284.000 ₫,5.0,
MIZ 1PC 1200Mbps Bluetooth 4.0 WIFI Card mạng không dây NGFF Wifi Dongle AC băng tần kép 2.4G 5G cho máy tính xách tay 7260 7260NGW,https://www.lazada.vn/products/pdp-i2918349393.html,73.224 ₫,4.0,
Ket Noi Bluetooth Dong Energy Mouse Di Chuyen Khong Gian Office Laptop Desktop Tablet Kien Thuc Chuyen Gia Dong Energy,https://www.lazada.vn/products/pdp-i3233677884.html,128.000 ₫,,
Mini USB Wired Numeric Keypad Numpad 18 Keys Digital Keyboard for Accounting Teller Laptop Android Notebook Tablets PC,https://www.lazada.vn/products/pdp-i3234872376.html,146.000 ₫,,
🔥 Nguyên bản 🔥 Lõi Lọc Không Khí lọc Xiaomi Air Purifier 2/2S/2H/2C/3H/3C/3S/pro/4/4lite/4pro/pro H Filter Bộ lọc không khí nhỏ gọn Phụ kiện lọc không khí HEPA chất lượng cao và than hoạt tính HEPA Virus,https://www.lazada.vn/products/pdp-i2486711174.html,293.235 ₫,4.0,949 Đã bán
Viên uống sáng mắt học đường Vision Kids Blue Light ( hộp 90vien),https://www.lazada.vn/products/pdp-i2941233323.html,399.000 ₫,,
Mini USB Wired Numeric Keypad Numpad 18 Keys Digital Keyboard for Accounting Teller Laptop Android Notebook Tablets PC,https://www.lazada.vn/products/pdp-i3234646527.html,144.000 ₫,,
Mini USB Wired Numeric Keypad Numpad 18 Keys Digital Keyboard for Accounting Teller Laptop Android Notebook Tablets PC,https://www.lazada.vn/products/pdp-i3235030294.html,144.000 ₫,,
Mini USB Wired Numeric Keypad Numpad 18 Keys Digital Keyboard for Accounting Teller Laptop Android Notebook Tablets PC,https://www.lazada.vn/products/pdp-i3234929211.html,144.000 ₫,,
Mini USB Wired Numeric Keypad Numpad 18 Keys Digital Keyboard for Accounting Teller Laptop Android Notebook Tablets PC,https://www.lazada.vn/products/pdp-i3234640199.html,144.000 ₫,,
[CAM KẾT CHẤT LƯỢNG] CHÂN KỆ TỦ LẠNH 90 - 270L CHÂN ĐẾ MÁY GIẶT 6 - 12 KG ĐA NĂNG KỆ– KHUNG INOX HỘP CHẮC CHẮN CHỐNG RUNG - KỆ CHÂN TỦ LẠNH MÁY GIẶT INOX CAO CẤP - CHÂN KỆ ĐỂ TỦ LẠNH MÁY GIẶT CÓ THỂ ĐIỀU CHỈNH KÍCH THƯỚC,https://www.lazada.vn/products/pdp-i1722345154.html,68.000 ₫,4.0,234 Đã bán
XINGHEC2 360 ° Máy Tính Bảng Xoay Đứng Có Thể Điều Chỉnh Có Thể Gập Lại Máy Tính Để Bàn Đứng Chủ Tương Thích Cho 4.7-12 Inch Ipad Pro Không Khí Min Máy Tính Xách Tay Máy Tính Bảng,https://www.lazada.vn/products/pdp-i3064193698.html,67.222 ₫,4.7,"8 Đã bán
China"
MOFT Magnetically Attracted Ultra-Thin Portable Tablet Stand for iPad Mini 6 Multi-Angle Horizontal Vertical Suitable for Laptop,https://www.lazada.vn/products/pdp-i3162125869.html,797.000 ₫,,
sunsun | Bơm Ngập Nước Mini Lọc Nước Lưu Thông Siêu Yên Tĩnh,https://www.lazada.vn/products/pdp-i3195378210.html,215.000 ₫,4.0,
Chấn lưu 4w - 7w driver,https://www.lazada.vn/products/pdp-i1990149625.html,20.000 ₫,5.0,47 Đã bán
Nokia 220 4G Dual SIM Classic Landline Phone with HD Display - Mới FullBox - 12 Months Warranty,https://www.lazada.vn/products/pdp-i3029490502.html,999.000 ₫,4.0,10 Đã bán
Hồng hốc dụng cụ thay nước bể cá tự làm với nguyên liệu tái chế để bảo trì dễ dàng,https://www.lazada.vn/products/pdp-i3161556252.html,36.000 ₫,5.0,7 Đã bán
Bộ lọc đôi khí nén Airtac AFC 2000,https://www.lazada.vn/products/pdp-i1757660069.html,100.000 ₫,4.0,514 Đã bán
Hồ bơi thoát nước máy bơm nước chìm tiếng ồn thấp thông minh khô sưởi ấm bảo vệ 925 GPH đài phun nước máy bơm nước chìm 11.5ft nâng cho ao,https://www.lazada.vn/products/pdp-i3061673692.html,555.730 ₫,,
Máy tính bảng 2in1 Fujitsu arrows tap q739/Q738.cpu i5.ram 4/8.ssd 128/256g kèm bút wacom,https://www.lazada.vn/products/pdp-i3180662804.html,4.750.000 ₫,,
"🇩🇪Máy xay sinh tố WMF kult X standmixer 👌Máy xay WMF Kult X với chất liệu an toàn và chất lượng cao, vỏ máy làm bằng Cromargan® , cối thủy tinh dung tích 1.5lit 👌Với tốc độ lên đến 20.000 vòng / phút, thiết bị sẽ trộn, khuấy, cắt và xay nhuyễn hầu h",https://www.lazada.vn/products/pdp-i1589552652.html,3.150.000 ₫,,
[IHN Store] ExclusiveMini USB Wired Numeric Keypad Numpad 18 Keys Digital Keyboard for Accounting Teller Laptop Android Notebook Tablets PC,https://www.lazada.vn/products/pdp-i3234576186.html,144.000 ₫,,
Mini USB Wired Numeric Keypad Numpad 18 Keys Digital Keyboard for Accounting Teller Laptop Android Notebook Tablets PC,https://www.lazada.vn/products/pdp-i3234358912.html,144.000 ₫,,
Mini USB Wired Numeric Keypad Numpad 18 Keys Digital Keyboard for Accounting Teller Laptop Android Notebook Tablets PC,https://www.lazada.vn/products/pdp-i3234032082.html,144.000 ₫,,
Phụ Kiện Máy Tính Không Dây Bluetooth Wireless Silent Rechargeable Dual Mode Office Tablet Laptop Desktop Mouse for Bé Gáis 3812,https://www.lazada.vn/products/pdp-i3233722501.html,111.000 ₫,,
Universal 2.4GHz USB Wireless Mouse Mini Ring Mouse for Notebook Laptop Tablet Desktop PC Mouse,https://www.lazada.vn/products/pdp-i3233687853.html,274.000 ₫,,
Finger Ring Style 2.4GHz USB Wireless Optical Mini Mouse 1600Dpi for Notebook Laptop Tablet Desktop PC,https://www.lazada.vn/products/pdp-i3233871486.html,274.000 ₫,,
USB 2.4GHz Wireless Finger Ring Optical Mini Mouse 1600Dpi Universal for Notebook Laptop Tablet Desktop PC Mouse,https://www.lazada.vn/products/pdp-i3233738868.html,274.000 ₫,,
Universal 2.4GHz USB Wireless Optical Mini Mouse Finger Ring 1600Dpi Works on for Notebook Laptop Tablet Desktop PC,https://www.lazada.vn/products/pdp-i3233552879.html,274.000 ₫,,
USB 2.4GHz Wireless Finger Ring Mouse 1600Dpi Optical Mini Design for Notebook Laptop Tablet Desktop Computer,https://www.lazada.vn/products/pdp-i3233267804.html,274.000 ₫,,
"Bộ lọc đầu nguồn Tân Á Đại Thành Beluga B2.1 - Chính hãng, Bảo hành 12 tháng",https://www.lazada.vn/products/pdp-i2847686630.html,4.059.000 ₫,5.0,5 Đã bán
Chip Mực HP Laser MFP 131a 133pn Chip Mực Máy in Màn Hình/Tablet Chip Mực Máy in Mực Máy in Tích Hợp Chip Mực Tích Hợp,https://www.lazada.vn/products/pdp-i3233834591.html,93.000 ₫,,
Chuột Bluetooth Không Dây Siêu Mỏng Dành Cho Máy Tính Xách Tay iPad Samsung Huawei Lenovo Máy Tính Bảng Android Windows - Đa Năng,https://www.lazada.vn/products/pdp-i3235066005.html,111.000 ₫,,
Bosto 3D Fan Treo Tường Máy Nghe Nhạc 3D Từ Xa Màn Hình Thời Gian Thực 3D Bằng Mắt Trần 3D Quạt trình chiếu Mắt Trần HD Pd42 3D Hiển Thị Với 244Pcs Màn hình LED quạt trình chiếu Treo Tường Video Fan Với Fan Với 244Pcs HD video LED,https://www.lazada.vn/products/pdp-i3032485307.html,1.701.986 ₫,,
Hydrating Left-Handed Vitamin C Solid Essence Tablet Z2 Frozen Dry Powder Facial Skincare Moisturizing Beauty Skin Care,https://www.lazada.vn/products/pdp-i3233633354.html,60.000 ₫,,
SMART GEARY AC1200 Thẻ mạng không dây WiFi 5 Băng tần kép Bộ điều hợp WiFi PCIE Di động Đang xoay Bộ chuyển đổi Wifi USB dành cho máy tính/điện thoại/máy tính bảng,https://www.lazada.vn/products/pdp-i3228054509.html,157.000 ₫,,
"Bộ phát WIFI6 1600 Ax1800Mbps, router wifi6 có hỗ trợ MESH 2 băng tần(Cũ)- HSHOP365 HSHOP365HN",https://www.lazada.vn/products/pdp-i2789055578.html,229.320 ₫,,
Foxconn Mini Itx Máy Tính Để Bàn Khung Xe Sử Dụng Tại Nhà Máy Chơi Game Di Động Diy Hộp Nhỏ Làm Mát Bằng Không Khí Chất Liệu Thép,https://www.lazada.vn/products/pdp-i2529028951.html,513.000 ₫,,"78 Đã bán
Hong Kong"
X42 Tablet Radiator Tablet Cooler Tablet Radiator RGB Colorful Lighting 10cm Magnetic Semiconductor Cooler Cooling Fan for Tablet,https://www.lazada.vn/products/pdp-i3226335336.html,544.694 ₫,,
"Chuột không dây Bluetooth tự sạc pin Blevos X13 wireless 2.4Ghz, chống ồn siêu nhạy dùng cho laptop MCBook PC Tablet IPAD",https://www.lazada.vn/products/pdp-i3235195250.html,90.350 ₫,,
"Chân tivi giá 320k/ 1 chân,cao tối đa 2m,tùy chỉnh cao thấp được,3 chân dài 88cm,ống 32,nặng 5kg/ 1 chân,chịu lực 80kg/ chân.Được kiểm tra hàng trước khi thanh toán.",https://www.lazada.vn/products/pdp-i2393111585.html,277.849 ₫,4.0,
"Lưu điện cho Wifi, Modem, Router - UPS 12V - Cúp điện vẫn có wifi.",https://www.lazada.vn/products/pdp-i2907870582.html,188.100 ₫,4.0,783 Đã bán
Cánh Tay Trước thiết bị hạ cánh Phía Trước Hạ Cánh Chân Cao Sức Mạnh Cho Không Khí 2S Bay Không Người Lái,https://www.lazada.vn/products/pdp-i3041601407.html,68.000 ₫,,
"Đèn Led Sefie Mini Cầm Tay 3 Chế Độ Sáng, Phụ Kiện Trợ Sáng Chụp Ảnh, Quay Video Chuyên Nghiệp",https://www.lazada.vn/products/pdp-i3051963642.html,45.900 ₫,4.0,58 Đã bán
"Máy đọc sách Kindle PaperWhite Gen 4 - 10th audible , chống nước, màn hình 300PPI bộ nhớ 8GB/ 32GB",https://www.lazada.vn/products/pdp-i1715880460.html,1.790.000 ₫,4.0,231 Đã bán
[HCM] - Ống kính camera Imou C22 C22SP C22EP A22 A22EP A32 A32EP A42 A42P A52 A52P K2MP GK2DP S2VP S2X K2MP TA32CP-L,https://www.lazada.vn/products/pdp-i3135567143.html,38.000 ₫,5.0,15 Đã bán
"Multi Vitamin Nutriversum, chứa 11 khoáng chất & 13 vitamin thiết yếu, 60 viên/30 servings",https://www.lazada.vn/products/pdp-i2414254392.html,4.599.998 ₫,,
Sư tử vàng Genalex Golden Lion 12ax7 ECC83 Russia,https://www.lazada.vn/products/pdp-i304816768.html,1.595.000 ₫,5.0,8 Đã bán
Máy Xay Sinh Tố Đa Năng Sunhouse Mama SHD5353W Đồ Gia Dụng Xinh Công Suất 700W Dung Tích Cối 1.5L,https://www.lazada.vn/products/pdp-i2709672771.html,1.428.000 ₫,,
COEP | Bàn Phím và Chuột Bluetooth Không Dây cho Điện Thoại Thông Minh Máy Tính Bảng và Laptop,https://www.lazada.vn/products/pdp-i3205715292.html,737.000 ₫,,
1300Mbps Wifi Adapter Wifi Dongle Ăng Ten Không Dây Tầm Xa Băng Tần Kép 5GHz USB 3.0 Cho Máy Tính Để Bàn Không Dây thẻ RTF-VN,https://www.lazada.vn/products/pdp-i3221428091.html,218.000 ₫,3.0,
Điện thoại itel 8010 4G Chính hãng - Sóng 4G chuẩn Sale off,https://www.lazada.vn/products/pdp-i2788788950.html,399.000 ₫,,
Bộ chuyển đổi USB Wifi băng tần kép cho máy tính để bàn và máy tính xách tay Xiaozhubangchu Tenda U9 650Mbps,https://www.lazada.vn/products/pdp-i3164897645.html,392.000 ₫,5.0,
"Blackmores Bio C 1000 - Viên uống bổ sung Vitamin C 1000 mg 150 viên - Tăng đề kháng , nâng cao miễn dịch - Nội Địa Úc",https://www.lazada.vn/products/pdp-i2408119827.html,645.000 ₫,,
GREYDAWN Băng tần kép Bộ chuyển đổi USB WiFi 2.4G/5Ghz 2 Thiết kế ăng-ten Thẻ mạng không dây Tốc độ cao Người nhận Thiết bị WiFi 1300Mbps Dành cho máy tính/PC/máy tính bảng,https://www.lazada.vn/products/pdp-i3233179164.html,192.000 ₫,,
[MỚI] Điện thoại vivo Y04 (4GB+64GB) - Hàng Chính Hãng - 1 Đổi 1 Tháng Đầu Tiên - Bảo Hành 12 Tháng,https://www.lazada.vn/products/pdp-i3058274132.html,2.890.000 ₫,5.0,32 Đã bán
Microsoft Surface Book Pro7 Pro5 4K USB Network Card Expansion Docking Station Tablet Accessory Digital Electronics,https://www.lazada.vn/products/pdp-i3138905773.html,920.000 ₫,,"18 Đã bán
China"
1650x wifi6 thẻ mạng máy tính để bàn thẻ băng tần kép hỗ trợ wifi 1024 QAM cho máy tính để bàn,https://www.lazada.vn/products/pdp-i3087656276.html,579.000 ₫,,
STREM AC1200 Thẻ mạng không dây Băng tần kép WiFi 5 Bộ chuyển đổi Wifi USB Di động Đang xoay Bộ điều hợp WiFi PCIE dành cho máy tính/điện thoại/máy tính bảng,https://www.lazada.vn/products/pdp-i3224847099.html,170.000 ₫,,
Bộ Điều Khiển Đồ Họa GTX 1070 Black Gold Supreme Edition GDDR5 8GB Bảng Chắn Khe Cắm Thẻ Đồ Họa Phụ Kiện Máy Tính,https://www.lazada.vn/products/pdp-i3138778546.html,2.306.000 ₫,,
"Saramonic Blink500 ProX Hệ Thống Micro Cài Áo Không Dây 2.4Ghz Dòng Q Với Bộ Phát Và Bộ Thu Cho iPhone, iPad, Android, Máy Tính Xách Tay, Máy Ảnh DSLR, Máy Quay Phim, Phạm Vi 230ft, Micrô Cài Áo Để Ghi Âm, Giảng Dạy, vlog, Phát Trực Tiếp, YouTube",https://www.lazada.vn/products/pdp-i2122239593.html,2.600.000 ₫,5.0,8 Đã bán
"Viên uống bổ sung vitamin C, chống oxy hóa VTM C500 MDP Chai 300 viên",https://www.lazada.vn/products/pdp-i3180563280.html,298.000 ₫,,
Card mạng không dây Wifi và Bluetooth 5.4 Wifi6 AC1800 2 băng tần kép dùng cho máy tính để bàn,https://www.lazada.vn/products/pdp-i3150447844.html,399.000 ₫,,
Blackmores lutein defence bổ mắt - Hàng nội địa Úc chính hãng,https://www.lazada.vn/products/pdp-i2411927958.html,515.000 ₫,,
"VIÊN UỐNG CÂN BẰNG ĐƯỜNG HUYẾT BLACKMORES SUGAR BALANCE 90 VIÊN CHÍNH HÃNG - SẢN PHẨM ĐƯỢC CHỌN LỌC YÊU THÍCH TRÊN THỊ TRƯỜNG, CHẤT LƯỢNG CAO DÙNG CỰC KÌ THÍCH NHÉ CẢ NHÀ",https://www.lazada.vn/products/pdp-i2370481589.html,419.900 ₫,,
"[MẪU MỚI] Sắt Bầu Blackmores Cho Mẹ Bầu, Sau Sinh Và Người Lớn Hộp 30 Viên | Minizon Kids",https://www.lazada.vn/products/pdp-i2892656642.html,259.000 ₫,,"5 Đã bán
Hà Nội"
"[Hàng Chuẩn ÚC] Blackmores Bio C 1000 - Viên uống bổ sung C 1000mg 62 viên - SẢN PHẨM RẤT ĐƯỢC ƯA CHUỘNG TRÊN THỊ TRƯỜNG, CHẤT LƯỢNG TUYỆT HẢO, KHÁCH YÊU TRẢI NGHIỆM THỬ NHÉ, SẢN PHẨM TỐT, ĐẢM BẢO RẤT THÍCH Ạ",https://www.lazada.vn/products/pdp-i2420820869.html,399.900 ₫,,
"Viên uống bổ sung Ultra vitamin C 1000 60 viên Hàn Quốc DAESANG WELLIFE làm đẹp da, hỗ trợ tăng cường sức đề kháng cho cơ thể",https://www.lazada.vn/products/pdp-i455912657.html,680.000 ₫,5.0,7 Đã bán
Giá đỡ 3 chân dành cho máy tính bảng cao cấp( TRIPOD STAND),https://www.lazada.vn/products/pdp-i2602759420.html,339.000 ₫,,
1300Mbps Wifi Adapter Wifi Dongle Ăng Ten Không Dây Tầm Xa Băng Tần Kép 5GHz USB 3.0 Cho Máy Tính Để Bàn Không Dây thẻ FDH-VN,https://www.lazada.vn/products/pdp-i3222482764.html,225.000 ₫,3.0,
1300Mbps Wifi Adapter Wifi Dongle Ăng Ten Không Dây Tầm Xa Băng Tần Kép 5GHz USB 3.0 Cho Máy Tính Để Bàn Không Dây thẻ 5LA-cdl-VN,https://www.lazada.vn/products/pdp-i3222006310.html,240.000 ₫,3.0,
[Mẫu Mới] VIÊN UỐNG SAY TÀU XE SENPAA TRAVEL NHẬT BẢN 6 VIÊN,https://www.lazada.vn/products/pdp-i2692496511.html,235.000 ₫,,
Taidu Tenda U9 650Mbps băng tần kép Bộ chuyển đổi USB Wifi Cho Máy Tính Để Bàn Và Máy Tính Xách Tay,https://www.lazada.vn/products/pdp-i3164381287.html,341.000 ₫,,
"Đèn Livestream size 26 30 36 45 cm và chân 2m1 Hỗ Trợ Chụp Ảnh Make up Trang Điểm quay tiktok, bán hàng",https://www.lazada.vn/products/pdp-i1624985367.html,50.000 ₫,4.0,
"{YM hot} UGREEN Tablet Mount Lazy Holder Adjustable Long Arm Clamp Compatible for iPad Air Pro Mini, iPhone 14 Plus/iPhone 14 Pro Max 13 12 Pro Max 11 X 8 7 6 6S, Samsung Galaxy S9 Plus S8, Nintendo Switch, Max 12.9 Inch Cell Phone Tablet",https://www.lazada.vn/products/pdp-i3069056257.html,523.764 ₫,5.0,
2 Trong 1 Thực Stereo Bluetooth 4.2 Thu Phát Bluetooth Không Dây Âm Thanh 3.5 Mm AUX Cho Nhà T V MP3 PC,https://www.lazada.vn/products/pdp-i247807963.html,63.000 ₫,4.0,146 Đã bán
Card Mạng Không Dây Tích Hợp Trong Máy Tính Để Bàn 5.2 Gigabit PCIe 5G Băng Tần Kép Microfiber AX210,https://www.lazada.vn/products/pdp-i1930717428.html,82.000 ₫,4.0,500 Đã bán
"MOGEE Giá treo tivi xoay đa năng14-55 inch Giá treo tường TV khớp nối chuyển động đầy đủ, có xoay và nghiêng",https://www.lazada.vn/products/pdp-i3146123213.html,119.500 ₫,4.0,50 Đã bán
(Giao hàng ngay) Bàn phím bluetooth không dây mini HP 10 inch / chuột không dây cho điện thoại di động và máy tính bảng các màu có sẵn,https://www.lazada.vn/products/pdp-i2880467880.html,133.000 ₫,5.0,15 Đã bán
Cáp Màn Hình Cáp Hdmi 2.0 4k 1.5M 3M 5M 10M 15M 20M - Tròn Cao Cấp,https://www.lazada.vn/products/pdp-i2506467380.html,131.000 ₫,5.0,367 Đã bán
Đầu Chuyển HDMI sang VGA cho Laptop và Máy Chiếu,https://www.lazada.vn/products/pdp-i3205774532.html,152.000 ₫,4.0,
🐟 🐟 𝐎𝐦𝐞𝐠𝐚 𝟑𝟔𝟗 𝐒𝐮𝐩𝐩𝐨𝐫𝐭 𝐇𝐞𝐚𝐥𝐭𝐡 𝐇𝐞𝐚𝐫𝐭 𝐌𝐞𝐦𝐛𝐞𝐫'𝐬 𝐌𝐚𝐫𝐤 𝐜𝐮̉𝐚 𝐌𝐲̃,https://www.lazada.vn/products/pdp-i2424989729.html,769.000 ₫,4.0,11 Đã bán
"điện thoại A74 5G 2SIM 8GB/256GB Chiến Game Siêu Mượt , Camera Siêu Nét , máy đủ màu.",https://www.lazada.vn/products/pdp-i3050598710.html,1.349.000 ₫,5.0,32 Đã bán
Trạm năng lượng di động Ecoflow River 2 Max (512WH-600W) - Hàng chính hãng - BH 5 năm,https://www.lazada.vn/products/pdp-i2746048301.html,6.490.000 ₫,,
"[New] Xiaomi 15T | Thiết kế thân máy bo tròn thanh lịch | Màn hình 6.83"" bảo vệ mắt cùng tần số quét 120Hz | Xiaomi HyperAI | Sạc nhanh HyperCharge 67W | Pin bền bỉ 5500mAh (typ)",https://www.lazada.vn/products/pdp-i3181270769.html,13.490.000 ₫,,"18 Đã bán
Bình Dương"
"Webcam Sony Bravia CMU-BC1 GE1 - Hàng chính hãng - Thiết kế nhỏ gọn, cảnh báo vùng lân cận, điều khiển bằng cử chỉ",https://www.lazada.vn/products/pdp-i2069915416.html,4.500.000 ₫,,
Phụ Kiện Máy Tính Inphic DR6 Wireless Bluetooth Mouse Right-Handed Business Office Mobile Tablet No Driver Required,https://www.lazada.vn/products/pdp-i3036497765.html,362.000 ₫,,"222 Đã bán
China"
Bull | Thanh Nguồn Đa Năng Sạc Nhanh 20 USB 100w,https://www.lazada.vn/products/pdp-i3193397828.html,612.000 ₫,4.0,21 Đã bán
COEP | Bộ Bàn Phím và Chuột Bluetooth Không Dây cho Điện Thoại Thông Minh và Máy Tính Bảng,https://www.lazada.vn/products/pdp-i3205288096.html,737.000 ₫,,
Túi Dán Ma Thuật cho Máy Ảnh và iPad,https://www.lazada.vn/products/pdp-i3234839245.html,82.000 ₫,,
Túi Dán Tự Dính Mới Nâng Cấp 2025 cho Máy Ảnh và iPad,https://www.lazada.vn/products/pdp-i3234667208.html,82.000 ₫,,
Túi Dán Ma Thuật cho Máy Ảnh và iPad,https://www.lazada.vn/products/pdp-i3234720364.html,82.000 ₫,,
"COEP | Bàn Phím Bluetooth Không Dây Di Động cho Máy Tính Bảng, Điện Thoại Thông Minh và Máy Tính Xách Tay",https://www.lazada.vn/products/pdp-i3204988982.html,740.000 ₫,,
Nước làm mát máy tính tản nhiệt an toàn hoạt động bộ làm mát CPU cho nước làm mát máy tính Hệ thống làm mát bằng nước cho thiết bị công nghiệp,https://www.lazada.vn/products/pdp-i3207797865.html,666.000 ₫,,
COEP | Bàn Phím và Chuột Bluetooth Không Dây cho Điện Thoại Thông Minh Máy Tính Bảng và Laptop,https://www.lazada.vn/products/pdp-i3205536720.html,737.000 ₫,,
"[PIA Store] SelectedWebcam Camera Protective Cover Privacy Protective Cover Suitable for Mobile Phones, Tablets, Laptops, 5 Packs Black",https://www.lazada.vn/products/pdp-i3233615317.html,58.000 ₫,,
Kase | Bộ Lọc UV ND8 ND16 ND64 CPL Cho DJI Mini 5 Pro,https://www.lazada.vn/products/pdp-i3212572759.html,384.000 ₫,,
1300Mbps Wifi Adapter Wifi Dongle Ăng Ten Không Dây Tầm Xa Băng Tần Kép 5GHz USB 3.0 Cho Máy Tính Để Bàn Không Dây thẻ JS-021-VN,https://www.lazada.vn/products/pdp-i3221972696.html,239.000 ₫,3.0,
UTOPUS Đối với Huawei iPad Du lịch 2in1 Xách tay Điện thoại Fan Điện Thoại di động Mát Mini,https://www.lazada.vn/products/pdp-i3234992991.html,40.000 ₫,,
Nước Lớn Trâu T20PRO Làm Mát CPU Đa Nền Tảng AMD/Intel/1700 Rainbow Quạt Ống Đồng Làm Mát Bằng Nước Phần Cứng Máy Tính,https://www.lazada.vn/products/pdp-i2528890731.html,188.000 ₫,,"186 Đã bán
Hong Kong"
COEP | Bàn Phím và Chuột Bluetooth Không Dây cho Điện Thoại Thông Minh Máy Tính Bảng và Laptop,https://www.lazada.vn/products/pdp-i3205320746.html,737.000 ₫,,
Quạt Tản Nhiệt CPU Máy Tính Để Bàn Phong Cách Ép 1155/1150/775/51 Lò Vi Sóng Lạnh Bằng Gió Pha Lê Quạt Tản Nhiệt CPU Máy Tính Để Bàn,https://www.lazada.vn/products/pdp-i3165389754.html,192.000 ₫,,
Giá ba chân điện thoại thông minh chủ K & F khái niệm máy tính bảng chủ có thể điều chỉnh lạnh Giày núi 1/4 lỗ ren áp dụng cho điện thoại thông minh/máy tính bảng/chân máy/Selfie Stick/máy ảnh tương thích với iPhone/Huawei/iPad không khí/iPad Mini,https://www.lazada.vn/products/pdp-i3195185410.html,506.100 ₫,,
Bc Ống kính camera điện thoại 36x Tele 4in1 telecope Zoom macro fisheye rộng thiên thần Bộ Ống kính cho điện thoại di động Samsung Xiaomi Huawei,https://www.lazada.vn/products/pdp-i2639532603.html,288.411 ₫,4.0,44 Đã bán
"Hagibis từ điện thoại di động quạt làm mát phổ xách tay Trọng lượng nhẹ điện thoại di động quạt làm mát điện thoại, điện thoại di động mát với lớn hơn khu vực làm mát cho điện thoại di động/máy tính bảng/ipad",https://www.lazada.vn/products/pdp-i2730535932.html,228.084 ₫,4.0,173 Đã bán
【Free Gift】Bàn phím và chuột không dây GOOJODOQ 10 inch Đèn nền có đèn nền LED Bàn phím Bluetooth đầy màu sắc cho máy tính xách tay,https://www.lazada.vn/products/pdp-i2107677619.html,122.100 ₫,4.0,
BlueWow Phổ Có Thể Điều Chỉnh Điện Thoại Chủ Tablet Đứng Có Thể Gập Lại Bàn Điện Thoại Di Động Đứng Z11,https://www.lazada.vn/products/pdp-i1548944774.html,75.000 ₫,4.0,425 Đã bán
"Máy tính bảng chơi game S9 11,6 inch full HD Android 12.0 16GB + 512GB hỗ trợ hai SIM ở chế độ chờ kép 4G/bộ nhớ lớn 5G SIM 8800mah máy tính bảng dành cho sinh viên giá rẻ và phải chăng",https://www.lazada.vn/products/pdp-i2603003553.html,1.180.000 ₫,3.0,19 Đã bán
Máy Đọc Sách Điện Tử Kobo Touch (Đã Cài Koreader),https://www.lazada.vn/products/pdp-i2292619862.html,1.050.000 ₫,4.0,26 Đã bán
"Chống,loa có ren 170k/đầy đủ như hình,2 cáy và 4 đế",https://www.lazada.vn/products/pdp-i2373106038.html,148.240 ₫,4.0,146 Đã bán
Máy đọc sách Kindle Paperwhite 6 2024 bộ nhớ 16Gb/32Gb màn hình 7inch NEW SEAL,https://www.lazada.vn/products/pdp-i2903970634.html,4.790.000 ₫,5.0,50 Đã bán
Đèn Led cuộn 5050 5 mét 12v và 24v,https://www.lazada.vn/products/pdp-i1888549967.html,85.000 ₫,4.0,32 Đã bán
Dây Mắt Linh Kiện App HDWIFICAMPRO / HDMINICAM 28 chân - Linh Kiện Camera Mini Thay Thế Dây Bọc Vải Dù - Ống Kính Mắt Camera Các Loại Cho Camera Các Phiên Bản Sử Dụng App HDWIFICAMPRO /HDMINICAM 28 CHÂN,https://www.lazada.vn/products/pdp-i2398836598.html,205.000 ₫,,
"SHEZI | Quạt Dã Ngoại Chống Muỗi Có Sạc USB, Lưu Lượng Khí Cao, Pin Dài",https://www.lazada.vn/products/pdp-i3198559441.html,1.394.000 ₫,4.0,
"Khớp mount đa hướng gắn Gopro lên mũ bảo hiểm, kính xe for Insta360 GoPro Hero 12 11 10 9 8 7 6 5 4 Osmo Sony Action Camera",https://www.lazada.vn/products/pdp-i911974792.html,60.000 ₫,4.0,78 Đã bán
Quạt tản nhiệt Ipad máy tính bảng Piva B2 Max / X42 / X80 công nghệ sò lạnh siêu tản cỡ lớn - Tản nhiệt Samsung Tab Surface,https://www.lazada.vn/products/pdp-i2059659059.html,399.000 ₫,4.0,18 Đã bán
"Combo 2 hộp Viên uống tăng cường sinh lý nam Bổ Thận Nam bổ thận tráng dương, mạnh gân cốt - Hộp Nâu 30 viên",https://www.lazada.vn/products/pdp-i1400711405.html,198.000 ₫,4.0,54 Đã bán
Hai mặt kết cấu tấm PEI hai mặt kết cấu PEI linh hoạt tấm nền 330mm x 330mm cho máy in 3D,https://www.lazada.vn/products/pdp-i3035270590.html,479.000 ₫,,
Máy Đọc Sách Điện Tử Amazon Kindle Basic 7th,https://www.lazada.vn/products/pdp-i2388511196.html,950.000 ₫,5.0,8 Đã bán
Combo thùng nuôi ong Nội 4 cầu +ván ngăn,https://www.lazada.vn/products/pdp-i2860389070.html,205.000 ₫,5.0,159 Đã bán
"Combo 5 hộp Viên uống tăng cường sinh lý nam Bổ Thận Nam bổ thận tráng dương, mạnh gân cốt - Hộp 30 viên",https://www.lazada.vn/products/pdp-i1271123258.html,495.000 ₫,5.0,32 Đã bán
Vention không dây loại C để HDMI máy phát và máy thu 5.8GHz Wifi ban nhạc 4K 30Hz đầu ra cho máy tính xách tay máy tính bảng điện thoại Android iPhone 16 15 Màn hình máy chiếu Cắm và chơi truyền USB C sang HDMI không dây,https://www.lazada.vn/products/pdp-i3114910415.html,2.122.245 ₫,,
"Bull | Đầu Chuyển Đổi Điện Cho Hàn Quốc Sang Trung Quốc, Đầu Chuyển Đổi Cho Đảo Jeju",https://www.lazada.vn/products/pdp-i3193711730.html,129.000 ₫,4.0,12 Đã bán
"Gầy yếu, kém ăn, suy nhược cơ thể MULTIVITAMIN (100 viên) bổ sung vitamin, tăng đề kháng",https://www.lazada.vn/products/pdp-i2468188550.html,26.000 ₫,5.0,5 Đã bán
Viên sủi Plusssz Max vitamin C + kẽm vị chanh không đường Tuýp 20 viên - Hàng Nhập Khẩu,https://www.lazada.vn/products/pdp-i1523358414.html,49.000 ₫,4.0,416 Đã bán
CHUWI UBOOK pro 12.3 Inch Magnetic Attraction Keyboard 2-in-1 Detachable Keyboard Phụ Kiện Màn Hình Máy Tính Bảng,https://www.lazada.vn/products/pdp-i2840278939.html,1.046.000 ₫,,
Cảm Ứng Máy Tính Bảng - MASSTEL TAB 10 ULTRA,https://www.lazada.vn/products/pdp-i2542694325.html,216.000 ₫,5.0,8 Đã bán
"Viên uống bổ mắt Blackmores Macu-Vision, Úc (90v/150v) tăng cường thị lực cho người trên 18 tuổi",https://www.lazada.vn/products/pdp-i2394463066.html,760.000 ₫,,
"WAVLINK USB Thu Sóng WiFi Cho PC 650Mbps Bộ Chuyển Đổi USB Phát WiFi Cho Laptops, Desktops, Tablets, Card Mạng USB Dongle, có đĩa driver kèm theo",https://www.lazada.vn/products/pdp-i3104279358.html,265.000 ₫,,
Deepcool Xuân Bing 500 Máy Làm Mát CPU Máy Tính Để Bàn AMD 12th Gen 1700 Làm Mát Bằng Gió Quạt CPU Tất Cả Nền Tảng Đa Nhân Êm,https://www.lazada.vn/products/pdp-i2524377530.html,712.000 ₫,5.0,337 Đã bán
"Viên uống bổ mắt Lutein, Omega 3, cao việt quất, giảm khô mắt, mờ mắt, mỏi mắt, tăng cường thị lực - Hộp 30 viên",https://www.lazada.vn/products/pdp-i1345280406.html,100.000 ₫,4.0,72 Đã bán
Bộ chuyển đổi mạng hỗ trợ cho Windows Vista/XP/7-11/Linux OS/Mac OS Wifi 6 Receiver Dongle băng tần kép 2.4G/5G cho máy tính để bàn,https://www.lazada.vn/products/pdp-i2836406544.html,367.400 ₫,,
Toocki Bộ chuyển đổi Bluetooth 5.4 Dongle 2.4G/5G băng tần kép không cần trình điều khiển USB không dây Bộ chuyển đổi Wi-Fi Bộ chuyển đổi Bàn Phím kèm Chuột chơi game cho hệ thống Windows phát âm thanh Đầu nhận Bluetooth máy tính,https://www.lazada.vn/products/pdp-i3180122065.html,155.311 ₫,,
Zeallion Phổ 360 ° Rotation Tablet Đứng Cho iPad Có Thể Điều Chỉnh Có Thể Gập Lại Máy Tính Bảng Chủ Nhôm Điện Thoại Máy Tính Bảng Đứng,https://www.lazada.vn/products/pdp-i2181596755.html,264.363 ₫,5.0,79 Đã bán
Dây Cáp HDMI Sony 10m 5m 3m 2m dẹt đen-Dây cáp kết nối cổng HDMI 2 đầu tốt chống nhiễu xịn chất lượng cao giá rẻ,https://www.lazada.vn/products/pdp-i2392343004.html,55.000 ₫,4.0,316 Đã bán
"HEITAILANG | Máy Ảnh Webcam Cao Cấp 4K Cho Sử Dụng Tại Nhà, Học Online và Phát Sóng Trực Tiếp",https://www.lazada.vn/products/pdp-i3196375148.html,282.000 ₫,4.0,
Essager Type C Video Adapters To HDMI 4K60Hz/4K30Hz Compatible With HD 8K DP/Mini DP 1080P VGA Type-C Adapter Support Windows MacOS Linux Android For Tablet Laptop Mobile Phone Monitor HDTV Projector Type C Adapters,https://www.lazada.vn/products/pdp-i2907328155.html,174.562 ₫,4.0,509 Đã bán
Xả hàng - Bàn phím không dây Bluetooth mini cho máy tính bảng/BÀN PHÍM KÈM CHUỘT KEYBOARD + MOUSE BLUETOOTH KHÔNG DÂY MINI KIT dùng Pin AA,https://www.lazada.vn/products/pdp-i1073560656.html,85.635 ₫,4.0,65 Đã bán
"Điện thoại nắp gập Hello Kitty mini cho bé đi học (có nghe nhạc, chụp ảnh)",https://www.lazada.vn/products/pdp-i2494272133.html,550.000 ₫,,
XIAOMI SALE FLASH Bảng Viết Tự Xóa Nhiều Màu Sắc Xiaomi LazMall Sale Nhẹ 50% 12 Inch Thông Minh Bảng LCD Phù Hợp Cho Việc Học Tập Của Trẻ Em,https://www.lazada.vn/products/pdp-i3072246091.html,117.000 ₫,4.0,68 Đã bán
"Điện thoại Philips Xenium E535 4G, máy gập cao cấp, sáng bóng đẳng cấp",https://www.lazada.vn/products/pdp-i3020928435.html,1.620.000 ₫,,
Awei 60W Nhanh Chóng Sạc Loại-C Để Loại-C Cáp 2.4A USB Một Để Loại-C Chiếu Sáng Micro Cáp 27W Loại-C Để Chiếu Sáng cáp cho iPhone Huawei,https://www.lazada.vn/products/pdp-i2554312070.html,59.000 ₫,5.0,
Điện thoại Người già MXMID G516/G518 sóng 4G khuyến mãi,https://www.lazada.vn/products/pdp-i2788913398.html,399.000 ₫,,
"Xiaomi Redmi Pad SE 8.7 BAO DA BÀN PHÍM Smart Keybroad có Touchpad, giá đỡ cho Xiaomi Redmi Pad SE 8.7",https://www.lazada.vn/products/pdp-i2914496293.html,950.000 ₫,,
[Tenda] Bàn di chuột tương thích Bluetooth Bàn di chuột đa cử chỉ USB Chuột màn hình cảm ứng Loại-C không dây có thể sạc lại cho máy tính xách tay IPad MAC,https://www.lazada.vn/products/pdp-i2961120901.html,922.900 ₫,,
Vtamin tổng hợp dành cho nữ người dưới 50 tuổi Centrum Women Mulvitaminr Supplement của Mỹ hộp 200 viên,https://www.lazada.vn/products/pdp-i3079989397.html,680.000 ₫,,
"Viên uống bổ mắt Blackmores Macu Vision 125 viên Úc - SHOP CHUYÊN CUNG CẤP CÁC SẢN PHẨM CHẤT LƯỢNG CAO, ĐƯỢC SĂN ĐÓN, ƯA CHUỘNG TRÊN THỊ TRƯỜNG, HÀNG CHUẨN ĐẢM BẢO XÀI THÍCH NGAY, MỜI KHÁCH YÊU ỦNG HỘ",https://www.lazada.vn/products/pdp-i2466704079.html,759.900 ₫,,
BOYA Micrô Cài Áo Không Dây WMic5 2.4GHz Cho iPhone iPad Android Máy Ảnh DSLR Mic Không Dây Kẹp Phát Cắm Chuyên Nghiệp Với Công Tắc Âm Thanh Nổi Đơn Âm Giám Sát Thời Gian Thực Để Quay Video Phát Trực Tuyến YouTube Podcast,https://www.lazada.vn/products/pdp-i2123317695.html,2.350.000 ₫,,
"[HÀNG CHUẨN ÚC] Viên uống bổ mắt tăng cường thị lực - Blackmores Macu Vision | Macu Vision Plus | Lutein Defence - SẢN PHẨM CỰC CHUẨN, ĐƯỢC YÊU THÍCH SĂN ĐÓN TRÊN THỊ TRƯỜNG HIỆN NAY, HÀNG DÙNG SIÊU THÍCH MỜI KHÁCH YÊU TRẢI NGHIỆM, SẢN PHẨM ĐƯỢC SHO",https://www.lazada.vn/products/pdp-i3145715178.html,799.900 ₫,,
Viên uống Blackmores Bio C 1000mg tăng cường sức đề kháng (31 viên),https://www.lazada.vn/products/pdp-i2101821753.html,239.000 ₫,5.0,25 Đã bán
"máy tính mini pc router ZTE 2 cổng lan 1gb dùng để tạo proxy, cân bằng tải, win, linux, open wrt",https://www.lazada.vn/products/pdp-i3154444368.html,800.000 ₫,,
"[FREESHIP] BỘ PHÁT WIFF6 ZTE E1600 CHUẨN Ax1800Mbps, ROUTER WIFI6 CÓ HỖ TRỢ MESH ROAMING 256mb 2 BĂNG TẦN - HÀNG CŨ",https://www.lazada.vn/products/pdp-i2712068864.html,499.900 ₫,,
"NV Z10 100gr hiệu quả với các bệnh ở ếch như mù mắt, sưng mình, chướng nước, quẹo cổ, thần kinh quay cuồng, đỏ đùi.",https://www.lazada.vn/products/pdp-i3181051702.html,169.000 ₫,,
Jiashi Tenda U9 650Mbps băng tần kép Bộ chuyển đổi USB Wifi Cho Máy Tính Để Bàn Và Máy Tính Xách Tay,https://www.lazada.vn/products/pdp-i3164418175.html,341.000 ₫,,
VIÊN UỐNG BỔ SUNG VITAMIN C DHC NHẬT BẢN (GÓI DÙNG 60 NGÀY,https://www.lazada.vn/products/pdp-i2278649930.html,97.000 ₫,5.0,
"VIÊN UỐNG BỔ SUNG VITAMIN C KHÔNG ĐƯỜNG CENOVIS SUGARLESS 500MG CỦA ÚC HỘP 300 VIÊN - sản phẩm tốt chất lượng cao, sản phẩm cam kết giống như hình, ĐƯỢC ƯA CHUỘNG SĂN ĐÓN TRÊN THỊ TRƯỜNG HIỆN NAY",https://www.lazada.vn/products/pdp-i1980372331.html,449.900 ₫,,
Bàn Phím Số Cơ Học Có Dây APAYADO T21 21 Phím Với Đèn Nền Nhiều Màu Cho Kế Toán Tài Chính - Sử Dụng Máy Tính Để Bàn Bằng Tiếng Anh,https://www.lazada.vn/products/pdp-i3218787806.html,459.850 ₫,,"16 Đã bán
China"
Blackmores Eye Health Lutein Defence 60 viên,https://www.lazada.vn/products/pdp-i2264043968.html,415.000 ₫,,
Chuột Bluetooth Không Dây cho Apple MacBook iPad Pro Sạc Yên Tĩnh,https://www.lazada.vn/products/pdp-i3212583567.html,223.000 ₫,4.0,
Chuột không dây 2.4G Hỗ trợ Bluetooth 5.0 Chuột chơi game Ba chế độ Chuột quang 1600DPI im lặng cho máy tính bảng máy tính xách tay máy tính xách tay,https://www.lazada.vn/products/pdp-i2838444467.html,114.160 ₫,5.0,71 Đã bán
1300Mbps Wifi Adapter Wifi Dongle Ăng Ten Không Dây Tầm Xa Băng Tần Kép 5GHz USB 3.0 Cho Máy Tính Để Bàn Không Dây thẻ 5LA-wyj-VN,https://www.lazada.vn/products/pdp-i3222014301.html,244.000 ₫,3.0,
1300Mbps Wifi Adapter Wifi Dongle Ăng Ten Không Dây Tầm Xa Băng Tần Kép 5GHz USB 3.0 Cho Máy Tính Để Bàn Không Dây thẻ GF-VN,https://www.lazada.vn/products/pdp-i3224460660.html,227.000 ₫,3.0,
Bộ Khung Máy Tính Để Bàn Itx Matx Bằng Thép Không Gỉ Bảng Mạch Đứng DIY Bảng Mạch Mini ITX Bảng Mạch NAS Bộ Khung Máy Chủ,https://www.lazada.vn/products/pdp-i3138938514.html,754.000 ₫,,
Viên uống Bổ mắt Trunature Vision Complex Lutein & Zeaxanthin 140 viên - Mỹ,https://www.lazada.vn/products/pdp-i1791200881.html,770.000 ₫,,
Kebeteme USB 3.0 Bộ điều hợp Wi-Fi 1300Mbps Mạng Thẻ băng tần kép 2.4G/5GHz Bluetooth 4.2 bộ truyền nhận không dây cho máy tính để bàn laptop,https://www.lazada.vn/products/pdp-i2737967136.html,147.500 ₫,3.0,
"Viên uống bổ mắt, tăng cường thị lực Puritan’s Pride Lutein 6mg - SẢN PHẨM ĐƯỢC YÊU THÍCH TRÊN THỊ TRƯỜNG HIỆN TAY, DÙNG RẤT TỐT LUÔN Ạ, ĐẢM BẢO DÙNG RẤT THÍCH, KHÁCH YÊU TRẢI NGHIỆM ỦNG HỘ SHOP NHÉ",https://www.lazada.vn/products/pdp-i3104567716.html,499.900 ₫,,
Máy Bơm BaoYu Thế Hệ Mới Tiết Kiệm Điện BY-F6000 -F9000 -F12000 bảng Điều Chỉnh 12 Mức Công Suất,https://www.lazada.vn/products/pdp-i3181636872.html,999.000 ₫,,
1 Chiếc 3.5 Mm Nam Sang Type-C Nữ Aux Cáp Chuyển Đổi Tai Nghe Adapter Đầu Tròn Đầu Dẹp Adapter Dành Cho Điện Thoại Di Động,https://www.lazada.vn/products/pdp-i2723675990.html,40.950 ₫,3.0,73 Đã bán
Reletech 65W USB C Sạc Laptop Bộ Chuyển Đổi Nguồn Điện Sạc Nhanh Loại C Tương Thích Với Lenovo ThinkPad HP Chromebook Yoga Dell ASUS Acer,https://www.lazada.vn/products/pdp-i2750933848.html,138.000 ₫,4.0,228 Đã bán
Bóng cao tần lò vi sóng,https://www.lazada.vn/products/pdp-i2279062689.html,119.000 ₫,4.0,179 Đã bán
Nguồn tivi sony chính hãng bóc máy chuẩn 100%,https://www.lazada.vn/products/pdp-i2539739883.html,185.000 ₫,5.0,19 Đã bán
Điện thoại Nokia 6310 2024 4G Lk - Sóng 4G chuẩn Sale off,https://www.lazada.vn/products/pdp-i2788964207.html,399.000 ₫,4.0,32 Đã bán
Siêu Âm Đuổi Chó Có Đèn LED Chống Sủa Chó Con Dừng Vỏ Cây Huấn Luyện Thú Cưng Thiết Bị Siêu Âm Đa Năng Đuổi Chó TF-Ame-VN,https://www.lazada.vn/products/pdp-i3062419384.html,54.000 ₫,5.0,
"Thùng nhựa L7 kích thước: 1200x400x280mm dùng nuôi cá,nuôi rùa, đựng dụng cụ đồ nghề Lọc thùng nhựa cá cảnh , hồ cá cả",https://www.lazada.vn/products/pdp-i2603207273.html,1.048.872 ₫,,"5 Đã bán
Hà Nội"
"Chân đế lắp trần camera - Chân đế gài dành cho Camera IMOU, EZVIZ, YOOSEE....",https://www.lazada.vn/products/pdp-i2908659534.html,1.980 ₫,4.0,411 Đã bán
"Bàn phím Bluetooth Đối Với Samsung Galaxy Tab S11 Siêu 2025 14.6 Inch X930 X936 Tab S10 Siêu S8 Siêu S9 Siêu 14.6 ""silicon da nhựa PU Bluetooth Bàn phím không dây Với kẹp giữ bút",https://www.lazada.vn/products/pdp-i3221995774.html,199.000 ₫,,
PHÚC NHÃN KHANG [CHÍNH HÃNG] ️ PHÚC NHÃN KHANG GIÚP MẮT SÁNG BỔ MẮT TĂNG CƯỜNG THỊ LỰC,https://www.lazada.vn/products/pdp-i2419140549.html,506.000 ₫,,
Bull | Ổ Cắm Thông Minh Đa Cổng,https://www.lazada.vn/products/pdp-i3193497364.html,1.200.000 ₫,4.0,
Tụ điều hòa CBB65A - tụ máy nén điều hòa 20uF 25uF 30uF 35uF 40uF 50uF 60uF 450V Loại Tốt,https://www.lazada.vn/products/pdp-i2470964479.html,27.000 ₫,4.0,308 Đã bán
"Swisse Ultiboost High Strength Bilberry - Viên Uống Bổ Mắt Cải Thiện Thị Lực - 30 Viên - SẢN PHẨM ĐƯỢC YÊU THÍCH TRÊN THỊ TRƯỜNG HIỆN TAY, DÙNG RẤT TỐT LUÔN Ạ, ĐẢM BẢO DÙNG RẤT THÍCH, KHÁCH YÊU TRẢI NGHIỆM ỦNG HỘ SHOP NHÉ",https://www.lazada.vn/products/pdp-i3154838115.html,1.299.900 ₫,,
"VIÊN UỐNG GIẢI ĐỘC, THẢI ĐỘC GAN HIỆU QUẢ SWISSE LIVER DETOX",https://www.lazada.vn/products/pdp-i1898935265.html,549.900 ₫,,
VIÊN CHỐNG NẮNG NỘI SINH DERMA CORDYCEPS SUNCARE,https://www.lazada.vn/products/pdp-i2669320353.html,640.900 ₫,,
1300Mbps Wifi Adapter Wifi Dongle Ăng Ten Không Dây Tầm Xa Băng Tần Kép 5GHz USB 3.0 Cho Máy Tính Để Bàn Không Dây thẻ EDE-VN,https://www.lazada.vn/products/pdp-i3222018456.html,229.000 ₫,3.0,
Kudixiong Tenda U9 650Mbps băng tần kép Bộ chuyển đổi USB wifi cho máy tính để bàn và máy tính xách tay,https://www.lazada.vn/products/pdp-i3164297923.html,392.000 ₫,,
"Blackmores Bio C 1000 - Viên uống bổ sung Vitamin C 1000 mg 150 viên - Tăng đề kháng , nâng cao miễn dịch - Nội Địa Úc",https://www.lazada.vn/products/pdp-i2408305997.html,645.000 ₫,,
Ngff M.2 card Wi-Fi băng tần kép 300Mbps 2.4 Gam rtl8822ce card mạng cho máy tính xách tay,https://www.lazada.vn/products/pdp-i3043314557.html,111.000 ₫,2.4,
"Bàn di chuột 80 x 30cm hình Naruto bằng cao su chống thấm nước, chất liệu cao su tự nhiên, siêu mỏng, siêu gọn nhẹ, giúp cho việc di chuyển chuột một cách rất dễ dàng",https://www.lazada.vn/products/pdp-i707464497.html,84.000 ₫,,
Vitamin Tổng Hợp One A Day Men's/Women's Dành Cho Nam và Nữ của Mỹ - 300 viên,https://www.lazada.vn/products/pdp-i1890066653.html,630.000 ₫,,
RAM MÁY TÍNH BÀN. DDR3 PC 2G/1333 4G/1333 4G/1600 8G/1600 Hynix/SAMSUNG... Máy bộ Bảng Lớn. VI TÍNH QUỐC DUY,https://www.lazada.vn/products/pdp-i1650639467.html,224.000 ₫,,
Chuột đứng Chuột máy tính có thể sạc lại Ergonomic cho máy tính bảng,https://www.lazada.vn/products/pdp-i3143602774.html,697.000 ₫,,
NEXUS WiFi 5 Thẻ mạng không dây AC1200 Băng tần kép Bộ chuyển đổi Wifi USB Di động Lái xe miễn phí Bộ điều hợp WiFi PCIE dành cho máy tính/điện thoại/máy tính bảng,https://www.lazada.vn/products/pdp-i3232790334.html,151.133 ₫,,
JOEYTH AC1200 Thẻ mạng không dây WiFi 5 Băng tần kép Bộ điều hợp WiFi PCIE Bền bỉ Ăng-ten Bộ chuyển đổi Wifi USB dành cho máy tính/điện thoại/máy tính bảng,https://www.lazada.vn/products/pdp-i3232965548.html,155.000 ₫,,
Vitamin Tổng Hợp Tảo Biển Và Rau Củ Nature’s Way Úc Complete Daily Multivitamin 200 Viên,https://www.lazada.vn/products/pdp-i2660778016.html,255.000 ₫,,
AliExpress Mới Bán Chạy Màn Hình Đục Lỗ Thật Nhà Máy Điện Thoại Android Tại Chỗ Điện Thoại Di Động 2 16 S25ultra,https://www.lazada.vn/products/pdp-i3068806330.html,1.580.743 ₫,,
[COMBO 4 TUÝP x 20 VIÊN] Vitamin Tổng Hợp Viên Sủi Pusssz Max Multivitamin Vị Cam Không Đường,https://www.lazada.vn/products/pdp-i1985548326.html,201.240 ₫,5.0,110 Đã bán
"VIÊN UỐNG VITAMIN C EUNDAN SỐ 1 TẠI HÀN QUỐC TRẮNG DA CHỐNG NẮNG GIẢM RỤNG TÓC, SẢN SINH COLLAGEN TRẺ HÓA DA",https://www.lazada.vn/products/pdp-i2419181318.html,648.600 ₫,,
"VIÊN UỐNG CANXI BẦU OSTELIN CALCIUM & VITAMIN D3 ÚC - SẢN PHẨM ĐƯỢC CHỌN LỌC KĨ, ĐƯỢC YÊU THÍCH TRÊN THỊ TRƯỜNG, HÀNG CHUẨN DÙNG CỰC KÌ THÍCH NHÉ CẢ NHÀ",https://www.lazada.vn/products/pdp-i3108645663.html,549.900 ₫,,
COEP | Bộ Bàn Phím và Chuột Bluetooth Không Dây cho Điện Thoại Thông Minh và Máy Tính Bảng,https://www.lazada.vn/products/pdp-i3205618278.html,737.000 ₫,,
"Canxi bầu Ostelin Calcium & Vitamin D3, Úc (130 viên)",https://www.lazada.vn/products/pdp-i2352282303.html,268.000 ₫,,
"VIÊN UỐNG CÂN BẰNG ĐƯỜNG HUYẾT BLACKMORES SUGAR BALANCE 90 VIÊN CHÍNH HÃNG - SẢN PHẨM CHẤT LƯỢNG ĐƯỢC NGƯỜI DÙNG ĐÁNH GIÁ CAO, HÀNG HOT TRÊN THỊ TRƯỜNG HIỆN NAY, CÙNG TRẢI NGHIỆM NHÉ",https://www.lazada.vn/products/pdp-i2261688689.html,419.900 ₫,,
COEP | Bộ Bàn Phím và Chuột Bluetooth Không Dây cho Điện Thoại Thông Minh và Máy Tính Bảng,https://www.lazada.vn/products/pdp-i3205242811.html,737.000 ₫,,
COEP | Bộ Bàn Phím và Chuột Bluetooth Không Dây cho Điện Thoại Thông Minh và Máy Tính Bảng,https://www.lazada.vn/products/pdp-i3205151379.html,737.000 ₫,,
"Hàng Đức Viên uống chống nắng Tetesept Carotin, hộp 30 viên",https://www.lazada.vn/products/pdp-i2399340449.html,220.000 ₫,,
Marvel điện thoại di động chủ 360 ° xoay máy tính để bàn chân đế cho iPad Samsung Xiaomi Lenovo điện thoại Khung đỡ máy tính bảng chủ đứng Ipad B,https://www.lazada.vn/products/pdp-i2440683672.html,374.493 ₫,5.0,
1300Mbps Wifi Adapter Wifi Dongle Ăng Ten Không Dây Tầm Xa Băng Tần Kép 5GHz USB 3.0 Cho Máy Tính Để Bàn Không Dây thẻ 5LA-pqw-VN,https://www.lazada.vn/products/pdp-i3221997319.html,234.000 ₫,3.0,
"Nguồn adapter 15v 3A, 15v 2a",https://www.lazada.vn/products/pdp-i1875051383.html,55.000 ₫,4.0,42 Đã bán
"Xiaomi Pad 6 / 6 Pro BAO DA BÀN PHÍM Smart Keybroad có Touchpad,giá đỡ,đèn LED, tháo rời cho Xiaomi Pad 6 / 6 Pro",https://www.lazada.vn/products/pdp-i2791921642.html,899.000 ₫,5.0,
Dây Mắt 28 Chân App LOOKCAM Linh Kiện Camera Mini Thay Thế Dây Bọc Vải Dù - Ống Kính Mắt Camera Các Loại Cho Camera Các Phiên Bản,https://www.lazada.vn/products/pdp-i2398793958.html,190.000 ₫,4.0,115 Đã bán
Máy Sủi Oxy Cho Cá / Máy Sủi Oxy Tích Điện CHÍNH HÃNG SOBO SB 368 / Máy Sủi Oxy Siêu Êm Cho Hồ Cá/ Bể Cá Cảnh Shiwa,https://www.lazada.vn/products/pdp-i2541710494.html,259.000 ₫,4.0,85 Đã bán
"Khay nhựa Miền Nam (dày 4li) - KHÔNG CHỨA NƯỚC- các kích thước 60V - 80V - 1mV - 1,2mV - lót chuồng, nuôi gà",https://www.lazada.vn/products/pdp-i2631279626.html,84.000 ₫,5.0,578 Đã bán
👍Độ bền 50 năm👍5000L/H 50w/80w hút cặn đáy bơm máy bơm chìm máy bơm nuoc máy bơm nước hồ cá máy bơm nước,https://www.lazada.vn/products/pdp-i3164485981.html,199.000 ₫,4.0,59 Đã bán
Tai nghe dây Trần Tai nghe sửa chữa cáp không có oxy đồng DIY cho máy tính bảng,https://www.lazada.vn/products/pdp-i3144305337.html,127.000 ₫,,
"Lòng nồi cooku, lòng nồi cơm điện 1 lít ; 1 .2 lít ; 2.2L",https://www.lazada.vn/products/pdp-i2860362613.html,125.000 ₫,5.0,18 Đã bán
Bull | Ổ Cắm Đa Cổng 67W Trên Bàn Với USB,https://www.lazada.vn/products/pdp-i3193534893.html,339.000 ₫,4.0,10 Đã bán
Nga Miếng dán dạng chữ cái máy tính Vỏ bọc bàn phím bảng chữ cái cho Macbook Air Pro 13 15 EU bàn phím máy tính xách tay,https://www.lazada.vn/products/pdp-i3150359521.html,33.000 ₫,,
Zeallion bàn có thể điều chỉnh máy tính bảng kim loại đứng chủ cho ipad máy tính bảng Xiaomi Pad Máy tính để bàn Giá đỡ kẹp điện thoại,https://www.lazada.vn/products/pdp-i2293627949.html,524.205 ₫,,
Điện Thoại IP Panasonic KX-NT546,https://www.lazada.vn/products/pdp-i2537803552.html,1.500.000 ₫,,
Viên uống 12kg Minami healthy foods 75 gói,https://www.lazada.vn/products/pdp-i2419048878.html,793.500 ₫,,
Cảm ứng Masstel tab 8 4G,https://www.lazada.vn/products/pdp-i2631326463.html,155.720 ₫,5.0,6 Đã bán
Viên chống nắng UV Fine Nhật Bản,https://www.lazada.vn/products/pdp-i2318776184.html,280.000 ₫,,
"Combo 2 - Tặng 1 Hộp Viên uống bổ sung Canxi, vitamin K2 và D3 Aplicaps Menacal hộp 60 viên",https://www.lazada.vn/products/pdp-i3079540366.html,955.000 ₫,,
COMBO LÕI A QUA 456789( MÀNG +LÕI KHOÁNG 5678)SHOP CÓ CHIA PHÂN LOẠI KHÁCH MUA CHỌN ĐÚNG PHÂN LOẠI.,https://www.lazada.vn/products/pdp-i1981027370.html,227.240 ₫,5.0,63 Đã bán
Viên Uống Điều Hòa Đường Huyết GLUCOBATE (Hộp 60 viên),https://www.lazada.vn/products/pdp-i2291275133.html,690.000 ₫,5.0,
NS-929 - Máy Xay Sinh Tố Panafresh NS-929 - Lưỡi dao bằng thép không gỉ Số lượng 3 cối tiện dụng - GIAO TOÀN QUỐC - FREESHIP HCM,https://www.lazada.vn/products/pdp-i2398533444.html,630.000 ₫,,
adidas | Giày Chạy Bộ Nữ,https://www.lazada.vn/products/pdp-i3230865790.html,2.023.000 ₫,,
Viên Bổ Mắt Ocuvite Lutein 120 viên của Mỹ dành cho người dưới 50 tuổi,https://www.lazada.vn/products/pdp-i1919738775.html,500.000 ₫,5.0,
adidas | Giày Thể Thao Dạo Phố Nữ,https://www.lazada.vn/products/pdp-i3231368059.html,1.599.000 ₫,,
"Simparica- Viên nhai diệt ve, ghẻ, bọ chét dành cho chó từ 2.6-40kg (Hộp 3 viên)",https://www.lazada.vn/products/pdp-i3133015561.html,440.000 ₫,2.6,
Máy bơm mini bơm chìm siêu nhỏ màu đen 3V-6V bơm mạnh và êm lưu lượng 96 lít một giờ - Vòi ngang (Gửi đơn từ 20K),https://www.lazada.vn/products/pdp-i2486974112.html,13.500 ₫,4.0,322 Đã bán
Vitamin tổng hợp và Tảo Multivitamin Nature's Way của Úc lọ 200 viên,https://www.lazada.vn/products/pdp-i2321090511.html,290.000 ₫,,
1300Mbps Wifi Adapter Wifi Dongle Ăng Ten Không Dây Tầm Xa Băng Tần Kép 5GHz USB 3.0 Cho Máy Tính Để Bàn Không Dây thẻ OD-VN,https://www.lazada.vn/products/pdp-i3222689490.html,239.000 ₫,3.0,
"[Hàng nhập khẩu, tem công ty] Viên Uống Vitabiotics Menopace hỗ trợ nội tiết thời kì Mãn Kinh & Tiền Mãn Kinh (30 viên)",https://www.lazada.vn/products/pdp-i2103633590.html,280.000 ₫,,
"Miếng Dán Màn Hình Bằng Giấy Hấp Thụ Từ Tính Huawei MatePad Air 11,5 Inch Miếng Dán Bảo Vệ Màn Hình Máy Tính Bảng 360 Độ Chống Lén",https://www.lazada.vn/products/pdp-i2807727748.html,482.000 ₫,,"30 Đã bán
China"
1300Mbps Wifi Adapter Wifi Dongle Ăng Ten Không Dây Tầm Xa Băng Tần Kép 5GHz USB 3.0 Cho Máy Tính Để Bàn Không Dây thẻ JFB-VN,https://www.lazada.vn/products/pdp-i3222029210.html,211.000 ₫,3.0,
"Viên Uống Bổ Mắt Ocuvite Lutein 150 viên của Mỹ dành cho người trên 50 tuổi - SẢN PHẨM ĐƯỢC ƯA CHUỘNG, SĂN ĐÓN TRÊN THỊ TRƯỜNG HIỆN NAY, HÀNG CHUẨN DÙNG SIÊU THÍCH MỜI KHÁCH YÊU TRẢI NGHIỆM",https://www.lazada.vn/products/pdp-i3106307307.html,979.900 ₫,,
Viên uống Elevit bổ sung vitamin cho bà bầu (Hộp 30 viên),https://www.lazada.vn/products/pdp-i2505310764.html,726.000 ₫,,
Essager 100W Loại C để Loại-C Màn hình hiển thị kỹ thuật số cáp USB-C pd100w sạc nhanh loại USB C để USB C sạc cuộn dây cho Macbook iphone16 15 MacBook Samsung Huawei Xiaomi máy tính bảng máy tính xách tay,https://www.lazada.vn/products/pdp-i3185321407.html,143.500 ₫,5.0,702 Đã bán
COEP | Bàn Phím và Chuột Bluetooth Không Dây cho Điện Thoại Thông Minh Máy Tính Bảng và Máy Tính Xách Tay,https://www.lazada.vn/products/pdp-i3205610749.html,737.000 ₫,,
COEP | Bộ Bàn Phím và Chuột Bluetooth Không Dây cho Apple Android Huawei Xiaomi Máy Tính Bảng và Điện Thoại Im Lặng,https://www.lazada.vn/products/pdp-i3205389310.html,737.000 ₫,,
COEP | Bộ Bàn Phím và Chuột Bluetooth Không Dây cho Apple Android Huawei Xiaomi Máy Tính Bảng Im Lặng,https://www.lazada.vn/products/pdp-i3205083452.html,737.000 ₫,,
Ibuprofen Tablets USP 200mg 500v hàng Mỹ,https://www.lazada.vn/products/pdp-i3229354753.html,400.000 ₫,,
"Bàn phím rời Bluetooth 3.0 đèn Led siêu nhạy cho Redmi Pad SE/ Redmi Pad Pro/ Mipad 5/5Pro/ Mipad 6/6 Pro/ Huawei Matepad/ máy tính bảng Lenovo, và các máy có kết nối bluetooth khác",https://www.lazada.vn/products/pdp-i2765843581.html,285.000 ₫,3.0,
Rbp Bàn phím cảm ứng cho máy tính bảng Xiaomi Pad Redmi Pad Bàn phím Samsung iPad Huawei Pad phổ Android Máy tính bảng Apple kết nối bluetooth sạc Trọng lượng nhẹ từ chia chuột cảm ứng màu trơn,https://www.lazada.vn/products/pdp-i2651833800.html,283.238 ₫,,
Vải lưới Ê căng cổ điển kiểu dáng masaII chất nhựa PVC ép nhiệt dành cho loa được ưa chuộng nhất,https://www.lazada.vn/products/pdp-i2188656940.html,42.000 ₫,4.0,129 Đã bán
Essager âm thanh độ trung thực cao bộ chuyển đổi âm thanh type-c đến 3.5mm sét đến 3.5mm jack cổng aux trên xe ô tô âm thanh bộ chuyển đổi tai nghe hỗ trợ windows ios linux android macos cho máy tính bảng máy tính xách tay iphone14-8 samsung huawei xiaomi,https://www.lazada.vn/products/pdp-i3109939479.html,51.164 ₫,4.0,
Nokia cổ bàn phím 5310 XPRESSMUSIC chính hãng man zin loa to giá rẻ,https://www.lazada.vn/products/pdp-i1966287569.html,299.000 ₫,5.0,
"Khay Kính Tủ Lạnh 5mm - Chịu lực tốt, đầy đủ kích thước",https://www.lazada.vn/products/pdp-i2618827668.html,95.000 ₫,5.0,232 Đã bán
Mini SOYES XS18 PRO 3G mới Điện thoại thông minh Quad Core 3.0inch Màn hình HD 2GB RAM 16GB ROM WiFi Điểm truy cập Bluetooth Face ID Android 9.0 Hai SIM Tính cách siêu nhẹ Điện thoại nhỏ,https://www.lazada.vn/products/pdp-i2842277428.html,869.551 ₫,5.0,
TAFIQ | Máy Quay Webcam Ngoại Vi 2K với Micro,https://www.lazada.vn/products/pdp-i3193664581.html,325.000 ₫,4.0,
Multivitamin OPC Vị cam ngon - Tuýp cao 20v,https://www.lazada.vn/products/pdp-i2771270270.html,25.000 ₫,,"5 Đã bán
Hồ Chí Minh"
BỔ MẮT ÚC SWISSE KIDS EYE HEALTH,https://www.lazada.vn/products/pdp-i1362046420.html,465.000 ₫,,"5 Đã bán
Hà Nội"
"Chuột bay giọng nói G10s , chuột quang FOTER V181 - Dùng cho tivi , máy tính PC , androibox tablet , gamepad ,,, - HÀNG CHÍNH HÃNG BH 24 THÁNG",https://www.lazada.vn/products/pdp-i1778214773.html,55.000 ₫,4.0,76 Đã bán
Viên uống Daily Multi 500 viên của Mỹ bổ sung Vitamin tổng hợp,https://www.lazada.vn/products/pdp-i1459859658.html,700.000 ₫,4.0,20 Đã bán
"Pin sạc dự phòng Gopro 6, Gopro 7, Gopro 8, Gopro 9, Gopro 10, Gopro 11, cho laptop Dell USB C 65Wh - PW7018LC type C 18000mAh, pin dự phòng cho laptop, điện thoại, máy tính bảng",https://www.lazada.vn/products/pdp-i2115655796.html,2.890.000 ₫,5.0,
Đầu Canh nửa Người Massage Canh Vai Gáy Dùng Cho Học massage,https://www.lazada.vn/products/pdp-i2503313427.html,315.000 ₫,,
[HCM][ HÀNG ĐỨC ] Ống 20 Viên Sủi Vitamin C Mivolis(hàm lượng 240mg C) 20 Viên - DATE 03/2023,https://www.lazada.vn/products/pdp-i750558296.html,99.000 ₫,5.0,23 Đã bán
"Viên uống Blackmores Bio C 1000mg tăng cường sức đề kháng - Hàng chính hãng - Giúp bảo vệ cơ thể, chống lại các gốc tự do",https://www.lazada.vn/products/pdp-i1745006727.html,269.000 ₫,,
VIÊN ĂN NGON TL TĂNG CÂN - Combo 2 hộp lớn,https://www.lazada.vn/products/pdp-i2292804513.html,759.000 ₫,5.0,
ĐẾ TẢN NHIỆT RAIN DESIGN (USA) MSTAND TABLET (2 màu ),https://www.lazada.vn/products/pdp-i832328697.html,899.000 ₫,,
TỦ RACK 6U CHO HỆ THỐNG MẠNG VÀ CAMERA QUAN SÁT.Tủ Rack 6U - Tủ Mạng 6U - Phân Phối Giá Tốt Toàn Quốc,https://www.lazada.vn/products/pdp-i2324419364.html,650.000 ₫,5.0,9 Đã bán
Viên uống bổ sung Canxi Mollers Pharma Kalsium 500 mg nội địa Na Uy (100 viên),https://www.lazada.vn/products/pdp-i2804080697.html,420.000 ₫,5.0,
"(CÓ SẴN)Viên Uống Vitamin C Blackmores Bio C 1000 150 Viên - BIOC BLACKMORE ÚC,date mới",https://www.lazada.vn/products/pdp-i2397880043.html,479.990 ₫,,
Màn hình máy tính Viewsonic VA2732-H 27inch FullHD 5ms IPS 100Hz viền mỏng,https://www.lazada.vn/products/pdp-i870532791.html,3.383.000 ₫,,
"Vang Cơ Tích Hợp Micro Acnos Mi30S, Nhỏ Gọn Và Nhẹ, Lớp Vỏ Phủ Sơn Sần Chống Bám Vân Tay, 2 Đường Mic Line Out Có Hiệu Ứng Effect, Chất Lượng Âm Thanh Tốt Hơn, Có HDMI ARC Truyền Nhạc, Nhập Đức, Bảo Hành 12 Tháng",https://www.lazada.vn/products/pdp-i2576281943.html,3.200.000 ₫,5.0,10 Đã bán
Viên Uống Vitamin C 150 viên Blackmores Bio C 1000mg của Úc,https://www.lazada.vn/products/pdp-i2272916484.html,358.000 ₫,5.0,
THỰC PHẨM BẢO VỆ SỨC KHỎE CALCI NANO NV - BỔ SUNG CANXI,https://www.lazada.vn/products/pdp-i1216760146.html,160.000 ₫,,
Màn hình máy tính Dell E2020H 19.5 inch LED Chính Hãng,https://www.lazada.vn/products/pdp-i1134566285.html,1.995.000 ₫,5.0,
Bộ phát Wifi Router Xiaomi AX6000 AIoT băng tần kép - Wifi 6 6000Mbps - hỗ trợ Mesh - kết nối 248 thiết bị,https://www.lazada.vn/products/pdp-i1310443909.html,3.999.000 ₫,5.0,73 Đã bán
"Máy xay sinh tố SUNHOUSE SHD5112 lưỡi siêu cứng xay cả đá + Tặng 1 cối nhỏ xay gia vị, cối thủy tinh chắc chắn an toàn - Hàng chính hãng",https://www.lazada.vn/products/pdp-i1843864148.html,411.000 ₫,4.0,25 Đã bán
Bổ mắt macu Vision Blackmores Sáng Mắt Blackmores Macu Úc NTNA,https://www.lazada.vn/products/pdp-i2397137772.html,485.000 ₫,,
Blackmores Eye Health Lutein Defence - Bổ mắt 60 viên,https://www.lazada.vn/products/pdp-i697564506.html,435.000 ₫,5.0,11 Đã bán
date 2026 Viên uống Osteo Bi-Flex Triple Strength + Vitamin D Glucosamine Chondroitin with Joint Shield 150 viên Của Mỹ,https://www.lazada.vn/products/pdp-i2596423296.html,539.000 ₫,5.0,
Viên uống vitamin tổng hợp hữu cơ cho mẹ bầu Mykind garden of life prenatal once daily 108v,https://www.lazada.vn/products/pdp-i1235325865.html,2.200.000 ₫,5.0,6 Đã bán
Chính Hãng Cho Nokia 6300 Camera 2.0MP Điện Thoại Di Động Điện Thoại Di Động Màn Hình Màu FM MP3 Bluetooth 2.0 Inch Hỗ Trợ 2 Triệu Pixel GSM 900/1800/1900,https://www.lazada.vn/products/pdp-i1743868503.html,387.387 ₫,5.0,46 Đã bán
NEW BRAND Ydlbat 7340mAh tablet iPad 6 Air 2 a1547 a1566 A1567 A CELL,https://www.lazada.vn/products/pdp-i2771851292.html,312.079 ₫,5.0,
Ống Nhắm Laser Xanh Dài Có Thể Điều Chỉnh Chống Sốc Hình Hổ Phách Hồng Ngoại Điểm Sáng Màu Đỏ Xanh Lá Cây Theo Dõi Chim,https://www.lazada.vn/products/pdp-i3138947569.html,98.010 ₫,,
Hagibis từ điện thoại di động Cooler Trọng lượng nhẹ Bộ Tản Nhiệt điện thoại vật lý Túi độn đá tản làm nóng nhanh cho iPad Máy tính bảng điện thoại chơi game chuyên nghiệp phát trực tiếp,https://www.lazada.vn/products/pdp-i2687071418.html,138.606 ₫,5.0,174 Đã bán
Bàn Phím Bluetooth Không Dây Cho iPhone Huawei Xiaomi Tablet - Bàn Phím Chơi Game Điện Thoại Di Động Mini Có Hỗ Trợ Vỏ PU,https://www.lazada.vn/products/pdp-i3134915012.html,246.000 ₫,,
"Bàn Phím ACTTO B503, Bàn Phím Máy Đánh Chữ Retro Bluetooth 5.0 Không Dây Có Chân Đế Tích Hợp Cho Điện Thoại, Máy Tính Bảng Hỗ Trợ Android/Windows/IOS",https://www.lazada.vn/products/pdp-i1778040382.html,877.286 ₫,4.0,27 Đã bán
"Hexna Multi-device Rechargeable Wireless Bluetooth keyboard for Tablet Laptop Cellphone Ipad support max 12 inch Switch to 2 Devices,iOS Android Windows",https://www.lazada.vn/products/pdp-i2876899890.html,635.484 ₫,,
"Điện Thoại Di Động Mini SERVO BM5310 Với 3 SIM, Chức Năng Giọng Nói Ảo, Ghi Âm Cuộc Gọi Tự Động, Bluetooth, Màn Hình 1.3 Inch, Bàn Phím Kép, Hệ Điều Hành Dumbphone",https://www.lazada.vn/products/pdp-i3018446216.html,432.800 ₫,5.0,13 Đã bán
"LCD Writing Tablet for Kids 10 Inch Spider Hero for Toddler 2 3 4 5 6 - Paint, Doodle Board, Drawing Pad - Travel Toys, Road Trip Car Activities, Birthday",https://www.lazada.vn/products/pdp-i3035857489.html,755.881 ₫,,
"Điện Thoại Xiaomi Redmi Turbo 4 Pro, Chip Snaρdragon 8s Gen 4, FULLBOX LIKENEW Ram 12/256GB AMOLED120Hz, Sạc Nhanh 90W",https://www.lazada.vn/products/pdp-i3142492365.html,7.524.000 ₫,4.0,5 Đã bán
Zbt wifi6 Router 1800Mbps openwrt firmware DDR3 256Mb flash 16Mb 3 * Gigabit LAN WAN USB3.0 Wifi 6 802.11ax hotspot điểm truy cập,https://www.lazada.vn/products/pdp-i2364512953.html,1.365.000 ₫,,
Màn hình LCD 7 inch ek070tn83 v.0,https://www.lazada.vn/products/pdp-i2742459872.html,686.914 ₫,,
Điện thoại mini SOYES XS24 Pro 3.0 inch Điện thoại thông minh Android9.0 siêu mỏng RAM 2GB ROM 16GB SIM kép Chế độ chờ 900mAh Mạng 3G Điện thoại di động nhỏ gọn và tiện lợi,https://www.lazada.vn/products/pdp-i2842177815.html,810.145 ₫,5.0,5 Đã bán
ESEANLEE AC1200 Thẻ mạng không dây Băng tần kép WiFi 5 Bộ chuyển đổi Wifi USB Máy phát Lái xe miễn phí Bộ điều hợp WiFi PCIE dành cho máy tính/điện thoại/máy tính bảng,https://www.lazada.vn/products/pdp-i3159452005.html,131.000 ₫,,
COMFAST CF-WR758AC Bộ Lặp Không Dây Băng Tần Kép Gigabit 1200M Gia Dụng wifi Bộ Khuếch Đại Tín Hiệu,https://www.lazada.vn/products/pdp-i2612594938.html,982.143 ₫,,
"Esquirla Bộ chuyển đổi USB Wifi, 1800Mbps hỗ trợ cho win11/10/7 W/ăng ten ngoài băng tần kép wpa3 Bộ chuyển đổi mạng không dây cho máy tính để bàn",https://www.lazada.vn/products/pdp-i3067429078.html,374.809 ₫,,
New 10.1 inch cảm ứng điện dung màn hình 234*142 mét,https://www.lazada.vn/products/pdp-i2742270703.html,665.348 ₫,,
Cụm Máy Giặt SHARP ESS712 / ESS78 / ESS80 / ESS788 DAEWOO PULSATOR = DWF-6688 DWF-798 DWF-7108,https://www.lazada.vn/products/pdp-i1771981318.html,260.765 ₫,5.0,
"VALER Không dây 2.4G Chuột quang học công thái học mini Bluetooth Chuột dọc hai chế độ Đa chức năng Nút bên lớn Chuột chơi game Dành cho máy tính bảng, máy tính xách tay, máy tính PC",https://www.lazada.vn/products/pdp-i3209055636.html,204.000 ₫,,
Nhựa Keycap kỷ niệm Halloween với nhựa đặc biệt bí ngô Bàn phím nút phím,https://www.lazada.vn/products/pdp-i3211666215.html,136.000 ₫,,
1300Mbps Wifi Adapter Wifi Dongle Ăng Ten Không Dây Tầm Xa Băng Tần Kép 5GHz USB 3.0 Cho Máy Tính Để Bàn Không Dây thẻ TF-Dan-VN,https://www.lazada.vn/products/pdp-i3067056231.html,214.000 ₫,3.0,
Bán Buôn Nhà Máy 10.1 Màn Hình Cảm Ứng Inch CTP Máy Tính Tiền Siêu Thị Máy Tính Bảng Công Nghiệp Lắp Ráp Màn Hình Cảm Ứng LCD 0431G,https://www.lazada.vn/products/pdp-i2911815707.html,552.195 ₫,,
TWIRK WiFi 5 Thẻ mạng không dây AC1200 Băng tần kép Bộ điều hợp WiFi PCIE Máy phát Ăng-ten Bộ chuyển đổi Wifi USB dành cho máy tính/điện thoại/máy tính bảng,https://www.lazada.vn/products/pdp-i3170863024.html,186.133 ₫,,
Đế máy tính xách tay có thể điều chỉnh Ergonomic Tablet chủ Hợp kim nhôm khung gấp làm mát Riser,https://www.lazada.vn/products/pdp-i3166084491.html,338.705 ₫,,
VALER Băng tần kép Thẻ mạng không dây 1300 triệu 2.4G/5GHz Bộ chuyển đổi Wifi USB Bền bỉ Đang quay Bộ điều hợp WiFi PCIE Dành cho máy tính/điện thoại/máy tính bảng,https://www.lazada.vn/products/pdp-i3207083603.html,197.000 ₫,,
FVZSDF Băng tần kép Bộ chuyển đổi USB WiFi 2.4G/5Ghz 2 Thiết kế ăng-ten Thẻ mạng không dây Cắm và Chạy Người nhận Thiết bị WiFi 1300Mbps Dành cho máy tính/PC/máy tính bảng,https://www.lazada.vn/products/pdp-i3195357688.html,201.000 ₫,,
Tenda U9 650mbps băng tần kép Bộ chuyển đổi USB wifi cho máy tính để bàn và máy tính xách tay,https://www.lazada.vn/products/pdp-i3168807162.html,169.000 ₫,,
SOYES S26 Điện thoại thông minh mini Mạng 3G RAM 2GB ROM 16GB Dual SIM 3.0 Inch 1000mAh Điện thoại di động Android8.1,https://www.lazada.vn/products/pdp-i2428797505.html,922.144 ₫,5.0,
Câu Đối Xanh usb Máy Tính Để Bàn Card Mạng Không Dây wifi Máy Phát Nhận Bên Ngoài 650M Gigabit 5G Ổ Đĩa Miễn Phí Băng Tần Kép,https://www.lazada.vn/products/pdp-i2824890196.html,325.091 ₫,,
Băng tần kép Thẻ mạng không dây 2.4G/5GHz 1300 triệu Bộ chuyển đổi Wifi USB Di động Ăng-ten Bộ điều hợp WiFi PCIE Dành cho máy tính/điện thoại/máy tính bảng,https://www.lazada.vn/products/pdp-i3206676414.html,192.500 ₫,,
Dây Mắt App HDCAMERAPRO Linh Kiện Camera Mini Thay Thế Dây Bọc Vải Dù - Ống Kính Mắt Camera Chỉ Dùng cho Các Loại Cho Camera Các Phiên Bản Sử Dụng App HDCAMERAPRO,https://www.lazada.vn/products/pdp-i2398878409.html,190.000 ₫,4.0,7 Đã bán
EMERRY 2 Thiết kế ăng-ten Bộ chuyển đổi USB WiFi 2.4G/5Ghz Băng tần kép Thẻ mạng không dây Tốc độ cao Không cần trình điều khiển Thiết bị WiFi 1300Mbps Dành cho máy tính/PC/máy tính bảng,https://www.lazada.vn/products/pdp-i3201859605.html,247.400 ₫,,
FLICKS WiFi 5 Thẻ mạng không dây AC1200 Băng tần kép Bộ chuyển đổi Wifi USB Di động 2.4G/5GHz Bộ điều hợp WiFi PCIE dành cho máy tính/điện thoại/máy tính bảng,https://www.lazada.vn/products/pdp-i3198375677.html,182.133 ₫,,
XSCLZE 900Mbps Bộ chuyển đổi Bluetooth 5.4 WiFi 6 Băng tần kép Bộ thu WiFi không dây Thẻ nhận USB mini Thẻ mạng USB Máy tính cá nhân/Laptop,https://www.lazada.vn/products/pdp-i3181393638.html,161.000 ₫,,
Trò chơi máy tính Zenless Zone Zero Ellen Bảng Pad Bán chạy nhất HD Máy tính để bàn 180x220x2mm Phụ kiện chơi game Chuột Pad,https://www.lazada.vn/products/pdp-i3066348968.html,66.000 ₫,,
Orange Pi Zero 3 1GB RAM DDR4 Allwinner H618 WiFi Bluetooth BLEPC Bảng phát triển Orange Pi Zero3 Máy tính bảng đơn,https://www.lazada.vn/products/pdp-i3053146027.html,979.332 ₫,,
12v2a ngoai troi bao hanh doi moi Nguồn Treo 12V-2A Chống Nước Cho Camera Ngoài Trời . - Nguồn Treo 12V-2A,https://www.lazada.vn/products/pdp-i2613587172.html,21.000 ₫,4.0,
"Công Tắc Đèn LED Bảng Điều Khiển Tường Thông Minh Không Dây 86 RF 433Mhz Với Điều Khiển Từ Xa 1/2/3 Gang, Bộ Thu Tín Hiệu Mini, Tự Động Hóa Nhà Cửa",https://www.lazada.vn/products/pdp-i2666402384.html,43.200 ₫,4.0,
Máy Lọc Nước Cho Bể Cá Cảnh 3 IN 1 - Bơm Lọc + Thổi Luồng + Tạo Oxy - Bộ Lọc Tràn Trên Cho Hồ Cá ĐỦ SIZE 188(12w)/ 288(15w)/ 388(25w)/ 9800(35w) - Thủy Sinh Shiwa,https://www.lazada.vn/products/pdp-i2480629264.html,78.000 ₫,4.0,
Bút Cảm Ứng Lenovo Xioami Pad pro Bút Vẽ Điện Dung Cho Máy Tính Bảng Lenovo Tab M11 M10 M9 Bút Cảm Ứng M8 Thiết Bị Văn Phòng,https://www.lazada.vn/products/pdp-i3140973488.html,355.000 ₫,,"7 Đã bán
China"
Máy Đựng Thức Ăn Cá Tự Động Có hẹn Giờ Dung Lượng Lớn Thông Minh,https://www.lazada.vn/products/pdp-i3206698935.html,147.000 ₫,4.0,
"Chân tủ lạnh máy giặt , tủ mát đứng ...inox dày , hàn chết rất chắc chắn , có các kích thướt thông dụng , cao tùy chọn 10cm/15cm/ 20cm",https://www.lazada.vn/products/pdp-i1514220710.html,330.000 ₫,4.0,589 Đã bán
Andrao size 4-5 trang trí cho bể cá hồ cá,https://www.lazada.vn/products/pdp-i3227611971.html,89.000 ₫,5.0,
"Đứng Trường Hợp Đối Với Samsung Galaxy Tab S11 2025 11 Inch, vỏ bằng da PU Với hộp đựng bút chì 360 Độ Đứng Chân Đế Bảo Vệ Bìa Cho Galaxy Tab S11 2025",https://www.lazada.vn/products/pdp-i3194964447.html,205.341 ₫,,
FEIZHUXIANSEN | Rãnh Dẫn Đường cho Máy Hút Bụi Robot tại Nhà,https://www.lazada.vn/products/pdp-i3205695889.html,223.000 ₫,,
Bố tròn lắp nối 2 đầu tiếp láp nối trục phi 34 inox 304 bố cao su cạc đăng khớp nối phi 34 lắp trục khủy guồng quạt nước tạo oxy hồ cá ao tôm,https://www.lazada.vn/products/pdp-i2619009550.html,250.000 ₫,4.0,23 Đã bán
"COEP | Bàn Phím Bluetooth Không Dây Di Động cho Máy Tính Bảng, Điện Thoại Thông Minh và Máy Tính Xách Tay",https://www.lazada.vn/products/pdp-i3205734828.html,737.000 ₫,,
adidas | Giày Thể Thao Nhẹ Casual,https://www.lazada.vn/products/pdp-i3231192244.html,1.679.000 ₫,,
COEP | Bộ Bàn Phím và Chuột Bluetooth Không Dây cho Điện Thoại Thông Minh và Máy Tính Bảng,https://www.lazada.vn/products/pdp-i3204958392.html,737.000 ₫,,
"Adapter - Nguồn 12v 1A, 1,5A , 2A chính hãng loại tốt",https://www.lazada.vn/products/pdp-i2596958363.html,35.000 ₫,4.0,38 Đã bán
COEP | Bàn Phím và Chuột Bluetooth Không Dây cho Điện Thoại Thông Minh Máy Tính Bảng và Máy Tính Xách Tay,https://www.lazada.vn/products/pdp-i3204855259.html,737.000 ₫,,
COEP | Bộ Bàn Phím và Chuột Bluetooth Không Dây cho Điện Thoại Thông Minh và Máy Tính Bảng,https://www.lazada.vn/products/pdp-i3205500843.html,737.000 ₫,,
COEP | Bộ Bàn Phím và Chuột Bluetooth Không Dây cho Điện Thoại Thông Minh và Máy Tính Bảng,https://www.lazada.vn/products/pdp-i3205913792.html,737.000 ₫,,
adidas | Giày Thể Thao Nhẹ,https://www.lazada.vn/products/pdp-i3231173693.html,2.750.000 ₫,,
Bò sát đèn mặt trời UVA + UVB quang phổ đầy đủ E27 vít phổ thông Pet bò đèn thuộc da cho rùa thằn lằn (14x10.5x3.5cm),https://www.lazada.vn/products/pdp-i2535221061.html,322.212 ₫,,
COEP | Bộ Bàn Phím và Chuột Bluetooth Không Dây cho Điện Thoại Thông Minh và Máy Tính Bảng,https://www.lazada.vn/products/pdp-i3205024097.html,737.000 ₫,,
Hồ lọc vách lưng 30*30*30 kính 5li lổ out fi20 (30cm bao gồm cả vách ),https://www.lazada.vn/products/pdp-i3173058310.html,350.000 ₫,,
COEP | Bộ Bàn Phím và Chuột Bluetooth Không Dây cho Điện Thoại Thông Minh và Máy Tính Bảng,https://www.lazada.vn/products/pdp-i3205069382.html,737.000 ₫,,
COEP | Bộ Bàn Phím và Chuột Bluetooth Không Dây Sạc cho Máy Tính Bảng và Điện Thoại Thông Minh Apple,https://www.lazada.vn/products/pdp-i3198433645.html,434.000 ₫,,
COEP | Bàn Phím và Chuột Bluetooth Không Dây cho Điện Thoại Thông Minh Máy Tính Bảng và Máy Tính Xách Tay,https://www.lazada.vn/products/pdp-i3204490837.html,737.000 ₫,,
COEP | Bộ Bàn Phím và Chuột Bluetooth Không Dây cho Apple Android Huawei Xiaomi Máy Tính Bảng và Điện Thoại,https://www.lazada.vn/products/pdp-i3205598762.html,737.000 ₫,,
"[GOOJODOQ*Quà Tặng] PHỤ KIỆN QUẠT SIÊU TỐC, VỎ BẢO VỆ SILICON, NHÃN DÁN KIM CƯƠNG LẤP LÁNH",https://www.lazada.vn/products/pdp-i3206526617.html,218.187 ₫,,
Touchpad Bluetooth Keyboard with Mouse for PC Tablet Gaming Wireless Keyboard,https://www.lazada.vn/products/pdp-i3225073291.html,351.277 ₫,,
COEP | Bộ Bàn Phím và Chuột Bluetooth Không Dây cho Apple Android Huawei Xiaomi Máy Tính Bảng và Điện Thoại Im Lặng,https://www.lazada.vn/products/pdp-i3205074156.html,737.000 ₫,,
Care Skin Whitening Tablet Light Pills Dark Spots Treatment Baby Food Nutrition Supplement from China No Brand Registered,https://www.lazada.vn/products/pdp-i3168189181.html,955.000 ₫,,
adidas | Giày Thể Thao Cổ Điển,https://www.lazada.vn/products/pdp-i3231396241.html,2.319.000 ₫,,
B．O．W | Bàn Phím Bluetooth Cảm Ứng Gập Được cho Máy Tính xách Tay và Máy Tính Bảng,https://www.lazada.vn/products/pdp-i3181059172.html,1.510.000 ₫,4.0,
COEP | Bộ Bàn Phím và Chuột Bluetooth Không Dây cho Apple Android Huawei Xiaomi Máy Tính Bảng và Điện Thoại,https://www.lazada.vn/products/pdp-i3205481690.html,737.000 ₫,,
Tấm Lót Bàn Máy Tính Bằng Da Siêu Lớn Có Viền Gấp Bảo Vệ Cổ Tay Tấm Lót Bàn Phím Cho Trẻ Em Học Sinh Tấm Lót Bàn Làm Việc,https://www.lazada.vn/products/pdp-i3217545076.html,237.000 ₫,,"61 Đã bán
China"
Bộ Bàn Phím Chuột Không Dây Bluetooth 87 Cơ Học Chơi Game Cho Máy Tính Xách Tay Máy Tính Để Bàn Máy Tính Bảng Văn Phòng Im Lặng Cho Nam Và Nữ,https://www.lazada.vn/products/pdp-i3203004894.html,612.000 ₫,,
COEP | Bộ Bàn Phím và Chuột Bluetooth Không Dây cho Apple Android Huawei Xiaomi Máy Tính Bảng và Điện Thoại,https://www.lazada.vn/products/pdp-i3205403191.html,737.000 ₫,,
"Viên Uống Bổ Mắt Tăng Thị Lực Ngừa Mỏi Khô Mắt Cao Cấp - Swisse Ultiboost Bilberry 30 Viên Chiết Xuất Quả Việt Quất Úc - SẢN PHẨM CỰC CHUẨN, ĐƯỢC YÊU THÍCH SĂN ĐÓN TRÊN THỊ TRƯỜNG HIỆN NAY, HÀNG DÙNG SIÊU THÍCH MỜI KHÁCH YÊU TRẢI NGHIỆM, SẢN PHẨM ĐƯỢC SHO",https://www.lazada.vn/products/pdp-i3140533862.html,1.249.900 ₫,,
Essager bộ chuyển đổi âm thanh loại c đến 3.5mm sét đến 3.5mm jack aux tai nghe cáp cho bộ chuyển đổi hỗ trợ windows macos linux android ipad os cho máy tính bảng máy tính xách tay iphone samsung huawei xiaomi điện thoại loại c để 3.5 tai nghe bộ chuyển đ,https://www.lazada.vn/products/pdp-i2763636652.html,71.487 ₫,4.0,
DELI | Điện Thoại Để Bàn Có Dây Hiển Thị Số Gọi Đến và Báo Giọng Nói,https://www.lazada.vn/products/pdp-i3189032481.html,827.000 ₫,4.0,
sunsun | Bộ Lọc Bể Cá Treo Tường 3-trong-1 Bơm tuần hoàn nước,https://www.lazada.vn/products/pdp-i3206166094.html,447.000 ₫,4.0,
SOBO | Bơm Oxy Đa Năng Cho Bể Cá Di Động,https://www.lazada.vn/products/pdp-i3196542696.html,154.000 ₫,4.0,
STILLMUSE AC1200 Thẻ mạng không dây WiFi 5 Băng tần kép Bộ chuyển đổi Wifi USB Máy phát Ăng-ten Bộ điều hợp WiFi PCIE dành cho máy tính/điện thoại/máy tính bảng,https://www.lazada.vn/products/pdp-i3227456188.html,152.133 ₫,,
Phụ Kiện Máy Tính Wireless Bluetooth Dual Mode Type-C Charging Port Desktop Laptop Tablet Mobile Phone Applicable Mouse,https://www.lazada.vn/products/pdp-i3233626162.html,232.000 ₫,,
Mini kẹp di động trên ve áo Lavalier rảnh tay 3.5mm jack tụ Micro có dây mic cho iPhone iPad Điện thoại thông minh máy tính PC máy tính xách tay loa,https://www.lazada.vn/products/pdp-i3234493270.html,101.000 ₫,,
Mini kẹp di động trên ve áo Lavalier rảnh tay 3.5mm jack tụ Micro có dây mic cho iPhone iPad Điện thoại thông minh máy tính PC máy tính xách tay loa,https://www.lazada.vn/products/pdp-i3234279530.html,101.000 ₫,,
Mini kẹp di động trên ve áo Lavalier rảnh tay 3.5mm jack tụ Micro có dây mic cho iPhone iPad Điện thoại thông minh máy tính PC máy tính xách tay loa,https://www.lazada.vn/products/pdp-i3234242565.html,101.000 ₫,,
Sobebetter Type C Wireless Mouse Không Dây Thiết Bị Ngoại Vi Cho Macbook Laptop Smartphone Tablet Đàn Ông Im Lặng Sạc Pin,https://www.lazada.vn/products/pdp-i3233633172.html,199.000 ₫,,
Mini kẹp di động trên ve áo Lavalier rảnh tay 3.5mm jack tụ Micro có dây mic cho iPhone iPad Điện thoại thông minh máy tính PC máy tính xách tay loa,https://www.lazada.vn/products/pdp-i3234473429.html,101.000 ₫,,
Mini kẹp di động trên ve áo Lavalier rảnh tay 3.5mm jack tụ Micro có dây mic cho iPhone iPad Điện thoại thông minh máy tính PC máy tính xách tay loa,https://www.lazada.vn/products/pdp-i3234411261.html,101.000 ₫,,
Mini kẹp di động trên ve áo Lavalier rảnh tay 3.5mm jack tụ Micro có dây mic cho iPhone iPad Điện thoại thông minh máy tính PC máy tính xách tay loa,https://www.lazada.vn/products/pdp-i3234354459.html,101.000 ₫,,
Mini kẹp di động trên ve áo Lavalier rảnh tay 3.5mm jack tụ Micro có dây mic cho iPhone iPad Điện thoại thông minh máy tính PC máy tính xách tay loa,https://www.lazada.vn/products/pdp-i3234324455.html,101.000 ₫,,
"THANH ĐÈN LED TIVI TCL 55P1S D55A930C HÀNG MỚI 100%, BỘ 10 THANH MỖI THANH 5 BÓNG 6V, DÀI 52,3cm",https://www.lazada.vn/products/pdp-i2616475867.html,290.000 ₫,,
NiYi Focus | Nắp che kim loại tiêu chuẩn đa năng NiYi Focus Silver Metal Lens Hood tương thích với Canon Fuji Nikon Sony DSLR Mirrorless,https://www.lazada.vn/products/pdp-i3171887815.html,84.000 ₫,4.0,
COEP | Bộ Bàn Phím và Chuột Bluetooth Không Dây cho Điện Thoại Thông Minh và Máy Tính Bảng,https://www.lazada.vn/products/pdp-i3205493936.html,737.000 ₫,,
COEP | Bộ Bàn Phím và Chuột Bluetooth Không Dây cho Điện Thoại Thông Minh và Máy Tính Bảng,https://www.lazada.vn/products/pdp-i3205477964.html,737.000 ₫,,
COEP | Bộ Bàn Phím và Chuột Bluetooth Không Dây cho Apple Android Huawei Xiaomi Máy Tính Bảng và Điện Thoại,https://www.lazada.vn/products/pdp-i3205785410.html,737.000 ₫,,
Quạt tản nhiệt PC Thực Tế quạt tản nhiệt 6500Rpm Thuận Tiện Độ Chính Xác Cao Cho Máy Tính Nhà Máy Tính Để Bàn Hệ thống làm mát bằng nước,https://www.lazada.vn/products/pdp-i3231550125.html,214.000 ₫,,
"Vitamin Tổng Hợp Cho Bà Bầu Femifortil Zdrovit,Bổ Trứng Tăng Khả Năng Thụ Thai, Cân Bằng Nội Tiết Tố",https://www.lazada.vn/products/pdp-i2528434723.html,959.000 ₫,,
COEP | Bộ Bàn Phím và Chuột Bluetooth Không Dây cho Điện Thoại Thông Minh và Máy Tính Bảng,https://www.lazada.vn/products/pdp-i3205523390.html,737.000 ₫,,
COEP | Bộ Bàn Phím và Chuột Bluetooth Không Dây cho Điện Thoại Thông Minh và Máy Tính Bảng,https://www.lazada.vn/products/pdp-i3205361446.html,737.000 ₫,,
Thiết Bị Làm Mát Máy Tính Bằng Thép Hợp Kim Nhôm Hình Chữ Nhật 2U Cho Máy Chủ CPU Bộ Làm Mát Bằng Không Khí Máy Tính,https://www.lazada.vn/products/pdp-i3229301424.html,1.786.000 ₫,,
"[HÀNG ÚC] Viên uống bổ mắt chống ánh sáng xanh tăng cường thị lực - Blackmores Lutein Defence Eye Care Vitamin 60 viên - SẢN PHẨM CỰC CHUẨN, ĐƯỢC YÊU THÍCH SĂN ĐÓN TRÊN THỊ TRƯỜNG HIỆN NAY, HÀNG DÙNG SIÊU THÍCH MỜI KHÁCH YÊU TRẢI NGHIỆM, SẢN PHẨM ĐƯỢC SHO",https://www.lazada.vn/products/pdp-i3145662801.html,759.900 ₫,,
COEP | Bộ Bàn Phím và Chuột Bluetooth Không Dây cho Điện Thoại Thông Minh và Máy Tính Bảng,https://www.lazada.vn/products/pdp-i3205044252.html,738.000 ₫,,
1300Mbps Wifi Adapter Wifi Dongle Ăng Ten Không Dây Tầm Xa Băng Tần Kép 5GHz USB 3.0 Cho Máy Tính Để Bàn Không Dây thẻ DEF-VN,https://www.lazada.vn/products/pdp-i3222024343.html,227.000 ₫,3.0,
adidas | Giày Chạy Bộ Nữ,https://www.lazada.vn/products/pdp-i3231479225.html,999.000 ₫,,
COEP | Bộ Bàn Phím và Chuột Bluetooth Không Dây cho Điện Thoại Thông Minh và Máy Tính Bảng,https://www.lazada.vn/products/pdp-i3205294530.html,737.000 ₫,,
COEP | Bộ Bàn Phím & Chuột Bluetooth 3 Chế Độ Không Dây cho iPad & Laptop,https://www.lazada.vn/products/pdp-i3198414366.html,652.000 ₫,,
"Thanh nhiệt nồi nấu phở 220v/500w/700w/1kw/1,5kw/2kw/2,5kw/3kw inox 304 zen M16",https://www.lazada.vn/products/pdp-i1508277204.html,79.000 ₫,4.0,851 Đã bán
adidas | Giày Chạy Bộ Nữ,https://www.lazada.vn/products/pdp-i3231252192.html,1.642.000 ₫,,
Mini Pci‑E Card Wi-Fi hai băng tần Card mạng 802.11AC Card Wi-Fi cho ThinkPad máy tính xách tay Ibm,https://www.lazada.vn/products/pdp-i3062644338.html,127.000 ₫,,
"Teclast M50 Mini (2024) 8.7 ""m50mini máy tính bảng máy tính funda đánh thức tự động thông minh/ngủ Ba Giá đỡ gấp lại được Bìa Trường hợp với Ốp lưng nhựa TPU mềm",https://www.lazada.vn/products/pdp-i2806176074.html,55.449 ₫,,"7 Đã bán
China"
Đèn Led Thủy Sinh Cao Cấp - Đèn chiếu sáng hồ cá cảnh,https://www.lazada.vn/products/pdp-i2691197306.html,50.000 ₫,4.0,253 Đã bán
Bảy Master bể cá nhỏ xem chiếu sáng LED cảnh quan Đèn bể cá Nam Mỹ nhỏ Đèn chiếu điểm,https://www.lazada.vn/products/pdp-i3033665758.html,95.172 ₫,4.0,78 Đã bán
Dây Mắt 24 Chân App LOOKCAM / LOOKCAMPRO / HDMINICAM - Linh Kiện Camera Mini Thay Thế Dây Bọc Vải Dù - Ống Kính Mắt Camera Các Loại Cho Camera Các Phiên Bản,https://www.lazada.vn/products/pdp-i2398855610.html,190.000 ₫,5.0,107 Đã bán
"Bể Bạt Nuôi Cá, Nuôi Ốc, Nuôi Lươn,... Bể Bạt Làm Bể Chứa, Bể Bạt Làm Bể Bơi. Bể Bạt Xanh Bộ Đội Cao Cấp Dày Dặn",https://www.lazada.vn/products/pdp-i3088685417.html,195.570 ₫,4.0,71 Đã bán
Essager cáp truyền âm thanh RCA Jack 3.5 Để 2 cáp RCA 3.5Mm Jack Để 2RCA Nam Splitter cáp AUX Cho TV PC Bộ Khuếch Đại DVD Dây loa,https://www.lazada.vn/products/pdp-i2530312361.html,39.000 ₫,5.0,551 Đã bán
🔥 Nguyên chất 🔥 【hepa+carbon 2in1】Lõi Lọc Không Khí lọc Xiaomi Air Purifier 2/2S/2H/2C/3H/3C/3S/pro Filter Bộ lọc không khí Phụ kiện máy lọc không khí Hepa và than hoạt tính Hepa chất lượng cao,https://www.lazada.vn/products/pdp-i2743351189.html,150.000 ₫,5.0,
Lưới Lọc 120 Mắt Cho Ống Nhòm Câu Cá Bằng Sắt Mạ Trắng Không Phải Thép Không Gỉ Dùng Cho Thí Nghiệm Phân Loại Ngọc Trai Thuốc Dân Gian,https://www.lazada.vn/products/pdp-i3215420449.html,71.000 ₫,,"126 Đã bán
Hong Kong"
Cụm Điện thoại Samsung A03 Máy 95% Pin Bền Bản 4Gb/64Gb,https://www.lazada.vn/products/pdp-i3132164969.html,950.000 ₫,,
Xiaomi Pad 5/5 Pro 11 Inch Vỏ Bàn Phím Bluetooth Chống Nước Chống Sốc TPU Thời Trang Phụ Kiện Máy Tính Bảng Để Bảo Vệ Tăng Cường,https://www.lazada.vn/products/pdp-i3133779240.html,240.000 ₫,,
Vỏ Bọc Bàn Phím Lenovo Tab M11 11 Inch TB-330FU/XU & Xiaoxin Pad 2024 11 Inch TB-331FC - Vỏ Máy Tính Bảng Chống Bụi Thời Trang TPU,https://www.lazada.vn/products/pdp-i3157424323.html,245.250 ₫,5.0,26 Đã bán
LÓC BLUE BENGAL -- -- ĐỒNG KIỂM VỚI SHIPPER HOẶC QUAY VIDEO KHUI HỘP GỬI SHOP NẾU CÓ SỰ CỐ,https://www.lazada.vn/products/pdp-i3222575878.html,209.000 ₫,,
Ăng ten Định hướng Omni 2 cái Bộ định tuyến Wi-Fi ăng ten chuyên nghiệp cho nhà cho doanh nghiệp,https://www.lazada.vn/products/pdp-i3190362982.html,138.000 ₫,,
Quạt giàn nóng máy lạnh tháo máy,https://www.lazada.vn/products/pdp-i2946746644.html,250.000 ₫,,
Bàn phím không dây trackpad cho Redmi Pad SE 11 inch 2023 6 11 inch 6 Pro 11 5 Pro 5 11 inch cho Redmi Pad 10.61 inch Vỏ bàn phím phát sáng bluetooth không dây,https://www.lazada.vn/products/pdp-i2419146117.html,157.000 ₫,5.0,
Côn (màng) loa yến Titan hàng cao cấp chính hãng,https://www.lazada.vn/products/pdp-i2034228466.html,175.000 ₫,5.0,24 Đã bán
CONGLINSHIZI | Giày Thể Thao Thời Trang Mùa Đông-Xuân,https://www.lazada.vn/products/pdp-i3198137005.html,569.000 ₫,,
"BỘ 3 CẤP LỌC ĐẦU NGUỒN,NƯỚC VÀO ,RA PHI 21",https://www.lazada.vn/products/pdp-i1491303321.html,272.000 ₫,5.0,50 Đã bán
"VIÊN UỐNG GIẢI ĐỘC, THẢI ĐỘC GAN HIỆU QUẢ SWISSE LIVER DETOX",https://www.lazada.vn/products/pdp-i1975814635.html,549.900 ₫,,
"Redmi Pad Pro 12.1 2024 BAO DA BÀN PHÍM Smart Keybroad có Touchpad,giá đỡ,đèn LED, tháo rời cho Redmi Pad Pro 12.1 2024",https://www.lazada.vn/products/pdp-i2751131214.html,1.099.000 ₫,5.0,
Vỏ Bảo Vệ Bằng Da Thật Cho Máy Ảnh Canon EOS R50 Vỏ Đựng Máy Ảnh Vỏ Đựng Máy Tính Vỏ Đựng Điện Thoại Vỏ Đựng Phụ Kiện,https://www.lazada.vn/products/pdp-i3200879381.html,366.000 ₫,,
cảm ứng masstel tab 8 Edu,https://www.lazada.vn/products/pdp-i2338913239.html,227.000 ₫,3.0,19 Đã bán
COEP | Bộ Bàn Phím và Chuột Bluetooth Không Dây cho iPad Pro và Thiết Bị Apple,https://www.lazada.vn/products/pdp-i3198489122.html,524.000 ₫,,
"UNI VTC BODY- Viên uống tăng cân VTC - Bổ sung protein, và các thiết bị axit amin cho cơ thể, hỗ trợ tăng cường tiêu hóa, giúp ăn ngon, hỗ trợ bổ sung sức khỏe, nâng cao sức đề kháng giúp cơ thể khỏe mạnh",https://www.lazada.vn/products/pdp-i2675758502.html,260.000 ₫,,
1 x,https://www.lazada.vn/products/pdp-i3089403201.html,12.000 ₫,,
"GOOJODOQ Bàn Phím Bluetooth Tròn 10 Inch Bàn Phím Không Dây (Giá Đỡ Điện Thoại Quà Tặng Miễn Phí) Bàn Phím iPad, Di Động",https://www.lazada.vn/products/pdp-i1266749750.html,186.000 ₫,4.0,140 Đã bán
Smartdevil máy tính bảng Xiaomi Pad Vỏ bàn phím cho Xiaomi Pad 6 Xiaomi Pad 6S Pro Xiaomi Pad 5 Redmi Pad Pro Poco Pad Redmi Pad SE 11 / 12.4 / 10.6 / 12.1 inch giá đỡ bằng da bìa với rãnh để Bút vỏ máy tính bảng thông min,https://www.lazada.vn/products/pdp-i2652811453.html,598.000 ₫,3.0,8 Đã bán
Sumi zym s09 Bcomplex zyme c tăng trọng lợi tiêu hoá tăng đề kháng gà vịt ngan cút,https://www.lazada.vn/products/pdp-i2005639256.html,35.000 ₫,,
Viên Uống Tổng Hợp One A Day Women's Complete Multivitamin,https://www.lazada.vn/products/pdp-i1861796717.html,810.000 ₫,,
Máy tính để bàn băng tần kép các mạng không dây 1730Mbps PCI E 9260ac 802.11ac với 6dBi ac68u,https://www.lazada.vn/products/pdp-i3162677533.html,897.000 ₫,,
Cho Xiaomi Redmi Pad 2 Pad2 4G Wi-Fi/LTE máy tính bảng 11 inch 2025 bìa chất liệu da PU Trường hợp với chức năng tự động đánh thức đứng lật trường hợp,https://www.lazada.vn/products/pdp-i3116931386.html,75.000 ₫,5.0,6 Đã bán
"Bể Cá Rùa Sinh Thái có Bệ Ngâm Nước Nhỏ bằng Nhựa, Môi Trường Sống cho Rùa, Chống Trốn",https://www.lazada.vn/products/pdp-i3217620442.html,93.000 ₫,4.0,
Giày Thể Thao Cách Nhiệt 34,https://www.lazada.vn/products/pdp-i3196500852.html,356.000 ₫,,
"Dụng cụ hút cặn, thay nước hồ cá, hồ thủy sinh cao cấp JENECA - AS666",https://www.lazada.vn/products/pdp-i2380897007.html,74.715 ₫,5.0,19 Đã bán
"Đứng trường hợp đối với Xiaomi Redmi Pad SE trường hợp 11 inch hình cây dập nổi lật bằng da bìa cho funda Redmi Pad SE Redmi Pad 10.61 ""vỏ máy tính bảng",https://www.lazada.vn/products/pdp-i2428501137.html,174.590 ₫,4.0,42 Đã bán
"2025 mới cho máy tính bảng Xiaomi Pad 8 Pro 11.2 ""8pro mỏng kép từ trường hợp cho Mi Pad 7 Pro 11.2 inch có thể tháo rời giá gập funda chống sốc Bìa",https://www.lazada.vn/products/pdp-i3203292935.html,128.000 ₫,,
"Bàn phím từ tính trường hợp cho Samsung Galaxy Tab A9 8.7 ""2023 cho Galaxy Tab A7 Lite 8.7 Bàn phím tháo rời miễn phí chuột không dây với hộp đựng bút chì khe cắm",https://www.lazada.vn/products/pdp-i2810800780.html,131.470 ₫,5.0,7 Đã bán
"Miếng đệm tai thay thế đệm earmuffs cho Bose On-Ear OE, oe1, QC3 tai nghe",https://www.lazada.vn/products/pdp-i3146105056.html,55.000 ₫,,
ĐÈN LED 28 BÓNG USB 28B 28L SIÊU SÁNG - GIAO MÀU NGẪU NHIÊN,https://www.lazada.vn/products/pdp-i2560912309.html,35.000 ₫,,
"Quạt Lớn Công Nghiệp, Cánh Quạt, Phụ Kiện Quạt Điện, Quạt Điện, Quạt Sàn, Quạt Sừng, Lá, Loại Phổ Thông 3 Ba Lá",https://www.lazada.vn/products/pdp-i2609294734.html,88.874 ₫,4.0,186 Đã bán
"Bộ Phát WiFi 6 Băng Tần Kép AX5400 LINKSYS E9450, Công nghệ EasyMesh, Phủ sóng tới 230m2, Chịu tải 40+ thiết bị",https://www.lazada.vn/products/pdp-i1177568951.html,4.599.000 ₫,4.0,19 Đã bán
[HCM] SUCA DAC Q5 Pro - Hàng chính hãng,https://www.lazada.vn/products/pdp-i2806624891.html,1.929.000 ₫,,
Gorillapod Octopus Cỡ Lớn Đế Bàn Đứng Linh Hoạt Cho Điện Thoại Thiết Kế Máy Tính Bảng Máy Tính Xách Tay Phụ Kiện,https://www.lazada.vn/products/pdp-i3227620958.html,2.814.000 ₫,,
"Vang số chỉnh cơ chuẩn hãng P Acoustic X10 Plus hàng chuẩn hãng có reveb hay như vang số, dễ chỉnh âm sắc.",https://www.lazada.vn/products/pdp-i1785242873.html,2.180.000 ₫,,
(Đủ BILL) Viên bổ sung vitamin C 1000 Eundan 120viên,https://www.lazada.vn/products/pdp-i2419194262.html,685.400 ₫,,
"[New] Xiaomi 15T Pro | Ống kính tele Leica 5x Pro, Chụp ảnh Spotlight | Thiết kế thân máy bo tròn thanh lịch | Màn hình 6.83"" bảo vệ mắt cùng tần số quét 144Hz | Sạc nhanh HyperCharge: 90W có dây, 50W không dây | Xiaomi HyperAl",https://www.lazada.vn/products/pdp-i3181247864.html,17.990.000 ₫,5.0,17 Đã bán
Lọc Chìm Mini Đa Năng Sobo 3 Trong 1 WP-650F WP-750F WP-850F WP-950F - Lọc Chìm Mini Dùng Cho Hồ Cá,https://www.lazada.vn/products/pdp-i2946716046.html,55.000 ₫,4.0,161 Đã bán
adidas | Giày Thể Thao Nữ Dễ Thương,https://www.lazada.vn/products/pdp-i3232971774.html,2.453.000 ₫,,
Bàn Di Chuột Không Dây Bluetooth AI Học Máy T30 pro Máy Tính Bảng Công Nghệ 2.4GHz+Bluetooth Độ Xa Tối Đa 10m Bảo Hành 12 Tháng,https://www.lazada.vn/products/pdp-i3169117599.html,347.000 ₫,,
"[NEW 2025] Nhà Vệ Sinh Cho Mèo Tự Động, Máy Dọn Phân Mèo PETREE x HELIPET 2024 - HeLiPet",https://www.lazada.vn/products/pdp-i2022241422.html,5.390.000 ₫,5.0,73 Đã bán
COEP | Bộ Bàn Phím và Chuột Bluetooth Không Dây cho Điện Thoại Thông Minh và Máy Tính Bảng,https://www.lazada.vn/products/pdp-i3205829557.html,737.000 ₫,,
COEP | Bàn Phím Không Dây Bluetooth Di Động cho iPad và Điện Thoại Thông Minh,https://www.lazada.vn/products/pdp-i3204742874.html,395.000 ₫,,
Sfcstyle nhũ lấp lánh bảng màu mắt,https://www.lazada.vn/products/pdp-i3218432684.html,90.000 ₫,,
Pcie Card mạng Wifi 1200Mbps PCIe card mạng 2.4G 5G băng tần kép cho máy tính để bàn,https://www.lazada.vn/products/pdp-i3184145832.html,273.000 ₫,,
"Nắp Ống Kính Máy Ảnh Snap-On Chất Lượng Cao Cho Đường Kính 40,5mm-82mm Tương Thích Với Nhiều Thương Hiệu Nắp Ống Kính Phía Trước",https://www.lazada.vn/products/pdp-i3088300661.html,27.600 ₫,5.0,43 Đã bán
adidas | Giày Thể Thao Unisex Mùa,https://www.lazada.vn/products/pdp-i3230800949.html,1.596.000 ₫,,
điều khiên samsung smart zin 1199,https://www.lazada.vn/products/pdp-i246370321.html,95.000 ₫,,"9 Đã bán
Hà Nội"
COEP | Bộ Bàn Phím và Chuột Bluetooth Không Dây cho Apple Android Huawei Xiaomi Máy Tính Bảng và Điện Thoại,https://www.lazada.vn/products/pdp-i3205429928.html,737.000 ₫,,
Băng tần kép Wifi6 Bộ chuyển đổi USB không dây 900Mbps 2.4G Và 5GHz Cắm Và Chơi Tốc Độ Cao Mạng Dongle Cho Máy Tính Để Bàn Và Máy Tính Xách Tay,https://www.lazada.vn/products/pdp-i3228139907.html,200.700 ₫,,
Viên Uống Vitamin Tổng Hợp HEALTHAID HEALTHY MEGA Lọ 30viên,https://www.lazada.vn/products/pdp-i2544051824.html,456.000 ₫,,
Máy bơm nước XINXIU hút mặt đáy 360 độ từ 400-5500L/hr chuyên dùng cho bể cá cảnh.,https://www.lazada.vn/products/pdp-i1528514512.html,57.700 ₫,4.0,
Bluetooth Smart App Điều Khiển LED Matrix Pixel Panel Light Xe hơi/Xe Tải Biển Quảng Cáo Với Chức Năng Cuộn Hoạt Hình Tùy Chỉnh IP65 Chống Nước USB Powered,https://www.lazada.vn/products/pdp-i3142308409.html,235.500 ₫,5.0,20 Đã bán
Moter quạt điện B4 220V,https://www.lazada.vn/products/pdp-i2593952727.html,100.825 ₫,4.0,
Điều Khiển Remote TiVi Sony Model RM- TX300 Dùng Được Cho Nhiều Mẫu Tivi Sony,https://www.lazada.vn/products/pdp-i2380130606.html,50.000 ₫,5.0,220 Đã bán
"Chân đế - chân kệ tủ lạnh, máy giặt cỡ lớn 55cm - 68cm chân INOX [BẢO HÀNH 24 THÁNG]",https://www.lazada.vn/products/pdp-i1582147051.html,179.400 ₫,4.0,184 Đã bán
Webcam máy tính có mic full hd 1080p full box siêu nét dùng cho pc laptop,https://www.lazada.vn/products/pdp-i2237665814.html,123.758 ₫,4.0,748 Đã bán
Bàn phím cảm ứng cho Xiaomi Redmi Pad2 11inch 2025 Pad 10.61 SE 11 cho Xiaomi Bảng Máy tính bảng Mipad 7 5 6 Pro11 giá đỡ Folio Bluetooth da Vỏ bàn phím chân đế gập Bìa,https://www.lazada.vn/products/pdp-i3127504431.html,179.000 ₫,,
"Bộ treo phông dây 3 trục, 4 trục, 6 trục remote điều kiển từ xa thay phông nhanh, motor riêng",https://www.lazada.vn/products/pdp-i2337625859.html,3.700.000 ₫,,
Slim PU Ốp da cho ZTE nubia Red Magic Nova Gaming Tablet RedMagic Gaming Tablet Pro lật Bìa redmagicnova gamingtabletpro 10.9 inch Ốp bảo vệ đứng chủ,https://www.lazada.vn/products/pdp-i3045654715.html,120.000 ₫,,
Cho máy tính bảng Xiaomi Pad 8 8 Pro Trường Hợp 11.2 Inch Gấp Ba Lần PU Leaher lưng mềm Đứng Tablet Bìa Cho máy tính bảng Xiaomi Pad 7 7 Pro 11.2 2024 Trường Hợp,https://www.lazada.vn/products/pdp-i3210016199.html,90.000 ₫,,
Bàn Vỏ bàn phím cảm ứng xoay 720 ° cho máy tính bảng Xiaomi Pad 7 11.2 inch 2024 7 Pro 11.2 6 6 Pro 11 5 11 cho Redmi Pad SE 11 2023 Bàn phím Bluetooth có khe cắm bút chì,https://www.lazada.vn/products/pdp-i2902001559.html,180.000 ₫,,
"Điều khiển tivi Sanco mạng LED LCD Smart Hàng mới, loại tốt [ BH đổi mới, tặng kèm pin ] remote tivi sanco & UBC",https://www.lazada.vn/products/pdp-i1642942331.html,69.000 ₫,4.0,54 Đã bán
"""Bao da kèm bàn phím Bluetooth iPad Mini 2,3,4,5, Mini 6 hiệu Smart Keyboard tiện dụng có khay cài bút",https://www.lazada.vn/products/pdp-i2330355343.html,315.000 ₫,2.3,
"Máy sủi tạo oxi bể cá cảnh, máy sục oxy hồ cá rs 348a hay rs 248a tặng ngay dây sủi và viên sủi",https://www.lazada.vn/products/pdp-i281070023.html,50.000 ₫,4.0,668 Đã bán
"Lọc treo Xiaoli Sunsun XBL 300, 400, 500, 600 kèm hút váng lọc bể cá thủy sinh store2",https://www.lazada.vn/products/pdp-i3206136310.html,238.500 ₫,,"Lọc treo Xiaoli Sunsun XBL 300, 400, 500, 600 kèm hút váng lọc bể cá thủy sinh store2"
Cáp touchpad laptop Asus X540B X540M X540N X540L X540S X540U X540Y A540B A540M A540N A540L A540S A540U A540Y F540B F540M F540N F540L F540S F540U F540Y K540B K540M K540N K540L K540S K540U X540,https://www.lazada.vn/products/pdp-i1259929983.html,33.990 ₫,5.0,29 Đã bán
"「 LEDGER NANO X 」 - VÍ LẠNH CHÍNH HÃNG, BẢO MẬT CAO, HỖ TRỢ NHIỀU TÀI SẢN SỐ",https://www.lazada.vn/products/pdp-i3147613005.html,3.980.000 ₫,5.0,
Tản Sáng YN600 Cho Đèn Flash Yongnuo YN-568EX YN560EX,https://www.lazada.vn/products/pdp-i405676829.html,68.000 ₫,4.0,11 Đã bán
"Nattospes - Viên uống hỗ trợ phòng ngừa đột quỵ, tai biến mạch máu não P176",https://www.lazada.vn/products/pdp-i1531986697.html,189.000 ₫,5.0,
Ống kính máy ảnh Hood chống chói tròng vuông hood cho x100v,https://www.lazada.vn/products/pdp-i3050256177.html,480.220 ₫,,
Kiểm soát appetrex GNC 60 mũ,https://www.lazada.vn/products/pdp-i2957820280.html,1.125.000 ₫,,
"Viên uống Vitamin C Eundan 1000mg Hộp 120 viên Hàn Quốc Sáng da, tăng đề kháng Cosin Store",https://www.lazada.vn/products/pdp-i3211649638.html,359.000 ₫,,
"EWEADN | Bộ bàn phím giả cơ và chuột V20, Không dây Bluetooth, Gõ êm Silent, Layout 60%, cho Tablet & Laptop",https://www.lazada.vn/products/pdp-i3194418409.html,1.479.000 ₫,4.0,
Cốc hút từ tính chân không có thể điều chỉnh 360 ° Giá đỡ điều hướng ô tô Giá đỡ điều hướng ô tô Giá đỡ hấp phụ có thể gập lại di động Giá đỡ điện thoại từ tính,https://www.lazada.vn/products/pdp-i3125959715.html,213.224 ₫,,
"Đèn Chiếu Laser Xanh Đỏ Cho Mèo Chơi, Dạy Học, Quan Sát Từ Xa",https://www.lazada.vn/products/pdp-i3206148954.html,46.000 ₫,4.0,
"BOYA Hệ Thống Micrô Không Dây BY-XM6 S1 S2 2.4GHz Tín Hiệu TRS 3.5Mm Micrô Tích Hợp Với Màn Hình OLED Cho DSLR,Mirrorless, Máy Ảnh, Điện Thoại Thông Minh, iPhone,iPad, Máy Tính Xách Tay, Android, máy Tính, Video, Ghi Âm, Podcast,Vlog, Phát Trực Tiếp",https://www.lazada.vn/products/pdp-i1574063784.html,3.055.000 ₫,5.0,9 Đã bán
"Chân kê máy giặt tủ lạnh đa năng chống rung tốt, SET 4 trụ điều chỉnh cao thấp - Bảo hành 24 tháng",https://www.lazada.vn/products/pdp-i2473016732.html,69.000 ₫,4.0,
"Quạt Hoa Mini Sáng Tạo - Sạc USB, Quạt Để Bàn & Cầm Tay Yên Tĩnh - Dễ Thương & Tiện Lợi Có Chân Đế - Vật Dụng Thiết Yếu Cho Học Sinh",https://www.lazada.vn/products/pdp-i3200989431.html,48.000 ₫,,
Viên uống bổ mắt AugenVitamine Warnke - 90 viên,https://www.lazada.vn/products/pdp-i2696865821.html,420.000 ₫,,
"Llano V12 siêu ai máy tính xách tay Tấm làm mát với kiểm soát nhiệt độ thông minh chơi game đế máy tính xách tay cơ sở Lighting RGB gió cao, 2800rpm, quạt động cơ tua bin, điều khiển bằng cảm ứng 15.6-21""",https://www.lazada.vn/products/pdp-i3155486161.html,3.650.000 ₫,5.0,6 Đã bán
100gr Gián Dubia (size 3-4cm),https://www.lazada.vn/products/pdp-i2645235152.html,54.340 ₫,5.0,297 Đã bán
Bộ Máy Tính Để Bàn Lớn HyunDaIne WinDow 10 E-ATX X99 Cổng USB 3.0 2.0 Khe Cắm Thẻ Mở Rộng 360 Độ Đồ Họa Bằng Thủy Tinh,https://www.lazada.vn/products/pdp-i2528974334.html,1.328.000 ₫,3.0,
Essager 90 ° Cáp RCA Jack 3.5 Để cáp truyền âm thanh RCA 3.5Mm Jack Để 2RCA Nam Splitter Dây AUX Cho TV PC Khuếch Đại DVD Dây loa,https://www.lazada.vn/products/pdp-i2530201954.html,49.000 ₫,5.0,265 Đã bán
COEP | Bàn Phím Bluetooth Không Dây Di Động cho iPad và Điện Thoại Thông Minh,https://www.lazada.vn/products/pdp-i3205858858.html,395.000 ₫,,
"Máy Xay Cầm Tay Đa Năng SOKANY - Máy Xay Sinh Tố Mini Xay Thịt Cá Hoa Quả - Máy Xay Ăn Dặm Cho Bé - Máy Nghiền Thực Phẩm Đa Năng. Máy xay công nghiệp. Đồ gia dụng. Máy xay tỏi, ớt, gia vị. Máy xay thịt.",https://www.lazada.vn/products/pdp-i2826366972.html,197.000 ₫,,
sunsun | Bộ Lọc Hồ Cá Loại Bỏ Dầu & Cung Cấp Oxy,https://www.lazada.vn/products/pdp-i3195484048.html,119.000 ₫,4.0,
Máy Sủi Oxy 2 Vòi Cổng Usb MẪU MỚI dùng cho bể cá cảnh,https://www.lazada.vn/products/pdp-i2740021267.html,39.000 ₫,4.0,226 Đã bán
Viên Uống Bổ Sung Magie Hỗ Trợ Cơ Bắp Ngăn Ngừa Chuột Rút Blackmores Bio Magnesium Lọ 100 Viên,https://www.lazada.vn/products/pdp-i2003582878.html,608.000 ₫,5.0,312 Đã bán
"Máy sục sủi oxy HAILEA nuôi cá cảnh, tôm, hải sản | Máy thổi khí bền bỉ, công suất lớn ACO-208/318/328",https://www.lazada.vn/products/pdp-i633556500.html,455.000 ₫,4.0,216 Đã bán
[Giảm giá thần tốc] Bơm chìm mini 4W 8W 13W 16W 18W 25W 30W - 220V quạt điều hoà hơi nước - bể cá thủy cảnh -non bộ,https://www.lazada.vn/products/pdp-i1550960630.html,53.000 ₫,4.0,
Viên Uống Hỗ Trợ Bảo Vệ Và Phục Hồi Tế Bào Gan Blackmores Milk Thistle Lọ 42 Viên,https://www.lazada.vn/products/pdp-i2003853222.html,410.000 ₫,5.0,685 Đã bán
Đèn sưởi UVA + UVB 3.0 25w50w75w - CHO CHÓ MÈO CHIM VẸT THẰN LẰN RÙA IGUANA,https://www.lazada.vn/products/pdp-i2862470470.html,16.271 ₫,5.0,161 Đã bán
"Trường hợp với bàn phím cảm ứng cho Xiaomi Redmi Pad 2 Pro 2025 12.1 inch 6S Pro cho Xiaomi POCO Pad 12.1 2024 Pad Pro 5g 12.1 ""7S Pro 12.5"" giá đỡ Folio có thể tháo rời Bàn phím bluetooth",https://www.lazada.vn/products/pdp-i3226617496.html,199.000 ₫,,
Lập trình macro Bàn phím macropad với RGB backlighting cho chơi game photoshops,https://www.lazada.vn/products/pdp-i3150946885.html,150.000 ₫,,
Ngàm chuyển cho các loại ống kính sang ngàm SONY E,https://www.lazada.vn/products/pdp-i2337636780.html,165.000 ₫,5.0,
JJC Bộ Lọc UV A+ Ultra Slim MC UV Series - Khung Siêu Mỏng 99.5% Độ Truyền Ánh Sáng & Bề Mặt UV Coating 12 lớp,https://www.lazada.vn/products/pdp-i3165295920.html,279.000 ₫,,
Sợi đốt bình nóng Rossi zin hãng mới 100% - thanh đun bình nóng Rossi,https://www.lazada.vn/products/pdp-i2897746216.html,99.000 ₫,,
Máy Sủi Oxy 2 Vòi Cổng Usb dùng cho bể cá cảnh,https://www.lazada.vn/products/pdp-i2646665839.html,40.000 ₫,4.0,581 Đã bán
"Máng cho heo, lợn nái inox 430 dày 1,2mm",https://www.lazada.vn/products/pdp-i1801355123.html,195.000 ₫,5.0,35 Đã bán
"Máy Bơm Chìm Hút Đáy Bể Cá điều chỉnh lưu lượng 18w, 32w,50w, 90w Máy Bơm Nước Hồ Cá, Hút Cặn, Thay Nước Bơm Hòn Non Bộ",https://www.lazada.vn/products/pdp-i2785857285.html,246.000 ₫,4.0,53 Đã bán
Thanh đốt nhiệt bình nóng lạnh Rossi bình ngang bát 93mm zin hãng mới - shopsalegiare.VietNam,https://www.lazada.vn/products/pdp-i2897579620.html,100.000 ₫,,
"CAT5e Bấm Sẵn 2 Đầu 5m, 10m, 15m, 20m ,25m,30m,35m,40m,45m,50m - dây mạng ngoài trời và trong nhà.",https://www.lazada.vn/products/pdp-i3015204962.html,47.900 ₫,4.0,202 Đã bán
"Combo 3 bass xỏ ống inox tròn o22mm, o25mm, o32mm xuyên qua ,từ tường ra 20cm/25cm/30cm , có chống ke đỡ chắc chắn .",https://www.lazada.vn/products/pdp-i2001218986.html,110.000 ₫,5.0,562 Đã bán
"Dây Cáp HDMI Choseal 2.0/4K Loại Dẹt Dài 1.5m, 1.8m, 3m, 5m dành cho Tivi máy tinh 3D 4k Máy Chơi Game PlayStation Xbox đầu HD Box Đầu Android Tv Smart máy chiếu",https://www.lazada.vn/products/pdp-i282780642.html,55.000 ₫,4.0,421 Đã bán
"Màn Hình Tương Thích SS Note 20 Ultra / Note20u / N985 / N986, Loại INCELL Liền Khung (tặng tuýp keo dán)",https://www.lazada.vn/products/pdp-i2677285589.html,1.100.000 ₫,3.0,11 Đã bán
VEIKK VK1060PRO 10x6 inch Graphic Tablet Digital Drawing Pad Double Quick Dial Pen Tablet with 8192 Tilt function Battery-Free Pen,https://www.lazada.vn/products/pdp-i1250228433.html,999.000 ₫,4.0,145 Đã bán
Viên Uống Eundan Vitamin C 1000mg Hàn Quốc - Hộp 120 viên,https://www.lazada.vn/products/pdp-i2997665064.html,308.000 ₫,4.0,40 Đã bán
[Hà Nội] Viên uống bổ xung Vitamin C 1000mg Hàn Quốc Korea Eundan vitamin C 1000mg hộp 120 viên,https://www.lazada.vn/products/pdp-i2743731024.html,349.000 ₫,,"6 Đã bán
Hà Nội"
Bộ Mở Rộng Sóng WiFi Tenda A9 Chuẩn N 300Mbps - Hàng Chính Hãng,https://www.lazada.vn/products/pdp-i372234169.html,229.000 ₫,4.0,
"Bộ đèn LED dành cho Máy May JUKI 10 bóng, 20 bóng, 30 bóng Kèm công tắc và hít nam châm",https://www.lazada.vn/products/pdp-i1632008388.html,47.000 ₫,5.0,
Viên kẽm zinc gluconate vitamin C B PP giúp tăng cường sức đề kháng tăng cường sức khỏe - Hộp 100 viên,https://www.lazada.vn/products/pdp-i1847673695.html,99.000 ₫,4.0,912 Đã bán
"Bơm tăng áp máy lọc nước RO 24V GFP 50 8369, hút đẩy, chất lượng tốt cho tất cả máy lọc nước",https://www.lazada.vn/products/pdp-i2780155794.html,237.500 ₫,4.0,119 Đã bán
"USB WiFi 6 Vention Tích Hợp Bluetooth 5.0, Băng Tần Kép 2.4GHz & 5GHz, Tốc độ 650Mbps Cắm Là Chạy Laptop, Máy Tính Bàn",https://www.lazada.vn/products/pdp-i3218971643.html,205.000 ₫,5.0,
Viên Uống Vitamin Tổng Hợp Kirkland Daily Multi 500 Viên,https://www.lazada.vn/products/pdp-i2616377499.html,750.000 ₫,,
"Viên Uống Tăng Cường Đề Kháng, Miễn Dịch Chiết Xuất Đông Trùng Hạ Thảo Seedcoms Nhật Bản",https://www.lazada.vn/products/pdp-i2733038506.html,190.000 ₫,5.0,35 Đã bán
Combo thùng nuôi ong Nội 4 cầu+ván ngăn,https://www.lazada.vn/products/pdp-i3037308328.html,215.000 ₫,5.0,19 Đã bán
"Loco cá có thể điều chỉnh có thể gập lại Tablet Chân đế cho iPad và iPhone, để bàn kim loại chủ",https://www.lazada.vn/products/pdp-i3098293621.html,29.000 ₫,,
[CHÍNH HÃNG] Viên Uống Bổ Sung Vitamin Tổng Hợp Dành Cho Bà Bầu Elevit Mẫu Mới 100 Viên Của Úc.,https://www.lazada.vn/products/pdp-i1903920602.html,1.590.000 ₫,,
ME Micro Cài Áo Không Dây Dòng MIC-F Cho iPhone iPad Type-C Android Máy Ảnh DSLR Máy Quay Phim Mic Cắm Kèm Hộp Sạc Để Quay Video Podcast YouTube Facebook TikTok Phát Trực Tiếp,https://www.lazada.vn/products/pdp-i2026895453.html,2.820.000 ₫,,
FUNGUS CURE MỸ 10GR – HỖ TRỢ SỨC KHỎE CHO CÁ CẢNH HÀNG CHÍNH HÃNG,https://www.lazada.vn/products/pdp-i3222326229.html,49.000 ₫,,
Hoa Cánh Hoa LENS HOOD Vít-Trên Camera Lens Hood Cho Canon Nikon Sony - Universal Fit 49mm-77mm Kích Cỡ,https://www.lazada.vn/products/pdp-i2562332960.html,38.350 ₫,4.0,168 Đã bán
Đối với Lenovo xiaoxin Pad 11 2025 vỏ silicon tb335fc chống thả TPU mềm Tablet bìa cho Tab ý tưởng/K11 Gen2 tb336zu 11 inch Bìa,https://www.lazada.vn/products/pdp-i3173532399.html,63.000 ₫,,
gumahus | Lồng Hamster Lớn Giá Rẻ với Biệt Thự Đôi Acrylic,https://www.lazada.vn/products/pdp-i3195016930.html,96.000 ₫,4.0,
"Màn Hình JIASHI Lọc Than Hoạt Tính, Máy Lọc Không Khí Gia Dụng Để Loại Bỏ Các Hạt Khói Bụi, Màn Hình Lọc HEPA Tổng Hợp Hiệu Quả Cao.",https://www.lazada.vn/products/pdp-i2243202082.html,137.000 ₫,5.0,637 Đã bán
"Bộ Chuyển Đổi Âm Thanh HDMI ARC Sang Analog RCA/AUX 3.5mm – Kết Nối Dàn Âm Thanh, Loa Thường Với Smart TV, Hỗ Trợ Nhiều Thiết Bị, Âm Thanh Rõ Nét, Dễ Dàng Sử Dụng",https://www.lazada.vn/products/pdp-i3094792739.html,323.700 ₫,5.0,9 Đã bán
Đèn LED Bể Cá cho Đèn Chiếu và Cây Thủy Sinh Nam Mỹ Phụ Kiện Đèn Rùa,https://www.lazada.vn/products/pdp-i3206719255.html,56.000 ₫,4.0,
SOBO | Bơm Lọc 3-trong-1 Ít Ồn cho Bể Cá Nhỏ,https://www.lazada.vn/products/pdp-i3196431565.html,141.000 ₫,4.0,5 Đã bán
"Đèn LED Chìm Hồ cá Siêu Sáng, 2 dãy LED, 3 chế độ màu | Đèn LED Bể cá Đỏ Cá không Đỏ nước",https://www.lazada.vn/products/pdp-i2779726994.html,99.000 ₫,4.0,169 Đã bán
BỘ LỌC NƯỚC TINH KHIET 8 CẤP-CÓ ĐÈN UV 11W LẤY NƯỚC TẠI VÒI 8 CẤP LỌC,https://www.lazada.vn/products/pdp-i1322918273.html,480.000 ₫,4.0,229 Đã bán
Kệ để trên tivi máy tính giá gác đựng đồ treo sau màn hình đa năng thông minh trang trí nhựa đẹp - Thingkids,https://www.lazada.vn/products/pdp-i2543528136.html,49.449 ₫,4.0,358 Đã bán
"Không thấm nước và chống Mite giường sofa cho chó và mèo, nhai Mat kháng, chịu mài mòn, Vải Oxford, leakproof, chống murine trong",https://www.lazada.vn/products/pdp-i2717196669.html,293.475 ₫,4.0,165 Đã bán
Một ổ Trứng dế mèn Thái vàng (500g),https://www.lazada.vn/products/pdp-i2255727642.html,50.000 ₫,4.0,433 Đã bán
Điều khiển quạt LIFAN chính hãng màu đen (Cam kết sản phẩm là sản phẩm chính hãng )- Tặng kèm pin chính hãng - Remote LIFAN- Remote quạt LIFAN chính hãng loại xịn chính hãng,https://www.lazada.vn/products/pdp-i1838593524.html,117.577 ₫,,
"Cám cá Koi King Feed 42% đạm - tăng size mạnh, lên màu chuẩn",https://www.lazada.vn/products/pdp-i2462002772.html,38.000 ₫,4.0,
"LỌC THÔ LÕI I NO X 316,DÙNG LỌC CHẶN TRƯỚC CÁC THIẾT BỊ MÁY LỌC NƯỚC,MÁY GIẶT,MÁY RỬA CHÉN..",https://www.lazada.vn/products/pdp-i1386005698.html,187.720 ₫,4.0,37 Đã bán
Pin máy tính bảng Tablet Microsoft Surface Pro 7 1866 G3HTA061H DYNM03 43.2Wh,https://www.lazada.vn/products/pdp-i2404126545.html,795.000 ₫,,
"tổ mèo trong suốt chỉ,Giường ngủ cho mèo viên nang không gian, Tổ mèo bán kín có thể giặt được, Tổ ngủ mèo con trong suố",https://www.lazada.vn/products/pdp-i3030518152.html,171.500 ₫,5.0,7 Đã bán
"Đèn led trang trí tiểu cảnh, terrarium 3w, 5w, 7w, 9w",https://www.lazada.vn/products/pdp-i1607733427.html,120.000 ₫,4.0,72 Đã bán
"Máy xay sinh tố 3 cối Hayasa HA-0181 với công suất 350W, cối sinh tố bằng thủy tinh 1.22L, bảo hành 12 tháng, chính hãng",https://www.lazada.vn/products/pdp-i2844666551.html,620.000 ₫,,
[CHÍNH HÃNG_Made in Malaysia_ PHÍM ÊM] Điều khiển GIỌNG NÓI VOICE tivi SONY TX310P Fullbox+ TẶNG PIN -BẢN MỚI NHẤT,https://www.lazada.vn/products/pdp-i2825671103.html,181.062 ₫,4.0,55 Đã bán
Vỏ ống kính máy ảnh Nắp đậy ống kính máy ảnh Trọng lượng nhẹ cho x100v x100vi,https://www.lazada.vn/products/pdp-i3036906843.html,211.037 ₫,,
"Wavlink AC1900 không dây băng tần kép USB3.0 Bộ điều hợp Wi-Fi 1900Mbps Bộ chuyển đổi USB Wifi Bộ điều hợp Wi-Fi cho máy tính xách tay với 2.4G/600Mbps và 5G/1300Mbps, 4x 3dBi khuếch đại cao ăng-ten bên ngoài, MU-MIMO. Thiết kế từ card mạng cho máy tính đ",https://www.lazada.vn/products/pdp-i2265456015.html,654.092 ₫,,
MÀN HÌNH CHO SAMSUNG SS NOTE20U/NOTE20UTRAL LOẠI OLED KHUNG THAY THẾ,https://www.lazada.vn/products/pdp-i3147918848.html,1.876.000 ₫,,
[NSF1111 Giảm 111K] DHA & Canxi Cho Bé Tăng Chiều Cao Calcium D3 Và Phát Triển Trí Não NANO GROWTH HABIT EX Nhật Bản,https://www.lazada.vn/products/pdp-i2964236121.html,1.390.000 ₫,,
"Samsung Galaxy Tab E 9.6 2015 / SM-T561 / SM-T560 - Màn Hình LCD Loại Tốt Nhất, Chân Connect",https://www.lazada.vn/products/pdp-i2428916508.html,420.000 ₫,,
"Bút cảm ứng Blevos,Thiết kế từ tính có thể sạc lại Bút cảm ứng thích hợp cho điện ios/iPad/HUAWEI/Xiaomi/Samsung/OPPO",https://www.lazada.vn/products/pdp-i3130517516.html,99.000 ₫,4.0,16 Đã bán
Rocoren ax900m Wifi 6 Bộ chuyển đổi USB Bluetooth 5.4 các mạng không dây băng tần kép trình điều khiển USB miễn phí Dongle Wifi 6 Receiver cho máy tính để bàn laptop win 10 11,https://www.lazada.vn/products/pdp-i3159374318.html,167.300 ₫,,
COMBO LÕI SỨ VỚI LÕI THAN 5 TẦNG DÙNG CHO BÌNH ÚP LỌC NƯỚC,https://www.lazada.vn/products/pdp-i1833914546.html,102.900 ₫,4.0,25 Đã bán
SOFTBOX TỔ ONG GODOX 30X120CM,https://www.lazada.vn/products/pdp-i1503298349.html,1.010.000 ₫,5.0,
"Lọc Thùng Baki CHERLAM Cao Cấp | Phiên Bản Cao Cấp, Bền Đẹp, Có Lưới Tách Phân Cho Hồ Cá",https://www.lazada.vn/products/pdp-i3184241103.html,415.000 ₫,,
Đèn Huyết Long Zako D35 2 Chế Độ,https://www.lazada.vn/products/pdp-i2633289194.html,850.000 ₫,5.0,21 Đã bán
Chuồng chó gấp gọn - lồng nuôi chó mèo sơn tĩnh điện tặng kèm khay vệ sinh,https://www.lazada.vn/products/pdp-i1087370697.html,135.000 ₫,4.0,
"Combo 2 - Tặng 1 Hộp Viên uống bổ sung Canxi, vitamin K2 và D3 Aplicaps Menacal hộp 60 viên",https://www.lazada.vn/products/pdp-i3079604010.html,955.000 ₫,,
"Bộ 04 ty treo lồng máy giặt Toshiba, Media 56.5 cm, quang treo mới loại tốt",https://www.lazada.vn/products/pdp-i3134235866.html,150.000 ₫,,
"Sim 4G Viettel, Mobifone dùng cho thiết bị định vị GPS trọn gói 1 năm không cần nạp tiền, cam kết bảo hành 12 tháng",https://www.lazada.vn/products/pdp-i2407669746.html,200.000 ₫,4.0,57 Đã bán
Chuột Không Dây Bluetooth AI Gõ Bằng Giọng Nói Cho Nam Và Nữ Tương Thích Với iPad MacBook Xiaomi Lenovo Mac M-103 1600dpi Tương Thích Với Windows Và Mac,https://www.lazada.vn/products/pdp-i3160344028.html,370.000 ₫,,
NEXGARD SPECTRA Thuốc trị ve ghẻ bọ chét demodex tẩy giun cho chó - Lẻ 1 viên (No Box),https://www.lazada.vn/products/pdp-i2663869530.html,251.000 ₫,5.0,540 Đã bán
E28_Viên Uống Vitamin C 1000mg Wishlabs ( hộp 150 viên),https://www.lazada.vn/products/pdp-i2494732006.html,1.207.000 ₫,,
Viên uống bổ xung Vitamin C 1000mg Hàn Quốc Korea Eundan vitamin C 1000mg hộp 120 viên - Hà Nội,https://www.lazada.vn/products/pdp-i2769538894.html,349.000 ₫,,
Jiashi bể cá Lọc 3 Trong 1 máy bơm lọc nước Hệ Thống Tuần Hoàn Nước Nhỏ Lọc bơm oxy Được Xây Dựng Trong Aquarium,https://www.lazada.vn/products/pdp-i2744024368.html,89.000 ₫,4.0,379 Đã bán
"SADA Bộ lọc than hoạt tính Bộ lọc máy lọc không khí gia đình, Bộ lọc Hepa tổng hợp hiệu quả cao Bộ lọc bụi",https://www.lazada.vn/products/pdp-i2245943594.html,72.000 ₫,4.0,342 Đã bán
Máy Bơm Chìm Hút Đáy 360 độ chạy êm hạn chế tiếng ồn SOBO WP-100D WP-200D WP-300D WP-500D WP-600D WP-700D,https://www.lazada.vn/products/pdp-i1656304754.html,234.600 ₫,4.0,
"( chỉ giao hỏa tốc HCM ) Bể Cá Mini siêu trong, bể đuc cong cạnh, vuông cạnh size từ 20 - 60cm. - Bảo hành bể vỡ do vân chuyển",https://www.lazada.vn/products/pdp-i3076894310.html,240.000 ₫,5.0,25 Đã bán
"Máy bơm chìm Mini 4W 8W 16W 25W 35W 45W - 220V, Máy bơm bể cá cảnh",https://www.lazada.vn/products/pdp-i2544245395.html,78.052 ₫,5.0,278 Đã bán
MENGMIAN | Hộp Lọc Bể Cá Kiểu Ngăn Kéo với Ống Mưa,https://www.lazada.vn/products/pdp-i3214424615.html,107.000 ₫,,
Lồng cho hamster đầy đủ phụ kiện Luna Pet LH02- Lồng nuôi hamster 2 tầng tiện dụng,https://www.lazada.vn/products/pdp-i2370434599.html,52.000 ₫,4.0,
HATELI Bộ Lọc Bọt Biển Sinh Học Bông Bộ Lọc Hồ Cá Chuyên Nghiệp Tấm Lọc Cá Koi CuộN Vật Liệu Lọc Nước Bể Cá Phụ Kiện Hồ Cá,https://www.lazada.vn/products/pdp-i2069606135.html,28.710 ₫,4.0,284 Đã bán
Andoer Đầu Bi Mini Đa Năng Đầu Chuyển Đổi Đầu Bi Bằng Hợp Kim Nhôm Xoay 360 ° Đầu Giá Ba Chân Kết Nối Vít & Đế Lạnh 1/4 Inch Với Giá Gắn Giày Lạnh Hai Mặt Cho Máy Ảnh DSLR Đèn LED Video Micrô,https://www.lazada.vn/products/pdp-i2054545298.html,309.314 ₫,5.0,6 Đã bán
Đèn Led Kẹp Flat S3 Nano RGB Plus - Neo Helios Đỏ Cá Không Đỏ Nước Cho Bể Cá Cảnh Bể Thủy Sinh,https://www.lazada.vn/products/pdp-i2286663143.html,89.000 ₫,4.0,877 Đã bán
[Hoàn Tiền 10%] Bộ Thay Nước Hồ Cá QANVEE C300 - Dụng Cụ Thay Nước Bể Cá,https://www.lazada.vn/products/pdp-i892606386.html,80.000 ₫,4.0,40 Đã bán
FULL100 Tự động hoàn toàn Máy ấp trứng gia cầm nhỏ Bộ điều nhiệt 24 giờ Kiểm soát nhiệt độ Lò ấp trứng Chất lượng cao Thông minh Máy ấp trứng trang trại Chim Cút vịt gà,https://www.lazada.vn/products/pdp-i3079246522.html,150.000 ₫,4.0,44 Đã bán
Thùng ngủ cho gà (có 8 miếng chống muỗi) Miền Nam các size gà nòi - size trung - gà tre,https://www.lazada.vn/products/pdp-i2588406144.html,74.700 ₫,4.0,167 Đã bán
Lenovo Tab M11 Bao da Máy tính bảng Lenovo Tab M11 từ tính có nam châm,https://www.lazada.vn/products/pdp-i2578961358.html,189.000 ₫,,
[HCM] - Ống kính Camera CCTV PTZ Ezviz C6N TY1 TY2 H6C Pro C1C H1C H6 C6 E6 C3W H8 H8C C8W C8C H3C C3TN C3X H3 H4 C8PF,https://www.lazada.vn/products/pdp-i3098737043.html,30.000 ₫,5.0,13 Đã bán
Máy sưởi bể cá đủ công suất chính hãng FERIHA -HE-50-100-200-300-500.,https://www.lazada.vn/products/pdp-i2059473008.html,155.000 ₫,,
"Bộ Lấy Ráy Tai Có Camera Chuyên Nghiệp Modeco NK3-X - Kết Nối Điện Thoại, Hình Ảnh Full Hd Sắc Nét, An Toàn Và Sạch Sẽ",https://www.lazada.vn/products/pdp-i3148678097.html,189.000 ₫,5.0,26 Đã bán
Venturi cải tiến hỗ trợ trộn khí khuếch tán Oxy tạo thổi luồng,https://www.lazada.vn/products/pdp-i2642513267.html,99.000 ₫,5.0,25 Đã bán
BỘ LỌC THÙNG BAKI BA TẦNG ỐNG SANKING CAO CẤP CHO HỒ CÁ (600-3000l/h),https://www.lazada.vn/products/pdp-i2968115044.html,550.000 ₫,5.0,
BIGHSM USB Mini Aquarium Que sưởi ấm cho bể cá nhỏ 26 ° C nhiệt độ không đổi hồ cá nóng chìm nhiệt nóng 10W,https://www.lazada.vn/products/pdp-i3128403431.html,63.307 ₫,,
Venturi tạo oxy nuôi trồng thủy sản 34-21mm,https://www.lazada.vn/products/pdp-i2488702093.html,31.000 ₫,4.0,152 Đã bán
"Bổ sung vitamin C Blackmores Bio C 1000mg tăng cường sức đề kháng, sáng da 31 viên của Úc",https://www.lazada.vn/products/pdp-i2413863965.html,632.500 ₫,,
"Yee | Bộ Lọc Bể Cá Treo Tường Kiểu Ba Lợi Ích Gộp Một: Bơm tuần hoàn, Tạo Sóng, Làm Sạch Nước, Ít Ồn",https://www.lazada.vn/products/pdp-i3218432779.html,477.000 ₫,4.0,
"PROJECT V Thực Phẩm Bảo Vệ Sức Khỏe CYBER LEGACY - Viên Sủi CYBERORANGE - Năng Lượng Của Những Chiến Thắng Hàng Ngày - Hộp 10 Viên Sủi Bọt - Xuất xứ Pháp, Hàng Chính Hãng",https://www.lazada.vn/products/pdp-i2627110117.html,1.200.000 ₫,,
Viên Uống Bổ Mắt Trunature Lutein & Zeaxanthin 140 Viên Của Mỹ - Date 11/2026,https://www.lazada.vn/products/pdp-i2392152161.html,690.000 ₫,,
Viên Uống Bổ Khớp Viatatree Glucosamin 1500MG Plus Shark Catilage100 Viên - TP047,https://www.lazada.vn/products/pdp-i1898837813.html,630.000 ₫,,
Lõi Lọc Thay Thế Trong Bộ Lọc Trực Tiếp Ngay Tại Vòi Không Dùng Điện,https://www.lazada.vn/products/pdp-i1914532807.html,49.000 ₫,5.0,287 Đã bán
MENGMIAN | Cửa Cho Chó Lớn Cửa Thú Cưng Trong Nhà Màu Trắng Miễn Phí Vào Ra,https://www.lazada.vn/products/pdp-i3206310980.html,740.000 ₫,,
"Sắt, Acid Folic, Vitamin Tổng Hợp, Khoáng Chất Cho Mẹ Bầu, Hỗ Trợ Tiêu Hoá, Hạn Chế Rạn Da, Viên Nhỏ, Không Mùi, Vị, Dễ Uống, Akamama Nhật Bản Túi 120 Viên",https://www.lazada.vn/products/pdp-i2324138578.html,322.000 ₫,4.0,74 Đã bán
AUTOCARE X Tự động hoàn toàn Máy ấp trứng gia cầm nhỏ Bộ điều nhiệt 24 giờ Kiểm soát nhiệt độ Giường nước sinh học Chất lượng cao Yên tĩnh Lò ấp trứng Chim Cút vịt gà,https://www.lazada.vn/products/pdp-i3211071917.html,165.000 ₫,,
🔥 Nguyên bản🔥 Lõi Lọc Không Khí lọc dành cho máy lọc không khí SMART AIR SQAIR HEPA filter,https://www.lazada.vn/products/pdp-i3152230854.html,499.000 ₫,,
[Hàng Cty] Elevit bầu 30 Viên- Vitamin Tổng Hợp Cho Bầu 30 viên [Chính hãng Bayer],https://www.lazada.vn/products/pdp-i2641466528.html,332.000 ₫,,
Viên uống Vitamin tổng hợp Nature’s Way Complete Daily Multivitamin hộp 200 Viên,https://www.lazada.vn/products/pdp-i1862017057.html,399.000 ₫,,
"Máy xay sinh tố Sunhouse SHD5113G, Máy thực phẩm đa năng Sunhouse, Thiết kế hiện đại, Cối thủy tinh chịu lực siêu bền, công suất cao 350W, Lưỡi dao inox siêu sắc giúp xay nhanh và nhuyễn, vệ sinh dễ dàng, bảo hành 12 tháng",https://www.lazada.vn/products/pdp-i1783580700.html,399.000 ₫,,
Hộp chụp sản phẩm PULUZ 40cm cao cấp 3 mặt đèn led - Tặng kèm 4 bảng màu - Bảo hành chính hãng,https://www.lazada.vn/products/pdp-i2057478269.html,1.450.000 ₫,5.0,550 Đã bán
HỘP CHỤP SẢN PHẨM PULUZ 40x40x40 CHÍNH HÃNG 2 DÀN LED SIÊU SÁNG GẤP GỌN TIỆN LỢI,https://www.lazada.vn/products/pdp-i2347834610.html,850.000 ₫,,
Viên sủi điện giải không đường Nuun Zero Sugar : Tuýp 10 viên,https://www.lazada.vn/products/pdp-i3069561688.html,220.000 ₫,5.0,30 Đã bán
Combo 5 hộp Viên uống tăng cường sinh lý nam Bổ Thận Nam bổ thận tráng dương mạnh gân cốt - Hộp 30 viên thành phần thảo dược,https://www.lazada.vn/products/pdp-i1397722166.html,495.000 ₫,5.0,235 Đã bán
"Bơm chìm Bể cá SunSun Xiaoli XQP | Bơm Hồ cá Cao cấp, Thiết kế đẹp, Hoạt động êm ái",https://www.lazada.vn/products/pdp-i2805023648.html,94.000 ₫,5.0,189 Đã bán
"Lọc Thác Bể Cá Thuỷ Sinh - Lọc Treo XP 06/03, SOBO 618/628/638 Máy Lọc Nước Hồ Cá ĐỦ MẪU Cho Hồ Mini Nhỏ Đến Lớn Shiwa",https://www.lazada.vn/products/pdp-i2547455477.html,75.000 ₫,5.0,144 Đã bán
Viên NexGard SPECTRA (1 Viên) Trị Nội Ngoại Ký Sinh Trùng Cho Chó Mèo - [Nông Trại Thú Cưng],https://www.lazada.vn/products/pdp-i1828018129.html,279.200 ₫,4.0,
Cho Xlim Pro Silicone Kết Cấu vỏ da Với Ren cao su bảo vệ Mềm Bìa Lá Chắn vỏ cao su cho máy hút Tinh dầu thơm,https://www.lazada.vn/products/pdp-i2557334737.html,79.000 ₫,4.0,34 Đã bán
sunsun | Máy Sưởi Bể Cá Tự Động Điều Chỉnh Nhiệt Độ & Chống Nổ,https://www.lazada.vn/products/pdp-i3193758030.html,139.000 ₫,4.0,
Lồng nuôi hamster LỚN Luna Pet LH09 - Lồng chuồng nuôi hamster tặng bình nước và bồn tắm,https://www.lazada.vn/products/pdp-i2534288302.html,165.000 ₫,5.0,114 Đã bán
"Đèn treo màn hình máy tính bảo vệ mắt / dùng trong công việc chống cận thị, chống mỏi mắt (3 chế độ đèn, chống ánh sáng xanh)",https://www.lazada.vn/products/pdp-i1988938635.html,295.000 ₫,4.0,341 Đã bán
CONGLINSHIZI | Giày Thể Thao Thời Trang cho Teen,https://www.lazada.vn/products/pdp-i3198060674.html,482.000 ₫,,
Máy lọc nước thiết kế 3 trong 1 cho bể cá lọc nước tạo oxy,https://www.lazada.vn/products/pdp-i2481300443.html,97.000 ₫,4.0,285 Đã bán
Lồng chuồng chuột hamster hai tầng đầy đủ phụ kiện nhiều màu Luna Pet LH01,https://www.lazada.vn/products/pdp-i2353572948.html,52.000 ₫,4.0,
Replacement AM04 AM05 Remote Control for Dyson Fan Heater Models AM04 AM05 Remote Control,https://www.lazada.vn/products/pdp-i2274823357.html,37.800 ₫,,"5 Đã bán
China"
Bóng đèn loa boss-Cầu chì bảo vệ loa treble.Giá 1 chiếc.,https://www.lazada.vn/products/pdp-i1165336845.html,45.000 ₫,4.0,195 Đã bán
Bộ Lọc Thùng Baki 3 Tầng 30x20x35cm Kèm Bơm Baoyu BY 103 30W Cho Bể Thủy Sinh,https://www.lazada.vn/products/pdp-i3181716077.html,525.000 ₫,,
Điều Khiển Denon RC-1239 remote Chính Hãng dùng cho AVR-X3800 X3700 X2800 X2700 X1800 X1700 S970 S770 S670,https://www.lazada.vn/products/pdp-i3219323126.html,300.000 ₫,,
"Sứ thanh Nano-Sứ mè đen phụ kiện lọc nước nhập khẩu cho hồ cá cảnh,hồ cá KOI",https://www.lazada.vn/products/pdp-i2683625953.html,3.300 ₫,5.0,243 Đã bán
"Máy bơm chìm bể cá DL hút cặn đáy bơm hồ koi quạt điều hòa ,bơm thác nước hòn non bộ",https://www.lazada.vn/products/pdp-i1993668043.html,240.000 ₫,4.0,349 Đã bán
gumahus | Bơm Oxy cho Bể Cá và Bể Tôm 12V,https://www.lazada.vn/products/pdp-i3206858845.html,99.000 ₫,,
"🔥Nguyên bản 🔥 Màng lọc không khí Sharp FP-FM40, FP-FM40B-B, FP-FM40E, FZ-30SFTA, FP-F40E, FU-Z35TA-W, KC-930TA-W, FP-F40TA-W, FP-G50TA-W và FP-GM50B, FZ-Y30SFTA, FZ-F40SFE HEPA Air Purifier Filter",https://www.lazada.vn/products/pdp-i2706493179.html,284.585 ₫,3.0,8 Đã bán
"Máy Xay Sinh Năng Tố Cầm Tay SOKANY , Máy Xay Đa Công Năng 300W, Lưỡi Dao Sắc Tiện Lợi Dễ Dàng Sử Dụng. Máy xay thịt. Máy xay ăn dặm, xay tỏi ớt. Máy xay đa năng nhật. Đồ gia dụng tiện lơi.",https://www.lazada.vn/products/pdp-i2826479709.html,195.000 ₫,,
Lọc Bio Thế hệ mới tạo Oxy làm trong hồ cá cảnh,https://www.lazada.vn/products/pdp-i2998307253.html,40.000 ₫,5.0,10 Đã bán
Sứ thanh củ sen cao cấp MBIO lọc nước bể cá cảnh.,https://www.lazada.vn/products/pdp-i2827274776.html,183.200 ₫,,
COMBO 5 & 10 GÓI XƯƠNG GẶM ORGO CHO CHÓ GÓI 90GRAM,https://www.lazada.vn/products/pdp-i2209630142.html,95.500 ₫,5.0,
1300Mbps Wifi Adapter Wifi Dongle Ăng Ten Không Dây Tầm Xa Băng Tần Kép 5GHz USB 3.0 Cho Máy Tính Để Bàn Không Dây thẻ BAR-VN,https://www.lazada.vn/products/pdp-i3222011553.html,207.000 ₫,3.0,
[Chuẩn Auth Úc] Elevit Bầu Úc - Vitamin tổng hợp dành cho bà bầu 100 viên,https://www.lazada.vn/products/pdp-i2748829644.html,212.000 ₫,,
Máy Sủi Oxy Bể Cá 2 Vòi-348A / 1 Vòi-248A - Sục Khí Oxy Mini Cho Hồ Cá Kết Nối USB Siêu Nhẹ SHIWA,https://www.lazada.vn/products/pdp-i2765225376.html,84.000 ₫,4.0,279 Đã bán
Sạc Laptop Asus 19v - 3.42a / 2.37a / 1.75a Loại tốt - Sạc Asus s15 s510uq s510un s510u s510ua ux301 x441 bx303 d553 e402 e403 f553 k541 k553 p453 p553 q504 x540 x541 q504 r541 d540 tp501 s510 tp550 tp500 tp550l tp500l x403 x453 x553 x556 ux42 ux50,https://www.lazada.vn/products/pdp-i761954386.html,188.000 ₫,4.0,
"Máy sủi oxy mini siêu êm máy sục oxi bể cá cảnh bơm khí khi đi câu hồ cá, kết nối USB 5v",https://www.lazada.vn/products/pdp-i2465255666.html,40.000 ₫,4.0,239 Đã bán
GOOJODOQ GFS006 Ốp bảo vệ quạt Vỏ bảo vệ silicon có thể giặt được Turbo Jet tốc độ cao,https://www.lazada.vn/products/pdp-i3022586008.html,41.900 ₫,4.0,
Toocki Bộ chuyển đổi Wi-Fi USB băng tần kép Wi-Fi Dongle USB3.0 tốc độ cao 802.11ac 4-ăng-ten Bộ thu không dây Card mạng cho PC/máy tính xách tay điều khiển miễn phí,https://www.lazada.vn/products/pdp-i3177701065.html,179.000 ₫,,
MOFii Wireless Bluetooth Mechanical Keyboard High Aesthetic Value for Women Portable for Office And iPad Multimedia Function Human Engineering,https://www.lazada.vn/products/pdp-i3153599873.html,864.000 ₫,,
Quạt Tản Nhiệt Máy Tính Xách Tay Chính Hãng Mới 2022 Cho Lenovo Rescue R9000X Y9000X ARH7 82TF Quạt Tản Nhiệt Bằng Nhựa,https://www.lazada.vn/products/pdp-i2896846768.html,222.000 ₫,,"12 Đã bán
Hong Kong"
1300Mbps Wifi Adapter Wifi Dongle Ăng Ten Không Dây Tầm Xa Băng Tần Kép 5GHz USB 3.0 Cho Máy Tính Để Bàn Không Dây thẻ TP-VN,https://www.lazada.vn/products/pdp-i3225418042.html,230.000 ₫,3.0,
"Máy xay sinh tố đa năng Sunhouse SHD5582W-Mới Chính Hãng 100%-Chất liệu cối xay bằng thủy tinh ,dày bền, dễ vệ sinh Bảo Hành 12 Tháng",https://www.lazada.vn/products/pdp-i1970354088.html,650.000 ₫,4.0,26 Đã bán
Máy xay sinh tố Sunhouse SHD5112 xanh,https://www.lazada.vn/products/pdp-i650332029.html,449.000 ₫,,
Tấm chắn sóng lò vi sóng sharp - Linh kiện lò vi sóng sharp,https://www.lazada.vn/products/pdp-i1943255663.html,35.000 ₫,5.0,242 Đã bán
Essager 240W loại USB C Để USB C Cáp Màn hình hiển thị kỹ thuật số 100W Pd 3.1 Nhanh Chóng Sạc dây sạc Cho Iphone15 MacBook Pro máy tính xách tay Samsung USB C Dây,https://www.lazada.vn/products/pdp-i2467792616.html,75.000 ₫,4.0,360 Đã bán
"Giá Đỡ/Stand JRC Macbook/Laptop/iPad lên tới 17inc, Nhôm Nguyên Khối, Tản Nhiệt Tốt, Gấp Gọn - HÀNG CHÍNH HÃNG",https://www.lazada.vn/products/pdp-i2693476465.html,479.000 ₫,,
(Sỉ Lẻ Loại 1 Chuẩn) Hoa khế dưới dao 5mm máy xay sinh tố Sunhouse Comet Kangaroo Saiko...,https://www.lazada.vn/products/pdp-i1534797230.html,18.000 ₫,5.0,244 Đã bán
Bàn phím Bluetooth BOW K500 dùng cho iPad laptop desktop hai chế độ,https://www.lazada.vn/products/pdp-i3178812353.html,443.000 ₫,4.0,
Giá Treo Tivi Di Động 32 - 75 Inch - Giá Treo Tivi Có Bánh Xe Di Chuyển [ Ưu Việt Hơn NB AVA1500 ],https://www.lazada.vn/products/pdp-i2466939237.html,671.721 ₫,4.0,481 Đã bán
bể cá cảnh để bàn kích thước D30XR18XC18cm,https://www.lazada.vn/products/pdp-i2585556129.html,99.000 ₫,5.0,132 Đã bán
"Bể bạt nuôi ốc, ếch, lươn, cá,… may bằng bạt Tú Phương dày 2 lớp tuổi thọ từ 4 năm",https://www.lazada.vn/products/pdp-i1621095437.html,350.000 ₫,4.0,464 Đã bán
"MÀNG LỌC NƯỚC UF VỎ INOX CÔNG SUẤT 3000-4500L/h,BỘ LỌC UF VỎ INOX NHẬP KHẨU ĐÀI LOAN.KHÔNG DÙNG ĐIỆN",https://www.lazada.vn/products/pdp-i1630191082.html,2.618.200 ₫,5.0,6 Đã bán
"Cáp tín hiệu HDMI Ugreen 30115 10106 60820 10107 10108 10109 10178 HD104 (hỗ trợ 3D,4K Thuần đồng)",https://www.lazada.vn/products/pdp-i2818389652.html,69.000 ₫,5.0,265 Đã bán
"Máy Sưởi BAOYU E600 600w-800w-1000w-1200w-1500w Cao Cấp Cho Bể Cá Cảnh, Bể Thủy Sinh",https://www.lazada.vn/products/pdp-i2873139676.html,570.000 ₫,5.0,8 Đã bán
"Webcam Logitech C270 720p HD - Góc cam 55 độ, micro giảm ồn, tự động chỉnh sáng cho Video Call, chụp ảnh 3MB, phù hợp PC/ Laptop",https://www.lazada.vn/products/pdp-i260188425.html,459.000 ₫,4.0,
Máy lọc nước bơm oxy bể cá XQP nội địa cao cấp,https://www.lazada.vn/products/pdp-i2610094855.html,130.000 ₫,5.0,28 Đã bán
"Đế làm mát điện thoại từ tính GOOJODOQ làm mát nhanh 5 giây, đèn RGB hai chế độ im lặng, thiết kế kẹp di động",https://www.lazada.vn/products/pdp-i3177633400.html,113.900 ₫,5.0,25 Đã bán
Bút Cảm Ứng pad GOOJODOQ Bút Cảm Ứng Cho Pad Bút Chì 9th Gen 8th 7th 6th Air 4 5 Pro 11 12.9 2019 2020 2021 Mini 6 bút vẽ cảm ứng,https://www.lazada.vn/products/pdp-i2891550510.html,198.000 ₫,4.0,220 Đã bán
"Ống tách phân bể cá bọc lưới inox 304, giúp tách phân cặn hồ cá, hồ Koi, hồ non bộ. Phân loại 20cm",https://www.lazada.vn/products/pdp-i1491288013.html,249.000 ₫,4.0,201 Đã bán
Xử lí nấm cho cá rồng OCEAN FREE chai số 4,https://www.lazada.vn/products/pdp-i1476830035.html,159.000 ₫,,"7 Đã bán
Hồ Chí Minh"
Serally Vô Gia Cư lều cho thú cưng chống nước không thấm nước mưa ấm mèo ngủ lều hang động di động,https://www.lazada.vn/products/pdp-i2433234734.html,136.641 ₫,5.0,15 Đã bán
"Máy lọc thác mini USB HIWEILON cho bể cá, hồ thuỷ sinh",https://www.lazada.vn/products/pdp-i2648280349.html,64.999 ₫,5.0,
Giá treo loa BMB BOSE JPL loại dày ( bộ 2 chiếc),https://www.lazada.vn/products/pdp-i1981286859.html,145.000 ₫,4.0,117 Đã bán
[Bản Mới Nhất] Quạt Tản nhiệt Sò Lạnh Cao Cấp Kiri TH12 AI - Công suất cao 30W - Đông đá nhanh - AI thông minh - Hoàn thiện cao cấp,https://www.lazada.vn/products/pdp-i3081766966.html,430.000 ₫,4.0,39 Đã bán
"【COD】""Lọc Chìm Đa Năng Rs 602 603 Cho Bể Cá Cảnh, Máy Lọc Tích Hợp Lọc Nước, Oxy, Tạo Thác Cực Tiện Lợi """,https://www.lazada.vn/products/pdp-i3174335865.html,62.000 ₫,,
"Đèn MAYIN super color thế hệ 3 ,: 52cm ,72cm,92cm,112cm SUPER COLOR 3 9000K - Đèn Led Cao Cấp Cho Huyết Long, Cá Lóc, Cá Vàng",https://www.lazada.vn/products/pdp-i2481102321.html,650.000 ₫,5.0,20 Đã bán
"Máy sưởi bể cá inox Gebo 25w, 50w, 100w, 200w.",https://www.lazada.vn/products/pdp-i2941730546.html,102.600 ₫,,
"Đèn UV Hồ cá 3W 5W 7W 9W 11W Có hẹn giờ | Đèn UV diệt tảo, khuẩn, nấm cho bể cá cảnh (có Bảo hành)",https://www.lazada.vn/products/pdp-i2742980414.html,109.000 ₫,5.0,152 Đã bán
(NEW) Cáp màn hình laptop Acer E5-575 E5-523 E5-523G F5-573 E5-576,https://www.lazada.vn/products/pdp-i2266562078.html,250.000 ₫,,
ZOEF Bể cá để bàn độ phân giải cao 4K có đai chống áp suất và chống rơi và đèn chiếu sáng có thể đảo ngược HHMPS00720,https://www.lazada.vn/products/pdp-i3037709606.html,119.000 ₫,4.0,9 Đã bán
Sưởi bể cá MINI XILONG XL-025A 25W và 50W,https://www.lazada.vn/products/pdp-i2602117577.html,95.000 ₫,,
CÁM LEXUS CHANNA FISH FEED - CÁM NỮ HOÀNG - CÁM LÓC LẠNH,https://www.lazada.vn/products/pdp-i2822240879.html,65.000 ₫,4.0,253 Đã bán
Xử lý nhiễm khuẩn tái tạo da vây vết thương API MELAFIX cho cá hàng Mỹ,https://www.lazada.vn/products/pdp-i292448469.html,170.000 ₫,5.0,47 Đã bán
Chân máy giặt tủ lạnh trụ inox chống rung ồn cao cấp - Bảo hành 2 năm,https://www.lazada.vn/products/pdp-i1422384347.html,169.000 ₫,4.0,
"Xi TU - MASTER Line [20ml Nhập Đức] Xi Lanh Tiêm Heo, Bơm Tiêm, Ống Chích Trắng. Xilanh tiêm vật nuôi và ......!",https://www.lazada.vn/products/pdp-i2007218831.html,120.000 ₫,5.0,15 Đã bán
VIÊN UỐNG BỔ SUNG RAU CỦ DHC NHẬT BẢN (GÓI 240 VIÊN - DÙNG 60 NGÀY),https://www.lazada.vn/products/pdp-i2278438741.html,295.000 ₫,5.0,
Máy sục khí oxy 1-2 vòi Vipsun 248A 348A oxi Loại tốt,https://www.lazada.vn/products/pdp-i294354242.html,29.106 ₫,4.0,
"(RM DA) RỌ MÕM CHÓ CHẤT LIỆU DA BỀN BỈ, CAO CẤP CHỐNG CẮN PHÁ, CHỐNG SỦA",https://www.lazada.vn/products/pdp-i2947573565.html,33.400 ₫,5.0,20 Đã bán
Lọc thác hồ cá bể cá thuỷ sinh MINI máy lọc nước,https://www.lazada.vn/products/pdp-i2891310640.html,160.000 ₫,5.0,41 Đã bán
Bao da kèm bàn phím máy tính bảng samsung galaxy Tab S6 lite 10.4 inch P610/P615/Tab S7(T870/T875)/Tab S7+(T970/T975)/Tab A7 10.4 inch(2020),https://www.lazada.vn/products/pdp-i1492073544.html,330.000 ₫,,
"NEEWER 65mm Telephoto Phone Lens, Ống kính Tele Ống kính điện thoại có chụp ống kính, cho ngàm ống kính ren 17mm, LS-66",https://www.lazada.vn/products/pdp-i3121206385.html,2.177.000 ₫,,
"Máy xay cầm tay mini Meet Juice 500ml nhỏ gọn công suất 150W - Máy xay sinh tố đa năng xay bột, xay cháo, xay rau củ quả - Máy xay sinh tố mini 22000 vòng/ phút Xay cực nhanh 9s, cao cấp, an toàn - ASHAKI",https://www.lazada.vn/products/pdp-i2526234320.html,407.400 ₫,,
"VAN KHÓA XOAY ,VAN KHÓA NƯỚC MÁY LỌC NÓNG LẠNH,RO DÙNG CO NỐI NHANH.",https://www.lazada.vn/products/pdp-i2858944139.html,167.310 ₫,5.0,38 Đã bán
"[ CỐI THUỶ TINH 700W ]Máy xay sinh tố đa năng Sunhouse Mama SHD5353W , HÀNG CAO CẤP BẢO HÀNH 24 THÁNG TOÀN QUỐC",https://www.lazada.vn/products/pdp-i1530824275.html,1.890.000 ₫,,
1 Thiết Bị Lọc Ba Tầng Kim Loại Tạo Oxy Cho Hồ Thủy Sinh Hoặc Hồ Nam Bộ,https://www.lazada.vn/products/pdp-i2904262157.html,55.809 ₫,5.0,69 Đã bán
Quạt Tản Nhiệt CPU Jonsbo CR1000EVO ARGB Desktop Tower Style CPU Cooler Quạt Tản Nhiệt Máy Tính Bằng Thép Không Gỉ,https://www.lazada.vn/products/pdp-i2866234906.html,589.000 ₫,,"6 Đã bán
Hong Kong"
"Chân inox để tủ lạnh dạng lớn slide by slide , nhiều size khác nhau , cao 15cm .Inox 201 và inox 304",https://www.lazada.vn/products/pdp-i2032781421.html,630.000 ₫,5.0,23 Đã bán
"Viên sủi điện giải tốt ƞhất thế giới Forbes bình chọn : ""NUUN Sport"" tăng cường hiệu suất thể thao",https://www.lazada.vn/products/pdp-i2427608882.html,199.000 ₫,5.0,238 Đã bán
sunsun | Bể Cá Mini Lọc Phía Cạnh Kính Siêu Trong Cho Phòng Khách,https://www.lazada.vn/products/pdp-i3201453027.html,374.000 ₫,4.0,6 Đã bán
[SHIP hỏa tốc HCM ] Thanh lý Lẻ size - Bể kính đúc size 40cm cong 2 cạnh | Bể cá mini | Hồ cá thủy sinh,https://www.lazada.vn/products/pdp-i3083668899.html,570.000 ₫,,
"[Freeship] Trọn bộ máy ấp trứng tự động 54 trứng cho gà vịt, thương hiệu máy ấp trứng Tuấn Trình",https://www.lazada.vn/products/pdp-i1663391870.html,279.000 ₫,4.0,870 Đã bán
"Máy ấp trứng gà vịt ngỗng hoàn toàn tự động thông minh Hộp ấp trứng loại nhỏ tại nhà, ấp trứng vẹt bồ câu, tự động lật trứng",https://www.lazada.vn/products/pdp-i2412123203.html,649.000 ₫,4.0,120 Đã bán
"Bể cá mini NAGO có máy bơm nước có tích hợp đèn thủy sinh, bể cá để bàn văn phòng 30*13*19.3cm bể cá siêu độc lạ bể cácảnh",https://www.lazada.vn/products/pdp-i3090806128.html,321.600 ₫,4.0,14 Đã bán
"Điện Thoại Người Già Viettell Fami99 sóng 4G Pin Trâu 7800mAh,Bàn Phím Lớn, Loa To Rõ, Máy Phụ Chính Hãng",https://www.lazada.vn/products/pdp-i2580581991.html,429.000 ₫,5.0,10 Đã bán
"Đèn Hồ Cá Neo Helios Solar Color Booster - Tăng Cường Giúp Màu Cá Thêm Đẹp - Chuyên Dùng Cho Cá Lóc, Cá Rồng, Thủy Sinh",https://www.lazada.vn/products/pdp-i2616316280.html,199.000 ₫,4.0,100 Đã bán
"Sưởi, đèn sưởi bể cá Atman BH 100W 200W 300W sưởi hồ cá giúp ổn định nhiệt độ, phòng nấm cho cá",https://www.lazada.vn/products/pdp-i1874794092.html,135.000 ₫,,
"Máy xay sinh tố đa năng KENWOOD, máy xay công nghiệp công suất lớn thiết kế 6 lưỡi dao bằng thép không gỉ, máy xay 2 cối thuỷ tinh chuyên dụng - BẢO HÀNH 12 THÁNG",https://www.lazada.vn/products/pdp-i2006420849.html,585.000 ₫,4.0,587 Đã bán
Bộ bóng úm cho gà vịt ngan Carbon 1400-1200-900 w siêu bền,https://www.lazada.vn/products/pdp-i2039838910.html,180.000 ₫,5.0,54 Đã bán
PIN LAPTOP LENOVO IDEAPAD L12L4E01 L12M4A02 L12S4E01 S310 S400 S400T S405 L12M4E01,https://www.lazada.vn/products/pdp-i1952776569.html,375.000 ₫,,
Máy xay sinh tố 2 cối AQUA Thailand Thiết kế thân máy bằng thép không rỉ Công suất mạnh mẽ 450W,https://www.lazada.vn/products/pdp-i2294992119.html,575.450 ₫,,
"Máy Xay Sinh Tố Mini Tích Điện 6 Lưỡi Dao Inox Đa Năng Dung Tích 380ml, Máy Xay Hoa Quả Cầm Tay Nhỏ Gọn, Dễ Dàng Sạc Điện Bằng Cổng USB Mang Đi Khắp Mọi Nơi Tiện Lợi.",https://www.lazada.vn/products/pdp-i1766396749.html,99.000 ₫,5.0,11 Đã bán
"Gậy đuổi lợn bằng điện,Roi Đuổi Heo Bằng Điện,chống nước chống rơi,Phóng điện an toàn,Không làm tổn thương da và thịtv",https://www.lazada.vn/products/pdp-i3129967380.html,369.000 ₫,5.0,14 Đã bán
Viên Uống One A Day Women Multivitamin 300 Viên Của Mỹ,https://www.lazada.vn/products/pdp-i1966458080.html,499.000 ₫,,"5 Đã bán
Hồ Chí Minh"
Thực phẩm bổ sung Vitamin của Mỹ - ONE A DAY WOMEN 50+ Healthy Advantage 300 viên ( date xa ),https://www.lazada.vn/products/pdp-i1522619768.html,771.000 ₫,5.0,
"VIÊN UỐNG GIẢM STRESS, LO LẮNG, GIÚP NGỦ NGON BLACKMORES TRANQUIL NIGHT CỦA ÚC HỘP 60 VIÊN",https://www.lazada.vn/products/pdp-i1997951056.html,399.900 ₫,5.0,
Bóng đèn sưởi Saiko - Bóng sưởi quạt sưởi chính hãng,https://www.lazada.vn/products/pdp-i1713928354.html,65.750 ₫,4.0,51 Đã bán
"Tiêu Khiết Thanh - Cải Thiện Khản Tiếng, Mất Tiếng (hộp 30 viên) P172",https://www.lazada.vn/products/pdp-i1532075019.html,189.000 ₫,5.0,
"Ti nạp gas, đầu ty nạp gas điều hòa tủ lạnh hàng dầy dài đẹp , giá tốt",https://www.lazada.vn/products/pdp-i2368335014.html,15.000 ₫,5.0,8 Đã bán
[Hoàn Tiền 10%] Sưởi Atman 200W,https://www.lazada.vn/products/pdp-i253853335.html,89.000 ₫,5.0,29 Đã bán
Sưởi bể cá OU GECAI HZ Q5 500W/800W/1000W,https://www.lazada.vn/products/pdp-i2601983872.html,389.000 ₫,,
"Quạt tản nhiệt gaming Memo CX01 | Quạt tản nhiệt nam châm, sò lạnh dành cho điện thoại, máy tính bảng",https://www.lazada.vn/products/pdp-i1880366339.html,179.000 ₫,5.0,
Quạt Tủ Lạnh SANYO loại dày,https://www.lazada.vn/products/pdp-i1423391302.html,105.000 ₫,5.0,6 Đã bán
Máy xay sinh tố Sunhouse SHD5112 xanh,https://www.lazada.vn/products/pdp-i650300566.html,495.000 ₫,,
[Tiêu chuẩn Châu Âu ] Bộ Phát WiFi D-Link Băng Tần Kép Chuẩn AC750 750Mbps DIR-806A (Đen) - Bảo Hành 24 Tháng,https://www.lazada.vn/products/pdp-i2239337684.html,219.000 ₫,5.0,7 Đã bán
Điều khiển điều hòa Daikin ARC480A72 inveter 2 chiều zin chính hãng,https://www.lazada.vn/products/pdp-i2197390959.html,380.000 ₫,,
Canxi hữu cơ cho bà bầu Litho Plus 60 viên Đức dạng viên bổ sung Canxi bầu tảo đỏ - Olin House,https://www.lazada.vn/products/pdp-i1647875812.html,500.000 ₫,5.0,12 Đã bán
Sưởi periha chống bỏng - sưởi bể cá chất lượng cao HE / HB 100w 200w-300w-500w - HE / HB SERIES,https://www.lazada.vn/products/pdp-i1289334667.html,159.000 ₫,4.0,27 Đã bán
VIÊN UỐNG SEACAN - Bổ sung Canxi tự nhiên từ Tảo biển đỏ lọ 60 viên,https://www.lazada.vn/products/pdp-i502790519.html,107.000 ₫,5.0,13 Đã bán
baki lọc hồ cá full vật liệu lọc 3 tầng kt thước 1 tầng 48 x 20 x 16cm,https://www.lazada.vn/products/pdp-i2168134840.html,400.000 ₫,5.0,22 Đã bán
"VIÊN UỐNG BỔ SUNG VITAMIN TỔNG HỢP KIRKLAND SIGNATURE DAILY MULTI 500 VIÊN - sản phẩm tốt chất lượng cao, sản phẩm cam kết giống như hình, ĐƯỢC ƯA CHUỘNG SĂN ĐÓN TRÊN THỊ TRƯỜNG HIỆN NAY",https://www.lazada.vn/products/pdp-i1976401535.html,899.900 ₫,,
Viên Uống Vitamin Hữu Cơ Tổng Hợp Dành Cho Mẹ Bầu & Cho Con Bú Garden of Life Prenatal Multi Vitamin 90 viên,https://www.lazada.vn/products/pdp-i2552235447.html,738.000 ₫,,
viên uống Osteo Bi-Flex Joint Health - Hàng xách tay,https://www.lazada.vn/products/pdp-i596510912.html,824.680 ₫,,
Bộ phát Wifi Router Xiaomi Redmi AX6000 băng tần kép - Wifi 6 6000Mbps - hỗ trợ Mesh - kết nối 248 thiết bị,https://www.lazada.vn/products/pdp-i1933057152.html,2.899.000 ₫,,"7 Đã bán
Hà Nội"
"Máy xay sinh tố cầm tay CHIGO 300ml, Máy xay cầm tay mini 6 Lưỡi Pin 1500Mah Công Suất 140W, Nhựa Plastic Cao Cấp, BH 12 Tháng",https://www.lazada.vn/products/pdp-i2015758562.html,260.000 ₫,5.0,7 Đã bán
NHIỆT KẾ ĐIỆN TỬ DÁN BỂ MÀN HÌNH LCD CÓ CỔNG SẠC- PHỤ KIỆN CÁ CẢNH THỦY SINH ĐỘ BỀN CAO,https://www.lazada.vn/products/pdp-i2450787539.html,92.949 ₫,4.0,
