title,url,price,rating,shop
Màn hình vi tính 19 inch,https://www.lazada.vn/products/pdp-i1200840625.html,559.910 ₫,4.0,968 Đã bán
Spin Màn hình cong 1080p 27inch Led Màn hiển thị 24inch Máy tính Full HD LCD 100hz Thiết bị hiển thị,https://www.lazada.vn/products/pdp-i3080415323.html,1.690.000 ₫,4.0,167 Đã bán
[ TOP 1 BÁN CHẠY ] Màn hình máy tính Gaming 27 inch 2K QHD | Tấm nền IPS | Tần số 75Hz | Hàng chính hãng. Bảo hành 24 tháng,https://www.lazada.vn/products/pdp-i750952776.html,1.689.000 ₫,4.0,304 Đã bán
"【Free Gift】Màn hình di động GOOJODOQ 15.6 14 Inch 1920*1080P FHD IPS USB-C HDMI Portable Monitor Cho Laptop máy tính, điện thoại, máy chơi game PS4",https://www.lazada.vn/products/pdp-i2478628024.html,1.682.100 ₫,4.0,679 Đã bán
"Màn hình máy tính Provision 19'' 22'' 24'' 27 inch độ phân giải 1920x1080 tần số 75Hz Full HD, Màn Hình Gaming, Màn hình máy tính giá rẻ - Bảo hành chính hãng 24 tháng",https://www.lazada.vn/products/pdp-i1712517425.html,1.500.000 ₫,5.0,14 Đã bán
màn hình 27 inch 144/165Hz/1ms(GTG) Full HD 1080P IPS Hỗ trợ HDMI/VGA/DP HDR400 Bảo hành 3 năm,https://www.lazada.vn/products/pdp-i3211004337.html,2.158.000 ₫,5.0,
"[Siêu Sale 7.7] Màn hình máy tính Provision 27 inch cong, 24 inch - 22 inch - 20 inch - 19 inch Phẳng Chuyên dùng cho học tập , văn phòng , bán hàng - Hàng chính hãng",https://www.lazada.vn/products/pdp-i1712608033.html,1.500.000 ₫,5.0,43 Đã bán
Màn hình máy vi tính Dell hp 22i 20in 19in 17in 15in wide Vuong hàng công ty đẹp giá chi 200k bảo hành chu đáo tại shop,https://www.lazada.vn/products/pdp-i2892712523.html,275.000 ₫,5.0,
Màn hình cong Spin Màn hình LED 24&27 inch Full HD Màn hình máy tính chơi game 100hz,https://www.lazada.vn/products/pdp-i3080407416.html,1.690.000 ₫,5.0,79 Đã bán
"Màn Hình 27inch Cong K-Vision Tấm Nền IPS 100Hz Full Viền Độ Phân Giải 1920x1080, Màn Hình Gaming Full Viền. Bảo hành 24 tháng, Màn hình 24 inch 165Hz, Màn Hình 27 inch 165hz",https://www.lazada.vn/products/pdp-i2208491473.html,1.700.000 ₫,5.0,6 Đã bán
Màn Hình Chơi Game Điều Chỉnh Được 2K 220Hz 27 inches,https://www.lazada.vn/products/pdp-i3202334170.html,4.569.000 ₫,4.0,
Màn Hình IPS Cao Cấp 24.5 inch 100Hz với Bảo Vệ Ánh Sáng Xanh Thấp,https://www.lazada.vn/products/pdp-i3201354655.html,3.203.000 ₫,4.0,
Màn Hình Chống Lóa 2K 180Hz HVA Cong 32 inches,https://www.lazada.vn/products/pdp-i3201404380.html,4.349.000 ₫,4.0,
Màn hình PC để bàn Monitor K VISION 24inch IPS/ 22 INCH / 75 Hz Chính hãng - BH 2 năm,https://www.lazada.vn/products/pdp-i2051027725.html,1.590.000 ₫,4.0,329 Đã bán
Màn Hình Chơi Game FastIPS Ánh Sáng Xanh Thấp 400Hz HDR400 24.5 inches,https://www.lazada.vn/products/pdp-i3214126161.html,6.619.000 ₫,4.0,
Màn Hình Kvision 27 Inch Không Viền FHD KV-VISION KVG27100FL- Hàng chính hãng,https://www.lazada.vn/products/pdp-i2107254847.html,1.725.000 ₫,5.0,37 Đã bán
Màn Hình Chơi Game Đảo Chiếu 300Hz Tần Số Làm Mới Thấp Ánh Sáng Xanh Điều Chỉnh Được 24.5 inches,https://www.lazada.vn/products/pdp-i3198339123.html,5.060.000 ₫,4.0,
Màn Hình Chơi Game 2K 210Hz Có Thể Quay Đổi Và Điều Chỉnh 27 inches,https://www.lazada.vn/products/pdp-i3195848729.html,4.942.000 ₫,4.0,
"Màn hình Asus TUF Gaming VG27AQ5A 27"" (QHD (2K) 2560 x 1440/ Fast IPS/ 210Hz/ 1 ms) -Bảo hành 36 tháng",https://www.lazada.vn/products/pdp-i3125931667.html,5.290.000 ₫,5.0,
"Màn Hình Máy Tính, màn hình vi tính Tomko 22 - 32 inch 2K 2560 x 1440 IPS . Hàng Chính Hãng | Bảo Hành 36 tháng",https://www.lazada.vn/products/pdp-i2093361978.html,4.270.000 ₫,4.0,193 Đã bán
Màn Hình LCD ASUS Eye Care VP229HF (21.5”/ FHD/IPS/ HDMI/ VGA/ 100Hz/ 1ms) Black - Hàng Chính Hãng,https://www.lazada.vn/products/pdp-i3126926018.html,2.296.800 ₫,,
Màn hình máy tính Xiaomi Monitor A24i 23.8 inch FHD/IPS/100Hz/6ms/HDMI ELA5444EU - Chính hãng Digiworld,https://www.lazada.vn/products/pdp-i2645010255.html,2.090.000 ₫,5.0,
Màn Hình LCD EDRA EGM27F100 (27 inch/FHD/IPS/100Hz/1ms) – Hàng Chính Hãng,https://www.lazada.vn/products/pdp-i2633462356.html,2.790.000 ₫,,
Màn hình máy tính Gaming CONG Full viền 24 inch Duan iP2409H (FHD / 100hz / VA / 1ms) - Bảo hành 24T,https://www.lazada.vn/products/pdp-i2237997235.html,2.049.000 ₫,5.0,33 Đã bán
[New box 100%] Màn Hình Máy Tính Xiaomi Redmi Desktop Monitor 1A 24 INCH / 27 INCH - Tấm nền IPS - Tần số 100Hz - HDMI - Lọc ánh sáng xanh. [Hàng Chính Hãng].,https://www.lazada.vn/products/pdp-i1246340997.html,2.250.000 ₫,4.0,230 Đã bán
Màn hình Samsung công thái học D400GAEXXV FHD IPS 100Hz Bảo vệ mắt Khử nhấp nháy,https://www.lazada.vn/products/pdp-i2979312860.html,2.385.000 ₫,5.0,80 Đã bán
"Màn hình di động Full HD 15,6 inch Màn hình IPS | HDR | 60Hz cho máy chơi game, điện thoại di động, máy tính",https://www.lazada.vn/products/pdp-i3211665099.html,1.287.000 ₫,4.0,
Màn Hình Chơi Game 27 Inch 2K 180Hz,https://www.lazada.vn/products/pdp-i3201416593.html,4.524.000 ₫,4.0,
"Màn hình FHD mở rộng máy tính xách tay 14 inch ba màn hình quan sát di động với 1 cáp cho 2 màn hình cho Windows, MacOS cho máy tính xách tay 13.3-16.5 inch",https://www.lazada.vn/products/pdp-i2611726753.html,6.921.122 ₫,5.0,6 Đã bán
"Màn Hình Máy Tính DELL D2421H 24 inch IPS Full viền, mới 100% Full HD, IPS, 60Hz, 5ms",https://www.lazada.vn/products/pdp-i2908672501.html,2.839.000 ₫,5.0,5 Đã bán
"[CŨ] Màn Hình Dell U2417h 24 inch Chuyên Đồ Hoạ 24"" Ultrasharp U2417 24inch - Bảo hành 3 tháng",https://www.lazada.vn/products/pdp-i2205810781.html,3.319.000 ₫,4.0,22 Đã bán
"Màn Hình 27 inch 2K 100Hz IPS với Công Nghệ Chống Lóa, Ánh Sáng Xanh Thấp và Không Nhấp Nháy",https://www.lazada.vn/products/pdp-i3220733335.html,3.192.000 ₫,4.0,
Spin Micro Surface 100Hz High Brush LCD Display 2ms Màn hình máy tính màu trường học đáp ứng,https://www.lazada.vn/products/pdp-i3085575779.html,1.690.000 ₫,5.0,10 Đã bán
Màn Hình 22 inch Gaming Full Viền DUAN DT-V2218S 22inch Chuyên game (FHD/75HZ/LED VA) - Bảo hành 24T,https://www.lazada.vn/products/pdp-i2293685612.html,1.849.000 ₫,5.0,
Màn Hình Máy Tính Gaming E-Dra EGM24F100H 23.8 inch FullHD IPS 100hz 1ms phẳng - Hàng chính hãng,https://www.lazada.vn/products/pdp-i2815639451.html,1.769.130 ₫,5.0,9 Đã bán
Màn hình Gaming 240HZ 27 inch Full viền Duan DT-IP27240S 27inch Chuyên Game (FHD/IPS/1ms) Viền mỏng,https://www.lazada.vn/products/pdp-i2238010163.html,3.749.000 ₫,5.0,12 Đã bán
Màn hình máy tính LCD LED 19 inch wide các hãng Samsung LG HP Dell AOC..... đủ cáp nguồn cáp VGA,https://www.lazada.vn/products/pdp-i2394463282.html,400.000 ₫,4.0,24 Đã bán
Màn hình di động 14 inch IPS 2.5K TypeC Thunderbolt - Tặng kèm bao da,https://www.lazada.vn/products/pdp-i2128244270.html,1.168.000 ₫,4.0,322 Đã bán
Màn hình Máy Tính 19 LCD 1 Sọc hoặc Sạm xước nhẹ,https://www.lazada.vn/products/pdp-i2197974539.html,280.000 ₫,5.0,
"Màn hình Dell 20 inch, đẹp, hình ảnh nét , hàng đã qua sử dụng",https://www.lazada.vn/products/pdp-i3063477044.html,484.165 ₫,4.0,12 Đã bán
Màn hình LCD gaming 27inch 2K IPS 100hz / 144hz / 165hz / 180hz New Box bảo hành chính hãng 24 Tháng,https://www.lazada.vn/products/pdp-i3160635307.html,2.188.000 ₫,5.0,
Màn hình Xiaomi A27i (ELA5345EU) (27 inch/FHD/IPS/100HZ/6ms/HDMI) - Chính hãng,https://www.lazada.vn/products/pdp-i2740616512.html,2.220.000 ₫,5.0,15 Đã bán
Màn hình di động 15 inch IPS 2.5K 144Hz có TypeC ThunderBolt - Tặng kèm bao da,https://www.lazada.vn/products/pdp-i2178702493.html,1.548.000 ₫,4.0,230 Đã bán
Màn hình vi tính 19 inch sáng đẹp có bảo hành 3 tháng,https://www.lazada.vn/products/pdp-i2624974640.html,699.000 ₫,5.0,16 Đã bán
"Màn hình di động ZX1505 Nhiều Kích thước FullHD / 2K cho máy tính , laptop , smartphone",https://www.lazada.vn/products/pdp-i1935629973.html,1.955.000 ₫,4.0,86 Đã bán
JIETAO Màn hình cong 17/19/22/24/27/32 inch Tốc độ làm mới 165HZ IPS Cáp HDMI Bảo hành 1 năm,https://www.lazada.vn/products/pdp-i2594711738.html,1.580.000 ₫,4.0,18 Đã bán
Màn hình Gaming YUNSI 25inch / 24inch / 22inch Cong Phẳng ĐEN/TRẮNG New Box Bảo hành 24 Tháng,https://www.lazada.vn/products/pdp-i3102023330.html,1.420.000 ₫,5.0,
Màn hình BenQ GW2791_bảo vệ mắt 27 inch 1080p IPS 100Hz phù hợp làm việc và giải trí,https://www.lazada.vn/products/pdp-i2941684359.html,2.750.000 ₫,,
Màn hình BenQ GW2790Q_bảo vệ mắt 27 inch 2K QHD 100Hz phù hợp làm việc và giải trí,https://www.lazada.vn/products/pdp-i3058270412.html,4.400.000 ₫,,
"Màn Hình Tuoshuo RL279Q 27 Inch 2K IPS 60Hz – 400nit, DCI-P3 95%, Viền Mỏng 4 Cạnh",https://www.lazada.vn/products/pdp-i3197749834.html,2.469.000 ₫,5.0,
Màn Hình Gaming 27 Inch 2K 210Hz Có Loa Điều Chỉnh Được,https://www.lazada.vn/products/pdp-i3195113352.html,5.580.000 ₫,4.0,
"Màn hình Xiaomi A27Ui EU 27"" (4K UHD 3840 x 2160/ IPS/ 60Hz/ 6 ms) -Bảo hành 36 tháng",https://www.lazada.vn/products/pdp-i3127552946.html,6.359.000 ₫,5.0,
EHOMEWEI | Màn Hình OLED 4K Cảm Ứng Di Động,https://www.lazada.vn/products/pdp-i3219623755.html,9.474.000 ₫,4.0,
Màn hình Gaming EDRA EGM24F100PV 24 inch FullHD 100Hz - Hàng Chính Hãng,https://www.lazada.vn/products/pdp-i3074417396.html,1.735.000 ₫,5.0,6 Đã bán
Màn Hình Gaming 27 Inch 2K 180Hz Điều Chỉnh FastIPS,https://www.lazada.vn/products/pdp-i3220347835.html,4.529.000 ₫,4.0,
Màn Hình Máy Tính Xiaomi Monitor A24i EU | IPS | 100 Hz | 6ms | 1920 x 1080 | FHD | 24inch - Bảo Hành 36 Tháng,https://www.lazada.vn/products/pdp-i2770356739.html,1.790.000 ₫,5.0,20 Đã bán
Màn Hình Máy Tính PC Xiaomi Monitor A24i 23.8 inches Tấm Nền IPS 100Hz Bảo hành 36 Tháng,https://www.lazada.vn/products/pdp-i2843368119.html,1.890.000 ₫,5.0,26 Đã bán
MÀN HÌNH PHẲNG YUNSI Y240WZH 24INCH (75HZ | 2ms | 1K FULL HD | IPS | VGA | HDMI) BẢO HÀNH CHÍNH HÃNG,https://www.lazada.vn/products/pdp-i3096416521.html,1.760.000 ₫,,
Màn hình di động có cảm ứng đa điểm Hỗ trợ Samsung DeX PC Switch - Tặng kèm bao da,https://www.lazada.vn/products/pdp-i2375163107.html,1.588.000 ₫,4.0,47 Đã bán
BenQ ZOWIE XL2540X+_Màn hình gaming BenQ ZOWIE eSports 24.1 inch Fast TN 280Hz,https://www.lazada.vn/products/pdp-i3224372676.html,10.000.000 ₫,,
Màn hình Gaming Samsung Odyssey 34 inch Cong LC34G55TWWEXXV Ultra WQHD 165Hz 1ms HDR,https://www.lazada.vn/products/pdp-i1455906688.html,7.423.000 ₫,4.0,270 Đã bán
Màn hình Kingview 2423H 24inch 100Hz IPS Bảo Hành 24 Tháng Lỗi 1 Đổi 1 Trong Thời Gian Bảo Hành,https://www.lazada.vn/products/pdp-i2601021149.html,1.650.000 ₫,,
Màn hình máy tính BenQ GW2790QT _ bảo vệ mắt công thái học 27 inch 2K QHD USB-C phù hợp làm việc văn phòng và giải trí,https://www.lazada.vn/products/pdp-i2355456042.html,7.500.000 ₫,5.0,15 Đã bán
Màn Hình LG UltraWide 29U531A-W (29 inch - IPS - WFHD - 100Hz - 5ms - USB TypeC - Speaker ) - Hàng Chính Hãng,https://www.lazada.vn/products/pdp-i3200428751.html,5.640.000 ₫,,
"Màn hình 32inch 2K Yunsi Y320GM Phẳng (180hz / 120Hz, 1ms, 2K QHD, IPS) - Chính hãng bảo hành 24 Tháng",https://www.lazada.vn/products/pdp-i3174511763.html,3.370.000 ₫,,
Màn hình UltraWide Gaming QHD 21:9 34inch Cong Full viền Duan DT-U3425W 34 inch (UWQHD/120hz/1ms),https://www.lazada.vn/products/pdp-i2237909842.html,6.879.000 ₫,5.0,
Màn hình văn phòng AiVision A243FV/ A271FV / A272FS - Hàng Chính Hãng,https://www.lazada.vn/products/pdp-i2660079361.html,1.710.000 ₫,5.0,
Màn hình Samsung viền mỏng LF24T450FQEXXV,https://www.lazada.vn/products/pdp-i2188791177.html,3.954.000 ₫,5.0,
"Màn hình máy tính BenQ MOBIUZ EX270M _ 27"" FHD IPS 240Hz 1ms HDRi FreeSync chuyên gaming tích hợp tính năng bảo vệ mắt",https://www.lazada.vn/products/pdp-i2426752007.html,5.500.000 ₫,,
"Màn hình LG IPS UltraWide 21:9 WFHD (2560x1080) 29inch - IPS - ốc độ làm mới 100Hz, 1ms MBR - HDR10 - Bh 2 năm",https://www.lazada.vn/products/pdp-i3183044503.html,6.190.000 ₫,,
"Màn hình gaming, màn hình máy tính chơi game E-Dra EGM25F100P Full HD - Màn PC 24 inch - Tần số 100Hz - Hàng chính hãng",https://www.lazada.vn/products/pdp-i2499777735.html,1.989.000 ₫,5.0,
"Màn hình Xiaomi A27Ui EU 27"" (4K UHD 3840 x 2160/ IPS/ 60Hz/ 6 ms) - Bảo hành 36 tháng",https://www.lazada.vn/products/pdp-i3127820647.html,6.859.000 ₫,,
Màn Hình Máy Tính Feuvision Dahua FSID22BFJ 22″ : 21.45″/ VA/ FHD/ 75Hz/ VGA + HDMI,https://www.lazada.vn/products/pdp-i2996199873.html,1.479.000 ₫,5.0,5 Đã bán
Màn hình chuyên đồ họa Samsung 27 inch LS27B800PXEXXV 4K DCI-P3 98% sRGB 100% IPS HDR 400 USB-C 90W,https://www.lazada.vn/products/pdp-i1981586923.html,7.107.000 ₫,4.0,53 Đã bán
Màn Hình Gaming 27 Inch 2K 320Hz Low Blue Light FastIPS,https://www.lazada.vn/products/pdp-i3201427347.html,7.985.000 ₫,4.0,
Màn hình máy tính cũ 17 in 19 in 20 in 22 in đẹp các hãng Dell HP Samsung,https://www.lazada.vn/products/pdp-i2473655262.html,910.540 ₫,5.0,5 Đã bán
Màn hình máy tính K-Vision / Provison 27 inch Cong /24 inch/ 22 inch/19inch/Bảo hành 24 tháng,https://www.lazada.vn/products/pdp-i1991824169.html,1.250.000 ₫,5.0,12 Đã bán
"Màn Hình Máy Tính Skyworth 24B1H 22-24 inchFullHD 75Hz IPS 24inch, Phù Hợp Văn Phòng, Công Ty, Chơi Game, Hàng Chính Hãng",https://www.lazada.vn/products/pdp-i2908558928.html,1.499.000 ₫,5.0,20 Đã bán
Màn hình Edra EGM24F100PV | 23.8 inch | FHD | IPS | 100Hz | 1ms | Bảo hành 24 Tháng,https://www.lazada.vn/products/pdp-i3002790220.html,1.760.000 ₫,5.0,
[Trả góp 0%]Màn hình ASUS VA24EHE (23.8 inch/FHD/IPS/250cd/m²/HDMI+D-Sub+DVI-D/75Hz) - Hàng Chính Hãng,https://www.lazada.vn/products/pdp-i1019416116.html,2.750.000 ₫,5.0,
"Màn Hình Gaming Yunsi Y240Q8 Cong (23.8"", FHD, 100Hz, 1ms, DP, HDMI) Đen / Trắng chính hãng BH 24T",https://www.lazada.vn/products/pdp-i3142629084.html,1.545.000 ₫,,
"Màn hình Xiaomi Redmi 24'' 165Hz, 1ms, VA, HDR và 24"" 100Hz IPS",https://www.lazada.vn/products/pdp-i2505334468.html,2.090.000 ₫,5.0,5 Đã bán
"Màn hình LCD mã KCG057QV1DC 5.7 inch Hãng KYOCERA Nhật, công nghệ CSTN dùng cho Máy ép nhựa",https://www.lazada.vn/products/pdp-i2473361593.html,2.000.000 ₫,5.0,
"[HCM] CHÍNH HÃNG MỚI BẢO HÀNH 12 THÁNG Màn Hình Máy Tính DELL 20 Inch 19 in 17 in Vuông phẳng 60Hz 1280x1024 Chuyên Dùng cho văn phòng , làm việc , học trực tuyến , lướt web xem phim máy tính để bàn máy vi tính máy tính chơi game",https://www.lazada.vn/products/pdp-i1958140733.html,1.665.146 ₫,5.0,8 Đã bán
Màn Hình Máy Tính DELL 24 inch ULTRASHARP Desktop Monitor 24 INCH - U2417H - P2417H - E2417H - E2216HV - BH 3 tháng - Như mới - Hàng Chính Hãng,https://www.lazada.vn/products/pdp-i2205433814.html,3.960.000 ₫,4.0,110 Đã bán
Màn hình VIEWSONIC VX2758 - PRO 5 - 27 inch 2K-185Hz-10bit,https://www.lazada.vn/products/pdp-i2610536460.html,4.150.000 ₫,5.0,
Màn hình máy tính VSP IP2706S 27inch FullHD 100Hz 1ms IPS,https://www.lazada.vn/products/pdp-i2294920504.html,2.280.000 ₫,5.0,
Màn hình đôi di động - Dual portable screen chính hãng Sculptor - 14inch / 15.6inch,https://www.lazada.vn/products/pdp-i3022181950.html,5.253.000 ₫,5.0,7 Đã bán
Màn hình máy tính Xiaomi 2K(2560x1440p) 180Hz Gaming G27Qi ELA5593EU - Chính hãng Digiworld,https://www.lazada.vn/products/pdp-i2893072152.html,4.590.000 ₫,,
Asus LCD TUF Gaming 23.8 inch Full HD 144Hz 1ms (VG249Q),https://www.lazada.vn/products/pdp-i1922436308.html,3.230.500 ₫,5.0,
[CŨ] Màn Hình Dell P2719H 27inch Full viền Văn Phòng Đồ Họa Full HD IPS 27 inch - P2719 Chính hãng,https://www.lazada.vn/products/pdp-i2237989431.html,3.879.000 ₫,5.0,
Màn Hình/ LCD ACER EK241Y G 23.8 INCH/1920X1080@120Hz/IPS/VGA/HDMI/LED/ĐEN(UM.QE1SV.G01) - Bảo hành 36 tháng,https://www.lazada.vn/products/pdp-i2938577040.html,2.514.000 ₫,5.0,
Màn hình cong Samsung 24 inch CF390 LC24F390FHEXXV,https://www.lazada.vn/products/pdp-i2188689652.html,3.410.000 ₫,5.0,
"Màn Hình Gaming Xiaomi Mini LED Gaming Monitor G Pro 27i M0EJ (27inch/2K/180Hz/1ms)- Phiên Bản Quốc tế, BH 36 Tháng",https://www.lazada.vn/products/pdp-i3108637288.html,8.009.100 ₫,,
Màn hình LCD ASUS VY249HGR 23.8”/ FHD/ IPS/ HDMI/ VGA/ 120Hz/ 1ms/ ĐEN (VY249HGR) - Bảo hành 36 tháng,https://www.lazada.vn/products/pdp-i2964941100.html,2.582.000 ₫,5.0,5 Đã bán
Màn hình gaming eSports FPS BenQ ZOWIE XL2540K _ TN 240Hz 24.5 inch,https://www.lazada.vn/products/pdp-i2420133081.html,7.920.000 ₫,,
Màn Hình SAMSUNG ViewFinity S8 S80UD UHD 37 Inch,https://www.lazada.vn/products/pdp-i3076777973.html,9.790.000 ₫,,
Màn Hình LCD ASUS VY279HGR (27 inch - IPS - FHD - 120Hz - 1ms) - Hàng Chính Hãng,https://www.lazada.vn/products/pdp-i3139511419.html,3.105.000 ₫,5.0,
[CŨ] Màn Hình Dell U2422H Ultrasharp 24inch Chuyên Đồ Họa 24 inch U2422 IPS 60Hz TypeC BH 03 Tháng,https://www.lazada.vn/products/pdp-i2237960451.html,4.629.000 ₫,,
Màn hình LCD 25' GLOWY G25VF100 Chính hãng,https://www.lazada.vn/products/pdp-i2946734753.html,2.207.000 ₫,,
Màn hình LCD Dell E2020H - Bảo hành 36 tháng,https://www.lazada.vn/products/pdp-i1573033749.html,2.179.000 ₫,5.0,
Màn hình đôi di động - Dual portable screen chính hãng Sculptor - 15.6 inch,https://www.lazada.vn/products/pdp-i2757667315.html,5.305.000 ₫,5.0,6 Đã bán
Màn hình Gaming ViewSonic VX2758A-2K-PRO-3 27 inch/ VX2758A-2K-PRO-4 - Hàng Chính Hãng,https://www.lazada.vn/products/pdp-i3200723006.html,4.939.000 ₫,5.0,
Màn Hình Xiaomi 4K Monitor A27Ui | 4K UHD | 60Hz | 6ms | IPS 27 Inch | Độ Chính Xác Màu Cao | Bảo Hành 36 Tháng,https://www.lazada.vn/products/pdp-i2905797135.html,6.760.000 ₫,,
Màn hình máy tính Xiaomi 27inch 2K(2560x1440p) A27Qi IPS 100HZ ELA5812EU - Chính hãng Digiworld,https://www.lazada.vn/products/pdp-i3065315498.html,3.679.000 ₫,,
Màn hình Gaming 180hz CONG Full viền 27 inch K-Vision FullHD / VA / 1ms Chuyên Game 27inch viền mỏng,https://www.lazada.vn/products/pdp-i2238044060.html,3.249.000 ₫,5.0,35 Đã bán
Màn hình/ LCD Gaming Acer 23.8 inch Nitro KG240Y X1 (FHD/IPS/200Hz/1ms) - Bảo hành 36 tháng,https://www.lazada.vn/products/pdp-i3082947499.html,2.999.000 ₫,5.0,
"Màn hình AOC Q27G3XMN 27 inch MiniLED 2K 180Hz HDR1000 – Độ sáng 1000nit, VA DCI-P3 96%, Gaming cực mượt",https://www.lazada.vn/products/pdp-i3211224332.html,6.270.000 ₫,,
"Màn hình LCD AOC 23.8"" 24G11ZE/71 (1920x1080/ Fast IPS/ 240Hz OC/ 0.3ms/ Adaptive Sync) Đen - Bảo hành 36 (tháng)",https://www.lazada.vn/products/pdp-i3182866192.html,3.190.000 ₫,,
Màn Hình LG 27UP600-W 27'' 4K UHD IPS VESA DisplayHDR™ 400 [ Hàng Chính Hãng ],https://www.lazada.vn/products/pdp-i3051677467.html,6.149.000 ₫,5.0,
"[Màn cũ] MÀN HÌNH VI TÍNH CŨ 24, 19, 17 INCH CÁC LOẠI",https://www.lazada.vn/products/pdp-i3188820830.html,299.000 ₫,,
"Màn hình Lenovo L27qe 27"" (QHD (2K) 2560 x 1440/ IPS/ 100Hz/ 6 ms) - Bảo hành 36 tháng",https://www.lazada.vn/products/pdp-i3149187223.html,3.090.000 ₫,,"6 Đã bán
Hồ Chí Minh"
"Màn hình chơi game di động ARZOPA-Z1FC, 16,1 '144Hz, 100% sRGB, 1080P HDR với màn hình máy tính xách tay HDMI USB 3.1 cho Switch, PlayStation, Xbox, PS5, Mac",https://www.lazada.vn/products/pdp-i3175481807.html,2.899.000 ₫,3.1,
Màn Hình full viền KV-Vision 24in FHD 100Hz New Fullbox chuyên game gải trí,https://www.lazada.vn/products/pdp-i3172922929.html,1.690.000 ₫,,
Màn Hình Máy Tính Để Bàn 27 inch Cong K-vision 100hz Độ Phân Giải Full HD Tấm Nền IPS Bảo Hành 2 Năm ( Hàng New),https://www.lazada.vn/products/pdp-i2658178128.html,2.250.000 ₫,5.0,
Màn Hình Máy Tính Dell E2225HM (21.5 inch - VA - FHD - 100Hz- 5ms) - Hàng Chính Hãng,https://www.lazada.vn/products/pdp-i3131564454.html,2.450.000 ₫,,
Màn Hình LCD ACER EK271 G 27 INCH/1920X1080@120Hz/IPS/VGA/HDMI/LED/ĐEN(UM.HE1SV.G01) - Bảo hành 36 tháng,https://www.lazada.vn/products/pdp-i2926289968.html,2.439.000 ₫,5.0,8 Đã bán
"Màn hình LCD Samsung 24 inch LS24F320GAEXXV (Full HD 1,920 x 1,080/ IPS/ 120Hz/ 5ms) - Bảo hành 24 tháng",https://www.lazada.vn/products/pdp-i3109954298.html,2.699.000 ₫,,
"Màn hình Samsung S4 S40GD LS24D400GAEXXV | 24 inch, Full HD, IPS, 100Hz, 5ms, chân xoay - Hàng Chính Hãng",https://www.lazada.vn/products/pdp-i1920718212.html,2.490.000 ₫,5.0,
LCD HP V20 (1H849AA) | 19.5 inch HD+ (1600 x 900) 60Hz LED Anti Glare | VGA | HDMI 1.4| Hàng Chính Hãng,https://www.lazada.vn/products/pdp-i2251440941.html,2.100.000 ₫,1.4,
Màn hình máy tính Viewsonic VA3208-4K-MHD (31.5 inch/ 3840 x 2160/ 300 cd/m2/ 4ms/ 60Hz/ 2.5W x 2) - Hàng chính hãng,https://www.lazada.vn/products/pdp-i3004092983.html,7.070.000 ₫,,
Màn hình máy tính Xiaomi 4K UHD IPS 27 inch Sạc ngược USB-C A27Ui - Hàng chính hãng,https://www.lazada.vn/products/pdp-i3117858728.html,6.990.000 ₫,,
"Màn hình máy tính BenQ dành cho Mac MA270U_27"" 4K USB Type-C thiết kế công thái học",https://www.lazada.vn/products/pdp-i2795764142.html,13.200.000 ₫,5.0,7 Đã bán
Màn hình thông minh Samsung Smart Monitor M5 32 inch Full HD - Remote (LS32AM500EEXXV),https://www.lazada.vn/products/pdp-i2118913802.html,7.950.000 ₫,,
[CŨ] Màn hình Dell 2K U2722D 27 inch Chuyên Đồ Hoạ U2722 27inch QHD IPS Chính hãng Bảo hành 3 Tháng,https://www.lazada.vn/products/pdp-i2837969458.html,6.629.000 ₫,,
[GIẢM SỐC] Màn Hình Gaming K-Vision 27 inch CONG Full viền PLS/75hz/FHD - Chống Lóa - Bảo hành 24T,https://www.lazada.vn/products/pdp-i3173058559.html,2.150.000 ₫,,
Màn hình LCD MSI MAG 32C6X 31.5''/ 1920 x 1080/ VA/ 250Hz/ 1ms - Bảo hành 36 tháng,https://www.lazada.vn/products/pdp-i2938491624.html,6.443.000 ₫,,
"Màn hình máy tính BenQ GW2785TC _ 27"" FHD USB Type C IPS điều chỉnh độ cao Microphone bảo vệ mắt",https://www.lazada.vn/products/pdp-i2638624232.html,4.770.000 ₫,,
Màn Hình (Monitor)Feelworld F6 Plus V2 - Màn Hình 6″ 3D Touch Screen IPS,https://www.lazada.vn/products/pdp-i656554264.html,3.690.000 ₫,,
Màn hình LG UltraGear IPS QHD 27 inch 300Hz | 27G640A-B | DCI-P3 95% DisplayHDR™ 400 | 1ms (GtG) | USB-C (PD 15W) - Hàng Chính Hãng,https://www.lazada.vn/products/pdp-i3192873818.html,8.590.000 ₫,,
Màn hình máy tính BenQ GW3290QT _ bảo vệ mắt công thái học 31.5 inch 2K QHD USB-C phù hợp làm việc văn phòng và giải trí,https://www.lazada.vn/products/pdp-i2355436510.html,9.500.000 ₫,5.0,
[CŨ] Màn Hình P2419H Đồ Hoạ Full Viền 24 inch Dell Văn Phòng P2419 (23.8inch/FHD/60hz) - Bảo hành 3T,https://www.lazada.vn/products/pdp-i2238029122.html,2.629.000 ₫,5.0,9 Đã bán
"Màn Hình Máy Tính Xiaomi 2K Monitor A27Qi EU 27inch / LCD IPS / 100Hz / 2K / 6ms - Phiên Bản Quốc Tế, Bảo Hành 36 Tháng",https://www.lazada.vn/products/pdp-i3108461906.html,3.420.000 ₫,,
"[Voucher 50K] Màn hình Lenovo C22-20 (62A7KAR1WW) | 21.5"" Full HD (1080p) 1920 x 1080 at 75 Hz - 72% NTSC | VGA | HDMI | Hàng Chính Hãng",https://www.lazada.vn/products/pdp-i2037389058.html,2.700.000 ₫,,
Màn hình SAMSUNG ViewFinity S7 S70D UHD 37 Inch,https://www.lazada.vn/products/pdp-i3076868530.html,8.888.000 ₫,,
"Màn hình Msi MAG 245F X24 23.8"" (FHD 1920 x 1080/ RAPID IPS/ 240Hz/ 0.5 ms) - Bảo hành 36 tháng",https://www.lazada.vn/products/pdp-i3200821680.html,3.290.000 ₫,0.5,
"Màn hình Asus TUF Gaming VG259Q5A 24.5"" (FHD 1920 x 1080/ Fast IPS/ 200Hz/ 1 ms) - Bảo hành 36 tháng",https://www.lazada.vn/products/pdp-i3126039299.html,3.300.000 ₫,,
"Màn Hình Cong 34 Inch WQHD IPS Black AFD 344N – 128Hz, HDR400, Freesync, Bảo Hành 2 Năm",https://www.lazada.vn/products/pdp-i3147461316.html,6.300.000 ₫,5.0,
Màn hình Samsung ViewFinity S8 UHD Dòng S80PB LS27B800PXEXXV,https://www.lazada.vn/products/pdp-i2188717800.html,8.903.508 ₫,5.0,
"Màn Hình Tuoshuo AL348Q 34 Inch UltraWide 2K 180Hz Fast IPS HDR400 – G-Sync FreeSync, 10bit, 98% DCI-P3",https://www.lazada.vn/products/pdp-i3195384913.html,6.585.000 ₫,,
"Màn hình LCD Dell 23.8"" SE2425HM (1920x1080/ IPS/ 100Hz/ 5ms fast/ 8ms normal) - Bảo hành 36 tháng",https://www.lazada.vn/products/pdp-i3132886787.html,3.159.000 ₫,,
Màn hình máy tính BenQ GW2790 _ bảo vệ mắt 27 inch 1080p IPS 100Hz phù hợp làm việc và giải trí,https://www.lazada.vn/products/pdp-i2604958038.html,3.080.000 ₫,,
Màn hình Samsung Odyssey G5 cong WQHD G55T LC27G55TQBEXXV,https://www.lazada.vn/products/pdp-i2188718546.html,7.010.000 ₫,,
"Màn hình LCD Samsung 27"" LS27D700EAEXXV (3840x2160/IPS/60Hz/5ms) - Bảo hành 24 tháng",https://www.lazada.vn/products/pdp-i3033644460.html,5.953.000 ₫,,
"Màn Hình LG Gram +View 16 Inch, USB Type-C™, Power Delivery, 16MR70.ASDA5 – Model 2023",https://www.lazada.vn/products/pdp-i2384952555.html,8.790.000 ₫,,"5 Đã bán
Hồ Chí Minh"
"Màn hình LCD mã NL6448BC26-01F 8.4 inch, Công nghệ TFT, độ phân giải 640x480, Hãng NEC, dùng cho Máy CNC, ép nhựa, hmi",https://www.lazada.vn/products/pdp-i2475122556.html,2.000.000 ₫,,
"Màn hình cảm ứng ViewSonic TD2223-2 21.5"" FHD 75Hz (HDMI+VGA) - Hàng Chính Hãng",https://www.lazada.vn/products/pdp-i2788603051.html,6.390.000 ₫,,
"Màn hình máy tính Redmi Gaming Monitor G34WQ 34 inch- Độ cong 1500R, độ phân giải 3440 × 1440px, tốc độ làm mới 180Hz",https://www.lazada.vn/products/pdp-i2363018210.html,6.500.000 ₫,,
Màn hình máy tính Gaming Yunsi 27 inch FHD 100hz / 2K 180hz New Box bảo hành 24 tháng,https://www.lazada.vn/products/pdp-i3138827337.html,2.021.000 ₫,,
Màn hình máy tính Dell 22inch E2216 Cũ,https://www.lazada.vn/products/pdp-i2427703466.html,1.400.000 ₫,,
"Màn hình Lenovo L27qe 27"" (QHD (2K) 2560 x 1440/ IPS/ 100Hz/ 6 ms) - Bảo hành 36 tháng",https://www.lazada.vn/products/pdp-i3149085818.html,3.090.000 ₫,,
"Màn hình phẳng LED VSP 22INCH TRÀN VIỀN TRẮNG - ĐEN (Full-HD, VA, 75Hz) Bảo hành 36 tháng Chính Hãng",https://www.lazada.vn/products/pdp-i2490910675.html,1.423.000 ₫,5.0,
"Màn hình LCD 10.4 inch mã LB104V03 LG/Phillips, công nghệ TFT dùng cho Máy ép nhựa Hàn Quốc",https://www.lazada.vn/products/pdp-i2437961195.html,2.500.000 ₫,,
"Màn Hình VSP V2407S (23.8""/FHD/VA/75Hz/8ms/250nits/HDMI+VGA/Phẳng/Đen)",https://www.lazada.vn/products/pdp-i2261564896.html,1.800.000 ₫,,
Màn Hình Máy Tính VIEWSONIC VA241-H (VA/ 100HZ/ FHD) - Hàng Chính Hãng,https://www.lazada.vn/products/pdp-i3193208056.html,2.250.000 ₫,,
Màn Hình Dell UltraSharp U2722D (27.0 inch - 2K - IPS - 60Hz - 5ms - USB TypeC) - CŨ - Bảo hành 6 Tháng,https://www.lazada.vn/products/pdp-i3076087089.html,4.896.000 ₫,2.0,
Màn hình Asus TUF Gaming VG279Q3R (27Inch/ FHD/ Fast IPS/ 180Hz/ 1ms) - Hàng Chính Hãng,https://www.lazada.vn/products/pdp-i3115483045.html,4.140.000 ₫,5.0,
"Màn Hình Gaming Tốc Độ Cao 24.1 inch AL248FX - 390Hz, 0.2ms, E-TN, DCI-P3 94%, HDR400, G-Sync/Freesync",https://www.lazada.vn/products/pdp-i3195505312.html,6.275.000 ₫,,
Màn hình máy tính Xiaomi Mini LED Gaming Monitor G Pro 27i ELA5585EU - Hàng Chính Hãng,https://www.lazada.vn/products/pdp-i3162014237.html,7.990.000 ₫,,
Màn Hình Gaming SAMSUNG Odyssey G5 G50D LS32DG502EEXXV (32 inch - IPS - 2K - 180Hz - 1ms) - Hàng Chính Hãng,https://www.lazada.vn/products/pdp-i2785817471.html,7.781.000 ₫,,
[Trả góp 0%]Màn Hình ASUS TUF Gaming VG27VQ (27inch/FHD/VA/400cd/m²/HDMI+DP+Dual-link DVI-D/165Hz/FreeSync/1ms/Cong) - Hàng Chính Hãng,https://www.lazada.vn/products/pdp-i1022640379.html,6.300.000 ₫,,
Màn hình LCD LG 27inch 27UP600K-W.ATV (3840 x 2160/ IPS/ 60Hz/ 5ms) - Bảo hành 24 tháng,https://www.lazada.vn/products/pdp-i3211413207.html,6.290.000 ₫,,
Màn hình Asus TUF VG34VQ3B (34 inch/WQHD/VA/180Hz/1ms/Loa) - Hàng Chính Hãng,https://www.lazada.vn/products/pdp-i2744446040.html,9.030.000 ₫,,
"Màn hình di động ARZOPA 16.1 '' 180Hz-Z3FC Xám, Màn hình di động chân đế 2,5K 107% sRGB với HDR, Siêu mỏng, Chăm sóc mắt, Màn hình thứ hai bên ngoài cho máy tính xách tay, PC, PS5, Mac, Xbox",https://www.lazada.vn/products/pdp-i3175509408.html,7.300.199 ₫,,
"Màn hình LCD Xiaomi 27"" G27i EU ELA5375EU (1920 x 1080/ IPS/ 165Hz/ 1ms) - Bảo hành 36 tháng",https://www.lazada.vn/products/pdp-i2794974737.html,3.473.000 ₫,,
Màn hình Samsung ViewFinity S8 27 inch 4K UHD LS27B800PXEXXV - Hàng Chính Hãng,https://www.lazada.vn/products/pdp-i2585290202.html,7.990.000 ₫,,
"Màn hình LCD Samsung 27"" LS27DG502EEXXV (2560x1440/IPS/180Hz/1ms) - Bảo hành 24 tháng",https://www.lazada.vn/products/pdp-i3082440099.html,5.890.000 ₫,,
Màn Hình Xiaomi Gaming Monitor Mini LED G Pro 27i 27inch - Hàng chính hãng - BH 3 Năm,https://www.lazada.vn/products/pdp-i3016944072.html,7.990.000 ₫,,
Màn Hình Máy Tính ASUS VG259Q5A TUF GAMING (FHD/ IPS/ 200Hz) - Hàng Chính Hãng,https://www.lazada.vn/products/pdp-i3209947055.html,3.480.000 ₫,,
MÀN HÌNH 4K TUOSHUO RL327U – 32 INCH | ADS-IPS | TYPE-C | HDR400 | sRGB 99%,https://www.lazada.vn/products/pdp-i3195387798.html,4.820.000 ₫,,
"Màn hình LCD Dell 23.8"" U2424H (1920 x 1080/ IPS/ 120Hz/ 5ms) - Bảo hành 36 tháng",https://www.lazada.vn/products/pdp-i2627142102.html,6.210.000 ₫,,
"Màn hình Samsung LS27F320GAEXXV 27"" (FHD 1920 x 1080/ IPS/ 120Hz/ 5 ms) - Bảo hành 24 tháng",https://www.lazada.vn/products/pdp-i3141715280.html,3.349.000 ₫,,
Màn Hình Xiaomi 4K Monitor A27UI Độ Phân Giải 4K - Phù Hợp Dành Cho Macbook/ Mac Mini - Chính Hãng,https://www.lazada.vn/products/pdp-i3180576147.html,6.790.000 ₫,,
Màn hình Bestview R5 5.5inch 4K cảm ứng HDR 3D LUT,https://www.lazada.vn/products/pdp-i1503229951.html,5.010.000 ₫,,
Màn hình LCD Asus 23.8 inch VG249QE5A (Full HD/ IPS/ 146Hz/ 1 ms MPRT/ Đen) - Bảo hành 36 tháng,https://www.lazada.vn/products/pdp-i3115324843.html,2.890.000 ₫,,
Màn hình Xiaomi 2K Curved Gaming Monitor G34i ELA5454EU - Chính Hãng,https://www.lazada.vn/products/pdp-i3016894159.html,6.790.000 ₫,,
"Màn hình máy tính 22inch VSP V2204HF100 [TRẮNG] (21.5"" VA Full HD 100Hz 2ms, HDMI+VGA) - Hàng chính hãng VSP phân phối",https://www.lazada.vn/products/pdp-i2650352084.html,1.650.000 ₫,,
Màn hình Xiaomi A27QI (ELA5812EU) (27 inch/2K/IPS/100HZ/6MS) - Chính hãng phân phối và bảo hành,https://www.lazada.vn/products/pdp-i3155452270.html,3.790.000 ₫,,
"Màn Hình Di Động 18.5 inch, 60hz, tỉ lệ 16:10 Kết nối HDMI + Type C, Vi Tính, Mở Rộng, Rời, Phụ",https://www.lazada.vn/products/pdp-i3081682349.html,2.990.000 ₫,,
"Màn Hình Cong 34 Inch WQHD 144Hz IPS Black AFD 344F – HDR400, 1ms, FreeSync, Bảo Hành 2 Năm",https://www.lazada.vn/products/pdp-i3147464577.html,7.400.000 ₫,,
Màn hình máy tính cong Samsung Odyssey G5 LC34G55TWWEXXV 34inch WQHD 165Hz VA,https://www.lazada.vn/products/pdp-i1773524749.html,8.610.000 ₫,,
"Màn Hình Tuoshuo 27” 2K 240Hz AL278QS | Fast IPS, 95% DCI-P3, Gaming/Đồ Họa",https://www.lazada.vn/products/pdp-i3195477545.html,4.840.000 ₫,,
"Màn Hình LG 27Inch UHD 4K IPS Với VESA DisplayHDR™ 400, USB Type-C™ 27UP850-W",https://www.lazada.vn/products/pdp-i2384880128.html,9.490.000 ₫,,
Màn Hình Gaming Tuoshuo AL278QE – 27 Inch 2K 300Hz Nano IPS HDR400,https://www.lazada.vn/products/pdp-i3195466446.html,5.710.000 ₫,,
[Trả góp 0%]Màn hình máy tính LG 24QP550-B 23.8 inch IPS 2K QHD,https://www.lazada.vn/products/pdp-i1266937058.html,4.890.000 ₫,,
"Màn hình máy vi tính LG 1742se vuông đã gồm dây kết nối, còn sáng đẹp ban gia 299k tại shop",https://www.lazada.vn/products/pdp-i3055029056.html,360.000 ₫,4.0,17 Đã bán
Màn hình di động 11 inch IPS có Type-C ThunderBolt - Tặng bao da,https://www.lazada.vn/products/pdp-i2269470383.html,888.000 ₫,5.0,44 Đã bán
"Màn hình di động Full HD 11,6 inch Màn hình IPS | HDR | 60Hz cho máy chơi game, điện thoại di động, máy tính",https://www.lazada.vn/products/pdp-i3211512554.html,1.287.000 ₫,5.0,
Màn hình máy tính 19in hiệu samsung cũ thanh lý văn phòng,https://www.lazada.vn/products/pdp-i746904637.html,599.000 ₫,4.0,141 Đã bán
"Màn hình di động 14inch, Full HD 60Hz, kết nối HDMI TYPE C Thunderbolt 3, HDR view 178°, mở rộng 14 inch, di động 14 inch, chơi game, mo rong",https://www.lazada.vn/products/pdp-i2396307511.html,1.490.000 ₫,5.0,18 Đã bán
"Màn hình Cong 27inch Gaming Yunsi Y270Q1 Trắng/Đen (27 inch Cong, FHD, VA, 100Hz / 240Hz, 1ms) Bảo hành hãng 24T",https://www.lazada.vn/products/pdp-i3139398643.html,2.244.000 ₫,,
"Màn Hình Gaming Tuoshuo AL277F – 27 Inch FHD 280Hz – Fast IPS – Tấm Nền M270HAN03.9 – 99% sRGB, Adaptive Sync",https://www.lazada.vn/products/pdp-i3195445617.html,3.490.000 ₫,,
Màn Hình Di Động ARZOPA 14 inch - 16 inch tấm nền IPS 2.5K/ FullHD tần số quét 144Hz/ 60Hz. ARZOPA Portable Monitor,https://www.lazada.vn/products/pdp-i3175509578.html,2.990.000 ₫,,
"Màn hình Di Động Có Cảm Ứng 15.6 inch N4X - Full HD, Thiết Kế Siêu Mỏng, Đa Cổng Kết Nối, Bảo hành chính hãng",https://www.lazada.vn/products/pdp-i2896616808.html,2.850.000 ₫,5.0,44 Đã bán
Màn Hình Gaming LG UltraGear 27GR75Q-B.ATV 27 Inch 2K QHD IPS 165Hz 1ms - Hàng Chính Hãng,https://www.lazada.vn/products/pdp-i2513311217.html,6.680.000 ₫,5.0,
MÀN HÌNH TRÀN VIỀN YUNSI Y2450 24INCH (180HZ | 2ms | 1K FULL HD | VGA + HDMI) BẢO HÀNH CHÍNH HÃNG,https://www.lazada.vn/products/pdp-i3096697010.html,2.750.000 ₫,,
"Màn hình Viewsonic VX2758, 27 inch, 2K QHD, 240hz, HDR 10, 1ms - Sản phẩm chính hãng mới 100%",https://www.lazada.vn/products/pdp-i2631536209.html,6.200.000 ₫,,
Màn Hình Cong LCD CM2705H 27inch,https://www.lazada.vn/products/pdp-i2764102411.html,4.244.201 ₫,,
"Màn hình máy tính Redmi Gaming Monitor G34WQ (Model 2024) – Kích thước 34 inch, độ cong 1500R, độ phân giải 3440 × 1440px, tốc độ làm mới 180Hz",https://www.lazada.vn/products/pdp-i2905760413.html,6.500.000 ₫,,
"Màn hình máy tính BenQ dành cho Mac MA320U_32"" 4K USB Type-C thiết kế công thái học",https://www.lazada.vn/products/pdp-i2795710419.html,16.500.000 ₫,5.0,6 Đã bán
[Trả góp 0%]Màn Hình Asus Proart Pa278Qv 27Inch Ips 2K 75Hz Chuyên Đồ Họa,https://www.lazada.vn/products/pdp-i1203413927.html,8.210.000 ₫,,
Màn Hình Gaming Xiaomi 2k Gaming Monitor G27Qi | Độ phân giải 2K | Tần Số Quét 180Hz | Phản Hồi 1ms | Bảo Hành 12 Tháng,https://www.lazada.vn/products/pdp-i3109833577.html,4.300.000 ₫,,
Màn hình LCD Gigabyte G34WQC A (34 inch VA/ 3440 x 1440/ 350 cd/m2/ 1ms/ 144Hz) - Hàng Chính Hãng,https://www.lazada.vn/products/pdp-i2687074506.html,9.350.000 ₫,,
Màn hình ASUS VY249HGR 23.8” | FHD | IPS | HDMI/VGA | 120Hz | 1ms | Bảo hành 36 Tháng,https://www.lazada.vn/products/pdp-i2902169729.html,2.500.000 ₫,,
Redmi màn hình chơi game Màn hình IPS g27q Màn hình máy tính văn phòng chơi game phản hồi 1MS 27 inch 2K Ultra HD 180Hz Tốc độ làm mới,https://www.lazada.vn/products/pdp-i2838364748.html,4.886.073 ₫,,
"Màn hình máy tính cong Xiaomi Mi Curved Gaming Monitor 34"" bản quốc tế XMMNTWQ34 /Xiaomi Redmi Curved Monitor 30 inch 200Hz - RMMNT30HFCW - Màn chơi game giá rẻ cho game thủ",https://www.lazada.vn/products/pdp-i1492185057.html,5.700.000 ₫,,
"Màn hình cong Samsung 32” - LC32R500FHEXXV VGA, HDMI, 1920x1080, 3 cạnh viền mỏng",https://www.lazada.vn/products/pdp-i2600325158.html,4.542.000 ₫,,
"Màn hình LCD LG 27"" 27GP750 UltraGear™ (1920x 1080/IPS/ 240Hz/ 1ms (GtG)/ NVIDIA® G-SYNC®) - Bảo hành 24 tháng",https://www.lazada.vn/products/pdp-i3125777044.html,5.499.000 ₫,,
Màn hình máy tính Samsung Odyssey G4 LS25BG400EEXXV 25inch FullHD IPS 1ms 240Hz,https://www.lazada.vn/products/pdp-i2148971660.html,5.300.000 ₫,,
"Màn hình LG UltraWide™ 29Inch, sRGB 99%, 100Hz, USB-C (Alt.mode), Loa 7Wx2, 29WQ600-W",https://www.lazada.vn/products/pdp-i2385519930.html,5.590.000 ₫,,
Màn hình/ LCD Gaming Acer 23.8 inch Nitro KG240Y X1 (FHD/IPS/200Hz/1ms) - Bảo hành 36 tháng,https://www.lazada.vn/products/pdp-i3070554366.html,3.298.000 ₫,,
Màn Hình Máy Tính LCD Gaming Philips 27M3N3540Q/71 (27 inch - IPS - QHD - 210Hz) - Hàng Chính Hãng,https://www.lazada.vn/products/pdp-i3209947244.html,4.620.000 ₫,,
Màn hình LCD LG 27 inch 27GS60QC-B.ATVQ (2560x1440/ VA/ 180Hz/ 1ms) Đen - Bảo hành 24 tháng,https://www.lazada.vn/products/pdp-i3028912029.html,4.814.000 ₫,,
"Màn hình LCD Dell 27"" SE2725HM (1920x1080/ IPS/ 100Hz/ 5ms fast/ 8ms normal ) Đen - Bảo hành 36 tháng",https://www.lazada.vn/products/pdp-i3118444902.html,3.990.000 ₫,,
Màn Hình Thông Minh Samsung M70F 32 inch 4K LS32FM700UEXXV - Hàng Chính Hãng,https://www.lazada.vn/products/pdp-i2722942076.html,8.490.000 ₫,,
"Màn hình Asus TUF Gaming VG27AQ5A 27"" (QHD (2K) 2560 x 1440/ Fast IPS/ 210Hz/ 1 ms) -Bảo hành 36 tháng",https://www.lazada.vn/products/pdp-i3125937472.html,5.059.000 ₫,,
"Màn hình LCD LG 23.8"" 24U411A-B (1920x1080/ IPS/ 120Hz/ 5ms) Đen - bảo hành 24 (tháng)",https://www.lazada.vn/products/pdp-i3179350388.html,2.759.000 ₫,,
Màn hình LCD Asus 27 inch VG279QE5A (Full HD/ IPS/ 146Hz/ 1 ms MPRT/ Đen) - Bảo hành 36 tháng,https://www.lazada.vn/products/pdp-i3115414297.html,2.990.000 ₫,,
Màn Hình Gaming LG 27GR93U-B 27'' 1ms 144Hz IPS UHD UltraGear - Hàng Chính Hãng,https://www.lazada.vn/products/pdp-i2513271847.html,10.200.000 ₫,,
"Màn hình Asus VY279HGR 27"" (FHD 1920 x 1080/ IPS/ 120Hz/ 1 ms) - Bảo hành 36 tháng",https://www.lazada.vn/products/pdp-i3173433622.html,3.290.000 ₫,,
Màn hình máy tính Dell E2016H 19.5 inch Wide LED- Tặng kèm dây nguồn và dây cáp VGA. Bảo hành 6 tháng,https://www.lazada.vn/products/pdp-i3058447827.html,890.000 ₫,,
"BOE Màn hình di động cảm ứng IPS FHD/2.5K, 60hz-144hz Type C / HDMI Portable Monitor",https://www.lazada.vn/products/pdp-i2743398838.html,1.632.000 ₫,4.0,67 Đã bán
Màn Hình Máy Tính Full viền HIKVISION DS-D5022FN10 (21.5INCH/ FHD/ VA/ 75HZ/ 0.5MS) FHD 60Hz (Bảo hành 36 tháng),https://www.lazada.vn/products/pdp-i2908465493.html,1.539.000 ₫,5.0,
Màn hình Spin LCD 24&27 inch curved Chất lượng hình ảnh tuyệt vời 100HZ Màn hình máy tính,https://www.lazada.vn/products/pdp-i3085827276.html,1.690.000 ₫,5.0,9 Đã bán
Màn hình di động 13 inch IPS 2.5K có Type-C ThunderBolt - Tặng kèm bao da,https://www.lazada.vn/products/pdp-i2179738181.html,1.548.000 ₫,4.0,93 Đã bán
Màn hình MSI PRO MP251 E2 (24.5 inch/FHD/IPS/120Hz/1ms/Loa) - Chính hãng,https://www.lazada.vn/products/pdp-i2860182398.html,2.410.000 ₫,,
Màn hình Gaming LG UltraGear 24GS50F-B 24 inch (FHD/VA/180HZ/1MS),https://www.lazada.vn/products/pdp-i2881326282.html,2.985.000 ₫,,
Màn hình dell 22 inch e2216h full hd 1080 full box giá rẻ,https://www.lazada.vn/products/pdp-i2057434883.html,1.600.000 ₫,,
"Màn hình máy tính BenQ dành cho lập trình RD280U _ 28"" 4K+ đèn MoonHalo USB-C Chống chói bảo vệ mắt",https://www.lazada.vn/products/pdp-i2687546287.html,14.300.000 ₫,,
Màn hình máy tính Xiaomi 2K Curved Gaming Monitor G34i 34inch-Tần Số Quét 180Hz - Bảo Hành 36 Tháng,https://www.lazada.vn/products/pdp-i3180479505.html,6.690.000 ₫,,
Màn hình Gaming Monitor Gigabyte G34WQCP (34 inch/ 3440 x 1440/ VA/ 180Hz 1ms) - Hàng Chính Hãng,https://www.lazada.vn/products/pdp-i3111015836.html,8.379.000 ₫,,
Màn hình gaming eSports BenQ ZOWIE XL2546X _ 24.5 inch Fast TN 240Hz DyAc™2,https://www.lazada.vn/products/pdp-i2583427287.html,13.200.000 ₫,,
Màn Hình Chơi Game 24 Inch 260Hz Ánh Sáng Xanh Thấp,https://www.lazada.vn/products/pdp-i3195166125.html,4.071.000 ₫,4.0,
Màn Hình Máy Tính Thông Minh SAMSUNG M5 M50F LS32FM500EEXXV (32 Inch/ VA/ FHD/ 4ms(GTG)/ 60Hz) - Hàng Chính Hãng,https://www.lazada.vn/products/pdp-i3200538320.html,6.500.000 ₫,,
Màn hình VIEWSONIC VS20209 VX2457A-HD-PRO 23.8 inch (1920 x 1080/ IPS/ 170Hz/ 1 ms/ FreeSync) -Bảo hành 36 tháng,https://www.lazada.vn/products/pdp-i3073484543.html,2.839.000 ₫,,
Màn hình LCD Dell S2425H (1920 x 1080/IPS/100Hz/4 ms) - Bảo hành 36 tháng,https://www.lazada.vn/products/pdp-i2819456549.html,3.985.000 ₫,,
"TOMKO GOWITHME, Màn hình di động thông minh TOMKO 22 inch, dùng hát karaoke, làm quà tặng, thiết bị livestream, yoga.",https://www.lazada.vn/products/pdp-i2556063638.html,12.000.000 ₫,,
Màn hình Samsung ViewFinity S8 UHD Dòng S80PB LS27B800PXEXXV,https://www.lazada.vn/products/pdp-i2606163647.html,8.989.000 ₫,,
Màn hình máy tính PC Xiaomi Monitor 2K A27Qi 27inch - Tấm Nền LCD IPS -Tần Số Quét 100Hz - Thời gian phản hồi chỉ 6ms,https://www.lazada.vn/products/pdp-i2995465645.html,3.764.000 ₫,,
Màn hình máy tính Viewsonic VA2932-MHD 29inch WFHD IPS 75Hz Loa Kép,https://www.lazada.vn/products/pdp-i1404568706.html,4.455.000 ₫,,
Màn hình LCD LG 27 inch 27MS500-B.ATV (Full HD 1920 x 1080 | IPS | 100Hz | 5ms) - Bảo hành 24 tháng,https://www.lazada.vn/products/pdp-i3066119732.html,2.757.000 ₫,,
Màn hình máy tính Gaming HKC MG27S9Q 27inch IPS 2K 144Hz - Chính hãng ( Bảo hành 24T ),https://www.lazada.vn/products/pdp-i1946717279.html,5.750.000 ₫,,
Màn Hình Dell Chuyên Đồ Họa S2721DS (27.0 inch - 2K - IPS - 75Hz - 4ms - FreeSync - Speaker) - Cũ - Bảo hành 3 tháng,https://www.lazada.vn/products/pdp-i3075985616.html,4.895.000 ₫,,
Màn hình máy tính cong Xiaomi Curved Gaming 34' - Màn chơi game giá rẻ cho game thủ Hãng,https://www.lazada.vn/products/pdp-i2148144060.html,7.050.000 ₫,,
"Màn hình di động ARZOPA A1- 15,6'' FHD 1080P - Màn hình máy tính xách tay siêu mỏng di động có chân đế - Màn hình IPS cho PC, MAC, Điện thoại, Xbox, PS5",https://www.lazada.vn/products/pdp-i3175601379.html,3.255.000 ₫,,
Màn Hình Asus TUF Gaming VG27AQ5A 27 Inch/ 2K/ IPS/ 210Hz/ 0.3 ms - Hàng Chính Hãng,https://www.lazada.vn/products/pdp-i3189340420.html,5.600.000 ₫,0.3,
Màn hình Gaming 24 inch Full viền Duan iP2409S 24inch chuyên Game (FHD/100hz/IPS/1ms) - Bảo hành 24T,https://www.lazada.vn/products/pdp-i2837876949.html,1.999.000 ₫,,
Màn Hình Máy Tính 144Hz Cao Cấp Chống Ánh Sáng Xanh Rộng Màu Cho Văn Phòng và Gaming 23.8 inches,https://www.lazada.vn/products/pdp-i3201432241.html,3.417.000 ₫,5.0,
"Màn hình VSP IPS THINKING IP2702S 27inch viền trái. Màn hình VSP IP2702S 27inch (27"" IPS FHD 75Hz, HDMI+VGA) - Hàng chín",https://www.lazada.vn/products/pdp-i2764166303.html,4.188.172 ₫,,
"Màn hình Msi MAG 245F X24 23.8"" (FHD 1920 x 1080/ RAPID IPS/ 240Hz/ 0.5 ms) - Bảo hành 36 tháng",https://www.lazada.vn/products/pdp-i3200803759.html,3.099.000 ₫,0.5,
"Màn hình di động 15.6 inch 4K, Ultra HD 3840x2160, kết nối HDMI Type C Thunderbolt 3, HDR mới 100%, man hinh di dong, màn hình mở rộng, màn hình di động 15.6inch 4k, màn hình vi tính, man hinh mo ron",https://www.lazada.vn/products/pdp-i2350743679.html,3.190.000 ₫,5.0,7 Đã bán
"Màn hình máy tính cong Xiaomi Mi Curved Gaming Monitor 34"" bản quốc tế XMMNTWQ34 /Xiaomi Redmi Curved Monitor 30 inch 200Hz - RMMNT30HFCW - Màn chơi game giá rẻ cho game thủ",https://www.lazada.vn/products/pdp-i2078053841.html,5.900.000 ₫,,
"Màn hình LCD LG 21.5"" 22U401A-B (1920x1080/ VA/ 100Hz/ 5ms) Đen - bảo hành 24 (tháng)",https://www.lazada.vn/products/pdp-i3179473010.html,2.359.000 ₫,,
Màn Hình Gaming MSI MAG 275QF (27 inch/WQHD/Rapid IPS/180Hz/0.5ms) - Chính hãng,https://www.lazada.vn/products/pdp-i2929319652.html,5.620.000 ₫,,
Màn hình di động 11 inch vỏ Polycarbonate mỏng nhẹ có Type-C ThunderBolt,https://www.lazada.vn/products/pdp-i2426119093.html,888.000 ₫,4.0,45 Đã bán
Màn hình hiển thị 128x64 Oled 0.96 inch giao tiếp I2C SSD1306 |SSD1315,https://www.lazada.vn/products/pdp-i3077750903.html,49.000 ₫,5.0,18 Đã bán
Màn hình LCD LG 27 inch 27MS500-B.ATV (Full HD 1920 x 1080 | IPS | 100Hz | 5ms) - Bảo hành 24 tháng,https://www.lazada.vn/products/pdp-i3066050769.html,2.539.000 ₫,5.0,6 Đã bán
Màn hình di động GOOJODOQ 14/15.6inch portable monitor IPS 2.5K 1920*1080P FHD HDMI Đế Kéo Dài Loa Ps4 Điện Bảo hành chính hãng,https://www.lazada.vn/products/pdp-i2610558168.html,1.682.100 ₫,4.0,203 Đã bán
"Màn hình vi tính Xiaomi Redmi Desktop Monitor 27 inch, 24 inch, 22 inch Phẳng / IPS / Tần số 75Hz / FHD 1080P - Bảo hành 24 tháng",https://www.lazada.vn/products/pdp-i1712774949.html,1.790.000 ₫,4.0,220 Đã bán
"LCD FUJITSU 24"" ĐẸP CÓ LOA, Hàng Nội Địa bền đẹp bảo hành 12 tháng tặng dây kết nối dây nguồn",https://www.lazada.vn/products/pdp-i2482665610.html,1.550.000 ₫,5.0,15 Đã bán
Màn Hình Máy Tính PC Xiaomi Monitor A27i 27inch Tấm Nền LCD IPS-Tần Số Quét 100Hz-Bảo Hành 36 Tháng,https://www.lazada.vn/products/pdp-i3016910258.html,1.990.000 ₫,,
"Màn Hình Di Động 16 inch, Option Cảm Ứng, Trắng Hoặc Đen,FullHD/2,5K QHD 2560x1600/4K chất lượng cao, 60hz-144hz, view 178, xuất hình HDMI + Type C, Màn Hình Vi Tính, Màn Hình Phụ, Màn Hình Mở Rộng, portable monitor",https://www.lazada.vn/products/pdp-i2421646713.html,2.090.000 ₫,4.0,45 Đã bán
MÀN HÌNH MÁY TÍNH VIEWSONIC VA1903H-2 (19 Inch/ 200 cd/m²/ VGA/ HDMI) - Hàng Chính Hãng,https://www.lazada.vn/products/pdp-i3180423670.html,1.650.000 ₫,,
Màn hình Gaming EDRA EGM22F75P 22 inch FullHD 75hz - Chính hãng ( Bảo hành 24T),https://www.lazada.vn/products/pdp-i2568159550.html,1.590.000 ₫,,
Màn hình Samsung thông minh 27 ViewFinity S8 S80UD UHD Monitor LS27D804UAEXXV,https://www.lazada.vn/products/pdp-i2723221101.html,8.990.000 ₫,,
Màn hình IPS 26inch 21:9 UltraWide™ Full HD với công nghệ AMD FreeSync™ LG 26WQ500-B.ATV,https://www.lazada.vn/products/pdp-i2908415788.html,4.476.000 ₫,,
Màn hình máy tính cong Asus TUF GAMING VG30VQL1A 30Inch WFHD 200Hz 1ms VA,https://www.lazada.vn/products/pdp-i1920802757.html,7.640.000 ₫,,
Màn hình ASUS VA27AQ Eye Care Monitor (27 Inch/ IPS/ QHD/ HDMI/ VGA/ DP/ 75Hz) - Hàng Chính Hãng,https://www.lazada.vn/products/pdp-i3190176539.html,4.165.000 ₫,,
Màn hình ASUS VA279QGS Business Monitor (27 Inch/ IPS/ FHD/ HDMI/ VGA/ DP/ 120Hz) - Hàng Chính Hãng,https://www.lazada.vn/products/pdp-i3190592470.html,4.390.000 ₫,,
Màn Hình Gaming ViewSonic VX2758A-2K-PRO-4 27 inch / VX2758A-2K-PRO-3 - Hàng Chính Hãng,https://www.lazada.vn/products/pdp-i3200623981.html,5.040.000 ₫,,
Màn hình/ LCD Gaming Acer 27 inch Nitro KG270 X1 (FHD/IPS/200Hz/1ms) Đen - Bảo hành 36 tháng,https://www.lazada.vn/products/pdp-i3113186017.html,3.989.000 ₫,,
Màn hình Philips 27E2N1500/74 (27.0Inch/ QHD (2560x1440)/ 1ms/ 120Hz/ 250cd/m2/ IPS) - Hàng Chính Hãng,https://www.lazada.vn/products/pdp-i2938882811.html,4.429.000 ₫,,
Màn Hình Gaming LG UltraGear 24GS50F-B (23.7 inch - VA - FHD - 180Hz - 1ms - Hàng Chính Hãng,https://www.lazada.vn/products/pdp-i2874732294.html,2.700.000 ₫,,
Màn hình máy tính Dell S2721QS 27 inch 4K UHD IPS 60hz - Hàng Chính Hãng - Bảo hành 36 tháng,https://www.lazada.vn/products/pdp-i2001065527.html,8.490.000 ₫,,
Màn hình LCD Gaming Philips 24M1N5500Z/74 (23.8 inch/QHD/ IPS/165Hz/1ms)– Hàng Chính Hãng,https://www.lazada.vn/products/pdp-i2664946562.html,5.690.000 ₫,,
Màn hình ASUS VA27AQ Eye Care Monitor (27 Inch/ IPS/ QHD/ HDMI/ VGA/ DP/ 75Hz) - Hàng Chính Hãng,https://www.lazada.vn/products/pdp-i3190241009.html,4.165.000 ₫,,
"Màn hình máy tính BenQ RD240Q (24.1"" | IPS | UHD 4K | 60Hz) dành cho lập trình - Hàng Chính Hãng",https://www.lazada.vn/products/pdp-i3169598473.html,9.460.000 ₫,,
Màn Hình Cảm Ứng ViewSonic TD2223-2 (21.5 inch - VA - FHD - 75Hz - 6.5ms) - Hàng Chính Hãng,https://www.lazada.vn/products/pdp-i3070817418.html,6.250.000 ₫,,
Màn Hình Máy Tính LG UHD 4K 27'' IPS VESA DisplayHDR 400 27UP600K-W.ATV - Hàng Chính Hãng,https://www.lazada.vn/products/pdp-i1719876765.html,6.390.000 ₫,,
"Màn hình Aoc 24B36X/71 23.8"" (FHD 1920 x 1080/ IPS/ 144Hz/ 0.5 ms) - Bảo hành 36 tháng",https://www.lazada.vn/products/pdp-i3201239369.html,2.779.000 ₫,0.5,
Màn hình vi tính Samsung LS24D300GAEXXV 24 inch - IPS - FHD - 5ms - 100Hz/VGA/HDMI,https://www.lazada.vn/products/pdp-i3162513213.html,2.570.000 ₫,,
"Màn hình LCD Asus 27"" PA279CV (3840x2160, IPS, 60Hz) - Bảo hành 36 tháng",https://www.lazada.vn/products/pdp-i3092422140.html,13.659.000 ₫,,
"Màn hình LCD Dell 23.8"" U2424H (1920 x 1080/ IPS/ 120Hz/ 5ms) - Bảo hành 36 tháng",https://www.lazada.vn/products/pdp-i2626949567.html,5.659.000 ₫,,
Màn hình đồ họa BenQ PD2725U _ 27 inch 4K UHD IPS 100% sRGB 95% P3 Thunderbolt 3 tương thích Mac,https://www.lazada.vn/products/pdp-i1762739587.html,19.800.000 ₫,5.0,
[Giao hàng sau 20 ngày][MIỄN PHÍ VẬN CHUYỂN] Màn hình Gaming Samsung 32 inch Odyssey G5 G55C QHD 165Hz LS32CG552EEXXV,https://www.lazada.vn/products/pdp-i2503105614.html,5.399.000 ₫,4.0,60 Đã bán
MÀN HÌNH PHẲNG YUNSI Y240WSG 24INCH (100HZ | 1ms | 1K FULL HD | HDMI + VGA) BẢO HÀNH CHÍNH HÃNG,https://www.lazada.vn/products/pdp-i3096485478.html,1.870.000 ₫,,
Màn hình IPS 26inch 21:9 UltraWide™ Full HD với công nghệ AMD FreeSync™ LG 26WQ500-B.ATV - Chính Hãng,https://www.lazada.vn/products/pdp-i2908457728.html,4.476.000 ₫,5.0,
"Màn hình LCD Xiaomi 27"" G27i EU ELA5375EU (1920 x 1080/ IPS/ 165Hz/ 1ms) - Bảo hành 36 tháng",https://www.lazada.vn/products/pdp-i2795120151.html,3.039.000 ₫,,
Màn hình Samsung Thông Minh M8 M80F 4K LS32FM803UEXXV 32 inch,https://www.lazada.vn/products/pdp-i3112431415.html,15.021.000 ₫,,
"Màn Hình Yunsi Y240AK (24 inch, 144Hz, FHD, IPS, HDMI + VGA) - Màu đen chính hãng BH 24 Tháng",https://www.lazada.vn/products/pdp-i3192513770.html,1.717.000 ₫,,
"Màn hình LCD Dell 23.8"" SE2425HM (1920x1080/ IPS/ 100Hz/ 5ms fast/ 8ms normal) - Bảo hành 36 tháng",https://www.lazada.vn/products/pdp-i3132953450.html,2.939.000 ₫,5.0,
Màn Hình LCD Gaming Gigabyte M27Q X-AP (27 inch/2K/IPS/240Hz/1Ms/350nits/HDMI + PD + USB / Phẳng) - Hàng Chính Hãng,https://www.lazada.vn/products/pdp-i2686737987.html,11.500.000 ₫,,
"Màn Hình Máy Tính 22 inch K-vision Độ Phân Giải Full HD, Tấm Nền IPS, 100Hz Cổng Kết Nối VGA, HDMI Bảo Hành 2 Năm (Hàng new)",https://www.lazada.vn/products/pdp-i2658100284.html,1.490.000 ₫,5.0,
Màn Hình Máy Tính Gaming E-DRA EGM24F120S (IPS/ 120HZ/ FHD/ 1ms) - Hàng Chính Hãng,https://www.lazada.vn/products/pdp-i3176311696.html,1.881.000 ₫,,
"Màn hình máy tính Gaming K-Vision 24 inch | 22 inch | 19 inch.FULL cổng kết nối HDMI - VGA. Màn hình chống mỏi mắt , bảo vệ mắt khỏi ánh sáng màn hình. Hàng chính hãng .",https://www.lazada.vn/products/pdp-i246250516.html,1.700.000 ₫,4.0,490 Đã bán
Spin 24 inch Màn hình máy tính Công nghệ chống xé Bàn chải cao hình ảnh FULLHD LED monitor 100hz Màn,https://www.lazada.vn/products/pdp-i3085738753.html,1.740.000 ₫,5.0,
Màn Hình LCD ACER EK271 G 27 INCH/1920X1080@120Hz/IPS/VGA/HDMI/LED/ĐEN(UM.HE1SV.G01) - Bảo hành 36 tháng,https://www.lazada.vn/products/pdp-i2926349730.html,2.645.000 ₫,3.0,6 Đã bán
"Màn Hình Máy Tính 27 inch Cong Gaming Full Viền 165Hz, Độ Phân Giải 1920x1080, Tấm Nền IPS Bảo Hành 24 Tháng",https://www.lazada.vn/products/pdp-i2211812643.html,2.290.000 ₫,,
Màn hình LCD Xiaomi Redmi 21.45'' 75Hz Phẳng Đen,https://www.lazada.vn/products/pdp-i2268352148.html,1.960.000 ₫,,
Màn hình Samsung Thông Minh M7 Dòng 43 inch LS43BM702UEXXV,https://www.lazada.vn/products/pdp-i2606226290.html,12.889.000 ₫,,
"Màn hình LG 27UP600K-W 4K 2025 | 27 inch, UHD, IPS, 60Hz, 5ms - Chính hãng",https://www.lazada.vn/products/pdp-i3025224730.html,6.330.000 ₫,,
Màn Hình Máy Tính ASUS TUF GAMING VG249Q5R (23.8 INCH/ 200HZ/ Fast IPS/ Full HD) - Hàng Chính Hãng,https://www.lazada.vn/products/pdp-i3168975204.html,3.250.000 ₫,,
"Màn hình Gaming VSP VA2718G | 27 inch, Full HD, VA, 180Hz, 1ms, cong - Hàng Chính Hãng",https://www.lazada.vn/products/pdp-i2775345423.html,3.300.000 ₫,,
"Màn hình Samsung LS27F320GAEXXV 27"" (FHD 1920 x 1080/ IPS/ 120Hz/ 5 ms) - Bảo hành 24 tháng",https://www.lazada.vn/products/pdp-i3141733187.html,3.090.000 ₫,,
Màn hình Gaming ViewSonic VX24G10 240Hz (23.8 inch/Fast IPS/FHD/1ms/240Hz) - Bảo hành 12 tháng - 1 đổi 1,https://www.lazada.vn/products/pdp-i3059541099.html,3.090.000 ₫,,
[CŨ] Màn Hình Dell U2419H Ultrasharp 24 inch FHD/IPS Chuyên Đồ Họa 24inch Like New Bảo hành 03 tháng,https://www.lazada.vn/products/pdp-i2838235805.html,3.749.000 ₫,,
Màn hình LCD LG 27 inch 27GS60QC-B.ATVQ (2560x1440/ VA/ 180Hz/ 1ms) Đen - Bảo hành 24 tháng,https://www.lazada.vn/products/pdp-i3029016007.html,4.399.000 ₫,,
Màn hình máy tính Samsung ViewFinity S8 LS27B800PXEXXV 27inch 4K IPS 5ms 60Hz,https://www.lazada.vn/products/pdp-i2148951597.html,7.840.000 ₫,,
"Màn hình máy tính BenQ dành cho lập trình RD320U _ 32"" 4K+ đèn MoonHalo USB-C Chống chói bảo vệ mắt",https://www.lazada.vn/products/pdp-i2845656915.html,18.700.000 ₫,,
Màn Hình Máy Tính Viewsonic VA2708-2K-MHD (27 inch/ 2560 x 1440/ 250 cd/m2/ 1ms/ 100Hz) - Hàng Chính Hãng,https://www.lazada.vn/products/pdp-i3108423308.html,4.100.000 ₫,,
A27I EU - Màn Hình Máy Tính 27 Inch Xiaomi A27I EU - GIAO TOÀN QUỐC - CHỈ MIỄN PHÍ HCM,https://www.lazada.vn/products/pdp-i3168613025.html,2.429.000 ₫,,
Màn Hình Cong Gaming MSI MAG 342CQR E2 (34 inch - VA - UWQHD - 180Hz - 1ms - Cong) - Hàng Chính Hãng,https://www.lazada.vn/products/pdp-i3132986088.html,8.495.000 ₫,,
"màn hình Gaming MSI MAG 276CF E20 | 27 inch, VA, 200Hz, 0.5ms, Cong New chính hãng...",https://www.lazada.vn/products/pdp-i3162899088.html,4.290.000 ₫,,
"Màn hình Asus TUF Gaming VG259Q5A 24.5"" (FHD 1920 x 1080/ Fast IPS/ 200Hz/ 1 ms) - Bảo hành 36 tháng",https://www.lazada.vn/products/pdp-i3125824928.html,3.039.000 ₫,,
"Màn hình LCD MSI 24.5"" PRO MP251L E2 (1920x1080/ IPS/ 120Hz/ 4ms GTG/ 1ms MPRT/ Adaptive-Sync) Đen - Bảo hành 24 tháng",https://www.lazada.vn/products/pdp-i3177999555.html,2.259.000 ₫,,
"Màn Hình Xiaomi Redmi A27U 27 inch 4K/ IPS/ Vesa/ 60Hz/ 3840 x 2160 cổng Type C, sạc 90W",https://www.lazada.vn/products/pdp-i3052181049.html,5.900.000 ₫,,
Màn hình máy tính Redmi Desktop Monitor 1A 23.8 Inch/27 inch,https://www.lazada.vn/products/pdp-i1492153216.html,2.200.000 ₫,,
Màn Hình Máy Tính VSP Mini-Led Vision Pro G2732UM (27inch/4K UHD160Hz - FHD320Hz/1ms/Adpter Sync) - Hàng Chính Hãng,https://www.lazada.vn/products/pdp-i3128639117.html,14.020.000 ₫,,
Màn hình LG 27inch 27MP500-B.ATV - Màn hình sống động hiển thị ánh sáng xanh thấp - BH 24 Tháng,https://www.lazada.vn/products/pdp-i2660875408.html,3.851.000 ₫,5.0,8 Đã bán
"Màn hình LCD AOC 23.8"" 24G11ZE/71 (1920x1080/ Fast IPS/ 240Hz OC/ 0.3ms/ Adaptive Sync) Đen - Bảo hành 36 (tháng)",https://www.lazada.vn/products/pdp-i3182704906.html,2.890.000 ₫,,
Màn Hình Máy Tính LG UltraWide 29'' IPS 75Hz AMD FreeSync HDR10 sRGB over 99% 29WP500-B - Hàng Chính Hãng,https://www.lazada.vn/products/pdp-i1723040681.html,4.840.000 ₫,,
"Màn hình LG UltraGear Gaming 24GS65F-B.ATV | 180Hz, IPS 1ms (GtG), HDR10 - Hàng Chính Hãng",https://www.lazada.vn/products/pdp-i2877354360.html,3.460.000 ₫,,
Màn hình máy tính cong 2K Samsung Odyssey G5 G55C 32 Inch VA 165Hz LS32CG552EEXXV,https://www.lazada.vn/products/pdp-i2616174212.html,8.098.000 ₫,,
"Màn Hình ASUS TUF GAMING VG27AQ5A 27 Inch Fast IPS 2K 210Hz HDR10, 130% sRGB, Loa 2Wx2, Bảo Hành 36 Tháng – Chuyên Game",https://www.lazada.vn/products/pdp-i3135735716.html,5.190.000 ₫,,
Màn Hình LG UltraWide 29U531A-W.ATV ( 21:9/ WFHD/ 2560x1080/ IPS/ 100Hz/ 5ms) - Hàng Chính Hãng,https://www.lazada.vn/products/pdp-i3176554130.html,5.190.000 ₫,,
"Màn hình cảm ứng 7 inch 1K / 9,7 inch 2K, raspberry pi, giám sát camera, cao cấp, di động, rời",https://www.lazada.vn/products/pdp-i2953945025.html,790.000 ₫,,
Màn hình HMD 105 4G/2.4 inch/ 16 chân hàn,https://www.lazada.vn/products/pdp-i3199017634.html,89.000 ₫,5.0,
"Màn hình máy tính Xiaomi Redmi 27 inch 100Hz Độ phân giải Full HD Màn hình LCD Tấm Nền IPS, Bảo Hành 2 Năm",https://www.lazada.vn/products/pdp-i2156780562.html,1.730.000 ₫,5.0,14 Đã bán
"Màn Hình 24inch K-Vision IPS 100Hz Full Viền Độ Phân Giải 1920x1080, Màn Hình Gaming Full Viền. Bảo hành 24 tháng",https://www.lazada.vn/products/pdp-i2178934422.html,1.700.000 ₫,,
Màn hình máy tính Xiaomi 2K Curved Gaming Monitor G34i 34inch-Tần Số Quét 180Hz - Bảo Hành 36 Tháng,https://www.lazada.vn/products/pdp-i2827094494.html,6.490.000 ₫,5.0,15 Đã bán
"[New] Màn hình di động ASUS ZenScreen MB169CK 16"" IPS FHD USBC - Hàng Chính Hãng",https://www.lazada.vn/products/pdp-i3172756181.html,3.279.000 ₫,5.0,
"Màn Hình Máy Tính 24 inch Cong Gaming Full Viền, Độ Phân Giải 1920x1080, Tần Số 165Hz, Bảo Hành 24 Tháng, Màn Hình 24 inch Giá Rẻ. Màn Hình Gaming",https://www.lazada.vn/products/pdp-i2211244126.html,1.700.000 ₫,,
"Màn hình máy tính HKC 22'' / 24'' MB21V13-U - MB24V13-U, Full HD / VA, Tần số quét 100Hz (Mới, BH 24T)",https://www.lazada.vn/products/pdp-i2397861603.html,1.790.000 ₫,,
Màn hình máy tính MSI MAG 275CF X24 ( 27” / FHD / VA / 240Hz / 0.5ms / Cong) - Hàng Chính Hãng,https://www.lazada.vn/products/pdp-i3189872332.html,3.910.000 ₫,,
Màn Hình Asus TUF Gaming VG34WQML5A Cong 1500R 34 Inch/ WQHD/ VA/ 250Hz/ 0.5ms - Hàng Chính Hãng,https://www.lazada.vn/products/pdp-i3189930223.html,9.830.000 ₫,,
Màn hình LG UltraWide 26 Inch IPS WFHD 75Hz 26WQ500-B.ATV - Hàng chính hãng,https://www.lazada.vn/products/pdp-i2974457679.html,4.032.000 ₫,,
Màn hình/ LCD Gaming Acer 27 inch Nitro KG270 X1 (FHD/IPS/200Hz/1ms) Đen - Bảo hành 36 tháng,https://www.lazada.vn/products/pdp-i3114629535.html,3.690.000 ₫,,
Màn Hình Văn Phòng Ánh Sáng Xanh Thấp 24 inches 100Hz,https://www.lazada.vn/products/pdp-i3202313128.html,3.203.000 ₫,4.0,
Màn Hình Máy Tính LG QHD 27'' IPS sRGB over 99% HDR USB Type-C Ergo stand 27QN880-B - Hàng Chính Hãng,https://www.lazada.vn/products/pdp-i1722635504.html,11.900.000 ₫,,
"Màn Hình Máy Tính 32 inch Full Viền, Độ Phân Giải 1920x1080, Tần Số 75Hz, Bảo Hành 24 Tháng, Màn Hình Gaming Hình Ảnh Đẹp Sắc Nét",https://www.lazada.vn/products/pdp-i2212328703.html,3.100.000 ₫,,
MÀN HÌNH CONG GAMING ULTRAWIDE VSP VG3418QC - Hàng Chính Hãng,https://www.lazada.vn/products/pdp-i3128636016.html,6.100.000 ₫,,
Màn Hình Máy Tính MSI MAG 275QF (27 inch - 2K - IPS - 180Hz - 0.5ms) - Hàng Chính Hãng,https://www.lazada.vn/products/pdp-i3163832960.html,5.200.000 ₫,,
Màn hình SAMSUNG ODYSSEY G5 G55C LS27CG552EEXXV (27 inch/QHD/VA/165Hz/1ms/Cong),https://www.lazada.vn/products/pdp-i3067871553.html,6.177.000 ₫,,
"Màn hình ViewSonic VX2480-SHDJ/VX2480-2K-SHD 24"" FHD IPS 75Hz(VGA+HDMI+DP+Audio in-out) - Hàng Chính Hãng",https://www.lazada.vn/products/pdp-i2789167307.html,3.490.000 ₫,,
Màn hình SAMSUNG ODYSSEY G5 G55C LS27CG552EEXXV (27 inch/QHD/VA/165Hz/1ms/Cong),https://www.lazada.vn/products/pdp-i3067891491.html,6.177.000 ₫,,
MÀN HÌNH VSP 27INCH VA2728G1/ VA2728G2 - 280HZ,https://www.lazada.vn/products/pdp-i2663961583.html,3.280.000 ₫,,
"Màn Hình Máy Tính Xiaomi 27 inch Độ Phân Giải 2K (2560x1440), màn hình 27 inch FHD 60Hz Tấm Nền IPS, Cổng Kết Nối VGA, HDMI Bảo Hành 24 Tháng",https://www.lazada.vn/products/pdp-i2455856376.html,2.850.000 ₫,,
"Màn hình Gaming VSP IP2718G (27""/FHD/IPS/180Hz/1ms) - Chính hãng",https://www.lazada.vn/products/pdp-i2861318574.html,4.180.000 ₫,,
Màn Hình Máy Tính VIEWSONIC VG3208U-4K (32 Inch/4K UHD/ Có Cổng USB-C/ Loa tích hợp) - Hàng Chính Hãng,https://www.lazada.vn/products/pdp-i3180453342.html,8.960.000 ₫,,
Màn Hình LCD HKC Cong MG34H18Q 34 inch WQHD 165Hz 1000R Loa,https://www.lazada.vn/products/pdp-i2927185635.html,7.810.000 ₫,,
Màn hình máy tính cong 2K Samsung Odyssey G5 G55C 32 Inch VA 165Hz LS32CG552EEXXV,https://www.lazada.vn/products/pdp-i2616159304.html,6.918.000 ₫,,
"Màn hình MSI G274F (27""/FHD/IPS/180Hz/1ms) - Chính hãng",https://www.lazada.vn/products/pdp-i2902615108.html,4.490.000 ₫,,
Màn hình máy tính Samsung Odyssey G4 LS27BG400EEXXV 27inch FullHD IPS 1ms 240Hz,https://www.lazada.vn/products/pdp-i2148887837.html,5.530.000 ₫,,
"Màn hình Gaming MSI MAG 255XF (25 inch, FHD, IPS, 300Hz, 0.5ms)",https://www.lazada.vn/products/pdp-i2933338023.html,6.272.000 ₫,,
"Màn hình máy tính Màn hình đồ họa ASUS ProArt PA248QV (24.1""/WUXGA/IPS/75Hz)",https://www.lazada.vn/products/pdp-i2748428064.html,6.100.000 ₫,,
Màn hình máy tính LG 32UR500-B 32inch UHD VA 60Hz 4Ms,https://www.lazada.vn/products/pdp-i2452070978.html,8.288.000 ₫,,
KTC | Màn Hình Chơi Game 24 inches 2K 180Hz Dải Màu Rộng FastIPS Ánh Sáng Xanh Thấp,https://www.lazada.vn/products/pdp-i3201711033.html,4.904.000 ₫,4.0,
Màn hình Gaming MSI MAG 32C6X 31.5 inch FHD VA 250Hz 1ms,https://www.lazada.vn/products/pdp-i2974664878.html,6.720.000 ₫,,
Màn hình LCD cong HKC MG32A4F 32inch FullHD 165Hz 1ms,https://www.lazada.vn/products/pdp-i2927308238.html,5.880.000 ₫,,
RUNING | Màn Hình Cảm Ứng Di Động 4K 144Hz,https://www.lazada.vn/products/pdp-i3220790298.html,1.687.000 ₫,4.0,
Màn di động 14inch IPS A+ FHD cảm ứng,https://www.lazada.vn/products/pdp-i2277203658.html,2.000.000 ₫,5.0,
Màn hình di động gaming GOOJODOQ 18.5 inch góc rộng IPS 1080P FHD thiết kế Cho Laptop Mở Rộng Chân Đế Loa PS4 Android Switch,https://www.lazada.vn/products/pdp-i2963679018.html,3.106.100 ₫,4.0,21 Đã bán
Màn Hình máy tính KV Vision FHD IPS 100Hz 5ms - Hàng chính hãng Bảo Hành 24 Tháng mới full box,https://www.lazada.vn/products/pdp-i2420322127.html,1.490.000 ₫,5.0,
"Màn Hình Di Động - Full HD - IPS Kết nối Type-C và HDMI - dùng cho điện thoại, máy tính, máy chơi game",https://www.lazada.vn/products/pdp-i2107127214.html,1.300.000 ₫,5.0,76 Đã bán
"Màn Hình Máy Tính 27 inch Cong Gaming Full Viền, Độ Phân Giải 1920x1080, Tần Số 180Hz, Tấm Nền IPS, Màn Hình 27 inch Cong Bảo Hành 24 Tháng",https://www.lazada.vn/products/pdp-i2212308859.html,1.690.000 ₫,,"6 Đã bán
Hà Nội"
Màn hình máy tính UNV MW-LC22-P 21.5 inch 75Hz VA Full HD,https://www.lazada.vn/products/pdp-i3045655371.html,1.368.000 ₫,,
Màn hình LCD Philips 24E1N2100A/71 (23.8 inch - FHD - IPS - 120Hz - 1ms) -Hàng Chính Hãng,https://www.lazada.vn/products/pdp-i3194839470.html,2.430.000 ₫,,
Màn hình máy tính Dell P2725H 27.0 inch - IPS - FHD - 100Hz - 5ms - USB TypeC - Hàng chính hãng,https://www.lazada.vn/products/pdp-i2938194037.html,7.112.000 ₫,,
Màn Hình Cong Gaming MSI MAG 342CQR E2 (34 inch - VA - UWQHD - 180Hz - 1ms - Cong) - Hàng Chính Hãng,https://www.lazada.vn/products/pdp-i3132998038.html,8.495.000 ₫,,
Màn hình máy tính Viewsonic VG3456 34inch WQHD 60Hz Loa Kép - Hàng chính hãng,https://www.lazada.vn/products/pdp-i1580531457.html,10.060.000 ₫,,
Màn Hình Chơi Game Ánh Sáng Xanh Thấp 24 Inch 180Hz,https://www.lazada.vn/products/pdp-i3195641800.html,4.186.000 ₫,4.0,
Màn hình máy tính Dell P2725H 27.0 inch - IPS - FHD - 100Hz - 5ms - USB TypeC - Hàng chính hãng,https://www.lazada.vn/products/pdp-i2938063866.html,7.112.000 ₫,,
Màn Hình Máy Tính MSI MAG 275QF (27 inch - 2K - IPS - 180Hz - 0.5ms) - Hàng Chính Hãng,https://www.lazada.vn/products/pdp-i3163861248.html,5.045.000 ₫,,
Màn hình LCD LG 32UN650-W UHD 4K (32inch/3840 x 2160/IPS/60Hz/5 ms/FreeSync) màu trắng - Hàng Chính Hãng,https://www.lazada.vn/products/pdp-i2327181990.html,9.900.000 ₫,,
Màn Hình Gaming ASUS TUF Gaming VG259Q5A (24.5 inch / IPS/ FHD/ 200Hz/ 1ms) - Hàng Chính Hãng,https://www.lazada.vn/products/pdp-i3188854986.html,3.560.000 ₫,,
"Màn Hình Máy Tính ASUS TUF GAMING VG279QE5A | 23.8 inch, Full HD, IPS, 146Hz, 1ms - Hàng Chính Hãng",https://www.lazada.vn/products/pdp-i3137414933.html,3.705.000 ₫,,
"Màn Hình Máy Tính 27 Inch 2K IPS AFD272A - 100Hz, HDR, FreeSync, QLED, Full Viền, Bảo Hành 2 Năm",https://www.lazada.vn/products/pdp-i3147649553.html,3.350.000 ₫,,
Màn hình máy tính Viewsonic 27inch VX2780-2K-SHDJ-2 IPS 100Hz,https://www.lazada.vn/products/pdp-i2847519067.html,6.216.000 ₫,,
Màn hình máy tính AOC 27B3CA2/74 27inch FullHD 100Hz 1ms IPS Loa USB Type-C,https://www.lazada.vn/products/pdp-i2609754379.html,5.306.000 ₫,,
Màn hình máy tính Xiaomi Redmi G27Q 2025 27 inch – 2K | 180Hz | 1ms (GTG) | sRGB,https://www.lazada.vn/products/pdp-i2078105635.html,4.390.000 ₫,,
Màn Hình SAMSUNG ViewFinity S5 S50GC LS34C500GAEXXV (34.0 inch - WQHD - VA - 100Hz - 5ms - FreeSync - HDR10) Chính hãng,https://www.lazada.vn/products/pdp-i3033355472.html,8.176.000 ₫,,
Màn Hình Máy Tính DELL ULTRA SHARP U2724DE (2K/ IPS/ 120HZ) - Hàng Chính Hãng,https://www.lazada.vn/products/pdp-i3215385515.html,13.200.000 ₫,,
Màn hình máy tính Viewsonic VX2728-2K 27inch 2K QHD 165Hz IPS,https://www.lazada.vn/products/pdp-i2264884679.html,6.116.000 ₫,,
Màn hình Edra EGM27Q100P (27 inch/QHD/IPS/100Hz/1ms) - Chính hãng,https://www.lazada.vn/products/pdp-i3002411314.html,4.040.000 ₫,,
Màn hình Samsung Odyssey G5 Cong Dòng 34inch LC34G55TWWEXXV,https://www.lazada.vn/products/pdp-i2606257104.html,11.989.000 ₫,,
Màn Hình Thông Minh LG MyView 32 Inch IPS 4K 60Hz 32SR83U-W.ATV - Hàng Chính Hãng,https://www.lazada.vn/products/pdp-i2892030746.html,11.360.000 ₫,,
Màn Hình Ultrasharp Chuyên Đồ Hoạ Dell U2419h [CŨ] (23.8inch/FHD/60hz),https://www.lazada.vn/products/pdp-i3186063102.html,2.990.000 ₫,,
Màn hình máy tính Fujitsu 24 inch IPS B24W-7,https://www.lazada.vn/products/pdp-i2415324022.html,2.069.000 ₫,,
Màn hình máy tính ASUS TUF Gaming VG249Q3A 24inch FullHD 180Hz 1ms IPS Loa,https://www.lazada.vn/products/pdp-i2406643529.html,4.816.000 ₫,,
"Màn hình Gaming Gigabyte GS27FA | 27 inch, Full HD, IPS, 180Hz, 1ms",https://www.lazada.vn/products/pdp-i2921784198.html,3.765.000 ₫,,
"MÀN HÌNH 34"" CONG GIGABYTE G34WQC A 2K 144Hz chuyên game",https://www.lazada.vn/products/pdp-i2922164292.html,9.632.000 ₫,,
Màn Hình EDRA EGM27F120H (27 inch - IPS - FHD - 120Hz - 1ms) - Hàng Chính Hãng,https://www.lazada.vn/products/pdp-i3217116100.html,2.150.000 ₫,,
"Màn hình LCD LG 23.8"" 24U411A-B (1920x1080/ IPS/ 120Hz/ 5ms) Đen - bảo hành 24 (tháng)",https://www.lazada.vn/products/pdp-i3179347483.html,2.559.000 ₫,,
Màn hình PC để bàn Tomko 27 inch 2K IPS T2721Q-2K Hàng Chính Hãng - ÂU CƠ Chính Hãng,https://www.lazada.vn/products/pdp-i2246183951.html,2.690.000 ₫,,
"Màn Hình Máy Tính Xiaomi A27i 27 Inch Full HD (1920x1080) IPS 100Hz – Viền Mỏng, Gaming/ Làm Việc – Bảo Hành 3 Năm",https://www.lazada.vn/products/pdp-i2592080769.html,2.300.000 ₫,5.0,456 Đã bán
"[Độ mới 85%] MÀN HÌNH VI TÍNH CŨ 24, 19, 17 INCH CÁC LOẠI",https://www.lazada.vn/products/pdp-i3174815094.html,550.000 ₫,,
"🖥️ MÀN HÌNH SAMSUNG 632NW – GIẢI PHÁP HÌNH ẢNH GỌN NHẸ, TIẾT KIỆM CHI PHÍ",https://www.lazada.vn/products/pdp-i3131579636.html,320.000 ₫,5.0,5 Đã bán
màn hình 24 inch 100Hz/165HZ/1ms(GTG) Full HD 1080P IPS Hỗ trợ HDMI/VGA/DP HDR400 Bảo hành 3 năm,https://www.lazada.vn/products/pdp-i3211350655.html,1.295.000 ₫,5.0,
"Màn hình pc cao cấp 22-24 Inch mới 100% đập hộp bảo hành 12 tháng, mà full HD 1080, Tấm nền IPS sắc nét tần số quét 75H",https://www.lazada.vn/products/pdp-i2823336620.html,1.270.000 ₫,,
Màn hình máy vi tính 19in 1366x768 kết nối vga dây nguồn trực tiếp giá chỉ 550k bảo hành chu đáo 1thang,https://www.lazada.vn/products/pdp-i2430454586.html,650.000 ₫,5.0,11 Đã bán
Màn hình văn phòng Aiwa AW-MF2725-V / Aiwa AW-MF2427-V /Aiwa AW-MF2227-V - Hàng Chính Hãng,https://www.lazada.vn/products/pdp-i3184647172.html,1.670.000 ₫,,
Màn Hình Máy Tính Gaming E-DRA EGM24F120S (IPS/ 120HZ/ FHD/ 1ms) - Hàng Chính Hãng,https://www.lazada.vn/products/pdp-i3176377357.html,1.900.000 ₫,,
13.3inch FHD cảm ứng sRGB 100%,https://www.lazada.vn/products/pdp-i3131113696.html,2.000.000 ₫,,
"Màn Hình MSI Pro MP223 | 21.45 inch, FHD, VA, 100Hz, 5ms, Phẳng - Hàng Chính hãng",https://www.lazada.vn/products/pdp-i2453320370.html,1.790.000 ₫,,
Màn Hình Máy Tính Cong Gaming VSP VG2724FC1 - 240Hz - 1ms - R:1500 - Hàng Chính Hãng,https://www.lazada.vn/products/pdp-i3125687202.html,3.342.000 ₫,,
"Màn hình LCD LG 27"" 27GB750 UltraGear™ (1920x 1080/IPS/ 240Hz/ 1ms (GtG)/ NVIDIA® G-SYNC®) - Bảo hành 24 tháng",https://www.lazada.vn/products/pdp-i3125669468.html,5.099.000 ₫,,
"MÀN HÌNH 34"" CONG GIGABYTE G34WQC A 2K 144Hz chuyên game",https://www.lazada.vn/products/pdp-i2921844954.html,9.632.000 ₫,,
Màn hình LCD 27'' FAST IPS - VU271Q180 -2K - 180HZ - 0.5MS Chính Hãng,https://www.lazada.vn/products/pdp-i2661218863.html,4.600.000 ₫,,
Màn Hình Gaming LG UltraGear 27GS65F-B 27 Inch IPS FHD 180Hz 1ms,https://www.lazada.vn/products/pdp-i2881418723.html,4.905.000 ₫,,
"LCD 27' GLOWY G27CG-UD Cong Chính hãng (VA - VGA, HDMI, 1920x1080, 75Hz) - Hàng Chính Hãng",https://www.lazada.vn/products/pdp-i3078946083.html,2.735.000 ₫,,
"Màn hình LG 27UP600K-W 4K 2025 | 27 inch, UHD, IPS, 60Hz, 5ms - Chính hãng",https://www.lazada.vn/products/pdp-i3025419402.html,6.330.000 ₫,,
"Màn hình Cong Gaming Antteq HKC - 24F242 | 24 inch, FHD, 75hz, VA, 8ms, cong Bảo hành 36 Tháng",https://www.lazada.vn/products/pdp-i3175959719.html,1.854.000 ₫,,
"Màn hình gaming, màn hình máy tính chơi game E-Dra EGM24F100P Full HD - màn hình 24 inch - Tần số 100Hz - Hàng chính hãng",https://www.lazada.vn/products/pdp-i2526337610.html,2.179.000 ₫,,
Màn hình Gaming Xiaomi G27i Màn IPS 1080p 165Hz 1ms 250nits - Bảo hành 3 năm chính hãng,https://www.lazada.vn/products/pdp-i2644706562.html,3.290.000 ₫,,
Màn hình máy tính Asus ProArt PA247CV 23.8 inch FHD IPS - chuyên đồ họa,https://www.lazada.vn/products/pdp-i1353330387.html,5.645.000 ₫,,
Màn hình máy tính Xiaomi Monitor A27i EU ELA5345EU - Trải nghiệm giải trí và làm việc mượt mà,https://www.lazada.vn/products/pdp-i2880530272.html,2.438.000 ₫,5.0,10 Đã bán
Màn hình máy tính PC Xiaomi Monitor 2K A27Qi 27inch - Tấm Nền LCD IPS -Tần Số Quét 100Hz - Thời gian phản hồi chỉ 6ms,https://www.lazada.vn/products/pdp-i2995183829.html,3.802.000 ₫,,
Màn hình LCD Asus 23.8 inch VG249QE5A (Full HD/ IPS/ 146Hz/ 1 ms MPRT/ Đen) - Bảo hành 36 tháng,https://www.lazada.vn/products/pdp-i3118687525.html,2.499.000 ₫,,
"Màn hình ViewSonic VX2758A 2K PRO 4 | 27"" IPS 2K 180Hz Mới BH 36T",https://www.lazada.vn/products/pdp-i3113794840.html,5.050.000 ₫,,
"Màn hình di động MSI PRO MP161 E2 (15.6""/FHD/IPS/60Hz/Có loa) - Chính hãng",https://www.lazada.vn/products/pdp-i2860318538.html,3.760.000 ₫,,
Màn Hình LCD AOC C32G2ZE 32 inch Full HD VA 240 Hz Cong - Hàng chính hãng,https://www.lazada.vn/products/pdp-i2935169053.html,7.056.000 ₫,,
"Màn hình LG 27U411A-B 27"" (FHD 1920 x 1080/ IPS/ 120Hz/ 5 ms) - Bảo hành 24 tháng",https://www.lazada.vn/products/pdp-i3179430263.html,2.990.000 ₫,,
Màn hình máy tính Xiaomi 27inch IPS 1080p 100Hz A27i - Bảo hành 3 năm chính hãng,https://www.lazada.vn/products/pdp-i2577865298.html,2.390.000 ₫,5.0,
"Màn Hình Máy Tính LG 27U631A-B.ATVQ 27"" (QHD (2K) 2560 x 1440/ IPS/ 100Hz/ 5 ms) - Hàng Chính Hãng",https://www.lazada.vn/products/pdp-i3134787284.html,5.245.000 ₫,,
"Màn hình DUAN BKY248 24inch, IPS, 75Hz full viền , Full HD Siêu phẩm cho Game , Cho dân văn phòng , dùng cho giải trí",https://www.lazada.vn/products/pdp-i1991803516.html,2.499.000 ₫,,
Màn hình máy tính LG UltraFine 27US500-W.ATV màu trắng (27 inch - IPS - 4K - 60Hz - 5ms)- Hàng Chính Hãng,https://www.lazada.vn/products/pdp-i3001615132.html,6.190.000 ₫,5.0,
Màn hình LG UltraWide 26 Inch IPS WFHD 75Hz 26WQ500-B.ATV - Hàng chính hãng,https://www.lazada.vn/products/pdp-i2974667138.html,4.032.000 ₫,,
Màn hình Edra EGM27F240P (27 inch/FHD/IPS/240Hz/0.5ms) - Chính hãng,https://www.lazada.vn/products/pdp-i3001729310.html,4.980.000 ₫,,
Màn hình máy tính Dell 24inch SE2425H (75Hz/VGA/HDMI/LED),https://www.lazada.vn/products/pdp-i2933391651.html,3.472.000 ₫,,
Màn Hình Máy Tính Gaming E-DRA EGM27F1 27 inch FullHD 165hz - Hàng Chính Hãng,https://www.lazada.vn/products/pdp-i3090607694.html,3.460.000 ₫,,
"MÀN HÌNH IPS VĂN PHÒNG/GAMING 27"" AIVISION A272FS - HÀNG CHÍNH HÃNG( VSP)",https://www.lazada.vn/products/pdp-i2789586142.html,2.390.000 ₫,,
Màn Hình Gaming LG UltraGear 27GS85Q-B (27 inch - IPS - 2K - 200Hz - 1ms) - Chính hãng,https://www.lazada.vn/products/pdp-i2974475012.html,10.741.000 ₫,,
Màn hình Máy Tính Cong VSP CM2710H 27inch 100Hz (Đen),https://www.lazada.vn/products/pdp-i2793800271.html,2.910.000 ₫,,
Màn hình vi tính giá rẻ 19inch nhiều hãng sáng đẹp kèm đủ dây cáp,https://www.lazada.vn/products/pdp-i1996638751.html,550.000 ₫,4.0,18 Đã bán
"Màn 17in, 19in các loại ( LG, HP, Dell ) thanh lý nám nhẹ / kẻ",https://www.lazada.vn/products/pdp-i984806690.html,220.000 ₫,4.0,170 Đã bán
Màn hình LCD 1602 2004 5V xanh lá/xanh dương Có Đèn Nền - Kèm I2C,https://www.lazada.vn/products/pdp-i2148391769.html,24.999 ₫,5.0,259 Đã bán
Màn Hình Máy Tính 22 Inch Full HD - Phù Hợp Làm Việc Và Giải Trí,https://www.lazada.vn/products/pdp-i2952122625.html,763.000 ₫,5.0,
Spin Màn hình 24 inch LCD siêu cong 100Hz Bàn chải cao 2ms Màn hình,https://www.lazada.vn/products/pdp-i3085913100.html,1.690.000 ₫,5.0,17 Đã bán
Màn Hình Di Động GOOJODOQ 16/15.6inch FHD 1080P HDMI USB-C 120% SRGB Cho Laptop PS4 Android Switch - Bảo Hành Chính Hãng,https://www.lazada.vn/products/pdp-i2933214231.html,2.049.600 ₫,4.0,23 Đã bán
"Màn hình di động GOOJODOQ 15,6 inch với tấm nền IPS góc nhìn rộng 178°, độ phân giải FHD 1920x1080,Xoay 90° với giá đỡ",https://www.lazada.vn/products/pdp-i3187303624.html,2.297.200 ₫,5.0,
Màn Hình Máy Tính ViewSonic VA22E1-H (Full HD/ 75Hz/ HDMI/ VGA) - Hàng Chính Hãng,https://www.lazada.vn/products/pdp-i3169477451.html,1.710.000 ₫,,
"Màn hình 24 inch cong K-Vision Độ Phân Giải FHD (1920x1080) Tấm Nền IPS 100Hz, Cổng kết nối VGA, HDMI Bảo hành 24 tháng",https://www.lazada.vn/products/pdp-i2800332244.html,1.750.000 ₫,,
Màn Hình Chơi Game 24 Inch 260Hz Ánh Sáng Xanh Thấp,https://www.lazada.vn/products/pdp-i3195026925.html,4.046.000 ₫,4.0,
Màn Hình Máy Tính Cong Gaming VSP VX272C (27inch / VA / FHD / 200Hz / 1ms / Freesync) - Hàng Chính Hãng,https://www.lazada.vn/products/pdp-i3184675434.html,3.200.000 ₫,,
"Màn Hình Xiaomi Redmi 27 inch , Full HD / 75hz / Full Viền -Hàng Chính Hãng",https://www.lazada.vn/products/pdp-i2396818599.html,2.990.000 ₫,,
Màn Hình Máy Tính Xiaomi Monitor 2K A27Qi 27inch ELA5812EU - Hàng Chính Hãng,https://www.lazada.vn/products/pdp-i3037449959.html,3.490.000 ₫,,
Màn hình máy tính HP M22F 2E2Y3AA 21.5inch FHD IPS,https://www.lazada.vn/products/pdp-i1627206933.html,3.000.000 ₫,,
"Màn hình Gaming MSI G244F E2 (23.8""/FHD/Rapid IPS/180Hz/1ms) - Chính hãng",https://www.lazada.vn/products/pdp-i2728746397.html,3.370.000 ₫,,
"Màn Hình Máy Tính LG 27U631A-B.ATVQ 27"" (QHD (2K) 2560 x 1440/ IPS/ 100Hz/ 5 ms) - Hàng Chính Hãng",https://www.lazada.vn/products/pdp-i3134770870.html,5.245.000 ₫,,
Màn hình LG UltraGear 24GS65F-B (23.8 inch/FHD/IPS/180Hz/1ms) - Chính hãng,https://www.lazada.vn/products/pdp-i2930727693.html,4.060.000 ₫,,
Màn Hình Máy Tính Gaming ASUS TUF VG249Q3R (23.8 inch - IPS - FHD - 1ms - 180Hz),https://www.lazada.vn/products/pdp-i3070664073.html,3.835.000 ₫,,
"Màn Hình LCD HKC MB27V7-W 27 inch, IPS, 100Hz",https://www.lazada.vn/products/pdp-i2927589345.html,2.565.000 ₫,5.0,
Màn hình máy tính Xiaomi Gaming Monitor 27 inch G27Qi/ G27Qi Pro/ A27Qi - Hàng chính hãng,https://www.lazada.vn/products/pdp-i3162016168.html,3.550.000 ₫,,
Màn hình ASUS VP227HF 21.5 inch FHD 100Hz 1ms VA - Hàng Chính Hãng,https://www.lazada.vn/products/pdp-i3193819541.html,2.430.000 ₫,,
"Màn Hình Xiaomi Redmi 24 inch , Full HD / 75hz / Full Viền -Hàng Chính Hãng",https://www.lazada.vn/products/pdp-i2396711802.html,2.150.000 ₫,,
"Màn Hình Gaming AOC 27G42E/74 | 27 inch, Full HD, Fast IPS, 180Hz, 0.5ms, Phẳng - Hàng Chính Hãng",https://www.lazada.vn/products/pdp-i3070796380.html,4.340.000 ₫,,
Màn hình LCD ASUS VY249HGR 23.8”/ FHD/ IPS/ HDMI/ VGA/ 120Hz/ 1ms/ ĐEN (VY249HGR) - Bảo hành 36 tháng,https://www.lazada.vn/products/pdp-i2968188524.html,2.350.000 ₫,,
Màn hình máy tính Cong VSP 49INCH ULTRAWIDE VA4914DC D-FHD 144Hz VA,https://www.lazada.vn/products/pdp-i2795241222.html,15.000.000 ₫,,
Màn Hình SAMSUNG ViewFinity S5 S50GC LS34C500GAEXXV (34.0 inch - WQHD - VA - 100Hz - 5ms - FreeSync - HDR10) Chính hãng,https://www.lazada.vn/products/pdp-i3033443323.html,8.176.000 ₫,,
Màn hình máy tính cong Samsung LS27C360EAEXXV 27inch FullHD 75Hz 4ms VA,https://www.lazada.vn/products/pdp-i2306737412.html,3.835.000 ₫,,
Màn Hình Máy Tính PC Xiaomi Monitor A27i 27inch Tấm Nền LCD IPS 100Hz Quốc Tế Chính Hãng Bảo Hành 36 Tháng,https://www.lazada.vn/products/pdp-i2825489543.html,2.390.000 ₫,,
Màn Hình Máy Tính Gaming EDRA EGM27F180PV 27 Inch FullHD 180Hz - Hàng Chính Hãng,https://www.lazada.vn/products/pdp-i3183228173.html,2.965.000 ₫,,
Màn Hình Máy Tính Gaming VSP VG2724FS1 (27inch / IPS / FHD / 240Hz / 1ms / FreeSync) - Hàng Chính Hãng,https://www.lazada.vn/products/pdp-i3164935414.html,3.600.000 ₫,,
Màn Hình Máy Tính HIKVISION DS-D5032F3-1V0S (32 INCH/ VA/ FHD/ VGA/ HDMI) - Hàng Chính Hãng,https://www.lazada.vn/products/pdp-i3186581439.html,4.850.000 ₫,,
"Màn Hình Máy Tính Dell SE2725H | 27 inch, Full HD, VA, 75Hz, 8ms, 250 nits, HDMI+VGA, Phẳng - Hàng Chính Hãng",https://www.lazada.vn/products/pdp-i3139475570.html,3.600.000 ₫,,
Màn Hình MSI PRO MP251 (24.5 inch - IPS - FHD - 100Hz- 1ms - Anti glare) - Hàng Chính Hãng,https://www.lazada.vn/products/pdp-i2453276640.html,2.390.000 ₫,,
Màn hình máy tính Xiaomi Monitor A27i EU ELA5345EU - Trải nghiệm giải trí và làm việc mượt mà,https://www.lazada.vn/products/pdp-i2880465333.html,2.438.000 ₫,5.0,
Màn hình VSP IP2518S4 (24.5 inch/FHD/Fast IPS/180Hz/1ms/USB-C) - Chính hãng,https://www.lazada.vn/products/pdp-i3001194219.html,3.350.000 ₫,,
Màn hình máy tính Lenovo ThinkVision S24i-30 63DEKAR3WW 24Inch FullHD 100Hz 4ms IPS,https://www.lazada.vn/products/pdp-i2606125604.html,3.416.000 ₫,,
"Màn hình 17in - 27in sọc, nám, mực, hở sáng như hình dùng tốt thanh lý văn phòng",https://www.lazada.vn/products/pdp-i1691273337.html,320.000 ₫,5.0,71 Đã bán
Màn Hình GR5 KII L21 Huawei mới,https://www.lazada.vn/products/pdp-i2644620772.html,200.000 ₫,,
Màn hình máy tính 22 inch Samsung chữ nhật,https://www.lazada.vn/products/pdp-i2238770766.html,950.000 ₫,5.0,10 Đã bán
"Màn hình HP 17in thanh lý văn phòng, TẶNG cáp + nguồn",https://www.lazada.vn/products/pdp-i2560627618.html,350.000 ₫,5.0,7 Đã bán
Màn hình vuông 17 inch sáng đẹp không trầy xước có bảo hành 3 tháng,https://www.lazada.vn/products/pdp-i2061807569.html,531.000 ₫,4.0,155 Đã bán
Màn hình máy tính 17in xước nhẹ thanh lý các loai TẶNG cáp + nguồn,https://www.lazada.vn/products/pdp-i1995548329.html,350.000 ₫,,
KKmoon Màn hình dọc mini 3.5 Inch IPS xoay 360 độ cổng USB kép cho máy tính Raspberry Pi khung máy vi tính ITX-INTL,https://www.lazada.vn/products/pdp-i1925454491.html,533.726 ₫,3.0,16 Đã bán
Màn Hình Di Động IPS 11.6 Inch FHD 60Hz 2*USB Type-C HDMI Built-in Speaker Kết Nối Điện Thoại Laptop Máy Chơi Game,https://www.lazada.vn/products/pdp-i2755345305.html,1.131.000 ₫,4.0,
Màn hình máy tính Acer 17in và 1 số hiệu khác thanh lý văn phòng TẶNG CÁP NGUỒN,https://www.lazada.vn/products/pdp-i1995614120.html,500.000 ₫,5.0,
Màn hình máy vi tính Samsung SA10 wide 1366x768 full day kết nối ám Hồng nhẹ ban gia 450k bh 1thang chu đáo tại shop,https://www.lazada.vn/products/pdp-i3137530253.html,450.000 ₫,5.0,
Màn Hình Máy Tính QDT 22-24-27 inch (IPS/ FHD/ 100Hz/ 5ms) - Hàng Chính Hãng,https://www.lazada.vn/products/pdp-i3193241344.html,1.710.000 ₫,,
Màn Hình Máy Tính ASUS TUF Gaming VG279Q3R 27 inch FHD IPS 180Hz 1ms - Hàng Chính Hãng,https://www.lazada.vn/products/pdp-i3096345287.html,4.160.000 ₫,,
MÀN HÌNH VSP G2710Q1 - 27 inch - 2K - IPS - 100Hz,https://www.lazada.vn/products/pdp-i3020717836.html,3.170.000 ₫,5.0,
Màn hình máy tính văn phòng AiVision A3201FS (31.5inch / ADS-IPS / FHD / 75hz / 5ms) - Hàng Chính Hãng,https://www.lazada.vn/products/pdp-i3183593658.html,3.365.000 ₫,,
"Màn Hình Gaming AOC 24G42E/74 | 23.8 inch, Full HD, Fast IPS, 180Hz, 0.5ms, Phẳng - Hàng Chính Hãng",https://www.lazada.vn/products/pdp-i3072922314.html,3.640.000 ₫,,
Màn Hình Máy Tính Cong Gaming VSP VG2724FC1 - 240Hz - 1ms - R:1500 - Hàng Chính Hãng,https://www.lazada.vn/products/pdp-i3125728250.html,3.410.000 ₫,,
Màn Hình Gaming Samsung 32 inch Odyssey OLED G8 G80SD UHD 240Hz LS32DG802SEXXV,https://www.lazada.vn/products/pdp-i2661323733.html,22.484.000 ₫,5.0,
Màn Hình Máy Tính Dell E2725HM (27 inch/ FullHD/ 5ms/ 100Hz/ IPS) - Hàng Chính Hãng,https://www.lazada.vn/products/pdp-i3167830029.html,4.000.000 ₫,,
Màn Hình LCD Viewsonic VA2708-2K-MHD (27 inch/ 2560 x 1440/ 250 cd/m2/ 1ms/ 100Hz) - Hàng Chính Hãng,https://www.lazada.vn/products/pdp-i3108326621.html,3.990.000 ₫,,
Màn hình máy tính SKYWORTH 24B1 24Inch FullHD 75Hz VA,https://www.lazada.vn/products/pdp-i2016293105.html,2.478.000 ₫,,
"Màn hình LCD 27 inch, 24 inch Cong Phẳng, 22 inch, 21 inch Full HD 75Hz Full viền Gaming BH 36 Tháng",https://www.lazada.vn/products/pdp-i1832594268.html,1.423.000 ₫,5.0,120 Đã bán
Màn hình LCD cong HKC MG32A4F 32inch FullHD 165Hz 1ms,https://www.lazada.vn/products/pdp-i2927417161.html,5.880.000 ₫,,
Màn hình LCD Asus 27 inch VG279QE5A (Full HD/ IPS/ 146Hz/ 1 ms MPRT/ Đen) - Bảo hành 36 tháng,https://www.lazada.vn/products/pdp-i3118705348.html,2.799.000 ₫,5.0,9 Đã bán
[Trả góp 0%]Màn hình máy tính LG UltraFine 27UP600-W 27Inch 4K UHD IPS AMD FreeSync,https://www.lazada.vn/products/pdp-i1267723046.html,7.348.000 ₫,5.0,5 Đã bán
Màn Hình Máy Tính DAHUA 24inch DHI-LM24-B200SW 100hz (Trắng) – Hàng Chính Hãng,https://www.lazada.vn/products/pdp-i2788555116.html,2.408.000 ₫,,
Màn hình thông minh Samsung M7 M70F LS43FM702UEXXV - Hàng Chính Hãng,https://www.lazada.vn/products/pdp-i3201225683.html,12.056.000 ₫,,
Màn Hình Máy Tính LG 27MR400-B 27inch FullHD IPS 100Hz 5ms,https://www.lazada.vn/products/pdp-i2576890828.html,3.120.000 ₫,,
Màn hình Gaming Xiaomi Redmi 24 inch G24 - 165Hz | 1ms | Redmi G24 A24FAA-RG. Hàng Chính Hãng - Bảo Hành 24 Tháng,https://www.lazada.vn/products/pdp-i1712487933.html,2.190.000 ₫,,
"Màn hình 15.6 inch 100%SRGB, Màn hình di động 15.6 inch 100%SRGB, Full HD, kết nối HDMI, HDR mới 100%, man hinh di dong 15 inch, màn hình mở rộng 15.6 inch, màn hình di động 15,6 inch, màn hình vi tính di động, extend screen 15.6 inch",https://www.lazada.vn/products/pdp-i2640895374.html,1.990.000 ₫,5.0,
Màn hình LCD Hikvision DS-D5027F2-2P2 (27 inch/ 5ms/ 60Hz),https://www.lazada.vn/products/pdp-i2935404784.html,2.508.000 ₫,,
Màn Hình Máy Tính VSP Gaming VG273F1 27 Inch IPS 200Hz Black - Hàng Chính Hãng,https://www.lazada.vn/products/pdp-i3110121251.html,3.250.000 ₫,,
Màn di động 16inch nguyên khối srgb 100%,https://www.lazada.vn/products/pdp-i2714521711.html,1.530.000 ₫,,"7 Đã bán
Hồ Chí Minh"
Màn hình máy tính Xiaomi Mi Display 23.8 inches Góc nhìn rộng hiển thị sắc nét và giá thành rẻ,https://www.lazada.vn/products/pdp-i1492165146.html,3.200.000 ₫,,
Màn hình Gaming Viewsonic VX2457A-HD-PRO (23.8 inch/ 1920 x 1080/ 250 cd/m2/ 1ms/ 170Hz) - Hàng chính hãng,https://www.lazada.vn/products/pdp-i3004217570.html,2.920.000 ₫,,
Màn hình cong MSI MAG 274CXF (27 inch/ VA/ FHD/ 280Hz/ 0.5Ms) - Hàng Chính Hãng,https://www.lazada.vn/products/pdp-i2892974449.html,4.400.000 ₫,,
Màn hình máy tính Cong Monitor VSP 27 inch / 24 inch / 22 inch/ 20 inch/ 19 inch / Full HD 1920x1080 / Siêu Đẹp / BH 24T/Hàng chính hãng,https://www.lazada.vn/products/pdp-i2044395425.html,1.650.000 ₫,4.0,11 Đã bán
Màn hình máy tính Dell E2222HS 21.5inch VA FullHD 75Hz,https://www.lazada.vn/products/pdp-i1752437813.html,3.192.000 ₫,,
Màn hình cong AiVision A244FC 24 Inch 100Hz,https://www.lazada.vn/products/pdp-i2988121119.html,2.250.000 ₫,,
Màn hình Philips 27E1N1100D/74 (27Inch/ Full HD/ 1ms/ 100HZ/ 250cd/m2/ IPS) - Hàng Chính Hãng,https://www.lazada.vn/products/pdp-i2939028018.html,2.900.000 ₫,,
Màn hình hp 17in / 17in hiệu khác thanh lý văn phòng sáng đẹp long lanh,https://www.lazada.vn/products/pdp-i984830238.html,399.000 ₫,4.0,73 Đã bán
"Màn hình hp 17in, 17in khác thanh lý văn phòng",https://www.lazada.vn/products/pdp-i1424980406.html,399.000 ₫,4.0,110 Đã bán
Màn hình máy tính 17in thanh lý văn phòng còn dùng cực tốt,https://www.lazada.vn/products/pdp-i763068826.html,399.000 ₫,4.0,143 Đã bán
Màn hình vi tính desktop 17 đến 22 inch bảo hành 3 tháng,https://www.lazada.vn/products/pdp-i2061808606.html,531.000 ₫,5.0,25 Đã bán
"Màn Hình Máy Tính 22 Inch Giá Rẻ - Sử Dụng Tốt, Hiệu Năng Ổn Định",https://www.lazada.vn/products/pdp-i2952270158.html,765.000 ₫,,
"Màn hình 17in HP thanh lý giá tốt, TẶNG cáp nguồn theo màn",https://www.lazada.vn/products/pdp-i2560803415.html,388.000 ₫,5.0,6 Đã bán
Màn hình Dell 17in vuông SamSung và các hãng,https://www.lazada.vn/products/pdp-i2504227697.html,490.000 ₫,5.0,15 Đã bán
"Màn hình 22"" Fujitsu E22-8 Ts Pro Nội Địa Nhật Cực BỀN ĐẸP BH 12 tháng",https://www.lazada.vn/products/pdp-i2482674510.html,1.251.000 ₫,5.0,30 Đã bán
màn hình máy tính 22 inch samsung,https://www.lazada.vn/products/pdp-i2238708644.html,950.000 ₫,5.0,9 Đã bán
Màn hình lỗi nhẹ - led dày 14inch 40pin - hàng tháo máy,https://www.lazada.vn/products/pdp-i2805482935.html,180.000 ₫,,
"Màn Hình Máy Tính Xiaomi 27 inch 2K (2560x1440) 60Hz Tấm Nền IPS, Cổng Kết Nối VGA, HDMI Bảo Hành 24 Tháng",https://www.lazada.vn/products/pdp-i2455978550.html,2.590.000 ₫,,
[Trả góp 0%]Màn hình cong Cooler Master GM34-CW2 34Inch VA 2K 144Hz chuyên game,https://www.lazada.vn/products/pdp-i866936420.html,12.376.000 ₫,5.0,
"Màn Hình Cong Gaming HKC ANT-24G242 23.8 inch Full HD / VA / 100hz / 7ms (Mới, BH 24T)",https://www.lazada.vn/products/pdp-i2289420966.html,1.990.000 ₫,5.0,10 Đã bán
"Màn Hình Di Động 11.6 inch, HDREADY WXGA chất lượng cao, 100%SRGB, 60hz,Màn Hình Vi Tính, Mở Rộng",https://www.lazada.vn/products/pdp-i3186603559.html,1.190.000 ₫,,
Màn hình PC Giá Rẻ - 19 - 22 inch - Hình ảnh hiển thị đẹp,https://www.lazada.vn/products/pdp-i2952092817.html,763.000 ₫,5.0,
"[Freeship] Màn Hình Lưu Động Lenovo ThinkVision M14t 14-inch FHD WLED Backlit_62A3UAR1WW -MEI Tech Official- MEI51 Nhỏ Gọn, Linh Hoạt, Dễ Dàng Sử Dụng Nâng Cao Hiệu Suất Làm Việc, Giải Trí, Hình Ảnh Sắc Nét, Chống Chói Tốt, Bảo Hành Chính Hãng.",https://www.lazada.vn/products/pdp-i1535040874.html,10.087.200 ₫,,
"Màn hình LED 19inch máy tính để bàn test kỹ màu sắc tươi sáng, hình ảnh rõ nét",https://www.lazada.vn/products/pdp-i2061858214.html,907.000 ₫,,
Màn hình máy tính FeuVision FSID24BFJ 24inch FullHD 100Hz 6ms VA - Hàng Chính Hãng,https://www.lazada.vn/products/pdp-i2788768534.html,1.630.000 ₫,,
Màn hình LCD Viewsonic VA2214-H / VA2414-H / VA2714-H (22 Inch/ 24 Inch/ 27 Inch/ FHD/IPS/100Hz/4ms) - Hàng chính hãng,https://www.lazada.vn/products/pdp-i3004325815.html,1.807.000 ₫,5.0,
"Màn hình LCD Gaming MSI G255F 24.5 inch, Full HD, IPS, 180Hz, 1ms",https://www.lazada.vn/products/pdp-i2909828411.html,3.864.000 ₫,,
Màn hình IPS 26inch 21:9 UltraWide™ Full HD với công nghệ AMD FreeSync™ LG 26WQ500-B.ATV,https://www.lazada.vn/products/pdp-i2908775086.html,4.465.000 ₫,,
"Màn Hình Cong Asus ProArt Display PA34VCNV 34"" UW-QHD Chuyên Thiết Kế Đồ Họa - Hàng Chính Hãng",https://www.lazada.vn/products/pdp-i3030467255.html,16.390.000 ₫,5.0,
Màn hình AOC 24B15H2/71 / 22B15HN / 24B15H3/71 - Hàng Chính Hãng,https://www.lazada.vn/products/pdp-i3209497264.html,1.770.000 ₫,,
Màn hình máy tính VSP IP3205S 32inch FullHD 75Hz 8ms,https://www.lazada.vn/products/pdp-i2042776781.html,3.365.000 ₫,5.0,
Màn Hình Cong Gaming HKC ANT-27G270 27 inch 100Hz,https://www.lazada.vn/products/pdp-i2926158920.html,3.500.000 ₫,,
Màn hình máy tính DAHUA DHI-LM27-B200SW 27inch FullHD 100Hz 5ms VA Loa,https://www.lazada.vn/products/pdp-i2633560320.html,2.935.000 ₫,,
Màn hình thông minh Samsung M7 M70F LS43FM702UEXXV - Hàng Chính Hãng,https://www.lazada.vn/products/pdp-i3201272140.html,12.056.000 ₫,,
Màn hình samsung 19in thanh lý TẶNG cáp + nguồn,https://www.lazada.vn/products/pdp-i2418418415.html,589.000 ₫,5.0,
Màn Hình Máy Tính LG OLED 31.5Inch True 10Bit 4K Ảnh USB Type-C™ – 32EP950-B,https://www.lazada.vn/products/pdp-i2384920524.html,22.900.000 ₫,,
"Màn Hình máy tính K-VISION T2221F 22""FHD, Full VIền - 75Hz - HÀNG CHÍNH HÃNG",https://www.lazada.vn/products/pdp-i2246278834.html,1.590.000 ₫,5.0,20 Đã bán
Màn hình máy tính VSP IP2510W1 FullHD 100Hz 5MS IPS,https://www.lazada.vn/products/pdp-i2501086569.html,1.850.600 ₫,5.0,
MÀN HÌNH VSP 2K G2718Q1 - IPS - 27 inch - 180Hz,https://www.lazada.vn/products/pdp-i2958812083.html,3.930.000 ₫,,
Màn hình MSI Modern MD2412PW 24 Inch IPS FHD 100Hz,https://www.lazada.vn/products/pdp-i2675509809.html,3.988.000 ₫,5.0,
Màn Hình Máy Tính MSI MAG 274QPF X30MV Mini LED (27 inch/ 300Hz/ VA/ 2K) - Hàng Chính Hãng,https://www.lazada.vn/products/pdp-i3164505621.html,12.500.000 ₫,,
"Màn Hình Hikvision DS‑D5022F2‑1V2 21.5″ FHD 100 Hz – Thiết kế viền mỏng, hỗ trợ HDMI/VGA",https://www.lazada.vn/products/pdp-i3122814896.html,1.420.000 ₫,,
Màn hình máy tính AOC 27B1H2/74 27inch FullHD 100Hz 4ms IPS,https://www.lazada.vn/products/pdp-i2325613205.html,2.680.000 ₫,,
Màn hình máy tính samsung 20in,https://www.lazada.vn/products/pdp-i1999214023.html,683.000 ₫,4.0,164 Đã bán
Màn hình máy tính 19in hiệu samsung,https://www.lazada.vn/products/pdp-i2064106215.html,389.000 ₫,4.0,67 Đã bán
Màn hình Samsung 20 inch,https://www.lazada.vn/products/pdp-i1999004774.html,683.280 ₫,5.0,19 Đã bán
Màn hình HP19 inch,https://www.lazada.vn/products/pdp-i2239959577.html,650.000 ₫,5.0,55 Đã bán
"[Đồ Cũ] Màn Hình Máy Tính Cũ Samsung, Hp, LG, Dell 22 - 17 inch",https://www.lazada.vn/products/pdp-i3177162477.html,650.000 ₫,,
"Màn Hình LCD 12864B, 12864 màu xanh lá cây",https://www.lazada.vn/products/pdp-i2343505986.html,160.000 ₫,,
Màn Hình Xiaomi K40 Gaming monitoMàn Hình Xiaomi K40 Gaming monitor / Black Shark 5 Pro / Poco F3 GT ( incell Pinsen )r / Black Shark 5 Pro / Poco F3 GT ( incell Pinsen ),https://www.lazada.vn/products/pdp-i3063365292.html,380.000 ₫,1.0,
"Màn hình di động 13.3 inch, 14 inch, 15.6 inch, 16 inch, 17.3 inch, 18 inch Cảm Ứng (option), Fullhd, 2K, 4K kết nối HDMI + Type C (option), HDR mới 100%, man hinh di dong, màn hình mở rộng, man hinh rời từ 13.3 inch đến 17.3 inch",https://www.lazada.vn/products/pdp-i2387655749.html,1.890.000 ₫,5.0,109 Đã bán
"Màn 15.6 Led mỏng 30 Chân cho Máy tính sách tay , sáng nét( Bóc Máy nhập Khẩu)",https://www.lazada.vn/products/pdp-i254058941.html,512.000 ₫,,
Màn Hình Máy Tính 22 Inch Full HD - Phù Hợp Làm Việc Và Giải Trí,https://www.lazada.vn/products/pdp-i2952153283.html,765.000 ₫,,
"Màn Hình Máy Tính 2K 27 inch Độ Phân Giải 2560x1440 Tần Số 75Hz Full Viền,Tấm Nền IPS, Cổng Kết Nối DP, HDMI Bảo Hành 24 Tháng",https://www.lazada.vn/products/pdp-i2223943700.html,2.350.000 ₫,,
Màn Hình LG 27U411A-B.ATVQ ( IPS/ Full HD/ 120Hz/ 27 inch/ sRGB 99% / HDR 10/ 1ms MBR) - Hàng Chính Hãng,https://www.lazada.vn/products/pdp-i3176634170.html,2.260.000 ₫,3.0,
Màn hình vi tính Xiaomi Redmi 24 inch Độ Phân Giải Full HD (1980X1080) Tần Số Quét 100Hz - Bảo Hành Chính hãng,https://www.lazada.vn/products/pdp-i2155975601.html,1.650.000 ₫,5.0,
"Màn Hình Phụ Jungle Leopard 9.16 inch - Hiển Thị Video, Thông Số PC",https://www.lazada.vn/products/pdp-i3183022664.html,1.130.000 ₫,,
Màn hình máy vi tính Hp 17in vuông 1280x1024 sáng đẹp rõ giá 600k bảo hành chu đáo 3thang,https://www.lazada.vn/products/pdp-i1981886204.html,600.000 ₫,5.0,34 Đã bán
[HCM]Màn hình LCD Dell 17inch vuông renew,https://www.lazada.vn/products/pdp-i380832551.html,1.170.000 ₫,5.0,
Màn hình VIEWSONIC VA2732A-H (1920 x 1080/ IPS/ 120Hz/ 1 ms(MPRT)/ 104% sRGB) - Bảo hành 36 tháng,https://www.lazada.vn/products/pdp-i3012389946.html,2.419.000 ₫,5.0,14 Đã bán
Màn Hình Máy Tính QDT 22-24-27 inch (IPS/ FHD/ 100Hz/ 5ms) - Hàng Chính Hãng,https://www.lazada.vn/products/pdp-i3193158921.html,1.710.000 ₫,,
Màn hình máy tính FeuVision FSID24BFJ 24inch FullHD 100Hz 6ms VA - Hàng Chính Hãng,https://www.lazada.vn/products/pdp-i2788615689.html,1.630.000 ₫,,
"Màn hình văn phòng 22"" AiVision A222FV - Hàng Chính Hãng ( Bảo hành 2 năm)",https://www.lazada.vn/products/pdp-i2740481307.html,1.380.000 ₫,,
Màn hình máy tính 19 inch bảo hành 3 tháng,https://www.lazada.vn/products/pdp-i2624969874.html,699.000 ₫,5.0,7 Đã bán
Màn hình máy tính 24 Inch - Có bảo hành,https://www.lazada.vn/products/pdp-i3175058573.html,1.300.000 ₫,5.0,
"màn hình 17in Dell vuông E170sc hàng đẹp không lỗi , đã bao gồm dây vga và nguồn bảo hành 6thang",https://www.lazada.vn/products/pdp-i2017685358.html,800.000 ₫,5.0,
"Màn hình máy tính 19,1 inch - 22inch full HD - 24 nch - 27 inch , 75Hz Full Viền Mới 100% ,siêu đẹp ,kiểu ráng tinh tế",https://www.lazada.vn/products/pdp-i1991838257.html,1.450.000 ₫,,
"Màn Hình Máy Tính Xiaomi Redmi 27 inch 24 inch 22 inch Monitor Anh Sáng Xanh Thấp Độ Phân Giải Full HD Màn hình LCD Tấm Nền IPS, 75Hz, Kết Nối VGA, HDMI",https://www.lazada.vn/products/pdp-i2156735719.html,1.690.000 ₫,5.0,
Màn Hình Spin 34inch 3440×1440 UWQHD 1ms Cong1500R Tốc Độ 180Hz Siêu Nhanh Tỷ Lệ 21:9 Siêu Rộng Trải Nghiệm Đắm Chìm,https://www.lazada.vn/products/pdp-i3168568211.html,6.138.000 ₫,5.0,20 Đã bán
Màn hình máy tính Viewsonic VA2436-H 24inch FullHD 100Hz 1ms IPS Hồng,https://www.lazada.vn/products/pdp-i2631910525.html,3.120.000 ₫,,
Màn hình máy tính Spin 24/27 inch Tần số làm mới cao 2ms Thời gian phản hồi ngắn Phù hợp thiết kế,https://www.lazada.vn/products/pdp-i3085746743.html,1.690.000 ₫,5.0,17 Đã bán
"Màn hình LG 27MR400-B (27""/FHD/IPS/100Hz/5ms) - Chính hãng",https://www.lazada.vn/products/pdp-i2859999238.html,3.390.000 ₫,,
Màn hình máy tính FeuVision FSID27BFI 27 inch IPS 100Hz 1.5ms - Hàng chính hãng,https://www.lazada.vn/products/pdp-i2941711682.html,2.110.000 ₫,,
Màn hình Aivision IPS - A274FS 1ms,https://www.lazada.vn/products/pdp-i3019516319.html,2.630.000 ₫,,
Màn Hình ASUS VY229HE ~22 Inch IPS FullHD 75Hz 1ms FreeSync Eye Care Plus Chống Nhấp Nháy Chính Hãng,https://www.lazada.vn/products/pdp-i3197390899.html,2.290.000 ₫,,
"Màn hình di động có loa 14/15.6 inch Full HD Fullbox, cổng Type C, HDMI kết nối điện thoại, pc , ps3, ps4, tv android box",https://www.lazada.vn/products/pdp-i2611914737.html,1.599.000 ₫,,
Màn hình máy tính LCD MSI Pro MP242A E2 (23.8 inch/FHD/IPS/120Hz/1ms) - Hàng Chính Hãng,https://www.lazada.vn/products/pdp-i3109210897.html,2.508.000 ₫,,
Màn hình phẳng Aivision V2407S (24inch / IPS / FHD / 100Hz / 5ms / Đen) - Hàng Chính Hãng,https://www.lazada.vn/products/pdp-i3183703110.html,1.770.000 ₫,,
Màn hình máy tính VSP IP2510W2 FullHD 180Hz 1MS IPS,https://www.lazada.vn/products/pdp-i2537648782.html,2.455.000 ₫,,
Màn Hình Di Động ViewSonic VA1655-3 (15.6 inch -IPS-FHD-60Hz - 7ms) - Hàng Chính Hãng,https://www.lazada.vn/products/pdp-i3169770420.html,3.500.000 ₫,,
Băng Tần Kép WiFi 5 PCI-E Không Dây AC1200 2.4G/5GHz 802.11AC Card Mạng Có Bluetooth 4.0 Cho Máy Tính Để Bàn Laptop Windows 10,https://www.lazada.vn/products/pdp-i3027708910.html,142.000 ₫,4.0,
Cam kết rẻ Nhât Màn hình PC để bàn Tomko / K-VISION 27 inch 2K/ IPS / 2560 x 1440 / Hàng Chính Hãng chất lượng tốt,https://www.lazada.vn/products/pdp-i2050853830.html,1.590.000 ₫,4.0,723 Đã bán
"Máy Hút Bụi Cầm Tay Không Dây Nhật Bản TAMASHIO, Máy Hút Bụi Ô Tô, Giường Nệm, Lông Chó Mèo Bảo Hành 12 Tháng",https://www.lazada.vn/products/pdp-i2841937789.html,52.800 ₫,4.0,913 Đã bán
Màn hình máy tính Dell 19 inch cũ,https://www.lazada.vn/products/pdp-i2172571201.html,655.000 ₫,4.0,95 Đã bán
Màn hình 19 in Dell,https://www.lazada.vn/products/pdp-i2172408991.html,730.000 ₫,4.0,49 Đã bán
Màn hình HP 17inch vuông- Tặng dây cáp nguồn và cáp VGA,https://www.lazada.vn/products/pdp-i3058640245.html,380.000 ₫,,
Màn led mỏng 10.1 inch 40 pin,https://www.lazada.vn/products/pdp-i3132668274.html,249.999 ₫,,
"[Độ mới 85-90%] MÀN HÌNH VI TÍNH CŨ 24, 19, 17 INCH CÁC LOẠI",https://www.lazada.vn/products/pdp-i3176008360.html,550.000 ₫,,
"MÀn hình máy tính 17inch các hãng samsung, dell, HP, LG, viewsonic ...",https://www.lazada.vn/products/pdp-i2588457732.html,390.000 ₫,,
"Màn hình 19in sọc /mực nhẹ ngoại hình đẹp, sử dụng tốt",https://www.lazada.vn/products/pdp-i2064116174.html,399.000 ₫,5.0,7 Đã bán
"Màn Hình Máy Tính Xiaomi A27i 27 Inch Full HD (1920x1080) IPS 100Hz – Viền Mỏng, Gaming/ Làm Việc – Bảo Hành 3 Năm",https://www.lazada.vn/products/pdp-i2592165045.html,2.519.000 ₫,5.0,26 Đã bán
Màn hình vi tính 20 inch,https://www.lazada.vn/products/pdp-i1998194144.html,720.000 ₫,5.0,7 Đã bán
Redmi màn hình chơi game x27g 27 inch IPS HD phản hồi nhanh 165Hz Tốc độ làm mới cao màn hình hiển thị máy vi tính chơi Game Văn phòng,https://www.lazada.vn/products/pdp-i2809984266.html,3.458.639 ₫,5.0,7 Đã bán
"Màn hình LCD Samsung 24 inch LS24F320GAEXXV (Full HD 1,920 x 1,080/ IPS/ 120Hz/ 5ms) - Bảo hành 24 tháng",https://www.lazada.vn/products/pdp-i3110024070.html,2.499.000 ₫,5.0,
Màn hình máy tính LCD 19 inch bảo hành 3 tháng,https://www.lazada.vn/products/pdp-i2061900073.html,627.000 ₫,,
Màn hình máy tính 17 inch LED vuông mỏng đẹp - Dell E1715s - Kết nối VGA + Displayport,https://www.lazada.vn/products/pdp-i2552878212.html,470.000 ₫,,
Màn Hình Cong Gaming DUAN 24 Inch | FHD | 100Hz | HDMI + VGA | BH 24 Tháng,https://www.lazada.vn/products/pdp-i2149485494.html,1.999.000 ₫,4.0,690 Đã bán
Màn hình máy tính Samsung 22 inch sáng đẹp,https://www.lazada.vn/products/pdp-i2310913762.html,890.000 ₫,,
Màn hình LCD Xiaomi 27 inch A27Qi EU (2K/ IPS/ 100Hz/ 6ms(GTG)) (ELA5812EU) - Bảo hành 36 tháng,https://www.lazada.vn/products/pdp-i3058262972.html,3.299.000 ₫,5.0,82 Đã bán
Redmi G24 23.8 inch Màn hình 180Hz Tốc độ làm mới 1ms Đáp ứng Full HD HDR10 Công nghệ chống rách Màn hình văn phòng chơi game Blu-ray thấp,https://www.lazada.vn/products/pdp-i2812791965.html,3.499.000 ₫,,
Màn hình máy tính 17 inch |19 inch | 20 inch | 22 inch | 24 inch,https://www.lazada.vn/products/pdp-i2043533852.html,1.000.000 ₫,,
Màn hình máy tính 17 inch cũ kèm cáp,https://www.lazada.vn/products/pdp-i2178422635.html,500.000 ₫,,
Màn hình dell E1709w wide 1366x768 hang ngân hàng đẹp sắc nét Ko lỗi gì giá 500k bảo hành 1thang chu đáo tại shop,https://www.lazada.vn/products/pdp-i2790313908.html,500.000 ₫,,
Màn hình vi tính 19inch wide LCD HP sáng đẹp giá rẻ,https://www.lazada.vn/products/pdp-i2239953583.html,650.000 ₫,,
"Màn hình ViewSonic VA2432-H-W Trắng/VA2432-H Đen 24"" FHD IPS 100Hz (HDMI, VGA) - Hàng Chính Hãng",https://www.lazada.vn/products/pdp-i2789121639.html,2.180.000 ₫,,
[RẺ NHẤT ] Màn hình máy tính cũ Dell 19 INCH - 20 INCH - 22 INCH - 24 INCH ... Hàng Hãng sịn - Bảo hành 3 tháng,https://www.lazada.vn/products/pdp-i1991834361.html,1.190.000 ₫,4.0,21 Đã bán
màn hình máy vi tính samsung S24e310 full hd 1920x1080 kết nối vga-hdmi,https://www.lazada.vn/products/pdp-i2553735653.html,1.250.000 ₫,,
Màn hình máy tính UNV MW-LC22-P 21.5 inch 75Hz VA Full HD,https://www.lazada.vn/products/pdp-i3045736199.html,1.368.000 ₫,,
Màn hình máy tính VSP IP2510W1 FullHD 100Hz 5MS IPS - Hàng Chính Hãng,https://www.lazada.vn/products/pdp-i2773919174.html,1.940.000 ₫,,
Màn hình máy tính Dell 17 inch vuông,https://www.lazada.vn/products/pdp-i2253801212.html,589.000 ₫,,
Màn Hình Máy Tính MSI MAG 274QPF X30MV Mini LED (27 inch/ 300Hz/ VA/ 2K) - Hàng Chính Hãng,https://www.lazada.vn/products/pdp-i3164602306.html,12.500.000 ₫,,
"Màn hình máy tính gaming tần số 75HZ 22-24 Inch, mới 100% bảo hành 12 tháng, Full HD 1080 tấm nền IPS hiển thị sắc nét",https://www.lazada.vn/products/pdp-i2823396302.html,1.270.000 ₫,5.0,
Màn hình máy vi tính 25in VSP 25in V2510F -25inch - 100hz - 1ms - hàng chính hãng mới 100% fullbox bảo hành 36thang tại cty,https://www.lazada.vn/products/pdp-i3129358812.html,1.750.000 ₫,,
Màn Hình Di Động ViewSonic VA1655-3 (15.6 inch -IPS-FHD-60Hz - 7ms) - Hàng Chính Hãng,https://www.lazada.vn/products/pdp-i3169810265.html,3.500.000 ₫,,
"Thanh lý màn hình dell 19in giá rẻ, hoạt động tốt, đủ phụ kiện đẹp 98%",https://www.lazada.vn/products/pdp-i2538129591.html,550.000 ₫,,
Màn hình máy vi tính 24in ips full HD led 1920x1080 kết nối vga-hdmi hàng new bảo hành chu đáo 24thang,https://www.lazada.vn/products/pdp-i2315976637.html,2.150.000 ₫,,
Màn hình 24inch IPS Phẳng FHD 75Hz,https://www.lazada.vn/products/pdp-i2619373686.html,1.900.000 ₫,,
Màn Hình Máy Tính Gaming EDRA EGM27F180PV 27 Inch FullHD 180Hz - Hàng Chính Hãng,https://www.lazada.vn/products/pdp-i3183209252.html,2.965.000 ₫,,
Màn Hình OLED Gaming LG UltraGear™ OLED 27Inch 27GR95QE-B Với 240hz,https://www.lazada.vn/products/pdp-i2385044141.html,20.900.000 ₫,,
Màn Hình Máy Tính Samsung/Hp/LG/Acer/Dell 22 inch đến 17 inch,https://www.lazada.vn/products/pdp-i2503031287.html,280.000 ₫,4.0,11 Đã bán
"Thanh lý màn hình LG 19in giá rẻ, hoạt động tốt, đủ phụ kiện đẹp 98%",https://www.lazada.vn/products/pdp-i2538105822.html,480.000 ₫,,
Màn hình máy tính samsung 19in Led siêu mỏng,https://www.lazada.vn/products/pdp-i2017369494.html,673.000 ₫,4.0,38 Đã bán
Màn hình máy tính 19 inch cũ sẵn dây cáp theo màn,https://www.lazada.vn/products/pdp-i2178433328.html,600.000 ₫,4.0,
"Xả Hàng Màn hình máy tính LCD 22 Wide nhiều mẫu, nhiều hãng Samsung, LG,HP ... chính hãng",https://www.lazada.vn/products/pdp-i2238779705.html,950.000 ₫,5.0,9 Đã bán
Màn hình máy tính 19 inch cũ sẵn dây cáp theo màn,https://www.lazada.vn/products/pdp-i2454044842.html,600.000 ₫,,
"Màn hình laptop 15.6 inch slim 60hz, 144hz full viền, MSI BRAVO 15 SERIES - KHÔNG VIỀN",https://www.lazada.vn/products/pdp-i2246419847.html,1.086.000 ₫,5.0,
"Màn hình LG, HP, Bên Q, giá 400k, màng hình đẹp 95%.",https://www.lazada.vn/products/pdp-i2206450138.html,400.000 ₫,4.0,42 Đã bán
"Màn hình máy tính Xiaomi Redmi 27 inch, 24 inch, 22 inch Độ phân giải Full HD Màn hình LCD Tấm Nền IPS, 100Hz, Cổng Kết Nối VGA, Display port - Bỏa Hành 24 Tháng",https://www.lazada.vn/products/pdp-i1555541274.html,1.750.000 ₫,5.0,46 Đã bán
"Màn hình MSI Pro 25"" MP251E2 (FHD/IPS/120Hz/Hdmi+Vga/Phẳng)",https://www.lazada.vn/products/pdp-i2932514826.html,2.271.906 ₫,5.0,5 Đã bán
Màn hình máy tính Samsung ViewFinity S8 LS27B800PXEXXV 27inch 4K IPS 5ms 60Hz,https://www.lazada.vn/products/pdp-i2149011251.html,10.304.000 ₫,,
Màn hình máy tính Samsung ViewFinity S8 LS32B800PXEXXV 32inch 4K IPS 60Hz 5ms,https://www.lazada.vn/products/pdp-i2148880869.html,11.189.000 ₫,5.0,
Màn Hình Máy Tính SamSung 24 Inch LS24F320GAEXXV/ LS24D366GAEXXV/ LS24D300GAEXXV FHD (1920x1080) - Hàng Chính Hãng,https://www.lazada.vn/products/pdp-i3105314230.html,2.622.000 ₫,,
Màn Hình MSI Pro MP275 27 inch Full HD,https://www.lazada.vn/products/pdp-i2905915174.html,3.674.000 ₫,,
Màn hình Gaming LG UltraGear 24GS50F-B 24 inch (FHD/VA/180HZ/1MS),https://www.lazada.vn/products/pdp-i2881316237.html,2.965.000 ₫,5.0,
Màn hình LCD Dell S2425H (1920 x 1080/IPS/100Hz/4 ms) - Bảo hành 36 tháng,https://www.lazada.vn/products/pdp-i2819532321.html,3.619.000 ₫,,
Màn Hình Cong VSP AiViSion A272FC (27inch | FHD | VA | 100Hz | 5ms),https://www.lazada.vn/products/pdp-i3067801142.html,2.761.000 ₫,,
"Màn hình Xiaomi Gaming G24i (ELA5625EU) (23.8"" FHD/ Fast IPS 180Hz/1ms/FreeSync/HDMI) - Chính hãng",https://www.lazada.vn/products/pdp-i2861293573.html,3.200.000 ₫,,
Màn hình máy tính Dell E1914hc renew bảo hành chu đáo 12thang tại shop,https://www.lazada.vn/products/pdp-i2238767817.html,1.550.000 ₫,,
Màn Hình Máy Tính Cong Gaming VSP VX272C (27inch / VA / FHD / 200Hz / 1ms / Freesync) - Hàng Chính Hãng,https://www.lazada.vn/products/pdp-i3184772192.html,3.200.000 ₫,,
Màn hình máy tính Samsung ViewFinity S8 LS32B800PXEXXV 32inch 4K IPS 60Hz 5ms,https://www.lazada.vn/products/pdp-i2149014355.html,11.189.000 ₫,,
Màn hình máy tính LG 32UR500-B 32inch UHD VA 60Hz 4Ms,https://www.lazada.vn/products/pdp-i2452098925.html,8.288.000 ₫,,
Màn Hình LCD Gaming Viewsonic XG275D1-4K (27 Inch IPS UHD 160Hz / FHD 320Hz 0.5ms),https://www.lazada.vn/products/pdp-i3108701061.html,12.030.000 ₫,,
Màn hình máy tính VSP V2704S FullHD 75Hz 5ms IPS Hồng/Trắng,https://www.lazada.vn/products/pdp-i2663958733.html,2.912.000 ₫,5.0,
Màn Hình Máy Tính Gaming Viewsonic XG275D1-4K (27 Inch IPS UHD 160Hz / FHD 320Hz 0.5ms) - Hàng Chính Hãng,https://www.lazada.vn/products/pdp-i3108691220.html,12.030.000 ₫,,
"Màn hình MSI 21.45” - PRO MP223 VGA, HDMI, 1920x1080 100Hz, 3 cạnh viền mỏng",https://www.lazada.vn/products/pdp-i2602782548.html,1.911.000 ₫,,
Màn hình LCD Hikvision DS-D5024F2-BP2 (24 Inch-IPS-100Hz),https://www.lazada.vn/products/pdp-i2935390742.html,1.900.000 ₫,,
Màn Hình Máy Tính Xiaomi Redmi Desktop Monitor 27 inch/Desktop Monitor 1A 23.8 INCH RMMNT238NF . Tấm nền IPS | 75Hz | HDMI | Lọc ánh sáng xanh,https://www.lazada.vn/products/pdp-i2303510629.html,2.390.000 ₫,,
"Màn hình LCD 22"" Fujitsu E22-8 TS Pro Full HD, Hàng nội địa Nhật - Hàng Renew Full Box (Màu Trắng) - Bảo Hành 12 Tháng",https://www.lazada.vn/products/pdp-i1952618518.html,1.990.000 ₫,,
Màn hình máy tính DELL ULTRASHARP U2424H 24inch FullHD 5ms 120Hz USB-C IPS,https://www.lazada.vn/products/pdp-i2581703978.html,5.820.000 ₫,,
Màn hình văn phòng Aiwa AW-MF2427-V /Aiwa AW-MF2725-V/Aiwa AW-MF2227-V - Hàng Chính Hãng,https://www.lazada.vn/products/pdp-i3184567348.html,1.670.000 ₫,,
Màn hình Samsung thông minh 32 Smart Monitor M8 M80D UHD LS32DM801UEXXV,https://www.lazada.vn/products/pdp-i2723240012.html,16.389.000 ₫,,
Màn Hình Máy Tính Gaming E-Dra EGM24F100H 23.8 inch FullHD IPS 100hz 1ms phẳng - Hàng chính hãng,https://www.lazada.vn/products/pdp-i2815767078.html,1.860.000 ₫,,
"Màn Hình Máy Tính Xiaomi Mi Desktop Monitor 1C | Màn hình 23.8"" IPS 60Hz Full HD | Hạn chế ánh sáng xanh | Viền mỏng",https://www.lazada.vn/products/pdp-i2165729873.html,3.490.000 ₫,5.0,28 Đã bán
"Màn hình Viewsonic VA2736-H 27"" IPS 100Hz viền mỏng Đen",https://www.lazada.vn/products/pdp-i2625507297.html,2.855.000 ₫,,
Màn hình Hikvision DS-D5024F2-AV2 (24 inch/FHD/VA/100Hz/Full viền/Chân vuông) - Hàng Chính Hãng,https://www.lazada.vn/products/pdp-i3128611051.html,1.825.000 ₫,,
"Màn hình máy tính LCD 21.45” VSP V2204H Black (VA - VGA, HDMI, 1920x1080, 75Hz, Kèm cáp HDMI)",https://www.lazada.vn/products/pdp-i2747185556.html,1.500.000 ₫,,
Màn Hình LCD Gaming Uniview UNV MW-LC24-S 24 inch 100Hz IPS Full HD - Hàng Chính Hãng,https://www.lazada.vn/products/pdp-i3105788423.html,1.653.000 ₫,,
27 '' IMac A1312 A1316 A1407 2K LCD Controller Drive Board Monitor Display Kit For LM270WQ1 A2 C2 E3 B1 B3 Screen Test Mainboard,https://www.lazada.vn/products/pdp-i2519573650.html,538.886 ₫,5.0,10 Đã bán
Màn hình máy tính hiệu ACER 19 INCH,https://www.lazada.vn/products/pdp-i2191049885.html,550.000 ₫,,
Màn hình Các Hãng 16in xước nhẹ,https://www.lazada.vn/products/pdp-i2200342499.html,380.000 ₫,,
Màn hình 17 - 27in bkẻ/nám/hở sáng/mực như hình dùng tốt. TẶNG cáp nguồn,https://www.lazada.vn/products/pdp-i1995659017.html,230.000 ₫,4.0,10 Đã bán
"Màn hình vi tính PC để bàn kích thước 19 inch ngoại hình đẹp, sử dụng tốt",https://www.lazada.vn/products/pdp-i2064024497.html,650.000 ₫,,
"Thanh lý màn hình HP 19in giá rẻ, hoạt động tốt, đủ phụ kiện đẹp 98%",https://www.lazada.vn/products/pdp-i2538194294.html,470.000 ₫,4.0,8 Đã bán
Màn hình 17 in wide - hàng đep văn phòng,https://www.lazada.vn/products/pdp-i719948956.html,550.000 ₫,4.0,39 Đã bán
Màn Hình máy tính cũ 20 inch 19 Inch 17 inch 16 inch 15 inch cũ còn tốt,https://www.lazada.vn/products/pdp-i1246020559.html,550.000 ₫,5.0,
Màn Hình Máy Tính Phẳng LED VSP V2203H 22inch VA 100Hz Đen - Hàng Chính Hãng,https://www.lazada.vn/products/pdp-i3099679567.html,1.520.000 ₫,,
"Màn hình VSP V2408S (23.8""/FHD/IPS/100Hz/2ms) - Chính hãng",https://www.lazada.vn/products/pdp-i2742864097.html,2.470.000 ₫,,
Màn hình LG 19inch giá rẻ,https://www.lazada.vn/products/pdp-i2215047135.html,590.000 ₫,5.0,7 Đã bán
Màn Hình Máy Tính Gaming Uniview UNV MW-LC24-S 24 inch 100Hz IPS Full HD - Hàng Chính Hãng,https://www.lazada.vn/products/pdp-i3105898451.html,1.653.000 ₫,,
Màn Hình Máy Tính Văn Phòng IP2702S - ADS/IPS - 120Hz - Hàng Chính Hãng,https://www.lazada.vn/products/pdp-i3099345932.html,2.337.000 ₫,,
[Trả góp 0%]Màn hình máy tính LG 27MP500-B 27Inch 75Hz FHD IPS AMD FreeSync,https://www.lazada.vn/products/pdp-i1267400712.html,3.192.000 ₫,5.0,5 Đã bán
"Màn hình HIKVISION DS-D5024FN11 | 24 inch, Full HD, IPS, 75Hz, 5ms, Phẳng - Hàng Chính Hãng",https://www.lazada.vn/products/pdp-i3071814583.html,1.977.000 ₫,,
Màn hình máy tính VSP V2704S 27inch FullHD 75Hz,https://www.lazada.vn/products/pdp-i2040282950.html,1.938.300 ₫,4.0,
"Màn hình máy tính ViewSonic VA2432-H 24 inch, Full HD, IPS, 100Hz, 1ms, 104% sRGB - Hàng Chính Hãng",https://www.lazada.vn/products/pdp-i3075477777.html,2.170.000 ₫,,
Màn hình máy tính Cong GLOWY 27'' GLW27 27inch FullHD 75Hz VGA-HDMI - Hàng chính hãng,https://www.lazada.vn/products/pdp-i2881312777.html,2.800.000 ₫,5.0,
"Màn hình di động 15.6 inch cảm ứng, FHD, kết nối HDMI + TYPE C, HDR, man hinh di dong 15 inch, màn hình mở rộng 15.6 inch, màn hình di động 15,6 inch cảm ứng, màn hình vi tính, extend screen 15.6 inc",https://www.lazada.vn/products/pdp-i2357542988.html,2.490.000 ₫,4.0,8 Đã bán
MÀN HÌNH HKC MB24V9-U (23.8 inch/FHD/IPS/100Hz/5ms) - Hàng Chính Hãng,https://www.lazada.vn/products/pdp-i2779878348.html,2.470.000 ₫,,
Màn hình máy tính 27 Inch - Có bảo hành,https://www.lazada.vn/products/pdp-i3175038690.html,1.900.000 ₫,,
Màn hình máy tính Cong VSP 49INCH ULTRAWIDE VA4914DC D-FHD 144Hz VA,https://www.lazada.vn/products/pdp-i2559433781.html,15.000.000 ₫,,
MÀN HÌNH IPS VĂN PHÒNG VSP IP2420H - Hàng Chính Hãng,https://www.lazada.vn/products/pdp-i2668751491.html,2.184.000 ₫,,
Màn hình máy tính cong Samsung Odyssey G5 LC34G55TWWEXXV 34inch WQHD 165Hz VA,https://www.lazada.vn/products/pdp-i1773563382.html,8.610.000 ₫,5.0,
Màn Hình LCD 25 INCH VSP IP2512S1 FullHD 120Hz 1MS IPS,https://www.lazada.vn/products/pdp-i2897856949.html,2.140.000 ₫,,
Màn hình Samsung thông minh 27 Odyssey OLED G6 G60SD QHD 360Hz Gaming LS27DG602SEXXV,https://www.lazada.vn/products/pdp-i2723087617.html,21.990.000 ₫,,
Màn Hình Máy Tính Văn Phòng IP2203 - ADS/IPS - 100Hz - Hàng Chính Hãng,https://www.lazada.vn/products/pdp-i3099625419.html,1.653.000 ₫,,
MÀN HÌNH MÁY TÍNH VSP G2724QO |27inch QD-OLED|2K|10bit|240Hz|0.03ms|DCI-P3 108%|TYPE-C 90W| G-Sync - Hàng Chính Hãng,https://www.lazada.vn/products/pdp-i3129262892.html,16.800.000 ₫,,
Màn Hình Máy Tính E-Dra EGM24F1 24inch FullHD 144hz Gaming,https://www.lazada.vn/products/pdp-i1693397746.html,3.599.000 ₫,,
"Màn Hình Xiaomi 27 inch 2K (2560x1440) 60Hz Tấm Nền IPS, Cổng Kết Nối VGA, HDMI Bảo Hành 24 Tháng",https://www.lazada.vn/products/pdp-i2456089016.html,2.590.000 ₫,,
Màn hình máy tính LC-Power LC-M20-WSXGA-75 19.5inch HD 75Hz TN,https://www.lazada.vn/products/pdp-i2606884537.html,1.500.000 ₫,,
"Màn hình máy vi tính 17in wide Samsung, Hp, Acer 1366x768 hàng kết nối vga, nguồn trực tiếp giá 650k bảo hành 3 tháng",https://www.lazada.vn/products/pdp-i1930519965.html,650.000 ₫,5.0,7 Đã bán
"Màn hình máy tính Gaming Provision 24 inch | 22 inch | 20 inch | 19 inch Phẳng. Màn Hình Gaming Cong 27 inch Hàng chính hãng . Màn hình cho máy tính để bàn, màn hình vi tính giá rẻ, màn hình provision",https://www.lazada.vn/products/pdp-i1798120376.html,1.150.000 ₫,,
"Màn hình máy tính ASUS ProArt PA278CV 27"" IPS 2K 75Hz USBC chuyên đồ họa",https://www.lazada.vn/products/pdp-i2616515817.html,8.950.000 ₫,5.0,
Màn Hình LCD Dell P3424WE (34.14 inch - WQHD - IPS - 60Hz - 5ms - USB TypeC - Curved) - Hàng Chính Hãng,https://www.lazada.vn/products/pdp-i3101838479.html,15.650.000 ₫,,
Màn hình Gaming ASUS ROG Strix OLED XG27AQDMG (27 inch - QHD - OLED - 240Hz - G-SYNC - DisplayHDR 400) - Hàng Chính Hãng,https://www.lazada.vn/products/pdp-i2743141024.html,18.550.000 ₫,,
Màn Hình Gaming SAMSUNG Odyssey G5 G50D LS32DG502EEXXV (32 inch - IPS - 2K - 180Hz - 1ms) - Hàng Chính Hãng,https://www.lazada.vn/products/pdp-i2785947012.html,8.800.000 ₫,5.0,
"Màn hình LCD 16 inch 17 inch cũ các loại, đủ cáp nguồn cáp VGA",https://www.lazada.vn/products/pdp-i2588839657.html,380.000 ₫,,
"Màn hình phụ 3,5 inch Ips Type-c cho máy tính Cpu Gpu Ram HDD Monitorusb Display với khả năng tương thích Aida64 tự do- HSHOP365 HSHOP365HN",https://www.lazada.vn/products/pdp-i2788990773.html,362.040 ₫,5.0,
Màn hình 16in 1 Sọc (Hãng giao ngẫu nhiên),https://www.lazada.vn/products/pdp-i2196706668.html,230.000 ₫,5.0,9 Đã bán
Màn hình 22 inch,https://www.lazada.vn/products/pdp-i2238734594.html,950.000 ₫,5.0,5 Đã bán
"Màn hình máy tính Provision 24 inch - 22 inch - 20 inch - 19 inch Phẳng, Màn Hình Provision 27 inch Cong Full Viền Chuyên dùng cho học tập , văn phòng , bán hàng - Hàng chính hãng",https://www.lazada.vn/products/pdp-i1804779092.html,1.150.000 ₫,,
[ Hỏa tốc HN - HCM ] Màn hình máy tính Xiaomi 23.8 inch/27 inch - Màn hình máy tính Xiaomi A24i/A27i,https://www.lazada.vn/products/pdp-i1874284254.html,2.438.000 ₫,5.0,828 Đã bán
[MỚI] Màn hình gaming eSports BenQ ZOWIE XL2586X+ _ 24.1 inch Fast TN 600Hz DyAc™2,https://www.lazada.vn/products/pdp-i3002407184.html,31.900.000 ₫,,
"[NEW] Màn Hình Gaming Xiaomi Gaming Monitor G27i 2026 (FHD/IPS/200Hz/1ms) - Phiên Bản Quốc Tế, Bảo Hành Chính Hãng 36 Tháng",https://www.lazada.vn/products/pdp-i2771173361.html,3.190.000 ₫,5.0,45 Đã bán
Màn hình máy tính monitor K VISION / Provision 27 inch/24 inch/22 inch/20 inch/19 inch/BH 24T,https://www.lazada.vn/products/pdp-i2026600812.html,1.369.000 ₫,4.0,98 Đã bán
Màn hình MSI PRO MP242L (23.8 inch/FHD/IPS/100Hz/1ms) - Chính hãng,https://www.lazada.vn/products/pdp-i3004332739.html,2.420.000 ₫,,
"Màn hình thông minh LG 32SR83U-W 32"" IPS 4K 60Hz",https://www.lazada.vn/products/pdp-i2974506564.html,15.624.000 ₫,,
"Màn hình AOC 24B36H/74 24"" IPS FHD 100Hz",https://www.lazada.vn/products/pdp-i2720452503.html,2.704.000 ₫,,
"MÀN HÌNH KV-VISON 27 INCH CONG 100HZ. HÀNG GAMING SIÊU ĐẸP, New 100%, BẢO HÀNH 24 THÁNG",https://www.lazada.vn/products/pdp-i1207840264.html,1.771.100 ₫,3.0,7 Đã bán
"LCD 27' GLOWY G27CG-UD Cong Chính hãng (VA - VGA, HDMI, 1920x1080, 75Hz) - Hàng Chính Hãng",https://www.lazada.vn/products/pdp-i3078804894.html,2.735.000 ₫,,
"Màn hình Dell 24” E2417 và SE2417 Hàng công ty xài máy lạnh nên không khác gì mới. Tất cả nguyên zin, ko lỗi, nguyên tem nhà phân phối chính hãng. Giá bán lẻ 1950k bảo hành 3thang",https://www.lazada.vn/products/pdp-i2828863599.html,1.950.000 ₫,,
Màn hình Edra EGM25F180P (24.5 inch/FHD/Fast IPS/180Hz/0.5ms) - Chính hãng,https://www.lazada.vn/products/pdp-i3002370527.html,3.080.000 ₫,,
Màn hình máy tính HUNTKEY RRB2413V 24inch FullHD 75Hz IPS,https://www.lazada.vn/products/pdp-i2313575318.html,2.110.000 ₫,,
Màn Hình Máy Tính LC-POWER LC-M22F (21.45 inch - FHD - VA - 100Hz) - Hàng Chính Hãng,https://www.lazada.vn/products/pdp-i3183787910.html,1.600.000 ₫,,
"Màn hình KODA 27” - KD-LED27A-4KIPS IPS, VGA, HDMI, 1920x1080 75Hz, 3 cạnh viền mỏng",https://www.lazada.vn/products/pdp-i2603725346.html,2.187.000 ₫,,
Màn hình máy tính cong VSP CM2705H 27inch FullHD 75Hz,https://www.lazada.vn/products/pdp-i2149448677.html,3.114.000 ₫,,
Màn Hình Máy Tính Văn Phòng VSP IP2405F (24inch / FHD / 100Hz / 1ms) Black - Hàng Chính Hãng,https://www.lazada.vn/products/pdp-i3125467622.html,1.770.000 ₫,,
Màn hình máy tính VSP V2408S FullHD 100Hz 1MS IPS Trắng/Đen,https://www.lazada.vn/products/pdp-i2501074583.html,1.865.000 ₫,5.0,
Màn hình máy tính VSP V2408S FullHD 100Hz 1MS IPS Trắng/Đen,https://www.lazada.vn/products/pdp-i2664047280.html,1.865.000 ₫,5.0,
"MÀN HÌNH VĂN PHÒNG 27"" AIVISION A273FS",https://www.lazada.vn/products/pdp-i2731347169.html,2.150.000 ₫,,
Màn hình cong AiVision A244FC 24 Inch 100Hz,https://www.lazada.vn/products/pdp-i2986425454.html,2.252.000 ₫,,
MÀN HÌNH MÁY TÍNH HUNTKEY E2439FV (23.8 INCH/ 100HZ/ VA/ VGA/ HDMI),https://www.lazada.vn/products/pdp-i3180527785.html,1.735.000 ₫,,
Màn hình máy tính VSP V2204H 22inch FullHD 100Hz VA Đen - Chính hãng VSP,https://www.lazada.vn/products/pdp-i2187278705.html,1.770.000 ₫,5.0,6 Đã bán
Màn hình LCD Viewsonic VA2214-H / VA2414-H / VA2714-H (22 Inch/ 24 Inch/ 27 Inch/ FHD/IPS/100Hz/4ms) - Hàng chính hãng,https://www.lazada.vn/products/pdp-i3004441432.html,2.117.000 ₫,,
Màn Hình LCD AOC C32G2ZE 32 inch Full HD VA 240 Hz Cong - Hàng chính hãng,https://www.lazada.vn/products/pdp-i2935120183.html,7.056.000 ₫,,
Màn hình máy tính VSP V2704S 27inch FullHD 75Hz,https://www.lazada.vn/products/pdp-i2040418040.html,2.100.000 ₫,,
Màn hình máy tính HUNTKEY RRB2413V 24inch FullHD 75Hz IPS,https://www.lazada.vn/products/pdp-i2313533582.html,2.110.000 ₫,,
"MÀN HÌNH VĂN PHÒNG 22"" AIVISION A222FV",https://www.lazada.vn/products/pdp-i2731078889.html,1.505.000 ₫,,
"Màn hình AOC 24B36H/74 24"" IPS FHD 100Hz",https://www.lazada.vn/products/pdp-i2720467494.html,2.704.000 ₫,,
Màn Hình 24 Inch – Màn Hình Led 24’’ Bền Và Đẹp cho khách cần,https://www.lazada.vn/products/pdp-i2482791185.html,1.605.500 ₫,,
"Màn hình VSP VG275C 27inch cong Gaming (27"" VA 2K 165Hz, HDMI+DisplayPort) - Hàng chính hãng",https://www.lazada.vn/products/pdp-i2730606310.html,3.550.000 ₫,,
MÀN HÌNH MÁY TÍNH VSP G2724QO |27inch QD-OLED|2K|10bit|240Hz|0.03ms|DCI-P3 108%|TYPE-C 90W| G-Sync - Hàng Chính Hãng,https://www.lazada.vn/products/pdp-i3129106825.html,16.800.000 ₫,,
Màn hình máy tính Dell 22 Monitor E2216HV 21.5 inch Full HD / New / Full VAT / Genuine / 1Yrs,https://www.lazada.vn/products/pdp-i2133676392.html,1.380.000 ₫,4.0,79 Đã bán
"Màn hình vi tính 19 inch sọc /mực nhẹ ngoại hình đẹp, sử dụng tốt",https://www.lazada.vn/products/pdp-i2063987852.html,399.000 ₫,4.0,30 Đã bán
"Màn hình cho PC các thương hiệu từ 17, 19, 20, 22, 24, 27 inch",https://www.lazada.vn/products/pdp-i1111398962.html,954.000 ₫,4.0,31 Đã bán
Màn hình 19 inch chữ nhật bảo hành 3 tháng,https://www.lazada.vn/products/pdp-i2625339527.html,699.000 ₫,5.0,
Màn hình LCD 18.5'' Glowy GW19 (1366x768) (VGA-HDIM) Chính hãng,https://www.lazada.vn/products/pdp-i2879903343.html,1.085.000 ₫,,
"Màn hinh KINGVIEW 27 INCH 2K - KingView 24 inch - Chính hãng -Full HD , công nghệ IPS , Full Viền ( Siêu Phẩm )",https://www.lazada.vn/products/pdp-i1991808183.html,1.450.000 ₫,5.0,9 Đã bán
Màn Hình Máy Tính Feuvision Dahua FSID22BFJ 22″ : 21.45″/ VA/ FHD/ 75Hz/ VGA + HDMI,https://www.lazada.vn/products/pdp-i2908292809.html,1.419.000 ₫,5.0,
Màn hình thanh lý LG 1943S 19inch wide,https://www.lazada.vn/products/pdp-i1262064380.html,950.000 ₫,,
"Màn hình HKC 22inch, 24inch, 25inch 75hz/100hz/Phẳng New Box Bảo hành 24 Tháng",https://www.lazada.vn/products/pdp-i2854546160.html,1.475.000 ₫,,
"Màn hình DELL 22 INCH CŨ , HÀNG THANH LÝ VĂN PHÒNG CÒN ĐẸP NHƯ MỚI",https://www.lazada.vn/products/pdp-i215685173.html,1.350.000 ₫,4.0,30 Đã bán
Màn Hình Máy Tính Dell P3424WE (34.14 inch - WQHD - IPS - 60Hz - 5ms - USB TypeC - Curved) - Hàng Chính Hãng,https://www.lazada.vn/products/pdp-i3101821880.html,15.650.000 ₫,,
Màn hình máy tính Asus ProArt PA279CV 27Inch 4K IPS 60Hz 5ms,https://www.lazada.vn/products/pdp-i2242299341.html,14.885.000 ₫,,
Màn hình máy tính AOC 24E3H2/74 24inch FullHD 100Hz 4ms IPS,https://www.lazada.vn/products/pdp-i2663383681.html,2.464.000 ₫,,
Màn Hình Máy Tính ViewSonic VA2532-H (IPS/ FullHD/ 100Hz/ HDMI/ VGA) - Hàng Chính Hãng,https://www.lazada.vn/products/pdp-i3169665299.html,2.395.000 ₫,,
Màn hình Xiaomi A27i ELA5345EU 27 inch/FullHD/IPS 100Hz - Hàng Chính Hãng,https://www.lazada.vn/products/pdp-i2641265420.html,1.990.000 ₫,5.0,
Màn hình máy tính AOC 27B1H2/74 27inch FullHD 100Hz 4ms IPS,https://www.lazada.vn/products/pdp-i2325608263.html,2.680.000 ₫,,
"Màn hình MSI Pro 25"" MP251E2 (FHD/IPS/120Hz/Hdmi+Vga/Phẳng)",https://www.lazada.vn/products/pdp-i2932731057.html,2.394.000 ₫,5.0,
Màn hình T-Wolf 22inch TW-F22IFHD100 IPS FullHD (VGA/HDMI/100Hz),https://www.lazada.vn/products/pdp-i3040394141.html,1.960.000 ₫,,
Màn hình máy tính cong Samsung LS24C366EAEXXV 24inch FullHD 75Hz VA 4ms,https://www.lazada.vn/products/pdp-i2593436206.html,2.930.000 ₫,5.0,
"Màn hình di động 15.6 inch 2K 60Hz, QHD, kết nối HDMI Type C(Thunderbolt 3), HDR mới 100%, man hinh di dong 15 inch, màn hình mở rộng 15.6 inch, màn hình di động 15,6 inch, màn hình di động 15.6inch 2k 60Hz, man hinh mo rong",https://www.lazada.vn/products/pdp-i2397865705.html,2.590.000 ₫,,
"Màn hình máy tính ViewSonic VA2432-H 24 inch, Full HD, IPS, 100Hz, 1ms, 104% sRGB - Hàng Chính Hãng",https://www.lazada.vn/products/pdp-i3075613225.html,2.170.000 ₫,,
Màn Hình Gaming Samsung Odyssey OLED G6 G60SD 27 inch QHD 360Hz LS27DG602SEXXV - Hàng Chính Hãng,https://www.lazada.vn/products/pdp-i2722946162.html,19.990.000 ₫,,
"Màn hình AOC 22B20JHN2/74 | 21.45 inch, Full HD, VA, 100Hz, 4ms, phẳng",https://www.lazada.vn/products/pdp-i2928510703.html,1.888.000 ₫,,
"Màn hình máy tính cong Full Viền 24inch - 27 inch 75Hz , Mới 100% , siêu đẹp , siêu nét , kiểu ráng tinh tế",https://www.lazada.vn/products/pdp-i1991773271.html,1.390.000 ₫,5.0,28 Đã bán
Màn hình máy tính Asus ProArt PA279CV 27Inch 4K IPS 60Hz 5ms,https://www.lazada.vn/products/pdp-i2242279305.html,14.885.000 ₫,5.0,
Màn hình máy tính Viewsonic VA3209-MH 32inch FullHD 75Hz 4ms IPS Loa,https://www.lazada.vn/products/pdp-i2169940525.html,4.400.000 ₫,,
Màn hình máy tính Asus ProArt PA279CRV 27inch 4K UHD 60Hz 5ms IPS Loa USB C,https://www.lazada.vn/products/pdp-i2279889708.html,20.160.000 ₫,,
"Màn hình LG 22MR410-B (21.45""/FHD/VA/100Hz/5ms) - Chính hãng",https://www.lazada.vn/products/pdp-i2733414132.html,2.410.000 ₫,5.0,
"Màn hình 22inch Dell P2214 Led IPS Full HD- Chân xoay ngang, dọc. Bảo hành 6 tháng lỗi 1 đổi 1",https://www.lazada.vn/products/pdp-i3059235460.html,1.490.000 ₫,,
Màn hình máy tính Xiaomi Monitor A27i EU ELA5345EU - Trải nghiệm giải trí và làm việc mượt mà,https://www.lazada.vn/products/pdp-i2880461466.html,2.438.000 ₫,,
Màn hình máy tính HP V20 1H849AA 19.5inch HD+ 60Hz 5ms TN,https://www.lazada.vn/products/pdp-i2200682226.html,1.730.000 ₫,,
Màn hình máy tính đồ họa MSI Summit MS321UP 32inch 4K IPS - Hàng chính hãng,https://www.lazada.vn/products/pdp-i1698617842.html,22.053.000 ₫,,
Màn Hình LCD 25 INCH VSP IP2505W Fullhd 100Hz 1MS IPS,https://www.lazada.vn/products/pdp-i2897853622.html,2.090.000 ₫,,
Màn Hình Máy Tính MSI MPG 341CQPX QD-OLED (34 INCH/ QD-OLED/ 2K/ 240Hz) - Hàng Chính Hãng,https://www.lazada.vn/products/pdp-i3184945932.html,27.350.000 ₫,,
"Màn Hình Máy Tính VSP IP2205F Black | 21.45 inch, Full HD, IPS, 100Hz, 1ms, HDMI + VGA - Hàng Chính Hãng",https://www.lazada.vn/products/pdp-i3094688152.html,1.595.000 ₫,,
Màn hình Samsung ViewFinity 5K S9 S90P LS27C900PAEXXV,https://www.lazada.vn/products/pdp-i2378227104.html,29.320.000 ₫,,
[Trả góp 0%]Màn hình cong Cooler Master GM34-CW2 34Inch VA 2K 144Hz chuyên game,https://www.lazada.vn/products/pdp-i1203425838.html,12.376.000 ₫,5.0,
Màn hình Samsung ViewFinity 5K S9 S90P LS27C900PAEXXV,https://www.lazada.vn/products/pdp-i2606132946.html,29.990.000 ₫,,
Giá đỡ điện thoại di động hút từ tính K007 360° Xoay cho gia đình và ô tô,https://www.lazada.vn/products/pdp-i3086528324.html,77.220 ₫,4.0,541 Đã bán
Seastina Giá để điện thoại từ tính hút chân không xe hơi hai mặt có thể gập lại được,https://www.lazada.vn/products/pdp-i3164230529.html,40.000 ₫,4.0,167 Đã bán
AUTOFun Đèn Trợ Sáng xe máy xe điện đèn bi cầu mini chính hãng bi Cầu đèn pha bi cầu xe máy 2 Màu Cos vàng Pha Trắng BCmini,https://www.lazada.vn/products/pdp-i2706309391.html,28.000 ₫,4.0,
"Máy bơm khí không dây cầm tay,sạc USB, ngắt tự động, cho lốp xe và bóng,theo dõi áp suất lốp",https://www.lazada.vn/products/pdp-i2923754866.html,150.120 ₫,4.0,647 Đã bán
"HiFiGo Kefine Delci IEMs, Sinngle 10mm Dynamic Driver in-Ear Monitors, 1DD DLC + PU Diaphgram in-Ear Earphones with Detachable 0.78mm 2pin Cable(3.5mm)",https://www.lazada.vn/products/pdp-i3201206075.html,999.999 ₫,,
"Combo 4 Chai Vệ Sinh Buồng Đốt Daziter, Súc Béc Xăng, Vệ Sinh Kim Phun Cho Xe Số, Xe Tay Ga 70ml",https://www.lazada.vn/products/pdp-i3100550385.html,94.050 ₫,4.0,586 Đã bán
ESP32-S3-N16R8 vi điều khiển mô-đun 0.96inch Màn hình LED bảng mạch phát triển cho prototyping thiết bị điện tử,https://www.lazada.vn/products/pdp-i3167628349.html,240.000 ₫,,"12 Đã bán
China"
Chất lượng không khí màn hình không khí trong nhà màn hình chất lượng cho CO2 TVOC nhiệt độ độ ẩm,https://www.lazada.vn/products/pdp-i2945553759.html,166.679 ₫,5.0,
Aidex Sensor Bluetooth Scan Free Remote Data Sharing Freestyle Libre Dynamic Blood Glucose Monitoring CGMS 24h Realtime Monitor,https://www.lazada.vn/products/pdp-i2801273417.html,590.000 ₫,5.0,39 Đã bán
Màn hình máy tính LCD Asus ProArt PA329CRV 32Inch 4K IPS 60Hz 5ms Chuyên đồ hoạ,https://www.lazada.vn/products/pdp-i2616536895.html,25.441.000 ₫,,
Màn hình máy tính GLOWAY GW24 24Inch 75Hz - Hàng chính hãng,https://www.lazada.vn/products/pdp-i2938574010.html,1.574.000 ₫,,
Màn hình LCD HIKVISION 22 Inch VA 100Hz DS-D5022F2-1V2,https://www.lazada.vn/products/pdp-i2931004291.html,1.792.000 ₫,,
Màn hình chơi game ASUS ROG Strix XG32UCWMG 32inch/ FHD/ OLED/ 480 Hz - Hàng Chính Hãng,https://www.lazada.vn/products/pdp-i3181062274.html,34.100.000 ₫,,
Màn hình LG 32GS95UV-B.ATV/ 32 Inch - 4K- IPS - 144Hz - Hàng Chính Hãng,https://www.lazada.vn/products/pdp-i2881722163.html,31.350.000 ₫,,
Màn Hình Máy Tính MSI MPG 341CQPX QD-OLED (34 INCH/ QD-OLED/ 2K/ 240Hz) - Hàng Chính Hãng,https://www.lazada.vn/products/pdp-i3185264426.html,27.350.000 ₫,,
"Màn hình cảm ứng thông minh LG StanbyMe 2 - 27 inch, AI alpha 8 và QHD - Thời gian sử dụng 4 giờ - BH 2 năm",https://www.lazada.vn/products/pdp-i3142423607.html,33.900.000 ₫,,
Màn hình máy tính HKC MB20S1 19.5inch Wide LED TN,https://www.lazada.vn/products/pdp-i1203433914.html,1.647.000 ₫,,
Màn Hình Asus Gaming ROG Swift OLED PG32UCDP 32 Inch/ 4K/ WOLED/ 240Hz/ 0.03ms - Hàng Chính Hãng,https://www.lazada.vn/products/pdp-i2998206842.html,43.650.000 ₫,,
"Màn hình cảm ứng thông minh LG StanbyMe 2 - 27 inch, AI alpha 8 và QHD - Thời gian sử dụng 4 giờ - BH 2 năm",https://www.lazada.vn/products/pdp-i3142461353.html,33.900.000 ₫,,
Màn Hình ASUS ProArt PA32UCR-K 4K UHD 32 inch - Hàng Chính Hãng,https://www.lazada.vn/products/pdp-i2055253367.html,49.999.000 ₫,,"5 Đã bán
Hồ Chí Minh"
Màn hình máy tính LCD Asus ProArt PA329CRV 32Inch 4K IPS 60Hz 5ms Chuyên đồ hoạ,https://www.lazada.vn/products/pdp-i2616632322.html,25.441.000 ₫,,
Màn hình máy tính Dell UltraSharp UP3216Q 31.5Inch IPS 4K 75Hz 6ms,https://www.lazada.vn/products/pdp-i1626927311.html,37.700.000 ₫,,
"Màn hình cảm ứng thông minh LG StanbyMe 2 - 27 inch, AI alpha 8 và QHD - Thời gian sử dụng 4 giờ - BH 2 năm",https://www.lazada.vn/products/pdp-i3142408828.html,33.900.000 ₫,,
Màn hình máy tính Asus ROG Swift PG65UQ 65 inch 4K 144Hz G-Sync - Hàng Chính Hãng,https://www.lazada.vn/products/pdp-i1369204419.html,80.000.000 ₫,,
Màn hình Samsung Odyssey Ark 2 G97NC UHD 165Hz Màn hình Gaming LS55CG970NEXXV,https://www.lazada.vn/products/pdp-i2606213314.html,75.990.000 ₫,,
"Màn hình ASUS ProArt Display OLED PA32UCDM 31.5"" QD-OLED, 96W, 16:9, HDR-10, 240Hz, 4K UHD (3840 x 2160)",https://www.lazada.vn/products/pdp-i3180031232.html,69.150.000 ₫,,
"Màn hình video không ren vb603, màn hình LCD 3.2, tầm nhìn ban đêm, Camera An Ninh em bé, màn hình bảo mẫu, giám sát tài liệu, ẩn nấp",https://www.lazada.vn/products/pdp-i2954621286.html,919.908 ₫,3.2,
"15 inch máy tính xách tay màn hình FHD mở rộng di động tri-máy màn hình quan sát với 1 cáp cho 2 màn hình cho Windows, MacOS cho 15-17.3 inch máy tính xách tay",https://www.lazada.vn/products/pdp-i2643665734.html,10.376.000 ₫,,
Màn hình LCD 10.4 inch cấp A+ chính hãng AA104VC02 640 RGB*480 VGA,https://www.lazada.vn/products/pdp-i3058128518.html,999.999 ₫,,
Màn Hình ASUS ROG Swift PG32UQ 4K 32 inch IPS 144Hz - Hàng Chính Hãng,https://www.lazada.vn/products/pdp-i2055284623.html,77.990.000 ₫,,
"Màn hình Asus ROG SWIFT PG32UQX 32"" IPS 4K 144Hz G-SYNC ULTIMATE - Hàng Chính Hãng",https://www.lazada.vn/products/pdp-i2055432291.html,98.990.000 ₫,,"6 Đã bán
Hồ Chí Minh"
"5 inch Portable Monitor HDMI 800 x 480 Touch LCD Screen 5"" Display for Raspberry Pi 4 3B/PC/Ban Piana",https://www.lazada.vn/products/pdp-i2581905284.html,893.323 ₫,,
"Màn Hình Phụ LCD IPS 3.5 Inch, Độ Phân Giải 480x320, Kết Nối Type-C, Hỗ Trợ CPU, GPU, RAM, HDD Cho Máy Tính Để Bàn",https://www.lazada.vn/products/pdp-i3102546610.html,472.000 ₫,3.5,"6 Đã bán
China"
"PC Gaming Bể Cá Xeon chiến Game, Chạy nhiều Tab Giả lập, Máy ảo, Đồ Hoạ, Render Video - Bảo hành 12 Tháng",https://www.lazada.vn/products/pdp-i2521978231.html,5.590.000 ₫,5.0,
Monitor theo dõi bệnh nhân 5 thông số Yonker YK-8000A (Màn hình 7 inch),https://www.lazada.vn/products/pdp-i2970986698.html,9.300.000 ₫,,
"Camera cạp lề từ AHD / CCD tương thích với tất cả các loại màn hình, Sử dụng chip AHD/ CCD công nghệ mới, góc rộng, CAMERA cạp lề cho ô tô, camera giám sát ô tô, camera lùi ô tô",https://www.lazada.vn/products/pdp-i1313868652.html,250.000 ₫,4.0,85 Đã bán
XIZ Ngón tay xung đo oxy máu Oxy Heart Rate Monitor PR độ bão hòa Meter mới,https://www.lazada.vn/products/pdp-i2932577420.html,26.443 ₫,5.0,6 Đã bán
"[XẢ KHO THU HỒI VỐN- TẶNG PM VIETMAP S2 ] Màn hình dvd ô tô OLED C2 9in New2025, Màn hình ô tô android 13. xem Vietmap, GPS chỉ đường TIẾNG VIỆT, màn hình ô tô cảnh báo tốc độ, man hinh xe oto gia re, gia dau dvd xe oto, đầu dvd cho xe hơi",https://www.lazada.vn/products/pdp-i2160909912.html,1.047.488 ₫,4.0,308 Đã bán
Homozy Màn hình đèn Đèn bàn LED màn hình thanh đèn,https://www.lazada.vn/products/pdp-i3176976643.html,228.000 ₫,,
Brand new V Mount V-Lock BP-99 BP199 Battery PD 60W Fast Charging Mount V Bateries for SONY Camcorder Broadcast Video Light Monitor Welcome to Our Store,https://www.lazada.vn/products/pdp-i2751815665.html,999.999 ₫,,
màn hình máy tính 19 inch samsung,https://www.lazada.vn/products/pdp-i1998072450.html,590.000 ₫,5.0,31 Đã bán
Bộ máy tính bàn văn phòng Ram 4GB bộ nhớ 250GB bảo hành 3 tháng,https://www.lazada.vn/products/pdp-i2071947006.html,1.178.000 ₫,4.0,48 Đã bán
Bút đo độ mặn của nước 5 trong 1 pH/TDS/EC/độ mặn/nhiệt độ kèm pH chuẩn （Gửi đi miễn phí Pin）HomeAid Bút Kiểm Tra Độ PH/TDS/EC/Độ MặN/Nhiệt,https://www.lazada.vn/products/pdp-i2579276965.html,76.824 ₫,4.0,48 Đã bán
Giấy monitor sản khoa Bistos BT-350 (152x90x150),https://www.lazada.vn/products/pdp-i3159511545.html,312.000 ₫,,
"Kính thực tế ảo Meta Quest 3S Advanced All-in-One VR Headset 128GB New, tặng sạc cho pin AA/AAA (0504)",https://www.lazada.vn/products/pdp-i2530560995.html,4.900.000 ₫,5.0,44 Đã bán
Monitor theo dõi bệnh nhân PC100,https://www.lazada.vn/products/pdp-i2347441476.html,6.700.000 ₫,,
"Bộ máy tính chơi Game CORE I7-4770 Và Màn hình Tomko 24 inch NEW - Chơi game LOL, FIFA, GTA,ÂU CƠ CHÍNH HÃNG",https://www.lazada.vn/products/pdp-i2266404148.html,6.690.600 ₫,,
"WAVLINK USB C Docking Station Dual Monitor, 10-in-1 Wireless USB C Hub Adapter with 4K&1080P HDMI, 100W PD, Ethernet, 3×USB for Windows Wireless Display(Dell/HP/Lenovo) & Wired for Mac",https://www.lazada.vn/products/pdp-i3184497199.html,5.711.533 ₫,,
"Màn hình Sámung 24pin full hd 1920x1080 màn hình hoi bị tối nhẹ, lỗi bụi trong nhe, bán giá 800k bảo hành chu đáo 1thang",https://www.lazada.vn/products/pdp-i2576874840.html,800.000 ₫,,
"Màn liền camera 360 OLEDPRO X4S, C8S NEW 9 inch, 10 Inch Ram 4G-Rom 32g Chip 8 Nhân đa chức năng, 4 mắt cam sonny sắc nét, DVD android 360 oledpro, Màn hình ô tô liền cam 360 cho ô tô, Màn hình OLEDPRO C8, X4 cho ô tô, Bh 18 Tháng, UY TÍN 166",https://www.lazada.vn/products/pdp-i1999416077.html,2.750.000 ₫,5.0,25 Đã bán
"[Một Cặp, Chính Hãng] Loa Kiểm Âm JBL 305P MKII Phòng Thu Studio 305P MK2 Pair Monitor Speakers 305",https://www.lazada.vn/products/pdp-i2602355583.html,8.999.000 ₫,,
Siêu mỏng 20 inch cao rõ ràng màn hình LED mắt chăm sóc Màn hình máy tính để bàn với 1440x900 Độ phân giải 1ms Thời gian đáp ứng tương thích với VGA và giao diện HDMI,https://www.lazada.vn/products/pdp-i2609327381.html,1.284.851 ₫,,
10-in-1 Air Quality Monitor Formaldehyde Temperature Humidity Tester Formaldehyde CO 2 Detector for Indoor/Outdoor,https://www.lazada.vn/products/pdp-i3192038562.html,430.919 ₫,,
màn hình máy tính 17 inch,https://www.lazada.vn/products/pdp-i1996596857.html,590.000 ₫,4.0,10 Đã bán
"[Một Cái, Chính Hãng] Loa Kiểm Âm Nghe Nhạc IK Multimedia iLoud MTM Single Studio Monitor Speaker",https://www.lazada.vn/products/pdp-i2602436322.html,9.999.000 ₫,,
PC GAMING I3 9100F | RAM 8GB | VGA GTX 1060 3GB,https://www.lazada.vn/products/pdp-i2320863718.html,7.900.000 ₫,,
Màn hình vi tinh 19in led acer mỏng nhẹ acer gl196hql 1366x768 đep gia chi 570k/cai chua phi ship phi lazada thanh lý công ty đẹp Kết nối : vga+ adater,https://www.lazada.vn/products/pdp-i2807288823.html,620.000 ₫,5.0,
"Bộ máy tính để bàn PC Gaming + Màn hình 22inch FULL viền cấu hình core i7, i5, ram 4GB SSD 120GB Card VGA 2GB chiến game PUBG mobile, PUBG lite, LOL, CF đột kích, Fifa, Cs + Quà Tặng bàn phím chuột chuyên Game LED",https://www.lazada.vn/products/pdp-i1525955300.html,7.056.000 ₫,,
Mini pc Intel N150 N100 Zotac Nano Zbox-CI337 GMKtec G3 Plus Beelink EQ14 Wi6 12th Tiny N200,https://www.lazada.vn/products/pdp-i2781796310.html,4.890.000 ₫,5.0,8 Đã bán
[Chính Hãng] Tai Nghe Kiểm Âm Beyerdynamic DT900 Pro X 48 Ohms - DT 900 Beyer Dynamic Open Back Studio Monitor,https://www.lazada.vn/products/pdp-i2602506241.html,7.500.000 ₫,,
"Màn Hình Cong LG 34GX90SA-W.ATV 34 inch Cong (800R) OLED 2K 240hz 0.03ms, Type C (sạc 65w) - Hàng Chính Hãng",https://www.lazada.vn/products/pdp-i3063301902.html,30.400.000 ₫,,
Bộ chuông cửa màn hình IP HIKVISION DS-KH8520-WTE1,https://www.lazada.vn/products/pdp-i2238432607.html,5.850.000 ₫,,
VEIKK Studio VK2200Pro Drawing Pen Display Graphic Monitor IPS Monitor 8192 Level Pen Pressure Drawing Pen Tablet Dual Monitor with 2 Customized Quick Dials 8 Express Keys and Adjustable Stand 21.5 Inch-VEIKK VK2200 PRO,https://www.lazada.vn/products/pdp-i1760365440.html,11.499.000 ₫,5.0,6 Đã bán
Màn hình led Sámung 20in s20d300 wide 1600x900 hàng đẹp như hình lỗi soc mua nhẹ bán giá 500k full dây,https://www.lazada.vn/products/pdp-i2172793305.html,500.000 ₫,,
🚴‍♂️Đồng hồ iGPSPORT iGS630S – Hỗ trợ định vị toàn cầu với độ chính xác cao,https://www.lazada.vn/products/pdp-i3114567641.html,4.950.000 ₫,,
Máy monitor theo dõi bệnh nhân Yonker IE8,https://www.lazada.vn/products/pdp-i2371360120.html,4.200.000 ₫,,
"MiniPC, Mini PC Intel Thế Hệ 12, GEN 12, Chip N100, N150, NUC NEW 100% RAM UPTO 32G, Ổ Cứng UPTO 2T",https://www.lazada.vn/products/pdp-i2507301784.html,4.990.000 ₫,5.0,13 Đã bán
"[Chính Hãng] Tai Nghe Kiểm Âm Beyerdynamic DT770 Pro 32, 80, 250 Ohm - DT 770 Beyer Dynamic Close Back Studio Monitor",https://www.lazada.vn/products/pdp-i2602420395.html,4.850.000 ₫,5.0,7 Đã bán
"Máy bộ Asus NUC 13 PRO Tall RNUC13ANHI300001I (Intel® i3 1315U,Intel® Graphics, Wi-Fi 6E AX211, Bluetooth 5.2)",https://www.lazada.vn/products/pdp-i3028959195.html,8.500.000 ₫,,
Đồng hồ X100 PROMAX Ram8+256GB lắp sim độc lập điều khiển giọng nói chat GPT tải ứng dụng chơi game AHAI STORE,https://www.lazada.vn/products/pdp-i3180180760.html,1.680.000 ₫,,
XIZ FDA ngón tay Oximeter ngón tay cầm tay Clip xung độ bão hòa Detector Heart Rate Monitor,https://www.lazada.vn/products/pdp-i3088860887.html,42.648 ₫,5.0,10 Đã bán
Đèn trợ sáng L4X CREE Nhôm CNC tặng công tắc,https://www.lazada.vn/products/pdp-i2123570716.html,128.868 ₫,4.0,
3 Height Adjustable Computer Monitor Stand Riser for Desk–New Pc Laptop Tv for Desktop Monitor Stand,https://www.lazada.vn/products/pdp-i3182549382.html,308.000 ₫,,
{UU61} BLON x HBB Z300 Earphone 10mm Silicone Diaphragm Monitor With Dragons Design Music Earbuds Durable Zinc Alloy Shell IEM Headphones Sports Running Game Headsets 2Pin Detachable For Musician Audiophile Smartphones MP3 MP4 Players Table,https://www.lazada.vn/products/pdp-i3105121732.html,846.849 ₫,,
Hamrol 360 ° WIFI Indoor Home Baby Monitor 5X Zoom One Click Call Video Call Camera Color Night Vision Visual Intercom CCTV Security Camera,https://www.lazada.vn/products/pdp-i2621272590.html,430.396 ₫,,
Mini Handheld Mini ITX Chassis Ultra Small Main Box Small 1U Power Computer Desktop Case Wind Cooling Steel New Other,https://www.lazada.vn/products/pdp-i2528960330.html,481.000 ₫,5.0,644 Đã bán
Doppler máy nghe tim thai Thai nhi Tim Monitor Trang chủ Thai nhi Tim Monitor với hình LCD cho phụ nữ mang thai,https://www.lazada.vn/products/pdp-i3061328955.html,239.000 ₫,5.0,
"[Gen 2, Một Cặp] Loa Kiểm Âm Presonus E3.5 (2nd Gen) - Eris Powered Studio Monitor Speaker Nghe Nhạc E35 Gen2 Pair",https://www.lazada.vn/products/pdp-i2602501168.html,3.680.000 ₫,,"6 Đã bán
Hồ Chí Minh"
"Camera theo dõi trẻ, máy báo khóc đàm thoại 2 chiều Baby Monitor VB603",https://www.lazada.vn/products/pdp-i1994096036.html,2.757.593 ₫,,
Màn hình máy tính AOC 24.5 inch Màn hình máy tính để bàn 23.8 inch chơi game tất cả trong một 27 inch q27g3z chống cháy nổ miếng bảo vệ màn hình HD menghue-cb,https://www.lazada.vn/products/pdp-i3165106457.html,332.408 ₫,,
"Eyoyo 7 inch màn hình, 1024x600 Độ phân giải IPS màn hình nhỏ với điều khiển từ xa và được xây dựng trong loa kép xách tay màn hình HDMI VGA BNC USB đầu vào AV cho Máy Tính Xách Tay PC CCTV DVD",https://www.lazada.vn/products/pdp-i2432717490.html,950.000 ₫,5.0,
BỘ PC GAMING CHIẾN GAME TẾT 2023,https://www.lazada.vn/products/pdp-i2149527910.html,10.990.000 ₫,,
Cặp loa kiểm âm phòng thu Alesis Active Studio Monitor Elevate 5 mkII,https://www.lazada.vn/products/pdp-i1792123618.html,4.860.000 ₫,,
Cây pc bể cá xeon đơn cpu 2690v4 2680v4 2686v4 ssd 256gb ram 32gb 64gb vga 5600xt nguồn 650wbh30t hoặc 1200w bh3t.,https://www.lazada.vn/products/pdp-i2492728838.html,5.650.000 ₫,,
Loa Monitor Yamaha HS5 - loa kiểm âm,https://www.lazada.vn/products/pdp-i2040621507.html,7.789.000 ₫,,
"Xe đạp tập ELIP Rider - Tải trọng 110kg, truyền động dây curoa êm ái, Tập toàn thân đốt cháy calo hiệu quả",https://www.lazada.vn/products/pdp-i2880543224.html,6.500.000 ₫,,
Full bộ PC Gaming i5 9400F / 750TI 4G / Ram 16GB / Nvme 512GB kèm màn hình 24inch mới Bảo hành 3 Năm,https://www.lazada.vn/products/pdp-i3113763661.html,8.980.000 ₫,,
Bán Cặp Loa Booksheolf Nghe Nhạc YAMAHA NS - 100M monitor tiếng cực kỳ hay bass như ấm sâu hàng bãi nhật về JAPAN,https://www.lazada.vn/products/pdp-i3213790433.html,4.399.900 ₫,,
VGA INNO3D GEFORCE RTX 5060 TWIN X2 OC 8GB (N50602-08D7X-195070N) - Bảo hành 36 tháng,https://www.lazada.vn/products/pdp-i3212741804.html,9.990.000 ₫,,
(Hướng dẫn lắp đặt) Màn hình DVD Android OLEDPRO 13.1 inch ram 4Gb liền cam 360 cao cấp tặng vietmap S1 - S2,https://www.lazada.vn/products/pdp-i2736482075.html,7.188.000 ₫,,
"Máy Dell đồng bộ Core i7 /Ram 16GB /SSD 256GB. Máy like new đẹp 99%, zin nguyên bản.",https://www.lazada.vn/products/pdp-i2170185088.html,2.950.000 ₫,4.0,22 Đã bán
Màn hình quay phim monitor máy ảnh Shimbol Memory I Pro 5.5 inch 12W 2000Nit SDT hỗ trợ chức năng ghi hình Lut chính hãng,https://www.lazada.vn/products/pdp-i3036150245.html,11.900.000 ₫,,
Monitor theo dõi bệnh nhân 5 thông số Yonker YK - 8000C,https://www.lazada.vn/products/pdp-i2363405538.html,15.300.000 ₫,,
Máy tính Mini PC BMAX B1 Mini mới FullBox - Intel N4000 ram 8G 128G SSD có WIFI 5GHz,https://www.lazada.vn/products/pdp-i3101197393.html,2.268.000 ₫,5.0,
Màn hình máy tính LG 27UP850K-W.ATV (27 inch/ 3840 x 2160/ 400 cd/m2/ 5ms/ 60Hz) - Hàng Chính Hãng,https://www.lazada.vn/products/pdp-i3000839096.html,9.340.000 ₫,,
Máy tính Mini PC Intel NUC NUC5CPYH - Intel N3050 Ram 4G SSD 128G,https://www.lazada.vn/products/pdp-i2815335465.html,1.470.000 ₫,5.0,
Máy tinh Mini PC Dell Optipex 3050 Micro CPU Intel Gen 6& 7 Bảo hành 12 tháng Wifi Bluetooth Adapter,https://www.lazada.vn/products/pdp-i2420594406.html,1.983.000 ₫,5.0,26 Đã bán
EKLEVA 10.36 Inch 4CH Touch Screen Car MP4 DVR Recorder Monitor With AHD 1080P Night Vision Waterproof Camera For Truck/Bus/RVs,https://www.lazada.vn/products/pdp-i2580209419.html,5.454.565 ₫,3.0,5 Đã bán
Mini PC Minisforum UM773 AMD R7 7735HS USB4 Máy tính Ryzen 7 7735 WT ME SE LITE UM690 6900HX,https://www.lazada.vn/products/pdp-i3199387145.html,8.290.000 ₫,,
"[Gen 2, Bluetooth] Loa Kiểm Âm PreSonus E3.5 BT (2nd Gen) - Eris Powered Studio Monitor Speaker Nghe Nhạc E35 Pair",https://www.lazada.vn/products/pdp-i2602435350.html,3.799.000 ₫,,
Bi Led Chân Xoáy Cao Cấp Led Lion King Chính Hãng Aozoom,https://www.lazada.vn/products/pdp-i1951818129.html,7.500.000 ₫,,
Yieryi 3 in 1 Test TDS/PH/TEMP Water Quality Monitor TDS Tester Kit for Pools Drinking Water Acidometer,https://www.lazada.vn/products/pdp-i255764740.html,345.172 ₫,4.0,
Giá Treo Màn Hình 17-32 Inch - Arm Monitor - Xoay 360 độ - Chân Đứng - Tay 23 cm Model HW-701 / XL03,https://www.lazada.vn/products/pdp-i1676423761.html,255.000 ₫,5.0,18 Đã bán
Loa Cao Cấp 4 Inch Donglang Silk Membrane Monitor HiFi Bookshelf Passive Speaker Unit Home Audio High Frequency Head,https://www.lazada.vn/products/pdp-i3014630113.html,427.000 ₫,,"21 Đã bán
China"
Creative Watch Design Finger Rings Alloy Unisex Adjustable Metal Mini Clock Watch Ring Korean Fashion Watch Finger Ring For Women TF-Ais-VN,https://www.lazada.vn/products/pdp-i3006772865.html,35.000 ₫,,"7 Đã bán
China"
Haptime PM2.5 Sensor Air Quality Monitor Nhiệt độ và độ ẩm Tester Độ chính xác cao Sensor HD Display Portable Home Real Time Detector,https://www.lazada.vn/products/pdp-i3012747814.html,588.519 ₫,5.0,
"Kính thông minh Bluetooth hoàn toàn mới có micrô, tai nghe Bluetooth không dây, kính râm chống ánh sáng xanh âm thanh nổi 360°",https://www.lazada.vn/products/pdp-i3188037422.html,226.100 ₫,5.0,6 Đã bán
"Đèn Pha LED Bi Cầu Mini H4 T9 Công Xuất 65w Lắp Ô tô, Xe Máy",https://www.lazada.vn/products/pdp-i2511950907.html,115.000 ₫,4.0,872 Đã bán
WHUEAL Có thể điều chỉnh bàn Monitor Rack chủ PC màn hình đứng máy tính để bàn máy tính hiển thị đứng cho văn phòng Studio làm việc nghiên cứu sinh viên,https://www.lazada.vn/products/pdp-i3121988321.html,116.317 ₫,5.0,5 Đã bán
(Mới) Áo khoác touring đua Yamaha Sunmori chống nước CIXF,https://www.lazada.vn/products/pdp-i3149615727.html,240.000 ₫,5.0,5 Đã bán
Màn hình máy tính 22 inch (nhiều hãng) samsung / LG / Acer / Asus..,https://www.lazada.vn/products/pdp-i2238744457.html,876.850 ₫,5.0,7 Đã bán
"Màn hình máy tính Provision 19-20-22-24 inch phẳng, Màn Hình Gaming 27 inch Cong Độ Phân Giải 1920x1080 tần số 75Hz Full HD Bảo hành chính hãng 12 tháng",https://www.lazada.vn/products/pdp-i1804759249.html,1.150.000 ₫,5.0,7 Đã bán
Asus CMP 40HX 8GB – Hiệu năng tương tự RTX 2060 Super với giá chỉ 1/2 | Like New | Nhận PCIE x16 – Game Ready,https://www.lazada.vn/products/pdp-i3169942404.html,1.750.000 ₫,,
"[Một Cặp, Chính Hãng] Mackie CR3X Loa Kiểm Âm Nghe Nhạc Eris CR3-X Studio Monitor Speaker CR3 Pair",https://www.lazada.vn/products/pdp-i2602411461.html,3.290.000 ₫,5.0,
Máy tính Mini PC HP Prodesk 400 G3 - Intel Gen 6 7 dòng T - BH 12 tháng - Hư gì đổi đó,https://www.lazada.vn/products/pdp-i1946342913.html,1.768.000 ₫,5.0,22 Đã bán
Android 13 Carplay Ai Box Bộ Chuyển Đổi Carplay Không Dây Android Auto Cho Netflix Youtube Tương Thích Với Vw Toyota Mazda Hyundai Haval Gmc Ford Chev,https://www.lazada.vn/products/pdp-i2843340067.html,975.200 ₫,4.0,46 Đã bán
Natural Facial Soap Bar Antioxidant and Anti-aging Soap For Healthy Skin YUT-VN,https://www.lazada.vn/products/pdp-i2991279585.html,25.000 ₫,5.0,
Đồng hồ thông minh TicWatch Pro 5 Enduro | Bảo hành 12 tháng | Hàng mới nguyên seal 100% -TechwearVN,https://www.lazada.vn/products/pdp-i2660714867.html,7.599.000 ₫,,
"Màn hình LCD Acer 21.5"" EK221Q E3 (UM.WE1SV.301) (1920 x 1080/ IPS/ 100Hz/ 1ms VRB/ FreeSync) - Bảo hành 36 tháng",https://www.lazada.vn/products/pdp-i3113162134.html,2.089.000 ₫,,
[CŨ] VGA RTX 3060 12GB Card Màn Hình MSI - ASUS - GIGABYTE - ASRock - COLORFUL (NO BOX) - 3 Tháng,https://www.lazada.vn/products/pdp-i3074856357.html,7.379.000 ₫,,
"Main H61 tháo máy có chặn, các hãng",https://www.lazada.vn/products/pdp-i2440770468.html,200.000 ₫,5.0,35 Đã bán
Loa SUB Trầm Gầm Ghế Ô Tô PLINIUS PH-80 biểu tượng của sự xuất sắc trong âm thanh đến từ New Zealand Bass mềm cực cuốn,https://www.lazada.vn/products/pdp-i2904885988.html,5.000.000 ₫,,
"[COMBO thu âm]Full Combo Chuyên Nghiệp Sound Card X5 Autotune Và Micro Thu Âm K850 là bộ thu chuyên nghiệp, Livestream, Chuẩn Phòng thu com bo nghe nhạc hay hết sẩy con bà bảy",https://www.lazada.vn/products/pdp-i2237116090.html,3.560.000 ₫,,
Đèn LED 360 Độ Siêu Sáng H1H7H11 90059012H4 Đèn Pha LED Laser Tích Hợp Xa Và Gần Đèn Xe Sáng Mạnh,https://www.lazada.vn/products/pdp-i2830727795.html,1.389.000 ₫,4.0,154 Đã bán
"Màn Hình Cảm Ứng Di Động Thông Minh 24 Inch HY33 Pro - Kết Nối WIFI 5G, Chụp Ảnh, Xoay 180 Độ, Xem Phim, Nghe Nhạc, Chơi Game Trực Tiếp Trên Màn Hình, Bảo Hành 12 Tháng",https://www.lazada.vn/products/pdp-i2655969506.html,9.900.000 ₫,,
Mini PC Dell Optiplex 3050 5050 7050 Micro - i5 6500T,https://www.lazada.vn/products/pdp-i3173031680.html,2.200.000 ₫,,
Sạc Fitbit 6 máy theo dõi hoạt động,https://www.lazada.vn/products/pdp-i3043777330.html,6.266.362 ₫,,
Máy tính mini pc Lenovo M720Q/M920Q I3 8100T I5 8500T GEN 8 9 CPU hỗ trợ card VGA rời P620 P1000,https://www.lazada.vn/products/pdp-i2415153161.html,4.090.000 ₫,,
"Màn Hình Cảm Ứng Di Động Thông Minh 24 Inch HY33 Pro - Kết Nối WIFI 5G, Chụp Ảnh, Xoay 180 Độ, Xem Phim, Nghe Nhạc, Chơi Game Trực Tiếp Trên Màn Hình, Bảo Hành 12 Tháng",https://www.lazada.vn/products/pdp-i2655978475.html,9.900.000 ₫,,
Đồng Bộ Dell Optiplex 3010 | 990 Core i3 Ram 8GB SSD 120GB Tặng USB Wifi,https://www.lazada.vn/products/pdp-i2427237655.html,1.100.000 ₫,4.0,86 Đã bán
XE ĐẠP PHƯỢNG HOÀNG HUYỀN THOẠI NỮ ĐEN PHANH ĐŨA,https://www.lazada.vn/products/pdp-i2002375724.html,4.950.000 ₫,5.0,6 Đã bán
[Giảm Sốc] Máy tính Mini Pc đồng bộ Dell OptiPlex 3070 Micro gen 9 Ram 8G SSD 256G,https://www.lazada.vn/products/pdp-i3185933582.html,1.770.000 ₫,,
"Định Vị GPS Mini NTag CAO CẤP - Định Vị Xe Gắn Máy, Gps Ô Tô, Chó Mèo Không Dây, Thiết Bị Định Vị Theo Dõi Thông Minh - TAZO",https://www.lazada.vn/products/pdp-i3084664709.html,89.000 ₫,4.0,126 Đã bán
Carplay asawin np101 Wifi Bluetooth Android Auto HD 10.26 màn hình cảm ứng 720P điều hướng Camera dự phòng trợ lý tương thích,https://www.lazada.vn/products/pdp-i2616732633.html,1.280.000 ₫,4.0,46 Đã bán
Máy Đo Khí CO2 Cảm Biến Thông Minh 9 Trong 1 Giám Sát Chất Lượng Máy Dò Khí Carbon Dioxide CO2 CO TVOC HCHO PM2.5 PM1.0 PM10 Nhiệt Độ Độ Ẩm Phát Hiện Với Chức Năng Báo Thức Cho Xe Hơi Văn Phòng Nhà Cửa,https://www.lazada.vn/products/pdp-i2229421891.html,690.000 ₫,4.0,52 Đã bán
Đồng hồ thông minh bộ đếm bước chân Nam Nữ Đồng hồ thông minh nhịp tim/huyết áp/Máy đo độ bão hoà ôxi trong máu USB sạc trực tiếp để hỗ trợ Android 4.4/IOS8.0 trở lên,https://www.lazada.vn/products/pdp-i2400147436.html,230.000 ₫,4.4,
Tuya WIFI Ổ Cắm Thông Minh EU 16A/20A Có Giám Sát Nguồn Điện Điều Khiển Giọng Nói Hỗ Trợ Cho Nhà Thông Minh Alexa Zigbee3.0 Tương Thích Không Nối Đất Phích Cắm Điện,https://www.lazada.vn/products/pdp-i2752079139.html,112.450 ₫,4.0,
(DKCZ) EU Power Cable Euro Type F Schuko Plug IEC C13 Power Supply Cable for PC Computer Monitor Printer TV(EU Plug),https://www.lazada.vn/products/pdp-i3189246263.html,112.000 ₫,,
(HÀNG SỊN) giảm xóc hơi / bóng hơi / thụt hơi sau cabin / xe thaco foton auman chenglong / Phuộc hơi cabin xe Auman ./. 1B24950201011./.. VIE PARTS,https://www.lazada.vn/products/pdp-i1619071303.html,582.000 ₫,5.0,7 Đã bán
"Máy Dò Camera Ẩn X13 - Phát Hiện Thiết Bị Nghe Lén Ghi Âm, Máy Định Vị Theo Dõi GPS, Độ Nhạy Cao, Chính Xác",https://www.lazada.vn/products/pdp-i2944169228.html,345.510 ₫,5.0,30 Đã bán
Máy Dò Kim Loại Có Thể Điều Chỉnh Với Màn Hình Hiển Thị LCD Chống Nước Dưới Lòng Đất Máy Quét Độ Sâu Cho Vàng Trang Sức Bạc Người Tìm Kho Báu Dụng Cụ,https://www.lazada.vn/products/pdp-i3209322553.html,370.500 ₫,,
Tuya Smart Life ZigBee Energy Monitor 1/2 Kênh Hai Chiều Với Cảm Biến Dòng Điện Để Giám Sát Năng Lượng Tương Thích Với 110V-240V 50Hz/60Hz,https://www.lazada.vn/products/pdp-i3182089525.html,489.000 ₫,,
Kkmoon 6-trong-1 kỹ thuật số oxy hòa tan Tester chất lượng nước Detector nhiệt độ giá trị pH Ammonia Nitơ độc hại Amoniac nitrit hòa tan Máy đo nồng độ oxy giám sát chất lượng nước với do thăm dò,https://www.lazada.vn/products/pdp-i2609030168.html,6.208.000 ₫,,
asus factory pc gaming full bộ 24inch Core i7 cpu máy tính để bàn All in One computer desktop Windows 10/ MS Office máy tính pc gaming,https://www.lazada.vn/products/pdp-i2343690057.html,9.499.999 ₫,5.0,89 Đã bán
{UU61} KZ PRX in Ear Planar Driver Wired Earphones Music Headphones HiFi Bass Monitor Earbuds Sport Headset For PR1 PR2 PR3 Upgrade,https://www.lazada.vn/products/pdp-i3105052946.html,871.742 ₫,,
"Màn hình test camera 7 inch LED Hỗ trợ AV VGA HDMI, hoặc dùng cho Ô tô - Hàng Nhập Khẩu",https://www.lazada.vn/products/pdp-i2266128106.html,890.000 ₫,5.0,
"Eyoyo 7 Inch Màn Hình Nhỏ, IPS Nhỏ Màn Hình HDMI 1024X600, HMDI AV VGA BNC Đầu Vào USB, Loa Tích Hợp & Điều Khiển Từ Xa Cho PC CCTV DVR Xe Raspberry Pi",https://www.lazada.vn/products/pdp-i2226864264.html,980.000 ₫,,
[HCM][Trả góp 0%]Máy vi tính chơi game Liên Minh max setting Rules of Survival CF..học tập giải trí màn hình 22in led full HD 1920x1080,https://www.lazada.vn/products/pdp-i380570024.html,4.750.000 ₫,,
[Một Cặp] M-Audio BX4 Loa Kiểm Âm (120W) - MAudio Studio Monitor Speaker for Gaming Music Production Live Streaming,https://www.lazada.vn/products/pdp-i2602341853.html,3.790.000 ₫,5.0,
"Lens Vàng Phá Sương Cho Đèn Trợ Sáng L4X, L6",https://www.lazada.vn/products/pdp-i512266656.html,30.000 ₫,5.0,5 Đã bán
"Máy phiên dịch z12 CORISU bản 2024 dịch giọng nói hai chiều , dịch hình ảnh , học ngoại ngữ , dịch cuộc họp loa to màn hình to , khử tiếng ồn",https://www.lazada.vn/products/pdp-i2874788536.html,1.657.000 ₫,,
Card màn hình GALAX 3060 bản 12G bảo hành 5/2025,https://www.lazada.vn/products/pdp-i2039928652.html,5.850.000 ₫,,
Màn hình LCD cho Kobelco SK-6 SK200-6 SK135SR Excavator Monitor phụ tùng sau khi bán,https://www.lazada.vn/products/pdp-i2399918676.html,776.386 ₫,,
XE ĐẠP BA BÁNH CHO NGƯỜI GIÀ - PHIÊN BẢN 24 INCH GIỎ SAU,https://www.lazada.vn/products/pdp-i2002734836.html,5.950.000 ₫,,
Màn Hình LCD 10 Inch 1024x600P HD Cổng VGA AV HDMI,https://www.lazada.vn/products/pdp-i822534755.html,1.750.000 ₫,5.0,
(TẶNG Bluetooth) Xe đạp tập thể dục S500 2 màu đen trắng của BG mới có màn hình hiển thị đồng hồ,https://www.lazada.vn/products/pdp-i106822109.html,2.599.000 ₫,4.0,192 Đã bán
"Xuyên Biên Giới U9 Đồng hồ thông minh màn hình cong, đo đường huyết không xâm lấn, theo dõi giấc ngủ, nhịp tim, oxy máu, huyết áp 300mah Đồng hồ Bluetooth",https://www.lazada.vn/products/pdp-i3179190874.html,578.290 ₫,5.0,
"màn hình máy tính 19""w Led PHILIPS",https://www.lazada.vn/products/pdp-i1232002640.html,950.000 ₫,,
Giá đỡ điện thoại ô tô K007 hút chân không từ tính xoay 360 °,https://www.lazada.vn/products/pdp-i3189481856.html,53.998 ₫,5.0,11 Đã bán
"Màn Hình OLED C2 Ram 2GB Quạt Tản Nhiệt , Bộ nhớ 32GB TS18, 8 nhân 64bit ,Hệ điều hành Android 10 ,Hỗ trợ sim 4G 5G, Wifi",https://www.lazada.vn/products/pdp-i1824335086.html,3.298.000 ₫,5.0,
"Màn hình Led trang trí Pixoo Max 32x32 pixel Divoom hiển thị đồng hồ, đồng bộ tin nhắn thông báo - BH 12 tháng 1 đổi 1",https://www.lazada.vn/products/pdp-i2578366991.html,1.760.000 ₫,5.0,
【Versatile】 MACHINIST X99 Motherboard combo optional Xeon E5 2640 V3 LGA 2011-3 CPU and DDR4 16GB RAM Kit Dual-channel NVME M.2 MR9A-H,https://www.lazada.vn/products/pdp-i3220918040.html,492.978 ₫,,
"Xe đạp tập thể dục toàn thân osaky ,Xe Đạp Tập Thể Dục Trong Nhà , Xe đạp đa năng ,Khung thép bền bỉ, sơn tĩnh điện",https://www.lazada.vn/products/pdp-i1931154798.html,3.550.000 ₫,5.0,148 Đã bán
"Nguyên bộ máy vi tính HP văn phòng game nhẹ, chip corre i5 4460 ram 8g ssd 120g hdd 250g màn hình HP 17in vuông tăng phim chuột new bảo hành chu đao 12thang",https://www.lazada.vn/products/pdp-i2334681362.html,2.950.000 ₫,,
"HUD ADAS Hiển Thị Tốc Độ Kính Lái Ô Tô - Tích Hợp GPS, ODO, Cảnh Báo Tốc Độ, Cổng USB",https://www.lazada.vn/products/pdp-i2976633645.html,123.600 ₫,4.0,291 Đã bán
Kệ màn hình máy tính kệ máy tính để bàn màu trắng đen thương hiệu LAROT - GA29,https://www.lazada.vn/products/pdp-i2633357529.html,100.000 ₫,5.0,29 Đã bán
"khuếch đại công suất-Amply Mini Karaoke Bluetooth BT-298A, Âm ly Bluetooth Karaoke Tại Nhà, Amli Cho Xe Ô Tô – 12 Tháng-Bộ khuếch đại Bluetooth BT-298A",https://www.lazada.vn/products/pdp-i2465015295.html,159.900 ₫,4.0,356 Đã bán
Cáp HDMI to VGA dây chuyển đổi từ HDMI sang VGA kết nối màn hình máy chiếu HÀNG CHÍNH HÃNG CHẤT LƯỢNG CAO FULL HD1080P BẢO HÀNH UY TÍN,https://www.lazada.vn/products/pdp-i1736872095.html,31.500 ₫,4.0,171 Đã bán
"Tai nghe biểu diễn In-ear Monitor NMC-AUDIO QKZ63 PRO Chống Ồn Âm Thanh Siêu Trầm có dây chuyên livestream, thu âm",https://www.lazada.vn/products/pdp-i3150651570.html,470.000 ₫,,
28 Pin AV Video Audio Cable for Toyota/Lexus Touch 2 and Entune Monitors Head Units,https://www.lazada.vn/products/pdp-i1698112333.html,121.300 ₫,,"6 Đã bán
China"
Main h61 gyga- hàng chuẩn nguyên bản,https://www.lazada.vn/products/pdp-i725538858.html,250.000 ₫,4.0,168 Đã bán
"SmallRig 5.5 ""Có Thể Điều Chỉnh Khớp Nối Ma Thuật Cánh Tay Đôi Đầu Với Ốc Vít 1/4""-20 Cho Màn Hình Chụp Ảnh Ánh Sáng 2065",https://www.lazada.vn/products/pdp-i1042968170.html,369.000 ₫,5.0,138 Đã bán
TOMZN Din Rail 3 Phase Voltage Relay 3P+N Voltmeter Ammeter over and Under Voltage Monitor Relays Protector 63A 230V with N,https://www.lazada.vn/products/pdp-i2332387599.html,917.812 ₫,5.0,
"Màn Hình Máy Tính Redmi 27 inch A27 – Tốc độ làm mới 100Hz, góc nhìn 178°, 27 inch - Bảo hành 2 năm",https://www.lazada.vn/products/pdp-i2156879251.html,1.650.000 ₫,,
"Phân tần Felix chính hãng dbacoustic ES12 dùng cho loa đơn, monitor (1 cái)",https://www.lazada.vn/products/pdp-i3166505999.html,499.000 ₫,,
Smallrig Clamp Magic Arm 24cm ốc 1/4 gắn Monitor 2732b,https://www.lazada.vn/products/pdp-i2426116031.html,590.000 ₫,,
"Cục Đẩy 2 kênh class 2K Công Suất,650w + 650w, Chuyên Ghép Loa Full Đơn Gia Đình,Monitor Sân Khấu.",https://www.lazada.vn/products/pdp-i2315216924.html,1.998.588 ₫,5.0,397 Đã bán
"Đèn mắt liếc 3.0 inch có nhiều chế độ, lắp cho ô tô, xe máy",https://www.lazada.vn/products/pdp-i2843126312.html,698.000 ₫,3.0,
Tyren 12.thanh ren,https://www.lazada.vn/products/pdp-i2310396071.html,25.000 ₫,5.0,42 Đã bán
[Trả góp 0%]Bộ Kính VR PS4,https://www.lazada.vn/products/pdp-i1929464543.html,7.380.000 ₫,,
Mini PC Dell Optiplex 3050 5050 7050 Micro -i3 7100T,https://www.lazada.vn/products/pdp-i3173061349.html,1.850.000 ₫,,
[Giảm Sốc] Máy Tính Để Bàn Dell Optiplex 3060 Micro Core i3/i5/i7 Gen 8 ( Có wifi theo máy ),https://www.lazada.vn/products/pdp-i3173042799.html,3.000.000 ₫,,
Card màn hình Sapphire AMD Radeon RX 6600 XT,https://www.lazada.vn/products/pdp-i2346171234.html,4.500.000 ₫,,
"Xe đạp điện gấp gọn mini Xiaomi Baicycle S1, tốc độ 25km/giờ sạc đầy trong 6h, quãng đường đi lên đến 40km",https://www.lazada.vn/products/pdp-i2122601698.html,8.390.000 ₫,,
Loa SUB trầm gầm ghế DLS ACW10 Thuỵ Điển Loa siêu trầm chủ động hàng cao cấp DLS ACW10,https://www.lazada.vn/products/pdp-i2905226478.html,7.300.000 ₫,,
"Thiết Bị Định Vị GPS Smart Tag - Theo Dõi Ô tô, Xe Máy, Vali, Chó Mèo, ... - Không Sử Dụng Sim - Pin SD 1 Năm Có Thể Thay",https://www.lazada.vn/products/pdp-i3045651750.html,119.000 ₫,4.0,305 Đã bán
Garmin Forerunner 55 GPS chạy đồng hồ thông minh (Eng phiên bản) (Màu Đen),https://www.lazada.vn/products/pdp-i2272055119.html,7.132.500 ₫,,
BỘ CHỈNH ÂM Active Studio and Monitor Controllers Behringer MONITOR2USB,https://www.lazada.vn/products/pdp-i2153226063.html,3.140.000 ₫,,
SUBEN | Pin Đôi Giả Lập cho Máy Monitor và Truyền Không Dây D-TAP sang NP-F970/F550/F750,https://www.lazada.vn/products/pdp-i3217477855.html,94.000 ₫,,
"Cây máy tính để bàn DELL Core i7 , i5 , i3 | Ram 16GB | ổ cứng SSD 1TB.[ TOP SẢN PHẨM BÁN CHẠY ]",https://www.lazada.vn/products/pdp-i200237877.html,2.206.000 ₫,4.0,694 Đã bán
ANENG DM3005B Máy Dò Kim Loại Thợ Săn Kho Báu Pro Di Động Máy Dò Tiền Xu Dưới Lòng Đất Với Thiết Bị Xác Định Màn Hình LCD Màu Đen,https://www.lazada.vn/products/pdp-i3192952331.html,207.000 ₫,,"5 Đã bán
China"
"[Một Cặp, Chính Hãng] Loa Kiểm Âm Yamaha HS5 Powered Studio Monitor Speaker",https://www.lazada.vn/products/pdp-i2602372920.html,19.000.000 ₫,,
P&N Hộ gia đình DOPPLER thai nhi Heart Rate Monitor cho bé mang thai nhịp tim Detector lcddisplay Pulse Meter không có bức xạ ống nghe,https://www.lazada.vn/products/pdp-i3105154669.html,114.785 ₫,5.0,
"UT01C USB-C Power Meter: 280W PD3.1/QC4+ Fast Charging Tester 12A Current Voltage Monitor w/Offline Save, HD IPS Display for iPhone/MacBook",https://www.lazada.vn/products/pdp-i3110025915.html,297.702 ₫,4.0,30 Đã bán
X40G 2inch Mobile Screen Selfie Vlog Monitor Mini Sound Version Remote Photography Bluetooth Projection,https://www.lazada.vn/products/pdp-i3204520269.html,651.577 ₫,,
"HUD ADAS Hiển Thị Tốc Độ Kính Lái Ô Tô - Tích Hợp GPS, ODO, Cảnh Báo Tốc Độ, Cổng USB",https://www.lazada.vn/products/pdp-i2976363907.html,136.323 ₫,4.0,406 Đã bán
Tai Nghe Kiểm Âm Nhét Tai In ear NMC-AUDIO QKZ60-IEM Studio Monitor Headphones QKZ60,https://www.lazada.vn/products/pdp-i3150564796.html,280.000 ₫,,
Kính Thông Minh Có Dịch AI Cho Hơn 100 Ngôn Ngữ BluetoothTWS Chức Năng Gọi Giảm Tiếng Ồn Điều Khiển Âm Nhạc Cho Nam Và Nữ,https://www.lazada.vn/products/pdp-i3180841847.html,358.500 ₫,5.0,
Đèn Neo Helios Flat S3 Pro và S3 Plus RGB đỏ cá không đỏ nước,https://www.lazada.vn/products/pdp-i3127043357.html,88.000 ₫,,
"1 Cặp Đèn Eagle Eye LED 12V 23mm 9W Dành Cho Xe Máy, Xe Tải – Đèn Ngày, Đèn Lùi, Đèn Tín Hiệu, Đèn Sương Mù Xe Máy, Chống Nước, Ánh Sáng Mạnh, Nhiều Màu",https://www.lazada.vn/products/pdp-i2520886149.html,6.900 ₫,5.0,
Nhỏ gọn Pedometer Màn hình LCD Bộ đếm bước chân theo dõi bước đi Màn hình hiển thị kỹ thuật số Bộ đếm bước chân chính xác bước Monitor 7 ngày bộ nhớ Pedometer,https://www.lazada.vn/products/pdp-i3150468852.html,247.380 ₫,,
Usb nghe nhạc trên ô tô có sẵn 500 bài chất lượng cao đầy đủ các thể loại hình và tiếng,https://www.lazada.vn/products/pdp-i2384476079.html,133.000 ₫,4.0,325 Đã bán
"Màn hình cũ samsung 22inch xoay dọc 90 độ, Độ phân giải FULL HD 1920 x 1080. Hàng Thanh lý văn phòng siêu đẹp",https://www.lazada.vn/products/pdp-i2516575159.html,1.250.000 ₫,,
20Inch Adjustable Articulating Friction Magic Arm with Hot Shoe Mount for LED Light DSLR Rig LCD Monitor,https://www.lazada.vn/products/pdp-i3227494872.html,372.000 ₫,,
HELLOLEIBOO | Máy Hút Bụi Ô Tô Cầm Tay Công Suất Cao,https://www.lazada.vn/products/pdp-i3174260006.html,721.000 ₫,4.0,9 Đã bán
Polar | Dây Đai Ngực Theo Dõi Nhịp Tim ECG,https://www.lazada.vn/products/pdp-i3217096104.html,2.576.000 ₫,4.0,
"Màn hình huawei watch fit 2,fit 3",https://www.lazada.vn/products/pdp-i2936818160.html,600.000 ₫,,
Nguyên bộ máy vi tính văn phòng Game web nhẹ chip i5 3470 ram g8 ssd 120g màn 19in led nhiều loại bán giá 1999k bảo hành chu đáo 1thang tại shop,https://www.lazada.vn/products/pdp-i2842719936.html,1.999.999 ₫,5.0,
"[Chính Hãng] Soundcard Behringer U-Phoria UMC22 - Bộ Thu Âm, Livestream Sound Card USB Audio Interface",https://www.lazada.vn/products/pdp-i2602367798.html,1.670.000 ₫,5.0,
MÀN HÌNH ANDROID 10. màn hình CARFU TÍCH HỢP CAMERA 360 lắp sim 4G màn hình cực chất lượng kèm camera 360 cao cấp,https://www.lazada.vn/products/pdp-i1220576680.html,8.500.000 ₫,,
Đèn Trợ Sáng Aozoom EX4 LED EXTRA LIGHTS,https://www.lazada.vn/products/pdp-i3207692284.html,4.900.000 ₫,,
XE ĐẠP TẬP THỂ DỤC ĐA NĂNG ; XE ĐẠP TẬP GYM GIÁ RẺ GH;Q7 {BH 12 THÁNG} ; đạp xe an toàn và hiệu quả tại nhà ;Kèm video ',https://www.lazada.vn/products/pdp-i3077731538.html,1.650.000 ₫,,
Đèn Bi Gầm Chính Hãng Aozoom WASP 3000/4500K Giá 1Cặp,https://www.lazada.vn/products/pdp-i3149756013.html,4.600.000 ₫,,
"WAVLINK USB 3.1/USB C to Dual HDMI Adapter, DisplayLink Dual 5K 60Hz Monitor Hub for Dell HP Surface Lenovo, Compatible with Windows and M1/M2/M3 Mac",https://www.lazada.vn/products/pdp-i2702054818.html,1.797.726 ₫,5.0,7 Đã bán
"H110 MSI PRO VDHP (Sk 1151 v1) 4 khe RAM, Đủ Tính Năng Phục Vụ Nhu Cầu Cao (BH 1 tháng)",https://www.lazada.vn/products/pdp-i2320679749.html,680.000 ₫,,
"Màn Hình DVD Android OledPro Eco P450 Thế hệ mới chính hãng oledpro - Màn Hình DVD Android ,Ram2 Rom32g Chip 8x , Tặng Vietmap ,Lắp đặt màn hình ô tô , màn hình qled 1280x720 siêu sắc nét, lướt web tốc độ cao.",https://www.lazada.vn/products/pdp-i2296239059.html,2.350.000 ₫,,
Portable Monitor Stand Adjustable 360° Swivel Bracket Tablet Holder Compatible with Tablet Desktop Clamp Stand,https://www.lazada.vn/products/pdp-i3199511253.html,397.164 ₫,,
Giá Treo Màn Hình 17-27 Inch Cao Cấp - Giá Treo 2 Màn Hình Dual Monitor Desk Stand MS02,https://www.lazada.vn/products/pdp-i715232482.html,355.000 ₫,4.0,62 Đã bán
Skechers_Dép Nam Mới Nam Dép Bít Mũi Foamies GOWalk 5 Foamies Sandals - 212126-OLV,https://www.lazada.vn/products/pdp-i2840707127.html,156.715 ₫,4.0,18 Đã bán
E-WOITD Thông minh cắm Wifi Ổ cắm EU 16A 20A với Power Monitor chức năng thời gian tuya cuộc sống thông minh app điều khiển làm việc với Alexa Google nhà,https://www.lazada.vn/products/pdp-i3131726030.html,102.869 ₫,,
"[FREESHIP🎁][Giao hàng 24H⚡️]khuếch đại công suất-Amply Mini Karaoke Bluetooth BT-298A, Âm ly Bluetooth Karaoke Tại Nhà, Amli Cho Xe Ô Tô – 12 Tháng-Bộ khuếch đại Bluetooth BT-298A",https://www.lazada.vn/products/pdp-i2465171147.html,136.000 ₫,4.0,52 Đã bán
muRata CR2032W Horizontal T6 Foot CR2032HR Tire Pressure Monitor Sensor Battery 3V Snap Type CR2032A Durable Button Cell Battery,https://www.lazada.vn/products/pdp-i3164873012.html,85.000 ₫,,"6 Đã bán
China"
"Lưới Quây chống chuột ô tô, xe hơi hàng loại 1, chân inox 304, phản quang + khóa",https://www.lazada.vn/products/pdp-i2231119875.html,490.000 ₫,4.0,918 Đã bán
[Một Cái] Chân Loa Kiểm Âm Để Bàn Soundking DF146 - Speaker Stand Studio Monitor,https://www.lazada.vn/products/pdp-i2602435470.html,680.000 ₫,,
"Đèn Pha LED V22 60W Chân H4 – Siêu Sáng, Cắt Pha Không Chói – Dùng Cho Xe Máy Và Ô Tô",https://www.lazada.vn/products/pdp-i3154766017.html,168.899 ₫,4.0,9 Đã bán
Heart Ring for Women Heart Shaped Pink Diamond Engagement Promise Band Ring for Wedding Anniversary TF-Uss-VN,https://www.lazada.vn/products/pdp-i3036357144.html,7.000 ₫,4.0,40 Đã bán
Xiaomi Smart Sunglasses Glasses Bluetooth Call Outdoor Sports Headphones Voice Navigation Photochromic Lens Waterproof Anti-UV,https://www.lazada.vn/products/pdp-i3065360048.html,383.943 ₫,5.0,16 Đã bán
1 CẶP MẶT DƯỠNG LẮP BI GẦM k250. DƯỠNG DÙNG CHO BI GẦM 3 INH.,https://www.lazada.vn/products/pdp-i2728765727.html,189.000 ₫,,
"HUAWEI GT5/ GT5 Pro - Theo Dõi Sức Khỏe Chuyên Nghiệp, thông minh",https://www.lazada.vn/products/pdp-i2433286360.html,5.360.000 ₫,,
[Giá tốt] HDMI để VGA chuyển đổi với âm thanh set-top box máy tính xách tay kết nối màn hình TV chuyển đổi,https://www.lazada.vn/products/pdp-i2268594395.html,43.300 ₫,,
ĐỒNG HỒ TAI NGHE THÔNG MINH - TÍCH HƠP TAI NGHE BLUETOOTH ĐỘC LẬP - FULL THÔNG BÁO - MÀN NÉT - PIN KHOẺ,https://www.lazada.vn/products/pdp-i2456646980.html,1.180.000 ₫,5.0,
"Máy Phiên Dịch M9 – Thiết Bị Dịch Đa Ngôn Ngữ, Màn Hình Cảm Ứng, Dịch Nhanh Chính Xác, Hỗ Trợ Offline",https://www.lazada.vn/products/pdp-i3070430173.html,1.320.500 ₫,5.0,
Kính thông minh X9 PROMAX CAMERA Ai quay video chụp ảnh kết nối blueeoth đàm thoại cuộc gọi nghe nhạc AHAI STORE,https://www.lazada.vn/products/pdp-i3191202908.html,1.750.000 ₫,,
"Máy Phiên Dịch M9 – Thiết Bị Dịch Đa Ngôn Ngữ, Màn Hình Cảm Ứng, Dịch Nhanh Chính Xác, Hỗ Trợ Offline",https://www.lazada.vn/products/pdp-i3070251424.html,1.376.100 ₫,,
"app Tuya Smart Basic ,SMARTLIFE Công Tắc wifi ,Điều Khiển Từ Xa Qua WIFI, 3G, 4G (có tiếng việt),có nút nhấn cơ",https://www.lazada.vn/products/pdp-i3173173356.html,85.000 ₫,5.0,13 Đã bán
Giá Đựng Hành Lý Trên Mái Xe cho Luxgen U5 U7 U6,https://www.lazada.vn/products/pdp-i3219768082.html,3.729.000 ₫,,
Máy Đạp Bước Nam Nữ Dùng Tại Nhà Máy Đạp Bước Bộ Yên Tĩnh Đa Chức Năng Rèn Luyện Sức Khỏe,https://www.lazada.vn/products/pdp-i3178645785.html,483.600 ₫,5.0,9 Đã bán
1 cái súp JvC 14cm nhét gầm xe ô tô zin còn hát tốt. 589nhattao,https://www.lazada.vn/products/pdp-i1356371498.html,300.000 ₫,4.0,130 Đã bán
Quá Hời Combo 2 chai Xi Xóa Vết Xước Ô Tô 3Max 60ml - Tặng 2 Khăn Lau chuyên dụng - Xóa xước tẩy ố đánh bóng xe!,https://www.lazada.vn/products/pdp-i3147773059.html,189.000 ₫,5.0,23 Đã bán
"Chai xịt bọt vệ sinh đa năng nội thất, ghế da, trần nỉ ô tô CAMEL",https://www.lazada.vn/products/pdp-i2599747811.html,29.000 ₫,4.0,
Đẩy công suất 40 sò CADX MA-48 nguồn đồng hàng chính hãng cực khỏe,https://www.lazada.vn/products/pdp-i2436325744.html,3.850.000 ₫,5.0,
"Phim màn hình máy tính xách tay 14,6/15,6 inch HD Phim vật nuôi có độ phân giải cao",https://www.lazada.vn/products/pdp-i2518168499.html,7.200 ₫,4.0,
Excavator LCD Screen Panel for Kobelco SK-6 SK200-6 SK135SR Excavator Monitor Aftermarket Accessories Parts,https://www.lazada.vn/products/pdp-i3140874554.html,634.100 ₫,,
Kebidumei 8 in 1 Ports USB C Docking Station USB C Hub Multiple Monitor Adapter PD SD TF Video Card Dock Splitter,https://www.lazada.vn/products/pdp-i2409828153.html,77.484 ₫,4.0,243 Đã bán
"Máy dò định vị, camera, dò nhanh chóng, chính xác, bảo hành 12 tháng",https://www.lazada.vn/products/pdp-i2119816425.html,650.000 ₫,,"12 Đã bán
Hà Nội"
Mẫu Mới Tự Động Điều Chỉnh Độ Zoom Thông Minh Kính Phong Cách Sống Độ Nét Cao Chống Ánh Sáng Xanh Hai Tròng Cho Gần Xa,https://www.lazada.vn/products/pdp-i2791523477.html,93.000 ₫,,"26 Đã bán
Hong Kong"
"Skechers_Mới Nam Dép Quai Ngang Đi Bộ Giặt Máy Được, Thường Ngày, Đi Học, Đi Làm On-The-GO Arch Fit Radiance Irresistible Walking Arch Fit, Ultra Go - 141322-BKK",https://www.lazada.vn/products/pdp-i2840528809.html,178.403 ₫,,
Heyword 26000lm LED Bóng Đèn Pha Ô Tô 160W CSP Chip H4 H7 H1 9005 H7 H11 3000K/4300K/6000K/8000K Độ Sáng Cao Đèn Xe,https://www.lazada.vn/products/pdp-i2465537214.html,152.750 ₫,4.0,
QiaoYiLuo Mùa hè mới của nam giới giày lỗ dép đi biển ngoài trời bên ngoài đa năng chống mài mòn không trơn trượt đế mềm túi đầu dép nam,https://www.lazada.vn/products/pdp-i2608616428.html,152.000 ₫,4.0,
"FIFINE K688 USB/XLR Dynamic Microphone with Shock Mount,Touch-mute,Monitor headphone jack, Volume Control, for PC or Sound Card Recording, Podcasts, Streaming",https://www.lazada.vn/products/pdp-i2019186641.html,1.814.000 ₫,5.0,141 Đã bán
Đồ chơi Titan TV Man Tương thích với Mrs Audioman Toilet Man vs Monitor Khối xây dựng lắp ráp,https://www.lazada.vn/products/pdp-i2919484793.html,139.000 ₫,,
Tương thích với đồ chơi khối xây dựng Super TV Man di động 3.0 Toilet Man vs Monitor Man thiết,https://www.lazada.vn/products/pdp-i2919763341.html,115.000 ₫,3.0,
MG1395 Đồ chơi lắp ráp SKIBIDI TOILET toilet man Vs monitor man 1395,https://www.lazada.vn/products/pdp-i2944777297.html,125.000 ₫,,
EU Power Cable Euro Type F Schuko Plug IEC C13 Power Supply Cable for PC Computer Monitor Printer TV(EU Plug),https://www.lazada.vn/products/pdp-i3185876478.html,76.534 ₫,,
( Hot ) MOC Titan Clock Man Skibidi Toilet Titan VS Monitor man Đồng Hồ Vàng Người Nhà Vệ Sinh Titan Người Vệ Sinh VS,https://www.lazada.vn/products/pdp-i2919860120.html,89.500 ₫,3.0,11 Đã bán
"ieryi Digital LED Shower Temperature meter,Waterproof Temperature Sensor with 3-Color Light Indicator Shower Temperature Monitor for Bathroom Family Showers",https://www.lazada.vn/products/pdp-i3146050324.html,222.839 ₫,,
"SEHVN RCA âm thanh tiếng ồn lọc ức chế mặt đất vòng lặp lsolator cho xe hơi và nhà Stereo 2 × RCA Nam, 2 × RCA nữ",https://www.lazada.vn/products/pdp-i2982494250.html,44.666 ₫,4.0,39 Đã bán
"Loa Xe Hơi Gỗ Nguyên Khối 4 Inch 5 Inch 6,5 Inch 8 Inch Chế Độ Hai Chiều Labyrinth Speaker Cabinet Modification",https://www.lazada.vn/products/pdp-i2795552765.html,456.000 ₫,5.0,185 Đã bán
+new product[ Áp dụng OneOdio STUDIO PRO 10 30 50 MONITOR 60 Pro C Bộ Tai Nghe Bịt Tai,https://www.lazada.vn/products/pdp-i3216322558.html,168.949 ₫,5.0,
B.T.F-Digital Single Phase Energy Meter Tester Power Usage Monitor AC110V 40V-300V100A Frequency Power Factor Meter Multimeter,https://www.lazada.vn/products/pdp-i3142726494.html,353.331 ₫,5.0,
"Màn hình phụ monitor cho máy ảnh, máy quay Shimbol M5 5.5 inch dành cho máy ảnh hỗ trợ độ phân giải fullHD, độ sáng lên tới 1200nits chính hãng",https://www.lazada.vn/products/pdp-i3036036958.html,3.590.000 ₫,,
Mini USB Dongle Wifi 6 Card Mạng BT 5.4 AX900 2 Băng Tần 2.4G/5GHz Đầu Thu Win 10/11 PC Bên Ngoài Không Dây USB 2.0,https://www.lazada.vn/products/pdp-i3195741184.html,90.000 ₫,,"31 Đã bán
China"
"2 bóng Novsight Mọi thời tiết HALO Series 3,5 inch Dải đèn LED DRL Đèn lái xe mô tô Đèn pha Đèn pha Đèn sương mù Đèn pha và Đèn pha 48W 3450LM 6000K/1700K Siêu sáng",https://www.lazada.vn/products/pdp-i2514055204.html,7.822.044 ₫,5.0,
"Đỡ VGA dạng Ốc trục, đế có nam châm, thay đổi được độ cao.",https://www.lazada.vn/products/pdp-i2277951853.html,45.000 ₫,5.0,132 Đã bán
Yocbear Doppler máy nghe tim thai Thai nhi Tim Monitor Trang chủ Thai nhi Tim Monitor với hình LCD cho phụ nữ mang thai,https://www.lazada.vn/products/pdp-i3025458153.html,259.000 ₫,5.0,9 Đã bán
"Bàn Đạp Tập Chân Tay Có Kháng Lực, Xe Đạp Tập Thể Dục Tại Nhà Cao Cấp Có Đồng Hồ Đếm Vòng Hiện Đại",https://www.lazada.vn/products/pdp-i3092188507.html,284.000 ₫,5.0,48 Đã bán
"Đồng hồ đeo tay thông minh hỗ trợ Theo Dõi Oxy Máu Huyết Áp Nhịp Tim Chống Nước IP67 kết nối điện thoại , Vòng đeo tay thông minh theo dõi sức khỏe hỗ trợ thể dục tại nhà , cách chọn đồng hồ đeo tay thông minh loại tốt",https://www.lazada.vn/products/pdp-i1456754755.html,236.000 ₫,,
"Rcyago wifi đồng hồ đo độ PH 8 trong 1 thông minh dụng cụ kiểm tra chất lượng nước Ph/Ec/ORP/Tds (ppm)/CF/Salt/SG/Máy kiểm tra nhiệt độ tuya ứng dụng chức năng Máy ghi dữ liệu, Aquarium Monitor cho hydroponics",https://www.lazada.vn/products/pdp-i2310950190.html,1.460.830 ₫,,
DẦU NHỚT DAKKIN E1000 20W50 SJ,https://www.lazada.vn/products/pdp-i2944447598.html,45.708 ₫,5.0,
E-WOITD 1 cái VESA núi cho Mini PC i3 4010U treo khung VESA khung gắn lại màn hình,https://www.lazada.vn/products/pdp-i3113239047.html,47.185 ₫,,
2 Bóng Novsight Mọi Thời Tiết HALO Series 4.5 Inch Dây Đèn DRL Đèn DRL Đèn Pha Motocross Đèn Pha 35W 2300LM 6000K/1700K Siêu Sáng Miễn Phí Vận Chuyển,https://www.lazada.vn/products/pdp-i2515835182.html,6.935.633 ₫,5.0,
Usb âm thanh 7.1 (tốt) gắn máy tính bàn và laptop xuất âm thanh,https://www.lazada.vn/products/pdp-i2634656364.html,28.000 ₫,,
Bomge Amp-228 2500 Watts Bộ khuếch đại công suất ô tô Bộ khuếch đại lồng 4 kênh với đầu ra đồng trục và micro-USB Bộ khuếch đại di động để nâng cao âm thanh xe hơi,https://www.lazada.vn/products/pdp-i2777413468.html,1.210.000 ₫,5.0,15 Đã bán
Đồng hồ camera H6 mini,https://www.lazada.vn/products/pdp-i2745488758.html,399.000 ₫,,
Txomd1108 Bo mạch chủ chùm 230 balok 7R 230 Bo mạch chủ lm230w điều khiển Hội Đồng Quản Trị,https://www.lazada.vn/products/pdp-i2491195415.html,967.011 ₫,,
(MIỄN PHÍ SHIP) Loa thông báo chuyển khoản TingBox - Tiền về thằng tài khoản VCB VIETCOMBANK - Mua 1 lần sở hữu trọn đời - Free mọi loại phí,https://www.lazada.vn/products/pdp-i3129290992.html,657.000 ₫,5.0,
"Xi xóa xước sơn Ô tô Xe máy 3Max, Tặng khăn lau chuyên dụng, Tẩy các vết Ố sơn xe, Ố Crom!",https://www.lazada.vn/products/pdp-i3147795101.html,115.000 ₫,4.0,154 Đã bán
"BỘ MÁY TÍNH ĐỂ BÀN CHƠI GAME LMHT, VĂN PHÒNG, GAMING - VI TINH NPC",https://www.lazada.vn/products/pdp-i857408665.html,1.180.000 ₫,4.0,26 Đã bán
2 Computers 4K Kvm Hdmi Switches and Usb 2.0 Switcher 2 in 1 out Switches Displayport Monitor 2 port 4k 30hz,https://www.lazada.vn/products/pdp-i2299345666.html,246.287 ₫,4.0,35 Đã bán
Bộ kích sóng không dây khuếch đại Bộ khuếch đại tín hiệu wifi tốc độ cao lacepulse 丨 4200Mbps,https://www.lazada.vn/products/pdp-i3121823540.html,8.000 ₫,3.0,460 Đã bán
Zealot S53 Xách Tay loa không dây Với Bt 5.0 Công Nghệ Ipx6 Loa chống thấm TWS Loạt Stereo Cảnh âm thanh độ trung thực cao AUX USB ổ đĩa flash thẻ TF Thời gian nghe lâu Loa Siêu Trầm Xách Tay Hoàn Hảo Cho Đảng,https://www.lazada.vn/products/pdp-i2541432057.html,519.000 ₫,5.0,
Giá đỡ màn hình máy tính Monitor Arm SPEED-A01 (13 - 34 inch),https://www.lazada.vn/products/pdp-i2631592798.html,345.000 ₫,5.0,
(JMTI) Baby Audio Monitor 2-Way Talk Baby Intercom Wireless Night Light Home Child Safety Device 2.4GHz US-Plug,https://www.lazada.vn/products/pdp-i3178198810.html,778.643 ₫,,
"Công Tắc Radar Vi Sóng Tự Động Bật Tắt LED, Bộ Điều Khiển Chuyển Động 2m-6m, Tích Hợp PIR, Tiết Kiệm Điện - Smart Home",https://www.lazada.vn/products/pdp-i2412265052.html,99.000 ₫,4.0,81 Đã bán
Vetements Autumn Letter in Unisex vòng cổ áo thể thao đầy đủ với thời trang lỏng lẻo hoodie,https://www.lazada.vn/products/pdp-i2932526380.html,240.000 ₫,,
Mini Di Động Itx Màn Hình Hiển Thị Hạt Nhân Kim Loại Máy Tính Nhỏ 1U Nguồn Điện Cầm Tay K66 D5D6D8 Bởi Suzaocai,https://www.lazada.vn/products/pdp-i2528931487.html,313.000 ₫,5.0,315 Đã bán
"Hoodie Sweater Team Formula One F1 Balap Racing - Maroon, 3XL",https://www.lazada.vn/products/pdp-i3121926778.html,240.000 ₫,,
3-IN-1 USB C HUB Type C To HDMI Adapter Thunderbolt Docking Station With USB 3.0 Port PD Charging Type-C Splitter For Samsung Huawei Mobile Phone Tablet R,https://www.lazada.vn/products/pdp-i3031712399.html,70.150 ₫,4.0,11 Đã bán
"LG Gram 16 2022, tặng thêm Offline Professional Plus 2019 trị giá 1tr5",https://www.lazada.vn/products/pdp-i1390806340.html,18.960.000 ₫,5.0,6 Đã bán
[Một Cặp] Chân Loa Kiểm Âm Để Bàn Soundking DF146 - Speaker Stand Studio Monitor,https://www.lazada.vn/products/pdp-i2602459289.html,1.360.000 ₫,,
Giá dựng đứng VGA Vertical GPU Bracket 3D 2023 - In 3D Shop,https://www.lazada.vn/products/pdp-i2475055502.html,110.000 ₫,5.0,6 Đã bán
Máy Tính Bộ PC Mini ASUS NUC13 PRO Tall / i3-1315U/ (RNUC13ANHI300000I) Chưa Bao Gồm SSD Và RAM - Hàng Chính Hãng,https://www.lazada.vn/products/pdp-i3196936785.html,11.000.000 ₫,,
Màn cao áp 15.6,https://www.lazada.vn/products/pdp-i3085066122.html,249.999 ₫,5.0,
Thùng máy vi tính văn phòng main h61 ram 4g ssd 120g case nguồn đẹp giá chỉ 1200k,https://www.lazada.vn/products/pdp-i2425390356.html,1.200.000 ₫,5.0,
Đồng hồ thông minh lắp SIM 3G 4G truy cập internet Giormani GW5,https://www.lazada.vn/products/pdp-i1792185469.html,1.380.000 ₫,4.0,38 Đã bán
Mini PC Minisforum UM880 UM890 PRO R9 8945HS AMD AI Oculink Gaming Máy Tính Chơi Game 880 R7 8845HS,https://www.lazada.vn/products/pdp-i2909924371.html,12.390.000 ₫,5.0,6 Đã bán
PC MINI CẦM TAY DELL OPTILEX 7070 UTRAL,https://www.lazada.vn/products/pdp-i3164123565.html,4.200.000 ₫,,
Amazon Echo Spot – Loa thông minh có màn hình led,https://www.lazada.vn/products/pdp-i2967586297.html,1.768.000 ₫,5.0,
"COMBO màn hình A5 kèm mặt dưỡng,dây nguồn zin cho xe FORD EVEREST - màn hình android cho ô tô, camera ô tô 360 độ, đồ chơi trang trí xe hơi, đầu dvd xe hơi",https://www.lazada.vn/products/pdp-i2190760795.html,2.190.000 ₫,,
Màn hình LCD MSI MAG 255F E20 (24.5 inch/ 1920 x 1080/ 0.5ms/ 200Hz) - Hàng Chính Hãng,https://www.lazada.vn/products/pdp-i3077169321.html,3.250.000 ₫,,
UGREEN DP 1.4 KVM Switcher Box 8K60Hz 4K240Hz 3*USB A3.0 1*USB C3.0 5Gbps Ultra HD DP for Monitor Sharing Model:25962,https://www.lazada.vn/products/pdp-i2524014051.html,2.672.000 ₫,5.0,9 Đã bán
Máy Tính Mini PC GEEKOM A6 A8 MAX GT13 PRO Ryzen 7 6800H R9 8945HS i9 13900H - AMD 8945 HS 13900,https://www.lazada.vn/products/pdp-i3185637543.html,13.490.000 ₫,,
Máy ảnh thông minh của Baby Monitor 1080p với phát hiện chuyển động hai chiều âm thanh đến 40ft,https://www.lazada.vn/products/pdp-i3098161746.html,236.000 ₫,,
Bộ nguồn server Enhance ENP-7025B - 1U 250W Flex Power Supply,https://www.lazada.vn/products/pdp-i818822225.html,1.900.000 ₫,,
COOLSERVER Quạt Làm Mát CPU Máy Chủ Ống Nhiệt 2U R64 4 Quạt Làm Mát Hai Bóng PWM 4 Chân Cho Máy Tính Intel LGA2011 1700 115X,https://www.lazada.vn/products/pdp-i1990617267.html,353.270 ₫,5.0,46 Đã bán
SmallRig Monitor Mount with NATO Clamp Nghiêng màn hình gắn kết với Nato kẹp 2100b,https://www.lazada.vn/products/pdp-i2679496750.html,709.000 ₫,,
[TRẢ GÓP 0%] SUUNTO 9 PEAK PRO - ĐỒNG HỒ THỂ THAO ĐỊNH VỊ GPS ( VIỀN THÉP ),https://www.lazada.vn/products/pdp-i2156402320.html,8.490.000 ₫,5.0,5 Đã bán
Đèn Trợ Sáng 3 Bi AOZOOM EX3 Chính Hãng BH 2nam,https://www.lazada.vn/products/pdp-i3107178439.html,2.300.000 ₫,5.0,
Ekleva 2 cái phổ/Toyota 3 hyperboloid LED Đèn sương mù 55 Wát HID LED ống kính máy chiếu cao + chùm sáng thấp siêu sáng đèn sương mù chỉ cho H4/H7/9005/9006,https://www.lazada.vn/products/pdp-i2930156459.html,1.371.546 ₫,,"9 Đã bán
China"
KIPRUN Tire Air Pressure Gauge Meter Handle Mirror Shaped Vehicle Motorcycle Car Tyre Tester Tyre Air Monitor System,https://www.lazada.vn/products/pdp-i1476773266.html,59.061 ₫,4.0,63 Đã bán
Yieryi Máy Đo PH TDS 4 Trong 1 Máy Đo PH/TDS/EC/Nhiệt Độ Máy Kiểm Tra Chất Lượng Nước Kỹ Thuật Số Quà Tặng Miễn Phí,https://www.lazada.vn/products/pdp-i879200947.html,345.202 ₫,5.0,19 Đã bán
Jettingbuy 【Bán Chạy】 Chuông Gió Nhật Bản Chuông Gió Ly Thủy Tinh Thủ Công Furin Văn Phòng Nhà Cửa Kiểu Dáng,https://www.lazada.vn/products/pdp-i2209347786.html,74.320 ₫,5.0,47 Đã bán
MaxgePC Không thấm nước Vôn kế DC 4-100V LED hiển thị kỹ thuật số DC kỹ thuật số xe điện áp hiện tại Meter Volt Detector Tester Monitor pane,https://www.lazada.vn/products/pdp-i3068935789.html,20.693 ₫,,"14 Đã bán
China"
Thiết Bị Cảm Biến Nước Không Tiếp Xúc Y26S Thiết Bị Đo Chiều Cao Nước Ống Nước Tháp Điện Dung Polymers Công Tắc Cảm Biến Nước,https://www.lazada.vn/products/pdp-i2500220460.html,180.500 ₫,5.0,
"Đèn Pha Ô Tô LED Infitary H7 H4 H11 H1 6500K Siêu Sáng 30000LM, Bóng Đèn Xe Máy Với Quạt Làm Mát, Bộ Dụng Cụ Lắp Đặt Đa Năng",https://www.lazada.vn/products/pdp-i2562803369.html,128.700 ₫,5.0,
"Dây sạc Đai đo nhịp tim COROS - Heart Rate Monitor, Cáp sạc Đai đo nhịp tim HR Monitor COROS",https://www.lazada.vn/products/pdp-i3178340753.html,159.000 ₫,,
"Thùng máy tính lenovo V530 MT , intel thế hệ 8-9 , hàng đã qua sử dụng",https://www.lazada.vn/products/pdp-i3042199297.html,1.500.000 ₫,,
[Xenon Super Vision HID] [4300K / 6000K] [55W] [01 bóng] dành cho ô tô,https://www.lazada.vn/products/pdp-i1316144504.html,175.000 ₫,5.0,7 Đã bán
Áo khoác kỷ niệm 50 năm YAMAHA | Áo khoác Motogp LIVERY YAMAHA CHỐNG THẤM,https://www.lazada.vn/products/pdp-i3149658437.html,240.000 ₫,5.0,
Cartnt 2PCS đèn pha ô tô bóng đèn LED H7 H11 Hb3 9005 HB4 9006 bóng đèn 20000LM 120W 6000K đèn sương mù xe ô tô,https://www.lazada.vn/products/pdp-i3121870460.html,212.798 ₫,4.0,6 Đã bán
New XG88 eyewear Bluetooth headset Smart Bluetooth glasses Blue light eye protection with Microphone pigfly,https://www.lazada.vn/products/pdp-i2852278112.html,137.861 ₫,5.0,
Thẻ Theo Dõi GPS Thông Minh Mini Cho iOS Apple Find My APP ITag Thiết Bị Nhắc Nhở Chống Mất Chìa Khóa Xe Xếp Hạng MFI Thú Cưng Trẻ Em Thiết Bị Định Vị,https://www.lazada.vn/products/pdp-i2785534577.html,90.350 ₫,5.0,
"Cảm Biến Đo Nồng Độ Oxy Xung Spo2 Cáp 2.5M Kẹp Tai Ngón Tay Người Lớn Bằng Silicon Cho Máy Theo Dõi Mindray Mec1000, Pm9000 Phụ Kiện Y Tế",https://www.lazada.vn/products/pdp-i2853209937.html,638.274 ₫,,
"USB C to HDMI Adapter, Type c OTG 3 in 1 Hub, 4k HDMI & PD Fast Charging USB C To HDMI USB Hub Type C Female Converter RUIJA",https://www.lazada.vn/products/pdp-i3031721361.html,75.030 ₫,5.0,6 Đã bán
kích bình kèm bơm lốp kích bình xe ô tô bình kích điện ô tô bơm lốp kích bình ô tô ích bình ô tô xiaomi cuc kich binh xe oto jump starter bộ kích sạc bình nguồn di động kích bình xe máy kích bình bộ kích bình xe ô tô kich binh xe ôtô 12v,https://www.lazada.vn/products/pdp-i3168938861.html,699.999 ₫,4.0,18 Đã bán
AMD Ryzen Wraith Lăng Kính Làm Mát 4PIN Nét Quạt CPU Tương Thích Với R3 R5 R7 R9 Bộ Vi Xử Lý Cho AMD Bo Mạch Chủ,https://www.lazada.vn/products/pdp-i3139947540.html,318.750 ₫,5.0,17 Đã bán
Camera hành trình 3 mắt trong và ngoài xe full HD 1080P-Wiif Hỗ trợ xem trên ĐTDĐ qua app Viidure.,https://www.lazada.vn/products/pdp-i2448767236.html,350.000 ₫,4.0,118 Đã bán
Super Clamp Camera Clamp Mount Multifunctional Monitor Mount Bracket Super Clamp With 1/4” Thread For Magic Arm,https://www.lazada.vn/products/pdp-i2624162292.html,70.159 ₫,,
֎Đồng hồ Smart Watch hoco Y18 (Đen)(220g) Bảo hành 12 tháng,https://www.lazada.vn/products/pdp-i2658775329.html,503.000 ₫,,
Dây cáp mạng bấm sẵn 2 đầu - 2m/ 3m /5m/ 10m/15m/20m/25m/30m/40m/50m,https://www.lazada.vn/products/pdp-i1582146784.html,50.000 ₫,4.0,
1 chiếc quần lót lụa lạnh đồ lót nữ thoáng khí màu trơn Thoải mái Quần lót nylon sang trọng Đồ lót tam giác,https://www.lazada.vn/products/pdp-i3128623418.html,29.977 ₫,1.0,10 Đã bán
֎Đồng hồ Smart Watch hoco Y17 (Bạc)(220g) Bảo hành 12 tháng,https://www.lazada.vn/products/pdp-i2658801427.html,438.000 ₫,,
"Dải Đèn LED Neon Trang Trí Nội Thất Xe Hơi, Tiệc Tùng, Halloween – Sáng Màu, Dễ Lắp Đặt",https://www.lazada.vn/products/pdp-i2520762556.html,9.300 ₫,4.0,
[Gía Sỉ] Skibidi Toilet Titan God Of War TV Man v3 Drill Man Sound Man Clock Man Monitor Speaker Man Camera Man,https://www.lazada.vn/products/pdp-i2944817239.html,129.000 ₫,,
"Bóng lét H4 bi cầu sáng pha trắng cos vàng dành cho xe máy sài bóng 3 chân, đèn led bi cầu H4, đèn led H4, đèn lét H4 bi cầu, den led bi cầu, đèn led bi cầu - Bảo Hành Toàn Quốc 1 đổi 1",https://www.lazada.vn/products/pdp-i2092260187.html,93.000 ₫,4.0,805 Đã bán
Nguồn Hunkey chiến các loại game CST,https://www.lazada.vn/products/pdp-i1256126989.html,165.000 ₫,5.0,20 Đã bán
Tai Nghe Năng Động ND DTS HIFI Bass In-Ear Monitor Tai Nghe Khử Tiếng Ồn Thể Thao Với Cáp Có Thể Tháo Rời Tai Nghe Có Dây Kim Loại,https://www.lazada.vn/products/pdp-i2861520830.html,111.800 ₫,4.0,22 Đã bán
【E-WOITD】 Máy tính để bàn LED LCD Monitor chủ cánh tay mở rộng VESA Adapter sửa chữa cố định khung hiển thị khung không có lỗ gắn,https://www.lazada.vn/products/pdp-i2743180622.html,26.455 ₫,,
Xiaozhubangchu Cáp VGA Chất lượng cao cho màn hình LCD và máy tính xách tay với truyền tải video rõ ràng,https://www.lazada.vn/products/pdp-i3113492188.html,46.000 ₫,,
1pcs 21-35cm Products Ready Stock Skibidi Toilet Plush Speakerman Dolls Flames And Toilet Man Monitor Audio Man Plush Skibidi Toilet Plush Toys Children Kids Gifts,https://www.lazada.vn/products/pdp-i2349221940.html,62.319 ₫,4.0,175 Đã bán
Cảm biến nhiệt độ và độ ẩm Aqara T1 Temperature and Humidity Zigbee tương thích Apple HomeKit (Cần có Aqara HUB),https://www.lazada.vn/products/pdp-i341680392.html,360.000 ₫,5.0,51 Đã bán
2 Bóng Đèn Cos / Đèn Pha led H4 H7 H11 9005 9006 80W 20000LM Thiết Kế Nhỏ Gọn Chuyên Dụng Cho Xe Hơi,https://www.lazada.vn/products/pdp-i3178099129.html,119.800 ₫,4.0,30 Đã bán
QFV5F Lead-acid Li-ion High Precision Type-C Port 18650 Battery Tester Battery Power Detector Module Battery Capacity Tester Battery Monitor,https://www.lazada.vn/products/pdp-i2145566053.html,147.000 ₫,2.0,48 Đã bán
Combo main + ram+ chip+ ổ + nguồn ( đủ 1 bộ máy tính),https://www.lazada.vn/products/pdp-i595766958.html,620.000 ₫,4.0,276 Đã bán
"(Quạt Ô Tô siêu mát lạnh) Quạt Đôi Ô Tô - Quạt Máy Đôi Mini 12V - 24V, Xoay 360 Tiện Ích Trên Ô Tô, Xe Hơi Cao Cấp",https://www.lazada.vn/products/pdp-i2660955165.html,76.384 ₫,4.0,344 Đã bán
Professional 3 in 1 Test TDS/PH/TEMP Water Quality Monitor TDS Tester Kit for Pools Drinking Water Acidometer,https://www.lazada.vn/products/pdp-i388066165.html,276.058 ₫,5.0,110 Đã bán
CAO SU NẮP HỘP DẦU THẮNG ĐĨA YA. BẦU,https://www.lazada.vn/products/pdp-i2277097441.html,34.000 ₫,5.0,11 Đã bán
"Đèn Trợ Sáng Kenzo40 Chip SST20, KZ40 V4.2 , Sáng Gom Mạnh , Chiếu Xa( Giá 1 Đèn )",https://www.lazada.vn/products/pdp-i3111345912.html,410.000 ₫,,
[HCM]Main h81 Msi - hàng zin đủ Fe chặn,https://www.lazada.vn/products/pdp-i450640562.html,310.000 ₫,3.0,52 Đã bán
Cofoe 250Ml Y Tế Siêu Âm Gel Khớp Nối Đại Lý Đa Chức Năng Vô Hại Trans-gel Transgel Cho RF Hoặc Thai Nhi Doppler Bé Tim Monitor Scan Probe Máy,https://www.lazada.vn/products/pdp-i907364350.html,50.000 ₫,5.0,61 Đã bán
Giá Đỡ Điện Thoại Ô Tô Chân Không Từ Tính Magsafe 360 ° Xoay Giá Đỡ Thông Minh Có Giá Đỡ Cốc Hút Nhẹ Có Thể Điều Chỉnh Rảnh Tay,https://www.lazada.vn/products/pdp-i3089659996.html,48.000 ₫,4.0,436 Đã bán
Heyword H4 LED Đèn Pha Ô Tô 3 Màu Thay Đổi 3000K 4500K 6500K 500W Đèn Sương Mù 2 Chiếc Đa Năng Phù Hợp Với H7 H1 H3 H11 9005 H13,https://www.lazada.vn/products/pdp-i2438037036.html,211.500 ₫,4.0,372 Đã bán
Luckdragon Máy nghe nhạc mp3 24v 1din nghe đài fm phát âm thanh nổi bluetooth có cổng usb/sd/aux-in/fm cho xe hơi xe tải - INTL,https://www.lazada.vn/products/pdp-i1359000109.html,203.457 ₫,4.0,721 Đã bán
FallSweet High Waisted Ice Silk Belly Tightening Pants for Women Silk Antibacterial Buttocks Lifting Shaping Pants for Women Thin and Breathable High Waisted Underwear,https://www.lazada.vn/products/pdp-i2324207941.html,89.000 ₫,5.0,61 Đã bán
"Khăn Trùm Đầu Ninja Fullface Đa Năng – Chống Nắng, Chống Bụi & Chống Tia UV Toàn Diện",https://www.lazada.vn/products/pdp-i2543593778.html,21.100 ₫,4.0,
Roadsun H4 H1 H7 H8 H9 H11 LED Bóng Đèn Pha Ô Tô 120W 20000LM 6500K CSP Chip Cao Chùm Thấp Đèn Sương Mù Đa Năng Phù Hợp Với,https://www.lazada.vn/products/pdp-i2435985471.html,201.750 ₫,4.0,378 Đã bán
ĐỒNG HỒ THÔNG MINH WATCH X,https://www.lazada.vn/products/pdp-i2732379938.html,1.050.000 ₫,,
"MẶT DƯỠNG CHO XE MAZDA6 2004-2009(MÀN ÂM, CÓ CANBUS) KÈM GIẮC ZIN THEO XE,. Khung dưỡng lắp màn hình oto MAZDA, Mặt nạ oto, Khung dưỡng chế màn hình oto, khung dưỡng thông dụng.Phụ kiện ô tô xe hơi, đồ chơi oto.",https://www.lazada.vn/products/pdp-i2158574853.html,499.000 ₫,,
"Đồng hồ thông minh yzlong t500ultra với theo dõi sức khỏe và thể chất, máy theo dõi nhịp tim và điều khiển camera từ xa",https://www.lazada.vn/products/pdp-i3162716110.html,110.000 ₫,,
"Loa Treble Rời Cao Cấp 750 - Âm Thanh Sắc Nét, Giá Tốt Nhất",https://www.lazada.vn/products/pdp-i3078032524.html,517.000 ₫,5.0,10 Đã bán
Bộ nguồn máy tính Aigo Ak 500w-1000w Rgb Fan Gaming 220v Bộ nguồn máy tính để bàn Atx có quạt 120mm,https://www.lazada.vn/products/pdp-i2724227343.html,603.200 ₫,4.0,107 Đã bán
"Kính Phiên Dịch AI E13 - Đa Ngôn Ngữ, Nhỏ Gọn, Thay Tròng Cận, Loa Bluetooth, Phù Hợp Du Lịch Công Tác",https://www.lazada.vn/products/pdp-i3037107191.html,426.550 ₫,5.0,6 Đã bán
"Mainboard H81 LGA 1150 Với Khe Cắm NVME M.2, Hỗ Trợ RAM DDR3, Dành Cho CPU I3 I5 i7/Xeon E3 V3, SZMZ H81M-PRO S1",https://www.lazada.vn/products/pdp-i3128061082.html,704.000 ₫,5.0,13 Đã bán
20pcs Oral Care Interdental Brush with Soft Bristles Easy to Use Tooth Cleaning Tool for Men & Women Oral Care AiOO-VN,https://www.lazada.vn/products/pdp-i3026620899.html,27.000 ₫,,
Main h81 asus - hàng chuẫn đẹp,https://www.lazada.vn/products/pdp-i362232697.html,315.000 ₫,3.0,196 Đã bán
Camera lùi + Camera gắn gương chiếu hậu kèm màn hình gấp 4.3 inch cao cấp - Car Rearview LCD Monitor,https://www.lazada.vn/products/pdp-i286940031.html,708.400 ₫,4.3,
Bộ Chuyển Đổi HDMI Sang VGA Bộ Chuyển Đổi Đầu Nối Độ Nét Cao Cho Máy Chiếu Monitor TV Interface VGA Sang Độ Nét Cao,https://www.lazada.vn/products/pdp-i3165281911.html,22.000 ₫,,"36 Đã bán
China"
Ekleva Y10 Tai nghe gắn mũ bảo hiểm xe máy Bluetooth 5.3 Bằng Giọng Nói Contro Xe Máy Không Dây Hands-On Talking Tai Nghe Không Thấm Nước,https://www.lazada.vn/products/pdp-i2761466576.html,436.599 ₫,5.0,5 Đã bán
"Tai Nghe Dịch Thuật 3 Trong 1, Dịch Thuật Thời Gian Thực 144 Ngôn Ngữ Với Chức Năng Khử Tiếng Ồn, Chống Nước, Tích Hợp Trí Tuệ Nhân Tạo, Dành Cho Giao Tiếp Kinh Doanh",https://www.lazada.vn/products/pdp-i3088289456.html,210.000 ₫,,"8 Đã bán
China"
{UU61} HD 1080P Alarm Clock Mini Camera Remote Wireless Wifi Control IR Night Vision View DVR Camcorder Home Indoor Monitor Video,https://www.lazada.vn/products/pdp-i3155336765.html,811.297 ₫,,
Turbine Tăng Áp Hai Giai Đoạn 12V Micro Bearing Brushless Motor Micro Fan Delta Brand Computer Hardware Monitor Computer Peripherals,https://www.lazada.vn/products/pdp-i1772369162.html,201.000 ₫,4.0,242 Đã bán
E-WOITD Height Adjustable Computer Monitor Holder 360 Degree Rotation PC Screen Stand Bracket For VESA 50 75 100mm For Working Office,https://www.lazada.vn/products/pdp-i3200732342.html,171.257 ₫,,
"Biến tần ô tô 12V, màn hình hiển thị LED, 12000w,Biến tần 12V/24V sang 220V",https://www.lazada.vn/products/pdp-i2795723055.html,409.000 ₫,4.0,263 Đã bán
Inkbird IBS-TH5-WIFI 8-in-1 trong nhà nhiệt độ và độ ẩm Monitor nhà máy đo thời tiết không khí trong nhà giám sát chất lượng với mực điện tử hiển thị và ứng dụng miễn phí thông minh báo động,https://www.lazada.vn/products/pdp-i2447550953.html,856.350 ₫,5.0,30 Đã bán
DEFUMAN | Camera Lùi HD cho Xe Tải và Máy Gặt 4 Kênh Giám Sát,https://www.lazada.vn/products/pdp-i3193616989.html,602.000 ₫,4.0,
( XA ) Phiên bản nâng cấp và trả lại Titan TV Man mới tương thích với đồ chơi lắp ráp khối Toilet Man vs. Monitor Man,https://www.lazada.vn/products/pdp-i2919611863.html,105.000 ₫,,
"Bộ công tắc điều khiển từ xa LW 40A 1000m-(1km)-220V, chính hãng., Điều khiển từ xa công suất lớn có học lệnh",https://www.lazada.vn/products/pdp-i2565936897.html,90.000 ₫,4.0,283 Đã bán
"Rcyago Wifi Đồng hồ đo độ PH 8 Trong 1 Thông Minh dụng cụ kiểm tra chất lượng Nước PH/EC/Orp/Tds (ppm)/CF/Salt/SG/Máy kiểm tra nhiệt độ Tuya Ứng Dụng Máy ghi dữ liệu Chức Năng, Aquarium Monitor Cho Hydroponics -- Probe Phụ Kiện Liên Kết",https://www.lazada.vn/products/pdp-i2963680713.html,93.481 ₫,1.0,6 Đã bán
"Quây chống chuột - Rào chắn chuột ô tô 4-5-7 chỗ và bán tải loại cao cấp, có lưới inox chống cắn + tặng kèm khóa + cáp + bao tay",https://www.lazada.vn/products/pdp-i2198451611.html,490.000 ₫,4.0,573 Đã bán
Bộ điều khiển hồng ngoại wifi tuya Ir tròn/S06/S06PRO/S09/S11 thông minh,https://www.lazada.vn/products/pdp-i2607249026.html,142.000 ₫,5.0,20 Đã bán
Laleader NP-F970 NP-750 NP-F550 Pin cho LED phổ biến đèn chiếu sáng phụ \ Monitor Li-ion pin 6600mAh 4400mAh 2200mAh np970 np750 NP550,https://www.lazada.vn/products/pdp-i2576262914.html,261.000 ₫,5.0,13 Đã bán
[Chính Hãng] Tai Nghe Kiểm Âm Audio Technica M20X - Studio Monitor Headphones Professional ATH-M20X ATHM20X,https://www.lazada.vn/products/pdp-i2602456228.html,1.450.000 ₫,5.0,
Bộ Thu WiFi Không Dây AX300 6 Thẻ WiFi 2.4G USB Dongle Cho PC Laptop - Thẻ Mạng Tốc Độ Cao 802.11ax Không Cần Trình Điều Khiển,https://www.lazada.vn/products/pdp-i3196990777.html,76.700 ₫,5.0,49 Đã bán
Cá Tính Ống Kính Kép Lật Lên Xe Máy Unisex Motocross Racing Mô Đun Full Mặt Cho Nam Và Nữ Bảo Vệ Thời Trang,https://www.lazada.vn/products/pdp-i3080052706.html,536.000 ₫,4.0,194 Đã bán
Ống Kính Kép H4 LED Đèn Pha 120W 40000LM Cao/Chùm Thấp Tự Động K Plug & Play Xe Máy Đèn Pha Ô Tô 6500K,https://www.lazada.vn/products/pdp-i2562410615.html,368.250 ₫,4.0,36 Đã bán
H310 Gigabyte (Socket1151-V2) chạy ổn định,https://www.lazada.vn/products/pdp-i2419043277.html,610.000 ₫,5.0,7 Đã bán
bi gầm -X300 Pro -CÔNG SUẤT 65W BẢO HÀNH 2 NĂM,https://www.lazada.vn/products/pdp-i1927422452.html,800.000 ₫,5.0,147 Đã bán
O2 Oxygen Sensor Upstream or Downstream for Accord 2.2L : SG336 36531-P06-A11,https://www.lazada.vn/products/pdp-i3226611073.html,337.000 ₫,,
Công Tắc Cảm Biến ánh sáng Tự Động Bật Tắt thiết bị cảm ứng Điều Khiển Quang Điện AC 220V/10A DC12V,https://www.lazada.vn/products/pdp-i3143294516.html,22.900 ₫,4.0,172 Đã bán
Ruột huyết áp dùng cho máy đo huyết áp cơ - ruột cao su phụ kiện máy đo huyết áp cơ,https://www.lazada.vn/products/pdp-i1945259616.html,43.400 ₫,5.0,35 Đã bán
Bộ Điều Chỉnh Áp Suất Nhiên Liệu Đa Năng Cho Suzuki GSX1300RA GSX-R750 GSR 600 GSX650F Honda CB500 Kawasaki Ninja Aprilia - Kim Loại & Cao Su,https://www.lazada.vn/products/pdp-i3084789742.html,111.800 ₫,5.0,17 Đã bán
2025 K19Max GPS Trở lại 5G 8K HD Máy ảnh kép từ xa với màn hình Tránh chướng ngại vật toàn hướng Drone RC Đồ chơi quà tặng,https://www.lazada.vn/products/pdp-i3228590074.html,3.024.040 ₫,,
E-WOITD Màn hình máy chiếu di động 16:9 Màn chiếu đơn giản màn chiếu 60 72 84 100 120 inch màn hình hiển thị HD cho rạp chiếu phim tại nhà,https://www.lazada.vn/products/pdp-i3186513158.html,60.388 ₫,,
[HCM]Nguồn máy tinh 550w Fan 12,https://www.lazada.vn/products/pdp-i101019311.html,85.000 ₫,4.0,364 Đã bán
Nguyên bộ máy vi tính văn phòng-học sinh-sinh viên core i5 650 ram 8g ssd 120g đu dây kết nối bảo hành chu đáo 3 tháng,https://www.lazada.vn/products/pdp-i2576910647.html,1.550.000 ₫,,
Đồng hồ thông minh samsung galaxy Watch 3 Size 41mm-45mm,https://www.lazada.vn/products/pdp-i2078210344.html,5.500.000 ₫,,
Xeon E5 2667 V2 E5 2667v2 E5-2667V2 E5-2667 V2 3.3GHz 8 lõi 16 chủ đề 25Mb Bộ nhớ cache sr19w 130W Bộ xử lý,https://www.lazada.vn/products/pdp-i2266926863.html,427.900 ₫,,
Bộ áo mưa nam nữ hoa tuyết nhựa dẻo trong suốt - áo mưa hình bông tuyết dành cho nam nữ,https://www.lazada.vn/products/pdp-i3171466358.html,89.112 ₫,5.0,30 Đã bán
"Màn hình taplo 5 inch hiển thị camera lùi,camera cặp lề",https://www.lazada.vn/products/pdp-i1230907995.html,319.000 ₫,4.0,19 Đã bán
2 Chiếc H7 H3 H11 H4 H6 LED Bóng Đèn Pha 16000LM 12V 6000K IP68 Chuyển Đổi Hi/Lo Tia Đèn Pha Tự Động Bộ Đa Năng Đèn Lái,https://www.lazada.vn/products/pdp-i2723415969.html,102.050 ₫,3.0,21 Đã bán
"Bóng Led T10 Siêu Sáng, Đèn Led T10 Lắp Mặt Đồng Hồ, Demi, Xi Nhan Xe Máy, Ô Tô....",https://www.lazada.vn/products/pdp-i1999872184.html,2.900 ₫,4.0,
"Trọn bộ màn hình OLED C2 NEW cho xe ISUZU DMAX, màn hình kèm lắp sim 4G cao cấp, màn ình cho xe ô tô, mặt dưỡng và giắc zin cho xe DMAX",https://www.lazada.vn/products/pdp-i2006360381.html,2.189.000 ₫,,
"Tai Nghe AI Translator 3 Trong 1, Khử Tiếng Ồn, Bluetooth 5.3, Dịch Giọng Nói Tức Thì Thời Gian Thực Cho 144 Ngôn Ngữ",https://www.lazada.vn/products/pdp-i3220193268.html,505.750 ₫,,"37 Đã bán
China"
"Màn hình LCD 17 inch vuông các hãng Samsung LG Acer Asus HP AOC Viewsonic BenQ, đủ cáp nguồn cáp VGA",https://www.lazada.vn/products/pdp-i3016756197.html,250.000 ₫,5.0,47 Đã bán
LAL Mùa hè mới của nam giới giày lỗ dép đi biển ngoài trời bên ngoài đa năng chống mài mòn không trơn trượt đế mềm túi đầu dép nam,https://www.lazada.vn/products/pdp-i2608652066.html,147.000 ₫,4.0,128 Đã bán
CANAMEK Kids Toddler Sponge Stamp Brush Kits Flower Drawing Toys for Children Paint Art,https://www.lazada.vn/products/pdp-i2967027786.html,12.035 ₫,5.0,7 Đã bán
Tai Nghe IE800 Ceramic Dynamic Balance In-Ear Sports Earphones DIY Unplug Plug Monitor Gaming Esports Headset with Mic,https://www.lazada.vn/products/pdp-i1066728162.html,379.000 ₫,5.0,16 Đã bán
KWS-1902L Type-C Tester 0.96'' Color Screen Real-Time Voltage/Current/Power Monitor 3C Accessories QC Tool for Phone/Laptop/Power Bank,https://www.lazada.vn/products/pdp-i3094409006.html,131.740 ₫,5.0,451 Đã bán
[ Hỏa tốc HN - HCM ] Nhiệt ẩm kế Xiaomi Mijia gen 2 (Mi Temperature and Humidity Monitor 2) - NUN4126GL - Bluetooth,https://www.lazada.vn/products/pdp-i2071413634.html,88.000 ₫,4.0,701 Đã bán
🔥🔥🔥qnljgv 88PCS Box Soft Anti-static Cleaning Wipes Wet Tissues For Computer Laptop LCD Monitor TV Mobile Phone Screen Digital Products,https://www.lazada.vn/products/pdp-i2521548090.html,141.212 ₫,4.0,94 Đã bán
for Magene Heart Rate Chest Belt Adjustable Elastic Strap for Polar Wahoo Garmin Sports Monitor Heart Rate Rate Belt,https://www.lazada.vn/products/pdp-i2065463662.html,71.600 ₫,5.0,5 Đã bán
"ChicHaven 1pcsMiscellaneous Storage Box, Toy Storage Basket, Household Plastic Storage Box, Kitchen Cabinet, Desktop Storage Box",https://www.lazada.vn/products/pdp-i3143877287.html,15.042 ₫,,
"Tản Nhiệt Thổi Cạnh Ống Đồng Áp Suất CPU Server Money Leopard R63 2U Lông Vũ 115X 1700 2011 AM4, Màn Hình Phần Cứng Máy Tính",https://www.lazada.vn/products/pdp-i2830302633.html,505.000 ₫,5.0,
[HCM]Công tắc cảm biến chuyển động hồng ngoại 12V HT-WS23,https://www.lazada.vn/products/pdp-i487546438.html,99.000 ₫,,
Loa Xe Hơi 5 Inch TINLY Kit Loa Âm Thanh Toàn Bộ Âm Thanh Cao Tần Thấp Tần Số Cao Tần Số Thấp Đồng Trục Âm Thanh Xe Hơi,https://www.lazada.vn/products/pdp-i2828867988.html,188.000 ₫,,"16 Đã bán
China"
Đèn LED Không Dây Màu Lạnh Cho Ô Tô USB Đèn Không Gian Nội Thất Xe Hơi Vô Hình Không Cần Cắm Cáp Đèn LED Không Dây Gắn Trên Đệm Ghế Phụ Lái,https://www.lazada.vn/products/pdp-i3211921276.html,46.000 ₫,,"60 Đã bán
China"
PC MINI INTEL NUC 8/ I5-5259U/ RAM 8G/ SSD256G,https://www.lazada.vn/products/pdp-i3177463679.html,3.850.000 ₫,,
Acrylic Fish Nest Side Panel S9 S5max K88air K77 Aluminum Mini PC DIY Heat Dissipation Compatible with M-ATX Compact Motherboard,https://www.lazada.vn/products/pdp-i2529111325.html,171.000 ₫,,"90 Đã bán
Hong Kong"
Máy Sưởi Ô Tô defroster 12V kính chắn gió ô tô defroster cho xe,https://www.lazada.vn/products/pdp-i3039299127.html,326.121 ₫,,
Mini PC ASUS NUC 14 PRO Intel AI Core Ultra 7 155H U5 125H NUC14RVH Revel Canyon RNUC14RVHU700001I,https://www.lazada.vn/products/pdp-i3124085120.html,13.190.000 ₫,,
XUEJIANG | Thiết Bị Định Vị GPS Chống Mất Cho Thiết Bị Apple & Android,https://www.lazada.vn/products/pdp-i3183580694.html,299.000 ₫,4.0,
"Loa nghe nhạc Máy Tính siêu trầm 2.0 Edifier R980T - Loa bookshelf 2.0 - 4"" Active Speakers - 2.0 Computer - Powered Studio Monitor (Pair)",https://www.lazada.vn/products/pdp-i506526686.html,1.202.745 ₫,5.0,6 Đã bán
SENPAI | Camera Hành Trình Xe Máy Đôi 2K,https://www.lazada.vn/products/pdp-i3176951629.html,583.000 ₫,,
Skechers_ Mới Nam Giày Thể Thao Sport D'Lux Walker Nam Giày Thể Thao Sport Vapor Foam Varien Thường Ngày Air-Cooled Memory Foam,https://www.lazada.vn/products/pdp-i2842200834.html,397.803 ₫,5.0,
Đồng hồ GS9 mini viền nhám 2024 kết nối bluetooth nghe nhận cuộc gọi đọc full thông báo AHAI STORE,https://www.lazada.vn/products/pdp-i2656939433.html,350.000 ₫,5.0,5 Đã bán
"VGA GALAX GTX 1060 OC 6G BLACK 2 FAN - CŨ, ZIN",https://www.lazada.vn/products/pdp-i3218757202.html,2.400.000 ₫,,
"[ Hỏa tốc HN - HCM ] Nhiệt ẩm kế Xiaomi Mi Temperature and Humidity Monitor gen 2 - Bluetooth - Chính hãng - Đồng hồ đo nhiệt độ, độ ẩm icon dễ thương",https://www.lazada.vn/products/pdp-i1785147462.html,129.000 ₫,5.0,
All Match Fashion Blue Light Filter Glasses Clear Ultra-Light Frame Anti Eyestrain UV Glare Eyewear Universal Fashion Accessories TF-Uss-VN,https://www.lazada.vn/products/pdp-i3039419228.html,27.040 ₫,5.0,17 Đã bán
ZEISS Clean Screen Wipes Laptop Computer Monitor Cleaning Cloth for Mobile Phone Tablet IPad Liquid Crystal MacBook Apple,https://www.lazada.vn/products/pdp-i3168202231.html,240.000 ₫,,
BI LED OVAN 65W 9CHIP LED 2024 SANG TRỌNG ĐẸP CHO CÁC BÁC LÊN CẤU HÌNH XE,https://www.lazada.vn/products/pdp-i3098775058.html,220.200 ₫,,
FE chặn main GIGABYTE H310M S2H (Mainboard IO Shield: 478),https://www.lazada.vn/products/pdp-i2959433277.html,50.000 ₫,5.0,
"Skechers_ Dép Nam Mới Nam Xăng Đan Thường Ngày, Đi Học, Đi Làm Foamies Footsteps - 131575-BBK",https://www.lazada.vn/products/pdp-i2840570575.html,194.834 ₫,,
"Ekleva 10.1 ""HD 1280*800 Android 13 Màn hình sau ghế xe ô tô Máy Tính Bảng Cho ghế sau Đa Phương Tiện Apple Carplay Môi Trường Xung Quanh Đèn BT SD Hdmi-Đầu Vào",https://www.lazada.vn/products/pdp-i3130659280.html,2.957.123 ₫,4.0,
Kính Đi Xe Máy Unisex Photochromic Chống Gió Khung Lớn Đi Xe Đạp Chạy Bộ Kính Đi Bộ Đường Dài Cho Thể Thao Ngoài Trời Thấu Kính Trong,https://www.lazada.vn/products/pdp-i3084889011.html,49.400 ₫,5.0,51 Đã bán
UGREEN USB Desktop Microphone ANS 36dB Stream Record Real-time Monitor Micro RGB for Livestream PC Phone Model:35629,https://www.lazada.vn/products/pdp-i2826770083.html,1.867.300 ₫,5.0,
"SmallRig Monitor Mount Giá Đỡ Màn Hình Camera Điều Chỉnh Được 360° Xoay và 180° Nghiêng với Ốc Vít 1/4""- 20 cho Màn Hình Ninja V và V+ 4886",https://www.lazada.vn/products/pdp-i2860112350.html,849.000 ₫,,
Jonsbo N4 NAS Máy tính để bàn Chassis ITX / M-ATX trường hợp máy tính 8 ổ cứng vị trí hỗ trợ 230mm Card đồ họa SFX mũi dao điện PC trường hợp vỏ máy tính để bàn,https://www.lazada.vn/products/pdp-i2593317321.html,2.382.183 ₫,5.0,25 Đã bán
Xe Đạp Tập Thể Dục Tại Nhà Galen G022 Xe Đạp Tập Gym Cải Tiến Kết Hợp Dụng Cụ Xoay Eo Hỗ Trợ Đo Nhịp Tim Và Calo Tiêu Thụ,https://www.lazada.vn/products/pdp-i2422552842.html,1.649.000 ₫,,
"Nguồn Ngoài Trời 12V 33A 400W – Chuyên Dụng Cho LED, Chống Nước, Bền Bỉ, Giá Tốt",https://www.lazada.vn/products/pdp-i1885034856.html,113.430 ₫,4.0,
"Nano bạc tạo khói khử khuẩn MC Pharma (1 lít) - Tinh dầu Nano bạc xông khói khử mùi ô tô, phun khói diệt khuẩn nhà cửa",https://www.lazada.vn/products/pdp-i2159349834.html,99.000 ₫,4.0,527 Đã bán
MTB Cycling Shoes Men Outdoor Sport Bicycle Shoes Self-Locking Professional Racing Road Bike Shoes zapatillas ciclismo,https://www.lazada.vn/products/pdp-i2593196255.html,913.404 ₫,,
0.28 inch DC 0-100V 3-Wire Mini Gauge voltage meter Voltmeter LED Display Digital Panel Voltmeter Meter Detector Monitor Tools,https://www.lazada.vn/products/pdp-i1705316005.html,12.800 ₫,4.0,373 Đã bán
Dimmable Desk Lamp Double Head Table Lamps USB Led Reading Light Stand Wide Monitor Lights for Computer Screen Study Office 24W,https://www.lazada.vn/products/pdp-i2489608621.html,387.860 ₫,5.0,11 Đã bán
Lacepulse 丨 Kết nối Bluetooth đa chức năng đồng hồ thông minh M9 không xâm lấn huyết áp đường huyết không có kim tiêm theo dõi giấc ngủ axit uric xuyên biên giới,https://www.lazada.vn/products/pdp-i3154515919.html,183.000 ₫,,
Bộ điều khiển từ xa công suất cao 3000W loại tốt - Điện Việt,https://www.lazada.vn/products/pdp-i1743344233.html,52.470 ₫,5.0,20 Đã bán
"Pin NP-F dung lượng cao chuyên dùng cho Máy quay phim SONY, Đèn Led chiếu sáng hỗ trợ quay phim, chụp ảnh, Màn hình Monitor, Máy quay SONY Pro,...",https://www.lazada.vn/products/pdp-i2096513432.html,370.000 ₫,4.0,65 Đã bán
(YEAJ) Camera Clamp Quick Release Rail Clip Mount 1/4 3/8 Hole for 20mm Video Light Mic Monitor Holder Gimbal Slider Extension,https://www.lazada.vn/products/pdp-i3156683153.html,292.700 ₫,,
YL D60-12 12V 0.50A 6025 6cm Power Supply Fan Box 4-Line PWM High Airflow Computer Hardware Monitor Accessories,https://www.lazada.vn/products/pdp-i3005488930.html,81.000 ₫,,"44 Đã bán
China"
"Quây lưới chống chuột ô tô, hàng loại 1 chân inox 304( bảo hành 1 Năm), quây xe chống chuột xe ô tô, Lưới chống chuột ô tô , chống chuột xe ô tô.",https://www.lazada.vn/products/pdp-i2256828031.html,550.000 ₫,5.0,703 Đã bán
Màn Hình Máy Tính 22 inch KV-Vision FHD IPS 75Hz 5ms AMD Freesync| 22 inch. Hàng Chính Hãng | Bảo Hành 24 Tháng,https://www.lazada.vn/products/pdp-i2224590298.html,1.500.000 ₫,,
Cute Cow Resin Crafts Resin Decorations DIY Craft Micro Mini Ornament for Home Office Table Decor E5Y-VN,https://www.lazada.vn/products/pdp-i3039616172.html,7.000 ₫,5.0,
"Cảm Biến Hiện Diện Hunonic HPR, Cảm Biến Bật Tắt Đèn Nhà Vệ Sinh, Hành Lang, còn người là còn sáng",https://www.lazada.vn/products/pdp-i2646642078.html,495.000 ₫,,
[HCM]MÁY ĐO HUYẾT ÁP CỰC KỲ CHÍNH XÁC CHO KẾT QUẢ TRONG VÒNG 5 GIÂY - Máy đo huyết áp điện tử đeo cổ tay JZK - 003R CÔNG NGHỆ NHẬT BẢN dễ sử dung. .( BẢO HÀNH 1 ĐỔI 1),https://www.lazada.vn/products/pdp-i1799672015.html,270.000 ₫,5.0,15 Đã bán
[Sale.!] Vỏ thùng loa Monitor 30 ván ép chuyên sự kiện giá 1 CÁI ..x,https://www.lazada.vn/products/pdp-i2738251668.html,1.400.000 ₫,5.0,
Kính H2C V5 hàng cao cấp,https://www.lazada.vn/products/pdp-i3037269508.html,439.000 ₫,5.0,
CẢM BIẾN TRỤC CAM DAEWOO GENTRA,https://www.lazada.vn/products/pdp-i2244889744.html,400.000 ₫,,
"Xe Đạp Tập Chân Tay Tại Nhà Phục Hồi Chức Năng Sau tai Biến Có Kháng Lực, Có Đồng Hồ HIển Thị LCD",https://www.lazada.vn/products/pdp-i2265976929.html,161.000 ₫,5.0,12 Đã bán
Nhẫn thông minh Smart Ring Parameters,https://www.lazada.vn/products/pdp-i2790643487.html,510.000 ₫,5.0,
E-WOITD Hợp Kim Nhôm Kẹp Với Đôi Bóng Đầu Ma Thuật Cánh Tay Kẹp 1 4 ''3 8' 'Lỗ Cho Điện Thoại Video Núi Máy Ảnh Màn Hình LED Ánh Sáng Mic,https://www.lazada.vn/products/pdp-i3128562480.html,47.962 ₫,,
"B&G Xe đạp tập thể dục tại nhà EXERCISE BIKE-YS02 (PINK), có màn hình led tham khảo thông số",https://www.lazada.vn/products/pdp-i136893700.html,999.000 ₫,4.0,70 Đã bán
Đẩy công suất 32 sò CADX CA32 biến áp xuyến chính hãng,https://www.lazada.vn/products/pdp-i2432883121.html,2.860.000 ₫,4.0,22 Đã bán
Tai Nghe Kiểm Âm Nhét Tai In ear NMC-AUDIO QKZ63-IEM Studio Monitor Headphones QKZ63,https://www.lazada.vn/products/pdp-i2602370895.html,299.000 ₫,5.0,
"Định vị xe máy ô tô GPS T8 phiên bản 4G mới nhất, app miễn phí, lưu lịch sử 90 ngày.",https://www.lazada.vn/products/pdp-i2630003058.html,280.000 ₫,4.0,206 Đã bán
"Nguồn máy tính Dell Optiplex 390,790,990,3010,7010,9010 SFF",https://www.lazada.vn/products/pdp-i3180411481.html,410.000 ₫,5.0,6 Đã bán
"HUAWEI GT4/GT5 46mm - Hỗ trợ nghe gọi, GPS, Pin sử dụng lâu dài.",https://www.lazada.vn/products/pdp-i2020374028.html,4.790.000 ₫,,
Kệ màn hình máy tính màu gỗ Plyconcept Monitor Stand,https://www.lazada.vn/products/pdp-i1963033806.html,259.000 ₫,4.0,101 Đã bán
"Dèn LED Pha N30 Sáng Trắng Gom Chiếu Xa DC:12- 24V LẮP ÔTÔ,XE MÁY Chân H4, H7, H11, 9005, 9006 Đèn Pha Phụ Tùng",https://www.lazada.vn/products/pdp-i3111471664.html,267.300 ₫,,
Main H110 | H81 | B85 99% kèm CPU và Ram bảo hành 1 tháng,https://www.lazada.vn/products/pdp-i2643342270.html,190.000 ₫,5.0,13 Đã bán
【E-WOITD】 Khung vách ngăn Card đồ họa cho Nvidia Quadro K1200 nvs510 P400 P600 p620 P1000,https://www.lazada.vn/products/pdp-i3136546490.html,51.163 ₫,,
Đèn Sương Mù LED Màu Xanh Lam Máy Chiếu LED Bi Ống Kính Sương Mù Điốt PTF 3Inch Ống Kính Ô Tô Thông Dụng 6000K 3000K Phụ Kiện Xe Hơi Điều Chỉnh,https://www.lazada.vn/products/pdp-i1874216534.html,857.446 ₫,4.0,556 Đã bán
"Màn hình C2 DVD Android RAM2 ROM32 , Cho Xe KIA MORNING GIÁ RẺ 2012-2020",https://www.lazada.vn/products/pdp-i1419428962.html,2.090.000 ₫,5.0,
Auto Tour Logo ô tô sáng tạo Móc khóa xe máy Móc khóa kim loại hợp kim cho xe máy Honda,https://www.lazada.vn/products/pdp-i2707951338.html,15.000 ₫,,
2025 Mới cho Samsung Galaxy Watch cấp y tế Đồng hồ thông minh người đàn ông Đường máu Máu Lipid Uric Acid Monitor HRV ECG NFC Smartwatch,https://www.lazada.vn/products/pdp-i3228017718.html,1.661.665 ₫,,
Cuộn Đồng Dẫn Nhiệt 6mm Cuộn Làm Mát GPU CPU Cuộn LED DIY Cuộn Làm Mát Hiệu Suất Cao Phụ Kiện Làm Mát Tản Nhiệt,https://www.lazada.vn/products/pdp-i2830198761.html,55.000 ₫,,
"Sự miêu tả:Cyberpunk City Desktop Pad,Vintage Vaporwave City Gaming Desktop Pad,Neon Night Hong Kong City Big Gaming Mouse Pad XXL,Đèn LED trang trí bàn,,",https://www.lazada.vn/products/pdp-i2748476336.html,175.262 ₫,,
Combo H61 - i3 2xxx - Ram 4G,https://www.lazada.vn/products/pdp-i2501994580.html,350.000 ₫,4.0,28 Đã bán
"Kính AI Phiên Dịch E13 - Phiên Dịch Đa Ngôn Ngữ, Chống Nước, Cảm Ứng Hiện Đại, Thay Tròng Cận",https://www.lazada.vn/products/pdp-i2308472136.html,449.000 ₫,4.0,161 Đã bán
"Đồ chơi lắp ráp YZ7204 4in1 mô hình skibidi toilet titan sound man, knight toilet, dark monitor, the caterpillar toilet man",https://www.lazada.vn/products/pdp-i2943965781.html,100.000 ₫,,
Máy Sưởi Ô Tô defroster Fan Sưởi ấm nhanh bảng điều khiển đệm sưởi ghế 360 độ xoay kính chắn gió defogging demister defroster,https://www.lazada.vn/products/pdp-i2470920948.html,217.863 ₫,,
"(Chính Hãng) Loa MoMo - Tiền Về Ngân Hàng, Hỗ Trợ VIP 24/7",https://www.lazada.vn/products/pdp-i3043151487.html,329.000 ₫,5.0,81 Đã bán
"Công tắc điều khiển từ xa RF 2 cổng, 4 cổng độc lập xuyên tường + màu Trắng + Kèm Pin+ giá treo",https://www.lazada.vn/products/pdp-i2616964024.html,26.000 ₫,4.0,84 Đã bán
robot skibidi toilet New Rare Toilet Man and Monitor Man TV Man vs Clock Minifigure Super,https://www.lazada.vn/products/pdp-i2919616452.html,139.000 ₫,2.0,
Jettingbuy 4 Cái/lốc Lớp Phủ Chống Trượt Nhà Vệ Sinh Che Gasket Bumper Tự Dính Ghế Miếng Đệm,https://www.lazada.vn/products/pdp-i718466093.html,42.677 ₫,4.0,52 Đã bán
Trung tâm xe hơi Lưới Tản Nhiệt Ánh Sáng Xe LED Trung Tâm Ánh Sáng hai màu Spotlight Đèn pha LED xe máy Đèn Led Xe Xe Máy Đèn LED chiếu điểm Phổ,https://www.lazada.vn/products/pdp-i2935658171.html,193.525 ₫,5.0,44 Đã bán
"Màn Hình Máy Tính DUAN DA272QP 27 inch 2K (2560x1440) Tràn Viền Gaming Tần Số 100Hz Hàng Chính Hãng Hình Ảnh Sắc Nét, Sống Động - Bảo hành 24 Tháng",https://www.lazada.vn/products/pdp-i1944132733.html,3.289.000 ₫,,
HCPDF Dây đeo đàn hồi Dây đeo ngực theo dõi nhịp tim Thể thao ngoài trời Không thấm nước Dây đeo nhịp tim đạp xe Phụ kiện chạy bộ Không dây Đai ngực nhịp tim Dành cho wahoo,https://www.lazada.vn/products/pdp-i3226019241.html,117.000 ₫,,
Mileauto trước Jack ổ cắm pad cho Audi A6 C7 A7 2011-2018 trực tiếp thay thế 4g0802845 dưới giá đỡ xe Khung Giao hàng nhanh,https://www.lazada.vn/products/pdp-i3101742367.html,420.000 ₫,,
Găng tay trong suốt cho cả Nam và Nữ Găng tay bó sát sáng bóng dầu gợi cảm Găng tay mỏng hóa trang đi tiệc Câu lạc bộ,https://www.lazada.vn/products/pdp-i3001686052.html,71.095 ₫,,
Máy cấp nguồn Nice-Power SPS3010 10A-30V - Nguồn xung,https://www.lazada.vn/products/pdp-i2775265814.html,1.265.000 ₫,,
E-WOITD 88 cái hộp mềm chống tĩnh làm sạch khăn lau ướt mô cho máy tính máy tính xách tay LCD Monitor TV điện thoại di động màn hình sản phẩm kỹ thuật số,https://www.lazada.vn/products/pdp-i3128690193.html,43.666 ₫,,
Loa Bluetooth Thông Minh AI Phi Hành Gia Đèn Led RGP Nhấp Nháy Theo Nhạc Có Đèn Báo Thức Hiển Thị Đồng Hồ Hỗ Trợ Thẻ TF,https://www.lazada.vn/products/pdp-i2407838809.html,385.000 ₫,,
cặp học sinh ba lô học sinh túi đi học thêm balo chống gù Cặp Đi Học Mẫu Giáo Cho Bé Trai Và Bé Gái Loạt Phim Hoạt Hình Kỳ Lân Khủng Long,https://www.lazada.vn/products/pdp-i3107902525.html,79.000 ₫,5.0,5 Đã bán
"Lưỡi Gạt Nước Kính Chắn Gió Ô Tô Tự Động Tất Cả Các Mùa Dải Cao Su Tự Nhiên 14 "" - 28"" Tương Thích Với Hệ Thống Gạt Nước 3 Tầng",https://www.lazada.vn/products/pdp-i2562754282.html,31.200 ₫,4.0,428 Đã bán
"Máy đo huyết áp cổ tay WEB-306, B903 và Máy đo Huyết áp Arm Style, ZP-800-01",https://www.lazada.vn/products/pdp-i3149859661.html,101.000 ₫,,
Leather Shell Sunglasses Case Rustic Leather Sunglass Wrap Eye Glass Protective Holder for Sunglass Reading Glasses TF-Ais-VN,https://www.lazada.vn/products/pdp-i2980444531.html,16.000 ₫,,
ĐỒNG HỒ THÔNG MINH - TÍCH HƠP TAI NGHE BLUETOOTH ĐỘC LẬP - FULL THÔNG BÁO - MÀN NÉT - PIN KHOẺ - RẤT TIỆN LỢI,https://www.lazada.vn/products/pdp-i2485006894.html,1.200.000 ₫,,
hoco Y14 Đồng hồ Smart Watch 1.32 inch 200mAh nghe gọi bluetooth,https://www.lazada.vn/products/pdp-i2836495960.html,703.000 ₫,,
Motorcycle Goggles Dirt Bike Goggles Windproof Glasses ATV Goggles Safety Glasses for Helmets for Outdoor Activities TF-Ais-VN,https://www.lazada.vn/products/pdp-i3039328648.html,76.000 ₫,,
"Aspect Ratio Computer Privacy Screen Filter for Widescreen Computer Monitor - Anti-Glare - Anti-Scratch Protector Film for Data confidentiality - We Offer 2 Different 24"" Filter Sizes",https://www.lazada.vn/products/pdp-i2791073479.html,373.047 ₫,,
Tai nghe In-Ear Monitors có đầu nối MMCX BT251-BK,https://www.lazada.vn/products/pdp-i2148043433.html,750.000 ₫,,
"Đèn Bi gầm P90 Plus - 3 màu, thay đổi màu qua từng lần bật, tắt, Công suất 65W, Có trợ pha Laser, có quạt tản nhiệt-l.",https://www.lazada.vn/products/pdp-i3111507672.html,750.000 ₫,3.0,15 Đã bán
Water Sprayer Backpack Fireman Toys Leakage Prevention Ultra Long-Range Water Gun for Children Kids Summer Toy TF-Mel-VN,https://www.lazada.vn/products/pdp-i3039337272.html,133.000 ₫,,
Đa Năng 16Cm Sợi Carbon Nhìn Vây Cá Mập Mái Ô Tô Ăng Ten Topper AM FM Radio Khuếch Đại Tín Hiệu Nhựa ABS Cho Hầu Hết Các Loại Xe,https://www.lazada.vn/products/pdp-i2562732475.html,77.350 ₫,4.0,100 Đã bán
Dây nguồn AC 3 chấu dây to loại tốt (Rẻ - Bền - Chất lượng),https://www.lazada.vn/products/pdp-i2528807839.html,17.000 ₫,5.0,
"Nguồn 12V 40A , nguồn ngoài trời vỏ nhôm chống nước nhập khẩu mới 100% bảo hành 2 năm",https://www.lazada.vn/products/pdp-i3049567314.html,115.000 ₫,5.0,23 Đã bán
Ổ DVD Rom Máy tính PC cổng ATA,https://www.lazada.vn/products/pdp-i363698368.html,85.000 ₫,3.0,20 Đã bán
SHgeZm 14cm Sticky Cat Paw Squishy Toys Stress Relief Relief Relax Toys Giant Paw Squishy Pinching And Decompressing Toy Favors Gifts,https://www.lazada.vn/products/pdp-i3001762133.html,23.368 ₫,5.0,16 Đã bán
Pop Mart Cartoon Beaded Keychain Cartoon Beaded Hanging Bag Pendant Chain for Bag Key Car Interior Decoration TF-Uss-VN,https://www.lazada.vn/products/pdp-i2965485383.html,34.000 ₫,5.0,10 Đã bán
"Nhẫn đo huyết áp, oxy, chức năng tập luyện, có NFC một chạm cửa từ thang máy, xe điện",https://www.lazada.vn/products/pdp-i3115632008.html,599.000 ₫,,
"Phuộc Ohlins bình dầu dưới cho Vario, Click, Mio, Vision, SH Mode",https://www.lazada.vn/products/pdp-i1809407865.html,520.000 ₫,4.0,56 Đã bán
"Phuộc sau RCB NITRON gắn Vario, Click, Vision 2021-2024, Sh mode, Lead",https://www.lazada.vn/products/pdp-i2803812553.html,550.000 ₫,4.0,100 Đã bán
VONDA Women Short Sleeve Button Up Jumpsuit Casual Holiday Shorts Turn Down Collar Rompers (Korean Causal),https://www.lazada.vn/products/pdp-i2830164907.html,216.861 ₫,,
Đèn Trợ Sáng Bi Cầu Mini M 10 Ultra Titan mQ-LED+ 3 Chế Độ 12-24v 45w Chính Hãng M3MINI Tặng Công Tắc,https://www.lazada.vn/products/pdp-i2472789344.html,355.000 ₫,4.0,126 Đã bán
"Công Tắc Cảm Biến Chuyển Động Radar Vi Sóng Bc 05 - Tự Động Bật Tắt Đèn , Thiết Bị Khi Có Chuyển Động",https://www.lazada.vn/products/pdp-i2359212830.html,110.000 ₫,5.0,9 Đã bán
"(ĐỦ LOẠI) B&G Xe đạp tập thể dục tại nhà EXERCISE BIKE YS02 ĐỦ MÀU, dòng S500 & S303, có đồng hồ hiển thị thông số",https://www.lazada.vn/products/pdp-i103556696.html,801.724 ₫,4.0,
"NEEWER MA019 Giá đỡ màn hình Field Monitor có đế Cold Shoe xoay 360 độ, nghiêng 180 độ, vít chống xoắn",https://www.lazada.vn/products/pdp-i3037222454.html,442.000 ₫,,
Fallsweet Strapless Tube Front-closed No-wired Push Up áo ngực cai truớc One-piese Seamless Invisible Bralette for Women Wedding Special Lingerie Underwear,https://www.lazada.vn/products/pdp-i2382648023.html,120.000 ₫,4.0,64 Đã bán
Passive 2U Rectangular 2011 Pin Server Heat Sink DIY Modification Heat Sink Copper Tube X79 X99 Computer Hardware Monitor,https://www.lazada.vn/products/pdp-i2524404189.html,234.000 ₫,5.0,57 Đã bán
Nến dốc 25cm nến thon màu kẹo nến dài màu morandi nến hình nón dài nến màu không khói nến đám cưới nến thon màu kẹo nến đám cưới,https://www.lazada.vn/products/pdp-i2928311934.html,86.773 ₫,,
ốp chìa khoá Kia Chìa khóa xe picanto stonic buổi sáng Seltos cerato rio Seltos SX 2024 K3 K5 sonet 2024 2025 Sportage vỏ chìa khoá ô tô bọc chìa khoá smartkey,https://www.lazada.vn/products/pdp-i3146336341.html,116.390 ₫,,
nguồn viễn thông 53v công suất 3000w 50A liên tục mã dzy 48/50h,https://www.lazada.vn/products/pdp-i2928332397.html,850.000 ₫,,
AI Loa thông minh AI S50 bluetooth không dây nhỏ Stereo đồng hồ gương ba nhóm đồng hồ báo thức điều khiển bằng giọng nói nhân tạo desktopguteng,https://www.lazada.vn/products/pdp-i3127430378.html,219.000 ₫,,
Casing For Tecno Spark 30 Pro 4G KL7 Clear Anti-Drop Acrylic Protective Cover With Magnetic Sticker,https://www.lazada.vn/products/pdp-i2907953048.html,38.359 ₫,,
TONYOOG Di động Công cụ tìm camera hồng ngoại Hai cấp độ chiếu sáng Chuyên nghiệp Máy dò tìm thiết bị ẩn giấu Chất lượng cao Máy dò tìm chống nhìn trộm Phòng khách sạn,https://www.lazada.vn/products/pdp-i3212323765.html,62.000 ₫,,
Đèn Trợ Sáng Aozoom EX2 Bảo Hành Chính Hãng 2năm,https://www.lazada.vn/products/pdp-i3191781213.html,1.850.000 ₫,5.0,
"Bộ màn hình A5 kèm mặt dưỡng,dây nguồn zin cho xe KIA RIO - phụ tùng nội thất ô tô, linh kiện xe hơi, man hinh oto chay android, lắp camera trước cho ô tô",https://www.lazada.vn/products/pdp-i2108146697.html,2.190.000 ₫,,
"Đèn Bi gầm P90 Plus - 3 màu, thay đổi màu qua từng lần bật, tắt, Công suất 65W, Có trợ pha Laser, có quạt tản nhiệt-l.",https://www.lazada.vn/products/pdp-i2952072768.html,750.000 ₫,5.0,55 Đã bán
Giá Tốt Gara Xy lanh tổng côn( Côn trên) Lacetti chính hãng GM 96494422,https://www.lazada.vn/products/pdp-i3125105800.html,469.000 ₫,,
"Đèn Trợ Sáng Kenzo40 Chip SST20, Sáng Gom Mạnh , Chiếu Xa( Giá 1 Đèn )",https://www.lazada.vn/products/pdp-i3111522597.html,420.000 ₫,,
Hynbyzj H4 H7 Bi Led Ống Kính 20000lm 180W Đèn Pha Ô Tô 6500K Bóng H8 H9 9005 9006 Hb3 Hb4 H11 9012 Có Thể Điều Chỉnh Nhiệt Độ Màu,https://www.lazada.vn/products/pdp-i2729361980.html,979.200 ₫,5.0,17 Đã bán
TRN Conch Earphone High-Performance DLC Diamond Diaphragm Dynamic in-Ear Monitors Interchangeable Tuning Nozzle Filters,https://www.lazada.vn/products/pdp-i2474594630.html,557.474 ₫,4.0,26 Đã bán
Quạt Ô Tô 5 Chân 4 Vị Trí Công Tắc Xoay 3 Tốc Độ Quạt Điều Hòa Không Khí 4 Vị Trí Công Tắc Núm Đa Tốc Độ Linh Kiện Điện Tử Thị Trường,https://www.lazada.vn/products/pdp-i2830298566.html,100.000 ₫,,
"Máy Rung Lắc Toàn Thân 120 và 199 Cấp Độ Tặng Dây Nhảy + Dây Cáp Tập Tay, Dễ Sử Dụng , Có Nghe Nhạc - Hỗ Trợ Giảm Cân Hiệu Quả",https://www.lazada.vn/products/pdp-i747322491.html,1.650.000 ₫,,
Card VGA Radeon RX 580 GIGABYTE Gaming 4G/8G DDR5,https://www.lazada.vn/products/pdp-i2627843867.html,1.550.000 ₫,5.0,13 Đã bán
TAFIQ | Chuột Chơi Game Im Lặng với 6 Phím Macro Có Thể Lập Trình cho Máy Tính Để Bàn và Laptop Văn Phòng,https://www.lazada.vn/products/pdp-i3181105082.html,116.000 ₫,4.0,
"Pin NP-F990 /980/970 dung lượng khủng chuyên dùng cho máy quay phim SONY chuyên nghiệp, Đèn Video Light, Màn hình HD- Monitor, hỗ trợ nhà quay phim, nhiếp ảnh gia chuyên nghiệp......",https://www.lazada.vn/products/pdp-i2057036327.html,270.000 ₫,4.0,27 Đã bán
Áo đấu bóng đá retro Celtic sân khách 84-86,https://www.lazada.vn/products/pdp-i3150354699.html,163.200 ₫,5.0,
Smart Sensor Màn Hình Hiển Thị IPS 3.5 Inch Màn Hình Phụ Màn Hình Mini Màn Hình Dọc Ngang Chuyển Đổi Cổng USB Kép Xoay 360 ° Cho Máy Tính Raspberry Pi Khung Máy Vi Tính ITX,https://www.lazada.vn/products/pdp-i1930676154.html,502.000 ₫,4.0,11 Đã bán
"Combo Main X99 Dual mã F8D, Xeon 2686 v4, Ram 32G ECC D4",https://www.lazada.vn/products/pdp-i3195198570.html,2.250.000 ₫,,
2 Chiếc H3 Bóng Đèn LED Siêu Sáng Đèn Sương Mù Ô Tô 6000K DC 12V-24V Ngày Chạy Bộ Đèn Sương Mù Tự Động,https://www.lazada.vn/products/pdp-i2618360626.html,115.700 ₫,4.0,61 Đã bán
"Màn Hình Dell Dell Latitude 5400 5401 5420 7400 7410 7420 14inch led mỏng 30 pin, cáp trên màn FHD IPS",https://www.lazada.vn/products/pdp-i3204108563.html,995.000 ₫,5.0,
"[Hcm]Xe Đạp Tập Thể Dục Tại Nhà Chính Hãng Goodfit Gf001pa, Màn Hình Cao Cấp Theo Dõi Chuyển Động Lcd Tập Linh Hoạt, Khung Sườn Chắc Chắn Kiểu Dáng Hiện Đại Phù Hợp Không Gian. Tập Luyện Nâng Cao Sức Khoẻ, Bảo Hành 1 Năm Trên TQ",https://www.lazada.vn/products/pdp-i1498340755.html,699.000 ₫,5.0,487 Đã bán
màn hình cảm ứng 7inch,https://www.lazada.vn/products/pdp-i2641787101.html,275.000 ₫,5.0,
"Kệ màn hình máy tính, Kệ Tivi Dài 80 cm, Gỗ uốn cong Plyconcept Monitor Stand U800",https://www.lazada.vn/products/pdp-i1963603096.html,430.000 ₫,5.0,28 Đã bán
"Bộ Nguồn cao cấp cho camera giám sát 12V - 2A có IC giải nhiệt, đủ nguồn và ổn định",https://www.lazada.vn/products/pdp-i2655644508.html,39.000 ₫,5.0,25 Đã bán
(IKPS) 2.8inch LCD Video Baby Monitor 2.4G Wireless Security Baby Camera 2-Way Talk Night Vision Temperature Baby Cry Alarm,https://www.lazada.vn/products/pdp-i2759008974.html,979.491 ₫,,
INKBIRD IAM-T2 3in1 Bluetooth CO2 Detector High Prescise NDIR Sensor Rechargeable Indoor Temperature Humidity Monitor Light and Sound Dual Alert,https://www.lazada.vn/products/pdp-i3077020937.html,864.135 ₫,5.0,21 Đã bán
JINHF Xe Máy chuyển đổi đèn pha Spotlight Sương Mù Ánh sáng nút Retro Moto Pit Dirt Bike xe máy Phụ kiện 22mm,https://www.lazada.vn/products/pdp-i3125869131.html,33.783 ₫,,
"Chest Belt Strap for Polar Wahoo Garmin for Sports Wireless Heart Rate Monitor,Black",https://www.lazada.vn/products/pdp-i2301311702.html,113.600 ₫,,
New brand 3.87V Fitbit Luxe smartwatch A cell,https://www.lazada.vn/products/pdp-i2765828903.html,435.817 ₫,,
Máy lọc khử mùi xe hơi hàng nội điạ nhật (made in japan),https://www.lazada.vn/products/pdp-i2491913659.html,530.000 ₫,4.0,25 Đã bán
CIMABUE Deodorant cover Sealing silicone Sink Deodorizer Floor Cover Thick Household Sewer Anti-insect Home Plumbing Facilities Bathroom,https://www.lazada.vn/products/pdp-i2057349202.html,10.395 ₫,4.0,446 Đã bán
Bộ ĐK Lưu Điện UPS Camera 12V8A (4 Mắt + 1 Đầu Thu),https://www.lazada.vn/products/pdp-i1712800183.html,268.000 ₫,5.0,14 Đã bán
Màn hình LG UltraFine 32UN880K-B.ATV (32 inch/ 3840 x 2160/ 280 cd/m2/ 5ms/ 60Hz) - Hàng Chính Hãng,https://www.lazada.vn/products/pdp-i3000549981.html,13.490.000 ₫,,
Máy Tính Bộ PC Mini ASUS NUC13 PRO Tall / i3-1315U/ (RNUC13ANHI300000I) Chưa Bao Gồm SSD Và RAM - Hàng Chính Hãng,https://www.lazada.vn/products/pdp-i3197001239.html,11.000.000 ₫,,
Mini PC ASUS NUC 13 Pro Intel Core i7-1360P Canyon NUC13ANHi7 Xuất 8K WiFi 6E Thunderbolt 4,https://www.lazada.vn/products/pdp-i3123880812.html,15.390.000 ₫,,
Bi cầu Led Driving CBI Laser OSRAM LEDPES108-BK LHD,https://www.lazada.vn/products/pdp-i2921225481.html,6.255.000 ₫,,
"Quảng Đông B♢Dueplay [Sẵn Hàng]đồng Hồ Điện Thoại Trẻ Em Q19 Cho Trẻ Em, Đồng Hồ Đeo Tay Sos Định Vị Lbs Chống Nước Ip65 Tích Hợp Camera 2G Đồng Hồ Thông M",https://www.lazada.vn/products/pdp-i2605497476.html,159.512 ₫,,
"Mini PC ASUS NUC AI 350 (PN54) Máy tính Ryzen AI 7 350, Radeon 860M, 6 USB, Dual LAN, 4 màn 4K",https://www.lazada.vn/products/pdp-i3210782507.html,14.990.000 ₫,,
SENPAI | Camera Hành Trình Xe Máy 2K Chống Nước Kết Nối Điện Thoại,https://www.lazada.vn/products/pdp-i3201433460.html,787.000 ₫,4.0,
Magene C606 GPS thông minh máy tính Xe Đạp 2.8inch Màu màn hình cảm ứng Wifi/Bluetooth truyền dữ liệu tùy chỉnh hiển thị dữ liệu,https://www.lazada.vn/products/pdp-i2550423354.html,6.391.667 ₫,5.0,10 Đã bán
Loa Thông Minh Google Nest Audio Tích Hợp Trợ Lý Ảo - Hàng Chính Hãng - BH 1 Năm - Có Xuất VAT,https://www.lazada.vn/products/pdp-i2133913413.html,2.990.000 ₫,5.0,15 Đã bán
HD 25 LIGHT Tai Nghe Monitor Sennheiser-HÀNG CHÍNH HÃNG,https://www.lazada.vn/products/pdp-i2606959368.html,3.240.000 ₫,,
"COMBO màn hình A5 kèm mặt dưỡng,dây nguồn zin cho xe MISUBISHI XPANDER - cửa hàng đồ chơi xe ô tô, đầu dvd xe ô tô, dvd xe hơi, camera giám sát hành trình ô tô",https://www.lazada.vn/products/pdp-i2190771689.html,2.190.000 ₫,,
Card Màn Hình - VGA T-WOLF RTX3070 8GB GDDR6/ RTX3060 12GB GDDR6/ RTX2060 6GB GDDR6 - Hàng Chính Hãng,https://www.lazada.vn/products/pdp-i3111207795.html,9.820.000 ₫,,
UGREEN HDMI DP KVM Switch 4K 60Hz 2 in 2 out USB C USB 3.0 Sharing Monitor Keyboard Mouse Printer with HDR 3D Support for 2 Computers Model:55455,https://www.lazada.vn/products/pdp-i3092351954.html,3.025.400 ₫,5.0,
"Jaket Hoodie Prostreet Inside V3 Bahan Katun Tebal jaket Prostreet Terbaru - INSIDE V3, M",https://www.lazada.vn/products/pdp-i3123895923.html,240.000 ₫,,
"Đèn Bàn Có Thể Điều Chỉnh Độ Sáng RGB Monitor Light Bar Strip Eye Care Để Làm Việc, Học Tập, Đọc Sách - Ánh Sáng Không Khí Hiện Đại",https://www.lazada.vn/products/pdp-i3232525360.html,213.500 ₫,,"90 Đã bán
China"
"【CHANGXIANG3】 Sunflower Shiou 2 Băng Quấn Cái hộp, Khâu Khóa Kéo Dây Kéo, Đóng Vết Thương Khâu Dính- Miễn Phí",https://www.lazada.vn/products/pdp-i2803128700.html,97.364 ₫,,
Zombie Universe Toilet Man và Monitor Man Tương thích LEGO Mutated Titans TV Man vs Clock Man Đồ ch,https://www.lazada.vn/products/pdp-i2945590180.html,105.000 ₫,,
"Men's Stainless Steel Chastity Lock Cage, Wear Lock Cb Chastity Equipment When Going Out",https://www.lazada.vn/products/pdp-i3226455530.html,454.754 ₫,,
Màn hình LCD MSI MAG 255F E20 (24.5 inch/ 1920 x 1080/ 0.5ms/ 200Hz) - Hàng Chính Hãng,https://www.lazada.vn/products/pdp-i3077159385.html,3.250.000 ₫,,
"Lọc Kim Phun Lọc Nhiên Liệu Cho Kim Phun Lọc Chân Béc Honda CBR, Sonic, Winner, GTR,airblade,cx vision future rsx Winner Sh,RSX Fi,AB 2011",https://www.lazada.vn/products/pdp-i2531067529.html,9.511 ₫,5.0,45 Đã bán
Skechers_ Nữ Xăng Đan GOWalk 6 Sandal Walking On Sunshine - 141025-BKW,https://www.lazada.vn/products/pdp-i2128141760.html,227.803 ₫,5.0,31 Đã bán
Zemismart Tuya WiFi Home Power Monitor Electric Energy Meter Measure Alarm Alexa Echo Smart Life App Remote Control 230V 50Hz RS485 Communication Programmable Timer Switch Relay,https://www.lazada.vn/products/pdp-i1641068491.html,590.500 ₫,4.0,7 Đã bán
xiaovv Camera giám sát trẻ em WiFi cctv cho gia đình trẻ em Kết nối không dây với điện thoại di động có chức năng phát hiện tiếng khóc Hàng rào thông minh Âm thanh hai chiều Giọng nói Chia sẻ nhiều thiết bị 3MP baby child care monitor camera,https://www.lazada.vn/products/pdp-i1845641647.html,872.137 ₫,5.0,426 Đã bán
Kebememe Loại C Để HDMI USB 3.1 Để HDMI Tương Thích cáp cho Bộ chuyển đổi Loại C Để HDTV 60Hz 4K USB C Cáp Bộ chuyển đổi mở rộng Cho Màn hình máy tính,https://www.lazada.vn/products/pdp-i2786206269.html,96.600 ₫,4.0,26 Đã bán
"♥Bản gốc + Miễn phí vận chuyển♥M8 Kính râm Bluetooth, mở tai âm thanh Kính mát loa để nghe nhạc và thực hiện cuộc gọi điện thoại, khả năng chịu nước và bảo vệ ống kính UV đầy đủ Kính thể thao Tương thích cho tất cả các điện thoại thông minh",https://www.lazada.vn/products/pdp-i3000604326.html,200.970 ₫,5.0,5 Đã bán
MENGDAO | Đèn LED Pha H1 H7 H11 9012 9005 H4,https://www.lazada.vn/products/pdp-i3196110441.html,299.000 ₫,,
LI-TOP Theo dõi chống mất thông minh với định vị toàn cầu cho các mặt hàng và vật nuôi,https://www.lazada.vn/products/pdp-i3155324671.html,77.000 ₫,5.0,18 Đã bán
"Xiaomi Việt Nam Hàng Quốc Tế Mắt Kính Tích Hợp Tai Nghe Bluetooth Không Dây Nghe Nhạc Nhận Cuộc Gọi Rảnh Tay Công Nghệ Kính Thông Minh Bluetooth Đa Chức Năng F08 , F06 Không Dây 2024 Tia Sáng Xanh Thích Hợp Khi Lái Xe, Làm Việc",https://www.lazada.vn/products/pdp-i2942601634.html,390.000 ₫,3.0,29 Đã bán
Áo đấu ngắn tay Ronaldo phiên bản cầu thủ sân nhà Bồ Đào Nha 25/26,https://www.lazada.vn/products/pdp-i3147915490.html,163.200 ₫,5.0,
Đồ trang trí Giáng sinh Búp bê cây thông Noel sang trọng dễ thương Trang trí tiệc tại nhà TR2-VN,https://www.lazada.vn/products/pdp-i2932008773.html,69.000 ₫,5.0,44 Đã bán
Bộ Card Điều Khiền CNC NcStudio V5 + Bo Mạch IO Dành Cho Máy Gia Công Chi Tiết CNC,https://www.lazada.vn/products/pdp-i3107860820.html,700.000 ₫,,
KIPRUN New Handheld Metal Detector Pointer Metal Detector Pro Pinpoint Gold Digger Garden Detecting Waterproof,https://www.lazada.vn/products/pdp-i1385581980.html,367.474 ₫,4.0,12 Đã bán
Tai Nghe Kiểm Âm Nhét Tai In ear NMC-AUDIO QKZ60-IEM Studio Monitor Headphones QKZ60,https://www.lazada.vn/products/pdp-i2938299652.html,189.000 ₫,5.0,
Power Train P40 lưới mATX Vỏ máy tính để bàn ITX máy tính nhỏ cầm tay tự làm Mini ITX khung máy tính hỗ trợ ATX/SFX cung cấp điện Vỏ máy tính để bàn,https://www.lazada.vn/products/pdp-i2941721393.html,915.743 ₫,5.0,5 Đã bán
Ống kính mắt cá vàng 180 độ HD 1080P xe đảo chiều cảm biến radar lùi camera phổ thông,https://www.lazada.vn/products/pdp-i3108344805.html,328.778 ₫,5.0,16 Đã bán
SEAMETAL 600GSM Khăn Lau Xe Ô Tô Microfiber Cao Cấp Vải Sấy Siêu Thấm Hút Để Chăm Sóc Chi Tiết Màu Xám 40x40cm/40x60cm/60x90cm,https://www.lazada.vn/products/pdp-i2562735285.html,36.000 ₫,5.0,968 Đã bán
Combo Mainboard X99 + CPU 2673v3 + Ram 32G + Fan K400 (Hoặc T400i) cực xịn sò giá tốt để lắp ráp máy,https://www.lazada.vn/products/pdp-i2198820083.html,2.130.000 ₫,5.0,127 Đã bán
CPU Core i5 10400F 11400F 12400F 13400F Tray bảo hành 36 tháng,https://www.lazada.vn/products/pdp-i2601050210.html,2.090.000 ₫,,
2 Chiếc H4 Mini Ống Kính Đèn Pha LED Bóng Đèn 160W 220000LM Hi/Chùm Thấp 12V/24V Cao Cấp Quạt Làm Mát Ô Tô/Xe Máy Đầu Đèn,https://www.lazada.vn/products/pdp-i2760806746.html,455.200 ₫,4.0,58 Đã bán
REXCO 50 Xịt Chống Rỉ Sét Bôi Trơn Đa Năng 3 trong 1 Bảo Vệ Phục Hồi Kim Loại,https://www.lazada.vn/products/pdp-i3129985629.html,67.550 ₫,,
Intel E5-2690 V2 CPU 2.9GHz 6-Core 65W 14nm Intel Xeon Phi Processor Computer Hardware Desktop Central Processing Unit,https://www.lazada.vn/products/pdp-i2407745235.html,411.000 ₫,5.0,634 Đã bán
Bộ Carplay Android Box Carlinkit Tbox Plus 2024 Tặng Vietmap S2 dành cho ô tô - Android 13.0 - Shop Uy Tín 166,https://www.lazada.vn/products/pdp-i2783724642.html,2.890.000 ₫,5.0,18 Đã bán
Casing For Honor 200 Smart X7C 5G ALT-NX1 4G Colorful Matte Protective Shockproof Cover,https://www.lazada.vn/products/pdp-i2905331900.html,28.480 ₫,5.0,
BI LED AFS LIẾC AF02 THÔNG MINH VÀ ÁNH SÁNG CỰC ĐẸP TÍCH HỢP TẤT CẢ TRONG MỘT,https://www.lazada.vn/products/pdp-i3152971063.html,1.899.000 ₫,,
"(HÀNG BÁN CHẠY) Bộ Loa Thông Báo Đã Nhận Tiền Chuyển Khoản QR Code Thành Công, Full hộp đầy đủ phụ kiện- Kết nối wifi hoặc sim có mạng- Mua 1 Lần dùng trọn đời - Miễn Mọi Loại Phí- Tích Hợp Tất Cả Các Ngân Hàng",https://www.lazada.vn/products/pdp-i3016110430.html,651.000 ₫,5.0,
"Kính Mát Thông Minh Bluetooth Tích Hợp Tai Nghe Không Dây HIFI V5.3, Chống Chạm, Chống Tia UV, Dành Cho Nam Và Nữ Chơi Thể Thao Ngoài Trời",https://www.lazada.vn/products/pdp-i3164334207.html,235.000 ₫,,
"Nhiều Quà Tặng Hấp Dẫn - Loa nghe nhạc siêu trầm 2.0 Edifier R980T - Loa bookshelf 2.0 Edifier R980T - Edifier R980T 4"" Active Bookshelf Speakers - 2.0 Computer Speaker - Powered Studio Monitor (Pair)",https://www.lazada.vn/products/pdp-i770804341.html,1.367.000 ₫,2.0,
SEHVN Trong suốt Máy tính để bàn PC trường hợp máy tính tháp cho M-ATX ITX Bo mạch chủ 240mm người hâm mộ 3.5inch đĩa cứng mở rộng cơ sở 2.5mm SSD chủ,https://www.lazada.vn/products/pdp-i2948497030.html,372.342 ₫,,
Đèn led bi cầu mini MT T9 bản cao cấp 2024 chân h4,https://www.lazada.vn/products/pdp-i2930807118.html,135.000 ₫,4.0,104 Đã bán
"Bộ trung tâm zigbee tuya tích hợp app homekit, hub gateway có cổng LAN",https://www.lazada.vn/products/pdp-i3139215090.html,399.000 ₫,,
Combo bao gồm Main x79 + Xeon E5 2670v2 + Ram 32GB(16x2) - Nguon 500W Bảo Hành 1Tháng,https://www.lazada.vn/products/pdp-i2198205555.html,2.600.000 ₫,,
"llano Type-C Wireless HDMI Transmitter and Receiver, 50M, Ultra 4K Decode Input 1080P@60Hz Output, Plug&Play 5G+2.4G and Audio for Phone/Tablet/Laptop/PC to Monitor/Projector/TV Box",https://www.lazada.vn/products/pdp-i2965220755.html,1.399.000 ₫,5.0,7 Đã bán
Magene H603 Máy đo nhịp tim Đi xe đạp Di chuyển Kiến Bluetooth Cảm biến ngực Dây đeo máy tính Xe đạp Wahoo Garmin BT Thể thao,https://www.lazada.vn/products/pdp-i1700610723.html,807.300 ₫,5.0,35 Đã bán
Ekleva 2 DIN Bộ Đàm Xe Hơi Đa Năng 7 HD Xe Máy Nghe Nhạc Đa Phương Tiện 2 DIN Màn Hình Cảm Ứng Audio Stereo Tự Động MP5 USB Bluetooth TF FM Máy Ảnh Màn Hình Điều Khiển Lùi,https://www.lazada.vn/products/pdp-i459972881.html,743.164 ₫,4.0,74 Đã bán
Skechers_ Go Walk 5 Women Sandal Foamies Cali Surf Shoes PINK Giày Dép Nữ Cali,https://www.lazada.vn/products/pdp-i2840588062.html,137.803 ₫,4.0,26 Đã bán
Skibidi Toilet Đồ Chơi Lắp Ráp Mô Hình Fusion Titan TV Man V3 King Drill Man JX060 478 PCS Clock Man Audioman Monitor,https://www.lazada.vn/products/pdp-i2944659603.html,129.000 ₫,,
CHENJ 2 3Layer Large Capacity Storage Mesh Bag Underwear Socks Storage Bag Breathable Wardrobe Organizer With Clothes Hanger,https://www.lazada.vn/products/pdp-i3149121205.html,19.491 ₫,5.0,27 Đã bán
( Giảm hết ) Skibidi Mutant Toilet Man vs. Audio Man TV Man vs. Monitor Man Đồ chơi lắp ráp các khối xây,https://www.lazada.vn/products/pdp-i2944520905.html,108.000 ₫,5.0,
Coospo Bluetooth 4.0 Kiến + Đo Nhịp Tim Quang Theo Dõi Sức Khỏe Ngoài Trời Đánh Cảm Biến Dành Cho Garmin Wahoo Xe Đạp Máy Tính,https://www.lazada.vn/products/pdp-i2434568326.html,613.600 ₫,4.0,
[Chính thức chính hãng] Đồng hồ thông minh AMOLED Hoco y24 (Phiên bản cuộc gọi) cho nam giới hiển thị 1.43inch theo dõi sức khỏe cuộc gọi bluetooth IP67 không thấm nước cho đồng hồ thông minh thể thao,https://www.lazada.vn/products/pdp-i2872067242.html,980.000 ₫,,
WiFi IP Camera Nhà thông minh Nhà hai chiều CCTV CCTV Camera Tuya APP Control Control Monitor Hoạt động với Google/Alexa,https://www.lazada.vn/products/pdp-i2481488263.html,178.200 ₫,,
Nến không khói trang trí phòng Halloween nến không khói không khói trang trí Halloween hương cam quýt phong cách đồng quê hình quả bí ngô hương thơm hoa phương Đông nhiều màu,https://www.lazada.vn/products/pdp-i3134025283.html,42.023 ₫,,
"Kính Phiên Dịch AI HUYNDAI - Tích Hợp Loa Bluetooth, Dịch Đa Ngôn Ngữ, Đàm Thoại Rõ, Nhỏ Gọn",https://www.lazada.vn/products/pdp-i3067964346.html,549.000 ₫,,
"Nguồn Holoto 12V 1.5A chân tròn 5,5mm*2.1mm",https://www.lazada.vn/products/pdp-i2780091507.html,35.000 ₫,,
1 cái siêu mỏng điện tử dụng cụ đo độ ẩm điện tử phòng trẻ em nhà trong nhà Nhiệt kế kỹ thuật số Máy đo độ ẩm Monitor Meter Màn hình LCD,https://www.lazada.vn/products/pdp-i2413343071.html,62.000 ₫,5.0,5 Đã bán
Nguồn đồng bộ dell dòng h110 3050 3060 3070 7070 3470 3471 3080 5050 4+6 chân,https://www.lazada.vn/products/pdp-i2494724966.html,485.000 ₫,4.0,11 Đã bán
MELODIA Men's Wide Tooth Comb Salon Barber Hairdressing Styling Comb Oil Hair Brush,https://www.lazada.vn/products/pdp-i3080048423.html,7.100 ₫,,"5 Đã bán
China"
"Định vị Hoco E93A dành cho ANDROID dùng app GG Find My - tìm kiếm thú cưng, xe máy, ô tô, trẻ em, người lớn tuổi, vật dụng (màu ngẫu nhiên)",https://www.lazada.vn/products/pdp-i3207545965.html,143.000 ₫,5.0,10 Đã bán
Siêu Mỏng Khung Mở Hữu Cơ Kính Máy Tính X79x99 Bo Mạch Chủ Giá Đỡ Phòng Thu Để Bàn Hệ Thống Làm Mát Micro Atx/atx,https://www.lazada.vn/products/pdp-i2795533363.html,248.000 ₫,5.0,
Titan TV người đàn ông đồ chơi nhà vệ sinh người đàn ông và màn hình người đàn ông VS Titan đồng hồ người đàn ông Lắp ráp khối xây dựng mô hình cậu bé Quà,https://www.lazada.vn/products/pdp-i2748201372.html,305.891 ₫,,
Kính Thông Minh Bluetooth Kính Mát Phân Cực Nam Nữ Ngoài Trời Chống Nước Lọc Ánh Sáng Xanh Với Giọng Nói Trợ Lý,https://www.lazada.vn/products/pdp-i3128716240.html,464.000 ₫,5.0,6 Đã bán
Bóng đèn pha máy chiếu Led Y6d H4 90w Ống kính Bi Led 12v 6000k có quạt làm mát cho ô tô Hi Lo Beam,https://www.lazada.vn/products/pdp-i2656432943.html,143.000 ₫,5.0,5 Đã bán
Nguồn Đũa 12V 2A 3A 5A cao cấp Siêu bền chuyên dùng cho Led Dây Dán,https://www.lazada.vn/products/pdp-i1792503786.html,23.425 ₫,4.0,793 Đã bán
Hàn Quốc Ssangyong Rexton Xe Bonnet Thanh Hỗ Trợ Nhà Máy Chính Hãng Cài Đặt Phụ Tùng Ô Tô 7115008 B01,https://www.lazada.vn/products/pdp-i2830789668.html,328.000 ₫,,"12 Đã bán
China"
Công tắc thông minh nút cảm ứng wifi tuya/smartlife điều khiển từ xa qua điện thoại,https://www.lazada.vn/products/pdp-i1966445829.html,195.000 ₫,4.0,851 Đã bán
Combo Main x99 D3 - Cpu xeon e5 - 2673v3 - ram 16gb ddr3 bus 1600 chuyên chạy node Pi 24/7,https://www.lazada.vn/products/pdp-i3044931749.html,1.900.000 ₫,,
Nguồn Tổ Ong 12V - 30A Có Quạt Mới 100%,https://www.lazada.vn/products/pdp-i1329526842.html,170.408 ₫,4.0,276 Đã bán
Cofoe DOPPLER thai nhi với kỹ thuật số & màn hình cong bé nhịp tim hướng dẫn siêu âm Monitor cho HB-1005S mang thai,https://www.lazada.vn/products/pdp-i2127169750.html,977.000 ₫,5.0,
Công tắc cảm biến tiệm cận LJ18A-3-8-Z kim loại cảm ứng sensor từ tròn phi 18mm ngõ ra NPN hoặc PNP(NO),https://www.lazada.vn/products/pdp-i2166406263.html,108.680 ₫,5.0,60 Đã bán
HỢP SIN KOBELCO LOẠI DILINH,https://www.lazada.vn/products/pdp-i3199982030.html,320.000 ₫,5.0,
"Cáp chuyển Mini HDMI sang HDMI tốc độ cao 2K 4K dây 2.0 từ máy ảnh, máy tính bảng,máy tính sang màn hình, máy chiếu...",https://www.lazada.vn/products/pdp-i2506577767.html,89.000 ₫,2.0,
PANGXIEXIANSHENG | Thiết Bị Theo Dõi Chống Thất lạc cho Trẻ Em và Người Già Định Vị Từ Xa Toàn Cầu,https://www.lazada.vn/products/pdp-i3196325728.html,213.000 ₫,4.0,
SpacePad Màn Hình Chuột Kính Cường Lực Phiên Bản Trung Quốc Tương Tác Thiết Bị Ngoại Vi Máy Tính Phụ Kiện Màn Hình Chuột,https://www.lazada.vn/products/pdp-i2834773351.html,184.000 ₫,5.0,352 Đã bán
Đèn hậu phía sau phanh tín hiệu báo rẽ đèn LED tích hợp cho Kawasaki Z1000 2014 2015 -2018 / ZX10R 2016 2017 2018,https://www.lazada.vn/products/pdp-i2853777988.html,748.889 ₫,,
"Nguồn Tổ Ong - Nguồn 12v 40a - 30a - 20a - 15a - 10a - 5a hàng chuyên dùng cho hệ thống Camera, Led, Motor Mini...",https://www.lazada.vn/products/pdp-i1699412057.html,59.000 ₫,4.0,
EKLEVA Hệ Thống Giám Sát Áp Suất Lốp Xe Hơi TPMS Android USB Cảm Biến Bên Ngoài Bên Trong Lốp Dự Phòng Cho Máy Phát DVD Radio Báo Động Nhiệt Độ Với Bốn Cảm Biến,https://www.lazada.vn/products/pdp-i1629289327.html,627.800 ₫,4.0,
UGREEN 8K HDMI Extender Female to Female Connector 8K 60Hz HDMI Extension Converter Adapter Coupler for PS5 Projector TV Stick Smart Box Laptop Monitor,https://www.lazada.vn/products/pdp-i1916338102.html,155.400 ₫,5.0,49 Đã bán
[Mới] Hoco Y31 Đồng hồ thông minh 1.46 inche chống nước IP67 Android & điện thoại IOS cuộc gọi bluetooth theo dõi nhịp tim đồng hồ thể thao,https://www.lazada.vn/products/pdp-i3136155136.html,699.000 ₫,,
E-WOITD Có thể điều chỉnh bàn Monitor Rack chủ PC màn hình đứng máy tính để bàn máy tính hiển thị đứng cho văn phòng Studio làm việc nghiên cứu sinh viên,https://www.lazada.vn/products/pdp-i3175203290.html,126.748 ₫,,
Type-C/USB Tester 2303C Current and Voltage Monitor Multi-function Digital Display DC Voltage Ammeter Power Meter Cell Phone Charging Tester,https://www.lazada.vn/products/pdp-i2680698984.html,161.652 ₫,5.0,
xiaomi Mi Temperature and Humidity Monitor Clock,https://www.lazada.vn/products/pdp-i3124884609.html,550.000 ₫,,"6 Đã bán
Bình Dương"
Công Tắc Cảm Biến Chuyển Động Hồng Ngoại (LOẠI 1) Tuỳ Chỉnh/Cố Định 220V AC,https://www.lazada.vn/products/pdp-i923192209.html,39.000 ₫,4.0,
Nguồn Ngoài Trời 12V hàng chất lượng cao 33A 42A 58A 67A chống mưa chống bụi chuyên dùng ngoài trời,https://www.lazada.vn/products/pdp-i1800159173.html,187.720 ₫,4.0,267 Đã bán
"Đèn màn hình máy tính Yeelight Pura Monitor Light Bar, điều chỉnh ánh sáng, phù hợp màn hình cong",https://www.lazada.vn/products/pdp-i3088746693.html,650.000 ₫,,
"New 2022 , Loa Bluetooth XM 520 Thiết Kế Vỏ Gỗ Sang Trọng Dạng Thanh Để Bàn , Bass Chuẩn , Ấm , Công Suất 20W Siêu Trầm - Bảo Hành 1 Năm - Happy Shop",https://www.lazada.vn/products/pdp-i2011975962.html,173.000 ₫,4.0,
SHgeZm Cute 3-inch Single Card Bag Star Chasing Card Book Love Bean Small Card Insert Style Polaroid Photo Album Storage Book,https://www.lazada.vn/products/pdp-i3147051740.html,30.517 ₫,,
Card màn hình ASUS Dual Radeon™ RX 6500 XT OC Edition 4GB GDDR6 (DUAL-RX6500XT-O4G-V2) - Bảo hành 36 tháng,https://www.lazada.vn/products/pdp-i2932545749.html,3.754.000 ₫,5.0,Cam Kết Giá Tốt
Đồng Hồ Thông Minh Zeblaze GTR 3 Pro - Màn hình Amoled 1.43Inch - Cuộc Gọi Bluetooth - Viền Kim Loại - Full Tiếng Việt - Hàng Chính Hãng,https://www.lazada.vn/products/pdp-i2626386720.html,549.000 ₫,,
XUEJIANG | Thiết Bị Định Vị GPS cho Thú Cưng Trẻ Em Người Già và Phương Tiện,https://www.lazada.vn/products/pdp-i3183709230.html,300.000 ₫,4.0,
Titan Bút Chì TV Minifigure Tương Thích Với LEGO Người Vệ Sinh Và Giám Sát Gạch Siêu Di Động Đồng H,https://www.lazada.vn/products/pdp-i2945617418.html,105.000 ₫,,
"ANYTROX Mini Wireless CarPlay Adapter with Built-in YouTube, Netflix, TikTok - Car Audio Stereo Receiver",https://www.lazada.vn/products/pdp-i3109209606.html,615.000 ₫,5.0,48 Đã bán
Thiết bị theo dõi GPS di động theo dõi di động theo dõi thông minh chống mất mát chó tìm kiếm cho trẻ em mèo con mèo TF-Ame-VN,https://www.lazada.vn/products/pdp-i3173165126.html,58.000 ₫,,
Nguồn 24V - Nguồn Tổ Ong 24V-3A/5A/10A/15A/20A Nguồn Dùng Cho Đèn Led Biển Quảng Cáo,https://www.lazada.vn/products/pdp-i2689211549.html,159.900 ₫,5.0,15 Đã bán
Natural Pearl Oyster Pendant Necklace Freshwater Pearl Necklace Fashion Jewelry Set Gift Personality Necklace Natural Freshwater LO-VN,https://www.lazada.vn/products/pdp-i3021927468.html,17.000 ₫,,
Spider Toilet Man Vs. Biochemical Monitor Man Titan Dual-Edged TV Camera Person Assembly Block Model Đồ Chơi Lắp Ráp,https://www.lazada.vn/products/pdp-i2518730535.html,120.000 ₫,3.0,43 Đã bán
"MY-HI,Máy giảm mỡ,Máy rung toàn thân,giảm cân,thể thao,đổ mồ hôi,120 mức độ chỉnh thông qua điều khiển từ xa,giảm bụng,giảm eo",https://www.lazada.vn/products/pdp-i2996259310.html,820.000 ₫,4.0,31 Đã bán
"Qingyuanshangmao Kính mắt viễn với điều chỉnh tự động độ, Zoom thông minh, chống ánh sáng xanh độ nét cao, đa tiêu điểm và kính mắt Viễn cao tuổi",https://www.lazada.vn/products/pdp-i2595147844.html,169.827 ₫,5.0,
"Bình Xịt Phủ nano, Ceramic Wax - Nano Phủ Bóng Ô tô , Phủ Bóng Xe - Chống Bám Nước - Chống Bụi Bẩn",https://www.lazada.vn/products/pdp-i2623426792.html,71.600 ₫,4.0,922 Đã bán
"UGREEN HDMI 2.1 2.0 8K Switch 3 in 1 Out with Remote Control 8K60Hz, 4K120Hz Converter Splitter Switcher For Xbox PS5 Monitors",https://www.lazada.vn/products/pdp-i2256704780.html,1.523.600 ₫,5.0,39 Đã bán
KZ D-Fi HiFi Bass Music Earphones Add KZ AZ09 HD Module C Pin Bluetooth 5.4 Dual Channel Monitor Cable 4-Level Customizable Tuning Switch Headphones Zobel Network Circuit Design Headset Stage Live Earplugs Detachable IEMs Audiophile Metal Wired Earbuds,https://www.lazada.vn/products/pdp-i2984178480.html,880.000 ₫,,
Tương thích với Titan Dark Clock Minifigure Joint Di chuyển được Toilet Man vs Monitor Man Khối,https://www.lazada.vn/products/pdp-i2919508735.html,139.000 ₫,,
Nắp cam RACE CNC trong suốt Dream / WAVE / CUB /SYM / KYMCO / 67 / Chaly,https://www.lazada.vn/products/pdp-i2758321138.html,349.000 ₫,5.0,10 Đã bán
Philips Ultinon Rally 3590 LED H1 H4 H7 HB3 HB4 HIR2 H8 H11 H16 6500K 90W 7500LM Car Headlight White High Power Lumen Watt Lamps,https://www.lazada.vn/products/pdp-i3125694263.html,999.989 ₫,5.0,5 Đã bán
Cooler Master 9010 Dual Fan 4 Heat Pipe Graphics Card Cooler 58mm Hole Position 4 Pin Temperature Control Interface Computer Hardware Monitor,https://www.lazada.vn/products/pdp-i2524377554.html,183.000 ₫,4.0,8 Đã bán
Nguồn Vision 500W 550W nguồn máy tính cũ hoạt động tốt chính hãng kho hàng sỉ Phú Thành,https://www.lazada.vn/products/pdp-i2476544737.html,99.000 ₫,5.0,11 Đã bán
Ergonomic màu xám phía sau chốt phát hành xử lý cho hàng thứ 3 mạnh mẽ và dễ sử dụng,https://www.lazada.vn/products/pdp-i3083478392.html,560.744 ₫,,
Moc Skibidi Toilet Titan Monitor Titan Zombie Vũ Trụ Serics Titan Đồng Hồ Vua Titan Màn Hình Titan Tvman Khối Xây Dựng Đồ Chơi Bé Trai,https://www.lazada.vn/products/pdp-i2944881072.html,125.000 ₫,,
Hot Razer Viper lightweight wired mouse 8500dpi optical sensing USB mouse RGB gaming mouse Mice,https://www.lazada.vn/products/pdp-i2706346261.html,86.658 ₫,,
"Nguồn Tổ Ong, Nguồn 24V - 20A/15A/10A/5A/3A chuyên dùng cho camera, đèn led, motor mini và các thiết bị sử dung 24V DC khác.",https://www.lazada.vn/products/pdp-i1467980960.html,115.000 ₫,4.0,531 Đã bán
H310 M-PRO-VH PLUS MSI có dủ fe HDMI đẹp BH 1 tháng,https://www.lazada.vn/products/pdp-i2418980553.html,630.000 ₫,5.0,
Cooler Master SnowBlizzard T400i T400 T610P CPU Socket AM3 AM4 115X 1200 1700 1366 2011 Computer Hardware CPU Socket,https://www.lazada.vn/products/pdp-i2951528372.html,107.000 ₫,,
MÀN HÌNH LAP TOP HP 15.6 ICH LED DÀY 40 PIN,https://www.lazada.vn/products/pdp-i2779241316.html,280.000 ₫,,
Skechers_ Dép Nữ Xăng Đan On-The-GO Sandals GOWalk Arch Fit - 1405251-Beige,https://www.lazada.vn/products/pdp-i2840664103.html,257.703 ₫,4.0,11 Đã bán
"YONUO M9 không xâm lấn đường huyết, huyết áp, và axit uric Smartwatch với Bluetooth",https://www.lazada.vn/products/pdp-i3089281555.html,376.000 ₫,4.0,
Bộ Loa Siêu Trầm Thương Hiệu Nhật Bản Có Kết Nối Bluetooth 2.1,https://www.lazada.vn/products/pdp-i1931504677.html,719.000 ₫,2.1,
PASTSKY Back Posture Corrector Humpback Posture Corrector Back Support Posture USB Invisible Smart Vibrations Reminder Inductive Design Anti-Humpback Protect Eyesight Suitable Work Study Daily to Wear,https://www.lazada.vn/products/pdp-i1809696609.html,284.000 ₫,5.0,12 Đã bán
Giá Đỡ Màn Hình Máy Tính Có Thể Điều Chỉnh Độ Cao Máy Tính Xách Tay Đế Máy Tính Để Bàn Giá Đỡ Thang Máy - Giá Đỡ Máy Tính Xách Tay Đa Năng Sản Xuất Tại Trung Quốc Đại Lục,https://www.lazada.vn/products/pdp-i3154424413.html,156.000 ₫,,
"Đồng hồ thông minh Garmin Venu SQ2 Phiên bản Music, Đồng hồ thông minh đa năng, Đồng hồ theo dõi sức khỏe thông qua các chỉ số cơ thể, nhắc nhở căng thẳng, đánh giá giấc ngủ, tính năng nghe gọi tin nhắn cuộc gọi, phát âm thanh",https://www.lazada.vn/products/pdp-i2166096035.html,7.559.000 ₫,,
"Đồng hồ thông minh Garmin Instinct 2 Solar, Đồng hồ thể thao thông minh đa năng thích hợp cho chạy bộ, hoạt động ngoài trời, hoạt động thể thao, bơi lội",https://www.lazada.vn/products/pdp-i2179240082.html,10.109.000 ₫,,
Áo đấu Tottenham/25 & 2025/26 Bộ đồ sân nhà sân khách Áo bóng đá Áo bóng đá giá rẻ Áo bóng đá,https://www.lazada.vn/products/pdp-i3144512842.html,163.200 ₫,1.0,5 Đã bán
Túi Messenger Da Cá Sấu MH629,https://www.lazada.vn/products/pdp-i2265337675.html,545.478 ₫,,
CÚN VÀNG MƯỢT Thú bông than hoạt tính GIỐNG THẬT 99% chó mèo lọc không khí khử khuẩn xe hơi ô tô trang trí bàn làm việc - MSP267939,https://www.lazada.vn/products/pdp-i2521334839.html,44.500 ₫,5.0,
Kính Thông Minh Razer Anzu Smart Glasses - Rectangle Design - Blue Light and Sunglass Lens Bundle,https://www.lazada.vn/products/pdp-i1386013989.html,5.690.000 ₫,,
Turbo 40000LM 100W CSP Bóng Đèn LED Ô Tô H7 H1 9005 9006 HB3 HB4 Xi Nhan Canbus 9012 6000K 4300K Đèn Sương Mù Tương Thích Với H9 H8 H11 Cho Tất Cả Các Mẫu Xe Ô Tô 12V 24V,https://www.lazada.vn/products/pdp-i2618149342.html,588.000 ₫,4.0,11 Đã bán
Đồng hồ Smart Watch REMAX Watch8,https://www.lazada.vn/products/pdp-i2761628027.html,548.000 ₫,,
Laptop Privacy Screen Protector Anti Glare Monitor Privacy Protection Film for 12-27inch Desktop PC,https://www.lazada.vn/products/pdp-i1758359142.html,194.848 ₫,4.0,71 Đã bán
"Bóng Hơi ChengLong M7Q (Kích Thước 17CM), Bóng Hơi AumanC160, Auman C240, C300, C340, D240, D300, FV400, FV400A...",https://www.lazada.vn/products/pdp-i3153836054.html,650.000 ₫,,
"Xe đạp GoodFit GF005PE - Tập trị liệu, phục hồi chức năng tại nhà - Có Đồng Hồ Điện Tử",https://www.lazada.vn/products/pdp-i3174662094.html,930.000 ₫,,
"Loa xe Ford Transit 2022 CHÍNH HÃNG, Loa âm thanh xe ô tô Transit mã XW7F18808AB YC1F18932ABT9AC Phụ tùng PV",https://www.lazada.vn/products/pdp-i3140495921.html,369.000 ₫,,
Đồng Hồ thể thao thông minh Garmin Instinct Crossover Standard Edition - Hàng Chính Hãng,https://www.lazada.vn/products/pdp-i2251687369.html,9.770.000 ₫,,
"Combo màn hình OLEDPRO X4 kèm mặt dưỡng,dây nguồn zin cho xe TOYOTA VIOS 2008-2012 - giá màn hình ô tô, đầu dvd android ô tô, dvd xe hơi, camera giám sát hành trình ô tô",https://www.lazada.vn/products/pdp-i2129191534.html,2.990.000 ₫,5.0,
Mini PC ASUS NUC 15 PRO Intel AI Core Ultra 7 255H U5 225H NUC15CRH (RNUC15CRHU700000I),https://www.lazada.vn/products/pdp-i3186601327.html,14.690.000 ₫,,
Lige thông minh nguyên bản xem người đàn ông và phụ nữ 400mAh 1.46-inche IPS Màn hình HD cuộc gọi không dây và đèn pin quân sự IP68 thể thao chống nước xem,https://www.lazada.vn/products/pdp-i3120090698.html,789.000 ₫,,
Round Metal Frame Clear Lens Glasses Make The Eyeglasses Become Durable Enough Perfect For Women And Men Wear TF-Uss-VN,https://www.lazada.vn/products/pdp-i3039353072.html,27.000 ₫,,
Đẩy công suất 2 kênh CADX 36 Plus 36 sò chính hãng có bù áp Class H,https://www.lazada.vn/products/pdp-i2617234611.html,3.490.000 ₫,5.0,6 Đã bán
INKBIRD 3-in-1 Portable Carbon Monoxide Detector Indoor Air Quality Monitor Temperature Humidity CO Detector with Audible Alarm,https://www.lazada.vn/products/pdp-i2615518301.html,855.360 ₫,,
"Gối Tựa Đầu và Kê Lưng Ô Tô AWESOME Cao Cấp Chất Liệu Cao Su Non 100% Thoáng Khí giúp chống mỏi lưng, vai gáy",https://www.lazada.vn/products/pdp-i2914254829.html,73.800 ₫,4.0,413 Đã bán
"Voucher Money LazMall Bag Xiaomi Kính Mát Tích Hợp Tai Nghe Bluetooth Không Dây Xiaomi Thiết Kế Hiện Đại, Kích Thước Nhỏ Gọn, Dễ Dàng Mang Theo Bên Mình Thích Hợp Sử Dụng Khi Lái Xe, Đạp Xe Và Đi Bộ Đường Dài.",https://www.lazada.vn/products/pdp-i2904631562.html,211.000 ₫,4.0,53 Đã bán
Sỉ Đồ Chơi Lắp Ráp Skibidi Toilet Titan Gatling Camera Man v3 Monitor Man TV Man Drill Man Clock Man Audio Man Rẻ,https://www.lazada.vn/products/pdp-i2944834155.html,132.000 ₫,,
ROCKBROS M1 Máy Tính Xe Đạp GPS Thông Minh Bluetooth5.0 ANT Chống Nước + Máy Tính Xe Đạp Không Dây Đồng Hồ Tốc Độ Kỹ Thuật Số Đèn Nền IPX6,https://www.lazada.vn/products/pdp-i2412211936.html,298.180 ₫,4.0,
Giá đỡ điện thoại di động người lười bằng kim loại 360 ° Xoay gấp di động Máy tính để bàn đa chức năng Ảnh trực tiếp Hỗ,https://www.lazada.vn/products/pdp-i3014487246.html,18.900 ₫,4.0,
Skibidi Toilet Đồ Chơi Lắp Ráp Nhân Vật Upgrade Speakerman V3 Titan Cameraman Titan TVman Audioman Monitor,https://www.lazada.vn/products/pdp-i2944760469.html,129.000 ₫,,
nguồn tổ ong tổng 12V 10A hàng chất lượng,https://www.lazada.vn/products/pdp-i247224003.html,132.050 ₫,4.0,410 Đã bán
"Thiết bị định vị GPS mini Hoco E91 định vị xe máy, ô tô, thú cưng, trẻ em, đồ vật hành lý (Đen) - Phụ kiện Sỉ 1986",https://www.lazada.vn/products/pdp-i2749434279.html,132.000 ₫,4.0,226 Đã bán
Đèn pha LED H4 T9 PRO 2024 bi cầu mini cắt sáng dùng điện bình 12v,https://www.lazada.vn/products/pdp-i2634248084.html,125.000 ₫,4.0,360 Đã bán
"Thiết Bị Chống Thất Lạc Bluetooth Thông Minh Hình Giọt Nước – Kết Nối Hai Chiều, Định Vị Nhanh, Dễ Sử Dụng",https://www.lazada.vn/products/pdp-i2542129632.html,13.000 ₫,4.0,
2025 Happy New Year of The Snake Ins Korean Make Money Plating Lens Protector Smooth Phone Case for IPhone 16 15 14 11 12 13 15 Pro Max Shockproof Soft Silicone TPU Bumper Cover,https://www.lazada.vn/products/pdp-i2959457860.html,54.000 ₫,5.0,
"Mô Hình Đồ Lắp Ráp Skibidi Toilet Titan Tvman, Đồ Chơi Skibidi mini nhân vật titan soundman cameraman Monitor man",https://www.lazada.vn/products/pdp-i2944760429.html,115.000 ₫,,
"Máy phiên dịch giọng nói 2 chiều thông minh Corisu Z3 dùng sim 4G, kết nối wifi, dịch offline 11 ngôn ngữ, hỗ trợ phát wifi di động",https://www.lazada.vn/products/pdp-i2588093738.html,1.890.000 ₫,5.0,17 Đã bán
Bộ xử lý lõi tứ YZX Xeon E3 E3-1220V6 E3 1220 V6 CPU 3.00GHz 8M 72W LGA1151 E3-1220 V6,https://www.lazada.vn/products/pdp-i2472444970.html,116.900 ₫,5.0,58 Đã bán
"4 miếng lông mi 3D từ tính, tự nhiên, có giá đỡ lông mi giả có thể tái sử dụng DBS-VN",https://www.lazada.vn/products/pdp-i3072046856.html,33.000 ₫,5.0,5 Đã bán
Loa Thông Minh Amazon Echo Dot 5 Tích Hợp Trợ Lý Ảo Alexa - Hàng Chính Hãng - BH 1 Năm - Có Xuất VAT,https://www.lazada.vn/products/pdp-i1206678015.html,1.650.000 ₫,5.0,30 Đã bán
"Lọc gió điều hòa, máy lạnh xe Mazda 2 đời 2015-2021 (Mã OEM: DB9L61J6X) MOONXE",https://www.lazada.vn/products/pdp-i2498336269.html,85.000 ₫,,
Nguồn MSI MAG A850GL 850W - 80 PLUS GOLD - Hàng Chính Hãng,https://www.lazada.vn/products/pdp-i3106823923.html,1.590.000 ₫,,
NGUỒN TỔ ONG LED 12V20A THÁO MÁY CNC HÌNH THỨC 99%,https://www.lazada.vn/products/pdp-i1064404235.html,100.000 ₫,4.0,77 Đã bán
"Bộ màn hình Android cho xe MAZDA BT50, màn kết nối wifi, RAM 1G, ROM 16G-phụ kiện ô tô, camera hành trình,camera lùi,phụ kiện xe hơi",https://www.lazada.vn/products/pdp-i1961437523.html,2.090.000 ₫,,
"Bình Acquy ZMax Pin Lithium LifePO4 12V 6ah, ZM12V6-YT4 Dùng Cho Xe Máy",https://www.lazada.vn/products/pdp-i2960229110.html,418.000 ₫,5.0,238 Đã bán
Mainboard Winnfox H110 chính hãng FV,https://www.lazada.vn/products/pdp-i3166166845.html,989.000 ₫,,
Gioăng Cao Su Bị Lão Hóa Cho Tấm Chắn Gió Trước BMW E30 E36 E34 E46 E90 E60 E39 F30 F10 F20 E87 E92 E91 - Chống Rò Rỉ Khe Hở,https://www.lazada.vn/products/pdp-i2713126531.html,42.900 ₫,5.0,55 Đã bán
Phổ oxy cảm biến Extender 45 độ oxy cảm biến Spacer Mini oxy cảm biến kết nối thép không gỉ tự động sửa đổi các bộ phận xe ánh sáng phụ kiện,https://www.lazada.vn/products/pdp-i2415007939.html,294.800 ₫,,
"Ecily Đèn hậu xe đạp hiển thị điện thông minh cảm biến chuyển hướng xe đạp đèn hậu Type-C Đèn Led Sạc MTB Đèn xe đạp chuyển hướng đèn, rực rỡ đêm đi xe đạp đèn cảnh báo, thiết bị xe đạp tây đi xe đạp",https://www.lazada.vn/products/pdp-i3159906856.html,356.962 ₫,,
Bộ Nguồn HP chữ L cho HP PC9058 cho máy 6200/8200/6300/8300 SFF hàng tháo máy nguyên zin,https://www.lazada.vn/products/pdp-i2434601508.html,260.000 ₫,4.0,5 Đã bán
"Khẩu Trang Nửa Mặt Mùa Đông LOOGDEEL Dành Cho Nam, Chống Gió, Đi Xe Đạp, Trượt Tuyết, Đi Bộ Đường Dài, Khăn Thể Thao, Giữ Ấm Cổ, Dệt Kim Nylon, Khẩu Trang Đi Xe Máy",https://www.lazada.vn/products/pdp-i3229472550.html,123.200 ₫,,
"WAVLINK PCIe 3.0 to Quad 4K/Dual DP 8K Graphics Card - Global Debut with DisplayLink DL7400, 2HDMI+2DP Ports, PC Video Card with Standard Profile, Supports Multiple Monitors for Windows 11/10 & Ubuntu",https://www.lazada.vn/products/pdp-i3177531004.html,2.760.000 ₫,3.0,
NACCITY | Miếng Dán Kính Cường Lực Bảo Vệ cho MacBook 14 inch 13.3 inch,https://www.lazada.vn/products/pdp-i3196461727.html,390.000 ₫,,
Nguồn máy tính cũ giá rẻ ARROW 500W-650W-750W,https://www.lazada.vn/products/pdp-i909198493.html,199.000 ₫,5.0,18 Đã bán
Main 7 plus,https://www.lazada.vn/products/pdp-i3136284460.html,80.000 ₫,,
"Joysync 530L Bluetooth đài phát thanh xe-12V 1din In-Dash MP3 Player với điều khiển từ xa, kết nối ISO & bảo vệ hệ thống dây điện",https://www.lazada.vn/products/pdp-i3167318121.html,297.909 ₫,,
"Skechers Nam Xăng Đan Thường Ngày Giày Dép Nữ Đi Học, Đi Làm on-The-GO GOwalk Flex Antigua Beach Contoured Goga Mat Footbed, Flex, Machine Washable, Ultra Go",https://www.lazada.vn/products/pdp-i2533096583.html,210.302 ₫,4.0,16 Đã bán
7 inch AHD 4 kênh màn hình xe hơi xe tải 360 độ lái xe màn hình cảm ứng đảo ngược hình ảnh 24V xe nhìn xuyên đêm HD Xe Tải xe buýt 4x Camera giám sát lái xe Dash Cam,https://www.lazada.vn/products/pdp-i3067799143.html,1.988.888 ₫,,
AMD CPU Socket AM2 AM3 AM4 FM1 FM2 Universal Heat Sink Fan Bracket Retention Base Motherboard Cooling Hardware Accessory,https://www.lazada.vn/products/pdp-i2830302738.html,59.000 ₫,,"246 Đã bán
Hong Kong"
Sỉ Đồ Chơi Lắp Ráp Skibidi Toilet Titan Gatling Camera Man v3 Monitor Man TV Man Drill Man Clock Man Audio Man Gía Rẻ,https://www.lazada.vn/products/pdp-i2944488907.html,129.000 ₫,,
Skibidi Toilet Đồ Chơi Lắp Ráp Titan Tv Man Jx042 Clock Man Drill Man King Cameraman Titan TV man Audioman Monitor,https://www.lazada.vn/products/pdp-i2944604622.html,129.000 ₫,,
Skibidi Toilet Đồ Chơi Lego Lắp Ráp Nhân Vật Titan Electric Drill King SoundMan Cameraman Titan TVman Audioman Monitor,https://www.lazada.vn/products/pdp-i2689784692.html,148.500 ₫,,
"( HÓT 2023)Máy đo huyết áp tự động đeo cổ tay, Máy Đo Huyết Áp Cơ Nhật Bản Đeo Cổ Tay JZK - 001R Gía rẻ. Máy Đo Huyết Áp Nhịp Tim chuẩn xác 100%- Công Nghệ Tự Động Thông Minh Dễ sử Dung. Cho Kết Quả Ngay Lập Tức Và Chính Xác.",https://www.lazada.vn/products/pdp-i2659434715.html,188.100 ₫,5.0,
BULLCAPTAIN Casual Business Handbag Shoulder Bag Men's Leather Crossbody Bag,https://www.lazada.vn/products/pdp-i426876347.html,405.396 ₫,4.0,93 Đã bán
"Rung Đồng Hồ Samsung Galaxy Watch 42mm SM-8110 SM-815 Zin Tháo Máy Giá Siêu Rẻ, Rung Siêu Chuẩn",https://www.lazada.vn/products/pdp-i3060565732.html,70.000 ₫,,
Đuôi Đui gắn đèn Ô TÔ XE MÁY 1157 7440 T20 7443 T10 T15 1156 cao cấp của Thiên Lộ,https://www.lazada.vn/products/pdp-i2313516251.html,15.000 ₫,5.0,144 Đã bán
"Van Điện Từ Hộp than Hoạt Tính Chính Hãng Cho Xe BYD F0 F3 F6 L3 G3 S6 , Phụ Tùng Ô Tô",https://www.lazada.vn/products/pdp-i3215430697.html,264.000 ₫,,"42 Đã bán
China"
Lige Đồng hồ thông minh phụ nữ 2025 cuộc gọi Bluetooth Ban đầu thể thao calo thời tiết khỏe mạnh đồng hồ chống nước IOS Android + Hộp,https://www.lazada.vn/products/pdp-i3083229227.html,689.000 ₫,,
[Zeallion] thời trang màu mới trẻ em 4g điện thoại 1.44 inch xem wifi thông minh + LBS Thẻ Định vị camera không thấm nước thời tiết đồng hồ báo thức ngôn ngữ thông minh chất lượng cao Quà Tặng đồng hồ,https://www.lazada.vn/products/pdp-i2797317175.html,514.357 ₫,,
Ekleva Bluetooth 5.3 Bộ phát sóng FM Cho Xe Hơi Có Thể Điều Chỉnh Treble Và Bass Âm Thanh Âm Nhạc Máy Nghe Nhạc Hỗ Trợ Pd30w Nhanh Chóng sạc xe hơi Kit,https://www.lazada.vn/products/pdp-i2678100675.html,554.365 ₫,,
Pittong hơi Matiz-Spark 2008-2011 M200 Matiz1-2-3,https://www.lazada.vn/products/pdp-i2269063523.html,250.000 ₫,,
"Ram PC DDR4 4GB, 8GB, 16GB Bus 2133/2400/2666 dùng cho máy tính để bàn (bảo hành 36 tháng)",https://www.lazada.vn/products/pdp-i3213076435.html,139.000 ₫,,
"( Tặng Len, Pas ) Đèn Trợ Sáng KZ40 SST20 V4.2 - Sáng Trắng 6000K 60W 12V DC - BH 12 Tháng",https://www.lazada.vn/products/pdp-i2911320038.html,495.000 ₫,,
LAKEBAO Waterproof Suitcase Protector Luggage Cover Baggage Dust Case Cover Suitcase Case Travel Organizer,https://www.lazada.vn/products/pdp-i3122910326.html,25.594 ₫,,
Cảm Biến Chuyển Động Radar Chống Nhiễu BA-01,https://www.lazada.vn/products/pdp-i502516398.html,55.000 ₫,4.0,92 Đã bán
Giảm Xóc Trước Chevrolet Spark M300 Chính Hãng GM 42333078 42333079,https://www.lazada.vn/products/pdp-i2161694436.html,1.450.000 ₫,,
Ekleva Máy lọc không khí USB tấm năng lượng mặt trời xe ion âm Máy lọc không khí 1200mAh Pin Lọc Than hoạt tính máy không khí xe hơi bụi HEPA lọc,https://www.lazada.vn/products/pdp-i1551014670.html,1.114.560 ₫,4.0,181 Đã bán
Bộ Khuếch Đại Tai Nghe Behringer MA400,https://www.lazada.vn/products/pdp-i2153204186.html,640.000 ₫,,
Stainless Steel Canned Food Openers with Smooth Edges and Comfortable Grip Kitchen Tools Suitable for Home Restaurant JS-014-VN,https://www.lazada.vn/products/pdp-i3016391186.html,26.000 ₫,,
"Máy đếm tiền XD SUPER BC _31F, máy đếm tiền và phát hiện tiền giả, tiền không cùng mệnh giá",https://www.lazada.vn/products/pdp-i2071289319.html,4.000.000 ₫,,
Cáp DISPLAYPORT Lớn Ra HDMI. Cáp Chuyển Đổi Displayport sang HDMI. BỘ CÁP CHUYỂN ĐỔI DISPLAYPORT SANG HDMI - DP TO HDMI,https://www.lazada.vn/products/pdp-i2766219940.html,43.423 ₫,5.0,
[Zeallion] Thời trang trẻ em 4G điện thoại 1.44 inch Đồng hồ thông minh Wifi + LBS Thẻ Định vị camera không thấm nước cảnh báo thời tiết ngôn ngữ Đồng hồ thông minh chất lượng cao Quà Tặng đồng hồ,https://www.lazada.vn/products/pdp-i2800873502.html,564.190 ₫,,"6 Đã bán
China"
TOKUSET | Giá Đỡ Điện Thoại cho Xe Tự Hành Ninebot Q85C/F90M/SETES/F90,https://www.lazada.vn/products/pdp-i3184510764.html,132.000 ₫,4.0,
"Đồng hồ thông minh kudixiong M9 không xâm lấn đường huyết, huyết áp và axit uric có bluetooth",https://www.lazada.vn/products/pdp-i3099282323.html,438.000 ₫,,
Đồ chơi xếp hình Skibidi Toilet TV Man Speaker TV People Monitor Toilet Man Minifigures KDL818,https://www.lazada.vn/products/pdp-i3186604648.html,23.000 ₫,,
XIMiM Blowing Aokago Coloring Book For Children Adult Relieve Stress Kill Time Painting Art Book,https://www.lazada.vn/products/pdp-i3149132552.html,13.350 ₫,,
Power Train illusionary lĩnh vực máy tính trường hợp M-ATX/MINI-ITX trò chơi để bàn Chassis Bộ Nguồn máy tính ATX hỗ trợ 240 làm mát bằng nước máy tính để bàn vỏ bọc,https://www.lazada.vn/products/pdp-i2652843105.html,741.856 ₫,,
2 Pcs 3SMD 5730 Đèn LED Mắt Chim Ưng Đèn Dự Phòng Lùi Đèn Chiếu Sáng Ban Ngày DRL Bóng Đèn Hiệu Cho Xe Hơi Đèn Sương Mù Cho Xe Máy Trắng 12V,https://www.lazada.vn/products/pdp-i987252248.html,41.856 ₫,4.0,245 Đã bán
Camera Hành Trình Motrid CD30 Full HD Tích Hợp Micro Cảm Biến GSensor,https://www.lazada.vn/products/pdp-i3201458019.html,2.042.000 ₫,,
NGUỒN TỔ ONG 12V 30A THÁO MÁY MINGWELL HUNTKEY JIYI XQD ...VV,https://www.lazada.vn/products/pdp-i826280203.html,115.000 ₫,4.0,827 Đã bán
"Công tắc từ xa điều khiển từ xa bật tắt đèn quạt RF86 xuyên tường đa năng tiện dụng an toàn thiết kế sang trọng lắp đặt dễ dàng, công tắc thông minh",https://www.lazada.vn/products/pdp-i2382723524.html,21.200 ₫,4.0,629 Đã bán
Bộ chuyển đổi biến tần 12V sang 220V/110V 300W Bộ biến tần ô tô thông minh 3000W USB kép,https://www.lazada.vn/products/pdp-i2811976115.html,392.600 ₫,4.0,31 Đã bán
( XA ) Skibidi Giant Ultimate Titan Audio Man Toilet Man vs Monitor Man Đồ chơi lắp ráp Trang trí cho trẻ em,https://www.lazada.vn/products/pdp-i2919858066.html,105.000 ₫,2.0,8 Đã bán
Máy lọc không khí khử mùi tạo ion trên xe ô tô - Máy lọc không khí diệt khuẩn cho xe hơi năng lượng mặt trời tiện dụng,https://www.lazada.vn/products/pdp-i2629792895.html,571.393 ₫,4.0,132 Đã bán
"Bóng đèn Led OSRAM HS1 xe Exciter, Air Blade, Wave RS, Vision, Future, Sirius, Jupiter, Axelo, Lead 125, Click 110,.. (7285CW)",https://www.lazada.vn/products/pdp-i1148940336.html,144.000 ₫,4.0,
BỘ HUD W1 MÀN HÌNH HIỂN THỊ TỐC ĐỘ LÊN KÍNH LÁI,https://www.lazada.vn/products/pdp-i2929428156.html,117.810 ₫,4.0,175 Đã bán
Đồ Chơi Lắp Ráp Titan Tv Man Drill Man Skibidi Toilet Tv Man Sound Man Cameraman Audioman Monitor J34,https://www.lazada.vn/products/pdp-i2919866104.html,89.500 ₫,3.0,6 Đã bán
"Loa điều khiển từ xa.loa bẫy chim.loa trợ giảng,kết nối bluetooth zansong ws898",https://www.lazada.vn/products/pdp-i3063997445.html,375.000 ₫,,
XiaomiSale Chính Hãng Camera Hành Trình Viet.map Chuyên Camera Hành Trình Ô Tô Camera Hành Trình Xe Hơi 1080P 3 Mắt S10 2-inch Màn Hình LCD Hiển Thị Thêm Chi Tiết Nhìn Đêm Hồng Ngoại Để Sử Dụng Vào Ban Đêm.,https://www.lazada.vn/products/pdp-i2659276487.html,680.238 ₫,4.0,63 Đã bán
"Xiaomi Shop Mall Khuyến Mãi Hot Kính Nghe Nhạc Kính Thông Minh Tích Hợp Loa Bluetooth - Nghe Nhạc - Nhận Cuộc Gọi Kính Mát Thông Minh F06 Bluetooth 5.3 - Hỗ Trợ Đàm Thoại, Chống Ánh Sáng Xanh,Chống Nước, Thời Trang Kính Mát Thông Minh Không Dây",https://www.lazada.vn/products/pdp-i2658696737.html,298.890 ₫,5.0,78 Đã bán
"Đồng hồ thông minh Samsung Galaxy Watch6 Classic (LTE, 43mm)",https://www.lazada.vn/products/pdp-i2624770412.html,9.490.000 ₫,,
Màn Hình Máy Tính - LCD SamSung 24 Inch LS24F320GAEXXV/ LS24D366GAEXXV/ LS24D300GAEXXV FHD (1920x1080) - Hàng Chính Hãng,https://www.lazada.vn/products/pdp-i3105088795.html,2.622.000 ₫,,
GIÁ LH 0795621779 CỤM DI CHUYỂN DOOSAN CHÍNH HÃNG...NHẬU KHẨU HÀN QUỐC,https://www.lazada.vn/products/pdp-i2985113749.html,16.000.000 ₫,,
"Thiết bị định vị GPS Hoco E91 Theo Dõi Thông Minh Toàn Cầu, Chống Thất Lạc Đồ Đạc, Chống Nước, Pin 1 Năm, Dùng Trực Tiếp Ứng Dụng Tìm Trên iPhone - Hàng chính hãng",https://www.lazada.vn/products/pdp-i2676462503.html,189.000 ₫,5.0,837 Đã bán
BỘ Đèn Hậu Audi Màn Hình Led Xe Vision 2015-2025Chỉnh Điện Thoại,https://www.lazada.vn/products/pdp-i3097032856.html,1.700.000 ₫,,
"Thiết Bị Định Vị FINDMYTAG F5 - Tương Thích Android & i.O.S, Định Vị Toàn Cầu,Vị Trí Chính Xác, Chống Mất Đồ - Thất Lạc Thú Cưng",https://www.lazada.vn/products/pdp-i3210136507.html,276.000 ₫,5.0,135 Đã bán
Màn hình LED 20 inch độ phân giải HD+ loi sọc sát mép dưới hoặc tren nhu hình HP EliteProDisplay E201 (20 inch LED-backlit LCD) kết nối vga-dvi-prodisplay,https://www.lazada.vn/products/pdp-i3211567701.html,380.000 ₫,1.0,
"Mini NAS Beelink ME 6 khe SSD NVMe (24TB), Intel N200, eMMC 64GB, WiFi 6 – Lưu trữ gia đình cao cấp",https://www.lazada.vn/products/pdp-i3139817519.html,6.490.000 ₫,,
Tương thích với Lego Toilet Man VS Monitor Man Titan Tomahawk Đàn Guitar Loa Người Mô Hình Lắp Ráp,https://www.lazada.vn/products/pdp-i2945571702.html,105.000 ₫,,
Đèn Pha LED Mini Ốp Lưng Đèn Sương Mù Ống Kính Máy Chiếu 180W Làm Đèn Pha Cho Ô Tô Xe Máy-Đèn Lái Phụ Trợ,https://www.lazada.vn/products/pdp-i3130689168.html,262.500 ₫,5.0,133 Đã bán
"Máy bơm lốp oto, xe hơi điện tử MICHELIN 4399ML cao cấp - TẶNG bộ đổi nguồn 220v - 12v cắm tẩu sạc",https://www.lazada.vn/products/pdp-i246374241.html,774.000 ₫,3.0,10 Đã bán
PANGXIEXIANSHENG | Thiết Bị Định Vị Chống Thất lạc cho Trẻ Em và Người Cao Tuổi,https://www.lazada.vn/products/pdp-i3196919152.html,170.000 ₫,4.0,
Carshark H7 H11 Bóng Đèn LED 360 Turbo Đèn Pha 30000lm Siêu Sáng 9005 Hb3 9006 Hb4 9012 Hir2 Tự Động Đèn Sương Mù Dành Cho Xe Chevrolet Toyota Nissan Định Vị Ô,https://www.lazada.vn/products/pdp-i2506835146.html,504.000 ₫,5.0,
Egpu AooStar XG76XT | Card Đồ Họa Ngoài Radeon RX-7600XT 7600M | Sạc USB4 & OCuLink Hiệu Suất Cao,https://www.lazada.vn/products/pdp-i3150488718.html,15.990.000 ₫,,
"Combo Main X99 Sniper DDR4 + CPU 2680 V4 (14 nhân/28 Luồng) + Ram 16GB + Fan K400 (Hoặc T400i) chạy máy ảo , đồ họa",https://www.lazada.vn/products/pdp-i2519500781.html,2.200.000 ₫,4.0,18 Đã bán
"Kính AI Phiên Dịch HUYNDAI - Dịch 145 Ngôn Ngữ, Cảm Ứng Hiện Đại, Loa Bluetooth, Thay Tròng Cận",https://www.lazada.vn/products/pdp-i3067961328.html,543.510 ₫,5.0,
Đồ Chơi Skibidi Toilet Titan Tv Man JX042 Clock Man Drill Man Red Devil Cameraman Speaker TV man Audioman Monitor,https://www.lazada.vn/products/pdp-i2944488908.html,129.000 ₫,,
1 cặp loa treble huyndai tháo xe = 2 cái mới 90% từ neo đường kính 3.5cm giá 50k cặp,https://www.lazada.vn/products/pdp-i2418663243.html,40.000 ₫,4.0,132 Đã bán
Màn hình LCD LG UltraFine 32UN880K-B.ATV (32 inch/ 3840 x 2160/ 280 cd/m2/ 5ms/ 60Hz) - Hàng chính hãng,https://www.lazada.vn/products/pdp-i2974383957.html,17.416.000 ₫,,
"Máy đạp bước thể hình tại nhà,bàn đạp tập thể dục Có dây kéo thiết bị tập thể dục Máy tập đùi,thiết bị giảm cân",https://www.lazada.vn/products/pdp-i3052963608.html,679.000 ₫,,"10 Đã bán
Hồ Chí Minh"
Bộ nguồn máy tính 300-400W Fan 8,https://www.lazada.vn/products/pdp-i363706291.html,49.000 ₫,4.0,576 Đã bán
BO MẠCH CHỦ T-WOLF H110,https://www.lazada.vn/products/pdp-i2454968198.html,1.159.000 ₫,,
Bộ Làm Mát Kép Onda GTX1050ti GTX1060ti 1063 GPU Siêu Việt GTX960 Bộ Làm Mát Tản Nhiệt Cho Máy Tính Để Bàn Mới,https://www.lazada.vn/products/pdp-i2747316597.html,133.000 ₫,,"6 Đã bán
Hong Kong"
"NEEWER Monitor Mount Adapter Bộ chuyển đổi giá đỡ màn hình có giá đỡ VESA, giá đỡ màn hình chịu tải tối đa 14lb/6,3kg (MA001)",https://www.lazada.vn/products/pdp-i2952786261.html,925.000 ₫,,
Compo máy vi tính main chipset H61 CPU i5 3470 RAM 4G văn phòng game nhẹ,https://www.lazada.vn/products/pdp-i2618201331.html,650.000 ₫,,
Bc AHD 720P Camera quan sát phía sau xe ô tô đảo chiều Màn hình đỗ xe không thấm nước siêu rõ ràng máy ảnh Xem phía sau máy ảnh góc rộng,https://www.lazada.vn/products/pdp-i2393518861.html,120.600 ₫,,
[HCM]Công tắc điều khiển từ xa RF 2 cổng 4 cổng độc lập xuyên tường + màu Trắng + Kèm Pin Remote,https://www.lazada.vn/products/pdp-i1097624605.html,55.000 ₫,4.0,
"Kính Dịch Thuật AI E13 - Tích Hợp Loa Bluetooth, Đàm Thoại Rõ Nét, Dịch Chính Xác, Hỗ Trợ Mọi Ngôn Ngữ",https://www.lazada.vn/products/pdp-i2895594457.html,449.000 ₫,5.0,
2 Chiếc CSP LED Xe Sương Mù Bóng Đèn Pha H8 H9 H1 H3 H11 9005 HB3 9006 HB4 6000K Ngày Trắng Chạy Bộ Ánh Sáng Tự Động Đèn Sương Mù,https://www.lazada.vn/products/pdp-i2434605408.html,94.250 ₫,4.0,181 Đã bán
"(ALL ELITE) BG Xe đạp tập thể dục trong nhà giúp tăng cơ, giảm mỡ, rèn luyện sức khỏe, xe đạp tập gym tăng sức khỏe 2 MÀU chọn lựa",https://www.lazada.vn/products/pdp-i1853301454.html,1.085.964 ₫,5.0,16 Đã bán
Giá đỡ điện thoại trên ô tô nam châm từ tính hít chân không gắn kính và taplo siêu chắc chắn,https://www.lazada.vn/products/pdp-i3141762741.html,135.000 ₫,4.0,102 Đã bán
"Nguồn Adapter 12V5A ACbel Cho Camera, Đèn Led, Máy Bơm",https://www.lazada.vn/products/pdp-i1842364934.html,78.000 ₫,4.0,186 Đã bán
ROCKBROS Máy đo nhịp tim thông minh IP67 Bluetooth không thấm nước ANT + chế độ kép cảm biến nhịp tim thông minh 800h Tuổi thọ pin dài cảm biến nhịp tim,https://www.lazada.vn/products/pdp-i3160560690.html,524.610 ₫,5.0,
{EKIRYTW} Xeon E5 2637 V3 E5 2637v3 E5-2637V3 E5-2637 V3 Bộ xử lý CPU 3.5GHz Quad-core 15m LGA 2011-3 135W,https://www.lazada.vn/products/pdp-i3107531654.html,145.657 ₫,,
ROCKBROS M1 Pro Đồng Hồ Xe Đạp 2.9 'GPS Beidou Năm Vệ Tinh Định Vị 70H pin dài Cuộc Sống Đồng hồ đo tốc độ đạp xe Tùy Chỉnh Giao Diện thông minh không dây ANT + Nhịp Tim Tỷ Lệ thiết bị xe đạp Không Thấm Nước,https://www.lazada.vn/products/pdp-i3136000609.html,999.000 ₫,5.0,7 Đã bán
EL TRONICS Linh hoạt Dải đèn mui xe động lực Meteor 12V Chống nước Đèn hướng dẫn mui xe động cơ Dễ dàng lắp đặt Dải đèn LED có thể cắt Đèn chạy xe Trang trí ngoại thất ô tô,https://www.lazada.vn/products/pdp-i3225561873.html,89.000 ₫,,
UGREEN Bộ chuyển đổi 8K 60Hz DP USB C Switch 2 in 1 out for Laptop PC Projector TV Box PC HDTV Monitor Model:65878,https://www.lazada.vn/products/pdp-i3159940249.html,782.800 ₫,,
Bộ Xử Lý Intel Xeon E5-2696v2 2695v2 2697v2 2643v2 E5-2667v2 2651 V2 Cần Bán Cpu Máy Tính Chất Lượng Cao Phần Cứng,https://www.lazada.vn/products/pdp-i2524419056.html,448.400 ₫,4.0,292 Đã bán
Nguồn máy Dell Optilex 3250 jack 6pin main và jack 4pin cou,https://www.lazada.vn/products/pdp-i2060128751.html,500.000 ₫,,
[Zeallion] trẻ em 4G Điện thoại xem wifi thông minh + LBS Thẻ Định vị camera không thấm nước cảnh báo thời tiết ngôn ngữ Đồng hồ thông minh chất lượng cao Quà Tặng đồng hồ,https://www.lazada.vn/products/pdp-i2797482951.html,560.357 ₫,,
Phanteks M25 ARGB 120 140 PWM Control Fan Box Fan Desktop Computer Hardware Cooling Fan New Condition,https://www.lazada.vn/products/pdp-i2524363689.html,233.000 ₫,,"13 Đã bán
Hong Kong"
12V 24V Nguồn điện đèn LED 60W 100W 200W 300W 400W 500W siêu mỏng AC/biến áp DC Bộ điều khiển đèn Led chuyển đổi cho Đèn Led Dây,https://www.lazada.vn/products/pdp-i3080985381.html,120.000 ₫,,
"[Hỗ Trợ Lắp Đặt, TẶNG VIETMAP S2] Màn hình dvd android ô tô đẹp OLEDPRO A5 lắp sim 4G, 5G, tiếng Việt hệ điều hành Android mới nhất, DVD android Full HD GPS chỉ đường camera lùi bản đồ VietmapS2, Navitel Màn hình dvd ô tô giá rẻ, UY TÍN 166, MINH HÂN AUTO",https://www.lazada.vn/products/pdp-i262638088.html,1.290.000 ₫,4.0,
Forehead Anti-Wrinkle Patches Shrink Pores and Reduce Wrinkles Forehead Patch for Friend Family Neighbors Gift AiOO-VN,https://www.lazada.vn/products/pdp-i2960667132.html,21.000 ₫,,
"Định vị cho ANDROID Hoco E96A dùng app GG Find My - tìm kiếm thú cưng, xe máy, ô tô, trẻ em, người lớn tuổi, vật dụng (màu ngẫu nhiên) Nhất Tín Computer",https://www.lazada.vn/products/pdp-i3190656674.html,139.000 ₫,5.0,17 Đã bán
Áp Phích Dán Tường Trang Trí Phong Cách Retro,https://www.lazada.vn/products/pdp-i2437760488.html,20.320 ₫,,
Nguồn tổ ong NB 12V 50a 12V40A 12V 33A có tính năng chống nước ngoài trời hàng Cũ 95%,https://www.lazada.vn/products/pdp-i1814799236.html,120.000 ₫,4.0,49 Đã bán
Cooler CPU Máy Tính Để Bàn AMDSP3 SP5 SP6 Máy Chủ LGA3647 4189 4677 Động Cơ Quạt Tản Nhiệt Máy Tính Để Bàn Máy Chủ Quạt Tản Nhiệt CPU Mẫu Mã M99,https://www.lazada.vn/products/pdp-i2838048345.html,1.733.000 ₫,,"84 Đã bán
Hong Kong"
"Nguồn tổ ong - Nguồn 5v 60a - 40a - 20a - 10a nguồn dùng cho Đèn Led, Motor, Máy Bơm Mini và các thiết bị 5v DC khác",https://www.lazada.vn/products/pdp-i1699530871.html,105.000 ₫,5.0,120 Đã bán
2X100W 2 Màu Đèn Pha LED Ô Tô Bóng H4 H7 H8 H11 HB3 H1 9005 Đèn Sương Mù Vàng Trắng 3000K + 4300K + 6000K 12V Độ Sáng Cao,https://www.lazada.vn/products/pdp-i2562519942.html,483.200 ₫,4.0,124 Đã bán
Jonsbo Ốp C6 Tấm Lưới MATX ITX Bộ Nguồn ATX Type-C 200-255Mm Card Màn Hình Khung Nhỏ Để Bàn Văn Phòng,https://www.lazada.vn/products/pdp-i2140295078.html,886.658 ₫,4.0,26 Đã bán
Rayhong 100ml giảm tiếng ồn chống mài mòn sửa chữa dầu Giảm ma sát hiệu quả cao động cơ chống mài mòn bảo vệ dầu động cơ chống mài mòn đại lý bảo vệ động cơ đại lý xi lanh động cơ chất sửa chữa phụ gia dầu cho bảo vệ động cơ,https://www.lazada.vn/products/pdp-i3154500739.html,96.795 ₫,,
Ultra Quiet 12cm Amplifier Chassis Cooling Fan Inverter 12V 14cm High Speed Large Airflow 9cm 8cm 4cm Computer Hardware Monitor,https://www.lazada.vn/products/pdp-i2830188571.html,58.900 ₫,5.0,9 Đã bán
"Mạch đếm số người ra vào phòng bật, tắt đèn thông minh",https://www.lazada.vn/products/pdp-i1568028045.html,319.000 ₫,4.0,62 Đã bán
"Lọc gió điều hòa (than hoạt tính) Toyota Vios, Altis, Camry, Yaris, Innova, Fortuner Hilux",https://www.lazada.vn/products/pdp-i1608441229.html,47.990 ₫,4.0,223 Đã bán
"Đèn bi Gầm X300 Royal, Bi gầm 3.0 có 3 trợ pha Laser tâm vàng, công suất 80w/ 1 bóng.",https://www.lazada.vn/products/pdp-i2952119444.html,1.300.000 ₫,5.0,
Loa treble Harman Kardon tháo xe BMW 4ohm 20 - 40w(giá 1 cái),https://www.lazada.vn/products/pdp-i2416988132.html,60.000 ₫,4.0,939 Đã bán
Maxgtrs 2X GT loạt H1 H4 H7 H8 H11 9006 9005 HB3 Bóng Đèn Pha LED CANBUS 28000LM 140W siêu trắng sáng LED Chiếu xa gần với Fan,https://www.lazada.vn/products/pdp-i2896521833.html,456.467 ₫,5.0,11 Đã bán
Abstract Microfiber Beach Towels Vertical Tapestry Vintage Large Size Bath Towel for Spa Beach Pool Gym TF-Ebe-VN,https://www.lazada.vn/products/pdp-i3039450090.html,145.000 ₫,,
"Kính Phiên Dịch AI E13 - Đa Ngôn Ngữ, Nhỏ Gọn, Thay Tròng Cận, Loa Bluetooth, Phù Hợp Du Lịch Công Tác",https://www.lazada.vn/products/pdp-i3036087524.html,444.510 ₫,5.0,13 Đã bán
[ammoon]quà bí mật External Audio Mixing Sound Card USB Audio Interface with Multiple Sound Effects Built-in Rechargeable Battery for Singing Shouting Live Streaming Chating Music Recording,https://www.lazada.vn/products/pdp-i2362264714.html,279.277 ₫,,
Romoss Air Purifier Máy lọc không khí ô tô mới Máy tạo ion âm USB Tiếng ồn thấp Mi Air Cleaner Máy khử mùi nhà,https://www.lazada.vn/products/pdp-i2852822344.html,489.000 ₫,4.0,31 Đã bán
Maxgtrs 2X 20000LM CANBUS H7 H8 H11 H9 Bóng đèn Đèn pha LED H1 H3 9012 hir2 9005 HB3 9006 HB4 CSP H4 đèn đội đầu LED cho xe hơi 6500K siêu sáng,https://www.lazada.vn/products/pdp-i2696380178.html,304.564 ₫,4.0,23 Đã bán
Skechers_ New Men Sport Casual Equalizer 4.0 Sandals - 237050-CCBK Men Foamies Cali Surf Shoes Sports Sandals,https://www.lazada.vn/products/pdp-i2842348456.html,183.216 ₫,4.0,6 Đã bán
1 bình thủy tinh hình cầu cổ điển bằng thủy tinh bình trồng cây thủy canh cắm hoa chậu hoa để bàn cây cảnh sáng tạo trang trí nhà cửa nhiều tùy chọn có sẵn,https://www.lazada.vn/products/pdp-i2926757627.html,44.208 ₫,1.0,7 Đã bán
"Định vị dành cho ANDROID Hoco E96A dùng app GG Find My - tìm kiếm thú cưng, xe máy, ô tô, trẻ em, người lớn tuổi, vật dụng (màu ngẫu nhiên) NHẤT TÍN Authorised Store",https://www.lazada.vn/products/pdp-i3190855216.html,159.000 ₫,5.0,7 Đã bán
"Xe Đạp Tập Thể Dục Kết Hợp Tay Chân Phục Hồi Chức Năng Tại Nhà, Xe Đạp Tập Gym Đa Năng Có Kháng Lực - BẢO HÀNH 2 NĂM",https://www.lazada.vn/products/pdp-i1979448127.html,1.632.510 ₫,5.0,18 Đã bán
2 Chiếc Bóng Đèn Pha Xe Hơi Siêu Sáng CarTnT Đèn Pha LED H9 HB3 9005 HB4 9006 H11 H8 100W 20000LM 6000K 12V 8000K,https://www.lazada.vn/products/pdp-i1629838225.html,209.729 ₫,4.0,705 Đã bán
[Zeallion] trẻ em 4G điện thoại 1.44 inch xem wifi thông minh + LBS Thẻ Định vị camera không thấm nước Cảnh báo thời tiết đồng hồ ngôn ngữ thông minh chất lượng cao Quà Tặng đồng hồ,https://www.lazada.vn/products/pdp-i2800927447.html,448.102 ₫,,
Đèn Pha DHL 4Inch Đèn LED Mắt Thiên Thần Đèn Sương Mù Cho Offroad Đèn Led Lái Xe Đèn Làm Việc Màu Trắng Hổ Phách Cho Xe Jeep,https://www.lazada.vn/products/pdp-i1705975218.html,157.752 ₫,4.0,281 Đã bán
"Nguồn máy tính đồng bộ, Samsung dùng cho Dell 390/ 790/ 990/ 3010/ 7010/ 9010 DT",https://www.lazada.vn/products/pdp-i2474535197.html,250.000 ₫,4.0,10 Đã bán
"Chai xịt mỡ bò bảo dưỡng sên (xích) không cần tháo rời,chống rỉ sét,ăn mòn NPR JAPAN 500ML",https://www.lazada.vn/products/pdp-i2701564417.html,55.000 ₫,5.0,244 Đã bán
"[ VietMap S2] Bộ màn hình A5 kèm mặt dưỡng,dây nguồn zin cho xe MISUBISHI XPANDER - cửa hàng đồ chơi xe ô tô, đầu dvd xe ô tô, dvd xe hơi, camera giám sát hành trình ô tô",https://www.lazada.vn/products/pdp-i2108265050.html,1.950.000 ₫,4.0,10 Đã bán
"bộ nguồn máy tính G320, công suất thực 320W, đạt chuẩn CE – CB – FCC, chạy ổn định cho máy văn phòng và oc pho thông",https://www.lazada.vn/products/pdp-i3174291397.html,155.000 ₫,4.0,
Máy Dò Chất Lượng Không Khí DELIXI Cho TVOC Và Formaldehyde Cảm Biến Độ Chính Xác Cao Với Màn Hình Kỹ Thuật Số,https://www.lazada.vn/products/pdp-i3098374580.html,329.000 ₫,,
[100% CHÍNH HÃNG] Nguồn Camera 12V2A - Hiệu Suất Hoạt Động Cao - Camera Toàn Cầu,https://www.lazada.vn/products/pdp-i1434275219.html,35.000 ₫,4.0,408 Đã bán
"Nano bạc phun khói khử khuẩn Unitech 1 lít - Tinh dầu xông Chuyên dùng khử mùi máy lạnh ô tô, khử mùi karaok, nhà cửa, khử nấm mốc hiệu quả",https://www.lazada.vn/products/pdp-i1725451027.html,118.000 ₫,4.0,
Fisherman Hat Wig for Women Autumn and Winter Natural Warm Wig Cap for Girl Colorful Cosplay Wigs TF-Uss-VN,https://www.lazada.vn/products/pdp-i3072969121.html,190.000 ₫,5.0,
Ekleva Thêm Xe Lái Xe Cao/Thấp Len đèn phá sương mù tầm xa Phụ Trợ đèn sương mù xe ô-tô Siêu Sáng Cho ATV Car12V 24V,https://www.lazada.vn/products/pdp-i3186491381.html,719.334 ₫,,
Awei TP57 ENC màn hình màu lớn Tai nghe bluetooth-40dB tiếng ồn hủy bỏ tiêu cự Tai nghe EQ mô hình lựa chọn Bluetooth 6.0 với tai nghe tìm kiếm hình nền lựa chọn không gian loa âm thanh với mic hiệu ứng lựa chọn tai nghe gắn tai không dây,https://www.lazada.vn/products/pdp-i2025596098.html,636.956 ₫,5.0,5 Đã bán
INKBIRD WiFi Gateway and Bluetooth Temperature Humidity Sensor WiFi Remote Monitoring Set (IBS-M2S-B with 3x ITH-11-B) High precision sensor IP65 Waterproof Instant Alarm,https://www.lazada.vn/products/pdp-i3094982093.html,999.000 ₫,5.0,
UGREEN Smart Tag Air Tag Finder Security Smart Track Link Smart Bluetooth Finder với Apple Find My Key Bluetooth Tracker cho Tai nghe nhét tai Hành lý MFi Phone Finder IOS,https://www.lazada.vn/products/pdp-i3131451757.html,549.000 ₫,5.0,7 Đã bán
Nguồn máy tính 650W 550W 700W 450W 500W hàng chính hãng 2nd - Mẫu ngẫu nhiên,https://www.lazada.vn/products/pdp-i2634473455.html,71.992 ₫,4.0,46 Đã bán
Đèn LED Hai Màu Hổ Phách + Đèn Sương Mù Màu Trắng Đèn LED Lái Xe Địa Hình Chống Nước 3Inch 40W Phù Hợp Cho Xe Máy Xe Tải Xe Hơi,https://www.lazada.vn/products/pdp-i1548484697.html,234.493 ₫,4.0,246 Đã bán
Ax210 Pro Dual-Band 5G Máy Tính Để Bàn Gigabit Pci-E các mạng không dây Trò Chơi Bluetooth 5.3 Wifi 6E Với Tản Nhiệt E-Thể Thao Cấp Chuyên Nghiệp Mạng Thẻ,https://www.lazada.vn/products/pdp-i2501010403.html,420.138 ₫,3.0,32 Đã bán
"EKLEVA Đèn LED Điều Khiển Âm Thanh Nhạc RGB Tự Động Thanh Đèn Nhịp Điệu Mới Lạ, Đèn Nền Thiết Lập Máy Tính Để Bàn Đèn Tạo Không Khí Cho Xe Ô Tô",https://www.lazada.vn/products/pdp-i1487934472.html,215.058 ₫,3.0,
Công tắc điều khiển từ xa cho máy bơm nước rf 100M 30A 220V Công suất lớn Xuyên tường có nút học lệnh,https://www.lazada.vn/products/pdp-i2445038847.html,89.000 ₫,4.0,546 Đã bán
"Đũa đầu độ chống dãn Ex150 , Winner , Sonic",https://www.lazada.vn/products/pdp-i2296199968.html,200.000 ₫,,
Nguồn Máy Tính Arrow Aha 550 P4 24Pin Sata 3 Đã Kiểm Tra Ok (Đã Sử Dụng),https://www.lazada.vn/products/pdp-i2634694177.html,119.000 ₫,5.0,
Thiết Bị Định vị GPЅ mini siêu nhỏ 210mAh Hoco E91 và Định Vị Theo Dõi Smart NTag GPЅ G8. LKP,https://www.lazada.vn/products/pdp-i2857045115.html,148.824 ₫,5.0,11 Đã bán
nguồn hp 400 600 800 g1 g2 sff,https://www.lazada.vn/products/pdp-i3211382954.html,230.000 ₫,,
NAIWU | G móc đa năng phía sau ghế xe hơi,https://www.lazada.vn/products/pdp-i3203992725.html,77.000 ₫,4.0,
Vention HDMI to VGA Adapter 1080P 60Hz with Audio and Power for Laptop Monitor Xbox PS4 TV Projector Video Audio Cable HDMI to VGA Converter,https://www.lazada.vn/products/pdp-i378694537.html,110.922 ₫,4.0,
7D Sợi Carbon Vinyl Nội Thất Ô Tô Phim Đa Năng Tự Dán Chống Trầy Xước Miếng Dán Bảo Vệ Cho Tất Cả Các Mẫu Xe Ô Tô,https://www.lazada.vn/products/pdp-i2506710995.html,37.700 ₫,4.0,191 Đã bán
"Máy Đo Nhịp Tim ThinkRider, Dây Đeo Ngực ANT + BLE 4.0 Tập Thể Dục Cảm Biến Thắt Lưng Tương Thích, Wahoo Polar Garmin Kết Nối Đạp Xe",https://www.lazada.vn/products/pdp-i1414459316.html,425.726 ₫,4.0,52 Đã bán
[Thời gian sử dụng 7 ngày] Đồng hồ thể thao thông minh HOCO Y13 Unisex 1.09 inch Màn hình cảm ứng Đồng hồ thể thao Đồng hồ thể dục Đồng hồ thể thao 3ATM Bluetooth 5.0 chống nước theo dõi nhịp tim khi ngủ Phổ biến cho tất cả điện thoại thông minh,https://www.lazada.vn/products/pdp-i2321770724.html,530.740 ₫,5.0,
ZTOYL 1 4pcs Large Clear Plastic Storage Boxes With Hinged Lids Ideal For Jewellery Ornaments Home Supplies And Office Organization,https://www.lazada.vn/products/pdp-i3134002372.html,12.263 ₫,5.0,
2 Pieces Đèn Pha Led 12000lm H7 H8/H9/H11 6000k 60w Chất Lượng Cao Cho Xe Hơi Siêu Sáng Chuyên Dụng Cho Xe Hơi 12V,https://www.lazada.vn/products/pdp-i2976554244.html,328.000 ₫,5.0,13 Đã bán
Máy Lọc Không Khí Ô Tô Máy Tạo Ion Âm Thanh Oxy Di Động Nội Thất Xe Loại Bỏ Mùi Hôi Thiết Bị Vệ Sinh Không Khí,https://www.lazada.vn/products/pdp-i3200912686.html,108.000 ₫,5.0,
"Dây nguồn 1.8m dành cho Dành cho pc, máy tính, màn hình, nồi cơm điện",https://www.lazada.vn/products/pdp-i1566108843.html,15.000 ₫,4.0,
Công Tắc Điều Khiển Cửa Cuốn WiFi Qua Điện Thoại App Tuya Smart,https://www.lazada.vn/products/pdp-i1948944530.html,319.000 ₫,5.0,667 Đã bán
"Thiết Bị Định Vị GPS Hoco E94 định vị toàn cầu Theo Dõi Oto, Xe Máy Tìm Chìa Khóa, Đồ Vật, Ví, Thú Nuôi, Kết Nối Qua App",https://www.lazada.vn/products/pdp-i3006838315.html,158.000 ₫,4.0,
"7RYMS Condenser USB Microphone SR-AU01-K2 Studio Microphone Kit with Desk Stand, Pop Filter and Real-time Monitor Gaming-Mic 192kHz/24bit Tape to Mute Microphone for PC for Streaming Podcast Recording ASMR, for Computer, Phone",https://www.lazada.vn/products/pdp-i2041350720.html,1.606.000 ₫,5.0,57 Đã bán
ACASIS USB HDMI KVM Switch 4K Ultra HD HDMI Switcher Box and USB KVM Splitter for Sharing Monitor Printer Keyboard Mouse,https://www.lazada.vn/products/pdp-i1235536334.html,376.300 ₫,4.0,
Fenvi Wifi 5 Pci-e Không Dây Ac1200 Băng Tần Kép 2.4G/5GHz 802.11ac Cho Bluetooth 4.0 Máy Tính Để Bàn Windows 7/8/10/11,https://www.lazada.vn/products/pdp-i2506794195.html,206.250 ₫,4.0,
Cảm Biến Nhiệt Độ Máy Xe Star Sr 125 Chính Hãng SYM,https://www.lazada.vn/products/pdp-i2640527005.html,459.000 ₫,,
Kính Thông Minh Tai Nghe Bluetooth Không Dây Kính Râm Thể Thao Ngoài Trời Tai Nghe Có Cuộc Gọi Âm Nhạc Tai Nghe Kính Mắt Chống Ánh Sáng Xanh,https://www.lazada.vn/products/pdp-i2581071685.html,110.500 ₫,4.0,16 Đã bán
Quạt tản nhiệt điện thoại sò lạnh CX07 | CX08 Pro | CX08 AI | X12 Plus thế hệ mới làm lạnh đóng băng hỗ trợ tăng fps,https://www.lazada.vn/products/pdp-i3069741694.html,175.000 ₫,4.0,40 Đã bán
Nguồn tổ ông 24v15a. mong LED Chuyển nguồn tổ ong trong nha giá tốt,https://www.lazada.vn/products/pdp-i2727784988.html,250.000 ₫,,
TRN TA1 Earphone Monitors 1DD+1BA Hybrid Hifi Bass Music IEM Headphones Knowles Balanced Armature Sport Gaming Running Headsets Noise Cancelling Earphones MMCX Detachable Cable Wired Headphone Earbuds For Smartphones Tablet Laptops Computers,https://www.lazada.vn/products/pdp-i1856876027.html,999.000 ₫,5.0,7 Đã bán
Đồ chơi xếp hình Skibidi Toilet TV Man Speaker TV People Monitor Toilet Man Minifigures KDL818,https://www.lazada.vn/products/pdp-i3186802095.html,23.000 ₫,,
10 pcs Small Bearings Inner Diameter 2mm 3mm 4mm 5mm 6mm 7mm 8mm 9mm 10mm 3x7x3 5x10x4 5x11x4 8x22x7 10x15x4 mm Miniature Bearing,https://www.lazada.vn/products/pdp-i3071737884.html,67.448 ₫,5.0,96 Đã bán
I3-530 lõi i3 530 i3 540 i3 550 i5 650 i5 660 i5 750 i5 760 i7 860 i7 870 lõi Kép Bộ xử lý CPU 4M 73W LGA 1156,https://www.lazada.vn/products/pdp-i1947433439.html,118.200 ₫,4.0,18 Đã bán
"Ăng Ten FM RADIO,BẮT SÓNG FM chuyên dụng cho xe hơi",https://www.lazada.vn/products/pdp-i2276394642.html,59.000 ₫,5.0,61 Đã bán
"Đèn pha xe máy Ruitaisen đèn LED, U5 12V siêu sáng cho xe máy -INTL",https://www.lazada.vn/products/pdp-i1460785139.html,107.623 ₫,4.0,216 Đã bán
"[Siêu bền] Thiết Bị Định Vị GPS, Theo Dõi Vị Trí Thú Cưng, Đồ Dùng tiện nghi đa năng - Bảo Hành 1 Đổi 1 Trong 12 Tháng XETABON",https://www.lazada.vn/products/pdp-i2051340260.html,273.585 ₫,3.0,112 Đã bán
H61 M-G35(G3) MSI 4ram đẹp bh 1 tháng,https://www.lazada.vn/products/pdp-i2418987718.html,500.000 ₫,,
"Màn hình LCD Led 8inch MONITOR Model 1208 củ sọc màn hình ảnh bo còn chạy ok bán cho a,em về thay màn hay lấy bo chế qua màn khác,thay cho máy 8in màn còn hư bo..v..Dùng cho máy tính PC,laptop,kính hiển vi,máy nội soi,máy dò đồng bộ,máy đóng tab tivi...",https://www.lazada.vn/products/pdp-i2102249650.html,400.000 ₫,,
ES-626 Siren Chống trộm còi báo động công suất cao DC 12V 24V ，15W Buzzer Loa,https://www.lazada.vn/products/pdp-i2387238333.html,109.800 ₫,3.0,12 Đã bán
Dưỡng lốp ô tô - Bóng lốp ô tô xe máy - Phục hồi đen bóng chính hãng DENSO,https://www.lazada.vn/products/pdp-i2701582620.html,160.000 ₫,4.0,96 Đã bán
Bộ điều khiển nhà trung tâm Hub Zigbee Tuya /hub zigbee wifi/hub zigbee lan/hub zigbee homekit,https://www.lazada.vn/products/pdp-i2607091793.html,361.000 ₫,5.0,11 Đã bán
Đầu CD Aux usb tháo xe INOVA : hãng JVC KW GX56T,https://www.lazada.vn/products/pdp-i1607425830.html,619.000 ₫,3.0,7 Đã bán
Dress Up Gloves For Little Girls Easy To Wash For Kids TF-Mia-VN,https://www.lazada.vn/products/pdp-i3096592388.html,17.600 ₫,,
TANGZU WANER SG 2 Earphone Add Faaeal PU Square Storage Box 3.5mm/4.4mm/Type-C 1DD Dynamic Headphone Professional Tuning Comfortable To Wear Noise Cancelling Sports Headsets Flat 0.78mm Detachable Cable Design Hi-Fi Sound Monitors Earbuds For Smartphones,https://www.lazada.vn/products/pdp-i3078160357.html,871.000 ₫,,
"Kuaiqu DC cung cấp điện, cung cấp điện DC sạc có thể điều chỉnh nhanh với cổng loại USB, 12V, 24V, 30V, 48V, 60V, 10A, pin lithium, bảo vệ OCP",https://www.lazada.vn/products/pdp-i3224486135.html,868.000 ₫,,
( Hàng mới ) Toilet Man vs Monitor Man Biến thể Nữ TV Man Tương thích với Lego Khối xây dựng Titan Audio,https://www.lazada.vn/products/pdp-i2944664703.html,108.000 ₫,,
"WAVLINK Card mạng AX5400Mbps WiFi 6E PCIe, Bộ điều hợp không dây AX210 ba băng tần với Bluetooth 5.3, MU-MIMO, WPA3, OFDMA, Dành cho PC Windows 10/11",https://www.lazada.vn/products/pdp-i3107896416.html,780.000 ₫,5.0,14 Đã bán
"Đèn bi Gầm X300 Royal, Bi gầm 3.0 có 3 trợ pha Laser tâm vàng, công suất 80w/ 1 bóng.",https://www.lazada.vn/products/pdp-i3111441811.html,1.300.000 ₫,3.0,
Thẻ Truy Cập 4G Sim du lịch Trung Quốc MaCao Tốc Độ Cao Không chặn Facebook Google,https://www.lazada.vn/products/pdp-i2178284179.html,210.000 ₫,5.0,
Nguồn tổ ong 12V30APF loại tốt-quảng cáo dung LED,https://www.lazada.vn/products/pdp-i2729217058.html,119.000 ₫,5.0,
"ARCTIC HUNTER balo hoa nhí cặp đi học cấp 2 Balo đi học nữ họa tiết đơn giản, balo học sinh sinh viên phong cách đơn giản dễ phối đồ",https://www.lazada.vn/products/pdp-i2665786419.html,176.000 ₫,5.0,29 Đã bán
Loa Âm trần,https://www.lazada.vn/products/pdp-i2408122225.html,240.000 ₫,,"5 Đã bán
Hồ Chí Minh"
Airmars Sg8 kính thông minh cuộc gọi Bluetooth Trợ Lý Giọng Nói Nghe Nhạc Kính Thông Minh Kính Râm Phân cực thể thao Kính Mắt Chống Xanh,https://www.lazada.vn/products/pdp-i2728802475.html,459.000 ₫,4.0,120 Đã bán
Siêu Rẻ!!! Đuôi gió thể thao lắp đặt cho các dòng xe không khoan đục xe,https://www.lazada.vn/products/pdp-i2492183796.html,380.000 ₫,5.0,22 Đã bán
Đồ Chơi Xếp Skibidi Toilet Lắp Ráp Titan Tv Man v3 Clock Man Drill Man King Cameraman Titan TV man Audioman Monitor Rẻ,https://www.lazada.vn/products/pdp-i2944511817.html,129.000 ₫,,
FAAEAL Iris Ancestor Earphone 15.4MM Dynamic Driver PET Diaphragm Headset Good Bass Classic Sports Running Game Headphone 32ohm Flat Head 3.5mm Wired DJ Monitor Earbuds Without/With HD Microphone For Smartphones MP3 MP4 Players Tablet Laptop Computer,https://www.lazada.vn/products/pdp-i2941760578.html,74.000 ₫,5.0,
Băng Cá Voi Lăng Kính 4RS ARGB 120mm PC Quạt Với Thiết Kế Gương Vô Cực Bo Mạch Chủ Đồng Bộ 4PIN CPU Tản Nhiệt Tích Hợp,https://www.lazada.vn/products/pdp-i2988616698.html,103.350 ₫,4.0,99 Đã bán
Bluetooth Không Dây Kính Mát Tai Nghe Stereo AI Dịch Đi Xe Đạp Kính Chống Nắng Tai Nghe XG89 Xuyên Biên Giới Mẫu,https://www.lazada.vn/products/pdp-i3198986959.html,169.500 ₫,,"183 Đã bán
Nước ngoài"
Hud hiển thị tốc độ xe ô tô và cảnh báo M8 - tặng kèm dây cable OBD2,https://www.lazada.vn/products/pdp-i2481950966.html,329.000 ₫,5.0,268 Đã bán
Skibidi Toilet Titan Super Monitor Khối xây dựng Tương thích với Đồ chơi giáo dục Quà tặng Giáng sinh Quà tặng sinh nhật,https://www.lazada.vn/products/pdp-i2944864022.html,132.000 ₫,,
"Dây nguồn 2 chấu dẹt số 8 1.8m - TÁO CHÍNH HÃNG - 2 dẹp 1m8 cho PC, máy tính, Amply,...",https://www.lazada.vn/products/pdp-i3210672502.html,50.000 ₫,,
KZ EDX Ultra HiFi Dynamic Wired Earphone In-Ear Monitor Music Sport Game Noise Cancelling Headset Headphone MT1 EDS EDC ZST,https://www.lazada.vn/products/pdp-i1871949652.html,187.577 ₫,5.0,73 Đã bán
Tăng cường giám sát Titan Vua xây dựng Khối nhà vệ sinh vui nhộn Dr. Lắp ráp b,https://www.lazada.vn/products/pdp-i2945632234.html,98.000 ₫,,
Bộ 3 Quạt Tản Nhiệt Xigmatek STARLINK White Led ARGB - Thiết Kế Ghép Nối - Bảo Hành 12 Tháng,https://www.lazada.vn/products/pdp-i3003996289.html,136.500 ₫,,
Cpu máy chủ xeon các mã cao cấp E5 2699v4 2698v4 2696v4 2697v4,https://www.lazada.vn/products/pdp-i2935859508.html,1.555.000 ₫,,
DC12V 24V 25W 45W 50W 60W 80W 100W 150W 200W 300W 400W 500W không thấm nước IP67 chuyển mạch cung cấp điện,https://www.lazada.vn/products/pdp-i3083020577.html,550.000 ₫,,
(Chính hãng) Công tắc cảm biến chuyển động Rạng Đông -Góc Xoay 360 Độ -Model CT01.PIR 300W,https://www.lazada.vn/products/pdp-i3121267089.html,124.900 ₫,5.0,7 Đã bán
Thiết bị định vị chống trộm xe máy ô tô 4G AV04 hỗ trợ 4G tắt mở máy xe từ xa chính xác cao phần mềm tiếng Việt bảo hành 1 năm,https://www.lazada.vn/products/pdp-i2403342199.html,450.000 ₫,4.0,
Nguồn máy tính cũ bóc case thanh lý chạy tốt,https://www.lazada.vn/products/pdp-i1070040031.html,69.000 ₫,4.0,55 Đã bán
"Công Tắc Điều Khiển Từ Xa Hunonic Mini Wifi Thông Minh Bật Tắt Từ Xa Trên Điện Thoại, Ra Lệnh Giọng Nói",https://www.lazada.vn/products/pdp-i2796171112.html,129.000 ₫,5.0,39 Đã bán
"Arm màn hình máy tính Ergotek EZ100, giá treo màn hình máy tính 27-40inch, xoay 360độ tải trọng 12kg",https://www.lazada.vn/products/pdp-i3149072822.html,500.000 ₫,,
TRN MT1 Wired Earphone 1DD Dynamic DJ In-ear Monitor HIFI Bass Sound Quality Headset Noise Canceling Comfortable Wearing Running Sports Gaming Headphone Ergonomically Design Pop-music Earbud 3.5mm 2pin Replaced Cable,https://www.lazada.vn/products/pdp-i1848749253.html,260.000 ₫,4.0,13 Đã bán
Comfast | Bộ Tiếp Nhận WiFi Ngoài USB 650M 5G Dual-Band,https://www.lazada.vn/products/pdp-i3206732069.html,158.000 ₫,4.0,
10 inch 360 độ lái xe Camera AHD 5 kênh ghi lại Carplay màn hình xe tải xe tải Dashcam màn hình cảm ứng DVR Màn Hình Bốn cách ghi âm 4 kênh 12-24v nhìn trong đêm đầy đủ xung quanh xem xe buýt xe tải Dash Cam,https://www.lazada.vn/products/pdp-i3064270273.html,2.980.000 ₫,,
Main socket 1156 tổng hợp,https://www.lazada.vn/products/pdp-i2295769533.html,509.000 ₫,,
"Xe đạp gấp gọn, xe đạp mini tập thể dục tại nhà, có đồng hồ điện tử GoodFit GF006MB",https://www.lazada.vn/products/pdp-i2507952529.html,599.000 ₫,5.0,148 Đã bán
Nguồn tổ ong 12v 400w GBF,https://www.lazada.vn/products/pdp-i2097824643.html,145.000 ₫,,
Mắt Kính Bluetooth Cảm Ứng Nghe Nhạc Cực Hay,https://www.lazada.vn/products/pdp-i3145715170.html,190.000 ₫,,
Máy dò kim loại Máy quét vàng bạc - Thiết bị săn tìm kho báu chuyên nghiệp,https://www.lazada.vn/products/pdp-i3221735420.html,302.000 ₫,,
Lọc không khí Xiaomi Air car,https://www.lazada.vn/products/pdp-i530200502.html,250.000 ₫,4.0,20 Đã bán
Oura Ring thế hệ thứ 4 kích thước Kit-Tìm đúng kích cỡ trước khi mua-Tiêu chuẩn kích thước độc đáo dành riêng cho tín dụng Vòng thông minh được cung cấp khi mua,https://www.lazada.vn/products/pdp-i3212643432.html,524.200 ₫,,
2 bóng Đèn pha ô tô LED Novsight N74 9005(HB3) 9006(HB4) 9012 H4 H7 H11 Đèn LED ô tô chùm sáng cao/Đèn sương mù chùm tia thấp 72W 10000LM 6500K Cắm và chạy siêu sáng Bảo hành 1 năm,https://www.lazada.vn/products/pdp-i2312388016.html,322.716 ₫,4.0,240 Đã bán
TNW F9 Quạt tản nhiệt điện thoại sò lạnh thế hệ mới làm lạnh đóng băng hỗ trợ tăng fps gaming,https://www.lazada.vn/products/pdp-i2918390671.html,46.900 ₫,4.0,60 Đã bán
SHGMYD 1 cái bánh xe Hex khớp nối Coupler với ốc vít Brass tay áo Adapter lốp Kết nối 3 4 5 6 7 8 mét cho RC thuyền xe phụ tùng,https://www.lazada.vn/products/pdp-i3187015970.html,14.026 ₫,,
[CHÍNH HÃNG] Băng cá nhân trong suốt Liworldco (72 x 19mm) hộp 100 miếng Jls,https://www.lazada.vn/products/pdp-i2569550374.html,26.000 ₫,,
"MG ZS: Tấm cách nhiệt cửa sổ trời chống nóng, Thiết kế chuẩn form xe ô tô, chống tuyệt đối tia UV -AUTO6",https://www.lazada.vn/products/pdp-i1310791906.html,400.000 ₫,5.0,26 Đã bán
Phiên bản nâng cấp Super Titan TV Man 3.0 tương thích với Lego Toilet Man vs Monitor Man lắp ráp kh,https://www.lazada.vn/products/pdp-i2945578285.html,105.000 ₫,3.0,
Thanh Đèn LED Nhấp Nháy Ba Hàng 5Inch-42Inch 288W Đèn Xe Hơi 4X4 4 4 Màu Trắng Vàng Hai Mẫu 7D 12V 24V,https://www.lazada.vn/products/pdp-i2002198719.html,546.623 ₫,4.0,76 Đã bán
Cảm biến chuyển động hồng ngoại chữ nhật MPE (IRS1-H),https://www.lazada.vn/products/pdp-i2352954766.html,173.200 ₫,5.0,
"Thiết Bị Dò Tìm Máy Ghi Âm, Máy Định Vị GPS, Camera Mini - Độ Nhạy Cao, Tích Hợp Công Nghệ Mới Nhat Cao Cấp.",https://www.lazada.vn/products/pdp-i2608330660.html,432.500 ₫,4.0,106 Đã bán
"Định vị HOCO E93a dành cho ANDROID dùng app GG Find My - tìm kiếm thú cưng, xe máy, ô tô, trẻ em, người lớn tuổi, vật dụng (màu ngẫu nhiên) NHẤT TÍN Authorised Store",https://www.lazada.vn/products/pdp-i3207578336.html,159.000 ₫,,"7 Đã bán
Hồ Chí Minh"
[24 giờ tàu] Hoco Y23 Đồng hồ thông minh cho nam IP67 không thấm nước ban đầu đồng hồ thông minh Bluetooth cuộc gọi đếm bước theo dõi giấc ngủ 2.02 inch Bluetooth 5.3 đồng hồ thông minh,https://www.lazada.vn/products/pdp-i3094717681.html,599.000 ₫,,
"Thiết Bị Định Vị GPS FindmyTag ,Định Vị, Theo dõi Trẻ Nhỏ, Người Già, chồng, xe máy chống mất đồ,Định vị mini toàn cầu, Bảo hành 12 tháng",https://www.lazada.vn/products/pdp-i2439535085.html,286.000 ₫,4.0,717 Đã bán
ACASIS USB HDMI KVM Switch 2 in 1 out 4K@60Hz HDMI Switcher and Extended 4 Ports USB3.0 Hub Manual Sharing Box with USB Cables HDMI 2.0 Cables for Computer PC Laptop Desktop Monitor TV Printer Keyboard Mouse Control,https://www.lazada.vn/products/pdp-i1824200332.html,460.782 ₫,4.0,44 Đã bán
Ekleva Tương Thích Bluetooth Xe Thiết bị phát FM không dây Bộ chuyển đổi đài phát thanh Nhanh Chóng Sạc Treble Bass Âm Thanh âm nhạc ô tô Máy Nghe Nhạc Mp3 AUX Qc3.0,https://www.lazada.vn/products/pdp-i2678231393.html,566.188 ₫,2.0,10 Đã bán
"Thiết bị định vị GPS toàn cầu mini PHANTOM S3 không cần sim - định vị xe máy, ô tô, thú cưng, trẻ em, đồ vật, hành lý (trắng) Nhất Tín Computer",https://www.lazada.vn/products/pdp-i2892900606.html,185.000 ₫,5.0,59 Đã bán
"Mua Vietmap Live Pro Chính Hãng – Trợ Lý Cảnh Báo Giao Thông, Phạt Nguội Cho Ô Tô",https://www.lazada.vn/products/pdp-i3082489344.html,449.000 ₫,5.0,21 Đã bán
Thùng máy vi tính led đẹp màu hồng core i5 3570 ram 16g ssd 120g kết nối dây vga giá chỉ 2850k,https://www.lazada.vn/products/pdp-i2550262350.html,2.850.000 ₫,,
"Compo máy vi tính main asus h55 socket 1156 + i7 870 + vga r7 250 2g ddr5 128bit chơi game, đồ hoạ vô tư mạnh mẽ giá chỉ 2100k",https://www.lazada.vn/products/pdp-i1771055737.html,2.100.000 ₫,,
Đồng hồ thông minh Samsung Galaxy Watch7 LTE 40mm,https://www.lazada.vn/products/pdp-i2722905386.html,8.990.000 ₫,,
Nguồn Xigmatek 650W X-Power III 85 plus (600W) - Hàng chính hãng,https://www.lazada.vn/products/pdp-i2391594470.html,960.000 ₫,,
2 Bóng Siêu Sáng Novsight N92 Ống Kính Máy Chiếu LED Xe Ô Tô Bóng Đèn Lớn 9005 (HB3) 9006 (HB4) H4 H7 H11 Đèn LED Cho Ô Tô Đèn Sương Mù Chùm Cao/Thấp 120W 22000LM 6500K Cắm Và Chạy Bảo Hành 1 Năm,https://www.lazada.vn/products/pdp-i2877734606.html,594.654 ₫,4.0,36 Đã bán
KZ Carol Pro Bluetooth 5.4 Earphone Add Faaeal PU Square Storage Box High-Performance/Noise-Cancellation/Transparency/Standard Mode Wired Earbuds 10mm Super-Linear High-Sensitivity Driver DJ Monitors 6 MIC Active Noise Cancellation Sports Game Headphones,https://www.lazada.vn/products/pdp-i3067940613.html,888.327 ₫,5.0,
LazMall Xiaomi Thông Minh Thiết Bị Nghe Ẩn Định Vị GPS Định Vị GPS GF-07 Từ Mini Theo Dõi Định Vị Thời Gian Thực Theo Dõi Thiết Bị Định Vị Thiết Bị Từ GPS Theo Dõi Thời Gian Thực Thiết Bị Định Vị Thông Minh,https://www.lazada.vn/products/pdp-i2748761707.html,210.000 ₫,5.0,65 Đã bán
12 Makeup Brush Set 6 Colors Ladies Makeup Brushes Fur Makeup Eyeshadow Tool LV-VN,https://www.lazada.vn/products/pdp-i2999971635.html,32.000 ₫,,
H61 M-E22 có HDMI MSI đẹp bh 1 tháng,https://www.lazada.vn/products/pdp-i2418984473.html,400.000 ₫,,
Camera hành trình Asawin H5L 10 Trong gương chiếu hậu Camera xe hơi Xe DVR Mặt trước và mặt sau Toàn màn hình Chế độ đỗ xe 24H Đảo ngược ảnh Tầm nhìn ban đêm,https://www.lazada.vn/products/pdp-i567686950.html,720.000 ₫,4.0,975 Đã bán
Combo H61-I5 2xxx- Ram 8g,https://www.lazada.vn/products/pdp-i2539541192.html,550.000 ₫,4.0,71 Đã bán
Đèn Pha Laser LED Cường Độ Cao Cho Xe Hơi D1S D2S D3S D4S D5S D8S Đèn LED 65W 12V 6000K-8000K Đèn LED Modifiction,https://www.lazada.vn/products/pdp-i3175538194.html,526.000 ₫,,
Titan Monitor và Toilet Man Các khối xây dựng tương thích Ares Sound Man so với Đồ chơi lắp rá,https://www.lazada.vn/products/pdp-i2945542977.html,105.000 ₫,,
Ổ Cắm Wiffi Thông Minh Viền Vàng Tuya Âm Tường Chữ Nhật Hẹn Giờ Điều Khiển Từ Xa Qua App Ra Lệnh Bằng Giọng Nói,https://www.lazada.vn/products/pdp-i354658403.html,499.000 ₫,4.0,48 Đã bán
"Màn hình Portkeys PT6 dùng cho máy ảnh , 6 inches 4K HDMI Touchscreen",https://www.lazada.vn/products/pdp-i2613465476.html,3.790.000 ₫,,
Cartnt 120W 30000lm đèn ô tô ống kính Mini LED H4 9003 Hib2 Bóng Đèn Đèn Pha Xe Máy Xe Hơi Máy Chiếu Kép Len LED Ô Tô Moto 12V,https://www.lazada.vn/products/pdp-i2521402619.html,433.611 ₫,,
"Công tắc điều khiển 1km Honest 2 cổng, 4 cổng điều khiển từ xa 100-1000m, điều khiển điện từ xa (HT-7800W) tắt bật bơm, đèn, thiết bị điện tưới cây 220v và 380v",https://www.lazada.vn/products/pdp-i2018016296.html,449.000 ₫,5.0,95 Đã bán
"[Hỗ Trợ Lắp Đặt] Màn hình dvd android xe hơi LẮP SIM 4G NEW 2024, Màn hình android ô tô 9 inch, 10 inch android 10. TIẾNG VIỆT, bản đồ Vietmap S2, Navitel, camera lùi, đồ chơi xe hơi, đầu dvd cho xe ô tô, DVD ô tô android giá rẻ, BẢO HÀNH UY TÍN UY 166",https://www.lazada.vn/products/pdp-i292486241.html,1.250.000 ₫,4.0,683 Đã bán
Natural Sri Lanka Reddish Sapphire AAA Gemstone Corundum Bart Parade Morganite Pink Stone DIY Jewelry,https://www.lazada.vn/products/pdp-i1203520958.html,15.999 ₫,4.0,833 Đã bán
"10 inch Màn hình Android Single Ingot Machine Universal Car Player MP5 Navigator Tất cả trong một Radio 360 độ lắc đầu,",https://www.lazada.vn/products/pdp-i2341949839.html,1.702.800 ₫,5.0,57 Đã bán
"WAVLINK Quad 4K 60Hz Universal Display Adapter - Global Debut with DisplayLink DL7400, 4 HDMI Ports, with 85W Upstream Charging, Supports Multiple Monitors for Intel/M1/M2/M3/M4 Mac&Windows",https://www.lazada.vn/products/pdp-i3105020813.html,2.848.900 ₫,5.0,
Ram Laptop PC3L 4GB 8GB 12800S Hàng Zin Tháo Máy SamSung Bảo Hành 12 Tháng 1 Đổi 1,https://www.lazada.vn/products/pdp-i2602716309.html,400.000 ₫,,
"Loa thông báo chuyển khoản TingBox - Tiền về trực tiếp TK AGRIBANK, không qua trung gian - Loa đọc giao dịch ngân hàng - Free mọi loại phí",https://www.lazada.vn/products/pdp-i3083100980.html,659.000 ₫,5.0,
Cốc chia tẩu sạc nhanh xe ô tô 12V/24V công suất 80W đến 171W có QC3.0 và Type C đèn led cảnh báo điện áp bình,https://www.lazada.vn/products/pdp-i1191300538.html,149.000 ₫,4.0,306 Đã bán
Vonda Áo sơ mi sọc tay áo dài cổ áo cổ lật thường ngày cho nữ áo sơ cỡ lỡn Đầm Mini Cổ Kẻ Sọc Xếp Nếp thời trang,https://www.lazada.vn/products/pdp-i2825553081.html,221.403 ₫,5.0,8 Đã bán
Đèn LED Laser Sương Mù Cho Ô Tô Xe Máy Xe Chống Va Chạm Đuôi Đèn Phanh Đèn Cảnh Báo Xe Máy 12V Đèn Tín Hiệu,https://www.lazada.vn/products/pdp-i2618187494.html,44.200 ₫,5.0,188 Đã bán
Biến áp 220V đến 5V 12V 24V 100W 200W 300W 400W 500W AC/DC cung cấp điện chuyển đổi cung cấp điện ngoài trời không ướt SMPS,https://www.lazada.vn/products/pdp-i3130677631.html,170.000 ₫,,
Tuya 4MP Máy ảnh bảo mật tại nhà hai chiều Audio Wireless Mini Camera Night Vision Cctv Camera WiFi Monitor Baby,https://www.lazada.vn/products/pdp-i2299967382.html,177.840 ₫,4.0,35 Đã bán
Monitor và Toilet Man khối xây dựng Titan TV Man vs. Bà Audio Man lắp ráp đồ chơi trẻ em,https://www.lazada.vn/products/pdp-i2945393899.html,105.000 ₫,,
Nguồn vi tính VSP Vision 750W,https://www.lazada.vn/products/pdp-i2184967280.html,247.000 ₫,4.0,46 Đã bán
Titan TV Man phiên bản nâng cấp 3.0 tương thích với Lego Monitor và Toilet Man đồ chơi lắp ráp khối,https://www.lazada.vn/products/pdp-i2945605503.html,105.000 ₫,3.0,
"【MFI】Thiết Bị Định Vị GPS GOOJODOQ Bluetooth chỉ hỗ trợ i-OS cho Trẻ Em Chìa Khóa Điện Thoại Thú Cưng, Kết Nối Qua App",https://www.lazada.vn/products/pdp-i3169012647.html,130.300 ₫,4.0,33 Đã bán
Bóng Đèn Halogen OSRAM Original H7 12V 55W - Nhập Khẩu Chính Hãng,https://www.lazada.vn/products/pdp-i1953391042.html,131.000 ₫,5.0,197 Đã bán
Giải vô địch châu Âu 2024 Áo sân nhà mới của Hàn Quốc [3A] Cổ áo đỏ cho người hâm mộ,https://www.lazada.vn/products/pdp-i3036175290.html,163.000 ₫,,
Nguồn tổ ong RS-25-5 Meanwell (25W 5V 5A),https://www.lazada.vn/products/pdp-i2432510321.html,253.000 ₫,,
"Card màn hình chơi game, fifa tất cả game nặng hiện nay RX 570- 580 8G MSI dòng này siêu bền giá cực tốt",https://www.lazada.vn/products/pdp-i2076918991.html,1.950.000 ₫,,
( SIÊU RẺ ) Titan Giám Sát Vua Phiên Bản Nâng Cấp 3.0 Nhà Vệ Sinh Người Và Tivi Người Khối Xây Dựng Đồ Chơi,https://www.lazada.vn/products/pdp-i2944866105.html,108.000 ₫,3.0,
Máy Chủ 2u Hỗ Trợ 115x/1700/2011/am4 Side Blown 4 Ống Dẫn Nhiệt Bộ Làm Mát Cpu Dạ Hội Quạt Chịu Lực 1200 Thiết Bị Ngoại Vi Phần Cứng Máy Tính,https://www.lazada.vn/products/pdp-i2967886467.html,532.000 ₫,,"24 Đã bán
Hong Kong"
Mainboard Asus PRIME B760M-F WIFI DDR5 - Bảo hành 36 tháng,https://www.lazada.vn/products/pdp-i3163469099.html,2.719.000 ₫,,
NGUỒN TỔ ONG 12V 30A THÁO MÁY MINGWELL HUNTKEY XQD ...VV,https://www.lazada.vn/products/pdp-i707596078.html,120.000 ₫,3.0,78 Đã bán
"Nhẫn thông minh đo huyết áp, chức năng tập luyện, chăm sóc sức khoẻ KS7",https://www.lazada.vn/products/pdp-i3146445900.html,599.000 ₫,,
"Ốp Nội Thất Toyota Cross Vân Carbon Cao Cấp Thị Trường, Có Sẵn Keo Dán 3M",https://www.lazada.vn/products/pdp-i1404260430.html,959.000 ₫,,
FAAEAL TRN MT3 High-Fidelity Earphone HIFI Bass Music IEM Headphones Dua-Chamber Dynamic Earbuds Running Sports Gaming Headset Noice Canceling Earphones 2pin Detechable Cable Monitors For Smartphones MP3 MP4 Players Tablet Laptops Computers,https://www.lazada.vn/products/pdp-i2058051810.html,268.729 ₫,5.0,
Đồng Hồ thể thao thông minh Garmin Instinct 2 Solar Tactical Edition - Hàng Chính Hãng,https://www.lazada.vn/products/pdp-i2251601953.html,10.890.000 ₫,,
Chốt bật Kinlong MCX ngắn dài và thanh nối phù hợp với loại cửa nhôm,https://www.lazada.vn/products/pdp-i3170603422.html,55.000 ₫,,
MIli Locator Mini Motion Tracker Key Wallet Định vị thiết bị thông minh Hành lý bằng chứng mất nhắc nhở xe làm việc Android Find My,https://www.lazada.vn/products/pdp-i2933493023.html,157.410 ₫,4.0,156 Đã bán
Card Màn Hình - VGA T-WOLF RX550/ RX580 8GB GDDR5 - Hàng Chính Hãng,https://www.lazada.vn/products/pdp-i3111067730.html,2.370.000 ₫,,
"UGREEN 8K60Hz HDMI Switch 2 in 1 out Support latest 8K@60Hz, 4K@120Hz. 1080P@240Hz resolutions for HDTV Projector Monitor PS5/4/3 DVD Nintendo Switch TV Box/TX Stick Xbox One/360 Apple TV",https://www.lazada.vn/products/pdp-i3120425775.html,640.000 ₫,,
"Thiết bị định vị, Áp dụng cho (i0S), Ứng dụng Find My ( chỉ), Định vị chính xác, Thích hợp cho người già, trẻ em, ô tô, xe máy, vật nuôi",https://www.lazada.vn/products/pdp-i3206509747.html,419.936 ₫,,
[Zeallion] trẻ em 4G bé gái 1.44 inch Đồng hồ thông minh Wifi + LBS Thẻ Định vị camera không thấm nước Cảnh báo thời tiết đồng hồ ngôn ngữ thời trang thông minh Điện thoại Quà Tặng đồng hồ,https://www.lazada.vn/products/pdp-i3028767673.html,616.600 ₫,,
"Đèn Trợ Sáng Ô Tô Xe Máy Titan Moto M60 Ultra Hight 70W - Siêu sáng, ánh sáng gom xa, chính hãng - Auto365 Store",https://www.lazada.vn/products/pdp-i3210765531.html,2.800.000 ₫,,
System Design Interview,https://www.lazada.vn/products/pdp-i2003846436.html,114.840 ₫,4.0,40 Đã bán
"Joysync Quạt thông gió ghế xe di động - 3 tốc độ điều chỉnh, lực gió turbo kép mạnh mẽ, quạt làm mát đệm đầu, sạc USB, tương thích đệm đầu hàng ghế sau",https://www.lazada.vn/products/pdp-i3141547883.html,194.180 ₫,5.0,5 Đã bán
Nguồn máy tính 450W hàng chính hãng 2nd lắp máy văn phòng bảo hành 1 năm,https://www.lazada.vn/products/pdp-i2476662279.html,99.000 ₫,5.0,8 Đã bán
"Màn Hình Laptop 15.6 Inch,HD và FHD , LED Dày, 40Pin, Hàng NEW, Thay Thế Cho Nhiều Loại Máy",https://www.lazada.vn/products/pdp-i2174277264.html,750.000 ₫,,
"Bộ chuyển đổi màn hình kép WAVLINK USB 3.0 sang HDMI, USB A và Loại C sang HDMI cho màn hình kép, Thunderbolt 3/4 cho Windows Mac OS",https://www.lazada.vn/products/pdp-i3105967284.html,1.128.000 ₫,3.0,
Quạt tản nhiệt cho điện thoại sò lạnh Kiri TH12 cao cấp làm lạnh không tụt fps khi chơi game pubg,https://www.lazada.vn/products/pdp-i3087734396.html,489.000 ₫,4.0,27 Đã bán
TRN ST2 1DD 1BA Earphones Hybrid HiFi Bass Earbuds Noise Cancelling Headset Dual Dynamic Balanced Armature Gaming Headphones Sports Lossless Music Wired Earphone 2PIN Detachable In-ear Monitors For Smartphones Tablet Laptops Computers,https://www.lazada.vn/products/pdp-i1587555379.html,267.859 ₫,5.0,14 Đã bán
Máy dò kim loại kỹ thuật số yieryi với màn hình LCD-Lý tưởng cho việc khám phá bãi biển và kho báu của trẻ em,https://www.lazada.vn/products/pdp-i3063323451.html,508.897 ₫,,
UGREEN Type c to DP1.4 Cable 8K 60Hz Uni-directional Support Support VVR Funcion 3D HDR Dolby for laptop Desktop Monitor model:25158,https://www.lazada.vn/products/pdp-i2392670334.html,388.200 ₫,5.0,292 Đã bán
EKLEVA Đồng Hồ Tốc Độ Tự Động GPS HUD G3 Đồng Hồ Nhắc Nhở Báo Thức Kỹ Thuật Số Thông Minh Hiển Thị Trên Đầu Phụ Kiện Điện Tử Xe Hơi Cho Tất Cả Xe Hơi,https://www.lazada.vn/products/pdp-i1964537240.html,551.000 ₫,4.0,175 Đã bán
[Gía Sỉ] Lắp Ráp Skibidi Toilet Titan God Of War TV King Drill Man Sound Man Clock Man Monitor Speaker Man Camera Man,https://www.lazada.vn/products/pdp-i2944791301.html,129.000 ₫,,
"Deal Voucher Money LazMall Xiaomi Kính Mát Thông Minh Không Dây Xiaomi F06 Chống Tia Sáng Xanh Có Tai Nghe Bluetooth Tận Hưởng Cuộc Gọi Di Động Không Dây Tự Do, Âm Nhạc Miễn Phí Và Hơn Thế Nữa, Có Chức Năng Chống Bức Xạ, Bảo Vệ Mắt Của Bạn",https://www.lazada.vn/products/pdp-i2904798333.html,309.000 ₫,5.0,59 Đã bán
"Bóng đèn LED OSRAM HS1 High Power Wave RS, Future 125, Vision, Air Blade 125, Exciter 135/150, Sirius tăng sáng trắng 7485CW",https://www.lazada.vn/products/pdp-i2724220920.html,189.000 ₫,4.0,292 Đã bán
[24 Hours ship] Hoco E92 ban đầu 100% vị cứu tinh định vị thông minh thiết bị chống mất mini hỗ trợ thiết bị theo dõi không dây chống mất Apple tìm mạng và sạc không dây của tôi,https://www.lazada.vn/products/pdp-i2824556965.html,325.000 ₫,5.0,234 Đã bán
Hagibis Wireless HDMI-compatible Video Transmitter and Receiver Extender Kit Wireless Display Adapter Dongle for TV Monitor Camera Streaming Projector PC,https://www.lazada.vn/products/pdp-i2593362069.html,1.090.000 ₫,5.0,46 Đã bán
"Đồng hồ thông minh không xâm lấn đường huyết, huyết áp và axit uric deukio M9 với Bluetooth",https://www.lazada.vn/products/pdp-i3099347088.html,381.000 ₫,,
"Mall Xiaomi Hàng Hiệu Sale 50% Kính Thông Minh Smart Eye-Wear Thời Trang, Nghe Nhạc,Tích Hợp Tai Nghe Không Dây Kính Âm Thanh Thông Minh Công Nghệ Xiaomi F07 Kết Nối Bluetooth 5.3 Chống Tia Sáng Xanh Kính Thông Minh Smart Cao Cấp",https://www.lazada.vn/products/pdp-i2942668441.html,379.000 ₫,,
"Nguồn Tổ Ong - Nguồn 24v 20a- 15a- 10a- 5a- 3a nguồn chuyên dùng cho Led, Motor Mini, thiết bị điện 24v khác",https://www.lazada.vn/products/pdp-i1699591573.html,110.000 ₫,4.0,190 Đã bán
WAVLINK USB Type C To HDMI With 87W PD Charge 3-in-1 Dual HDMI 4K 60Hz Adapter Dual Monitor Diaplay Adapter For Laptop Macbook Air Pro Thunderbolt 3/4,https://www.lazada.vn/products/pdp-i3105061772.html,500.000 ₫,,
1-10 Chiếc 2.4GHz 3dBi Ăng Ten WiFi Trên Không Với 17Cm PCI U.FL IPX Sang SMA ESP8266 ESP32 Nam Dây Đuôi Lợn Cho Bộ Định Tuyến Không Dây,https://www.lazada.vn/products/pdp-i3176463038.html,126.750 ₫,5.0,
"✅ Xe đạp gấp gọn, xe đạp mini tập thể dục tại nhà, có đồng hồ điện tử GoodFit GF006MB",https://www.lazada.vn/products/pdp-i3148205545.html,550.000 ₫,4.0,
Kính Âm Thanh Thông Minh Xiaomi Tai Nghe Bluetooth HD Không Dây Có Micrô Kính Râm Chơi Game Chống Nước Chống Bụi,https://www.lazada.vn/products/pdp-i3106908253.html,324.000 ₫,5.0,11 Đã bán
KZ Castor In Ear HiFi Earphone 2 Dynamic High-end Tunable balanced armature Earphones Monitor Headphone Cancelling Earbuds,https://www.lazada.vn/products/pdp-i2414506168.html,244.458 ₫,5.0,23 Đã bán
Quạt tản nhiệt Sò lạnh Memo CX15 AI - Chip TEC mới làm lạnh nhanh - Đèn led đẹp mắt - Chế độ AI thông minh,https://www.lazada.vn/products/pdp-i3107151024.html,229.000 ₫,4.0,31 Đã bán
"CAMERA HÀNH TRÌNH V8, V9 WIFI cao cấp sắc nét, tích hợp màn android và kết nối wifi xem hành trình trên điện thoại di động mang đến sự tiện ích và sang trọng cho xe yêu của bạn - UY TÍN 166",https://www.lazada.vn/products/pdp-i2107026454.html,395.000 ₫,4.0,104 Đã bán
Bull | Thanh Nguồn Đa Cổng Đa Chức Năng Mở Rộng Được và Có Thể Xoay,https://www.lazada.vn/products/pdp-i3196822160.html,160.000 ₫,4.0,8 Đã bán
CPU Intel I9 12900ES QXJEQXQ3 QXLB I7QXQ4 I5QXDY QYGC QXW5 Beta Test Version LGA 1700 65W Desktop Processor 10 Nano,https://www.lazada.vn/products/pdp-i2838101178.html,5.286.000 ₫,3.0,381 Đã bán
IGPSPORT BSC100S Đồng Hồ Xe Đạp Đồng hồ tốc độ cảm biến đi xe ngoài trời đồng hồ đo tốc độ cho xe đạp MTB đường Phụ Kiện Xe Đạp,https://www.lazada.vn/products/pdp-i2050747749.html,999.999 ₫,4.0,153 Đã bán
VỎ CASE MÁY TÍNH MAGIC M-09 (MATX) - Hàng Chính Hãng,https://www.lazada.vn/products/pdp-i3121215054.html,207.000 ₫,5.0,
Sunkandi Thiết bị dò camera xách tay Pinhole ống kính ẩn Detector chống nhìn trộm bảo vệ an ninh cho du lịch văn phòng khách sạn,https://www.lazada.vn/products/pdp-i2741388486.html,72.000 ₫,5.0,5 Đã bán
"PC Mini Asus NUC 14 Essential NUC14MNK1500000 (Intel Processor N150, Intel® Graphics, Wi-Fi 6E AX211, Bluetooth 5.3)",https://www.lazada.vn/products/pdp-i3028790597.html,4.790.000 ₫,,
Xe Đạp Tập Thể Dục Tại Nhà Cao Cấp Có Đồng Hồ Đếm Số Điện Tử Tiện LợiXe Đạp Mini Tập Thể Dục Tại Chỗ,https://www.lazada.vn/products/pdp-i2554410016.html,399.000 ₫,4.0,11 Đã bán
"Đồng hồ thể thao thông minh Suunto Race viền Titanium, 49mm, Offline Map, pin lên đến 26 ngày, GPS đa tầng - Bảo hành 2 năm",https://www.lazada.vn/products/pdp-i2726018776.html,16.490.000 ₫,,
Hud hiển thị tốc độ xe ô tô và cảnh báo Việt HUD - Kết nối không dây,https://www.lazada.vn/products/pdp-i3077421350.html,360.000 ₫,5.0,24 Đã bán
Nguồn máy tính Corsair RM850ep - 850W - Cybenetics Gold - Full Modular (CP-9020296-NA) - Bảo hành 84 tháng,https://www.lazada.vn/products/pdp-i3202288477.html,2.999.000 ₫,,
Dc 3V 5V 6V 9V 12V 13.8V 15V tập trung cung cấp điện 5A 10A 15A 20A 30A biến áp nguồn đèn LED Bộ chuyển đổi,https://www.lazada.vn/products/pdp-i3136861436.html,180.000 ₫,,
LOA HÃNG ALPINE 10CM CHẤT LƯỢNG CAO (GIÁ 1 CÁI),https://www.lazada.vn/products/pdp-i2421649886.html,120.000 ₫,5.0,38 Đã bán
"Nguồn máy tính Golden Field Smart Eye SME 3000A / 3500A - 300W/350W(PFC,EMI, PCI-E6p, 180-264v) - Hàng chính hãng",https://www.lazada.vn/products/pdp-i3094020591.html,559.000 ₫,5.0,
két redleo 2 quat 1 quạt cho exciter winer gắn như zin nhe anh em tải nhiệt tốt sài ổn định,https://www.lazada.vn/products/pdp-i2945840860.html,1.800.000 ₫,5.0,8 Đã bán
Nguồn máy tính Arrow AHA 500W 625W tháo máy loại đẹp không rỉ,https://www.lazada.vn/products/pdp-i2932600561.html,99.900 ₫,5.0,42 Đã bán
CPU máy tính Quạt làm mát kép tháp CPU Quạt hơi nước giảm tiếng ồn 6 ống dẫn nhiệt 12V DC 2000prm cho AM2 AM2 + AM4 AM3 +,https://www.lazada.vn/products/pdp-i3128274353.html,559.000 ₫,,
Nguồn tổ ong 12V 5A 10A 15A 20A 30A,https://www.lazada.vn/products/pdp-i2730500092.html,50.000 ₫,5.0,13 Đã bán
Main msi h110 s03 thế hệ 6 + fan,https://www.lazada.vn/products/pdp-i3220214477.html,550.000 ₫,,
VONDA Women Casual Crew Neck Sleeveless Solid Denim A Swing Long Dress (Korean Causal),https://www.lazada.vn/products/pdp-i2026482321.html,252.758 ₫,5.0,60 Đã bán
"Mô hình lắp ráp Skibidi toilet Titan Monitor Man 504 chi tiết, Bộ xếp hình Titan TVman/ CameraMan/ SpeakerMan",https://www.lazada.vn/products/pdp-i2944873020.html,130.000 ₫,5.0,5 Đã bán
Zeblaze BTalk 3 Pro đồng hồ thông minh 1.43-Inch 466*466 Cao màn hình trong suốt theo dõi sức khỏe ing theo dõi giấc ngủ đồng hồ thể thao Hàng Ngày Không Thấm Nước Bt5.2 Cuộc Gọi 14 Ngày Thời Gian Sử Dụng 100 + Đa chế độ thể thao Cho nam nữ theo dõi sức k,https://www.lazada.vn/products/pdp-i2625779698.html,687.000 ₫,,
SBART Nhà Mini gấp thể dục xe đạp xe đạp cho người già trong nhà toàn diện chân tập thể hình bước,https://www.lazada.vn/products/pdp-i2793906634.html,419.000 ₫,,
FAAEAL Lafitear LM3 Hifi Bass Earphone Customized 3D Shell In Ear Earbud 1DD Dynamic Music IEM Headphone Noise Cancelling Headset Running Sports Gaming Wired Earphones Detachable Cable Monitors For Smartphones Tablet Laptops Computer,https://www.lazada.vn/products/pdp-i2008045111.html,192.855 ₫,5.0,161 Đã bán
[2024]Hoco Y23 siêu nguyên bản 100% đồng hồ thông minh 2.02inch hiển thị bluetooth5.3 IP67 Đồng hồ thể thao theo dõi giấc ngủ Chống nước hàng ngày thời gian sử dụng nhiều chế độ thể thao 5-7 ngày,https://www.lazada.vn/products/pdp-i2863128911.html,620.000 ₫,4.0,5 Đã bán
"Kính Mát Thông Minh Không Dây Xiaomi F06 Chống Tia Sáng Xanh Có Tai Nghe Bluetooth Tận Hưởng Cuộc Gọi Di Động Không Dây Tự Do, Âm Nhạc Miễn Phí Và Hơn Thế Nữa.",https://www.lazada.vn/products/pdp-i3043801825.html,320.000 ₫,5.0,10 Đã bán
"Combo 3 bộ đồ chơi lắp ráp Skibidi toilet 1200 chi tiết, Xếp hình Titan Monitor Man/ TV man/ Sound Man cho bé",https://www.lazada.vn/products/pdp-i2944873019.html,130.000 ₫,,
"Loa bluetooth thông minh Divoom Timebox-Evo, màn hình LED 256 Full RGB, đồng hồ báo thức, ghi âm",https://www.lazada.vn/products/pdp-i1505640652.html,1.062.000 ₫,5.0,38 Đã bán
"Vòng đeo tay theo dõi sức khỏe, theo dõi vận động COROS Apex 2_Mới, hàng chính hãng",https://www.lazada.vn/products/pdp-i2161796114.html,10.990.000 ₫,,
Hot Mới Lego Skibidi Toilet Man vs Monitor Titan TV Man Toy The Third Generation Titan TV Man Máy Khoan Điện Người Đàn Ông Khối Xây Dựng Quà Tặng Sinh Nhật Trẻ Em,https://www.lazada.vn/products/pdp-i2945762063.html,137.000 ₫,,
Đồng hồ thông minh Samsung Galaxy WATCH6 Lte - 40mm/43mm/44mm/47mm (Like new nobox 98%-99%),https://www.lazada.vn/products/pdp-i2148123601.html,3.600.000 ₫,,
"Đồng hồ thông minh JEEP P12 cho nam nữ (trả lời/thực hiện cuộc gọi), đồng hồ sức khỏe thông minh nhạc cho Android và Iphone, Bộ theo dõi sức khỏe chống nước với kiểm tra oxy trong máu/Nhịp tim/ngủ/100 + Chế độ thể thao, đồng hồ cho nam nữ",https://www.lazada.vn/products/pdp-i3010291088.html,860.000 ₫,5.0,
Cartnt 2 cái H4 H7 H11 H8 LHD lrd Đèn Pha Led ống kính Mini Chiếu 9005 9006 HB3 HB4 tự động chùm sáng thấp bóng đèn CANBUS cho xe động cơ 12V 100W 30000lm,https://www.lazada.vn/products/pdp-i2521590296.html,645.000 ₫,,
[Zeallion] thời trang màu mới trẻ em 4g điện thoại 1.44 inch xem wifi thông minh + LBS Thẻ Định vị camera không thấm nước thời tiết đồng hồ báo thức ngôn ngữ thông minh chất lượng cao Quà Tặng đồng hồ,https://www.lazada.vn/products/pdp-i2797745292.html,556.357 ₫,,
Bộ Điều Khiển Trung Tâm Aqara Hub M2 HM2G01 Zigbee Bản Quốc Tế,https://www.lazada.vn/products/pdp-i2647504173.html,1.350.000 ₫,,
Màn hình LCD LG UltraFine 32UN880K-B.ATV (32 inch/ 3840 x 2160/ 280 cd/m2/ 5ms/ 60Hz) - Hàng chính hãng,https://www.lazada.vn/products/pdp-i2974505166.html,17.416.000 ₫,,
[HCM]Wemitom ID115 Cộng Với Màn Hình Màu Dây Đeo Tay Thể Thao Thông Minh Đồng Hồ Đo Bước Chân Chạy Thể Dục Đi Bộ Tracker Dụng Cụ Đo Nhịp Tim Vòng Thông Minh,https://www.lazada.vn/products/pdp-i761746430.html,124.000 ₫,3.0,9 Đã bán
Máy tính Mini PC ASUS NUC 15 PRO PLUS Intel AI Core Ultra 7 255H U5 225H NUC15CRS (RNUC15CRSU500000I),https://www.lazada.vn/products/pdp-i3185140993.html,16.790.000 ₫,,
Màn hình Laptop Dell E5250 E7240 E7250 7240 7250 kích thước 12.5 led mỏng 30 pin (1366x768),https://www.lazada.vn/products/pdp-i1484744345.html,1.400.000 ₫,,
Cartnt 2 cái đèn pha ô tô bóng đèn LED H4 H7 H11 Hb3 9005 HB4 9006 hir2 9012 bóng đèn 7000lm 100W 6000K đèn sương mù xe ô tô,https://www.lazada.vn/products/pdp-i3121056982.html,200.111 ₫,,
Xoss G/G + Gen.3 máy tính Xe Đạp G3 + Đồng Hồ Tốc Độ Cho MTB Đi Xe Đạp Máy Tính G3 GPS không dây đồng hồ đo tốc độ đạp xe Đồng Hồ Đo Tốc Độ Bộ theo dõi GPS Xe Đạp/Nhịp Bluetooth không thấm nước ANT + Cho xe đạp đường trường MTB,https://www.lazada.vn/products/pdp-i3184656395.html,699.000 ₫,,
Cách Âm ôtô Vibrofiltr Made in Russia,https://www.lazada.vn/products/pdp-i2480935773.html,390.000 ₫,,
KG-Đồng hồ thông minh DT NO.1 DT8Max màu bạc,https://www.lazada.vn/products/pdp-i2966023213.html,690.000 ₫,,
MẶT DƯỠNG LẮP MÀN ADNORID HYUNDAI GETZ,https://www.lazada.vn/products/pdp-i2599762584.html,450.000 ₫,5.0,
"Thiết bị Định Vị GPS Momax PINPOP Find My Tracker(không dây, chống mất đồ, hành lý, thú cưng) -dễ dàng sử dụng",https://www.lazada.vn/products/pdp-i2078247202.html,299.000 ₫,5.0,
"Nguồn Dell Optiplex 3080, 3090, 3050, 7080, 7090, Vostro 3681 5890 Chính Hãng",https://www.lazada.vn/products/pdp-i2407358620.html,530.000 ₫,5.0,7 Đã bán
Trung Tâm Điều Khiển Nhà Thông Minh Zigbee Tuya 3.0 Blutooth- Hub Zigbee Tuya,https://www.lazada.vn/products/pdp-i460254265.html,379.000 ₫,4.0,29 Đã bán
Nước Hoa Ô Tô Cao Cấp GOCADO - AROMATIC 160ML - Hương Hoa Cỏ Kết Hợp Gỗ Thơm Trầm Ấm Khử Mùi,https://www.lazada.vn/products/pdp-i2202194384.html,385.000 ₫,4.0,
Cartnt 1PC 26000lm 120W Bóng LED mới H4 đèn pha ô tô máy chiếu mini ống kính đèn tự động H4 ống kính mini tạo kiểu cho xe đèn pha xe máy 6000K tập trung ánh sáng,https://www.lazada.vn/products/pdp-i2521900644.html,411.865 ₫,5.0,
Thiết Bị Làm Mát CPU Máy Chủ 6 Ống Nhiệt LGA4189 4U 2 Quạt Máy Tính Để Bàn 2U 1U Quạt Làm Mát Bằng Không Khí Phong Cách Bên Hông,https://www.lazada.vn/products/pdp-i3138963215.html,1.482.000 ₫,,"12 Đã bán
China"
Main h81 gigabyte d3v thế hệ 4,https://www.lazada.vn/products/pdp-i3225589173.html,450.000 ₫,,
Nguồn Golden Field SFX750 80PLUS Platinum|Patech Electronics,https://www.lazada.vn/products/pdp-i3039003388.html,2.975.000 ₫,,
"(Siêu Hót) Thiết Bị Dò Tìm Phát Hiện Camera Ẩn T01, Máy Dò Camera , Máy Ghi Âm, Định Vị GPS Không Dây T01 Máy Dò Tín Hiệu Thông Minh Cho Văn Phòng, Phòng Ngủ Ô Tô Phát Hiện Mọi Ngóc Ngách, Khóa Chính Xác Nhiều Camera Nhanh Chóng.",https://www.lazada.vn/products/pdp-i3065314033.html,432.000 ₫,5.0,30 Đã bán
Camera lùi kèm màn hình gấp 4.3 inch cao cấp - Car Rearview LCD Monitor,https://www.lazada.vn/products/pdp-i286894852.html,598.400 ₫,4.3,
"Bộ giám sát tiêu thụ điện năng thông minh Vconnex - Công tơ điện tử wifi kết nối app, Xem và tính tiền điện - Hàng Chính Hãng BH 2 Năm",https://www.lazada.vn/products/pdp-i1499924643.html,1.090.000 ₫,4.0,39 Đã bán
Ổ cắm điện thông minh tiêu chuẩn EU Aqara Smart Plug SP-EUC01 - Hẹn giờ bật tắt điều khiển từ xa theo dõi trạng thái thiết bị Cần Aqara Hub để sử dụng,https://www.lazada.vn/products/pdp-i1342014142.html,595.000 ₫,4.0,29 Đã bán
HỢP SIN HUNDAI LOẠI DILING,https://www.lazada.vn/products/pdp-i2440845522.html,320.000 ₫,5.0,
/FALE-SALE/ Vỏ thùng loa Monitor 30 ván ép chuyên sự kiện giá 1 CAI ..x,https://www.lazada.vn/products/pdp-i2738292414.html,1.400.000 ₫,,
"Cảm biến trục cam Gentra,Aveo 1.5,,Matiz 3 xịn Gm:96325867",https://www.lazada.vn/products/pdp-i1676454460.html,550.000 ₫,5.0,
"10inch màn hình cảm ,Màn hình xe h ơ i Android Xem youtube, Đ iều h ư ớng , Camera lùi, Dash Cam, DVD，Hỗ trợ AHD",https://www.lazada.vn/products/pdp-i2938237919.html,1.161.178 ₫,,
Nguồn AcBel 460w 12v 38A tháo máy chủ đã kích sẵn chạy em,https://www.lazada.vn/products/pdp-i2395239589.html,170.000 ₫,,
"Công tắc máy nước nóng ""Water Heater"" 617672 Legrand",https://www.lazada.vn/products/pdp-i1491972829.html,287.000 ₫,5.0,
Vòng tay thông minh Xiaomi Redmi Smart Band Pro BHR5501GL M2101B1 Quốc Tế,https://www.lazada.vn/products/pdp-i2242137191.html,990.000 ₫,5.0,
"Máy thông dịch z6 dịch 137 ngôn ngữ online , có hỗ trợ 17 ngôn ngữ offline và có khe lắp sim 4g toàn cầu",https://www.lazada.vn/products/pdp-i2819603169.html,2.800.000 ₫,5.0,167 Đã bán
Ổ cắm thông minh Wifi Hunonic SK01 Hệ Sinh thái cho ngôi nhà thông minh[ CHÍNH HÃNG VN],https://www.lazada.vn/products/pdp-i2047651250.html,168.222 ₫,5.0,11 Đã bán
Ốc chống nghiêng INOX 304 gắn cho dòng Honda - Ya (mẫu xoắn),https://www.lazada.vn/products/pdp-i1554261105.html,69.000 ₫,5.0,5 Đã bán
H81 M-DS2 Gigabyte đủ fe socket-1150,https://www.lazada.vn/products/pdp-i2418968859.html,399.000 ₫,4.0,49 Đã bán
Máy tập phục hồi chức năng Mini Bike,https://www.lazada.vn/products/pdp-i1268308871.html,3.245.000 ₫,5.0,
Đồng hồ thông minh Samsung Galaxy Watch 4 46 Classic GPS (46mm) New Seal R890 - Hàng Chính Hãng,https://www.lazada.vn/products/pdp-i2351047359.html,3.290.000 ₫,5.0,
"Bộ điều khiển Tivi, Máy lạnh [từ xa bằng điện thoại qua sóng wifi] Hunonic IR Smart - Cơ Điện Shop",https://www.lazada.vn/products/pdp-i1332553127.html,195.000 ₫,4.0,37 Đã bán
"Mini PC AMD UM690 Lite, MinisForum, venus series, AMD Ryzen 9 6900HX, NUC miniforum máy tính văn phòng, đồ họa, game",https://www.lazada.vn/products/pdp-i2509523414.html,15.507.000 ₫,5.0,
"Loa sub gầm ghế ô tô GB B8 có nhạc, công suất lớn, âm thanh sống động, êm tai, mẫu mới nhất 2022",https://www.lazada.vn/products/pdp-i1590693080.html,1.499.000 ₫,4.0,18 Đã bán
H310 M-FIRE MSI đẹp BH 1 tháng,https://www.lazada.vn/products/pdp-i2418911662.html,610.000 ₫,5.0,
"Biled S-LIGHT MAX1 3 inch công suất 65w nâng cấp dèn oto , xe máy",https://www.lazada.vn/products/pdp-i1389037230.html,900.000 ₫,,
Nhiệt kế hồ cá Gex chuẩn nhiệt độ nhập khẩu Nhật Bản,https://www.lazada.vn/products/pdp-i1955576724.html,37.000 ₫,,"6 Đã bán
Hồ Chí Minh"
Công tắc wifi cảm ứng âm tường thông minh Sonoff TX T0US 1 2 3 Kênh,https://www.lazada.vn/products/pdp-i1828237783.html,289.000 ₫,5.0,45 Đã bán
"Combo Main B460 Aorus, chip cori i3 gen 10",https://www.lazada.vn/products/pdp-i2979764094.html,1.320.000 ₫,5.0,
Đồng hồ thông minh Samsung Galaxy Watch7 40mm Galaxy AI - Hàng Chính Hãng,https://www.lazada.vn/products/pdp-i2728030334.html,5.490.000 ₫,5.0,
NEW FULL BOX 2023 : Máy lọc không khí oto SHARP IG-HCF15-B hàng nội địa Nhật,https://www.lazada.vn/products/pdp-i2180544801.html,620.000 ₫,5.0,9 Đã bán
"Loa thông minh OLLI MAIKA - Trợ lý ảo tiếng Việt Maika, Nội dung tiếng Việt, Tích hợp giải pháp nhà thông minh, Kết nối Wifi, Bluetooth,",https://www.lazada.vn/products/pdp-i1913145159.html,2.640.000 ₫,5.0,13 Đã bán
Microsoft Office Home & Student 1 PC/Mac 2019,https://www.lazada.vn/products/pdp-i691912101.html,2.499.000 ₫,5.0,
Còn Vài trăm vỏ thùng máy văn phòng new 100% nhỏ gọn đẹp,https://www.lazada.vn/products/pdp-i1739437005.html,245.000 ₫,5.0,
game ps2 sega master system,https://www.lazada.vn/products/pdp-i1768710526.html,20.000 ₫,,"7 Đã bán
Hồ Chí Minh"
"Bộ vi xử lý Intel CPU Core i5-4590 3.30GHz ,84w 4 lõi 4 luồng, 6MB Cache Socket Intel LGA 1150",https://www.lazada.vn/products/pdp-i1295846002.html,589.000 ₫,5.0,15 Đã bán
Vỏ Case 2 Mặt Kính Cường Lực EDRA ECS1305 (M-ATX),https://www.lazada.vn/products/pdp-i3081308683.html,350.000 ₫,5.0,
PC Asus ROG Strix G10DK (R5 5600G/8GB RAM/512GB SSD/GTX1660Ti/WL+BT5/Win 11),https://www.lazada.vn/products/pdp-i2057438069.html,25.990.000 ₫,,
Bông Cách Âm Tự Dính Bông Sóng Cho Ô Tô Lót Toàn Bộ Xe Giảm Tiếng Ồn Cửa Giảm Tiếng Ồn Công Cụ Giảm Tiếng Ồn,https://www.lazada.vn/products/pdp-i2866252524.html,122.000 ₫,,
"Nguồn Adapter12V 2A, Chân to Có Đèn báo dùng cho CCTV camera Mô tả về Bộ nguồn 12v 2a acbel chính hãng",https://www.lazada.vn/products/pdp-i2393543785.html,19.800 ₫,5.0,236 Đã bán
"Màn hình hỗ trợ pad, pad máy tính xách tay cao nhiệt, 3 có thể điều chỉnh chiều cao, thu thập các mục, nhiệt",https://www.lazada.vn/products/pdp-i3078986561.html,143.550 ₫,4.0,43 Đã bán
"GẮP FUTURE FI INOX KHÔNG HÚT NAM CHÂM, HÀNG DÀY LOẠI 1 SÁNG BÓNG, CHỐNG RỈ SÉT VÀ VỪA KHÍT XE NHƯ ZIN",https://www.lazada.vn/products/pdp-i2434544041.html,489.000 ₫,5.0,11 Đã bán
Nguồn Máy Tính VSP Vision ATX 750W,https://www.lazada.vn/products/pdp-i1665227800.html,267.300 ₫,4.0,221 Đã bán
[HCM] Nhiệt ẩm kế Xiaomi Mijia gen 2 (Mi Temperature and Humidity Monitor 2) - NUN4126GL - Bluetooth - Chính hãng,https://www.lazada.vn/products/pdp-i1948126310.html,109.000 ₫,4.0,500 Đã bán
Kính camera thể thao HD điều khiển qua điện thoại quay video chụp ảnh rảnh tay cho đạp xe leo núi du lịch,https://www.lazada.vn/products/pdp-i3213530824.html,519.250 ₫,,
2 Năm Key Phần mềm Vietmap Live Pro Dẫn đường Cảnh báo giao thông - SMEV - Hàng chính hãng,https://www.lazada.vn/products/pdp-i2476116908.html,475.000 ₫,5.0,516 Đã bán
{Chính Hãng} Máy rửa xe Xpower RX-3C 3800W - Máy rửa xe nhật bản Xpower - tặng kèm bình bọt tuyết,https://www.lazada.vn/products/pdp-i2583699820.html,937.300 ₫,4.0,
Ống Kính Máy Chiếu Led Hai Màu Đèn Pha Xe Máy Ống Kính Đôi Đèn LED Làm Việc Đèn Pha Màu Vàng Trắng,https://www.lazada.vn/products/pdp-i1839234654.html,295.187 ₫,5.0,42 Đã bán
Nguồn VSP 550W Delta P550W ATX,https://www.lazada.vn/products/pdp-i2391771089.html,580.000 ₫,,
Nguồn Điện Chuyển Mạch 5 12 24 V Nguồn Điện AC DC 5V 12V 24 V 5A 8A 10A 15A 20A 220V Đến 5V 12V 24 V Ngoài Trời Chống Mưa SMPS,https://www.lazada.vn/products/pdp-i2049256255.html,159.025 ₫,4.0,31 Đã bán
Băng Keo Cuộn Vải Vitas Go Nhỏ (Hộp/1c),https://www.lazada.vn/products/pdp-i2570024795.html,4.500 ₫,5.0,21 Đã bán
Main GiGa H81M DS2 2 Khe Hàng Cũ - Socket 1150,https://www.lazada.vn/products/pdp-i2384149791.html,385.000 ₫,5.0,
"Đồng hồ thông minh Garmin Venu 3S_Mới, hàng chính hãng",https://www.lazada.vn/products/pdp-i2426232302.html,12.290.000 ₫,,
Giảm giật Dx 55A loại tốt .VƯƠNG TUYẾT LÂM..0795621779,https://www.lazada.vn/products/pdp-i3164262161.html,420.000 ₫,,
Maxgtrs ống kính kép H4 Đèn Pha Led Máy chiếu mini Ống Kính LED HBS 9003 đèn ô tô chùm ánh sáng 50 Wát 11000lm,https://www.lazada.vn/products/pdp-i3160046022.html,219.893 ₫,5.0,
Nano phục hồi đa năng phục hồi tái tạo nhựa bị lão hóa bạc màu tạo lại độ sáng bóng như mới Ô TÔ và Xe Máy.,https://www.lazada.vn/products/pdp-i2070285237.html,100.000 ₫,5.0,378 Đã bán
Nước Hoa Ô Tô Cao Cấp GOCADO - BLACK DIAMOND 200ml - Hương Hổ Phách Khử Mùi Hôi,https://www.lazada.vn/products/pdp-i2207680194.html,389.000 ₫,4.0,89 Đã bán
"Thiết Bị Định Vị Thông Minh Hoco E94 – Báo Động, Tìm Đồ Nhanh dùng cho ip8/X/11/12/13/14/15/16",https://www.lazada.vn/products/pdp-i3092289597.html,145.000 ₫,5.0,38 Đã bán
màn hình máy tính cũ rẻ,https://www.lazada.vn/products/pdp-i2529408314.html,650.000 ₫,5.0,10 Đã bán
FE chặn main GIGABYTE H110M-A (Mainboard IO Shield: 467),https://www.lazada.vn/products/pdp-i2948815018.html,30.000 ₫,,
"[Chỉ dùng trên IOS] Thiết bị định vị GPS Hoco DMH3 Dạng thẻ ATM, Định vị xe cộ, Thú cưng, Con em, Đồ vật - NHẤT TÍN Authorised Store",https://www.lazada.vn/products/pdp-i3155912044.html,299.000 ₫,,
"Máy phiên dịch thông minh phiên dịch 2 chiều CORISU Z6 Bản nâng cấp lắp SIM 4G (Tặng kèm tai nghe) dịch trực tiếp 138 ngôn ngữ, 19 Ngôn ngữ ngoại tuyến, dịch ảnh, dịch ghi âm tức thời",https://www.lazada.vn/products/pdp-i2932522060.html,2.590.000 ₫,5.0,332 Đã bán
Ekleva 11.3 Inch DVR cho xe hơi 4K Dash Cam Không Dây Carplay Android Tự Động AI Hỗ trợ màn hình camera sau đầu ghi video Navigation Bảng Điều Khiển,https://www.lazada.vn/products/pdp-i3129490463.html,2.405.010 ₫,3.0,
MENGDAO | Hộp Giấy Khăn Đặt Trên Ô Tô,https://www.lazada.vn/products/pdp-i3197878752.html,344.000 ₫,,
Đèn Ốp Sườn Cửa Xe Ô Tô Dải Đèn Chạy Bảng LED RGB Có Điều Khiển Ứng Dụng Từ Xa Không Dây Đèn Trang Trí Xung Quanh Ô Tô Neon,https://www.lazada.vn/products/pdp-i2175900407.html,203.187 ₫,5.0,110 Đã bán
Quạt laptop Asus K501L K501U V505L – K501 CHO VGA (NHỎ),https://www.lazada.vn/products/pdp-i1266046437.html,514.773 ₫,,
WATCH4 - Đồng hồ Samsung Galaxy Watch 4 40mm GPS - Hàng chính hãng,https://www.lazada.vn/products/pdp-i2907264885.html,1.790.000 ₫,,
[Quốc tế] Aqara Hub M2 HM2-G01 Zigbee 3.0 và Bluetooth tích hợp điều khiển hồng ngoại Matter - Hàng Chính Hãng - Bảo Hành 1 Năm,https://www.lazada.vn/products/pdp-i1217483394.html,1.090.000 ₫,5.0,59 Đã bán
Đồng hồ thể thao thông minh KAVVO Cyber RH1 | 300mAh | Chuẩn kháng nước - Bảo hành 12 tháng,https://www.lazada.vn/products/pdp-i2327510898.html,695.000 ₫,5.0,
Ốc Salaya Combo Full xe + chống nghiêng + pad má đùm inox 304 cho mọi dòng xe ( Tặng tay thắng Xiken Salaya ),https://www.lazada.vn/products/pdp-i2635284524.html,1.363.554 ₫,5.0,21 Đã bán
Quạt Làm Mát 120mm 3000RPM Có Bộ Điều Khiển 12V 220V Cho Máy BTC Khung Máy Máy Trạm Tủ Tản Nhiệt Máy Chủ - Quạt Hút,https://www.lazada.vn/products/pdp-i2902653554.html,131.300 ₫,5.0,21 Đã bán
Ly nước 27 (TV748),https://www.lazada.vn/products/pdp-i3146166864.html,40.759 ₫,,
Zeblaze Aes 3 Pro Vòng Đeo Tay Thông Minh Đồng hồ thể thao 1.43-Inch AMOLED Fulltouch Màn Hình Bộ theo dõi sức khỏe Ip69 Không Thấm Nước BT Cuộc Gọi theo dõi sức khỏe Nhiều Thể Thao Chế Độ Thông Báo/Gọi/Nhắc nhở vận động Camera từ xa Tương Thích Với IOS A,https://www.lazada.vn/products/pdp-i2447602522.html,992.000 ₫,,
Vention HDMI 2.1 Cable 8K 60Hz 4K 120Hz High Speed 48Gbps HDMI to HDMI Cable for Laptop Monitor PC PS4 TV 8K HDMI Cable 2.1,https://www.lazada.vn/products/pdp-i1365234740.html,159.000 ₫,4.0,319 Đã bán
Kính Mát Ray-Ban Meta Ray UV400 Polarized Lenses Tròng Kính Bảo Vệ Mắt Chống Ánh Sáng Mặt Trời Cho Meta Ray-Ban Wayfarer RW4006,https://www.lazada.vn/products/pdp-i3162214608.html,265.000 ₫,,"12 Đã bán
China"
TỔNG KHO PHÂN PHỐI SIN PHỚT PHỤ KIỆN XÚC CHÍNH HÃNG.PHÂN PHỐI CHO ĐẠI LÝ. BÁN ONLINE -BÁN QUA ZALO-GỬI BƯU ĐIỆN - GỬI BẾN XE PHƯƠNG TRANG.GỬI HÀNG XE KHÁCH CÁC TỈNH.VƯƠNG TUYẾT LÂM 0795621779,https://www.lazada.vn/products/pdp-i2109852639.html,10.000 ₫,,
Đèn pha LED H4 T9 PRO 2024 bi cầu mini cắt sáng dùng điện bình 12v,https://www.lazada.vn/products/pdp-i2634199331.html,139.000 ₫,4.0,183 Đã bán
Ekleva 1DIN Đài Phát Thanh Xe Hơi Trong Dash MP3 Tự Động Âm Nhạc Stereo Loại C Sạc 12V Bluetooth FM/USB/SD/Aux-Trong âm thanh trên xe hơi Với Giá để điện thoại,https://www.lazada.vn/products/pdp-i2440722030.html,375.187 ₫,4.0,18 Đã bán
Mắt kính bluetooth kiêm tai nghe nhạc 4.0 Smart Glass đàm thoại tặng kèm hộp đựng cao cấp,https://www.lazada.vn/products/pdp-i3114422864.html,122.018 ₫,5.0,
Ổ Cắm Thông Minh Wifi Tuya Smartlife 4 Cổng Độc Lập 2 Usb Điều Khiển Từ Xa Qua Phần Mềm Trên Điện Thoại Và Giọng Nói,https://www.lazada.vn/products/pdp-i1771476324.html,205.000 ₫,5.0,30 Đã bán
"Bộ điều khiển khóa cửa thông minh xe ô tô MILANO ROADROVER - TOYOTA, HYUNDAI, KIA - KEYLESS ENTRY SYSTEM - smartkey",https://www.lazada.vn/products/pdp-i2395139280.html,350.000 ₫,5.0,18 Đã bán
"Nguồn máy tính Antec Meta V550, chuẩn Standard, điện áp 230V, công suất 550W, hàng chính hãng - Bảo hành 36 tháng",https://www.lazada.vn/products/pdp-i3106987192.html,659.000 ₫,,
Xe đạp thể dục tập vật lý trị liệu phục hồi chức năng tập chân tại nhà gấp gọn GoodFit GF002MB tại nhà,https://www.lazada.vn/products/pdp-i3014494293.html,419.000 ₫,5.0,9 Đã bán
Quạt Làm Mát CPU Aigo Z12 120mm RGB Quạt Làm Mát CPU 4pin Với Giao Diện 3pin5v ARGB - Quạt Máy Tính Chịu Lực Chất Lỏng Yên Tĩnh,https://www.lazada.vn/products/pdp-i2506684624.html,112.450 ₫,4.0,
Đồng hồ thông minh Huawei Watch 3 - Vỏ Thép - Dây Cao Su - Esim - NFC _ New 100% Sealbox,https://www.lazada.vn/products/pdp-i2538585101.html,4.500.000 ₫,,
Đồng hồ định vị trẻ em Y33 4G video call mặt tròn,https://www.lazada.vn/products/pdp-i2827160395.html,682.000 ₫,,
mainboard jingsha x99 ddr4 ad1 nvme usb 3.0 4 cổng 2 khe ram,https://www.lazada.vn/products/pdp-i3083404654.html,799.000 ₫,5.0,
"Joysync Đèn LED Xe Hơi Linh Hoạt Chống Nước – Màn Hình LED Pixel RGB Đầy Màu Sắc Có Thể Gập Lại, Tương Tác Vui Nhộn, Điều Khiển Qua Ứng Dụng Bluetooth / USB",https://www.lazada.vn/products/pdp-i3143104427.html,559.000 ₫,5.0,8 Đã bán
Comfast | Bộ Tiếp Nối Mạng Không Dây WiFi 6 Đôi Băng Tần 5G Gigabit,https://www.lazada.vn/products/pdp-i3193661828.html,1.208.000 ₫,4.0,
PHỚT TRUNG TÂM PC 10 SPG 55*4.2,https://www.lazada.vn/products/pdp-i3121450707.html,380.000 ₫,4.2,
"Công Tắc điều khiển từ xa RF 30A - 220V, khoảng cách lên tới 100m",https://www.lazada.vn/products/pdp-i2193598183.html,75.000 ₫,4.0,312 Đã bán
Cartnt 120W Spotlight H4 đèn laze H4 ống kính Đèn Pha Led nhỏ ô tô Bóng đèn Đèn pha LED 22000LM kính chắn chống loá cho xe hơi chùm sáng thấp Đèn Pha Xe Máy,https://www.lazada.vn/products/pdp-i2521451434.html,259.102 ₫,5.0,
"xe đạp thể thao limit nâng cấp bản mới nhất, xe đạp đường phố 26in, 21 cấp trượt dành cho người 1m 45 đến 1m 8",https://www.lazada.vn/products/pdp-i2511806189.html,2.090.000 ₫,,
Nguồn VSP Master Vision ATX-750W,https://www.lazada.vn/products/pdp-i2652716266.html,209.000 ₫,5.0,14 Đã bán
"Công Tắc Tuya Thông Minh Wifi+Rf433, 1,2,3,4 Nút Viền Vàng Hình Vuông Smartlife Hẹn Giờ Điều Khiển Từ Xa Điều Khiển Giọng Nói",https://www.lazada.vn/products/pdp-i1771454411.html,324.000 ₫,4.0,214 Đã bán
ROCKBROS M1 Pro Đồng Hồ Xe Đạp GPS Beidou Năm Vệ Tinh Định Vị 70H pin dài Cuộc Sống 2.9 ''đồng hồ đo tốc độ đạp xe thông minh không dây ANT + Nhịp Tim Tỷ Lệ Tùy Chỉnh Giao Diện Không Thấm Nước thiết bị xe đạp,https://www.lazada.vn/products/pdp-i3135971880.html,999.000 ₫,5.0,
"Wavlink 7-in-1 USB C Quad-Monitor ổ cắm máy tính xách tay với kép 4K HDMI, 4K dp, VGA, USB2.0 đa đầu chuyển đổi cổng cho Dell/HP/Lenovo/Thinkpad, tương thích với Mac/Windows/Chrome OS/Linux/Android",https://www.lazada.vn/products/pdp-i2416572444.html,743.218 ₫,,
"Máy phiên dịch ngôn ngữ SEKA CORISU A10 lắp sim 4G, dịch 138 ngôn ngữ, chat gpt, ngoại tuyến dịch ảnh, đàm thoại ( Tặng tai nghe )",https://www.lazada.vn/products/pdp-i2727979135.html,3.930.100 ₫,5.0,298 Đã bán
Cartnt 2 Miếng ô tô siêu sáng bóng đèn pha LED H7 H11 9005 Hb3 9006 Hb4 Ánh Sáng 6000K 8000K LED đèn sương mù 20000LM 100W 12V Xe Phổ,https://www.lazada.vn/products/pdp-i2522793333.html,297.000 ₫,,
Ống kính máy chiếu 2 bóng Novsight N91 Đèn LED ô tô bóng đèn lớn 9005/HB3 9006/HB4 H4 H7 H11 Đèn LED cho ô tô Đèn sương mù chùm sáng cao/thấp 60W 17000LM 6500K Cắm và chạy siêu sáng Bảo hành 1 năm,https://www.lazada.vn/products/pdp-i2867313616.html,494.852 ₫,,"5 Đã bán
China"
"Vòng Bi, Bạc Đạn Xe Máy Koyo 2RSCM Cao Cấp - Vòng Bi Bạc Đạn 6300,6301,6302,6303,6304 ZZCM KOYO Chất Lượng Cao",https://www.lazada.vn/products/pdp-i2320974229.html,12.000 ₫,4.0,
loa từ neo 6cm,https://www.lazada.vn/products/pdp-i2356051772.html,180.000 ₫,5.0,
Main GiGa P61 - Hàng 2hand,https://www.lazada.vn/products/pdp-i2656111032.html,270.000 ₫,,
"Tản nhiệt khí Leopard K400 Led RGB - Trắng/Đen hỗ trợ Socket Intel Core i, Xeon, AMD, New Chính Hãng",https://www.lazada.vn/products/pdp-i2761068742.html,267.000 ₫,5.0,
Bo mạch chủ Main Gigabyte H97M-D3H(4/khe ram) – Hàng chính hãng – Bảo hành 36 tháng,https://www.lazada.vn/products/pdp-i2587536916.html,1.690.000 ₫,,
Xoss G3 G3 + Cộng Với G + Gen3 xe đạp GPS Máy Tính 2.8 Inch Màn Hình Đồng Hồ Tốc Độ Đi Xe Đạp Đào Tạo IP67 ANT + Không Dây Đo Đường Cho Đường MTB,https://www.lazada.vn/products/pdp-i3186876926.html,1.109.571 ₫,2.8,
"Thanh Led RGB Coolmoon AR30 Sáng 2 Mặt 16 Triệu Màu, 366 Hiệu Ứng - Đồng Bộ Hub Coolmoon và Mainboard",https://www.lazada.vn/products/pdp-i298934988.html,90.000 ₫,4.0,150 Đã bán
ĐUI ĐÈN CẢM ỨNG VI SÓNG RS686C,https://www.lazada.vn/products/pdp-i1278182995.html,40.000 ₫,4.0,59 Đã bán
Bear Leader Cotton Kids Clothes Sets Baby Girl Colorful Clothing Suits Fashion Plaid Flower Top and Skirts 2Pcs Sets Outfits 2023 New Costumes for 3-7 Years Child,https://www.lazada.vn/products/pdp-i2205589982.html,120.067 ₫,4.0,301 Đã bán
Chống Tia UV Tấm Che Cửa Sổ Ô Tô Dán Tĩnh Điện Đen Trắng Chấm Riêng Tư Tấm Che Nắng Tự Động Bên Khối PVC Dành Cho Xe Windows,https://www.lazada.vn/products/pdp-i2581112367.html,34.200 ₫,4.0,132 Đã bán
"Công Tắc Điều Khiển Từ Xa Công Suất Lớn Tầm Xa 5km Honest HT9220KG -5, HT9380kg 220v 380v 3 pha",https://www.lazada.vn/products/pdp-i1776110242.html,189.000 ₫,4.0,80 Đã bán
UGREEN 16K DP 2.1 Cable Nylon Braided Ultra High Speed 80Gbps Gaming Monitor Cable DP to DP Support 3D HDR HDCP FreeSync G-Sync Laptop PC TV Model: 15383,https://www.lazada.vn/products/pdp-i2254293349.html,300.800 ₫,5.0,122 Đã bán
"Công Tắc tắt bật từ xa bằng Điện Thoại Smart wifi (bản quốc tế) qua WIFI Từ Xa 10A 2200w (hẹn giờ, smart wifi bằng điện thoại) tưới cây,tưới lan...",https://www.lazada.vn/products/pdp-i959680698.html,129.000 ₫,5.0,24 Đã bán
DropTag Remax RT G2302 Mini GPS Tracker - Waterproof Smart Item Finder with Apple Find My Support,https://www.lazada.vn/products/pdp-i2482746903.html,187.000 ₫,5.0,218 Đã bán
Cặp loa center đồng trục từ neo hãng alpine còn mới 95% loa 4omh tiếng cực hay giá 230k cặp,https://www.lazada.vn/products/pdp-i2422241412.html,210.000 ₫,5.0,8 Đã bán
"FindmyTag F5 GPS Tracker Keychain - Waterproof Global Positioning System for Vehicles, Elderly, Children, Luggage, Pets",https://www.lazada.vn/products/pdp-i2681891314.html,289.000 ₫,4.0,285 Đã bán
Ekleva 2 bóng đèn Đèn Pha Led mạnh mẽ cho xe ô tô 700W 6000K 12V 24V 150000lm CANBUS 9005 9006 9012 H1 H4 H7 H11 12V 24V,https://www.lazada.vn/products/pdp-i2492270417.html,898.920 ₫,4.0,162 Đã bán
"ĐẦU DVD LIỀN MÀN HÌNH 7,8 inches",https://www.lazada.vn/products/pdp-i102295645.html,1.249.000 ₫,,
[Zeallion] màu thời trang mới trẻ em Điện thoại xem Thẻ Định vị wifi thông minh Camera không thấm nước Cảnh báo thời tiết đồng hồ ngôn ngữ thông minh chất lượng cao Quà Tặng đồng hồ,https://www.lazada.vn/products/pdp-i2792495382.html,424.729 ₫,,
Màn Hình Cong Màn Hình Máy Tính Màng Bảo Vệ Giảm Ánh Sáng Xanh Bảo Vệ Mắt Cho Lenovo Samsung Aoc Màn Hình Máy Tính Để Bàn 27 Inch,https://www.lazada.vn/products/pdp-i2493227410.html,202.000 ₫,,"116 Đã bán
Hong Kong"
"Lòng kiếng, hơi xi lanh xe EXCITER 135, 150, Y15ZR. 57,62,65,68mm",https://www.lazada.vn/products/pdp-i2674666241.html,2.386.000 ₫,,
FIT3 - Thiết bị đeo Thông Minh Samsung Galaxy Fit 3 SM-R390 - Hàng Chính Hãng - TECHLIVEVN,https://www.lazada.vn/products/pdp-i2806626308.html,890.000 ₫,5.0,10 Đã bán
Phổ biến chuyển mạch cung cấp điện Mainboard Ballast cho 230W 260W 280W 330W 350W 440W 295W di chuyển đầu chùm ánh sáng sân khấu tại chỗ,https://www.lazada.vn/products/pdp-i2491264284.html,516.445 ₫,,
Wi-Fi 6E Intel AX210 Bluetooth 5.2 + 3000Mbps 2.4Ghz 5Ghz 6Ghz M.2 2230 Key E Bộ Điều Hợp Không Dây AX210NGW NGFF WiFi 6 Card 802.11ax/Ac Hỗ Trợ MU-MIMO OFDMA Windows 10 Với Bộ Ăng Ten 6Dbi,https://www.lazada.vn/products/pdp-i1943765434.html,386.800 ₫,4.0,62 Đã bán
"Đồng hồ thông minh Samsung Galaxy Watch6 (Bluetooth, 44mm)",https://www.lazada.vn/products/pdp-i2497990175.html,4.524.027 ₫,,
còi ngân 6 tiếng ô tô xe máy loại 1 12v - 24v có clip thử TQ,https://www.lazada.vn/products/pdp-i2450738151.html,130.000 ₫,5.0,83 Đã bán
Compo main chơi game giả lập core i3 8100 3.6ghz ram 8g ddr4 main h310 hàng đẹp giá 2000k bh chu đáo 1thang,https://www.lazada.vn/products/pdp-i2298963405.html,2.000.000 ₫,4.0,
Disney authentic Marvel Không Thấm Nước Đồng hồ thông minh Bluetooth Quay Số thông minh gọi Đồng Hồ Cho Phụ Nữ Người Đàn Ông Ban Đầu,https://www.lazada.vn/products/pdp-i2970374821.html,963.313 ₫,,
"Nguồn Máy Tính Golden Field Smartcore Pro 780PRO, 700W 80plus Bronze |Patech Electronics",https://www.lazada.vn/products/pdp-i3094225110.html,1.645.000 ₫,5.0,
Bộ chuyển đổi nguồn điện Doxin 12V - 220V 200W TIGĐ03 dùng cho ô tô,https://www.lazada.vn/products/pdp-i2078197319.html,399.000 ₫,4.0,5 Đã bán
"Joysync Máy hút bụi không dây đa năng – Hút bụi xe hơi, lông thú cưng, vệ sinh laptop, phụ kiện vệ sinh đa năng, kèm dây sạc",https://www.lazada.vn/products/pdp-i3146870830.html,332.319 ₫,,
Cần Ti Côn Ycs Exciter,https://www.lazada.vn/products/pdp-i2485888533.html,449.000 ₫,,
"Smart Tag Cho Ios , Thiết Bị Định Vị Chống Thất Lạc Cho Trẻ Em, Ví Đựng Chìa Khóa, Ô Tô, Theo Dõi Thú Cưng",https://www.lazada.vn/products/pdp-i2982608085.html,128.000 ₫,,"18 Đã bán
Hồ Chí Minh"
"HỖ TRỢ LẮP ĐẶT. Camera Lùi Chống Nước Gắn Xe Tải Full HD 12-24V. Cam lùi 2 chế độ AHD và CCD dùng cho cả màn android và đầu dvd zin theo xe. Camera lùi dành cho xe tải, xe khách [siêu nét] nguồn 12- 24V, 8Led, cảm biến ánh sáng , Hồng Ngoại. Phụ kiện oto.",https://www.lazada.vn/products/pdp-i3166802963.html,395.000 ₫,,
Maxgtrs công suất cao xe lưới Tản Nhiệt Đèn chạy ban ngày hổ phách/Trắng DRL LED tự động lưới tản nhiệt trước trung tâm ánh sáng với fan hâm mộ cho off road thân cây SUV,https://www.lazada.vn/products/pdp-i3110439998.html,238.747 ₫,5.0,
Đồng hồ thông minh Mibro GS Pro2 XPAW025 - Màn hình AMOLED 1.43 inch - Pin 460mAh - Chống nước 5ATM - Theo dõi sức khỏe,https://www.lazada.vn/products/pdp-i3131577886.html,2.490.000 ₫,,
BÓNG ĐÈN PHA H4 ( MOBIS ) DÙNG CHO HUYNDAI I10🚗HÀNG XỊN MOBIS HÀN QUỐC,https://www.lazada.vn/products/pdp-i1470916662.html,169.000 ₫,4.0,97 Đã bán
Comfast | Bộ Đổi USB WiFi6 Bluetooth 5.3,https://www.lazada.vn/products/pdp-i3206775100.html,652.000 ₫,4.0,
Mann Filter | Bộ Lọc Dầu cho Great Wall Fengjun Haval KIA K3 KX5 Sportage,https://www.lazada.vn/products/pdp-i3205924965.html,117.000 ₫,4.0,
"Soundcore Sleep A20 by Anker Sleeping Earbuds Noise Blocking Sleep Headphones, Small Design for Side Sleepers, 80H Playtime, Stream Content via Bluetooth 5.3, Sleep Monitor",https://www.lazada.vn/products/pdp-i3152086102.html,2.366.600 ₫,5.0,14 Đã bán
"lippo hông, ốp cản hông, ốp babole lắp đặt cho các đời xe accce",https://www.lazada.vn/products/pdp-i2244823643.html,499.000 ₫,5.0,19 Đã bán
Kính Râm Phân Cực Bluetooth 4.0 Tai Nghe Không Dây Âm Thanh Nổi Thể Thao Thời Trang Kính Râm Lái Xe Điện Thoại MP3,https://www.lazada.vn/products/pdp-i1857181642.html,136.193 ₫,4.0,895 Đã bán
"PAS ĐỘ BI CẦU AIR BLADE INOX KHÔNG HÚT DÀY 3LY CÁC ĐỜI - DÙNG CHO BI 2.0, 3.0 CÓ ĐẦY ĐỦ 2 BI VÀ 1 BI ĐÚNG CHUẨN, DỀ LẮP RÁP",https://www.lazada.vn/products/pdp-i2478334105.html,59.000 ₫,5.0,10 Đã bán
Men Loose Top Cardigan Casual Shirt Work Fashion for Winter TF-Uss-VN,https://www.lazada.vn/products/pdp-i2991701575.html,80.000 ₫,,
Maxgtrs 2 cái ô tô H7 H11 H8 HB3 HB4 9005 9006 đèn pha xe hơi Laser máy chiếu mini ống kính ánh sáng tự động đèn LED sương mù 3000K vàng LED,https://www.lazada.vn/products/pdp-i2696578556.html,268.356 ₫,5.0,81 Đã bán
VỎ CASE MÁY TÍNH MAGIC M-09 (MATX) - Hàng Chính Hãng,https://www.lazada.vn/products/pdp-i3121136245.html,186.375 ₫,5.0,7 Đã bán
1cái loa cánh tháo xe 16cm hãng Misubisi (giá 1 cái),https://www.lazada.vn/products/pdp-i2421486445.html,300.000 ₫,5.0,18 Đã bán
Cáp Sạc UGREEN USB4.0 Gen3 40Gbps PD240W USB-C Cáp sạc nhanh truyền dữ liệu siêu nhanh cho điện thoại Laptop MacBook iPhone 16 Docking Portable Monitor Model:65175,https://www.lazada.vn/products/pdp-i3164805767.html,265.000 ₫,3.0,8 Đã bán
UGREEN Car Phone Holder for LCD Monitor Bracket for iPhone 15 pro max Magsafe Phone Holder Model：35009,https://www.lazada.vn/products/pdp-i2523936637.html,502.400 ₫,5.0,10 Đã bán
OneTwoFit Xe đạp tập thể dục Bài tập về nhà Tăng sức bền Có máy massage Có thể điều chỉnh,https://www.lazada.vn/products/pdp-i2834066615.html,999.900 ₫,5.0,14 Đã bán
"Retractable Car Charger 120W Fast Charger, 4-in-1 Fast Charging Car Phone Charger",https://www.lazada.vn/products/pdp-i3064050295.html,159.000 ₫,4.0,72 Đã bán
"Công Tắc Tuya Thông Minh Wifi Smart Life (Wifi+RF433) 1,2,3,4 Nút Cảm Ứng Chữ Nhật, Công Tắc Hẹn Giờ Điều Khiển Từ Xa 10A-2200W, Hỗ Trợ Điều Khiển Giọng Nói Tiếng Việt",https://www.lazada.vn/products/pdp-i290882776.html,219.000 ₫,4.0,
"Công Tắc Cửa Cuốn Wifi, Điều Khiển Cửa Cuốn Thông Minh Có Viền Vàng/Không Viền Tuya Smartlife Bản Mới, Hẹn Giờ Điều Khiển Từ Xa Ra Lệnh Giọng Nói",https://www.lazada.vn/products/pdp-i1771488308.html,365.000 ₫,4.0,365 Đã bán
AMT Red Automobile Shock Absorber Spring Buffer Rubber Automobile Modification Accessories Auto Parts And Accessories,https://www.lazada.vn/products/pdp-i3188112743.html,132.000 ₫,,"66 Đã bán
China"
Ekleva H4 led CANBUS chiếu đèn LED cho xe hơi ống kính mini HI/lo chùm 6000K siêu sáng 280W LHD rhd 90000lm Bóng đèn ô tô,https://www.lazada.vn/products/pdp-i2651293089.html,517.452 ₫,4.0,95 Đã bán
Thiết Bị Chống Trộm Và Báo Khách Đa Năng Hunonic CT01 - Dễ Dàng Sử Dụng Và Lắp Đặt - Chinh Hãng Bảo Hành 12 Tháng,https://www.lazada.vn/products/pdp-i2416292017.html,455.000 ₫,,"11 Đã bán
Hồ Chí Minh"
Bridal Wedding Crystal Tiara Headband Party Princess Prom Crown Kids Girl Hairband Hair Accessiories TF-Uss-VN,https://www.lazada.vn/products/pdp-i3075582696.html,22.000 ₫,,"7 Đã bán
China"
Maxgtrs 2X H4 H7 H11 H8 LHD Đèn Pha Led ống kính Mini Máy chiếu 9005/9006 HB3 HB4 tự động chùm sáng thấp bóng đèn CANBUS cho xe hơi/động cơ 12V 90W 12000lm,https://www.lazada.vn/products/pdp-i2696884662.html,403.364 ₫,5.0,19 Đã bán
Ekleva đèn pha ô tô Bóng Đèn H7 LED Canbus Xe 200W công suất cao Ngọn Hải Đăng Cho Xe 9005 9006 9012 H1 H4 H7 H11 12V 24V,https://www.lazada.vn/products/pdp-i2583401838.html,729.800 ₫,4.0,166 Đã bán
Camera Hành Trình 70mai A800SE Ghi Hình 2 Kênh Trước Sau Chất Lượng 4K UHD HDR (Bản Quốc Tế 2025),https://www.lazada.vn/products/pdp-i3184161278.html,2.590.000 ₫,5.0,
Cartnt 1PC bóng đèn LED H4 dẫn đèn pha ô tô xe máy Bóng đèn 800LM 6000k 80W Đèn pha tự động Led tạo kiểu cho xe ô tô 12V,https://www.lazada.vn/products/pdp-i3121871953.html,212.798 ₫,5.0,5 Đã bán
Rzx DDR3 Memoria 8GB 4GB 1.5V 240pin 1600MHz PC3 UDIMM DIMM Bộ nhớ máy tính để bàn RAM,https://www.lazada.vn/products/pdp-i2506771205.html,359.000 ₫,5.0,653 Đã bán
Mặt dưỡng màn hình android cho xe FORD FOCUS 2006-2012,https://www.lazada.vn/products/pdp-i1807076421.html,290.000 ₫,,
Cáp Sạc UGREEN Type C to Type C PD240W Gen 3 40Gbps Data Transfer Cable 8K60Hz DP2.0 Sạc Nhanh Cáp Cable for MacBook iPhone 16 Docking Portable Monitor Laptop Samsung S25 S24 Model:65175,https://www.lazada.vn/products/pdp-i3120449727.html,298.400 ₫,,
Vỏ case máy vi tính new 100% kích thước dùng cho main atx,https://www.lazada.vn/products/pdp-i2601619364.html,205.000 ₫,5.0,
Kính mát chống tia UV kiêm tai nghe Bluetooth Màu Đen - Dòng 2023,https://www.lazada.vn/products/pdp-i2465633941.html,98.010 ₫,5.0,88 Đã bán
Nention Bộ chia cổng VGA 1-in 2-out/4-out 1080P HD 2-in-1/4-in-1 Bộ chia video tương thích với các cửa sổ/Mac OS/Linux và các hệ thống khác DC5V + bộ nguồn điện kép USB,https://www.lazada.vn/products/pdp-i3113942872.html,99.091 ₫,,
3V 5V 9V 12 V 15V 18V 24V 36V cung cấp điện 3A 5A 10A 20A chuyển mạch cung cấp điện 12 V Volt 220V đến 12 V AC-DC SMPS,https://www.lazada.vn/products/pdp-i2842089979.html,210.000 ₫,5.0,48 Đã bán
Nút nguồn máy tính bàn Đơn / Nút Aone keo Dán (All in One),https://www.lazada.vn/products/pdp-i2408049802.html,35.000 ₫,,
5.0 Carplay có dây để kích hoạt không dây kết nối cho audi Porsche Mercedes-Benz Volkswagen TOYOTA MP4 MP5 phát lại,https://www.lazada.vn/products/pdp-i2890405166.html,356.400 ₫,5.0,23 Đã bán
"Công Tắc Thông Minh Điều Khiển Từ Xa Qua WIFI, 3G, 4G",https://www.lazada.vn/products/pdp-i1267851559.html,100.320 ₫,5.0,16 Đã bán
"Đồng hồ thông minh Kieslect KR 3 - 1.5"" HD AMOLED Display - Pin 500mAh - 178+ Chế độ thể thao - Theo dõi sức khỏe 24/7",https://www.lazada.vn/products/pdp-i3140847726.html,1.990.000 ₫,5.0,
"Ekleva 2 cái bóng đèn pha Led siêu kẹp màu sáng Loại cài đặt 6000K Trắng ánh sáng cao/Chùm sáng thấp Plug and play cho H4, H7",https://www.lazada.vn/products/pdp-i3181452630.html,642.655 ₫,5.0,
"Định vị xe máy, định vị ô tô A18 4G - Xem vị trí xe lập tức qua điện thoại phần mềm tiếng Việt miễn phí",https://www.lazada.vn/products/pdp-i627980972.html,293.020 ₫,4.0,165 Đã bán
Ekleva H4 Mini Ống Kính LED Ice Đèn Cho Tự Động H4 Chiếu Đèn Pha Siêu 12V 24V 6500K Đèn LED siêu khỏe Ngọn Hải Đăng,https://www.lazada.vn/products/pdp-i2651294480.html,549.300 ₫,5.0,30 Đã bán
"Máy lọc không khí ô tô Joysync – Sạc năng lượng mặt trời, Khử mùi ozone & ion, Loại bỏ mùi hôi hiệu quả, Có giá đỡ biển số, Sạc USB 2 cổng",https://www.lazada.vn/products/pdp-i3141364938.html,221.920 ₫,,
MSI H61M B75 Motherboard 1155 Pin DDR3 Mini B75 H61 Màn Hình Hỗ Trợ I3 I5 Bảo Hành 1 Năm Bộ Nhớ RAM Tối Đa 16G,https://www.lazada.vn/products/pdp-i3005245885.html,214.650 ₫,2.0,
"Bộ Đồ Chơi Lắp Ráp Skibidi Toilet Man & Monitor Man - Đồ Chơi Lắp Ráp Xuyên Biên Giới Dành Cho Bé Trai, Mang Tính Giáo Dục Và Vui Nhộn Từ Trung Quốc",https://www.lazada.vn/products/pdp-i3125647060.html,177.750 ₫,,"478 Đã bán
Nước ngoài"
( KHÔNG LẮP ĐƯỢC CHO VINFAST VÀ SUZUKI ) BỘ HUD M8 MÀN HÌNH HIỂN THỊ TỐC ĐỘ LÊN KÍNH LÁI,https://www.lazada.vn/products/pdp-i2725017716.html,336.545 ₫,4.0,78 Đã bán
AVATTO trợ lý gia đình phần cứng Hub 4G cộng với 32G USB 3.0/2.0 cổng Quad-core Cortex-A53 thông minh tự động hóa nhà zigbee2mqtt zha,https://www.lazada.vn/products/pdp-i3149588461.html,289.664 ₫,5.0,9 Đã bán
Skibidi Toilet Đồ Chơi Lego Lắp Ráp Titan God Of War 3316 Clock Man Drill King Man SoundMan Audioman Monitor TV Man,https://www.lazada.vn/products/pdp-i2689682735.html,139.000 ₫,,
"Mô Hình Lắp Ráp lego Skibidi Toilet Titan Tvman, Đồ Chơi Skibidi lego mini nhân vật titan soundman cameraman Monitor man",https://www.lazada.vn/products/pdp-i2689706700.html,179.000 ₫,,
Đa Năng 2.5 Inch H1 HID Nitơ LED Bóng Đèn Pha Đôi Đèn Hướng Dẫn Cho Xe Phía Trước Bóng Đèn Lớn Với Ống Kính Vishitong,https://www.lazada.vn/products/pdp-i2857097462.html,380.800 ₫,5.0,30 Đã bán
Hoco E91 chính hãng 100% hổ thông minh định vị thông minh mini chống mất thiết bị theo dõi không dây hỗ trợ Apple tìm mạng của tôi,https://www.lazada.vn/products/pdp-i2724756974.html,182.000 ₫,5.0,938 Đã bán
"Bộ xếp hình Skibidi toilet Titan Monitor Man 504 chi tiết, Mô hình lắp ráp Speaker Man/ Camera Man/ TV Man",https://www.lazada.vn/products/pdp-i2944511911.html,137.000 ₫,,
"WAVLINK Thunderbolt 5 Cable, 120Gbps Fast Data Transfer and 240W Power Delivery USB-C Cable, 8K/16K Display Support, Backwards Compatible TB4/3/USB4/3, Ideal for Gaming, Laptops, Monitors and Docks",https://www.lazada.vn/products/pdp-i3115170069.html,460.000 ₫,,
12v30a nho gia re loai tot đen led Quảng cao,https://www.lazada.vn/products/pdp-i1895738861.html,126.000 ₫,5.0,43 Đã bán
Quạt tản nhiệt sò lạnh dùng pin JS85 lên tới 3000mah làm lạnh cực nhanh có thể đóng đá giảm Fps chơi pubg,https://www.lazada.vn/products/pdp-i3087681443.html,289.000 ₫,5.0,8 Đã bán
Bóng Đèn Halogen Original OSRAM NEOLUX H4 12V 60/55W N472 - Nhập Khẩu Chính Hãng,https://www.lazada.vn/products/pdp-i3106945002.html,63.000 ₫,5.0,15 Đã bán
Nguồn Cooler Master 350 400 460 500 550 625 650 700w,https://www.lazada.vn/products/pdp-i2983922070.html,219.000 ₫,5.0,5 Đã bán
Xeon E3-1240 V5 E3 1240v5 E3 1240 V5 3.5 Ghz sử dụng Quad-core Tám-Thread Bộ xử lý CPU 80W LGA 1151,https://www.lazada.vn/products/pdp-i2295827522.html,338.100 ₫,3.5,
"Loa cánh cửa 6.5"" Harman Kardon Logic 7 cao cấp. loa tháo xe chất lượng cao công suất lớn",https://www.lazada.vn/products/pdp-i3120179562.html,1.200.000 ₫,,
NGUỒN MEANWELL LRS-350-5(300W/5V/60A),https://www.lazada.vn/products/pdp-i1513991698.html,580.000 ₫,,
Hagibis tản nhiệt Tản nhiệt vây Bìa giá để bàn MagSafe hai mặt chỉ những phụ kiện từ tính cho mc100/mc100 Pro,https://www.lazada.vn/products/pdp-i3059657200.html,148.983 ₫,5.0,24 Đã bán
Zealsound RGB Micrô Podcasting Micrô điện dung USB cho PC PS5 PS4 Mac với bộ chuyển đổi điện thoại di động,https://www.lazada.vn/products/pdp-i2790786592.html,810.720 ₫,5.0,53 Đã bán
KZ Castor Wired Earphones Add Random Gift 2 Dynamic High-end Tunable Balanced Armature Monitor Headphone With 2PIN Detachable Cable HiFi Bass DJ Monitor Earbuds Comfortable To Wear Noise Cancelling Sports Running Gaming Headsets For Audiophiles Musician,https://www.lazada.vn/products/pdp-i2930996392.html,405.000 ₫,,
TNW TG03 Thiết Bị Định Vị Theo Dõi Smart Tag Cho IP iOS Người định vị Thông Minh Chống Mất,https://www.lazada.vn/products/pdp-i3042026392.html,158.000 ₫,5.0,68 Đã bán
Lenovo MG10 photochromic chống bức xạ kính thông minh Bluetooth 5.3 Tai nghe cuộc gọi âm nhạc Kính râm ngoài trời,https://www.lazada.vn/products/pdp-i3186495694.html,469.551 ₫,,
Đèn Sương Mù HID H11 3 Inch Ống Kính Máy Chiếu Sương Mù PTF Bi Xenon Chống Nước Đèn Xe Hơi Thông Dụng Phụ Kiện Xe Hơi Trang Bị Thêm,https://www.lazada.vn/products/pdp-i2098644620.html,590.575 ₫,4.0,21 Đã bán
Nước làm mát ô tô - Nước mát động cơ ô tô màu xanh đỏ chính hãng NPR JAPAN 4L,https://www.lazada.vn/products/pdp-i2597895943.html,119.000 ₫,5.0,27 Đã bán
"KÍNH ĐỔI MÀU CHỐNG BỤI ĐI ĐƯỜNG, CẢN GIÓ DOKCRAZY BAN NGÀY, BAN ĐÊM CHO NGƯỜI ĐI XE MÁY, XE ĐẠP, THỂ THAO, CHỐNG UV400",https://www.lazada.vn/products/pdp-i3176321801.html,139.000 ₫,4.0,66 Đã bán
"Thiết Bị Định Vị GPS Smart Tag- theo dõi xe máy, ô tô, thú cưng, trẻ em, đồ vật, hành lý.Smart Tag Cho Ios- Pin 1 Năm Có Thể Thay",https://www.lazada.vn/products/pdp-i3146208056.html,128.000 ₫,,"8 Đã bán
Hồ Chí Minh"
[BH 12 THÁNG] Máy lọc không khí ô tô mini Fujie AP100 3 cấp lọc diệt khuẩn và bụi mịn bộ máy lọc không khí ion âm xe hơi,https://www.lazada.vn/products/pdp-i3143438022.html,1.071.000 ₫,,
Tản Nhiệt Khí CPU Aigo ICE 200 Pro RGB ( Fan 92mm )| Hàng Chính Hãng,https://www.lazada.vn/products/pdp-i3189800271.html,125.730 ₫,,
"Tặng đế nổi - Công Tắc Cửa Cuốn Thông Minh HUNONIC DATIC điều khiển bằng điện thoại kết nối wifi, bluetooth - BH 1 ĐỔI 1",https://www.lazada.vn/products/pdp-i2650203063.html,568.000 ₫,5.0,37 Đã bán
"Đồng hồ thông minh Redmi Watch 5 Active - GPS độc lập, nghe gọi, Tiếng Việt",https://www.lazada.vn/products/pdp-i2839740684.html,878.000 ₫,,
"Nguồn Máy Tính Golden Field Smartcore Pro 680PRO, 600W 80plus Bronze |Patech Electronics",https://www.lazada.vn/products/pdp-i3094106756.html,1.430.000 ₫,5.0,
"Ekleva 2 chiếc đèn pha Led ba màu 120W với điều khiển từ xa, Đèn Pha Phụ Kiện Xe Hơi quạt tản nhiệt và ống kính máy chiếu kép với H1 H4 H11 9005 9006 9012 6500K 4300K 3000K",https://www.lazada.vn/products/pdp-i3169775070.html,776.300 ₫,5.0,
Ekleva 5 Inch Xe Máy Không Dây Apple Carplay Navi Android mặt trước ô tô Phía Sau Kép máy ảnh Bluetooth Ghi Âm Không Thấm Nước IPX7 Màn Hình,https://www.lazada.vn/products/pdp-i2730625194.html,1.866.400 ₫,4.0,15 Đã bán
"Bút quét dịch, Máy Phiên Dịch 2 chiều Thông Minh CORISU I-TEK Đa Năng (Tặng kèm tai nghe) Trích Xuất Văn Bản Dịch Thuật OFFLINE 9 Ngôn Ngữ",https://www.lazada.vn/products/pdp-i2932738291.html,2.290.000 ₫,5.0,150 Đã bán
"đèn led sườn, đèn sườn xe tải siêu bền RUN LAI hoặc DERUNLAI đẹp 12v - 24v 5006 các màu, cỡ lớn loại 1",https://www.lazada.vn/products/pdp-i2450695444.html,28.000 ₫,4.0,
Máy lọc không khí trên ô tô PISEN Car Air Purifier,https://www.lazada.vn/products/pdp-i2078067793.html,650.000 ₫,,
"Card WIFI Intel AC8260 AC9260 AX200 AX210 802.11ax Kép Bluetooth 5.0 - Hỗ trợ các main có khe m2 wifi, PCIe",https://www.lazada.vn/products/pdp-i3069887239.html,219.000 ₫,5.0,
Camera Hành Trình Ô tô 70mai M310 Phiên Bản QUỐC TẾ Độ Nét Cao độ phân giải 2K (Hàng Chính Hãng),https://www.lazada.vn/products/pdp-i1739697563.html,1.340.000 ₫,4.0,663 Đã bán
