review_id,global_product_id,review_text,rating,review_length,sentiment_label,created_at
lazada_lazada_rev_01a35013,lazada_2281148838,"Màu quá sang quá đẹp, mình mở là kết nối bluetooth nhận liền trên dt iphone lun. Nhắc nhở tải app chỉnh tai nghe của sony nữa, quá ok nha",5.0,137,positive,2025-11-17 08:39:54.585193
lazada_lazada_rev_03f116cb,lazada_3145110712,nói chung ok xài được trong tầm giá chỉ hơn có 100K thì quá là xịn sò rồi nhưng sản phẩm này rất lâu rồi mà mở lên thì đang ở chế độ tắt phải cắm sạc nó mới hoạt động mọi người không biết thì cứ tưởng bị hư nhé cho sốt năm sao về sản phẩm này,5.0,242,positive,2025-11-17 08:39:54.585193
lazada_lazada_rev_07820993,lazada_468076545,"Hàng zin, nghe rõ sáng, âm thanh ấm, bass mạnh hơn. (so với Samson SR850C đã mua trước đây)",5.0,91,positive,2025-11-17 08:39:54.585193
lazada_lazada_rev_1276bada,lazada_1731407106,nghe cũng tạm được thôi !!!!!!!!!!!!!!!!!!!!!!!!!!!!!+!!!!!!+;!;;+;;!+;;;;;;;!!!,5.0,80,positive,2025-11-17 08:39:54.585193
lazada_lazada_rev_1287af79,lazada_2633001743,"Wireless convenience at its best, Great value for money,",5.0,56,positive,2025-11-17 08:39:54.585193
lazada_lazada_rev_12b771aa,lazada_723292609,"Thoải mái khi đeo trong các phiên chơi game dài, Mic để giao tiếp rõ ràng trong quá trình chơi game.,",5.0,101,positive,2025-11-17 08:39:54.585193
lazada_lazada_rev_14e334e4,lazada_2660978137,"Pin trâu nha, có tờ hdsd kèm theo, đeo lâu khá thoải mái ko bị đau đầu, âm thanh to sẵn , mình ngồi kế máy quạt tiếng hơi ồn nhưng lúc thử gọi nói chuyện thì nó lọc tạp âm hết luôn ah",5.0,183,positive,2025-11-17 08:39:54.585193
lazada_lazada_rev_1a771bec,lazada_2236978638,"Giao hàng nhanh , chất lượng âm thanh ổn áp , tai nghe mới đeo khá êm tai , chưa biết đeo lâu có đau hay không , nhưng theo cảm nhận ban đầu thì nên mua nhé",5.0,156,positive,2025-11-17 08:39:54.585193
lazada_lazada_rev_245f270f,lazada_521504732,có vẻ ổn áp mâix mã nhìn bắt mắt hơn m10 pro,5.0,44,positive,2025-11-17 08:39:54.585193
lazada_lazada_rev_267f0307,lazada_2200834471,Sound Quality:,5.0,14,positive,2025-11-17 08:39:54.585193
lazada_lazada_rev_2d42a959,lazada_2785470199,"Thực sự không ngờ sản phẩm giá rẻ mà nhà sản xuất đóng gói vỏ vô cùng chu đáo. Nhà bán hàng đóng hộp cẩn thận đảm bảo hàng gửi đi an toàn. Âm thanh bass mid treble rõ rệt, nói chung chất âm vô địch trong tầm giá.",5.0,212,positive,2025-11-17 08:39:54.585193
lazada_lazada_rev_31cd5f73,lazada_2346540376,"Giáo hàng nhanh, sản phẩm hình thức đẹp, chất lượng âm thanh tuyệt vời trong tầm giá, nghe nhạc 8D phê ☺️☺️",5.0,107,positive,2025-11-17 08:39:54.585193
lazada_lazada_rev_3cc69a44,lazada_2201649858,Sound Quality:,5.0,14,positive,2025-11-17 08:39:54.585193
lazada_lazada_rev_4179484e,lazada_3105332350,Sound Quality:,5.0,14,positive,2025-11-17 08:39:54.585193
lazada_lazada_rev_42d52fe1,lazada_2134634329,"Cho đến nay, nó đã được làm tốt! Khi tôi nhận được sản phẩm, tôi đã không có bất kỳ vấn đề. Âm nhạc là vô cùng rõ ràng và sắc nét, và nó khá đơn giản để kết nối nó với các thiết bị khác. Trong người, nó xuất hiện THẬM CHÍ còn tốt hơn về mặt thẩm mỹ! Tôi hy vọng điều này kéo dài một thời gian. \ N \ N (mặc dù tôi tò mò, có thể thay đổi được không? Và làm thế nào?)",5.0,365,positive,2025-11-17 08:39:54.585193
lazada_lazada_rev_42fdff3d,lazada_1308632254,tai nghe khá đẹp,5.0,16,positive,2025-11-17 08:39:54.585193
lazada_lazada_rev_4648471e,lazada_1766044067,🎤Sound Quality:,5.0,15,positive,2025-11-17 08:39:54.585193
lazada_lazada_rev_4742cb9f,lazada_2719866288,"Rất tốt, dùng để luyện tập tách nhạc rất hiệu quả\n 🎧Chất lượng âm thanh: Tốt 🔧Độ bền: Tốt 😌Sự thoải mái: Thiết kế dành cho DJ chuyên nghiệp Sự thoải mái: Sự thoải mái kiểu chụp tai,",5.0,182,positive,2025-11-17 08:39:54.585193
lazada_lazada_rev_4a15fcb2,lazada_2719790173,đu đỉnh với giá 1tr150k nhưng đeo khá thoải mái. nên đeo trong phòng máy lạnh,5.0,77,positive,2025-11-17 08:39:54.585193
lazada_lazada_rev_4a447f78,lazada_2134634329,Tôi đã nhận được bưu kiện và tôi hy vọng nó hoạt động. Mặc dù nó thực sự mất thời gian để có được nó ở đây như tôi đã chờ đợi một chút lâu để bưu kiện được ở đây và tôi hy vọng nó đáng để chờ đợi.,5.0,196,positive,2025-11-17 08:39:54.585193
lazada_lazada_rev_4d5fc3a7,lazada_2486683427,Hàng tốt. giao hàng nhanh. giá cả phù hợp. ngon bổ rẻ bền đẹp ý nghĩa. sẽ ủng hộ shop dài. cảm ơn shop nhiều nhé. many thanks,5.0,125,positive,2025-11-17 08:39:54.585193
lazada_lazada_rev_50e56873,lazada_1668753493,Hiện đang sử dụng test thì êm lắm nhưng chưa dùng lâu nên ko biết độ bền như thế nào,5.0,84,positive,2025-11-17 08:39:54.585193
lazada_lazada_rev_512a08ba,lazada_1674754770,"Mua về cắt dây đi nghịch sống ảo, nhưng mà cái tai nghe hơi mỏng",5.0,64,positive,2025-11-17 08:39:54.585193
lazada_lazada_rev_542aa9d3,lazada_2847576423,Âm ấm thích ạ,5.0,13,positive,2025-11-17 08:39:54.585193
lazada_lazada_rev_57a7d5fd,lazada_1433739408,"sản phẩm tốt, giao hàng nhanh, chất lượng và chính hãng",5.0,55,positive,2025-11-17 08:39:54.585193
lazada_lazada_rev_5eb8384e,lazada_2907700783,"Jack 3.5mm tiêu chuẩn, Phù hợp cho chơi game và nghe nhạc, . Sản phẩm nhận được rất đẹp, giao hàng nhanh bao bi cẩn thận tôn trọng khách hàng. tks",5.0,146,positive,2025-11-17 08:39:54.585193
lazada_lazada_rev_651e3cf2,lazada_2149082074,"âm thanh tối, kém chất lượng. tất nhiên tiền nào của ấy",5.0,55,positive,2025-11-17 08:39:54.585193
lazada_lazada_rev_6795cd49,lazada_1847358585,"Chất lượng phù hợp với giá tiền , tốt 👍",5.0,39,positive,2025-11-17 08:39:54.585193
lazada_lazada_rev_6846f3f7,lazada_3191318239,"Quá tệ đi, máy tính xách tay lúc nào cũng không kết nối được. Buổi sáng 11 giờ sạc pin, không sử dụng. Buổi tối dùng máy tính cũng không kết nối được. Thật khó hiểu, sao lại có nhiều đánh giá tốt đến thế, toàn là hàng rởm.",5.0,222,positive,2025-11-17 08:39:54.585193
lazada_lazada_rev_6ac5d495,lazada_260263917,"Không thấy giấy bảo hành nha shop ơi. Vậy nếu sản phẩm có vấn đề, mình muốn bảo hành thì thế nào cậy shop ?",5.0,107,positive,2025-11-17 08:39:54.585193
lazada_lazada_rev_6d21dbec,lazada_2486683427,"Trải nghiệm mua hàng không được tốt với Bose,mình hai cái hai dòng quiet comfortable and Quietcomfort Ultra cùng tông màu trắng nhưng sau đó hãng nói hết màu trắng Kim Cương của dòng Ultra trong khi đó mình theo dõi đơn hàng thì thấy thông báo là đã đóng gói và giao cho đơn vị vận chuyển.Shop nói lý do trục trặc bên khâu kiểm tra kho hàng và kêu mình hủy đơn và oder lại đơn mới,mình không đồng ý vì hủy đơn vì oder lại giá sẽ cao hơn giá bán đầu thì shop nói chọn lại màu khác nên mình phải lấy mà",5.0,500,positive,2025-11-17 08:39:54.585193
lazada_lazada_rev_6de29956,lazada_3151493660,🎤Sound Quality:,5.0,15,positive,2025-11-17 08:39:54.585193
lazada_lazada_rev_6f088cfa,lazada_1674754770,"Tai nghe xinh , âm thanh rõ ràng , nên mua nhaaa 💗💗",5.0,51,positive,2025-11-17 08:39:54.585193
lazada_lazada_rev_73c10781,lazada_3026831742,🔋Battery Life:,5.0,14,positive,2025-11-17 08:39:54.585193
lazada_lazada_rev_745e5b26,lazada_1535236130,"Lựa chọn màu sắc thời trang, Giá trị tuyệt vời cho tiền bỏ ra, Chất lượng âm thanh ấn tượng,",5.0,92,positive,2025-11-17 08:39:54.585193
lazada_lazada_rev_7582c171,lazada_1669454727,🔋Thời lượng Pin：tot nghe hay,5.0,28,positive,2025-11-17 08:39:54.585193
lazada_lazada_rev_786a24b8,lazada_2200834471,"Bảo hành tuyệt vời, Chất lượng âm thanh rõ ràng, Thoải mái trong suốt thời gian chơi game dài,",5.0,94,positive,2025-11-17 08:39:54.585193
lazada_lazada_rev_78aafac8,lazada_933898278,"giao hàng nhanh. bass khỏe. tiếc hộp đựng hơi đơn giản, ko có khay đựng. sp tốt trong tầm giá.",5.0,94,positive,2025-11-17 08:39:54.585193
lazada_lazada_rev_792f3306,lazada_2610441233,"ok.hàng chính hãng, nghe rõ",5.0,27,positive,2025-11-17 08:39:54.585193
lazada_lazada_rev_7a25c0be,lazada_260276010,"Vận hành dễ dàng với kết nối USB., Âm thanh chất lượng cao và điều khiển tiện lợi trên tai.,",5.0,92,positive,2025-11-17 08:39:54.585193
lazada_lazada_rev_7c53e5f3,lazada_2200929460,"Sản phẩm giống mô tả, đóng gói đủ số lượng. Shipper nhiệt tình.",5.0,63,positive,2025-11-17 08:39:54.585193
lazada_lazada_rev_7cc80500,lazada_2039350426,"Nhẹ và vừa vặn thoải mái, Dễ sử dụng và điều khiển,",5.0,51,positive,2025-11-17 08:39:54.585193
lazada_lazada_rev_7eb8fa56,lazada_1936946754,"Sản phẩm giao đúng, còn nguyên vẹn đầy đủ tem mác, sử dụng trải nghiệm lần đầu tốt sẽ tiếp tục ủng",5.0,98,positive,2025-11-17 08:39:54.585193
lazada_lazada_rev_82362626,lazada_2790623415,Sound Quality:,5.0,14,positive,2025-11-17 08:39:54.585193
lazada_lazada_rev_a6770157,lazada_1235015283,một bên không nghe được là sao hả shop,5.0,38,positive,2025-11-17 08:39:54.585193
lazada_lazada_rev_846298ef,lazada_1524190647,"Giao hàng nhanh, đẹp,Tính năng nổi bật: nghe nhạc Chất lượng sản phẩm: tốt Mua mấy loại tai nghe liền và loại nào cũng rất ưng ạ. Hình thức đẹp, màu sắc đẹp, chất lượng tương xứng Giá thành ok Đóng gói cẩn thận Hàng nguyên seal và đầy đủ phụ kiện Nói chung là rất đáng mua Độ bền thì k biết nhưng giá cả và chất lượng ntn là ok ạ",5.0,329,positive,2025-11-17 08:39:54.585193
lazada_lazada_rev_8498600f,lazada_2470817035,🎤Chất lượng âm thanh：,5.0,21,positive,2025-11-17 08:39:54.585193
lazada_lazada_rev_89dc8fe5,lazada_2281148838,"Vừa mới kết nối đã thấy tên là WH-CH520 của *tên mình* luôn, không biết là ai trong bộ phận đóng gói hay cskh mà chu đáo quá. Packaging siêu đẹp, 10 điểm. Chống ồn 50% thôi không cách âm hẳn như WH1000 đâu mn, nhưng không sao mình mua con này vì không có nhu cầu chống ồn",5.0,271,positive,2025-11-17 08:39:54.585193
lazada_lazada_rev_9ee6ec94,lazada_2024682283,"Khả năng chống mồ hôi tuyệt vời, Dễ dàng kết nối và sử dụng., Tuổi thọ pin lâu dài",5.0,82,positive,2025-11-17 08:39:54.585193
lazada_lazada_rev_a1b5a621,lazada_2562396620,"Lý tưởng cho việc sử dụng khi đang di chuyển, chất liệu mềm mại và thoáng khí, thiết kế thoải mái và phong cách, kết nối không dây thuận tiện,",5.0,142,positive,2025-11-17 08:39:54.585193
lazada_lazada_rev_a4b86e82,lazada_2294979813,ghzhjajajajahhsjajjahahajajajhajaaajjajakakak,5.0,45,positive,2025-11-17 08:39:54.585193
lazada_lazada_rev_a55f3c83,lazada_1891088502,"Mình ở SG, giao hàng 3 ngày, đóng gói chắc chắn, tai nghe đỉnh khỏi bàn, mà còn đẹp nữa trùi ui. Mang đến trải nghiệm âm thanh sống động., Chất lượng âm thanh ấn tượng., Thoải mái khi đeo trong thời gian dài., Kết nối không dây tiện lợi., Chức năng chống ồn tuyệt vời!, Thiết kế mượt mà và sang trọng., Dễ dàng cài đặt và sử dụng.,",5.0,331,positive,2025-11-17 08:39:54.585193
lazada_lazada_rev_a64c13de,lazada_2350848448,🔋Battery Life:,5.0,14,positive,2025-11-17 08:39:54.585193
lazada_lazada_rev_aa9f402b,lazada_2619228017,"giáo hàng nhanh, chất lượng âm thanh tốt , nhạc remix bao phê",5.0,61,positive,2025-11-17 08:39:54.585193
lazada_lazada_rev_adc40331,lazada_426216015,"theo mình nghĩ là tốt trong tầm giá khuyến mãi, nghe có vẻ lọt âm ra ngoài là do gọng đeo chưa ôm, để cải thiện các bạn dùng EQ chỉnh hoặc 1 số dòng điện thoại có sẵn",5.0,166,positive,2025-11-17 08:39:54.585193
lazada_lazada_rev_b062239a,lazada_1310728761,Sound Quality:,5.0,14,positive,2025-11-17 08:39:54.585193
lazada_lazada_rev_b0c46baf,lazada_2274902846,"Cách âm tốt, Chất lượng sản phẩm bền bỉ,",5.0,40,positive,2025-11-17 08:39:54.585193
lazada_lazada_rev_b0e2595c,lazada_2267264164,"đã nhận hàng và xài thử, tai nghe quá ok luôn, âm mượt, cách âm tốt. xịn, quá xứng đáng với giá tiền",5.0,100,positive,2025-11-17 08:39:54.585193
lazada_lazada_rev_b646f075,lazada_2187772151,tai nghe hay quá,5.0,16,positive,2025-11-17 08:39:54.585193
lazada_lazada_rev_bb739a2b,lazada_1609509196,shop giao hàng siêu nhanh. tư vấn rất nhiệt tình. sản phẩm thì quá là chất lượng. nghe nhạc em này thì cực phê. ưng shop này quá. sẵn sàng cho shop 10 sao luôn,5.0,159,positive,2025-11-17 08:39:54.585193
lazada_lazada_rev_c16bfab3,lazada_2281148838,"Màu quá sang quá đẹp, mình mở là kết nối bluetooth nhận liền trên dt iphone lun. Nhắc nhở tải app chỉnh tai nghe của sony nữa, quá ok nha",5.0,137,positive,2025-11-17 08:39:54.585193
lazada_lazada_rev_c1e9b3d6,lazada_1654734544,âm thanh tệ mic cũng tệ tai nghe in ear dưới 100k bass nó còn to hơn,5.0,68,positive,2025-11-17 08:39:54.585193
lazada_lazada_rev_ca218567,lazada_2149571056,"Loa bass đập nghe phê quá! Hàng chính hãng, được tặng tai nghe, cáp sạc, ốp đt iphone, hết xu nên mua giá 2.781k, chứ có đủ xu giá chưa đến 2tr6.",5.0,145,positive,2025-11-17 08:39:54.585193
lazada_lazada_rev_ce9bddb0,lazada_2891718216,Sản phẩm hoạt động như mong đợi. Không gặp vấn đề gì. Nhận hàng trong tình trạng tốt. Hài lòng với lần mua này.,5.0,111,positive,2025-11-17 08:39:54.585193
lazada_lazada_rev_cf31d2ed,lazada_3109834690,"🔨Durability:this product is all I need thank you seller\n 🎧Sound Quality:sound quality is nice for music and even for games\n 🎧Comfort:it's good, I used this comfortably everyday\n 🔋Battery Life:battery life is also goods I used this for gaming and it has a long battery life",5.0,275,positive,2025-11-17 08:39:54.585193
lazada_lazada_rev_d1a0efd7,lazada_1766044067,"Vừa vặn thoải mái cho việc đeo lâu dài, Kiểu dáng trong tai tiện lợi,",5.0,69,positive,2025-11-17 08:39:54.585193
lazada_lazada_rev_d3414425,lazada_1478408408,"Thoải mái khi đeo lâu, Bền và chống mồ hôi, Bền và chống mồ hôi, Chất lượng âm thanh tuyệt vời,",5.0,95,positive,2025-11-17 08:39:54.585193
lazada_lazada_rev_d4b5d5f9,lazada_2322070325,hàng chuẩn mới giao nhanh vẫn cho 5 sao mà nảy giờ chưa kết nối đc,5.0,66,positive,2025-11-17 08:39:54.585193
lazada_lazada_rev_d5536128,lazada_2294865133,"Thoải mái trong nhiều giờ, Lý tưởng cho công việc văn phòng và giải trí đa phương tiện, Thiết kế mượt mà và phong cách,",5.0,119,positive,2025-11-17 08:39:54.585193
lazada_lazada_rev_d6b78df0,lazada_2907700783,Sound Quality:,5.0,14,positive,2025-11-17 08:39:54.585193
lazada_lazada_rev_dbbb969e,lazada_2376247029,"Chất lượng xây dựng tuyệt vời, Tuyệt vời cho tập luyện và thể thao, Giá trị đồng tiền, đáng để mua, Rất khuyến khích cho những người yêu âm nhạcTiện lợi và di động,",5.0,164,positive,2025-11-17 08:39:54.585193
lazada_lazada_rev_e351c70e,lazada_1524674253,Đóng gói cẩn thận đẹp. Tai nghe tốt. Nghe êm chống ồn. Vừa nhận hàng là phải đặt ngay thêm 2 cái nữa. Vote shop 5 sao Chất lượng sản phẩm tuyệt vời Đóng gói sản phẩm rất đẹp và chắc chắn Shop phục vụ rất tốt Rất đáng tiền,5.0,221,positive,2025-11-17 08:39:54.585193
lazada_lazada_rev_e5885b7f,lazada_426216015,"sản phẩm tốt nhất mình mua được ạ, cảm ơn nhiều, âm thanh trong trẻo lắm ạ !",5.0,76,positive,2025-11-17 08:39:54.585193
lazada_lazada_rev_e7ad6da4,lazada_290654971,tai nghe tốt nghe đc pin trâu có đèn phát sáng phù hợp vs giá tiền đóng gói hàng chắc chắn hộp ko bị móp méo tầm 2 ngày là có hàng nói chung nên mua nha,5.0,152,positive,2025-11-17 08:39:54.585193
lazada_lazada_rev_f3549f3c,lazada_2802754956,just used them to DJ last night great sound and sound isolation. good buy at good price. no problems with the item good packaging.,5.0,130,positive,2025-11-17 08:39:54.585193
lazada_lazada_rev_f452f816,lazada_1341823195,"Tai nghe chống ồn tốt , nghe gọi cực kỳ OK ,",5.0,44,positive,2025-11-17 08:39:54.585193
lazada_lazada_rev_f6a37b30,lazada_156609186,sản phẩm y hình ok nhưng mua r sau ủng hộ tiếp bình luận chỉ mang tính chất nhận xu abcxyz ahihihi mãi chưa đủ nhận xu,5.0,118,positive,2025-11-17 08:39:54.585193
lazada_lazada_rev_fb327137,lazada_2231530655,"Chất lượng phù hợp với giá tiền , tốt 👍",5.0,39,positive,2025-11-17 08:39:54.585193
lazada_lazada_rev_000f9dea,lazada_1341752572,"mua học online quá là tuyệt luôn. âm thanh ổn định, míc nói tốt ok. giá cả phải chăng, tầm giá. shop tư vấn nhiệt tình. hàng chính hãng nên ko lo lắng gì cả",5.0,156,positive,2025-11-17 08:39:54.585193
lazada_lazada_rev_03789e26,lazada_2274902846,tai nghe hay nhất trong tầm giá dưới 10 tỉ,5.0,42,positive,2025-11-17 08:39:54.585193
lazada_lazada_rev_044c6505,lazada_2195749466,"sesuai pesanan, pengiriman aman cepat terpercaya ok, isi box lengkap, mudah di hubungkn ke blutut, cm agk kekclian di sy, mngkn krn kpl sy lbih bsar. slbihny ok, ttp bs di pke",5.0,175,positive,2025-11-17 08:39:54.585193
lazada_lazada_rev_0c256fb1,lazada_1235015283,"Cho tôi đổi cái khác,cái này sắc không vào không sự dụng được",5.0,69,positive,2025-11-17 08:39:54.585193
lazada_lazada_rev_204adee0,lazada_273230968,nghe êm âm thanh lớn rất ưng ý 👍,5.0,32,positive,2025-11-17 08:39:54.585193
lazada_lazada_rev_25f1486e,lazada_1615620387,"sản phẩm nghe rất hay đúng như quảng cáo ,hàng gửi thật nhanh giá cả phù hợp chất lượng tầm giá này rất oke",5.0,107,positive,2025-11-17 08:39:54.585193
lazada_lazada_rev_2818bbd7,lazada_1535236130,"Màu tím nhã nhặn. Giao hàng nhanh. Tai nghe giống miêu tả, không rè. Rất thích hợp cho bé mình học online. Cảm ơn shop",5.0,118,positive,2025-11-17 08:39:54.585193
lazada_lazada_rev_2a3b624d,lazada_2042506277,"Chất lượng âm thanh tuyệt vời!, Giá trị tuyệt vời cho giá cả, Kết nối Bluetooth tiện lợi, Thoải mái khi mặc trong thời gian dài,",5.0,128,positive,2025-11-17 08:39:54.585193
lazada_lazada_rev_2ae46f28,lazada_2510676041,"Thiết kế mượt mà, hoàn hảo để mang theo, Vật liệu chất lượng cao đảm bảo độ bền,",5.0,80,positive,2025-11-17 08:39:54.585193
lazada_lazada_rev_30a02d6f,lazada_1891380057,"Ngoại hình thời trang và hiện đại, Kết nối không dây tiện lợi, chất lượng âm thanh thì tạm ổn.",5.0,94,positive,2025-11-17 08:39:54.585193
lazada_lazada_rev_312ac78c,lazada_2636265097,"Bông mềm xốp thoáng tai mình đeo 2 tiếng ko bị nóng, nhẹ tai nữa. Thiết kế đơn giản màu trắng nhạt mình rất thích",5.0,113,positive,2025-11-17 08:39:54.585193
lazada_lazada_rev_33316208,lazada_2470817035,a9 ko lên nguồn,5.0,15,positive,2025-11-17 08:39:54.585193
lazada_lazada_rev_34ff169a,lazada_2260145786,"Thử 3 cái đt đều k tìm thấy thiết bị,không kết nối. dm bịp bợm",5.0,62,positive,2025-11-17 08:39:54.585193
lazada_lazada_rev_3750345f,lazada_2050586084,"Đã nhận được hàng rồi ạ. Shop giao đúng mẫu sản phẩm, giá thành rẻ. Cảm ơn Shop nhiều nhé",5.0,89,positive,2025-11-17 08:39:54.585193
lazada_lazada_rev_3e6c54ce,lazada_2523793374,"nghe rõ, êm, kết nối nhanh nhưng pin thì ko sài đc 4 tiếng như quảng cáo. tầm 2 tiếng",5.0,85,positive,2025-11-17 08:39:54.585193
lazada_lazada_rev_42c3d547,lazada_1554102166,"Đắn đo mãi mới mua được 1 sản phẩm vừa ý và đầy đủ chức năng===^^^. Tai nghe tốt, tạm thời dùng rất ổn. Âm thanh trong và ấm đeo lâu thấy ko đau tai. Giao hàng nhanh và đóng hộp đẹp, màu đẹp Đáng mua cho 5 sao",5.0,209,positive,2025-11-17 08:39:54.585193
lazada_lazada_rev_455c7c83,lazada_1569856692,hàng tốt nhưng giao chế nhưng ko sao,5.0,36,positive,2025-11-17 08:39:54.585193
lazada_lazada_rev_5057b61a,lazada_2633001743,"Thiết kế mượt mà và phong cách, Trải nghiệm âm thanh sống động, Điều khiển trên tai tiện lợi, Hiệu suất âm thanh chất lượng cao, Giá trị tuyệt vời cho số tiền bỏ ra, Vừa vặn thoải mái cho các buổi nghe dài, Kết cấu bền bỉ cho sử dụng hàng ngày, kết nối dễ dàng,rất đáng với số tiền bỏ ra, thời gian sạc không quá lâu ,giao hàng nhanh,mọi người đều rất tuyệt",5.0,357,positive,2025-11-17 08:39:54.585193
lazada_lazada_rev_533c228d,lazada_2530567131,🔋Battery Life:,5.0,14,positive,2025-11-17 08:39:54.585193
lazada_lazada_rev_5978e701,lazada_2907700783,"The box was smashed. Very poor packaging. Headphones are ok. working. I ordered 2 pc different color, but got only one. Suppose the purple is out of stock. Going for refund.",5.0,173,positive,2025-11-17 08:39:54.585193
lazada_lazada_rev_59eb2d60,lazada_2231530655,Hàng đẹp đúng như mô tả chưa sd nên không biết bền không sd rồi cho ý kiến thêm,5.0,79,positive,2025-11-17 08:39:54.585193
lazada_lazada_rev_5a31aadf,lazada_2615050330,Chất lượng rất ổn,5.0,17,positive,2025-11-17 08:39:54.585193
lazada_lazada_rev_5a6db688,lazada_2660978137,"Nghe nhạc đỉnh shop ơi, đeo lên đầu rất indie và art art trông rất cuốn, màu đơn sắc khi xài nên giữ kĩ càng",5.0,108,positive,2025-11-17 08:39:54.585193
lazada_lazada_rev_5b3749d6,lazada_2470817035,mới mua về tai nghe được tai không,5.0,34,positive,2025-11-17 08:39:54.585193
lazada_lazada_rev_63dca5c3,lazada_982348970,"Tai nghe của logitech thì khỏi phải bàn về độ chất lượng và đẹp, mình rất ưng khi nhận hàng hihi",5.0,96,positive,2025-11-17 08:39:54.585193
lazada_lazada_rev_683f5b16,lazada_156609186,"Màu xám thời trang, Màu xám thời trang, Tương thích với nhiều thiết bị khác nhau, Đa năng cho việc sử dụng DJ, Chất lượng âm thanh tuyệt vời,",5.0,141,positive,2025-11-17 08:39:54.585193
lazada_lazada_rev_6d4f6ad4,lazada_2802754956,"I ordered it in orange specifically , because it was a birthday gift for someone special. You sent me a black pair. Why don't you message me before you just send any colour you feel like sending? Tôi đặt màu cam vì đây là quà sinh nhật cho một người đặc biệt. Bạn gửi cho tôi một đôi màu đen. Sao bạn không nhắn tin cho tôi trước khi gửi bất kỳ màu nào bạn muốn?",5.0,362,positive,2025-11-17 08:39:54.585193
lazada_lazada_rev_6ddef2ef,lazada_287442138,"tai nghe rõ. êm. Chất lượng, giá cả lại vừa tầm. mình rất hài lòng.",5.0,67,positive,2025-11-17 08:39:54.585193
lazada_lazada_rev_732ad879,lazada_2039350426,"Good quality of sound and mike. Perfect design, good battery",5.0,60,positive,2025-11-17 08:39:54.585193
lazada_lazada_rev_745d2571,lazada_568868580,"giao hàng hơi lâu do dịch nhưng nhận sp khá ưng ý. tai nghe đẹp , bật max nghe vẫn tốt, khoảng cách nghe ổn trong 10m với thiết bị kết nối. khả năng đàm thoại ổn. Độ bền trờ thời gian 👍👍👍👍",5.0,188,positive,2025-11-17 08:39:54.585193
lazada_lazada_rev_7c43f84e,lazada_1620564172,Hàng hoá chất lượng tốt,5.0,23,positive,2025-11-17 08:39:54.585193
lazada_lazada_rev_7dc35a30,lazada_1574232051,"Tai nghe hay, chắc chắn, nghe rất êm. Giao hàng nhanh chóng, shop đóng gói hàng kỹ càng chuẩn bị rất nhanh.",5.0,107,positive,2025-11-17 08:39:54.585193
lazada_lazada_rev_80ba1961,lazada_2719790173,"great budget noise cancelling headphones ,high sound quality .control equalizer with edifier app ..impressive battery life",5.0,122,positive,2025-11-17 08:39:54.585193
lazada_lazada_rev_87dc3ae3,lazada_1681812149,Giao hàng đến nơi nhận được nhưng mở ra Ko có gì bên trong hộp hết vậy là sao???ko thấy phản hồi lửa gạt khách hàng sao,5.0,119,positive,2025-11-17 08:39:54.585193
lazada_lazada_rev_8800b2aa,lazada_3094639721,dùng tốt mn nên mua nghe hay rảnh tay đi bộ tập thể thao...,5.0,59,positive,2025-11-17 08:39:54.585193
lazada_lazada_rev_8a395271,lazada_3094639721,"hàng ok lắm luôn ý Giá cả hợp lý mà shop đóng gói cần thận nữa Nên mua nhé mn,mình đã dùng rồi,ok nha",5.0,101,positive,2025-11-17 08:39:54.585193
lazada_lazada_rev_8d63dd93,lazada_2719790173,"Tuổi thọ pin lâu dài, Hiệu suất ANC ấn tượng,",5.0,45,positive,2025-11-17 08:39:54.585193
lazada_lazada_rev_93052c1e,lazada_1707015122,Nhé mô tả rẻ,5.0,12,positive,2025-11-17 08:39:54.585193
lazada_lazada_rev_98b388f5,lazada_3094639721,🎤Sound Quality:,5.0,15,positive,2025-11-17 08:39:54.585193
lazada_lazada_rev_9a935018,lazada_2294979813,Ưng ý với sản phẩm. Dùng thẻ nhớ nghe thoải maixxxxcccccxcccccc,5.0,63,positive,2025-11-17 08:39:54.585193
lazada_lazada_rev_9ab453de,lazada_2504967205,"Nhịn rất xịn xò, đóng gói đẹp chuyên nghiệp",5.0,43,positive,2025-11-17 08:39:54.585193
lazada_lazada_rev_9b46ab58,lazada_2365309626,"Hàng đặt hộ, chưa sử dụng nên chưa đánh giá được chất lượng. Hi vọng không phải bỏ đi.",5.0,86,positive,2025-11-17 08:39:54.585193
lazada_lazada_rev_9d526273,lazada_3096444184,Tai nghe tốt ok mong xài bền lâu so với giá tầm này thì ok không nói thêm gì,5.0,76,positive,2025-11-17 08:39:54.585193
lazada_lazada_rev_a1a3eacb,lazada_2802754956,Awesome headphones for podcasting and singing… my girl loves them for singing and they’re excellent at blocking outside sound. Perfect end for my home studio.,5.0,158,positive,2025-11-17 08:39:54.585193
lazada_lazada_rev_a5e784db,lazada_2283131857,🔋Battery Life:,5.0,14,positive,2025-11-17 08:39:54.585193
lazada_lazada_rev_a81e153f,lazada_1385291231,tốt hợp với giá tiền,5.0,20,positive,2025-11-17 08:39:54.585193
lazada_lazada_rev_ab0a8636,lazada_2281148838,"Tai nghe siêu đẹp, nghe hay xỉu hy vọng bền bỉ dùng đc lâu",5.0,58,positive,2025-11-17 08:39:54.585193
lazada_lazada_rev_ad8f52c2,lazada_2231530655,"đẹp, nhìn dễ thương lắm",5.0,23,positive,2025-11-17 08:39:54.585193
lazada_lazada_rev_af1e73f2,lazada_2142780362,Không ngờ là đẹp vậy luôn ạ,5.0,27,positive,2025-11-17 08:39:54.585193
lazada_lazada_rev_b31d79a5,lazada_2730125252,hàng ok nghe to rõ,5.0,18,positive,2025-11-17 08:39:54.585193
lazada_lazada_rev_bc6c7171,lazada_1837257380,tai nghe đẹp âm thanh khá ấm. còn bền thj phải dùng mới biết đc. vẫn cho shop 5*,5.0,80,positive,2025-11-17 08:39:54.585193
lazada_lazada_rev_c01a1389,lazada_1554102166,"Giao hàng nhanh. Đã mua 1 lần sp khác của shop thấy rất uy tín, Giao hàng nhanh sản phẩm dùng rất tốt đóng gói kĩ càng giá rẻ nên mua 😘😘😘😘😘 Đáng bỏ tiền mua",5.0,156,positive,2025-11-17 08:39:54.585193
lazada_lazada_rev_c4a2c1a0,lazada_295626014,"giao nhanh, đóng gói cẩn thận, hàng rất đẹp âm thanh rất hay, shop uy tín cảm ơn shop nhiều...",5.0,94,positive,2025-11-17 08:39:54.585193
lazada_lazada_rev_c50928ac,lazada_1419511614,Sản phẩm tốt giao hàng nhanh chất lượng tuyệt vời sẽ còn ủng hộ tiếp cám ơn shop nhiều hehehe cám ơn,5.0,100,positive,2025-11-17 08:39:54.585193
lazada_lazada_rev_c823df0e,lazada_2260145786,vận chuyển nhanh 2 hoặc 3 ngày.....hàng như hình....nhưng đóng gói ko đc kỹ lắm....bị đè méo sẹo...nhưng hàng vẫn bt....nói chung 9/10đ,5.0,135,positive,2025-11-17 08:39:54.585193
lazada_lazada_rev_d2aaaa77,lazada_287442138,giao hàng nhanh sản phẩm ok chất lượng tuyệt vời nhưng mà nó hơi nặng mới đeo chưa quen lắm nói chung nên mua nha mọi người,5.0,123,positive,2025-11-17 08:39:54.585193
lazada_lazada_rev_d2c1bf54,lazada_1560559132,Không phải khen quá Chứ đẹp thật sự Ý . mua về mà mấy con bạn cứ hỏi chỗ mua để mua hộ nó . Với mấy đứa cuồng đô cute như em thì phải cho 100 sao luôn quá . Vừa rẻ vừa đẹp lên mua nha mọi người . chủ quán cũng tư vấn nhiệt tình,5.0,227,positive,2025-11-17 08:39:54.585193
lazada_lazada_rev_e03ca222,lazada_260275079,"cắm tai nghe 1 bản remixc mà phê từ những note đầu tiên, u mê lạc lối với chất lượng âm thanh trên cả mong đợi của em nó👍",5.0,121,positive,2025-11-17 08:39:54.585193
lazada_lazada_rev_e0dbdccb,lazada_1707015122,good quality headphone for the price.,5.0,37,positive,2025-11-17 08:39:54.585193
lazada_lazada_rev_e4a89d29,lazada_1314057100,"rai nghe êm ,to ,thiết kế chắc chắn. tặng shop 5*",5.0,49,positive,2025-11-17 08:39:54.585193
lazada_lazada_rev_e8a8cc5a,lazada_2509309542,🔋Battery Life:,5.0,14,positive,2025-11-17 08:39:54.585193
lazada_lazada_rev_ea3cb7ef,lazada_1554102166,"Cảm nhận sau gần 1 tháng sử dụng của mình thì thấy sản phẩm ko có lỗi gì, mình nghe ko thường xuyên nên rất bền,Chất lượng sản phẩm: tốt Đúng với mô tả: đúng mô tả Giao hàng nhanh, sản phẩm gói kĩ càng, sử dụng ổn phù hợp với mức giá Shop uy tín nhé ae, nên mua",5.0,261,positive,2025-11-17 08:39:54.585193
lazada_lazada_rev_ef7298ce,lazada_3113840711,"Hàng của Hãng/ SHOP mình Là ""CHUẨN KHÔNG CẦN CHỈNH NHÁ!"" ...A/em. nEn Mua Xài ĐƯỢC!!",5.0,84,positive,2025-11-17 08:39:54.585193
lazada_lazada_rev_f6a2fba7,lazada_260276010,giao hàng nhanh. sp như mong đợi. good,5.0,38,positive,2025-11-17 08:39:54.585193
lazada_lazada_rev_fb9c459f,lazada_3189242933,"Giao hàng khá nhanh Chưa test nên ko biết thời gian sử dụng có đúng 8h ko Sản phẩm cầm chắc chắn, nặng tay Phụ kiện đi kèm siêu đầy đủ Xịn vãi Nên mua nha",5.0,154,positive,2025-11-17 08:39:54.585193
lazada_lazada_rev_fcc7dd56,lazada_2907700783,"The box was smashed. Very poor packaging. Headphones are ok. working. I ordered 2 pc different color, but got only one. Suppose the purple is out of stock. Going for refund.",5.0,173,positive,2025-11-17 08:39:54.585193
lazada_lazada_rev_09f764ad,lazada_260263917,"shop đóng gói và giao hàng rất nhanh, order hôm trước là hôm sau nhận được luôn. chưa dùng thử nhưng thấy mẫu mã xinh xắn ạ.",5.0,124,positive,2025-11-17 08:39:54.585193
lazada_lazada_rev_0a56e44a,lazada_2659641332,"Đã nhận được hàng tại nghe chơi GAME , Mình mua đỏ đen + giáo hàng đen",5.0,70,positive,2025-11-17 08:39:54.585193
lazada_lazada_rev_0aa83d25,lazada_3049620058,😌Thoải mái：,5.0,11,positive,2025-11-17 08:39:54.585193
lazada_lazada_rev_0ab1ffc0,lazada_1563226140,"Thiết kế xoay tiện lợi, Khoảng cách truyền Bluetooth xa, đặt mya lần thứ 4",5.0,74,positive,2025-11-17 08:39:54.585193
lazada_lazada_rev_0cdc8360,lazada_2509309542,"Chất lượng rất ok, ngoại hình đẹp, đeo lâu không hề bị đau tai như vài bạn cmt, lót da mềm mụp, ôm tai mình rất ok, chế độ chống ồn hoạt động khá là tốt, có thể kết nối với app (tải trên CHplay or Appstore) để điều chỉnh chế độ âm thanh nghe, kết nối, tìm kiếm vị trí tai nghe... pin thì siêu siêu trâu luôn ạ, mình đi làm bật 8h trên cty hàng ngày mà cả tuần còn chưa hết pin",5.0,376,positive,2025-11-17 08:39:54.585193
lazada_lazada_rev_0ef23f88,lazada_3109834690,"🎧Tiện nghi: rất thoải mái và mềm mại khi bạn đeo, cộng thêm trọng lượng siêu nhẹ nên không gây áp lực nhiều 🔋Tuổi thọ pin: dường như khá dài, tôi chưa sạc nó kể từ khi nhận được nhưng đã sử dụng được 4 tiếng Độ bền: Tôi chưa kiểm tra điều này nhưng nó cảm giác khá chắc chắn ngay cả khi nó thực sự nhẹ",5.0,301,positive,2025-11-17 08:39:54.585193
lazada_lazada_rev_0f7369de,lazada_2042506277,"Xài tyowng đối ổn. Âm thanh chất lượng trung bình, kết nối bluetooth rất tốt",5.0,76,positive,2025-11-17 08:39:54.585193
lazada_lazada_rev_0ff0819a,lazada_2627129306,🔋Battery Life:,5.0,14,positive,2025-11-17 08:39:54.585193
lazada_lazada_rev_1d5c3639,lazada_3096444184,đã nhận được hàng giống như quảng cáo rất hài lòng cho sop 5 sao,5.0,64,positive,2025-11-17 08:39:54.585193
lazada_lazada_rev_1d5c9a14,lazada_2346540376,"Nhìn chung khá ổn. Lúc đầu sử dụng mình đã không biết cách để bật tai nghe lên nguồn, bấm nút để kết nối blutooh và cũng cắm nhầm dây mic nên nghe bị rè. Lúc mua thì phân vân với con A70 vì con này chỉ chuẩn blutooth 5.0 thay vì 5.2, nhưng sau vẫn chọn vì thời lượng pin 110h. Có một đặc điểm trong 1 ngày sử dụng là tai nghe khá bí khá nóng...đổ nhiều mồ hôingon nếu nghe trong hơn 1.5h, chắc việc ôm tai nên nó bí khó thoát nhiệt....cũng chưa biết làm sao để cảm thấy mát hơn, dùng lâu hơn. Âm than",5.0,500,positive,2025-11-17 08:39:54.585193
lazada_lazada_rev_1ed1941b,lazada_1681812149,Tôi cần đổi cái mới shipper làm gãy một bên rồi,5.0,47,positive,2025-11-17 08:39:54.585193
lazada_lazada_rev_21909926,lazada_2610418179,"Sản phẩm đẹp chất lượng, giống như thông tin mà Shop đã chia sẽ, giao hàng nhanh đóng gói cẩn thận.",5.0,99,positive,2025-11-17 08:39:54.585193
lazada_lazada_rev_24ee222c,lazada_3116287490,Tính năng nổi bật:nghe nhạc bằng Bluetooth Chất lượng sản phẩm:tuyệt vời Mình ban đầu cũng phân vân không biết nên mua không. Nhưng quyết định mua của mình thật sự đúng đắn. Khi nhận được hàng mình thật sự rất thích. Tai nghe êm nghe nhạc mượt và đặc biệt là tui rất thích ghi chú mà shop nhắn gửi cho mấy anh chị shipper. Thật sự là quá tuyệt vời. Bọc hàng rất kỹ lưỡng nữa nha mọi người.,5.0,389,positive,2025-11-17 08:39:54.585193
lazada_lazada_rev_25adc1d0,lazada_2598100718,dung nhu mo ts,5.0,14,positive,2025-11-17 08:39:54.585193
lazada_lazada_rev_2d76210b,lazada_2530567131,chất lượng sản phẩm của mình là người lớn mà còn phải có cái hay là họ không có tiền lẻ 💰💰 cho bạn bè xem thử có gì là không thể chấp nhận được chứ,5.0,147,positive,2025-11-17 08:39:54.585193
lazada_lazada_rev_3352f34b,lazada_291454451,"đây lần thứ 2 chất lượng ok, dùng bền lâu, âm thanh tốt ae nên mua nhé",5.0,70,positive,2025-11-17 08:39:54.585193
lazada_lazada_rev_33977f64,lazada_291488121,lần thứ 2 mình mua r xài tốt lắm pin cũng đc tầm 2-3 tiếng nhm nhược điểm là hơi nặng thoii còn lại okay,5.0,104,positive,2025-11-17 08:39:54.585193
lazada_lazada_rev_3830f6eb,lazada_2172666517,sản phẩm tốt shop giao đúng mẫu mã cho 10 điểm,5.0,46,positive,2025-11-17 08:39:54.585193
lazada_lazada_rev_3de85537,lazada_2898141369,hàng dùng được phù hợp giá .. tặng shop 5 sao,5.0,45,positive,2025-11-17 08:39:54.585193
lazada_lazada_rev_42f91627,lazada_2172666517,giao hàng nhanh,5.0,15,positive,2025-11-17 08:39:54.585193
lazada_lazada_rev_440359b3,lazada_2898138333,"âm thanh nghe ổn áp. giá rẻ. giao hàng nhanh. tuy nhiên, do vành tai của mình nhỏ nên đeo tai nghe cảm giác bị lỏng, sợ rơi khi vận động mạnh.",5.0,142,positive,2025-11-17 08:39:54.585193
lazada_lazada_rev_4494c1ba,lazada_2847585434,🎤Sound Quality:,5.0,15,positive,2025-11-17 08:39:54.585193
lazada_lazada_rev_459b0975,lazada_156609186,tai nghe to nghe nhạc thì mình rất thích 😄😄,5.0,43,positive,2025-11-17 08:39:54.585193
lazada_lazada_rev_532bc642,lazada_2603258160,Sound Quality:,5.0,14,positive,2025-11-17 08:39:54.585193
lazada_lazada_rev_589f1a71,lazada_2156106017,"gói hàng ổn, vận chuyển thì hơi móp tí. âm thanh lâu lâu kiểu kiểu bị lỗi nma nhìn chung ổn",5.0,91,positive,2025-11-17 08:39:54.585193
lazada_lazada_rev_5a29327d,lazada_1314057100,"Tai phone bắt bluetoot khá nhạy ngoài ra còn giao đúng hẹn, loa nghe ổn rõ ràng . . Z . . . Z. Z . . Z",5.0,102,positive,2025-11-17 08:39:54.585193
lazada_lazada_rev_5be3a0ca,lazada_1314057100,"nghe cũng ổn,hợp với tầm giá....................................................",5.0,80,positive,2025-11-17 08:39:54.585193
lazada_lazada_rev_628e30c3,lazada_570682831,"rất ok, xài hai rất ổn, được tặng rất nhiều quà, đã mua lần thứ 3 rất thíchhhhhhhhhhhhhhhhhh",5.0,92,positive,2025-11-17 08:39:54.585193
lazada_lazada_rev_665777d6,lazada_2329499647,"Chất lượng thời gian tới mới biết Nhận hàng shop đóng gói chắc chắn, k bị móp méo Test âm thanh ok nghe êm tai Shop tư vấn nhiệt tình",5.0,133,positive,2025-11-17 08:39:54.585193
lazada_lazada_rev_692f9908,lazada_3147060650,kết nối Bluetooth có vẻ khá kén.,5.0,32,positive,2025-11-17 08:39:54.585193
lazada_lazada_rev_695709f1,lazada_2065421614,Khử tiếng ồn cho trải nghiệm nghe sâu sắc. Chất lượng âm thanh tuyệt vời!,5.0,73,positive,2025-11-17 08:39:54.585193
lazada_lazada_rev_6eb93afe,lazada_2065421614,"Shop giao đúng sản phẩm mô tả. Shop giao hàng nhanh. Tai nghe đẹp nghe hay. Đáng mua. Lần sau, sẽ ủng hộ shop tiếp ạ.",5.0,117,positive,2025-11-17 08:39:54.585193
lazada_lazada_rev_719c0bc5,lazada_2359457757,hàng tốt. ngôn bổ rẻ,5.0,20,positive,2025-11-17 08:39:54.585193
lazada_lazada_rev_76738c79,lazada_2898141369,hàng chất lượng pin khủng. tôi mua lần 2 mọi người nên mua. giao hàng nhanh.ship vui ve nhiệt tình,5.0,98,positive,2025-11-17 08:39:54.585193
lazada_lazada_rev_80952e10,lazada_2142780362,sản phẩm OK,5.0,11,positive,2025-11-17 08:39:54.585193
lazada_lazada_rev_8388d6d1,lazada_1560559132,Không bật được đèn lên,5.0,22,positive,2025-11-17 08:39:54.585193
lazada_lazada_rev_85524a28,lazada_260268638,"Thoải mái khi mặc, Tương thích đa năng với các thiết bị, Chất lượng âm thanh tuyệt vời,",5.0,87,positive,2025-11-17 08:39:54.585193
lazada_lazada_rev_85a0c75a,lazada_3072381208,sài ok lắm đó,5.0,16,positive,2025-11-17 08:39:54.585193
lazada_lazada_rev_8686d083,lazada_1433739408,Đã nhận được hàng. Thời gian giao hàng vừa đủ nhanh. Mình mua chiếc tai nghe này để tặng người thân nên không muốn bóc seal và trải nghiệm ngay. Đã mua các sản phẩm khác từ gian hàng này nên khá chắc là sẽ không có vấn đề.,5.0,222,positive,2025-11-17 08:39:54.585193
lazada_lazada_rev_8ab6bd3a,lazada_1891088502,"10 điểm không có nhưng. Tai nghe đóng gói rất kỹ, giao nhanh. Âm thanh khỏi bàn, sống động và chặn tiếng ồn cũng rất tốt gần như không nghe được gì bên ngoài nếu bật chế độ noise cancelation. Rất đáng đầu tư",5.0,207,positive,2025-11-17 08:39:54.585193
lazada_lazada_rev_8e3c1ded,lazada_2863260318,"dịch vụ đóng gói và vận chuyển quá tệ, khui ra hộp móp méo hết, quá mất hứng. shop phải xem lại khâu này nhé, thấy nhiều người cũng complain vấn đề này mà giờ mình cũng bị. chán!!",5.0,179,positive,2025-11-17 08:39:54.585193
lazada_lazada_rev_902a722b,lazada_2907700783,🔋Battery Life:,5.0,14,positive,2025-11-17 08:39:54.585193
lazada_lazada_rev_9aa7f47f,lazada_260276010,"Tốt, tốt, tốt, Tốt, tốt, tốt, Tốt, tốt, tốt, Tốt, tốt, tốt, Tốt, tốt, tốt, Tốt, tốt, tốt,",5.0,89,positive,2025-11-17 08:39:54.585193
lazada_lazada_rev_9bcdbe63,lazada_3086984603,Sound Quality:,5.0,14,positive,2025-11-17 08:39:54.585193
lazada_lazada_rev_9ffa96a7,lazada_2641021358,"Chống nước và chống nước cho các hoạt động ngoài trời, Thiết kế nhỏ gọn và nhẹ nhàng để dễ dàng mang theo,",5.0,106,positive,2025-11-17 08:39:54.585193
lazada_lazada_rev_a37be9fe,lazada_2562396620,Hàng giao giống như hình giới thiệu. Còn chất lượng chưa dùng thử nên cần có thời gian mới có thể xác định được.,5.0,112,positive,2025-11-17 08:39:54.585193
lazada_lazada_rev_a7c9a50a,lazada_1341752572,"Mình vừa nhận dc hàng test luôn thấy khá OK, âm thanh nghe tập trung êm tai vote 5 sao cho shop nhé (^:^)",5.0,105,positive,2025-11-17 08:39:54.585193
lazada_lazada_rev_b07c1149,lazada_723292609,"Adjustable headband for a comfortable fit., Great value for the price., Compatible with various devices.,",5.0,105,positive,2025-11-17 08:39:54.585193
lazada_lazada_rev_bc364a5e,lazada_2976372707,"Tại nghe bật max là lọt tiếng ra ngoài. Tai nghe chắc chắn, bass ổn, khá đáng mua. Shop nhiệt tình 5*",5.0,101,positive,2025-11-17 08:39:54.585193
lazada_lazada_rev_ca5942aa,lazada_2002840111,nghe nhạc chất âm rõ nét. kết nối ổn địn. pin nghe 4 tiếng chưa thấy hết. ngoại hình cũng ok. phân khúc giá rẻ mà mua được chiếc tai nghe chất lượng như này thì đúng là hết nước chấm,5.0,182,positive,2025-11-17 08:39:54.585193
lazada_lazada_rev_cd78836f,lazada_1308632254,Sản phẩm ok,5.0,11,positive,2025-11-17 08:39:54.585193
lazada_lazada_rev_cf3c828b,lazada_1918072875,giao đủng mẫu dung màu. am thanh nghe tam ổn. tai nghe nhỏ.k to nhu minh nghi.,5.0,78,positive,2025-11-17 08:39:54.585193
lazada_lazada_rev_d2b8ff18,lazada_2294865133,"This product is excellent! It came beautifully packaged, very professional Such an amazing quality product especially for the inexpensive cost. You should buy this. I will be very happy to support the shop with other products in the future, and you should, too.",5.0,261,positive,2025-11-17 08:39:54.585193
lazada_lazada_rev_d4f5d8e9,lazada_2684185919,"Thiết kế mỏng và phong cách, vật liệu chất lượng cao để đảm bảo độ bền, thiết kế gập lại để dễ dàng lưu trữ, điều khiển âm lượng để điều chỉnh dễ dàng,",5.0,151,positive,2025-11-17 08:39:54.585193
lazada_lazada_rev_da7c6043,lazada_1609018793,"Tai nhìn đã thật các bác ạ. Em đợi mãi loại hàng này mới mua được. Nó lợi lắm ạ. Dây dài 2m+, lại có cả 3 jack usb led và 2 dây chia kèm tiện đỡ phải nối khi dùng Máy tính PC cây. sp rất đầy đủ đi kèm cả 1 jack nối nếu dùng laptop Đèn led siêu đẹp luôn thích thật. Nghe nhạc êm ấm và bass mạnh. Chụp tai to ko đau tai lại khung thép. Sp lại nguyên đai nguyên hộp. Ngàn sao cho sản phẩm chất.",5.0,391,positive,2025-11-17 08:39:54.585193
lazada_lazada_rev_dc0625f4,lazada_2034491526,Sound Quality:,5.0,14,positive,2025-11-17 08:39:54.585193
lazada_lazada_rev_dc765c5e,lazada_1891088502,"10 điểm không có nhưng. Tai nghe đóng gói rất kỹ, giao nhanh. Âm thanh khỏi bàn, sống động và chặn tiếng ồn cũng rất tốt gần như không nghe được gì bên ngoài nếu bật chế độ noise cancelation. Rất đáng đầu tư",5.0,207,positive,2025-11-17 08:39:54.585193
lazada_lazada_rev_dd1d6390,lazada_2187772151,Tai nghe OK Mỗi tội tụt pin hơi nhanh nhưng vẫn ưng ý,5.0,53,positive,2025-11-17 08:39:54.585193
lazada_lazada_rev_df115ed0,lazada_1524674253,Tai nghe hay míc nói rõ giá cả quá ok,5.0,37,positive,2025-11-17 08:39:54.585193
lazada_lazada_rev_e45fccab,lazada_1501004043,chất lương tốt quá shop ạ hàng uy tín lắm hộp đựng thể hiện sự đẳng cấp rồi tặng shop 5 sao lấy đường đi lại lần sau ủng hộ tiếp nhérhooj,5.0,137,positive,2025-11-17 08:39:54.585193
lazada_lazada_rev_e9dd4daa,lazada_1722359022,cảm ơn shope!,5.0,13,positive,2025-11-17 08:39:54.585193
lazada_lazada_rev_edf3149c,lazada_2627129306,"Hic lật tung trái đất tìm màu off white may trên đây vẫn còn🥲🥲 đóng gói siêu kĩ, cách âm tốt, thích nhất là có thể điều chỉnh âm thanh theo ý qua app, màu cũng đẹp nữa😋phần đệm tai làm bằng da khá dễ nứt nẻ sau này",5.0,214,positive,2025-11-17 08:39:54.585193
lazada_lazada_rev_effe88f0,lazada_568868580,"Giao hàng siêu nhanh trong khoảng thời gian 36h kể từ khi đặt hàng. Sản phẩm đẹp, chất lượng âm thanh quá tuyệt vời so với tầm giá, bass trắc có chiều sâu, âm trung sôi động. Rất đáng mua nhe mọi người!",5.0,202,positive,2025-11-17 08:39:54.585193
lazada_lazada_rev_f098c586,lazada_2919785146,"hàng đóng gói kỹ, giao hàng nhanh.... hình mang tính nhận xu.....",5.0,65,positive,2025-11-17 08:39:54.585193
lazada_lazada_rev_fc8a811e,lazada_2395409425,"Cám ơn anh giao hàng nhiệt tình thân thiện, cám ơn shop cung cấp sản phẩm hữu ích, giá cả phải chăng, cám ơn Lazada đã kết nối nhà bán và người mua. Sản phẩm nên mua dù giao diện khác hàng chính hãng: không có móc kiêm loại phía trước, đèn báo hai bên không có. Âm thanh to hơn các loại tai nghe khác.",5.0,301,positive,2025-11-17 08:39:54.585193
lazada_lazada_rev_fda6bea1,lazada_1609509196,"Gần đây mình có chơi game pupg, bạn bè mình nói chơi bằng tai nghe sẽ tốt hơn nên mình chọn chiếc bluetooth này, chất lượng rất tốt, âm thanh rõ ràng và không có tạp âm, chơi game này thì hoàn hảo với tai nghe này👍",5.0,214,positive,2025-11-17 08:39:54.585193
lazada_lazada_rev_fdb3301e,lazada_3131577577,"ok, nghe nói hơi nhỏ",5.0,20,positive,2025-11-17 08:39:54.585193
lazada_lazada_rev_fe916c4d,lazada_358416619,"Hỗ trợ thẻ nhớ lên đến 32GB, Âm thanh rõ ràng và sắc nét, Thoải mái khi mặc trong lúc tập luyện, Dễ dàng ghép nối với các thiết bị Bluetooth, Hỗ trợ thẻ nhớ lên đến 32GB, Âm thanh rõ ràng và sắc nét, Thoải mái khi mặc trong lúc tập luyện, Dễ dàng ghép nối với các thiết bị Bluetooth,",5.0,283,positive,2025-11-17 08:39:54.585193
lazada_lazada_rev_02cebc96,lazada_1609018793,Giao hàng nhanh lắm mọi người ạ Tai nghe xịn xò Nhìn từ hộp đã thích rồi ạ đẹp 10 điểm và 10 điểm ạ,5.0,99,positive,2025-11-17 08:39:54.585193
lazada_lazada_rev_06f4286c,lazada_260263917,Fast shipping and well-packaged. This device is a game-changer—sleek design and easy to use,5.0,91,positive,2025-11-17 08:39:54.585193
lazada_lazada_rev_14a1b439,lazada_1560559132,Đẹp nghe êm đủ 2 dây xạc vs cáp lần trước mũ shop khác ko có dây cáp shop này làm ăn đúng quãng cáo OK nên mua,5.0,110,positive,2025-11-17 08:39:54.585193
lazada_lazada_rev_1a19d924,lazada_1435021218,"giao hàng hơi lâu, nhưng sản phẩm chất lượng, đèn nhấp nháy rất đẹp, bé nhà mình rất thích, tai nghe nghe rất rõ",5.0,112,positive,2025-11-17 08:39:54.585193
lazada_lazada_rev_1cfa27f3,lazada_1482416999,"Giao hàng tương đối nhanh trong mùa dịch, đóng gói chắc chắn, sản phẩm y như hình, chất âm hay",5.0,94,positive,2025-11-17 08:39:54.585193
lazada_lazada_rev_2409814e,lazada_2733185087,Sự thoải mái:tuyệt vời Thời gian sử dụng pin:tuyệt vời Tính tương thích:tuyệt vời nó tương thích với tất cả các điện thoại,5.0,122,positive,2025-11-17 08:39:54.585193
lazada_lazada_rev_2466d7ba,lazada_3204704241,"iQOO TWS 1e màu vàng xịn quá! Pin lâu, âm thanh khi chơi game tuyệt vời, độ trễ thấp cực kỳ phù hợp cho game, chống ồn tốt, kết nối Bluetooth nhanh, cực kỳ hài lòng~",5.0,165,positive,2025-11-17 08:39:54.585193
lazada_lazada_rev_25003656,lazada_2523945682,"chất lượng tốt, mẫu ma đẹp hop thời trang cho shop 5 sao",5.0,56,positive,2025-11-17 08:39:54.585193
lazada_lazada_rev_271c3e84,lazada_2907700783,"Jack 3.5mm tiêu chuẩn, Phù hợp cho chơi game và nghe nhạc, . Sản phẩm nhận được rất đẹp, giao hàng nhanh bao bi cẩn thận tôn trọng khách hàng. tks",5.0,146,positive,2025-11-17 08:39:54.585193
lazada_lazada_rev_297e1bb4,lazada_2198337929,"Ok nhạc rất to không hề nhỏ, mua chủ yếu để chụp hình nhưng nghe nhạc vẫn cứ là oki",5.0,83,positive,2025-11-17 08:39:54.585193
lazada_lazada_rev_37bcce1b,lazada_1385291231,tốt hợp với giá tiền,5.0,20,positive,2025-11-17 08:39:54.585193
lazada_lazada_rev_37d3ebce,lazada_3181588480,Sound Quality:,5.0,14,positive,2025-11-17 08:39:54.585193
lazada_lazada_rev_3884ae44,lazada_291454451,Hàng giống mô tả. nghe êm tai. màu đỏ đen nhìn bao đẹp nha mọi người. shipper thân thiện,5.0,88,positive,2025-11-17 08:39:54.585193
lazada_lazada_rev_4192d3d9,lazada_2470452950,"chất lượng tuyệt vời, cảm ứng mượt, màn hình nét, âm thanh hay, hơn đứt con N20 400k. chỉ có điều app để chỉnh hình nền và cài đặt thêm chức năng không hoạt động trên xiaomi android 13 của mình, cài sang con samsung cũ android 10 thì lại ok. chức năng chống ồn chủ động cũng tạm được, cancel được các âm thanh tạp nhỏ. nói chung là rất hài lòng.",5.0,345,positive,2025-11-17 08:39:54.585193
lazada_lazada_rev_4f06c980,lazada_2847576423,hàng chất lượng cao và giá cả hợp lý nhất cho người dùng Việt Nam và giá cả.tai nghe nhạc chất lượng cao và tiết kiệm,5.0,117,positive,2025-11-17 08:39:54.585193
lazada_lazada_rev_5153e09a,lazada_2470452950,"Shop đóng gói cẩn thận, giao hàng nhanh. Hàng rất đẹp, âm thanh rất ok. Độ bền thì chưa thể nhận xét vì cần có thời gian trải nghiệm. Nếu dùng ok sẽ ủng hộ shop những lần sau.",5.0,175,positive,2025-11-17 08:39:54.585193
lazada_lazada_rev_51608421,lazada_2359457757,"Sản phẩm đúng như trong hình. Có bao bì và cs giấy xác minh hàng🤩🤩🤩🤩 Hàng minh bạch, chất lượng tốt",5.0,99,positive,2025-11-17 08:39:54.585193
lazada_lazada_rev_56604707,lazada_2847576423,mặc dù có nhiều bọt khí nhưng hộp vẫn bị hư hại. đã nhận được ưu đãi cho những người đặt hàng sớm. hoàn toàn xứng đáng! bạn nhận được 3 loại kết nối,5.0,148,positive,2025-11-17 08:39:54.585193
lazada_lazada_rev_57612e86,lazada_735588170,"dù dịch nhưng giao hàng nhanh, tai nghe nhẹ, check âm thanh nghe giọng ấm hơn, lọc tạp âm ok. Hợp vs giá thàn",5.0,109,positive,2025-11-17 08:39:54.585193
lazada_lazada_rev_59a2e237,lazada_982348970,"Nghe nhạc rất hay, đệm bằng vải khoáng nên đeo lâu (có kính) cũng không thấy đau, có thể chỉnh độ lên xuống của tai, chỉnh âm thanh và lightsync từ G-hub khá tiện - nhiều chế độ nghe hoặc tự chỉnh âm thanh theo ý thích. Có điểm hơi bất tiện (đối với mình) là nút nguồn, tắt/bật mic, scroll volumn được đặt phía sau tai bên trái nên mỗi khi lấy tai nghe đôi khi bấm nhầm và con g733 này không kết nối bằng bluetooth, chỉ vậy thôi còn lại đều hài lòng",5.0,449,positive,2025-11-17 08:39:54.585193
lazada_lazada_rev_5c0cbf0e,lazada_2733185087,"Sự thoải mái:tuyệt vời Thời gian sử dụng pin:tốt Tính tương thích:tuyệt vời Kính rất lớn và nhẹ. Cảm ơn bạn. Thật sự rất đẹp và thoải mái, tôi sẽ mua thêm một cái nữa.",5.0,167,positive,2025-11-17 08:39:54.585193
lazada_lazada_rev_5d0a119e,lazada_3127403870,"Điều khiển cảm ứng nhạy,",5.0,24,positive,2025-11-17 08:39:54.585193
lazada_lazada_rev_62f460a3,lazada_1419511614,rất tuyệt vời và các a Quốc hội trường nhập y học cổ truyền Việt Nam hay nhất về chủ quyền của b đi,5.0,99,positive,2025-11-17 08:39:54.585193
lazada_lazada_rev_64531e3b,lazada_1609509196,"shop cbi hàng siêu nhanh. Hàng như quảng cáo của shop. Tai nghe nhỏ gọn,mà pin trâu. Giá rẻ rất rẻ so với chất lượng,hàng cùng giá.",5.0,131,positive,2025-11-17 08:39:54.585193
lazada_lazada_rev_6b093dc1,lazada_2195749466,"Sự thoải mái: Nhỏ một chút nhưng cũng ổn Chất lượng âm thanh: Đúng với giá cả, bass mạnh thì rung cả máy Thời gian sử dụng: Pin đầy, sử dụng cả ngày, được 1 ngày",5.0,161,positive,2025-11-17 08:39:54.585193
lazada_lazada_rev_6f0105e8,lazada_3191319854,"Tai nghe sử dụng tốt, dịch vụ khách hàng cũng tuyệt vời, rất kiên nhẫn giải đáp mọi thắc mắc. Phải khen ngợi điều này, màu sắc không bị lệch, màu hồng phấn rất dễ thương, mình rất thích.",5.0,186,positive,2025-11-17 08:39:54.585193
lazada_lazada_rev_6f55c91b,lazada_2619228017,Đẹp nhưng phần tai hơi to mặc dù cục mút nhỏ vs quai hơi nhỏ đeo hơi khó chịu vs chất lg thì tạm đc,5.0,99,positive,2025-11-17 08:39:54.585193
lazada_lazada_rev_6f57eee0,lazada_2236978638,"âm thanh tạm ổn, nghe êm tai, với mức giá này thì cũng oki rùi, mng nên mua nhé",5.0,79,positive,2025-11-17 08:39:54.585193
lazada_lazada_rev_73301c1c,lazada_2980423165,"Received the item as ordered, waited about 11 days, 1 day longer than expected, but it's okay because I got a discount as compensation. The product looks good and the sound is clear.",5.0,182,positive,2025-11-17 08:39:54.585193
lazada_lazada_rev_79bcbc70,lazada_1433950288,"Shop đóng gói chắc chắn cẩn thận. Mình cắm thẳng vào PC chưa qua Dac hay Amp chất lượng âm thanh vẫn tuyệt vời. Tai nghe đeo lên rất nhẹ và thoải mái, về độ bền thì phải chờ qua thời gian sử dụng. Mình mua trong đợt sale nên mua đc rẻ hơn nhiều. Nói chung ko có gì để chê. Có cơ hội sẽ còn ủng hộ Audio Technica.",5.0,312,positive,2025-11-17 08:39:54.585193
lazada_lazada_rev_7c53a226,lazada_723292609,"🎧Chất lượng âm thanh: Chất lượng âm thanh tạm chấp nhận, 😌Sự thoải mái: Tốt, dễ mang theo và lưu trữ, Tuổi thọ và độ bền: Cần thử nghiệm trước nhé,",5.0,147,positive,2025-11-17 08:39:54.585193
lazada_lazada_rev_7e7fabed,lazada_3072381208,😌Thoải mái：,5.0,11,positive,2025-11-17 08:39:54.585193
lazada_lazada_rev_7e81fa24,lazada_260270634,"Tai nghe hoàn thiện tốt, chất lượng âm thanh và đàm thoại tốt. Áp mã vào giá khá rẻ, giao hàng nhanh",5.0,100,positive,2025-11-17 08:39:54.585193
lazada_lazada_rev_7fc33bca,lazada_1524190647,"Chất lượng sản phẩm: chuan Đúng với mô tả: đúng đẹp nhé shop shop đóng gói cẩn thận cảm ơn shop nhiều nhé, lần sau sẽ ủng hộ thêm nhiều nhé, Chất lượng sản phẩm tuyệt vời, đúng mô tả, đáng đồng tiền. Shop hỗ trợ nhiệt tình, sản phẩm đóng gói cẩn thận, thời gian giao hàng rất nhanh tặng shop 5 sao",5.0,297,positive,2025-11-17 08:39:54.585193
lazada_lazada_rev_8275dd7c,lazada_2042506277,🎤Sound Quality:,5.0,15,positive,2025-11-17 08:39:54.585193
lazada_lazada_rev_83449acb,lazada_1341752572,"Âm thanh vừa đẹp vừa chất, hàng đúng mẫu shop giao đẹp quá shop ạ cảm ơn shop nhiều lắm rất là cảm ơn shop sản phẩm lưng trần lượng cảm ơn shop rất nhiều, hàng giá cả phải chăng không quá đắt đỏ hàng đúng mẫu shop giao",5.0,218,positive,2025-11-17 08:39:54.585193
lazada_lazada_rev_8356ef47,lazada_260275079,"Tai nghe bị dí hơi sát vào mồm, âm thanh hơi ảo, chưa test thử khử ồn",5.0,69,positive,2025-11-17 08:39:54.585193
lazada_lazada_rev_873e10c8,lazada_2240302257,hàng nguyên seal nhưng có vẻ bị lỗi một số lỗi nhẹ. dùng tạm chất lượng chưa biết sao,5.0,85,positive,2025-11-17 08:39:54.585193
lazada_lazada_rev_8805eca4,lazada_271214294,"Kết nối có dây 3.5mm tiện lợi, Kết cấu bền bỉ cho sử dụng lâu dài, Micrô rõ ràng cho trò chuyện thoại,",5.0,102,positive,2025-11-17 08:39:54.585193
lazada_lazada_rev_8f8ddf8d,lazada_2054056134,"Kết nối Bluetooth mượt mà., Dễ sử dụng với điều khiển cảm ứng., Tính năng chống ồn hoạt động tuyệt vời., Màn hình LED gaming ấn tượng., Dễ sử dụng với điều khiển cảm ứng., Màn hình LED gaming ấn tượng.,",5.0,202,positive,2025-11-17 08:39:54.585193
lazada_lazada_rev_949218fb,lazada_2274902846,"Impressive sound quality, Clear and balanced sound, great with Shanling UA3 and other DACs like fiio KA3, DDHiFi Tc41c. Very impressive quality for this price",5.0,158,positive,2025-11-17 08:39:54.585193
lazada_lazada_rev_94f47f14,lazada_3197213519,"Sản phẩm trông đẹp và chất lượng khá tốt, âm thanh ổn, màu đen rất sang trọng, hợp thời trang và mình rất thích.",5.0,112,positive,2025-11-17 08:39:54.585193
lazada_lazada_rev_967de776,lazada_1535236130,"hàng củ giống xài wa shop, mà sp yếu nữa k ung lam",5.0,50,positive,2025-11-17 08:39:54.585193
lazada_lazada_rev_9768dc9d,lazada_3049620058,"Cổng sạc Type-C, Màu sắc macaron thời thượng, Microphone tích hợp, rhvkrhjggffghhjjjkdgjkghk",5.0,92,positive,2025-11-17 08:39:54.585193
lazada_lazada_rev_9a03cb19,lazada_1308632254,"Tưởng không to mà to k tưởng 🤣 Mic ổn, loa ổn, nhìn cũng xinhh, đóng gói cẩn thận, hộp giấy bên ngoài do lúc vận chuyển có bị móp nhưng thấy cũng không quan trọng lắm, giao hàng siêu nhanh 😳",5.0,190,positive,2025-11-17 08:39:54.585193
lazada_lazada_rev_9b6e60a1,lazada_1782204169,"Cũng ok đấy. Loa to, nghe ổn. Dưới 3 lít thì chất lượng này là oke rồi",5.0,70,positive,2025-11-17 08:39:54.585193
lazada_lazada_rev_9e265b35,lazada_3116287490,Hàng xịn xò chất lượng lắm nha đeo êm tai âm thanh tốt giá tiền vừa phải có thể kéo để phù hợp vòng đầu to nhỏ mọi người nên mua thử nha sẽ làm mọi người hài lòng.,5.0,163,positive,2025-11-17 08:39:54.585193
lazada_lazada_rev_9f1f2f30,lazada_1800925386,Sound Quality:,5.0,14,positive,2025-11-17 08:39:54.585193
lazada_lazada_rev_9fc2edd7,lazada_1615620387,"nghe rõ,,mẫu đẹp,,rất thích ạ",5.0,29,positive,2025-11-17 08:39:54.585193
lazada_lazada_rev_a11271f2,lazada_2320981086,🔋Battery Life:,5.0,14,positive,2025-11-17 08:39:54.585193
lazada_lazada_rev_a30516a8,lazada_2283131857,Tai nghe to hơn mình nghĩ. nhưng nghe mượt. ấm.,5.0,47,positive,2025-11-17 08:39:54.585193
lazada_lazada_rev_a3eade84,lazada_2510676041,"đã nhận được hàng, giao hàng nhanh, V9 này mình sử dụng nhiều rồi, rất ok, chỉ tại mình hay quên bỏ vô máy giặt nên bị hư thôi chứ sài bền lắm hơn năm luôn đó. Thanks shop",5.0,171,positive,2025-11-17 08:39:54.585193
lazada_lazada_rev_a4e086df,lazada_260262933,"Lightweight and comfortable! Clear stereo sound with noise-reducing mic. Great for calls, study, or casual use.",5.0,111,positive,2025-11-17 08:39:54.585193
lazada_lazada_rev_a86a4854,lazada_2486683427,"Sản phẩm nguyên đai nguyên kiện, màu sắc đẹp, đã trải nghiệm âm thanh, OK",5.0,73,positive,2025-11-17 08:39:54.585193
lazada_lazada_rev_aab68061,lazada_2281148838,"Màu quá sang quá đẹp, mình mở là kết nối bluetooth nhận liền trên dt iphone lun. Nhắc nhở tải app chỉnh tai nghe của sony nữa, quá ok nha",5.0,137,positive,2025-11-17 08:39:54.585193
lazada_lazada_rev_ab3dcf31,lazada_2907700783,🎤Sound Quality:,5.0,15,positive,2025-11-17 08:39:54.585193
lazada_lazada_rev_ac4afc51,lazada_2034491526,Sound Quality:,5.0,14,positive,2025-11-17 08:39:54.585193
lazada_lazada_rev_ae9158bd,lazada_1951535099,hàng bị hư hỏng,5.0,15,positive,2025-11-17 08:39:54.585193
lazada_lazada_rev_b44e79c3,lazada_1609509196,"tai nghe chơi game quá hay, độ trễ âm thanh gần như không có, pin thì trâu",5.0,74,positive,2025-11-17 08:39:54.585193
lazada_lazada_rev_b585946f,lazada_1683986646,"Âm trầm ấn tượng, Thiết kế gấp gọn để dễ dàng lưu trữ, Chất lượng âm thanh tuyệt vời, Đệm mềm mại và thoải mái, Khử tiếng ồn hiệu quả, Thoải mái khi mặc cả ngày,",5.0,161,positive,2025-11-17 08:39:54.585193
lazada_lazada_rev_b5c37ca8,lazada_2034491526,"hàng ok, nghe ấm",5.0,16,positive,2025-11-17 08:39:54.585193
lazada_lazada_rev_b71761bd,lazada_260263917,"giống mô tả, dây thường ko có bọc vải dù",5.0,40,positive,2025-11-17 08:39:54.585193
lazada_lazada_rev_b8091664,lazada_1847358585,"tai nghe nhìn bên ngoài khá đẹp ,âm thanh nghe khá hay nhưng chơi game bị trễ nên tốt nhất nên nghe nhạc thôi",5.0,109,positive,2025-11-17 08:39:54.585193
lazada_lazada_rev_b95d4895,lazada_2325669202,"Sạc từ hôm qua tới giờ pin chỉ có 94% không lên hơn được như vậy phải làm sao,mặt kiếng mới nhưng có vẽ bị trầy xướt ???",5.0,120,positive,2025-11-17 08:39:54.585193
lazada_lazada_rev_ba7766f1,lazada_1487144523,"Tai nghe rõ, tốt. Nhắn tin shop ko trả lời nên cũng ko đc lịch sự lắm",5.0,69,positive,2025-11-17 08:39:54.585193
lazada_lazada_rev_bdae1303,lazada_1707015122,tai nghe nghe được nhưng không hay âm thanh bị nhỏ,5.0,50,positive,2025-11-17 08:39:54.585193
lazada_lazada_rev_bebf7372,lazada_2329499647,"nhận hàng đẹp đúng ý, nghe êm tay âm thanh ấm đeo cả ngày k bị đau tay pin trâu nữa nghe gần nửa ngày mới hết, với tam giá này thì nên mua nhe mn",5.0,145,positive,2025-11-17 08:39:54.585193
lazada_lazada_rev_bf4f46fd,lazada_1310728761,"Tai nghe đẹp nghe nhạc sướng lắm, hỗ trợ míc tốt. Giao hàng uy tín",5.0,66,positive,2025-11-17 08:39:54.585193
lazada_lazada_rev_bf72c528,lazada_290654971,giao hàng nhanh trong 24h đã có... đang charge chưa sử dụng được chưa biết thế nào....,5.0,86,positive,2025-11-17 08:39:54.585193
lazada_lazada_rev_c55e01d4,lazada_2395409425,"giao hàng nhanh. Sản phẩm đẹp, giống với mô tả. Lấy tai nghe ra khỏi hộp là tự bật bluetooth. Không có kết nói riêng với từng bên tai nghe mà lấy 1 cái ra là kết nối với cả 2 bên luôn. Độ trễ âm thanh thấp. Có điều tai nghe không chống ồn nha. Nhưng nhìn chung mình thấy sản phẩm rất tốt",5.0,287,positive,2025-11-17 08:39:54.585193
lazada_lazada_rev_c6fe15c3,lazada_2530567131,chất lượng sản phẩm của mình là người lớn tuổi hơn mình thì mình nghĩ là do người nhà của chị ấy có thể không phải vì thế nên mới bị kiện thì kiện 2,5.0,148,positive,2025-11-17 08:39:54.585193
lazada_lazada_rev_c963f1c7,lazada_1800925386,Hàng đúng mô tả. thời gian giao hàng nhanh chóng,5.0,48,positive,2025-11-17 08:39:54.585193
lazada_lazada_rev_d1ab8169,lazada_1341823195,"Hàng chất lượng, đúng như hình, shop đóng gói cẩn thận, cám ơn shop và luôn ủng hộ shop",5.0,87,positive,2025-11-17 08:39:54.585193
lazada_lazada_rev_d6bf2f2c,lazada_2033673129,"Tai nghe xịn lắm mn ơi, nghe êm tai lắm, ôm vừa tai chứ ko bị bé như những loại khác nên ko bị đau. Có kèm có dây sạc và dây kết nối máy tính luôn nha",5.0,150,positive,2025-11-17 08:39:54.585193
lazada_lazada_rev_d70e22a9,lazada_2615050330,"Tôi đặt màu xám nhưng họ gửi cho tôi màu hồng. Tôi là con trai, giờ tôi phải sử dụng cái này như thế nào.",5.0,105,positive,2025-11-17 08:39:54.585193
lazada_lazada_rev_ddb332a4,lazada_3194574459,"Loại tai nghe vòng sau tai này rất thích hợp để dùng với máy tính bàn và cắm vào bảng trước của máy. Dù không dùng đến mic nhưng nên chọn loại có hai đầu cắm. Khi cần chuyển sang loa ngoài, có thể rút đầu cắm âm thanh một chút, còn đầu cắm mic thì giữ cho dây tai nghe không bị tuột.",5.0,283,positive,2025-11-17 08:39:54.585193
lazada_lazada_rev_e2472e1c,lazada_2660978137,"Âm thanh ổn treble độ rung cao, bass ấm và thực. Chất liệu da đeo thoải mái và thoáng hơi , ko bị rít",5.0,101,positive,2025-11-17 08:39:54.585193
lazada_lazada_rev_e9f2fa06,lazada_1366389378,A接口有，B接口没有？为什么？,5.0,15,positive,2025-11-17 08:39:54.585193
lazada_lazada_rev_ec3ee567,lazada_2319239469,Sound Quality:,5.0,14,positive,2025-11-17 08:39:54.585193
lazada_lazada_rev_f85bb323,lazada_2603258160,đẹp! chưa sử dụng nên chưa nói chất lượng.,5.0,42,positive,2025-11-17 08:39:54.585193
lazada_lazada_rev_f911d1da,lazada_2633001743,🔋Battery Life:,5.0,14,positive,2025-11-17 08:39:54.585193
lazada_lazada_rev_fef338a8,lazada_2320981086,"Tôi có thêm hai loại tai nghe. Nhưng đối với một số người, âm thanh không tốt, trong khi những người khác được thải ra trong 4 giờ. Tôi đã đeo những chiếc tai nghe này trong 12 giờ và vẫn còn 50% phí. Tai nghe cũng vừa vặn với đầu và có chất lượng âm thanh tốt.",5.0,261,positive,2025-11-17 08:39:54.585193
lazada_lazada_rev_01fec5d3,lazada_1936946754,"hỏi thì shop nói có box,mà cái tai nghe chính hãng mà giao coi chán kh chứ,mô tả là bh với box,nhưng kh biết sau này có đc bh hay kh,nt hỏi thì kh thấy shop trả lời,săn sale nên tạm chấp nhận chứ bỏ 600k ra mua chắc tức chết,trừ 1 sao kh có box mà dám nói có",5.0,258,positive,2025-11-17 08:39:54.585193
lazada_lazada_rev_02020a8e,lazada_3164892695,Giao hàng đúng mẫu. Test thấy ok lắm nha cả nhà. Âm thanh thì không lớn nha cả nhà. Vừa nghe thôi. Bật hết mức thì cũng ko thấy rè. Pin thì để test thử mới đánh giá được. Săn sales giá rẻ. Rất hài lòng,5.0,201,positive,2025-11-17 08:39:54.585193
lazada_lazada_rev_0405331d,lazada_260275079,"giao đúng mẫu và giao nhanh, tai nghe nghe êm, loa mic cũng👍",5.0,60,positive,2025-11-17 08:39:54.585193
lazada_lazada_rev_07e1df62,lazada_1524190647,"Chất lượng sản phẩm: Chất lượng tốt Đúng với mô tả: Đúng như mo tả Rất ưng ý với sản phẩm, có dịp sẽ còn ủng hộ shop. Y như hình ,sảm phẩm tốt giá rẽ nên mua...nói chung được ok ok ok",5.0,183,positive,2025-11-17 08:39:54.585193
lazada_lazada_rev_0b12deda,lazada_291488121,Shop giao hàng nhanh và đóng gói cẩn thận. Sản phẩm đúng như mô tả. Âm thanh nghe tốt. Kết nối Bluetooth tốt trong phạm vi 8m ko có vách chắn. Pin thì sạc đầy sử dụng liên tục 3h vẫn còn. Sản phẩm tốt trong tầm giá.,5.0,215,positive,2025-11-17 08:39:54.585193
lazada_lazada_rev_0bccd097,lazada_2919785146,🔋Battery Life:,5.0,14,positive,2025-11-17 08:39:54.585193
lazada_lazada_rev_119423c2,lazada_1501004043,shop ơi tai nghe xin quá ạ thiết kế đẹp mắt chất lượng âm thanh ổn định tốc độ truyền âm nhanh chơi game đã lắm ạ,5.0,113,positive,2025-11-17 08:39:54.585193
lazada_lazada_rev_16f78f46,lazada_260263917,"Sp tốt, cải thiện sức khỏe, sẽ ủng hộ cho shop, lần sau sẽ quay lại mua",5.0,71,positive,2025-11-17 08:39:54.585193
lazada_lazada_rev_17e3db97,lazada_1620564172,Mình mua để học phát âm tiếng Anh vì mô tả có micro HD. Thử thì đúng vậy. Nghe lại phần phát âm của chính mình rất nét. Nghe tin tức thời sự cũng rất rõ. Miếng đệm đều 2 bên và rất êm. Hơn cả mong đợi.,5.0,201,positive,2025-11-17 08:39:54.585193
lazada_lazada_rev_1b098f9a,lazada_2611210533,"Màu trắng nhìn khá đẹp, cầm chắc tay, mới test thử nghe âm thanh cũng khá ok trong không gian yên tĩnh nhưng phải mở âm lượng khá lớn thì nghe mới rõ, chưa test ngoài trời. Đeo vành tai chưa quen nên thấy hơi cấn cấn, được cái vẫn nghe được âm thanh xung quanh. Bền hay không thì dùng thời gian nữa mới biết",5.0,307,positive,2025-11-17 08:39:54.585193
lazada_lazada_rev_1bf9fc9b,lazada_1341752572,"Tai nghe chuẩn giá cả rẻ hơn giá thị trường , shop tư vẫn nhiệt tình , rất ưng ý , rất là ok",5.0,92,positive,2025-11-17 08:39:54.585193
lazada_lazada_rev_262f8c06,lazada_2730125252,"Chất lượng âm thanh ấn tượng, Vật liệu bền và chất lượng cao, Dễ sử dụng và điều khiển, Thiết kế mượt mà và phong cách,",5.0,119,positive,2025-11-17 08:39:54.585193
lazada_lazada_rev_30889f9e,lazada_3204704241,"Các thương hiệu khác cần tải ứng dụng tai nghe vivo mới điều chỉnh được âm thanh, các thứ khác thì ổn.",5.0,102,positive,2025-11-17 08:39:54.585193
lazada_lazada_rev_383c1b34,lazada_2847890025,👜Portability:,5.0,13,positive,2025-11-17 08:39:54.585193
lazada_lazada_rev_393dd5b0,lazada_1217998955,"Chất lượng sản phẩm tuyệt vời, hàng về rất nhanh, shop phục vụ nhiệt tình, giao đúng mẫu mã đã chọn !",5.0,101,positive,2025-11-17 08:39:54.585193
lazada_lazada_rev_39e3e12a,lazada_2847890025,"Sản phẩm tốt, được đóng gói cẩn thận, rất hài lòng. Cửa hàng này thật tuyệt!",5.0,76,positive,2025-11-17 08:39:54.585193
lazada_lazada_rev_3d9c4957,lazada_2719866288,"Sản phẩm đúng như quảng cáo. Đây là cái thứ 2 rồi. Sử dụng để làm màn hình trộn âm thanh chuyên nghiệp. Âm thanh tốt, rõ ràng, sâu lắng, giá cả không đắt, vận chuyển mất một chút thời gian vì gửi từ Trung Quốc.",5.0,210,positive,2025-11-17 08:39:54.585193
lazada_lazada_rev_49e28adb,lazada_2615050330,Tai nghe tốt trong tầm giá,5.0,26,positive,2025-11-17 08:39:54.585193
lazada_lazada_rev_4d88b41a,lazada_2117479675,"🔋Thời gian sử dụng pin: Thời gian sử dụng pin rất tốt, sạc 2-3 giờ trong suốt thời gian làm việc, có đủ năng lượng để sử dụng suốt cả đêm cho đến sáng hôm sau mà không gặp vấn đề gì liên quan đến pin. 😌Sự thoải mái: Chụp tai mềm và đủ lớn để che toàn bộ tai của tôi, vừa vặn chắc chắn trên đầu, và đủ thoải mái để sử dụng trong khi ngủ. 🎤Chất lượng âm thanh: Chất lượng âm thanh rất tốt so với giá cả. Âm bass mạnh mẽ và âm thanh rõ ràng với độ trễ thấp. Chức năng ANC rất tốt, rõ ràng giảm âm thanh",5.0,499,positive,2025-11-17 08:39:54.585193
lazada_lazada_rev_5287464e,lazada_1222722107,"ok giao hangd siêu nhanh. chất lượng ổn , cskh tốt. sẽ ủng hộ shop lâu dài",5.0,74,positive,2025-11-17 08:39:54.585193
lazada_lazada_rev_5b87d079,lazada_1478408408,"sản phẩm giao nhanh chóng , đóng gói hàng cẩn thận không trầy tróc , hàng đúng như hình , chất lượng",5.0,100,positive,2025-11-17 08:39:54.585193
lazada_lazada_rev_714bcd76,lazada_2376247029,"Màn hình LED tạo điểm nhấn thú vị, Rất khuyến khích cho những người yêu âm nhạc, Thiết kế phong cách, hoàn hảo cho chơi game, Micrô rõ ràng cho cuộc gọi, Giá trị đồng tiền, đáng để mua,",5.0,185,positive,2025-11-17 08:39:54.585193
lazada_lazada_rev_717bc4a1,lazada_1674754770,Everything works and that was important,5.0,39,positive,2025-11-17 08:39:54.585193
lazada_lazada_rev_729a62b8,lazada_2847585434,hàng hơi méo nhưng cũng không thể trách được shop vì giao hàng xa và hàng bên trong không hư hỏng gì nên cho shop 5sao,5.0,118,positive,2025-11-17 08:39:54.585193
lazada_lazada_rev_73734de9,lazada_2187772151,giao hàng nhanh chưa sd nên đánh giá lại sau,5.0,44,positive,2025-11-17 08:39:54.585193
lazada_lazada_rev_2d0a8b74,lazada_3191318239,"Chất lượng sản phẩm rất tốt, hàng chính hãng, đẹp và sang trọng, âm thanh hay, đáng mua, thái độ của dịch vụ khách hàng tốt.",5.0,124,positive,2025-11-17 08:39:54.585193
lazada_lazada_rev_74aacbaa,lazada_1385291231,shop đóng gói hàng cẩn thận có điều đặt màu đen giao màu hồng mà được cái tai nghe xinh âm thanh nghe êm tai tai mèo có thể phát sáng tặng kèm pin để thay giá cả rẻ nữa shop uy tín nên mua nha,5.0,192,positive,2025-11-17 08:39:54.585193
lazada_lazada_rev_76f7cfb2,lazada_2394397976,"Âm thanh rõ ràng và sắc nét, Khử tiếng ồn chủ động cho âm thanh sống động, Vừa vặn thoải mái cho nhiều giờ sử dụng,",5.0,115,positive,2025-11-17 08:39:54.585193
lazada_lazada_rev_78db5a76,lazada_2210628456,Good product. Exactly as advertised. Fast shipment. Good packing. Good seller.,5.0,78,positive,2025-11-17 08:39:54.585193
lazada_lazada_rev_7b854c8f,lazada_2578964262,"Chất lượng âm thanh ấn tượng, Tuổi thọ pin lâu dài, Âm thanh rõ ràng và sống động,",5.0,82,positive,2025-11-17 08:39:54.585193
lazada_lazada_rev_7d38a50c,lazada_2350848448,🎤Sound Quality:,5.0,15,positive,2025-11-17 08:39:54.585193
lazada_lazada_rev_7edb8472,lazada_2240302257,♥️♥️♥️♥️♥️♥️♥️♥️♥️♥️♥️♥️♥️♥️♥️♥️♥️♥️♥️♥️♥️♥️♥️♥️♥️♥️♥️,5.0,54,positive,2025-11-17 08:39:54.585193
lazada_lazada_rev_7f2439af,lazada_2319239469,"Ok, very well",5.0,13,positive,2025-11-17 08:39:54.585193
lazada_lazada_rev_80f3dcfd,lazada_1683986646,đẹp bạn eii anh shipper vui tính nói chung là okeeeeeeeeeeeeeeeeeeeeeeeeeeeeeeeeeee ee,5.0,86,positive,2025-11-17 08:39:54.585193
lazada_lazada_rev_8281148c,lazada_2660978137,"Ko mấy kiểu cọ thiết kế basic màu pastel nhỉ, âm thanh tốt, ko biết tả thêm ntn nhưng cũng xứng 5sao ạ",5.0,102,positive,2025-11-17 08:39:54.585193
lazada_lazada_rev_8698f548,lazada_723292609,"Xài rất hay luôn nha, ko đùa đâu, shop cực uy tín, dì tui kêu mua về xài đc mấy ngày tui mua hơn 1 tháng r xài vẫn ngon, mn nên mua nha.!!!",5.0,139,positive,2025-11-17 08:39:54.585193
lazada_lazada_rev_890c5dd4,lazada_3125717599,mình thích loại này lắm vì nó thời trang nhìn rất là cool ngầu,5.0,62,positive,2025-11-17 08:39:54.585193
lazada_lazada_rev_98c8c716,lazada_3096009711,ngon nha ngon nha . chất lượng &gt; giá,5.0,39,positive,2025-11-17 08:39:54.585193
lazada_lazada_rev_99d7e760,lazada_1669454727,"Ưng lắm mn ạ, mong dùng đc dài lâuu, giá rẻ mà chất lượng khỏi bàn, sẽ tiếp tục ủng hộ shop",5.0,91,positive,2025-11-17 08:39:54.585193
lazada_lazada_rev_9dd42ca4,lazada_1891088502,"Mua đợt sale 7.7 hàng chính hãng, giá rẻ so với ngày thường. Chất lượng âm thanh ấn tượng.",5.0,90,positive,2025-11-17 08:39:54.585193
lazada_lazada_rev_a32d7b47,lazada_2730125252,"Hàng giao nhanh, đúng mẫu , đóng gói tốt",5.0,40,positive,2025-11-17 08:39:54.585193
lazada_lazada_rev_a7ca2a39,lazada_2907700783,🎤Sound Quality:,5.0,15,positive,2025-11-17 08:39:54.585193
lazada_lazada_rev_aa3c6450,lazada_2281148838,"Cũng xinh xẻo. Kết nối đc 2 thiết bị 1 lúc. Bên bán có giấy tờ chính hãng rồi tự đăng kí bảo hành cho mình. Đảm bảo yên tâm. Có điều tai nghe hơi nhỏ so với nam thì phải, mình đeo thì ok nhưng chồng mình đeo thấy hơi đau tai. Pin thì trâu khỏi bàn",5.0,247,positive,2025-11-17 08:39:54.585193
lazada_lazada_rev_ae438a09,lazada_2847890025,"Hình thức không đẹp như quảng cáo, hơi thô ! Vận chuyển kém ! Móp méo hết hộp ! Tiền nào của nấy, nhưng vẫn kết nối tốt! Tạm cho 4 sao khích lệ !",5.0,145,positive,2025-11-17 08:39:54.585193
lazada_lazada_rev_aeb3a653,lazada_1891088502,"Mình ở SG, giao hàng 3 ngày, đóng gói chắc chắn, tai nghe đỉnh khỏi bàn, mà còn đẹp nữa trùi ui. Mang đến trải nghiệm âm thanh sống động., Chất lượng âm thanh ấn tượng., Thoải mái khi đeo trong thời gian dài., Kết nối không dây tiện lợi., Chức năng chống ồn tuyệt vời!, Thiết kế mượt mà và sang trọng., Dễ dàng cài đặt và sử dụng.,",5.0,331,positive,2025-11-17 08:39:54.585193
lazada_lazada_rev_b1a486f7,lazada_2010330571,Sound quality gần như Airpod 1 real lun😋 Có điều là cái bản lề shop giao cho mình nó bị lỏng quá huhu,5.0,101,positive,2025-11-17 08:39:54.585193
lazada_lazada_rev_b1e04804,lazada_1563226140,nói chung đã mua ở shop nhiều lần rồi. nhưng lớp cao su vành đeo dễ bị gãy. còn chất lượng âm thanh thì quá ok. mà buồn shop khách hàng quen mà không có mã giảm giá hay quà tặng gì hết..,5.0,186,positive,2025-11-17 08:39:54.585193
lazada_lazada_rev_b3b10c19,lazada_2325669202,bên nghe được bên không nghe được,5.0,33,positive,2025-11-17 08:39:54.585193
lazada_lazada_rev_b3ec4164,lazada_2050586084,"Chất lượng âm thanh ấn tượng, Thiết kế dễ thương và thời trang!, Giá trị tuyệt vời cho giá cả, đẹp xuất sắc luôn nha",5.0,116,positive,2025-11-17 08:39:54.585193
lazada_lazada_rev_b6049d6d,lazada_2898138333,Pin dùng lâu. nghe nhạc hay. deo không bị đau tai,5.0,49,positive,2025-11-17 08:39:54.585193
lazada_lazada_rev_b7a01882,lazada_1669454727,"Tai nghe đẹp lắm giống hình✅✅ Nhận hàng ko ngờ nó xịn vậy luôn, nghe nhạc hay 😍😍 Tầm 3 ngày là nhận đc hàng r😘",5.0,110,positive,2025-11-17 08:39:54.585193
lazada_lazada_rev_b7ff9483,lazada_1308632254,"Âm thanh nghe tốt , cách âm ngoài ổn, rắc cắm usb tích hợp cả ba chức năng",5.0,74,positive,2025-11-17 08:39:54.585193
lazada_lazada_rev_b8b77fdb,lazada_2434091833,chat luong tot rat hai long,5.0,27,positive,2025-11-17 08:39:54.585193
lazada_lazada_rev_b97c4135,lazada_2758426061,"shop giao hàng đúng mẫu đã đặt, chất âm rất hay,shop 5🌟 nhé",5.0,59,positive,2025-11-17 08:39:54.585193
lazada_lazada_rev_c474f801,lazada_2394397976,"mua hàng mới mà giao hàng như đã qua sử dụng, chầy xước tùm lum. đã xé seal. Dây sạc lỏ. Ghi hộp sạc dung lượng 2000mAh, nhưng đo thực tế chưa đến 400mAh. (lừa khách hàng). chất lượng pin của 2 tai nghe chưa đánh giá được. hàng công nghệ mua shop VN là hỏng rồi. P/s: shop đã liên hệ đổi hàng hoặc hoàn tiền, tôi thay đổi lại 5 sao cho chất lượng dịch vụ khách hàng. còn đánh giá đơn hàng vẫn để đây, để shop rút kinh nghiệm cho các đơn hàng của các khách hàng khác.",5.0,466,positive,2025-11-17 08:39:54.585193
lazada_lazada_rev_ca837b94,lazada_2320981086,ok đáng giá để sử dụng,5.0,22,positive,2025-11-17 08:39:54.585193
lazada_lazada_rev_cee3cd8f,lazada_3197213519,"Wow, chất lượng cao, âm thanh cũng cao, thích, tuyệt vời, yêu rồi, rất thích, tốt, màu đẹp, chất lượng tốt",5.0,106,positive,2025-11-17 08:39:54.585193
lazada_lazada_rev_d5333eb4,lazada_1077600175,"Khá ổn nhưng chức năng noise canceling có vẻ không hoạt động, không giảm đc tiếng ồn",5.0,84,positive,2025-11-17 08:39:54.585193
lazada_lazada_rev_d5748fb7,lazada_2325669202,可以由得👍👍👍💯🉐😀🏆⭐ 三个由不得👎👎👎👎👎🙏🙏🙏,5.0,26,positive,2025-11-17 08:39:54.585193
lazada_lazada_rev_d5e1d1ca,lazada_2660978137,"Tai nghe đẹp lắm , thiết kế cùng tông đen hết ko phải nhựa bóng nên ko bị sến ấy, đeo chống ồn cũng ổn nè",5.0,105,positive,2025-11-17 08:39:54.585193
lazada_lazada_rev_d937f772,lazada_2325669202,"Thoải mái khi đeo trong các phiên chơi game dài, Thoải mái khi đeo trong các phiên chơi game dài, Micro rõ ràng và sắc nét, Thoải mái khi đeo trong các phiên chơi game dài, Kết nối Bluetooth tiện lợi, Thoải mái khi đeo trong các phiên chơi game dài, Chất lượng âm thanh tuyệt vời!,",5.0,281,positive,2025-11-17 08:39:54.585193
lazada_lazada_rev_dff48edb,lazada_3189242933,Giao hàng nhanh Chưa sd nên chưa biết âm thanh và pin như nào Để trải nghiệp rồi quay lại đánh giá sau. Gói hàng cẩn thận,5.0,121,positive,2025-11-17 08:39:54.585193
lazada_lazada_rev_e05196e6,lazada_1563226140,đã mua ở shop nhiều lần rồi. mình không nói gì thêm. chỉ ngắn gọn là ok. và lazada cũng cập nhật đơn hàng OK..,5.0,110,positive,2025-11-17 08:39:54.585193
lazada_lazada_rev_e5b34503,lazada_2578964262,"Tính năng khử tiếng ồn hoạt động tốt, Điều khiển cảm ứng tiện lợi, Chống nước để sử dụng ngoài trời, Chất lượng âm thanh ấn tượng, 5*",5.0,133,positive,2025-11-17 08:39:54.585193
lazada_lazada_rev_edb1a7fb,lazada_2359493652,tai nghe bị lỗi lúc vô lúc k là sao,5.0,35,positive,2025-11-17 08:39:54.585193
lazada_lazada_rev_fc0cca21,lazada_2034491526,"Tai phone bị lỗi , nhắn cho shop , shop nói sẽ đổi trả 1/1 lại. Mong ngày đc nhận lại hàng new k lỗi ạ",5.0,102,positive,2025-11-17 08:39:54.585193
lazada_lazada_rev_00a79fe4,lazada_130099683,đặt mau trắng shop lai gui màu hồng.con trai màu hồng nam tính hả shop.hang ok,5.0,78,positive,2025-11-17 08:39:54.585193
lazada_lazada_rev_02a2c7bf,lazada_735588170,"Giao hàng nhanh, đúng như quảng cáo.",5.0,36,positive,2025-11-17 08:39:54.585193
lazada_lazada_rev_0445ffab,lazada_1487144523,hàng nởm ko có một chữ nào là sony hết lừa đảo,5.0,46,positive,2025-11-17 08:39:54.585193
lazada_lazada_rev_0e53f3de,lazada_1524190647,"Quá sức cute. Cách âm cũng tốt. Nhạc thì nghe tàm tạm nhưng mà để học online thì vừa xinh. Shop đóng gói giao hàng cũng nhanh. 5 sao cho chất lượng sản phẩm và dịch vụ luôn. Mua tặng sinh nhật thì người nhận review với mình là thích lắm, mình cần gấp nên nhắn shop và shop cũng nhiệt tình hỗ trợ đóng gói nhanh cho mình. Hàng rẻ mà đẹp, chất lượng tất nhiên ko thể so với loại vài triệu rồi nhưng âm thanh nghe khá ổn nha mn, lên màu đẹp lắm",5.0,441,positive,2025-11-17 08:39:54.585193
lazada_lazada_rev_0f6fe467,lazada_1654734544,Sound Quality:,5.0,14,positive,2025-11-17 08:39:54.585193
lazada_lazada_rev_1392c849,lazada_2134634329,Tôi không ngờ cái hộp lại sáng như thế... Cảm giác như tôi không mang theo gì cả. Thực sự yêu thích chất lượng âm thanh! Và nó qua tai <3,5.0,137,positive,2025-11-17 08:39:54.585193
lazada_lazada_rev_13d4cb3b,lazada_2938455886,this is a crappy fake JBL which you refusef to refund. Don't buy it. Don't sell it. a total ril off. barely works. is not recognised by JBL apps. i am done with Lazada if you defend the frauds and screw the cosumers. i will buy from somewhere else,5.0,247,positive,2025-11-17 08:39:54.585193
lazada_lazada_rev_13f73bd8,lazada_1609018793,"Shop giao hàng nhanh và đúng mẫu mã. Bất ngờ về độ đẹp và độ sáng của sản phẩm cực chất về kiểu dáng Chất lượng cực kỳ ok và âm thanh đỉnh cực hay., míc nói to rõ ổn. cắm cái dùng luôn có dây kèm 3 tiện mọi thiết bị. vòng đeo đầu kéo to nhỏ ok thép xịn. tai có chỉnh âm lượng bên trái cảm ơn shop nhé",5.0,300,positive,2025-11-17 08:39:54.585193
lazada_lazada_rev_158acf2b,lazada_2470452950,"giao hàng, đóng gói ổn, không hỏng, vỡ. giá tầm trung, phù hợp nhất vs học sinh, sinh viên. đầy đủ phụ kiện. chỉ là hàng mình nhận được nắp hơi hở. tóm lại dùng ổn. pin cx thường thôi. màn hình hơi lác, vuốt hơi khó",5.0,215,positive,2025-11-17 08:39:54.585193
lazada_lazada_rev_15c6f4f1,lazada_2322070325,"Tuổi thọ pin lâu dài, yvyvyvuih uuh u",5.0,37,positive,2025-11-17 08:39:54.585193
lazada_lazada_rev_26c46410,lazada_3109834690,Sound Quality:,5.0,14,positive,2025-11-17 08:39:54.585193
lazada_lazada_rev_2cee9da4,lazada_1402400311,"shop đóng gói nhanh, shiper dễ thương, tai nghe nghe to(mình so sánh với tai nghe P47 thì em này nghe lớn hơn nhé) âm bass nghe sướng vãi, mẫu mã đẹp, có cơ hội sẽ ủng hộ thêm, 10đ phân vân giữa P47 và B39 thì chọn em B39 ngon hơn nhé",5.0,234,positive,2025-11-17 08:39:54.585193
lazada_lazada_rev_2d52c812,lazada_2176130308,"Nhận được hàng. Đóng gói bảo đảm, tai nghe, dây sạc tuýp C. Chỉ thế thôi! Cảm ơn nhà bán hàng, Lazada và tất cả các bạn, người giao hàng. Xin được gởi đến tất cả các bạn, nhà bán hàng, Lazada và người giao hàng 5*****. Luôn ủng hộ nhà bán hàng và tất cả các bạn.",5.0,262,positive,2025-11-17 08:39:54.585193
lazada_lazada_rev_31a5ebd3,lazada_2641021358,Chất lượng âm thanh : nghe êm và ấm Sự thoải mái: nhỏ gọn nhẹ nhàng Thời lượng pin: xài ok sự dụng được dài,5.0,107,positive,2025-11-17 08:39:54.585193
lazada_lazada_rev_343c229b,lazada_1341823195,"Giao hàng nhanh, sản phẩm tốt 👍👍👍 Đóng gói cẩn thận 👌 Tốtttttttttttttttttttttttttttttttttttttttttttttttt",5.0,104,positive,2025-11-17 08:39:54.585193
lazada_lazada_rev_3c541e7c,lazada_1217998955,"Giao hàng cực nhanh, bàn phím tai phone rất chất lượng. Shop hỗ trợ rất nhiệt tình ah. ❤️❤️❤️",5.0,93,positive,2025-11-17 08:39:54.585193
lazada_lazada_rev_3f553347,lazada_2281148838,"Vừa mới kết nối đã thấy tên là WH-CH520 của *tên mình* luôn, không biết là ai trong bộ phận đóng gói hay cskh mà chu đáo quá. Packaging siêu đẹp, 10 điểm. Chống ồn 50% thôi không cách âm hẳn như WH1000 đâu mn, nhưng không sao mình mua con này vì không có nhu cầu chống ồn",5.0,271,positive,2025-11-17 08:39:54.585193
lazada_lazada_rev_48247022,lazada_144049849,"Nhìn đẹp lắm á mn , giao hàng nhanh, hy vọng sẽ bền",5.0,51,positive,2025-11-17 08:39:54.585193
lazada_lazada_rev_4a3c662f,lazada_271214294,สินค้าดีตรงปกครบตามจำนวนที่สั่งซื้อแพ็คของมาสภาพดีไม่มีชำรุดเสียหายพนักงานส่งของโทร.แจ้งก่อนและบริการดีมากครับผม,5.0,112,positive,2025-11-17 08:39:54.585193
lazada_lazada_rev_4dbde276,lazada_3145110712,Not working Quality is not good I need to Return,5.0,48,positive,2025-11-17 08:39:54.585193
lazada_lazada_rev_51726012,lazada_260275079,Mình mua lần 3 rồi. Dùng tốt mà cái phone nó ở bên phải nên hơi ngược v mình,5.0,76,positive,2025-11-17 08:39:54.585193
lazada_lazada_rev_547f2683,lazada_3098384784,Tôi vừa nhận được sản phẩm này…\n\nThiết kế chụp tai thời trang…\n\nCông nghệ ANC và ENC…\n\nTheo dõi âm thanh động…,5.0,116,positive,2025-11-17 08:39:54.585193
lazada_lazada_rev_571bf45a,lazada_2662153610,đơn hàng đã nhận..âm thanh ổn..hy vọng có thể sử dụng lâu..đáng để mua..,5.0,72,positive,2025-11-17 08:39:54.585193
lazada_lazada_rev_615f3b72,lazada_2898141369,"hàng giao nhanh,",5.0,16,positive,2025-11-17 08:39:54.585193
lazada_lazada_rev_625fb717,lazada_1668753493,"Được giới thiệu.. Berbaloi dengan giá.. Tiếng rõ ràng và chắc chắn. Giao hàng nhanh.. Cảm ơn người bán.. Thực tế là có phần đúng những gì được làm đó. Chúng ta cần lưu ý từ góc nhìn khác nhau.. Không đủ chỉ để nắm bắt cảm giác thoải mái, muốn có tài sản đủ mua một vũ trụ, ăn mừng đến sáng bình minh chai lọ vương vãi, bạn trẻ không sợ nắm tay, của cải và dục vọng không bền lâu, khi tuổi già đến thì điều đó sẽ không còn là nguồn dự trữ & đừng hiểu sai bài thơ này nữa, không phải đang giảng đạo chỉ",5.0,500,positive,2025-11-17 08:39:54.585193
lazada_lazada_rev_68c894b3,lazada_1487144523,Ok hàng nghe rõ và am,5.0,21,positive,2025-11-17 08:39:54.585193
lazada_lazada_rev_7b1c1cdc,lazada_1731407106,tai nghe thấy cũng OK!!!!!!!!!!!!!!!!!!!!¡!!!!!!!!!!!!!!!!!!!!!!!!!!!!!!!!!!!!?,5.0,79,positive,2025-11-17 08:39:54.585193
lazada_lazada_rev_815fe883,lazada_1654734544,"kểu dáng thiết kế thì cũng được, nhưng âm thanh không được to cho lắm",5.0,69,positive,2025-11-17 08:39:54.585193
lazada_lazada_rev_89821126,lazada_2516941675,"giao hàng nhanh, nhưng ko đúng màu tím, shop giao màu trắng, đèn hiển thị nhìn cute",5.0,83,positive,2025-11-17 08:39:54.585193
lazada_lazada_rev_8d9df014,lazada_1917454211,nghe rất ok,5.0,11,positive,2025-11-17 08:39:54.585193
lazada_lazada_rev_92ea038f,lazada_1217998955,Nghe cũng ok. Phù hợp với giá tiền.,5.0,35,positive,2025-11-17 08:39:54.585193
lazada_lazada_rev_99be9dc0,lazada_2244687698,"Tai nghe đẹp y như hình nha. Chất âm mình thấy kiểu cân bằng, không quá thiên về bass nên nghe dòng nhạc nào cũng hay. Chống ồn cũng khá ổn, mang vào quán cf bật ANC lên là đỡ ồn đến 80%. Cảm giác mang lần đầu hơi cấn nhưng đeo quen thì êm, mang mấy tiếng liên tục không hề đau luôn.",5.0,283,positive,2025-11-17 08:39:54.585193
lazada_lazada_rev_9be4f39d,lazada_1343893068,"Kết nối Bluetooth để sử dụng dễ dàng, Âm thanh chất lượng cao với trở kháng 32 ohm, Tính năng thay đổi màu LED tự động, Tai nghe không dây với màu sắc dễ thương, Thiết kế tai nghe trùm tai thoải mái, Micrô tích hợp cho cuộc gọi rảnh tay,",5.0,237,positive,2025-11-17 08:39:54.585193
lazada_lazada_rev_9c02f883,lazada_291488121,"Tôi kg ngờ tai nghe đẹp và nghe ok thế, tôi cảm ơn, sẽ có lần sau.",5.0,66,positive,2025-11-17 08:39:54.585193
lazada_lazada_rev_a4c20ed3,lazada_158000115,mozilla. sao lđlđ ? di ba di ba nm p z nous ln z ớc xnz kn fbdk znznzn,5.0,71,positive,2025-11-17 08:39:54.585193
lazada_lazada_rev_a8d4527e,lazada_1766044067,"rất chi là ok luôn, tuy hàng giá rẽ nhưng âm pas nhìu. nghe nhac rất tốt, tiếc là ko có mic dẻ nói chuyen. nói chung good",5.0,121,positive,2025-11-17 08:39:54.585193
lazada_lazada_rev_b4bffd2b,lazada_1310728761,Đã nhận được hàng hôm kia giờ mới đánh giá được. Nghe rấ đã combo tay chụp và tai nhét. Ok thanks shop nha,5.0,106,positive,2025-11-17 08:39:54.585193
lazada_lazada_rev_b4fbea51,lazada_2117479675,"Vận chuyển nhanh, nhưng tôi hiểu rằng nó là từ Trung Quốc. chậm, phần không hài lòng là đặt hàng màu xám, Nhưng thay vào đó là màu đen. Tôi không biết làm thế nào các cửa hàng sẽ chịu trách nhiệm. Nhưng Nhìn chung, nó ổn. Chất lượng âm thanh chỉ có thể được sử dụng. Nên về mà không có một túi",5.0,293,positive,2025-11-17 08:39:54.585193
lazada_lazada_rev_b6bc922f,lazada_1731407106,"Quà tăng , đẹp cám ơn Shop",5.0,26,positive,2025-11-17 08:39:54.585193
lazada_lazada_rev_b714184e,lazada_1674754770,Everything works and that was important,5.0,39,positive,2025-11-17 08:39:54.585193
lazada_lazada_rev_b9e09137,lazada_295626014,giao hàng tốt đúng mẫu,5.0,22,positive,2025-11-17 08:39:54.585193
lazada_lazada_rev_be326a8b,lazada_2650812620,"Đáng mua nha.Máy cứng cáp! Nhìn cũng xịn xò, dc cái màn hình LCD nên cũng hay hay, điều chỉnh trực tiếp trên case cũng rất thuận tiện! Chứ rờ rờ trên tai nghe nó cứ chạy loạn xạ! Độ trong của tai nghe ổn nha! Chưa đàm thoại nên chưa biết! Chứ khả năng nghe nhạc là oki!",5.0,269,positive,2025-11-17 08:39:54.585193
lazada_lazada_rev_c0d14243,lazada_2164134083,"Nghe ổn, được có cái tài nghe hơi gắn đối với người đầu to. Mong hãng có thể cải tiến sản phẩm giá rẻ tốt hơn. Nói chung tôi khá thích nó :))) (giống Apple Air Max quãi :} ✓✓✓",5.0,175,positive,2025-11-17 08:39:54.585193
lazada_lazada_rev_c23f5fdc,lazada_2172666517,Sản phẩm dùng tốt shop tư vấn nhiệt tình sẽ ủng hộ shop nhiều trong thời gian tới,5.0,81,positive,2025-11-17 08:39:54.585193
lazada_lazada_rev_c46eb1c6,lazada_2387759347,Am thanh thi ok con pin có lau ko thi chua bekvà chinh âm thanh thi chưa bek giao hang nhanh kĩ,5.0,95,positive,2025-11-17 08:39:54.585193
lazada_lazada_rev_c702896e,lazada_2010330571,"Sau 2 ngày trải nghiệm, ưu điểm âm thanh hay, mic thu tốt, có hồng ngoại, kết nối 2 iphone cùng lúc, pin trâu, kết nối nhanh chóng. Còn lại mình thấy cả bộ nhẹ hơn real, bản lề gập không hút mạnh như real, mic thu thoại tầm 8/10 về âm lượng và cả chất lượng, đèn led sáng xanh khác real, case và tai nghe nhẹ hơn real, nhưng tổng thế khá ok, rất đáng mua",5.0,354,positive,2025-11-17 08:39:54.585193
lazada_lazada_rev_cbae3276,lazada_2329499647,Hàng chất lượng ngon bổ rẻ nên mùa hàng quá ok và uy tín chim ưng luôn sau sẽ ụng hộ tiếp ạ,5.0,91,positive,2025-11-17 08:39:54.585193
lazada_lazada_rev_d3749a4f,lazada_1314057100,tốtttttttttttttttttttttttttttttttttttttttttttttttttttttttttttttttttttttttttt,5.0,76,positive,2025-11-17 08:39:54.585193
lazada_lazada_rev_d3bc2028,lazada_2350848448,🔋Battery Life:,5.0,14,positive,2025-11-17 08:39:54.585193
lazada_lazada_rev_d761b3e3,lazada_2271600716,1 cái tai nghe bị lỗi,5.0,21,positive,2025-11-17 08:39:54.585193
lazada_lazada_rev_e2c373fc,lazada_158000115,Bxjndbjd dkdosjgdkđ. Djdbdjdbdjd dnsks skdbd d djdkds sjsbdbdkndbđjdbdbdkdbbd djđnd cbnc cc c n,5.0,95,positive,2025-11-17 08:39:54.585193
lazada_lazada_rev_e311aa0f,lazada_2719866288,"Bộ tai nghe monitor của hãng Audio One mẫu pro 50 có hình dáng nổi bật và đẹp mắt, âm thanh trung và treble trong trẻo cùng với âm bass sâu lắng rất phù hợp để nghe nhạc hoặc chơi game.",5.0,185,positive,2025-11-17 08:39:54.585193
lazada_lazada_rev_e5c5a4e0,lazada_1435021218,"khá hài lòng nhưng mà loa nó hơi zè Nếu mà mua thì để chơi game thì các bạn hãy cân nhắc lại ,mua để nghe nhạc thì cũng ok mua 2 cái mà cho mỗi một cái dây nối vs đt tui nua cho bạn tui bh ai dùng chứ có sạc đầy đủ ns chung là ok dùng để chơi game thì âm thanh nó chậm hơn ở đt mik nghe ns chung là mua thì cân nhắc kĩ nhé",5.0,322,positive,2025-11-17 08:39:54.585193
lazada_lazada_rev_e5f596ee,lazada_3026831742,Sound Quality:,5.0,14,positive,2025-11-17 08:39:54.585193
lazada_lazada_rev_e8215d09,lazada_1341823195,"Tai nghe xinh, dễ dùng, âm thanh ấm lắm nhé, shop đóng gói cẩn thận, mọi người nên mua nha hihi",5.0,95,positive,2025-11-17 08:39:54.585193
lazada_lazada_rev_ecb05735,lazada_3138492573,không biết là do vô tình quên hay một hình thức lừa để bán hàng trong kiện hàng không có tai nghe thì đánh giá thế nào,5.0,118,positive,2025-11-17 08:39:54.585193
lazada_lazada_rev_ef8e277c,lazada_2172666517,giao hàng nhanh,5.0,15,positive,2025-11-17 08:39:54.585193
lazada_lazada_rev_f5f7a985,lazada_3181588480,Nghe rất OK mọi người tham khảo mẫu tai nghe a9 pro này nhé,5.0,59,positive,2025-11-17 08:39:54.585193
lazada_lazada_rev_f692d0e9,lazada_2294865133,"Hoàn hảo cho những người đam mê chơi game, Giá trị tuyệt vời cho giá cả, Chất lượng âm thanh trong trẻo, Thiết kế mượt mà và phong cách,",5.0,136,positive,2025-11-17 08:39:54.585193
lazada_lazada_rev_fe30e455,lazada_2659641332,"tôi đã nhận được hàng sản phẩm giống như mô tả,nghe rõ, rất êm ái, mọi người nên mua nhé,shop uy tín, tặng shop 5 sao",5.0,117,positive,2025-11-17 08:39:54.585193
lazada_lazada_rev_028e0482,lazada_358416619,"giao siu nhanh, đẹp dùng ok, bass hơi yếu tý, kết nối đt rất ok ncfnkkfkdksjabdk nnkckdksknan",5.0,93,positive,2025-11-17 08:39:54.585193
lazada_lazada_rev_0c65d122,lazada_2907700783,Sound Quality:,5.0,14,positive,2025-11-17 08:39:54.585193
lazada_lazada_rev_115fd2ea,lazada_2322070325,"Thiết kế chống mồ hôi cho sử dụng năng động, Thiết kế mượt mà và chất lượng âm thanh tuyệt vời,",5.0,95,positive,2025-11-17 08:39:54.585193
lazada_lazada_rev_174776c5,lazada_723292609,Hàng giao nguyên bao bì. Âm thanh nghe ổn. Có dây chuyển từ điện thoại qua máy tính. Tặng shop 5 sao.,5.0,101,positive,2025-11-17 08:39:54.585193
lazada_lazada_rev_181548de,lazada_2578964262,"Tai nghe ổn định, nghe được mấy tiếng luôn, có hộp sạc rất tiện lợi, nghe rõ, mua về sạc đầy pin xong mới kết nối đc nha mấy bạn hihi",5.0,133,positive,2025-11-17 08:39:54.585193
lazada_lazada_rev_1ea8b1a5,lazada_2376247029,Rẻ . Nghe khá ổn. Cảm ơn shop Cảm ơn Lazada,5.0,43,positive,2025-11-17 08:39:54.585193
lazada_lazada_rev_235df6b9,lazada_2240302257,Vì là sản phẩm đi kèm nên không có nhiều ý kiến. chỉ mong SP ok tốt,5.0,67,positive,2025-11-17 08:39:54.585193
lazada_lazada_rev_29484e8a,lazada_2938455886,"🎧Chất lượng âm thanh: tốt, sử dụng được Công việc lắp ráp ở một số điểm không hoàn thiện, nhìn có vẻ không chính hãng, tiếc tiền. Khi kết nối Bluetooth cũng không phải tên JBL, hàng giả mà giá này thì coi như đắt.",5.0,213,positive,2025-11-17 08:39:54.585193
lazada_lazada_rev_371e3074,lazada_2366378160,"giao nhanh, dây dài. nghe ổn.. còn mic thì chưa test. dây bọc lớp nhựa nên chắc xài lâu",5.0,87,positive,2025-11-17 08:39:54.585193
lazada_lazada_rev_3baecf04,lazada_1936946754,shop giao hàng nhanh chóng đóng gói cẩn thận sản phẩm chất lượng ox mình rất thích sản phẩm này,5.0,95,positive,2025-11-17 08:39:54.585193
lazada_lazada_rev_3bb86880,lazada_2201649858,quá okkkkkkkkkkkkkkkkkkkkkkkkkkkkkkkkkkkkkkkkkkkkkkkkkkkkk,5.0,58,positive,2025-11-17 08:39:54.585193
lazada_lazada_rev_4127e3be,lazada_568868580,Hang đung mẫu chat luong tuyệt voi giao hang nhanhjiiiiiiiiiiiiihuuuuuuiiighhhjuiiiiiooogyhhjikkkooooooooooooooohggggffđểtyuuiioopppjkklllllpfffffffffffff,5.0,154,positive,2025-11-17 08:39:54.585193
lazada_lazada_rev_417b7784,lazada_3204704241,"Dịch vụ khách hàng rất tốt! Có vấn đề là họ trả lời ngay và rất kiên nhẫn! Mình thích kiểu dáng và màu sắc của sản phẩm! Kết nối nhanh chóng! Âm thanh ổn, có chế độ khử tiếng ồn chủ động và tự động dừng nhạc khi tháo tai nghe! Nhìn được pin của tai nghe và hộp sạc, rất ổn!",5.0,273,positive,2025-11-17 08:39:54.585193
lazada_lazada_rev_485c9223,lazada_2212089037,Sound Quality:,5.0,14,positive,2025-11-17 08:39:54.585193
lazada_lazada_rev_49192958,lazada_1615620387,"Sản phẩm đúng mô tả, chất lượng phù hợp với giá tiền. Shop soạn hàng nhanh nhưng vận chuyển dịp tết khá chậm",5.0,108,positive,2025-11-17 08:39:54.585193
lazada_lazada_rev_4d484c0f,lazada_1235015283,"Nói chung là OK, cho sop 5*",5.0,27,positive,2025-11-17 08:39:54.585193
lazada_lazada_rev_4e12a9fb,lazada_3086984603,"Nhận hàng đúng thời gian quy định, chất lượng sản phẩm tốt, phù hợp với giá cả",5.0,78,positive,2025-11-17 08:39:54.585193
lazada_lazada_rev_52db45ab,lazada_2530376650,"Giá trị tuyệt vời cho giá cả, Thiết kế chống nước để tăng độ bền, Thiết kế mượt mà và phong cách,",5.0,97,positive,2025-11-17 08:39:54.585193
lazada_lazada_rev_53733a95,lazada_2636265097,🔋Battery Life:,5.0,14,positive,2025-11-17 08:39:54.585193
lazada_lazada_rev_57035cf8,lazada_1196678232,Hàng chất lượng nha mọi người.,5.0,30,positive,2025-11-17 08:39:54.585193
lazada_lazada_rev_574dcc4d,lazada_2733185087,Tương thích: 10 Thời gian sử dụng pin: 9 Sự thoải mái: 10 Tìm thấy tuyệt vời. Tôi sẽ mua thêm cho vợ tôi. Rất tốt cho hoạt động ngoài trời. Tôi chỉ mua với giá 800 peso vào ngày 3.3,5.0,181,positive,2025-11-17 08:39:54.585193
lazada_lazada_rev_5ae2112e,lazada_144049849,Sản phẩm tuyệt vời giao hành nhanh sẽ ủng hộ tiếp❤️❤️❤️❤️❤️❤️❤️❤️❤️❤️❤️❤️❤️❤️❤️❤️❤️❤️❤️,5.0,87,positive,2025-11-17 08:39:54.585193
lazada_lazada_rev_5b696081,lazada_287442138,Tuyệt vời!! Bia nhậu với khô mực thì còn gì bằng 👍👍👍👍👍👍👍👍👍👍👍👍👍👍👍👍👍👍👍,5.0,68,positive,2025-11-17 08:39:54.585193
lazada_lazada_rev_6304625b,lazada_2919785146,Good quality,5.0,12,positive,2025-11-17 08:39:54.585193
lazada_lazada_rev_68cfd1de,lazada_1674754770,"sp tốt, shipper thân thiện, giao nhanh, hihi nói chung là rất like nhaaaaaaaaaaaaaaaaa:v",5.0,88,positive,2025-11-17 08:39:54.585193
lazada_lazada_rev_68f97c64,lazada_2283131857,"Hàng tốt, dùng ok. Đúng mô tả, nghe cũng ok, pin cũng được 4h-5h nói chung tạm ổn tầm giá. Ảnh chie minh hoạ lấy xu",5.0,115,positive,2025-11-17 08:39:54.585193
lazada_lazada_rev_6c820c2c,lazada_2523945682,chất lượng đáng tiền ko biết có bên ko,5.0,38,positive,2025-11-17 08:39:54.585193
lazada_lazada_rev_6cbdf857,lazada_2907700783,"The box was smashed. Very poor packaging. Headphones are ok. working. I ordered 2 pc different color, but got only one. Suppose the purple is out of stock. Going for refund.",5.0,173,positive,2025-11-17 08:39:54.585193
lazada_lazada_rev_6d23147c,lazada_156609186,"mua 3 sản phẩm chỉ 75k nhưng món nào cũng chất lượng tuyệt vời luôn , sẽ ủng hộ shop tiếp tục 🥰",5.0,95,positive,2025-11-17 08:39:54.585193
lazada_lazada_rev_6e26f757,lazada_2719790173,"Gói hàng cẩn thận, nhận hàng trong tình trạng tốt, giao hàng trong thời gian dự kiến. Shop tư vấn rõ ràng, đầy đủ info. Âm thanh tạm được, chất âm ko có độ dày âm và ko ấm (ko dùng Edifier ConneX app). Đệm tai êm, đeo nhiều có thể nóng và hơi bí. Khung chắc chắn. Nếu có thể dùng Edifier ConneX app để điều chỉnh chất lượng âm thanh khi tai nghe kết nối khác thiết bị kết nối app này thì thực sự tuyệt vời.",5.0,406,positive,2025-11-17 08:39:54.585193
lazada_lazada_rev_706114f7,lazada_2176130308,very late delivery... no communication with seller... likley fake... zero stars.,5.0,80,positive,2025-11-17 08:39:54.585193
lazada_lazada_rev_72790b26,lazada_3149754222,Nghe hay và đeo rất thoải mái,5.0,29,positive,2025-11-17 08:39:54.585193
lazada_lazada_rev_7a76983d,lazada_2976372707,"Tay nghe giá rẻ, âm thanh ổn nhưng ko cách âm bên ngoài được. Đèn thì đẹp giá này ko mong cầu quá cao chất lượng chấm 5 sao đối với mức giá này.",5.0,144,positive,2025-11-17 08:39:54.585193
lazada_lazada_rev_7af8c4f5,lazada_2341639352,"hàng tốt nhựa thì chưa bền , năm châm chưa hút mạnh nên chưa kỉ",5.0,63,positive,2025-11-17 08:39:54.585193
lazada_lazada_rev_7b27247d,lazada_2907700783,🎤Sound Quality:,5.0,15,positive,2025-11-17 08:39:54.585193
lazada_lazada_rev_7b90da1d,lazada_2486683427,"Thoải mái trong thời gian nghe lâu, Âm thanh chất lượng cao, Bass tốt",5.0,69,positive,2025-11-17 08:39:54.585193
lazada_lazada_rev_7f24ef66,lazada_1918072875,"Thiết kế mèo dễ thương!, Kết nối Bluetooth tiện lợi, Âm thanh tạm ổn, có to. 50k nên không đòi hỏi gì nhiều, được cái dễ thương, tai mèo có đèn. Thời gian xài thì chưa check. Cái khớp nối bẻ vô ra bằng nhựa nên dễ gãy nếu mạnh tay quá, nên bẻ ra rồi để vậy, hạn chế gập vô ra.",5.0,276,positive,2025-11-17 08:39:54.585193
lazada_lazada_rev_804da852,lazada_1609018793,"Sản phẩm ok, đẹp, chắc chắn hàng nguyên hộp. Shop chăm sóc rất chu đáo và tư vấn nhiệt tình. Giao hàng đúng hình và chính hãng như quảng cáo. Thích hợp cho ai học online, chơi game, nghe nhạc và dân văn phòng sử sụng case máy vì có sẵn luôn 2 jack kết nối liền dâyZ Dây khá dài 2m âm thanh rất hay và ấm. ưng ý",5.0,310,positive,2025-11-17 08:39:54.585193
lazada_lazada_rev_83bab20e,lazada_3155479900,"Hàng chất lượng tốt ạ, nghe không bị bí tai,shop cskh chu đáo nhiệt tình dth, này mình mua sạc 2h kích hoạt là có thể dùng, bass tốt, giá rẻ hơn nhiều shop khác, nội địa Trung chất lượng cao, rất đáng đồng tiền",5.0,210,positive,2025-11-17 08:39:54.585193
lazada_lazada_rev_8ce970b0,lazada_982348970,🛡Durability:,5.0,12,positive,2025-11-17 08:39:54.585193
lazada_lazada_rev_90d196c8,lazada_1860620783,"Tai nghe hay, chất âm tuyệt vời",5.0,31,positive,2025-11-17 08:39:54.585193
lazada_lazada_rev_942e90f3,lazada_982348970,Sản phẩm tốt như hình minh hoạ nếu có điều kiện sẽ ủng hộ thêm nha,5.0,66,positive,2025-11-17 08:39:54.585193
lazada_lazada_rev_9b0fc63c,lazada_1402400311,"shop nhiệt tình, hàng về ok. nhưng chưa xài lâu chưa biết thế nào, nghe âm thanh đồ cũng phê đó.",5.0,96,positive,2025-11-17 08:39:54.585193
lazada_lazada_rev_9b22616e,lazada_1847358585,"bộ tai nghe rất hay. đóng gói cẩn thận giao hàng nhanh , không có hướng dẫn sử dụng tiếng Việt nên khó cài đặt. nói chung ổn .",5.0,126,positive,2025-11-17 08:39:54.585193
lazada_lazada_rev_9c58a81b,lazada_1891088502,"Mua đợt sale 7.7 hàng chính hãng, giá rẻ so với ngày thường. Chất lượng âm thanh ấn tượng.",5.0,90,positive,2025-11-17 08:39:54.585193
lazada_lazada_rev_9f71fd46,lazada_2730125252,"Today I received these nice bkuetooth earpods that have ANC. Easy to use and control, Active noise cancellation works great,",5.0,124,positive,2025-11-17 08:39:54.585193
lazada_lazada_rev_a49d3d15,lazada_1707015122,Tốt mà âm thanh nhỏ,5.0,19,positive,2025-11-17 08:39:54.585193
lazada_lazada_rev_a507ed4f,lazada_2530376650,"Thoải mái khi mặc, Dễ dàng trả lời và kết thúc cuộc gọi, Thiết kế mượt mà và phong cách,",5.0,88,positive,2025-11-17 08:39:54.585193
lazada_lazada_rev_a57161d7,lazada_2274902846,"Hàng đúng như mô tả, đủ dây cáp rời và tips.",5.0,44,positive,2025-11-17 08:39:54.585193
lazada_lazada_rev_a9034386,lazada_2033673129,sản phẩm đẹp chất lg tuy ko đúng màu nhưng ko sao thông cảm cho shop nhưng như vậy là quá tuyệt vời,5.0,99,positive,2025-11-17 08:39:54.585193
lazada_lazada_rev_a9259175,lazada_2033673129,Thề với mọi người luôn là chất lượng rất rất ổn áp so với giá thành!!! Mình tính mua về mà k xài đc thì chụp ảnh sống ảo thôi cũng ok mà k ngờ chất lượng âm thanh rõ ràng vậy,5.0,174,positive,2025-11-17 08:39:54.585193
lazada_lazada_rev_b1820784,lazada_2054056134,"Những người không ngủ đủ mà vẫn thức khuya chính là những người bị ảnh hưởng nhiều nhất. Vì vậy, đau khổ nhất chính là khi ngủ muộn mà vẫn phải dậy sớm. Những người ngủ đủ giấc thường có tâm tình thoải mái hơn những người hay thức khuya. Hạn chế thức khuya là một cách dưỡng sinh dễ dàng, nhờ đó duy trì sức khỏe, tinh thần vui vẻ lạc quan và ngược lại. Tất cả những điều này là dấu hiệu của may mắn. Do đó, nếu bạn cảm thấy không thể làm chủ cuộc đời thì hãy bắt đầu bằng việc làm chủ thời gian ngủ",5.0,499,positive,2025-11-17 08:39:54.585193
lazada_lazada_rev_b3a05f7a,lazada_2195749466,"Màu xanh bên ngoài với màu ngoài vỏ hộp lệch khá nhiều và giống với màu xanh trên ảnh mà shop đăng. Cái này thiết kế bị lệch phần đệm tai, phần kéo dài tại nghe bị lỗi hơi rít nên kéo hơi khó. Tai nghe nghe ổn trong tầm giá, thiết kế đẹp, màu sắc trẻ trung, hơi ọp ẹp, âm lượng nhỏ, có nhận voice, có thể kết nối Bluetooth hoặc giác cắm chuôi tròn, nghe chơi chơi thì đc",5.0,370,positive,2025-11-17 08:39:54.585193
lazada_lazada_rev_b4370f9f,lazada_3049620058,"Shop giao hàng nhanh, đúng sản phẩm đã đặt, âm thanh nghe rất hay, êm tai, giá hạt dẻ mà chất lượng. Hài lòng",5.0,109,positive,2025-11-17 08:39:54.585193
lazada_lazada_rev_b6fcf07a,lazada_1343893068,"Thiết kế tiện dụng và dễ mang theo, giao đúng màu như hình dễ sử dụng",5.0,69,positive,2025-11-17 08:39:54.585193
lazada_lazada_rev_b8eaef18,lazada_1419511614,"hàng chất lượng, xài tốt",5.0,24,positive,2025-11-17 08:39:54.585193
lazada_lazada_rev_bc62a546,lazada_2024682283,"Tai nghe Bluetooth S10 Pro, hàng giao rất nhanh, đóng gói cẩn thận, đã dùng thử, thấy rất tốt. Cảm ơn Shop.",5.0,107,positive,2025-11-17 08:39:54.585193
lazada_lazada_rev_c0623c94,lazada_2240302257,除非HBV常常从此次养老金会被揩干燥热爱你是的是否存在问题了吧台电脑多久最大限度数学习和谁都没有任何事情是,5.0,53,positive,2025-11-17 08:39:54.585193
lazada_lazada_rev_c15d25a4,lazada_2054056134,Sản phẩm một tai không sử dụng được kết nối với điện thoại khó,5.0,62,positive,2025-11-17 08:39:54.585193
lazada_lazada_rev_c48ed913,lazada_1891088502,"Mua đợt sale 7.7 hàng chính hãng, giá rẻ so với ngày thường. Chất lượng âm thanh ấn tượng.",5.0,90,positive,2025-11-17 08:39:54.585193
lazada_lazada_rev_c717bcfd,lazada_2002125069,chất lượng ok,5.0,13,positive,2025-11-17 08:39:54.585193
lazada_lazada_rev_d46b8514,lazada_1196678232,Hàng chất lượng như mô tả. Đẹp và xịn xò. Đúng chất thương hiệu và đồng tiền bát gạo. Cảm ơn shop.,5.0,98,positive,2025-11-17 08:39:54.585193
lazada_lazada_rev_de4672f9,lazada_291488121,"shop gói hàng rất cẩn thận. giao hàng nhanh, âm thanh tai nghe to rỏ, bass rất tốt. nói chung là tuyệt vời ông Mặt Trời",5.0,119,positive,2025-11-17 08:39:54.585193
lazada_lazada_rev_df7da320,lazada_1574232051,"They sound really good and they are moderately comfortable. Great sound quality but the build quality is not the top. Although they are definitely worth the purchase for such good price. Super fast delivery, very clean packaging. Overall satisfied of this product.",5.0,264,positive,2025-11-17 08:39:54.585193
lazada_lazada_rev_e1100054,lazada_260270634,"Comfortable to wear for long hours, Convenient microphone with noise reduction, Easy USB-A connectivity, Long cable length for flexible movement,",5.0,145,positive,2025-11-17 08:39:54.585193
lazada_lazada_rev_e357c5cf,lazada_2627129306,🔋Battery Life:,5.0,14,positive,2025-11-17 08:39:54.585193
lazada_lazada_rev_e78a0a68,lazada_3191319854,"Tai nghe rất rõ, âm thanh bước chân và tiếng súng rõ ràng, tai nghe không dây! Mình chơi cả ngày mà chỉ tốn 20% pin, thật sự ấn tượng với thời lượng pin! Rất khuyên dùng!",5.0,170,positive,2025-11-17 08:39:54.585193
lazada_lazada_rev_e8e10f5b,lazada_2758426061,"Sản phẩm được giao trong tình trạng tốt,màu sắc và kiểu dáng đẹp đúng như mô tả.Tai nghe đeo êm,thời lượng pin dài.Nhân viên giao hàng thân thiện",5.0,145,positive,2025-11-17 08:39:54.585193
lazada_lazada_rev_e9e0e019,lazada_2963882928,rất tốt nha,5.0,11,positive,2025-11-17 08:39:54.585193
lazada_lazada_rev_f0d069bf,lazada_3147060650,"sản phẩm chất lượng tốt phù hợp với giá, shop đóng gói cẩn thận, hàng giao nhanh và đúng hẹn sản phẩm chất lượng tốt phù hợp với giá, shop đóng gói cẩn thận, hàng giao nhanh và đúng hẹn",5.0,185,positive,2025-11-17 08:39:54.585193
lazada_lazada_rev_fe232465,lazada_1634811622,"Tại nghe đẹp và rất rất là nhẹ, đeo vô cùng thoải mái, chất âm ổn. Bass khá căng, cái dải mid treb đều ổn.",5.0,106,positive,2025-11-17 08:39:54.585193
lazada_lazada_rev_04ab428a,lazada_1402400311,giao hàng nhanh chóng mua dùm nên chua sử dụng nổi chung la dẹp,5.0,63,positive,2025-11-17 08:39:54.585193
lazada_lazada_rev_0a68828b,lazada_1545658964,Sound Quality:,5.0,14,positive,2025-11-17 08:39:54.585193
lazada_lazada_rev_135f37a0,lazada_2214957548,Tuyệt vời. Tuyệt vời. Tuyệt vời. Tuyệt vời. Tuyệt vời. Tuyệt vời.,5.0,65,positive,2025-11-17 08:39:54.585193
lazada_lazada_rev_1a87450b,lazada_2244687698,Tai nghe đeo êm tai và rất nhẹ. Âm bass không bằng x1000 nhưng rất tương xứng với giá thành,5.0,91,positive,2025-11-17 08:39:54.585193
lazada_lazada_rev_1de07866,lazada_2010330571,"Ốp đẹp lắm mọi người. Shop rất uy tín nhé. phục vụ rất nhiệt tình luôn,hỗ trợ đổi trả sản phẩm nếu lỗi….rất là chim ưng luôn. Nên mua nha mọi người",5.0,147,positive,2025-11-17 08:39:54.585193
lazada_lazada_rev_1fded12a,lazada_2598100718,"okie , đẹp mà hình như ko có nút tăng giảm âm lượng , với jack cắm 3.5mm hơi lỏng hay tại điện thoại của mình",5.0,109,positive,2025-11-17 08:39:54.585193
lazada_lazada_rev_23a73a50,lazada_1800925386,🎤Sound Quality:,5.0,15,positive,2025-11-17 08:39:54.585193
lazada_lazada_rev_255db3f8,lazada_1674754770,"Tai nghe xinh , âm thanh rõ ràng , nên mua nhaaa 💗💗",5.0,51,positive,2025-11-17 08:39:54.585193
lazada_lazada_rev_28dfbb57,lazada_271214294,"Giao hàng nhanh nghe tốt, nhưng chỗ đeo đầu bị lỏng, nhưng cũng đc mic tốt và nghe êm tai. Đóng gói cẩn thânn",5.0,109,positive,2025-11-17 08:39:54.585193
lazada_lazada_rev_29aa90e1,lazada_735588170,"sp tốt, vận chuyển nhanh, hài lòng",5.0,34,positive,2025-11-17 08:39:54.585193
lazada_lazada_rev_39b7e557,lazada_2187772151,Cx ok còn delay nhưng giá này là ok r,5.0,37,positive,2025-11-17 08:39:54.585193
lazada_lazada_rev_3c33e180,lazada_1535236130,"mẫu này đeo không êm bằng kiểu( P47M Tai mèo) , mẫu này chỉ có dể thương thôi chứ đeo hơi chật và đau tai chút, chỗ gấp ra gấp vô cùng cứng và nhìn nhựa không được sắc sảo lắm.",5.0,176,positive,2025-11-17 08:39:54.585193
lazada_lazada_rev_3d402434,lazada_2615050330,Nhận hàng trong tình trạng tốt và được đóng gói cẩn thận. Rất hài lòng với sản phẩm,5.0,83,positive,2025-11-17 08:39:54.585193
lazada_lazada_rev_3f8ddb40,lazada_3096444184,Chất lượng sản phẩm rất đúng giao hàng nhanh ship thân thiện .,5.0,62,positive,2025-11-17 08:39:54.585193
lazada_lazada_rev_42722ceb,lazada_2236978638,"Hộp hơi móp xíu thôi chứ bên trong okela nha, đeo cái ở ngoài sếp chửi ko còn nghe nữa, âm thanh thì cũng ổn, nghe nhạc hay phết. Mua đeo tập gym còn gì bằng. 10 điểm. Giá săn sale 2 xị thui.",5.0,191,positive,2025-11-17 08:39:54.585193
lazada_lazada_rev_47634704,lazada_2504967205,"Âm thanh chất lượng cao, Tính năng khử tiếng ồn, t bật nhạc mà bạn gọi còn kh nghe thấy tiếng cơ, giá rẻ vcl hợp lí",5.0,115,positive,2025-11-17 08:39:54.585193
lazada_lazada_rev_4d547525,lazada_2804168608,nghe êm tai nhung tìm k ra chỗ cắm kết nối với máy lọc âm.))&&&@&,5.0,65,positive,2025-11-17 08:39:54.585193
lazada_lazada_rev_4f444965,lazada_3051730477,"Mình dùng thử ngay khi nhận, bên ngoài nhìn giống bản sony xịn nhưng chất lượng thì ko thể so sánh. Nhưng giá này thì không dám phàn nàn. Chỉ hi vọng bền",5.0,153,positive,2025-11-17 08:39:54.585193
lazada_lazada_rev_51644bdc,lazada_3009692890,Cclckxkclxkxkxnnsn msnsndnxnxksmmssdxxxsmsmsmsnsnsnsnsnnsns,5.0,59,positive,2025-11-17 08:39:54.585193
lazada_lazada_rev_54be6f5d,lazada_3191319854,"Tai nghe này đeo vào thấy hay lắm, kiểu dáng nhìn cũng ngầu và chất lắm, cảm giác cầm chắc tay, âm thanh ổn, đeo thoải mái không đau tai, mình rất ưng.",5.0,151,positive,2025-11-17 08:39:54.585193
lazada_lazada_rev_54c17cb7,lazada_1487144523,hàng ok như giới thiệu,5.0,22,positive,2025-11-17 08:39:54.585193
lazada_lazada_rev_564f4080,lazada_287442138,"mình nhận đc hàng rồi, tại nghe êm nhẹ mic cũng ok nhưng mới dùng chưa biết độ bền thế nào, sẽ tiêp tục ủng hộ shop, cho shop 5 sao nhé",5.0,135,positive,2025-11-17 08:39:54.585193
lazada_lazada_rev_5eeb699d,lazada_2244687698,"Trải nghiệm mua trên sàn rất tốt, đóng gói kỹ rất nâng niu sản phẩm như bạn thấy hình dưới, cái hộp tai nghe ko lớn nhưng hãng cho vào hộp rất lớn Trải nghiệm tai nghe với bé 720 này thì rất hài lòng, trúng đợt săn sale nữa nên bé này vô đối trong tầm giá 10/10",5.0,261,positive,2025-11-17 08:39:54.585193
lazada_lazada_rev_640957d7,lazada_2847890025,sản phẩm này chất lượng kém hoàn thiện kém giao hàng hộp bị móp tại nghe bị rớt ra nói tóm lại chất lượng không tốt FM không sử dụng không có tín hiệu cho 1 *,5.0,158,positive,2025-11-17 08:39:54.585193
lazada_lazada_rev_658a720c,lazada_1341752572,Tai nghe chụp tai này chơi game học online làm việc ko chê đâu đc,5.0,65,positive,2025-11-17 08:39:54.585193
lazada_lazada_rev_67112f0a,lazada_521504732,"Tai nghe ổn so với giá, mọi người có thể mua về sài để trải nghiệm nha. Có hướng dẫn đầy đủ, shop dễ thương.",5.0,108,positive,2025-11-17 08:39:54.585193
lazada_lazada_rev_6733dc36,lazada_2650369392,"The seller was quick to pack, and I received them a day or two after the order. I've been using it for a couple of days now:",5.0,124,positive,2025-11-17 08:39:54.585193
lazada_lazada_rev_6e1919cb,lazada_3026831742,Sound Quality:,5.0,14,positive,2025-11-17 08:39:54.585193
lazada_lazada_rev_6f1a1e7b,lazada_2510676041,"đã nhận hàng, loại V9 này sài ổn, bền, pin trâu, mình đã mua nhiều lần, bị hư là vì mình bỏ đồ vào máy giặt mà quên lấy tay nghe ra. Thanks shop",5.0,144,positive,2025-11-17 08:39:54.585193
lazada_lazada_rev_6fbdf237,lazada_2201649858,"Chất lượng âm thanh tuyệt vời!, Tương thích với nhiều thiết bị để sử dụng đa năng, Giá cả phải chăng cho tai nghe chơi game chất lượng cao,",5.0,139,positive,2025-11-17 08:39:54.585193
lazada_lazada_rev_713da443,lazada_2313719204,sản phẩm tốt .sop hỗ chợ tốt .sau ủng hộ tiếp,5.0,45,positive,2025-11-17 08:39:54.585193
lazada_lazada_rev_73959b7b,lazada_2172666517,Sản phẩm dùng tốt shop tư vấn nhiệt tình sẽ ủng hộ shop nhiều trong thời gian tới,5.0,81,positive,2025-11-17 08:39:54.585193
lazada_lazada_rev_74562bc9,lazada_2002840111,chất âm khá ổn. ngoại hình đẹp hơn quảng cáo. Pin nghe khá lâu. với giá mềm như này mua mua được cái tai nghe chất âm tốt như vậy thực sự quá ưng ý. bất ngờ về chất lượng,5.0,170,positive,2025-11-17 08:39:54.585193
lazada_lazada_rev_7b71412a,lazada_2198337929,"Sản phẩm tuyệt vời , ngoài mong đợi , tưởng deal rẻ ít chất lượng nhưng hàng về thấy oke tốt lắm nha mọi người , nên ủng hộ shop nha , có dịp mình sẽ quay lại ủng hộ thêm ạ .❤❤❤ Hihihi Hihihi Hihihi Hahaaa",5.0,205,positive,2025-11-17 08:39:54.585193
lazada_lazada_rev_7de6033d,lazada_1936946754,🔋Battery Life:,5.0,14,positive,2025-11-17 08:39:54.585193
lazada_lazada_rev_7f17b28f,lazada_2659606605,Sound Quality:,5.0,14,positive,2025-11-17 08:39:54.585193
lazada_lazada_rev_81e96918,lazada_158000115,"Mua giá sale, shop giao không có box sản phẩm nha mọi người cân nhắc, chỉ có như ảnh và video mình nhận hàng đăng kèm đánh giá. Hơi thất vọng, shop k ghi rõ mô tả nên mua cũng k hài lòng mà trả hàng thì mất công.",5.0,212,positive,2025-11-17 08:39:54.585193
lazada_lazada_rev_821520f1,lazada_2523793374,"Tai nghe tốt, âm thanh với mức giá này là ok, độ nhạy khá, bấm PLAY - PAUSE ok nhưng bấm nhanh 3 lần tăng âm thanh thì không ổn lắm vì do không nhìn thấy bấm sẽ không chính xác được",5.0,181,positive,2025-11-17 08:39:54.585193
lazada_lazada_rev_84d49477,lazada_3050745855,"Tai nghe này tệ so với cái giá phải trả, đeo thì đau đầu vì tai chụp bóp quá dù mình là nữ, xong đeo đc tí thì toát mồ hôi còn cái đệm tai nghe thì ẩm ướt mồ hôi luôn, dù phòng có bật điều hoà vẫn bị đổ mồ hôi như thường do cái chụp tai nó bí, khó chịu cực kì, đc cái chống ồn oke",5.0,280,positive,2025-11-17 08:39:54.585193
lazada_lazada_rev_8527bb5e,lazada_2387759347,hàng OK shop cơm ơn nhé ủn hộ shop tiếp,5.0,39,positive,2025-11-17 08:39:54.585193
lazada_lazada_rev_85db6f4d,lazada_2733185087,"như đã quảng cáo, chắc chắn và đẹp mắt, tuyệt vời cho thời gian rảnh và chơi game. rất tốt",5.0,90,positive,2025-11-17 08:39:54.585193
lazada_lazada_rev_86cb7917,lazada_521504732,mọi nguoi tai nghe chat luôn on tặng shop 5**** shipper vui tinh lam ạ chúc shop buồn may bán dắt nhé,5.0,101,positive,2025-11-17 08:39:54.585193
lazada_lazada_rev_86d0cc6a,lazada_2847585434,🎤Sound Quality:,5.0,15,positive,2025-11-17 08:39:54.585193
lazada_lazada_rev_8827dc73,lazada_2294865133,"Convenient microphone for clear communication, Comfortable for long hours, a little bit bulky but not very heavy, my ears fit well inside the earpiece socket. Bass isn't very good but no matter I'll use it only for phone calls. Versatile compatibility with multiple devices.",5.0,274,positive,2025-11-17 08:39:54.585193
lazada_lazada_rev_8b144e4e,lazada_2281148838,"Vừa mới kết nối đã thấy tên là WH-CH520 của *tên mình* luôn, không biết là ai trong bộ phận đóng gói hay cskh mà chu đáo quá. Packaging siêu đẹp, 10 điểm. Chống ồn 50% thôi không cách âm hẳn như WH1000 đâu mn, nhưng không sao mình mua con này vì không có nhu cầu chống ồn",5.0,271,positive,2025-11-17 08:39:54.585193
lazada_lazada_rev_8b53061e,lazada_735588170,"Tai nghe đã được bóc ra có dính cọng tóc Nghe rõ âm thanh Nhựa giòn , dùng ko khéo dễ bị gãy .",5.0,94,positive,2025-11-17 08:39:54.585193
lazada_lazada_rev_90266312,lazada_1634811622,tuyệt vời quá hahahhhhhhhhkkkkkkkskakakakakakkakkkancncncncncnncncncncncncncncncnncncnc,5.0,87,positive,2025-11-17 08:39:54.585193
lazada_lazada_rev_93baf35c,lazada_1217998955,Sound Quality:,5.0,14,positive,2025-11-17 08:39:54.585193
lazada_lazada_rev_9514cc6c,lazada_1674754770,"Tai nghe xinh , âm thanh rõ ràng , nên mua nhaaa 💗💗",5.0,51,positive,2025-11-17 08:39:54.585193
lazada_lazada_rev_98b033ae,lazada_2010330571,"hàng chất lượng, shop hỗ trợ tận tình. Mình mua trong hộp thiếu dây sạc shop đã gửi tặng một dây sạc mới.",5.0,105,positive,2025-11-17 08:39:54.585193
lazada_lazada_rev_9935cafe,lazada_1917454211,mua 2 cái nhưng một cái mầu trắng bị như vậy. thiếu rắc cắm giống mầu đỏ,5.0,72,positive,2025-11-17 08:39:54.585193
lazada_lazada_rev_9a08562e,lazada_2980423165,"Đã nhận được hàng, giao hàng hoàn chỉnh. Chất lượng sản phẩm tốt, rất hài lòng, đúng như mô tả. Giá cả không đắt, âm thanh tốt. Rất khuyến nghị, nhận ngay 5 sao.",5.0,161,positive,2025-11-17 08:39:54.585193
lazada_lazada_rev_9d0fcbf4,lazada_2117479675,"- Super fast delivery - Nice packaging - As a birthday present so I don’t open yet and unsure about quality but I do believe that this headphone will have better sound quality of the other one, B8, I bought few months ago! - Quick response from seller to explain my question",5.0,274,positive,2025-11-17 08:39:54.585193
lazada_lazada_rev_9dfb500a,lazada_933898278,"Lần thứ 2 mua hàng tại shop Shop giao hàng nhanh , nói chuyện lịch sự. Hàng giao về có mút đệm đầy đủ những vẫn bị móp , tuy nhiên không ảnh hưởng đến tai nghe tí nào. Tai nghe kích thước lớn , ôm toàn bộ tai , đệm mút dày , mềm nữa . Âm lượng vừa đủ, chất âm hay , bass đầy đủ rõ ràng. Nói chung là hài lòng với số tiền mình bỏ ra!",5.0,332,positive,2025-11-17 08:39:54.585193
lazada_lazada_rev_ac6fba7a,lazada_1847358585,"Đã nhận được hàng, ko đúng quang như quảng cáo. Ko đúng mầu, ko dây giắc 3,5. giống bị lừa.",5.0,91,positive,2025-11-17 08:39:54.585193
lazada_lazada_rev_ac7f0471,lazada_2847890025,"Nhận hàng đúng thời gian quy định, chất lượng sản phẩm tốt, phù hợp với giá cả.",5.0,79,positive,2025-11-17 08:39:54.585193
lazada_lazada_rev_aea3afa0,lazada_2619228017,"rất OK nha mọi người , đã mua mấy cái rồi .",5.0,43,positive,2025-11-17 08:39:54.585193
lazada_lazada_rev_c028555c,lazada_2172666517,pin tai nghe đc chừng 2h . box sạc k ổn sạc cả 2 tai k đủ 1 lần sạc,5.0,67,positive,2025-11-17 08:39:54.585193
lazada_lazada_rev_c595985a,lazada_570682831,hàng đẹp tốt,5.0,12,positive,2025-11-17 08:39:54.585193
lazada_lazada_rev_c5cf4439,lazada_2907700783,Sound Quality:,5.0,14,positive,2025-11-17 08:39:54.585193
lazada_lazada_rev_c656aa1e,lazada_1312093876,Hàng chất lượng ❤️,5.0,18,positive,2025-11-17 08:39:54.585193
lazada_lazada_rev_cc87e710,lazada_2530376650,"Hàng chính hãng, giá tốt hơn nhiều. Thiết kế mượt mà và phong cách, Tuổi thọ pin lâu dài, Tính năng khử tiếng ồn hoạt động tốt,",5.0,127,positive,2025-11-17 08:39:54.585193
lazada_lazada_rev_d20b5ca0,lazada_3058810193,This piece not included in box! Most important piece!,5.0,53,positive,2025-11-17 08:39:54.585193
lazada_lazada_rev_d39d4711,lazada_260268638,Sound Quality:,5.0,14,positive,2025-11-17 08:39:54.585193
lazada_lazada_rev_dcb9efcc,lazada_982348970,"Sản phẩm đẹp, đeo rất thoáng, ko bí tai, G-Sync đèn led với chuột nhìn rất thích",5.0,80,positive,2025-11-17 08:39:54.585193
lazada_lazada_rev_e15a872f,lazada_3181588480,"hàng ok đẹp,",5.0,12,positive,2025-11-17 08:39:54.585193
lazada_lazada_rev_e2534689,lazada_1433950288,"shop giao hàng nhanh. Tai nghe gọn nhẹ, đeo rất thoải mái. Thông số trở kháng cao tuy nhiên dễ phối ghép.",5.0,105,positive,2025-11-17 08:39:54.585193
lazada_lazada_rev_e4121bba,lazada_1778847236,"Tai nghe đuợc giao nhanh, hàng đuợc niêm phong, gói kỹ, có độn bìa chống và đập. Đầu tai nghe thích hợp cỡ đầu nhỏ, âm thanh rõ, trầm.",5.0,134,positive,2025-11-17 08:39:54.585193
lazada_lazada_rev_e650ec88,lazada_2024682283,"Cắm Type C tiện lợi., Thiết kế mượt mà và phong cách., giao hàng nhanh chóng",5.0,76,positive,2025-11-17 08:39:54.585193
lazada_lazada_rev_e9fa1f72,lazada_2898138333,Pin dùng lâu. nghe nhạc hay. deo không bị đau tai,5.0,49,positive,2025-11-17 08:39:54.585193
lazada_lazada_rev_ea72bbcc,lazada_260268638,giao hàng nhanh. mua tặng nên ko biết chất lượng ntn.jxhdjdnxbhhdhxbbsbxhjdjsnjsndndnjs,5.0,87,positive,2025-11-17 08:39:54.585193
lazada_lazada_rev_eacf6b5c,lazada_1433739408,"Tai nghe nhẹ, chất âm tạm chấp nhận dc trong tầm giá, nhựa gia công cảm giác hơi phèn. Dây cuốn đầu đẹp. Dây tai nghe nối liền, khá mảnh và cảm giác không được bền lắm. Đóng gói chuyên nghiệp. Phù hợp với nhu cầu sử dụng của mình",5.0,229,positive,2025-11-17 08:39:54.585193
lazada_lazada_rev_ecf95327,lazada_2684185919,"หูฟังไร้สายและมีสาย, การเชื่อมต่อ Bluetooth ที่รวดเร็วและเสถียร, Bluetooth 5.3 สำหรับการเชื่อมต่อที่รวดเร็วและเสถียร, การออกแบบที่เพรียวบางและมีสไตล์, แบตหมดมีสายให้ต่อด้วยแจ่มจริง เสียงสุดยอด",5.0,192,positive,2025-11-17 08:39:54.585193
lazada_lazada_rev_ee9f62c0,lazada_2682244549,Rất tốt so với giá tiền. 👍,5.0,26,positive,2025-11-17 08:39:54.585193
lazada_lazada_rev_efe8b0cd,lazada_2341639352,giao không đúng mẫu đã đặt,5.0,26,positive,2025-11-17 08:39:54.585193
lazada_lazada_rev_f5174329,lazada_258183456,chưa test chưa pik. nào test sẽ đánh giá sản phẩm,5.0,49,positive,2025-11-17 08:39:54.585193
lazada_lazada_rev_f7743f8b,lazada_3191319854,"Tai nghe nhận được rồi, cảm giác rất chắc chắn, đệm tai mềm mại, kích thước vừa vặn. Thử đeo một chút thấy khá thoải mái và đẹp mắt. Tai nghe này nghe gọi điện thoại cũng khá rõ ràng. Cảm giác khi đeo: thoải mái.",5.0,212,positive,2025-11-17 08:39:54.585193
lazada_lazada_rev_fa79587b,lazada_2504967205,Đã nhận Tai nghe có dây giắc cắm 3.5mm chính hãng Hoco có micro đàm thoại Ok. phù hợp giá tiền,5.0,94,positive,2025-11-17 08:39:54.585193
lazada_lazada_rev_025c5fa5,lazada_2201649858,"Giao hàng nhanh. Tai nghe êm tai, có thể điều chỉnh kích thước",5.0,62,positive,2025-11-17 08:39:54.585193
lazada_lazada_rev_038d81af,lazada_1435021218,Mua 2tai nghe thì hư 1tai mak mua trong lúc giảm giá được giảm 30ship nhưng đổi lại tai nghe 50k v giảm lm j míu j nhể 😒😵‍💫😵‍💫😵‍💫😵‍💫😵‍💫😵‍💫😵‍💫😵‍💫😵‍💫😵‍💫🤐 nhưng bù lại shop tư vấn đường hoàng ngoài vc đấy ra không còn j nx nên v chỉ cho shop 2sao thôi vì 1tai bị hư còn chấ lượng ok,5.0,279,positive,2025-11-17 08:39:54.585193
lazada_lazada_rev_08d63323,lazada_1222722107,"Tai nghe giống như hình, cứng cáp. Âm thanh trong, rõ, mic hoạt động tốt. Gói hàng kỹ càng, ship về không mất form. Màu hồng rất xinh.",5.0,134,positive,2025-11-17 08:39:54.585193
lazada_lazada_rev_0a58a27b,lazada_1343893068,"Tai nghe không dây với màu sắc dễ thương,",5.0,41,positive,2025-11-17 08:39:54.585193
lazada_lazada_rev_0d390cd6,lazada_2054056134,"Chất lượng âm thanh tuyệt vời!, Thoải mái khi đeo trong thời gian dài., Kết nối Bluetooth mượt mà.,",5.0,99,positive,2025-11-17 08:39:54.585193
lazada_lazada_rev_0d5e74fd,lazada_1917454211,tai nghe rất ok tiếng rõ ràng đúng màu giao hàng nhanh giá cả rất vừa túi HSSV nhưng đệm tai hơi nhỏ ạk đáng đc 5 sao ạk 🥰🥰🥰,5.0,124,positive,2025-11-17 08:39:54.585193
lazada_lazada_rev_0eebc988,lazada_3132541944,mua f9 lại giao s10 làm gì z treo đầu dê bán thịt chó à,5.0,55,positive,2025-11-17 08:39:54.585193
lazada_lazada_rev_157260ba,lazada_2891718216,khóc uu nó ở đó uhh nếu kết thúc công việc của DJ eh uu đến db đã mất một quả trứng ee t cc thời gian bạn cod cho Joann bạn chỉ cần,5.0,131,positive,2025-11-17 08:39:54.585193
lazada_lazada_rev_1838266a,lazada_1569856692,"Giao hàng rất là nhanh mới 2 ngày hơn là có rồi nè Tai nghe rất là xinh nghe không đau tai, nghe rất to và rõ nha Có kèm dây 1 sạc và mình rất hài lòng luôn 😍😍😍",5.0,160,positive,2025-11-17 08:39:54.585193
lazada_lazada_rev_185ce439,lazada_1524190647,"Chất lượng sản phẩm: sử dụng tốt Tính năng nổi bật: rõ nét âm thanh Sản phẩm được đóng gói cẩn thận, sử dụng dễ dàng, phù hợp giá tiền",5.0,134,positive,2025-11-17 08:39:54.585193
lazada_lazada_rev_1bdc157f,lazada_260268638,"Micrô điều chỉnh tiện lợi, Thoải mái khi mặc, Giá trị tuyệt vời cho giá cả, Chất lượng âm thanh tuyệt vời,",5.0,106,positive,2025-11-17 08:39:54.585193
lazada_lazada_rev_1c5f2a9a,lazada_2907700783,"The box was smashed. Very poor packaging. Headphones are ok. working. I ordered 2 pc different color, but got only one. Suppose the purple is out of stock. Going for refund.",5.0,173,positive,2025-11-17 08:39:54.585193
lazada_lazada_rev_2aa89edb,lazada_2684185919,"Điều khiển âm lượng để điều chỉnh dễ dàng, Bluetooth 5.3 cho kết nối nhanh chóng và ổn định, Bluetooth 5.3 cho kết nối nhanh chóng và ổn định, Thiết kế mỏng và phong cách",5.0,170,positive,2025-11-17 08:39:54.585193
lazada_lazada_rev_2dae763a,lazada_2603258160,Mua về chơi được 1 ngày. Bé đem vô trường học bị người ta lấy mất,5.0,65,positive,2025-11-17 08:39:54.585193
lazada_lazada_rev_2f6877a4,lazada_1918072875,"quá vip luôn có cái ló hơi nhỏ thôi, âm thanh ổn lắm ,mua lời lắm nha",5.0,69,positive,2025-11-17 08:39:54.585193
lazada_lazada_rev_2f9fa463,lazada_158000115,"không chê vào đâu được...nghe to, rõ,nét,bass mạnh ,bề ngoài chông bền chắc không khác gì tai nghe cao cấp.",5.0,107,positive,2025-11-17 08:39:54.585193
lazada_lazada_rev_346be21e,lazada_532886883,"hàng đúng như mô tả đẹp và chất lượng tốt. shop đóng gói rất cẩn thận chắc chắn, giao hàng nhanh.",5.0,97,positive,2025-11-17 08:39:54.585193
lazada_lazada_rev_37507b36,lazada_2470452950,"Màn hình cảm ứng LCD, ổn muợtHộp sạc nhanh, lâu",5.0,47,positive,2025-11-17 08:39:54.585193
lazada_lazada_rev_37de1d71,lazada_1563226140,"Phù hợp cho cả tai trái và tai phải, Khoảng cách truyền Bluetooth xa,",5.0,69,positive,2025-11-17 08:39:54.585193
lazada_lazada_rev_3af3406d,lazada_568868580,"Tai nghe khá êm, lót tai mềm ngoại hình và đóng gói chắc chắn, mình khá hài lòng",5.0,80,positive,2025-11-17 08:39:54.585193
lazada_lazada_rev_460a8242,lazada_3197213519,"Rất thích tai nghe này! Âm thanh thực sự rất tốt, đeo lên đầu trông cũng rất đẹp, là món thời trang!",5.0,100,positive,2025-11-17 08:39:54.585193
lazada_lazada_rev_48d56c7f,lazada_2361560015,"tai nghe tốt, chống ồn tốt, shop tư vấn nhiệt tình. có thể sẽ mua hàng lần sau",5.0,78,positive,2025-11-17 08:39:54.585193
lazada_lazada_rev_4add367a,lazada_2065421614,Anh đang trên đường về đến trường học của m và du lịch sử á là một loài bướm đêm trong trường học và gia huy ơi anh có thể làm gì vậy anh,5.0,137,positive,2025-11-17 08:39:54.585193
lazada_lazada_rev_51c0a666,lazada_3009692890,"[TB] 5G CỰC ĐÃ, GIÁ SIÊU HỜI! 1. Soạn 5G10 gửi 191: 10K có 6GB sử dụng đến 24h ngày đăng ký 2. Soạn 5G30 gửi 191: 30K/3 ngày có 7GB/ngày Các gói cước gia hạn khi hết chu kỳ. Chi tiết LH 198 (0đ).",5.0,195,positive,2025-11-17 08:39:54.585193
lazada_lazada_rev_54939ef7,lazada_3116287490,Chất lượng sản phẩm:rất tốt Tính năng nổi bật:kết lối Bluetooth với điện thoại Nghe khá hay và mình thích màu của nó rất đẹp,5.0,124,positive,2025-11-17 08:39:54.585193
lazada_lazada_rev_55ed6856,lazada_1312093876,"shop đóng gói cẩn thận, giao hàng nhanh,mặc dù giao từ nước ngoài. tai nghe gọn nhẹ, chất lượng âm thanh rất tốt, khả năng cách âm cũng rất tốt. hài lòng, vote shop 5 sao",5.0,170,positive,2025-11-17 08:39:54.585193
lazada_lazada_rev_5a22676a,lazada_1706960565,ĐÁNH GIÁ KHÁCH QUAN NHẤT hàng đẹp nha giao đúng màu đúng mẫu đúng hình mang về là phải sạc vô tầm nửa tiếng là đầy rồi kết nối nha nghe tốt nhưng khi người khác gọi mình nghe thì nó bị ngắt kết nối ở dt nghe xong thì lại tự kết nối =&gt; k ảnh hưởng so với tiền thì rất ok nha nên mua đương nhiêm sẽ k bằng tai nghe mấy trăm được nhưng hợp với giá tiền,5.0,352,positive,2025-11-17 08:39:54.585193
lazada_lazada_rev_636a28b4,lazada_2898138333,"âm thanh nghe ổn áp. giá rẻ. giao hàng nhanh. tuy nhiên, do vành tai của mình nhỏ nên đeo tai nghe cảm giác bị lỏng, sợ rơi khi vận động mạnh.",5.0,142,positive,2025-11-17 08:39:54.585193
lazada_lazada_rev_65896649,lazada_1674754770,"sp tốt, shipper thân thiện, giao nhanh, hihi nói chung là rất like nhaaaaaaaaaaaaaaaaa:v",5.0,88,positive,2025-11-17 08:39:54.585193
lazada_lazada_rev_66fd3f33,lazada_3019215441,🔋Battery Life:,5.0,14,positive,2025-11-17 08:39:54.585193
lazada_lazada_rev_6a8de6dd,lazada_694826295,"Sản phẩm được bảo đảm tốt với bọc bong bóng dày. Thử nghiệm, chất lượng âm thanh là tốt cho giá với âm bass mạnh mẽ hợp lý. Đi kèm với cả hai tùy chọn cáp âm thanh (Mặc dù không dây) và Cáp sạc USB. Tôi hài lòng với việc mua hàng.",5.0,230,positive,2025-11-17 08:39:54.585193
lazada_lazada_rev_6dda5fa6,lazada_468076545,"Tai nghe tốt, đầy đủ phụ kiện. Shop bán rẻ nhất trong các shop trên Lazada.",5.0,75,positive,2025-11-17 08:39:54.585193
lazada_lazada_rev_7245a1c6,lazada_260275079,"Even with the low price-tag, the Logitech H340 headset offers a noise-cancelling microphone and a lightweight design, which was enough to tempt me over. Now having used the Logitech H340 headset for over 1000+ hours, I thought I’d share my experiences on the audio quality, microphone quality, build quality, comfort overall design.",5.0,332,positive,2025-11-17 08:39:54.585193
lazada_lazada_rev_7260fca8,lazada_1731407106,hàng ok geres Chào bán 888t 3663722 của mình xin phép em a ba người đàn ông của đời mình yếu đi xe,5.0,98,positive,2025-11-17 08:39:54.585193
lazada_lazada_rev_756be58d,lazada_2134634329,Đánh giá trung thực \ n \ nâm thanh chất lượng 9/10 \ nbass 7/10 \ nbuilt chất lượng 8/10 \ tiếng Hin-ddi ko PA NA thử Yung Mic \ n \ nmabilis Giao hàng 6 ngày lang NA nhận ko NA agad sobrang ganda meron kasamang túi \ n \ nngười bán salamat,5.0,241,positive,2025-11-17 08:39:54.585193
lazada_lazada_rev_75dda08c,lazada_1706960565,Sản phẩm rẻ nhưng âm thanh nghe cũng ổn áp lắm mọi ngừi ạ. Cũng hay lém.,5.0,72,positive,2025-11-17 08:39:54.585193
lazada_lazada_rev_77957e06,lazada_2603258160,"Tuyệt vời, màu sắc đẹp, bé rất thích, hơi nặng chút nhưng ổn với tầm giá. Nên mua nha Tuyệt vời, màu sắc đẹp, bé rất thích, hơi nặng chút nhưng ổn với tầm giá. Nên mua nha",5.0,171,positive,2025-11-17 08:39:54.585193
lazada_lazada_rev_79c95dca,lazada_2980423165,"Thiết kế tai nghe chụp tai thoải mái, dễ chịu khi nghe trong thời gian dài, dịch vụ vận chuyển rất tốt",5.0,102,positive,2025-11-17 08:39:54.585193
lazada_lazada_rev_7c91f2cd,lazada_3125717599,Đóng gói sản phẩm cẩn thận. Giao hàng nhanh chóng. Sản phẩm okela nha!!!,5.0,72,positive,2025-11-17 08:39:54.585193
lazada_lazada_rev_7e20e378,lazada_2684185919,🔋Battery Life:,5.0,14,positive,2025-11-17 08:39:54.585193
lazada_lazada_rev_7e6e27e3,lazada_2149571056,"Hiệu suất âm trầm tuyệt vời, bass mạnh, loa tiếng to, nghe ngoài trời vẫn rất lực, toàn dải sáng sủa",5.0,100,positive,2025-11-17 08:39:54.585193
lazada_lazada_rev_800aed0d,lazada_295626014,"Tai Nghe Có Mic Tốt, nghe đã lắm, mẫu mã đẹp, ok shop",5.0,53,positive,2025-11-17 08:39:54.585193
lazada_lazada_rev_83966f65,lazada_3204704241,"Tai nghe không dây iQOO rất ổn, âm thanh rất tốt, màu sắc và kiểu dáng đẹp mắt, lần sau sẽ mua tiếp!",5.0,100,positive,2025-11-17 08:39:54.585193
lazada_lazada_rev_86ed2f79,lazada_426216015,Đóng gói cẩn thận. Mùa dịch giao hàng rất nhanh và ổn. Hàng chất liệu là nhựa nên nhẹ tay. Âm thanh vừa đủ không to và rè. Với giá tiền ít thì chất lượng vậy tương xứng.,5.0,169,positive,2025-11-17 08:39:54.585193
lazada_lazada_rev_8966bdbf,lazada_2598100718,Отличные наушники! Быстрая доставка! Звук понравился. Спасибо продавцу! Всё получила в целости и сохранности,5.0,108,positive,2025-11-17 08:39:54.585193
lazada_lazada_rev_928b1740,lazada_260268638,- sản phẩm giao nhanh chóng - sản phẩm được đóng gói kỹ lưỡng - sản phẩm như được quảng cáo,5.0,91,positive,2025-11-17 08:39:54.585193
lazada_lazada_rev_93f2701c,lazada_2359457757,"ok, không tệ, mặc dù âm thanh 2 bên không được rõ đều như nhau. Nhưng với cái giá đó thì là justified👍",5.0,102,positive,2025-11-17 08:39:54.585193
lazada_lazada_rev_96c898f2,lazada_2498175025,đã nhận sản phẩm. thấy có vẻ ok. âm thanh ổn. không biết pin có bền không,5.0,73,positive,2025-11-17 08:39:54.585193
lazada_lazada_rev_98528960,lazada_1560559132,"Đẹp á dễ thương lắm luôn, nghe nhạc siêu hay, pin trâu 2-3 ngày mới phải sạc .đóng gói cẩn thận không bị móp méo,sẽ ủng hộ shop lần sau.",5.0,136,positive,2025-11-17 08:39:54.585193
lazada_lazada_rev_9e6e5719,lazada_3197213519,"Chất âm của tai nghe cực kỳ tốt, chất liệu cũng rất ổn, cầm trên tay cảm giác rất thích. Các chị em muốn mua tai nghe chụp tai thì đừng ngần ngại nhé.",5.0,150,positive,2025-11-17 08:39:54.585193
lazada_lazada_rev_9e8cbd10,lazada_1433739408,"Tai nghe đẹp và giao hàng siêu nhanh 🥰🥰🥰🥰 dịch vậy mà vài ngày là giao tới nơi rồi ạ, shop phục vụ rất tốt ^^",5.0,109,positive,2025-11-17 08:39:54.585193
lazada_lazada_rev_ae5ad54a,lazada_2516941675,"giao hàng nhanh, nhìn thời trang, đèn led cute, trong suốt, hiển thị dung lượng dễ theo dõi",5.0,91,positive,2025-11-17 08:39:54.585193
lazada_lazada_rev_aedd8645,lazada_273230968,shop lưa đảo tui mua cai co micro shop dua do tao lao,5.0,53,positive,2025-11-17 08:39:54.585193
lazada_lazada_rev_b9f9188e,lazada_2395409425,thiết kế hơi tệ nắp không có lò xo lỏng lẻo lúc mới mở ra. tưởng hàng lỗi. Âm thanh nhỏ nghe một tai thì quá nhỏ. nói chung thua con airpod feke giá rẻ hơn nhiều. Anh em cân nhắc khi mua,5.0,186,positive,2025-11-17 08:39:54.585193
lazada_lazada_rev_7ecd68ca,lazada_1634811622,"Giao nhanh, sp nhẹ, kết nối tốt :( nhưng ko có nút tắt nhạc trên tai :(",5.0,71,positive,2025-11-17 08:39:54.585193
lazada_lazada_rev_c039fbed,lazada_2281148838,"Cũng xinh xẻo. Kết nối đc 2 thiết bị 1 lúc. Bên bán có giấy tờ chính hãng rồi tự đăng kí bảo hành cho mình. Đảm bảo yên tâm. Có điều tai nghe hơi nhỏ so với nam thì phải, mình đeo thì ok nhưng chồng mình đeo thấy hơi đau tai. Pin thì trâu khỏi bàn",5.0,247,positive,2025-11-17 08:39:54.585193
lazada_lazada_rev_c3e80cdc,lazada_2963882928,🔋Battery Life:,5.0,14,positive,2025-11-17 08:39:54.585193
lazada_lazada_rev_c54f8139,lazada_3051730477,"Rất đẹp, dùng tốt แต่ màu sắcที่ได้ไม่ตรงกับที่สั่ง มีสีขาวมา",5.0,61,positive,2025-11-17 08:39:54.585193
lazada_lazada_rev_c7ba113a,lazada_2350848448,Sound Quality:,5.0,14,positive,2025-11-17 08:39:54.585193
lazada_lazada_rev_c9a70dd8,lazada_3146967074,sạc đầy không mở được không kết nối được !,5.0,42,positive,2025-11-17 08:39:54.585193
lazada_lazada_rev_c9ae5974,lazada_2516941675,Là miếng khăn lau quà miễn phí khi mua thiết bị M9Plus. Cảm ơn shop nhé.,5.0,73,positive,2025-11-17 08:39:54.585193
lazada_lazada_rev_cbfcab95,lazada_2212089037,"Rẻ, xinh mà chất lượng lắm nh, thời gian giao hàng nhanh chóng .",5.0,64,positive,2025-11-17 08:39:54.585193
lazada_lazada_rev_cfeafc39,lazada_2214957548,Hàng này rất ok nha nhưng âm thanh nghe được tầm 80% không to lắm như đối với phân khúng này thì quá tuyệt vời ròi ạk còn về phần nghe được bao lâu thì phải trải nghiệm mới biết được đây chắt chắng là đơn hàng khiến em hài lòng nhất lazada từ trước đến giờ và củng là món hàng đầu tiên em đánh giá chắt chắn em sẻ lên thêm 1 bài đánh giá gần nhất về con tai nghe này thank shop,5.0,377,positive,2025-11-17 08:39:54.585193
lazada_lazada_rev_d1603a48,lazada_2274902846,"Microphone tiện lợi, Ôm tai thoải mái, Nhiều tùy chọn màu sắc, Chất lượng xây dựng bền, Nhiều tùy chọn màu sắc, Ôm tai thoải mái, Ôm tai thoải mái, Chất lượng xây dựng bền, Ôm tai thoải mái, Ôm tai thoải mái, Microphone tiện lợi, Ôm tai thoải mái, Ôm tai thoải mái, Microphone tiện lợi, Microphone tiện lợi, Ôm tai thoải mái, Microphone tiện lợi, Ôm tai thoải mái, Ôm tai thoải mái, Microphone tiện lợi, Ôm tai thoải mái, Microphone tiện lợi, Ôm tai thoải mái, Microphone tiện lợi, Ôm tai thoải mái,",5.0,499,positive,2025-11-17 08:39:54.585193
lazada_lazada_rev_dbd9111a,lazada_260262933,"I've been using these for a couple of days now, and I can say from my experience:",5.0,81,positive,2025-11-17 08:39:54.585193
lazada_lazada_rev_de962387,lazada_1722359022,Tai nghe rất đáng tiền,5.0,22,positive,2025-11-17 08:39:54.585193
lazada_lazada_rev_df7accd3,lazada_1402400311,shop tư vấn nhiệt tình sản phẩm dùng tốt 👍👍👍👍👍👍👍👍👍👍👍👍👍👍👍👍👍👍👍👍👍👍👍,5.0,64,positive,2025-11-17 08:39:54.585193
lazada_lazada_rev_e4a56c2f,lazada_1574232051,Tai nghe chính hãng chất lượng tốt đầy đủ phụ kiện hàng mới nguyên hộp,5.0,70,positive,2025-11-17 08:39:54.585193
lazada_lazada_rev_e522793a,lazada_2200834471,"Củ loa balanced armature cho âm thanh chính xác, Giá trị tuyệt vời cho số tiền bỏ ra, Thiết kế mỏng nhẹ và sang trọng, Thiết kế bền chắc, Chất lượng âm thanh rõ ràng,",5.0,166,positive,2025-11-17 08:39:54.585193
lazada_lazada_rev_e57ec34f,lazada_2976372707,Tai nghe ổn. Ngoại quan đẹp. Màu xám ok. Nói chung đẹp và nghe ổn. Âm dạng trầm ấm. Khá ổn,5.0,90,positive,2025-11-17 08:39:54.585193
lazada_lazada_rev_e90ee328,lazada_2039350426,"Shop giao hàng nhanh, đóng gói cẩn thận Tai nghe có màu xinh, nhẹ nên đeo lâu ko bị đau nhưng hơi nóng 1 xíu nếu ko ngồi điều hòa, âm thanh nghe rất ổn trong tầm giá này nhé",5.0,173,positive,2025-11-17 08:39:54.585193
lazada_lazada_rev_f1393c2f,lazada_2898141369,"Tai nghe xoay 180 độ tiện lợi, Âm thanh sống động, chi tiết, Đeo khít, không rơi khi vận động,",5.0,94,positive,2025-11-17 08:39:54.585193
lazada_lazada_rev_fa348aed,lazada_3191318239,"Chất lượng tai nghe tuyệt vời, kết nối nhanh, âm thanh rõ ràng, đeo thoải mái, giá trị cao, rất hài lòng với lần mua này!",5.0,121,positive,2025-11-17 08:39:54.585193
lazada_lazada_rev_fca42e55,lazada_1668753493,"nghe rõ không cách âm tốt đâu nha mọi người, do nó khong phải loại trùm toàn tai đó.",5.0,84,positive,2025-11-17 08:39:54.585193
lazada_lazada_rev_048de3e7,lazada_2024682283,"Kết cấu chắc chắn và bền, Chất lượng âm thanh tuyệt vời!, Thoải mái khi đeo trong thời gian dài., Tuổi thọ pin lâu dài., Dễ dàng kết nối và sử dụng.,",5.0,149,positive,2025-11-17 08:39:54.585193
lazada_lazada_rev_07fab14f,lazada_2847576423,"ok tốt, chơi game khá là ok. ko 1 chút độ trễ nào. sjsjsnshssjsjsjsjjsisjenebxhckxx sjsnsnsnnssjs",5.0,97,positive,2025-11-17 08:39:54.585193
lazada_lazada_rev_0879912e,lazada_2281148838,"Tai nghe siêu đẹp, nghe hay xỉu hy vọng bền bỉ dùng đc lâu",5.0,58,positive,2025-11-17 08:39:54.585193
lazada_lazada_rev_0a321033,lazada_3157816261,Sản phẩm rất tốt ạ. Ai đang do dự không dám đặt hàng vì sợ nhận được hàng kém chất lượng thì mình xin giới thiệu luôn shop này ạ,5.0,128,positive,2025-11-17 08:39:54.585193
lazada_lazada_rev_115f432b,lazada_2636265097,"Đeo lên tai êm mịn, nhạc hay âm thanh tốt ko có điểm gì đáng chê, giao ra bắc hơi à 3 ngày mới nhận đc",5.0,102,positive,2025-11-17 08:39:54.585193
lazada_lazada_rev_148485c2,lazada_1435021218,"hàng tốt rất đẹp nhé shop , nghe thì rất ok nha , nghe nhạc rất hay , có gì sẽ ủng hộ shop tiết nhé........",5.0,107,positive,2025-11-17 08:39:54.585193
lazada_lazada_rev_183b5d51,lazada_2214957548,"Nghe ấm lắm, cái chụp hơi đau tai. Chắc do.lỗ tai mình to hay sao á...Shop hướng dẫn sử dụng nhiệt tình jwjjejs jjsjsjd jjjdb",5.0,125,positive,2025-11-17 08:39:54.585193
lazada_lazada_rev_1861d6c1,lazada_2050586084,"nghe ngon lành cành đào. shop đóng gói đẹp, cẩn thận",5.0,52,positive,2025-11-17 08:39:54.585193
lazada_lazada_rev_18e95e07,lazada_1615620387,Sản phẩm tốt shop giao hàng nhanh đặt hôm nay hôm sau đã nhận dc hàng shipber giao hàng vui vẻ.mọi người nên mua hàng của shop.,5.0,127,positive,2025-11-17 08:39:54.585193
lazada_lazada_rev_1cd78409,lazada_3147060650,Lần 2 mua tai nghe này rồi chất lượng ok mua hộ người quen nên mua lần 2 nhé tại cái đầu tiên mua dùng tốt nên cũng chưa có ý định mua,5.0,134,positive,2025-11-17 08:39:54.585193
lazada_lazada_rev_220e047c,lazada_2319239469,Chất lượng rất ổn trong tầm giá. Hàng chính hãng. pin không được dài lắm nhưng đủ dùng. 250k không thể đòi hỏi hơn được.,5.0,120,positive,2025-11-17 08:39:54.585193
lazada_lazada_rev_26565551,lazada_1524674253,Tai nghe tốt. Hàng đúng mô tả. Giá cả phải chăng,5.0,48,positive,2025-11-17 08:39:54.585193
lazada_lazada_rev_26f8b9f8,lazada_2966444495,nhanh hư...,5.0,11,positive,2025-11-17 08:39:54.585193
lazada_lazada_rev_2de11005,lazada_2172666517,pin tai nghe đc chừng 2h . box sạc k ổn sạc cả 2 tai k đủ 1 lần sạc,5.0,67,positive,2025-11-17 08:39:54.585193
lazada_lazada_rev_2f44a6b7,lazada_2733185087,Sự thoải mái: tốt Tính tương thích: đẹp Thời gian sử dụng pin: lâu dài Tốt lắm ạ ạ ạ ạ ạ ạ ạ ạ ạ ạ ạ ạ ạ ạ ạ ạ ạ ạ ạ ạ ạ ạ ạ ạ ạ ạ ạ ạ ạ ạ ạ ạ ạ ạ,5.0,146,positive,2025-11-17 08:39:54.585193
lazada_lazada_rev_30d8123f,lazada_1722359022,"Tai nghe chất lượng👍, nghe rất thích, 🎧chụp kín tai thoải mái, thời gian nghe lâu. Shop có tặng kèm túi đeo nữa, cảm ơn rất nhiều ạ!😆🎶",5.0,134,positive,2025-11-17 08:39:54.585193
lazada_lazada_rev_3310da6d,lazada_2260145786,"Giao hàng nhanh, chất lượng cũng tốt không vấn đề, gói hàng kỹ",5.0,62,positive,2025-11-17 08:39:54.585193
lazada_lazada_rev_34dbff73,lazada_1314057100,"Chưa dùng chưa biết tốt ko. Mua tặng, áp mã được giá tốt. Thanks nxjsmnsxn",5.0,74,positive,2025-11-17 08:39:54.585193
lazada_lazada_rev_420ee4b6,lazada_2641021358,"Kiểm soát thuận tiện cho việc sử dụng dễ dàng, Thiết kế nhỏ gọn và nhẹ nhàng để dễ dàng mang theo,",5.0,98,positive,2025-11-17 08:39:54.585193
lazada_lazada_rev_437a218c,lazada_2650812620,"Chất lượng sản phẩm: Rất tốt Tính năng nổi bật: Rất êm tai Tuyệt vời shop nhé ! Mình không ngờ chất âm tai nghe bass lại ổn thế, loa to chỉ dám nghe 70-80%, mình chưa tiếp xúc nhiều loại nhưng trong tầm giá này mấy con mình mua chưa con nào bass căng mà to rõ như này, về pin thì mình chưa test, nói chung thật sự ổn, bạn nào mua thì cứ gọi yên tâm nhé, chất lượng về sản phẩm, và hỗ trợ nhân viên tư vấn nhiệt tình, ổn…ok 😊",5.0,424,positive,2025-11-17 08:39:54.585193
lazada_lazada_rev_45caeefe,lazada_735588170,"Đẹp, chống ồn, ok so với giá, chỉ có đều hơi đau tai khi nghe lâu",5.0,65,positive,2025-11-17 08:39:54.585193
lazada_lazada_rev_4a824899,lazada_1936946754,"Thời gian giao hàng rất nhanh, chất lượng sản phẩm tuyệt vời, đóng gói sản phẩm rất đẹp và chắc chắn. Mình mua lần thứ 2 rồi nên không có gì phàn nàn về sản phẩm cả, sẽ giới thiệu bạn bè tới shop &lt;3 🤩",5.0,203,positive,2025-11-17 08:39:54.585193
lazada_lazada_rev_4d6da0bf,lazada_291454451,Sound Quality:,5.0,14,positive,2025-11-17 08:39:54.585193
lazada_lazada_rev_4de1165d,lazada_2195749466,"sạc bằng typec, có 1 dây cắm để có thể ko dùng Bluetooth. tai nghe nhìn chung thì ổn trong tầm giá. thiết kế khá lỏng lẻo, tránh rơi rớt ko có là bay màu luôn. pin sạc cỡ 1 tiếng là đây, âm lượng ko quá xuất sắc, khá nhỏ, có nhận voice, độ dài hơi hạn chế. giá quá hời, màu sắc đẹp, thiết kế ấn tượng. 265k cho 2 chiếc tai nghe này.",5.0,332,positive,2025-11-17 08:39:54.585193
lazada_lazada_rev_4ed9cbff,lazada_156609186,tai nghe gì có 35k mà nghe hay số dách luôn nha quý dị. K biết có bền k thôi. với lại chuôi 3.5 cắm lap được thôi chứ điện thoại type c phải có thêm cái đầu chuyển. nên mua,5.0,172,positive,2025-11-17 08:39:54.585193
lazada_lazada_rev_514ca067,lazada_2719866288,"10/10 Dây đeo có thể điều chỉnh để phù hợp với kích thước, Giá trị tuyệt vời cho mức giá, Khả năng cách âm cho trải nghiệm nghe nhạc sâu sắc, Cấu trúc bền bỉ cho việc sử dụng lâu dài, Thiết kế tinh tế và chuyên nghiệp, Vừa vặn thoải mái cho những buổi nghe dài, Micro tích hợp tiện lợi cho cuộc gọi rảnh tay, Âm thanh rõ ràng và chính xác,",5.0,339,positive,2025-11-17 08:39:54.585193
lazada_lazada_rev_55002699,lazada_3194714279,"Đã sử dụng một thời gian. Khi xem TV, tai nghe này thỉnh thoảng bị mất tiếng.",5.0,77,positive,2025-11-17 08:39:54.585193
lazada_lazada_rev_593e9df8,lazada_933898278,nghe oke phếch,5.0,14,positive,2025-11-17 08:39:54.585193
lazada_lazada_rev_5ccb08ec,lazada_1402400311,"đẹp lắm nha, ban đầu sợ hàng giả do lần đầu mua , không biết sử dụng được lâu k mà thấy rất oki. tặng dây kết nối với dây sạc sài cũng lâu nên đáng tiền mua",5.0,156,positive,2025-11-17 08:39:54.585193
lazada_lazada_rev_605d6f2e,lazada_1385291231,shop đóng gói hàng cẩn thận có điều đặt màu đen giao màu hồng mà được cái tai nghe xinh âm thanh nghe êm tai tai mèo có thể phát sáng tặng kèm pin để thay giá cả rẻ nữa shop uy tín nên mua nha,5.0,192,positive,2025-11-17 08:39:54.585193
lazada_lazada_rev_627e859d,lazada_2650812620,"Tính năng nổi bật: Sản phẩm tốt Chất lượng sản phẩm: Không đau tại rất êm Sản phẩm có màn hình led như một đồng hồ thông minh hiện giờ ,khá đẹp thiết kế ngon ngẻ và đáng mua về mình bán lại cho thằng e giá 600K nó mua luôn thế là mình lên đặt thêm 2 cái của shop. Sản phẩm rất tuyệt",5.0,282,positive,2025-11-17 08:39:54.585193
lazada_lazada_rev_672f4783,lazada_1419511614,"Mình đã nhận đủ 2 món sản phẩm. Shop chuẩn bị hàng và gửi hàng nhanh, sản phẩm tốt và tiện dụng.",5.0,96,positive,2025-11-17 08:39:54.585193
lazada_lazada_rev_6a6cd6bf,lazada_997000031,hinh anh mang tinh chat nhân xu __&_________________________,5.0,60,positive,2025-11-17 08:39:54.585193
lazada_lazada_rev_6db55432,lazada_251491984,"Giá trị tuyệt vời cho giá tiền, Thoải mái khi đeo trong thời gian dài, shop đóng gói và giao hàng nhanh 🥰🥰🥰🥰",5.0,108,positive,2025-11-17 08:39:54.585193
lazada_lazada_rev_6df46a87,lazada_2267264164,Mua về nghe nhạc chơi game . Với tầm giá này thì con này là ngon lành rồi . Âm thanh rõ ràng nghe êm tai. Cho shop 5 sao bán hàng uy tín,5.0,136,positive,2025-11-17 08:39:54.585193
lazada_lazada_rev_6f549fd4,lazada_2650812620,"Hàng xịn mua về cầm đi thể thao đeo vào rất thích thoải mái tinh thần thư giãn nhanh chóng cho một ngày thể dục, hoặc khi ngủ rất ngon nên mua lần tới sẽ ủng hộ tiếp",5.0,165,positive,2025-11-17 08:39:54.585193
lazada_lazada_rev_72a2b0c7,lazada_2998495327,tốt tốt 👍👍👍,5.0,11,positive,2025-11-17 08:39:54.585193
lazada_lazada_rev_7701925f,lazada_130099683,Giao không đúng màu. Đặt màu kem giao màu đen,5.0,45,positive,2025-11-17 08:39:54.585193
lazada_lazada_rev_801d1629,lazada_2076467843,Mình nhận được hàng rồi. Khá bất ngờ vì chất lượng. Đóng gói sản phẩm chắc chắn. Mình đã dùng thử và thấy rất là tuyệt vời. Chúc shop buôn may bán đắt.,5.0,151,positive,2025-11-17 08:39:54.585193
lazada_lazada_rev_8638e0ec,lazada_358416619,"sản phẩm đúng như hình ảnh, như bị lỗi rồi tai nghe bên trái nhỏ tiếng hơn bên phải ó",5.0,85,positive,2025-11-17 08:39:54.585193
lazada_lazada_rev_8a509567,lazada_2198337929,"đẹp , hợp với giá tiền người mua , shipper dễ thương.hjokwowwkk",5.0,63,positive,2025-11-17 08:39:54.585193
lazada_lazada_rev_9228645f,lazada_2320981086,sản phẩm đẹp ... mình chưa thử được nên chưa biết thế nào. nhưng chắc lag tốt rồi bởi ai ai cũng phản hòi 10 điểm,5.0,113,positive,2025-11-17 08:39:54.585193
lazada_lazada_rev_9316a4f8,lazada_1669454727,cảm ơn sopt đã đổi đúng hàng. hàng dùng rất tốt và bán hàng có tâm,5.0,66,positive,2025-11-17 08:39:54.585193
lazada_lazada_rev_96376d43,lazada_1683986646,"nghe hay, tuy nhiên hơi đau tai. headphone đẹp, pin sử dụng lâu",5.0,63,positive,2025-11-17 08:39:54.585193
lazada_lazada_rev_a77cce3d,lazada_2615050330,"Micro không cần tay đi kèm, Thiết kế loa động lực, Loa động lực 32mm, Lưu trữ tích hợp,",5.0,87,positive,2025-11-17 08:39:54.585193
lazada_lazada_rev_a799140c,lazada_3051730477,Ordered these wirelesss Bluetooth headphones on Lazada. The price was very good and they seem to sound okay. It took time to deliver though.,5.0,140,positive,2025-11-17 08:39:54.585193
lazada_lazada_rev_b16fca7b,lazada_3049620058,mới nhận hàng là làm theo hướng sử dụng bấm mở hoài 2 ngày không lên .😐tiếc ghê,5.0,79,positive,2025-11-17 08:39:54.585193
lazada_lazada_rev_b1a4d3dc,lazada_2891718216,"🎧Sự thoải mái: Tôi yêu 😚😘 bạn có ý tưởng nào về cách bạn vẫn 🤔 Tôi nghĩ đó chỉ là cách bạn 😉 Tôi yêu nó cho đến nay ❤️ Tôi yêu nó ❤️ Tôi có thể hoàn thành một vài việc trước khi kết thúc tuần này, tôi nghĩ chỉ là nhún vai một chút",5.0,230,positive,2025-11-17 08:39:54.585193
lazada_lazada_rev_b3b997af,lazada_3026831742,Sound Quality:,5.0,14,positive,2025-11-17 08:39:54.585193
lazada_lazada_rev_b433427f,lazada_1419511614,Hàng quốc tế giao hơi chậm. Được cái rẻ Giá vừa tầm với sản phẩm. Nói chung là ok ok ok. Hdhhshdhshsjsjsjsjsjsjshhshshshshshshsh Héhhshshsh,5.0,139,positive,2025-11-17 08:39:54.585193
lazada_lazada_rev_b7ce4383,lazada_1482416999,cảm quan ban đầu ko ấn tượng...,5.0,31,positive,2025-11-17 08:39:54.585193
lazada_lazada_rev_b8dca0e5,lazada_1435021218,"So với giá tiền thì ok, đóng gói lẹ chưa sử dụng nên chưa biết được chất lượng như nào………… Abcdefghhsksbdjdjdhdkdjdbdjdkdbdjdjdbđjjd hđjbdjdjdjdkdjdj",5.0,149,positive,2025-11-17 08:39:54.585193
lazada_lazada_rev_baed1376,lazada_2281148838,"Tai nghe siêu đẹp, nghe hay xỉu hy vọng bền bỉ dùng đc lâu",5.0,58,positive,2025-11-17 08:39:54.585193
lazada_lazada_rev_bafff8ce,lazada_1196678232,"Ngày đầu tiên nhận được hàng và đã trải nghiệm. Thật ra mình đã tìm hiểu chiếc tai nghe này từ lâu qua các bài viết và video review trên mạng, họ nói chiếc tai nghe này là best Price/Performance và quả thật, chất lượng tai nghe này là điều không thể bàn cãi, âm thanh mà nó mang lại cực kì chất lượng, chất âm bass đánh hơi sâu, tổng thể rất hoà hợp, âm lượng bật max rất to và rõ, nên nghe dưới mức 80% để bảo vệ thính giác. Phụ kiện kèm theo bao gồm túi da, dây cổng jack 3.5 và cổng sạc micro-USB.",5.0,500,positive,2025-11-17 08:39:54.585193
lazada_lazada_rev_c107c91b,lazada_2034491526,"sản phẩm rất tốt âm thanh rất tốt cách âm tốt mic rất rõ, rất to. Rất hài lòng về sản phẩm. Lần sau sẽ ủng hộ shop tiếp.",5.0,120,positive,2025-11-17 08:39:54.585193
lazada_lazada_rev_c457dd05,lazada_2530376650,"Tính năng khử tiếng ồn hoạt động tốt, Kết nối Bluetooth ấn tượng, Giá trị tuyệt vời cho giá cả, hhbjbvn",5.0,103,positive,2025-11-17 08:39:54.585193
lazada_lazada_rev_c86a9239,lazada_2498175025,"Kết nối không dây nhanh chóng và dễ dàng, Chất lượng âm thanh ấn tượng,",5.0,71,positive,2025-11-17 08:39:54.585193
lazada_lazada_rev_cb17a8ca,lazada_1222722107,"với giá thành này thì không đòi hỏi chất lượng gì nhiều, màu sắc đẹp nhưng tai khá to, âm k đc hay lắm",5.0,102,positive,2025-11-17 08:39:54.585193
lazada_lazada_rev_ccf2c2ee,lazada_1569856692,"Ko biết pin xai dc bao lâu, nhưng cứ thấy đẹ đẹp là lắp về thử đã :))",5.0,69,positive,2025-11-17 08:39:54.585193
lazada_lazada_rev_d381735f,lazada_2598100718,Sản phẩm nhận được rất nhanh. Gói hàng được bảo trì tốt và sản phẩm tốt.,5.0,72,positive,2025-11-17 08:39:54.585193
lazada_lazada_rev_d7c2e793,lazada_933898278,Sài ổn có bị lỗi nhưng shop đã liên hệ và hỗ trợ mình,5.0,53,positive,2025-11-17 08:39:54.585193
lazada_lazada_rev_d8129454,lazada_2907700783,🔋Battery Life:,5.0,14,positive,2025-11-17 08:39:54.585193
lazada_lazada_rev_d818bf11,lazada_144049849,"Shop giao hàng nhanh, hỗ trợ nhiệt tình. Tai nghe ổn áp, hàng chính hãng. Nói chung là ưngggg",5.0,93,positive,2025-11-17 08:39:54.585193
lazada_lazada_rev_d9a5a736,lazada_532886883,"Chất lượng âm thanh tuyệt vời, Khử tiếng ồn tuyệt vời, Kết nối Bluetooth nhanh chóng,",5.0,85,positive,2025-11-17 08:39:54.585193
lazada_lazada_rev_dc2feb45,lazada_130099683,dep. tre con o nha rat thich hay,5.0,32,positive,2025-11-17 08:39:54.585193
lazada_lazada_rev_dcfd33ef,lazada_2898138333,"vừa mới nhận được hàng và dùng thử thì thấy nó ok , pin lâu, âm thanh to rõ , đeo lâu không bị đau tai , Kết nối nhanh chóng, Thiết kế xoay 180 độ,",5.0,147,positive,2025-11-17 08:39:54.585193
lazada_lazada_rev_df38c4de,lazada_2907700783,"Jack 3.5mm tiêu chuẩn, Phù hợp cho chơi game và nghe nhạc, . Sản phẩm nhận được rất đẹp, giao hàng nhanh bao bi cẩn thận tôn trọng khách hàng. tks",5.0,146,positive,2025-11-17 08:39:54.585193
lazada_lazada_rev_e0442b16,lazada_2980423165,I am satified of the quick delivery and good quality considering the discounted reasonable price.,5.0,97,positive,2025-11-17 08:39:54.585193
lazada_lazada_rev_e58de0a3,lazada_1310728761,Giao hàng nhanh. Combo là 1 tai nghe lớn và 1 tai nghe nhỏ. Xài ok phết các bạn ah. Nhưng khi cắm vào iPhone mà thông qua chốt chuyển đổi thì ko ăn thua. Chắc do chốt chuyển đổi. Còn cắm vào máy laptop ok phết. Nên mua,5.0,218,positive,2025-11-17 08:39:54.585193
lazada_lazada_rev_e63eb58d,lazada_2050586084,"đeo nó kiểu khó chịu vì nó là loại kiểu over-headphone (loại tai nghe này ko hợp với mấy người đeo kính như mình vì tai nghe nó ép kính vào tai, tai nó nhức với cả bị bí ấy), cb nên mua loại tai nghe chùm cả tai cho nó thoải mái. Nhma với giá ko cao như này nghe đc là ok rùi.",5.0,276,positive,2025-11-17 08:39:54.585193
lazada_lazada_rev_e8175803,lazada_521504732,rất oki nhaaaaaaaaaaaaaaaaaaaaaaaaaaaaaaaaaaaaaa😍😍😍😍😍😍😍😍😍😍😍😍😍😍😍😍,5.0,64,positive,2025-11-17 08:39:54.585193
lazada_lazada_rev_ee4606a3,lazada_1620564172,"High-quality sound with 30mm integrated speaker but not very strong in base audio, clear HD microphone for crisp calls, built quality is decent with soft materials, perfect for office use and online teaching or meetings.",5.0,220,positive,2025-11-17 08:39:54.585193
lazada_lazada_rev_f053e56d,lazada_2010330571,Đã dùng air2 nhưng mất nên mua trải nghiệm em này. Quá ok với tầm giá. Nén mua nhé. Package to hơn air 2 tí tẹo teo,5.0,115,positive,2025-11-17 08:39:54.585193
lazada_lazada_rev_f1dbf906,lazada_1196678232,"hàng chính hãng, rất tốt với tầm giá ............blablablablablablablablablablabalbla",5.0,85,positive,2025-11-17 08:39:54.585193
lazada_lazada_rev_f1de4b23,lazada_2142780362,"Nhiều màu sắc để lựa chọn, Thiết kế mèo dễ thương!, Đèn Led thêm phong cách, hàng quá rẻ, phù hợp với thiếu niên dưới 12 tuổi, chụp tai nhỏ",5.0,139,positive,2025-11-17 08:39:54.585193
lazada_lazada_rev_f5388713,lazada_3026831742,"Hàng chính hãng nguyên seal, thiết kế chụp tai êm ái, Trải nghiệm âm thanh không gian, Kết nối hai thiết bị cùng lúc, Giảm tiếng ồn cuộc gọi AI, Tính năng sạc nhanh, Kết nối Bluetooth 5.4 ổn định, Hỗ trợ codec LDAC. Shop đóng gói cẩn thận",5.0,238,positive,2025-11-17 08:39:54.585193
lazada_lazada_rev_eea912a4,lazada_2320981086,OK hàng đẹp nhan viên shop rất nhiệt tình.co thac mắc gì là Tl nhanh lắm..giá này là quá OK,5.0,91,positive,2025-11-17 08:39:54.585193
lazada_lazada_rev_ff3bcfb1,lazada_2387759347,"Tai nghe bluetooth sk18 này lúc trc mình mua 1 cái rồi, xài ngon, pin nghe lâu mà tai nghe nhỏ gọn đeo lâu cũng ko bị đau tai, vẫn đang xài tốt nên mua thêm 1 cái cho con trai mìnhTuổi thọ pin lâu dài, Thiết kế nhỏ gọn và di động, Dung lượng sạc lớn, Âm thanh ổn định và chất lượng cao,",5.0,286,positive,2025-11-17 08:39:54.585193
lazada_lazada_rev_ffd03541,lazada_2907700783,🔋Battery Life:,5.0,14,positive,2025-11-17 08:39:54.585193
lazada_lazada_rev_017aeb8f,lazada_1482416999,"Săn sale nên được giá tốt.Dùng ban đầu thấy chất âm hay, bass hay, led rgb đẹp chất, đệm tai êm lọc tạp âm tốt. Lúc nhận hàng thùng bị rách nhưng may linh kiện ko hỏng hóc gì, shop lưu ý lần sau nhé.",5.0,199,positive,2025-11-17 08:39:54.585193
lazada_lazada_rev_0273f043,lazada_2039350426,"Thật dễ dàng tìm thấy sản phẩm phù hợp và chất lượng cao trên sàn thương mại điện tử, đảm bảo sự hài lòng của mọi người.",5.0,120,positive,2025-11-17 08:39:54.585193
lazada_lazada_rev_03f5acd7,lazada_1501004043,"nhìn hộp tai nghe nhận dc nguyên siu là tháy yên tâm cực kỳ sp đẹp, bắt mắt chế độ chơi game ổn nghe nhạc hay đàm thoại cũng ok nói chung hàng giá cả phải chăng mà chất lượng cũng vợt trội hơn dòng khác đó",5.0,205,positive,2025-11-17 08:39:54.585193
lazada_lazada_rev_0e901904,lazada_2891718216,Đi nào 😁 bạn có câu hỏi nào không lần đầu tiên tôi đã ăn tối 🍽️ bạn muốn 🤤 với bạn và tôi sẽ gửi mo 💟 bạn có bao giờ nhận được một số w,5.0,135,positive,2025-11-17 08:39:54.585193
lazada_lazada_rev_15c5ea17,lazada_2283131857,nhìn chung bên ngoài thì giống như quảng cáo còn chất lượng thì phải SD mới biết có chất lượng hay không,5.0,104,positive,2025-11-17 08:39:54.585193
lazada_lazada_rev_17995dae,lazada_997000031,"Món quà hoàn hảo cho bé con của mình.Đèn LED sáng rực rỡ tạo trải nghiệm sống động., Bluetooth 5.0 cho kết nối liền mạnh..rất hài lòng",5.0,134,positive,2025-11-17 08:39:54.585193
lazada_lazada_rev_1b9a3a8a,lazada_2641021358,"Âm thanh HiFi chất lượng cao cho trải nghiệm âm thanh sống động, Thoải mái khi đeo ngay cả khi ngủ, Thiết kế nhỏ gọn và nhẹ nhàng để dễ dàng mang theo, Âm trầm ấm và chất lượng âm thanh rõ ràng,",5.0,194,positive,2025-11-17 08:39:54.585193
lazada_lazada_rev_1d58aee0,lazada_2898138333,"Tại nghe rất đẹp, dùng được chỉ có điều khiến cơ không được cập nhật một chạm hơi bất tiện đôi chút",5.0,99,positive,2025-11-17 08:39:54.585193
lazada_lazada_rev_1ff9192f,lazada_694826295,"Thiết kế phong cách, Ôm sát và thoải mái, Điều khiển âm lượng tiện lợi, Dễ sử dụng,",5.0,83,positive,2025-11-17 08:39:54.585193
lazada_lazada_rev_222e0ce0,lazada_273230968,"Mic nói rõ, tai nghe loa hơi nhỏ khi dùng smartphone, nhưng laptop thì nghe ok lớn, trầm ấm. Đặt màu xanh, giao màu đỏ.",5.0,119,positive,2025-11-17 08:39:54.585193
lazada_lazada_rev_28a72364,lazada_3019215441,"Mình xem đánh giá mãi của mọi người mới quyết định mua lần trước mua phải shop khác mà trái đắng ko được bảo hành mà chât lượng khác hẳn luôn, nhận hàng em thích lắm . Phải nói là âm thanh hay bass đâp tốt lắm cảm biến dễ sử dụng và mic đàm thoại tốt nghe gọi liên tục tầm 4 tiếng",5.0,280,positive,2025-11-17 08:39:54.585193
lazada_lazada_rev_29813e16,lazada_2976372707,"theo như gần tuần nay t trải nghiệm thì đeo êm kh có đau tai, âm thanh dịu kha, đèn đúm đồ màu mè cũng cũng đi =)))",5.0,115,positive,2025-11-17 08:39:54.585193
lazada_lazada_rev_29bc427c,lazada_3208053363,Tai nghe hàng rep nhưng chất lượng ổn,5.0,37,positive,2025-11-17 08:39:54.585193
lazada_lazada_rev_29f6b485,lazada_2244687698,"Về sản phẩm: ko hề thất vọng về tai nghe của sony ở bất kỳ sản phẩm nào, sản phẩm này cũng vậy, có thêm app EQ custom rất linh hoạt trong việc thưởng thức âm nhạc. 5 sao cho sản phẩm. Về dịch vụ hỗ trợ, cskh: tuy nhắn tin shop có rep hơi chậm tý nhưng phục vụ, chăm sóc và tư vấn rất vào vấn đề không gây lan man. Đóng gói cẩn thận, thẩm mỹ. 4,75 sao Về giao hàng: đối với mình, ở nội thành, nhưng mất 4 ngày kể từ ngày xử lý đơn thì hơi chậm với mình. 3 sao cho dịch vụ giao hàng.",5.0,481,positive,2025-11-17 08:39:54.585193
lazada_lazada_rev_2ebae940,lazada_2509309542,"Tai nghe chất âm tuyệt vời so với tầm giá! Đáp ứng rất tốt các dải tần . Bass : chắc, sâu, mạnh mẽ đầy uy lực. Mid: rõ ràng , trong và trung thực . Treble: sáng trong nghe rất hay. Đường truyền 3.5 trung thực không thua kém Bluetooth. Shop giao hàng quá nhanh, đẹp không tì vết . 10/10.",5.0,286,positive,2025-11-17 08:39:54.585193
lazada_lazada_rev_338153e9,lazada_2366333307,🎤Sound Quality:,5.0,15,positive,2025-11-17 08:39:54.585193
lazada_lazada_rev_36355fe2,lazada_2523793374,"lần đầu mua tai nghe mà xu v thứ nhất hộp không hề có team niêm phông tai nghe thứ 2 khui ra tai nghe trầy dính gì không à,y như hàng đã sử dụng, sợ mua tai nghe bên ây thật m.n snghi kỉ rồi hã mua nhé",5.0,201,positive,2025-11-17 08:39:54.585193
lazada_lazada_rev_3b307562,lazada_1478408408,"Màu đen thời trang, Tiện lợi cho các cuộc gọi điện thoại, Chất lượng âm thanh tuyệt vời, Thoải mái khi đeo lâu,",5.0,111,positive,2025-11-17 08:39:54.585193
lazada_lazada_rev_3d1ca89f,lazada_2847585434,Bdjsjdjfjfhwhwywueudjdhdjdjxbdhwjwnxvxywjbckx,5.0,45,positive,2025-11-17 08:39:54.585193
lazada_lazada_rev_3d363863,lazada_2682244549,Not the original product,5.0,24,positive,2025-11-17 08:39:54.585193
lazada_lazada_rev_3e23d8ff,lazada_2611210533,"Dễ sử dụng và điều khiển, Khử tiếng ồn hiệu quả, Kết nối không dây tiện lợi, Hoàn hảo cho các hoạt động thể thao,",5.0,113,positive,2025-11-17 08:39:54.585193
lazada_lazada_rev_4927a8ef,lazada_3073745067,o mm ? bộ bốn ko j vn . j ơn bbl kg dị . ko in nn b bb ô n jb Pl n . kim kll u ko k bjin ko u i ơn góp iihgb gc hú bị b ơn uk op ip ok vĩ ụv i ko pv hình in ko pv ụ ơn in ho,5.0,173,positive,2025-11-17 08:39:54.585193
lazada_lazada_rev_4ee5f2bb,lazada_1766044067,"Giá quá rẻ, gai nghe dùng tốt, phù hợp dùng vào mùa đông, đóng gói cẩn thận, học sinh sinh viên đều có thể mua được",5.0,115,positive,2025-11-17 08:39:54.585193
lazada_lazada_rev_51866d82,lazada_2365309626,"Chất lượng âm thanh tuyệt vời, Sản phẩm chính hãng với bảo hành 1 năm, Nhiều tùy chọn màu sắc để lựa chọn, Kết nối bluetooth không dây tiện lợi, Sản phẩm chính hãng với bảo hành 1 năm, Kết nối bluetooth không dây tiện lợi, Sản phẩm chính hãng với bảo hành 1 năm, Nhiều tùy chọn màu sắc để lựa chọn, Nhiều tùy chọn màu sắc để lựa chọn,",5.0,334,positive,2025-11-17 08:39:54.585193
lazada_lazada_rev_5360c601,lazada_2598100718,"🎧Chất lượng âm thanh: tốt, 👍👍 👍👍👍👍👍👍👍👍👍👍👍👍👍👍👍 👍 👍👍👍👍👍👍👍👍👍👍👍👍👍",5.0,61,positive,2025-11-17 08:39:54.585193
lazada_lazada_rev_58f58e7a,lazada_2684185919,Thông thường tôi sẽ sử dụng tai nghe thương hiệu Oneodio (tôi đã từng sử dụng các mẫu Pro 30 và Pro 50 trước đây) nên tôi quyết định thử một thương hiệu con của Oneodio 😊 Hiện tại sự khác biệt rõ ràng là âm bass sẽ nhiều hơn. Ai thích âm bass chắc chắn sẽ thích sản phẩm này 😊,5.0,276,positive,2025-11-17 08:39:54.585193
lazada_lazada_rev_5bff426a,lazada_3009692890,"Tương thích với laptop và PC, hỗ trợ kết nối Bluetooth, thiết kế on-ear mang lại cảm giác bao bọc, 🔧 Độ bền: Sản phẩm chất lượng",5.0,128,positive,2025-11-17 08:39:54.585193
lazada_lazada_rev_61e76dda,lazada_271214294,"đẫ nhận được tai nghe như quảng cáo, Kết nối có dây 3.5mm tiện lợi trên PC, chưa sd nên chưa đánh giá chất lượng.",5.0,113,positive,2025-11-17 08:39:54.585193
lazada_lazada_rev_6c91b96d,lazada_2938455886,pin trâu .giao hàng nhanh,5.0,25,positive,2025-11-17 08:39:54.585193
lazada_lazada_rev_6dd92722,lazada_1366389378,Hàng nhận đc đúng như mô tả. Âm thanh tốt trong tầm giá. Có dịp sẽ mua lại hàng của shop lần tới.,5.0,97,positive,2025-11-17 08:39:54.585193
lazada_lazada_rev_6eaf018a,lazada_2172666517,Bluetooth OK tai nghe ổn trong tầm giá,5.0,38,positive,2025-11-17 08:39:54.585193
lazada_lazada_rev_713fcd69,lazada_3026831742,"Hàng chính hãng nguyên seal, thiết kế chụp tai êm ái, Trải nghiệm âm thanh không gian, Kết nối hai thiết bị cùng lúc, Giảm tiếng ồn cuộc gọi AI, Tính năng sạc nhanh, Kết nối Bluetooth 5.4 ổn định, Hỗ trợ codec LDAC. Shop đóng gói cẩn thận",5.0,238,positive,2025-11-17 08:39:54.585193
lazada_lazada_rev_71dfe7fc,lazada_570682831,giao hàng rất là nhanh đúng hàng còn đc tặng rất nhiều món nữa tui rất là ương ý món hàng này rất là tối,5.0,104,positive,2025-11-17 08:39:54.585193
lazada_lazada_rev_76f47b61,lazada_273230968,giao hàng k đúng,5.0,16,positive,2025-11-17 08:39:54.585193
lazada_lazada_rev_7c8bf275,lazada_1312093876,"Chất lượng âm thanh ấn tượng, Nhẹ và dễ mang theo, Chống ồn rõ ràng, Dễ dàng điều chỉnh góc độ micro,",5.0,101,positive,2025-11-17 08:39:54.585193
lazada_lazada_rev_81d833b6,lazada_2346540376,"Tiện lợi không dây để nghe nhạc dễ dàng, Dễ dàng kết nối Bluetooth với các thiết bị. Pin được lâu thực sự, nghe như mình thì cả tháng rồi chưa phải nạp",5.0,151,positive,2025-11-17 08:39:54.585193
lazada_lazada_rev_8316c95b,lazada_2395409425,"Đóng gói đẹp, hàng ổn, tai nghe thời lượng pin trung bình, cơ mà đeo hơi đau tai",5.0,80,positive,2025-11-17 08:39:54.585193
lazada_lazada_rev_85823d59,lazada_1674754770,Everything works and that was important,5.0,39,positive,2025-11-17 08:39:54.585193
lazada_lazada_rev_8786ce1d,lazada_3189242933,"Sản phẩm oke lắm mn ơi. Nên mua nha. Phụ kiện đc tặng kèm rất nhiều. Kết nối lần đầu rồi mở máy ra là ip ở gần tự kết nối, cảm ứng cũng nhanh nhạy oke, dùng như hàng real mà giá quá tốt.",5.0,186,positive,2025-11-17 08:39:54.585193
lazada_lazada_rev_8d5377f1,lazada_3197213519,"Tai nghe đẹp lắm, nhìn sang trọng lắm, càng dùng càng thích, đẹp lắm, âm thanh tốt và bền, rất thích rất thích.",5.0,111,positive,2025-11-17 08:39:54.585193
lazada_lazada_rev_95c52468,lazada_260276010,"Giao hàng tương đối nhanh, đóng gói kĩ cành. Tuy nhiên khi đeo mình thấy hơi lỏng 1 chút. Có chỗ kéo độ đeo nhưng vẫn trơn trơn đeo hơi khó ạ.....................................................................................",5.0,226,positive,2025-11-17 08:39:54.585193
lazada_lazada_rev_7c7c0149,lazada_933898278,Sound Quality:,5.0,14,positive,2025-11-17 08:39:54.585193
lazada_lazada_rev_96fc64f3,lazada_3116287490,Sản phẩm này tốt nhé mọi người ơi. Âm thanh nghe tuyệt đã kết nối không dây rời thiệt xa êm ái và tê tái thoải mái ru vào ngủ giấc nồng lịm êm ~~,5.0,145,positive,2025-11-17 08:39:54.585193
lazada_lazada_rev_a2b5133b,lazada_2002840111,Thật sự thì lười đánh giá lắm. nhưng phải nói với một chiếc tai nghe giá cả cực kỳ sinh viên như vậy mà chất âm cực kỳ ổn định. lượng pin nghe được cũng khá lâu. shop bán hàng có tâm. cảm ơn shop,5.0,195,positive,2025-11-17 08:39:54.585193
lazada_lazada_rev_a4265b80,lazada_2319239469,Chất lượng tệ nghe dc 1 bên,5.0,27,positive,2025-11-17 08:39:54.585193
lazada_lazada_rev_a581fd58,lazada_130099683,giao hàng nhanh. Sản phẩm dùng rất tốt.,5.0,39,positive,2025-11-17 08:39:54.585193
lazada_lazada_rev_aa9a5614,lazada_2236978638,"Chất lượng khá, dùng nghe nhạc hay học online đều rất phù hợp!",5.0,62,positive,2025-11-17 08:39:54.585193
lazada_lazada_rev_aae986ed,lazada_2603258160,"sản phẩm đẹp mắt dễ thương, hợp giá tiền, hy vọng bé nhà mình sẽ thích",5.0,70,positive,2025-11-17 08:39:54.585193
lazada_lazada_rev_ad09a48e,lazada_290654971,đóng hàng cẩn thận. Anh shipper nhiệt tình. Hàng rất tốt shop phục vụ nhiệt tình. Cám ơn shop nhiều,5.0,99,positive,2025-11-17 08:39:54.585193
lazada_lazada_rev_ad38b3ec,lazada_2486683427,"Sản phẩm chính hãng, âm thanh tốt hơn sony XM5, phù hợp để du lịch",5.0,66,positive,2025-11-17 08:39:54.585193
lazada_lazada_rev_ad3d7791,lazada_2719866288,Tôi thấy rất ổn với mức giảm giá và chất lượng nhận được. Việc giao hàng đúng theo ngày và giờ đã chỉ định.,5.0,107,positive,2025-11-17 08:39:54.585193
lazada_lazada_rev_af6cca02,lazada_1891380057,Đã nhận được sản phẩm Đã nhận được sản phẩm Đúng như shop quảng cáo Giao hàng nhanh Dùng đánh giá sau,5.0,101,positive,2025-11-17 08:39:54.585193
lazada_lazada_rev_b2fbd5c4,lazada_3096444184,Sound Quality:,5.0,14,positive,2025-11-17 08:39:54.585193
lazada_lazada_rev_b5b161a1,lazada_2281148838,"Cũng xinh xẻo. Kết nối đc 2 thiết bị 1 lúc. Bên bán có giấy tờ chính hãng rồi tự đăng kí bảo hành cho mình. Đảm bảo yên tâm. Có điều tai nghe hơi nhỏ so với nam thì phải, mình đeo thì ok nhưng chồng mình đeo thấy hơi đau tai. Pin thì trâu khỏi bàn",5.0,247,positive,2025-11-17 08:39:54.585193
lazada_lazada_rev_b748432a,lazada_3113840711,Sound Quality:,5.0,14,positive,2025-11-17 08:39:54.585193
lazada_lazada_rev_b8dfb853,lazada_2847585434,Sound Quality:,5.0,14,positive,2025-11-17 08:39:54.585193
lazada_lazada_rev_c2459e47,lazada_2341639352,🔋Battery Life:,5.0,14,positive,2025-11-17 08:39:54.585193
lazada_lazada_rev_c33f51df,lazada_1524674253,Hàng chất lượng nghe tốt,5.0,24,positive,2025-11-17 08:39:54.585193
lazada_lazada_rev_c5209539,lazada_2260145786,"đúng mẫu hàng đặt,chất lượng tốt,âm thanh to rỏ",5.0,47,positive,2025-11-17 08:39:54.585193
lazada_lazada_rev_c93c9b0e,lazada_1674754770,"Tai nghe xinh , âm thanh rõ ràng , nên mua nhaaa 💗💗",5.0,51,positive,2025-11-17 08:39:54.585193
lazada_lazada_rev_d7abbc54,lazada_2054056134,"mùi đóng gói chất liệu nhựa 😣🙄🙄cái nút nhựa đệm tai (cái tặng kèm 2 đôi ấy) chất liệu khá tệ và mềm không như mong đợi nghe ổn, mở mức loa lớn nhất thì hơi....ờm ờm... cách một khoảng vẫn nghe được tai nghe to nên tôi hơi khó đeo🤡 thời lượng thì chưa test, qua nhận được hàng shop đóng gói nhanh... Kết nối Bluetooth mượt mà., Dễ sử dụng với điều khiển cảm ứng.,",5.0,362,positive,2025-11-17 08:39:54.585193
lazada_lazada_rev_d7cb31ba,lazada_2530376650,"Thiết kế mượt mà và phong cách, Kết nối Bluetooth ấn tượng,",5.0,59,positive,2025-11-17 08:39:54.585193
lazada_lazada_rev_d8d10d80,lazada_2214957548,"Perfect for gaming and music enthusiasts., Clear and immersive sound quality. Confortable.",5.0,90,positive,2025-11-17 08:39:54.585193
lazada_lazada_rev_e26f3333,lazada_2359493652,🎤Sound Quality:,5.0,15,positive,2025-11-17 08:39:54.585193
lazada_lazada_rev_e302402d,lazada_291454451,sản phẩm tai mghe khá ưng ý. giá tốt. có chức năng sạc pin dùng blutooth. có chức năng cắm dây như tai nghe thông dụng. âm thanh trung thực. trầm ấm.ko chói tai,5.0,160,positive,2025-11-17 08:39:54.585193
lazada_lazada_rev_e4fef7f2,lazada_130099683,🔋Battery Life:,5.0,14,positive,2025-11-17 08:39:54.585193
lazada_lazada_rev_eda3dee0,lazada_2898141369,"Dùng được cả hai bên tai linh hoạt,",5.0,35,positive,2025-11-17 08:39:54.585193
lazada_lazada_rev_f12a199c,lazada_2785470199,"âm thanh chơi game quá nhỏ đỗ trễ vẫn có nhiều ko giống như quảng cáo, nói chung là đc 5 điểm thôi",5.0,98,positive,2025-11-17 08:39:54.585193
lazada_lazada_rev_f3e85003,lazada_3073745067,"Ngoại hình đẹp và cao cấp, đệm tai mềm ôm sát đầu quanh vành tai nên rất thoải mái khi nghe lâu, dù không có chức năng ANC nhưng âm thanh nghe rõ và khá chi tiết. Dùng tốt cho nghe tạp chứ nhạc thì không hay nha. Quá hời khi sale giá dưới 400k.",5.0,244,positive,2025-11-17 08:39:54.585193
lazada_lazada_rev_f4f0e71b,lazada_997000031,"mình nhận được hàng rồi,đây là lần thứ 2 mình mua nó,hàng như hình",5.0,66,positive,2025-11-17 08:39:54.585193
lazada_lazada_rev_fa1da819,lazada_570682831,"Lúc đầu sản phẩm chỉ nghe được một bên nhưng sau đó Shop đã đổi hàng lại giúp mình ,chăm sóc khách hàng rất tốt ,tận tâm",5.0,120,positive,2025-11-17 08:39:54.585193
lazada_lazada_rev_06083a87,lazada_287442138,Hàng đẹp như hình. Có loa và micro nhưng không hiểu sao khi nói chuyện bằng zalo thì bên kia không nghe rõ. Với ghi âm bằng laptop thì nó có tạp âm rất khó nghe. Bù lại nghe nhạc hay gì ok. Tai phone êm lắm,5.0,206,positive,2025-11-17 08:39:54.585193
lazada_lazada_rev_09aafa8a,lazada_2636265097,cảm ơn shop Giao hàng chính hãng nguyên siu chất lượng cao bass hay trên cả tuyệt vời,5.0,85,positive,2025-11-17 08:39:54.585193
lazada_lazada_rev_0a6bfb83,lazada_1731407106,Sản phẩm giao hàng giống như quảng cáo trên Google Chrome OS X Chào,5.0,67,positive,2025-11-17 08:39:54.585193
lazada_lazada_rev_0e5a5039,lazada_2283131857,comfortable design,5.0,18,positive,2025-11-17 08:39:54.585193
lazada_lazada_rev_0ef66b4e,lazada_2117479675,"Improper packaging method, the parcel box damaged, product not bad, Noise reduction function is OK, can connect two devices in same time, Sound quality without delay",5.0,165,positive,2025-11-17 08:39:54.585193
lazada_lazada_rev_0f257051,lazada_2076467843,"Lần đầu mua của shop. Khá lo lắng nhưng khi nhận được tai nghe thì rất chi là vừa ý. Hợp giá tiền. Đáng mua nha mọi người. Rất ưng ý🌝🌝Shipper nhiệt tình, shop uy tín quá ô cê",5.0,202,positive,2025-11-17 08:39:54.585193
lazada_lazada_rev_13213df8,lazada_1634811622,Tai nghe rất nhẹ nên có vẻ hơi mỏng manh nhưng rất dẻo dai. Đeo như không đeo. Dễ sử dụng bọc tai bằng vải không sợ rách da nữa hehe,5.0,132,positive,2025-11-17 08:39:54.585193
lazada_lazada_rev_1588189e,lazada_2376247029,"Màn hình LED tạo điểm nhấn thú vị, Thiết kế phong cách, hoàn hảo cho chơi game, ok nha shop, sẽ ủng hộ lần sau",5.0,110,positive,2025-11-17 08:39:54.585193
lazada_lazada_rev_16851bd6,lazada_3098384784,"<content>Đặt hàng vào ngày 12/8/25 và nhận được vào ngày 18/8/25 từ nước ngoài. Hàng nhận được trong tình trạng tốt. Âm thanh hay và màu sắc đẹp, rất thích, có thể mang theo cho chuyến đi nước ngoài sắp tới của tôi. 😊 Mua theo Deal trong ngày với giá siêu tốt (phiếu giảm giá + Laz coins) gần như giảm giá 88% 😄\n 😌Thoải mái: có 🎤Chất lượng âm thanh: tốt 🔋Thời lượng pin: chưa chắc chắn 🛡Độ bền: chưa biết 😊 </content>",5.0,418,positive,2025-11-17 08:39:54.585193
lazada_lazada_rev_17363bd3,lazada_291454451,"Giao hàng nhanh, sản phẩm còn rất đẹp và đầy đủ, cảm ơn shop 😀😀",5.0,63,positive,2025-11-17 08:39:54.585193
lazada_lazada_rev_17778a48,lazada_2516941675,Đẹp sang chanh,5.0,14,positive,2025-11-17 08:39:54.585193
lazada_lazada_rev_19a834c5,lazada_1654734544,âm thanh nhỏ,5.0,12,positive,2025-11-17 08:39:54.585193
lazada_lazada_rev_19e48d69,lazada_290654971,"Vừa nhận hàng xong, phải nói là rất ok lắm luôn. Nghe âm thanh to và ấm, kể cả bằng dây lẫn ko dây. Pin thì chưa kiểm tra được. đóng gói ko móp méo gì, cái hộp nhìn đẹp vãi. Nói tóm lại thì rất hài lòng,",5.0,203,positive,2025-11-17 08:39:54.585193
lazada_lazada_rev_1e57f923,lazada_2919785146,"Giao Hàng Nhanh, đúng như Qc . nghe ấm, pin châu. với tầm tiền này là quá ok. thanks shop.",5.0,90,positive,2025-11-17 08:39:54.585193
lazada_lazada_rev_1f003238,lazada_2627129306,"Kết nối Bluetooth hoạt động tốt, Chất lượng âm thanh tuyệt vời, Thời lượng pin lâu, Thiết kế mượt mà và phong cách, Thiết kế mượt mà và phong cách, Tiện lợi không dây, Thoải mái khi mặc trong thời gian dài,",5.0,206,positive,2025-11-17 08:39:54.585193
lazada_lazada_rev_1f7c5511,lazada_3172156876,"Chất lượng không tốt lắm, vài tháng mà không kết nối được với Bluetooth, nói là sẽ đổi mới nhưng phải tự trả tiền vận chuyển, lúc đầu mua thì bảo có bảo hành 3 năm.",5.0,164,positive,2025-11-17 08:39:54.585193
lazada_lazada_rev_20861c68,lazada_3098384784,"Bao bì tốt, nhận được trong tình trạng tốt, chất lượng sản phẩm tốt, giá trị xứng đáng với tiền, rất khuyến khích!!!",5.0,116,positive,2025-11-17 08:39:54.585193
lazada_lazada_rev_2df4bb9d,lazada_521504732,giao cũng nhanh lần đầu dùng thấy kết nối dễ dần dần nó cứ bị khó kết nối kiểu gì mãi không được âm thanh nghe tốt giá thế này quá ổn nhưng bên shipper hơi thái độ,5.0,163,positive,2025-11-17 08:39:54.585193
lazada_lazada_rev_326baa78,lazada_291488121,đóng gỏi cẩn thận tai nghe âm thanh tốt bass to rõ nhân viên tư vấn nhiệt tình dịch vụ giao hàng ok ko chê vào đâu được mọi người nên ủng hộ shop,5.0,145,positive,2025-11-17 08:39:54.585193
lazada_lazada_rev_32e6092e,lazada_2198337929,"mới cầm vào đứt dây rồi, nếu tôi biết tôi lấy làm gì, mất tiền không, nói thật lòng sop chơi đểu,",5.0,97,positive,2025-11-17 08:39:54.585193
lazada_lazada_rev_359bbfe3,lazada_1860620783,"Hàng đóng gói cẩn thận, chắc chắn. Bên ngoài đẹp hơn trên ảnh, chất âm ngon trong tầm giá",5.0,89,positive,2025-11-17 08:39:54.585193
lazada_lazada_rev_37a9c694,lazada_2498175025,🔋Battery Life:,5.0,14,positive,2025-11-17 08:39:54.585193
lazada_lazada_rev_38d58614,lazada_2434091833,"These headphones were purchased as a temporary solution, and for their intended purpose, they perform adequately. While they certainly feel lightweight and perhaps a bit flimsy, this is to be expected given their budget-friendly nature. On the positive side, connecting them via Bluetooth was remarkably straightforward and quick. Charging them up was also a swift process, and we've found the battery life to be surprisingly decent, providing around 6 hours of playtime, which is quite good for this",5.0,500,positive,2025-11-17 08:39:54.585193
lazada_lazada_rev_3b39f351,lazada_3053094082,"giao đúng như hình quảng cáo, chưa xài nên chưa biết.",5.0,53,positive,2025-11-17 08:39:54.585193
lazada_lazada_rev_3d7528a6,lazada_3094639721,"Nhận được hàng và đã dùng thử thấy cũng ổn, nhưng còn về độ bền và tốt thì phải dùng lâu mới biết được. Giá cả hợp lý. Shop nhiệt tình, chu đáo, hôm qua mình mới đặt và bảo đang cần dùng luôn nên shop cũng gửi hàng đi cho mình luôn nên nay nhận được hàng luôn. Cho shop 10đ vì sự nhiệt tình và chu đáo.",5.0,302,positive,2025-11-17 08:39:54.585193
lazada_lazada_rev_40a8576e,lazada_1560559132,"Thiết kế mèo dễ thương, Dễ sử dụng, Chất lượng âm thanh tuyệt vời,",5.0,66,positive,2025-11-17 08:39:54.585193
lazada_lazada_rev_40b652f9,lazada_1891088502,"10 điểm không có nhưng. Tai nghe đóng gói rất kỹ, giao nhanh. Âm thanh khỏi bàn, sống động và chặn tiếng ồn cũng rất tốt gần như không nghe được gì bên ngoài nếu bật chế độ noise cancelation. Rất đáng đầu tư",5.0,207,positive,2025-11-17 08:39:54.585193
lazada_lazada_rev_4484f06f,lazada_1482416999,nghe đã lắm luôn mn ơi,5.0,22,positive,2025-11-17 08:39:54.585193
lazada_lazada_rev_4789ccc0,lazada_2907700783,🎤Sound Quality:,5.0,15,positive,2025-11-17 08:39:54.585193
lazada_lazada_rev_4b41156a,lazada_3096444184,chưa sử dụng,5.0,12,positive,2025-11-17 08:39:54.585193
lazada_lazada_rev_4d5b7447,lazada_271214294,tai nghe ok nhưng mà có hiện tượng hơi sắp hỏng. với cả không tặng thêm jack cắm đôi nên phải mua rời ở ngoài,5.0,109,positive,2025-11-17 08:39:54.585193
lazada_lazada_rev_4ebef4a5,lazada_2509309542,"Tai nghe đẹp, chất lượng âm thanh tạm ổn chống ồn ở mức trung bình thui nhưng phù hợp với giá",5.0,93,positive,2025-11-17 08:39:54.585193
lazada_lazada_rev_5fca8dd4,lazada_1482416999,"Âm thanh rất tốt, chống ồn, bass tốt, đèn led đẹp, mic có led, jack cắm usb, khung ôm sát đầu giảm mỏi cổ",5.0,105,positive,2025-11-17 08:39:54.585193
lazada_lazada_rev_6080b900,lazada_1917454211,"hàng đóng gói cẩn thận, đúng như hình, chất lượng khá tốt.",5.0,58,positive,2025-11-17 08:39:54.585193
lazada_lazada_rev_609fa9f2,lazada_2662153610,It’s very good and battery is very lasting. I think there is mix up with the power button and volume. The volume button powers it and the power button works as volume. Nevertheless is a nice product 👍,5.0,200,positive,2025-11-17 08:39:54.585193
lazada_lazada_rev_62fe3741,lazada_2076467843,"Thiết kế không dây tiện lợi, Thiết kế màu đen phong cách, đặt hàng cách 1 hôm đã đc cầm trên tay,nhanh ghê,shop rất nhiệt tình ,chu đáo ,5⭐️",5.0,140,positive,2025-11-17 08:39:54.585193
lazada_lazada_rev_6325be60,lazada_1343893068,150k mà vậy là quá chất lượng rjrjrjrjrjrjrjrjrjrjrjrrjjrjrjr,5.0,61,positive,2025-11-17 08:39:54.585193
lazada_lazada_rev_6750ceab,lazada_3019215441,"Hàng rất đẹp nhé mn ,vs giá tiền này thì nên mua ạ ,hàng vừa về em ko bt chất lượng ra sao nhưng nhìn ok lắm ạ ,em sẽ trải nghiệm r ns cảm nhận ạ",5.0,156,positive,2025-11-17 08:39:54.585193
lazada_lazada_rev_67f95fe0,lazada_1782204169,"Đóng gói kỹ càng, cẩn thận. Hàng đến không xước. Âm lượng hai bên tốt.",5.0,70,positive,2025-11-17 08:39:54.585193
lazada_lazada_rev_6e1cfa8e,lazada_2650812620,"Chất lượng sản phẩm: tốt Tính năng nổi bật: Êm tại Đã nhận hàng, shop giao hàng siêu nhanh, đóng gói cẩn thận. Chất lượng sản phẩm rất tốt có tiếng việt rất dễ sử dụng, chất lượng nhạc rất oke sống động luôn ấy, kết nối với điện thoại siêu nhanh. Áp mã được giảm giá. Sẽ ủng hộ shop lâu dài.",5.0,291,positive,2025-11-17 08:39:54.585193
lazada_lazada_rev_73eb2728,lazada_2682244549,"Hàng giả, ko đúng như mô tả",5.0,27,positive,2025-11-17 08:39:54.585193
lazada_lazada_rev_760a489c,lazada_144049849,"Đẹp xuất sắc, còn nguyên tem mác ạ. Nghe hay, đầy đủ treble bass, sắc gọn",5.0,73,positive,2025-11-17 08:39:54.585193
lazada_lazada_rev_78a476fe,lazada_2907700783,"Jack 3.5mm tiêu chuẩn, Phù hợp cho chơi game và nghe nhạc, . Sản phẩm nhận được rất đẹp, giao hàng nhanh bao bi cẩn thận tôn trọng khách hàng. tks",5.0,146,positive,2025-11-17 08:39:54.585193
lazada_lazada_rev_7b9a175b,lazada_1674754770,Everything works and that was important,5.0,39,positive,2025-11-17 08:39:54.585193
lazada_lazada_rev_7c1ba3c0,lazada_1917454211,ko có dây sạc,5.0,13,positive,2025-11-17 08:39:54.585193
lazada_lazada_rev_80298943,lazada_3138492573,"shop làm ăn gian dối giao thiếu cục pin và quà tặng nói sẽ gửi bổ sung nhưng chờ hoài không thấy , hỏi không trả lời không nên mua shop này nữa",5.0,143,positive,2025-11-17 08:39:54.585193
lazada_lazada_rev_859c040b,lazada_3009692890,Đặt hàng vào ngày 21 tháng 4 năm 2568 Nhận hàng vào ngày 29 tháng 4 năm 2568 Sản phẩm đúng như đã đặt Dịch vụ vận chuyển tốt,5.0,124,positive,2025-11-17 08:39:54.585193
lazada_lazada_rev_86e00a51,lazada_3197803386,"Âm thanh hay, chất liệu ổn, dễ sử dụng, đeo thoải mái!",5.0,54,positive,2025-11-17 08:39:54.585193
lazada_lazada_rev_88713e57,lazada_2629218964,🎤Sound Quality:,5.0,15,positive,2025-11-17 08:39:54.585193
lazada_lazada_rev_8d2c939a,lazada_2134634329,"nhận được hồi 8/3 đến giờ gần 1 tháng rồi nhưng pin vẫn 90% từ lúc mở, cực kì trâu, cũng có thể là do mình kết nối có dây thay vì bluetooth nên ko tốn pin. đeo lâu thì hơi nóng. hợp với những bạn đầu nhỏ hơn là đầu to. săn được giá sale chỉ 664k nên cũng khá hợp lí với chất lượng. nên cân nhắc kĩ trước khi mua vì dòng này chưa nổi tiếng nên chưa có nhiều review. mình ko highly recommend mua nha.",5.0,398,positive,2025-11-17 08:39:54.585193
lazada_lazada_rev_8f38e379,lazada_1891088502,"Mình ở SG, giao hàng 3 ngày, đóng gói chắc chắn, tai nghe đỉnh khỏi bàn, mà còn đẹp nữa trùi ui. Mang đến trải nghiệm âm thanh sống động., Chất lượng âm thanh ấn tượng., Thoải mái khi đeo trong thời gian dài., Kết nối không dây tiện lợi., Chức năng chống ồn tuyệt vời!, Thiết kế mượt mà và sang trọng., Dễ dàng cài đặt và sử dụng.,",5.0,331,positive,2025-11-17 08:39:54.585193
lazada_lazada_rev_9557c6e9,lazada_2523945682,nghe tạm được thôi mà nhanh hết pin quá.thời gian tầm 2 tiếng.nghe lâu đau tai lắm,5.0,82,positive,2025-11-17 08:39:54.585193
lazada_lazada_rev_9c3f6458,lazada_2907700783,🔋Battery Life:,5.0,14,positive,2025-11-17 08:39:54.585193
lazada_lazada_rev_9e59888a,lazada_2477571378,Sound Quality:,5.0,14,positive,2025-11-17 08:39:54.585193
lazada_lazada_rev_9e9261cd,lazada_1478408408,"Okay for that price, normal quality for not long-term usage",5.0,59,positive,2025-11-17 08:39:54.585193
lazada_lazada_rev_a0cde2cd,lazada_2907700783,Sound Quality:,5.0,14,positive,2025-11-17 08:39:54.585193
lazada_lazada_rev_a3fe10cd,lazada_2050586084,"These are great headphones, I purchased 2 for my sons as they were constantly breaking the cords on the more traditional style headphone. They light up on the ears and were really fun for my sons. They are slightly big for them, with no option to make smaller they are average sized 4 & 5 year olds, it’s not a huge issue, the kids are still very happy with them just something to consider. The battery lasted for about 6-8 hours worth of listening/playing time so would suggest these are charged eac",5.0,500,positive,2025-11-17 08:39:54.585193
lazada_lazada_rev_a459fa7f,lazada_3026831742,Sound Quality:,5.0,14,positive,2025-11-17 08:39:54.585193
lazada_lazada_rev_a47e3bdb,lazada_2350848448,"Chất lượng là yếu tố quan trọng làm nên sức mạnh, giá trị thương hiệu của doanh nghiệp. Tuy nhiên, mỗi đơn vị cần lưu ý, chất lượng sản phẩm không đơn giản chỉ là đáp ứng nhu cầu về mẫu mã, công dụng, mà còn phải hài hòa mọi nhân tố bên trong và bên ngoài ảnh hưởng tới chất lượng của chính hàng hóa/dịch vụ đó",5.0,310,positive,2025-11-17 08:39:54.585193
lazada_lazada_rev_a5904a8e,lazada_1620564172,"Micrô rõ ràng và sắc nét cho giao tiếp rõ ràng, Chất lượng âm thanh tuyệt vời với loa tích hợp 30mm, Micrô HD rõ ràng cho cuộc gọi sắc nét, Vành đầu bằng thép không gỉ chắc chắn và bền bỉ, Micrô linh hoạt có thể xoay 270 độ, Âm thanh chất lượng cao với loa tích hợp 30mm,",5.0,271,positive,2025-11-17 08:39:54.585193
lazada_lazada_rev_a7952011,lazada_426216015,Tai nghe okela mmmmmmmmmmmmmmmmmmmmmmmmmmmmmmmmmmmmmbvshđđđjđdjjjdhggvsghxbwjdn,5.0,79,positive,2025-11-17 08:39:54.585193
lazada_lazada_rev_aa82755d,lazada_3026831742,"Hàng chính hãng nguyên seal, thiết kế chụp tai êm ái, Trải nghiệm âm thanh không gian, Kết nối hai thiết bị cùng lúc, Giảm tiếng ồn cuộc gọi AI, Tính năng sạc nhanh, Kết nối Bluetooth 5.4 ổn định, Hỗ trợ codec LDAC. Shop đóng gói cẩn thận",5.0,238,positive,2025-11-17 08:39:54.585193
lazada_lazada_rev_ac0268fd,lazada_1722359022,"hàng mới, nghe cực hay. 5 sao. các bạn nên mua Mall chứ bên ngoài hàng cũ nhiều lắm. nghe rất đã chuẩn ATH",5.0,106,positive,2025-11-17 08:39:54.585193
lazada_lazada_rev_ac2e4ac5,lazada_260270634,"Convenient control buttons on the wire, Great sound quality",5.0,59,positive,2025-11-17 08:39:54.585193
lazada_lazada_rev_ae2f0e44,lazada_1782204169,"Hàng y hình, chất lượng như mong đợi, shop đóng gói đẹp, có nhiều khuyến mãi nữa chứ, nên mua nhé mọi người",5.0,107,positive,2025-11-17 08:39:54.585193
lazada_lazada_rev_ae317936,lazada_2361560015,🎤Sound Quality:,5.0,15,positive,2025-11-17 08:39:54.585193
lazada_lazada_rev_b1104da4,lazada_2394348060,great thing! very light and comfortable. sound quality is more than enough. looks great. disable to change volume level.,5.0,120,positive,2025-11-17 08:39:54.585193
lazada_lazada_rev_b1e4f9cf,lazada_2662153610,ngày giao hàng khớp với thời gian ước tính. giá cả so với hiệu suất là tốt. Chất lượng cũng tốt như mô tả.,5.0,106,positive,2025-11-17 08:39:54.585193
lazada_lazada_rev_b540d618,lazada_2976372707,"Tai nghe khá tốt, giống như những gì shop đã mô tả, có led rgb đổi màu, nghe nhạc hoặc chơi gảm khá ổn, shop giao hàng nhanh. Chốt lại là đáng mua.",5.0,147,positive,2025-11-17 08:39:54.585193
lazada_lazada_rev_0841361e,lazada_1674754770,"Mua về cắt dây đi nghịch sống ảo, nhưng mà cái tai nghe hơi mỏng",5.0,64,positive,2025-11-17 08:39:54.585193
lazada_lazada_rev_b6910ad7,lazada_3204704241,"Chất lượng tốt, khả năng giảm tiếng ồn tuyệt vời. Pin dùng được lâu. Thiết kế hoàn hảo. Đeo rất thoải mái.",5.0,106,positive,2025-11-17 08:39:54.585193
lazada_lazada_rev_ba4c7fd2,lazada_2346540376,"Âm thanh hay, tiếng bass chắc, kết nối nhanh. Hình thức sản phẩm không ""nét"" như hình chụp trên web, sản phẩm không có dấu hiệu để phân biệt là pro C hay sản phẩm khác của hãng nhưng giá rẻ hơn.",5.0,194,positive,2025-11-17 08:39:54.585193
lazada_lazada_rev_bc043dfd,lazada_260262933,"Clear microphone for calls, Lightweight and comfortable, Durable build quality,",5.0,79,positive,2025-11-17 08:39:54.585193
lazada_lazada_rev_bfaf5e81,lazada_2322070325,"Chất lượng âm thanh ấn tượng và vừa vặn thoải mái, Dễ dàng kết nối qua Bluetooth,",5.0,81,positive,2025-11-17 08:39:54.585193
lazada_lazada_rev_c57c32c8,lazada_2785470199,🔋Battery Life:,5.0,14,positive,2025-11-17 08:39:54.585193
lazada_lazada_rev_c61a9118,lazada_2359457757,Chất lượng âm thanh tốt rõ ràng mẫu mã đẹp thời lượng pin dài đeo dễ dàng,5.0,73,positive,2025-11-17 08:39:54.585193
lazada_lazada_rev_cbf56df3,lazada_1235015283,"shop giao hàng rất nhanh và đúng loại sản phẩm. còn chất lượng mới dùng thì ok so với mức tiền, sau đó như nào thì chưa thể đánh giá",5.0,132,positive,2025-11-17 08:39:54.585193
lazada_lazada_rev_d155431e,lazada_1312093876,"Thời gian giao hàng nhanh, đúng mẫu, đubgs mô tả hìiiiiiiiiiiiiiiiiiiiiiiiiiiiiiiiiiii",5.0,86,positive,2025-11-17 08:39:54.585193
lazada_lazada_rev_d3283cfe,lazada_2240302257,"Blg hơn 10M đào lại video biểu cảm 3 phần hoang mang 7 phần ngỡ ngàng của Trần Lập Nông khi xem động tác tung phúc lợi cho fan rất ngầu của Thái Từ khôn: Tô son môi, sau đó ném son môi xuống khán đài cho fan. Video 👇",5.0,216,positive,2025-11-17 08:39:54.585193
lazada_lazada_rev_d594d0e4,lazada_2187772151,Tạm ổn với mức giá,5.0,18,positive,2025-11-17 08:39:54.585193
lazada_lazada_rev_da1f666f,lazada_2200834471,chất lượng tốt,5.0,14,positive,2025-11-17 08:39:54.585193
lazada_lazada_rev_db027eb9,lazada_570682831,"hàng xài cũng ok đúng với số tiền, giao hàng nhanh, chỉ có đặt màu tím mà shop giao màu trắng nên hơi thất vọng, mong lần sau shop đừng giao sai màu nữa nhé",5.0,156,positive,2025-11-17 08:39:54.585193
lazada_lazada_rev_dd25c95f,lazada_2236978638,"tai nghe đẹp, âm thanh ok, pin cũng trâu lắm nhe. shop giao nhanh 2 ngày là nhận dc hàng r. nên mua nha mngg",5.0,108,positive,2025-11-17 08:39:54.585193
lazada_lazada_rev_de18d488,lazada_1574232051,Hàng chuẩn đẹp lắm nha mọi người. Nói chung là nên mua. Sẽ tiếp tục ủng hộ,5.0,74,positive,2025-11-17 08:39:54.585193
lazada_lazada_rev_e20b8512,lazada_1569856692,"bọc da hơi bẩn, đeo vừa tai, đóng gói rất cẩn thận và giao hàng rất nhanh. Chất lượng sản phẩm tốt",5.0,98,positive,2025-11-17 08:39:54.585193
lazada_lazada_rev_e32b3317,lazada_3191319854,"Màu sắc và hình dáng thật sự rất đẹp, chất lượng âm thanh siêu tốt, nghe nhạc cảm giác như đang nghe trực tiếp, khả năng chống ồn cũng khá ổn.",5.0,142,positive,2025-11-17 08:39:54.585193
lazada_lazada_rev_e7095060,lazada_1891380057,"- Ship hàng từ nước ngoài nên mn chấp nhận chờ hơi lâu xíu nha - Ngoại hình em này thì đẹp miễn bàn. Tối giản, hoàn thiện và tinh tế - Chất lượng âm thanh không phải là suất xắc. Nhưng trong tầm giá này, wireless thì mình nghĩ đây là lựa chọn tốt nhất rồi (cảm nhận cá nhân) - Vừa trải nghiệm mang 3 tiếng liên tục. Pin vẫn 100%, không đau tai, không đổ mồ hôi - Về tính năng ANC, ai bị nhạy cảm âm thanh thì khi dùng sẽ bị nhức tai (tìm hiểu cách hoạt động của ANC sẽ hiểu). Tuy nhiên tính năng này",5.0,499,positive,2025-11-17 08:39:54.585193
lazada_lazada_rev_f4052f86,lazada_1681812149,"Giá sản phẩm tốt,chất lượng được đánh giá rất cao,rất rễ sử dụng. Món hàng rất ưng ý,khuyên mọi người nên mua thử về dùng để có trải nghiệm tốt nhất",5.0,148,positive,2025-11-17 08:39:54.585193
lazada_lazada_rev_fa26b45a,lazada_144049849,"Giao hàng nhanh, đóng gói kĩ lắm nha, dùng ổn, có điều hơi nhỏ, mấy bạn vòng đầu to nên cân nhắc nhe Âm thanh rõ ràng và sắc nét",5.0,128,positive,2025-11-17 08:39:54.585193
lazada_lazada_rev_fd1b88eb,lazada_1341823195,"Đã nghe thử, rất tuyệt... cám ơn shop.",5.0,38,positive,2025-11-17 08:39:54.585193
lazada_lazada_rev_ffc85131,lazada_3113840711,"Hàng đẹp, nguyên seal luôn. Loa nét căng. Bass lực hơn mình nghĩ. Khuyên bạn nào mua để nghe ở phòng nhỏ thì nên cân nhắc vì nó đập khoẻ quá đau đầu lắm. Ak so với con flip 5 thì con này có thêm 1 loa nên m thấy giải âm cao có vẻ hay hơn.",5.0,238,positive,2025-11-17 08:39:54.585193
lazada_lazada_rev_0275b23a,lazada_1478408408,"Lần đầu mua sản phẩm nhưng cực kỳ thích, shop giao hàng nhanh hơn dự kiến mặc dù đang dịch bệnh. Gói hàng cẩn thận, giao hàng đúng size đúng màu sắc. Sẽ ủng hộ Shop dài dài.",5.0,173,positive,2025-11-17 08:39:54.585193
lazada_lazada_rev_052780b5,lazada_3051730477,"Thì cũng đúng đó, theo như giá cả thì...",5.0,40,positive,2025-11-17 08:39:54.585193
lazada_lazada_rev_0980bab2,lazada_3189242933,"Chất lượng sản phẩm: nghe hay Tính năng nổi bật: bass , treble ok Trời , mua 1 được nguyên combo sạc , dây sạc , ốp",5.0,115,positive,2025-11-17 08:39:54.585193
lazada_lazada_rev_0bd377b9,lazada_2387759347,"Thiết kế nhỏ gọn và di động, Độ trễ thấp, Chất lượng cuộc gọi HD,",5.0,65,positive,2025-11-17 08:39:54.585193
lazada_lazada_rev_0edbf558,lazada_568868580,Sound Quality:,5.0,14,positive,2025-11-17 08:39:54.585193
lazada_lazada_rev_15a29bde,lazada_1782204169,Sound Quality:,5.0,14,positive,2025-11-17 08:39:54.585193
lazada_lazada_rev_197b18c2,lazada_1563226140,"sản phẩm thì mình cũng không muốn nói nhiều nữa. mua đã nhiều lần rồi. tất cả đều OK.. chỉ có một điều buồn shop ghê, khách quen mà không có khuyến mãi gì..",5.0,156,positive,2025-11-17 08:39:54.585193
lazada_lazada_rev_1c64060d,lazada_3138492573,Giao hàng ko đủ thiếu 1 pin và 1 tai nghe tôi mua quạt 2 pin và tặng tai nghe shop này doos trá với khách hàng mọi người hãy tránh xa shop nay,5.0,142,positive,2025-11-17 08:39:54.585193
lazada_lazada_rev_2762a75b,lazada_2271600716,Sound Quality:,5.0,14,positive,2025-11-17 08:39:54.585193
lazada_lazada_rev_31d8a279,lazada_2076467843,"Ac cho em hỏi là điểm rèn luyện khi tốt nghiệp được tính như thế nào ạ, với bằng khá, giỏi, xuất sắc thì điều kiện như thế nào ạ.",5.0,129,positive,2025-11-17 08:39:54.585193
lazada_lazada_rev_33ca5f41,lazada_3028970918,xuất sắc nghe ấm to rõ,5.0,22,positive,2025-11-17 08:39:54.585193
lazada_lazada_rev_35e779ee,lazada_294344744,"Tai nghe đẹp hàng giao cũng nhanh , Mỗi tội tiếng kh đc to lắm . Nhưng mà nên mua nha mọi người",5.0,95,positive,2025-11-17 08:39:54.585193
lazada_lazada_rev_3765c3fa,lazada_3094639721,"Giao hàng nhanh chất lượng sản phẩm đúng như mô tả shop tư vấn sản phẩm nhiệt tình, mình mới test thử thấy ok lắm nha, cho 9.5/10 nè",5.0,132,positive,2025-11-17 08:39:54.585193
lazada_lazada_rev_3ca9b76e,lazada_3189242933,"Chất lượng sản phẩm: Đóng gói tạm ổn,sản phẩm tốt so với mức giá, mọi người nên mua để sử dụng ng đúng đủ, nhanh. Giá cũng rẻ. Sẽ mua tiếp",5.0,138,positive,2025-11-17 08:39:54.585193
lazada_lazada_rev_3d505473,lazada_1951535099,Sound Quality:,5.0,14,positive,2025-11-17 08:39:54.585193
lazada_lazada_rev_42683091,lazada_2633001743,🔋Battery Life:,5.0,14,positive,2025-11-17 08:39:54.585193
lazada_lazada_rev_438babd8,lazada_2076467843,Xem hình quảng cáo đã thấy hấp dẫn rồi. nhận được hàng thì lại thấy thích hơn. Mẫu mã hiện đại nhỏ nhắn nhưng rất bền. Ai đang phân vân thì nên mua nha mọi người.,5.0,162,positive,2025-11-17 08:39:54.585193
lazada_lazada_rev_43c200f8,lazada_2523793374,🔋Battery Life:,5.0,14,positive,2025-11-17 08:39:54.585193
lazada_lazada_rev_43f84c62,lazada_1574232051,"Hàng chuẩn chính hãng, đầu đủ box, phụ kiện. Chất âm thì khỏi phải bàn, vì tai kiểm âm nên khá khô khan cho các bạn mới chơi. Giao hàng cũng nhanh, đặt chiều hôm trước mà sáng hôm sau có hàng nhận luôn. Nói chung là rất oke",5.0,223,positive,2025-11-17 08:39:54.585193
lazada_lazada_rev_4537a26f,lazada_2578964262,"Điều khiển cảm ứng tiện lợi, Chất lượng âm thanh ấn tượng, Điều khiển trên tai tiện lợi, Chất lượng âm thanh ấn tượng, Thoải máiThoải mái khi mặc trong thời gian dài, khi mặc trong thThoải mái khi mặc trong thời gian dài, ời gian dài, Điều khiển trên tai tiện lợi,",5.0,264,positive,2025-11-17 08:39:54.585193
lazada_lazada_rev_479a1bf5,lazada_2387759347,"âm thanh nghe, rõ tốt dễ sử dụng. có thể tránh được tạp âm bên ngoài tốt. ....................................................... ....................................................",5.0,182,positive,2025-11-17 08:39:54.585193
lazada_lazada_rev_4862a267,lazada_2172666517,sản phẩm tốt shop giao đúng mẫu mã cho 10 điểm,5.0,46,positive,2025-11-17 08:39:54.585193
lazada_lazada_rev_488237e2,lazada_1501004043,tai nghe thiet kế đẹp âm thanh to rõ phải sử dụng thêm mới biết bền hay không hài lòng 5 sao,5.0,100,positive,2025-11-17 08:39:54.585193
lazada_lazada_rev_4ba275b5,lazada_1308632254,"tai nghe khá hay, mic đàm thoại to rõ chơi game bao phê",5.0,55,positive,2025-11-17 08:39:54.585193
lazada_lazada_rev_4f1d9f70,lazada_1951535099,jfxjgxigxgxigxigxigxigxgixgixigxigxtixigxgixigxigfi,5.0,51,positive,2025-11-17 08:39:54.585193
lazada_lazada_rev_5402167a,lazada_2578964262,dong goi va giao hang nhanh,5.0,27,positive,2025-11-17 08:39:54.585193
lazada_lazada_rev_54838417,lazada_3191318239,"Tốt lắm, rất tốt, nhẹ nhàng thoải mái, không bị mắc vào đầu, âm thanh rõ ràng, màu sắc rất đẹp, rất tốt.",5.0,104,positive,2025-11-17 08:39:54.585193
lazada_lazada_rev_57066112,lazada_1535236130,Xhangf okee nhưng nghe bị rè hơi khó chịu sjsjsjmdjdjdndjdjdjjdjdjdjdnjdjdjdjjdjdjdjdjjdjdjdjdjjdjdjdhdhhdhdhhdjdhdhdhhdhdbdhdhdhdhhdhdhdhhdhdhdhdhdhdhhdhdhdhdhdhh,5.0,163,positive,2025-11-17 08:39:54.585193
lazada_lazada_rev_5b8a849b,lazada_2898138333,"Tại nghe rất đẹp, dùng được chỉ có điều khiến cơ không được cập nhật một chạm hơi bất tiện đôi chút",5.0,99,positive,2025-11-17 08:39:54.585193
lazada_lazada_rev_5bbab499,lazada_2998495327,Hàng fake không phải của Xiaomi,5.0,31,positive,2025-11-17 08:39:54.585193
lazada_lazada_rev_61e17bb1,lazada_1800925386,Hàng chính hãng nên mọi thứ đều chỉnh chu nha,5.0,45,positive,2025-11-17 08:39:54.585193
lazada_lazada_rev_6270a994,lazada_2523793374,"hàng chất lượng. giao hàng nhanh, đúng y như hình.Điều khiển cảm ứng vân tay cực nhạy, Chống nước cho việc sử dụng năng động, Truyền âm thanh hiệu quả vào tai,",5.0,159,positive,2025-11-17 08:39:54.585193
lazada_lazada_rev_641e5a83,lazada_2322070325,"Đèn LED tiện lợi giúp sử dụng dễ dàng, Giá trị tuyệt vời cho số tiền bỏ ra, Tuổi thọ pin lâu dài, Thiết kế chống mồ hôi cho sử dụng năng động, Dễ dàng kết nối qua Bluetooth, Tính năng cách âm cho trải nghiệm nghe đắm chìm, Chất lượng âm thanh ấn tượng và vừa vặn thoải mái,",5.0,273,positive,2025-11-17 08:39:54.585193
lazada_lazada_rev_662971c6,lazada_1501004043,"âm thanh khá ổn với tầm giá này , hiệu suất của pin thì quá khỏe",5.0,64,positive,2025-11-17 08:39:54.585193
lazada_lazada_rev_66ed4b44,lazada_2562396620,Đã nhận được hàng đúng như hình ảnh quảng cáo. Cám ơn shop nhiều.,5.0,65,positive,2025-11-17 08:39:54.585193
lazada_lazada_rev_681df9f6,lazada_997000031,"tai nghe đẹp, kết nối nhanh, âm thanh rõ, phù hợp giá tiền sẽ ủng hộ shop những lần sau",5.0,87,positive,2025-11-17 08:39:54.585193
lazada_lazada_rev_68d907e8,lazada_3019215441,"Mua hàng 2 lần bên shop nhưng cực kì yên tâm mọi người ạ, sản phẩm thiết kế rất đẹp, cầm chắc tay, test thử pin khoảng hơn 3h, mà kết nối cảm ứng rất nhạy, nói chung với cái giá này thì không còn điểm nào chê luôn.Lại còn dc bảo hành 12 tháng và đổi lỗi miễn phí nữa, rất đáng mua nha mọi người",5.0,294,positive,2025-11-17 08:39:54.585193
lazada_lazada_rev_6dc31fc9,lazada_1471356553,"Hàng chuẩn chính hãng, xịn xò, âm thanh ngon, kết nối dễ dàng khoảng cách xa, nhìn rất thời trang và chắc chắn",5.0,110,positive,2025-11-17 08:39:54.585193
lazada_lazada_rev_6ffb12a1,lazada_2530567131,🎤Sound Quality:,5.0,15,positive,2025-11-17 08:39:54.585193
lazada_lazada_rev_735fd241,lazada_2172666517,Bluetooth OK tai nghe ổn trong tầm giá,5.0,38,positive,2025-11-17 08:39:54.585193
lazada_lazada_rev_74db34d1,lazada_1620564172,"I had faced a minor built quality problem with the headphone after using a month, I informed the shop and they offered me a brand new headphone right away without any other charges. Really appreciate for the responsibility and service of the shop. Recommended again. Thanks a lot.",5.0,280,positive,2025-11-17 08:39:54.585193
lazada_lazada_rev_766f71ad,lazada_3026831742,"Hàng chính hãng nguyên seal, thiết kế chụp tai êm ái, Trải nghiệm âm thanh không gian, Kết nối hai thiết bị cùng lúc, Giảm tiếng ồn cuộc gọi AI, Tính năng sạc nhanh, Kết nối Bluetooth 5.4 ổn định, Hỗ trợ codec LDAC. Shop đóng gói cẩn thận",5.0,238,positive,2025-11-17 08:39:54.585193
lazada_lazada_rev_797877e0,lazada_2633001743,"Thiết kế mượt mà và phong cách, Điều khiển trên tai tiện lợi, Tiện lợi không dây tốt nhất,",5.0,90,positive,2025-11-17 08:39:54.585193
lazada_lazada_rev_7d401230,lazada_2195749466,Giá hời quá mà nghe nó êm heng. Lần đầu mua thử mà thấy ổn áp á. Sẽ tiếp tục ủng hộ lần sau,5.0,91,positive,2025-11-17 08:39:54.585193
lazada_lazada_rev_7f69b46c,lazada_1222722107,"hàng tốt lắm nha,giá rẻ giao nhanh còn rất đẹp nữa , khuyên các bạn nên mua , tìm mãi trên lazada thì thấy cái tai nghe này được nhất thôi:33",5.0,141,positive,2025-11-17 08:39:54.585193
lazada_lazada_rev_825e81a8,lazada_2329499647,"sản phẩm sử dụng pin khá trâu, kiêm sajc rất tiện theo dõi được % pin đượcc nên mua",5.0,83,positive,2025-11-17 08:39:54.585193
lazada_lazada_rev_8276b424,lazada_2562396620,"Bền và lâu dài, thể thao và thiết kế thời trang, không dây và linh hoạt, dễ sử dụng, chất lượng âm thanh tốt,",5.0,109,positive,2025-11-17 08:39:54.585193
lazada_lazada_rev_83d1b94d,lazada_532886883,hàng đóng goi rất kỹ. âm thanh nghe rất hay. lời cảm ơn của shop rất cute..mọi người nên mua nhé! cảm ơn shop nha!,5.0,114,positive,2025-11-17 08:39:54.585193
lazada_lazada_rev_841a0c5f,lazada_2919785146,"Sản phẩm nhận được trong tình trạng tốt. Chất lượng âm thanh rất tốt, đáng giá tiền. Rất được khuyến nghị!! 👍👍👍",5.0,111,positive,2025-11-17 08:39:54.585193
lazada_lazada_rev_845db98c,lazada_2636265097,"Kết nối không dây tiện lợi, Âm thanh chất lượng cao,",5.0,52,positive,2025-11-17 08:39:54.585193
lazada_lazada_rev_860dfc48,lazada_532886883,"giao ko đúng tai nghe , tôi đặt tai nghe hps 730 sao lại giao tai nghe p47 cho tôi vậy",5.0,86,positive,2025-11-17 08:39:54.585193
lazada_lazada_rev_86432ff7,lazada_2350676938,Sound Quality:,5.0,14,positive,2025-11-17 08:39:54.585193
lazada_lazada_rev_86846f71,lazada_294344744,"hàng ngon ,bổ,rẻ,phù hợp giá tiền,âm lượng tốt,tuy có điều hơi dễ gãy,nếu kỹ xíu thì OK .nói chung hàng tốt",5.0,107,positive,2025-11-17 08:39:54.585193
lazada_lazada_rev_8a4111b3,lazada_2346540376,"Hàng đẹp, chính hãng, mua lúc sale nên giá khá tốt 👍👍👍👍👍",5.0,56,positive,2025-11-17 08:39:54.585193
lazada_lazada_rev_8a939c8c,lazada_2611210533,"ok thiết kế đeo ở vành tai khá tiện lợi, đổi lại tâm thanh truyền ở vành tai k bằng mấy loại kia được, hộp hơi nhanh trầy sước. nói chung tạm ổn trong tầm giá",5.0,158,positive,2025-11-17 08:39:54.585193
lazada_lazada_rev_8f9c003f,lazada_3049620058,"Mọi thứ đều tốt, giao hàng nhanh.",5.0,33,positive,2025-11-17 08:39:54.585193
lazada_lazada_rev_973b94f7,lazada_2611210533,"Thiết kế ổn, tai nghe chắc chắn, chất lượng âm thanh khá tốt, giá cả hợp lí, nên mua nhe",5.0,88,positive,2025-11-17 08:39:54.585193
lazada_lazada_rev_97b78521,lazada_294344744,sản phẩm tốt. giao hàng nhanh. hợp với giá tiền nên không đòi hỏi gì thêm. dkfjskskcjakdjfid,5.0,92,positive,2025-11-17 08:39:54.585193
lazada_lazada_rev_97f65402,lazada_2002840111,tai nghe nghe nhạc rất hay. chất lượng ngoài sự mong đợi. pin nghe 4 tiếng liên tục chưa thấy hết.may mắn khi tìm được chiếc tai nghe giá rẻ mà nghe nhạc lại hay như vậy. cảm ơn shop,5.0,182,positive,2025-11-17 08:39:54.585193
lazada_lazada_rev_9acaf356,lazada_2516941675,"Trước khi đặt hàng đã có nhắn tin hỏi bên shop, có hàng đúng màu tím ko, trả lời sẽ giao đúng hàng và màu, hàng này thật ra mình trước đó, cũng đã mua và đang dùng rồi, thấy ok nên mua thêm 1 cái màu mình thích,mà giờ giao màu gì,nếu shop ko có màu tím thì phải nhắn báo hỏi khách chứ,thấy không vui rồi đó.",5.0,307,positive,2025-11-17 08:39:54.585193
lazada_lazada_rev_9bc08625,lazada_1674754770,"sp tốt, shipper thân thiện, giao nhanh, hihi nói chung là rất like nhaaaaaaaaaaaaaaaaa:v",5.0,88,positive,2025-11-17 08:39:54.585193
lazada_lazada_rev_9c60c86e,lazada_3116287490,Sản phẩm chất lượng giá cực ổn lun có mấy chỗ cũng loại này nhưng hơn 400🌿 cơ giá này quá ổn dùng tốt nghe nhạc cực phê luô nha ship nhanh dã man 💯 nhưng có cái là mở to hết mức thì nghe ở ngoài cũng nghe rõ nhưng hông saooo vẫn 💯 nhé,5.0,234,positive,2025-11-17 08:39:54.585193
lazada_lazada_rev_9e9cba5b,lazada_1706960565,nói thật thì mình đã mua lần thứ 2 nha nhưng cái trc âm thanh nó rất lớn và không bị rè rè nhưng mà mình mua cái này nó thì âm thanh không lớn mà hơi nhỏ còn bị rè,5.0,163,positive,2025-11-17 08:39:54.585193
lazada_lazada_rev_a136c0dd,lazada_2359457757,Tai nghe bên mình bên nghe to 1 bên nghe nhỏ vs lại là day sạc k sạc vừa,5.0,72,positive,2025-11-17 08:39:54.585193
lazada_lazada_rev_a9c6babb,lazada_260262933,"Dễ sử dụng, Chất lượng xây dựng bền,",5.0,36,positive,2025-11-17 08:39:54.585193
lazada_lazada_rev_ab642490,lazada_2509309542,"I liked the sound. The midrange is just great. The bass is detailed, but weak. They sit well on the head.",5.0,105,positive,2025-11-17 08:39:54.585193
lazada_lazada_rev_acc3358f,lazada_1891380057,"Thoải mái khi đeo lâu, Khả năng khử tiếng ồn ấn tượng, Dễ dàng kết nối với Bluetooth, Hiệu suất âm thanh chất lượng cao,",5.0,120,positive,2025-11-17 08:39:54.585193
lazada_lazada_rev_aea3dea6,lazada_2117479675,"Đặt hàng 07jan, nhận được 14jan2024 theo thứ tự tốt. Mục cũng đóng gói với bọc bong bóng. Tuy nhiên bao bì hộp vẫn có vết lõm nhưng sản phẩm không bị ảnh hưởng. Sử dụng nó thực tế sau khi Unboxing... \ nxây dựng chất lượng: Khá darn tốt. Tổng thể được xây dựng là sự kiện vững chắc hough nó chủ yếu là nhựa, vật liệu là Matte kết thúc không có dấu vân tay hoặc dầu Smudging. Kim loại có thể thu vào Headband với hướng dẫn đo lường là một lợi thế lớn, đảm bảo một số lượng tốt của phong trào và sử dụn",5.0,500,positive,2025-11-17 08:39:54.585193
lazada_lazada_rev_af394387,lazada_1609509196,"Nó mang tính công nghệ cao. Tôi đã thử tai nghe và cảm giác vừa vặn với tai rất thoải mái ngay khi tôi mở gói. Sau đó, tôi ngay lập tức thử chế độ trò chơi. Tôi thực sự cảm thấy không có độ trễ và thao tác cũng đơn giản và nói chung là tôi hài lòng.",5.0,249,positive,2025-11-17 08:39:54.585193
lazada_lazada_rev_b226581d,lazada_294344744,"Hàng về còn nguyên kiện,giao khá là nhanh,nhìn cũng rất là xinh,nghe nhạc khá êm tai nhưng đeo lâu sẽ bị đau, với mức giá này thì cũng k đòi hỏi gì thêm💯🎉",5.0,154,positive,2025-11-17 08:39:54.585193
lazada_lazada_rev_b4686acf,lazada_2244687698,"Tại nghe chống ồn tốt, âm thanh ổn. Tuy nhiên có điểm trừ là đeo lâu sẽ bị nóng tai.",5.0,84,positive,2025-11-17 08:39:54.585193
lazada_lazada_rev_b59d2423,lazada_1569856692,sản phẩm cg ok thiên về bass bạn nào mua về nghe nhạc thì chuẩn bài mỗi tội đéo lâu hơi nóng tai tý thôi nha,5.0,108,positive,2025-11-17 08:39:54.585193
lazada_lazada_rev_b9cd6fc8,lazada_2142780362,"tốt, bền, rẻ, đẹp, đáng mua, sẽ ủng hộ shop tiếp trong thời gian tới, giao hàng nhanh .",5.0,87,positive,2025-11-17 08:39:54.585193
lazada_lazada_rev_bd154651,lazada_1554102166,Mua cả 2 tai đều dùng rất tốt. Sản phẩm tuyệt vời. Giao hàng nhanh và đóng gói cẩn thận và đẹp Shiper thân thiện và lịch sự Đeo vừa tai và nhẹ êm không đau tai. Trẻ con và người lớn đều dùng chung được 5 sao,5.0,207,positive,2025-11-17 08:39:54.585193
lazada_lazada_rev_c5a505f2,lazada_3113840711,Sound Quality:,5.0,14,positive,2025-11-17 08:39:54.585193
lazada_lazada_rev_c68a84fb,lazada_3019215441,🔋Battery Life:,5.0,14,positive,2025-11-17 08:39:54.585193
lazada_lazada_rev_c7bffff1,lazada_1674754770,"Mua về cắt dây đi nghịch sống ảo, nhưng mà cái tai nghe hơi mỏng",5.0,64,positive,2025-11-17 08:39:54.585193
lazada_lazada_rev_c7de927d,lazada_1674754770,"Mua về cắt dây đi nghịch sống ảo, nhưng mà cái tai nghe hơi mỏng",5.0,64,positive,2025-11-17 08:39:54.585193
lazada_lazada_rev_caa9ef1d,lazada_1310728761,Hỗ trợ míc tốt âm thanh cực sướng. Chuẩn hàng chính hãng rất là OK nhá.,5.0,71,positive,2025-11-17 08:39:54.585193
lazada_lazada_rev_cefc09dc,lazada_2065421614,Nhìn ngoài ok nha mn test tầm 1 tiếng thấy pin tụt ít cũng ok . Sài full chắc tầm 3h . Âm thanh cũng ổn . Tốt trong tầm giá . Vừa bluetooth vừa cắm dây 3.5 cũng tiện khi đang nghe hết pin giữ chừng 🤣 .,5.0,201,positive,2025-11-17 08:39:54.585193
lazada_lazada_rev_d0953df6,lazada_1706960565,mua 2 mà có 1 cái à shop sl cũng ghi 2 mà vẫn giao 1,5.0,52,positive,2025-11-17 08:39:54.585193
lazada_lazada_rev_d35ad0a2,lazada_2891718216,"Tốt tốt tốt, hàng thật đấy. Micro 8/10 giá 1100 có âm thanh 7.1 của Razer phải tải app để chèn key mới dùng được 7.1 nghe nhạc hay, có nút tắt micro ở bên dưới chống ồn ngoài tốt 7.5 chất lượng âm thanh hiệu ứng game ở mức giá này 9.7 nhưng chỉ nhận được 762 hàng thật giống như kiểu nó là loại gửi đi Nga Trung Quốc Ả Rập Anh ngôn ngữ trên tem nhưng hàng thật thì bị trầy hộp rõ ràng, từng cái đều vậy",5.0,402,positive,2025-11-17 08:39:54.585193
lazada_lazada_rev_d6a5e3f8,lazada_1433739408,"Lần đầu tiên mình được mã to từ Logitech x Lazada. Có chút trục trặc nhỏ lúc đặt mua nhưng đã được Logitech hỗ trợ nhanh chóng. Tai nghe xịn sò, siêu nhẹ mình rất thích. Nghe nhạc ok, bass ở mức vừa phải. Nhờ may mắn mà giờ mình có em tai nghe xịn sò, đi cùng bộ với bàn phím & chuột Logi luôn ;)",5.0,296,positive,2025-11-17 08:39:54.585193
lazada_lazada_rev_d741a91e,lazada_1951535099,tai nghe đẹp giao hàng cũng khá lâu tiếng hơi nhỏ nhưng với vì giá cũng k đắt nên k đòn hỏi âm thanh chất lượng đc,5.0,114,positive,2025-11-17 08:39:54.585193
lazada_lazada_rev_da6c4e24,lazada_2033673129,"tai nghe XỊN,thiết kế sang trọng. Phần mút ôm gọn tai nghe, nhạc nghe khá ổn. Với giá thành như này thì mình thấy khá ổn cho chất lượng",5.0,135,positive,2025-11-17 08:39:54.585193
lazada_lazada_rev_e2775565,lazada_1217998955,"Giá trị tuyệt vời cho giá cả, Chất lượng âm thanh rõ ràng, Chống ồn hiệu quả. Jack cắm đa dạng. thiết kế đẹp ôm sát đầu",5.0,119,positive,2025-11-17 08:39:54.585193
lazada_lazada_rev_e30fe6ee,lazada_1343893068,"Wireless headphones with cute colors, Modern stereo sound technology, Comfortable over-ear headphone design,",5.0,108,positive,2025-11-17 08:39:54.585193
lazada_lazada_rev_e40a2003,lazada_2523945682,OK hàng đẹp ủng hộ shop sau nhe 5 *,5.0,35,positive,2025-11-17 08:39:54.585193
lazada_lazada_rev_e5e2d049,lazada_1674754770,"sp tốt, shipper thân thiện, giao nhanh, hihi nói chung là rất like nhaaaaaaaaaaaaaaaaa:v",5.0,88,positive,2025-11-17 08:39:54.585193
lazada_lazada_rev_ec96e815,lazada_1554102166,"Hài lòng về sản phẩm đã nhận. Hàng răt chất lượng, âm thanh trung thực. Tai mày đẹp và gọn nhẹ. Hàng ngon bổ rẻ nhiều tính năng. Sẽ ủng hộ shop lâu dài",5.0,151,positive,2025-11-17 08:39:54.585193
lazada_lazada_rev_f0d68541,lazada_295626014,"dỏm, ko cáp sạc, trầy nhiều, ko đáng tiền. shop trloi cục súc.",5.0,62,positive,2025-11-17 08:39:54.585193
lazada_lazada_rev_f1f9f5f3,lazada_3051730477,"I just about ok, lacks the quality. I don’t think this original Sony headphone.",5.0,79,positive,2025-11-17 08:39:54.585193
lazada_lazada_rev_f42a2d18,lazada_1524674253,노래 좋다❤ 한국 사람이 듣기에도 너무 좋네요 매일 노래 듣고있어요! 베트남 남자 친구 있어서 베트남어 배우는 중인데 너무 좋아요,5.0,72,positive,2025-11-17 08:39:54.585193
lazada_lazada_rev_f5cef605,lazada_258183456,shop giao hàng nhanh. chăm soc khách hàng tốt. tai tầm giá ổn. loa to. mấy bạn kêu loa nhỏ cần đi khám tai đi,5.0,109,positive,2025-11-17 08:39:54.585193
lazada_lazada_rev_f86d144a,lazada_251491984,hàng đúng mô tả. Mua lúc có chương trình sale giá rẻ chất lượng không ngờ luôn. âm thanh to rõ. rất đáng để mua .,5.0,113,positive,2025-11-17 08:39:54.585193
lazada_lazada_rev_fa94c5ea,lazada_2039350426,"Convenient Bluetooth connectivity, Excellent value for the price, Easy to use and control,",5.0,90,positive,2025-11-17 08:39:54.585193
lazada_lazada_rev_fb84c935,lazada_2269435449,lúc trước có mua loại giống vậy rồi sản phẩm tốt nhưng để sài lâu rồi sẽ xem xét,5.0,80,positive,2025-11-17 08:39:54.585193
