title,url,price,rating,shop
"Tai nghe Bluetooth Không Dây Pro 4 Thế hệ Mới - Công Nghệ Hiện Đại , Âm Thanh Chất Lượng Cao , Pin Khỏe - Thiết Kế Nhỏ Gọi , Màu Trắng Sang Trọng",https://www.lazada.vn/products/pdp-i532886883.html,56.000 ₫,4.0,945 Đã bán
Tai Nghe Chụp Tai F10 Plus Bản Nâng Cấp Của Tai Nghe Chụp Tai F10 Và F20 Headphone Nghe Nhạc Cực Hay Âm Bass Mạnh Mẽ,https://www.lazada.vn/products/pdp-i1674754770.html,15.000 ₫,4.0,273 Đã bán
Tai nghe có dây chụp tai chân cắm 3.5 chính hãng Hoco tai nghe over ear có mic âm thanh to dùng học tập nghe nhạc chơi game,https://www.lazada.vn/products/pdp-i2907700783.html,158.000 ₫,4.0,57 Đã bán
"Tai Nghe Chụp Tai Hoco W35 - Pin Siêu Trâu 40h, Bluetooth V5.3, Chống Ồn, Chống Thấm Nước.",https://www.lazada.vn/products/pdp-i2530376650.html,212.400 ₫,4.0,179 Đã bán
"Tai Nghe Không Dây Kết Nối Bluetooth P47, Tai nghe mèo P47, mèo B39, Có Khe Cắm Thẻ Nhớ",https://www.lazada.vn/products/pdp-i2050586084.html,57.000 ₫,4.0,
"[MẪU MỚI 2024] Tai Nghe Bluetooth Không Dây Chụp Tai Chống Ồn P2961 Có Thể Gập Lại, Hỗ Trợ Khe Cắm 3.5mm Học Tập, Nhạc",https://www.lazada.vn/products/pdp-i2629218964.html,132.100 ₫,5.0,17 Đã bán
Tai nghe không dây gaming M90 Pro bluetooth 5.3 Âm bass cực to chống ồn chống nước,https://www.lazada.vn/products/pdp-i2172666517.html,66.000 ₫,4.0,251 Đã bán
Tai Nghe Chơi Game Có Dây Razer BlackShark V2 X Với Âm Thanh Vòm 7.1 Và Mic Cardioid Siêu Rõ Khử Tiếng Ồn Thụ Động Tiên Tiến,https://www.lazada.vn/products/pdp-i2891718216.html,450.000 ₫,,"28 Đã bán
China"
Tai Nghe Chụp Tai Bluetooth Không Dây Chống Tiếng Ồn Có Thể Gấp Gọn Kèm Mic cos,https://www.lazada.vn/products/pdp-i3055065917.html,121.200 ₫,,
Headphones Behringer Studio HPM1100-BK,https://www.lazada.vn/products/pdp-i2149082074.html,350.000 ₫,5.0,10 Đã bán
"Tai nghe gaming có mic có đèn LED cho máy tính, điện thoại (Bảo hành 6 tháng)",https://www.lazada.vn/products/pdp-i1222722107.html,218.000 ₫,4.0,
Tai nghe UGREEN Max5c không dây có công nghệ chống ồn 43dB Bluetooth 5.4 Hybrid Active Khử tiếng ồn Hi-Res LDAC 75H Tai nghe chụp tai âm thanh không gian ANC Wireless Over-Ear Earphone Model:35757,https://www.lazada.vn/products/pdp-i3026831742.html,549.000 ₫,4.0,670 Đã bán
"Tai nghe chụp tai Logitech H111 - 1 jack 3.5mm, Mic khử giảm tiếng ồn, trọng lượng nhẹ, âm thanh nổi",https://www.lazada.vn/products/pdp-i260262933.html,193.000 ₫,4.0,
"Tai nghe Bluetooth chụp tai Baseus Bowie H1i, Kiểu dáng năng động, chống ồn thông minh, Bluetooth 5.3, Bảo hành 12 tháng",https://www.lazada.vn/products/pdp-i2509309542.html,803.000 ₫,5.0,21 Đã bán
"[HCM] Sony WH-H900, Tai nghe bluetooth không dây Sony WH-H900N",https://www.lazada.vn/products/pdp-i1366389378.html,1.650.000 ₫,5.0,13 Đã bán
Tai nghe bluetooth chụp tai B39 - Hàng nhập ( Có hổ trợ thẻ nhớ + Dây jack 3.5mm),https://www.lazada.vn/products/pdp-i291454451.html,156.000 ₫,4.0,
"Tai Nghe Bluetooth A9 Pro Gaming phiên bản cao cấp, âm thanh tốt, độ trễ thấp, pin trâu 4-5h tai nghe không dây pin trâu cảm ứng nhạy cùng đèn led và âm thanh đình",https://www.lazada.vn/products/pdp-i3145110712.html,125.000 ₫,5.0,19 Đã bán
AULA | Tai Nghe Chơi Game Không Dây Bluetooth Hủy Tiếng Ồn 3 Chế Độ có Micro,https://www.lazada.vn/products/pdp-i3234802542.html,687.000 ₫,4.0,
Cho Ban Đầu JBL Tune 510bt Không Dây On-Ear Headphone T510bt âm trầm thuần Âm Thanh Tai nghe bluetooth thể thao điện tử Tai Nghe mic rảnh tay,https://www.lazada.vn/products/pdp-i2615050330.html,212.052 ₫,4.0,46 Đã bán
"Crush me! PK01 Tai Nghe Panasonic có mic retro âm thanh Hifi - cân bằng 3 dải âm, phong cách y2k cổ điển headphones hiphop",https://www.lazada.vn/products/pdp-i2156106017.html,190.000 ₫,4.0,12 Đã bán
[Ready Stock] M6 Foldable Wireless Earphone Macarons Heavy Bass Bluetooth Gaming Headset,https://www.lazada.vn/products/pdp-i3049620058.html,129.000 ₫,5.0,47 Đã bán
Supereq Bởi Oneodio V16 Không Dây + Tai nghe có dây trùm tai có thể gập lại Bluetooth 5.3 Tai nghe kèm Micro Bass/Pop Chế Độ 90H Thời Gian Chơi,https://www.lazada.vn/products/pdp-i2684185919.html,495.000 ₫,5.0,6 Đã bán
Tai nghe chụp tai bluetooth 5.0 không dây có âm bass và hỗ trợ khe cắm thẻ nhớ,https://www.lazada.vn/products/pdp-i2065421614.html,31.000 ₫,4.0,
JBL Tune700bt bluetooth không dây Headphone Chơi Game Thể Thao Bộ Tai nghe nhạc Với Microphone,https://www.lazada.vn/products/pdp-i2799337003.html,253.882 ₫,5.0,8 Đã bán
"⚡Mẫu Mới⚡Tai nghe chụp tai Hoco W46 có bluetooth V5.3, cổng AUX 3.5mm, micro đàm thoại liên tục 20 giờ cho điện thoại, máy tính bảng, bàn , laptop, PC destops, tablet, macbook ... - Chính Hãng Bảo Hành 12 Tháng -H2N SHOP",https://www.lazada.vn/products/pdp-i2477571378.html,165.000 ₫,5.0,8 Đã bán
"Tai Nghe Chụp Tai Headphone MS-B2 BlueTooth 5.1 Có Micro Đàm Thoại Xoay Nhiều Góc Độ, Âm Thanh Hifi, Độ Chống Ồn Cao",https://www.lazada.vn/products/pdp-i2636265097.html,289.000 ₫,5.0,115 Đã bán
Over-ear gaming headset Tai nghe Gaming G606 LED RGB cổng USB âm thanh 7.1 có hộp,https://www.lazada.vn/products/pdp-i3165640412.html,221.000 ₫,,
Tai Nghe Bluetooth Không Dây Băng Đô Thể Thao Đàn Hồi Qua Tai Mặt Nạ Mắt Ngủ Âm Nhạc Với Chức Năng Khử Tiếng Ồn Chủ Động,https://www.lazada.vn/products/pdp-i2562396620.html,107.250 ₫,4.0,69 Đã bán
Tai nghe chụp tai không dây UGREEN Bluetooth gắn trên đầu Hitune Max5C 5.4 không dây Wireless ANC Earphone 38dB Tai nghe thể thao có Mic khử tiếng ồn for iPhone 15 Pro Max Model:35757,https://www.lazada.vn/products/pdp-i2654285000.html,499.000 ₫,4.0,
Tai nghe kiểm âm TAKSTAR HD-2000 - Tai nghe over ear - Tai nghe chụp tai Gaming [BH 12 tháng],https://www.lazada.vn/products/pdp-i426216015.html,600.000 ₫,4.0,310 Đã bán
"Lenovo | Tai nghe Bluetooth TH11 không dây/có dây, EQ đa hiệu ứng, đàm thoại khử ồn ENC, Bluetooth 5.4, đeo thoải mái",https://www.lazada.vn/products/pdp-i3191326933.html,354.000 ₫,4.0,9 Đã bán
Tai Nghe Chụp Tai Headphone Bluetooth Không Dây Có Mic H7BT NEW 2023 Âm Thanh Vòm 9D Siêu Bass Cực Chất,https://www.lazada.vn/products/pdp-i2236978638.html,269.000 ₫,4.0,55 Đã bán
"Tai Nghe Chụp Tai Bluetooth P47, Tai Không Dây Có Mic Tai nghe chụp tai P47 Bluetooth 5.0 không dây có mic Tai Nghe Bluetooth P47 Chụp Tai có khe cắm thẻ nhớ TAI NGHE BLUETOOTH WIRELESS P47",https://www.lazada.vn/products/pdp-i1741180256.html,133.350 ₫,5.0,
"Tai Nghe Bluetooth P9 Chụp Tai Âm Siêu Trầm, Nghe Nhạc Cực Hay, Pin Dài, Có Mic Đàm Thoại",https://www.lazada.vn/products/pdp-i3199097735.html,78.400 ₫,,
Tai Nghe Chụp Tai F10 Plus Bản Nâng Cấp Của Tai Nghe Chụp Tai F10 Và F20 Headphone Nghe Nhạc Cực Hay Âm Bass Mạnh Mẽ,https://www.lazada.vn/products/pdp-i1669454727.html,39.000 ₫,5.0,40 Đã bán
Xả hàng - Tai Nghe Headphone Tai Mèo - TTLIFE Xinh Xắn - Có Đèn Led Siêu Cute -DC4119,https://www.lazada.vn/products/pdp-i1385291231.html,38.925 ₫,5.0,20 Đã bán
Tai nghe Bluetooth không dây P2961 Bass Cực Căng Bluetooth 5.1 Chống Ồn Âm thanh nổi Chơi game Nghe nhạc,https://www.lazada.vn/products/pdp-i3072381208.html,78.500 ₫,5.0,715 Đã bán
"Bose QuietComfort tai nghe II không dây Bluetooth, tai nghe nội bộ với công nghệ giảm tiếng ồn chủ động",https://www.lazada.vn/products/pdp-i3208053363.html,208.900 ₫,5.0,8 Đã bán
"Jasminestyle P47 Tai nghe không dây với tuổi thọ pin dài, thiết kế có thể gập lại cho âm nhạc và cuộc gọi",https://www.lazada.vn/products/pdp-i3138662351.html,41.000 ₫,5.0,12 Đã bán
"Tai Bluetooth không dây NC700 tai nghe over-ear với tính năng giảm tiếng ồn chủ động, trầm sâu, âm thanh kỳ diệu cho thể thao",https://www.lazada.vn/products/pdp-i3217875776.html,216.800 ₫,,
LazMallTai nghe Sony không dây có công nghệ chống ồn WH-CH720N,https://www.lazada.vn/products/pdp-i3223290916.html,213.590 ₫,,
Tai nghe có dây giắc cắm 3.5mm chính hãng Hoco có micro đàm thoại hiệu ứng âm thanh vòng 6d bass mạnh chống rối ồn cho iphone samsung xiaomi...,https://www.lazada.vn/products/pdp-i2504967205.html,58.000 ₫,5.0,54 Đã bán
"Tai Nghe Thể Thao T30 PRO -Bluetooth 5.4, Xoay 180 Độ, Đeo Được 2 Tai, Pin Siêu Khỏe,Kết Nối Ổn Định",https://www.lazada.vn/products/pdp-i2898138333.html,68.310 ₫,4.0,439 Đã bán
Tai nghe chơi game KUBITE K-15 3.5mm + USB Cắm tai nghe ngoài tai với đèn RGB có thể điều chỉnh âm lượng micrô,https://www.lazada.vn/products/pdp-i2659641332.html,99.000 ₫,5.0,46 Đã bán
Tai Nghe Chụp Tai Bluetooth Không Dây Có Míc Dùng Cho Tất Cả Các Thiết Bị,https://www.lazada.vn/products/pdp-i3225514359.html,127.200 ₫,,
"Blevos Tai Nghe Bluetooth KhôNg DâY, tai nghe bluetooth chụp tai TíCh HợP Microphone, âM Bass SâU, MàU SắC đáNg YêU",https://www.lazada.vn/products/pdp-i3235300874.html,129.350 ₫,,
Tai nghe chụp tai gaming giả lập Acer/ G606/607/608 cổng usb led rgb cho máy tính pc laptop chơi game giải trí BUNOC's,https://www.lazada.vn/products/pdp-i2161593982.html,148.000 ₫,,"9 Đã bán
Hà Nội"
Sony WH-CH720N WH-CH720 tai nghe không dây giảm tiếng ồn,https://www.lazada.vn/products/pdp-i3210085636.html,266.666 ₫,,
"Tai Nghe Gaming BQ40 Bluetooth 5.3 thế hệ mới máy mạnh độ trễ thấp, tích hợp micro đàm thoại trực tiếp - Hàng nhập khẩu cao cấp",https://www.lazada.vn/products/pdp-i2283131857.html,127.710 ₫,4.0,452 Đã bán
"Tai Nghe Gaming ZIDLI ZH6 (3.5mm, USB) Bảo Hành 12 Tháng - Chính Hãng",https://www.lazada.vn/products/pdp-i158000115.html,145.000 ₫,5.0,251 Đã bán
"Tai Nghe Bluetooth SK18 Bluetooth 5.3 Pin Trâu, Thiết Kế Nhỏ Gọn,Cảm Ứng Thông Minh, Kết Nối Ổn Định, Âm Thanh HiFi Cao Cấp",https://www.lazada.vn/products/pdp-i2387759347.html,197.010 ₫,4.0,451 Đã bán
"Tai nghe bluetooth M10 bản PRO nâng cấp điều khiển cảm ứng pin trâu 3500mah, hỗ trợ mọi dòng máy, micro 2 bên, chống ồn, chống nước",https://www.lazada.vn/products/pdp-i2359493652.html,55.440 ₫,4.0,34 Đã bán
Tai Nghe Bluetooth Chụp Tai Xbass T7 Tai Nghe Chụp Tai Không Dây Tai Nghe Bluetooth Có Mic Đa Năng Âm Thanh Hifi Siêu Đỉnh Thiết Kế Gấp Gọn Pin Cực Trâu Đệm Da Siêu Êm Chống Ồn Hiệu Quả - Sunny Store 88,https://www.lazada.vn/products/pdp-i1683986646.html,305.000 ₫,5.0,
"Tai Nghe A9 Pro Bluetooth Anc Enc, Tai Nghe Không Dây Bass Cực Mạnh Chống Ồn Hifi Stereo, Có Màn Hình",https://www.lazada.vn/products/pdp-i3181588480.html,159.000 ₫,5.0,30 Đã bán
"Tai Nghe Chụp Tai Hoco W35 Air - Pin Trâu 45h, V5.3 Kiểu Dáng Sang Trọng, Chống Ồn, Chống Thấm Nước",https://www.lazada.vn/products/pdp-i2534606766.html,255.000 ₫,5.0,33 Đã bán
"Tai nghe cảm ứng F9 5C - Tai nghe Bluetooth V5.3 chống nước chống ồn, đàm thoại trực tiếp phiên bản mới cao cấp pro (đen)",https://www.lazada.vn/products/pdp-i1615620387.html,78.210 ₫,4.0,
"Tai Nghe Bluetooth GT280 - GT27 Thiết Kế Thể Thao, Kết Nối Bluetooth 5.4, Tích Hợp Đèn Led, Kháng Nước, Chống Ồn",https://www.lazada.vn/products/pdp-i2523793374.html,94.050 ₫,4.0,250 Đã bán
"Tai nghe nằm ngủ MD-558D Bluetooth 5.3 mẫu mới pin trâu, tích hợp micro, âm thanh HIFI - Hàng nhập khẩu cao cấp",https://www.lazada.vn/products/pdp-i2608429757.html,132.050 ₫,5.0,128 Đã bán
"Tai Nghe Bluetooth 5.4 Siêu Nhỏ - Thiết Kế 1 Tai, Âm Thanh Sống Động, Pin Bền Bỉ",https://www.lazada.vn/products/pdp-i2966444495.html,113.050 ₫,5.0,
"Tai Nghe Bluetooth YW08 Màn Hình LED – Chống Ồn ANC, Âm Thanh Sống Động, Game Mode Đỉnh Cao",https://www.lazada.vn/products/pdp-i3096009711.html,197.010 ₫,5.0,10 Đã bán
"Tai Nghe Bluetooth M100 /M10 / F9 bản Pro upgrade Pin Trâu 3000mah, Nút Cảm Ứng, screen Led Gaming, Chống Nước",https://www.lazada.vn/products/pdp-i2376247029.html,60.000 ₫,4.0,39 Đã bán
"Tai Nghe Bluetooth Không Dây A9 Pro v5.3 Chạm Cảm Ứng, Vỏ Trong Suốt, Âm Thanh Hay Có Mic Giảm Tiếng Ồn Màn Hình LCD Cảm Ứng Bass Hay Bảo Hành",https://www.lazada.vn/products/pdp-i3127403870.html,130.000 ₫,5.0,
"Tai Nghe Bluetooth Gaming M50 Phiên Bản Mới V5.3 Độ Trễ Thấp, Chống Ồn Chủ Động ENC, Kèm Mic - Hàng Nhập Khẩu Cao Cấp",https://www.lazada.vn/products/pdp-i2394397976.html,197.010 ₫,5.0,38 Đã bán
Tai nghe Pro 4 Tai nghe không dây Tai nghe Mini thể thao Bass HIFI Âm thanh nổi Tai nghe giảm tiếng ồn chơi game,https://www.lazada.vn/products/pdp-i1681812149.html,56.430 ₫,4.0,26 Đã bán
(HÀNG HOT 2024 ) Tai Nghe Bluetooth Cao Cấp Màn Hình LCD Cảm Ứng A9 PRO ANC/ AEC Giảm Tiếng Ồn Chủ Động Cảm Biến Nhạy Kết Nối Linh Hoạt - Bảo Hành 3 Tháng,https://www.lazada.vn/products/pdp-i2470452950.html,168.000 ₫,4.0,29 Đã bán
"Tai Nghe Bluetooth 07S Cao Cấp, Âm Thanh Cực Đỉnh - Chụp Tai Không Dây, Có Mic Đàm Thoại",https://www.lazada.vn/products/pdp-i2320981086.html,197.010 ₫,5.0,55 Đã bán
"( BẢN QUỐC TẾ ) Tai Nghe Bluetooth M10 Phiên Bản Pro 3500mAh Pin Trâu, Nút Cảm Ứng Tự Động Kết Nối Chống Nước Chống Ồn - Lỗi 1 đổi 1",https://www.lazada.vn/products/pdp-i2498175025.html,58.410 ₫,4.0,228 Đã bán
Tai Nghe Không Dây Bluetooth Amoi F9 PRO có đèn LED chống nước - chống ồn - Micro HD tự động kết nối kèm sạc kiêm sạc dự phòng Bảo hành 1 ĐỔI 1,https://www.lazada.vn/products/pdp-i1235015283.html,56.000 ₫,4.0,
"Tai nghe bluetooth SGC SM10, M66 PRO Pin Trâu 3500maH âm thanh trung thực, đèn Led đẹp mắt, hộp sạc có màn hình",https://www.lazada.vn/products/pdp-i2322070325.html,59.000 ₫,4.0,
"Tai Nghe Bluetooth P30 Chơi Game Âm Thanh Nổi, Không Dây Độ Trễ Thấp, Tích Hợp Mic Đàm Thoại To Rõ, Phiên Bản Bluetooth 5.2",https://www.lazada.vn/products/pdp-i2392970901.html,167.310 ₫,4.0,83 Đã bán
Tai Nghe A.P Pro 2 ANC Chống ồn 40dB Bản Mới 2024 Chân Sạc Type-C (BH 6 Tháng),https://www.lazada.vn/products/pdp-i2735005966.html,390.000 ₫,4.0,74 Đã bán
"Tai nghe Bluetooth Lenovo TH10 âm thanh nổi giảm ồn thoải mái chống thấm nước có mic thích hợp cho Android IOS PC, Bảo hành 12 tháng",https://www.lazada.vn/products/pdp-i2420763198.html,360.000 ₫,5.0,364 Đã bán
"Tai Nghe Mèo P47 Dễ Thương Nghe Nhạc Chơi Game , Bảo hành 12 Tháng",https://www.lazada.vn/products/pdp-i1951535099.html,56.000 ₫,4.0,63 Đã bán
"Tai nghe chụp tai Trâu vàng SANNY V2K kèm Mic, tai nghe có dây - (Màu vàng)",https://www.lazada.vn/products/pdp-i2263500580.html,59.000 ₫,,"12 Đã bán
Hồ Chí Minh"
"Tai nghe game thủ YD03 bluetooth 5.3 thế hệ mới máy mạnh, pin trâu, đàm thoại trực tiếp BH 1 tháng",https://www.lazada.vn/products/pdp-i2325669202.html,126.000 ₫,5.0,112 Đã bán
"Tai Nghe Có Dây S2000 Gaming Super Bass Chống Ồn Hiệu Quả Có Mic Đàm Thoại , BẢO HÀNH 12 THÁNG",https://www.lazada.vn/products/pdp-i2200834471.html,20.000 ₫,4.0,122 Đã bán
"Tai Nghe Bluetooth Thể Thao XG33, Tai Nghe Thể Thao Cảm Ứng Vân Tay Tích Hợp Micro",https://www.lazada.vn/products/pdp-i3096444184.html,101.600 ₫,4.0,28 Đã bán
"Tai nghe chụp tai bluetooth, Tai nghe Headphone Hoco W46 âm bass siêu hay",https://www.lazada.vn/products/pdp-i2530567131.html,127.710 ₫,4.0,11 Đã bán
"Tai nghe Bluetooth Gaming M25 delay độ trễ thấp, pin trâu, kiểu dáng sang trọng, âm thanh HiFi,chống ồn, chống nước IPX7",https://www.lazada.vn/products/pdp-i2523945682.html,72.000 ₫,4.0,41 Đã bán
Tai Nghe X15 Không Dây Bluetooth 5.1 Giảm Tiếng Ồn Cảm Ứng Điều Khiển Vân Tay Âm Thanh Hifi 9D Cho Điện Thoại Gaming - Bảo Hành Lỗi 1 Đổi 1,https://www.lazada.vn/products/pdp-i2340068710.html,56.000 ₫,4.0,
Tai Nghe Chụp Tai Bluetooth Attack Shark L80 Super Bass Âm Thanh Vòm Có Mic Chơi Game 360 Độ Jack USB - TypeC Không Dây,https://www.lazada.vn/products/pdp-i2740358108.html,539.000 ₫,5.0,45 Đã bán
Tai nghe không dây Xiaomi Mijia P2961 Bluetooth 5.3 Tai nghe âm thanh nổi 9D HIFI có thể gập lại Tuổi thọ pin dài Tai nghe Bass nặng,https://www.lazada.vn/products/pdp-i2998495327.html,128.700 ₫,4.0,44 Đã bán
Tai nghe chụp tai bluetooth 5.3 Hoco không dây over ear chơi game nghe nhạc pass siêu hay dùng cho iphone samsung xiaomi ...,https://www.lazada.vn/products/pdp-i2504834927.html,188.000 ₫,5.0,
Tai nghe chụp tai không dây SY-T830 kết nối Bluetooth có đèn led và âm thanh sống động,https://www.lazada.vn/products/pdp-i2214957548.html,189.000 ₫,4.0,173 Đã bán
"Tai nghe bluetooth không dây chính hãng Growntech V9 5.0 tích hợp mic giảm tiếng ồn có màn hình led HD dòng 2023 pin cực trâu, âm thanh chuẩn (1 tai nghe)",https://www.lazada.vn/products/pdp-i2510676041.html,98.753 ₫,5.0,75 Đã bán
"Tai nghe chụp tai Bluetooth 5.0 B39 - Tai nghe bluetooth thế hệ mới, âm thanh trầm ấm, tai nghe chơi game bass mạnh",https://www.lazada.vn/products/pdp-i290654971.html,132.000 ₫,4.0,415 Đã bán
"Tai Nghe B39 Bluetooth 5.0 Chụp Tai Nghe Nhạc Cực Hay Có Đèn LED,Có hỗ trợ thẻ nhớ, tặng kèm jack 3.5mm, Bảo Hành 1 Năm",https://www.lazada.vn/products/pdp-i1917454211.html,79.000 ₫,5.0,88 Đã bán
"Tai nghe gaming tai nghe chụp tai có mic chống ồn,âm thanh 7.1,jack-3.5mm,có đèn LED cho máy tính,điện thoại",https://www.lazada.vn/products/pdp-i2587748736.html,166.000 ₫,,
Tai nghe Bluetooth 5.0 AMOI F9 PRO - Bản Quốc Tế 2023 Nút Cảm Ứng Chống Nước - Pin Sạc 2000mah - Kết Nối Mọi Dòng Máy Thông Minh,https://www.lazada.vn/products/pdp-i1763857888.html,56.430 ₫,5.0,11 Đã bán
Tai nghe bluetooth chụp tai không dây air 39 TWS thời trang vỏ trong suốt công nghệ chống nước đỉnh cao màn hình hiển thị dung lượng,https://www.lazada.vn/products/pdp-i2516941675.html,91.699 ₫,4.0,77 Đã bán
"Tai Nghe Bluetooth M10 Pro Tai Nghe Không dây M10 Pro Phiên Bản Nâng Cấp Pin Trâu, Nút Cảm Ứng Tự Động Kết Nối",https://www.lazada.vn/products/pdp-i2061709326.html,89.000 ₫,4.0,35 Đã bán
"Tai nghe bluetooth M10 , F9 Pro cảm ứng, pin trâu, chống nước, âm thanh tuyệt vời, cảm ứng nhạy, hộp làm sạc dự phòng - Lỗi 1 Đổi 1",https://www.lazada.vn/products/pdp-i2260145786.html,55.440 ₫,5.0,92 Đã bán
"Tai nghe bluetooth M10 Pin Trâu 3500mAh âm thanh trung thực, đèn Led đẹp mắt, hộp sạc có màn hình hiển thị pin - Bảo Hành Lỗi 1 Đổi 1",https://www.lazada.vn/products/pdp-i2359457757.html,58.000 ₫,4.0,46 Đã bán
JTKE P9 Tai Nghe Chống Ồn Tai Nghe Bluetooth Không Dây Tai Nghe Âm Thanh Nổi Hỗ Trợ TF Kèm Mic,https://www.lazada.vn/products/pdp-i2195749466.html,188.000 ₫,4.0,225 Đã bán
"Tai Nghe Cảm Ứng Màn Hình A9 PRO - Kết Nối Bluetooth Không Dây Âm Bass Cực Đỉnh , Thiết Kế Sang Trọng , Chống Ồn , Chống Nước - Bảo Hành 3 Tháng Lỗi 1 đổi 1",https://www.lazada.vn/products/pdp-i2470817035.html,167.000 ₫,4.0,26 Đã bán
Tai Nghe Thể Thao Bluetooth 5.2 PIN TRÂU D18 Pro Có Màn Hình Hiển Thị % Pin - HÀNG NHẬP ( Có hỗ trợ Khe thẻ nhớ 32GB),https://www.lazada.vn/products/pdp-i358416619.html,147.000 ₫,4.0,
"Tai nghe chụp tai thể thao A23 bluetooh 5.0 thế hệ mới bass căng, đàm thoại to rõ - Hàng nhập khẩu cao cấp",https://www.lazada.vn/products/pdp-i2267264164.html,197.010 ₫,4.0,29 Đã bán
"Tai nghe mini SK19 bluetooth 5.3 độ trễ thấp, âm thanh ấm, bass căng, kèm micro đàm thoại to rõ",https://www.lazada.vn/products/pdp-i2641021358.html,147.510 ₫,4.0,307 Đã bán
E-WOITD Headband có dây headphone headband với Mic Stereo tiếng ồn Tai nghe 6D âm thanh chơi game tai nghe cho PC máy tính xách tay,https://www.lazada.vn/products/pdp-i3131577577.html,60.168 ₫,4.0,
"Tai Nghe Không Dây Bluetooth i12 / Pro4 / Pro Âm Thanh Đỉnh Cao, Thiết Kế hiện Tại, Chống Nước",https://www.lazada.vn/products/pdp-i2517323037.html,54.000 ₫,,
[ammoon]quà bí mật Âm thanh nổi có dây tai nghe kiểm âm Over-ear Tai nghe với trình điều khiển 50mm 6.5mm cắm để ghi âm (không cho PC),https://www.lazada.vn/products/pdp-i2290198878.html,155.010 ₫,4.0,80 Đã bán
Tai nghe gaming Coputa tai nghe chụp tai có dây máy tính chơi game MC Q9,https://www.lazada.vn/products/pdp-i1517699312.html,199.000 ₫,4.0,22 Đã bán
"[❤️RẺ VÔ ĐỊCH❤️]Tai Nghe Mèo 23M Chụp Tai Phát Sáng Kute Dễ Thương Nghe Nhạc cực Hay, Pin cực trâu, Bảo Hành 1 Năm",https://www.lazada.vn/products/pdp-i1560559132.html,68.000 ₫,4.0,692 Đã bán
"Tai Nghe Mèo Chụp Tai Không Dây Bluetooth Dễ Thương Kute Có Mic Đàm Thoại,Âm Bass Mạnh Mẽ Pin Trâu Có Thể Gấp Gọn",https://www.lazada.vn/products/pdp-i1435021218.html,55.000 ₫,4.0,
"Tai Nghe Bluetooth Chụp Tai B39 không dây LED Bass siêu trầm tặng kèm Zack 3.5mm - Đàm thoại, Hỗ Trợ Lắp Thẻ Nhớ .",https://www.lazada.vn/products/pdp-i1847358585.html,79.000 ₫,4.0,34 Đã bán
-CLUBLU- Tai Nghe Chụp Tai Bluetooth Không Dây TWS Có Mic HIFI Âm Bass Mạnh Hai Tai Stereo Gaming,https://www.lazada.vn/products/pdp-i2687060090.html,125.000 ₫,5.0,8 Đã bán
Tai nghe bluetooth chụp tai P47 có khe cắm thẻ nhớ có dây âm thanh sử dụng khi hết điện - Âm Thanh Đỉnh Cao,https://www.lazada.vn/products/pdp-i1383976271.html,55.000 ₫,,
"(Deal Hot ) Tai nghe Bluetooth Cao Cấp i13 Âm Thanh Đỉnh Cao, Độ Trễ Thấp, Đeo Lâu Không Mỏi",https://www.lazada.vn/products/pdp-i2428344430.html,58.000 ₫,,
"Tai Nghe Không dây Bluetooth i13 Pro Âm Thanh Sống Động, Đa Kết Nối, Bảo Hành Lỗi 1 Đổi 1",https://www.lazada.vn/products/pdp-i2347521814.html,57.000 ₫,,
"Tai nghe Y36 Pro Bluetooth 5.3, âm thanh vòm 360°, bass mạnh, chơi game tuyệt vời, pin trâu, hộp sạc tiện lợi, tương thích đa thiết bị.",https://www.lazada.vn/products/pdp-i3166418014.html,161.000 ₫,4.0,21 Đã bán
"TAI NGHE BLUETOOTH M10 PHIÊN BẢN CAO CẤP PIN TRÂU - NÚT CẢM ỨNG, TỰ ĐỘNG KẾT NỐI CHỐNG NƯỚC, CHỐNG ỒN",https://www.lazada.vn/products/pdp-i2578964262.html,70.000 ₫,4.0,201 Đã bán
"Tai nghe bluetooth M50 thế hệ mới V5.3 chơi game, nghe nhạc, chống ồn ENC nghe gọi to rõ - Hàng nhập khẩu cao cấp",https://www.lazada.vn/products/pdp-i2240302257.html,197.010 ₫,4.0,
"Tai Nghe Bluetooth Không Dây Pro 4 Mini – Âm Thanh Sống Động, Kết Nối Ổn Định, Nghe Nhạc Cực Hay Bảo Hành 1 Tháng Lỗi 1 Đổi 1",https://www.lazada.vn/products/pdp-i2200929460.html,56.000 ₫,5.0,5 Đã bán
Tai Nghe Chụp Tai F10+ Plus Cho Điện Thoại - Có Thể Gấp Gọn,https://www.lazada.vn/products/pdp-i1478408408.html,23.760 ₫,4.0,
"Tai nghe Bluetooth A9 Pro S20 Âm Bass Mạnh Mẽ Và Âm Treble Sắc Nét, Màn hình LCD Cảm ứng, Chống Ồn Tốt",https://www.lazada.vn/products/pdp-i3151493660.html,77.000 ₫,5.0,
"Tai Nghe Thể Thao T30 PRO -Bluetooth 5.4, Xoay 180 Độ, Đeo Được 2 Tai, Pin Siêu Khỏe,Kết Nối Ổn Định",https://www.lazada.vn/products/pdp-i2898141369.html,65.550 ₫,4.0,81 Đã bán
"Bản gốc Sony WH-CH520 TWS Tai nghe bluetooth không dây-over-ear âm nhạc Tai nghe kèm micro, âm thanh cao cấp, và vừa vặn thoải mái",https://www.lazada.vn/products/pdp-i2682244549.html,312.385 ₫,3.0,40 Đã bán
Tai nghe bluetooth không dây gaming P30 chơi game không độ trễ pin trâu chống nước âm thanh vòm 9D có mic thể thao chống ồn,https://www.lazada.vn/products/pdp-i1501004043.html,145.000 ₫,4.0,
"Tai nghe chụp tai Somic nghe nhạc, chơi game có micro - VP MAX - tai nghe chơi game, tai nghe có micro",https://www.lazada.vn/products/pdp-i1778847236.html,50.000 ₫,5.0,26 Đã bán
Tai nghe Bluetooth chụp tai chính hãng HOCO - Tai nghe over ear thời gian nghe 40 tiếng ... hocomall,https://www.lazada.vn/products/pdp-i2212089037.html,243.000 ₫,5.0,13 Đã bán
Jiashi Tai Nghe P9 Tai nghe Bluetooth Tai nghe không dây Bảo Hiểm Đầy Đủ Earmuffs Thể Thao Với Microphone chế độ chờ siêu dài,https://www.lazada.vn/products/pdp-i2847890025.html,75.000 ₫,3.0,48 Đã bán
Tai nghe chụp tai không dây có míc Kết Nối Bluetooth 4.1 Dùng Cho Điện Thoại / Máy Tính hỗ trợ thẻ nhớ và dây 3.5mm,https://www.lazada.vn/products/pdp-i1554102166.html,49.000 ₫,5.0,
"[SẴN HÀNG] Tai Nghe Mèo Chụp Tai Bluetooth,Tai Nghe Chơi Game Học Online Headphone Có Đèn Led",https://www.lazada.vn/products/pdp-i2758426061.html,165.000 ₫,5.0,24 Đã bán
"Tai Nghe Bluetooth Không Dây S10 Pro Pin Cực Trâu Nghe Nhạc Cực Hay Chơi Game Cực Đã Tai Nghe Không Dây ,Tai Nghe Bluetooth 5.2 Bảo Hành 12 Tháng",https://www.lazada.vn/products/pdp-i2024682283.html,120.380 ₫,4.0,
"Tai Nghe Bluetooth Gaming Langsdom Theta, Bass trầm ấm, độ trễ cực thấp 50ms, Pin tổng 21h, míc ENC",https://www.lazada.vn/products/pdp-i2785470199.html,369.000 ₫,4.0,30 Đã bán
"Tai Nghe Bluetooth 5.3 Y36: Pin Trâu 5-6H, Âm Thanh HiFi, Chống Ồn, Chống Nước, Có Mic Thoải Mái, Thiết Kế Mỏng Nhẹ, Hiệu Ứng Âm Thanh Vòm 360°",https://www.lazada.vn/products/pdp-i3166350243.html,161.000 ₫,5.0,12 Đã bán
Tai Nghe Mèo Bluetooth B39M Không dây có Đèn Led gập gọn,https://www.lazada.vn/products/pdp-i2142780362.html,111.000 ₫,4.0,193 Đã bán
"Tai nghe chụp tai có mic Ovan - Turtle Beach M3 gaming USA âm thanh cực hay bass sâu dùng cho laptop máy tính - VPMAX - tai nghe có dây, tai nghe chụp tai có dây, tai nghe chụp tai cho điện thoại, tai nghe chụp tai có mic dành cho đt",https://www.lazada.vn/products/pdp-i558530741.html,95.000 ₫,4.0,107 Đã bán
"Tai nghe bluetooth i12 / Pro4 / Pro Âm Thanh Đỉnh Cao, Thiết Kế Thời Thượng, pin trâu Nghe Cả ngày Không Lo Hết Pin",https://www.lazada.vn/products/pdp-i1874726462.html,52.000 ₫,5.0,
Tai nghe bluetooth Chụp Tai Headphone P47 Lắp được thẻ nhớ - ⚡Âm Thanh Đỉnh Cao⚡Nghe Gọi Rõ Nét Phù Hợp Cả Nam Và Nữ,https://www.lazada.vn/products/pdp-i1569856692.html,52.000 ₫,4.0,480 Đã bán
"Tai nghe chụp tai có mic Booston led , tai Turtle Beach M3 gaming USA âm thanh cực hay bass sâu dùng cho laptop máy tính - VP MAX - tai nghe có dây, tai nghe chụp tai có dây, tai nghe chụp tai cho điện thoại, tai nghe chụp tai có mic dành cho đt",https://www.lazada.vn/products/pdp-i1545658964.html,140.000 ₫,4.0,11 Đã bán
"Tai Nghe AI Phiên Dịch YD03 - Dịch Thuật Tất Cả Ngôn Ngữ, Âm Thanh HIFI, Kết Nối Ổn Định, Pin Trâu",https://www.lazada.vn/products/pdp-i2016890327.html,127.710 ₫,4.0,
MINISO | Tai Nghe Bluetooth Cổ Điển Không Dây,https://www.lazada.vn/products/pdp-i3172156876.html,440.000 ₫,4.0,
Niye | Tai Nghe Không Dây Chơi Game Hủy Tiếng Ồn Bluetooth,https://www.lazada.vn/products/pdp-i3219462120.html,178.000 ₫,4.0,
Tai Nghe Mèo Bluetooth Không dây JH-B39 có Đèn Led gập gọn,https://www.lazada.vn/products/pdp-i1967655978.html,110.000 ₫,4.0,387 Đã bán
"Tai nghe bluetooth M100 Pro cảm ứng, âm thanh vòm 9D, bass cực hay, pin 6H, kiêm sạc dự phòng",https://www.lazada.vn/products/pdp-i2610418179.html,65.000 ₫,5.0,
"Tai Nghe Bluetooth Chụp Tai - Âm Thanh HiFi, Bass Mạnh, Đeo Êm Ái, Chống Ồn",https://www.lazada.vn/products/pdp-i3020798431.html,320.000 ₫,5.0,6 Đã bán
Tai nghe chụp tai Gaming có dây SIDOTECH Q7 có Mic chống ồn Siêu Bass Led RGB đổi màu phong cách gaming Âm thanh vòm 7.1 sống động đệm tai cách âm êm ái dành game thủ Steamer phù hợp máy tính laptop - Hàng Chính Hãng,https://www.lazada.vn/products/pdp-i1654734544.html,223.170 ₫,5.0,42 Đã bán
Lenovo | Tai Nghe Chơi Game Không Dây có Hủy Tiếng Ồn và Micro,https://www.lazada.vn/products/pdp-i3236140440.html,392.000 ₫,4.0,
TAI NGHE CHỤP TAI GAME THỦ CT-770 CÓ MIC THOẠI JACK CẮM 3.5 [ DÙNG TỐT CHO ĐIỆN THOẠI VÀ PC ],https://www.lazada.vn/products/pdp-i287442138.html,149.000 ₫,4.0,810 Đã bán
(Upgrade) Newmsnr Legit 24 Hours Play Stereo Surround Bass Bluetooth Headphones Built-in Mic Original High Quality Wireless Earphones Noise Cancellation Earphone Foldable Headset Bluetoot5.0 Over The Ear Gaming Headphone For Samsung /Xiaomi/ Huawei etc,https://www.lazada.vn/products/pdp-i694826295.html,250.000 ₫,4.0,827 Đã bán
"ESPORTS LIVNG MUSEUM | Tai Nghe Chơi Game Chất Lượng Cao, Ít Trễ, Hủy Tiếng Ồn và Bluetooth",https://www.lazada.vn/products/pdp-i3219524365.html,694.000 ₫,4.0,
"Headphone Buetooth Chụp Tai Cao Cấp B39 - Tai Nghe Chụp Tai Bluetooth Âm Thanh Sống Động Tai Nghe Bluetooth Không Dây Phong Cách Trẻ Trung, Âm Thanh Hifi, Bass Mạnh Mẽ",https://www.lazada.vn/products/pdp-i1402400311.html,155.000 ₫,4.0,752 Đã bán
"Tai nghe thể thao FEPO thông minh 5.3 kết nối bluetooth, cảm ứng vân tay, tích hợp micro, khử tiếng ồn, kiếm soát âm lượ",https://www.lazada.vn/products/pdp-i2812039246.html,99.000 ₫,,
"Tai nghe máy tính, laptop 2 chân tròn, thời trang, nhỏ gọn bass ấm HIFI có mic đàm thoại chơi game trên laptop, pc",https://www.lazada.vn/products/pdp-i2604445120.html,57.300 ₫,5.0,9 Đã bán
"Tai Nghe Chụp Tai KR-58 Bluetooth 5.4 Âm Thanh HIFI, Pin Trâu 10h – Nghe Nhạc, Chơi Game, Học Online",https://www.lazada.vn/products/pdp-i3167973123.html,139.000 ₫,5.0,7 Đã bán
Tai Nghe Chụp Tai Hoco W21 Dây 3.5mm - 3 Màu Tím/Đen/Xám - Hàng Chính Hãng,https://www.lazada.vn/products/pdp-i2258559283.html,175.000 ₫,5.0,108 Đã bán
AULA-MOJING | Tai Nghe Có Dây cho PC FPS Gaming,https://www.lazada.vn/products/pdp-i3217612453.html,316.000 ₫,4.0,
"Tai Nghe Bluetooth A9 Pro Màn Hình Cảm Ứng, Âm Thanh Hi-Fi, Dễ Dàng Kết Nối Mọi Thiết Bị, Kết Nối 10m",https://www.lazada.vn/products/pdp-i3165237492.html,167.000 ₫,,
"Tai Nghe Chụp Tai Chơi Game HOCO W21, Tai Nghe Chụp Tai Có Dây, Có Micro Và Xbox PS4, Máy tính",https://www.lazada.vn/products/pdp-i1341641833.html,139.000 ₫,4.0,
"Tai Nghe Chụp Tai Bluetooth P47, Tai Không Dây Có Mic, Có khe Thẻ Nhớ",https://www.lazada.vn/products/pdp-i2356768483.html,48.000 ₫,,"5 Đã bán
Hồ Chí Minh"
"Tai Nghe Chụp Tai F10 Plus Bản Nâng Cấp Của Tai Nghe Chụp Tai F10 Và F20 Headphone Nghe Nhạc Cực Hay Âm Bass Mạnh Mẽ, BẢO HÀNH 12 THÁNG",https://www.lazada.vn/products/pdp-i1707015122.html,39.000 ₫,4.0,52 Đã bán
[HCM]Tai nghe chụp tai F10 trắng xám ( Có thể gấp gọn và điều chỉnh kích cỡ),https://www.lazada.vn/products/pdp-i156609186.html,39.000 ₫,4.0,
Tai nghe chụp tai AK3 chuyên game dành cho game thủ có mic chuyên nghiệp kèm đèn led 7 màu CỔNG 3.5mm + USB,https://www.lazada.vn/products/pdp-i1494562856.html,151.000 ₫,4.0,37 Đã bán
UGREEN Max2 Tai nghe HiFi được chứng nhận HiFi không dây với âm thanh không gian 3D Khử tiếng ồn AAC / SBC,https://www.lazada.vn/products/pdp-i3073745067.html,451.100 ₫,4.0,75 Đã bán
JTKE Tai Nghe Chơi Game Tai Nghe Âm Thanh Nổi Vòm Có Dây AUX 3.5Mm Có Micrô Cho PS4 PC Máy Tính Xách Tay Điện Thoại Máy Tính,https://www.lazada.vn/products/pdp-i723292609.html,92.000 ₫,4.0,
"Tai nghe Không Dây S10 Pro, Bluetooth V5.2 Đa Năng Âm Thanh Cực Hay , Cảm Ứng Vân Tay , Kiêm Sạc Dự Phòng - Bảo Hành Lỗi 1 đổi 1",https://www.lazada.vn/products/pdp-i2313719204.html,82.000 ₫,5.0,22 Đã bán
"Tai nghe bluetooth mèo chụp tai GrownTech P47M đa năng có đèn LED, jack 3,5mm",https://www.lazada.vn/products/pdp-i130099683.html,89.100 ₫,4.0,922 Đã bán
"Tai Nghe Gaming P30 Bluetooth Không Dây V5.2 Chống Ồn, Độ Trễ Thấp Kết Nối Tự Động 2 Tai, Âm Thanh Vòm HiFi Cao Cấp",https://www.lazada.vn/products/pdp-i2393060102.html,167.310 ₫,5.0,22 Đã bán
【CHANGXIANG3】 3.5Mm Có Dây Tai Nghe Phổ Tai Nghe Với Microphone Tiếng Ồn Hủy Bỏ Tai Nghe Cho Máy Tính Xách Tay Máy Tính,https://www.lazada.vn/products/pdp-i3116766703.html,40.745 ₫,3.0,7 Đã bán
"Tai Nghe Bluetooth Gaming S10 Pro, M10 PRO, F9 PRO Cao Cấp, Cảm Ứng, Hỗ Trợ Đàm Thoại, Nghe Nhạc, Kiêm Sạc Dự Phòng",https://www.lazada.vn/products/pdp-i1979004828.html,80.000 ₫,4.0,932 Đã bán
Tai Nghe Gaming 2020 Chống Ồn Cao Cấp GH5 Gamer Pro Cho Điện Thoại PC Máy Tính Có Mic Rời Đàm Thoại Chiến Mọi Tựa Game PUBG Liên Quân Molie Liên Minh Huyền Thoại CSGO - XSmart,https://www.lazada.vn/products/pdp-i336190837.html,148.000 ₫,4.0,265 Đã bán
"Tai Nghe Bluetooth Gaming Có Mic Âm Thanh Nổi Hifi Headphone Không Dây Bluetooth Chơi Game, Học Online",https://www.lazada.vn/products/pdp-i2588994844.html,155.000 ₫,,"10 Đã bán
Hồ Chí Minh"
SeasTina Tai nghe bluetooth không dây với màn hình LED và tuổi thọ pin dài,https://www.lazada.vn/products/pdp-i3086984603.html,48.000 ₫,5.0,7 Đã bán
"Tai Nghe Chơi Game HOCO W21, Tai Nghe Chụp Tai Có Dây, Có Micro Và Xbox PS4, Máy tính",https://www.lazada.vn/products/pdp-i1310789713.html,139.000 ₫,4.0,
EWEADN | Headphone kèm mic gaming - có đèn RGB | Tai Nghe Có Dây Chơi Game có Mic,https://www.lazada.vn/products/pdp-i3194714279.html,222.000 ₫,4.0,12 Đã bán
"Tai nghe bluetooth gắn trên đầu, tai nghe có mic âm bass nặng không dây, siêu tuổi thọ pin dài",https://www.lazada.vn/products/pdp-i3086538839.html,109.200 ₫,5.0,
Tai nghe bluetooth không dây với màn hình hiển thị kỹ thuật số và điều khiển bằng giọng nói,https://www.lazada.vn/products/pdp-i3157816261.html,27.000 ₫,,"11 Đã bán
China"
"Tai nghe Bluetooth không dây S88 với màn hình số, thời lượng pin dài và thiết kế kẹp tai",https://www.lazada.vn/products/pdp-i3155991661.html,114.000 ₫,5.0,15 Đã bán
Tai nghe Ky10 tai nghe bluetooth màn hình kỹ thuật số có đèn led tích hợp kết nối bluetooth V5.3 Phù hợp với mọi dòng điện thoai,https://www.lazada.vn/products/pdp-i2811898018.html,62.000 ₫,,
"Tai Nghe Mèo Headphone Bluetooth Không Dây P47M - Tai Nghe Chụp Tai Dễ Thương Có Đèn Led, Âm Thanh Chất Lượng, Kết Nối Đơn Giản, Chống Ồn Hiệu Quả - Hàng Chính Hãng",https://www.lazada.vn/products/pdp-i3058603033.html,86.130 ₫,,
"[ HÀNG CHUẨN ] Tai Nghe Chụp Tai Có Mic, Tai Nghe XB450AP EXTRA BASS Âm Thanh Trầm Nghe Cực Hay đẳng cấp sành điệu - BunTech",https://www.lazada.vn/products/pdp-i2358808353.html,59.000 ₫,5.0,
Tai Nghe Chụp Picun Tai Nghe Bluetooth Chống Ồn Âm Thanh Êm Ái Chất Lượng,https://www.lazada.vn/products/pdp-i2749295223.html,485.000 ₫,,
Tai Nghe CHOME E3 Nhét Tai Jack 3.5mm Âm Thanh Siêu Trầm Có Micro Chống Ồn Tiện Dụng Gaming,https://www.lazada.vn/products/pdp-i3109281559.html,98.000 ₫,5.0,125 Đã bán
ThinkPlus | Tai Nghe Chơi Game Không Dây Hủy Tiếng Ồn,https://www.lazada.vn/products/pdp-i3196841364.html,521.000 ₫,,"5 Đã bán
China"
Tai nghe gaming SY-G25H tai hươu với đèn led cực đẹp kết nối bằng cổng 3.5mm + USB với âm thanh sống động phù hợp cho các game thủ,https://www.lazada.vn/products/pdp-i2074026680.html,248.000 ₫,,"13 Đã bán
Hồ Chí Minh"
(Undine tai nghe) onikuma K5 Pro Tai nghe chụp có dây Cách ly tiếng ồn Tai nghe micrô LED âm thanh nổi có dây Tai nghe cho đen xanh dương chơi game,https://www.lazada.vn/products/pdp-i2534491062.html,797.788 ₫,,
"(TAI NGHE SIÊU HÓT 2019) Tai nghe bluetooth P47 có khe cắm thẻ nhớ - Âm Thanh Đỉnh Cao, Tai nghe bluetooth.",https://www.lazada.vn/products/pdp-i2350848448.html,70.538 ₫,4.0,59 Đã bán
Tai nghe gaming SY-T830 kết nối bằng Bluetooth và cổng AUX 3.5mm có đèn led và âm thanh sống động phù hợp cho game thủ,https://www.lazada.vn/products/pdp-i2311956666.html,209.000 ₫,4.0,84 Đã bán
"Tai Nghe Chụp Tai Có micCó Dây HOCO W24 ,Tai Nghe Chơi Game ,tặng kèm tai nghe nhét tai , Có Micro Cho Game Thủ Máy Tính Và Xb",https://www.lazada.vn/products/pdp-i1310728761.html,129.000 ₫,4.0,
TAI NGHE BLUETOOTH CHỤP TAI WH1000XM5,https://www.lazada.vn/products/pdp-i2422842545.html,244.000 ₫,,
"Tai Nghe Chụp Tai Có Mic Sony ZX110AP - Nghe Nhạc, Học Ngoại Ngữ, Gaming Tốt - Bảo Hành 12 Tháng",https://www.lazada.vn/products/pdp-i144049849.html,549.000 ₫,4.0,475 Đã bán
"Tai Nghe Bluetooth Chụp Tai MS-B2 Có Micro Rời Giấu Trong, Âm Thanh Hifi, Chống Ồn Cao, Headphone Bluetooth Gaming Micro",https://www.lazada.vn/products/pdp-i2636116437.html,299.000 ₫,4.0,162 Đã bán
"⚡Mẫu Mới⚡Tai nghe chụp tai Hoco W46 có bluetooth V5.3, cổng AUX 3.5mm, micro đàm thoại liên tục 20 giờ cho điện thoại, máy tính bảng, bàn , laptop, PC destops, tablet, Chính Hãng Bảo Hành 1 Năm - Hoco Shop",https://www.lazada.vn/products/pdp-i2913496190.html,185.000 ₫,,
Tai Nghe BlueTooth P47 5.0EDR Dạng Chụp Gập Gọn(MỚI),https://www.lazada.vn/products/pdp-i2351564133.html,43.999 ₫,,
Tai nghe bluetooth Growntech không dây YD03 Chống Nước Có Màn Hình LED Hiển Thị Pin,https://www.lazada.vn/products/pdp-i3098342386.html,147.250 ₫,5.0,
"Tai Nghe Gaming M5 PRO Bluetooth Không Dây Thế Hệ Mới, Siêu Phẩm Tai Nghe Gaming Thiết Kế Phong Cách Thể Thao",https://www.lazada.vn/products/pdp-i2051917435.html,45.000 ₫,4.0,427 Đã bán
ThinkPlus | Tai Nghe Bluetooth Hủy Tiếng Ồn Không Dây cho Gaming Thời Lượng Pin Dài,https://www.lazada.vn/products/pdp-i3228508303.html,389.000 ₫,4.0,
"B39 Tai nghe kèm mic không dây, âm thanh Hi-Fi, thiết kế có thể gập lại, tuổi thọ pin dài",https://www.lazada.vn/products/pdp-i3131753036.html,83.000 ₫,,"12 Đã bán
China"
"LazMall SALE Sốc Tai Nghe Hổ Vằn Pro 2 Chuẩn 1562F ANC Pin 8H ,Chống Ồn 40Db ,Vuốt Tăng Giảm Âm Lượng ,Xuyên Âm ,Cảm Biến Hồng Ngoại , Màng Loa Xịn, Bass Đầm ,Sạc Không Dây ,Kết Nối Tự Động Earphone -BẢN CAO CẤP CHÍNH HÃNG -GIAO HỎA TỐC",https://www.lazada.vn/products/pdp-i3189242933.html,378.999 ₫,5.0,19 Đã bán
"Tai nghe Bluetooth OWS S300 móc tai thể thao, dẫn truyền xương, pin trâu, chống ồn ENC",https://www.lazada.vn/products/pdp-i3135774727.html,123.750 ₫,4.0,15 Đã bán
♥Hàng sẵn có + Miễn phí vận chuyển♥ANC Sony WH-1000XM5 (wh1000xm5) Bluetooth không dây Tai nghe trùm tai khử tiếng ồn với mic với microphone giảm tiếng ồn Tai nghe chơi game tai nghe bluetooth đội đầu phù hợp với tai nghe thể thao,https://www.lazada.vn/products/pdp-i3051730477.html,215.820 ₫,4.0,12 Đã bán
"Tai Nghe Bluetooth chụp tai Hoco W35 Max V5.3, Pin dùng 90H, Hỗ trợ khe thẻ nhớ - Phụ Kiện Sỉ 1986",https://www.lazada.vn/products/pdp-i3164892695.html,255.000 ₫,5.0,
"Tai nghe chơi game chống ồn ONIKUMA X20 có micrô đèn RGB, Gaming over-ear chụp tai, Có sẵn cho PC / Máy tính / Laptop/Điện thoại/Bảo hành 12 tháng",https://www.lazada.vn/products/pdp-i2790601698.html,289.000 ₫,5.0,9 Đã bán
HEADPHONE KHÔNG DÂY TAI THỎ P47R VỚI ÂM THANH SIÊU RÕ,https://www.lazada.vn/products/pdp-i2428034425.html,145.000 ₫,,
"Tai Nghe Bluetooth Headphone HAVIT i62, Driver 40mm, Bluetooth 5.3, Nghe Đến 20H, Gập Gọn 90 - Chính Hãng BH 12 Tháng Dizigear",https://www.lazada.vn/products/pdp-i1314057100.html,399.000 ₫,4.0,472 Đã bán
"Tai Bluetooth không dây NC700 tương thích, tai nghe over-ear với tính năng giảm tiếng ồn chủ động",https://www.lazada.vn/products/pdp-i3210780164.html,220.890 ₫,,
"Tai nghe bluetooth S10 Pro cao cấp V5.2, cảm ứng vân tay hỗ trợ đàm thoại, nghe nhạc 10h, kiêm sạc dự phòng 350mAh",https://www.lazada.vn/products/pdp-i2413385362.html,109.000 ₫,5.0,
Tai nghe có dây Tai Mèo Micro khử tiếng ồn hiệu ứng ánh sáng RGB Tai nghe chơi game học tập cho máy tính để bàn máy tính xách tay,https://www.lazada.vn/products/pdp-i2809906519.html,199.000 ₫,4.0,20 Đã bán
"Tai nghe Gaming X15, Âm Thanh Không Gian, Đèn Led Đẹp, Hỗ Trợ Tất Cả các Dòng Điện Thoại Oppo, Samsung , Ip , Xiaomi,,,",https://www.lazada.vn/products/pdp-i2341639352.html,58.000 ₫,4.0,37 Đã bán
"Tai nghe bluetooth 5.2 không dây S10 Pro, Sky-5, snow light-kiêm sạc dự phòng-cảm ứng vân tay, hỗ trợ đàm thoại, nghe nhạc 10h-Bảo hành 1 đổi 1.",https://www.lazada.vn/products/pdp-i2329499647.html,170.000 ₫,4.0,59 Đã bán
Tai nghe Bluetooth Không dây f270 Bluetooth 5.0 cho Android/Ios/Samsung/Oppo/IP/vivo/huawei,https://www.lazada.vn/products/pdp-i1051420426.html,203.500 ₫,4.0,777 Đã bán
"Tai nghe chụp tai Hoco W35 Max bản nâng cấp w35,hỗ trợ mic,cổng AUX 3,5, thẻ nhớ TF( bh 6 tháng) Tai nghe chụp tai Hoco W35 bluetooth hỗ trợ thẻ nhớ TF, Micro đàm thoại, cổng AUXTai Nghe Bluetooth Chụp Tai Giảm Tiếng Ồn ANC Hoco W35 Max Pin 90h, Hỗ 3.5mm",https://www.lazada.vn/products/pdp-i1317709505.html,239.000 ₫,5.0,477 Đã bán
"Tai nghe không dây bluetoth chụp tai P47, tai nghe không dây có mic, hỗ trợ cổng thẻ nhớ,Aux có thể nghe gọi , đệm tai êm , gấp gọn du lịch dùng thử 7 ngày, bảo hành 24 tháng",https://www.lazada.vn/products/pdp-i684096130.html,70.538 ₫,4.0,42 Đã bán
"Tai nghe không dây B39 Luminous Light, Tai nghe Bluetooth 5.0, Pin liên tục 6 giờ, Không trễ khi chơi game",https://www.lazada.vn/products/pdp-i3041971786.html,129.000 ₫,5.0,37 Đã bán
"Tai Nghe Bluetooth Chụp Tai D-Rock DR58 Âm Bass Mạnh, Tai Nghe Không Dây Có Mic, Pin Sử Dụng 12 Tiếng Chính Hãng",https://www.lazada.vn/products/pdp-i2294979813.html,265.000 ₫,5.0,26 Đã bán
[HCM]Tai nghe - Headphones chính hãng - tai nge có míc / Mua tai nghe giá rẻ chính hãng / Tai nghe bluetooth Sony D76 cao cấp 2020,https://www.lazada.vn/products/pdp-i1084426711.html,282.150 ₫,5.0,
Tai Nghe Chụp Tai Bluetooth P47,https://www.lazada.vn/products/pdp-i2042506277.html,59.000 ₫,4.0,604 Đã bán
Tai nghe chụp tai gaming có dây Deiog E8150 chống ồn cao cho các game thủ,https://www.lazada.vn/products/pdp-i2666966590.html,215.325 ₫,5.0,13 Đã bán
Tai Nghe Bluetooth Không Dây Trụ Nhập Xương Hủy Tiếng Ồn Cho Ngủ,https://www.lazada.vn/products/pdp-i3230459109.html,122.000 ₫,,
"Tai Nghe Chụp Tai WH-1000XM5 Nghe Gọi Micro Bluetooth, Tai Nghe Gaming Bass Boost, Khuyếch Đại Âm Thanh, Chống Ồn Cao",https://www.lazada.vn/products/pdp-i2660978137.html,220.000 ₫,5.0,148 Đã bán
Tai Nghe Chụp Tai Không Dây Có Mic Xbass T7 Tai Nghe Bluetooth Chơi Game Máy Tính Chính Hãng Lắp Được Thẻ Nhớ Tương Thích Với Máy Tính Điện Thoại Có Thẻ Nhớ Pin Trâu Âm Bass Cực Chất - LifeTime Store,https://www.lazada.vn/products/pdp-i2076467843.html,315.000 ₫,4.0,930 Đã bán
Tai nghe chụp tai không dây có míc Kết Nối Bluetooth 4.1 Dùng Cho Điện Thoại / Máy Tính hỗ trợ thẻ nhớ và dây 3.5mm,https://www.lazada.vn/products/pdp-i1551628373.html,49.000 ₫,5.0,
Tai Nghe Bluetooth Không Dây Air6 40mAh Kẹp Vành Tai Chất Lượng Cao,https://www.lazada.vn/products/pdp-i2516373931.html,97.812 ₫,5.0,21 Đã bán
"Tai nghe bluetooth P47 có khe cắm thẻ nhớ - Âm Thanh Đỉnh Cao, Tai nghe bluetooth.",https://www.lazada.vn/products/pdp-i2472250647.html,74.250 ₫,,
"Tai Nghe Mèo Chụp Tai Chơi Game Onikuma K9 Hồng Có Mic,Cho Pc Laptop Máy Tính,Tay Headphone Bluetooth Gaming Không Dây",https://www.lazada.vn/products/pdp-i2790623415.html,299.000 ₫,5.0,13 Đã bán
Tai Nghe Chụp Tai Chuyên Game Bosston Hs200 Led Đa Màu chuyên Dùng Cho Pc (GIAO MÀU NGẪU NHIÊN),https://www.lazada.vn/products/pdp-i1575065910.html,399.000 ₫,,
"Tai Nghe Bluetooth P9 Không Dây – Âm Thanh Vòm, Dùng Cho IOS Android, Có Mic",https://www.lazada.vn/products/pdp-i3168888762.html,101.000 ₫,5.0,
Tai Nghe Bluetooth Không Dây Siindoo JH919 Tai Nghe Âm Trầm Nổi Có Thể Gập Lại Có Mic Giảm Tiếng Ồn Cho Máy Tính Xách Tay PC TV,https://www.lazada.vn/products/pdp-i2434529369.html,215.250 ₫,4.0,183 Đã bán
Tai nghe bluethooth chụp tai chính hãng HOCO Headphone dùng 10h âm bass mạnh dùng cho iphone samsung ...,https://www.lazada.vn/products/pdp-i2222917165.html,243.000 ₫,5.0,5 Đã bán
"Tai nghe bluetooth chụp tai có mic P17 chính hãng, khe cắm thẻ nhớ, jack 3.5mm, tai nghe Wireless nghe lâu liên tục 6h, bảo hành 12 tháng",https://www.lazada.vn/products/pdp-i1663210198.html,171.000 ₫,4.0,160 Đã bán
HTC HP07 Tai Nghe Phiên Dịch Tai Nghe Bluetooth Không Dây Chụp Tai Bluetooth 6.0 Ổn Định Đàm Thoại Rảnh Có Mic Tương Thích PC/Android/iOS,https://www.lazada.vn/products/pdp-i3214980768.html,289.877 ₫,5.0,
"Tai Nghe Chụp Tai Bluetooth Không Dây Có Mic, Headphone Bluetooth Màu Sắc Dễ Thương, Âm Thanh Hifi, Bass Mạnh Mẽ",https://www.lazada.vn/products/pdp-i1343893068.html,149.000 ₫,4.0,152 Đã bán
"Tai Nghe chụp tai học online Chơi Game HOCO, Tai Nghe Chụp Tai Có Dây, Có Micro Và Xbox PS4, Máy tính hỗ trợ mic đàm thoại trên laptop, điện thoại có thể gập gọn",https://www.lazada.vn/products/pdp-i1322688592.html,169.000 ₫,5.0,610 Đã bán
Tai nghe kiểm âm - tai nghe chụp tai - tai nghe gaming - tai nghe hay - tai nghe chất lượng cao TIANYUN HP - 960B bảo hành 12 tháng,https://www.lazada.vn/products/pdp-i2002125069.html,346.500 ₫,5.0,
Tai nghe gaming SY-G25 với thiết kế tai mèo cực kì dễ thương có đèn led RGB dành cho game thủ - Bảo hành 6 tháng,https://www.lazada.vn/products/pdp-i2063208518.html,248.000 ₫,4.0,126 Đã bán
"Tai nghe mèo không dây bluetooth chụp tai gaming chống ồn dòng 2023 bass mạnh, tai nghe mèo đèn led, nghe nhạc cực hay",https://www.lazada.vn/products/pdp-i2515308890.html,86.130 ₫,5.0,6 Đã bán
AULA-MOJING | Tai Nghe Chơi Game Có Dây với Micro,https://www.lazada.vn/products/pdp-i3217650980.html,255.000 ₫,4.0,
[HCM] Tai Nghe Mèo Chụp Tai Bluetooth Dễ Thương Có Mic| Headphone Bluetooth 5.0 Âm Thanh Sống Động Led Siêu Nhạy BH 12 Tháng,https://www.lazada.vn/products/pdp-i997000031.html,159.000 ₫,4.0,357 Đã bán
Tai nghe có dây Acer OHW303 7.1 Âm thanh vòm 50mm Đơn vị giảm tiếng ồn 360 ° Microphone treo đầu chùm RGB Hiệu ứng ánh sáng Chơi game Tai nghe,https://www.lazada.vn/products/pdp-i3223278388.html,221.361 ₫,,
"Tai nghe gaming bluetooth 5.2 không dây Yoking P36, tai nghe chơi game nhét tai giá rẻ chống ồn có chế độ gaming mode dành cho game thủ dùng cho Androi và Ios",https://www.lazada.vn/products/pdp-i1609509196.html,165.000 ₫,4.0,326 Đã bán
"Tai Nghe Bluetooth Chụp Tai P9 Air Max- Có Micro Đàm Thoại - Hỗ Trợ Thẻ Nhớ SD,Nghe Nhạc Cực Hay, Bảo Hành 12 Tháng",https://www.lazada.vn/products/pdp-i2033673129.html,45.000 ₫,4.0,130 Đã bán
"Tai Nghe Mèo Bluetooth P47M, Tai Mèo Dễ Thương, BH 1 tháng",https://www.lazada.vn/products/pdp-i1918072875.html,65.000 ₫,4.0,
"Tai nghe chụp tai Hoco W35 Max bản nâng cấp w35,hỗ trợ mic,cổng AUX 3,5, thẻ nhớ TF( bh 6 tháng) Tai nghe chụp tai Hoco W35 bluetooth hỗ trợ thẻ nhớ TF, Micro đàm thoại, cổng AUXTai Nghe Bluetooth Chụp Tai Giảm Tiếng Ồn ANC Hoco W35 Max Pin 90h, Hỗ 3.5mm",https://www.lazada.vn/products/pdp-i1524674253.html,239.000 ₫,5.0,453 Đã bán
Bluetooth Tai Nghe Trong Tai Vô Hình Ngủ Dành riêng Cao cấp Người Đàn Ông Phụ Nữ Chất Lượng Cao Dài Bat Ruija,https://www.lazada.vn/products/pdp-i2852708503.html,70.187 ₫,,
New Bee H362 Business Headphone Tai nghe USB với Micrô Chống ồn Máy tính Văn phòng Tai nghe Chất lượng kỹ thuật số Âm thanh Cắm và Chạy Giắc cắm 3.5 mm + Bộ điều hợp Loại C,https://www.lazada.vn/products/pdp-i1620564172.html,549.000 ₫,5.0,107 Đã bán
Tai nghe P9 Tai nghe Bluetooth Tai nghe không dây thể thao với microphone mAh,https://www.lazada.vn/products/pdp-i3194188777.html,58.000 ₫,5.0,17 Đã bán
AULA-MOJING | Tai Nghe Gaming Có Mic Có Dây,https://www.lazada.vn/products/pdp-i3217494935.html,260.000 ₫,4.0,
Tai Nghe Chụp Tai Chuyên Game Máy Tính K3 Super Gaming Giả Lập 7.1 USB LED RGB Chống Ồn Tạp Âm Siêu Bass Tai Phone Over Ear có micro 360 độ âm thanh vòm chụp tai lớn kín âm chống ồn đệm tai nghe êm ái thoải má,https://www.lazada.vn/products/pdp-i933898278.html,319.000 ₫,4.0,273 Đã bán
JIALEMEIJIA | Tai Nghe Có Dây Cho Chơi Game và Nghe Nhạc 3.5mm,https://www.lazada.vn/products/pdp-i3219739305.html,517.000 ₫,,
"Tai Nghe Chụp Tai Bluetooth Y08, P47 Tai Không Dây Có Mic, Âm Bass Cực Chất, Nghe Nhạc Cực Hay",https://www.lazada.vn/products/pdp-i2198337929.html,25.000 ₫,4.0,852 Đã bán
"Tai nghe bluetooth F9 thế hệ mới bản nâng cấp chip 5.0, micro HD, chống nước, âm thanh vòm kén sạc 2000mah có mic đàm thoại bảo hành 24 tháng",https://www.lazada.vn/products/pdp-i570682831.html,74.250 ₫,4.0,332 Đã bán
New Bee KH20 Tai nghe có dây cho trẻ em Màu sắc tai nghe chụp qua tai Âm thanh nổi Tích hợp micrô An toàn Âm lượng 85dB Giới hạn cho trẻ em Học trực tuyến Wired Headphone for Kids,https://www.lazada.vn/products/pdp-i1535472532.html,249.000 ₫,5.0,83 Đã bán
"Tai Nghe Bluetooth Không Dây Chống Nước V8 Có Màn Hình Cảm Ứng, Bản Nâng Cấp Có Tiếng Việt, Bass Hay Cực Đỉnh, Giảm Tiếng Ồn Lọc Tạp Âm Thông Minh , Định Vị GPS, Dùng Cho Tất Cả Các Thiết Bị, Tai nghe bloutooth, tai nghe không dây",https://www.lazada.vn/products/pdp-i2650812620.html,349.000 ₫,4.0,155 Đã bán
"Tai nghe chụp tai Hoco W35 Max bản nâng cấp w35,hỗ trợ mic,cổng AUX 3,5, thẻ nhớ TF( bh 6 tháng) Tai nghe chụp tai Hoco W35 bluetooth hỗ trợ thẻ nhớ TF, Micro đàm thoại, cổng AUXTai Nghe Bluetooth Chụp Tai Giảm Tiếng Ồn ANC Hoco W35 Max Pin 90h, Hỗ 3.5mm",https://www.lazada.vn/products/pdp-i1341823195.html,239.000 ₫,4.0,970 Đã bán
Tai nghe không dây kết nối bluetooth P47 - Hỗ trợ cắm thẻ nhớ - Âm thanh đỉnh cao Bán chạy,https://www.lazada.vn/products/pdp-i2783893558.html,72.450 ₫,,
-CLUBLU- Tai Nghe Chụp Tai Bluetooth Không Dây Có Mic Gaming TWS Độ Trễ Cực Thấp Chống Ồn Âm Bass,https://www.lazada.vn/products/pdp-i2687249598.html,172.000 ₫,4.0,98 Đã bán
Tai nghe không dây Bluetooth M91 kẹp trên tai nghe không dây mở tai nghe thể thao có độ bền cao,https://www.lazada.vn/products/pdp-i3129960158.html,155.925 ₫,,"5 Đã bán
Hồ Chí Minh"
Haomuren | Tai Nghe Bluetooth Không Dây Hủy Tiếng Ồn Chủ Động cho Gaming và Tập Luyện,https://www.lazada.vn/products/pdp-i3220519930.html,822.000 ₫,4.0,
[HCM] Tai Nghe Mèo Chụp Tai Bluetooth Có Mic Siệu Dễ Thương | Tai Nghe Bluetooth Không DâyTai Mèo Headphone Bluetooth 5.0 Âm Bass Cực Mạnh Âm Thanh Sống Động Led Siêu Nhạy - HOT Item Cho Các Bạn Gái,https://www.lazada.vn/products/pdp-i980664566.html,159.000 ₫,5.0,227 Đã bán
"Tai Nghe Bluetooth V5.3 Hoco W35 pin khủng 400mAh có mút đệm hạn chế âm thanh phát ra, giảm đau tai khi sử dụng",https://www.lazada.vn/products/pdp-i2237523063.html,322.000 ₫,5.0,41 Đã bán
"New Bee H361 Tai nghe USB với Micrô có thể xoay cho PC Tai nghe doanh nhân 3,5 mm có mic Tắt tiếng ồn cho Trung tâm cuộc gọi USB Headset Noise Cancelling",https://www.lazada.vn/products/pdp-i1687173541.html,469.000 ₫,5.0,180 Đã bán
Tai Nghe Chụp Tai Headphone Stereo Nghe Nhạc Cực Hay Âm Bass Mạnh Mẽ,https://www.lazada.vn/products/pdp-i2401825959.html,99.000 ₫,,
"Tai Nghe Bluetooth Chụp tai gaming G5/ G800 tích hợp micro chất lượng cao, bảo Hành 12 Tháng",https://www.lazada.vn/products/pdp-i2064779454.html,80.000 ₫,5.0,
Somic | Tai Nghe Có Dây Cho Âm Nhạc & Thể Thao có Bass,https://www.lazada.vn/products/pdp-i3194574459.html,169.000 ₫,4.0,
"Tai Nghe Mèo Chụp Tai Bluetooth Không Dây P47M, Tai Mèo Dễ Thương Có Mic, Âm Bass Mạnh Mẽ Bảo Hành 12 Tháng",https://www.lazada.vn/products/pdp-i1706960565.html,58.000 ₫,4.0,
"Tai nghe bluetooth, Tai nghe bluetooth cao cấp, Tai Nghe Không Dây Hình Tai Mèo Dễ Thương, Tai Nghe Bluetooth B39, Tai nghe chụp tai bluetooth Cat Ear, có led RGB,âm thanh vòm, Siêu Cute, Đáng Yêu, Âm thanh Chất, BH uy tín1 đổi 1.",https://www.lazada.vn/products/pdp-i2606128060.html,250.000 ₫,,
Tai nghe chụp tai có dây Remax RM-805 1 jack 3.5mm,https://www.lazada.vn/products/pdp-i1524375910.html,204.797 ₫,5.0,7 Đã bán
Lenovo | Tai Nghe Không Dây Hủy Tiếng Ồn Pin Dài,https://www.lazada.vn/products/pdp-i3194171211.html,389.000 ₫,4.0,
Tai nghe kiểm âm - tai nghe chụp tai - tai nghe gaming - tai nghe hay - tai nghe chất lượng cao TIANYUN HP - 960B bảo hành 12 tháng,https://www.lazada.vn/products/pdp-i1800985749.html,350.000 ₫,5.0,6 Đã bán
Lenovo TH30 Wireless Bluetooth Headphones Headworn Game Headphones Foldable Headphones Sports Headphones,https://www.lazada.vn/products/pdp-i2319239469.html,242.022 ₫,4.0,39 Đã bán
"[CHÍNH HÃNG] Tai nghe kiểm âm TAKSTAR HD-2000, Tai nghe over ear /Tai nghe chụp tai Gaming/Tai nghe thu âm/tai nghe livestream [BH 6 tháng]",https://www.lazada.vn/products/pdp-i1270647422.html,493.000 ₫,5.0,296 Đã bán
"Tai nghe chụp tai có míc cho điện thoại và máy tính, để chơi game và học online phù hợp mọi lứa tuổi",https://www.lazada.vn/products/pdp-i1506651896.html,249.000 ₫,5.0,230 Đã bán
Tai Phone bluetooth 5.0 chụp tai Bass cực mạnh B39 - Tặng Dây jack 3.5mm (Có hỗ trợ thẻ nhớ 32G),https://www.lazada.vn/products/pdp-i291462521.html,156.000 ₫,4.0,160 Đã bán
Tai Nghe Có Dây Chụp Tai On-ear Rapoo H120 USB Stereo,https://www.lazada.vn/products/pdp-i1301556044.html,310.000 ₫,5.0,15 Đã bán
Tai Nghe Kiểm Âm Chuẩn Phòng Thu Tai Nghe Chụp Tai Có Dây Tai Nghe ISK HP960B Cao Cấp FULL BOX,https://www.lazada.vn/products/pdp-i2594687777.html,289.000 ₫,5.0,6 Đã bán
Tai Nghe Chụp Tai Bluetooth 5.3 CR8 - Âm Thanh Nổi HIFI Sống Động - Phong Cách Retro Cổ Điển,https://www.lazada.vn/products/pdp-i3199270753.html,319.000 ₫,,
"Tai Nghe Chụp Tai Có Dây - Có Mic, Đồng Hành Cùng Mọi Nhiệm Vụ Trên PC, Laptop, Điện Thoại",https://www.lazada.vn/products/pdp-i3203523981.html,159.300 ₫,,
Tai nghe trùm đầu cao cấp.,https://www.lazada.vn/products/pdp-i1985472168.html,120.000 ₫,,
"UGREEN Tai nghe Bluetooth Không Dây, HiTune S5, Kẹp Tai Mở, Tai Nghe thể thao, có Micro và Móc tai model：45760 45761",https://www.lazada.vn/products/pdp-i3073715559.html,664.000 ₫,5.0,22 Đã bán
Tai nghe chụp tai F10+ màu Trắng (gấp gọn được),https://www.lazada.vn/products/pdp-i251491984.html,31.200 ₫,4.0,
"Soundcore by Anker H30i Wireless On-Ear Headphones, Foldable Design, Pure Bass, 70H Playtime, Bluetooth 5.3, Lightweight and Comfortable, Siêu nhẹ 183g, Mang đi dễ dàng, App Connectivity, Multipoint Connection",https://www.lazada.vn/products/pdp-i3152031868.html,499.000 ₫,4.0,45 Đã bán
"Tai Nghe Bluetooth chụp tai Hoco W35 Air V5.3, Pin dùng 45H, Hỗ trợ khe thẻ nhớ - Phụ Kiện 1986",https://www.lazada.vn/products/pdp-i3147683098.html,244.000 ₫,,
Tai nghe chụp tai màu xanh phù hợp học online . cho điện thoại và máy tính jack cắm 3.5,https://www.lazada.vn/products/pdp-i2263516419.html,39.000 ₫,3.5,
Tai nghe Kun đa chiều không dây bluetooth chụp tai có thể gấp gọn giá rẻ pin trâu âm thanh sống động,https://www.lazada.vn/products/pdp-i3187006408.html,41.000 ₫,,
3Life Headphone 40mm Cell Space Hiệu ứng âm thanh Bluetooth 5.4 Độ trễ cực thấp Cuộc gọi Giảm tiếng ồn HIFI Tai nghe chơi game có thể gập lại,https://www.lazada.vn/products/pdp-i3223161895.html,168.021 ₫,,
"Tai nghe chụp tai Hoco chính hãng chuyên dụng có míc dành cho điện thoại và máy tính 1 cổng 3.5 có mic thoại, âm thanh cực hay (SIÊU BỀN )",https://www.lazada.vn/products/pdp-i1519657683.html,249.000 ₫,5.0,278 Đã bán
"Tai Nghe Chụp Tai Bluetooth P47M Con Mèo kết nối 5.0 Có MICRO Trò Chuyện , Ổ Cắm Thẻ Nhớ TF.Đài FM, Có Công Nghệ Chống Ồn , Chống Mồ Hôi Đem lại Cảm Giác Thật Thoảii Mái",https://www.lazada.vn/products/pdp-i1715398564.html,95.000 ₫,5.0,9 Đã bán
Wiresto Tai Nghe Chụp Tai Gaming Có Micrô Cắm Được Bluetooth 5.0 Tai Nghe Không Dây Tai Nghe Game Đeo Tai Chống Ồn Âm Thanh Nổi Không Trễ Tai Nghe Thể Thao Điện Tử,https://www.lazada.vn/products/pdp-i2189824124.html,186.024 ₫,4.0,59 Đã bán
"Tai nghe bluetooth không dây M10 Phiên Bản Pro Nâng Cấp Pin Trâu 3000mah , Nút Cảm Ứng , Màn Hình Led Gaming , Chống Nước",https://www.lazada.vn/products/pdp-i521504732.html,56.000 ₫,4.0,
"Tai Nghe Bluetooth Không Dây BX-03, Âm Thanh Vòm Stereo HIFI 8D Super Bass Sống Động Trân Thực Có Micro Lọc Âm Chơi Game",https://www.lazada.vn/products/pdp-i2641015434.html,219.000 ₫,5.0,6 Đã bán
DACOM | Tai Nghe Bluetooth Hủy Tiếng Ồn Không Dây cho Gaming PC với Thời Gian Pin Dài,https://www.lazada.vn/products/pdp-i3221480576.html,602.000 ₫,,
AULA | Tai Nghe Chơi Game Có Dây với Micro cho Văn Phòng,https://www.lazada.vn/products/pdp-i3217559611.html,255.000 ₫,4.0,
"Tai nghe chụp tai không dây Bluetooth chống ổn, có mic, led cầu vồng, sạc Type-C nhạc chill cực phê",https://www.lazada.vn/products/pdp-i2602698646.html,160.000 ₫,5.0,
Headphones Behringer Studio HPM1000,https://www.lazada.vn/products/pdp-i2148970865.html,330.000 ₫,5.0,5 Đã bán
Tai Nghe Chụp Bluetooth Hoco W35,https://www.lazada.vn/products/pdp-i2440656808.html,209.000 ₫,,
"Tai nghe Type C gaming G77, tích hợp DAC tương thích mọi thiết bị, chuyên dụng nghe nhạc, chơi game",https://www.lazada.vn/products/pdp-i2608499595.html,188.000 ₫,5.0,14 Đã bán
"Tai Nghe Chụp Tai Không Dây Bluetooth Hoco, Pin Siêu Trâu 40h, Bluetooth V5.3, Chống Ồn, Chống Thấm Nước, Dùng Thẻ Nhớ ( SIÊU BỀN )",https://www.lazada.vn/products/pdp-i2146714467.html,259.000 ₫,5.0,128 Đã bán
Tai nghe chụp tai P9 kết nối Bluetooth xoay 360 độ - HT,https://www.lazada.vn/products/pdp-i2300811862.html,99.000 ₫,,
"[Chính Hãng USA] Tai Nghe Kiểm Âm Samson SR850 - Đệm Nhung, Studio Monitor Headphones Professional Over-Ear Semi Open",https://www.lazada.vn/products/pdp-i2863260318.html,560.000 ₫,4.0,20 Đã bán
Tai Nghe Chụp Tai Bluetooth Không Dây TEU X-BASS Cho Điện Thoại Máy Tính Có Mic Âm Thanh Siêu Bass,https://www.lazada.vn/products/pdp-i3116287490.html,199.000 ₫,4.0,39 Đã bán
Tai nghe chụp tai cao cấp chống đau taicó khe thẻ nhớ Bluetooth P47,https://www.lazada.vn/products/pdp-i2350810301.html,79.200 ₫,5.0,
Tai nghe bluetooth F9 tai nghe không dây M10 tai nghe không dây đơn giản,https://www.lazada.vn/products/pdp-i3141007032.html,70.000 ₫,5.0,
"Tai nghe Gaming ZIDLI ZH6(7.1, USB, LED), bảo hành 12 tháng - Hàng chính hãng",https://www.lazada.vn/products/pdp-i776832739.html,199.000 ₫,4.0,25 Đã bán
"Tai Nghe Chụp Tai Không Dây Chồng Ồn Bluetooth DR58, Pin Đến 12 Giờ, Có Thể Gấp Gọn, Có Mic",https://www.lazada.vn/products/pdp-i2629391035.html,168.000 ₫,,"10 Đã bán
Hà Nội"
Tai nghe chụp tai chính hãng có míc hỗ trợ học online và chơi game chính hãng dây 3.5mm chống đứt ( SIÊU BỀN ),https://www.lazada.vn/products/pdp-i1571874208.html,169.000 ₫,5.0,170 Đã bán
Tai nghe GAMING WANGMING 9800S - Tai nghe dây USB âm thanh 7.1 có màu hồng cực cute có Led RGB bảo hành 12 tháng,https://www.lazada.vn/products/pdp-i2795337013.html,195.000 ₫,5.0,
"Tai nghe chụp tai Intopic Jazz-M300 (Có mic) Exatra Bass nghe cực hay mic nhạy - VP MAX - tai nghe có dây,",https://www.lazada.vn/products/pdp-i1407169970.html,160.000 ₫,5.0,
"Tai nghe chụp tai Logitech H151 - 1 jack 3.5mm, Mic khử giảm tiếng ồn, âm thanh nổi",https://www.lazada.vn/products/pdp-i260268638.html,337.000 ₫,4.0,987 Đã bán
Tai nghe chụp đầu bluetooth hỗ trợ khe cắm thẻ nhớ Hoco W30 chính hãng,https://www.lazada.vn/products/pdp-i1846251507.html,270.000 ₫,5.0,16 Đã bán
Tai Nghe AP.4 Hổ Vằn 1563E l Chống Ồn Chủ Động ANC l Micro Khử Ồn ENC l Âm Thanh Không Gian l Cảm Ứng Lực (BH 6 Tháng),https://www.lazada.vn/products/pdp-i3075439384.html,800.000 ₫,,
Tai nghe Bluetooth chụp tai P47,https://www.lazada.vn/products/pdp-i1765311260.html,82.000 ₫,,
EWEADN | Headphone kèm mic lọc tiếng ồn |Tai Nghe Có Dây Cho Gaming và PC có Mic,https://www.lazada.vn/products/pdp-i3194635641.html,261.000 ₫,4.0,6 Đã bán
"Tai Nghe Chụp Tai Chơi Game HOCO W21, Tai Nghe Chụp Tai Có Dây, Có Micro Và Xbox PS4, Máy tính",https://www.lazada.vn/products/pdp-i1281769505.html,169.000 ₫,5.0,330 Đã bán
IFKOO | Tai Nghe Không Dây Hủy Tiếng Ồn cho Thể Thao,https://www.lazada.vn/products/pdp-i3197213519.html,261.000 ₫,5.0,
Lenovo | Tai Nghe Chơi Game Không Dây Hủy Tiếng Ồn với Thời Gian Pin Dài,https://www.lazada.vn/products/pdp-i3197361010.html,394.000 ₫,4.0,
TAI NGHE GAMING CỔNG USB 7.1 K5,https://www.lazada.vn/products/pdp-i2367935487.html,267.000 ₫,,
Tai Nghe Chụp Tai Không Dây Chủ Động Chống Ồn Cho JBL Tune 760NC Tai Nghe Âm Trầm Thuần Chơi Game Tai Nghe Thể Thao Rảnh Tay Có Micro,https://www.lazada.vn/products/pdp-i2938455886.html,579.409 ₫,5.0,8 Đã bán
Tai Nghe Ngủ Có Dây Ôm Tai ASMR Học Tập Cách Ly Tiếng Ồn Chuyên Dụng Cho Người Ngủ Bên Hông Tai Nghe Chơi Game Có Dây,https://www.lazada.vn/products/pdp-i3233691666.html,164.000 ₫,,
"Tai nghe chụp tai, tai nghe nhét tai cho điện thoại/ máy tính bảng F20 có thể gấp gọn",https://www.lazada.vn/products/pdp-i1766044067.html,16.414 ₫,4.0,186 Đã bán
"Tai nghe bluetooth f9 pro bản cao cấp, cảm biến vân tay, sạc dự phòng, chống nước ipx7",https://www.lazada.vn/products/pdp-i2309186194.html,55.440 ₫,4.0,224 Đã bán
Xiaozhubangchu Tai nghe P9 Tai nghe Bluetooth Tai nghe không dây bảo hiểm đầy đủ earmuffs thể thao với microphone chế độ chờ siêu dài,https://www.lazada.vn/products/pdp-i2836052201.html,113.000 ₫,4.0,95 Đã bán
Tai nghe Bose Quietcomfort 35 II Seri II Bluetooth tai nghe giảm tiếng ồn,https://www.lazada.vn/products/pdp-i3208144036.html,219.800 ₫,,
Oneodio Có Dây Phòng Thu Chuyên Nghiệp Pro 50 DJ Tai Nghe Có Micro Trên Tai HiFi Màn Hình Âm Nhạc Tai Nghe Tai Nghe Chụp Tai Cho Điện Thoại Máy Tính,https://www.lazada.vn/products/pdp-i2719866288.html,942.400 ₫,4.0,45 Đã bán
"Tai nghe BYZ S389 – âm thanh sống động, bass mạnh, thiết kế thoải mái, jack 3.5mm, tương thích nhiều thiết bị",https://www.lazada.vn/products/pdp-i3202969451.html,54.250 ₫,,
"Tai nghe giắc 6ly chuyên dành cho đàn Piano, Organ, Guitar Chính Hãng.",https://www.lazada.vn/products/pdp-i2200955911.html,115.000 ₫,5.0,97 Đã bán
Tai nghe Superlux HD681EVO - Tai nghe kiểm âm Superlux HD681 EVO - Tai nghe chụp tai Superlux HD681EVO - Headphone Superlux HD681EVO - Superlux HD681 EVO,https://www.lazada.vn/products/pdp-i468076545.html,823.284 ₫,5.0,5 Đã bán
"Tai nghe bluetooth mèo chụp tai WIRELESS CAT AKS28 ECOKING mua 1 tặng 1 quà có micro trò chuyện trực tuyến, jăc cắm khi hết pin, kết nối 5.0",https://www.lazada.vn/products/pdp-i1358295201.html,115.570 ₫,4.0,
"Tai nghe bluetooth giá rẻ 5.0 mini P47M dễ thương, tai mèo loại mini, kèm micro có cỗng 3.5mm, bass hay ,bảo hành 24 tháng",https://www.lazada.vn/products/pdp-i2350741731.html,89.100 ₫,5.0,
"Tai nghe Gaming chụp tai có dây chơi game K2 PRO có Mic ,Jack 3.5mm cho Điện Thoại, Máy tính/ PC/ Laptop",https://www.lazada.vn/products/pdp-i2034491526.html,50.000 ₫,4.0,267 Đã bán
Tai Nghe chụp tai Hoco chính hãng có míc hỗ trợ học trực tuyến và chơi game kết nối 3 cổng USB và jack chia tích hợp cả micro-phone-led âm thanh 7.1 HD (SIÊU BỀN),https://www.lazada.vn/products/pdp-i1609018793.html,249.000 ₫,5.0,232 Đã bán
"Tai nghe máy tính có dây nghe nhạc cực hay - Tai nghe gaming giá rẻ chất âm cực tốt - có mic, có điều khiểu âm lượng",https://www.lazada.vn/products/pdp-i2900502572.html,169.000 ₫,,
"Tai nghe chụp tai không dây GOOJODOQ Bluetooth 5.2 Chống ồn, Tai nghe không dây di động, thoải mái, có thể gập lại",https://www.lazada.vn/products/pdp-i3076121164.html,224.000 ₫,4.0,54 Đã bán
[Quà tặng không bán] Tai nghe chụp tai gaming cao cấp Turtle Beach M3 âm thanh cực hay bass sâu chơi game laptop máy tính nintendo ps4 xbox - VP MAX,https://www.lazada.vn/products/pdp-i862578083.html,60.000 ₫,,
"Tai nghe chụp tai Bluetooth Havit LIFE 02H H612BT - Hàng chính hãng - Thiết kế tiện lợi và âm thanh chất lượng, kết nối Bluetooth 5.3 ổn định, thời lượng pin ấn tượng",https://www.lazada.vn/products/pdp-i3101808139.html,369.000 ₫,,
"Tai Nghe Gaming Zidli Study SH1 (3.5, USB) - Full Box White - Hàng Chính Hãng, Bảo Hành 12 Tháng",https://www.lazada.vn/products/pdp-i1782204169.html,299.000 ₫,5.0,23 Đã bán
Tai nghe Bluetooth P47 phiên bản Bluetooth 5.0,https://www.lazada.vn/products/pdp-i2522007934.html,184.000 ₫,5.0,
"Headphone - tai nghe nhạc, chơi game - thanh lý",https://www.lazada.vn/products/pdp-i3107054955.html,180.000 ₫,,
Tai nghe bluetooth không dây gaming M90 Pro nắp trượt pin 6h âm thanh rõ tích hợp sạc dự phòng tiện lợi,https://www.lazada.vn/products/pdp-i3105842046.html,115.500 ₫,5.0,
Tai nghe không dây Bluetooth 5.4,https://www.lazada.vn/products/pdp-i3198591727.html,57.000 ₫,5.0,
Tai Nghe Chụp Tai Có Dây WangMing 8900L - Tai Nghe Gaming Chuyên Game Có Led Có Mic Với Âm Thanh Vòm 7.1 giúp bạn có thể tận hưởng âm thanh một cách trọn vẹn,https://www.lazada.vn/products/pdp-i1308632254.html,299.000 ₫,4.0,33 Đã bán
"EWEADN | Tai nghe Gaming Over-ear G9, Cổng USB, Âm thanh vòm 7.1, Mic khử ồn, LED RGB",https://www.lazada.vn/products/pdp-i3195310313.html,245.000 ₫,4.0,5 Đã bán
3Life หูฟังไร้สายลดเสียงรบกวนพับได้บลูทู ธ 5.3 เกมต่ำหน่วงเวลาระบายอากาศหูข้าวสาลี 40mm ไดรฟ์ยาวพิเศษพื้นที่ผลกระทบเสียงหูฟัง,https://www.lazada.vn/products/pdp-i3004309362.html,159.536 ₫,,
"EWEADN | Tai nghe Bluetooth Tai Mèo, Chống ồn chủ động (ANC), Micrô, Tai mèo tháo rời, LED RGB",https://www.lazada.vn/products/pdp-i3195350424.html,356.000 ₫,4.0,
Tai nghe chụp tai bluetooth thể thao nghe nhạc có mic không dây P17 giảm ồn chống nước đệm tai mềm mịn,https://www.lazada.vn/products/pdp-i258183456.html,190.080 ₫,4.0,72 Đã bán
"Taidu P47 Tai nghe không dây với tuổi thọ pin dài, thiết kế có thể gập lại cho âm nhạc và các cuộc gọi",https://www.lazada.vn/products/pdp-i3138725068.html,78.750 ₫,5.0,6 Đã bán
H7 Tv Bluetooth Headphones Wireless Headphon with Mic USB Adaptor Headset Noise Cancelling Stereo Foldable Bass for TV Earphone,https://www.lazada.vn/products/pdp-i3058810193.html,380.751 ₫,,
DareU | Tai Nghe Chơi Game Hủy Tiếng Ồn với Âm Thanh Định Vị,https://www.lazada.vn/products/pdp-i3219914195.html,381.000 ₫,4.0,
"Tai Nghe Bluetooth F9 (KHÔNG CÓ HỘP ĐÓNG GÓI), Cảm Biến Vân Tay, Kiêm dây sạc và núm cao su tai nghe, Version 5.1 202",https://www.lazada.vn/products/pdp-i2941203532.html,50.000 ₫,,
Tai nghe bluetooth 5.2 gaming N35 tai phone nhét tai thể thao không dây nghe nhạc chơi game có chế độ gaming mode không độ trễ mic kép chống ồn chủ động tai nghe chơi game pin trâu,https://www.lazada.vn/products/pdp-i1881541078.html,139.000 ₫,4.0,91 Đã bán
Lenovo | Tai Nghe Chơi Game Không Dây Hủy Tiếng Ồn,https://www.lazada.vn/products/pdp-i3197765380.html,396.000 ₫,4.0,
Tai nghe JBL C200SIU,https://www.lazada.vn/products/pdp-i3113840711.html,239.000 ₫,4.0,64 Đã bán
"Tai nghe chụp tai bluetooth hình mèo cao cấp dễ thương, xinh xắn, có mic đàm thoại",https://www.lazada.vn/products/pdp-i413146091.html,167.409 ₫,4.0,469 Đã bán
Tai nghe nhạc Headphone bluetooth chụp tai không dây có micro P17 Wireless GrownTech,https://www.lazada.vn/products/pdp-i2447391133.html,284.900 ₫,5.0,50 Đã bán
Tai nghe chụp tai P9 kết nối Bluetooth 5.1 xoay 360 độ cực đẹp-Ngẫu nhiên,https://www.lazada.vn/products/pdp-i2221724437.html,134.000 ₫,,
Headphones DJ Behringer BDJ 1000,https://www.lazada.vn/products/pdp-i2149197493.html,610.000 ₫,5.0,
Tai nghe choàng đầu không dây thời trang Sony WH-CH520,https://www.lazada.vn/products/pdp-i2281148838.html,1.099.000 ₫,5.0,
"Tai Nghe Không Dây Bluetooh Hổ Vằn Pro 2 Bass Cực Căng, Xuyên Âm Chống Ồn, Bản Lề Thép, Pin Trâu 6 Tiếng Limidted Loại 1",https://www.lazada.vn/products/pdp-i3113183495.html,312.000 ₫,5.0,59 Đã bán
Tấn Công Cá Mập L90 Flodable RGB Siêu Nhẹ Tri-Chế Độ Tai nghe chơi game Có Thể Gập Lại Trọng Lượng Nhẹ RGB Tai nghe chơi game không dây Tai nghe chơi game Cho PC/PS4/PS5/Switch/Xbox,https://www.lazada.vn/products/pdp-i2847585434.html,699.427 ₫,4.0,180 Đã bán
"Tai nghe không dây Bluetooth air3 với chức năng giảm tiếng ồn và màn hình hiển thị kỹ thuật số, pin siêu dài",https://www.lazada.vn/products/pdp-i3157839125.html,46.000 ₫,4.0,35 Đã bán
Philips TAH6519 Over-ear Active Noise Cancelling Headphones Gaming Headsets,https://www.lazada.vn/products/pdp-i3015723020.html,990.000 ₫,,
"Tai Nghe Bluetooth BQ30 – Màn Hình LED, Pin Khủng, Âm Thanh Sống Động, Cảm Ứng Thông Minh",https://www.lazada.vn/products/pdp-i3124879083.html,79.000 ₫,,
Tai nghe chơi game SY850MV kết nối có dây bằng cổng AUX 3.5mm thiết kế gaming kèm theo đèn led với âm thanh sống động,https://www.lazada.vn/products/pdp-i3053094082.html,184.000 ₫,5.0,5 Đã bán
[Tai nghe chụp tai giá rẻ ] Tai nghe J08 - Tai nghe kiểm âm cao cấp âm thanh cực chuẩn sống động thiết kế sang trọng thanh lịch nhiều màu sắc - MTMax,https://www.lazada.vn/products/pdp-i1800927215.html,80.000 ₫,4.0,35 Đã bán
Tai nghe Sony không dây có công nghệ chống ồn WH-CH720N,https://www.lazada.vn/products/pdp-i3210173699.html,215.120 ₫,,
Tai nghe retro có dây iKF Y3 Loa trắng 30mm Chất lượng âm thanh HiFi Chụp ảnh Những mảnh hợp thời trang Thiết kế Throwback OOTD nhẹ,https://www.lazada.vn/products/pdp-i2394348060.html,489.000 ₫,5.0,9 Đã bán
Tai Nghe Đa Năng Thông Minh LX-10 Có Kết Nối Bluetooth Cao Cấp,https://www.lazada.vn/products/pdp-i3094639721.html,150.241 ₫,4.0,38 Đã bán
"Tai Nghe Bluetooth Chụp Tai Có Micro Đàm Thoại - Hỗ Trợ Thẻ Nhớ SD,Nghe Nhạc , Chơi Game Cực Hay",https://www.lazada.vn/products/pdp-i3066292201.html,75.000 ₫,,
Tai Nghe Bluetooth Không Dây Pin Trâu M19 Mẫu Mới 2023 Phiên Bản Thứ 12 Mắt Sói Trong Đêm Không Dây Chống Nước Cảm Biến - BẢO HÀNH 1 ĐỔI 1,https://www.lazada.vn/products/pdp-i2044802508.html,52.000 ₫,4.0,
Tai nghe chụp tai Hoco chính hãng có míc hỗ trợ học trực tuyến và chơi game kết nối 3 cổng USB và jack chia tích hợp cả micro-phone-led (SIÊU BỀN),https://www.lazada.vn/products/pdp-i1609078208.html,249.000 ₫,5.0,404 Đã bán
"Tai nghe có dây Logitech H340 - Mic giảm ồn, điều khiển trên dây, âm thanh kỹ thuật số, đệm tai thoải mái, kết nối USB-A",https://www.lazada.vn/products/pdp-i260275079.html,527.000 ₫,4.0,
"[ PG-MAX ] Tai Nghe Hổ Vằn 1561M, Tai Nghe Chụp Tai Bluetooth PG-MAX Âm Thanh Vòm 3D - Chống Ồn ANC 45DB, Xuyên",https://www.lazada.vn/products/pdp-i2812568188.html,1.890.000 ₫,,
Tai nghe bluetooth chụp tai mini GrownTech P47 có mic thu âm bass to bảo hành 24 tháng,https://www.lazada.vn/products/pdp-i2434091833.html,82.500 ₫,4.0,19 Đã bán
Tai nghe có dây Xiaomi Mi Basic ZBW4354TY/ZBW4355TY/ZBW4358TY HSEJ03JY - Hàng chính hãng - Thiết kế trẻ trung âm thanh chất lượng Có mic hỗ trợ nghe gọi,https://www.lazada.vn/products/pdp-i1302576924.html,79.000 ₫,5.0,582 Đã bán
"Tai nghe chụp tai Bluetooth Havit H630BT - Hàng chính hãng - Bluetooth v5.3, âm thanh sống động, sử dụng lên đến 36 giờ",https://www.lazada.vn/products/pdp-i2043637842.html,449.000 ₫,4.0,143 Đã bán
"Tai Nghe Mèo Bluetooth P47M, Tai Mèo Dễ Thương",https://www.lazada.vn/products/pdp-i2142738496.html,67.000 ₫,4.0,
Tai nghe chụp tai có mic chuyên game DIVIPARD H570 LED RGB Cổng kết nối USB +3.5,https://www.lazada.vn/products/pdp-i2263456909.html,220.000 ₫,3.5,
{ ẢNH THẬT } Tai nghe trùm đầu Bluetooth P47M,https://www.lazada.vn/products/pdp-i3177078440.html,109.000 ₫,,
"Tai nghe chụp tai có dây gaming XL LED, có Mic dài, Bass Mạnh, âm thanh hay, Jack USB + 3.5mm",https://www.lazada.vn/products/pdp-i3231684265.html,185.000 ₫,,
"Tai nghe bluetooth Chụp Tai Mèo P47 Rễ Thương ,Khe Cắm Thẻ Nhớ ,Cute ,Có Mic ,Mẫu Mới Pin Trâu Hơn Âm Thanh Tốt Hơn",https://www.lazada.vn/products/pdp-i3147881299.html,120.000 ₫,5.0,
"Tai Nghe Kiểm Âm Phòng Thu Cao Cấp Takstar HD2000, Tai Nghe Chụp Tai Có Dây Takstar HD 2000 Kiểm Âm Nghe Nhạc Livestream Hát Karaoke Chính Hãng Cao Cấp.",https://www.lazada.vn/products/pdp-i2422170308.html,600.000 ₫,5.0,13 Đã bán
Tai nghe Bluetooth chụp tai không dây P47 hỗ trợ thẻ nhớ SD có cap kết nối 2 đầu 3.5mm âm thanh chất lượng có mic over e,https://www.lazada.vn/products/pdp-i2350676938.html,70.538 ₫,5.0,8 Đã bán
Tai Nghe Headphone Gaming LED RGB Có Mic ZIDLI ZH17 7.1 Âm Thanh Giả Lập Tai Nghe Nhạc Máy Vi Tính PC Laptop Có Dây,https://www.lazada.vn/products/pdp-i2234189049.html,439.000 ₫,,
IFKOO | Tai Nghe Không Dây Hủy Tiếng Ồn cho Thể Thao và Chơi Game,https://www.lazada.vn/products/pdp-i3197334319.html,179.000 ₫,4.0,
"Tai Nghe Bluetooth gaming M10 Bản Nâng Cấp Pro Chip 5.2 Bluetooth Mạnh Mẽ Pin Cực Trâu Mic Đàm Thoại 2 Bên Hỗ Trợ Mọi Dòng Máy, Tai Phone Thể Thao Nhét Tai Không Dây M10",https://www.lazada.vn/products/pdp-i1880736908.html,150.000 ₫,4.0,467 Đã bán
TAI NGHE CHỤP TAI CHUYÊN GAME A500 CÓ MIC THOẠI DÂY 3.5 DÙNG CHO ĐIỆN THOẠI VÀ PC,https://www.lazada.vn/products/pdp-i290508093.html,99.000 ₫,4.0,17 Đã bán
【CHANGXIANG3】 Phổ Tai nghe có dây Over Ear Hifi Stereo âm thanh tai nghe tiếng ồn hủy bỏ âm thanh bass có thể gập lại Tai nghe cho PC điện thoại di động,https://www.lazada.vn/products/pdp-i3152009792.html,51.336 ₫,,
"TORRAS Tai Nghe Bluetooth KhôNg DâY, tai nghe bluetooth chụp tai TíCh HợP Microphone, âM Bass SâU, MàU SắC đáNg YêU",https://www.lazada.vn/products/pdp-i3144036379.html,129.000 ₫,4.0,9 Đã bán
Awei AT7 Tai nghe chụp không dây Bluetooth âm thanh vòm stereo Loa kèm micro Tai nghe cho iPhone Apple Tai nghe chơi game,https://www.lazada.vn/products/pdp-i2662153610.html,399.000 ₫,4.0,13 Đã bán
Tai nghe Tai nghe không dây Bluetooth Tai mèo Hiệu ứng ánh sáng HD Microphone HiFi Chất lượng âm thanh Gaming Tai nghe có dây,https://www.lazada.vn/products/pdp-i2838463145.html,329.000 ₫,5.0,8 Đã bán
Tai nghe Havit TW931 | Thiết kế công thái học - Nghe nhạc lên đến 6h | Màng loa 10mm - Bluetooth V5.4 | BH 12 tháng,https://www.lazada.vn/products/pdp-i2784758812.html,246.510 ₫,5.0,10 Đã bán
"Tai nghe chụp tai kiểm âm cao cấp Takstar HD 2000 nghe nhạc, chơi game- chất lượng âm thanh chân thực - khởi nguồn mọi sáng tạo bảo hành 12 tháng - MTMax",https://www.lazada.vn/products/pdp-i1800925386.html,527.999 ₫,5.0,22 Đã bán
Tai nghe chụp tai cao cấp có khe thẻ nhớ Bluetooth P47 - HÀNG NHẬP KHẨU,https://www.lazada.vn/products/pdp-i2350672936.html,70.538 ₫,,
Tai nghe Bluetooth 5.3 GOOJODOQ giảm tiếng ồn khi ngủ điều khiển cảm ứng tai nghe không dây ghép nối nhanh chế độ chờ lâu,https://www.lazada.vn/products/pdp-i3070507449.html,241.300 ₫,5.0,39 Đã bán
"Tai nghe chụp tai Bluetooth Havit H633BT - Hàng chính hãng - Kiểu dáng cong thái học, Bluetooth v5.1, sử dụng đến 22 giờ",https://www.lazada.vn/products/pdp-i1921127445.html,390.000 ₫,4.0,95 Đã bán
"Tai nghe không dây OPPO enco air4 Pro, kháng ồn chủ động lên đến 49 dB, độ trễ cực thấp ~47 mskết nối song song hai thiết bị, Driver 12.4 mm hỗ trợ Hi-Res Audio với codec LHDC 5.0; cũng hỗ trợ AAC, SBC",https://www.lazada.vn/products/pdp-i3155479900.html,1.120.000 ₫,5.0,18 Đã bán
"Tai nghe game không dây Bluetooth và Lighspeed Logitech G435 – Mic ảo tích hợp, nhẹ, tương thích PC, Điện thoại, PS4, PS5",https://www.lazada.vn/products/pdp-i1634811622.html,1.497.000 ₫,4.0,487 Đã bán
Sony MDR-XB75AP Tai nghe trong tai siêu trầm có micrô điều khiển từ xa,https://www.lazada.vn/products/pdp-i2351237909.html,432.065 ₫,5.0,95 Đã bán
【Thời gian sử dụng: 90 giờ】Hoco W55 Plus Tai nghe không dây ANC giảm tiếng ồn Tai nghe bluetooth Bt5.4 tai nghe thể thao âm thanh nổi có Mic siêu Tuổi thọ pin dài hỗ trợ AUX cho tất cả điện thoại thông minh thông dụng,https://www.lazada.vn/products/pdp-i2911510555.html,549.450 ₫,5.0,
"Tai Nghe Chụp Bose QuietComfort 45 Không Dây Chồng Ồn Bluetooth Pin Đến 12 Giờ, Có Thể Gấp Gọn, Có Mic",https://www.lazada.vn/products/pdp-i3209970174.html,236.900 ₫,,
"Tai nghe Bluetooth không dây Logitech Zone 300 với Micrô khử tiếng ồn, Tương thích với Windows, Mac, iOS, iPadOS, Android",https://www.lazada.vn/products/pdp-i2650369392.html,1.679.000 ₫,4.0,22 Đã bán
Tai nghe Hyperx cloud II new opened box,https://www.lazada.vn/products/pdp-i1913146071.html,999.000 ₫,5.0,10 Đã bán
"Tai Nghe Ngủ Bluetooth 5.3 GOOJODOQ Nút tai giảm tiếng ồn với độ chính xác cao, Điều Khiển Cảm Ứng, Hỗ Trợ Chơi Âm Nhạc",https://www.lazada.vn/products/pdp-i3147060650.html,231.100 ₫,5.0,53 Đã bán
Tai Nghe Kiểm Âm Superlux HD681B Giá Rẻ -Tai nghe chụp tai Superlux HD681B - Tai Nghe Chống Ồn SUPERLUX HD681B,https://www.lazada.vn/products/pdp-i2180952419.html,740.000 ₫,5.0,
Tai Nghe Không Dây Baseus D02 Pro Bluetooth 5.3 Tai Nghe có thể gập lại phong cách thể thao Chơi Game Điện thoại HIFI Có Micrô,https://www.lazada.vn/products/pdp-i2523458897.html,459.000 ₫,4.0,368 Đã bán
"Tai nghe Samsung Galaxy J, Dùng cho tất cả các máy jack tròn 3.5, chất lượng âm thanh stereo với âm bass mạnh mẽ (trắng), tai nghe dây có mic",https://www.lazada.vn/products/pdp-i3138399799.html,86.000 ₫,5.0,
Tai Nghe Không Dây Bluetooth Hủy Tiếng Ồn cho Gaming và Thể Thao,https://www.lazada.vn/products/pdp-i3219933693.html,1.723.000 ₫,4.0,
[FREESHIP MAX] Tai nghe không dây Skullcandy Hesh 2 - SKULLCANDY HESH 2 WIRELESS - PUKI SHOP,https://www.lazada.vn/products/pdp-i1641383150.html,850.000 ₫,5.0,5 Đã bán
CHAOMILI | Tai Nghe Không Dây Không Dáng Với Thời Gian Pin Dài và Hủy Tiếng Ồn,https://www.lazada.vn/products/pdp-i3197116320.html,389.000 ₫,4.0,
Newmsnr 9d không trong tai loại c & 3.5mm tai nghe có dây dẫn truyền âm thanh qua xương không đau tai nghe kèm micro không bị rò rỉ âm thanh không đau tai nghe điện thoại di động máy tính bảng tai nghe kẹp vạn năng tai nghe chất lượng âm thanh độ trung th,https://www.lazada.vn/products/pdp-i3135959407.html,99.000 ₫,5.0,6 Đã bán
Tai nghe chụp tai có dây Gamming Chính hãng Hoco W106,https://www.lazada.vn/products/pdp-i2494685361.html,199.000 ₫,,
"Tai nghe chụp tai không dây GOOJODOQ Bluetooth 5.3 Tai nghe có thể gập lại,âm thanh nổi HiFi, Thời lượng pin 10 giờ",https://www.lazada.vn/products/pdp-i3237132551.html,249.000 ₫,,
Tai nghe chụp tai bluetooth Hoco W25 chính hãng pin 300mAh có míc học online và chơi game ( SIÊU BỀN ),https://www.lazada.vn/products/pdp-i1498541548.html,259.000 ₫,5.0,787 Đã bán
"Tai nghe Bluetooth HOCO E63 Diman Business, đa chức năng, âm thanh chân thật - Hàng chính hãngTrọng Phú store",https://www.lazada.vn/products/pdp-i2784915899.html,84.000 ₫,,
Studio Headphones Behringer BH 470,https://www.lazada.vn/products/pdp-i2148446269.html,640.000 ₫,5.0,
AULA | Tai Nghe Chơi Game Không Dây với Bluetooth 4 Chế Độ và Mic Trong,https://www.lazada.vn/products/pdp-i3236230803.html,1.370.000 ₫,4.0,
"Tai nghe trực tuyến Bluetooth chụp tai Wireless Stereo Headset MDR -XB760BT âm thanh,",https://www.lazada.vn/products/pdp-i2599445198.html,201.400 ₫,,
Hoco W66 Tai nghe bluetooth không dây trùm tai có thể gập lại Tai nghe kèm Micro HiFi Tai nghe thể thao,https://www.lazada.vn/products/pdp-i3149754222.html,351.450 ₫,5.0,
"Tai Nghe Chụp Tai Sony WH-1000XM5 Không Dây Cao Cấp, Bluetooth 5.2. Sạc Nhanh, Chống Ồn, Tích Hợp Micro, Chất Lượng Âm Thanh To Và Rõ Ràng",https://www.lazada.vn/products/pdp-i2941617936.html,295.000 ₫,5.0,89 Đã bán
Tai Nghe Bluetooth A11 Pro Ultimate/ A15 Pro- Tai Nghe Màn Hình Cảm Ứng Rộng- Chống Ồn ANC/ENC- Micro Tích Hợp- Bass Cực Căng- Pin 6 Giờ- Full Chức Năng- Bản Nâng Cấp A9 Pro. BH 2 Năm,https://www.lazada.vn/products/pdp-i3122740999.html,280.000 ₫,5.0,135 Đã bán
DareU | Tai Nghe Chơi Game Kháng ỒnThoải Mái,https://www.lazada.vn/products/pdp-i3219938851.html,665.000 ₫,4.0,
"Tai nghe chuyên GAME - NGHE NHẠC - HỌC ONLINE ,có MIC , Có dây , blutooth , âm thanh vòm , sống động , có LED",https://www.lazada.vn/products/pdp-i1790003472.html,99.000 ₫,4.0,38 Đã bán
"Tai Nghe Bluetooth F9 Pro Pin Siêu Trâu Mẫu Mới Mắt Sói Trong Đêm Tai Nghe Không Dây Chống Nước, Chống Bụi, Chống Ồn, Âm Thanh Cựu Đã",https://www.lazada.vn/products/pdp-i3132541944.html,80.000 ₫,1.0,8 Đã bán
Tai nghe bluetooth không dây B39 với Lighting RGB để chơi game và âm nhạc,https://www.lazada.vn/products/pdp-i3125824558.html,104.000 ₫,,
"Tai Nghe Chụp Tai Hoco Bluetooth, Pin Siêu Trâu 40h, Bluetooth V5.3, Kiểu Dáng Sang Trọng, Chống Ồn, Chống Thấm Nước, Dùng Thẻ Nhớ",https://www.lazada.vn/products/pdp-i2170217250.html,323.243 ₫,4.0,375 Đã bán
Tai nghe nhạc Headphone bluetooth chụp tai không dây có micro P17 Wireless GrownTech,https://www.lazada.vn/products/pdp-i3098371814.html,178.200 ₫,,
Tai nghe không dây Bluetooth Music Wireless Headset,https://www.lazada.vn/products/pdp-i2488976241.html,23.500 ₫,5.0,10 Đã bán
Tai Nghe Chơi Game Rapoo VH160 - Âm Thanh Vòm 7.1 RGB,https://www.lazada.vn/products/pdp-i1301668582.html,450.000 ₫,5.0,9 Đã bán
Tai nghe Lenovo TH10 Bluetooth âm thanh nổi giảm ồn thoải mái chống thấm nước có mic thích hợp cho Android IOS PC,https://www.lazada.vn/products/pdp-i2415660389.html,335.000 ₫,5.0,36 Đã bán
Tai Nghe Bluetooth Kháng Ồn Chủ Động Dài Ngày Cho Game Và Thể Thao,https://www.lazada.vn/products/pdp-i3220809583.html,817.000 ₫,4.0,
Tai nghe Bluetooth LED học ngoại ngữ BTH-08 màu trắng,https://www.lazada.vn/products/pdp-i3229835145.html,474.000 ₫,,
Tai nghe Logitech H111,https://www.lazada.vn/products/pdp-i735588170.html,179.000 ₫,4.0,71 Đã bán
"Tai Nghe Gaming Zidli Fly-Wing ZH29, Âm Thanh Vòm 7.1, Đèn Led RGB, Mic Kép Đa Hướng 360 Độ, Đàm Thoại, Tích Hợp ENC - Hàng Chính Hãng, Bảo Hành 12 Tháng",https://www.lazada.vn/products/pdp-i1936946754.html,506.890 ₫,4.0,42 Đã bán
Tai Nghe HIFI SYC L01 có mic đàm thoại dây dài 1.2m,https://www.lazada.vn/products/pdp-i3230950660.html,25.000 ₫,,
Tai Nghe Chiến Thuật Bowman Evo III Mỹ Có Thể Điều Chỉnh Hai Chiều Tai Nghe Thể Thao Một Bên Có Ống Nghe Có Dây Không Chống Thấm Nước,https://www.lazada.vn/products/pdp-i3005575347.html,297.000 ₫,5.0,15 Đã bán
"Tai nghe BYZ S389 âm thanh rõ nét, bass mạnh, thiết kế bền đẹp, nghe nhạc cực hay",https://www.lazada.vn/products/pdp-i3232739002.html,54.250 ₫,,
For Tune 520BT Wireless Bluetooth Foldable Headphone T520BT BT 5.3 Multi-Point Connection Headset With Mic Pure Bass Sounds Hands-free calls with Voice Aware,https://www.lazada.vn/products/pdp-i2667567273.html,482.788 ₫,,
Tai nghe bluetooth V5.0 B39 - Tai phone Chụp tai có đèn dạ quang cực đẹp,https://www.lazada.vn/products/pdp-i291488121.html,156.000 ₫,4.0,418 Đã bán
HOCO W65 Plus Tai nghe không dây ANC Tai nghe Bluetooth giảm tiếng ồn BT 5.4 HIFI Stereo Thể thao Chạy Tai nghe 400mAh Tuổi thọ pin siêu dài với dây âm thanh cho tất cả các điện thoại thông minh Universal,https://www.lazada.vn/products/pdp-i3061659955.html,747.000 ₫,5.0,9 Đã bán
Tai Nghe Chơi Game AULA Wolf Spider Có Dây 7.1 Âm Thanh Có Tiếng Ồn Giảm Tai Nghe Chơi Game Cho Máy Tính Xách Tay Tai Nghe USB,https://www.lazada.vn/products/pdp-i3233696461.html,384.000 ₫,,
"Tai Nghe mèo Bluetooth P47-M Chụp tai có Mic Headphone không dây Dễ Thương tai mèo nghe nhạc, chơi game DL TECH",https://www.lazada.vn/products/pdp-i1609343756.html,97.000 ₫,5.0,
2025 Hoco W65 Ban Đầu 100% Hạnh Phúc BT Tai Nghe Bluetooth 5.4 Headphone Tai nghe không dây Mic tích hợp trong Hỗ Trợ cáp AUX Tai Nghe Với USB-C Sạc & Có Thể Tháo Rời mũ trùm tai,https://www.lazada.vn/products/pdp-i3149991195.html,675.000 ₫,,
"SALE Tai nghe chụp tai Bosston Turtle Beach M3 gaming USA , Tai nghe Somic nghe nhạc, chơi game có micro không box - VPMAX",https://www.lazada.vn/products/pdp-i1731407106.html,80.000 ₫,4.0,348 Đã bán
Tai nghe bluetooth không dây Tai nghe chụp tai bluetooth không dây có khe thẻ nhớ mic đàm thoại headphone âm thnah cực đỉnh bass cực căng,https://www.lazada.vn/products/pdp-i2376287216.html,99.000 ₫,5.0,110 Đã bán
Tai Nghe Mèo Bluetooth WIRELESS HXZ-B39 TO89 Có Đèn Led Phong Cách Vintage,https://www.lazada.vn/products/pdp-i1791844587.html,157.410 ₫,,
"Tai nghe chụp tai Ulisten B1 ANC by BONNE TECH, tai nghe bluetooth chụp tai chính hãng, có mic đàm thoại , bảo hành 12 tháng ,Tai nghe gaming độ trễ thấp, Tai nghe không dây cho IP, Andr.oid, ,...",https://www.lazada.vn/products/pdp-i2361560015.html,475.000 ₫,5.0,5 Đã bán
"Tai Nghe Bluetooth X15 M25 Chuyên Game Nghe Bước Chân 360°, Độ Trễ Siêu Thấp, Pin 5h",https://www.lazada.vn/products/pdp-i1487144523.html,56.000 ₫,5.0,101 Đã bán
[HCM]Tai nghe chụp tai kèm micro đàm thoại F9 ( điều chỉnh kích cỡ),https://www.lazada.vn/products/pdp-i273230968.html,43.610 ₫,4.0,386 Đã bán
"Tai nghe máy tính, laptop thời trang, nhỏ gọn bass ấm S18/HIFI có mic đàm thoại, headphone chơi game trên laptop, pc",https://www.lazada.vn/products/pdp-i2366378160.html,102.000 ₫,4.0,10 Đã bán
Tai nghe Bluetooth P47/P47M/M3 chụp tai cao cấp có khe thẻ nhớ Âm Thanh Đỉnh Cao,https://www.lazada.vn/products/pdp-i2646851964.html,45.800 ₫,4.0,23 Đã bán
Tai Nghe Mèo 23M Kết Nối Bluetooth Không Dây Chụp Tai .Tai Mèo Dễ Thương Có Mic Âm Bass Mạnh Mẽ.,https://www.lazada.vn/products/pdp-i1535236130.html,85.000 ₫,4.0,917 Đã bán
[HCM]Tai nghe chụp tai F10 kèm mic loại tốt (màu đen - có thể gấp gọn),https://www.lazada.vn/products/pdp-i211160718.html,49.000 ₫,4.0,83 Đã bán
Tai Nghe Bluetooth P47 - Sự Kết Hợp Hoàn Hảo Giữa Thời Trang & Âm Thanh Chất Lượng,https://www.lazada.vn/products/pdp-i321852825.html,71.775 ₫,4.0,126 Đã bán
Tai Nghe Bluetooth OEM P47 Chụp Tai Không Dây Có Mic Pin Mạnh Hỗ Trợ Sạc Nhanh,https://www.lazada.vn/products/pdp-i1791885299.html,94.500 ₫,5.0,
Tai nghe chụp tai B39 bluetooth 5.0 không dây có âm bass và hỗ trợ khe cắm thẻ nhớ -SHINSTORE,https://www.lazada.vn/products/pdp-i1970158405.html,110.000 ₫,4.0,151 Đã bán
"Tai nghe không dây Baseus Bowie D05 ANC và D03 , 3D Bluetooth 5.3 thế hệ mới nhất chống ồn chủ động độ trễ thấp chất lượng đỉnh hỗ trợ cả có dây",https://www.lazada.vn/products/pdp-i1396650829.html,450.000 ₫,5.0,
"Headphone Hoco S19 / E56 / E49 Bluetooth 5.0 ENC chính hãng - Tai nghe không dây dạng móc vành tai, giảm tiếng ồn, thu âm tốt - Quay video, học online , livestream, làm vlogs",https://www.lazada.vn/products/pdp-i1471356553.html,199.000 ₫,5.0,
"Tai Nghe Kiểm Âm Chuẩn Phòng Thu Tai Nghe Chụp Tai Có Dây, Tai Nghe ISK HP960B Cao Cấp FULL BOX tặng kèm jack bảo hành 12tháng",https://www.lazada.vn/products/pdp-i2001365453.html,450.000 ₫,,
"Tai Nghe Bluetooth Y08 5.0 Chụp Tai có micro Headphone không dây thời trang nhiều màu sắc,nghe nhạc cực hay",https://www.lazada.vn/products/pdp-i2560073158.html,60.000 ₫,5.0,16 Đã bán
"Tai Nghe Wh-1000XM5 Bluetooth Không Dây, Headphone Chụp Tai Bass Boost, Micro Đàm Thoại Chuyên Dụng, Mềm Xốp, Nhẹ Tai",https://www.lazada.vn/products/pdp-i2660972185.html,220.000 ₫,4.0,144 Đã bán
"Tai nghe bluetooth chụp tai B39 ECOKING, kết nối 5.0, có MICRO trò chuyện, JĂC cắm khi hết pin, Cổng cắm thẻ TF, FM, bass lớn, pin trâu nhé.",https://www.lazada.vn/products/pdp-i2032066043.html,132.461 ₫,4.0,172 Đã bán
"Tai Nghe Bluetooth Chụp tai P47 Bản Nâng Cấp Hoàn Hảo Của Tai Nghe F10 Plus ,Tai Không Dây Có Mic, Có khe cắm Thẻ Nhớ, Âm Bass Cực Chất",https://www.lazada.vn/products/pdp-i1613708327.html,61.000 ₫,4.0,
"Tai Nghe Bluetooth Chụp Tai P9 Max AIR- Có Micro Đàm Thoại - Hỗ Trợ Thẻ Nhớ SD, Nghe Nhạc Cực Hay, Bảo Hành 12 Tháng",https://www.lazada.vn/products/pdp-i2051936136.html,90.000 ₫,4.0,53 Đã bán
Tai nghe chụp tai Geming có thể gấp gọn (màu đen),https://www.lazada.vn/products/pdp-i267132815.html,24.500 ₫,4.0,160 Đã bán
"Tai Nghe Buetooth 5.0 Chụp Tai Bass Cực Mạnh B39 - Có hỗ trợ thẻ nhớ, Tặng dây jack 3.5mm.",https://www.lazada.vn/products/pdp-i291440861.html,156.000 ₫,4.0,334 Đã bán
"Tai Phone Bluetooth Chụp Tai Cao Cấp B39 - Bass cực mạnh, Pin Trâu 400mAh",https://www.lazada.vn/products/pdp-i291458859.html,156.000 ₫,4.0,177 Đã bán
TAI NGHE HOCO E37 KHÔNG DÂY CAO CẤP DÒNG CÓ NÚT TĂNG GIẢM ÂM LƯỢNG,https://www.lazada.vn/products/pdp-i1243428021.html,160.000 ₫,5.0,6 Đã bán
Tai nghe chụp tai Hoco có míc hỗ trợ học online và chơi game chính hãng dây 3.5mm chống đứt ( SIÊU BỀN ),https://www.lazada.vn/products/pdp-i1499673391.html,169.000 ₫,5.0,
"Tai Nghe Không Dây Hoco W28, Tai nghe chụp tai Bluetooth, Dung Lượng Pin 250mAh, Âm Thanh Cực Hay & Sống Động - Chất lượng cao cấp",https://www.lazada.vn/products/pdp-i1511070041.html,295.000 ₫,5.0,
Tai Nghe Chụp Tai Bluetooth Hoco W25 - Pin Trâu - Hàng Chính Hãng,https://www.lazada.vn/products/pdp-i1340370247.html,189.000 ₫,5.0,146 Đã bán
"Tai nghe bluetooth chụp tai B39 - Pass cực mạnh, pin trâu (Hàng nhập)",https://www.lazada.vn/products/pdp-i292446746.html,156.000 ₫,4.0,
Tai nghe Gaming JRS M1 tai nghe chụp tai có mic Jack Cắm USB âm thanh 7.1 có đèn LED cho máy tính bass cực hay,https://www.lazada.vn/products/pdp-i2213087111.html,139.000 ₫,,
Tai nghe Samson SR850 Semi-Open Studio Reference Headphones (0403),https://www.lazada.vn/products/pdp-i374386771.html,850.000 ₫,5.0,8 Đã bán
Tai nghe chụp tai F15+ có thể gấp gọn tiện lợi,https://www.lazada.vn/products/pdp-i525036537.html,42.000 ₫,4.0,156 Đã bán
"Tai nghe chơi game Zidli ZH6 có mic, led 7màu / Jack 3.5mm - Hàng Chính Hãng",https://www.lazada.vn/products/pdp-i2213696753.html,249.000 ₫,,
Tai nghe Sony không dây có công nghệ chống ồn WH-CH720N,https://www.lazada.vn/products/pdp-i2244687698.html,2.299.000 ₫,5.0,478 Đã bán
NC700 Giảm tiếng ồn Không dây Tai nghe Bluetooth Giảm tiếng ồn âm thanh HIFI 3D Máy nghe máy tính có sẵn Tai nghe máy tính xách tay,https://www.lazada.vn/products/pdp-i3207662498.html,216.800 ₫,,
E-WOITD Tai Nghe Không Dây Với Màn Hình Hiển Thị Kỹ Thuật Số Với Microphone Tai Nghe Khử Tiếng Ồn Tai Nghe Cho Lái Xe Audifonos ﻿ C,https://www.lazada.vn/products/pdp-i3131593442.html,26.454 ₫,4.0,31 Đã bán
Fineblue F920 tai nghe bluetooth kẹp cổ áo Tai Nghe Phổ Tai Nghe Không Dây Có Thể Thu Vào tai nghe có mic Cho Di Động Cuộc Gọi Điện Thoại Đến nhắc nhở bằng giọng nói Rung Nhắc Nhở Có Thể Kết Nối Hai Điện Thoại Cùng Một Lúc Thời Gian,https://www.lazada.vn/products/pdp-i2330194320.html,230.000 ₫,4.0,48 Đã bán
"Tai nghe bluetooth thể thao Hoco ES62 V5.3, Pin trâu dùng 120H, có khe gắn thẻ TF - Hãng phân phối",https://www.lazada.vn/products/pdp-i3028970918.html,259.000 ₫,5.0,11 Đã bán
[BÁN CHẠY] Tai Nghe Chụp Tai Bluetooth JBL Tune 520BT - Hàng Chính Hãng,https://www.lazada.vn/products/pdp-i2423578053.html,1.090.000 ₫,4.0,576 Đã bán
Tai nghe Bluetooth một tai - Tai nghe điều hành từ tính,https://www.lazada.vn/products/pdp-i3237821133.html,197.000 ₫,,
Tai Nghe Không Dây Baseus AirGo AS01 kẹp tai Bluetooth 5.3 2Mic ENC HD Tai Nghe giảm tiếng ồn cuộc gọi thể thao,https://www.lazada.vn/products/pdp-i2611210533.html,389.000 ₫,4.0,538 Đã bán
Tai Nghe Chụp Tai Bluetooth Bose QuietComfort 45 Tai Không Dây Có Mic Âm Bass Cực Chất Nghe Nhạc Cực Hay,https://www.lazada.vn/products/pdp-i3216860851.html,225.000 ₫,,
Tai nghe On-ear Logitech H111 - Bảo hành 12 tháng,https://www.lazada.vn/products/pdp-i1417394157.html,209.000 ₫,5.0,310 Đã bán
"Tai nghe bluetooth chụp tai Bluetooth không dây WIRELESS 22HR, Tai nghe bật lên tự động có âm thanh",https://www.lazada.vn/products/pdp-i2972945278.html,222.750 ₫,,
Wireless Headset Bluetooth Type Game Headset Big Power Headset with Game Special Plug Microphone,https://www.lazada.vn/products/pdp-i3196656088.html,251.474 ₫,,
"Tai nghe có dây Logitech H390 - Mic giảm ồn, màn loa to rõ, điều khiển trên dây, quai đeo và chụp tai có đệm, kết nối USB-A",https://www.lazada.vn/products/pdp-i260270634.html,787.000 ₫,5.0,464 Đã bán
Norman Malthus P47 Headphone Bluetooth-compatible 5.0 Luminous Cat Ear Shape Wireless Headset for Travel Headset Wireless Luminous,https://www.lazada.vn/products/pdp-i3195319905.html,161.100 ₫,5.0,
"Tai nghe gaming cao cấp có dây ZIDLI zcore ZH-A10 Fly wing,âm thanh vòm 7.1 trung thực,màng loa 50mm,mic kép đa hướng, chống ồn, da protein mềm mại,có phầm mềm tuỳ chỉnh, đa tương thích-Hàng chính hãng, bảo hành 12 tháng",https://www.lazada.vn/products/pdp-i1482416999.html,599.000 ₫,4.0,57 Đã bán
Tai Nghe Chụp Tai Bluetooth P47 Nhiều Màu_Gía sỉ Biên Hòa,https://www.lazada.vn/products/pdp-i3203428631.html,99.000 ₫,,
Tai nghe chụp bluetooth Baseus Bowie D05 ANC (Hàng chính hãng),https://www.lazada.vn/products/pdp-i2616789700.html,720.000 ₫,,
Tai nghe chụp tai gaming GROWNTECH E8150 có dây thiết kế công thái học âm thanh vòm 3D mic hạn chế tiếng ồn led RGB cho game thủ,https://www.lazada.vn/products/pdp-i2655592385.html,239.250 ₫,5.0,
Tai nghe bluetooth không dây thiết kế thể thao đeo cổ. Phiên bản khác của Tai nghe chụp tai F10 đen,https://www.lazada.vn/products/pdp-i2596791345.html,217.200 ₫,,
"Tai nghe trực tuyến Bluetooth chụp tai Wireless Stereo Headset MDR -XB760BT âm thanh,",https://www.lazada.vn/products/pdp-i2612291430.html,206.600 ₫,,
Tai nghe chụp tai Gamming A4 dây 3.5mm,https://www.lazada.vn/products/pdp-i2819199738.html,150.000 ₫,,
"Tai nghe chơi game không dây kép NUBWO G06 có micrô NUBWO G06 Dual Wireless Gaming Headset with Microphone for PS5, PS4",https://www.lazada.vn/products/pdp-i3133715871.html,649.000 ₫,,
TAI NGHE BLUETOOTH CHỤP TAI WH1000XM5 SIÊU TREND-HT,https://www.lazada.vn/products/pdp-i2422827693.html,249.000 ₫,,
"Tai nghe có dây Logitech H540 - Mic giảm ồn, điều khiển trên tai tiện lợi, âm thanh chất lượng HD, đệm tai thoải mái, kết nối USB-A",https://www.lazada.vn/products/pdp-i260276010.html,987.000 ₫,5.0,152 Đã bán
"Tai Nghe Chơi Game HP H120, Đèn Âm Trầm Trầm Nặng Tai Nghe PC Có Micrô Khử Tiếng Ồn Gập Đa Hướng",https://www.lazada.vn/products/pdp-i1835521192.html,239.000 ₫,4.0,46 Đã bán
Tai nghe bluetooth Cho JBL Tune T510bt Tai nghe không dây công nghệ Clear Bass Âm Thanh Tai Nghe thể thao điện tử Tai Nghe mic rảnh tay Có Thể Gập Lại Cho Các Cuộc Gọi,https://www.lazada.vn/products/pdp-i3125646732.html,175.319 ₫,,
Tai Nghe Bluetooth Không Dây Chơi Game Hủy Tiếng Ồn Chủ Động,https://www.lazada.vn/products/pdp-i3204704241.html,661.000 ₫,4.0,
"Tai Nghe Chụp Tai Hoco Bluetooth, Pin Siêu Trâu 40h, Bluetooth V5.3, Kiểu Dáng Sang Trọng, Chống Ồn, Chống Thấm Nước, Dùng Thẻ Nhớ, Dây 3,5mm ( SIÊU BỀN )",https://www.lazada.vn/products/pdp-i1486012222.html,259.000 ₫,4.0,549 Đã bán
P2961 Wireless Headset Over-Ear Stereo HIFI Earphones TF/AUX Music Player Foldable Headphones For Smart Phone Laptop,https://www.lazada.vn/products/pdp-i2677427843.html,151.109 ₫,,
"Tai Nghe Bluetooth XO-BE39 Chụp Tai Gập Gọn, Nghe Nhạc Bass Mạnh HD, Pin Trâu 20 Giờ, Bluetooth 5.0, Chống Nước IPX5, Hỗ Trợ AUX, Phù Hợp Học Online, Du Lịch, Thể Thao Ngoài Trời",https://www.lazada.vn/products/pdp-i3207469095.html,369.000 ₫,5.0,
"Tai nghe TA-74 chùm tai chơi game có dây, có mic. Chính hãng Tako, BH 6 tháng",https://www.lazada.vn/products/pdp-i1591758002.html,286.000 ₫,,
E-WOITD Phổ Tai nghe có dây Over Ear Hifi Stereo âm thanh tai nghe tiếng ồn hủy bỏ âm thanh bass có thể gập lại Tai nghe cho PC điện thoại di động,https://www.lazada.vn/products/pdp-i3128552440.html,47.257 ₫,,
Tai nghe Bluetooth Tai nghe 5.0 Tai nghe có mic không dây âm thanh nổi thoải mái khi đeo chất lượng âm thanh cao phù hợp với thể thao và cuộc gọi,https://www.lazada.vn/products/pdp-i3169426342.html,53.000 ₫,5.0,
"Tai nghe không dây bluetooth chụp tai gaming chống ồn P47M, tai nghe mèo đèn led, nghe nhạc cực hay",https://www.lazada.vn/products/pdp-i3098470086.html,89.100 ₫,,
Tai Nghe Chơi Game Có Dây với Micro,https://www.lazada.vn/products/pdp-i3238918040.html,465.000 ₫,,
Tai Nghe Logitech H110,https://www.lazada.vn/products/pdp-i735540922.html,189.000 ₫,4.0,68 Đã bán
"Tai Nghe Bluetooth Chụp Tai Mèo B39 ,Có đèn led nhấp nháy theo nhạc Nhìn Rễ Thương, Bass Mạnh, Âm Thanh Hifi 6D ,Có Hỗ Trợ Thẻ Nhớ,Hàng Cực Xịn",https://www.lazada.vn/products/pdp-i3147862582.html,190.000 ₫,,
"Tai nghe Guochaofeng 5.3, tai nghe chụp kết nối bluetooth ổn định chống ồn, chống nước GD564",https://www.lazada.vn/products/pdp-i2749308329.html,636.000 ₫,5.0,151 Đã bán
"Tai Nghe Chụp Tai Hoco W35 Max - Pin Siêu Trâu 90h, Bluetooth V5.3 Kiểu Dáng Sang Trọng, Chống Ồn, Chống Thấm Nước",https://www.lazada.vn/products/pdp-i2619190255.html,269.000 ₫,5.0,48 Đã bán
Tai nghe chụp tai gaming Deiog E8150 có dây thiết kế công thái học âm vòm 3D mic chống ồn led RGB,https://www.lazada.vn/products/pdp-i3098269612.html,215.325 ₫,,
Tai Nghe UGREEN Studio Pro Hybrid Tai nghe khử tiếng ồn chủ động Tai nghe Bluetooth 6.0 âm thanh Hi-Res Kết nối nhiều điểm 48dB Active Noise Cancelling Wireless Earphone Model: 55614,https://www.lazada.vn/products/pdp-i3131406145.html,1.904.000 ₫,5.0,
[24 hours Ship] 2025 Hoco W65 plus Happy ANC Noise Reduction Bluetooth 5.4 Noise Canceling Headphone Wireless Headphones Headset with USB-C Charging&Removable Ear Cap,https://www.lazada.vn/products/pdp-i3050745855.html,765.000 ₫,4.0,27 Đã bán
Tai Nghe UGREEN Studio Pro Max6 ANC Headphones with Hi-Res Audio 48dB Active Noise Cancelling Bluetooth 6.0 Wireless Over-Ear 120H Playtime Built-in Mic for iPhone/Samsung/PC Model: 55687,https://www.lazada.vn/products/pdp-i3060620195.html,1.885.300 ₫,5.0,11 Đã bán
E-WOITD Retro Classic Headset Music Mp3 Walkman Retro Feelings Portable Wired Small Headphones Fashion Photo Props,https://www.lazada.vn/products/pdp-i3130035442.html,33.351 ₫,,
IKF Tai Nghe Chụp Tai Bluetooth T1 Pro Tai Nghe Có Dây Không Dây Tích Hợp Mic Cáp AUX Thời Gian Phát 100 Giờ Âm Thanh Nổi Giảm Ồn Bass Type-C Sạc Cho Trò Chơi Thể Thao Lớp Học Trực Tuyến Tương Thích Với IOS Và Android,https://www.lazada.vn/products/pdp-i2134634329.html,939.000 ₫,4.0,25 Đã bán
Lenovo | Tai Nghe Không Dây Bluetooth Truyền Âm Xương Gài Tai Mở Tai Phiên Bản Mới 2025,https://www.lazada.vn/products/pdp-i3191665703.html,433.000 ₫,4.0,
"Tai nghe Bluetooth không dâyY19 mới, thoải mái khi đeo, thời lượng pin dài, khử tiếng ồn, sử dụng đa năng Zweicx",https://www.lazada.vn/products/pdp-i3180726257.html,180.436 ₫,,
"EWEADN | Tai Nghe Gaming Không Dây Bluetooth Prioritizer Red Flame 5, Âm Thanh Vòm 7.1, Đa Chế Độ, Cấu Trúc Bền Bỉ, Băng Đô Thoải Mái Cho Các Buổi Chơi Game Dài",https://www.lazada.vn/products/pdp-i3186229655.html,1.037.000 ₫,4.0,
"Tai Nghe Mèo Headphone Bluetooth Không Dây P47M - Tai Nghe Chụp Tai Dễ Thương Có Đèn Led, Âm Thanh Chất Lượng, Kết Nối Đơn Giản, Chống Ồn Hiệu Quả - Hàng Chính Hãng",https://www.lazada.vn/products/pdp-i3048913561.html,99.000 ₫,,
"Tai Nghe Kiểm Âm Chuẩn Phòng Thu Tai Nghe Chụp Tai Có Dây, Tai Nghe ISK HP960B Cao Cấp FULL BOX tặng kèm jack bảo hành 12 tháng",https://www.lazada.vn/products/pdp-i1801051440.html,450.000 ₫,4.0,11 Đã bán
Tai Nghe Trùm Đầu Chơi Game Psh-200 3.5 màu hồng Có Đèn Led tai mèo-AT,https://www.lazada.vn/products/pdp-i2322412278.html,225.616 ₫,3.5,
"Tai nghe chụp tai Hoco W103 headphone cao cấp nghe hay, dây dài 1.2m, tặng Jack chia cổng 2 in 1 - Chính hãng",https://www.lazada.vn/products/pdp-i2619764214.html,179.000 ₫,,
"Tai chụp bluetooth MZ- P47 tai mèo, có thể dùng cho mọi dòng điện thoại, máy tính bảng, laptop và PC Bán chạy",https://www.lazada.vn/products/pdp-i2783867734.html,57.000 ₫,,
Tai nghe Bluetooth chụp tai TWS Jlab Studio Pro màu đen foam Over-ear thời gian nghe 50H bluetooth 5.0 âm thanh EQ3 - Bảo hành chính hãng 1 đổi 1 trong 2 năm,https://www.lazada.vn/products/pdp-i2510337614.html,809.000 ₫,5.0,
Tai Nghe Bluetooth Chụp Tai ko Dây Hoco W27 - Tai Nghe Chụp Tai Bluetooth Không Dây Hoco W27 Tai Mèo Có Led Chính Hãng Tại OKSEPVN,https://www.lazada.vn/products/pdp-i2658442364.html,237.000 ₫,,
ZOMBIES CAT | Tai Nghe Không Dây Hủy Tiếng Ồn có Hỗ Trợ Chơi Game Có Dây,https://www.lazada.vn/products/pdp-i3219773428.html,602.000 ₫,4.0,
"Tai nghe gaming Lenovo Legion Rescuer X370 , giả lập âm thanh vòm 7.1, chính hãng, bảo hành lên tới 12 tháng",https://www.lazada.vn/products/pdp-i2132234277.html,649.000 ₫,,
Tai Nghe Chơi Game Lenovo Y360 Có Dây X370 Có Micro Cho Máy Tính Xách Tay Và Máy Tính Để Bàn Tai Nghe Chơi Game Điện Tử Đệm Đầu,https://www.lazada.vn/products/pdp-i3240976756.html,833.000 ₫,,
HEADPHONE KHÔNG DÂY BLUETOOTH HI-FI P17 SIÊU HOT TREND-HT,https://www.lazada.vn/products/pdp-i2418178169.html,179.000 ₫,,
Tai Nghe Chơi Game Dây HP DHE-8007U Có Micro Chống Ồn Có Dây Cho Máy Tính Để Bàn Và Laptop Thiết Kế Đeo Đầu Đơn Giản,https://www.lazada.vn/products/pdp-i3241441342.html,502.000 ₫,,
[FREESHIP MAX] Tai nghe chụp tai on ear Skullcandy Uproar - Tai nghe bluetooth Skullcandy Uproar - PUKI SHOP,https://www.lazada.vn/products/pdp-i2008160161.html,500.000 ₫,,
"Tai Nghe Bluetooth V5.4 Hoco W53 âm thanh sống động, tương thích nhiều thiết bị,Pin 400mAh, sử dụng đến 46 giờ",https://www.lazada.vn/products/pdp-i3022261138.html,381.000 ₫,,"6 Đã bán
Hồ Chí Minh"
Lenovo | Tai Nghe Bluetooth Không Dây Hủy Tiếng Ồn Cho Gaming,https://www.lazada.vn/products/pdp-i3191562824.html,307.000 ₫,4.0,
Tai Nghe Bluetooth Không Dây Trụ Cắm Tai Hủy Tiếng Ồn Cao Cấp với Thời Gian Pin Dài,https://www.lazada.vn/products/pdp-i3231368719.html,136.000 ₫,4.0,
Tai Nghe Chụp Bluetooth Hoco W35Trọng Phú store,https://www.lazada.vn/products/pdp-i2785113040.html,249.000 ₫,,Tai Nghe Chụp Bluetooth Hoco W35Trọng Phú store
AULA | Tai Nghe Chơi Game cho PC và Di Động,https://www.lazada.vn/products/pdp-i3217744742.html,346.000 ₫,4.0,
Tai nghe không dây On-ear SoundMax BT300 (Đen) công nghệ Châu Âu - Chính hãng - Bảo hành 12 tháng,https://www.lazada.vn/products/pdp-i3174926049.html,650.000 ₫,,
Lenovo | Tai Nghe Không Dây Hủy Tiếng Ồn,https://www.lazada.vn/products/pdp-i3197452573.html,519.000 ₫,,
"Tai Nghe Tổng Đài SC30 USB Có Dây Có Mic - Chống Ồn, Bảo Vệ Thính Giác, Bảo hành 24 Tháng Hiệu EPOS",https://www.lazada.vn/products/pdp-i2096720952.html,885.000 ₫,5.0,6 Đã bán
"Tai Nghe Chụp Tai Chính Hãng Hoco W55, Bluetooth V5.4, Pin Siêu Trâu 90h, Tích Hợp Micro, Kiểu Dáng Sang Trọng",https://www.lazada.vn/products/pdp-i2902441771.html,309.000 ₫,,
[best sales] Tai nghe không dây kết nối bluetooth P47 - Hỗ trợ cắm thẻ nhớ - Âm thanh đỉnh caoTrọng Phú store,https://www.lazada.vn/products/pdp-i2785049389.html,72.450 ₫,,
"Tai nghe chụp tai kiểm âm cao cấp Takstar HD 2000 nghe nhạc, chơi game- chất lượng âm thanh chân thực - khởi nguồn mọi sáng tạo bảo hành 12 tháng",https://www.lazada.vn/products/pdp-i1207308208.html,528.000 ₫,,
Tai Bluetooth P17 Chụp Tai.,https://www.lazada.vn/products/pdp-i2764137416.html,192.600 ₫,,
"Tai Nghe Bluetooth Chụp tai P47 Bản Nâng Cấp Hoàn Hảo Của Tai Nghe F10 Plus ,Tai Không Dây Có Mic, Có khe cắm Thẻ Nhớ, Âm Bass Cực Chất",https://www.lazada.vn/products/pdp-i3048665987.html,325.500 ₫,,
"Tai nghe mèo đèn led GrownTech Z28M kết nối bluetooth 5.0 có micro đàm thoại hỗ trợ cổng AUX ,thẻ nhớ đài FM đa năng bảo hành 24 tháng",https://www.lazada.vn/products/pdp-i2096208940.html,201.500 ₫,4.0,353 Đã bán
Tai chụp W27 - chụp tai mèo phát sáng - tai nghe không dây - Hàng chính hãngTrọng Phú store,https://www.lazada.vn/products/pdp-i2784957712.html,325.000 ₫,,Tai chụp W27 - chụp tai mèo phát sáng - tai nghe không dây - Hàng chính hãngTrọng Phú store
"Tai Nghe Gaming Headphone HAVIT H2028U, Driver 50mm, Thiết Kế Khung Thép, Mic Khử Ồn- Hàng Chính Hãng",https://www.lazada.vn/products/pdp-i1777416761.html,700.000 ₫,,
Sony WH CH720 - Tai nghe bluetooth không dây Sony WH-CH720N,https://www.lazada.vn/products/pdp-i1077600175.html,1.790.000 ₫,4.0,5 Đã bán
NUBWO selesa earmuff khối lượng Over-Ear earmuff Băng đô có thể điều chỉnh tai nghe mềm earmuff N12 PC máy tính xách tay laras komputer riba AUX jumlah Tai nghe lembut slesa 3.5mm AUX với mic riba PC mic tiếng ồn permainan,https://www.lazada.vn/products/pdp-i3030772418.html,650.378 ₫,,
"Tai Nghe Chụp Tai Chuyên Game A65 Có Led Dùng Cho Máy Tính Laptop,Học Trực Tuyến Online- LED đổi màu",https://www.lazada.vn/products/pdp-i2659606605.html,88.000 ₫,3.0,6 Đã bán
Tai Nghe G-Net GH5 Plus 7.1 - Led RGB,https://www.lazada.vn/products/pdp-i1837257380.html,159.000 ₫,5.0,14 Đã bán
Xiaozhubangchu P9 Tai nghe bluetooth không dây để chơi game và thể thao với âm thanh nổi,https://www.lazada.vn/products/pdp-i3113453300.html,48.000 ₫,,
Baseus ANC Headphone Wireless Hybrid Noise-Cancelling Stereo HiFi Music Bluetooth 5.2 5.3 Over the Ear Gaming Headset 70H Long Life Time H1 & H1i,https://www.lazada.vn/products/pdp-i1891380057.html,835.000 ₫,4.0,261 Đã bán
"Tai Nghe Có Mic Tốt, Tai nghe Bluetooth chụp tai. Tai nghe Bluetooth chụp tai cao cấp CH-02 hay FE-018, Tai Nghe Headphone Giá Rẻ - Âm Thanh Hay Âm Bass, Tress Cực Đã, Sống Động. BẢO HÀNH BỞI LUCKY STORE SG.",https://www.lazada.vn/products/pdp-i295626014.html,159.131 ₫,4.0,180 Đã bán
Tai Nghe Bluetooth M19 Phiên Bản Pro Nâng Cấp và Tai Nghe Hoco M64 Chui 3.5,https://www.lazada.vn/products/pdp-i3150467167.html,64.033 ₫,3.0,5 Đã bán
Tai Nghe Hifi Chuyên Nghiệp Audio Technica ATH-M50x Bảo Hành 12 Tháng,https://www.lazada.vn/products/pdp-i2802754956.html,2.227.500 ₫,4.0,9 Đã bán
Tai nghe có dây có mic hiệu ứng âm thanh vòm 6d chính hãng HOCO jack 3.5mm h17 hocomall,https://www.lazada.vn/products/pdp-i2196899742.html,58.000 ₫,4.0,105 Đã bán
ThinkPlus | Tai Nghe Chơi Game Không Dây Thể Thao Kháng Ồn,https://www.lazada.vn/products/pdp-i3191318239.html,439.000 ₫,4.0,
TAI NGHE TAI MÈO chụp tai có dây có mic màu hồng gaming dễ thương Vi tính TG TNTMMHNEW,https://www.lazada.vn/products/pdp-i1943789460.html,178.000 ₫,1.0,8 Đã bán
"Tai nghe X55 mini không dây, chống ồn, Bluetooth 5.3, phù hợp cho thể thao, game và ngủ.",https://www.lazada.vn/products/pdp-i3066881291.html,106.100 ₫,5.0,7 Đã bán
"Tai nghe Samsung Galaxy J, Dùng cho tất cả các máy jack tròn 3.5, chất lượng âm thanh stereo với âm bass mạnh mẽ (trắng), tai nghe dây có mic",https://www.lazada.vn/products/pdp-i3138492573.html,68.000 ₫,3.0,145 Đã bán
Tai nghe không dây 3Life 40mm Bluetooth 5.4 động Độ trễ thấp Thời lượng pin 15 giờ Chống ồn ENC Có thể gập lại Đèn RGB Tai nghe chơi game HiFi,https://www.lazada.vn/products/pdp-i3162698998.html,179.000 ₫,,
Tai Nghe Gaming RAPOO VH500C Âm Thanh Vòm 7.1 Led RGB- Chính Hãng BH 2 Năm Lỗi Đổi Mới,https://www.lazada.vn/products/pdp-i3069062002.html,529.000 ₫,,
[HCM]Tai Nghe Bluetooth Tai Nghe Chụp Tai Có Mic JBL Wireless P17 Nghe Nhạc Cực Hay Bass Trầm Âm Thanh Vòm 360 Bảo Hành 12 Tháng,https://www.lazada.vn/products/pdp-i1621700725.html,262.900 ₫,,
Tai nghe bluetooth chụp tai không dây MZ 47 đèn led hỗ trợ mic đàm thoại chơi game,https://www.lazada.vn/products/pdp-i375778969.html,176.220 ₫,3.0,89 Đã bán
HP H360G 7.1 Ảo Surround Tai nghe chơi game Chơi Game Tai nghe có mic RGB đèn LED Da Thân Thiện 50Mm Loa Over-Ear-Tai Nghe Cho PC Mac máy tính xách tay Máy Tính Điện Thoại,https://www.lazada.vn/products/pdp-i1836837856.html,259.000 ₫,4.0,20 Đã bán
Tai nghe chụp tai có míc hỗ trợ học online và chơi game dây 3.5mm chống đứt dùng cho tất cả các thiết bị ( SIÊU BỀN ),https://www.lazada.vn/products/pdp-i1278235025.html,159.000 ₫,4.0,555 Đã bán
"Tai nghe Chụp Tai Không Dây Có Mic Hoco W55 - Tai Bluetooth V5.4, Pin Trâu 90h, Đệm Tai Có Thể Tháo Rời, Bảo Hành 12 Tháng",https://www.lazada.vn/products/pdp-i3169559035.html,399.000 ₫,5.0,14 Đã bán
Disney | Tai Nghe Không Dây Bluetooth Hủy Tiếng Ồn cho Gaming,https://www.lazada.vn/products/pdp-i3220905564.html,346.000 ₫,,
Tai Nghe Chụp Có Dây Gaming DEIOG 8450 và Tai Nghe Chụp Microkingdom MK 2099. LMS,https://www.lazada.vn/products/pdp-i2918066451.html,169.489 ₫,,
"Razer BlackShark V2 x Tai nghe chơi game: 7.1 âm thanh vòm có khả năng-Trình điều khiển 50mm-đệm bằng mút hoạt tính-cho PC, PS4, Bộ chuyển đổi Nintendo-Giắc cắm tai nghe 3.5mm",https://www.lazada.vn/products/pdp-i3088088769.html,872.189 ₫,5.0,5 Đã bán
"Tai nghe chơi Game sinh tồn Jack USB 7.1 , Jack 3.5mm Audio Mic dùng cho PC, điện thoại, Laptop, Phụ kiện - Born to Fight - Hàng chính hãng",https://www.lazada.vn/products/pdp-i2658208852.html,288.000 ₫,5.0,19 Đã bán
Tai nghe Bluetooth P47 siêu bass âm thanh sống động cực chất,https://www.lazada.vn/products/pdp-i1441616389.html,170.000 ₫,,
Tai nghe headphone Roland RH-5,https://www.lazada.vn/products/pdp-i3057289544.html,920.000 ₫,5.0,
EWEADN | Headphone kèm mic không dây X12 | Tai Nghe Bluetooth Không Dây cho Gaming và PC có Micro và Hủy Tiếng Ồn,https://www.lazada.vn/products/pdp-i3195268018.html,380.000 ₫,4.0,
HEADPHONE KHÔNG DÂY TAI THỎ P47R VỚI NHIỀU MÀU SẮC SIÊU XỊN XÒ-HT,https://www.lazada.vn/products/pdp-i2428296203.html,125.000 ₫,,
Tai nghe chụp tai,https://www.lazada.vn/products/pdp-i2336596835.html,200.000 ₫,,
Tai Nghe Bluetooth 5.4 Bridio M10 Pro Chính Hãng ANC Khử Ồn Loa 40mm Siêu Trầm Pin Trâu 40 Giờ Hỗ Trợ Đàm Thoại Rõ Nét,https://www.lazada.vn/products/pdp-i3142730525.html,678.000 ₫,,
"Tai nghe chụp tai Bluetooth Havit H2590BT Pro - Hàng chính hãng - Khả năng chống ồn hiệu quả, Bluetooth v5.1",https://www.lazada.vn/products/pdp-i2150275436.html,349.000 ₫,,
"Tai nghe chụp tai thể thao, kết nối bluetooth W23 - Bảo hành 3 tháng 1 đổi 1Trọng Phú store",https://www.lazada.vn/products/pdp-i2785042466.html,273.000 ₫,,
Tai nghe choàng tai Sony ZX110AP,https://www.lazada.vn/products/pdp-i1272879970.html,530.182 ₫,5.0,307 Đã bán
Tai nghe over-ear bluetooth P47R tai thỏ GROWNTECH có thể gập lại đèn led 7 màu dễ thương có đệm tai nghe bảo hành 2 năm,https://www.lazada.vn/products/pdp-i2439566974.html,115.500 ₫,5.0,9 Đã bán
"[ sale 50% ] Tai nghe chụp tai J08 - Tai nghe kiểm âm cao cấp, kiểu dáng nhỏ nhắn, âm thanh chuẩn, mượt, ấm và cực kì sống động",https://www.lazada.vn/products/pdp-i2880033942.html,66.080 ₫,4.0,25 Đã bán
Tai Nghe Chống Gió Ấm Áp Màu Trắng,https://www.lazada.vn/products/pdp-i3230844620.html,94.000 ₫,,
Tai nghe bluetooth chụp tai không dây mini chính hãng G01 ZW29 hình tai mèo xinh xắn Hifi,https://www.lazada.vn/products/pdp-i2962347063.html,104.000 ₫,,
AULA | Tai Nghe Có Dây Bluetooth Hủy Tiếng Ồn có Micro,https://www.lazada.vn/products/pdp-i3238807147.html,355.000 ₫,,
Tai nghe chụp tai Bluetooth Havit H672BT - Bảo hành 12 tháng,https://www.lazada.vn/products/pdp-i3170605102.html,449.000 ₫,,
Tai nghe Bluetooth một tai - Tai nghe điều hành từ tính,https://www.lazada.vn/products/pdp-i3237347814.html,187.000 ₫,,
"Tai nghe bluetooth giá rẻ 5.0 mini GrownTech P47M tai mèo loại mini, kèm micro có cỗng 3.5mm",https://www.lazada.vn/products/pdp-i3091108649.html,89.100 ₫,5.0,
Monster XKT16 BT5.3 Wireless Headphones Bluetooth Earphones Low Latency Noise Reduction Headphones Large Battery Capacity for Game Sports Headset with Mic,https://www.lazada.vn/products/pdp-i2395409425.html,179.000 ₫,4.0,450 Đã bán
"Tai Nghe Bluetooth Có Dây Nghe Nhạc Chất Lượng Cao, Chốngồn, Bảo Vệ Tai, Nghe Nhạc Khi Làm Việc, Tai Nghe Ngụy Trang",https://www.lazada.vn/products/pdp-i3236691755.html,130.000 ₫,,"6 Đã bán
China"
Tai nghe điện thoại tai nghe làm việc sử dụng rộng rãi cho các Đại lý trung tâm cuộc gọi cho tiếp thị Viễn Thông,https://www.lazada.vn/products/pdp-i3214122938.html,283.000 ₫,,
"Tai Nghe headphone Chơi Game HOCO W21, Tai Nghe Chụp Tai Có Dây, Có Micro Và Xbox PS4, Máy tính",https://www.lazada.vn/products/pdp-i1734110725.html,300.000 ₫,,
Tai Nghe Ấm Cho Phụ Nữ,https://www.lazada.vn/products/pdp-i3238811208.html,171.000 ₫,,
"SADA P47 Tai nghe không dây với tuổi thọ pin dài, thiết kế có thể gập lại cho âm nhạc và cuộc gọi",https://www.lazada.vn/products/pdp-i3137676901.html,122.000 ₫,,
Tai nghe không dây Bluetooth Air Max Tai nghe Bluetooth 5.4 Màn hình cảm ứng LCD Tai nghe không dây thông minh chống ồn Chống nước,https://www.lazada.vn/products/pdp-i3125717599.html,107.910 ₫,5.0,
Tai nghe bluetooth chất lượng cao với giọng nói Tuổi thọ pin dài và rõ ràng,https://www.lazada.vn/products/pdp-i3157814264.html,31.000 ₫,5.0,7 Đã bán
HTC HP06 Tai nghe Al Tai nghe Bluetooth không dây Giảm tiếng ồn âm thanh nổi không dây Chống nước có mic Thích hợp cho Android IOS PC,https://www.lazada.vn/products/pdp-i3215057428.html,530.577 ₫,,
"Tai Nghe Bluetooth Headphone HAVIT i62, Driver 40mm, Bluetooth 5.3, Nghe Đến 20H, Gập Gọn 90 - Chính Hãng BH 12 Tháng Dizigear",https://www.lazada.vn/products/pdp-i2182394316.html,400.000 ₫,5.0,106 Đã bán
"Tai nghe chụp tai bluetooth AKS-28 con mèo ecoking, kết nối 5.0,có MICRO trò chuyện,ổ cắm thẻ TF.đài FM,có JĂC 3.5MM, đèn LED 7 màu",https://www.lazada.vn/products/pdp-i1404057139.html,115.570 ₫,4.0,
"Tai Nghe Máy Tính Gaming Chụp Tai Có Mic Jack Cắm USB Âm Thanh 7.1 Cao Cấp Bass Cực Hay Cho Pc,Laptop MICAE",https://www.lazada.vn/products/pdp-i2767300210.html,155.000 ₫,,
Tai nghe có mic ELECOM EHP-CS3520M - Hàng Chính Hãng,https://www.lazada.vn/products/pdp-i2525599546.html,299.000 ₫,,
Tai Nghe Bluetooth 5.3 Không Dây gắn trên đầu Với ENC micro có thể tháo rời Hỗ trợ kết nối có dây onikuma Di động và có thể gập lại âm thanh HiFi,https://www.lazada.vn/products/pdp-i2812780977.html,179.000 ₫,,
"Tai Nghe Bluetooth Chụp Tai B39 Tai mèo Rễ Thương, Bass Mạnh, Âm Thanh Hifi 6D ,Có Hỗ Trợ Thẻ Nhớ,Mẫu Mới Hàng Cực Xịn",https://www.lazada.vn/products/pdp-i3142376057.html,194.000 ₫,,
"Tai Nghe Gaming ZIDLI ZH12S (7.1, USB, LED) - A/ Mic Ngắn - Hàng Chính Hãng – Bảo Hành",https://www.lazada.vn/products/pdp-i1810817125.html,296.000 ₫,5.0,
Tai nghe chụp tai kiểm âm ISK HP580 âm thanh cực chất trung thực,https://www.lazada.vn/products/pdp-i2385197201.html,430.000 ₫,,
Tai nghe có dây chụp tai Rapoo H100,https://www.lazada.vn/products/pdp-i282730026.html,179.000 ₫,,
Tai Nghe Chụp Bluetooth Hoco W35 Bán chạy,https://www.lazada.vn/products/pdp-i2783920378.html,249.000 ₫,,
"Tai nghe chụp tai Bluetooth Havit i62 BT 5.0 HVBT-I62 - Hàng chính hãng - Âm thanh tuyệt hảo, Dung lượng pin: 400mAh, Bluetooth 5.0",https://www.lazada.vn/products/pdp-i1892102300.html,390.000 ₫,4.0,504 Đã bán
"Tai Nghe Chụp Tai Chính Hãng Hoco W55, Bluetooth V5.4, Pin Siêu Trâu 90h, Tích Hợp Micro, Kiểu Dáng Sang Trọng",https://www.lazada.vn/products/pdp-i2902600350.html,309.000 ₫,,
Tai Nghe HIFI SYC L01 có mic đàm thoại dây dài 1.2m,https://www.lazada.vn/products/pdp-i3231194218.html,25.000 ₫,,
"Tai nghe bluetooth P47 chụp tai không dây có khe cắm thẻ nhớ, âm thanh sống động",https://www.lazada.vn/products/pdp-i2093164032.html,85.000 ₫,,
Tai Nghe Bluetooth P47 Chụp Tai có khe cắm thẻ nhớ,https://www.lazada.vn/products/pdp-i1978869670.html,150.000 ₫,,
ThinkPlus | Tai Nghe Không Dây Bluetooth Hủy Tiếng Ồn có Mic,https://www.lazada.vn/products/pdp-i3191319854.html,350.000 ₫,4.0,
"Tai nghe không dây Logitech Zone Vibe 100 - Nhẹ, micrô khử tiếng ồn, Bluetooth đa điểm tiên tiến, tương thích Teams, Google Meet, Zoom, Mac/PC",https://www.lazada.vn/products/pdp-i2039350426.html,2.279.000 ₫,4.0,120 Đã bán
"Tai Nghe Gaming Headphone HAVIT H2012D, Driver 50, Đèn RGB, Mic Khử Ồn, Đa Tương Thích - Chính Hãng BH 12 Tháng Dizigear",https://www.lazada.vn/products/pdp-i1732651446.html,590.000 ₫,,
Tai Nghe Không Dây Aolon Có Mic Bluetooth P47,https://www.lazada.vn/products/pdp-i3141003078.html,49.900 ₫,,
Tai nghe DareU EH416 RGB (Đen) - Bảo hành 12 tháng,https://www.lazada.vn/products/pdp-i1230905375.html,429.000 ₫,4.0,552 Đã bán
Tai nghe bán trong tai Venture Electronics VE monk metapod MM cho điện thoại di động Type-c3.13,https://www.lazada.vn/products/pdp-i3049083738.html,595.191 ₫,,
Tai nghe chụp tai Bluetooth Havit H672BT - Bảo hành 12 tháng,https://www.lazada.vn/products/pdp-i3170603073.html,449.000 ₫,,
"【Big-Sales】 Over-ear Bluetooth headphones, high-quality wireless calls, long-life sports, gaming and music listening Bluetooth headphones",https://www.lazada.vn/products/pdp-i3228569427.html,600.978 ₫,,
"Tai Nghe Bluetooth P47R Chụp Tai Hình Thỏ – Âm Thanh Sống Động, Thiết Kế Dễ Thương",https://www.lazada.vn/products/pdp-i2420983661.html,110.250 ₫,,
"Tai nghe Gaming không dây Bluetooth Logitech G321 LIGHTSPEED - Cần micro 16 kHz, pin 20 giờ",https://www.lazada.vn/products/pdp-i3232128688.html,1.699.000 ₫,,
"Lacepulse 丨 P47 Tai nghe không dây với tuổi thọ pin dài, thiết kế có thể gập lại cho âm nhạc và cuộc gọi",https://www.lazada.vn/products/pdp-i3138626684.html,62.000 ₫,,
Tai nghe bluetooth chụp tai Borofone BO23,https://www.lazada.vn/products/pdp-i3159395963.html,239.000 ₫,,
"Tai Nghe Gaming Headphone HAVIT H2019U, Driver 53mm, Đèn RGB, Giả Lập 7.1 - Hàng Chính Hãng",https://www.lazada.vn/products/pdp-i1776787236.html,680.000 ₫,,
Tai nghe chơi game USB Cho PC Surround Âm Thanh Tai nghe có dây Với Đầy Màu Sắc đèn LED Tai nghe máy tính Với Tiếng Ồn Hủy Bỏ Microphone,https://www.lazada.vn/products/pdp-i3241170601.html,390.000 ₫,,
【CHANGXIANG3】 Tai nghe có dây 3.5mm tai nghe dạng tai treo âm thanh nổi Tai nghe chạy bộ thể thao Tai nghe có móc tai tai nghe,https://www.lazada.vn/products/pdp-i3231475061.html,30.261 ₫,,
"[ New Version ] Tai nghe Bluetooth MTS-4 Hổ Vằn 1563E, Chống Ồn ANC 40DB - Xuyên Âm, Thiết Kế Mới",https://www.lazada.vn/products/pdp-i3188160393.html,800.000 ₫,,
Tai Nghe Bluetooth Không Dây Giảm Tiếng Ồn Cho Trò Chơi Điện Tử Có Ống Nghe Dài 824 Phiên Bản Mới 2024 Tai Nghe Có Thể Dùng Được Lâu,https://www.lazada.vn/products/pdp-i3233418884.html,238.000 ₫,,
KEBETEME Tai Nghe Có Dây 3.5Mm Tai Nghe Chụp Tai Chống Ồn Cho Máy Vi Tính Máy Tính Xách Tay Điện Thoại Thông Minh,https://www.lazada.vn/products/pdp-i1668753493.html,189.728 ₫,4.0,331 Đã bán
Tai Nghe Bluetooth Wireless Không Dây Thế Hệ 1 Beats Solo HD Mút Bọc Tai Nghe Chụp Tai,https://www.lazada.vn/products/pdp-i2102595835.html,107.000 ₫,,
Tai nghe chụp tai F15+ trắng ( có thể gấp gọn),https://www.lazada.vn/products/pdp-i294344744.html,60.000 ₫,4.0,
"Picun ANC-05L Active Noise Cancelling Headphones,Bluetooth 5.3 Headphones with Microphone Type-C Fast Charging,Wireless Headphones Over Ear,Deep Bass, AI ENC Tech for Clear Calls,Comfortable Protein Earpads,for Travel,Office",https://www.lazada.vn/products/pdp-i2117479675.html,557.139 ₫,5.0,5 Đã bán
Tai Nghe Bluetooth Không Dây HONOR 200 pro HANG Mới Chính Hãng Dành Cho Điện Thoại Di Động Kết Nối Không Dây 10m Thời Gian Chờ 10 Ngày,https://www.lazada.vn/products/pdp-i3005571457.html,186.000 ₫,,"14 Đã bán
China"
E-WOITD Head-Gắn B39 Không Dây Bluetooth Tai Nghe Với Mic Tiếng Ồn Hủy Bỏ Tai Nghe Stereo Âm Thanh Tai Nghe Thể Thao Chơi Game Tai Nghe,https://www.lazada.vn/products/pdp-i3194307132.html,115.274 ₫,,
Tai Nghe Colorful Gaming Headset 7.1 Channel Wired Positioning Sound Notebook USB Headphones Gaming Đồ Chơi Công Nghệ,https://www.lazada.vn/products/pdp-i3234017199.html,828.000 ₫,,
"Tai nghe Gaming 7.1 JRS-M2/M1 Led RGB , Cổng USB , Full Box, Âm Thanh Cực Hay, Chính Hãng 100% ,Bảo Hành 6 Tháng",https://www.lazada.vn/products/pdp-i2269435449.html,165.000 ₫,5.0,12 Đã bán
Tai nghe Gaming chụp tai chữ e- M1 có mic Jack Cắm USB âm thanh 7.1 - bass cực hay MSP 021 bảo hành 12 tháng,https://www.lazada.vn/products/pdp-i2440751169.html,140.000 ₫,,
Tai Bluetooth chụp đầu MIDOLA B-32 ( Hàng Amazon hàng siêu chất giá rẻ ),https://www.lazada.vn/products/pdp-i1492195285.html,310.000 ₫,,
[Rẻ Vô Địch] Tai nghe Bluetooth p47 và tài nghe có dây Loại 1 chuẩn,https://www.lazada.vn/products/pdp-i1419608994.html,60.000 ₫,,
[Chính Hãng] Tai Nghe Kiểm Âm Samson SR850 - Studio Monitor Headphones Professional Over-Ear Semi Open,https://www.lazada.vn/products/pdp-i2863152840.html,560.000 ₫,5.0,
"Tai Nghe Chụp Tai Hoco W35 Air - Pin Trâu 45h, V5.3 Kiểu Dáng Sang Trọng, Chống Ồn, Chống Thấm Nước",https://www.lazada.vn/products/pdp-i2619228017.html,265.000 ₫,5.0,24 Đã bán
"Tai Nghe Moondrop Space Travel 2 – Công Nghệ ANC Mới Nhất | Âm Thanh Ấn Tượng, Giá Cực Tốt!",https://www.lazada.vn/products/pdp-i3150550744.html,690.000 ₫,,
Tấn Công cá mập l80pro Tai nghe chơi game không dây,https://www.lazada.vn/products/pdp-i3109834690.html,807.071 ₫,5.0,
"Tai nghe chụp tai có dây chính hãng, Tai nghe chơi game có micro cho game thủ và học online dùng cho máy tính và điện thoại",https://www.lazada.vn/products/pdp-i1506668735.html,249.000 ₫,5.0,251 Đã bán
Tai nghe chụp tai Senicc ST-908 / Headphone Senicc ST908 có dây - HÀNG CHÍNH HÃNG,https://www.lazada.vn/products/pdp-i1513149836.html,245.000 ₫,,
Tai nghe Bluetooth chụp tai TWS Jlab Studio màu đen foam mềm kiểu dáng On-ear thời gian nghe 30H bluetooth 5.0 âm thanh EQ3 - Bảo hành chính hãng 1 đổi 1 trong 2 năm,https://www.lazada.vn/products/pdp-i2510316720.html,675.000 ₫,5.0,
Tai Nghe Chụp Tai Bluetooth P17 Chống Ồn Đệm Tai Mỏng Êm Không Gây Đau Tai - Tai Nghe Trùm Đầu Kết Nối Nhanh,https://www.lazada.vn/products/pdp-i977476664.html,178.000 ₫,,
ONIKUMA B3 Gaming Headphones Bluetooth 5.3 Noise-Cancelling RGB Light Over-Ear Headset,https://www.lazada.vn/products/pdp-i3087161676.html,559.000 ₫,,
"Tai nghe chụp tai Bluetooth Havit H2590BT Pro - Hàng chính hãng - Khả năng chống ồn hiệu quả, Bluetooth v5.1",https://www.lazada.vn/products/pdp-i2150220846.html,349.000 ₫,5.0,
Tai nghe chụp tai bluetoth Havit H2590BT Pro có jack 3.5mm thời gian nghe 4h,https://www.lazada.vn/products/pdp-i2096685237.html,299.000 ₫,4.0,166 Đã bán
"Tai nghe chụp tai Bluetooth V5.3 Hoco W35 pin khủng 400mAh có mút đệm hỗ trợ AUX, thẻ TF âm thanh sống động",https://www.lazada.vn/products/pdp-i3099486870.html,399.000 ₫,,
Tai nghe chụp tai gaming Growntech E8250 hạn chế tiếng ồn có mic cho máy tính bàn laptop chơi game âm thanh vòm,https://www.lazada.vn/products/pdp-i2615913754.html,269.500 ₫,,
"Tai nghe gaming bluetooth chụp tai P47R có thể gập, hình tai thỏ, đèn led, có đệm tai GrownTech",https://www.lazada.vn/products/pdp-i3098419339.html,103.950 ₫,,
Disney | Tai Nghe Không Dây có Hủy Tiếng Ồn và Trợ Lý Giọng Nói AI,https://www.lazada.vn/products/pdp-i3198705361.html,456.000 ₫,4.0,
MENGMIAN | Tai Nghe Hủy Tiếng Ồn Để Ngủ,https://www.lazada.vn/products/pdp-i3217596995.html,56.000 ₫,,
Tai Nghe Chụp Tai Gaming Zidli Zh8 BH 12 Tháng 1 Đổi 1 Led Rgb Cho Máy Tính Laptop Đt Ipad |Patech Electronics,https://www.lazada.vn/products/pdp-i2966435370.html,516.000 ₫,,
[FREESHIP MAX] Tai nghe Gaming MC BH101 Bluetooth 5.0 - Tai nghe bluetooth gaming BH101 - PUKI SHOP,https://www.lazada.vn/products/pdp-i1562378470.html,750.000 ₫,5.0,
Tai nghe Gaming G200S Bloody - Hàng Chính Hãng,https://www.lazada.vn/products/pdp-i2600327805.html,450.000 ₫,,
"Tai Nghe Bluetooth Chụp Tai B39 M9 M BOSS ,Nhìn Rễ Thương, Bass Mạnh, Âm Thanh Hifi 6D ,Có Hỗ Trợ Thẻ Nhớ,Mẫu Mới Hàng Cực Xịn",https://www.lazada.vn/products/pdp-i1819118061.html,129.940 ₫,,
Tai Nghe Chụp Tai FIFINE H3 RGB Headset Kèm Mic Đàm Thoại - Bảo Hành 1 Năm,https://www.lazada.vn/products/pdp-i3058099596.html,1.100.000 ₫,,
Studio Headphones Behringer HPM1100U,https://www.lazada.vn/products/pdp-i2148990593.html,460.000 ₫,,
"Tai nghe Pisen Bluetooth không dây P1, P1Plus, 80 dành cho chơi game, xem phim với âm thanh chất lượng - Hàng chính hãng",https://www.lazada.vn/products/pdp-i2662171710.html,345.135 ₫,4.0,15 Đã bán
【Seasonal Sale】 Gamer Wireless Bluetooth Headphones RGB Flowing Lamp Earphone Hifi Stereo Noise Reduction Gaming Headsets With Mic,https://www.lazada.vn/products/pdp-i3228432615.html,886.378 ₫,,
Tai nghe gắn tai không dây Bluetooth 5.2 Tai Nghe điều khiển bằng cảm ứng âm thanh nổi giảm tiếng ồn Không Thấm Nước - BẢO HÀNH 1 ĐỔI 1 từ MƯỜNG THANH ROYAL,https://www.lazada.vn/products/pdp-i2538024147.html,65.000 ₫,,
Tai nghe Bluetooth Holy Serpent F5 Bluetooth Headphone,https://www.lazada.vn/products/pdp-i2013669269.html,989.000 ₫,,
[Chính Hãng] Tai Nghe Kiểm Âm AKG K92 Over-Ear Studio Monitor Headphones Professional,https://www.lazada.vn/products/pdp-i2602330705.html,1.599.000 ₫,,
Tai nghe chơi game nghe nhạc HP DHE-8011U có đèn Led và Mic gồm có cổng USB / 3.5mm cho PC/Laptop,https://www.lazada.vn/products/pdp-i1518716304.html,260.000 ₫,3.0,
Tai Nghe Chơi Game SMAILWOLF L80 - Bluetooth Không Dây & Có Dây Thiết Kế Nhẹ Ba Chế Độ Có Micrô Cho Máy Tính Xách Tay & Sử Dụng Tại Nhà,https://www.lazada.vn/products/pdp-i3009692890.html,325.000 ₫,5.0,83 Đã bán
"Tai nghe chơi game Razer BlackShark V2X, tai nghe over-ear",https://www.lazada.vn/products/pdp-i3068860301.html,592.645 ₫,5.0,
DISOUR Tai Nghe Bluetooth Doanh Nhân Màn Hình LED V8S Nghe Nhạc 30 Giờ Thời Gian Chờ Lâu 48 Giờ Có Mic Tai Nghe Không Dây Thể Thao Chơi Game Điều Khiển Bằng Giọng Nói Tai Nghe Chống Ồn Thông Minh ENC HIFI,https://www.lazada.vn/products/pdp-i1890943449.html,91.000 ₫,4.0,116 Đã bán
48h sau khi tai nghe Tai nghe bluetooth 5.0 Tai nghe có mic không dây âm thanh nổi thoải mái để mặc chất lượng âm thanh cao phù hợp cho thể thao và các cuộc gọi,https://www.lazada.vn/products/pdp-i3127460092.html,74.800 ₫,5.0,
Tai Nghe Bluetooth Không Dây F9 Có Hộp Sạc - Tai Nghe Nhét Tai Có Thời Lượng Pin Cực Dài Có Micrô Và Chức Năng Khử Tiếng Ồn Chủ Động,https://www.lazada.vn/products/pdp-i3233755132.html,105.600 ₫,,"17 Đã bán
China"
JIFANPAUL | Tai Nghe Hủy Tiếng Ồn Cho Ngủ và Sử Dụng Trong Ký Túc Xá,https://www.lazada.vn/products/pdp-i3197665935.html,131.000 ₫,4.0,
Tấn Công Cá Mập L80 Siêu Nhẹ Tri-Chế Độ Tai nghe chơi game Trọng Lượng Nhẹ Tai nghe chơi game Tai nghe chơi game không dây Cho PC/PS4/PS5/Switch/Xbox,https://www.lazada.vn/products/pdp-i2847576423.html,703.128 ₫,5.0,24 Đã bán
Xả hàng - Tai nghe bluetooth chụp tai TM010S -dc2561,https://www.lazada.vn/products/pdp-i3160491800.html,129.000 ₫,,
CABLEW Bluetooth Tai nghe không dây tai mèo Sáng Có thể gập lại Tai nghe chụp tai Thời trang Âm thanh nổi Tai nghe Bluetooth tai mèo Trẻ em,https://www.lazada.vn/products/pdp-i3230621658.html,78.658 ₫,,
"Tai Nghe Bluetooth Headphone Soul Ultra Wireless Siêu Bass Điện Tử, Bluetooth 5.0, Nghe Đến 36H - Hàng Chính Hãng - Bảo Hành 12 Tháng",https://www.lazada.vn/products/pdp-i1721334172.html,799.000 ₫,5.0,
Tai Nghe RD90 Tai Nghe Chụp Bluetooth Chống Ồn Âm Thanh Trầm Ấm Thời Lượng Pin Dài,https://www.lazada.vn/products/pdp-i2749119673.html,316.000 ₫,,
"Tai nghe chụp bluetooth HOCO BLT W35 Max chống ồn, chống thấm nước, 40 giờ nghe nhạc",https://www.lazada.vn/products/pdp-i2593508108.html,265.000 ₫,,
(HCM) Tai Nghe Chụp Tai Chuyên phòng Game cực bền siêu rẻ Wangming 9900 tai nghe hổ trợ mic dùng cho các dòng điện thoại có jack 3.5 Tai nghe chuyên học ngoại ngữ 9900,https://www.lazada.vn/products/pdp-i2263230390.html,170.000 ₫,3.5,
"Tai Nghe Chụp Tai Hoco W35 - Pin Siêu Trâu 40h, Bluetooth V5.3, Kiểu Dáng Sang Trọng, Chống Ồn, Chống Thấm Nước.",https://www.lazada.vn/products/pdp-i2529716709.html,235.000 ₫,,
"Tai Nghe có dây GORSUN GS-A841 Hỗ Trợ Học Sinh Học Tập, Âm thanh chuẩn",https://www.lazada.vn/products/pdp-i2254418900.html,90.000 ₫,,
Tai nghe Jabra Evolve 20 Ms Stereo USB,https://www.lazada.vn/products/pdp-i2810063163.html,1.299.000 ₫,,
Tai Nghe Chụp Bluetooth Remax RB-100HB và Tai Nghe Chụp Bluetooth P17. LMS,https://www.lazada.vn/products/pdp-i3145121264.html,180.600 ₫,,
"Headphone có mic dùng cho laptop, máy vi tính bàn - Model: A6 chính hãng",https://www.lazada.vn/products/pdp-i2634438361.html,99.000 ₫,,
"Tai nghe trực tuyến bluetooth KDK-56 có thể gập lại (đen phối đỏ) Tai nghe học sinh, chụp tai, gập lại được",https://www.lazada.vn/products/pdp-i2602582917.html,201.400 ₫,,
Tai Nghe Lenovo G20 LED (1 cổng USB),https://www.lazada.vn/products/pdp-i2183313479.html,280.000 ₫,,
Tai nghe Bluetooth JBL 510BT - JBL Tune 510BT Mới 100% Nguyên seal từ hãng,https://www.lazada.vn/products/pdp-i1575420466.html,1.130.000 ₫,4.0,139 Đã bán
Tai nghe JBL Live Beam 3 Âm Thanh Hi Res Chống Ồn Chủ Động ANC Điều Khiển App Hộp Tai Nghe Có Màn Hình Chơi Nhạc Tới 40h,https://www.lazada.vn/products/pdp-i2885821875.html,4.390.000 ₫,4.0,70 Đã bán
"Tai nghe không dây Bose QuietComfort 35 (Series I), khử tiếng ồn - Đen (Đã được tân trang lại)",https://www.lazada.vn/products/pdp-i3231636588.html,2.861.497 ₫,,
Tai nghe Headphone OneOdio Pro 10 Chính Hãng,https://www.lazada.vn/products/pdp-i2076162777.html,590.000 ₫,4.0,60 Đã bán
Tai Nghe Razer BlackShark V2 X | Kết Nối 3.5mm | Drive Triforce 50mm | Loa/Micro Đơn khử ồn | Memory Foam êm tai,https://www.lazada.vn/products/pdp-i2138931239.html,1.170.000 ₫,5.0,80 Đã bán
PICUN | Tai Nghe Không Dây Hủy Tiếng Ồn có Mic cho Gaming,https://www.lazada.vn/products/pdp-i3177869724.html,779.000 ₫,4.0,
"Tai nghe game không dây Bluetooth và Lighspeed Logitech G435 – Mic ảo tích hợp, nhẹ, tương thích PC, Điện thoại, PS4, PS5",https://www.lazada.vn/products/pdp-i2210628456.html,1.499.000 ₫,5.0,17 Đã bán
Tai nghe không dây chụp tai gaming mèo đèn led GrownTech VZV 28M kết nối bluetooth 5.0 có micro đàm thoại bảo hành 24 tháng,https://www.lazada.vn/products/pdp-i2658327007.html,181.500 ₫,5.0,
Tai nghe chụp tai bluetooth - Headphone Baseus D02 pro Encok âm thanh sống động vòm lập thể 6d chống ồn âm cao cấp baseusmall,https://www.lazada.vn/products/pdp-i1990786275.html,490.000 ₫,5.0,37 Đã bán
Tai nghe bluetooth chụp tai không dây V5.2 Air9 TWS truyền âm qua xương tai giảm tiếng ồn kiểu dáng thể thao,https://www.lazada.vn/products/pdp-i2615031351.html,211.200 ₫,3.0,10 Đã bán
"Tai Nghe Bluetooth V5.4 Hoco W53 giảm đau tai khi sử dụng có mút đệm hạn chế âm thanh phát ra,pin 400mAh",https://www.lazada.vn/products/pdp-i3022247226.html,381.000 ₫,,
Tai Nghe Chụp Tai Overear Audio Technica ATH-M50x Professional Hifi - Hàng Chính Hãng,https://www.lazada.vn/products/pdp-i1196630900.html,4.752.000 ₫,5.0,55 Đã bán
Tai nghe chơi game Hyperx cloud 2 âm vòm 7.1- Hàng new Fullbox BH 12 tháng,https://www.lazada.vn/products/pdp-i2005198460.html,1.619.000 ₫,5.0,59 Đã bán
Tai Bluetooth chụp đầu MIDOLA B-32 ( Hàng Amazon ),https://www.lazada.vn/products/pdp-i2560718023.html,315.000 ₫,,
SMART GEARY Hifi Tai nghe không dây hoài cổ Có thể gập lại Qua tai Tai nghe không dây Cổ điển 80S 90S Tai nghe hoài cổ Lisening Music,https://www.lazada.vn/products/pdp-i3230596763.html,185.050 ₫,,
Tai Chụp Vi Tính HP DHE 8009 Chính Hãng Âm thanh vòm giúp bạn định vị âm thanh chính xác,https://www.lazada.vn/products/pdp-i2928408427.html,207.900 ₫,,
"Tai Nghe Chụp Tai Dành Cho Nhân Viên Văn Phòng - ADAPT 165 USB II Có dây Có Mic, Lọc Ồn, Bảo Vệ Thính Giác, Bảo Hành 24 Tháng EPOS",https://www.lazada.vn/products/pdp-i2096853535.html,1.699.000 ₫,,
"[Chính Hãng] Tai Nghe Cao Cấp Roland RH5 - Cho Nhạc Cụ, Đàn Piano, Organ, Trống, Amply Headphones Closed Back RH-5",https://www.lazada.vn/products/pdp-i2602305935.html,980.000 ₫,5.0,
Tai nghe trùm tai cs dây Gaming BO102 Borofone,https://www.lazada.vn/products/pdp-i1662787879.html,250.000 ₫,,
"Tai Nghe Gaming Headphone HAVIT H2008d, Driver 50mm, Thiết Kế Khung Thép, Mic Khử Ồn- Hàng Chính Hãng",https://www.lazada.vn/products/pdp-i1776020963.html,890.000 ₫,,
"Tai nghe chụp tai Soundcore by Anker, Space One, Bluetooth 5.3 ANC Headphones, 2X Stronger Voice Reduction, 40H ANC Playtime, App Control, LDAC Hi-Res Wireless Audio, Comfortable Fit, Clear Calls",https://www.lazada.vn/products/pdp-i3136196284.html,1.940.000 ₫,5.0,32 Đã bán
UGREEN | Tai Nghe Chơi Game Không Dây Giảm Tiếng Ồn Chủ Động,https://www.lazada.vn/products/pdp-i3206771178.html,569.000 ₫,,"18 Đã bán
Hong Kong"
KEBETEME Tai Nghe Chơi Game Chuyên Nghiệp Tai Nghe Chơi Game Âm Thanh Nổi Vòm Có Dây 3.5Mm Có Thể Gập Lại Thông Dụng Có Micro Cho Máy Vi Tính Máy Tính Xách Tay Điện Thoại,https://www.lazada.vn/products/pdp-i271214294.html,142.003 ₫,4.0,
Zeallion tai nghe hình mèo không dây với RGB đèn Led Bluetooth có thể gập lại Tai nghe buồng kín không gian cho các trường học trẻ em trẻ bé gái Quà Tặng,https://www.lazada.vn/products/pdp-i2603258160.html,210.567 ₫,5.0,29 Đã bán
New Aviation Over-Ear Headphones Source Manufacturer Export Cheap Wired Headphones for Mobile Phones MP3 Lightweight Gift Headphones,https://www.lazada.vn/products/pdp-i3153056424.html,159.115 ₫,5.0,
"Tai Nghe Chụp Tai Không Dây Baseus Bowie D05 ANC, 3D (Bluetooth 5.3, GPS - APP) NGTD020213",https://www.lazada.vn/products/pdp-i2320012460.html,799.000 ₫,4.0,57 Đã bán
Lenovo TH30 Bluetooth Headphones TWS With HD Stereo Sound HD Music Earphones Music Headset With Mic Sports,https://www.lazada.vn/products/pdp-i2247445452.html,439.000 ₫,4.0,43 Đã bán
Tai Nghe Bluetooth H7 Tai Nghe Không Dây Tai Nghe Âm Trầm Sâu Âm Thanh Độ Trung Thực Cao Mũ Bảo Hiểm Trùm Tai Có Thể Gập Lại Có Mic Cho Thể Thao Người Yêu Âm Nhạc,https://www.lazada.vn/products/pdp-i2181998450.html,368.729 ₫,,
Tai nghe có dây Sennheiser HD4.30G,https://www.lazada.vn/products/pdp-i1585087191.html,870.000 ₫,,
Tai nghe chuyên game AK6 kết nối có dây bằng cổng 3.5mm + USB có micro xoay 360° với đèn led RGB cực đẹp,https://www.lazada.vn/products/pdp-i2419797638.html,177.000 ₫,4.0,
Tai Nghe Chụp Tai Borofone BO102 Chính Hãng Hỗ Trợ Mic Đàm Thoại,https://www.lazada.vn/products/pdp-i1536374856.html,185.000 ₫,,
Tai Nghe Chụp Tai Hoco W102 Chính Hãng Có Led Hỗ Trợ Mic Đàm Thoại,https://www.lazada.vn/products/pdp-i2316608296.html,175.000 ₫,,
"Tai nghe chụp tai có chống ồn, có míc và đèn LED phát sáng, tai nghe chơi game CF LOL",https://www.lazada.vn/products/pdp-i2478769398.html,59.000 ₫,,
"Tai nghe cho Game thủ V5000 LED 3.5+ USB siêu bền, âm cực hay",https://www.lazada.vn/products/pdp-i2756931111.html,199.000 ₫,3.5,
Tai nghe chụp tai Bluetooth kiểu dáng thể thao Hoco W45,https://www.lazada.vn/products/pdp-i2409730970.html,270.000 ₫,,
ThinkPlus | Tai Nghe Không Dây Bluetooth Hủy Tiếng Ồn cho Đầu Nhỏ,https://www.lazada.vn/products/pdp-i3214916149.html,602.000 ₫,4.0,
Tai nghe SENNHEISER HD 450BT - Hàng Chính Hãng Bảo Hành 2 Năm,https://www.lazada.vn/products/pdp-i2191086528.html,2.930.000 ₫,5.0,
Phiên Bản Giới Hạn| Tai Nghe Kiểm Âm Choàng Đầu Audio Technica ATH-M50x Deep Sea - Hàng Chính Hãng,https://www.lazada.vn/products/pdp-i2077874249.html,4.867.000 ₫,5.0,5 Đã bán
Tai Nghe Chụp Đầu Bluetooth REMAX RB-650HB 800mAh,https://www.lazada.vn/products/pdp-i2939172979.html,470.000 ₫,,
Tai Nghe Bluetooth GOOJODOQ | Kiểu kẹp tai | Hai cách mặc | Không rò rỉ âm thanh | Bluetooth 5.3 | Trợ lý AI,https://www.lazada.vn/products/pdp-i3218178732.html,229.000 ₫,,
Tai nghe bluetooth EDIFIER WH700NB – Bluetooth 5.3 – Pin 68 giờ - Chống ồn chủ động - Đàm thoại tốt - Bảo hành 12 tháng,https://www.lazada.vn/products/pdp-i2604688950.html,790.000 ₫,,
Tai nghe chụp tai JBL Quantum 100M2 - Hàng Chính hãng,https://www.lazada.vn/products/pdp-i2972891626.html,1.190.000 ₫,5.0,11 Đã bán
Razer | Tai Nghe Chơi Game Không Dây Bluetooth Nhẹ với Hủy Tiếng Ồn,https://www.lazada.vn/products/pdp-i3213962691.html,2.028.000 ₫,4.0,
"Tai nghe YUSHAN có dây, cổng Type C, dùng chơi game, giảm tiếng ồn, chất lượng cao",https://www.lazada.vn/products/pdp-i3174935670.html,260.000 ₫,,
"Tai nghe chụp tai Logitech H150 - 2 jack 3.5mm, Mic khử giảm tiếng ồn, âm thanh nổi",https://www.lazada.vn/products/pdp-i260263917.html,337.000 ₫,4.0,139 Đã bán
Tai nghe không dây Baseus Bowie D05 và D03 3D Bluetooth 5.3 thế hệ mới nhất chống ồn chủ động độ trễ thấp chất lượng đỉnh,https://www.lazada.vn/products/pdp-i1476542600.html,450.000 ₫,5.0,13 Đã bán
Tai nghe blutooth chụp tai WH - 1000XM5 || Tai nghe không dây chụp tai,https://www.lazada.vn/products/pdp-i2689055080.html,280.000 ₫,,
Baseus D05 Wireless Headphone Tai Nghe Tai Nghe Không Dây Bluetooth 5.3 Tai Nghe HIFI Tai Nghe Stereo 40Mm Driver Trùm Tai Có Thể Gập Lại Thời Gian 70H,https://www.lazada.vn/products/pdp-i2239125499.html,709.000 ₫,5.0,9 Đã bán
[MÃ 77LAZSOCIAL100K - GIẢM 20% ĐƠN 250K TỐI ĐA 100K] Tai nghe chụp tai Gamming A4 dây 3.5mm,https://www.lazada.vn/products/pdp-i2690547736.html,180.000 ₫,5.0,14 Đã bán
Tai Nghe Hoco ESD15 Bluetooth V5.3 có đệm hạn chế đau tai và âm thanh phát ra ngoài,https://www.lazada.vn/products/pdp-i2164134083.html,483.000 ₫,4.0,17 Đã bán
Tai Nghe Có Dây Chụp Tai On-ear Rapoo H100 Wired Stereo,https://www.lazada.vn/products/pdp-i464296929.html,197.000 ₫,4.0,105 Đã bán
"Tai nghe chụp tai có dây Gaming Zadez GT-323P - Hàng chính hãng - Đệm tai êm ái, khung thép cứng cáp, chuẩn 7.1",https://www.lazada.vn/products/pdp-i1913215682.html,399.000 ₫,,
Tai nghe kiểm âm ISK HP-960B/TTANYUN Hp-960B (Đen) - Tai nghe chụp tai 960B,https://www.lazada.vn/products/pdp-i1982594751.html,364.100 ₫,,
Tai nghe bluetooth soundcore R50iNC (P30i) chống ồn ANC | Chống nước và bụi IP54 | 40 giờ phát nhạc,https://www.lazada.vn/products/pdp-i2741956624.html,459.000 ₫,5.0,422 Đã bán
"Tai nghe chụp tai Hoco W21 kết nối jack 3.5mm,dài 120cm loa ngoài 40mm, mút đệm hạn chế âm thanh phát ra, giảm đau tai",https://www.lazada.vn/products/pdp-i3099577055.html,206.000 ₫,,
"Lenovo | Tai nghe Gaming Bluetooth không dây/có dây siêu nhẹ 162g, khử ồn thụ động, Bluetooth 5.0, pin chờ 10 ngày",https://www.lazada.vn/products/pdp-i3191236139.html,354.000 ₫,4.0,
Tai Nghe Hủy Tiếng Ồn Để Ngủ,https://www.lazada.vn/products/pdp-i3231032848.html,308.000 ₫,,
ThinkPlus | Tai Nghe Không Dây Hủy Tiếng Ồn có Mic,https://www.lazada.vn/products/pdp-i3197700277.html,392.000 ₫,4.0,
"Tai Nghe game có dây Logitech G335 - Mic gập để Mute, Jack 3.5mm, Đệm tai Memory Foam, Nhẹ 240g, Tương thích PC/ PS4 PS5/ Xbox/ Nitendo",https://www.lazada.vn/products/pdp-i2210430867.html,1.399.000 ₫,5.0,17 Đã bán
Razer | Tai Nghe Chơi Game 7.1 Surround,https://www.lazada.vn/products/pdp-i3220356714.html,1.271.000 ₫,4.0,
Tai Nghe Không Dây Bluetooth 5.3 Lenovo TH30 Tai Nghe Chơi Game Có Thể Gập Lại Có Mic 250mAh Tai Nghe Nhét Tai Cách Ly Âm Thanh Động,https://www.lazada.vn/products/pdp-i2714891458.html,318.750 ₫,5.0,
"STN-28 Tai Nghe Mèo Bluetooth Chụp Tai STN28, Có Micro, Âm Thanh Siêu Bass. Headphone Con Mèo Chơi Game, Học Online",https://www.lazada.vn/products/pdp-i2232416159.html,69.000 ₫,5.0,32 Đã bán
Kudixiong Mèo Dạ Quang Tai nghe bluetooth STN-28 gắn đầu không dây dòng dễ thương,https://www.lazada.vn/products/pdp-i2897811992.html,119.000 ₫,4.0,23 Đã bán
DISOUR Tai Nghe Không Dây Thể Thao A23 Chính Hãng Có Thể Gập Lại Tai Nghe Bluetooth Âm Thanh Nổi Âm Thanh Nổi Chống Ồn Âm Trầm Lớn 8D Có Mic Hỗ Trợ Chế Độ Thẻ FM /TF,https://www.lazada.vn/products/pdp-i1830972138.html,124.279 ₫,4.0,52 Đã bán
Vention SoundMate S11 Tai Nghe Bluetooth Chụp Tai Không Dây - Bluetooth 6.0 - Pin 24 Giờ - Âm Thanh Sống Động - Màu Đen,https://www.lazada.vn/products/pdp-i2573819483.html,429.000 ₫,4.0,30 Đã bán
Tai nghe Bluetooth một tai - Tai nghe điều hành từ tính,https://www.lazada.vn/products/pdp-i3237680332.html,198.000 ₫,,
Tai Nghe Chơi Game BINNUNE Có Mic Tai Nghe Chơi Game Qua Tai Có Dây Cho PC PS5 PS4 Xbox One Switch Âm Thanh Động Với Khả Năng Khử Tiếng Ồn Chủ Động,https://www.lazada.vn/products/pdp-i2616857258.html,461.000 ₫,5.0,13 Đã bán
[Hot]QCY H3 ANC Wireless Bluetooth Headphones 5.4 Hi-Res Audio Over Ear Headset 43DB Hybrid Active Noise Cancellation Earphones 60H,https://www.lazada.vn/products/pdp-i2671402043.html,990.787 ₫,,
Tai nghe Gaming K4 chụp tai có mic Jack Cắm USB âm thanh 7.1 bass cực hay led cực đẹp,https://www.lazada.vn/products/pdp-i2263619004.html,160.000 ₫,,
Razer Kraken X Essential Gaming Headset 7.1 Surround Sound Headphone Bendable Cardioid Microphone 40mm Driver Unit Headphones,https://www.lazada.vn/products/pdp-i3127666383.html,652.580 ₫,,
"Nghe Bluetooth B01 Nghe Không Dây Phím Cơ, Hiển Thị % Pin, Bass Lớn, Pin Cực Trâu",https://www.lazada.vn/products/pdp-i3199101723.html,55.200 ₫,,
"Tai Nghe Gaming Không Dây Bluetooth Floveme M90 Pro Chống Nước Có Micro Chất Lượng Cao Pin Trâu, Âm thanh vòm, Bass căng, Bluetooth 5.3 , Tai nghe chơi game không delay.",https://www.lazada.vn/products/pdp-i2421749119.html,220.000 ₫,5.0,11 Đã bán
"Tai nghe không dây Bluetooth khử tiếng ồn Sony WH-1000XM5, tai nghe thể thao có mic và âm trầm Zweicx",https://www.lazada.vn/products/pdp-i3069773673.html,218.586 ₫,,
Oneodio Pro 10 Có Dây Tai nghe DJ âm thanh nổi trầm Tai nghe chơi game Với Microphone Cho Điện Thoại kiểm âm phòng thu Tai Nghe Ghi Âm,https://www.lazada.vn/products/pdp-i2410959927.html,917.012 ₫,,
"Tai Nghe Mèo Bluetooth P47M | Chụp Tai Không Dây, Âm Thanh Sống Động, Thiết Kế Dễ Thương",https://www.lazada.vn/products/pdp-i299856014.html,89.100 ₫,4.0,138 Đã bán
"⚡Mẫu Mới⚡Tai nghe chụp tai Hoco W46 có bluetooth V5.3, cổng AUX 3.5mm, micro đàm thoại liên tục 20 giờ cho điện thoại, máy tính bảng, bàn , laptop, PC destops, tablet, macbook ... - Chính Hãng Bảo Hành 12 Tháng",https://www.lazada.vn/products/pdp-i2914309999.html,175.000 ₫,,"5 Đã bán
Hồ Chí Minh"
[FREESHIP MAX] Tai Nghe Bluetooth Sony Wh - Ch710N ( Wh-Ch710N ) Chống Ồn - PUKI SHOP,https://www.lazada.vn/products/pdp-i1639984280.html,1.900.000 ₫,5.0,12 Đã bán
Tai nghe EXAVP N61 LED,https://www.lazada.vn/products/pdp-i245973271.html,159.000 ₫,,
New Models 2024 Fashion ANC Hybrid Active Noise Cancelling Wireless Bluetooth 5.4 Headphones With Mic Over Ear Headset With Hifi Deep Bass,https://www.lazada.vn/products/pdp-i2657569846.html,841.387 ₫,,
Headphones Behringer Studio HO 66,https://www.lazada.vn/products/pdp-i2148913729.html,440.000 ₫,5.0,
Tai nghe vũ trường im lặng Miku Nakano sanjiu cosplay Stereo Tai nghe bluetooth không dây đi-toubun Anime Fan 2D không Quà Tặng hanayome,https://www.lazada.vn/products/pdp-i2626422447.html,850.064 ₫,,
"[ Thanh Lý Gấp ] Tai Nghe Kiểm Âm Chụp Tai ISK HP-906B - Khớp Xoay 180 Độ, Âm Thanh Chất Lượng, Đệm Lót Tai Êm Ái Giảm Đau Mỏi Khi Sử Dụng Lâu Dài",https://www.lazada.vn/products/pdp-i695324019.html,450.000 ₫,5.0,44 Đã bán
Tai nghe blutooth chụp tai Minor XIV || Tai nghe không dây chụp tai,https://www.lazada.vn/products/pdp-i2688860817.html,200.000 ₫,,
Razer Barracuda X Không Dây Bluetoothgaming Tai Nghe Đa-Nền Tảng Kết Nối USB-C Với Microphone Gamer Headphone Đối Với PC Lapt,https://www.lazada.vn/products/pdp-i3022167984.html,979.000 ₫,,
Tai nghe chụp tai P47 Bluetooth 5.0 không dây có mic có âm bass và khe cắm thẻ nhớ,https://www.lazada.vn/products/pdp-i2957457084.html,78.000 ₫,5.0,
"Tai Nghe Chơi Game HOCO,Tai Nghe chụp tai Có Dây, Đèn LED Kèm Micro Học online",https://www.lazada.vn/products/pdp-i1484890016.html,249.000 ₫,5.0,426 Đã bán
"Tai Nghe BQ20, Bluetooth 5.2 Hàng Chính Hãng Cao Cấp - Âm Thanh Sống Động",https://www.lazada.vn/products/pdp-i3010995675.html,187.500 ₫,,
Tv Bluetooth Headphones Wireless Headphon With Mic USB Adaptor Headset Noise Canceling Stereo Foldable Bass For TV Earphone,https://www.lazada.vn/products/pdp-i2396738998.html,752.015 ₫,,
"Tai nghe chụp tai, Tai nghe chuyên game Aspor, Tai nghe gaming có dây bass cực chất, chơi game, nghe nhạc, xem phim, Có micro thu âm đa hướng, êm tai thoáng khí",https://www.lazada.vn/products/pdp-i2314950016.html,169.000 ₫,4.0,168 Đã bán
H3 High-End Bluetooth Earphones Bass Wireless Headphone Noise Cancelling Design Big Earmuff Stereo Music Headset With Microphone,https://www.lazada.vn/products/pdp-i2358673240.html,707.860 ₫,,
RJ9 tai nghe làm việc tiếng ồn hủy bỏ tai nghe điện thoại hai mặt Tai nghe cho các trung tâm cuộc gọi các khóa học trực tuyến,https://www.lazada.vn/products/pdp-i3203730538.html,223.000 ₫,,
Tai Nghe Chụp Tai Bluetooth REMAX RB-660HB Bluetooth V5.0 Pin 300mAh,https://www.lazada.vn/products/pdp-i3050337616.html,480.400 ₫,,
PICUN | Tai Nghe Không Dây Bluetooth Hủy Tiếng Ồn Chủ Động,https://www.lazada.vn/products/pdp-i3178104355.html,1.809.000 ₫,4.0,
"Tai Nghe Chơi Game USB Tiadu TG10 Star Shark Internet Cafe Tai Nghe Chơi Game Máy Tính Để Bàn Tai Nghe Có Dây 2,5m Dài Hơn",https://www.lazada.vn/products/pdp-i3241525225.html,628.000 ₫,,"600 Đã bán
China"
"Tai Nghe Gaming Headphone HAVIT H2232D, Driver 50mm, Đèn Led RGB, Mic Khử Nhiễu - Hàng Chính Hãng - Bảo Hành 12 Tháng",https://www.lazada.vn/products/pdp-i2038589177.html,395.000 ₫,,
Tai Nghe Chơi Game có dây Rapoo VH360 - 16 Triệu màu RGB,https://www.lazada.vn/products/pdp-i2031543345.html,394.000 ₫,4.0,5 Đã bán
Razer BlackShark V2 Pro (2023) - Wireless Esports Headset (Tai nghe không dây Gaming) | Pro-Tuned FPS Profiles | Detachable Mic | Pro-Tuned FPS Profiles | 50mm Drivers | Noise-Isol,https://www.lazada.vn/products/pdp-i2271958585.html,4.790.000 ₫,5.0,10 Đã bán
"Tai nghe chụp tại SY-T10 kết nối Bluetooth 5.3 với thiết kế sang trọng, đa dạng màu sắc trẻ trung hiện đại",https://www.lazada.vn/products/pdp-i2852390894.html,173.000 ₫,,
Tai Nghe Ấm & Dễ Thương,https://www.lazada.vn/products/pdp-i3232015425.html,139.000 ₫,,
JIALEMEIJIA | Tai Nghe Thể Thao Không Dây Tương Thích Bluetooth,https://www.lazada.vn/products/pdp-i3219526636.html,808.000 ₫,,
WHUEAL5 Thời Trang Cổ Điển Retro Cổ Điển Tai Nghe 80S Đối Với Sony Panasonic CD Md Walkman MP3 Chụp Pose Mô Hình Headphone Đối Với Xiaomi Samsung,https://www.lazada.vn/products/pdp-i2973270122.html,30.784 ₫,5.0,14 Đã bán
TUNE 700BT Tai Nghe Bluetooth Tai Nghe Không Dây Âm Trầm Tinh Khiết Tai Nghe Thể Thao Chơi Game Kết Nối Đa Điểm Rảnh Tay Có Mic,https://www.lazada.vn/products/pdp-i2900643125.html,528.990 ₫,5.0,5 Đã bán
[Mới] HOCO Tai Nghe Chơi Game W40 Tai Nghe Âm Thanh Nổi Bluetooth 5.3 Có Micrô Tai Nghe Chụp Tai Không Dây Âm Trầm Âm Thanh Hi-Fi Tai Nghe Tích Hợp Mic Tai Nghe Tai Nghe Thiết Kế Có Thể Gập Lại,https://www.lazada.vn/products/pdp-i2089859534.html,355.000 ₫,4.0,35 Đã bán
"Tai nghe bluetooth 5.4 tai nghe gắn tai không dây Jeep ew130, tai nghe gắn tai Bluetooth sử dụng siêu pin dài 80 giờ, tai nghe nhạc chơi game sâu trầm có mic enc, tai nghe chống nước và không dây chống thấm nước để tập luyện/Chạy bộ",https://www.lazada.vn/products/pdp-i2919252265.html,224.356 ₫,5.0,20 Đã bán
Philips Multimedia Headphones SHM7110U Wired Headsets for Children's Computer with HD Talk Microphone Headsets,https://www.lazada.vn/products/pdp-i2804168608.html,646.433 ₫,5.0,
"Tai nghe có dây Sony MDR-EX15AP - Hàng chính hãng - Dây dài 1.2m, thiết nhỏ gọn, âm thanh chất lượng",https://www.lazada.vn/products/pdp-i1621851196.html,195.000 ₫,5.0,98 Đã bán
"Tai nghe Bluetooth Chụp tai Chơi game Tay Mèo Headphones Gaming Không dây ONIKUMA B90 Hồng Có mic, RGB, Cho PC, Laptop",https://www.lazada.vn/products/pdp-i2790534694.html,319.000 ₫,,
"Tai nghe chụp tai bluetooth hình mèo cao cấp dễ thương, xinh xắn, có mic đàm thoại",https://www.lazada.vn/products/pdp-i3228617971.html,174.401 ₫,,
"Headphone Bluetooth Hoco W46, Pin 20h Sử dụng, Chờ 180h",https://www.lazada.vn/products/pdp-i2621591791.html,152.000 ₫,,
Tấn Công Cá Mập G300 ANC Flodable Siêu Nhẹ Dual-Chế Độ Tai nghe chơi game Hoạt Động Tiếng Ồn Hủy Bỏ Bluetooth/tai nghe có dây Cho văn phòng nhà cửa Du Lịch,https://www.lazada.vn/products/pdp-i2953299059.html,570.840 ₫,,
"Tai Nghe Gaming Bluetooth X15 Không Dây, Âm Vòm Cực Chất, Đeo Lâu Không Mỏi, Mic Rõ Như Chat Discord",https://www.lazada.vn/products/pdp-i3146967074.html,59.000 ₫,1.0,
Tai Nghe Bluetooth Không Dây Chụp Tai BOROFONE BO12 Hàng Chính Hãng,https://www.lazada.vn/products/pdp-i2208088424.html,250.000 ₫,,
"TAI NGHE CHỤP TAY MÁY TÍNH , LAPTOP CÓ DÂY KẾT NỐI CỔNG USB THINKPLUS G81B",https://www.lazada.vn/products/pdp-i2582180353.html,285.000 ₫,,
POLVCDG | Tai Nghe Bluetooth Hủy Tiếng Ồn ANC,https://www.lazada.vn/products/pdp-i3220285259.html,1.282.000 ₫,4.0,
"Tai Nghe Gaming Headphone HAVIT H2010D, Driver 50mm, Thiết Kế Khung Thép, Mic Khử Ồn- Hàng Chính Hãng",https://www.lazada.vn/products/pdp-i1775121354.html,850.000 ₫,,
Tai Nghe Bluetooth Chụp Tai DR-83 SPad Chụp Tai Lớn Rất Êm Tai Nghe Headphone Không Dây Có Mic Bass Mạnh Pin 10h,https://www.lazada.vn/products/pdp-i3148058786.html,299.000 ₫,,
"Tai nghe choàng đầu On-ear JLab Studio 30 Giờ Chơi Nhạc, Âm Thanh EQ3",https://www.lazada.vn/products/pdp-i3024981856.html,1.071.000 ₫,,
"Tai Nghe Chụp Tai XB450 Cho Điện Thoại, Laptop, Máy Tính Bảng Full Hộp",https://www.lazada.vn/products/pdp-i1948794550.html,57.785 ₫,,
"Tai nghe Chơi Gaming Zidli ZH5 âm thanh giả lập 7.1, Mic ngắn đàm thoại rõ ràng, Led RGB - Hàng chính hãng",https://www.lazada.vn/products/pdp-i3177430858.html,559.000 ₫,,
[Chính Hãng] Tai Nghe Kiểm Âm AKG K72 Over-Ear Studio Monitor Headphones Professional,https://www.lazada.vn/products/pdp-i2602479074.html,1.399.000 ₫,,
IKF-VP7 Tai nghe phòng thu đóng kín chuyên nghiệp với Công nghệ âm thanh phát triển độc lập,https://www.lazada.vn/products/pdp-i3232655613.html,3.179.000 ₫,,
Tai Nghe Chụp Tai FIFINE H6 RGB Headset Kèm Mic Đàm Thoại - Bảo Hành 1 Năm,https://www.lazada.vn/products/pdp-i3057932978.html,1.390.000 ₫,,
[FREESHIP MAX] Tai nghe bluetooth Skullcandy Hesh Evo - SKULLCANDY HESH EVO WIRELESS - PUKI SHOP,https://www.lazada.vn/products/pdp-i1938984378.html,1.499.000 ₫,,
"Tai Nghe Oneodio A71 Có Dây, Có Mic Âm Thanh Chuẩn Hires Audio",https://www.lazada.vn/products/pdp-i2367688573.html,690.000 ₫,,"10 Đã bán
Hà Nội"
Tai Nghe Cao Cấp NEW Gaming EXAVP N61 HP H120G Led Full Box new 100%,https://www.lazada.vn/products/pdp-i2482549986.html,229.000 ₫,,
"EWEADN | Tai nghe Gaming G5, Có dây USB, Màu Hồng, Micrô, LED trang trí, cho Nữ",https://www.lazada.vn/products/pdp-i3193576939.html,202.000 ₫,4.0,
"Tai Nghe Gaming Headphone HAVIT H2018U, Driver 50mm, Thiết Kế Khung Thép, Mic Khử Ồn- Hàng Chính Hãng",https://www.lazada.vn/products/pdp-i1777599840.html,800.000 ₫,,
Headphones Behringer Bluetooth HC 2000B,https://www.lazada.vn/products/pdp-i2148418978.html,750.000 ₫,,
"Tai nghe chụp tai Bluetooth Havit LIFE NC01H H668BT - Hàng chính hãng - Thiết kế chụp tai thoải mái kiểu dáng over-ear thời trang, âm thanh sống động, thời lượng pin dài sử dụng liên tục lên đến 20 giờ",https://www.lazada.vn/products/pdp-i2895315002.html,650.000 ₫,,
Tai Nghe Game SoundMax AH-328-Hàng chính hãng,https://www.lazada.vn/products/pdp-i846366939.html,625.000 ₫,,
Tai nghe chụp tai Bluetooth v5.0 SENDEM K33 âm thanh năng động hỗ trợ thẻ nhớ,https://www.lazada.vn/products/pdp-i680980063.html,295.000 ₫,,
Tai nghe chụp tai gaming chính hãng Deiog E8250 có đệm tai thoải mái,https://www.lazada.vn/products/pdp-i2667145578.html,341.550 ₫,,
"Tai Nghe Chụp Tai Bluetooth Hoco W28, Micro Đàm Thoại, Chống Ồn, 10H Nghe Nhạc, Đệm Tai Êm Ái, Âm Thanh Chân Thực, Bảo Hành 12 Tháng",https://www.lazada.vn/products/pdp-i2963679393.html,284.000 ₫,,
Tai nghe có dây On-ear Logitech H111 Bạc - Hàng chính hãng,https://www.lazada.vn/products/pdp-i1210380277.html,220.000 ₫,,
Tai Nghe Bluetooth Không Dây Hủy Tiếng Ồn Cho Gaming,https://www.lazada.vn/products/pdp-i3231485716.html,166.000 ₫,,
"Tai Nghe Không Dây Chụp Tai Baseus Bowie D03 Wireless Headphones (Bluetooth 5.3, 30 hours, Lowlatency 0.08s)",https://www.lazada.vn/products/pdp-i1636582767.html,399.000 ₫,,
Lenovo | Tai Nghe Nhét Tai Không Dây Bluetooth Cho Game Có Hủy Tiếng Ồn và Âm Thanh Cao Cấp,https://www.lazada.vn/products/pdp-i3193673372.html,303.000 ₫,4.0,
"Tai Nghe Chụp Tai Bluetooth Y08,Không Dây Có Mic,Bluetooth Y08 Âm Bass Cực Chất,Nghe Nhạc Cực Hay",https://www.lazada.vn/products/pdp-i3208226432.html,211.000 ₫,,
Tai nghe chụp tai có dây Hoco W5 chất liệu cao cấp tích hợp Micro thoại dài 1.2M cho iOS /Android,https://www.lazada.vn/products/pdp-i1098474560.html,181.800 ₫,,
Tai nghe HP HyperX Cloud III (Đen/Đỏ) - Hàng Chính Hãng,https://www.lazada.vn/products/pdp-i2367907161.html,2.150.000 ₫,,"11 Đã bán
Hà Nội"
Kebidumei Tai Nghe V8 Tai Nghe Âm Thanh Nổi Doanh Nhân Bluetooth Tai Nghe Mic Rảnh Tay Không Dây Có Nút Tai Nghe Móc Tai Giảm Tiếng Ồn Điều Khiển Bằng Giọng Nói,https://www.lazada.vn/products/pdp-i422228932.html,50.476 ₫,4.0,682 Đã bán
WH-XB910N tiếng ồn hủy bỏ tai nghe trầm Bluetooth Tai nghe Tai nghe giảm tiếng ồn Bộ tai nghe gập lại được tai nghe thể thao Fone tai nghe gắn tai Bluetooth Tai nghe chơi game không dây,https://www.lazada.vn/products/pdp-i3105332350.html,342.514 ₫,5.0,
E-WOITD 1PC tai nghe 3.5mm cắm duy nhất bên tai nghe Tai nghe Tai nghe kênh kép cho Máy Tính Xách Tay PC Tai nghe,https://www.lazada.vn/products/pdp-i3128615314.html,12.262 ₫,,
Dịch vụ khách hàng tai nghe một mặt Tai nghe trung tâm cuộc gọi với Micro cho máy tính xách tay,https://www.lazada.vn/products/pdp-i3214074988.html,225.000 ₫,,
[24 hours Ship] 2025 New Hoco W55 plus ANC Noise Reduction Bluetooth 5.4 Noise Canceling Headphone Wireless Headphones Headset with ANC on 65 hours,https://www.lazada.vn/products/pdp-i3112919242.html,599.000 ₫,,
"Tai Nghe Chơi Game LED Có Dây Có Phích Cắm 3,5 Mm Âm Thanh Vòm Và Mic HD Cho PC Laptop PS4 PS5 XBox Switch - Tai Nghe Nhựa Động",https://www.lazada.vn/products/pdp-i2622916359.html,333.000 ₫,4.0,29 Đã bán
POWER PLAYR Có thể gập lại Tai nghe không dây tai mèo Bluetooth Sáng Tai nghe Bluetooth tai mèo Thời trang Âm thanh nổi Tai nghe chụp tai Trẻ em,https://www.lazada.vn/products/pdp-i3230468965.html,78.658 ₫,,
Tai nghe bluetooth thể thao với an toàn phù hợp cho tập luyện thoải mái,https://www.lazada.vn/products/pdp-i3169409596.html,40.000 ₫,,
"Tai Nghe Bluetooth Transformer T32 Dành Cho Game Thủ Có Độ Trễ Thấp, Chốngồn, Thời Lượng Pin Dài, Kết Nối Không Dây, Tai Nghe Chơi Game",https://www.lazada.vn/products/pdp-i2840275194.html,601.000 ₫,4.0,102 Đã bán
JIFANPAUL | Tai Nghe Chống Lạnh cho Nam và Nữ,https://www.lazada.vn/products/pdp-i3196632516.html,77.000 ₫,4.0,
"Tai Nghe Bluetooth Không Dây M19 , M10 , S10 , F9 Pro Cảm Ứng Vân Tay , Âm Thanh Tuyệt Đỉnh , Kết Nối Mọi Dòng Máy",https://www.lazada.vn/products/pdp-i2311945874.html,55.440 ₫,,
Tai Nghe Gaming X15 Không Dây Bluetooth 5.1 Giảm Tiếng Ồn Cảm Ứng Điều Khiển Vân Tay Âm Thanh Hifi 9D Cho mọi dòng điện thoại,https://www.lazada.vn/products/pdp-i2341593057.html,56.430 ₫,5.0,6 Đã bán
Tai nghe Z18 led RGB âm thanh 7.1 - Thích hợp 3 in 1 cổng USB CHUYÊN PHÒNG GAME - NTH,https://www.lazada.vn/products/pdp-i1917630759.html,235.000 ₫,,
"Tai Nghe Bluetooth KY8 - Mẫu Mới 2025 Chế Độ Game, Độ Trễ Cực Thấp, Đàm Thoại HD, Âm Thanh Sống Động",https://www.lazada.vn/products/pdp-i3018673353.html,140.000 ₫,,
Tai nghe over-ear bluetooth P47R tai thỏ có thể gập lại đèn led 7 màu có đệm tai nghe,https://www.lazada.vn/products/pdp-i3010948712.html,103.950 ₫,,
"Tai Nghe Máy Tính Gaming Chụp Tai Có Mic khử tiếng ồn hãng Monster Fullbox Bass Cực Hay Cho Pc,Laptop",https://www.lazada.vn/products/pdp-i3123744987.html,250.000 ₫,,
Tai nghe Gaming Dareu EH469 7.1 RGB Led - Chính hãng ( BH 1 năm),https://www.lazada.vn/products/pdp-i1870819190.html,409.000 ₫,5.0,95 Đã bán
Tai nghe tương thích với bluetooth dẫn truyền động,https://www.lazada.vn/products/pdp-i3202563287.html,40.000 ₫,,
Noise Cancelling Headphones V5.0 Wireless Over Ear Headphones High Fidelity Stereo Foldable Headset For Home Office Travel,https://www.lazada.vn/products/pdp-i2687317195.html,189.898 ₫,,
Tai nghe trùm tai có dây tai nghe có mic chất liệu PU cho trò chơi điện tử máy tính xách tay,https://www.lazada.vn/products/pdp-i3214047792.html,276.000 ₫,,
Tai nghe dây gaming Hoco M105 xịnTrọng Phú store,https://www.lazada.vn/products/pdp-i2785104107.html,86.000 ₫,,Tai nghe dây gaming Hoco M105 xịnTrọng Phú store
Nghe Bluetooth P47 Chụp có khe cắm thẻ nhớ,https://www.lazada.vn/products/pdp-i2364924049.html,73.500 ₫,,
Tai Nghe Chống Động Lạnh Mềm,https://www.lazada.vn/products/pdp-i3230057126.html,188.000 ₫,4.0,
Tai nghe dây liên dây hoco M39 chân 3.5 có míc nghe nhạc âm thanh nghe gọi,https://www.lazada.vn/products/pdp-i1341764849.html,79.000 ₫,5.0,96 Đã bán
Tai Nghe Game Có Dây ZIDLI SCORE SH320V Giả Lập Âm Thanh 7.1 LED RGB - Hàng Chính Hãng,https://www.lazada.vn/products/pdp-i2231759380.html,539.000 ₫,,
Tai Nghe Chống Gió Chống Lạnh,https://www.lazada.vn/products/pdp-i3235037718.html,115.000 ₫,,
"USB Headsets with Microphone Noise Cancelling Stereo Headsets for Call Center Office, Conference Call, Skype Chat",https://www.lazada.vn/products/pdp-i3183258907.html,418.058 ₫,,
JIALEMEIJIA | Tai Nghe Dây HIFI Bass,https://www.lazada.vn/products/pdp-i3219660287.html,391.000 ₫,,
Tai nghe (Headset) có dây choàng đầu có mic Genius HS-200C,https://www.lazada.vn/products/pdp-i3033765260.html,110.000 ₫,,
Tai Nghe Bluetooth P47 Chụp Tai Không Dây - Tích Hợp Mic và Khe Thẻ Nhớ,https://www.lazada.vn/products/pdp-i2598480341.html,47.900 ₫,,
Tai Nghe Ấm & Chống Gió,https://www.lazada.vn/products/pdp-i3231071253.html,160.000 ₫,,
"【Limited edition】 Over-ear Bluetooth headphones, high-quality wireless calls, long-life sports, gaming and music listening Bluetooth headphones",https://www.lazada.vn/products/pdp-i3228331772.html,601.500 ₫,,
"Tai nghe chụp tai có dây Zidli Study SH1, voice chat, mic chống ồn, phù hợp dạy và học online, White - Hàng chính hãng",https://www.lazada.vn/products/pdp-i2230841852.html,579.000 ₫,,
"SD&HI Tai nghe thể thao điện tử, Tai nghe chơi game, tai nghe trò chơi di động, trong tai điện thoại, máy tính, tai nghe có dây",https://www.lazada.vn/products/pdp-i3212940862.html,53.939 ₫,,
"( FLASH SALE ) Tai Nghe Bluetooth Không Dây M10 PRO, Âm Thanh Tuyệt Với, Bass Tốt , Chống Nước Hiệu QUả , Pin Trâu 6-8h - Bảo hành Lỗi 1 đổi 1",https://www.lazada.vn/products/pdp-i2187772151.html,59.000 ₫,4.0,40 Đã bán
Tai Nghe Chụp Có Dây Gaming DEIOG 8450 và Tai Nghe Chụp Microkingdom MK 2099,https://www.lazada.vn/products/pdp-i2918488617.html,168.087 ₫,,
Tại Nghe Chụp Tai Chuyên Game G-NET H99 Có Led Dùng Cho Máy Tính PC Học Trực Tuyến Online có MIC- LED đổi màu. Tai nghe chống ồn. Tai nghe gaming âm thanh cực hay. Tại nghe chuyên cho game thủ. Tai phone có Mic cho máy tính. Tai nghe máy tính giá rẻ.,https://www.lazada.vn/products/pdp-i2819154223.html,195.000 ₫,,
"Tai nghe chụp tai Logitech H110 - 2 jack 3.5mm, Mic khử giảm tiếng ồn, trọng lượng nhẹ, âm thanh nổi",https://www.lazada.vn/products/pdp-i260261961.html,203.000 ₫,4.0,675 Đã bán
Acer | Tai Nghe Không Dây Hủy Tiếng Ồn Bluetooth Cho Gaming,https://www.lazada.vn/products/pdp-i3197494766.html,779.000 ₫,4.0,
Tai nghe không dây của cô gái chăm sóc ASM-VN,https://www.lazada.vn/products/pdp-i3226288714.html,253.000 ₫,,
KEBETEME Tai Nghe Có Dây 3.5MM Tai Nghe Trùm Tai Tai Nghe Âm Thanh Nổi Âm Thanh HiFi Bass Tai Nghe Có Thể Điều Chỉnh Linh Hoạt,https://www.lazada.vn/products/pdp-i643682283.html,140.882 ₫,4.0,329 Đã bán
Tai Nghe Bluetooth Không Dây TH30 HIFI Với Âm Trầm Gây Sốc Giảm Tiếng Ồn Mic HD Hỗ Trợ Tai Nghe Thể Thao TF/AUX Dành Cho Game Thủ,https://www.lazada.vn/products/pdp-i3236702529.html,183.400 ₫,,"28 Đã bán
China"
Mới Ong Hi-Res Phòng Thu Tai Nghe Màn Hình Qua Tai DJ Chuyên Nghiệp Tai Nghe Có Micro Có Dây 50 Mm Driver Tai Nghe Nhạc,https://www.lazada.vn/products/pdp-i3203337240.html,508.000 ₫,5.0,26 Đã bán
E-WOITD Máy Tính Chơi Game Tai Nghe 7.1 Kênh Có Dây Tai Nghe Với Microphone Tai Nghe Tiếng Ồn Hủy Bỏ Tai Nghe Với Đèn LED Đầy Màu Sắc,https://www.lazada.vn/products/pdp-i3131697119.html,168.379 ₫,,
"Tai Nghe Chơi Game Có Dây 3,5 Mm Có Micrô Cho PS4 PC Music & Chat Tai Nghe Năng Động Tai Nghe Cho Trò Chơi Điện Tử Và Internet Bar",https://www.lazada.vn/products/pdp-i2448676014.html,190.000 ₫,4.0,71 Đã bán
"Tai Nghe Bluetooth chụp tai Hoco W53 Plus V5.4, Pin dùng 90H, Hỗ trợ khe thẻ nhớ, Chống ồn chủ động ANC - Nhất Tín Authorised Store",https://www.lazada.vn/products/pdp-i3162404779.html,429.000 ₫,5.0,
Tai Nghe Chụp Tai Audio Technica ATH-M20x Kiểm Âm Professional Hifi - Hàng Chính Hãng,https://www.lazada.vn/products/pdp-i1196642733.html,1.515.000 ₫,5.0,72 Đã bán
Tai nghe khử tiếng ồn không dây WH-1000XM4/wh1000xm4,https://www.lazada.vn/products/pdp-i3105337492.html,378.536 ₫,,
"Tai Nghe Bluetooth M45 / M25 / X15 / G11 Pro Gaming phiên bản cao cấp, âm thanh tốt, độ trễ thấp, pin trâu 4-5 tiếng",https://www.lazada.vn/products/pdp-i2610441233.html,70.000 ₫,5.0,17 Đã bán
Tai nghe gaming có dây HOCO có micro đàm thoại dành cho game thủ lọc âm chống ồn nghe nhạc chơi game Pubg / FF / ROS,https://www.lazada.vn/products/pdp-i2563696034.html,105.000 ₫,,
Tai Nghe Gaming X15 Bluetooth 5.1 Không Dây Giảm Tiếng Ồn Cảm Ứng Điều Khiển Vân Tay Âm Thanh Hifi 9D Cho Android,https://www.lazada.vn/products/pdp-i1999424814.html,55.000 ₫,4.0,
Tai Nghe Bluetooth Không Dây P47 Trên Cao Headphone Tai Nghe (Màu Xanh),https://www.lazada.vn/products/pdp-i1448635718.html,159.720 ₫,,
"Tai nghe game thủ YD03 bluetooth 5.3 thế hệ mới máy mạnh, pin trâu, kèm mic đàm thoại trực tiếp",https://www.lazada.vn/products/pdp-i2745757342.html,196.312 ₫,,
"Tai Nghe Gaming XTRA Cho Game thủ cực đỉnh , bass to , Có Đèn Led nhiều màu full box",https://www.lazada.vn/products/pdp-i2263604051.html,185.000 ₫,,
【Worldwide Delivery】 3.5mm Wired Headphone Pc Gaming Headset With Mic Noise Reduction Stereo Earphone Helmet For Ps4 Xbox One Lap Computer,https://www.lazada.vn/products/pdp-i2592507046.html,100.812 ₫,,
(HCM) Tai Nghe Chuyên Game Z18 LED RGB Siêu Đẹp Âm Siêu Hay tai nghe gaming tai nghe chụp tai Tai nghe Z18 gaming (LedRGB ) 3.5,https://www.lazada.vn/products/pdp-i2603043349.html,185.000 ₫,3.5,
Tai Nghe XL màu hồng jack cắm 3.5+usb Chụp tai Chơi Game Có Mic Dành Cho Điện Thoại Di Động có dây LED Gameming / Pc,https://www.lazada.vn/products/pdp-i2664144669.html,165.000 ₫,3.5,
Tai nghe chụp đầu chống ồn chủ động Xiaomi Haylou S35 ANC,https://www.lazada.vn/products/pdp-i2123067909.html,999.000 ₫,,
"Tai nghe Gaming Zidli LH1 Havy Attack (7.1, USB, LED RGB) - Hàng Chính Hãng",https://www.lazada.vn/products/pdp-i2234798064.html,699.000 ₫,,
"hilips TAH4205 - Tai Nghe Over-Ear, Bluetooth 5.0, Hỗ Trợ Đàm Thoại, Thời Gian Sử Dụng 29 Giờ",https://www.lazada.vn/products/pdp-i2260871532.html,781.000 ₫,5.0,
"Tai Nghe Gaming Headphone HAVIT H2029U, Driver 50mm, Thiết Kế Khung Thép, Mic Khử Ồn- Hàng Chính Hãng",https://www.lazada.vn/products/pdp-i1777576553.html,690.000 ₫,,
"Tai Nghe Chụp Tai Plextone G800 Mark II - Tai Nghe Gaming Có Dây, Mic Rời Hỗ Trợ Nhiều Thiết Bị",https://www.lazada.vn/products/pdp-i2834521776.html,323.000 ₫,,
Tai Nghe Chụp Tai Bluetooth V5.3 EDIFIER WH700NB | Chống ồn chủ động ANC | Sạc nhanh | Pin 68H | Hàng chính hãng - Bảo hành 12 tháng,https://www.lazada.vn/products/pdp-i3003874006.html,769.000 ₫,5.0,
[Chính Hãng] Tai Nghe Kiểm Âm AKG K240 MKII Pro Over-Ear Studio Monitor Headphones Professional K240 MK2,https://www.lazada.vn/products/pdp-i2602470297.html,2.999.000 ₫,,
[HÀNG TRƯNG BÀY - BH 15 THÁNG] Tai nghe Bluetooth Chụp Tai Zadez GP-803B,https://www.lazada.vn/products/pdp-i2879941308.html,610.000 ₫,,
Tai Nghe Headphone Chống Ồn Bluetooth XO BE53 ANC Chính Hãng XO Việt Nam - Âm Thanh Siêu Trầm | XO-BE53,https://www.lazada.vn/products/pdp-i3204034994.html,630.000 ₫,,
Đầu Nghe Nhạc Bluetooth Không dâyANC Chất Lượng Cao Thể Thao Chơi Game Mới 2025 Đệm Tai Đeo Đầu Chống Ồn 68dB Đàn Hồi Âm Thanh Phổ Thông,https://www.lazada.vn/products/pdp-i3234162009.html,1.074.000 ₫,,
Tai nghe Bluetooth P9 Chụp Tai Không Dây Chơi Game Lọc Âm Siêu Tốt- Tai Nghe P9 Âm Thanh Vòm 360°,https://www.lazada.vn/products/pdp-i3142190356.html,190.000 ₫,,
"Tai Nghe Không Dây Bluetooth KINYO B3 PRO, Có Thể Gập Lại, Cho Văn Phòng, Nghe Nhạc",https://www.lazada.vn/products/pdp-i2626153281.html,398.000 ₫,,
Tai nghe HiFi Stereo Philips SHP9500,https://www.lazada.vn/products/pdp-i170767538.html,1.610.000 ₫,4.0,27 Đã bán
[HCM]Tai Nghe Có Mic 320 Nhiều Màu Thời Trang,https://www.lazada.vn/products/pdp-i907546047.html,17.900 ₫,4.0,
Tai nghe nhạc có micro MDR-E664MV,https://www.lazada.vn/products/pdp-i1540983430.html,118.800 ₫,,
Tai nghe kiểm âm Over Ear Superlux HD681 Evo - Siêu BASS,https://www.lazada.vn/products/pdp-i464670047.html,945.450 ₫,5.0,6 Đã bán
"Tai Nghe Không Dây Bluetooth Gorsun E92, Có Thể Gập Lại, Cho Văn Phòng, Nghe Nhạc",https://www.lazada.vn/products/pdp-i2012042402.html,349.000 ₫,,
Tai Nghe PRESONUS HD7 - tai nghe kiểm âm,https://www.lazada.vn/products/pdp-i1345519562.html,2.766.000 ₫,,
"Tai nghe bluetooth chụp tai P47 âm thanh trầm ấm, đa dạng màu sắc",https://www.lazada.vn/products/pdp-i2002840111.html,69.000 ₫,5.0,
Tai nghe Hoco M1 Pro được làm từ chất liệu TPE siêu bền speaker 12mm hỗ trợ gaming phone dài 120cm,https://www.lazada.vn/products/pdp-i548864653.html,80.000 ₫,4.0,Priority Instant
Tai nghe chụp tai Gamming A4 dây 3.5mm,https://www.lazada.vn/products/pdp-i2690651460.html,130.000 ₫,3.0,32 Đã bán
"Tai nghe chụp tai Bluetooth Havit LIFE 02H H612BT Pro - Hàng chính hãng - Âm thanh mạnh mẽ, chống ồn chủ động (ANC), Pin trâu – Sạc nhanh",https://www.lazada.vn/products/pdp-i3173707226.html,449.000 ₫,,
"Tai Nghe Gaming Headphone HAVIT H2232D, Driver 50mm, Đèn Led RGB, Mic Khử Nhiễu, Đa Tương Thích - Chính Hãng BH 12 Tháng Dizigear",https://www.lazada.vn/products/pdp-i1731266862.html,790.000 ₫,,
"Lenovo | Tai nghe Bluetooth TH10 không dây, thời gian chờ tới 12 tiếng, Chống ồn, Chống nước IPX5, Âm thanh HiFi chất lượng cao",https://www.lazada.vn/products/pdp-i3193588595.html,350.000 ₫,4.0,
"Tai nghe gắn tai bluetooth niềm vui miaxia với màn hình hiển thị kỹ thuật số, chất âm thanh chất lượng cao và tuổi thọ pin dài",https://www.lazada.vn/products/pdp-i3166986452.html,103.000 ₫,5.0,5 Đã bán
Lenovo | Tai Nghe Không Dây Bluetooth Hủy Tiếng Ồn,https://www.lazada.vn/products/pdp-i3197368572.html,521.000 ₫,4.0,13 Đã bán
"Philips | Tai Nghe Gaming Philips TAE1020 2025 – Có Dây, Chống Ồn, Type-C, Tương Thích Với Apple & Xiaomi",https://www.lazada.vn/products/pdp-i3172551217.html,263.000 ₫,4.0,11 Đã bán
Tai nghe S2000 siêu bass chơi game nghe nhạc cực hay HIFI,https://www.lazada.vn/products/pdp-i324166572.html,59.000 ₫,4.0,
UGREEN | Tai Nghe Chơi Game Không Dây UGREEN Chống Ồn Bluetooth,https://www.lazada.vn/products/pdp-i3206779143.html,682.000 ₫,,"54 Đã bán
Hong Kong"
Tai Nghe B500 Over Ear Bluetooth 5.4 Tai Nghe Chơi Game Âm Thanh Nổi Không Dây Có Đèn RGB Mic Tích Hợp Có Độ Trễ Thấp Cho PC - Tai Nghe Nhét Tai Có Dây RGB,https://www.lazada.vn/products/pdp-i3093497128.html,489.000 ₫,,
[Giao hàng chính thức 24 giờ] Tai nghe bluetooth qua tai nghe đeo tai Hoco W35 Max Tai nghe bluetooth 5.3 Tai nghe chơi game tai nghe aux3.5mm dài hơn 90 giờ,https://www.lazada.vn/products/pdp-i2731448281.html,399.000 ₫,5.0,6 Đã bán
Lm Tai nghe có dây Over Ear Có Thể Gập Lại Có Thể Điều Chỉnh Chất Lượng âm thanh độ trung thực cao 3.5Mm Cắm Loa Siêu Trầm Máy tính để bàn Tai nghe chơi game Cho Gamer Hữu Ích Tai nghe chụp có dây,https://www.lazada.vn/products/pdp-i2837173437.html,136.162 ₫,5.0,
Tai Nghe Gập Thông Dụng HOCO W30 Tai Nghe Bluetooth 5.0 Khử Tiếng Ồn Hỗ Trợ Thẻ Tf Với Mic,https://www.lazada.vn/products/pdp-i1078694414.html,399.000 ₫,4.0,79 Đã bán
Tai Nghe Không Dây Bluetooth Phát Sáng Cho Tai Mèo Tai Nghe Không Dây Chơi Game Có Micrô Âm Thanh Nổi Âm Trầm Khử Tiếng Ồn,https://www.lazada.vn/products/pdp-i2353579423.html,134.700 ₫,5.0,
"Tai Nghe Chơi Game Có Mic K2 jack 3.5+ usb Led 7 màu cực đẹp, âm thanh cực hay",https://www.lazada.vn/products/pdp-i2263447680.html,159.000 ₫,3.0,
"Tai nghe bluetooth YUSHAN Bluetooth dẫn truyền, kẹp tai, dùng khi chạy bộ",https://www.lazada.vn/products/pdp-i3174584975.html,599.000 ₫,4.0,8 Đã bán
"Tai nghe bluetooth không dây Motif kiểu dáng Gaming thể thao,tai nghe chụp tai phiên bản MOTIF A.N.C HOT New HOT HOT",https://www.lazada.vn/products/pdp-i2494568351.html,248.000 ₫,,
GDRGHJN Linh hoạt Tai nghe có dây Âm thanh Hifi Có thể điều chỉnh Tai nghe trùm tai Tai nghe thể thao Âm thanh bass Tai nghe có thể gập lại Dành cho điện thoại di động/máy tính bảng/PC/máy tính,https://www.lazada.vn/products/pdp-i3190822162.html,87.704 ₫,,
Có Mic Tai nghe có dây Âm thanh bass Khử tiếng ồn Tai nghe trùm tai Tai nghe nhạc Linh hoạt Tai nghe 3.5mm Dành cho điện thoại di động/máy tính bảng/PC/máy tính,https://www.lazada.vn/products/pdp-i3184046533.html,64.788 ₫,,
"Tai Nghe Âm Thanh Nổi Bass Có Dây 3,5 Mm Có Micrô Over-Ear Có Thể Điều Chỉnh Có Thể Gập Lại Cho PC MP3 Thiết Bị Di Động",https://www.lazada.vn/products/pdp-i2894684138.html,166.000 ₫,4.0,716 Đã bán
Ban đầu tai nghe trên tai Tai nghe bluetooth loa siêu trầm Tai nghe không dây tai nghe với micro lớn earmuff cho PC TV điện thoại,https://www.lazada.vn/products/pdp-i2663246512.html,329.443 ₫,,
Tai nghe chơi game có dây ASUS TUF GAMING H1 GEN II - Hàng Chính Hãng,https://www.lazada.vn/products/pdp-i2995780203.html,1.350.000 ₫,3.0,
Tai Nghe Giữ Ấm cho Nam và Nữ,https://www.lazada.vn/products/pdp-i3238566569.html,131.000 ₫,,
PICUN | Tai Nghe Bluetooth Chất Lượng Cao Hủy Tiếng Ồn với Mic Gaming và Thời Gian Sử Dụng Pin Dài,https://www.lazada.vn/products/pdp-i3182382131.html,900.000 ₫,4.0,
JIALEMEIJIA | Tai Nghe Chơi Game Có Dây 7.1 Kênh Stereo Bass,https://www.lazada.vn/products/pdp-i3219580300.html,664.000 ₫,,
MCYS&JPN | Tai Nghe Chống Lạnh Gập Được,https://www.lazada.vn/products/pdp-i3206662517.html,91.000 ₫,,
JIALEMEIJIA | Tai Nghe Có Dây Gấp Được Stereo Bass Với Micro,https://www.lazada.vn/products/pdp-i3219593221.html,386.000 ₫,,
JIALEMEIJIA | Tai Nghe Không Dây Qua Tai Gấp Bluetooth,https://www.lazada.vn/products/pdp-i3219749182.html,661.000 ₫,,
Tai nghe chụp tai không dây Bluetooth SoundMax BT200,https://www.lazada.vn/products/pdp-i2627493415.html,650.000 ₫,,
YANREN | Tai Nghe Ấm & Bông,https://www.lazada.vn/products/pdp-i3231134252.html,391.000 ₫,,
Tai Nghe Thể Thao Thời Trang Giữ Ấm Mùa Đông,https://www.lazada.vn/products/pdp-i3238911071.html,193.000 ₫,4.0,
"Tai nghe Bluetooth nghe nhạc, gọi nghe điện thoại gắn mũ bảo hiểm Motowolf BH1",https://www.lazada.vn/products/pdp-i3238269064.html,425.000 ₫,,
IKF Tai Nghe Chụp Tai Bluetooth T1 Pro Tai Nghe Có Dây Không Dây Tích Hợp Mic Cáp AUX Thời Gian Phát 100 Giờ Âm Thanh Nổi Giảm Ồn Bass Type-C Sạc Cho Trò Chơi Thể Thao Lớp Học Trực Tuyến Tương Thích Với IOS Và Android,https://www.lazada.vn/products/pdp-i3190147281.html,939.000 ₫,,
JIALEMEIJIA | Tai Nghe Có Dây Cho Game Có Mic Cho Máy Tính PS4 PS5,https://www.lazada.vn/products/pdp-i3219535221.html,583.000 ₫,,
Tai Nghe Bluetooth HP H231R Chính Hãng Âm Thanh Sống Động Nhỏ Gọn Chống ồn Chất Lượng Giá Rẻ,https://www.lazada.vn/products/pdp-i3098439232.html,608.850 ₫,,
"Tai nghe Robot GT-04 chụp tai chơi game có mic. Chính hãng Tako, BH 6 tháng",https://www.lazada.vn/products/pdp-i1585176944.html,286.000 ₫,,
【Clearance Markdowns】 New Wireless Bluetooth Headphone 5.1 with 3.5mm Cable Subwoofer Stereo Noise Reduction Headset with Microphone Game Headset,https://www.lazada.vn/products/pdp-i3228431651.html,641.378 ₫,,
Earfun sóng cuộc sống Tai nghe không dây Bluetooth 5.4 Tai nghe giảm tiếng ồn chủ động Hi-Res cuộc sống tùy chỉnh tai nghe chơi game,https://www.lazada.vn/products/pdp-i3240875220.html,1.776.884 ₫,,
[Chính Hãng] Tai Nghe Kiểm Âm Samson SR950 - Studio Monitor Headphones Professional,https://www.lazada.vn/products/pdp-i2747042829.html,999.000 ₫,,
TAI NGHE CÓ DÂY ICORE G11 GAME,https://www.lazada.vn/products/pdp-i2951787158.html,480.000 ₫,,
"[ Hỏa Tốc ] Tai Nghe Chụp Tai SC60 USB Có Dây Có Mic - Khử Tiếng Ồn, Bảo Vệ Thính Giác, Bảo Hành 24 Tháng EPOS",https://www.lazada.vn/products/pdp-i2792042831.html,1.000.000 ₫,5.0,5 Đã bán
"Tai nghe không dây chụp tai Edifier W830NB, công nghệ chống ồn chủ động -45dB, pin 94 giờ, âm thanh Hi-Res LDAC, Spatial Audio, sạc nhanh, kết nối đa điểm, Bluetooth V5.4 | Hàng chính hãng - Bảo hành 12 tháng - Bản quốc tế",https://www.lazada.vn/products/pdp-i2725641115.html,1.690.000 ₫,5.0,5 Đã bán
Tai Nghe Ấm cho Phụ Nữ,https://www.lazada.vn/products/pdp-i3236360410.html,171.000 ₫,,
Tai nghe Samsung Galaxy ACE A3 A5 A6 A7 A8 A9 Pro G530 J2 J3 J4 J5 J6 J7 âm thanh hay bass mạnh có mic đàm thoại cuộc gọi,https://www.lazada.vn/products/pdp-i2184714061.html,24.000 ₫,4.0,
"DIGI Tai Nghe Có Dây Design YC08 Thiết kế trong suốt, nút silicon chống ồn tốt Bảo Hành 12T CHỈ ĐỔI MỚI - KHÔNG SỬA CHỮA",https://www.lazada.vn/products/pdp-i3086321957.html,100.000 ₫,5.0,15 Đã bán
"Tai Nghe Bluetooth 2025 Mới Có Dây Đeo Đầu, Giảm Tiếng Ồn, Không Dây, Thể Thao, Tai Nghe Chuyên Dụng Cho Máy Tính, Chơi Game",https://www.lazada.vn/products/pdp-i3233749596.html,289.000 ₫,,
Tai nghe qiaoyilo Tai nghe bluetooth 5.0 Tai nghe có mic không dây âm thanh nổi thoải mái khi đeo chất lượng âm thanh cao phù hợp với thể thao và cuộc gọi,https://www.lazada.vn/products/pdp-i3127241695.html,74.800 ₫,5.0,
Tai Nghe Có Dây Baseus Encok HZ11/CZ11 Tai nghecó dây Thiết kế Nhét tai bên hông cực êm,https://www.lazada.vn/products/pdp-i2729997768.html,89.000 ₫,5.0,56 Đã bán
"Tai Nghe Bass ESSAGER S320 Tai Nghe Có Dây Trong Tai 3.5MM, Tai Nghe HIFI Có MIC Dành Cho Điện Thoại Xiaomi Samsung Vivo Oppo Huawei",https://www.lazada.vn/products/pdp-i1224132435.html,69.900 ₫,4.0,
"""Bảo Hành 6 Tháng"" Tai Nghe SS J7 Hàng Zin - ÂM THANH HAY BASS MẠNH - Dùng Cho Tất Cả Máy Jack 3.5mm",https://www.lazada.vn/products/pdp-i2099911605.html,17.640 ₫,4.0,
"Tai Nghe Bluetooth chụp tai Hoco W55 V5.4, Pin dùng 90H, Hỗ trợ khe thẻ nhớ - Nhất Tín Authorised Store",https://www.lazada.vn/products/pdp-i3161482768.html,339.000 ₫,,
Tai Nghe Có Mic Giảm Ồn,https://www.lazada.vn/products/pdp-i3238315651.html,390.000 ₫,,
Tai Nghe Có Dây Gaming / Chơi Game / Nhạc Chống Ồn In Ear Cho các dòng điện thoại. máy tính bảng,https://www.lazada.vn/products/pdp-i1075350078.html,20.900 ₫,4.0,
"Tai Nghe Dây Samsung, tai nghe S5360, tai nghe Zin, Âm Thanh Hay, Giá Rẻ, bảo hành 12 tháng",https://www.lazada.vn/products/pdp-i2424081227.html,19.008 ₫,5.0,75 Đã bán
"Tai nghe Bluetooth không dây Baseus Bass 30 Max -30dB Tai nghe khử tiếng ồn thụ động với 2 Mic ENC Âm trầm mạnh mẽ Pin dài 50 giờ có thể điều chỉnh Nút, Tai nghe êm có thể gập thoải mái mang theo du lịch",https://www.lazada.vn/products/pdp-i2636750337.html,539.000 ₫,4.0,259 Đã bán
[HCM]Tai nghe chụp tai F10 kèm mic loại tốt (màu trắng - có thể gấp gọn),https://www.lazada.vn/products/pdp-i211160733.html,59.000 ₫,4.0,56 Đã bán
Tai Nghe Chơi Game Có Dây HD Bass Siêu Mạnh MX500 Tai Nghe Cắm Điện Thoại Di Động Máy Tính MP3 Tai Nghe Có Micro Đeo Tai,https://www.lazada.vn/products/pdp-i1589985718.html,186.000 ₫,,"269 Đã bán
China"
Tai nghe game thủ chụp tai có mic thoại sành điệu dùng tốt cho điện thoại và máy tính,https://www.lazada.vn/products/pdp-i1578763392.html,150.000 ₫,,
Tai nghe Headphone LOGITECH H111 Chính hãng (1 Jack 3.5),https://www.lazada.vn/products/pdp-i1865617568.html,295.607 ₫,3.5,
"Tai Nghe KIMMAR 1538 Có Dây Chất Lượng Cao, Chống Thấm Nước, Chống Mồ Hôi, Phù Hợp Với Điện Thoại Di Động, Máy Tính Bảng, Tai Nghe Có Dây",https://www.lazada.vn/products/pdp-i3120633621.html,139.000 ₫,,"6 Đã bán
China"
【Must-have】 Siindoo JH-919Khaki Foldable Bluetooth Stereo Earphones Wireless Headphones 3EQ Sound Modes with Hi-FI Deep Bass Mic For Laptop,https://www.lazada.vn/products/pdp-i3228216934.html,638.178 ₫,,
"Tai Nghe Bluetooth chụp tai Hoco W55 Plus V5.4, Pin dùng 90H, Chống ồn chủ động ANC - Nhất Tín Authorised Store",https://www.lazada.vn/products/pdp-i3161596674.html,429.000 ₫,,
Tai nghe chụp M18 – Tai nghe kết nối đa phương tiện Kết nối Bluetooth 5.4 – Thiết kế thời trang Dễ dàng gấp gọn mang đi - Gọn Gàng Shop,https://www.lazada.vn/products/pdp-i3075232571.html,285.000 ₫,,
"Tai Nghe Bluetooth Không Dây Háng Pu BT-100D Dành Cho Người Lái Xe, Tai Nghe Giảm Tiếng Ồn, Có Micro, Dùng Cho Apple",https://www.lazada.vn/products/pdp-i3005926132.html,294.000 ₫,,"240 Đã bán
China"
JIALEMEIJIA | Tai Nghe Chơi Game Bluetooth Không Dây Bass Mạnh,https://www.lazada.vn/products/pdp-i3219246294.html,603.000 ₫,,
"Hoco chính hãng 100% Tai nghe không dây Tai nghe bluetooth Bluetooth 5.3 Stereo nhạc HiFi Tai nghe âm thanh Bluetooth không dây Over-Ear Bluetooth khử tiếng ồn với micro, chơi 40 giờ",https://www.lazada.vn/products/pdp-i2414383979.html,350.000 ₫,4.0,12 Đã bán
"Tai nghe chụp tai Bluetooth Havit LIFE 02H H612BT Pro - Hàng chính hãng - Âm thanh mạnh mẽ, chống ồn chủ động (ANC), Pin trâu – Sạc nhanh",https://www.lazada.vn/products/pdp-i3173636822.html,449.000 ₫,,
Tai Nghe Bluetooth Không Dây P9 Tai Nghe Khử Tiếng Ồn Có Mic Để Chơi Game Thể Thao Ngoài Trời - Tai Nghe Bluetooth Di Động,https://www.lazada.vn/products/pdp-i3238860816.html,100.100 ₫,,"10 Đã bán
China"
Baby Noise Cancelling Headphones for Ages 0-24 Months Baby Ear Protection,https://www.lazada.vn/products/pdp-i3224000010.html,290.525 ₫,,
JIALEMEIJIA | Tai Nghe Có Dây Cho Chơi Game và Nghe Nhạc 3.5mm,https://www.lazada.vn/products/pdp-i3219168710.html,758.000 ₫,,
JIFANPAUL | Tai Nghe Giữ Nhiệt Mùa Đông,https://www.lazada.vn/products/pdp-i3238495756.html,95.000 ₫,,
Transformers TF-G06 Headset Wireless Bluetooth Headphones with Mic Noise Cancellation High Sound Quality Bluetooth 5.4 True Wireless Gaming Low Latency Gaming Gaming Heavy Bass,https://www.lazada.vn/products/pdp-i2689026566.html,439.000 ₫,,
Marvel Btmv31 Đầu Gắn Tai nghe bluetooth không dây Nâng Cấp Bluetooth 5.3 Cổ Điển Thông Minh giảm tiếng ồn độ trễ thấp Trò Chơi tuổi thọ pin dài IOS Huawei Phổ,https://www.lazada.vn/products/pdp-i2658432708.html,682.335 ₫,5.0,
Tai Nghe Giữ Ấm Mùa Đông,https://www.lazada.vn/products/pdp-i3236342443.html,212.000 ₫,,
Mucro F4 Over-Ear ANC và enc giảm tiếng ồn Tai nghe không dây với túi lưu trữ,https://www.lazada.vn/products/pdp-i2098327634.html,834.575 ₫,,
HP H120G Hiệu Suất Cao chơi game có dây Headphone Với đèn nền RGB Và Micro tích hợp Tai Nghe Cho PC Máy Tính Xách Tay (3.5Mm + USB),https://www.lazada.vn/products/pdp-i3040483643.html,448.880 ₫,5.0,
【support】 Gamer Wireless Bluetooth Headphones RGB Flowing Lamp Earphone Hifi Stereo Noise Reduction Gaming Headsets With Mic,https://www.lazada.vn/products/pdp-i3228720082.html,886.378 ₫,,
Tai nghe chụp tai chuyên nhạc cực hay (Xanh ),https://www.lazada.vn/products/pdp-i211160723.html,45.000 ₫,,"8 Đã bán
Hồ Chí Minh"
"Tai nghe Gaming không dây Logitech G Astro A20 X LIGHTSPEED - Bluetooth, LIGHTSYNC RGB, Mic 48 kHz",https://www.lazada.vn/products/pdp-i3232557160.html,3.990.000 ₫,,
Tai nghe JBL Tune 510BT từ Mỹ đủ màu.,https://www.lazada.vn/products/pdp-i3129767858.html,1.125.000 ₫,,
Marvel dw-h2 Tai nghe không dây Bluetooth Bluetooth 5.3 hiệu ứng đèn RGB siêu dài cuộc sống chất lượng âm thanh độ trung thực cao độ trễ thấp thể thao âm nhạc,https://www.lazada.vn/products/pdp-i2732421325.html,638.238 ₫,,
Tai Nghe Có Dây Dell Pro Wireless Headset WL1022 Có Khung Choàng Đầu - Hàng Chính Hãng - BH 1 Năm - Có Xuất VAT,https://www.lazada.vn/products/pdp-i2615471008.html,1.000.000 ₫,,
Tai nghe Bluetooth vô hình siêu mỏng có tuổi thọ pin dài và giảm tiếng ồn,https://www.lazada.vn/products/pdp-i3169148041.html,53.000 ₫,5.0,34 Đã bán
"Tai Nghe Không Dây GT280 Vận Động Thoải Mái, Bluetooth 5.4 Pin Trâu, Kèm Mic Cao Cấp",https://www.lazada.vn/products/pdp-i2782579820.html,98.270 ₫,4.0,344 Đã bán
Aula Tai nghe gắn đầu trò chơi thể thao điện tử G7/G7Pro Tai nghe chơi game giảm tiếng ồn Tai nghe bluetooth không dây Ba chế độ đèn nền RGB với chất lượng âm thanh cao và độ trễ thấp,https://www.lazada.vn/products/pdp-i3193231374.html,649.000 ₫,4.0,
AULA | Tai Nghe Có Dây Cho Gaming có Mic,https://www.lazada.vn/products/pdp-i3217715642.html,252.000 ₫,4.0,7 Đã bán
Tai nghe Bluetooth REDMI Buds 6 Play | Thời lượng pin lên tới 36 giờ | Củ loa động 10 mm mang đến âm thanh mạnh mẽ | Giảm tiếng ồn bằng AI cho cuộc gọi rõ ràng,https://www.lazada.vn/products/pdp-i3066757218.html,280.000 ₫,5.0,Cam Kết Giá Tốt
"Tai Nghe Bluetooth Không Dây Màu Đen Cho Game Thủ Đèn RGB Âm Trầm Mạnh Mỏng Gọn Cổng Cắm Jack 3,5mm Thiết Bị Chơi Game Phổ Thông",https://www.lazada.vn/products/pdp-i3005566508.html,96.000 ₫,,"34 Đã bán
China"
Tai nghe có dây giắc cắm type c Hoco micro đàm thoại bass mạnh âm thanh vòm 6d chống ồn giá rẻ cho samsung xiaomi ..,https://www.lazada.vn/products/pdp-i2505089441.html,40.000 ₫,4.0,217 Đã bán
Tai Nghe Bluetooth Không Dây Over-Ear P9 Pro Air Max 5.1 Có Mic Khử Tiếng Ồn Tai Nghe Chơi Game Thể Thao Cho Tất Cả Điện Thoại,https://www.lazada.vn/products/pdp-i3232317682.html,122.500 ₫,,"461 Đã bán
China"
JTKE P47 Tai Nghe Không Dây Tai Nghe Bluetooth Tai Nghe Chơi Game Âm Thanh Nổi Có Thể Gập Lại Với Micrô Hỗ Trợ Thẻ TF,https://www.lazada.vn/products/pdp-i819346751.html,70.000 ₫,4.0,
Tiếng ồn Tai nghe dịch vụ khách hàng hủy bỏ trung tâm cuộc gọi headphone gối mềm linh hoạt cho Trucker cho Windows cho PC,https://www.lazada.vn/products/pdp-i3177868026.html,250.000 ₫,,
"Tai Nghe Gaming/Chơi Game QKZ AK6, AK2 Nhét Tai Có Dây In Ear Có Mic Chống Ồn Cho Điện Thoại và máy tính bảng pc",https://www.lazada.vn/products/pdp-i1873066053.html,65.000 ₫,4.0,
Tai Nghe Bluetooth Không Dây Thể Thao Tai Nghe Không Dây Mới Tai Nghe Nhạc Chơi Game Rảnh Tay Có Chức Năng Khử Tiếng Ồn Chủ Động Chống Nước,https://www.lazada.vn/products/pdp-i3236473815.html,88.900 ₫,,"17 Đã bán
China"
Có dây tai nghe bass nặng năng động với điều khiển âm lượng mic màu đen cho điện thoại di động,https://www.lazada.vn/products/pdp-i3169407774.html,124.000 ₫,,
Tai Nghe Giữ Ấm Dễ Thương,https://www.lazada.vn/products/pdp-i3236370339.html,171.000 ₫,,
[HCM]Tai nghe chụp tai F10 kèm mic màu đỏ - có thể gấp gọn),https://www.lazada.vn/products/pdp-i202360545.html,49.000 ₫,3.0,54 Đã bán
Tai Nghe Chiến Thuật,https://www.lazada.vn/products/pdp-i3217671625.html,200.000 ₫,,
"Tai nghe chụp tai Bluetooth Havit LIFE NC01H H668BT - Hàng chính hãng - Thiết kế chụp tai thoải mái kiểu dáng over-ear thời trang, âm thanh sống động, thời lượng pin dài sử dụng liên tục lên đến 20 giờ",https://www.lazada.vn/products/pdp-i2895137778.html,650.000 ₫,5.0,
Tai Nghe Chụp Tai Bluetooth iKF K3 Tai Nghe Có Dây Không Dây Tích Hợp Mic Cáp AUX Giảm Tiếng Ồn Thời Gian Chơi 50 Giờ Âm Thanh Nổi Bass Type-C Sạc Cho Trò Chơi Thể Thao Lớp Học Trực Tuyến Tương Thích Với IOS Và Android,https://www.lazada.vn/products/pdp-i2134726547.html,729.000 ₫,,
Tai nghe Logitech H110 - Bảo hành 24 tháng,https://www.lazada.vn/products/pdp-i1777380846.html,209.000 ₫,4.0,25 Đã bán
"Kho headphone cũ giá rẻ, tai nghe cũ giá mềm, hàng hiệu giá hời, tai nghe, headphone có dây chính hãng đã qua sử dụng",https://www.lazada.vn/products/pdp-i2634476265.html,79.000 ₫,,
Tai Nghe Bluetooth Không Dây Thể Thao Chạy Bộ Lái Xe Không Gây Đau Tai Âm Lượng Lớn Giảm Tiếng Ồn Thời Gian Hoạt Động Dài,https://www.lazada.vn/products/pdp-i3015650809.html,198.000 ₫,,"178 Đã bán
China"
Tai Nghe Giảm Âm Cho Nam Và Nữ,https://www.lazada.vn/products/pdp-i3231176201.html,172.000 ₫,,
Tai Nghe Bluetooth Không Dây P47 Chống Tiếng Ồn Thông Minh 360 Độ Tai Nghe Trùm Đầu Chơi Game Chất Lượng Cao 🔥goya150🔥,https://www.lazada.vn/products/pdp-i3237323942.html,65.857 ₫,,
"Tai chụp bluetooth MZ- P47 tai mèo, có thể dùng cho mọi dòng điện thoại, máy tính bảng, laptop và PCTrọng Phú store",https://www.lazada.vn/products/pdp-i2785068305.html,65.550 ₫,,
Tai nghe On-ear Sony MDRZX110APBCE - Bảo hành 12 tháng,https://www.lazada.vn/products/pdp-i1230621782.html,509.000 ₫,5.0,
"Tai Nghe Chụp Tai Gaming Có Mic Đàm Thoại Led RGB, ZH9 7.1 RGB Dùng Cho Máy Tính Điện Thoại Laptop Ipab |Patech Electronics",https://www.lazada.vn/products/pdp-i2966447508.html,499.000 ₫,,
Tai Nghe Máy Tính Pc Gaming Có Dây Led Rgb G606 Có Mic Đàm Thoại Tai Nghe Headphone Chụp Tai Bass Siêu Trầm,https://www.lazada.vn/products/pdp-i2601299552.html,249.000 ₫,5.0,
"[24 hours Ship]2025 Hoco W55 Bluetooth 5.4 Headphone Wireless Headphones Headset Built-in Mic Support Bluetooth, TF card, AUX Universal Over-The-Ear Headphones Earphones",https://www.lazada.vn/products/pdp-i3069762013.html,580.000 ₫,5.0,5 Đã bán
Sony WH CH520 - Tai nghe không dây bluetooth Sony WH CH520,https://www.lazada.vn/products/pdp-i1689152983.html,930.000 ₫,5.0,35 Đã bán
"Tai nghe chụp tai bluetooth Borofone B08 có khe cắm thẻ nhớ, âm thanh sống động - Hàng chính hãng",https://www.lazada.vn/products/pdp-i2475849660.html,229.000 ₫,,
XINLANYASHE Tai nghe bluetooth không dây B39 với Lighting RGB để chơi game và âm nhạc,https://www.lazada.vn/products/pdp-i3125734879.html,111.000 ₫,,
【Online】 Siindoo JH-919Khaki Foldable Bluetooth Stereo Earphones Wireless Headphones 3EQ Sound Modes with Hi-FI Deep Bass Mic For Laptop,https://www.lazada.vn/products/pdp-i3228391790.html,638.178 ₫,,
PSMASHOP Phổ thông Tai nghe chơi game Chuyên nghiệp Có Mic Tai nghe có dây Bền Tai nghe Nam Nữ,https://www.lazada.vn/products/pdp-i3226397181.html,61.000 ₫,,
Tai Nghe Chụp Tai Bluetooth JBL Tune 520BT - Hàng Chính Hãng,https://www.lazada.vn/products/pdp-i2633001743.html,1.090.000 ₫,4.0,33 Đã bán
"Tai Nghe Máy Tính Gaming Chụp Tai Có Mic Jack Cắm USB Âm Thanh 7.1 Cao Cấp Fullbox Bass Cực Hay Cho Pc,Laptop",https://www.lazada.vn/products/pdp-i3135843884.html,150.000 ₫,,
Tai nghe chụp tai gaming chính hãng Deiog E8250 chống ồn có mic cho máy tính bàn laptop chơi game,https://www.lazada.vn/products/pdp-i3098381629.html,341.550 ₫,,
"Tai nghe Beauty chụp tai chơi game có mic, có dây. Chính hãng Tako, BH 6 tháng",https://www.lazada.vn/products/pdp-i1589158775.html,176.000 ₫,,
"Tai nghe chụp tai có dây Gaming Havit H2019U - Hàng chính hãng - Âm thanh vòm 3D, đệm tai êm ái, khử tiếng ồn tự động",https://www.lazada.vn/products/pdp-i2002342514.html,389.000 ₫,,
"Tai Nghe Ấm cho Nam, Nữ và Trẻ Em",https://www.lazada.vn/products/pdp-i3231169353.html,184.000 ₫,,
Tai Nghe Giữ Ấm Mùa Đông,https://www.lazada.vn/products/pdp-i3230895776.html,99.000 ₫,,
"Tai nghe Bluetooth Bass Cực Mạnh, Nghe Gọi Và Giải Trí Cực Đỉnh Khả Năng Tương Thích Mạnh Mẽ IOS/Android S20 A9 Pro",https://www.lazada.vn/products/pdp-i3151554307.html,75.240 ₫,5.0,27 Đã bán
Tai nghe bass mạnh/Tai Nghe Gaming Có Dây Nhét Tai Chơi Game Chống Ồn Có Mic In Ear B6/E18,https://www.lazada.vn/products/pdp-i2320409924.html,18.500 ₫,4.0,
Lenovo TH30 Tai Nghe Bluetooth Dây Tai Nghe Bluetooth Tai Nghe Chơi Thể Thao Âm Nhạc Âm Thanh Nổi Bluetooth 5.3 Có Micrô,https://www.lazada.vn/products/pdp-i2090973439.html,66.357 ₫,4.0,
Tai Nghe Nhét Tai C608 Cho Âm Thanh Sống Động Điều khiển dây đa năng dây dài 120cm Cổng 3.5mm,https://www.lazada.vn/products/pdp-i1604025833.html,25.000 ₫,4.0,42 Đã bán
Tai nghe gắn tai không dây với tuổi thọ pin dài và thiết kế chống thấm nước,https://www.lazada.vn/products/pdp-i3157808315.html,48.000 ₫,5.0,27 Đã bán
"[ MẪU HÓT ] Tai Nghe Bluetooth Không Dây S20 Bản Quốc Tế, Bluetooth 5.2, Âm Thanh Nổi Chống Nước Chống Ồn, Pin Cực Trâu, Nghe Nhạc Cực Hay, Chơi Game Cực Đã, Dùng Cho Androi vs IOS ( Bảo Hành 12 Tháng ).",https://www.lazada.vn/products/pdp-i2059138456.html,95.855 ₫,4.0,
"Tai Nghe Bluetooth Mini SK18 Pin Trâu, Thiết Kế Nhỏ Gọn,Cảm Ứng Thông Minh, Kết Nối Ổn Định, Âm Thanh HiFi Cao Cấp, Bluetooth 5.3",https://www.lazada.vn/products/pdp-i2387723611.html,197.010 ₫,4.0,
3.5mm và Loại-C cho Huawei Android Tai nghe có dây kỹ thuật số trong tai hộp pha lê tai nghe,https://www.lazada.vn/products/pdp-i3169427291.html,15.000 ₫,,
Tai nghe chống ồn Sony ULT Wear WH-ULT900N (new 2024),https://www.lazada.vn/products/pdp-i2627129306.html,3.650.000 ₫,5.0,80 Đã bán
Steelseries Arctis pro Game Headset Repair NOVA Wired Headphones with Microphone Comfortable over Ear Earphones,https://www.lazada.vn/products/pdp-i3169112598.html,37.500 ₫,,
Tai nghe truewireless Hoco ES39 định vị tai nghe đỗi tên thiết bị nghe nhạc liên tục trong 3.5 giờ công nghệ Bluetooth 5.0 sạc không dây,https://www.lazada.vn/products/pdp-i865432223.html,355.000 ₫,4.0,960 Đã bán
Tai nghe không dây Bluetooth 5.0 đeo cổ 100 giờ Tai nghe Bass Tai nghe thể thao Tai nghe nhét tai không dây Giảm tiếng ồn thông minh Tai nghe có Micrô Âm thanh nổi 9D Binaural Chống nước IPX5 Chống mồ hôi 4 loa,https://www.lazada.vn/products/pdp-i1856262188.html,302.600 ₫,4.0,25 Đã bán
Tai Nghe Bluetooth Không Dây Chất Lượng Cao Giảm Tiếng Ồn Tai Trong Thể Thao Chơi Game Thời Lượng Pin Siêu Dài Âm Thanh Siêu Tốt Cho Nam,https://www.lazada.vn/products/pdp-i2962282603.html,47.000 ₫,,"25 Đã bán
Hong Kong"
Bluetooth Headphones Behringer BH480NC,https://www.lazada.vn/products/pdp-i2149105031.html,1.740.000 ₫,,
"Tai nghe có dây 110cm có tai nghe chống nhiễu MIC - 3,5mm cho máy tính bảng điện thoại Android",https://www.lazada.vn/products/pdp-i3195381217.html,16.000 ₫,,
Tai nghe không dây Gaming Zidli FH1 2.4G/7.1/USB/Led - Hàng Chính Hãng - Bảo hành 12 tháng,https://www.lazada.vn/products/pdp-i1693349566.html,1.190.000 ₫,,
Tai Nghe Yamaha HPH-50B - Chính Hãng,https://www.lazada.vn/products/pdp-i3104542462.html,779.000 ₫,,
Tai nghe Yamaha HPH-50B (chính hãng BH 1năm yamaha),https://www.lazada.vn/products/pdp-i1395131416.html,750.000 ₫,,
[FREESHIP MAX] Tai nghe Bluetooth S.o.n.y WHCH710N - Tai nghe S.o.n.y WHCH710N - PUKI SHOP,https://www.lazada.vn/products/pdp-i2043346936.html,1.900.000 ₫,,
Tai Nghe Hủy Tiếng Ồn Cho Ngủ,https://www.lazada.vn/products/pdp-i3232156266.html,350.000 ₫,,
JIALEMEIJIA | Tai Nghe Chơi Game Có Dây,https://www.lazada.vn/products/pdp-i3219361188.html,339.000 ₫,,
"Tai Nghe Bluetooth JLab JBuds Lux ANC, 70+ Giờ Chơi Nhạc, Âm Thanh Không Gian, Chống Ồn Thông Minh, Đệm Cloud Foam Thoải Mái, Điều Khiển Tùy Chỉnh Qua JLab App, Kết Nối Đa Thiết Bị",https://www.lazada.vn/products/pdp-i3024954881.html,2.250.000 ₫,5.0,
"Edifier W800BT SE / W800BT Pro - Tai Nghe Over-Ear Bluetooth V5.4, Chống Ồn Chủ Động ANC -45dB, Hi-Res Audio, Sử Dụng 45 Giờ",https://www.lazada.vn/products/pdp-i2978738957.html,931.500 ₫,,
"Tai nghe chụp tai Bluetooth QCY H2 Pro BH23H2B - Hàng chính hãng - Thiết kế thoải mái và linh hoạt, tính năng khử ồn ENC, âm thanh chất lượng cao với chế độ Bass",https://www.lazada.vn/products/pdp-i3057104704.html,519.000 ₫,,
"Tai nghe Headphone Bluetooth Havit I62 Chính hãng - Driver 40mm, Blutooth 5.0, Công nghệ Hi-Fi Stereo sống động",https://www.lazada.vn/products/pdp-i2213979895.html,385.000 ₫,5.0,26 Đã bán
Tai Nghe Bluetooth Chụp Tai Wireless Stereo Headset Mdr -Xb760Bt/TM010S/P57/EK-Mh4,https://www.lazada.vn/products/pdp-i1051406730.html,201.900 ₫,,
AULA | Tai Nghe Chơi Game Có Dây và Bluetooth Đa Chế Độ với Mic Hủy Tiếng Ồn cho Điện Thoại và PC,https://www.lazada.vn/products/pdp-i3238782172.html,355.000 ₫,,
Tai Nghe Sony WH-CH520N Bluetooh Không Dây Chính Hãng Giá Tốt - Trà Khúc Audio,https://www.lazada.vn/products/pdp-i2965250935.html,990.000 ₫,,
Tai nghe bluetooth không dây thoải mái phù hợp với đầu Bluetooth Headphone cho tập thể dục hàng ngày tập luyện thể thao TF-MEL-VN,https://www.lazada.vn/products/pdp-i3202611472.html,632.000 ₫,,
EWEADN | Tai Nghe Chơi Game Dây Có Tai Mèo cho Nữ,https://www.lazada.vn/products/pdp-i3193624491.html,180.000 ₫,4.0,
Tai Nghe Bluetooth Huaqiang North Pro2 iRainy Có Thể Gỡ Cài Đặt Nút Điều Chỉnh Âm Lượng Có Thể Sạc Không Dây Có Thể Điều Chỉnh Âm Lượng,https://www.lazada.vn/products/pdp-i2840134032.html,955.000 ₫,5.0,601 Đã bán
Tai Nghe Chụp Tai Bluetooth Remax RB-920HB Bluetooth V5.4 Pin 600mAh Chống Ồn Chủ Động ANC,https://www.lazada.vn/products/pdp-i3085539905.html,641.700 ₫,,
IKF V11 Pro Không Dây 2.4G Tai nghe Bluetooth Tai nghe chơi game 125H Thời Gian Chơi 3.5Mm Cho iOS/máy tính Android,https://www.lazada.vn/products/pdp-i3121081166.html,819.000 ₫,,
AULA | Tai Nghe Không Dây Có Dây Hủy Tiếng Ồn và Micro,https://www.lazada.vn/products/pdp-i3238629366.html,364.000 ₫,,
"Tai nghe kiểm âm ISK WH-9 không dây kèm đầu thu dành cho livestream, thu âm bluetooth",https://www.lazada.vn/products/pdp-i2823466923.html,950.000 ₫,,
"Tai nghe game không dây Lightspeed Logitech G733 - Headband tùy chỉnh, RGB Lightsync, màn loa Pro-G, Mic Blue Voice",https://www.lazada.vn/products/pdp-i982348970.html,2.527.000 ₫,5.0,273 Đã bán
Tai Nghe Bluetooth Không Dây Thể Thao Tai Nghe Chơi Game Âm Nhạc Tai Nghe Rảnh Tay Có Chức Năng Khử Tiếng Ồn Chủ Động Và Chống Nước,https://www.lazada.vn/products/pdp-i3209991238.html,79.950 ₫,,
Mucro lc6200 Over-Ear enc giảm tiếng ồn Tai nghe bluetooth không dây,https://www.lazada.vn/products/pdp-i1842271000.html,974.469 ₫,5.0,10 Đã bán
"Tai Nghe Bluetooth Headphone HAVIT H619BT, Driver 40mm, BT 5.4, Có 3 Chế Độ EQ, Nghe Đến 20H - Chính Hãng BH 12 Tháng",https://www.lazada.vn/products/pdp-i3107157349.html,290.000 ₫,,
"Edifier WH700NB - Tai Nghe Over-Ear Bluetooth V5.3, ANC, Wireless, Màng Loa 40mm , Kết Nối Thiết Bị Kép, Sử Dụng 68 Giờ",https://www.lazada.vn/products/pdp-i2598402625.html,816.500 ₫,,
Tai nghe Bose QuietComfort Ultra Headphones| Immersive Audio| Pin 24H,https://www.lazada.vn/products/pdp-i2486683427.html,10.880.100 ₫,4.0,49 Đã bán
"Tai Nghe Thể Thao Chơi Nhạc 100 Giờ Tai Nghe Không Dây Bluetooth5.0 Gắn Cổ Có Micro, Giảm Tiếng Ồn Nửa Trong Tai Hai Tai Hấp Thụ Từ Tính Âm Thanh Nổi 9D Thêm Âm Trầm Chống Thấm Nước Chống Mồ Hôi IPX5",https://www.lazada.vn/products/pdp-i1406079373.html,257.500 ₫,4.0,
Newmsnr không đau ows Tai nghe có dây 9D âm thanh tai nghe âm trầm HD Microphone Tai nghe không thấm nước không thấm mồ hôi tai nghe thể thao,https://www.lazada.vn/products/pdp-i3187924833.html,120.000 ₫,4.0,12 Đã bán
SANSUI W97 Tai nghe siêu nhỏ nửa trong tai ENC Tai nghe trò chuyện Tai nghe chơi thể thao,https://www.lazada.vn/products/pdp-i2985090259.html,395.999 ₫,5.0,
Awei GM-6 Tai nghe có dây siêu trầm chống ồn Hifi kèm micro Tai nghe có dây chơi game âm nhạc thể thao,https://www.lazada.vn/products/pdp-i2024290278.html,306.883 ₫,4.0,225 Đã bán
100 Thời Gian giờ làm việc Tai Nghe A12L Cổ Gắn Tai nghe bluetooth thể thao Tai nghe không dây ENC tai nghe chống ồn 9D tai nghe stereo Hỗ Trợ Thẻ TF,https://www.lazada.vn/products/pdp-i2442082749.html,227.700 ₫,5.0,
Tai nghe Bluetooth Tai nghe 5.0 Tai nghe có mic không dây âm thanh nổi thoải mái khi đeo chất lượng âm thanh cao phù hợp với thể thao và cuộc gọi,https://www.lazada.vn/products/pdp-i3157709744.html,41.000 ₫,3.0,13 Đã bán
CHAOMILI | Tai Nghe Bluetooth Kẹp Tai Mở Tai Dung Lượng Pin Dài,https://www.lazada.vn/products/pdp-i3197956336.html,303.000 ₫,4.0,
"Tai nghe bluetooth 5.3 phiên bản mới chống nước cao cấp, kèm mic, tăng giảm âm lượng - Tặng nút tai nghe thay thế",https://www.lazada.vn/products/pdp-i2128314696.html,78.210 ₫,4.0,
Tai nghe có dây D6T Siêu bass Chống ồn cực tốt Chống mồ hôi Jack cắm 3.5mmTích hợp mic,https://www.lazada.vn/products/pdp-i2611428425.html,87.884 ₫,5.0,8 Đã bán
"Tai nghe Bluetooth V5.3 Hoco EQ1 sử dụng đến 7 giờ , pin 400mah , thiết kế sang trọng",https://www.lazada.vn/products/pdp-i2427940441.html,350.000 ₫,4.0,45 Đã bán
"Tai Nghe có dây chân Type C cho 16 Pro Max 15 ProMax 15Pro 15Plus 15 có hỗ trợ mic nghe gọi, âm thanh bass siêu chất",https://www.lazada.vn/products/pdp-i3218081085.html,49.861 ₫,,
Bizoe | Tai Nghe Bluetooth Hủy Tiếng Ồn Thoải Mái cho Gaming và Thể Thao,https://www.lazada.vn/products/pdp-i3172157261.html,699.000 ₫,4.0,
"Tai nghe có dây 110cm có tai nghe chống nhiễu MIC - 3,5mm cho máy tính bảng điện thoại Android",https://www.lazada.vn/products/pdp-i3195367254.html,13.000 ₫,,
Tai nghe chơi game USB Cho PC Surround Âm Thanh Tai nghe có dây Với Đầy Màu Sắc đèn LED Tai nghe máy tính Với Tiếng Ồn Hủy Bỏ Microphone,https://www.lazada.vn/products/pdp-i3241278882.html,390.000 ₫,,
LinJn Premium Wireless Bluetooth Colorful Foldable Headset Gaming With Mic,https://www.lazada.vn/products/pdp-i3229082511.html,276.000 ₫,,
"Tai Nghe Chơi Game Có Dây KPS X-8 Dành Cho Máy Tính Để Bàn, Điện Thoại Di Động, Máy Tính Xách Tay, Tai Nghe Thể Thao Có Dây, Có Micro, Có Dây",https://www.lazada.vn/products/pdp-i3005656058.html,182.000 ₫,,"12 Đã bán
China"
Tai nghe chơi game USB Cho PC Surround Âm Thanh Tai nghe có dây Với Đầy Màu Sắc đèn LED Tai nghe máy tính Với Tiếng Ồn Hủy Bỏ Microphone,https://www.lazada.vn/products/pdp-i3240926563.html,390.000 ₫,,
"Acer | Tai Nghe Không Dây Bluetooth Hủy Tiếng Ồn cho PC, Điện Thoại và Máy Tính Bảng",https://www.lazada.vn/products/pdp-i3197319478.html,565.000 ₫,,
Tai nghe có mic tăng cường Bass ELECOM EHP-GB100MRD,https://www.lazada.vn/products/pdp-i2525614674.html,690.000 ₫,,
"Tai nghe choàng đầu Over-ear JLab Studio Pro 50+ Giờ Chơi Nhạc, Âm Thanh EQ3 Tùy Chỉnh, Đệm Cloud Foam Siêu Thoải Mái, Điều Khiển Từ Earcup",https://www.lazada.vn/products/pdp-i3025061639.html,1.251.000 ₫,,
Tai Nghe Không Dây Bluetooth Hủy Tiếng Ồn Có Mic,https://www.lazada.vn/products/pdp-i3230774982.html,361.000 ₫,,
JIALEMEIJIA | Tai Nghe Chơi Game Có Dây Với Ánh Sáng RGB và Âm Thanh Bao Quanh,https://www.lazada.vn/products/pdp-i3219339316.html,768.000 ₫,,
Tai nghe Bluetooth một tai - Tai nghe điều hành từ tính,https://www.lazada.vn/products/pdp-i3237376797.html,189.000 ₫,,
"Tai nghe Bluetooth không dây, gập gọn, hỗ trợ cả có dây và không dây",https://www.lazada.vn/products/pdp-i3239084599.html,440.400 ₫,,
"Tai Nghe Chụp H630BT GAGAY Tai Nghe Bluetooth 5.3 Thế Hệ Mới Chống Ồn, Tuổi Thọ Pin Dài Âm Thanh Chất Lượng Cao GD535",https://www.lazada.vn/products/pdp-i2749247640.html,685.000 ₫,,
Tai Nghe Chơi Game Có Dây,https://www.lazada.vn/products/pdp-i3231105000.html,338.000 ₫,,
Tai Nghe Bluetooth Chụp Tai P9 MAX Tai Nghe Chụp Tai Bluetooth Gaming Có Micro đàm ThoạI Giảm Tiếng ồn Thông Minh,https://www.lazada.vn/products/pdp-i2064715718.html,50.000 ₫,,
Razer | Tai Nghe Chơi Game Bluetooth Không Dây Dual-Mode có Micro,https://www.lazada.vn/products/pdp-i3219759496.html,5.786.000 ₫,4.0,
【Free Returns】 Siindoo JH-919Khaki Foldable Bluetooth Stereo Earphones Wireless Headphones 3EQ Sound Modes with Hi-FI Deep Bass Mic For Laptop,https://www.lazada.vn/products/pdp-i3228699034.html,638.178 ₫,,
Tai nghe lọc âm ELECOM EHP-CB200A - Hàng Chính Hãng,https://www.lazada.vn/products/pdp-i2525690027.html,690.000 ₫,,
"Tai Nghe Gaming Zidli ZH9 V2 Âm Thanh Vòm 7.1, Led RGB, Bass Mạnh Driver 50mm, Kết Nối USB - Hàng chính hãng",https://www.lazada.vn/products/pdp-i3171306042.html,699.000 ₫,,
Bizoe | Tai Nghe Không Dây Bluetooth Hủy Tiếng Ồn cho Gaming và Thể Thao,https://www.lazada.vn/products/pdp-i3172202627.html,699.000 ₫,,
Tai Nghe Dễ Thương Cho Trẻ Em,https://www.lazada.vn/products/pdp-i3206595821.html,163.000 ₫,,
Tai Nghe Chơi Game Bluetooth Không Dây Bass Mạnh,https://www.lazada.vn/products/pdp-i3234840049.html,569.000 ₫,,
Tai Nghe Đeo Đầu P9 Wired MAX450 Game Phone Tai Nghe Điện Thoại Di Động Có Dây Tai Nghe Đeo Đầu Có Dây Tai Nghe Đa Năng Cho Máy Tính,https://www.lazada.vn/products/pdp-i3194327505.html,139.000 ₫,,
Mucro Tai Nghe Không Dây Có Thể Gập Lại Gắn Đầu Bluetooth 5.0 VJ320 Hỗ Trợ Thẻ TF Kèm Mic,https://www.lazada.vn/products/pdp-i2564089494.html,349.187 ₫,5.0,
"Tai nghe gaming cao cấp có dây ZIDLI zcore ZH-A10 Fly wing,âm thanh vòm 7.1 đa tương thích - Hàng chính hãng",https://www.lazada.vn/products/pdp-i2231738626.html,699.000 ₫,,
Pouie | Tai Nghe Giữ Ấm Thời Trang cho Phụ Nữ,https://www.lazada.vn/products/pdp-i3196748849.html,61.000 ₫,,
"Tai Nghe Bluetooth Không Dây DR90 Mới, Tai Nghe Đeo Đầu Có Hiệu Ứng Bass Siêu Dài Thời Lượng Pin, Tai Nghe Nghe Nhạc Chất Lượng Cao",https://www.lazada.vn/products/pdp-i3191638693.html,378.000 ₫,,
"Seastina tai nghe gắn tai bluetooth với màn hình hiển thị kỹ thuật số, chất âm thanh chất lượng cao và tuổi thọ pin dài",https://www.lazada.vn/products/pdp-i3174426841.html,53.000 ₫,4.0,50 Đã bán
SeasTina Tai nghe kèm Micro có dây chất lượng cao cho các cuộc gọi và âm nhạc rõ ràng,https://www.lazada.vn/products/pdp-i3065522441.html,13.000 ₫,4.0,251 Đã bán
"Tai nghe không dây Lenovo LP40 Pro Bluetooth 5.1, Âm thanh nổi HD giảm ồn thông minh cảm ứng chống nước, Bảo hành 24 tháng",https://www.lazada.vn/products/pdp-i2399953014.html,272.000 ₫,5.0,730 Đã bán
"Tai nghe Bluetooth Hoco EQ1 V5.3 , pin 400mah , sử dụng đến 7 giờ , thiết kế sang trọng,vỏ sạc có màn hình LED",https://www.lazada.vn/products/pdp-i2427931716.html,288.000 ₫,5.0,Priority Instant
JBL | Tai Nghe Chơi Game JBL TUNE110 Có Dây Thoải Mái Nhẹ Vừa Vặn Tai Cho Điện Thoại Di Động Nam Tai Nghe Nghe Nhạc Có Dây 4067,https://www.lazada.vn/products/pdp-i3233587816.html,590.000 ₫,,
Tai Nghe Ấm cho Nữ Sinh Viên,https://www.lazada.vn/products/pdp-i3232022808.html,177.000 ₫,,
Awei A100BL Tai nghe chơi game Bluetooth không dây có dây có micrô Âm thanh nổi HIFI Bluetooth 5.0 Tai nghe đèn thở RGB đầy màu sắc cho PC Máy tính xách tay TF / FM,https://www.lazada.vn/products/pdp-i1419511614.html,496.586 ₫,5.0,133 Đã bán
Tai nghe có dây Baseus Encok CZ11 - Bảo hành Chính hãng,https://www.lazada.vn/products/pdp-i2678040216.html,120.000 ₫,5.0,19 Đã bán
Lenovo | Tai Nghe Không Dây Bluetooth Hủy Tiếng Ồn Đầu Nhỏ Phong Cách Retro,https://www.lazada.vn/products/pdp-i3196486618.html,587.000 ₫,4.0,
"Tai nghe bluetooth V5.0 Hoco DES03 Pro sử dụng 3-5h, định vị, đổi tên, kết nối POP UP, có tính năng chạm cảm ứng ở tai nghe",https://www.lazada.vn/products/pdp-i1479749972.html,355.000 ₫,4.0,Priority Instant
"Tai Nghe Móc Tai Bluetooth QiMi YYK 525 - Hạn Chế Tiếng Ồn, Micro To Rõ, Chống Thấm Nước, Nhỏ Gọn",https://www.lazada.vn/products/pdp-i3229784228.html,179.000 ₫,,
Bluetooth Headphones Behringer BH470NC,https://www.lazada.vn/products/pdp-i2149052222.html,1.440.000 ₫,,
"[ New Version ] Tai Nghe Bluetooth MTS-3 Hổ Vằn 1562U Bản Full 2025, Âm Thanh Siêu Hay - Pin 8H",https://www.lazada.vn/products/pdp-i3188211050.html,650.000 ₫,,
PICUN | Tai Nghe Không Dây Bluetooth Hủy Tiếng Ồn Chủ Động,https://www.lazada.vn/products/pdp-i3178090410.html,2.532.000 ₫,4.0,
【Popular】 Graffiti Bluetooth Headphones Wireless RGB LED Gaming Headsets With Mic Low Latency For Kids Boy Girl Gift Support TF,https://www.lazada.vn/products/pdp-i3229344968.html,665.678 ₫,,
Noise Cancelling Wireless over Ear Bluetooth Headphones with Mic for Home Office for Travel Gym,https://www.lazada.vn/products/pdp-i3238248024.html,475.000 ₫,,
Tai nghe Chụp Tai Bluetooth Không Dây Lenovo Thinkplus G70-A âm thanh nổi giảm ồn thoải mái có mic thích hợp cho Android IOS PC,https://www.lazada.vn/products/pdp-i1868673828.html,300.000 ₫,,
"[ New Version ] Tai nghe Bluetooth MTS-4 Louda 1562A, Chống Ồn ANC 35DB - Xuyên Âm, Thiết Kế Mới",https://www.lazada.vn/products/pdp-i3188170349.html,550.000 ₫,,
Tai Nghe Gaming Fuhlen GH90s Black/White Three 3 modes Bluetooth/2.G USB/2.4G Type-C/Type-C - Chính hãng,https://www.lazada.vn/products/pdp-i2697049043.html,1.169.000 ₫,,
Transformers TF-G01 Bluetooth Headset Wireless Bluetooth 2.4G Wireless Wired Dual Mode Heavy Bass Sports Noise Cancellation Gaming Headset Universal for mobile phones and computers,https://www.lazada.vn/products/pdp-i2689235316.html,809.000 ₫,,
"[HCM] - Tai Nghe Headphone Gaming K902 Có Dây, Led RGB, Âm Thanh Giả Lập 7.1 - BestMartVN",https://www.lazada.vn/products/pdp-i2541431849.html,763.194 ₫,,
【Big-promotion】 Devil Ear Bluetooth Headphones With Microphone Stereo Music RGB Flashing for Cell Phones Pc Gamer Gaming Headset Kids Boys Gift,https://www.lazada.vn/products/pdp-i3228309889.html,622.378 ₫,,
Tai nghe gaming Razer BlackShark V2 X USB-Wired _ RZ04-04570100-R3M1 - Hàng Chính Hãng,https://www.lazada.vn/products/pdp-i3015495240.html,1.280.000 ₫,,
"Tai nghe gaming on ear, tai nghe máy tính không dây Bluetooth chụp tai E-dra EH495W - Chính hãng",https://www.lazada.vn/products/pdp-i2746064050.html,626.000 ₫,,
Tai Nghe Học Tập Có Chức Năng Đọc Và Ghi Nhớ Bluetooth Giảm Ồn,https://www.lazada.vn/products/pdp-i3233469461.html,992.000 ₫,,
"Tai Nghe Chụp Tai Over-Ear Không Dây Bluetooth 5.0 Skullcandy Cassette, hàng chính hãng",https://www.lazada.vn/products/pdp-i2381951767.html,695.000 ₫,5.0,
IKF V11S Tai nghe có dây tai nghe chơi game 7.1 Surround Hiệu ứng âm thanh 3.5Mm Và USB Cho iOS/máy tính Android,https://www.lazada.vn/products/pdp-i3238278386.html,910.000 ₫,,
✌️ Tai nghe Laser ANC Bluetooth cũ đẹp giá rẻ,https://www.lazada.vn/products/pdp-i3004935197.html,680.000 ₫,,
"Tai Nghe Không Dây Macaron BS961 Âm Thanh HIFI , Hiệu Ứng LED RGB, Giảm Tiếng Ồn , Bluetooth V5.3 ️🔰Katla Shop🔰",https://www.lazada.vn/products/pdp-i2822537504.html,608.463 ₫,,
"JBL | Tai Nghe JBL JR300 Dành Cho Trẻ Em Có Dây, Giảm Tiếng Ồn, Học Trực Tuyến, Sử Dụng Cho Học Sinh, Tai Nghe Học Tập Có Dây 3093",https://www.lazada.vn/products/pdp-i3233757926.html,1.546.000 ₫,,
Haomuren | Tai Nghe Giám Sát Không Dây cho Người Truyền Hình Trực Tiếp Bluetooth,https://www.lazada.vn/products/pdp-i3206986120.html,1.062.000 ₫,4.0,
"Tai Nghe Gaming Colorful H10 Có Dây, Tai Nghe Chơi Game, Tai Nghe Máy Tính Để Bàn, Tai Nghe Máy Tính Xách Tay, Tai Nghe Đeo Đầu",https://www.lazada.vn/products/pdp-i3233755856.html,894.000 ₫,,
"Tai Nghe Gaming Headphone HAVIT H2002P, Driver 53mm, Đèn RGB 36 Màu, Giả Lập 7.1 - Hàng Chính Hãng",https://www.lazada.vn/products/pdp-i1774968724.html,1.090.000 ₫,,
PH | Tai Nghe Ấm cho Phụ Nữ,https://www.lazada.vn/products/pdp-i3231188471.html,265.000 ₫,,
"Edifier W800BT Plus - Tai Nghe Bluetooth 5.1, Chip Âm Thanh Qualcomm® AptX™ , Màng Loa Lớn 40mm, Thời Gian Sử Dụng 55 Giờ - Hàng Nhập Khẩu",https://www.lazada.vn/products/pdp-i2245450242.html,816.500 ₫,,
YUSHAN | Tai Nghe Không Dây Hủy Tiếng Ồn,https://www.lazada.vn/products/pdp-i3206381523.html,1.664.000 ₫,4.0,
[Chính Hãng] Tai Nghe Kiểm Âm Samson SR850C - Studio Monitor Headphones SR850 Professional Over-Ear Semi Open,https://www.lazada.vn/products/pdp-i2863281147.html,890.000 ₫,,
Tai nghe Bluetooth chụp tai Remax RB-900HB chống ồn chủ động ANC,https://www.lazada.vn/products/pdp-i1636667336.html,695.000 ₫,,
Tai Nghe Bluetooth Không Dây FG-07S Gấp Gọn Được Mẫu Mới 🔥goya150🔥,https://www.lazada.vn/products/pdp-i3237010645.html,238.937 ₫,,
Monster | Tai Nghe Gaming Không Dây Trong Tai Chất Lượng Cao Hủy Tiếng Ồn,https://www.lazada.vn/products/pdp-i3225607919.html,517.000 ₫,4.0,
"Tai Nghe Bluetooth 5.3 X55 Mẫu Mới - Thiết Kế Siêu Mỏng, Nhẹ, Chống Nước, Mic Tích Hợp, Nghe Nhạc Chất Lượng Cao - Phù Hợp Khi Nằm Ngủ",https://www.lazada.vn/products/pdp-i2921799147.html,75.050 ₫,4.0,149 Đã bán
♥Giới Hạn Miễn phí vận chuyển♥Xiaomi Tai nghe bluetooth gốc A520 Tai nghe không dây chân thật Điều khiển bằng cảm ứng âm thanh nổi HiFi trò chơi tai nghe dạng móc không thấm nước,https://www.lazada.vn/products/pdp-i2862608128.html,173.250 ₫,4.0,65 Đã bán
UGREEN | Tai Nghe Chơi Game Không Dây UGREEN Chống Ồn Bluetooth,https://www.lazada.vn/products/pdp-i3206729743.html,682.000 ₫,,
Tai Nghe Bluetooth 2025 Mới Tai Nghe Chơi Game Có Dây Giảm Tiếng Ồn Cho Máy Tính Và Điện Thoại Tai Nghe Nghe Nhạc Tai Nghe Nghe Nhạc,https://www.lazada.vn/products/pdp-i3233909452.html,211.000 ₫,,
"(BH 3 THÁNG LỖI 1 ĐỔI 1) Tai nghe Bluetooth 5.3 S20 Pro, Tai Nghe Mặt Gương Led Không Đệm Tai , Âm Thanh Sôi Động, Chống Nước Hiệu Quả",https://www.lazada.vn/products/pdp-i2359180712.html,78.000 ₫,4.0,424 Đã bán
Tai Nghe Cho Trẻ Em Dây Dài và Giảm Âm Thanh cho Học Tập trên Máy Tính,https://www.lazada.vn/products/pdp-i3233430945.html,385.000 ₫,,
New Bee Bluetooth Headphones Tai nghe V5.1 BH58 Tai nghe không dây thời gian chơi 25 giờ với mic Tai nghe nhẹ có thể gập lại,https://www.lazada.vn/products/pdp-i1984725258.html,959.000 ₫,5.0,12 Đã bán
Awei A780 pro Tai nghe Bluetooth RGB không dây Running Bass Bluetooth 5.3 Khử tiếng ồn thông minh Âm thanh nổi Hỗ trợ chơi game Tai nghe không dây có thể gập lại có Mic Cuộc gọi rõ ràng,https://www.lazada.vn/products/pdp-i1837341164.html,734.745 ₫,5.0,12 Đã bán
"Tai Nghe Bluetooth Không Dây Xiaomi Tai Nghe Chụp Tai Âm Thanh Nổi HIFI Với Thời Lượng Pin Siêu Dài Để Chơi Game, Thể Thao Và Ngủ",https://www.lazada.vn/products/pdp-i3235488996.html,281.000 ₫,,"41 Đã bán
Nước ngoài"
"( Lỗi 1 Đổi 1 ) Tai nghe bluetooth S20 - S10 không dây cao cấp, cảm ứng, hỗ trợ nghe nhạc, đàm thoại- Hộp đựng mặt gương sang trọng",https://www.lazada.vn/products/pdp-i2359061920.html,77.000 ₫,4.0,256 Đã bán
TAI NGHE KHÔNG DÂY BLUETOOTH A9 ANC ĐẲNG CẤP SÀNH ĐIỆU CAM KẾT BẢO HÀNH,https://www.lazada.vn/products/pdp-i532420803.html,166.000 ₫,4.0,473 Đã bán
"Tai nghe Bluetooth không dây GT280 đeo tai - Chống ồn thể thao, chống nước, pin trâu",https://www.lazada.vn/products/pdp-i3081870624.html,118.000 ₫,4.0,18 Đã bán
"Cosy | Tai nghe có dây Peace Business HS2295, jack Type-C + 3.5mm (4 cực) dùng cho công sở",https://www.lazada.vn/products/pdp-i3228824499.html,288.000 ₫,,
"Lenovo | Tai nghe Bluetooth LP22 Pro, âm thanh vòm 360 độ Hi-Res, đàm thoại HD khử ồn ENC, Bluetooth 5.4",https://www.lazada.vn/products/pdp-i3191323881.html,307.000 ₫,4.0,
"Tai nghe có dây dạng mở cổng Type-C cho Lenovo IdeaTab Plus 12.1, micro độ nhạy cao, rảnh tay.",https://www.lazada.vn/products/pdp-i3226357034.html,267.750 ₫,,
Tai nghe Disney J13 Bluetooth 5.3 Micrô không dây Giảm tiếng ồn Trễ Hộp sạc không thấm nước miễn phí,https://www.lazada.vn/products/pdp-i2387258463.html,269.000 ₫,4.0,304 Đã bán
Tai Nghe Over-ear Bluetooth Audio-technica ATH-M20xBT |60H Sử Dụng |Bluetooth 5.0 |Kết nối 2 thiết bị |Hàng Chính Hãng,https://www.lazada.vn/products/pdp-i1722359022.html,2.282.000 ₫,5.0,33 Đã bán
Tai Nghe Chụp Tai Overear Audio Technica ATH-M40x Professional Hifi - Hàng Chính Hãng,https://www.lazada.vn/products/pdp-i1196630875.html,2.992.000 ₫,5.0,73 Đã bán
[BÁN CHẠY] Tai nghe JBL C200SIU - Hàng Chính Hãng,https://www.lazada.vn/products/pdp-i2149571056.html,240.000 ₫,4.0,
Tai nghe DAREU EH406 MULTI-LED Black - Bảo hành 12 tháng,https://www.lazada.vn/products/pdp-i2496025542.html,269.000 ₫,4.0,49 Đã bán
Tai Nghe Bluetooth Lenovo TH10 âm thanh nổi giảm ồn thoải mái chống nước có mic Headphones With HD Music Sports,https://www.lazada.vn/products/pdp-i2045459887.html,409.000 ₫,5.0,70 Đã bán
PH | Tai Nghe Giữ Ấm Mùa Đông Cho Nam,https://www.lazada.vn/products/pdp-i3231965829.html,114.000 ₫,4.0,
"EWEADN | Tai nghe Gaming Tai Mèo, Có dây (Jack 3.5mm), Micrô, Tai mèo tháo rời, LED RGB",https://www.lazada.vn/products/pdp-i3193647217.html,446.000 ₫,4.0,
"Tai nghe gaming có dây MSI Immerse GH61 Hi-Res ONKYO - Kết nối USB 2.0, Jack 3.5mm - Tương thích Windows 10 - Màu Đen - Hàng chính hãng - Bảo hành 1 năm",https://www.lazada.vn/products/pdp-i2182456340.html,2.319.000 ₫,5.0,
Tai Nghe Chụp Tai On-ear Có Dây Audio Technica ATH-S100iS Xu Hướng Bass - Hàng Chính Hãng,https://www.lazada.vn/products/pdp-i1196630885.html,848.000 ₫,4.0,50 Đã bán
Zealsound USB RGB Tai nghe chơi game cho PC máy tính xách tay PS4 ps5 có dây Tai nghe kèm mic âm vòm âm trầm Over Ear USB đầy đủ ánh sáng tai nghe S600,https://www.lazada.vn/products/pdp-i2611979763.html,540.000 ₫,5.0,189 Đã bán
[ New Version ] Tai Nghe Bluetooth MTS-Pro 2 Hổ Vằn 1562AE Chống Ồn ANC 45DB - Xuyên Âm - Âm Thanh Không Gian,https://www.lazada.vn/products/pdp-i3188069897.html,1.200.000 ₫,,
"Tai nghe chụp tai có mic G-NET H99 hỗ trợ online và chơi game, nghe nhạc .Tai nghe chơi game có dây tích hợp mic, đèn LED RGB dùng cho máy tính/ PC. Tai nghe chống ồn. Tai nghe cho game thủ. Phụ kiện điện tử",https://www.lazada.vn/products/pdp-i2821122100.html,189.000 ₫,,
"Tai nghe chụp tai Logitech H150 - 2 jack 3.5mm, Mic khử giảm tiếng ồn, âm thanh nổi",https://www.lazada.vn/products/pdp-i260271541.html,345.000 ₫,4.0,91 Đã bán
Tai Nghe Chụp Tai On-ear JABRA Connect 4H Đan Mạch USB C 2 microphone Hàng Chính Hãng,https://www.lazada.vn/products/pdp-i1631585480.html,1.370.000 ₫,5.0,19 Đã bán
Tai Nghe chụp Bluetooth Baseus Encok D02 Pro Bán chạy,https://www.lazada.vn/products/pdp-i2783882638.html,548.000 ₫,,
Tai Nghe Chụp Tai AULA S602 - Tai Nghe Gaming Có Đèn Led RGB Và Mic Đàm Thoại,https://www.lazada.vn/products/pdp-i3172916308.html,339.000 ₫,,
Tai nghe Logitech H110 - 2 Jack 3.5mm (Loa+Micro) - Hàng chính hãng - Bảo hành 24 tháng,https://www.lazada.vn/products/pdp-i2664280569.html,220.000 ₫,,
Awei Tai nghe bluetooth 5.4 Tai nghe nhiều màu sắc Tai nghe thẩm mỹ cao 40h Thời gian phát lại nhạc chi phí hiệu suất Tai nghe không dây,https://www.lazada.vn/products/pdp-i3189103085.html,388.333 ₫,,
HP H150 E-Sports Gaming Headset Computer Headphone / Earphone With Microphone For Phone Desktop And Compurter PC,https://www.lazada.vn/products/pdp-i1411857283.html,239.000 ₫,5.0,28 Đã bán
Lenovo | Tai Nghe Bluetooth Thể Thao Không Dây Pin Dài,https://www.lazada.vn/products/pdp-i3194650586.html,371.000 ₫,4.0,
Tai nghe không dây chống ồn SONY WH-CH720N - Chính Hãng,https://www.lazada.vn/products/pdp-i2511376971.html,3.220.000 ₫,5.0,
"Tai Nghe Gaming ZIDLI LH1 Heavy Attack, LED RGB, Âm Thanh 7.1 Cực Hay- Full Box, Bảo Hành 12 Tháng",https://www.lazada.vn/products/pdp-i2963689339.html,855.000 ₫,5.0,
ESPORTS LIVNG MUSEUM | Tai Nghe Chơi Game Hủy Tiếng Ồn 7.1 Kênh,https://www.lazada.vn/products/pdp-i3219548208.html,526.000 ₫,4.0,
Tai Nghe Bluetooth JBL Wave Buds 2 - Hàng Chính Hãng,https://www.lazada.vn/products/pdp-i3177495873.html,1.390.000 ₫,5.0,5 Đã bán
Tai nghe không dây chụp tai soundcore Q20i | Âm thanh Hi-res | Giảm ồn 90% | 60 giờ phát nhạc,https://www.lazada.vn/products/pdp-i2685799792.html,990.000 ₫,5.0,13 Đã bán
"Tai nghe chụp tai Soundcore by Anker Q20i Hybrid ANC Headphones, Wireless Over-Ear Bluetooth, 40H Long ANC Playtime, Hi-Res Audio, Big Bass, Customize via an App, Transparency Mode, Ideal for Travel-A3004",https://www.lazada.vn/products/pdp-i3136529753.html,1.240.000 ₫,5.0,24 Đã bán
"Tai Nghe Headphone Bluetooth HAVIT H655BT, BT 5.3, Chống Ồn Chủ Động ANC, Gamemode 60ms, Nghe Đến 65H - Hàng Chính Hãng",https://www.lazada.vn/products/pdp-i2383488288.html,850.000 ₫,4.0,27 Đã bán
Hot-selg Tai nghe bluetooth M47 kẹp không dây trên tiếng ồn cancelg mẫu xe cá nhân pin lớn màn hình hiển thị kỹ thuật số dropshipping,https://www.lazada.vn/products/pdp-i3238892937.html,579.000 ₫,,
"Tai nghe bluetooth V9, tai nghe không dây bluetooth, đơn tai nghe có mic",https://www.lazada.vn/products/pdp-i396648549.html,103.950 ₫,4.0,97 Đã bán
[NC] Tai nghe chụp tai Sony MDR ZX110AP | Sony ZX110AP mới 100% nguyên Seal chính hãng bảo hành 12 tháng,https://www.lazada.vn/products/pdp-i1734630486.html,477.000 ₫,,
Tai nghe Rapoo VH520 Virtual 7.1,https://www.lazada.vn/products/pdp-i786414132.html,725.000 ₫,5.0,
Tai Nghe Nhét Tai SamSung AKG s10 - s10 plus màu đen jack cắm 3.5mm,https://www.lazada.vn/products/pdp-i2542314970.html,50.000 ₫,4.0,35 Đã bán
ThinkPlus | Tai Nghe Không Dây Bluetooth Hủy Tiếng Ồn 2025 Edition,https://www.lazada.vn/products/pdp-i3198478797.html,579.000 ₫,4.0,
Tai Nghe 7.1 Âm Thanh K9PRO Của Siberia Dành Cho Máy Tính Xách Tay Có Dây USB Có Micro Đệm Đầu Chơi Game,https://www.lazada.vn/products/pdp-i3241465438.html,1.606.000 ₫,,"426 Đã bán
China"
PICUN | Tai Nghe Không Dây Bluetooth Chơi Game Hủy Tiếng Ồn Chủ Động,https://www.lazada.vn/products/pdp-i3186964098.html,1.754.000 ₫,4.0,
Somic | Tai Nghe Gaming Có Dây Cho Máy Tính,https://www.lazada.vn/products/pdp-i3220871903.html,806.000 ₫,5.0,
[Chính Hãng] Tai Nghe Kiểm Âm Sony MDR-7506 Studio Monitor Headphones MDR7506 Closed-Back Chuyên Dụng Cao Cấp,https://www.lazada.vn/products/pdp-i2602423404.html,2.990.000 ₫,,
Headphones DJ Behringer HPX6000,https://www.lazada.vn/products/pdp-i2149083707.html,1.560.000 ₫,,
Anker | Tai Nghe Không Dây Over-Ear Mở Bluetooth,https://www.lazada.vn/products/pdp-i3189148142.html,4.712.000 ₫,4.0,
"Tai Nghe Bluetooth Over-Ear Mở Phía Sau Đeo Thoải Mái, Pin Dài Cho Thể Thao",https://www.lazada.vn/products/pdp-i3220067537.html,865.000 ₫,4.0,
Panpuri | Tai Nghe Không Dây Bluetooth Hủy Tiếng Ồn cho Gaming,https://www.lazada.vn/products/pdp-i3205164040.html,658.000 ₫,4.0,
Tai nghe bluetooth Jbl 670 NC headphone,https://www.lazada.vn/products/pdp-i2896450542.html,1.890.000 ₫,,
PICUN | Tai Nghe Chơi Game Hủy Tiếng Ồn Bluetooth có Micro,https://www.lazada.vn/products/pdp-i3203277906.html,1.361.000 ₫,4.0,
Tai Nghe Không Dây Bluetooth Truyền Âm Sóng T75,https://www.lazada.vn/products/pdp-i3235657361.html,1.192.000 ₫,,
"Tai nghe chụp tai có dây H340 Logitech Kết nối Usb, Âm thanh kĩ thuật số, Mic khử tiếng ồn - Hàng chính hãng",https://www.lazada.vn/products/pdp-i2442970645.html,607.000 ₫,,
Tai Nghe Chống Ồn Sony MDR-ZX110NC - Hàng Chính Hãng - BH 12 Tháng - Có Xuất VAT,https://www.lazada.vn/products/pdp-i2427516210.html,650.000 ₫,5.0,9 Đã bán
Tai nghe chơi game nghe qua tai có dây với Mic khử tiếng ồn đèn LED cho công tắc Xbox One ps5 PS4 PC,https://www.lazada.vn/products/pdp-i3231550115.html,912.585 ₫,,
"[Chính Hãng, Bluetooth] Tai Nghe Không Dây Audio Technica ATH-M20XBT Wireless Headphones ATH M20XBT",https://www.lazada.vn/products/pdp-i2602342828.html,2.199.000 ₫,,
Tai Nghe Không Dây Hủy Tiếng Ồn ANC Bluetooth 5.4 Hi-Res Audio,https://www.lazada.vn/products/pdp-i3230938551.html,1.817.000 ₫,,
"Philips TAH5205 - Tai Nghe Over-Ear Không Dây Bluetooth 5.0, Hỗ Trợ Đàm Thoại, APP Điều Chỉnh, Thời Gian Sử Dụng 29 Giờ",https://www.lazada.vn/products/pdp-i2266872296.html,1.138.500 ₫,5.0,
"Tai Nghe Gaming EKSA E900 by Oneodio DL Có Dây Và Micro Khử Ồn Dành Cho PC, PS4, PS5",https://www.lazada.vn/products/pdp-i2183302629.html,599.000 ₫,,
Tai Nghe Có Dây Cho Game và Nhạc 3.5mm,https://www.lazada.vn/products/pdp-i3235330912.html,759.000 ₫,,
"Tai nghe chụp tai Gaming có dây iCore G11 - LED đổi màu, tai nghe có micro - Hàng Chính Hãng",https://www.lazada.vn/products/pdp-i2922730991.html,399.000 ₫,,
JIALEMEIJIA | Tai Nghe Chống Ồn Có Thể Gập Bluetooth,https://www.lazada.vn/products/pdp-i3219731301.html,891.000 ₫,,
Tai Nghe Gaming Razer BlackShark V2 X | Có Dây Cổng USB | Âm Thanh Vòm 7.1 | 50mm Drivers | 240g | Loa/Micro Đơn khử ồn | Memory Foam êm tai,https://www.lazada.vn/products/pdp-i2139198202.html,1.170.000 ₫,5.0,29 Đã bán
JIALEMEIJIA | Tai Nghe Gaming Over-Ear Có Dây Hủy Tiếng Ồn,https://www.lazada.vn/products/pdp-i3219736360.html,778.000 ₫,,
JIALEMEIJIA | Tai Nghe Có Dây Cho PS4 PS5 Xbox Smartphone PC,https://www.lazada.vn/products/pdp-i3219528713.html,575.000 ₫,,
TMSU | Tai Nghe Bluetooth Đồng Thương Hiệu Disney Strawberry Bear cho Bé Gái,https://www.lazada.vn/products/pdp-i3220831827.html,1.046.000 ₫,,
"Wireless Gaming Headset with Mic 2.4G Bluetooth Headphone USB 3.5mm Wired 3 Modes for PC,Laptop,, ,",https://www.lazada.vn/products/pdp-i3204708992.html,701.981 ₫,,
Tai nghe có dây có khung choàng đầu Razer Kaira X for Xbox - White Edition (RZ04-03970300-R3M1) (dải tần 100Hz - 10kHz),https://www.lazada.vn/products/pdp-i2842174844.html,1.790.000 ₫,,
Mucro Over-Ear ANC và enc giảm tiếng ồn Tai nghe không dây,https://www.lazada.vn/products/pdp-i2862645060.html,431.575 ₫,,
"Tai nghe Bluetooth ECTO Groove BTH-11 có thể gập lại, sử dụng được cả có dây và không dây",https://www.lazada.vn/products/pdp-i3239260360.html,481.200 ₫,,
Cosy | Tai nghe có dây Lenovo Legion Y700 thế hệ 4 dạng móc tai OpenFit cổng Type-C,https://www.lazada.vn/products/pdp-i3230436561.html,253.800 ₫,,
Tai nghe Sony Chống ồn không dây WF-1000XM5,https://www.lazada.vn/products/pdp-i2299954019.html,5.399.000 ₫,4.0,659 Đã bán
[TẶNG BỘ STICKER] Tai nghe Bluetooth chụp tai Sennheiser MOMENTUM 4 - Hàng chính hãng,https://www.lazada.vn/products/pdp-i2963882928.html,6.990.000 ₫,4.0,8 Đã bán
Tai Nghe Marshall Bluetooth Truewireless MINOR IV,https://www.lazada.vn/products/pdp-i2649884742.html,3.616.200 ₫,4.0,59 Đã bán
ZOMBIESCAT S5 Tai nghe Tai nghe chơi game khử tiếng ồn độ trễ thấp nặng bass có Tuổi thọ siêu dài tai nghe bluetooth không dây,https://www.lazada.vn/products/pdp-i3179841312.html,392.000 ₫,,
Tai nghe gaming có mic Sidotech G3m cho điện thoại dùng cho game thủ chơi game mobile pc laptop thuộc dòng tai nghe gaming có dây chuyên dụng cho game pubg moblie liên quân lmht tốc chiến,https://www.lazada.vn/products/pdp-i834360509.html,61.336 ₫,4.0,
Tai nghe kèm Micro có dây chất lượng cao để chơi game và nghe nhạc,https://www.lazada.vn/products/pdp-i3169406626.html,16.000 ₫,,
"Tai Nghe Edifier GM180 Có Dây, Tai Nghe Chơi Game, Tai Nghe Điện Thoại Di Động, Tai Nghe Máy Tính, Tai Nghe Có Dây, Tai Nghe Trong Tai",https://www.lazada.vn/products/pdp-i2837859990.html,513.000 ₫,,
Sennheiser HD 250bt Bluetooth 5.0 Tai nghe không dây âm trầm động,https://www.lazada.vn/products/pdp-i2325197286.html,2.076.318 ₫,5.0,
"[CAO CẤP] TAI NGHE BLUETOOTH NEWEST M10 V5.1 - TAI NGHE BLUETOOTH KHÔNG DÂY CAO CẤP, ĐƯỢC TRANG BỊ TÍNH NĂNG CẢM ỨNG NHANH NHẠY, GIÚP ĐIỀU KHIỂN DỄ DÀNG VÀ NHANH CHÓNG",https://www.lazada.vn/products/pdp-i3187191433.html,104.000 ₫,4.0,27 Đã bán
Tai nghe Logitech H151 - Bảo hành 12 tháng,https://www.lazada.vn/products/pdp-i1417654189.html,349.000 ₫,4.0,213 Đã bán
"Tai nghe Bluetooth V5.4 Hoco EW82 - Chống ồn, Âm thanh sống động,màn hình LED tràn viền hiển thị cảm ứng,pin 300mAh",https://www.lazada.vn/products/pdp-i3033973310.html,368.000 ₫,4.0,15 Đã bán
Headphone Chụp Tai Hoco ESD03 Chính Hãng Led RGB,https://www.lazada.vn/products/pdp-i1630800587.html,400.000 ₫,5.0,
Philips | Tai Nghe Chơi Game Hủy Tiếng Ồn có Mic,https://www.lazada.vn/products/pdp-i3191485461.html,1.242.000 ₫,4.0,
"Hyundai HY-H04 Tai nghe không dây gắn trên đầu Bluetooth bộ lưu trữ có thể gập lại, di động, mềm mại và thân thiện với da, trò chơi âm nhạc Tai nghe giảm tiếng ồn cuộc gọi thể thao",https://www.lazada.vn/products/pdp-i2477760308.html,495.030 ₫,,
Tai nghe Bluetooth không dây có micro boom LED BTH-08 màu trắng dùng cho học ngoại ngữ,https://www.lazada.vn/products/pdp-i3239173462.html,474.000 ₫,,
Transformers | Tai Nghe Bluetooth Hủy Tiếng Ồn Không Dây cho Gaming,https://www.lazada.vn/products/pdp-i3186713510.html,853.000 ₫,,
Tai Nghe Chụp Tai Baseus Bass 35 Max Wireless Headphones Trọng Phú Mobile,https://www.lazada.vn/products/pdp-i2788621709.html,619.000 ₫,,
Tai Nghe Chơi Game Bluetooth Không Dây Bass Mạnh,https://www.lazada.vn/products/pdp-i3235569587.html,603.000 ₫,,
Haomuren | Tai Nghe Giám Sát Không Dây với Bluetooth cho Hát và Phát Sóng Trực Tiếp,https://www.lazada.vn/products/pdp-i3220426842.html,1.007.000 ₫,4.0,
Niye | Tai Nghe Truyền Âm Xương Chất Lượng Cao,https://www.lazada.vn/products/pdp-i3206643456.html,730.000 ₫,4.0,
"Tai Nghe Oneodio Studio Pro 30, Chuẩn Hi-Res Audio, Wired Silver",https://www.lazada.vn/products/pdp-i2268031193.html,890.000 ₫,5.0,29 Đã bán
Tai nghe chụp tai không dây bluetooth bass mạnh pin châu 70h nghe gọi gập gọn,https://www.lazada.vn/products/pdp-i2423373210.html,270.000 ₫,,
Tai Nghe Gaming Rapoo VH360C RGB– Micro Ngắn Chuyên Dụng Game Net - Hàng Chính Hãng,https://www.lazada.vn/products/pdp-i3194122750.html,395.000 ₫,,
Thông Minh Dịch S18 Clip-On Tai nghe bluetooth Tiếng Ồn Cancelg tuổi thọ pin dài Over-Ear Thể Thao Chạy Mô Hình Mới,https://www.lazada.vn/products/pdp-i3238983645.html,604.000 ₫,,
Tai nghe DareU EH416 RGB (Đen) - Bảo hành 12 tháng,https://www.lazada.vn/products/pdp-i2407778600.html,399.000 ₫,4.0,52 Đã bán
Tai nghe chơi game USB Cho PC Surround Âm Thanh Tai nghe có dây Với Đầy Màu Sắc đèn LED Tai nghe máy tính Với Tiếng Ồn Hủy Bỏ Microphone,https://www.lazada.vn/products/pdp-i3241229498.html,390.000 ₫,,
"[SALE SIÊU KHỦNG] Tai Nghe Bluetooth Chụp Tai USAMS US-YN001, Bass Cực Mạnh - Kết Nối Bluetooth Không Dây Hiện Đại, Kiểu Dáng Trẻ Trung, Tai Nghe Gập Được, Khử Tiếng Ồn Thông Minh, Gọi Rõ Ràng Và HD, Chất Lượng Âm Thanh Cực Chất",https://www.lazada.vn/products/pdp-i1795313752.html,799.000 ₫,,
Tai Nghe Chụp Tai Bluetooth EDIFIER W800BT SE | Thời Gian Sử Dụng Đến 45h | Bluetooth 5.4 | Bảo Hành 15 Tháng,https://www.lazada.vn/products/pdp-i2885538161.html,799.000 ₫,5.0,
"[NC] Tai Nghe Chụp tai KIWI EARS ELLIPSE | ACOUSTIC, CLASSICAL, VOCAL, POP | Không Mic",https://www.lazada.vn/products/pdp-i3057689119.html,1.625.000 ₫,,
"Tai nghe chụp tai Bluetooth QCY H2 Pro BH23H2B - Hàng chính hãng - Thiết kế thoải mái và linh hoạt, tính năng khử ồn ENC, âm thanh chất lượng cao với chế độ Bass",https://www.lazada.vn/products/pdp-i3057501003.html,690.000 ₫,,
Razer Kraken Kitty V2 BT - Wireless Bluetooth RGB Headset with Kitty Ears (Tai nghe Bluetooth) | Noise-Cancelling Mics | Chroma RGB Kitty Ears & Earcups | Bluetooth 5.2-40 mm Drive,https://www.lazada.vn/products/pdp-i2396340456.html,2.690.000 ₫,5.0,7 Đã bán
Tai Nghe Bluetooth Hủy Âm Chủ Động ANC Độ Trễ Thấp Gập Thông Minh,https://www.lazada.vn/products/pdp-i3234749447.html,609.000 ₫,,
"Tai Nghe Chụp Tai Bluetooth P47 Tai Không Dây Có Mic, Âm Bass Cực Chất, Nghe Nhạc Cực Hay [Bảo Hành 12 Tháng]",https://www.lazada.vn/products/pdp-i2535510904.html,49.500 ₫,5.0,21 Đã bán
Tai nghe chụp tai MCHOSE G9 - 3 mode kết nối Micrô giảm tiếng ồn chủ động - UNI OFFICIAL STORE,https://www.lazada.vn/products/pdp-i3192075727.html,790.000 ₫,,
"Tai nghe Bluetooth 5.4 Fit H2 siêu nhẹ, hỗ trợ sạc Type-C, dùng được cả có dây và không dây.",https://www.lazada.vn/products/pdp-i3224166166.html,492.000 ₫,,
"Tai Nghe Bluetooth V5.3 Hoco ESD15 có mút đệm hạn chế âm thanh phát ra, giảm đau tai khi sử dụng",https://www.lazada.vn/products/pdp-i2164062444.html,483.000 ₫,5.0,10 Đã bán
Tai Nghe Đeo Đầu Chơi Game Chuyên Nghiệp 7.1 Âm Thanh Có Dây Cho Máy Tính Để Bàn Asus T100HA ZenBook pro Gaming,https://www.lazada.vn/products/pdp-i3170738513.html,393.000 ₫,,"90 Đã bán
China"
Tai nghe Bluetooth Headphone OneOdio A70 Chính Hãng,https://www.lazada.vn/products/pdp-i2076096624.html,1.190.000 ₫,4.0,123 Đã bán
Tai nghe chụp tai open-back SENNHEISER HD 559 có dây - bảo hành 2 năm,https://www.lazada.vn/products/pdp-i2414333148.html,3.350.000 ₫,,
Tai nghe Reloop RHP-15 Professional DJ Headphones genuine (0501),https://www.lazada.vn/products/pdp-i298508852.html,2.090.000 ₫,5.0,
Tai nghe không dây có công nghệ chống ồn WH-1000XM5,https://www.lazada.vn/products/pdp-i1891088502.html,6.499.000 ₫,4.0,
Rosy hốc máy ảnh phong cách retro Thiết kế tai nghe bluetooth không dây với tuổi thọ pin dài và tiếng ồn hủy bỏ,https://www.lazada.vn/products/pdp-i3167899956.html,72.000 ₫,5.0,10 Đã bán
"Tai nghesiêu nhỏ gọn không dây, tai nghe thể thao, ngủ, làm việc, đeo vô hình trong lớp học RUIJA",https://www.lazada.vn/products/pdp-i3050608420.html,202.665 ₫,5.0,9 Đã bán
Newmsnr Tai nghe TYPE-C 9D tích hợp tai nghe micro HD âm thanh vòm bass trong tai nghe đeo tai Tai nghe chất lượng cao nguyên bản không thấm nước & tai nghe chống mồ hôi Tai nghe chơi game hợp pháp cho Samsung/POCO/Xiaomi/Huawei/oppo/vivo v. v.,https://www.lazada.vn/products/pdp-i3059704376.html,89.000 ₫,5.0,30 Đã bán
Tai nghe Bluetooth không dây đích thực nguyên bản Tai nghe thể thao chống nước cái mic cờ rô Thích hợp để chạy,https://www.lazada.vn/products/pdp-i3113880405.html,132.480 ₫,5.0,17 Đã bán
(Mới) Newmsnr TYPE-C 9D & màng loa điện động lõi tứ Tai nghe có dây 3.5mm trong tai nghe âm thanh trầm bao quanh tai nghe đeo tai có micro HD Tai nghe giảm tiếng ồn không chậm trễ Tai nghe chơi game tai nghe chống thấm mồ hôi không thấm nước,https://www.lazada.vn/products/pdp-i3003831827.html,199.000 ₫,5.0,25 Đã bán
"ZOMBIESCAT S8 Tai nghe bluetooth chơi game không dây qua tai có khử tiếng ồn chủ động (ANC), tai nghe bluetooth có dây cho máy tính",https://www.lazada.vn/products/pdp-i3212771209.html,999.999 ₫,,
"Tai nghe không dây, tai nghe Bluetooth chụp tai Anker Soundcore H30i Bluetooth 5.3 - A3012",https://www.lazada.vn/products/pdp-i2900899896.html,779.000 ₫,5.0,5 Đã bán
Tai Nghe Bluetooth Acer OHR300PRO Đeo Đầu Đàn Hồi Dài Thời Lượng Pin Dài Thiết Bị Âm Thanh Tai Nghe,https://www.lazada.vn/products/pdp-i3140385499.html,593.000 ₫,,
Tai nghe thể thao không dây bluetooth thể thao dạng tai nghe dạng treo có mic Chất lượng âm thanh HIFI âm thanh vòm 8D Hỗ trợ thẻ nhớ TF Phát lại đài FM khử tiếng ồn,https://www.lazada.vn/products/pdp-i1288561681.html,230.000 ₫,4.0,108 Đã bán
Tai nghe chụp tai chơi game có mic E-dra EH414 Pro - Bass to - Âm thanh 7.1 - Kết nối Usb,https://www.lazada.vn/products/pdp-i2172163925.html,749.000 ₫,,
( Quà tặng Cáp OTG cho iphone ) Tai nghe Bluetooth chụp tai Bluedio T4S - Tai nghe chụp tai Bluetooth T4S,https://www.lazada.vn/products/pdp-i407760516.html,1.037.500 ₫,,
Tai Nghe Không Dây Qua Tai Gập Được Bluetooth,https://www.lazada.vn/products/pdp-i3235551602.html,768.000 ₫,,
Tai Nghe Chơi Game Có Dây 3.5mm cho Âm Nhạc,https://www.lazada.vn/products/pdp-i3238877582.html,758.000 ₫,,
Tai nghe gaming có dây Steelseries Arctis 3 (Hàng Chính Hãng),https://www.lazada.vn/products/pdp-i2149150857.html,1.790.000 ₫,,
Tai nghe Studio Over-Ear beyerdynamic DT770 80 Ohm,https://www.lazada.vn/products/pdp-i3080074546.html,2.821.500 ₫,,
Tai nghe có dây thiết kế Ergonomic Tai nghe trùm tai cho kỳ thi,https://www.lazada.vn/products/pdp-i3193182406.html,693.000 ₫,,
Tai Nghe Gaming Không Dây Logitech G535 Lightspeed Wireless - Hàng Chính Hãng - BH 2 Năm - Có Xuất VAT,https://www.lazada.vn/products/pdp-i2631196561.html,1.990.000 ₫,,
Aura Bluetooth Tai Nghe Không Dây Hỗ Trợ Chức Năng MP3 Rảnh Tay,https://www.lazada.vn/products/pdp-i3229647721.html,524.400 ₫,,
Borofone Bo108 RGB Chơi Game Tai nghe kèm Mic âm thanh nổi có dây tai nghe trùm tai Cho Máy Tính Để Bàn/Dual-Âm Thanh Máy Tính Xách Tay,https://www.lazada.vn/products/pdp-i2433656995.html,336.227 ₫,,
"Tai Nghe Bluetooth Gaming Lh1 Ultimate Có Mic Âm Thanh Nổi Dualmode Không Dây Bluetooth Chơi Game, Học Online |Patech Electronics",https://www.lazada.vn/products/pdp-i2966454067.html,1.686.000 ₫,,
Tai nghe Headphone Microlab K290,https://www.lazada.vn/products/pdp-i165458161.html,269.000 ₫,4.0,54 Đã bán
Tai Nghe Bluetooth Đeo Đầu Không Dây HiFi Âm Thanh Mạnh Có Dây Cắm Thẻ Tai Nghe Nghe Nhạc 700BT Mới Tai Nghe Giảm Tiếng Ồn,https://www.lazada.vn/products/pdp-i3140495258.html,440.000 ₫,,
Tai Nghe Gaming Over-Ear Có Dây Hủy Tiếng Ồn,https://www.lazada.vn/products/pdp-i3230782105.html,778.000 ₫,,
Monster | Tai Nghe Bluetooth Không Dây Kiểu Over-Ear Mở Khung Xương Cho Thể Thao,https://www.lazada.vn/products/pdp-i3227458458.html,730.000 ₫,4.0,
"Tai Nghe Dareu EH925L Black Red | 7.1, Jack USB, Led RGB | Bảo hành 12 Tháng",https://www.lazada.vn/products/pdp-i2808545789.html,705.000 ₫,5.0,
Tai Nghe Bluetooth Hủy Tiếng Ồn Gập Được,https://www.lazada.vn/products/pdp-i3235261925.html,891.000 ₫,,
Tai nghe có dây Headphone OneOdio Monitor 60 Chính Hãng,https://www.lazada.vn/products/pdp-i2076176879.html,1.650.000 ₫,5.0,7 Đã bán
Haylou S35 Anc Bt5.2 Headphones Wireless Gamer Headset,https://www.lazada.vn/products/pdp-i3101598885.html,999.000 ₫,,
Tai nghe EDIFIER W820NB Plus- Bluetooth 5.2 - Chụp tai - HIRES Audio - Hi-Res Audio Wireless - Chống ồn chủ động - Đàm thoại tốt - Pin 49 giờ,https://www.lazada.vn/products/pdp-i2333015685.html,1.090.000 ₫,4.0,9 Đã bán
"Tai Nghe Hổ Vằn 1562E, Tai Nghe Bluetooth MTS-3 Âm Thanh Vòm - Pin 8H • Meta Store",https://www.lazada.vn/products/pdp-i3188183306.html,850.000 ₫,,
Tai nghe chụp tai MONDO By Defunc - Thời gian dùng 45H -Dual Driver - Bluetooth 5.2 - Hàng chính hãng - Bảo hành 1 năm,https://www.lazada.vn/products/pdp-i2384272064.html,3.195.000 ₫,,
Tai nghe bluetooth Edifier W830NB – Hi-res Audio – Bluetooth V5.4 - Chính hãng MAI THU - Bảo hành 12 tháng,https://www.lazada.vn/products/pdp-i2646179267.html,1.590.000 ₫,5.0,
"Tai nghe chụp tai Bluetooth Sony WH-CH520 - Hàng chính hãng - Thời gian sử dụng lên đến 50 giờ, Công nghệ kỹ thuật số DSEE, kết nối với 2 thiết bị Bluetooth cùng lúc",https://www.lazada.vn/products/pdp-i2305650073.html,1.249.000 ₫,,
"Tai nghe chụp đầu có dây Rapoo H120 - màu đen, USB, mic cần",https://www.lazada.vn/products/pdp-i2269816321.html,284.270 ₫,,
Tai nghe choàng đầu Audio-Technica ATH-S120C cổng kết nối Type-C,https://www.lazada.vn/products/pdp-i3023773396.html,1.091.000 ₫,5.0,
[DEAL QUÀ TẶNG] Tai nghe chụp tai JBL LIVE 670 NC- Hàng Chính hãng,https://www.lazada.vn/products/pdp-i2925109068.html,2.590.000 ₫,,
Tai Nghe Chụp Tai XMOWI G5 Pro ANC - Tai Nghe Bluetooth Over-ear Khử Tiếng Ồn Chủ Động Hiệu Quả,https://www.lazada.vn/products/pdp-i3149076326.html,773.000 ₫,,
Sony WH-CH720N tiếng ồn hủy bỏ Tai nghe không dây bluetooth qua tai nghe Tai với microphone và Alexa được xây dựng trong,https://www.lazada.vn/products/pdp-i2283226821.html,4.053.750 ₫,5.0,
Tai Nghe Không Dây Bluetooth 5.2 Âm Thanh Nổi Hi-Fi Có Micrô Tai Nghe Chơi Game Thể Thao Có Thể Gập Lại Cho Máy Tính Xách Tay PC,https://www.lazada.vn/products/pdp-i3235009120.html,136.500 ₫,,
Taidu P9 Tai nghe bluetooth không dây cho chơi game và thể thao với âm thanh nổi,https://www.lazada.vn/products/pdp-i3090684980.html,69.300 ₫,4.0,19 Đã bán
【E-WOITD】 Phổ 3.5Mm Tai Nghe Có Dây Trong Tai Âm Nhạc Thể Thao Stereo Tai Nghe Tiếng Ồn Hủy Bỏ Tai Nghe Tai Nghe Với Microphone,https://www.lazada.vn/products/pdp-i3141424727.html,18.145 ₫,5.0,9 Đã bán
X55 Tai nghe không dây mini Tai nghe giảm tiếng ồn trò chơi thể thao ngủ tai nghe gắn tai bluetooth âm thanh nổi Hifi Bộ Tai nghe nhạc,https://www.lazada.vn/products/pdp-i2763794145.html,146.973 ₫,4.0,57 Đã bán
"( SALE 50% ) Tai Nghe Thể Thao Bluetooth Không Dây Truyền Khí AIR9, Công Nghệ Âm Thanh HiFi Cho Chất Âm Tuyệt Hảo, Dung Lượng Pin Lớn Lên Đến 12 Giờ.",https://www.lazada.vn/products/pdp-i2533280985.html,160.000 ₫,5.0,37 Đã bán
"[HCM]Tai nghe Bluetooth Sony h.ear in 2 WI-H700 siêu bass,âm thanh sống động fullbox,Tai Nghe Bluetooth Sony H700 Quàng Cổ Chống Ồn Pin Trâu,tai nghe Bluetooth H700 sport kháng nước chống ồn, hỗ trợ thẻ nhớ pin trâu âm thanh bass đỉnh cao",https://www.lazada.vn/products/pdp-i2105272420.html,262.000 ₫,4.0,84 Đã bán
Tai Nghe Bluetooth P9 Overhead Bass Mạnh Thiết Bị Nghe Nhạc Không Dây Đồ Chơi Điện Tử Phụ Kiện Tai Nghe Cho Điện Thoại Di Động Và Máy Tính,https://www.lazada.vn/products/pdp-i3102230416.html,166.000 ₫,,"12 Đã bán
China"
"Tai Nghe Không Dây Soundcore V20i by Anker Open-Ear Headphones, Tai nghe bluetooth, Adjustable Ear Hooks, Ultra-Comfort, Snug Fit, Punchy Bass, Clear Calls, IP55, LED Lights, 36H Playtime, Bluetooth 5.4 Earbuds, Multipoint Connection",https://www.lazada.vn/products/pdp-i3135959340.html,629.000 ₫,5.0,241 Đã bán
"Mini mini503 Tai nghe không dây Bluetooth với khe cắm thẻ TF, FM radio, Over-ear thể thao stereo",https://www.lazada.vn/products/pdp-i3238997654.html,589.000 ₫,,
"Tai nghe Bluetooth HTC NE16 V6.0 không dây, chống nước, tai nghe thể thao có mic cho iPhone, Samsung, OPPO, VIVO",https://www.lazada.vn/products/pdp-i3148756184.html,278.577 ₫,5.0,14 Đã bán
Tai nghe chụp tai có dây Motorola Pulse Bass 200 - Thiết kế thông minh gập gọn - Chống ồn - Micro trên dây Jack cắm 3.5mm - dây dài 1m2 tháo rời - Âm thanh siêu bass - Bảo hành 12 tháng,https://www.lazada.vn/products/pdp-i1217290431.html,769.850 ₫,4.0,522 Đã bán
"Tai nghe Bluetooth V5.3 Hoco EW57 sử dụng lên đến 11 giờ, pin khủng 450mAh, thiết kế kẹp vành tai tiện lợi nhỏ gọn",https://www.lazada.vn/products/pdp-i2720472340.html,525.000 ₫,5.0,5 Đã bán
Tai nghe Open FIT Areevo P10 - Thời lượng pin lên đến 40 giờ - Điều khiển giọng nói,https://www.lazada.vn/products/pdp-i3053000456.html,419.000 ₫,,
"(LỖI 1 ĐỔI 1) Tai Nghe Bluetooth S20 Pro Bản Quốc Tế Cao Cấp 5.4, Tai Nghe Không Dây Có Micro Màn Hình LED Chống Thấm Nước Pin 12h",https://www.lazada.vn/products/pdp-i2358979901.html,76.000 ₫,4.0,24 Đã bán
"TAI NGHE HI-RES HTC M10 (MAX310) ZIN BÓC MÁY, JACK 3.5MM Hãng",https://www.lazada.vn/products/pdp-i2148214198.html,185.400 ₫,,
Tai Nghe có mic Logitech H111,https://www.lazada.vn/products/pdp-i2427734497.html,240.000 ₫,,
Tai Nghe Gaming Rapoo VH360C RGB– Micro Ngắn Chuyên Dụng Game Net - Hàng Chính Hãng,https://www.lazada.vn/products/pdp-i3194191119.html,395.000 ₫,,
[Sẵn hàng] Tai nghe không dây gaming Mchose V9 | V9 Pro | 3 mode | Dây | Bluetooth | 2.4Ghz,https://www.lazada.vn/products/pdp-i3180721321.html,965.000 ₫,,
Tai nghe chụp tai Bluetooth 5.4 EDIFIER W830NB Chống ồn chủ động ANC | Hi-Res Audio | Pin 96h | Bảo Hành 15 Tháng,https://www.lazada.vn/products/pdp-i2719790173.html,1.490.000 ₫,4.0,100 Đã bán
PICUN | Tai Nghe Chơi Game Không Dây Bluetooth Hủy Tiếng Ồn Siêu Rộng Đèn,https://www.lazada.vn/products/pdp-i3198950613.html,1.281.000 ₫,4.0,
"Tai nghe chụp tai Logitech H111 - 1 jack 3.5mm, Mic khử giảm tiếng ồn, trọng lượng nhẹ, âm thanh nổi",https://www.lazada.vn/products/pdp-i2621609912.html,234.000 ₫,,
"Tai Nghe game có dây Logitech G335 - Mic gập để Mute, Jack 3.5mm, Đệm tai Memory Foam, Nhẹ 240g, Tương thích PC/ PS4 PS5/ Xbox/ Nitendo",https://www.lazada.vn/products/pdp-i1433739408.html,1.417.000 ₫,4.0,172 Đã bán
Tai nghe Gaming DAREU EH722X / EH722X Pro (BLACK ) - Chính hãng BH 12T,https://www.lazada.vn/products/pdp-i2042781992.html,650.000 ₫,5.0,22 Đã bán
"Tai nghe chụp tai TM010S, tích hợp Bluetooth, FM, Khe cắm thẻ nhớ thời gian chơi nhạc từ 4 đến 5 tiếng shop giao màu ngẫu nhiên",https://www.lazada.vn/products/pdp-i1648082270.html,237.700 ₫,,
MCYS&JPN | Tai Nghe Hủy Tiếng Ồn Sleep Chuyên Dụng,https://www.lazada.vn/products/pdp-i3206676439.html,134.000 ₫,,
Tai Nghe Bluetooth Không Dây Âm Thanh Nổi HIFI Qua Tai Có Mic Giảm Tiếng Ồn Tai Nghe Chơi Game Thể Thao Máy Nghe Nhạc Quà Tặng,https://www.lazada.vn/products/pdp-i3242050881.html,210.000 ₫,,"5 Đã bán
China"
PH | Tai Nghe Giữ Ấm Mùa Đông Cho Nam,https://www.lazada.vn/products/pdp-i3238802241.html,114.000 ₫,,
Tai nghe Gamen GH2200 tai nghe kiểu dáng gaming Led RGB over ear chụp tai đeo dễ chịu,https://www.lazada.vn/products/pdp-i1945599234.html,379.000 ₫,,
Razer Kraken Kitty V2 - Wired RGB Headset with Kitty Ears (Tai nghe Gaming) | Chroma Kitty Ears | 7.1 Surround Sound | Stream Reactive Lighting | HyperClear Cardioid Mic | Triforce,https://www.lazada.vn/products/pdp-i2396365344.html,2.690.000 ₫,,"5 Đã bán
Hồ Chí Minh"
Razer Kraken V3 X (2022) - Wired USB Gaming Headset (Tai nghe Gaming) | 7.1 Surround Sound | Chroma RGB Lighting,https://www.lazada.vn/products/pdp-i2420361965.html,1.399.000 ₫,5.0,17 Đã bán
Cosy | Tai nghe có dây dạng mở Type-C cho Lenovo IdeaTab Pro 12.7 với mic độ nhạy cao,https://www.lazada.vn/products/pdp-i3237111996.html,262.800 ₫,,
Disney DN03 Tai Nghe Bluetooth BT5.3 Dễ Thương Tai Nghe Không Dây Micrô Chế Độ Kép Để Chơi Game,https://www.lazada.vn/products/pdp-i2113014482.html,319.000 ₫,4.0,775 Đã bán
[FREESHIP MAX] Tai nghe không dây Cleer DU - Tai nghe chụp tai Cleer DU - PUKI SHOP,https://www.lazada.vn/products/pdp-i2015622838.html,999.000 ₫,,
"Tai Nghe Bluetooth Không Dây Âm Thanh Nổi HIFI Qua Tai Có Mic Giảm Tiếng Ồn Tai Nghe Chơi Game Thể Thao Máy Nghe Nhạc Jack Cắm 3,5mm",https://www.lazada.vn/products/pdp-i3232153876.html,246.000 ₫,,"49 Đã bán
China"
Tai nghe Bluetooth chụp tai Remax RB-725HB v5.0 hỗ trợ thẻ nhớ/Tai nghe Remax 620HB Hãng,https://www.lazada.vn/products/pdp-i2148136538.html,355.350 ₫,,
Tai nghe Baseus Encok D07 chụp tai không dây,https://www.lazada.vn/products/pdp-i2501976463.html,408.870 ₫,,
Tai Nghe Thể Thao Chạy Bộ Có Dây Đeo Tai Cầm Game Máy Tính Để Bàn Tai Nghe Có Dây Đeo Đầu Kiểu Treo Tai Chơi Game,https://www.lazada.vn/products/pdp-i3015616842.html,181.000 ₫,,
Tai Nghe Chụp Tai Baseus Bass 35 Max Wireless Headphones khuyến mãi,https://www.lazada.vn/products/pdp-i2788979102.html,619.000 ₫,,
"Tai Nghe Bluetooth Không Dây Có Thể Điều Chỉnh Chất Lượng Âm Thanh Cao, Chốngồn, Thời Gian Sử Dụng Pin Dài, Chạy Bộ, Tai Nghe Thể Thao Cho Nam Và Nữ",https://www.lazada.vn/products/pdp-i2955504445.html,159.000 ₫,,
"ZOMBIESCAT S1 Tai nghe bluetooth không dây Over-Ear-Tai nghe chơi game RGB với âm thanh độ trung thực cao, món quà hoàn hảo",https://www.lazada.vn/products/pdp-i3238231459.html,680.000 ₫,,
Tai nghe Bluetooth chụp đầu Niye K5,https://www.lazada.vn/products/pdp-i3200206510.html,639.000 ₫,,
🔥Sản phẩm gốc + Miễn phí vận chuyển🔥Xiaomi Bluetooth 5.4 tai nghe doanh nhân Không Dây Duy Nhất Headphone Với micrô HD móc đeo tai âm thanh nổi HiFi Tai nghe nhạc Cho Xiaomi Samsung Điện Thoại,https://www.lazada.vn/products/pdp-i3202219288.html,106.920 ₫,,
[Songful] Tai nghe USB nhẹ thoải mái tai nghe với Micro khử tiếng ồn linh hoạt cho máy tính máy tính xách tay chiếc,https://www.lazada.vn/products/pdp-i689212424.html,113.756 ₫,5.0,254 Đã bán
BOKEWU Tai Nghe Có Dây 3.5Mm Tai Nghe Chơi Game Qua Tai Tai Nghe Nhạc Âm Thanh Nổi Âm Thanh HiFi Bass Có Mic Cho Máy Vi Tính Máy Tính Xách Tay,https://www.lazada.vn/products/pdp-i791272170.html,96.000 ₫,4.0,
SEHVN Phổ 3.5Mm Tai Nghe Có Dây Trong Tai Âm Nhạc Thể Thao Stereo Tai Nghe Tiếng Ồn Hủy Bỏ Tai Nghe Tai Nghe Với Microphone,https://www.lazada.vn/products/pdp-i2990150834.html,17.259 ₫,4.0,101 Đã bán
Cho Sennheiser HD 206 đóng lại qua tai nghe đeo tai | Tai nghe DJ nhẹ | âm thanh vang và Comfort cho Iphone Android,https://www.lazada.vn/products/pdp-i3016923374.html,370.518 ₫,5.0,
Cho JBL Tune 710bt bluetooth không dây 5.0 Tai Nghe T710bt âm trầm thuần Tai nghe giảm ồn Chơi Game Bộ tai nghe thể thao mic rảnh tay Trọng Lượng Nhẹ,https://www.lazada.vn/products/pdp-i3098451275.html,357.408 ₫,5.0,
Newmsnr 9D Tai nghe siêu trầm giảm tiếng ồn trong tai nghe đeo tai không chậm trễ Tai nghe chơi game HD Tai nghe micro không thấm nước không thấm mồ hôi tai nghe thể thao,https://www.lazada.vn/products/pdp-i2477681960.html,99.000 ₫,4.0,144 Đã bán
"Shure SE215 Best Selling Shure Soundproof Headphones, DJ Bass Headphones + Beautiful Packaging + Headphones + Earphone Accessories",https://www.lazada.vn/products/pdp-i1722494947.html,528.511 ₫,5.0,8 Đã bán
Tai Nghe Tai Mèo Có Dây SY-G35 Có Đèn RGB 360 ° Mic Khử Tiếng Ồn Chất Lượng Âm Thanh HiFi Cho PC Laptop Gaming,https://www.lazada.vn/products/pdp-i2615631587.html,292.000 ₫,4.0,32 Đã bán
HP H150 E-Tai thể thao điện tử Tai Nghe Tai nghe cho máy tính/Tai Nghe Với Pluggable Microphone Cho Điện Thoại Máy Tính Để Bàn Và Compurter PC,https://www.lazada.vn/products/pdp-i3053289108.html,169.000 ₫,,
"[CAO CẤP] TAI NGHE BLUETOOTH NEWEST M10 V5.1 - TAI NGHE BLUETOOTH KHÔNG DÂY CAO CẤP, ĐƯỢC TRANG BỊ TÍNH NĂNG CẢM ỨNG NHANH NHẠY, GIÚP ĐIỀU KHIỂN DỄ DÀNG VÀ NHANH CHÓNG",https://www.lazada.vn/products/pdp-i3193203834.html,118.000 ₫,4.0,21 Đã bán
Tai nghe over-ear không dây chống ồn WH-1000XM5 Sony-hoàn toàn mới,https://www.lazada.vn/products/pdp-i3069891423.html,218.586 ₫,,
Đối với Sennheiser hd4.50 BTNC Tai nghe bluetooth không dây sâu trầm cách ly tiếng ồn Tai nghe âm thanh nổi Tai nghe chơi game màu đen với khử tiếng ồn chủ động,https://www.lazada.vn/products/pdp-i3232802989.html,1.501.613 ₫,,
"Eksa-h2 Tai nghe văn phòng với microphone, có dây USB Tai nghe máy tính, enc Mic, Over-ear Tai nghe, với ánh sáng bận rộn/tắt tiếng chuyển đổi",https://www.lazada.vn/products/pdp-i2608197592.html,677.491 ₫,,
EKSA Tai Nghe Không Dây H1 Plus Tai Nghe Bluetooth 5.0 Có Micrô Khử Tiếng Ồn Gọi ENC Thời Gian Phát 30H Cho Văn Phòng/Trung Tâm Cuộc Gọi Với Khóa USB,https://www.lazada.vn/products/pdp-i2002394997.html,940.435 ₫,5.0,
"Tai Nghe Mèo Bluetooth Có Mic Dễ Thương, Headphone Tai Mèo Đèn LED RGB Nhấp Nháy Âm Thanh Hifi, Bass Mạnh, Bảo Hành 12 Tháng",https://www.lazada.vn/products/pdp-i1620758761.html,175.000 ₫,4.0,42 Đã bán
ONIKUMA B2 Gaming Headset For PS5 PS4 XBOX PC Mac 2.4Ghz Ultra-Low Latency Noise Cancelling Wireless Headphones With Mic,https://www.lazada.vn/products/pdp-i2878241104.html,857.762 ₫,,
Cute Cat Ear Bluetooth Headphone Kid Girl Music Wireless Helmet TF Card Gaming Earphone with Mic Phone Headset,https://www.lazada.vn/products/pdp-i2793389073.html,204.058 ₫,,
CAANKEI Active Noise Cancellation Bluetooth Headphone over Ear Wireless Headphone with Memory Foam Earmuff Foldable Headset,https://www.lazada.vn/products/pdp-i3209563489.html,895.227 ₫,,
Tai Nghe Kiểm Âm Chuẩn Phòng Thu Tai Nghe Chụp Tai Có Dây Tai Nghe Isk / TTANYUN Hp-960B Cao Cấp,https://www.lazada.vn/products/pdp-i1051408239.html,318.700 ₫,4.0,29 Đã bán
Tai nghe nhạc Headphone bluetooth chụp tai không dây có micro P17 Wireless,https://www.lazada.vn/products/pdp-i2418090628.html,169.000 ₫,,
"Tai Nghe Không Dây Bluetooth SY-T30, Cho Trẻ Em, Học Sinh Học Online",https://www.lazada.vn/products/pdp-i1915981071.html,199.000 ₫,5.0,
New Product ，Marvel ANC Noise Cancelling Wireless Headphones With Mic HIFI Stereo Superb Bass Bluetooth Over-Ear Headset Sports Games,https://www.lazada.vn/products/pdp-i3123508180.html,999.999 ₫,,
Tai nghe chụp tai P47 Bluetooth 5.0 không dây có mic Tai nghe p47 Giảm Sốc | Đặt Mua Trong 30s Tai Nghe Bluetooth P47 Chụp Tai có khe cắm thẻ nhớ Chính Hãng Suno Top,https://www.lazada.vn/products/pdp-i2936052105.html,133.350 ₫,5.0,36 Đã bán
Tai nghe Bridio M8 Bluetooth 5.4 khử ồn chủ động pin 22h chỉnh EQ cá nhân êm tai suốt ngày chất lượng âm thanh tuyệt vời thiết kế thời trang hiện đại miễn phí vận chuyển hàng mới khuyến mãi bảo hành chính hãng tai nghe chụp tai cỡ lớn phù hợp cho chơi gam,https://www.lazada.vn/products/pdp-i3186761380.html,264.605 ₫,,
【24 hours Ship】 Hoco W55 plus ANC Noise Reduction Bluetooth 5.4 Noise Canceling Headphone Wireless Headphones Headset with ANC on 65 hours,https://www.lazada.vn/products/pdp-i3124041916.html,670.514 ₫,,
Tiếng ồn tai nghe tương thích tai bluetooth đơn lẻ đối với tài xế xe tải Văn phòng kinh doanh bộ lạc-VN,https://www.lazada.vn/products/pdp-i3202588090.html,69.000 ₫,,
"Tai Nghe Không Dây Bluetooth TINAN E9A, Hỗ Trợ Khe Cắm 3.5mm AUX/FM/Thẻ Nhớ TF",https://www.lazada.vn/products/pdp-i2031710654.html,358.000 ₫,5.0,19 Đã bán
Tai nghe chụp tai Bluetooth HP 2800s - chính hãng,https://www.lazada.vn/products/pdp-i2232502935.html,309.000 ₫,,
NEW P9 Pro Max Air Wireless Bluetooth Headphones Noise Cancelling Earphones Lightweight Design Sports And Gaming Headphones.,https://www.lazada.vn/products/pdp-i2913789505.html,693.976 ₫,,
"Tai Nghe Wireless Bluebooth P47 Phù Hợp Cho Mọi Người, Thể Thao, Chạy Bộ Thể Dục",https://www.lazada.vn/products/pdp-i2661791129.html,100.000 ₫,,
Tai nghe chơi game HyperX Cloud Stinger Core 2,https://www.lazada.vn/products/pdp-i1969195507.html,699.000 ₫,5.0,7 Đã bán
Tai nghe Lenovo Stereo Analog Headset_4XD0X88524 CHÍNH HÃNG,https://www.lazada.vn/products/pdp-i1970205553.html,380.000 ₫,5.0,
【HOT】 B570 Bluetooth Headphone Wireless Headset Hifi Stereo Foldable Support Sd Aux Microphone,https://www.lazada.vn/products/pdp-i2801795298.html,688.180 ₫,,
ATTACK SHARK L90 Flodable RGB Ultra-Light Tri-Mode Gaming Headset Foldable Lightweight RGB Wireless Gaming Headset for PC/PS4/PS5/Switch/Xbox,https://www.lazada.vn/products/pdp-i3112330856.html,998.478 ₫,,
[Chính Hãng] Tai Nghe Kiểm Âm AKG K52 Over-Ear Studio Monitor Headphones Professional,https://www.lazada.vn/products/pdp-i2602316862.html,999.000 ₫,,
Tai nghe chụp tai hỗ trợ mic phù hợp học online chơi game tặng tai nghe 3.5 chính hãng hoco,https://www.lazada.vn/products/pdp-i1295474811.html,169.000 ₫,5.0,233 Đã bán
"Tai nghe chụp tai Bluetooth Havit H633BT - Hàng chính hãng - Kiểu dáng cong thái học, Bluetooth v5.1, sử dụng đến 22 giờ",https://www.lazada.vn/products/pdp-i1921110245.html,390.000 ₫,4.0,59 Đã bán
Tai nghe chụp tai hoco có mic đàm thoại Gaming/Học online Headphone,https://www.lazada.vn/products/pdp-i1532961746.html,249.000 ₫,5.0,395 Đã bán
Skyloong Comfortable Ear Cup Design Headphones Headphones Wireless Earphones with Noise Reduction Immersive Sound Ultralight Wide Compatibility Bluetooth Headset,https://www.lazada.vn/products/pdp-i3186555558.html,896.319 ₫,,
♥100% sản phẩm gốc + Miễn phí vận chuyển♥Sony J18 Tai nghe không dây Hifi Trong Tai âm thanh stereo kèm mic Bluetooth Cảm Ứng Không Thấm Nước Tiếng Ồn Hủy Bỏ Đa Tai Nghe,https://www.lazada.vn/products/pdp-i3092451085.html,150.480 ₫,5.0,18 Đã bán
Newmsnr thiết kế trong suốt đeo cổ 9D giảm tiếng ồn Tai nghe bluetooth HIFI âm bass mạnh không dây Tai nghe kèm micro HD cuộc gọi Tai nghe không thấm nước không thấm mồ hôi tai nghe thể thao,https://www.lazada.vn/products/pdp-i2657058758.html,160.000 ₫,5.0,128 Đã bán
"Tai Nghe Headphone Chụp Tai Không Dây Bluetooth X-Bass Âm Thanh Nổi Nghe Nhạc, Chơi Game Giải Trí",https://www.lazada.vn/products/pdp-i2237437649.html,249.000 ₫,5.0,24 Đã bán
【E-WOITD】 Tai nghe âm nhạc có dây Macaron màu cho nam và nữ có micro và giảm tiếng ồn,https://www.lazada.vn/products/pdp-i2983503331.html,17.373 ₫,,"10 Đã bán
China"
Tai Nghe Chụp Tai Có Micro Sony MDR-ZX310AP - Bảo Hành 12 Tháng Tại Tất Cả TTBH Sony Toàn Quốc,https://www.lazada.vn/products/pdp-i144221429.html,729.000 ₫,4.0,28 Đã bán
Tai nghe chụp tai H8 siêu bền chơi game nghe nhạc có mic thoại dùng tốt cho điện thoại máy tính,https://www.lazada.vn/products/pdp-i320672606.html,99.000 ₫,4.0,346 Đã bán
"STN-28 Tai Nghe Mèo Bluetooth Chụp Tai STN28, Có Micro, Âm Thanh Siêu Bass. Headphone Con Mèo Chơi Game, Học Online",https://www.lazada.vn/products/pdp-i2231530655.html,40.000 ₫,5.0,12 Đã bán
Tai nghe Bluetooth 100 giờ đeo cổ Bluetooth5.0 Tai nghe 4 loa Tai nghe thể thao Tai nghe không dây Tai nghe giảm tiếng ồn thông minh Âm thanh nổi 9D Âm trầm cực lớn IPX5 Chống mồ hôi Chống thấm nước,https://www.lazada.vn/products/pdp-i1856088274.html,321.000 ₫,4.0,221 Đã bán
Tai nghe G1 chụp tai chuyên Game Có mic đàm thoại ( dùng tốt cho cả điện thoại và máy tính ),https://www.lazada.vn/products/pdp-i221065157.html,99.000 ₫,4.0,
Tai Nghe Không Dây Bluetooth 5.4 Có Mic Dẫn Khí Ear-Hook 180 ° Tai Nghe HiFi Thể Thao Điều Khiển Cảm Ứng Xoay Cho Doanh Nghiệp,https://www.lazada.vn/products/pdp-i2751106014.html,82.550 ₫,4.0,217 Đã bán
Tai nghe thông minh kết nối bluetooth nhiều chức năng màn hình led hiện pin sạc nhanh pin trâu,https://www.lazada.vn/products/pdp-i2847435097.html,80.531 ₫,5.0,19 Đã bán
Tai nghe chụp tai hoco có mic đàm thoại Gaming/Học online Headphone ( HÀNG CHÍNH HÃNG ),https://www.lazada.vn/products/pdp-i1533063092.html,249.000 ₫,5.0,423 Đã bán
"Tai nghe gaming Lenovo Legion Rescuer Y360 , giả lập âm thanh vòm 7.1, chính hãng, bảo hành lên tới 12 tháng",https://www.lazada.vn/products/pdp-i2132191368.html,549.000 ₫,,
Tai Nghe Chụp Tai Không Dây HAVIT H2590BT Pro Bluetooth 5.1 (PHÂN PHỐI CHÍNH HÃNG),https://www.lazada.vn/products/pdp-i2238436625.html,295.000 ₫,5.0,
"[FREESHIP MAX] Tai Nghe Chụp Tai Bluetooth A8 Tai Không Dây Có Mic có màn báo pin, Âm Bass Cực Chất, Nghe Nhạc Cực Hay Bảo Hành 12 Tháng-Toàn Lộc Computer",https://www.lazada.vn/products/pdp-i2228011460.html,310.000 ₫,5.0,15 Đã bán
"Tai Nghe Gaming Headphone HAVIT H2022U, Driver 53mm, Đèn RGB, Giả Lập 7.1 - Hàng Chính Hãng",https://www.lazada.vn/products/pdp-i1776725847.html,580.000 ₫,5.0,
"Tai Nghe Chụp Tai Bluetooth Y08 -Bluetooth, AUX, TF - Âm Thanh Nổi, Nghe Gọi, Kết Nối Nhiều Thiết Bị",https://www.lazada.vn/products/pdp-i2444213566.html,59.000 ₫,5.0,5 Đã bán
Tai nghe choàng đầu chuyên kiểm âm nghe nhạc Takstar HD2000 âm thanh rất hay,https://www.lazada.vn/products/pdp-i290956193.html,450.000 ₫,,
"Tai nghe chụp tai bluetooth chính hãng có míc, hỗ trợ chân 3.5 và thẻ nhớ nghe nhạc, pin bền",https://www.lazada.vn/products/pdp-i1281251214.html,169.000 ₫,4.0,243 Đã bán
"Tai Nghe Chụp Tai Bluetooth Hoco, Pin Siêu Trâu 40h, Bluetooth V5.3, Kiểu Dáng Sang Trọng, Chống Ồn, Chống Thấm Nước, Dùng Thẻ Nhớ ( SIÊU BỀN )",https://www.lazada.vn/products/pdp-i2145727343.html,259.000 ₫,4.0,391 Đã bán
"Tai nghe game thủ YD03 bluetooth 5.3 thế hệ mới máy mạnh, pin trâu, kèm mic đàm thoại trực tiếp",https://www.lazada.vn/products/pdp-i2750726579.html,500.000 ₫,5.0,
"Tai Nghe Chụp Tai Bluetooth B39 - HiFi, Micro, Led RGB - Âm Thanh Chất Lượng, Nghe Gọi, Kết Nối Nhiều Thiết Bị",https://www.lazada.vn/products/pdp-i2440584855.html,147.000 ₫,5.0,16 Đã bán
Tai Nghe chụp tai Bluetooth P47R tai thỏ GROWNTECH có thể gập lại đèn led 7 màu dễ thương âm thanh sống động có đệm tai êm tai dùng thử 7 ngày bảo hành 24 tháng,https://www.lazada.vn/products/pdp-i2182495048.html,103.950 ₫,4.0,27 Đã bán
"Tai Nghe Bluetooth Không Dây PRO 4, Tai Nghe Thể Thao Mini Chống Tiếng Ồn Có Micro Tương Thích Tất Cả Dòng Máy",https://www.lazada.vn/products/pdp-i1691571704.html,59.000 ₫,5.0,7 Đã bán
[Chính Hãng] AKG K240 Studio Tai Nghe Kiểm Âm Over-Ear Monitor Headphones Professional,https://www.lazada.vn/products/pdp-i2602466137.html,1.650.000 ₫,5.0,
"Tai nghe chụp tai Hoco chính hãng chuyên dụng có míc dành cho điện thoại và máy tính 1 cổng 3.5 có mic thoại, âm thanh cực hay (SIÊU BỀN )",https://www.lazada.vn/products/pdp-i1519684837.html,249.000 ₫,5.0,236 Đã bán
"Tai nghe máy tính chơi gaming công suất lớn hỗ trợ máy vi tính, laptop chụp tai X6",https://www.lazada.vn/products/pdp-i1300462059.html,126.225 ₫,4.0,103 Đã bán
Tai nghe chụp tai Hoco có míc hỗ trợ học online và chơi game chính hãng dây 3.5mm chống đứt ( SIÊU BỀN ),https://www.lazada.vn/products/pdp-i1499643265.html,169.000 ₫,5.0,
Tai Nghe headphones Yamaha HPH-50B,https://www.lazada.vn/products/pdp-i593982116.html,750.000 ₫,,
[HCM]Tai nghe chụp tai phong cách hàn quốc điều chỉnh kích cở (nghe nhạc cực pass),https://www.lazada.vn/products/pdp-i288820340.html,42.000 ₫,4.0,218 Đã bán
Tai Nghe Bluetooth Sony Wi C300 ( Wi-C300 ) - Hàng Chính Hãng,https://www.lazada.vn/products/pdp-i2176118365.html,299.000 ₫,5.0,
"Tai Nghe Kiểm Âm TIANYUN HP-906B - Tai Nghe Chụp Tai Cao Cấp Giá Rẻ, Khớp Xoay 180 Độ, Âm Thanh Chất Lượng, Đệm Lót Tai Êm Ái Giảm Đau Khi Sử Dụng Lâu Dài",https://www.lazada.vn/products/pdp-i725856015.html,350.000 ₫,4.0,25 Đã bán
[Chính Hãng] Tai Nghe Kiểm Âm Samson SR950 - Studio Monitor Headphones Professional,https://www.lazada.vn/products/pdp-i2747205237.html,999.000 ₫,,
Tai Nghe Bluetooth Chụp Tai ko Dây Hoco W42-Tai Nghe Chụp Tai Bluetooth Không Dây Hoco W42 Tại OKSEPVN,https://www.lazada.vn/products/pdp-i2657998133.html,237.000 ₫,,
[FREESHIP MAX] Tai nghe Over Ear Skullcandy CRUSHER -Tai nghe Bluetooth Wireless - PUKI SHOP,https://www.lazada.vn/products/pdp-i1641288037.html,1.650.000 ₫,5.0,5 Đã bán
Tai Nghe PDP Gaming cho Nintendo Switch,https://www.lazada.vn/products/pdp-i2137531319.html,380.000 ₫,5.0,
Tai nghe chụp tai không dây Hoco có míc Kết Nối Bluetooth 5.0 Chống Nước Dùng Cho Điện Thoại / Máy Tính ( HÀNG CHÍNH HÃNG ),https://www.lazada.vn/products/pdp-i2117518048.html,259.000 ₫,5.0,
Tai Nghe Bass Hay Kết Nối Bluetooth Pro 4 Mini Âm Thanh Chuẩn HiFI Chất Lượng Cao - Bảo hành 1 ĐỔI 1 từ MƯỜNG THANH ROYAL,https://www.lazada.vn/products/pdp-i1686697136.html,56.000 ₫,4.0,
"Tai nghe chụp tai Bluetooth Havit H630BT - Hàng chính hãng - Bluetooth v5.3, âm thanh sống động, sử dụng lên đến 36 giờ",https://www.lazada.vn/products/pdp-i2043601467.html,449.000 ₫,4.0,10 Đã bán
"Tai Nghe Chụp Tai Không Dây Bluetooth A8 có mic, đồng hồ báo pin, Âm Bass Cực Chất, Nghe Nhạc Cực Hay Bảo Hành 12 Tháng",https://www.lazada.vn/products/pdp-i2228821628.html,200.000 ₫,5.0,30 Đã bán
ZOMBIESCAT B8 Tai nghe gắn tai không dây enc khử tiếng ồn Bluetooth 5.4 headphone với mics HD cuộc gọi TWS trong tai headpones,https://www.lazada.vn/products/pdp-i3178328177.html,335.999 ₫,,
Tai Nghe Điều Khiển Giọng Nói Thông Minh Tai Nghe Bluetooth Không Dây Phát Nhạc 800 Giờ Tai Nghe Âm Thanh Nổi 12D Thoải Mái Âm Trầm Nặng Tai Nghe Thể Thao Đeo Cổ Hỗ Trợ Thẻ TF Có Mic Tai Nghe Bluetooth5.3,https://www.lazada.vn/products/pdp-i2116402954.html,485.700 ₫,5.0,6 Đã bán
Tai Nghe Nghe Nhạc Không Dây Có Dây Không Đeo Tai Headset Gaming over Ear Có Ống Nghe Thoại Microphone Tai Nghe Nghe Nhạc Máy Tính Để Bàn,https://www.lazada.vn/products/pdp-i3233676607.html,198.000 ₫,,
"X8 Wireless Ear Headset, Hands Free Noise Canceling Headphones, Ear Earphones Stereo Headphones For Sports Work Running Walking",https://www.lazada.vn/products/pdp-i2686412281.html,25.000 ₫,,
Tai Nghe Máy Tính Có Dây USB Có Micrô Giảm Tiếng Ồn Bằng Giọng Nói Rõ Ràng Cho Trung Tâm Cuộc Gọi Văn Phòng Trường Học PC Chơi Game Điều Khiển Âm Lượng,https://www.lazada.vn/products/pdp-i2615658418.html,100.100 ₫,4.0,108 Đã bán
Polvcdg Platinum ELA2 Headset Đệm Tai Bluetooth Không Dây Cho Máy Tính Để Bàn Game Esports Microphone Ống Nghe Có Dây,https://www.lazada.vn/products/pdp-i3138931703.html,121.000 ₫,,"12 Đã bán
China"
FAAEAL Tai Nghe Treo Tai CCA CRA Tai Nghe HiFi Âm Nhạc Có Dây Kim Loại Tần Số Cao Tai Nghe Màn Hình Tai Nghe Chơi Game Thể Thao Khử Tiếng Ồn Tai Nghe Siêu Trầm Tai Nghe Chạy Bộ Tập Gym Cho Điện Thoại Thông Minh IOS Android Máy Nghe Nhạc MP3 Máy Tính Xách,https://www.lazada.vn/products/pdp-i1945284626.html,410.826 ₫,5.0,40 Đã bán
Tai Nghe Kiểm Âm HP 960 chất lượng đáng mua nhất 2022,https://www.lazada.vn/products/pdp-i2406437695.html,302.000 ₫,,
PH | Tai Nghe Giữ Ấm Mùa Đông Cho Nam,https://www.lazada.vn/products/pdp-i3238882138.html,114.000 ₫,,
"Monster Mission AC100 Tai nghe không chụp tai Bluetooth 6.0 không dây – Dành cho game, phim, nhạc – Kèm mic và móc tai – Thời gian phát 32 giờ – Tai nghe 2.4Ghz",https://www.lazada.vn/products/pdp-i3165786288.html,890.999 ₫,5.0,
TAI NGHE BLUETOOTH PHILIPS-V9 FULL BOX,https://www.lazada.vn/products/pdp-i2500529174.html,129.000 ₫,,
Tai nghe Siberia Frost SteelSeries 200 V2 màu xanh băng cao cấp,https://www.lazada.vn/products/pdp-i3232492593.html,1.334.804 ₫,,
Lenovo | Tai Nghe Bluetooth Kháng Ồn Dành cho Thể Thao,https://www.lazada.vn/products/pdp-i3194796428.html,388.000 ₫,4.0,
Awei PC-7 tai nghe chơi game có dây trong tai tai nghe loại c jack 3.5mm âm thanh nổi bass kèm micro tai nghe nhạc rảnh tay thiết kế công thái học cuộc gọi thoại cuộc gọi trả lời cuộc gọi cuối cho điện thoại máy tính xách tay máy tính xách tay,https://www.lazada.vn/products/pdp-i1844150892.html,52.000 ₫,4.0,40 Đã bán
"Tai nghe Bluetooth Earfun Air Life kết nối app thời gian nghe 11h bluetooth 5.4 game mode 0,1s",https://www.lazada.vn/products/pdp-i3173009326.html,345.000 ₫,5.0,8 Đã bán
Tai nghe chụp tai Bluetooth 5.0 EDIFIER W820NB / W820NB PLUS | Chống ồn chủ động ANC | Thời lượng pin đến 49 giờ | Bảo Hành 15 Tháng,https://www.lazada.vn/products/pdp-i1617856978.html,829.000 ₫,4.0,
"Tai Nghe Không Dây Chống Ồn | Chế Độ Xuyên Âm, Thiết Kế Trong Suốt, Siêu Nhẹ | PISEN C1 Cyberpunk | BHD-TW11 | Bảo Hành 12 Tháng (Kích Hoạt PCARE + 6 Tháng) | Bảo Hiểm 2 Triệu Đô Toàn Cầu",https://www.lazada.vn/products/pdp-i3081468424.html,555.000 ₫,,
[HÀNG TẶNG KHÔNG BÁN] Tai nghe Malto,https://www.lazada.vn/products/pdp-i2818072262.html,700.000 ₫,4.0,132 Đã bán
Tai nghe trò chơi thể thao không dây gấp P Series Tai nghe bluetooth 5.0 Tai nghe âm thanh nổi P47,https://www.lazada.vn/products/pdp-i2434595128.html,129.000 ₫,4.0,131 Đã bán
Tai Nghe Bluetooth V5.4 EDIFIER X1 Lite/T10 | Playtime lên đến 28h | Độ trễ thấp 60ms | Bảo hành chính hãng 15 Tháng,https://www.lazada.vn/products/pdp-i2826960386.html,369.000 ₫,4.0,101 Đã bán
Tai Nghe JBL Tour Pro 3 Màn Hình Cảm Ứng Âm Thanh Không Gian Chống Ồn Chủ Động ANC Bluetooth 5.3 Kháng Nước IP55 Techub Store,https://www.lazada.vn/products/pdp-i2905855985.html,4.990.000 ₫,5.0,11 Đã bán
Tai Nghe Bluetooth Chơi Game Có Khả Năng Hủy Tiếng Ồn Chủ Động,https://www.lazada.vn/products/pdp-i3219393113.html,905.000 ₫,4.0,
"Headphone Bluetooth HAVIT H612BT, Âm thanh Stereo, Nghe Đến 50 giờ, App Havit Life - BH 12 Tháng",https://www.lazada.vn/products/pdp-i3107039920.html,420.000 ₫,5.0,
"Tai nghe Bluetooth đeo tai với mic ẩn, tai nghe không dây gập được cho điện thoại di động, PC, laptop, thích hợp cho âm nhạc, trường học, tập luyện và chơi game (màu đen)",https://www.lazada.vn/products/pdp-i3235064280.html,2.259.242 ₫,,
Tai nghe JBL WAVE BEAM - Hàng Chính Hãng,https://www.lazada.vn/products/pdp-i2594021802.html,990.000 ₫,4.0,143 Đã bán
Tai nghe Bluetooth chụp tai Baseus Bass 35 Max Wireless Headphones Stellar (Hàng chính hãng),https://www.lazada.vn/products/pdp-i2826100397.html,936.000 ₫,5.0,
Tai nghe Gaming Có Dây ZADEZ GT-326P,https://www.lazada.vn/products/pdp-i2879988270.html,476.000 ₫,,
Tai nghe Bluetooth EDIFIER X2S/W110T | Playtime tới 26H | Chống nước IP54 | Chống ồn chơi game | Bảo Hành 15 Tháng,https://www.lazada.vn/products/pdp-i1617311895.html,369.000 ₫,4.0,
Tai Nghe Chụp Tai Không Dây Alpha Works FLEX 680 Chống Ồn Bluetooth 5.4 Driver 40mm Nghe Nhạc Tới 40h Trọng Lượng Siêu Nhẹ,https://www.lazada.vn/products/pdp-i2886162292.html,710.000 ₫,5.0,
"Tai nghe game không dây Lightspeed Logitech G733 - Headband tùy chỉnh, RGB Lightsync, màn loa Pro-G, Mic Blue Voice",https://www.lazada.vn/products/pdp-i2210738222.html,2.499.000 ₫,4.0,12 Đã bán
kinyo | Tai Nghe Bluetooth với Đinh Đá,https://www.lazada.vn/products/pdp-i3233257424.html,261.000 ₫,4.0,
"[SHIP HỎA TỐC] Tai Nghe Dây JBL Tune 310C Cổng Type C Chính Hãng, Có Mic Đàm Thoại Bass Mạnh Mẽ Hi-Res Chất Âm Sóng Động",https://www.lazada.vn/products/pdp-i2563060770.html,540.000 ₫,,
"HEADPHONE TUCCI X6 , tucci x5 - Tai Nghe Chơi Game Có Mic ,Logitech Gaming Headphones, Mẫu Mới 2023 ,Tai nghe chơi game tốt, Bảo hành toàn quốc",https://www.lazada.vn/products/pdp-i1360245322.html,126.225 ₫,3.0,6 Đã bán
"Maono uhuru g724x Tai nghe chụp tai chơi game, tai nghe với micro chơi game 2.4GHz, đa năng với ba chế độ không dây/có dây 2.4G/BT 5.3/USB-C có dây, âm thanh tinh tế với micrô",https://www.lazada.vn/products/pdp-i2839594645.html,990.000 ₫,5.0,7 Đã bán
monqiqi | Tai Nghe Bluetooth Hủy Tiếng ỒnANC cho Gaming,https://www.lazada.vn/products/pdp-i3219194396.html,978.000 ₫,4.0,
Tai nghe Razer BlackShark V2 HyperSpeed | Kết Nối 3 Cổng: Bluetooth - 2.4Ghz - USB Type-A | Hyperclear | THX SPATIAL Audio | Driver 50mm,https://www.lazada.vn/products/pdp-i2417647957.html,3.690.000 ₫,5.0,
"Maono mh700 Tai nghe kiểm âm chuyên nghiệp Tai nghe chụp có dây Tai nghe phòng thu với trình điều khiển 50mm Over-ear Tai nghe âm thanh nổi cho DJ, ghi âm, podcasting, Streaming",https://www.lazada.vn/products/pdp-i2980436191.html,1.399.000 ₫,5.0,7 Đã bán
Cosy | Tai nghe có dây dạng mở Neotab Z12 Pro Type-C với mic độ nhạy cao,https://www.lazada.vn/products/pdp-i3237561055.html,242.400 ₫,,
Tai Nghe Choàng Đầu Có Dây Plantronics Blackwire C5220 Micrô Chống Ồn Cao Cấp Cho Tổng Đài Viên - Hàng Chính Hãng Việt Nam,https://www.lazada.vn/products/pdp-i2359654791.html,3.190.000 ₫,,
"Tai nghe chụp tai Gaming có dây iCore G11 - LED đổi màu, tai nghe có micro - Hàng Chính Hãng",https://www.lazada.vn/products/pdp-i1984545303.html,388.000 ₫,5.0,
"SIÊU SALE CỰC ĐÃ LazMall Chính Hãng Xiaomi Hồ Chí Minh Tai Nghe Bluetooth Xiaomi Pro 6 Tws 5.0 Hai Tai Stereo Wireless Mini Headphone Với Micrô Tích Hợp, Tai Nghe Không Dây TWS 5.3 Kết Nối Bluetooth Chống Thấm Nước Có Micro Âm Thanh Nổi Tiện Dụng",https://www.lazada.vn/products/pdp-i3221548100.html,160.000 ₫,5.0,31 Đã bán
E-WOITD Tai Nghe Cho Trẻ Em Có Dây Máy Tính Tai Nghe Với 3.5Mm Cắm Phổ Thể Thao Âm Nhạc Tai Nghe Cho Trẻ Em Cô Gái Quà Tặng,https://www.lazada.vn/products/pdp-i3133773015.html,33.720 ₫,,
"[Đầu Cắm USB] Tai Nghe Có Dây TINAN BW822 Kèm Mic, Thích Hợp Dùng Chăm Sóc Khách Hàng, Học Online",https://www.lazada.vn/products/pdp-i2019255664.html,288.000 ₫,5.0,271 Đã bán
"Tai Nghe Dẫn Truyền Xương X7 Mẫu Mới Bluetooth 5.2, Kèm Mic, Tích Hợp Thẻ Nhớ, Màn Hình LED Cao Cấp",https://www.lazada.vn/products/pdp-i2373009917.html,94.050 ₫,5.0,7 Đã bán
Tai nghe Headset J5 dành cho Android,https://www.lazada.vn/products/pdp-i1171994589.html,15.000 ₫,4.0,185 Đã bán
Sony WH-ch520 Tai nghe không dây Bluetooth không dây trên tai Tai nghe kèm micro để gọi điện thoại,https://www.lazada.vn/products/pdp-i2531430940.html,2.186.250 ₫,,
Baseus Bowie D05 Tai Nghe Tai nghe không dây Bluetooth 5.3 Tai Nghe âm thanh nổi HiFi Fones Có Thể Gập Lại Không Dây Có Dây hai công dụng Tai Nghe,https://www.lazada.vn/products/pdp-i2505518939.html,764.000 ₫,4.0,100 Đã bán
Tai Nghe Nghe Chống Ồn QKZ-AK6 Bass Siêu Khủng Âm Thanh Cực Đỉnh Có Mic Đàm Thoại Nghe Nhạc EDM REMIX Chơi Game Cực Đỉnh Dùng Cho Cả Điện Thoại Máy Tính,https://www.lazada.vn/products/pdp-i336202463.html,79.000 ₫,4.0,
Tai Nghe Cách Âm Cây Thông Noel Delta plus 103119 Có Dây Có Thể Tái Sử Dụng TPR Giảm Tiếng Ồn Tai Nghe Bảo Vệ Tai,https://www.lazada.vn/products/pdp-i3005596748.html,71.000 ₫,,"186 Đã bán
Hong Kong"
Newmsnr 5 chế độ ánh sáng tai nghe gắn tai không dây hợp kim nhôm kết cấu cơ thể Tai nghe bluetooth 360 ° xoay Thiết kế tai nghe với HD microphone Hifi Kim loại tai nghe âm Bass hign kết thúc không thấm nước tai nghe thể thao,https://www.lazada.vn/products/pdp-i3189159395.html,450.000 ₫,,
Tai Nghe Chân Dẹp Cần bật Bluetooth Nghe Gọi Đầy Đủ Nghe Nhạc Bass Hay Dùng Từ 7 đến 14 Pro max Phụ kiện ATI,https://www.lazada.vn/products/pdp-i2511479288.html,30.314 ₫,5.0,12 Đã bán
Tai nghe kiểm âm ISK HP-960B bh 12 tháng,https://www.lazada.vn/products/pdp-i1860239207.html,389.000 ₫,,
Tai nghe không dây Bluetooth BHD-TW4 PISEN P1 - Màu trắng Chính Hãng,https://www.lazada.vn/products/pdp-i2912149625.html,519.000 ₫,,
Tai nghe DareU EH469 Black RGB 7.1 USB,https://www.lazada.vn/products/pdp-i2051995486.html,659.000 ₫,,
Tai nghe Bluetooth trùm đầu Baseus Bowie D05 Bluetooth 5.3 Chống ồn chủ động âm thanh Stereo Surround Bass Headset 3D Spatial Audio Gaming pin 70H,https://www.lazada.vn/products/pdp-i2347043780.html,620.000 ₫,,
"✌ Tai nghe Bluetooth Sennheiser HD 350BT cũ – âm thanh đậm chất Đức, thiết kế gọn nhẹ hiện đại",https://www.lazada.vn/products/pdp-i3196126178.html,1.188.000 ₫,,
Tai Nghe Chụp Tai Bluetooth Sennheiser HD 250BT - Âm Thanh Cực Hay - Bảo Hành Chính Hãng 24 Tháng,https://www.lazada.vn/products/pdp-i2035699908.html,1.290.000 ₫,,
PICUN | Tai Nghe Chơi Game Không Dây Bluetooth Hủy Tiếng Ồn,https://www.lazada.vn/products/pdp-i3177082550.html,1.327.000 ₫,4.0,
"Maono mh700 Tai nghe kiểm âm chuyên nghiệp Tai nghe chụp có dây Tai nghe phòng thu với trình điều khiển 50mm Over-ear Tai nghe âm thanh nổi cho DJ, ghi âm, podcasting, Streaming",https://www.lazada.vn/products/pdp-i2980423165.html,1.399.000 ₫,,"5 Đã bán
China"
Philips | Tai Nghe Bluetooth Không Dây Over-Ear Chơi Game Tăng Cường Bass Hủy Tiếng Ồn,https://www.lazada.vn/products/pdp-i3174092078.html,692.000 ₫,4.0,
Tai nghe chụp tai Hoco W102 đèn LED tích hợp mic đàm thoại 2 cổng cắm 3.5mm/USB-A chiều dài 2M,https://www.lazada.vn/products/pdp-i1337995095.html,486.000 ₫,,
"Tai Nghe Oneodio A71 Màu Đen Có Dây, Có Mic Âm Thanh Chuẩn Hi-Res",https://www.lazada.vn/products/pdp-i2367639869.html,750.000 ₫,4.0,
"[ New Version ] Tai Nghe Bluetooth MTS-3 Hổ Vằn 1562E ENC - Âm Thanh Không Gian, Bản BEST - Pin 8H",https://www.lazada.vn/products/pdp-i3188172335.html,850.000 ₫,,
"Tai nghe gaming không dây Logitech G735 Aurora - Bluetooth & Lightspeed, RGB, tương thích PC, Mac, sạc USB-C",https://www.lazada.vn/products/pdp-i2089591426.html,4.599.000 ₫,5.0,12 Đã bán
PICUN | Tai Nghe Gaming Bluetooth 2.4G Không Dây 4 Chế Độ,https://www.lazada.vn/products/pdp-i3181183457.html,3.204.000 ₫,4.0,
[NEW] Tai Nghe Gaming Razer Kraken V4 X Minecraft Edition | Có Dây | Driver 40mm | THX Audio | 7.1 Surround | Led RGB,https://www.lazada.vn/products/pdp-i3112944054.html,2.690.000 ₫,,
Philips | Tai Nghe Bluetooth Không Dây cho Thể Thao và Chơi Game,https://www.lazada.vn/products/pdp-i3197730303.html,738.000 ₫,,
Tai Nghe có dây Gaming Asus TUF H3 Red - Hàng Chính Hãng,https://www.lazada.vn/products/pdp-i1926383445.html,990.000 ₫,,
Tai Nghe Choàng Đầu Có Dây Dell WH1022 Micrô Chống Ồn Cao Cấp Cho Tổng Đài Viên - Hàng Chính Hãng Việt Nam,https://www.lazada.vn/products/pdp-i2701757645.html,900.000 ₫,5.0,5 Đã bán
Haomuren | Tai Nghe Chơi Game Trực Tiếp Truyền Hình có Theo Dõi Bằng Thẻ Âm Thanh,https://www.lazada.vn/products/pdp-i3196462078.html,607.000 ₫,,
tai nghe chụp tai bluetooth p47 wireless nhỏ gọn tiện lợi đa màu sắc âm thanh tuyệt vời giá rẻ ƞhất thị trường,https://www.lazada.vn/products/pdp-i2358809777.html,48.000 ₫,1.0,7 Đã bán
"Picun Kho G3 Kiểu Đeo Đầu 2.4G Tai Nghe Bluetooth Không Dây Có Micrô, Tai Nghe Chơi Game Có Độ Trễ Thấp",https://www.lazada.vn/products/pdp-i2823370605.html,983.261 ₫,,
[NC] Tai nghe chụp tai Bluetooth QCY H2 PRO | Có Mic | Hàng Chính Hãng QCY Việt Nam,https://www.lazada.vn/products/pdp-i3060558766.html,568.000 ₫,,
Tai nghe EDIFIER W820NB/W820NB PLUS Bluetooth 5.0 không dây Chụp tai Chống ồn chủ động Hires Audio Gaming Thời lượng pin 29 giờ - Hàng chính hãng - Phiên bản quốc tế - Bảo hành 12 tháng - Đổi mới trong 30 ngày,https://www.lazada.vn/products/pdp-i2016532018.html,1.250.000 ₫,5.0,57 Đã bán
Tai nghe Sennheiser HD25 - Hàng chính hãng,https://www.lazada.vn/products/pdp-i2099616857.html,4.250.000 ₫,5.0,
Tai nghe Bluetooth trùm đầu chống ổn Lenovo HD200 BT5.0,https://www.lazada.vn/products/pdp-i2122683104.html,790.000 ₫,,
"[ New Version ] Tai nghe Bluetooth MTS-Pro 2 Hổ Vằn 1562F, Chống Ồn ANC 35DB - Xuyên Âm - Vuốt Tăng/Giảm Âm",https://www.lazada.vn/products/pdp-i3188153462.html,800.000 ₫,,
Awei A360BL âm thanh nổi không dây Tai nghe chơi game âm thanh trầm vượt trội Bluetooth với AUX giao diện tuổi thọ pin dài,https://www.lazada.vn/products/pdp-i1656100641.html,644.715 ₫,4.0,12 Đã bán
Tai Nghe Không Dây Baseus Bowie 30 ANC -50dB Tai nghe Blutooth Khử tiếng ồn chủ động (ANC) -50dB,https://www.lazada.vn/products/pdp-i2730125252.html,839.000 ₫,5.0,24 Đã bán
"JBL | Tai Nghe JBL JR310 Dành Cho Trẻ Em Có Ống Nghe Có Dây, Tai Nghe Học Tiếng Anh Trực Tuyến, Tai Nghe Học Sinh, Tai Nghe Có Thể Điều Chỉnh",https://www.lazada.vn/products/pdp-i3233890038.html,2.767.000 ₫,,
Sennheiser IE40 PRO Tai Nghe Có Dây Tai Nghe HIFI Tai Nghe Thể Thao Tai Nghe Chống Ồn Chủ Động,https://www.lazada.vn/products/pdp-i1808907099.html,662.808 ₫,5.0,39 Đã bán
"Cho Ban Đầu Sennheiser HD 400S Xung Quanh Tai Tai nghe có dây cách ly tiếng ồn Tai Nghe Với nhạc âm thanh nổi, thiết kế có thể gập lại Cho tai nghe thể thao",https://www.lazada.vn/products/pdp-i3064495497.html,507.237 ₫,,
【YIDEA Hongkong】tai Nghe Máy Tính 3.5Mm Có Micrô Tai Nghe Gắn Đầu Khử Tiếng Ồn Tai Nghe Trung Tâm Cuộc Gọi Có Dây Dành Cho Trung Tâm Cuộc Gọi Doanh Nhân,https://www.lazada.vn/products/pdp-i2064675902.html,75.509 ₫,4.0,70 Đã bán
"New Bee H368 USB Headphone,Tai Nghe USB, Tai Nghe Kinh Doanh, Tai Nghe Văn Phòng Với Microphone USB-A USB-C Call Center Tai Nghe Cuộc họp nhóm Zoom Skype",https://www.lazada.vn/products/pdp-i2792801255.html,379.000 ₫,4.0,29 Đã bán
"DISOUR Tai Nghe Không Dây Doanh Nhân P13 Chính Hãng Tai Trái Phải Xoay 270 ° Thông Dụng, Có Mic, Tai Nghe Bluetooth Thể Thao Chống Nước Tai Nghe Nhạc Âm Thanh Nổi HiFi V9 V9S Dành Cho Lái Xe Ô Tô, Du Lịch, Văn Phòng, Người Giao Hàng, Nhân Viên Bưu Điện",https://www.lazada.vn/products/pdp-i1921235341.html,61.000 ₫,5.0,19 Đã bán
Tai nghe bluetooth không dây gắn cổ B28 thể thao Tai nghe không dây sáng tạo vòng cổ tai nghe Tai nghe âm thanh nổi HIFI tiếng ồn hủy bỏ tai nghe rung tai nghe,https://www.lazada.vn/products/pdp-i2375294150.html,270.000 ₫,4.0,48 Đã bán
Có dây tai nghe bass nặng năng động với điều khiển âm lượng mic màu đen cho điện thoại di động,https://www.lazada.vn/products/pdp-i3203703895.html,125.000 ₫,,
"3Tech Mall Tai Nghe Có Dây Gắn Đầu USB/3.5Mm Với Micro HD, Tai Nghe Giảm Tiếng Ồn Âm Thanh Nổi Chiều Dài Cáp 1.9 Mét",https://www.lazada.vn/products/pdp-i1417726491.html,69.000 ₫,4.0,269 Đã bán
[HCM]Tai nghe móc tai cao cấp LS-Q140p,https://www.lazada.vn/products/pdp-i274320604.html,28.000 ₫,4.0,290 Đã bán
Jabra Elite 85T-Jabra Nâng Cao Tiếng ồn hoạt động hủy bỏ tai nghe không dây chân thật âm trầm cao,https://www.lazada.vn/products/pdp-i3016040612.html,572.638 ₫,5.0,6 Đã bán
Rosy Recess y08 Macaron Tai nghe không dây Bluetooth Tai nghe 5.0 âm thanh nổi di động máy tính điện thoại thông tin liên lạc,https://www.lazada.vn/products/pdp-i3072940153.html,62.000 ₫,5.0,
Rosy RECESS burmester hiệu ứng âm thanh Clip-on Tai nghe không dây Bluetooth mở dẫn truyền âm thanh qua xương thể thao chống ồn siêu bền,https://www.lazada.vn/products/pdp-i3173579892.html,35.000 ₫,,
Newmsnr ai Bluetooth Heaphones 169 ngôn ngữ dịch Tai nghe không dây màn hình cảm ứng LED tai nghe với micrô HD 9D công nghệ Clear Bass Tai nghe giảm tiếng ồn,https://www.lazada.vn/products/pdp-i3190743235.html,690.000 ₫,,
"Tai Nghe Có Dây 3,5MM HiFi Tai Nghe Nhét Tai Nghe Nhạc Có Mic Đồng Driver Bass Stereo Cho Cuộc Đua Thể Thao",https://www.lazada.vn/products/pdp-i3235617541.html,100.800 ₫,,
YUCHU | Tai Nghe Hủy Tiếng Ồn Giúp Ngủ,https://www.lazada.vn/products/pdp-i3232003868.html,173.000 ₫,,
Tai Nghe Bluetooth Không Dây OPPO Find N3 Flip Tai Nghe Thông Minh Chuyên Dụng Cho Điện Thoại Di Động Tai Nghe Nghe Nhạc Có Thể Điều Chỉnh,https://www.lazada.vn/products/pdp-i3015960182.html,424.000 ₫,,"6 Đã bán
China"
Hoco W67 Tai nghe bluetooth không dây Bluetooth 5.4 trùm tai có thể gập lại Tai nghe kèm Micro nhạc HIFI tai nghe thể thao cho tất cả các điện thoại thông minh phổ,https://www.lazada.vn/products/pdp-i3149656821.html,399.000 ₫,,
"Tai Nghe Đeo Đầu Có Dây 6,5mm Tai Nghe Chuyên Dụng Cho Đàn Piano Tai Nghe Chuyển Đổi Đa Năng Cho Đàn Guitar",https://www.lazada.vn/products/pdp-i3154675789.html,165.000 ₫,,"6 Đã bán
China"
JIFANPAUL | Tai Nghe Chống Lạnh và Chống Đóng Băng cho Trẻ Em,https://www.lazada.vn/products/pdp-i3196906244.html,95.000 ₫,,
Tai Nghe Bluetooth Không Dây Thể Thao Mới 2025 Tai Nghe Chơi Game Chốngồn Hai Bên Thời Lượng Pin Siêu Dài Thiết Bị Âm Thanh,https://www.lazada.vn/products/pdp-i2947220191.html,140.000 ₫,,"384 Đã bán
Hong Kong"
"Tai Nghe Nghe Nhạc Điện Tử Có Dây Đeo Đầu Đa Năng Cỡ Lớn Tai Nghe Giám Sát Chuyên Dụng Cho Nhạc Cụ Kèm 6,5mm",https://www.lazada.vn/products/pdp-i3154752299.html,165.000 ₫,,"54 Đã bán
China"
Tai Nghe Không Dây Bluetooth P9 Tai Nghe Chơi Game Thể Thao Đa Năng Tương Thích Với Nhiều Mẫu Máy Chơi Game Sony PlayStation,https://www.lazada.vn/products/pdp-i3238256079.html,238.700 ₫,,
[FREESHIP MAX] Tai Nghe Chụp Tai Skullcandy Cassette Wireless - Tai nghe Over-Ear không dây Bluetooth 5.0 - PUKI SHOP,https://www.lazada.vn/products/pdp-i1978880716.html,749.000 ₫,5.0,
"Tai Nghe Có Dây Gaming Headset Dành Cho Máy Tính Xách Tay Asus ZenBook 3 Có Dây 2,2m Microphone Tích Hợp Phong Cách Gaming",https://www.lazada.vn/products/pdp-i3170742655.html,385.000 ₫,,
Cosy | Tai nghe có dây Lenovo Legion Y700 thế hệ thứ 3 dạng móc tai OpenFit cổng Type-C,https://www.lazada.vn/products/pdp-i3237270776.html,274.800 ₫,,
Tai Nghe Chơi Game Alienware AW920h Bluetooth Headset Có Micrô Và Hiệu Ứng Ánh Sáng Đồ Chơi Công Nghệ Số Phụ Kiện Gia Dụng,https://www.lazada.vn/products/pdp-i3140521055.html,500.000 ₫,,
Cosy | Tai nghe có dây Lenovo Legion Y700 Thế hệ thứ 2 dạng móc tai OpenFit cổng Type-C,https://www.lazada.vn/products/pdp-i3237356461.html,274.800 ₫,,
Tai Nghe 7.1 Âm Thanh Có Ống Nghe Đeo Đầu ASUS ROG Rapture Microphone Headset Gaming Đồ Họa Âm Thanh Tai Nghe Có Dây,https://www.lazada.vn/products/pdp-i3159568901.html,463.000 ₫,,
Tai Nghe Chơi Game Đeo Đầu Có Mic Chuyên Dụng Cho Máy Tính Để Bàn Và Điện Thoại Di Động EWEADN X8 Gaming Headset,https://www.lazada.vn/products/pdp-i2965843417.html,394.000 ₫,,"91 Đã bán
Hong Kong"
Tai Nghe Không Dây Bluetooth Chụp Tai Sony WH-CH520,https://www.lazada.vn/products/pdp-i3104207883.html,1.430.000 ₫,,
Tai Nghe Chụp Tai Gaming Baseus AeQur GH02 Gaming Wireless Headphones,https://www.lazada.vn/products/pdp-i1636624400.html,1.399.000 ₫,,
"Tai Nghe Hổ Vằn 1562F, Tai Nghe Bluetooth MTS-Pro 2 Chống Ồn ANC - Xuyên Âm - Tăng Giảm Âm Lượng • Meta Store",https://www.lazada.vn/products/pdp-i3188149508.html,800.000 ₫,,
Cosy | Tai Nghe Có Dây C Type Open Fit Lenovo Ideatab Plus 12.1,https://www.lazada.vn/products/pdp-i3226160653.html,274.800 ₫,,
【Exclusive Offer】 New Wireless Bluetooth Headphone 5.1 with 3.5mm Cable Subwoofer Stereo Noise Reduction Headset with Microphone Game Headset,https://www.lazada.vn/products/pdp-i3228330825.html,641.378 ₫,,
[HCM]Tai nghe HP H-160G Led,https://www.lazada.vn/products/pdp-i2189539506.html,808.200 ₫,,
"IKF V1 Tai nghe không dây 2.4G Tai nghe bluetooth Chơi Game Với Microphone 50H Thời Gian Chơi sâu trầm, IKF Ứng Dụng, Đôi Thiết Bị Kết Nối Cho Andriod/IOS",https://www.lazada.vn/products/pdp-i2603872957.html,659.000 ₫,,
Tai nghe chơi game USB Cho PC Surround Âm Thanh Tai nghe có dây Với Đầy Màu Sắc đèn LED Tai nghe máy tính Với Tiếng Ồn Hủy Bỏ Microphone,https://www.lazada.vn/products/pdp-i3241394880.html,390.000 ₫,,
JIALEMEIJIA | Tai Nghe Gaming Esports Có Đèn LED RGB,https://www.lazada.vn/products/pdp-i3219712487.html,786.000 ₫,,
"Cosy | Tai nghe có dây Lenovo IdeaTab Plus 12.1, cổng Type-C, gốm sứ, tích hợp micro, hands-free",https://www.lazada.vn/products/pdp-i3226160655.html,316.800 ₫,,
Tai nghe chơi game tai nghe chơi game có dây với tiếng ồn hủy bỏ mic đèn LED mềm Bộ nhớ earmuffs cho ps5/PS4/máy tính xách tay/PC,https://www.lazada.vn/products/pdp-i3231358576.html,649.565 ₫,,
E-WOITD Phổ 3.5Mm Tai Nghe Có Dây Trong Tai Âm Nhạc Thể Thao Stereo Tai Nghe Tiếng Ồn Hủy Bỏ Tai Nghe Tai Nghe Với Microphone,https://www.lazada.vn/products/pdp-i3113039916.html,17.259 ₫,,"6 Đã bán
China"
Tai nghe chụp tai bluetooth 5.0 hoco w25 Over ear HeadPhone - tai nghe thể thao siêu bass chuyên game,https://www.lazada.vn/products/pdp-i372164751.html,200.000 ₫,4.0,79 Đã bán
Tai nghe Bluetooth 5.0 P9 Trẻ Trung Thời Trang Tích hợp micro\ P47,https://www.lazada.vn/products/pdp-i2796139883.html,5.555 ₫,5.0,
C-saw 3.5mm tai nghe trong tai màu sắc tai nghe với tai nghe loa bass thể thao chơi game âm nhạc stereo có microphone cho iPhone Samsung Sony,https://www.lazada.vn/products/pdp-i973540537.html,29.000 ₫,4.0,
Tai nghe chụp tai chính hãng có míc hỗ trợ học online và chơi game chính hãng dây 3.5mm chống đứt ( SIÊU BỀN ),https://www.lazada.vn/products/pdp-i1571732882.html,169.000 ₫,5.0,262 Đã bán
Tai nghe Sennheiser HD206 chính hãng,https://www.lazada.vn/products/pdp-i239672412.html,599.000 ₫,4.0,21 Đã bán
Tai Nghe chụp tai Hoco chính hãng có míc hỗ trợ học trực tuyến và chơi game kết nối 3 cổng USB và jack chia tích hợp cả micro-phone-led,https://www.lazada.vn/products/pdp-i1609014404.html,249.000 ₫,5.0,295 Đã bán
Tai nghe chơi game Plextone G21 kèm Gaming Sound Card GS21 - Thiết bị hỗ trợ âm thanh đa năng,https://www.lazada.vn/products/pdp-i2683328557.html,264.000 ₫,,
( Quà tặng kèm ) Tai nghe phòng thu Superlux HD681 Evo (Đen) - Tai nghe kiểm âm Superlux HD681 EVO - Tai nghe chụp tai Superlux HD681EVO - Headphone Superlux HD681EVO - Tai Nghe Chống Ồn SUPERLUX HD681 EVO,https://www.lazada.vn/products/pdp-i558826805.html,875.000 ₫,5.0,
Tai nghe chụp tai Hoco chính hãng có míc hỗ trợ học trực tuyến và chơi game kết nối 3 cổng USB và jack chia tích hợp cả micro-phone-led (SIÊU BỀN),https://www.lazada.vn/products/pdp-i1608941674.html,249.000 ₫,5.0,712 Đã bán
"Tai nghe kiểm âm Takstar TS-450, kiểm âm, tốt, da mềm mại , đeo êm tai, BẢO HÀNH 12 THÁNG",https://www.lazada.vn/products/pdp-i1264868532.html,675.000 ₫,4.0,205 Đã bán
"Tai Nghe Không Dây Bluetooth KINYO I31/PRO, Đeo Tai Thoải Mái, Cho Văn Phòng, Nghe Nhạc",https://www.lazada.vn/products/pdp-i2378655230.html,468.000 ₫,4.0,58 Đã bán
"Tai Nghe Chơi Game HOCO,Tai Nghe chụp tai Có Dây, Đèn LED Kèm Micro Học online ( HÀNG CHÍNH HÃNG )",https://www.lazada.vn/products/pdp-i1485197966.html,249.000 ₫,4.0,175 Đã bán
[Chính Hãng] Tai Nghe Kiểm Âm Takstar HD2000 - Studio Monitor Headphones Professional,https://www.lazada.vn/products/pdp-i2712136366.html,535.000 ₫,,
"Tai Nghe HP DHE-8009 – Âm Thanh Rõ Ràng, Mic Linh Hoạt, Thiết Kế Thoải Mái, Phù Hợp Mọi Nhu Cầu Sử Dụng",https://www.lazada.vn/products/pdp-i3064232697.html,207.900 ₫,,
"Tai nghe chụp tai có míc cho điện thoại và máy tính, để chơi game và học online phù hợp mọi lứa tuổi",https://www.lazada.vn/products/pdp-i1502585918.html,249.000 ₫,5.0,264 Đã bán
[HCM]Tai nghe (Headphones DJ) HDJ-CUE1 (Pioneer DJ) - Hàng Chính Hãng,https://www.lazada.vn/products/pdp-i835454618.html,2.300.000 ₫,5.0,13 Đã bán
Tai nghe Bluetooth Edifier W820NB Plus Green,https://www.lazada.vn/products/pdp-i2457857502.html,1.210.000 ₫,5.0,7 Đã bán
Tai nghe gaming không dây Steelseries Arctis 1 Wireless - nobox,https://www.lazada.vn/products/pdp-i2413121458.html,1.399.000 ₫,5.0,51 Đã bán
"Tai nghe chơi game HP DHE-8011U đa phương tiện, loại chụp tai HP có đèn Led và Mic cổng USB / 3.5mm cho PC/Laptop Hãng",https://www.lazada.vn/products/pdp-i2147999977.html,307.970 ₫,,
"Tai Nghe Chụp Tai Có Dây ZIDLI SCORE SH320V , Giả Lập Âm Thanh 7.1 LED RGB - Hàng Chính Hãng , Bảo Hành 12 Tháng",https://www.lazada.vn/products/pdp-i2386992382.html,427.000 ₫,5.0,
Studio Headphones Behringer DH100,https://www.lazada.vn/products/pdp-i2148429383.html,1.110.000 ₫,5.0,5 Đã bán
"Tai nghe Robot GT-03 chùm tai có dây, có mic, chơi game. Chính hãng Tako, BH 6 tháng",https://www.lazada.vn/products/pdp-i1597275280.html,228.000 ₫,,
"[Chính Hãng, Bluetooth] Tai Nghe Không Dây Audio Technica ATH-M20XBT Wireless Headphones ATH M20XBT",https://www.lazada.vn/products/pdp-i1763595578.html,2.199.000 ₫,5.0,6 Đã bán
Tai nghe Reloop RHP-20 Knight Professional DJ/Studio headphone,https://www.lazada.vn/products/pdp-i298514617.html,3.200.000 ₫,,
TAI NGHE CÓ DÂY ĐẸP NHIỀU MÀU NHIỀU PHONG CÁCH,https://www.lazada.vn/products/pdp-i1497649227.html,10.000 ₫,4.0,162 Đã bán
Tai nghe Bluetooth chụp tai không dây Sparkle Zealot B570 + Tặng kèm 1 Usb thu Bluetooth CSR 4.0 Dongle,https://www.lazada.vn/products/pdp-i143037539.html,347.600 ₫,4.0,
Tai nghe có dây chụp tai Rapoo H120,https://www.lazada.vn/products/pdp-i282722231.html,269.000 ₫,,
"[Chính Hãng USA] Tai Nghe Kiểm Âm Samson SR850 - Đệm Nhung, Studio Monitor Headphones Professional Over-Ear Semi Open",https://www.lazada.vn/products/pdp-i2863205691.html,890.000 ₫,,
Tai nghe EDIFIER W820NBPlus Bluetooth 5.0 không dây Chụp tai [VOUCHER 100K DÙNG NGAY] Chống ồn chủ động Hires Audio Gaming Thời lượng pin 29 giờ - Hàng chính hãng - Phiên bản quốc tế - Bảo hành 12 tháng - Đổi mới trong 30 ngày,https://www.lazada.vn/products/pdp-i1910067960.html,1.150.000 ₫,5.0,37 Đã bán
Tai nghe Bluetooth Seraph X - Umetravel - Hàng chính hãng - Bảo hành 12 tháng,https://www.lazada.vn/products/pdp-i2517509550.html,295.000 ₫,,
"Tai nghe Logitech H111 - 1 jack 3.5mm, Mic khử giảm tiếng ồn, trọng lượng nhẹ, âm thanh nổi - Hàng chính hãng",https://www.lazada.vn/products/pdp-i2129841999.html,169.000 ₫,,
Tai nghe chụp tai Bluetooth 5.2 EDIFIER W820NB PLUS | Chống ồn chủ động ANC | Pin trâu | Chính hãng - Bảo hành 12 tháng,https://www.lazada.vn/products/pdp-i2856335135.html,1.069.000 ₫,,
Tai Nghe Có Mic Logitech H150 - Headphone Hỗ Trợ Học Online Và Nghe Nhạc,https://www.lazada.vn/products/pdp-i1052602528.html,350.000 ₫,,
Tai nghe không dây Nokia Essential E1200 - Hàng chính hãng - Bảo hành 12 tháng,https://www.lazada.vn/products/pdp-i1463991155.html,715.000 ₫,5.0,7 Đã bán
"Tai Nghe Chụp Tai Chống Ồn Chủ Động Sony WH-CH720N, Pin Khỏe 50H - Tai Nghe Nhẹ Và Đeo Thoải Mái",https://www.lazada.vn/products/pdp-i2360209737.html,2.890.000 ₫,,
"Tai Nghe Gaming Zidli Zh-7Rb (Sound 7.1, Led Fix Rgb) Chính Hãng",https://www.lazada.vn/products/pdp-i1203507083.html,481.000 ₫,5.0,5 Đã bán
"Tai Nghe Chơi Game Sony INZONE H3 - MDR-G300 - PS3, PS4, PS5, PC, Lapop, Nintendo, Xbox Và Nhiều Thiết Bị Dùng Cổng 3.5mm - Nghe Nhạc & Học Ngoại Ngữ Tốt - Bảo Hành 12 tháng",https://www.lazada.vn/products/pdp-i1980384956.html,1.790.000 ₫,,
Tai nghe Sennheiser IE40 Pro,https://www.lazada.vn/products/pdp-i842212806.html,780.000 ₫,5.0,16 Đã bán
Tai nghe có dây chụp tai Rapoo H120 (Đen),https://www.lazada.vn/products/pdp-i1577712987.html,308.000 ₫,,
【 100% Xác Thực 】 Dành Cho Sennheiser HD 206 Tai Nghe Đeo Tai Kín 3.5 Mm Bộ Tai Nghe Nhạc Âm Thanh Nổi Có Dây Tai Nghe Chống Ồn,https://www.lazada.vn/products/pdp-i510148817.html,441.783 ₫,5.0,5 Đã bán
"Tai Nghe Bluetooth QiMi F9 - Bluetooth 5.4 Cao Cấp, Pin Trâu, Cảm Ứng Chạm, Nhét Tai Nhỏ Gọn",https://www.lazada.vn/products/pdp-i3218155264.html,79.000 ₫,5.0,9 Đã bán
"All-Products XIAOMl Đặc Biệt LazMall Tai Nghe Bluetooth Không Dây Xiaomi Pro 6, Bản Quốc tế Âm Thanh Chuẩn HIFI Dùng Cho Mọi Thiết Bị Nghe Nhạc Cực Hay, Tiện Dụng - Cảm Biến, Đổi Tên - Nhiều Màu, Lọc Tiếng Ồn",https://www.lazada.vn/products/pdp-i3092913099.html,157.000 ₫,4.0,48 Đã bán
Kebidumei Bluetooth 5.3 Tai nghe mở tai nghe đeo tai điều khiển bằng cảm ứng tai nghe âm thanh nổi HiFi Tai nghe kèm micro cho điện thoại,https://www.lazada.vn/products/pdp-i2482647781.html,84.918 ₫,4.0,178 Đã bán
Tai Nghe Bluetooth 2025 Mới Tai Nghe Chơi Game Có Dây Không Dây Giảm Tiếng Ồn Cho Máy Tính Và Điện Thoại Tai Nghe Nghe Nhạc Tai Nghe,https://www.lazada.vn/products/pdp-i3233685335.html,211.000 ₫,,
IP67 Tai nghe bluetooth chống nước Tai nghe không dây 9D Tai nghe âm thanh nổi ENC Dual-Đánh Dấu Cuộc Gọi Tai nghe giảm tiếng ồn tuổi thọ pin dài Tai Nghe Với IP67 Nước Và ngăn mồ hôi,https://www.lazada.vn/products/pdp-i2874102449.html,420.000 ₫,3.0,6 Đã bán
3.5mm tai nghe có dây móc đeo tai tai nghe stereo trò chơi tai nghe thể thao với micrô cho điện thoại,https://www.lazada.vn/products/pdp-i3163286276.html,52.000 ₫,,
Asus Rog Strix Tai Nghe 7.1 Kênh Tai Nghe Chơi Game Cho Máy Tính Laptop Trò Chơi Thể Thao Điện Tử Đặc Biệt Máy Tính Xách Tay Kết Nối Có Dây,https://www.lazada.vn/products/pdp-i2838816219.html,443.000 ₫,,"198 Đã bán
Hong Kong"
🔥100% sản phẩm gốc + Miễn phí vận chuyển + cá tuyết🔥Xiaomi Ban Đầu dẫn truyền âm thanh qua xương bluetooth không dây 5.3 Headphone tai nghe thể thao TWS HIFI Mở Khuyên tai Thể Thao Tai nghe kèm Micro,https://www.lazada.vn/products/pdp-i3201661378.html,159.000 ₫,,
"VITOG Tai Nghe Có Dây USB Loại C Mới, Tai Nghe HIFI Âm Thanh Nổi Siêu Trầm Tai Nghe Thể Thao Có MIC Tai Nghe Bass Điện Thoại Di Động Android Dành Cho Xiaomi Redmi Huawei Oppo Vivo Sony Samsung Airdots",https://www.lazada.vn/products/pdp-i1402475498.html,19.000 ₫,4.0,29 Đã bán
Tai Nghe Kiểm Âm Chuyên Nghiệp ISK HP960 chính hãng bh 12 tháng,https://www.lazada.vn/products/pdp-i1895862586.html,450.000 ₫,,
TAFIQ | Tai Nghe Gaming Đeo Trong Tai có Micro cho PC và Livestream,https://www.lazada.vn/products/pdp-i3193621718.html,92.000 ₫,4.0,
"Tai Nghe Có Dây Nhét Tai Stereo VNP Bass Heads Có Mic Bass Hay Nghe Nhạc, Chơi Game",https://www.lazada.vn/products/pdp-i3227582122.html,39.000 ₫,,
Tai Nghe Không Dây Bluetooth 5.0 HiFi Stereo Tai Nghe Chụp Tai Có Mic Chống Nước Rảnh Tay Cho Huawei Xiaomi Kinh Doanh Sử Dụng,https://www.lazada.vn/products/pdp-i2994810373.html,111.000 ₫,4.0,38 Đã bán
[HCM]TAI NGHE CHÍNH HÃNG SONY XPERIA-MH410C,https://www.lazada.vn/products/pdp-i1105328489.html,100.000 ₫,,
Monster Open Ear 101 Tai nghe dẫn tai nghe thể thao không dây âm thanh nổi Bluetooth Dẫn Truyền qua xương V5.3 Tai nghe Điều khiển bằng cảm ứng không thấm nước,https://www.lazada.vn/products/pdp-i3216218363.html,356.399 ₫,,
Monster Aurafit GT19 mini bán trong tai Tai nghe bluetooth enc tiếng ồn hủy bỏ thể thao không dây tai nghe nhét tai vô hình tai nghe,https://www.lazada.vn/products/pdp-i3166233543.html,231.659 ₫,5.0,
HP Dhh1601 Tai nghe chơi game có dây 7.1 Surround Âm Thanh Với Micrô tích hợp Học Sinh Học Tập Thi Trực Tuyến Lớp Văn Phòng Cho PC Máy Tính Xách Tay (3.5Mm Jack),https://www.lazada.vn/products/pdp-i3036390240.html,489.900 ₫,,"5 Đã bán
China"
Tai Nghe Retro Tai Nghe Bluetooth Để Chụp Ảnh Y2k /năm 2000 Phụ Kiện Thời Trang Thời Trang Tai Nghe Trang Trí Dopamine Cho Bé Gái Có Mic,https://www.lazada.vn/products/pdp-i2500368875.html,191.000 ₫,,"24 Đã bán
Hong Kong"
Monster AC317 Tai nghe bluetooth thông minh cảm ứng HD cuộc gọi treo tai surround âm thanh độ bền mạnh mẽ Bluetooth 5.4,https://www.lazada.vn/products/pdp-i3216269239.html,356.399 ₫,,
Tai nghe gaming PC có dây Victory RGB LED GBKS-15 màu đỏ,https://www.lazada.vn/products/pdp-i3237314519.html,299.400 ₫,,
Tai Nghe Baseus Bowie H1i Bluetooth 5.3 38db ANC Khử Tiếng Ồn Hi-Res 3D Âm Thanh thời gian chờ 100H tai nghe không độ trễ Tai nghe Gaming,https://www.lazada.vn/products/pdp-i2611200684.html,799.000 ₫,4.0,203 Đã bán
New Bee G95 RGB Gaming Headset Tai nghe chơi game RGB Microphone giảm tiếng ồn được thiết kế đặc biệt cho eSports Tai nghe chơi game có dây cho PC và máy tính xách tay,https://www.lazada.vn/products/pdp-i2678170961.html,299.000 ₫,,
Tai nghe chuyên dụng Creative HS-230 hỗ trợ kết nối có dây 3.5mm/USB-A,https://www.lazada.vn/products/pdp-i3229528594.html,541.200 ₫,,
Jabra Easygo+ Bluetooth Headset Cao Cấp Mute Nhạc Không Dây 10m Màn Hình LED Thời Gian Sử Dụng 10h Thời Gian Sạc 2h,https://www.lazada.vn/products/pdp-i3015887376.html,423.000 ₫,,"235 Đã bán
Hong Kong"
"Tai nghe game không dây Lightspeed Logitech G535 - Trọng lượng nhẹ, âm thanh nổi, tương thích PC, PS4, PS5, Mic gấp để tắt tiếng",https://www.lazada.vn/products/pdp-i2232798256.html,2.799.000 ₫,5.0,
Awei Over-Tai nghe đeo tai Aura phonic loạt AT20,https://www.lazada.vn/products/pdp-i3098384784.html,4.999.000 ₫,,
Tai nghe chụp tai có dây Motorola Moto XT120 - gấp gọn - mic đàm thoại - âm thanh sống động - dây dài 120cm - bảo hành 12 tháng 1 đổi 1,https://www.lazada.vn/products/pdp-i2058708093.html,596.850 ₫,5.0,56 Đã bán
Tai nghe Sony MDR-7506 - Chính hãng,https://www.lazada.vn/products/pdp-i2277459734.html,999.999 ₫,,"9 Đã bán
China"
Tai nghe chụp tai không dây EDIFIER WH700NB/WH700NB Pro | Phát nhạc lên tới 68H | Khử tiếng ồn môi trường | Bảo hành 15 Tháng,https://www.lazada.vn/products/pdp-i2515291715.html,899.000 ₫,4.0,416 Đã bán
Đầu Ra Âm Thanh Không Dây Disney Marvel Bluetooth 611 Iron Man Tai Nghe Thể Thao Hai Bên Giảm Tiếng Ồn Siêu Dài Tuổi Thọ,https://www.lazada.vn/products/pdp-i3005620397.html,955.000 ₫,,"36 Đã bán
China"
Tai nghe Bluetooth không dây stereo Actimon-H500 5.0,https://www.lazada.vn/products/pdp-i3234695374.html,294.100 ₫,5.0,
Tai Nghe Thể Thao Không Dây Bone Conduction Stereo Wired Overhead Không Cần Đeo Tai Microphone Có Sẵn Tai Nghe Chơi Game,https://www.lazada.vn/products/pdp-i3005637270.html,489.000 ₫,,"6 Đã bán
China"
Tai nghe chơi game không dây nút đa chức năng tai nghe chơi game có dây 4 chế độ cho máy tính,https://www.lazada.vn/products/pdp-i3143353320.html,764.000 ₫,,
Tai Nghe HP Wireless Bluetooth Overhead Music Headphones 2025 New Model for Girls Gaming Computer with Mic Esports Gaming Headset,https://www.lazada.vn/products/pdp-i2846340639.html,802.000 ₫,,"600 Đã bán
Hong Kong"
Usams ANC Tai nghe khử tiếng ồn không dây bt5.3 âm thanh nổi vòm 40h Tuổi thọ pin dài cho chơi game/ngoài trời/làm việc,https://www.lazada.vn/products/pdp-i3238298472.html,773.033 ₫,,
"Tai nghe chụp tai Soundcore by Anker Q11i Wireless Over-Ear Bluetooth Headphones by Anker, Deep Bass, 60H Playtime, Hi-Res Audio, Tai nghe gaming, Detachable Ear Cushions, Multipoint Connection",https://www.lazada.vn/products/pdp-i3135770711.html,859.000 ₫,4.0,16 Đã bán
"Tai Nghe Chụp Tai Bluetooth EARFUN WAVE PRO Chống Ồn Chủ Động, Lọc Gió, LDAC, Driver 40mm, Game Mode",https://www.lazada.vn/products/pdp-i2935139103.html,1.590.000 ₫,,
Loạt Tai Nghe Bluetooth Không Dây Tomorrow Game Auro Joint Wireless Bluetooth Headset Anime Game Đồ Chơi Kỹ Thuật Số,https://www.lazada.vn/products/pdp-i3224938642.html,352.000 ₫,,"12 Đã bán
China"
Awei A710BL Tai nghe chơi game Bluetooth không dây Tai nghe nhạc ANC Bluetooth 5.0 qua tai Cổng loại c Tai nghe có mic Thiết kế có thể gập lại Cuộc gọi HD Âm thanh nổi HIFI Bass Tai nghe không dây có micrô cho iPhone Điện thoại di động Xi,https://www.lazada.vn/products/pdp-i1318566747.html,1.241.947 ₫,4.0,84 Đã bán
[MÀU MỚI VỀ] Tai Nghe Marshall Bluetooth MAJOR V- Pin lên đến 100 giờ* - Bảo Hành Chính Hãng 1 Đổi 1 Trong 1 Năm,https://www.lazada.vn/products/pdp-i2667064158.html,4.220.000 ₫,5.0,44 Đã bán
TENXI3 3.5Mm Có Dây Tai Nghe Phổ Tai Nghe Với Microphone Tiếng Ồn Hủy Bỏ Tai Nghe Cho Máy Tính Xách Tay Máy Tính,https://www.lazada.vn/products/pdp-i3113213371.html,39.971 ₫,4.0,6 Đã bán
Tai nghe chụp tai không dây UGREEN HiTune Max Air Bluetooth 6.0 ANC Active Noise Cancellation Fashion Headphones Model:75630,https://www.lazada.vn/products/pdp-i3175954495.html,849.000 ₫,5.0,
Tai Nghe Chụp Tai Bluetooth SoundPEATS Space | Pin 123 Giờ | DD Titan PET | Bluetooth 5.3,https://www.lazada.vn/products/pdp-i2745840712.html,1.090.000 ₫,5.0,18 Đã bán
"Tai Nghe Bluetooth Không Dây Acer OHR300 Có Giảm Tiếng Ồn, Tai Nghe Thể Thao Chơi Game Cho Máy Tính, Tai Nghe Âm Nhạc",https://www.lazada.vn/products/pdp-i3140457403.html,593.000 ₫,,
Tai Nghe cổ điển Cho Điện Thoại Và Cho Các Dòng Điện Thoại ( Siêu Bền ),https://www.lazada.vn/products/pdp-i2714385445.html,49.000 ₫,4.0,60 Đã bán
Tai Nghe Bluetooth Chụp Tai HOCO W28 - Dung Lượng Pin 250mAh Âm thanh cực hay sống động,https://www.lazada.vn/products/pdp-i1281815862.html,349.000 ₫,4.0,220 Đã bán
Tai nghe Bluetooth Sennheiser Accentum Open - Hàng Chính Hãng,https://www.lazada.vn/products/pdp-i3133365006.html,2.690.000 ₫,5.0,6 Đã bán
Sony WH CH520 - Tai nghe bluetooth không dây Sony WH-CH520,https://www.lazada.vn/products/pdp-i2338773689.html,920.000 ₫,5.0,
"Tai Nghe chụp tai học online Chơi Game HOCO Có Dây, hỗ trợ mic đàm thoại trên laptop, điện thoại có thể gập gọn",https://www.lazada.vn/products/pdp-i1295431974.html,169.000 ₫,5.0,297 Đã bán
(BGIC) 3.5mm Wired Headset Turbo Subwoofer with Wheat Wire-Controlled Headphones In-Ear,https://www.lazada.vn/products/pdp-i3166586245.html,43.800 ₫,,
Tai nghe AKG K240 MKII Professional Semi-Open Stereo Headphones,https://www.lazada.vn/products/pdp-i259810968.html,2.490.000 ₫,,
Tai nghe chơi game không dây Razer Barracuda X (2022) Black/White/Quartz - Hàng Chính Hãng,https://www.lazada.vn/products/pdp-i2235475073.html,3.050.000 ₫,5.0,
"Tai nghe chụp tai Bluetooth Havit H655BT - Hàng chính hãng - Thiết kế thời trang, âm thanh vòm hoàn hảo, bass sống động, chống ồn chủ động",https://www.lazada.vn/products/pdp-i2392443593.html,890.000 ₫,,
[Chính Hãng] Tai Nghe Kiểm Âm Sony MDR-7506 Studio Monitor Headphones MDR7506 Closed-Back Chuyên Dụng Cao Cấp,https://www.lazada.vn/products/pdp-i2472645082.html,2.990.000 ₫,,
"Tai nghe trẻ em hiệu iClever phiên bản BTH12 (dạng chụp tai, bluetooth, có đèn led đầy màu sắc)",https://www.lazada.vn/products/pdp-i1110556101.html,890.000 ₫,,
Tai nghe DAREU EH925 7.1 BLACK RGB - Chính hãng ( Bảo hành 12T),https://www.lazada.vn/products/pdp-i2541866295.html,790.000 ₫,5.0,
Tai Nghe Không Dây Dell Alienware Stereo Gaming AW310H - Hàng Chính Hãng - BH 1 năm - Có Xuất VAT,https://www.lazada.vn/products/pdp-i2481945797.html,2.500.000 ₫,5.0,
Tai Nghe SteelSeries Arctis Pro Gaming - Hàng Chính Hãng - BH 1 năm - Có Xuất VAT,https://www.lazada.vn/products/pdp-i2428508107.html,2.790.000 ₫,5.0,5 Đã bán
Tai nghe EP Bluetooth Sony Extra Bass WI-XB400 - Hàng Mới Chính Hãng Fullbox,https://www.lazada.vn/products/pdp-i2611562728.html,600.000 ₫,,
[HCM]Tai nghe kiểm âm phòng thu Sennheiser monitor headphones HD 200 Pro,https://www.lazada.vn/products/pdp-i1369219419.html,2.280.000 ₫,,
Tai nghe DareU EH469 Black RGB 7.1 USB,https://www.lazada.vn/products/pdp-i2052027403.html,572.000 ₫,5.0,8 Đã bán
Tai nghe kiểm âm Audio Technica ATH-M20X,https://www.lazada.vn/products/pdp-i137034624.html,1.472.000 ₫,4.0,59 Đã bán
Tai nghe Logitech H150 STEREO HEADSET,https://www.lazada.vn/products/pdp-i1329472591.html,369.000 ₫,,
Tai nghe Bose Quietcomfort 35 II Seri II Bluetooth,https://www.lazada.vn/products/pdp-i2611445196.html,3.890.000 ₫,,
Tai nghe có dây chụp tai Rapoo H120 (Đen),https://www.lazada.vn/products/pdp-i1577813351.html,308.000 ₫,,
Tai nghe kiểm âm Over Ear Superlux HD681B,https://www.lazada.vn/products/pdp-i464630352.html,955.000 ₫,4.0,11 Đã bán
Tai nghe gaming có dây Razer Kraken Kitty V2 Black / White - Hàng Chính Hãng,https://www.lazada.vn/products/pdp-i3015906190.html,2.960.000 ₫,,
Tai Nghe Bluetooth Chụp Tai EDIFIER W80 | Chống Ồn Chủ Động | Thời Gian Sử Dụng Đến 65H | Bảo Hành 15 Tháng,https://www.lazada.vn/products/pdp-i3100264869.html,2.190.000 ₫,5.0,
Tai nghe máy tính cổng USB Logitech H390 Chính Hãng,https://www.lazada.vn/products/pdp-i104210714.html,839.000 ₫,4.0,59 Đã bán
Tai Nghe Chụp Tai Professional Hifi Audio Technica ATH-M30x - Hàng Chính Hãng,https://www.lazada.vn/products/pdp-i1196658425.html,2.120.000 ₫,5.0,74 Đã bán
"Soundcore Space One Pro, FlexiCurve Over-Ear Headphone, Adaptive Active Noise Cancelling Headphones Driven by 6 Mics, 60H Lossless Audio, Ultra-Fast Charging, Hi-Res Wireless, Comfortable Fit",https://www.lazada.vn/products/pdp-i3220576832.html,3.990.000 ₫,,
Tai Nghe Chơi Game Không Dây cho FPS với Bluetooth,https://www.lazada.vn/products/pdp-i3220061339.html,5.149.000 ₫,4.0,
"Tai nghe chơi game không dây PRO X 2 LIGHTSPEED - Âm thanh vòm DTS 2.0, màng loa Graphene 50 mm, Cần mic có thể tháo rời, Bluetooth/USB/Jack 3.5 mm, tương thích PC, PS5, PS4, Switch",https://www.lazada.vn/products/pdp-i2380749852.html,5.199.000 ₫,5.0,16 Đã bán
Tai nghe có dây có khung choàng đầu Razer Kraken V4 X (RZ04-05180100-R3M1) (dải tần 20 Hz – 20 kHz) - Hàng Chính Hãng,https://www.lazada.vn/products/pdp-i2842845871.html,2.650.000 ₫,,
"Tai nghe game không dây Lightspeed Logitech G535 - Trọng lượng nhẹ, âm thanh nổi, tương thích PC, PS4, PS5, Mic gấp để tắt tiếng",https://www.lazada.vn/products/pdp-i1930946944.html,2.799.000 ₫,4.0,15 Đã bán
Philips | Tai Nghe Chơi Game Hủy Tiếng Ồn Chủ Động có Micro,https://www.lazada.vn/products/pdp-i3191503471.html,1.370.000 ₫,4.0,
"Edifier W830NB - Tai Nghe Over-Ear Không Dây Bluetooth V5.4, Chống Ồn Chủ Động, Hi-Res Audio Wireless, LDAC -45dB, Sử Dụng 94 Giờ",https://www.lazada.vn/products/pdp-i2849945019.html,1.679.000 ₫,,
[HCM]Sony WH H900 - Tai nghe bluetooth không dây Sony WH-H900N,https://www.lazada.vn/products/pdp-i554832474.html,1.650.000 ₫,4.0,52 Đã bán
"[THƯƠNG HIỆU MỸ] Tai nghe bluetooth chụp tai chống ồn chủ động, sạc nhanh, xuyên âm SKULLCANDY HESH ANC - BẢO HÀNH 1 NĂM",https://www.lazada.vn/products/pdp-i1275109212.html,3.250.000 ₫,4.0,34 Đã bán
"Tai Nghe Bluetooth 5.3 Nhét Tai X55 Mẫu Mới Mỏng Nhẹ Nằm Ngủ, Micro Tích Hợp, Chống Nước",https://www.lazada.vn/products/pdp-i2405568127.html,78.210 ₫,4.0,
"Tai Nghe Bluetooth 5.3 Nhét Tai X55 Mỏng Nhẹ Nằm Ngủ, Micro Tích Hợp, Chống Nước - Hàng Nhập Khẩu Cao cấp",https://www.lazada.vn/products/pdp-i2405502167.html,75.050 ₫,4.0,
HTC NE56 tai nghe phiên dịch Bluetooth 6.0 ai Nghe giảm tiếng ồn chủ động ANC thông Kẹp tai nghe HIFI for iOS&Android,https://www.lazada.vn/products/pdp-i3213588589.html,221.963 ₫,5.0,24 Đã bán
Tai nghe ngủ X55 Tai nghe làm việc mini không dây TWS Tai nghe với Microphone,https://www.lazada.vn/products/pdp-i3145306116.html,57.000 ₫,4.0,953 Đã bán
"Soundcore V40i by Anker, Open-Ear Headphones, Clear Design, Lidless Case, 4 Adjustable Positions for Every Ear Size, Richer Bass, IP55, 21H Playtime, AI Clear Calls, Bluetooth 5.4, App Control",https://www.lazada.vn/products/pdp-i3213799199.html,1.145.000 ₫,5.0,55 Đã bán
Tai nghe không dây chụp tai soundcore Space One | Âm thanh Hi-res | Giảm ồn 98% | 55 giờ phát nhạc,https://www.lazada.vn/products/pdp-i2808675924.html,1.890.000 ₫,5.0,49 Đã bán
"Tai Nghe Headphone Bluetooth LIFE NC01H, BT 5.4, Màng Loa 40mm, Chống Ồn ANC, Nghe Đến 80H - Chính Hãng BH 12 Tháng",https://www.lazada.vn/products/pdp-i2820654288.html,890.000 ₫,,
Tai Nghe Bluetooth HUAWEI FreeBuds SE 4 ANC | Sạc Nhanh & Thời Lượng Sử Dụng Lên Đến 50 Giờ | Chống Ồn Chủ Động Đa Chế Độ ANC | Thiết Kế Nhỏ Gọn,https://www.lazada.vn/products/pdp-i3162735114.html,887.000 ₫,5.0,Cam Kết Giá Tốt
Transformers TF-T31 Tai nghe không dây Bluetooth Nửa trong tai Phiên bản hư hỏng Cuộc gọi Giảm tiếng ồn thông minh Tuổi thọ pin dài V5.4,https://www.lazada.vn/products/pdp-i2757706078.html,573.000 ₫,5.0,12 Đã bán
Razer BlackShark V2 x Tai nghe chơi game có dây eSports mic-rô Tai nghe khối lượng,https://www.lazada.vn/products/pdp-i2824357016.html,1.540.000 ₫,,
Cosy | Tai nghe có dây chống ồn Jeff Micro Type-C HS2292C,https://www.lazada.vn/products/pdp-i3228310143.html,439.200 ₫,,
Monster XKT30 BT 5.4 Bluetooth Tai nghe Kẹp tai mở không dây thực sự Độ nét cao Cuộc gọi đồng bộ hóa âm thanh và video Trò chơi độ trễ thấp Tuổi thọ pin dài Giảm tiếng ồn thông minh,https://www.lazada.vn/products/pdp-i2644426742.html,398.941 ₫,4.0,16 Đã bán
"Tai Nghe Nhát tai Không Dây Ultrapods Pro Bluetooth v5.3 Vỏ Trong Suốt , Điều Khiển Chạm , Âm Thanh Hay, Rõ Ràng ,Có Mic Đàm Thoại",https://www.lazada.vn/products/pdp-i2616403542.html,65.340 ₫,5.0,
"Tai Nghe Dareu EH925T Triple Mode | Bluetooth, 2.4G, Wired Mới BH 12T",https://www.lazada.vn/products/pdp-i3185184802.html,988.000 ₫,,
"Tai Nghe Bluetooth Chụp Tai D-Rock DR58 Âm Bass Mạnh, Tai Nghe Không Dây Có Mic, Pin Sử Dụng 12 Tiếng Chính Hãng",https://www.lazada.vn/products/pdp-i2428158623.html,468.000 ₫,,
Tai nghe có mic thăng bằng ELECOM EHP-BS100 - Hàng Chính Hãng,https://www.lazada.vn/products/pdp-i2525445616.html,1.990.000 ₫,,
Tai Nghe Máy Tính Một Bên Tai USB Audio Technica ATH-101USB - Hàng Chính Hãng,https://www.lazada.vn/products/pdp-i1556018151.html,1.190.000 ₫,,
Sony WH XB910 - Tai nghe bluetooth không dây chống ồn Sony WH-XB910N,https://www.lazada.vn/products/pdp-i1752312221.html,2.150.000 ₫,4.0,16 Đã bán
"Tai nghe chụp tai Bluetooth 5.0 EDIFIER W820NB/ W820NB PLUS, Chống ồn chủ động ANC, Thời lượng pin 49 giờ |Hàng chính hãng |Đại Tài Lộc |Giao hàng nhanh chóng",https://www.lazada.vn/products/pdp-i2698461563.html,999.000 ₫,5.0,
Tai Nghe Chụp Đầu Bluetooth Hoco W12 Dream Sound,https://www.lazada.vn/products/pdp-i2122809021.html,710.000 ₫,,
Tai nghe Bluetooth 5.4 Ugreen HP203 | Chống ồn chủ động | Sử dụng lên đến 75h | Chính hãng - Bảo hành 18 tháng 1 đổi 1 35758,https://www.lazada.vn/products/pdp-i2766027483.html,806.000 ₫,5.0,8 Đã bán
Tai Nghe Không Dây Nón Bảo Hiểm Motor Helmet Call Headset CVC Professinal LX2 ⚜️Katla Shop⚜️,https://www.lazada.vn/products/pdp-i3040360723.html,1.028.741 ₫,,
"Tai Nghe Không Dây Macaron BS961 Âm Thanh HIFI , Hiệu Ứng LED RGB, Giảm Tiếng Ồn , Bluetooth V5.3 - BestMartVN",https://www.lazada.vn/products/pdp-i2817964717.html,612.339 ₫,,
"Tai nghe Chụp tai SENNHEISER HD 350BT Bluetooth 5.0 ,Smart Control ,Pin Khỏe - Bảo hành chính hãng 24 tháng",https://www.lazada.vn/products/pdp-i2015834703.html,1.999.000 ₫,5.0,9 Đã bán
Tai Nghe Bluetooth Thể Thao Sony Wf Sp700N ( Wf-Sp700N ) Chống Ồn - Hàng Chính Hãng,https://www.lazada.vn/products/pdp-i2176183258.html,699.000 ₫,,
"Cosy | Tai nghe có dây Type-C bảo vệ thính giác cho trẻ em học ngoại ngữ HS2254C/HS2255C dùng cho laptop, tablet, PC, điện thoại",https://www.lazada.vn/products/pdp-i3238907963.html,414.600 ₫,,
Tai nghe Headphone Bluetooth Remax RB-500HB,https://www.lazada.vn/products/pdp-i2122875214.html,1.200.000 ₫,,
PICUN | Tai Nghe Bluetooth Không Dây Hủy Tiếng Ồn Chủ Động cho Chơi Game và Nghe Nhạc,https://www.lazada.vn/products/pdp-i3220566796.html,1.329.000 ₫,,
"Tai Nghe Bluetooth Freedconn FG Cho Mũ Bảo Hiểm, Liên Lạc Nội Bộ 1000M, Dành Cho 10 Người Lái, Có Chức Năng Radio FM Chống Nước Và Nghe Nhạc",https://www.lazada.vn/products/pdp-i3242516717.html,2.139.300 ₫,,
Tai nghe có dây loại C Lenovo IdeaTab Plus 121 với micrô có độ nhạy cao Thiết bị âm thanh rảnh tay,https://www.lazada.vn/products/pdp-i3225995836.html,291.550 ₫,,
Tai nghe Bluetooth Audio-Technica ATH-S300BT,https://www.lazada.vn/products/pdp-i3023665434.html,2.890.000 ₫,,
"Tai nghe Tổng Đài SC 230 USB MS II Có dây Có Mic - Lọc Ồn, Bảo Vệ Thính Giác, Bảo Hành 24 Tháng EPOS",https://www.lazada.vn/products/pdp-i2097021062.html,2.597.000 ₫,,
Awei ANC Tai nghe bluetooth-45dB khử tiếng ồn cổ điển hai tông màu 360 ° không gian tai nghe âm thanh âm thanh vòm 3D tai nghe 50h Thời gian phát lại nhạc tăng âm trầm Tai nghe không dây,https://www.lazada.vn/products/pdp-i3188912553.html,1.801.922 ₫,5.0,
"[THƯƠNG HIỆU MỸ] Tai nghe gaming chụp tai không dây bluetooth, có mic, chất âm supreme SKULLCANDY SLYR - BẢO HÀNH 1 NĂM",https://www.lazada.vn/products/pdp-i2202748486.html,2.990.000 ₫,,
Tai nghe bluetooth không dây Plextone 4game 2023 - Tai nghe bluetooth gaming độ trễ thấp,https://www.lazada.vn/products/pdp-i2168532919.html,449.000 ₫,,
"Tai Nghe Hổ Vằn 1563E, Tai Nghe Bluetooth MTS-4 Chống Ồn ANC 40DB - Xuyên Âm • Meta Store",https://www.lazada.vn/products/pdp-i3188035977.html,800.000 ₫,,
Tai Siberia S21PROX Over-Ear E-Sports máy tính để bàn có dây 7.1 kênh tai nghe chơi game di động,https://www.lazada.vn/products/pdp-i3232389703.html,1.779.630 ₫,,
"Tai Nghe FH31 – Phong Thần, Tai Nghe Chụp Tai Âm Thanh Nổi Giảm Ồn Thoải Mái Chống Thấm Nước Có Mic Thích Hợp Cho Android IOS PC",https://www.lazada.vn/products/pdp-i2966462793.html,1.380.000 ₫,,
Tai nghe không dây EDIFIER WH700NB Pro,https://www.lazada.vn/products/pdp-i3217146231.html,1.180.000 ₫,,
Mezone Tai nghe không dây P2961 Bluetooth 5.0 Bộ tai nghe gập lại được với Micrô tích hợp,https://www.lazada.vn/products/pdp-i2649847914.html,597.984 ₫,5.0,
"Tai Nghe Chơi Game Razer BlackShark V2X Có Dây Đeo Đầu, Âm Thanh 7.1 Vòng Quanh, Có Micro, Dành Cho Máy Tính Để Bàn",https://www.lazada.vn/products/pdp-i2830665110.html,938.000 ₫,,"348 Đã bán
China"
Tai Nghe Bluetooth Thể Thao Có Thể Gập Lại Có Dây Màu Đen Trắng Nhiều Màu Sắc Có Thể Cắm Thẻ Tai Nghe Nghe Nhạc Có Dây Cho Trò Chơi,https://www.lazada.vn/products/pdp-i3139322843.html,445.000 ₫,,
Tai Nghe Bluetooth Overhead Retro Chụp Ảnh Phụ Kiện Học Sinh Bộ Chuyển Đổi USB Cho Máy Tính Và Điện Thoại Di Động Quà Tặng Cho Blogger,https://www.lazada.vn/products/pdp-i2498465095.html,197.000 ₫,,"226 Đã bán
China"
Professional Studio Monitor Headphones Over Ear with 50mm Driver MAONO AU-MH501,https://www.lazada.vn/products/pdp-i809198662.html,911.000 ₫,5.0,23 Đã bán
Tai Nghe Bluetooth Protein Shinchan Headset Tai Nghe Chơi Game Tai Nghe Nghe Nhạc Có Thể Cắm Thẻ Tai Nghe Máy Tính,https://www.lazada.vn/products/pdp-i3226142181.html,454.000 ₫,,"12 Đã bán
China"
Awei ANC ENC giảm tiếng ồn chủ động Tai nghe bluetooth 40Mm Lớn Điều Khiển Đơn Vị Tai nghe không dây 38H Cuộc Sống Chơi Game Tiêu Điểm Tắm Tai Nghe Đồng Thời Kết Nối Hai điện thoại di động,https://www.lazada.vn/products/pdp-i3064797288.html,697.463 ₫,,
Lm Ajazz ax365 Tai nghe chụp có dây Over-Ear giảm tiếng ồn USB tiện dụng/3.5mm 7.1 surround âm thanh tai nghe chơi game cho chơi trò chơi cho máy tính để bàn Tai nghe over-ear,https://www.lazada.vn/products/pdp-i2836469484.html,831.319 ₫,,
Tai Nghe Bluetooth ZOMBIES CAT QCWS-B2 Đuôi Mèo Quái Vật Mới Không Dây Bán Trong Tai Cho Thể Thao Chạy Bộ Chơi Game Giảm Tiếng Ồn,https://www.lazada.vn/products/pdp-i2500358472.html,677.000 ₫,,"6 Đã bán
Hong Kong"
Haylou S30 Bluetooth 5.4 Headset Active Noise Cancellation,https://www.lazada.vn/products/pdp-i3101585950.html,990.000 ₫,,
Tai Nghe Chơi Game Có Dây BOMY B11 Máy Tính Esports 7.1 Kênh Định Vị Âm Thanh Chuyên Dụng Nửa Trong Tai Giao Diện Type-C Có Mic,https://www.lazada.vn/products/pdp-i3163102363.html,994.000 ₫,,"240 Đã bán
China"
Tai nghe chơi game USB Cho PC Surround Âm Thanh Tai nghe có dây Với Đầy Màu Sắc đèn LED Tai nghe máy tính Với Tiếng Ồn Hủy Bỏ Microphone,https://www.lazada.vn/products/pdp-i3241526319.html,450.000 ₫,,
Tai nghe Bluetooth chụp tai Remax RB-900HB chống ồn ANC nghe liên tục 50H,https://www.lazada.vn/products/pdp-i2122667418.html,689.000 ₫,,
PICUN | Tai Nghe Chơi Game Không Dây Bluetooth Hủy Tiếng Ồn Chủ Động,https://www.lazada.vn/products/pdp-i3177978044.html,2.564.000 ₫,4.0,
Tai Nghe Bluetooth trùn đầu Hoco W37 Sound Giảm Tiếng Ồn Chủ Động Bass Mic Tích Hợp Trong Bộ với Bluetooth 5.3,https://www.lazada.vn/products/pdp-i2078185396.html,670.000 ₫,,
Tai Nghe Gaming Chụp Tai Có Mic Takstar Liberty Gamer RISE Chơi Game Nghe Nhạc Chính Hãng Cao Cấp Bảo Hành 1 Năm,https://www.lazada.vn/products/pdp-i2847880624.html,1.830.000 ₫,,
Tai Nghe Bluetooth ANC P1 Fingertime Thời Lượng Pin 12 Tiếng Có Dây Đeo Đầu Không Dây Giảm Tiếng Ồn Chơi Game Thể Thao,https://www.lazada.vn/products/pdp-i3241004623.html,1.889.000 ₫,,"600 Đã bán
China"
[NC] Tai Nghe Onear KOSS KSC75 | NGHE TẠP | Không Mic,https://www.lazada.vn/products/pdp-i2819401598.html,928.000 ₫,,
Tai nghe Bluetooth không dây Sparkle Zealot B570,https://www.lazada.vn/products/pdp-i247382674.html,385.000 ₫,,
Tai nghe chơi game không dây chụp tai E-dra EH494W - Bass to - Led RGB - Kết nối 3 chế độ Wireless 2.4Ghz/Bluetooth/ Jack 3.5mm,https://www.lazada.vn/products/pdp-i1948108822.html,1.299.000 ₫,,
"Tai nghe có dây iMuse Revolution G11 Type-C, micro độ nhạy cao, rảnh tay cho điện thoại.",https://www.lazada.vn/products/pdp-i3237406379.html,343.000 ₫,,
Tai nghe chụp tai không dây Motorola MotoXT220 - Thiết kế gập thời thượng - Thời gian sử dụng lên đến 24h - Thích hợp mọi thể loại nhạc - Bảo hành chính hãng 12 tháng,https://www.lazada.vn/products/pdp-i2972163935.html,990.000 ₫,,
Tai nghe HDJCUE1 BT có bluetooth màu đỏ Pioneer DJ - Hàng chính hãng,https://www.lazada.vn/products/pdp-i2976464565.html,3.436.000 ₫,,
Elecom Tai nghe có dây USB với mic overhead Binaural nhỏ gọn nhẹ kính chắn gió với bộ điều khiển âm lượng HS-HP14SUBK màu đen,https://www.lazada.vn/products/pdp-i3153710049.html,725.600 ₫,,
"Tai nghe chụp tai Bluetooth Havit H655BT - Hàng chính hãng - Thiết kế thời trang, âm thanh vòm hoàn hảo, bass sống động, chống ồn chủ động",https://www.lazada.vn/products/pdp-i2392634285.html,890.000 ₫,,
Tai nghe có dây Razer BlackShark V2 X Black / Xbox Licensed - RZ04-03240900-R3M1- Hàng Chính Hãng,https://www.lazada.vn/products/pdp-i3015446437.html,1.495.000 ₫,,
"Tai nghe gaming có dây MSI DS501 - Driver 40mm - Kết nối jack 3,5mm - Cáp 2,1m - Tương thích PC, Mac, PS5/4, XBOX.",https://www.lazada.vn/products/pdp-i2337888341.html,711.000 ₫,,
JIALEMEIJIA | Tai Nghe Có Dây 7.1 Kênh Stereo Bass,https://www.lazada.vn/products/pdp-i3219466596.html,680.000 ₫,,
"[THƯƠNG HIỆU MỸ] Tai nghe không dây Bluetooth chống ồn chủ động Icon ANC On-Ear, Pin 60 giờ,có mic, xuyên âm, chống nước",https://www.lazada.vn/products/pdp-i3041813041.html,2.990.000 ₫,,
Tai Nghe Dạng Chụp Giảm Ồn Chủ Động ANC Q7-22H Bluetooth 5.3 - hàng cao cấp (Black) ⚜️Home and Garden⚜️,https://www.lazada.vn/products/pdp-i2426859497.html,1.006.125 ₫,,
"""Tai nghe chụp tai BOROFONE BO103"" Chống ồn,Hiệu ứng LED đẹp mắt,Jack USB và 3.5mm - Chính hãng_Game thủ Acovit",https://www.lazada.vn/products/pdp-i2092610580.html,420.900 ₫,,
"Tai nghe Corsair HS80 RGB Wireless (Hàng chính hãng, bảo hành 12 tháng)",https://www.lazada.vn/products/pdp-i1858770695.html,4.180.000 ₫,5.0,5 Đã bán
Tai nghe bluetooth trùm đầu chống ồn chủ động ANC taotronics BH085,https://www.lazada.vn/products/pdp-i1492075567.html,890.000 ₫,,
Sony WH-H800 – Tai nghe không dây Hi-Res cũ giá rẻ dành cho người yêu nhạc hiện đại,https://www.lazada.vn/products/pdp-i3093544530.html,1.850.000 ₫,,
"Tai Nghe Hổ Vằn 1571AM, Tai Nghe Bluetooth MTS-4 Chống Ồn ANC 45DB - Xuyên Âm, Adaptive Nhận Biết Hội Thoại • Meta Store",https://www.lazada.vn/products/pdp-i3188119676.html,1.250.000 ₫,,
Tai Nghe Chụp Tai Remax Chân Cắm 3.5mm Đèn Led Rbg Có Mic Cho Máy Tính Laptop Điện Thoại Njoyshop,https://www.lazada.vn/products/pdp-i2113516486.html,210.000 ₫,,Tai Nghe Chụp Tai Remax Chân Cắm 3.5mm Đèn Led Rbg Có Mic Cho Máy Tính Laptop Điện Thoại Njoyshop
Sony MDR-1000X - Tai nghe chống ồn cao cấp cũ giá rẻ dành cho tín đồ âm thanh,https://www.lazada.vn/products/pdp-i3093515530.html,1.860.000 ₫,,
"Tai nghe YUSHAN có dây, giảm tiếng ồn, dùng chuyên game, cổng 3.5mm",https://www.lazada.vn/products/pdp-i3174842507.html,812.000 ₫,,
Tai Nghe Gaming RAPOO VH800 Dual Mode Gaming RGB Không Dây - Chính Hãng BH 2 Năm Lỗi Đổi Mới,https://www.lazada.vn/products/pdp-i3069366174.html,1.569.000 ₫,,
"Tai nghe Sony MDR-XB650BT – Nobox, bass mạnh, không dây tiện lợi",https://www.lazada.vn/products/pdp-i3178163978.html,1.237.500 ₫,,
"Tai nghe không dây Logitech Zone Vibe 100 - Nhẹ, micrô khử ồn, Bluetooth đa điểm, Google Meet, Zoom",https://www.lazada.vn/products/pdp-i3156969686.html,2.490.000 ₫,,
Tai nghe Sony không dây có công nghệ chống ồn WH-1000XM6,https://www.lazada.vn/products/pdp-i3131609414.html,11.490.000 ₫,5.0,12 Đã bán
Tai Nghe Bluetooth Không Dây Có Thể Gập Lại Siindoo JH-919 Với Tai Nghe Mic Khử Tiếng Ồn Siêu Trầm Dành Cho Thiết Bị Di Động,https://www.lazada.vn/products/pdp-i3153199259.html,307.000 ₫,,
Sennheiser HD 350bt Tai nghe bluetooth không dây,https://www.lazada.vn/products/pdp-i2325254325.html,2.882.500 ₫,,
"Tai Nghe Hổ Vằn 1571AM, Tai Nghe Bluetooth MTS-Pro 2 Chống Ồn ANC 48DB - Adaptive Nhận Biết Hội Thoại • Meta Store",https://www.lazada.vn/products/pdp-i3188213051.html,1.350.000 ₫,,
"[THƯƠNG HIỆU MỸ] Tai nghe bluetooth chụp tai, pin 22H, đệm tai êm, có mic Skullcandy Cassette Wireless - BẢO HÀNH 1 NĂM",https://www.lazada.vn/products/pdp-i640948995.html,980.000 ₫,4.0,70 Đã bán
Haylou S30 Pro Bluetooth 5.4 Headset Active Noise Cancellation,https://www.lazada.vn/products/pdp-i3109866790.html,990.000 ₫,,
Awei AT15 ANC Bluetooth 6.0 Headphone 4mics ANC khử tiếng ồn chủ động 50 Giờ Độ Bền thiết kế gấp 360 ° âm vòm âm trầm Âm Thanh Tai nghe không dây Cho nhạc trò chơi,https://www.lazada.vn/products/pdp-i3230012985.html,994.186 ₫,,
"Tai Nghe Bluetooth Chụp Tai Baseus Bass 35 Max Wireless Headphones Stellar ( Bluetooth V5.3, thời lượng pin lên đến 50h)",https://www.lazada.vn/products/pdp-i2718463660.html,1.043.000 ₫,5.0,21 Đã bán
ThinkPlus | Tai Nghe Chơi Game Không Dây Hủy Tiếng Ồn,https://www.lazada.vn/products/pdp-i3196847616.html,432.000 ₫,,
"Tai nghe Bluetooth cho trẻ em Fit Kitty H26 có đèn LED, bảo vệ thính giác",https://www.lazada.vn/products/pdp-i3239366303.html,417.000 ₫,,
"Tai nghe gaming không dây Logitech G735 Aurora - Bluetooth & Lightspeed, RGB, tương thích PC, Mac, sạc USB-C",https://www.lazada.vn/products/pdp-i2228579531.html,4.479.000 ₫,,
"Tai nghe BuddyPhones Cosmos Fun Tai nghe Bluetooth ANC có dây hoặc không dây, có thể gập lại + Micrô - Tùy chọn giới hạn âm lượng SafeAudio, cho trẻ nhỏ đến người lớn trẻ (Hồng)",https://www.lazada.vn/products/pdp-i3233635586.html,2.241.587 ₫,,
"Tai nghe gaming không dây Logitech PRO X 2 LIGHTSPEED - Âm thanh vòm DTS 2.0, màng loa Graphene 50 mm, Cần mic có thể tháo rời, Bluetooth/USB/Jack 3.5 mm",https://www.lazada.vn/products/pdp-i2397767544.html,5.299.000 ₫,5.0,
Tai nghe có dây dạng hầm cổng Type-C OEP-DCT4 màu trắng,https://www.lazada.vn/products/pdp-i3224210142.html,262.650 ₫,,
[ New Version ] Tai Nghe Bluetooth MTS-Max Hổ Vằn 1561M Chống Ồn ANC 45DB - Xuyên Âm - Âm Thanh Không Gian - Pin 50H,https://www.lazada.vn/products/pdp-i3188107676.html,2.450.000 ₫,,
"Tai Nghe Gaming ONIKUMA X7 PRO Có Dây, Micro Khử Ồn, RGB",https://www.lazada.vn/products/pdp-i2895729135.html,790.000 ₫,,
Tai Nghe Có Dây 7.1 Kênh Stereo Bass,https://www.lazada.vn/products/pdp-i3231230336.html,680.000 ₫,,
Tai Nghe Có Dây Hủy Tiếng Ồn cho PC Gaming,https://www.lazada.vn/products/pdp-i3219368212.html,3.852.000 ₫,4.0,
"Tai nghe có dây dạng mở One Plus Pad 3 Type-C, micro độ nhạy cao, rảnh tay",https://www.lazada.vn/products/pdp-i3229632791.html,267.750 ₫,,
Tai nghe bluetooth trùm đầu baseus Encok D02 Pro,https://www.lazada.vn/products/pdp-i1492152375.html,520.000 ₫,,
"Tai nghe gaming không dây Logitech G733 - RGB, màn loa Pro-G, Mic Blue Voice",https://www.lazada.vn/products/pdp-i3160954749.html,2.790.000 ₫,,
Tai nghe bluetooth trùm đầu chống ồn chủ động ANC taotronics BH085,https://www.lazada.vn/products/pdp-i2078266268.html,850.000 ₫,,
"Tai Nghe Bluetooth ANC Q7 Chống Ồn Chủ Động, Có Thể Gấp Gọn ⚜️Home and Garden⚜️",https://www.lazada.vn/products/pdp-i3138614414.html,1.093.847 ₫,,
Tai nghe Cooler Master MH670 - Hàng Chính Hãng,https://www.lazada.vn/products/pdp-i2647516878.html,2.059.000 ₫,,
"Tai Nghe Chụp Tai Cao Cấp Takstar PRO 82 Chống Ồn, Nghe Nhạc, Kiểm Âm Livestream Hát Karaoke Chính Hãng Bảo Hành 1 Năm",https://www.lazada.vn/products/pdp-i2372497958.html,1.830.000 ₫,,
"Tai Nghe Bluetooth Chụp Tai HOCO W25, Âm Thanh Stereo Cực Đỉnh, Kết Nối Bluetooth 5.0, Thiết Kế Cá Tính, Mạnh Mẽ, Năng Động, Tai Nghe Đa Năng Thông Minh, Điều Chỉnh Âm Lượng, Nhận Cuộc Gọi,....",https://www.lazada.vn/products/pdp-i1531566898.html,798.000 ₫,5.0,
Tai Nghe Gaming Không Dây Âm Thanh Định Vị 2025 Bản Mới,https://www.lazada.vn/products/pdp-i3231249241.html,739.000 ₫,,
Tai nghe Gaming Có Dây ZADEZ GT-326P,https://www.lazada.vn/products/pdp-i2879931402.html,476.000 ₫,,
"Tai Nghe Chụp Tai SC 260 Có dây Có Mic - Chống Ồn, Bảo Vệ Thính Giác, Bảo Hành 24 Tháng Hiệu EPOS",https://www.lazada.vn/products/pdp-i2097509684.html,2.164.000 ₫,,
Razer | Tai Nghe Chơi Game Không Dây Bluetooth Tri-Mode THX với Micro,https://www.lazada.vn/products/pdp-i3206256981.html,6.037.000 ₫,4.0,
"Tai Nghe Bluetooth Gorsun MA98, Công Nghệ Khử Ồn ANC Thông Minh",https://www.lazada.vn/products/pdp-i1919058499.html,1.299.000 ₫,,
"Tai nghe có dây Logitech H540 - Mic giảm ồn, điều khiển trên tai tiện lợi, âm thanh chất lượng HD, đệm tai thoải mái, kết nối USB-A",https://www.lazada.vn/products/pdp-i2621782131.html,982.000 ₫,,
Tai Nghe Chơi Game Siberia V13 Ice Frost White 7.1 Hiệu Ứng Âm Thanh Có Dây Cho Máy Tính Có Micro Tai Đeo Đầu,https://www.lazada.vn/products/pdp-i3241173613.html,970.000 ₫,,
[NC] Tai Nghe Gaming EPZ G20 | NGHE TẠP | Có Mic,https://www.lazada.vn/products/pdp-i2963802698.html,999.000 ₫,,
"Tai nghe có dây dạng mở cổng Type-C cho Lenovo Legion Y700, micro độ nhạy cao, handsfree",https://www.lazada.vn/products/pdp-i3230374694.html,267.750 ₫,,
Tai Nghe Chụp Tai Baseus Bass 35 Max Wireless Headphones được ưu thích,https://www.lazada.vn/products/pdp-i2788911365.html,619.000 ₫,,
Tai nghe không dây EDIFIER W820NB Plus,https://www.lazada.vn/products/pdp-i3217154088.html,1.190.000 ₫,,
[NEW] Tai Nghe Razer Barracuda X Chroma Phantom Green Edition | Không Dây | TriForce 40mm | Mic Tháo Rời | Led RGB,https://www.lazada.vn/products/pdp-i3121498382.html,3.650.000 ₫,,
[NEW] Tai Nghe Gaming Razer Kraken Kitty V3 X Có Dây | Kết Nối 3.5mm | Driver 40MM | MICRÔ HYPERCLEAR | Âm Thanh 7.1,https://www.lazada.vn/products/pdp-i3179429376.html,1.750.000 ₫,,
TAI NGHE CAO CẤP LENOVO HD800 BLUETOOTH 5.0 CÓ MIC & ĐIỀU KHIỂN ÂM LƯỢNG Hãng,https://www.lazada.vn/products/pdp-i2148179576.html,927.000 ₫,5.0,
Baseus bowie D05 không dây Over-Tai nghe đeo tai bluetooth 5.3 tai nghe có dây với microphone,https://www.lazada.vn/products/pdp-i2251252748.html,919.000 ₫,5.0,37 Đã bán
"Tai nghe chụp tai Borofone BO22 kết nối không dây bluetooth V5.3 , cắm thẻ nhớ TF, cổng AUX, âm thanh chân thức",https://www.lazada.vn/products/pdp-i2560141912.html,150.000 ₫,,
Tai Nghe Chụp Tai Bluetooth SoundPEATS Space Pro | Pin 151 Giờ | Hires Audio LDAC | Bluetooth 5.4,https://www.lazada.vn/products/pdp-i3048962707.html,1.090.000 ₫,5.0,15 Đã bán
Anker | Tai Nghe Không Dây Bluetooth Hủy Tiếng Ồn với Mic Chơi Game,https://www.lazada.vn/products/pdp-i3216623117.html,1.301.000 ₫,4.0,
Tai nghe Bluetooth đa điểm H27 có dây không dây bảo vệ thính lực gấp gọn có hộp,https://www.lazada.vn/products/pdp-i3226607711.html,409.200 ₫,,
"Tai Nghe Chơi Game Piva G11 Có Dây, Có Card Âm Thanh Tích Hợp, Nghe Nhạc, Nghe Hình, Bảo Vệ Tai, Chốngồn, USB+Type-C",https://www.lazada.vn/products/pdp-i3168173581.html,1.522.000 ₫,,
ThinkPlus | Tai Nghe Bluetooth Không Dây Cho Game Với Hủy Tiếng Ồn ANC,https://www.lazada.vn/products/pdp-i3220018127.html,1.242.000 ₫,4.0,
Tai Nghe Bluetooth LED Cho Học Tiếng Anh Model BTH-08 Màu Đen,https://www.lazada.vn/products/pdp-i3229753348.html,474.000 ₫,,
"Tai Nghe Chơi Game DAREU EH925 Có Dây Đeo Đầu, Âm Bass Mạnh, 7.1, Tai Nghe Chơi Game, Tai Nghe Máy Tính, Tai Nghe Chơi Game",https://www.lazada.vn/products/pdp-i3138944465.html,1.663.000 ₫,,"12 Đã bán
China"
IKF E1 bluetooth không dây Tai Nghe âm thanh nổi có thể gập lại Âm Thanh Minh Bạch Chế Độ vân kim loại tai nghe nhạc Chơi Game AUX 3.5Mm Cáp Tai nghe có dây Thời Trang OOOTD IOS/Android,https://www.lazada.vn/products/pdp-i2637084700.html,999.000 ₫,,
Anker | Tai Nghe Chơi Game Hủy Tiếng Ồn Chủ Động có Micro,https://www.lazada.vn/products/pdp-i3176115048.html,4.696.000 ₫,4.0,
[NEW] Tai Nghe Gaming Blackshark V3 | Không Dây | HYPERSPEED GEN-2 | 50MM GEN-2 | Mico Tháo Rời HYPERCLEAR | THX,https://www.lazada.vn/products/pdp-i3159984355.html,4.590.000 ₫,,
Razer | Tai Nghe Chơi Game Không Dây Bluetooth 4 Chế Độ,https://www.lazada.vn/products/pdp-i3206377840.html,10.073.000 ₫,4.0,
Tai nghe không dây SONY WH-CH520 - Chính Hãng,https://www.lazada.vn/products/pdp-i2537736839.html,1.320.000 ₫,5.0,
Razer | Tai Nghe Chơi Game Có Dây RGB,https://www.lazada.vn/products/pdp-i3231470683.html,4.716.000 ₫,4.0,
"Tai Nghe Chụp Tai Bluetooth Adapt 261 - Chống Ồn, Bảo Vệ Thính Giác, Bảo Hành 24 Tháng Hiệu EPOS",https://www.lazada.vn/products/pdp-i2727569179.html,3.999.000 ₫,,
Tai nghe có dây có khung choàng đầu Razer Kraken V3 X - USB (2022) (RZ04-03750300-R3M1) (dải tần 12 Hz – 28 kHz),https://www.lazada.vn/products/pdp-i2235457290.html,1.530.000 ₫,,
Tai nghe Gaming Sony không dây chống ồn INZONE H9,https://www.lazada.vn/products/pdp-i1969589292.html,4.400.000 ₫,4.0,34 Đã bán
Tai nghe không dây Gaming ZIDLI LH1 Ultimate ( 2.4G & C to 3.5mm) - Hàng Chính Hãng,https://www.lazada.vn/products/pdp-i2230416992.html,1.219.000 ₫,,
Tai Nghe Soundmax Ah-318,https://www.lazada.vn/products/pdp-i1203438870.html,756.000 ₫,,
JIALEMEIJIA | Tai Nghe Chơi Game Không Dây có Mic,https://www.lazada.vn/products/pdp-i3219628860.html,1.390.000 ₫,,
Tai nghe Gaming Over-ear không dây HyperX Cloud III Wireless - Bảo hành 24 tháng,https://www.lazada.vn/products/pdp-i2593351878.html,3.919.000 ₫,,
Tai nghe Bluetooth Audio-Technica ATH-S220BT |60H Sử Dụng |Bluetooth 5.0 | Kết Nối 2 Thiết Bị |Hàng Chính Hãng,https://www.lazada.vn/products/pdp-i1722284828.html,2.025.000 ₫,5.0,10 Đã bán
"Tai nghe Bluetooth HP H23D chống ồn, pin trâu, kết nối ổn định, âm thanh sống động, thiết kế nhỏ gọn tiện dụng",https://www.lazada.vn/products/pdp-i3203895675.html,930.000 ₫,,
"Tai nghe Bluetooth H27 đa điểm, có dây/không dây, bảo vệ thính giác, gập được, Bluetooth 5.4v, 15 giờ sử dụng",https://www.lazada.vn/products/pdp-i3224294087.html,417.000 ₫,,
ZOMBIESCAT S8 Over-Tai nghe đeo tai thiết kế kiểu dáng đẹp anc-50db bluetooth không dây cho chơi game eSports & thể thao với tai nghe tuổi thọ pin dài,https://www.lazada.vn/products/pdp-i3238093860.html,950.000 ₫,,
PICUN | Tai Nghe Không Dây Bluetooth Hủy Tiếng Ồn Chủ Động,https://www.lazada.vn/products/pdp-i3183282150.html,1.843.000 ₫,4.0,
Tai nghe Wireless / Bluetooth Gaming Fuhlen GH90S chính hãng bảo hành 12 tháng,https://www.lazada.vn/products/pdp-i2543847149.html,1.049.000 ₫,,
[NEW] Tai Nghe Razer Barracuda X Chroma | SmartSwitch Dual Wireless | TriForce 40mm | Mic Tháo Rời | Led RGB |,https://www.lazada.vn/products/pdp-i3110401467.html,3.650.000 ₫,,
Tai Nghe Gaming Ba Chế Độ Onikuma B100 2.4G/Bluetooth/Có Dây Có Micrô Đa Hướng Thời Lượng Pin 60 Giờ,https://www.lazada.vn/products/pdp-i2933026730.html,990.000 ₫,,
Tai nghe bluetooth trùm đầu Baseus Encok D02 Pro,https://www.lazada.vn/products/pdp-i2148225218.html,550.000 ₫,,
"Tai Nghe Không Dây Macaron BS961 Âm Thanh HIFI , Hiệu Ứng LED RGB, Giảm Tiếng Ồn , Bluetooth V5.3 ️🔰Phụ Kiện Thuận Lợi🔰",https://www.lazada.vn/products/pdp-i2822600109.html,611.241 ₫,,
Tai Nghe Bluetooth Không Dây Có Mic Hủy Tiếng Ồn,https://www.lazada.vn/products/pdp-i3231629522.html,720.000 ₫,,
Tai Nghe Gaming Dare-U EH732- Hàng Chính Hãng,https://www.lazada.vn/products/pdp-i3088940816.html,530.000 ₫,,
Philips | Tai Nghe Bluetooth có Mic,https://www.lazada.vn/products/pdp-i3197803386.html,692.000 ₫,4.0,
Tai nghe Bluetooth chụp tai không dây Baseus Bowie H1i chống ồn Bisa 3D ANC -48dB App điều khiển,https://www.lazada.vn/products/pdp-i3065370645.html,899.000 ₫,,
Tai nghe EDIFIER New Bluetooth WH700NB - Bảo hành 12 tháng,https://www.lazada.vn/products/pdp-i2581789843.html,866.000 ₫,,
"Tai Nghe Hổ Vằn 1562U, Tai Nghe Bluetooth MTS-3 Check Setting - Pin 8H • Meta Store",https://www.lazada.vn/products/pdp-i3188163413.html,650.000 ₫,,
✌️ Tai nghe không dây Sony MDR-ZX330BT cũ đẹp giá rẻ,https://www.lazada.vn/products/pdp-i3004911445.html,1.390.000 ₫,,
Tai nghe bluetooth trùm đầu Hoco W19,https://www.lazada.vn/products/pdp-i2123049070.html,850.000 ₫,,
"Baseus Tai nghe D02 Pro Tai nghe Bluetooth không dây qua tai, Thời gian phát 40H, Micrô tích hợp, Có thể gập lại, Âm trầm sâu, Cốc tai Memory Foam, dành cho Du lịch, Văn phòng tại nhà",https://www.lazada.vn/products/pdp-i1598649413.html,699.000 ₫,4.0,740 Đã bán
Tai nghe không dây chụp tai ANKER soundcore Q20i | Âm thanh Hi-res | Giảm ồn 90% | 60 giờ phát nhạc- A3004,https://www.lazada.vn/products/pdp-i2957646353.html,1.159.000 ₫,5.0,
Tai Nghe Bluetooth Không Dây Có Đèn LED Phát Sáng Có Micro Không Dây Giảm Tiếng Ồn Âm Thanh Ba Chiều Quà Tặng Sinh Nhật Cho Trẻ Em,https://www.lazada.vn/products/pdp-i3142687061.html,595.000 ₫,,
PH | Tai Nghe Giữ Ấm Cho Phụ Nữ,https://www.lazada.vn/products/pdp-i3231447103.html,188.000 ₫,,
"Tai Nghe Có Dây Gaming Headset Dành Cho Asus ProArt 16 Laptop Gaming Computer Dây Cáp 2,2m Micro Có Sẵn Thời Gian Bảo Hành 1 Năm",https://www.lazada.vn/products/pdp-i3170752678.html,385.000 ₫,,
Tai Nghe Bluetooth Có Dây Đeo Đầu Bằng Nhựa Có Thể Phát Sáng Cho Trẻ Em Tai Nghe Chơi Game Có Thể Cắm Thẻ Nhớ Có Nhạc,https://www.lazada.vn/products/pdp-i3142663275.html,493.000 ₫,,"228 Đã bán
China"
Tai nghe tương thích Bluetooth dành cho xe máy Tai nghe rảnh tay khử tiếng ồn Mũ bảo hiểm Tai nghe dành cho Mũ bảo hiểm Full Face Bụi bẩn Mũ bảo hiểm xe đạp DFTY-VN,https://www.lazada.vn/products/pdp-i3236496339.html,482.000 ₫,,
Tai Nghe Bluetooth JBL Tune 670NC - Hàng Chính Hãng,https://www.lazada.vn/products/pdp-i2501991848.html,2.960.000 ₫,5.0,31 Đã bán
"Tai nghe chụp tai Bluetooth JBL Tune 520BT JBLT520BT - Hàng chính hãng - Công nghệ âm thanh JBL Pure Bass, Drive kích thước lên đến 33mm, công nghệ bluetooth 5.3",https://www.lazada.vn/products/pdp-i2394333605.html,1.349.000 ₫,,
"Tai nghe bluetooth khử tiếng ồn qua tai Coca-Cola T07 với loa điện động 40mm, khử tiếng ồn chủ động ANC, thời lượng pin 100h",https://www.lazada.vn/products/pdp-i3114597447.html,1.999.000 ₫,,
Tai nghe Zidli ZH9 7.1 RGB – Rung (Chấn động ),https://www.lazada.vn/products/pdp-i2965672175.html,588.000 ₫,,
Tai Nghe Bluetooth Cảm Ứng Cơ Học với Nắp Trượt Độ Trễ Thấp cho Âm Nhạc & Chơi Game,https://www.lazada.vn/products/pdp-i3232178099.html,672.000 ₫,,
Tai Nghe Chụp Tai XMOWI G5 Pro ANC - Tai Nghe Bluetooth Over-ear Khử Tiếng Ồn Chủ Động Hiệu Quả,https://www.lazada.vn/products/pdp-i3149022678.html,819.000 ₫,,
JIALEMEIJIA | Tai Nghe Không Dây Hủy Tiếng ỒnANC Bluetooth 5.4 Hi-Res Audio,https://www.lazada.vn/products/pdp-i3219706121.html,1.828.000 ₫,,
Tai Nghe Bluetooth Không Dây với Khả Năng Hủy Tiếng Ồn Tích Cực 43dB,https://www.lazada.vn/products/pdp-i3230331519.html,1.513.000 ₫,,
Tai Nghe Bluetooth Đeo Tai Gập Được,https://www.lazada.vn/products/pdp-i3238959591.html,890.000 ₫,,
Tai nghe DareU EH930 âm thanh giả lập 7.1 | Bảo hành 12T,https://www.lazada.vn/products/pdp-i2836529008.html,910.000 ₫,,
"Tai nghe Bluetooth có dây/không dây, có thể gập gọn",https://www.lazada.vn/products/pdp-i3229263912.html,487.200 ₫,,
Tai Nghe Chụp Tai Gaming- Tai Nghe X1S Blade 7.1 Có Mic Jack Cắm USB Âm Thanh 7.1 |Patech Electronics,https://www.lazada.vn/products/pdp-i2966457648.html,1.599.000 ₫,,
JIALEMEIJIA | Tai Nghe DJ Chuyên Nghiệp Có Mic Đeo Tai,https://www.lazada.vn/products/pdp-i3219558510.html,2.447.000 ₫,,
ThinkPlus | Tai Nghe Bluetooth Hủy Tiếng Ồn Không Dây,https://www.lazada.vn/products/pdp-i3196436523.html,518.000 ₫,,
JIALEMEIJIA | Tai Nghe Bluetooth Có Dây & Không Dây 7.1 Âm Thanh Vòm,https://www.lazada.vn/products/pdp-i3219594375.html,2.498.000 ₫,,
JIALEMEIJIA | Tai Nghe Có Dây 10mm Dynamic Driver,https://www.lazada.vn/products/pdp-i3219628960.html,1.546.000 ₫,,
[NC] Tai nghe chụp tai Bluetooth QCY H3 LITE | NGHE TẠP | Hàng Chính Hãng QCY Việt Nam,https://www.lazada.vn/products/pdp-i3060703273.html,718.000 ₫,,
Keep | Tai Nghe Bluetooth Không Dây Mở Tai,https://www.lazada.vn/products/pdp-i3219679891.html,2.141.000 ₫,4.0,
Tai Nghe Bluetooth Giảm Ồn Hình U Bông Nhớ Dễ Mang Đi Du Lịch,https://www.lazada.vn/products/pdp-i3219671171.html,1.561.000 ₫,,
Tai nghe Bluetooth Unicore phiên bản 5.3 có dây không dây HI-FI XM-Q7 dành cho thiết bị ngoại vi PC thiết bị âm thanh hình ảnh máy tính,https://www.lazada.vn/products/pdp-i3234463855.html,559.800 ₫,,
[NEW] Tai Nghe Gaming Blackshark V3 X HyperSpeed | Không Dây | Driver 50MM GEN-2 | Micro Tháo Rời | Âm Thanh Vòm 7.1,https://www.lazada.vn/products/pdp-i3159902826.html,2.890.000 ₫,,
"Tai nghe gaming không dây Lightspeed Logitech G535 - Nhẹ, âm thanh nổi PC, PS4, PS5",https://www.lazada.vn/products/pdp-i3161042019.html,2.799.000 ₫,,
JBL | JBL T670NC Gaming Headset Bluetooth Over-Ear Gaming Headset with Mic Noise Reduction Long Battery Life Wireless 4067,https://www.lazada.vn/products/pdp-i3233611367.html,2.914.000 ₫,,
Tai nghe không dây ZIDLI AH1 - WIRELESS 2.4G - Hàng Chính Hãng,https://www.lazada.vn/products/pdp-i2234774365.html,1.299.000 ₫,,
Tai Nghe Chụp Tai Nghe FIFINE H9 RGB Headset Kèm Mic Đàm Thoại - Bảo Hành 1 Năm,https://www.lazada.vn/products/pdp-i3057955983.html,1.290.000 ₫,,
"Cosy | Tai nghe có mic học tiếng, cổng Type-C, chống ồn, dùng cho trung tâm và trường học HS2292C",https://www.lazada.vn/products/pdp-i3228120404.html,474.000 ₫,,
Tai Nghe Bluetooth Sony Wh Xb700 ( Wh-Xb700 ) - Hàng Chính Hãng,https://www.lazada.vn/products/pdp-i2176183259.html,1.199.000 ₫,,
Tai nghe Zidli ZH9 7.1 RGB – Rung (Chấn động ),https://www.lazada.vn/products/pdp-i2965470635.html,588.000 ₫,,
Tai Nghe Chơi Game Không Dây ONIKUMA Bluetooth Có Đèn RGB Tai Nghe Có Dây Hình Tai Mèo Cho PC Mac - GT838,https://www.lazada.vn/products/pdp-i3242857198.html,981.600 ₫,,
Tai nghe bluetooth EDIFIER WH950NB – Chống ồn chủ động ANC - Hi-Res Audio – Pin 55 giờ - Bluetooth 5.3 – Chính hãng MAI THU – Bảo hành 12 tháng,https://www.lazada.vn/products/pdp-i2606791507.html,2.590.000 ₫,,
[NC] Tai Nghe Over Ear Chụp Tai Bluetooth SOUNDPEATS SPACE PRO | NGHE TẠP | Có Mic,https://www.lazada.vn/products/pdp-i3089378941.html,1.109.000 ₫,,
"Tai nghe Bluetooth Mar.shall Major IV | V không dây, kiểu on-ear, có mic tích hợp, stereo Hi-Fi",https://www.lazada.vn/products/pdp-i3175378970.html,3.890.000 ₫,,
Tai Nghe Không Dây Gaming EDRA EH496w - Hàng Chính Hãng,https://www.lazada.vn/products/pdp-i3113898166.html,644.000 ₫,,
Impact Hearing Headphones Electronic Earmuffs Outdoor Sports Noise-Cancelling Headphones,https://www.lazada.vn/products/pdp-i3103560254.html,458.643 ₫,,
Sony chính hãng MDR-XB75AP trong tai cực sâu Tai nghe âm Bass Tai nghe âm thanh nổi có dây 3.5mm Tai nghe nhét tai thể thao Tai nghe kèm Micro rảnh tay,https://www.lazada.vn/products/pdp-i2407812151.html,430.000 ₫,4.0,134 Đã bán
Sony WH-XB910N Extra Bass NC Bluetooth Headphones Extra Bass Stereo Wireless High Quality Gaming Full Bass Hadfone Handfone Headphone Bluetooth Wireless Speaker Earphone,https://www.lazada.vn/products/pdp-i2125296266.html,356.136 ₫,5.0,
Sennheiser HD gốc 400S/HD 206/HD 201 xung quanh-Tai nghe đeo tai cách ly tiếng ồn nhạc âm thanh nổi Bộ tai nghe gập lại được sâu trầm cho điện thoại di động,https://www.lazada.vn/products/pdp-i2598100718.html,381.973 ₫,5.0,29 Đã bán
Over the ear Tai nghe có dây Trọng lượng nhẹ âm trầm mạnh mẽ cao âm thanh chất lượng 3.5mm jack Headphone máy tính điện thoại máy tính xách tay văn phòng,https://www.lazada.vn/products/pdp-i2414163804.html,39.000 ₫,4.0,14 Đã bán
Tai nghe Sony WH-CH720N HEADWORN bluetooth không dây giảm tiếng ồn cho Stereo gọi điện thoại tai nghe nhạc jibenasdokj-cb,https://www.lazada.vn/products/pdp-i2683425214.html,608.761 ₫,,
Sony Tai Nghe Bluetooth NC Extra Bass WH-XB910N / WH XB 910N Tai Nghe Handfone Hadfone Full Bass Chơi Game Chất Lượng Cao Âm Thanh Nổi Extra Bass Không Dây Loa Không Dây Bluetooth Tai Nghe Nirkabel Cổng Micro USB Sạc Nhanh Âm Thanh Rõ Ràng Full HD Garansi,https://www.lazada.vn/products/pdp-i2130412177.html,391.424 ₫,5.0,5 Đã bán
QKZ AK6 HiFi Tai Nghe Có Dây Có Micro Jack Cắm 3.5 Mm Ổ Đĩa Kép Bass Stereo Tai Nghe Chụp Tai Thể Thao Chạy Bộ Tai Nghe Nhạc,https://www.lazada.vn/products/pdp-i2562843723.html,158.000 ₫,4.0,57 Đã bán
Ear Hanging Digital Display Bluetooth 5.3 Headphones Portable Single-ear Sports Headset Noise-canceling Music Games Wireless Earphones with Microphone,https://www.lazada.vn/products/pdp-i2932924786.html,30.700 ₫,5.0,198 Đã bán
JBL ban đầu điều chỉnh 660btnc Tai nghe bluetooth không dây tiếng ồn hủy bỏ tai nghe chơi game tai nghe thể thao rảnh tay có micro,https://www.lazada.vn/products/pdp-i2607025112.html,775.478 ₫,,
【The-Best】 C4u Tactical Headset Headworn Comtac Series Pickup Active Noise Reduction Outdoor Headphone Earphone U94ptt,https://www.lazada.vn/products/pdp-i2700026780.html,229.112 ₫,,
"Soundcore By Life Q35 Multi Mode Active Noise Cancelling Wireless Headphones, Hi-Res, 40H Playtime, Clear Calls",https://www.lazada.vn/products/pdp-i2783487534.html,846.113 ₫,,
Tai nghe Tai nghe bluetooth không dây chơi game có thể gập lại JBL tai nghe thể thao 600BT âm trầm thuần khử tiếng ồn có micAudio &gt; Headphones &amp; Headsets &gt; Over-The-Ear Headphones,https://www.lazada.vn/products/pdp-i2534292950.html,439.874 ₫,,
"2Pack IR Wireless Headphones for Car DVD Player Headrest Video,On-Ear Infrared Headphones Headset Universal (Black)",https://www.lazada.vn/products/pdp-i3174910484.html,704.227 ₫,,
WH-1000XM5 Over-ear Bluetooth đầy đủ bảo hiểm cuộc gọi không dây tai nghe để bán Over-Tai nghe đeo tai,https://www.lazada.vn/products/pdp-i3174295823.html,401.719 ₫,,
"Ai Hyundai Hy Hy T26 Pro Mở Miễn Phí Không Dây Bluetooth Headphone Cho Nghe Nhạc & Gọi Điện Thoại, Với Ứng Dụng Bluetooth Dịch & Cuộc Họp Tóm Tắt Chức Năng",https://www.lazada.vn/products/pdp-i2936003082.html,739.890 ₫,,
《Joyfeel Store》 SANSUI DT11 Headset Wireless Headphone ANC Noise Reduction Bluetooth V5.4 Earphone Exclusive App,https://www.lazada.vn/products/pdp-i3130527334.html,610.330 ₫,,
"ANTISETICSHOP40AN8 phổ quát Âm trầm Có dây Âm thanh nổi Tai nghe 3,5 mm Tai nghe trong tai Tai nghe HiFi",https://www.lazada.vn/products/pdp-i3212180476.html,39.000 ₫,3.5,
"ASIDUN phổ quát Có dây Ống nghe Âm thanh nổi Tai nghe trong tai Tai nghe 3,5 mm Tai nghe HiFi",https://www.lazada.vn/products/pdp-i3210429869.html,30.000 ₫,3.5,
Sony WH-CH720N HEADWORN bluetooth không dây giảm tiếng ồn cho cuộc gọi Stereo Tai nghe nhạc Over-the-Tai nghe đeo tai,https://www.lazada.vn/products/pdp-i2989379357.html,400.136 ₫,,
(BYTX) Wireless Bluetooth Headphone Comfortable All-Inclusive Earmuffs High-Fidelity Game Wireless Bluetooth Headset,https://www.lazada.vn/products/pdp-i2789743437.html,258.838 ₫,,
Ajazz ax365 Tai nghe chụp có dây Over-Ear giảm tiếng ồn USB tiện dụng/3.5mm 7.1 surround âm thanh tai nghe chơi game cho máy tính để bàn,https://www.lazada.vn/products/pdp-i2289663679.html,722.319 ₫,,
【User-friendly】 TH30 Wireless Headphones Bluetooth 5.3 Earphones Foldable Gaming Headset Sport Headphone with Mic Music Earbuds 250mAh,https://www.lazada.vn/products/pdp-i3228350751.html,750.178 ₫,,
Disour APTX HD không dây headhones hoạt động giảm tiếng ồn Tai nghe bluetooth 5.1 hifi bass nặng với Dual Mic Supper ứng dụng điều khiển,https://www.lazada.vn/products/pdp-i2417895168.html,959.215 ₫,,
Tai nghe không dây với micrô bluetooth fone de ouvido audifonos con microfono auriculares tai nghe tai nghe inalambicos RTSU-VN,https://www.lazada.vn/products/pdp-i3193562081.html,272.000 ₫,,
Surround sound metal bluetooth headset type-c gaming music dual mode hanging neck wired headphone with microphone,https://www.lazada.vn/products/pdp-i3044454737.html,332.305 ₫,,
Moon Aurora ax365 Tai nghe chơi game có dây tai nghe W/microphone 7.1 surround đèn LED,https://www.lazada.vn/products/pdp-i3028889076.html,609.035 ₫,,
"Tai nghe Bluetooth Lenovo HD200, tai nghe không dây cho máy tính, có thể gập lại, khử tiếng ồn, âm thanh nổi HIFI, tai nghe chơi game",https://www.lazada.vn/products/pdp-i3165201943.html,746.418 ₫,,
[Hot]Aula S6 Headphone 2.4G Wireless Bluetooth 5.3 Wired Three Mode Lightweight Game E-Sports Gaming Headset Tarantula S6 Earphone,https://www.lazada.vn/products/pdp-i2666920206.html,369.071 ₫,,
Oneodio Chơi Game Có Dây Tai Nghe Game Thủ USB + 3.5Mm Over-Tai Nghe Chơi Game Có Thể Tháo Rời Micro Cho Máy Tính Máy Tính PS4 Xbox,https://www.lazada.vn/products/pdp-i3024547622.html,627.000 ₫,,
"Tai chơi game Razer War Hammer Shark Professional Edition V2, tai nghe trong tai, phổ biến cho máy tính và điện thoại di động, có mic.",https://www.lazada.vn/products/pdp-i3232553526.html,647.858 ₫,,
《Joyfeel Store》 Monster XKH03 Wireless Headphones Bluetooth Earphones Bluetooth 5.3 Stereo HiFi Music with Rotating Noise-Cancelling Microphone Sports Gaming Headset,https://www.lazada.vn/products/pdp-i3130600236.html,639.553 ₫,,
"Tai nghe bluetooth đeo đầu, mic-rô không dây, máy tính chơi Game Hai chế độ 2.4G, tai nghe chuyên dụng ps5 qua tai nghe đeo tai",https://www.lazada.vn/products/pdp-i2989448246.html,638.136 ₫,,
"Tai nghe không dây Tai nghe bluetooth cho điện thoại, thể thao, thể thao điện tử, chơi game, âm nhạc Tuổi thọ pin dài tai nghe đeo tai",https://www.lazada.vn/products/pdp-i3174352378.html,695.719 ₫,,
Awei A770BL Bluetooth headphones Stereo good music rock low bassLong Endurance headset headphone,https://www.lazada.vn/products/pdp-i3124130315.html,619.621 ₫,,
Bluetooth không dây tai nghe sooyn Thời gian sạc 2 giờ vật liệu nhựa protein earmuffs SY-T4 LZ-11 qua tai tai nghe Tai nghe bluetooth cho tai nghe chơi game,https://www.lazada.vn/products/pdp-i3140866851.html,950.029 ₫,,
"ONIKUMA X25 Gaming Headset With Microphone For PS4 PS5 Xbox One PC Wired Game Headset With RGB Light, 3.5Mm Wired Headphones",https://www.lazada.vn/products/pdp-i2913884044.html,624.829 ₫,,
Tai nghe trẻ em dễ thương tai nghe hình mèo màu hồng cô gái chơi game có dây tai nghe stereo 3.5mm có thể gập lại với Micro âm nhạc quà tặng trẻ em,https://www.lazada.vn/products/pdp-i2534463921.html,618.587 ₫,,
Cho JBL TUNE 760nc Tai nghe bluetooth không dây khử tiếng ồn chủ động âm nhạc trò chơi thể thao t760nc Tai nghe rảnh tay,https://www.lazada.vn/products/pdp-i2634674464.html,710.872 ₫,,
Tai Nghe Bluetooth 5.3 Không Dây XIAOMI MIJIA P2961 Tai Nghe Hifi Âm Thanh Nổi Di Động Có Mic Cho Samsung & iPhone,https://www.lazada.vn/products/pdp-i3163587173.html,251.000 ₫,,
【New】Tai nghe UGREEN HiTune H6 Pro Wireless Bluetooth 5.3 Headset Dual Microphone Adaptive Active Noise Cancellation White Model:35194,https://www.lazada.vn/products/pdp-i2849775919.html,2.009.700 ₫,4.0,28 Đã bán
Lenovo Transformers TF-T10 Bluetooth tai nghe thể thao chạy giảm tiếng ồn Bluetooth 5.4 nghe bài hát mini nhỏ gọn trò chơi âm nhạc di động nghe bài hát chất lượng âm thanh cao quà tặng sáng tạo,https://www.lazada.vn/products/pdp-i2548596205.html,295.094 ₫,5.0,43 Đã bán
tai nge boluetooth chụp tai không dây UGREEN HP205 Hi-Res Hitune Studio Max2 ANC Wireless Bluetooth 5.4 Earphones Over The Ear Noise Cancelling Headphone,https://www.lazada.vn/products/pdp-i2921139789.html,1.096.700 ₫,5.0,22 Đã bán
Thông minh màn hình cảm ứng Bluetooth tương thích ows headphone 8 giờ Tuổi thọ pin dài tai nghe thể thao LCD colour màn hình,https://www.lazada.vn/products/pdp-i3187547035.html,641.000 ₫,,
"Monster Persona 3rd 45dB ANC Headphones 70H Battery Life, Active Noise Cancelling, Bluetooth 5.4, 6-Mic Clear Calling, 3 EQ Modes, Foldable Comfort Design for Travel & Work",https://www.lazada.vn/products/pdp-i3165803379.html,890.999 ₫,,
Tai nghe không dây chụp tai soundcore H30i | Hỗ trợ app | Pin khủng | Bluetooth 5.3,https://www.lazada.vn/products/pdp-i2685775803.html,799.000 ₫,5.0,25 Đã bán
Faaeal tai nghe bluetooth khử tiếng ồn anc có thể gập lại tai nghe kèm mic không dây nhẹ trên tai thể thao chạy tai nghe chơi game tai rảnh tay có thể điều chỉnh tai nghe bluetooth 5.2 dàn hi-fi trầm tai nghe nhạc cho điện thoại thông minh máy tính bảng m,https://www.lazada.vn/products/pdp-i2663151617.html,570.492 ₫,5.0,
Tai nghe Marshall MODE EQ - Bảo Hành Chính Hãng 1 Đổi 1 trong 1 Năm,https://www.lazada.vn/products/pdp-i783238971.html,1.548.350 ₫,5.0,100 Đã bán
Tai Nghe Chơi Game Durable EH718 Có Dây Cho Máy Tính Để Bàn 7.1 Đồ Chơi Điện Tử Tai Nghe Có Dây Có Micro Tai Nghe Chơi Game,https://www.lazada.vn/products/pdp-i2843137203.html,513.000 ₫,,"36 Đã bán
Hong Kong"
[HCM]Tai nghe chụp tai biro uv201( Trắng),https://www.lazada.vn/products/pdp-i169048655.html,45.000 ₫,3.0,966 Đã bán
Tai Nghe Truyền Thông Hai Chiều Không Dây cho Quay Phim và Livestream,https://www.lazada.vn/products/pdp-i3219661807.html,31.371.000 ₫,,
Đầu Nghe Nhạc Bluetooth Không Dây Có Dây Gaming Noise Reduction Đa Năng Cho Máy Tính Xách Tay Laptop Headset HiFi 2023,https://www.lazada.vn/products/pdp-i3151022553.html,576.000 ₫,,
Tai nghe Bluetooth trùm đầu chống ổn Lenovo HD200 BT5.0 Hãng,https://www.lazada.vn/products/pdp-i2148120530.html,813.700 ₫,,
Đầu Nghe Nhạc Bluetooth Không Dây Có Dây Cho Trò Chơi Điện Tử Máy Tính Di Động Trẻ Em Có Âm Lượng Thấp Ồn Ào Giảm Độ Trễ Thấp,https://www.lazada.vn/products/pdp-i3140225937.html,442.000 ₫,,"372 Đã bán
China"
Tai nghe Bluetooth không dây nhiều màu thời trang sành điệu và thời trang (Đen đỏ),https://www.lazada.vn/products/pdp-i793468345.html,652.479 ₫,,
Tai Nghe Không Dây Gaming EDRA EH496w - Hàng Chính Hãng,https://www.lazada.vn/products/pdp-i3113678758.html,572.516 ₫,,
Đầu Nghe Nhạc Bluetooth BT06C Có Dây Không Dây Phát Sáng Âm Thanh Chất Lượng Dành Cho Học Sinh Nghe Nhạc Chơi Game,https://www.lazada.vn/products/pdp-i3151681896.html,546.000 ₫,,
Tai nghe có dây USB Có Micrô khử tiếng ồn | nút trả lời cuộc gọi | đội Microsoft và Điện thoại IP tương thích | Miếng đệm tai bọt nhớ thoải mái Thiết kế gọn nhẹ và lâu dài,https://www.lazada.vn/products/pdp-i3206268086.html,948.500 ₫,,
"Tai nghe chụp tai không dây Baseus D05 chống ồn Bluetooth V5.3, thời gian sạc 2 giờ, nghe nhạc lên đến 70 giờ dung lượng pin 600mAh",https://www.lazada.vn/products/pdp-i2329619999.html,1.121.000 ₫,,
Awei AT2 -30dB e-thể thao chế độ ANC Chủ động tiếng ồn hủy bỏ 8mics tai nghe Hifi Stereo 36h Thời gian chơi không dây qua tai bluetooth 5.3 Tai nghe Hi-res âm thanh,https://www.lazada.vn/products/pdp-i1438304573.html,1.321.935 ₫,4.0,13 Đã bán
"Tai Nghe Gaming ONIKUMA B60 Bluetooth, Micro HD, Âm Thanh Vòm Nổi",https://www.lazada.vn/products/pdp-i2895454319.html,990.000 ₫,,
Tai nghe gaming không dây chụp tai E-dra EH493w Noob Black Wireless 2.4 Ghz - Bass 50mm cực chất - Kết nối Wireless 2.4 Ghz,https://www.lazada.vn/products/pdp-i1948214146.html,939.000 ₫,2.4,
Tai nghe Bluetooth chụp tai Remax RB-650HB,https://www.lazada.vn/products/pdp-i2078143550.html,750.000 ₫,,
Razer Barracuda - Wireless Multi-platform Gaming and Mobile Headset (Tai nghe không dây) | Bluetooth | 2.4GHz Wireless + Bluetooth | Integrated Noise-Cancelling Mic | 50mm Drivers,https://www.lazada.vn/products/pdp-i2144665844.html,2.190.000 ₫,,
Tai nghe chơi game có dây ASUS TUF GAMING H1 GEN II - Hàng Chính Hãng,https://www.lazada.vn/products/pdp-i3128279911.html,1.350.000 ₫,,
Tai nghe bluetooth 5.0 trùm đầu Baseus D07,https://www.lazada.vn/products/pdp-i2122633927.html,650.000 ₫,5.0,
"Tai nghe gaming có dây Logitech G Pro X SE, Mic tháo rời, âm vòm 7.1,đệm Memory Foam, màn loa 50 mm",https://www.lazada.vn/products/pdp-i3160995506.html,2.490.000 ₫,,
Tai nghe có dây Sennheiser IE 200 - Hàng chính hãng,https://www.lazada.vn/products/pdp-i2930175143.html,4.620.000 ₫,,
Đồng Phục Thể Thao Bluetooth Không Dây Anime Headset Unisex Đồ Chơi Điện Tử Thiết Bị Phụ Trợ Thể Thao Bóng Lông Cừu Nam Và Nữ,https://www.lazada.vn/products/pdp-i3222401855.html,637.000 ₫,,"6 Đã bán
China"
Tai nghe có dây Razer BlackShark V2 X Wired RZ04-03240100-R3M1 - Hàng Chính Hãng,https://www.lazada.vn/products/pdp-i3014887197.html,1.280.000 ₫,,
Transformers | Tai nghe Bluetooth có dây đeo đầu hình thạch anh dành cho điện thoại di động và máy tính để bàn Tai nghe chơi game âm nhạc mới 2025,https://www.lazada.vn/products/pdp-i3172041181.html,772.000 ₫,,
Tai Nghe Bluetooth Chụp Tai EDIFIER ATOM MAX | Chống Ồn Chủ Động | Thời Gian Sử Dụng Tới 45H | Thiết Kế Gập Gọn | Bảo Hành 15 Tháng,https://www.lazada.vn/products/pdp-i3065609381.html,1.190.000 ₫,,
"Tai Nghe Chơi Game Không Dây XIBERIA K03S Pro 2.4GHz 4 Chế Độ Âm Thanh Vòm 7.1 HiFi, Pin 2000mAh, Độ Trễ Thấp, Kiểu Đeo Tai",https://www.lazada.vn/products/pdp-i3242787331.html,1.288.800 ₫,,
Tai nghe HUAWEI FreeClip | C-bridge Design | Công Nghệ Âm Thanh Mở| Tự Động Nhận Diện Trái-Phải | Hàng Phân Phối Chính Hãng,https://www.lazada.vn/products/pdp-i2578128106.html,3.430.000 ₫,4.0,191 Đã bán
Tai nghe thiết kế mở open-ear Amazfit Up - Hàng chính hãng - Bảo hành 12 tháng,https://www.lazada.vn/products/pdp-i2923131072.html,1.290.000 ₫,5.0,14 Đã bán
Razer | Tai Nghe Chơi Game Không Dây,https://www.lazada.vn/products/pdp-i3220847358.html,2.276.000 ₫,4.0,
"[THƯƠNG HIỆU MỸ] Tai nghe bluetooth chụp tai chống ồn chủ động, bass rung, jack cắm 3.5mm Skullcandy Crusher ANC 2 - BẢO HÀNH 1 NĂM",https://www.lazada.vn/products/pdp-i642526455.html,6.500.000 ₫,5.0,12 Đã bán
"Tai nghe chụp tai Bluetooth Anker Soundcore Q20i A3004 - Hàng chính hãng - Chống ồn ANC, thời lượng pin lên đến 60 giờ, thiết kế gọn nhẹ",https://www.lazada.vn/products/pdp-i2414647124.html,1.160.000 ₫,,
Tai nghe Bluetooth V5.3 EDIFIER WH950NB/W80 | Khử tiếng ồn chủ động | Thời gian sử dụng lên đến 55h | Bảo Hành 15 Tháng,https://www.lazada.vn/products/pdp-i2190722530.html,2.190.000 ₫,4.0,114 Đã bán
Tai Nghe Giải Trí Và Đàm Thoại Bluetooth Chuyên Nghiệp Dell Pro Wireless WL5022 - Hàng Chính Hãng Việt Nam,https://www.lazada.vn/products/pdp-i2664407078.html,2.090.000 ₫,,"6 Đã bán
Hồ Chí Minh"
UGREEN HiTune T6 Active Noise Reduction True Wireless Bluetooth Headphones (white) for iPhone 15 Pro Max HUAWEI Mate 60 Pro HUAWEI Mate 60 Xiaomi Model:15158,https://www.lazada.vn/products/pdp-i2431871042.html,1.568.200 ₫,4.0,34 Đã bán
"Tai nghe Bluetooth cho em bé và trẻ em, công nghệ dẫn truyền qua xương AIR, bảo vệ thính giác, chống nước, bảo hành 1 năm miễn phí",https://www.lazada.vn/products/pdp-i3229395920.html,507.600 ₫,,
Tai Nghe Bluetooth Không Dây Thông Minh Chốngồn Thể Thao Thiết Bị Phát Thanh Di Động Thiết Bị Nghe Nhạc Thiết Bị Nghe Nhạc,https://www.lazada.vn/products/pdp-i2972185271.html,569.000 ₫,,"600 Đã bán
Hong Kong"
Tai nghe bluetooth,https://www.lazada.vn/products/pdp-i2709320818.html,1.800.227 ₫,,
Tai nghe bluetooth HP H23D chống ồn kết nối ổn định pin trâu âm thanh sống động,https://www.lazada.vn/products/pdp-i3195917815.html,930.000 ₫,,
Tai nghe Gaming ZIDLI ZH31 (7.1/USB) - Hàng Chính Hãng,https://www.lazada.vn/products/pdp-i3184369806.html,665.000 ₫,,
Tai nghe Logitech H390 USB (Đen/Trắng/Hồng),https://www.lazada.vn/products/pdp-i1585443428.html,886.050 ₫,5.0,16 Đã bán
Tai nghe không dây EDIFIER WH700NB,https://www.lazada.vn/products/pdp-i3217126290.html,880.000 ₫,,
Monster Clarity 200 ANC In Ear Headphones Bluetooth 6.0 Built-in Microphone ANC Active Noise Canceling Ultra-Low Latency for Gaming Headsets,https://www.lazada.vn/products/pdp-i3165803376.html,623.699 ₫,,
Tai Nghe Bluetooth JBL Tune Flex 2 - Hàng Chính Hãng,https://www.lazada.vn/products/pdp-i3134824542.html,2.490.000 ₫,5.0,16 Đã bán
"Tai Nghe Bluetooth XINOWY V8 SV1200M Dành Cho Mũ Bảo Hiểm Xe Máy, Đàm Thoại Toàn Đôi, Dành Cho 5 Người Lái, Có Điều Khiển Từ Xa, Radio FM, Chống Nước, Giảm Tiếng Ồn",https://www.lazada.vn/products/pdp-i3238055507.html,1.868.400 ₫,,"23 Đã bán
China"
Tai Nghe Điện Tử TONEKING Metal Sound Chamber Ting Fluorescent Green Hi-Fi Flat Headphones Gaming Esports Over-Ear Wired Headset,https://www.lazada.vn/products/pdp-i3237877459.html,1.440.000 ₫,,
Bizoe | Tai Nghe Chơi Game Không Dây Bluetooth Hủy Tiếng Ồn Chủ Động dành cho Phụ Nữ,https://www.lazada.vn/products/pdp-i3195764956.html,1.536.000 ₫,,
Tai Nghe Không Dây Kép NUBWO G06 Có Micrô Cho PS5/PS4/PC/Mobile/Switch Tai Nghe Chơi Game Bluetooth 5.3 2.4GHz Có Tính Năng Khử Tiếng Ồn Chủ Động Và Tính Năng Chống Nước,https://www.lazada.vn/products/pdp-i3242768398.html,1.234.000 ₫,,"42 Đã bán
China"
[CHÍNH HÃNG] Tai nghe chụp tai TAKSTAR HIDDEN SHADE giành cho game thủ nghe nhạc tai nghe có míc BẢO HÀNH 1 NĂM,https://www.lazada.vn/products/pdp-i537204540.html,1.915.000 ₫,5.0,33 Đã bán
Philips | Tai Nghe Chơi Game Không Dây Hủy Tiếng Ồn ANC,https://www.lazada.vn/products/pdp-i3220022589.html,1.542.000 ₫,,
Tai nghe chơi game AVSTAR TAKSTAR USB Freeplayer Hoon SPLENDOR có dây cho Máy tính/ PC/ Laptop - Gaming Headphones,https://www.lazada.vn/products/pdp-i2299780502.html,2.660.000 ₫,,
Tai Nghe Chụp Tai Gaming Baseus AeQur GH02 Gaming Wireless Headphones,https://www.lazada.vn/products/pdp-i2123114693.html,1.390.000 ₫,,
"Tai nghe Bluetooth chụp tai Baseus Bass 35 Max Wireless Headphones Stellar ( Bluetooth V5.3, thời lượng pin lên đến 50h)",https://www.lazada.vn/products/pdp-i2725607122.html,1.040.000 ₫,,
"Tai nghe có dây Logitech H340 - Mic giảm ồn, điều khiển trên dây, âm thanh kỹ thuật số, đệm tai thoải mái, kết nối USB-A",https://www.lazada.vn/products/pdp-i2621680436.html,599.000 ₫,,
"Tai nghe Bluetooth chụp tai ACEFAST H1, loa 40mm, 35 giờ nghe nhạc, chống ồn chủ động ANC - H1 Hàng chính hãng",https://www.lazada.vn/products/pdp-i2063564992.html,2.200.000 ₫,,
Tai nghe chơi game không dây Logitech G321 LIGHTSPEED,https://www.lazada.vn/products/pdp-i3229434756.html,1.790.000 ₫,,
Tai Nghe JBL Sense Lite - Hàng Chính Hãng,https://www.lazada.vn/products/pdp-i3183017405.html,2.850.000 ₫,5.0,
Tai nghe Asus TUF GAMING H1 Gen II BLACK - Hàng Chính Hãng,https://www.lazada.vn/products/pdp-i3185194976.html,1.500.000 ₫,,
Tai Nghe Chụp tai bluetooth chống ồn Wiwu Pilot Headser/Tai Nghe Chụp tai WiWu Elite Headset,https://www.lazada.vn/products/pdp-i2078070718.html,850.000 ₫,,
Philips | Tai Nghe Bluetooth Hủy Tiếng Ồn Không Dây với Mic cho Gaming,https://www.lazada.vn/products/pdp-i3198313134.html,1.287.000 ₫,4.0,
"Tai nghe không dây Gaming Zidli AH1 2.4G (7.1, USB, Led) - Hàng Chính Hãng - Bảo hành 12 tháng",https://www.lazada.vn/products/pdp-i1693443089.html,1.190.000 ₫,,
"Tai nghe chụp tai không dây Logitech G733 Lightspeed RGB - Hàng chính hãng - Màu sắc bắt mắt, khả năng kết nối 20m, LED RGB 16 triệu màu",https://www.lazada.vn/products/pdp-i1890742853.html,3.090.000 ₫,5.0,
"Tai nghe chụp tai Bluetooth Anker Soundcore Q20i A3004 - Hàng chính hãng - Chống ồn ANC, thời lượng pin lên đến 60 giờ, thiết kế gọn nhẹ",https://www.lazada.vn/products/pdp-i2414557362.html,999.000 ₫,,
[NEW]Tai Nghe Gaming Kraken V4 X | Kết Nối Dây Type C/A | Driver 40MM | Micro Thu Gọn | Âm Thanh 7.1 | Vải Đệm Tai Hybrid | Led RGB,https://www.lazada.vn/products/pdp-i2798328485.html,2.390.000 ₫,,
Tai nghe Gaming có dây Razer Kraken V3 X - RZ04-03750300-R3M1 - Hàng Chính Hãng,https://www.lazada.vn/products/pdp-i3058611051.html,1.530.000 ₫,,
Tai Nghe Gaming Logitech Astro A40 - Hàng Chính Hãng - BH 1 năm - Có Xuất VAT,https://www.lazada.vn/products/pdp-i2705831137.html,2.990.000 ₫,,
[NC] Tai Nghe Chụp tai SONY MDR ZX310AP | NGHE TẠP | Có Mic,https://www.lazada.vn/products/pdp-i2745554434.html,670.000 ₫,,
JIALEMEIJIA | Tai Nghe Có Dây Chơi Game Nâng Cao Khả Năng Hủy Tiếng Ồn Bụi,https://www.lazada.vn/products/pdp-i3219633783.html,1.280.000 ₫,,
"Tai nghe gaming có dây MSI DS502 Driver 40mm - Kết nối jack 3,5mm - Cáp 2,1m - Tương thích PC, Mac, PS5/4, XBOX Series - Hàng chính hãng - Bảo hành 1 năm",https://www.lazada.vn/products/pdp-i2188844861.html,1.219.000 ₫,,
"Tai nghe Gaming ONIKUMA X15 Pro Có Dây, Âm Thanh Vòm Nổi, Micro Khử Ồn, RGB, Tai Hươu",https://www.lazada.vn/products/pdp-i2895324718.html,820.000 ₫,,
Tai Nghe Razer Gaming Kraken Kitty V2 Pro | Kết Nối USB-A | Driver TriForce titannum 50mm | Âm thanh 7.1 | Mic Khử Ồn | Led RGB,https://www.lazada.vn/products/pdp-i2261090339.html,2.490.000 ₫,,
"Tai Nghe Chụp Tai Gaming Có Mic Đàm Thoại, Vòm Tai Rộng 50mm Thoải Mái Khi Sử Dụng FH31Pro – Boreas V2 – 2.4Ghz, Bluetooth, Type-C",https://www.lazada.vn/products/pdp-i2966481719.html,1.995.000 ₫,,
Tai nghe Gaming DareU EH925s RGB - Bảo hành 1 năm chính Hãng,https://www.lazada.vn/products/pdp-i2502069597.html,887.535 ₫,,
iRiver | Tai nghe có dây chơi game iriver IGH-100 màu Đen Trắng,https://www.lazada.vn/products/pdp-i3234941055.html,559.800 ₫,,
Tai nghe có dây JBL LIVE100 3.5mm Live 100 Stereo Wire Sport Headphone Tai nghe Bass sâu rảnh tay với micrô,https://www.lazada.vn/products/pdp-i2599390434.html,343.331 ₫,5.0,24 Đã bán
GJBY Wireless Bluetooth Headset Cat Ear Glowing Low Bass Multi-Function Can Plug Card Personal Graffiti Customizable Headphones,https://www.lazada.vn/products/pdp-i3015884394.html,419.000 ₫,,"62 Đã bán
China"
Tai Nghe Choàng Đầu Có Dây Plantronics Blackwire C3210 Cho Tổng Đài Viên - Hàng Chính Hãng Việt Nam,https://www.lazada.vn/products/pdp-i2358909098.html,919.000 ₫,,
[TẶNG ÁO MƯA] Tai nghe Bluetooth Alpha Works Curve 100 - Hàng Chính hãng,https://www.lazada.vn/products/pdp-i2941754670.html,400.000 ₫,4.0,42 Đã bán
"Disney BTMV31 Marvel đồng thương hiệu Tai nghe Bluetooth không dây gắn trên đầu, Bluetooth 5.3 nâng cấp, giảm tiếng ồn thông minh retro, độ trễ thấp để chơi game, thời lượng pin dài, phổ biến cho điện thoại IOS và Huawei",https://www.lazada.vn/products/pdp-i2517056911.html,854.493 ₫,,
"Tai nghe không dây Retekess TA005 để xem video, Tai nghe có bộ phát FM, Hỗ trợ âm thanh nổi, Lý tưởng cho người cao tuổi.",https://www.lazada.vn/products/pdp-i2406770633.html,869.284 ₫,,
Tai nghe HUAWEI FreeArc | Thiết Kế Góc Tam Giác 140° Tối Ưu | Chất Âm Bùng Nổ | Kháng Nước Chuẩn IP57,https://www.lazada.vn/products/pdp-i3072925027.html,1.950.000 ₫,5.0,108 Đã bán
Tai nghe không dây thời trang Sony WH-CH520 - Hàng chính hãng,https://www.lazada.vn/products/pdp-i2294605673.html,1.225.000 ₫,5.0,8 Đã bán
"Tai nghe gaming chụp tai có mic có đèn LED cho máy tính, điện thoại (Bảo hành 6 tháng)",https://www.lazada.vn/products/pdp-i1503479055.html,150.000 ₫,3.0,12 Đã bán
Tai nghe Bluetooth chụp tai Remax RB-650HB Hãng,https://www.lazada.vn/products/pdp-i2148098962.html,772.500 ₫,,
[TẶNG ÁO MƯA] Tai nghe không dây chống ồn Alpha Works FLEX 680,https://www.lazada.vn/products/pdp-i2866414573.html,710.000 ₫,5.0,58 Đã bán
Tai nghe chụp tai không dây có Mic Hoco W23 ( GIAO MÀU NGẪU NHIÊN),https://www.lazada.vn/products/pdp-i1484661354.html,269.000 ₫,3.0,
Tai Nghe Bluetooth Chụp Tai Zadez GP-803B/ GP-803BW,https://www.lazada.vn/products/pdp-i2879827566.html,818.000 ₫,,
"Tai nghe gaming có dây Logitech G Pro X SE, Mic tháo rời, âm vòm 7.1,đệm Memory Foam, màn loa 50 mm",https://www.lazada.vn/products/pdp-i2800570663.html,2.297.000 ₫,5.0,9 Đã bán
"Tai Nghe Chụp Tai Không Dây Chống Ồn Baseus Bowie D05 ANC, 3D Bluetooth 5.3",https://www.lazada.vn/products/pdp-i2347053752.html,650.000 ₫,,
Logitech G | Tai Nghe Chơi Game Bluetooth Không Dây có Mic Nhẹ,https://www.lazada.vn/products/pdp-i3219076117.html,3.424.000 ₫,4.0,
Tai nghe Bluetooth chụp tai Sennheiser HD450BT,https://www.lazada.vn/products/pdp-i3125749063.html,2.790.000 ₫,,
Tai nghe/ Simple Compact Headphones - Yamaha HPH-100 (HPH100) - Màu đen,https://www.lazada.vn/products/pdp-i2414315807.html,1.769.000 ₫,,
"Tai nghe chụp tai Bluetooth Sony WH-CH520 - Hàng chính hãng - Thời gian sử dụng lên đến 50 giờ, Công nghệ kỹ thuật số DSEE, kết nối với 2 thiết bị Bluetooth cùng lúc",https://www.lazada.vn/products/pdp-i2305114821.html,1.249.000 ₫,,
"Tai nghe chụp tai không dây Devia V2 Kintone Series, bluetooth 5.2, nghe 24H, thiết kế over-ear",https://www.lazada.vn/products/pdp-i2660818170.html,711.000 ₫,,
Tai Nghe Bluetooth Không Dây Acer OHR517 Tai Nghe Thể Thao Ngoài Tai Không Xâm Nhập Thiết Kế Vòng Quanh Không Có Hộp Đựng,https://www.lazada.vn/products/pdp-i3153591884.html,816.000 ₫,,
Tai nghe gaming Logitech G331 - Hàng chính hãng - Bảo hành 1 đổi 1,https://www.lazada.vn/products/pdp-i1318496998.html,1.250.000 ₫,,
"Tai Nghe Gaming Razer Kraken Kitty V3 X Có Dây, Có Khung Choàng Đầu - Hàng Chính Hãng",https://www.lazada.vn/products/pdp-i3207649762.html,1.890.000 ₫,,
Tai nghe chụp tai Bluetooth V5.4 EDIFIER W800BT Pro/Atom Max | Chống ồn chủ động ANC | Kết nối 2 thiết bị | Bảo hành 15 Tháng,https://www.lazada.vn/products/pdp-i2771558400.html,1.190.000 ₫,5.0,6 Đã bán
Tai Nghe Gaming Chụp Tai Có Mic Takstar Liberty Gamer FORGE Chơi Game Nghe Nhạc Chính Hãng Cao Cấp Bảo Hành 1 Năm,https://www.lazada.vn/products/pdp-i2857801122.html,1.430.000 ₫,,
"[THƯƠNG HIỆU MỸ] Tai nghe gaming chụp tai không dây bluetooth, USB-C, có mic, lọc ồn SKULLCANDY PLYR - BẢO HÀNH 1 NĂM",https://www.lazada.vn/products/pdp-i2202547154.html,3.590.000 ₫,,
Tai nghe Bluetooth không dây Sparkle Zealot B570 - Tai nghe kiểm âm Bluetooth B570,https://www.lazada.vn/products/pdp-i631526049.html,318.500 ₫,2.0,
Tai nghe Marshall Major IV - Chính hãng ASH Việt Nam,https://www.lazada.vn/products/pdp-i1868678643.html,4.290.000 ₫,,
JIALEMEIJIA | Tai Nghe Chơi Game Không Dây Độ Trễ Thấp 53mm,https://www.lazada.vn/products/pdp-i3219739272.html,1.431.000 ₫,,
"Tai nghe chụp tai Bluetooth JBL Tune 520BT JBLT520BT - Hàng chính hãng - Công nghệ âm thanh JBL Pure Bass, Drive kích thước lên đến 33mm, công nghệ bluetooth 5.3",https://www.lazada.vn/products/pdp-i2394270694.html,1.390.000 ₫,5.0,
"Tai nghe không dây Bluetooth Baseus H1 40dB ANC loại bỏ tiếng ồn, Thiết kế công thái học, Nghe đến 40h",https://www.lazada.vn/products/pdp-i2078070716.html,990.000 ₫,,
Tai Nghe Bluetooth Không Dây JIAMQISHI EH02U Có Mic ANC USB Dongle Mic Tắt Tiếng Cho Điện Thoại Máy Tính MacBook - Tai Nghe Chống Nước Động,https://www.lazada.vn/products/pdp-i3242612763.html,1.305.000 ₫,,"49 Đã bán
China"
Tai nghe không dây thực sự Baseus Bowie 30 ANC -50dB Tai nghe khử tiếng ồn chủ động Màn hình đào tạo Tai nghe không dây,https://www.lazada.vn/products/pdp-i2649952448.html,839.000 ₫,4.0,153 Đã bán
Tai Nghe Chụp Tai Chất Lượng Cao Cho Lemson- tai nghe không dây Gaming GenZ bản cao cấp,https://www.lazada.vn/products/pdp-i1788654783.html,2.100.000 ₫,,
Tai nghe Bluetooth truyền âm thanh qua xương Shokz OPENCOMM2/OPENCOMM2 UC - Hàng Chính Hãng,https://www.lazada.vn/products/pdp-i2472053344.html,4.090.000 ₫,4.0,16 Đã bán
"Tai nghe không dây trùm tai Bluetooth Baseus H1 40dB ANC loại bỏ tiếng ồn,Nghe đến 40h",https://www.lazada.vn/products/pdp-i2312081653.html,1.050.000 ₫,,
Tai Nghe Đeo Đầu ZIDLI ZH27 Mới Có Độ Sáng 7.1 Cho Game CF Cafe Internet Tai Nghe Nghe Đ Lace Có Dây,https://www.lazada.vn/products/pdp-i3160941478.html,818.000 ₫,,
Tai nghe Sony Chụp Tai ULT WEAR WH-ULT900N - Trà Khúc Audio,https://www.lazada.vn/products/pdp-i2912226925.html,3.090.000 ₫,,
"Tai Nghe Bluetooth Thông Minh Baseus CM10 Có 2 Mic, Chốngồn, Sạc Năng Lượng Mặt Trời, Tai Nghe Gắn Tai, Dùng Trong Xe Hơi",https://www.lazada.vn/products/pdp-i3161691655.html,1.083.000 ₫,,
TAI NGHE CAO CẤP LENOVO HD800 BLUETOOTH 5.0 CÓ MIC & ĐIỀU KHIỂN ÂM LƯỢNG,https://www.lazada.vn/products/pdp-i2122641900.html,1.150.000 ₫,5.0,
"Tai Nghe Bluetooth Không Dây Shenglong Manufacturing, Logo Happiness Tiger, 1562AE Huaxiang North 1571AM, Thế Hệ Thứ 4 E-Fi",https://www.lazada.vn/products/pdp-i3231691029.html,561.600 ₫,,"996 Đã bán
Nước ngoài"
[ NGUYÊN SEAL CHÍNH HÃNG] Tai nghe Bluetooth Sony WH-CH520 - Hàng chính hãng - Bảo hành chính hãng Sony 12 tháng toàn quốc,https://www.lazada.vn/products/pdp-i3036143471.html,1.350.000 ₫,,
Tai Nghe Bluetooth M19 Gaming Esports Wireless Touch Đồ Chơi Kỹ Thuật Số Phụ Kiện Âm Thanh PC MIDI Thiết Bị Âm Thanh,https://www.lazada.vn/products/pdp-i3139464385.html,851.000 ₫,,
Tai Nghe Bluetooth Chụp Tai Tune 510BT - Chính Hãng | 4 Màu Hot | Bảo Hành 6 Tháng - [Vườn Công Nghệ],https://www.lazada.vn/products/pdp-i3035446762.html,1.030.000 ₫,,
Tai Nghe Choàng Đầu Có Dây Plantronics Blackwire C3220 Cho Tổng Đài Viên - Hàng Chính Hãng Việt Nam,https://www.lazada.vn/products/pdp-i2359233289.html,1.209.000 ₫,5.0,5 Đã bán
Tai nghe Gaming ZIDLI ZH31 (7.1/USB) - Hàng Chính Hãng,https://www.lazada.vn/products/pdp-i3184543080.html,665.000 ₫,,
Tai Nghe Có Thể Thu Vào Headband Headphone Trọng Lượng Nhẹ Món Quà Thoải Mái Mặc 2.4Ghz USB không dây Loại C Bt 3.5Mm Cho Máy Tính Xách Tay máy tính điện thoại,https://www.lazada.vn/products/pdp-i3100401232.html,841.000 ₫,,
Tai nghe EP Mozard DS509-WB Xám hàng like new chính hãng 100% bảo hành 12 tháng,https://www.lazada.vn/products/pdp-i2345909218.html,75.000 ₫,,
"[Vườn Công Nghệ] Tai Nghe Bluetooth Chụp Tai Live 500BT Chính Hãng - Âm Thanh Sống Động, Pin 30H, Trợ Lý Ảo Google",https://www.lazada.vn/products/pdp-i3035486686.html,1.650.000 ₫,,
"Tai Nghe Hổ Vằn 1562AE, Tai Nghe Bluetooth MTS-Pro 2 Chống Ồn ANC 45DB - Xuyên Âm - Pin 8H • Meta Store",https://www.lazada.vn/products/pdp-i3188043965.html,1.200.000 ₫,,
"Tai nghe chống ồn Skullcandy Method 360 ANC - Sound by BOSE | Bluetooth 5.3, Pin 40h",https://www.lazada.vn/products/pdp-i3207687398.html,3.690.000 ₫,,
Tai Nghe Giao Tiếp Không Dây Trong Helm,https://www.lazada.vn/products/pdp-i3234490641.html,774.000 ₫,,
Tai nghe Chụp tai SENNHEISER HD 350BT Bluetooth 5.0 Smart Control - Bảo hành chính hãng 24 tháng,https://www.lazada.vn/products/pdp-i2169478156.html,1.999.000 ₫,5.0,
Tai Nghe Bluetooth Dành Cho Mũ Bảo Hiểm Đua Xe Có Mic Cứng & Mềm 1500mAh,https://www.lazada.vn/products/pdp-i3231428882.html,1.061.000 ₫,,
Tai nghe có khung choàng đầu kết hợp có dây Razer Kaira X (RZ04-03970700-R3A1) (20 Hz – 20 kHz) - Hàng Chính Hãng,https://www.lazada.vn/products/pdp-i2842527022.html,1.790.000 ₫,,
MALUSHEN | Tai Nghe Bluetooth Gắn Mũ Bảo Hiểm,https://www.lazada.vn/products/pdp-i3219817025.html,1.311.000 ₫,,
Tai nghe Razer Kraken Kitty V2 BT – Wireless Bluetooth RGB - Hàng Chính Hãng,https://www.lazada.vn/products/pdp-i3058733038.html,2.960.000 ₫,,
[FREESHIP MAX] Tai nghe Tai nghe Bluetooth WH XB - 910N - PUKI SHOP,https://www.lazada.vn/products/pdp-i2200753010.html,3.000.000 ₫,,
Tai nghe bluetooth trùm đầu Hoco W19 Hãng,https://www.lazada.vn/products/pdp-i2148158351.html,875.500 ₫,,
Tai Nghe Không Dây Bluetooth Huawei FreeLace Pro 2 Tai Nghe Khử Tiếng Ồn Chủ Động Thông Minh 2.0 Có Điều Khiển Âm Lượng,https://www.lazada.vn/products/pdp-i3243236339.html,2.906.000 ₫,2.0,"56 Đã bán
China"
Tai Nghe Chụp Tai Bluetooth JBL Tune 520BT - Hàng Chính Hãng,https://www.lazada.vn/products/pdp-i3097987720.html,1.490.000 ₫,,
ZOMBIES CAT | Tai Nghe Bluetooth Không Dây Chơi Game Hủy Tiếng Ồn Cao Cấp,https://www.lazada.vn/products/pdp-i3201534068.html,1.242.000 ₫,,
Tai nghe gaming Logitech G335 - Hàng Chính Hãng,https://www.lazada.vn/products/pdp-i2196691143.html,1.690.000 ₫,,
Tai nghe không dây gaming Logitech G733 Lightspeed RGB - Bảo hành 24 tháng,https://www.lazada.vn/products/pdp-i1417230337.html,2.564.000 ₫,,
Tai Nghe Bluetooth Chụp Tai Zadez GP-803B/ GP-803BW,https://www.lazada.vn/products/pdp-i2879963227.html,818.000 ₫,,
"Tai Nghe Bluetooth ANC Q7 Chống Ồn Chủ Động, Có Thể Gấp Gọn ⚜️Katla Shop⚜️",https://www.lazada.vn/products/pdp-i3138633401.html,1.145.208 ₫,,
Tai nghe Bluetooth Chụp Tai Gaming Logitech G435,https://www.lazada.vn/products/pdp-i3160616912.html,1.790.000 ₫,,
Tai Nghe Gaming Razer Kraken V3 7.1 Wired Usb Gaming Headset / RZ04-03770200-R3M1 - Hàng Chính Hãng,https://www.lazada.vn/products/pdp-i2657146641.html,2.860.000 ₫,,
"Tai nghe Chụp tai Sennheiser 450BT Bluetooth, Pin dùng lên đến 30 giờ - Hàng chính hãng, bảo hành 24 tháng",https://www.lazada.vn/products/pdp-i2424639728.html,3.399.000 ₫,,
"Tai nghe SENNHEISER IE 200 chính hãng. Bảo hành 24 tháng, 1 đổi 1 trong 30 ngày.",https://www.lazada.vn/products/pdp-i2547651689.html,3.350.000 ₫,,
Tai nghe không dây Logitech Zone Vibe 100,https://www.lazada.vn/products/pdp-i2095168436.html,2.299.000 ₫,,
TAI NGHE BLUETOOTH SONY MDR XB950B1 EXTRA BASS™ WIRELESS HEADPHONES Hãng,https://www.lazada.vn/products/pdp-i2148117641.html,3.502.000 ₫,,
Tai nghe không dây SENNHEISER Accentum Wireless - GOJOY Phân Phối Và Bảo Hành Chính Hãng 24 Tháng,https://www.lazada.vn/products/pdp-i2433797122.html,4.300.000 ₫,,
Tai nghe EPOS ADAPT 160T USB II,https://www.lazada.vn/products/pdp-i2485431905.html,1.990.000 ₫,,
Tai nghe không dây choàng đầu Sony WH-CH520 - Bảo hành 12 tháng,https://www.lazada.vn/products/pdp-i3230553571.html,1.290.000 ₫,,
Tai Nghe Chụp Tai Bluetooth 5.3 VJ901 - Âm Thanh HIFI Sống Động - Bass Trầm Mạnh Mẽ - Chống Ồn - Pin Trâu 35 Giờ,https://www.lazada.vn/products/pdp-i3199302469.html,1.199.000 ₫,,
Tai nghe Sony MDR-ZX770BN,https://www.lazada.vn/products/pdp-i2122676260.html,3.550.000 ₫,,
Tai nghe chụp tai Gaming Headset Wired Stereo Surround 7.1 New,https://www.lazada.vn/products/pdp-i2128101974.html,1.094.081 ₫,,
Tai nghe không dây Positive Vibration XL ANC Marley EM-JH151,https://www.lazada.vn/products/pdp-i2308167136.html,3.590.000 ₫,,
Razer | Tai Nghe Chơi Game Âm Thanh Vòm 7.1 với Mic,https://www.lazada.vn/products/pdp-i3214050561.html,3.026.000 ₫,4.0,
"Bộ kich wifi 6 râu 18000mpbs tốc độ cao,kết nối xa,sóng mạnh,kết nối xuyên tường,cải thiện tốc độ mạng",https://www.lazada.vn/products/pdp-i3129911431.html,99.000 ₫,4.0,293 Đã bán
"Tai Nghe Có Dây Có Thể Gập Lại 3,5mm/Type-C Cắm Bass Stereo Tai Nghe Có Micrô Cho PC MP3 Điện Thoại Thông Minh Máy Tính Bảng Âm Nhạc Thời Trang",https://www.lazada.vn/products/pdp-i3092122723.html,98.150 ₫,5.0,64 Đã bán
Tai nghe chụp UGREEN Hitune Max5C Bluetooth 5.4 Hi-Res 43dB Noise Canceling Headphone Wireless Headphones Headset Low Latency With Microphone Support Calls LDAC Black Model:35758,https://www.lazada.vn/products/pdp-i2867064998.html,899.000 ₫,5.0,6 Đã bán
SANSUI DT11 Tai nghe Tai nghe không dây ANC Giảm tiếng ồn Bluetooth V5.4 Ứng dụng dành riêng cho tai nghe,https://www.lazada.vn/products/pdp-i2964840922.html,752.399 ₫,5.0,5 Đã bán
D-Fi Tai nghe chụp có dây HiFi Iems Tai Nghe giảm tiếng ồn Thể Thao Tai nghe âm thanh nổi 3.5Mm Cắm Với Mic Cho người yêu âm nhạc,https://www.lazada.vn/products/pdp-i2455244037.html,679.000 ₫,,
"[Vườn Công Nghệ] Tai Nghe Bluetooth Chụp Tai Tune 520BT Chính Hãng - Âm Thanh Sống Động, Pin Trâu 57H, Bluetooth 5.3",https://www.lazada.vn/products/pdp-i3035591493.html,1.170.000 ₫,,
Tai Nghe Chụp Tai Bluetooth Anker Soundcore Space One - A3035 - Giảm Tiếng Ồn 98% Nghe Nhạc Liên Tục Tới 55h,https://www.lazada.vn/products/pdp-i2645343515.html,2.199.000 ₫,,
Tai Nghe Chơi Game Bluetooth ONIKUMA GT806 Tai Nghe Thể Thao Điện Tử Phát Sáng RGB Với Dây Đeo Đầu Có Đệm Thoải Mái,https://www.lazada.vn/products/pdp-i3232598302.html,651.200 ₫,,"28 Đã bán
Nước ngoài"
Tai nghe không dây thực sự Baseus Bowie 30 ANC -50dB Tai nghe khử tiếng ồn chủ động Màn hình đào tạo Tai nghe không dây,https://www.lazada.vn/products/pdp-i2669658168.html,839.000 ₫,4.0,67 Đã bán
Tai nghe Bluetooth chụp tai Alpha Works Flex 680 - Chính hãng,https://www.lazada.vn/products/pdp-i2909833404.html,850.000 ₫,,
Tai Nghe Bluetooth Choàng Đầu Kiểm Âm Over Ear Audio Technica ATH-M50xBT2 – Hàng Chính Hãng,https://www.lazada.vn/products/pdp-i1678509889.html,6.111.000 ₫,5.0,18 Đã bán
[NC] Tai nghe Final E1000C | NGHE TẠP | Có Mic,https://www.lazada.vn/products/pdp-i2564620315.html,965.000 ₫,,
Tai nghe có dây Razer BlackShark V2 X Black / For PlayStation (RZ04-03241000-R3UA) - Hàng Chính Hãng,https://www.lazada.vn/products/pdp-i3015459415.html,1.530.000 ₫,,
"Tai nghe có dây Logitech H390 - Mic giảm ồn, màn loa to rõ, điều khiển trên dây, quai đeo và chụp tai có đệm, kết nối USB-A",https://www.lazada.vn/products/pdp-i2621680500.html,793.000 ₫,,
Tai nghe không dây EDIFIER W830NBTai nghe không dây EDIFIER W830NB (BT 5.4 / ANC / USB-C),https://www.lazada.vn/products/pdp-i3217112354.html,1.580.000 ₫,,
"Tai Nghe Bluetooth ALPHA WORKS FLEX 680 chính hãng. Bảo hành 12 tháng, 1 đổi 1 trong 30 ngày.",https://www.lazada.vn/products/pdp-i2904159499.html,750.000 ₫,,
Tai nghe không dây Razer BlackShark V2 HyperSpeed - White Edition- Wireless Ultra- Lightweight Esports _ Hàng Chính Hãng,https://www.lazada.vn/products/pdp-i3015566691.html,4.090.000 ₫,,
Sony WH-H800 – Tai nghe không dây Hi-Res cũ giá rẻ dành cho người yêu nhạc hiện đại,https://www.lazada.vn/products/pdp-i3093548494.html,1.850.000 ₫,,
"Tai nghe có dây choàng đầu Razer Kraken Kitty V2-USB Headset with RGB Kitty Ears_Mới, hàng chính hãng",https://www.lazada.vn/products/pdp-i2430376344.html,3.199.000 ₫,,
ONIKUMA X26 Đồ Chơi Tai Nghe Chơi Game Có Dây Đeo Đầu Sáng Tạo Giảm Tiếng Ồn Cho Máy Tính Cá Nhân Tai Nghe Bluetooth Có Ống Nghe,https://www.lazada.vn/products/pdp-i3163174027.html,958.000 ₫,,
Disney | Tai Nghe Bluetooth Không Dây cho Âm Nhạc và Chơi Game,https://www.lazada.vn/products/pdp-i3219799675.html,1.170.000 ₫,,
Transformers | Tai Nghe Không Dây Hủy Tiếng Ồn Độ Trễ Thấp,https://www.lazada.vn/products/pdp-i3198941004.html,1.158.000 ₫,,
Tai Nghe Gaming không dây Havit H2015G - Hàng Chính Hãng - Bảo hành 12 tháng,https://www.lazada.vn/products/pdp-i1958788197.html,1.390.000 ₫,,
Tai Nghe Có Dây Chơi Game Nâng Cao Với Công Nghệ Hủy Tiếng Ồn Bụi Động,https://www.lazada.vn/products/pdp-i3230588633.html,1.291.000 ₫,,
Tai nghe bluetooth chụp tai Earfun Wave Life thời gian nghe 60h chống ồn ANC,https://www.lazada.vn/products/pdp-i3173068028.html,1.490.000 ₫,,
"[NC] Tai Nghe Chụp tai FIIO FT1 | ACOUSTIC, CLASSICAL, VOCAL, POP | Không Mic",https://www.lazada.vn/products/pdp-i2799578495.html,4.160.000 ₫,,"6 Đã bán
Hồ Chí Minh"
[FREESHIP MAX] Tai nghe không dây WH-XB910N - Tai nghe chống ồn WH-XB910N - PUKI SHOP,https://www.lazada.vn/products/pdp-i2009078822.html,2.799.000 ₫,,
Tai nghe chụp tai có dây Gaming Razer BlackShark V2 X-Wired 3.5mm - Hàng chính hãng - Công nghệ Razer Synapse thông minh,https://www.lazada.vn/products/pdp-i2266238934.html,1.229.000 ₫,,
Tai Nghe Bluetooth Chụp Tai Over-ear Audio Technica ATH-M50xBT Thời Lượng Pin 40H - Hàng Chính Hãng,https://www.lazada.vn/products/pdp-i1196678232.html,5.690.000 ₫,5.0,18 Đã bán
Tai nghe gaming có dây Steelseries Arctis Prime (Hàng Chính Hãng),https://www.lazada.vn/products/pdp-i2149171646.html,2.950.000 ₫,,
"[THƯƠNG HIỆU MỸ] Tai nghe chụp tai bluetooth, bass rung, pin 40H , êm tai SKULLCANDY CRUSHER EVO-BẢO HÀNH 1 NĂM",https://www.lazada.vn/products/pdp-i1304464855.html,4.990.000 ₫,5.0,5 Đã bán
[NC] Tai nghe EARFUN WAVE PRO | NGHE TẠP | Over Ear Chụp tai Bluetooth | Có Mic,https://www.lazada.vn/products/pdp-i3180520883.html,1.690.000 ₫,,
Tai Nghe Bluetooth Không Dây Berlin Sound Headset Dành Cho Máy Tính Xách Tay Game Esports Chốngồn Cách Âm Có Dây Đèn LED Đồ Chơi Công Nghệ,https://www.lazada.vn/products/pdp-i2863783655.html,885.000 ₫,,
"Tai nghe chụp tai không dây Logitech G435 Lightspeed - Hàng chính hãng - Màu sắc nổi bật, không dậy tiện dụng, bảo hành chính hãng",https://www.lazada.vn/products/pdp-i1890744946.html,1.549.000 ₫,,
Tai Nghe Có Dây 10mm Dynamic Driver,https://www.lazada.vn/products/pdp-i3231127600.html,1.558.000 ₫,,
Tai Nghe Có Dây Dell Pro Wireless Headset WL3022 Có Khung Choàng Đầu - Hàng Chính Hãng - BH 1 Năm - Có Xuất VAT,https://www.lazada.vn/products/pdp-i2615323315.html,2.900.000 ₫,,
"Tai nghe chụp tai Bluetooth JBL Live 670NC LIVE670NC - Hàng chính hãng - Thiết kế gọn nhẹ tinh tế, chống ồn thông minh với Smart Ambient, hất âm ấn tượng mạnh mẽ",https://www.lazada.vn/products/pdp-i2735116544.html,2.990.000 ₫,,
"Tai Nghe Không Dây Chụp Wiwu Pilot Headset Kết Nối Bluetooth, Có Cổng Sạc Chân Type-C - Hàng Chính Hãng",https://www.lazada.vn/products/pdp-i2433931845.html,1.490.000 ₫,,
[NC] Tai Nghe Over Ear Chụp tai Gaming EPZ GM50 | Có Mic,https://www.lazada.vn/products/pdp-i3101443658.html,1.252.000 ₫,,
SANSUI 50dB ANC bluetooth không dây 5.4 Headphone Over-ear Tai nghe với micro tháo rời khử tiếng ồn chủ động tai nghe,https://www.lazada.vn/products/pdp-i3094022626.html,791.999 ₫,5.0,
FAAEAL Over Ear Headphones Bluetooth 5.2 ANC Noise Cancellation Wireless Earphone ANC Noise Cancellation Hands-free Calling Foldable Headset With Mic HiFi Bass Sports Running Gaming Earbuds For Smartphone MP3 MP4 Player Tablet Laptop Computer,https://www.lazada.vn/products/pdp-i2849682630.html,492.000 ₫,,
Tai nghe có dây Sennheiser IE 900 - Hàng Chính hãng,https://www.lazada.vn/products/pdp-i2936417252.html,46.200.000 ₫,,
Tai nghe Over-ear Bluetooth Audio-technica ATH-M50xBT2 MO Hàng Chính Hãng,https://www.lazada.vn/products/pdp-i1860620783.html,6.700.000 ₫,5.0,8 Đã bán
Tai nghe khử tiếng ồn không dây Sennheiser hd458bt,https://www.lazada.vn/products/pdp-i2325200329.html,4.645.000 ₫,,
Tai nghe Bluetooth chụp tai Sennheiser MOMENTUM 4 - Hàng chính hãng,https://www.lazada.vn/products/pdp-i2930086519.html,10.450.000 ₫,5.0,
Tai Nghe Không Dây Chụp Tai Poly (Plantronics) Voyager 8200 UC Bluetooth 5.0 Chính Hãng - Bảo Hành 2 Năm,https://www.lazada.vn/products/pdp-i1855929602.html,11.983.000 ₫,5.0,
[NEW] Tai Nghe Gaming Blackshark V3 Pro | Không Dây | 50MM GEN-2 | THX SPATIAL 7.1.4 | Chống Ồn Chủ Động HYBRID,https://www.lazada.vn/products/pdp-i3159886923.html,7.590.000 ₫,,
Tai nghe UGREEN HiTune H6 Pro Wireless Bluetooth 5.3 Headset Dual Microphone Adaptive Active Noise Cancellation White Model: 35194,https://www.lazada.vn/products/pdp-i2927586909.html,1.906.500 ₫,,
H340 Tai nghe âm thanh nổi USB Over-ear Tai nghe có dây với microphone,https://www.lazada.vn/products/pdp-i2703943670.html,914.000 ₫,,
Tai nghe có dây Sennheiser IE300 - Hàng Chính hãng,https://www.lazada.vn/products/pdp-i2963947653.html,7.700.000 ₫,,
Tai Nghe Có Dây Chơi Game Nâng Cao Với Công Nghệ Hủy Tiếng Ồn Bất Tích,https://www.lazada.vn/products/pdp-i3230623705.html,1.291.000 ₫,,
Tai Nghe Bluetooth Không Dây Chốngồn Siêu Dài Ngày G3 Tai Nghe Chơi Game Esports Không Dây Tai Nghe Nghe Nhạc Tai Nghe Điện Thoại Di Động,https://www.lazada.vn/products/pdp-i2838083129.html,1.018.000 ₫,,"475 Đã bán
Hong Kong"
[Mới] Tai Nghe Bluetooth Cao Cấp DALI IO-12 - New -Hàng Chính Hãng 100%,https://www.lazada.vn/products/pdp-i2799385258.html,33.500.000 ₫,,
FAAEAL Over Ear Headphones Add Random Gift ANC Noise Cancellation Hands-free Calling Foldable Headset Bluetooth 5.2 ANC Noise Cancellation Wireless Earphone With Mic HiFi Bass Sports Game Earbuds For Smartphone MP3 MP4 Player Tablet Laptop Computer,https://www.lazada.vn/products/pdp-i3009968780.html,627.900 ₫,,
Tai nghe chụp tai có dây OneOdio Monitor 40 | Hi-Res Audio,https://www.lazada.vn/products/pdp-i2400804196.html,1.450.000 ₫,,
"Tai Nghe Chơi Game Không Dây FANTECH Harmony WHG02 RGB Bluetooth 5.3, Màng Loa Tăng Cường Âm Trầm 50mm, Đệm Tai Bằng Mút Nhớt Dành Cho PC, PS4, PS5",https://www.lazada.vn/products/pdp-i3242654443.html,1.887.300 ₫,,
Tai nghe chụp tai có dây Gaming Razer BlackShark V2 X-Wired 3.5mm - Hàng chính hãng - Công nghệ Razer Synapse thông minh,https://www.lazada.vn/products/pdp-i2266223412.html,1.199.000 ₫,,
[HCM] - Tai Nghe Chụp Giảm Ồn Chủ Động ANC Q7-22H Bluetooth 5.3 cao cấp (Black) - BestMartVN,https://www.lazada.vn/products/pdp-i2514827025.html,1.096.011 ₫,,
TAI NGHE CHƠI GAME LOGITECH RGB KHÔNG DÂY LIGHTSPEED G733 - HÀNG CHÍNH HÃNG - BẢO HÀNH 24 THÁNG,https://www.lazada.vn/products/pdp-i1555538483.html,3.295.000 ₫,,
[NC] Tai Nghe KOSS BT740IQZ | NGHE TẠP | Over Ear Chụp tai Bluetooth | Có Mic,https://www.lazada.vn/products/pdp-i3185165700.html,2.990.000 ₫,,
"Onkyo H500BT Newseal – Tai nghe Bluetooth Hi-Res, thiết kế hiện đại, chất âm tinh tế",https://www.lazada.vn/products/pdp-i3178251740.html,3.350.000 ₫,,
Tai Nghe Chụp Tai Sansui ANC Bluetooth 5.4 - Khử Tiếng Ồn Chủ Động -45dB - Thời Gian Chơi Nhạc 50 Giờ - Kết Nối Kép - Phong Cách Cổ Điển,https://www.lazada.vn/products/pdp-i3242744194.html,1.165.000 ₫,,
Tai nghe không dây có khung choàng đầu Razer Kaira HyperSpeed (Xbox Licensed) (RZ04-04480100-R3M1) - Hàng Chính Hãng,https://www.lazada.vn/products/pdp-i2637934528.html,3.495.000 ₫,,
"Tai nghe chụp tai Bluetooth JBL Live 670NC LIVE670NC - Hàng chính hãng - Thiết kế gọn nhẹ tinh tế, chống ồn thông minh với Smart Ambient, hất âm ấn tượng mạnh mẽ",https://www.lazada.vn/products/pdp-i2735137513.html,2.990.000 ₫,,
Tai nghe gaming không dây Razer Kaira HyperSpeed (Xbox Licensed) – Hàng Chính Hãng,https://www.lazada.vn/products/pdp-i2731188431.html,3.799.000 ₫,,
Tai nghe cao cấp cho phòng thu Shure SRH1540,https://www.lazada.vn/products/pdp-i3228959315.html,15.750.000 ₫,,
[NEW] Tai Nghe Gaming Không Dây Blackshark V3 X HyperSpeed | Micro Tháo Rời | Driver 50MM GEN-2 | Âm Thanh Vòm 7.1,https://www.lazada.vn/products/pdp-i3164549323.html,3.289.000 ₫,,
kinyo | Tai Nghe Chơi Game cho PC có Micrô tích hợp,https://www.lazada.vn/products/pdp-i3238539690.html,1.711.000 ₫,4.0,
"Tai nghe không dây choàng đầu Razer Kaira Pro for Xbox-Wireless Gaming and Mobile Headset_Mới, hàng chính hãng",https://www.lazada.vn/products/pdp-i2402786216.html,4.499.000 ₫,,
[NC] Tai Nghe Chụp tai Bluetooth KIWI EARS AVENTUS | NGHE TẠP | Có Mic,https://www.lazada.vn/products/pdp-i3059426222.html,2.410.000 ₫,,
Tai Nghe Không Dây Logitech ZONE 300,https://www.lazada.vn/products/pdp-i2808340542.html,1.690.000 ₫,,
Tai nghe Asus TUF GAMING H1 Gen II BLACK - Hàng Chính Hãng,https://www.lazada.vn/products/pdp-i3185337080.html,1.500.000 ₫,,
"Tai Nghe Chơi Game Đa Chế Độ ATTACK SHARK L90 Có Thể Gập Lại, Siêu Nhẹ, Micro Khử Tiếng Ồn Có Thể Tháo Rời, Đèn RGB, Pin 500mAh, Kết Nối Không Dây Bluetooth 5.3",https://www.lazada.vn/products/pdp-i3242849199.html,1.080.000 ₫,,"11 Đã bán
Nước ngoài"
Tai Nghe Bluetooth Sony Wi C600N ( Wi-C600N ) Chống Ồn - Hàng Chính Hãng,https://www.lazada.vn/products/pdp-i2176002946.html,699.000 ₫,3.0,
"Tai nghe không dây choàng đầu Razer Kraken Kitty V2 BT-Hồng(Quartz Edition)-Wireless Bluetooth RGB Headset with Kitty Ears_Mới, hàng chính hãng",https://www.lazada.vn/products/pdp-i2433853629.html,3.199.000 ₫,,
"Tai nghe chụp tai Bluetooth JBL Live 660NC JBLLIVE660NC - Hàng chính hãng - Bluetooth v5.0, công nghệ chống ồn thích ứng",https://www.lazada.vn/products/pdp-i1928807254.html,3.790.000 ₫,,
"Tai nghe chụp tai Bluetooth Sennheiser HD 450BT SEBT4 - Hàng chính hãng - Thiết kế sang trọng, tính năng giọng nói thông minh, khả năng chống ồn chủ động",https://www.lazada.vn/products/pdp-i2289513429.html,3.390.000 ₫,,
Lenovo | Tai Nghe Chơi Game Không Dây Hủy Tiếng Ồn Chủ Động,https://www.lazada.vn/products/pdp-i3220002528.html,1.114.000 ₫,,
TAI NGHE BLUETOOTH INTERCOM SCS S12 CHO MŨ BẢO HIỂM - TÍCH HỢP 2 CAMERA TRƯỚC - SAU,https://www.lazada.vn/products/pdp-i2791331484.html,5.890.000 ₫,,
"Tai nghe S5830 jack tròn 3.mm có mic, hỗ trợ đàm thoại, tai nghe chui tròn 3.5mm",https://www.lazada.vn/products/pdp-i2513902801.html,8.800 ₫,5.0,30 Đã bán
Headsets Behringer Computer HS10,https://www.lazada.vn/products/pdp-i2147950531.html,410.000 ₫,,"8 Đã bán
Hồ Chí Minh"
"[NC] Tai Nghe Gaming EPZ G10 | ROCK,DANCE,HIP HOP,EDM | Có Mic",https://www.lazada.vn/products/pdp-i2541354709.html,984.000 ₫,5.0,
Tai nghe chụp tai bluetooth EARFUN Wave Pro chống ồn ANC âm thanh Hires LDAC thời gian nghe nhạc 80h,https://www.lazada.vn/products/pdp-i2741863908.html,1.475.000 ₫,5.0,Priority Instant
"Tai nghe Gaming có rung SoundMax AH319 (AH-319) có mic, có đèn LED - Hàng Chính Hãng",https://www.lazada.vn/products/pdp-i2715980172.html,712.000 ₫,,
Tai nghe Gaming Sony có dây INZONE H3,https://www.lazada.vn/products/pdp-i1968886200.html,1.865.455 ₫,4.0,68 Đã bán
Tai nghe Bose QuietComfort Headphones | Pin 24H | Wind Block | In-line Microphone,https://www.lazada.vn/products/pdp-i2424271614.html,6.860.000 ₫,4.0,46 Đã bán
Tai nghe bluetooth Sennheiser HD 250BT - Hàng chính hãng bảo hành 12 tháng,https://www.lazada.vn/products/pdp-i2276530092.html,1.250.000 ₫,,
Tai Nghe Không Dây Logitech Zone Vibe 100 - Hàng Chính Hãng,https://www.lazada.vn/products/pdp-i2374823021.html,2.130.000 ₫,5.0,
"Tai Nghe Anker Soundcore Space One S1 Chụp Tai, Chống Ồn Chủ Động - A3035 (Bảo Hành 18T)",https://www.lazada.vn/products/pdp-i2407890722.html,1.790.000 ₫,,
Tai Nghe Không Dây Logitech Astro A50 Gaming - Hàng Chính Hãng - BH 1 năm - Có Xuất VAT,https://www.lazada.vn/products/pdp-i2433755451.html,3.990.000 ₫,5.0,6 Đã bán
Tai nghe bluetooth không dây chống ồn Sony WH XB910N,https://www.lazada.vn/products/pdp-i1752212780.html,2.190.000 ₫,,
Tai nghe chụp tai SENNHEISER HD 400s - Bảo hành chính hãng 24 tháng,https://www.lazada.vn/products/pdp-i2015657825.html,1.190.000 ₫,,
"Tai nghe chụp tai không dây Logitech G435 Lightspeed - Hàng chính hãng - Màu sắc nổi bật, không dậy tiện dụng, bảo hành chính hãng",https://www.lazada.vn/products/pdp-i1690322824.html,1.499.000 ₫,5.0,9 Đã bán
Tai nghe Alienware AW920H Tri-Mode Bluetooth Wireless Gaming Headset,https://www.lazada.vn/products/pdp-i2478444517.html,3.700.000 ₫,,
"Audio-Technica ATH-SR30BT - Tai Nghe ""Hi-Res"", Bluetooth 5.0, Tích Hợp Micro, Điều Chỉnh Âm Lượng, Thời Gian Sử Dụng 70 Giờ",https://www.lazada.vn/products/pdp-i1663965732.html,2.622.000 ₫,5.0,
Tai nghe bluetooth chụp tai REMAX RB-800HB tai chống ồn chủ động ANC chơi nhạc tới 25h - Hàng chính hãng- iCybernet - FreeShip,https://www.lazada.vn/products/pdp-i1597493965.html,1.500.000 ₫,5.0,9 Đã bán
Tai nghe EDIFIER New Bluetooth WH700NB - Bảo hành 12 tháng,https://www.lazada.vn/products/pdp-i2581548613.html,819.000 ₫,5.0,9 Đã bán
Tai nghe CHỐNG ỒN CHỦ ĐỘNG SENNHEISER HD 458BT Bluetooth 5.0 phiên bản đặc biệt - Bảo hành chính hãng 24 tháng,https://www.lazada.vn/products/pdp-i2015813755.html,3.599.000 ₫,5.0,
Tai Nghe Chơi Game Không Dây Siêu Nhẹ Logitech G435 LIGHTSPEED - Bảo Hành Chính Hãng 2 Năm,https://www.lazada.vn/products/pdp-i1716727671.html,1.610.000 ₫,5.0,
Tai nghe gaming không dây Bluetooth Logitech G435 - Hàng Chính Hãng,https://www.lazada.vn/products/pdp-i2039388768.html,2.499.000 ₫,5.0,
Tai nghe bluetooth AG-Final Audio WHP01K,https://www.lazada.vn/products/pdp-i2485598039.html,2.490.000 ₫,5.0,
Tai Nghe Không Dây Dell Alienware 720H Dual-Mode Wireless Gaming - Hàng Chính Hãng - BH 1 năm - Có Xuất VAT,https://www.lazada.vn/products/pdp-i2428268995.html,3.990.000 ₫,5.0,6 Đã bán
"Tai nghe chụp tai bluetooth 4.1 Bluedio Cao cấp, có thể dùng dây (trắng).",https://www.lazada.vn/products/pdp-i240370856.html,1.091.212 ₫,4.1,
Tai nghe không dây SteelSeries Arctis Pro Wireless 61473,https://www.lazada.vn/products/pdp-i2413090540.html,5.890.000 ₫,5.0,84 Đã bán
Tai nghe Gaming Over-ear không dây HyperX Cloud III Wireless - Bảo hành 24 tháng,https://www.lazada.vn/products/pdp-i2593188869.html,3.879.000 ₫,,
[NC] Tai nghe Chụp tai Gaming ROCCAT RENGA BOOST | Có Mic,https://www.lazada.vn/products/pdp-i2948716186.html,1.590.000 ₫,,
Tai Nghe Chụp Tai Bluetooth Soundcore Space One Pro A3062 ANC Thời Lượng Pin 60h - Bảo Hành 18 Tháng.,https://www.lazada.vn/products/pdp-i2911662422.html,3.299.000 ₫,,
Monster | Tai Nghe Hủy Tiếng Ồn Không Dây & Có Dây cho Gaming,https://www.lazada.vn/products/pdp-i3210457769.html,1.540.000 ₫,,
"Tai Nghe Chơi Game Không Dây MCHOSE V9Pro, Khử Tiếng Ồn 3 Chế Độ, Micro Tích Hợp, Đệm Tai Bằng Mút Nhớt Tùy Chỉnh, Bluetooth 5.3",https://www.lazada.vn/products/pdp-i3242434388.html,1.493.100 ₫,,"757 Đã bán
China"
Tai Nghe không dây Razer Barracuda X Chroma (RZ04-05220100-R3M1) - Hàng Chính Hãng,https://www.lazada.vn/products/pdp-i3015623731.html,4.090.000 ₫,,
"[NC] Tai nghe Over Ear Chụp tai SIMGOT EP5 | JAZZ, BALLAD, KHÔNG LỜI, NHẠC CỤ | Không Mic",https://www.lazada.vn/products/pdp-i3132721202.html,2.355.000 ₫,,
Anker | Tai Nghe Bluetooth Chơi Game Không Dây 2.4G,https://www.lazada.vn/products/pdp-i3181547668.html,3.758.000 ₫,4.0,
Tai Nghe Bluetooth Razer Kraken Kitty V2 BT Edition RGB RZ04-04860100-R3M1 (Quartz) - Hàng Chính Hãng,https://www.lazada.vn/products/pdp-i3015898234.html,2.960.000 ₫,,
"Tai Nghe Chơi Game Có Dây HyperX Cloud II Với Micro, Kiểu Đeo Trong Tai Dành Cho PS4, PS5, Xbox Series - Âm Thanh Sống Động Trong Game Cho Điện Thoại & Chơi Game",https://www.lazada.vn/products/pdp-i3242604822.html,1.134.000 ₫,,"45 Đã bán
China"
Tai nghe bluetooth chống ồn Sony WH-1000XM3/WH-1000XM4(like New),https://www.lazada.vn/products/pdp-i1636619577.html,4.100.000 ₫,,
"[NC] Tai Nghe HIFIMAN SUNDARA CLOSE BACK | ACOUSTIC, CLASSICAL, VOCAL, POP | Over Ear Chụp tai | Không Mic",https://www.lazada.vn/products/pdp-i3164386678.html,3.800.000 ₫,,
Tai nghe Jabra Biz 1500,https://www.lazada.vn/products/pdp-i959210266.html,1.524.000 ₫,,
Tai nghe không dây Razer BlackShark V2 HyperSpeed- Wireless Ultra- Lightweight Esports _ Hàng Chính Hãng,https://www.lazada.vn/products/pdp-i3015581586.html,4.090.000 ₫,,
Tai Nghe Gaming Không Dây Corsair Virtuoso MAX - Carbon (CA-9011372-WW) - Hàng Chính Hãng,https://www.lazada.vn/products/pdp-i3112567327.html,4.390.000 ₫,,
Tai nghe choàng tai Sony ZX310AP,https://www.lazada.vn/products/pdp-i1272983381.html,775.636 ₫,4.0,108 Đã bán
Tai nghe Marshall MODE Black & White - Bảo Hành Chính Hãng 1 Năm 1 Đổi 1,https://www.lazada.vn/products/pdp-i1063802093.html,1.115.850 ₫,5.0,46 Đã bán
Tai Nghe Bang & Olufsen Beoplay H100 - Chính Hãng 100% [ Mẫu Mới Ra Mắt ],https://www.lazada.vn/products/pdp-i2825875124.html,46.200.000 ₫,,
Tai nghe B.&O Beoplay H2 nhập khẩu nguyên hộp - Tai nghe tích hợp micro,https://www.lazada.vn/products/pdp-i1785033713.html,4.450.000 ₫,,
"Tai Nghe Bluetooth Cho Mũ Bảo Hiểm Xe Máy XINOWY V8 SV, Hỗ Trợ Đàm Thoại Toàn Đôi, Liên Lạc Giữa 5 Người Lái, Radio FM, Điều Khiển Từ Xa, Khử Tiếng Ồn",https://www.lazada.vn/products/pdp-i3237972556.html,1.779.300 ₫,,
Tai Nghe Chụp Tai BOWERS & WILKINS Px8 McLaren Edition - Hàng Chính Hãng PGI,https://www.lazada.vn/products/pdp-i2947030587.html,19.900.000 ₫,,
"Tai nghe game không dây Lightspeed Logitech G733 - Headband tùy chỉnh, RGB Lightsync, màn loa Pro-G",https://www.lazada.vn/products/pdp-i2088798443.html,2.490.000 ₫,,
Tai Nghe Choàng Đầu Có Dây Plantronics Blackwire BW3310 Kiểu Dáng Mới Cho Tổng Đài Viên - Hàng Chính Hãng Việt Nam,https://www.lazada.vn/products/pdp-i2359325093.html,1.530.000 ₫,,
Tai Nghe Choàng Đầu Có Dây Plantronics Blackwire BW3320 Kiểu Dáng Mới Cho Tổng Đài Viên - Hàng Chính Hãng Việt Nam,https://www.lazada.vn/products/pdp-i2359339105.html,1.690.000 ₫,,
Tai nghe Bluetooth Ugreen Max5c | Hybrid ANC 43db | Kết nối 2 thiết bị | LDAC | Âm thanh 3D,https://www.lazada.vn/products/pdp-i2921642715.html,563.310 ₫,5.0,7 Đã bán
kinyo | Tai Nghe Chơi Game Không Dây cho FPS,https://www.lazada.vn/products/pdp-i3231090494.html,1.835.000 ₫,4.0,
"Tai Nghe Bluetooth ANC Q7 Chống Ồn Chủ Động, Có Thể Gấp Gọn 🔰Phụ Kiện Thuận Lợi🔰",https://www.lazada.vn/products/pdp-i3138518665.html,1.145.584 ₫,,
"Tai nghe chùm đầu gaming không dây Logitech G435, Pin 18h, sạc usb-C, &lt;100 dB, 20Hz-20KHz",https://www.lazada.vn/products/pdp-i2269870178.html,1.490.700 ₫,,
Tai Nghe Gaming không dây Logitech G435 LightSpeed Wireless Black - Hàng chính hãng,https://www.lazada.vn/products/pdp-i3034628642.html,2.240.000 ₫,,
Tai nghe chơi game chụp tai không dây AVSTAR TAKSTAR NOUS có Mic cho Máy tính/ PC/ Laptop - Gaming Headphones,https://www.lazada.vn/products/pdp-i2299678821.html,2.990.000 ₫,,
Tai Nghe Không Dây Gaming Zidli Dual Mode LH1 Ultimate - Hàng Chính Hãng,https://www.lazada.vn/products/pdp-i3094149143.html,1.866.000 ₫,,
Tai Nghe On-ear Bluetooth JBL LIVE 670NC - Chính Hãng PGI,https://www.lazada.vn/products/pdp-i2542347361.html,2.999.000 ₫,,
"[NC] Tai Nghe Chụp tai MOONDROP EDGE ANC | JAZZ, BALLAD, KHÔNG LỜI, NHẠC CỤ | Có Mic",https://www.lazada.vn/products/pdp-i3001702152.html,1.865.000 ₫,,
Tai nghe chụp tai Bluetooth Sony WH-H900N(Like New),https://www.lazada.vn/products/pdp-i2122775613.html,3.200.000 ₫,,
kinyo | Tai Nghe Bluetooth với Hủy Tiếng Ồn Chủ Động cho Gaming,https://www.lazada.vn/products/pdp-i3232342155.html,1.290.000 ₫,,
Tai Nghe Chụp Tai Over-ear AUDIO TECHNICA ATH M40X Professional Hifi - Tai nghe kiểm âm Studio Monitor Headphones Professional ATH-M40X,https://www.lazada.vn/products/pdp-i355800167.html,2.800.000 ₫,,
Razer | Tai Nghe Chơi Game Bluetooth Dual-Mode,https://www.lazada.vn/products/pdp-i3213915108.html,5.038.000 ₫,,
"Tai Nghe Âm Thanh HiFi Chuyên Nghiệp FiiO JT1 3.5mm Có Micrô, Trình Điều Khiển 50mm, Tai Nghe Có Dây Trong Tai Để Ghi Âm Và Chơi Game",https://www.lazada.vn/products/pdp-i3242930105.html,1.938.400 ₫,,
Tai Nghe Gaming không dây Logitech G435 LightSpeed Wireless Black - Hàng chính hãng,https://www.lazada.vn/products/pdp-i3034730541.html,1.848.000 ₫,,
Tai Nghe Chơi Game Không Dây Bluetooth 5.3 NUBWO G06 Có Micrô Cho PS5/PS4/PC/Mobile/Switch Tai Nghe Kết Nối Kép 2.4GHz Có Chức Năng Khử Tiếng Ồn Chủ Động Và Miếng Đệm Tai Dạng Lưới Chống Nước,https://www.lazada.vn/products/pdp-i3242930109.html,1.487.200 ₫,,
Anker | Tai Nghe Bluetooth Hủy Tiếng Ồn cho Gaming,https://www.lazada.vn/products/pdp-i3175921712.html,7.256.000 ₫,4.0,
Tai nghe Jabra BIZ 2300,https://www.lazada.vn/products/pdp-i959248386.html,2.430.000 ₫,,
Tai Nghe Chơi Game Không Dây ONIKUMA B2 Tai Nghe Khử Tiếng Ồn Có Độ Trễ Cực Thấp 2.4GHz Có Mic Cho PS5 XBOX PC Mac - Tai Nghe Động Học,https://www.lazada.vn/products/pdp-i3242595842.html,924.000 ₫,,
Tai nghe không dây Raze Barracuda (Barracuda/Mercury/ Quartz ) – Hàng Chính Hãng,https://www.lazada.vn/products/pdp-i2730312344.html,3.690.000 ₫,,
"Tai nghe gaming có dây MSI DS502 Driver 40mm - Kết nối jack 3,5mm - Cáp 2,1m - Tương thích PC, Mac, PS5/4, XBOX Series - Hàng chính hãng - Bảo hành 1 năm",https://www.lazada.vn/products/pdp-i2336438434.html,1.452.000 ₫,,
"Tai nghe chụp tai Bluetooth Sennheiser HD 450BT SEBT4 - Hàng chính hãng - Thiết kế sang trọng, tính năng giọng nói thông minh, khả năng chống ồn chủ động",https://www.lazada.vn/products/pdp-i2289105354.html,3.390.000 ₫,,
"Tai nghe không dây Gaming Logitech G735 Bluetooth & Lightspeed, RGB, sạc USB-C",https://www.lazada.vn/products/pdp-i2088542721.html,4.290.000 ₫,,
Tai nghe chơi game không dây Logitech G321 LIGHTSPEED,https://www.lazada.vn/products/pdp-i3231425524.html,1.790.000 ₫,,
Tai Nghe Gaming Zidli Dual Mode LH1 Ultimate - Hàng Chính Hãng,https://www.lazada.vn/products/pdp-i3094136130.html,1.866.000 ₫,,
Tai Nghe Chụp Tai Over-ear Audio Technica ATH-M50x Ice Blue [Phiên bản giới hạn] - Hàng Chính Hãng,https://www.lazada.vn/products/pdp-i2508442411.html,4.860.000 ₫,,
"Tai nghe choàng đầu không dây Razer Barracuda X Chroma - Phantom White Edition_Mới, hàng chính hãng",https://www.lazada.vn/products/pdp-i3139242263.html,4.399.000 ₫,,
TAI NGHE BLUETOOTH TRÙM TAI CHỐNG ỒN HI-RES SONY H.EAR ON 2 MDR-H600A Hãng,https://www.lazada.vn/products/pdp-i2148107683.html,3.399.000 ₫,,
[NC] Tai nghe Chụp tai Gaming Bluetooth AG-WHP02 | Có Mic,https://www.lazada.vn/products/pdp-i2573033739.html,2.090.000 ₫,,
"[NC] Tai Nghe Chụp tai MOONDROP X SINGER EDGE | ROCK, DANCE, HIPHOP, EDM | Có Mic",https://www.lazada.vn/products/pdp-i2900889629.html,1.700.000 ₫,,
tai nghe SONY MDR-XB950N1 EXTRA BASS™ Wireless Noise-Canceling Headphones,https://www.lazada.vn/products/pdp-i1636583825.html,4.500.000 ₫,,
Tai Nghe Không Dây Acer OHR305 ANC Có Đầu Theo Dõi Âm Thanh Không Gian 3D -42dB ANC Bluetooth 5.4 HIFI ENC HD Mic Tai Nghe Có Độ Trễ Thấp,https://www.lazada.vn/products/pdp-i3096247112.html,606.000 ₫,,
"Tai Nghe Chụp Tai Chống Ồn 3.5mm/Type-C Với Dây Đeo Đầu Linh Hoạt Có Thể Điều Chỉnh, Âm Thanh Nổi, Có Dây, Dùng Cho PC, MP3, Điện Thoại Di Động Và Công Việc.",https://www.lazada.vn/products/pdp-i3208557806.html,116.800 ₫,,"162 Đã bán
China"
Cho Sennheiser HD 400S sâu trầm Tai nghe cô lập âm thanh tai nghe âm thanh nổi âm nhạc gấp tai nghe thể thao,https://www.lazada.vn/products/pdp-i2429021634.html,661.144 ₫,5.0,5 Đã bán
"Tai Nghe Âm Thanh Nổi 3,5 Mm Cắm Kép Có Micrô Cho Lớp Học Trực Tuyến - Tai Nghe Điều Khiển Dòng Gắn Trên Đầu",https://www.lazada.vn/products/pdp-i3205599601.html,151.200 ₫,3.5,
HR-960B Tai Nghe Giám Sát Trên Cao Giảm Tiếng Ồn Có Dây Tai Nghe Karaoke Chuyên Nghiệp Cho Máy Tính Âm Nhạc Máy Tính,https://www.lazada.vn/products/pdp-i3193229341.html,353.600 ₫,,
"Tai Nghe Bluetooth 2025 Mới Với Đèn LED Graffiti, Âm Thanh Nổi 3D Liền Mạch, Chụp Tai, Thiết Bị Điện Tử Tiêu Dùng",https://www.lazada.vn/products/pdp-i3155172590.html,295.000 ₫,,
Tai nghe chụp tai chơi game không dây Tai nghe bluetooth 5.2 TWS M10 độ trễ thấp 40ms thể thao không thấm nước tai nghe chống ồn,https://www.lazada.vn/products/pdp-i2534632059.html,626.587 ₫,,
Tai Nghe HIFI Động Trong Tai SGOR VENUS Tai Nghe Có Dây Siêu Trầm Có Màn Hình Âm Nhạc Loại Bỏ Tiếng Ồn Tai Nghe Thể Thao KZ,https://www.lazada.vn/products/pdp-i3131529065.html,359.000 ₫,,
"Wireless Gaming Headset with Mic 2.4G Bluetooth Headphone USB 3.5mm Wired 3 Modes for PC,Laptop,, ,",https://www.lazada.vn/products/pdp-i2837674086.html,447.591 ₫,,
【big-discount】 New Bee M53 Bluetooth Headset Wireless Headphone Dual-Mic Mute Noise Cancelling Earpiece Handsfree Earphones for Driver,https://www.lazada.vn/products/pdp-i3229562749.html,865.078 ₫,,
QCY H2 Wireless Headphones Bluetooth 5.3 BASS Stereo Headset 78Ms Low Latency Gaming Earphones 60H Playtime Dual Device Connect,https://www.lazada.vn/products/pdp-i2392587217.html,697.421 ₫,,
SANSUI DT11 Headset Wireless Headphone ANC Noise Reduction Bluetooth V5.4 Earphone Exclusive App,https://www.lazada.vn/products/pdp-i3124067732.html,608.764 ₫,,
tai nghe thể thao Tai nghe có thể sạc lại Bluetooth 5.0 Đài FM tai nghe dạng móc không dây để chạy máy tính xách tay video nhạc máy tính chơi game,https://www.lazada.vn/products/pdp-i2534425986.html,621.787 ₫,5.0,
OnePlus Chồi ace 2 tai nghe không dây Bluetooth 5.4 trong tai giảm tiếng ồn chủ động 43 Giờ Tuổi thọ pin dài tai nghe tùy chỉnh,https://www.lazada.vn/products/pdp-i3140410057.html,728.637 ₫,,
"BW06 2.4G Wireless Gaming Headset with Flip ENC Mic for PC, , , Gamer Dual Mode Bluetooth Headphones",https://www.lazada.vn/products/pdp-i2855429153.html,879.491 ₫,,
Bass Music Play True Wireless Headphones Fold Bluetooth Headset BT5.1 Big Earmuff Earphone With Microphone Full Pack Helmet L700,https://www.lazada.vn/products/pdp-i2386718122.html,622.658 ₫,,
"Tai nghe Esports có dây Razer BlackShark V2 X, khử tiếng ồn thụ động tiên tiến, âm thanh vòm 7.1, mic cardioid siêu rõ, miễn phí vận chuyển",https://www.lazada.vn/products/pdp-i3159938938.html,990.787 ₫,,
QCY H3 Lite ANC Tai Nghe Không Dây/có Dây Qua Tai Bluetooth 5.3 Âm Thanh HiFi Có Thể Gập Lại Thời Gian Chơi 60H Kết Nối Kép Miếng Đệm Tai Bằng Mút Hoạt Tính,https://www.lazada.vn/products/pdp-i3125867213.html,885.000 ₫,,
[Hot New] New Bee M53 Bluetooth Headset Wireless Headphone Dual-Mic Mute Noise Cancelling Earpiece Handsfree Earphones for Driver Office,https://www.lazada.vn/products/pdp-i3165864187.html,896.416 ₫,,
【Fast-selling】 Flash Lamp Cute Cat Ears Headphone Bluetooth5.0 Stereo With Mic Support TF Wireless Kids Girl Earphone Birthday Gift,https://www.lazada.vn/products/pdp-i3228310874.html,603.078 ₫,,
Taiou có dây USB Tai nghe chơi game ảo 7.1 surround âm thanh e-âm tai nghe thể thao trên tai nghe đeo tai với tiếng ồn hủy bỏ Microphone RGB đèn Led cho PC máy tính xách tay,https://www.lazada.vn/products/pdp-i2547140996.html,929.000 ₫,,
E8(RFJE) AX-698 Sports Headphones Bluetooth Support 32G TF Card FM Radio Portable Wireless Headphones,https://www.lazada.vn/products/pdp-i2838810926.html,749.331 ₫,,
"Tai nghe Bluetooth Lenovo HD200, tai nghe không dây cho máy tính, có thể gập lại, khử tiếng ồn, âm thanh nổi HIFI, tai nghe chơi game",https://www.lazada.vn/products/pdp-i3166854790.html,719.710 ₫,,
"(MTUV) BW06 2.4G Wireless Gaming Headset with Flip ENC Mic for PC, , , Gamer Dual Mode Bluetooth Headphones",https://www.lazada.vn/products/pdp-i2865956624.html,715.012 ₫,,
Anime Sao kiếm nghệ thuật trực tuyến Yuuki Asuna Tai nghe bluetooth không dây trên đầu trò chơi tai nghe với khe cắm thẻ nhớ TF mic cho IOS,https://www.lazada.vn/products/pdp-i2626344905.html,851.808 ₫,,
"Zealot B19 Wireless Headphones With Fm Radio Bluetooth Headset Stereo Earphone With Microphone For Computer Phone,Support TF,Aux",https://www.lazada.vn/products/pdp-i2376211334.html,772.143 ₫,,
[Boeld] Bowie D05 Tai nghe không dây 5.3 Tai nghe mức tai nghe Hifi 40mm lái xe trùm tai có thể gập lại Tai nghe 70h thời gian,https://www.lazada.vn/products/pdp-i2667394122.html,776.000 ₫,,
Monster Mission 100 wireless headphone Bluetooth 5.4 earphone AI noise canceling foldable over ear headsets connect 2 devices,https://www.lazada.vn/products/pdp-i2796644526.html,625.876 ₫,,
yppuso sell well - / New Cross-Border SAZ-D03 Bass Stereo Wireless Head-Mounted Plug-in TF Folding Bluetooth Headset,https://www.lazada.vn/products/pdp-i3034224112.html,984.021 ₫,,
Tai Nghe Chơi Game USB Jeecoo V20U Qua Tai Có Mic Khử Tiếng Ồn Miếng Đệm Tai Mút Cho Máy Tính Xách Tay Âm Thanh Vòm,https://www.lazada.vn/products/pdp-i3147340262.html,775.000 ₫,,
(PFUO) TWSB66 Plastictranslation Headphones Support Call Music Translation Travel Study,https://www.lazada.vn/products/pdp-i3203165322.html,670.162 ₫,,
[HH6F] HP Tai nghe chơi game có dây-50Mm Điều Khiển Surround Âm Thanh 248.5G Trọng Lượng Nhẹ 360 Đa Hướng Mic tiếng ồn thụ động Cách Ly Cho Chơi Game/Văn Phòng DHE-8007/DHE-8007U,https://www.lazada.vn/products/pdp-i3107952440.html,604.764 ₫,,
Qwert RGB Unicorn Trẻ Em Không Dây Tai nghe kèm mic Điều Khiển đèn RGB Cô Gái Tai nghe nhạc âm thanh nổi Điện Thoại Di Động Trẻ Em Của Tai Nghe Quà Tặng Polkm,https://www.lazada.vn/products/pdp-i2737546985.html,899.511 ₫,,
Tai Nghe Bluetooth Có Thể Gập Lại Màu Macaron Tai Nghe Thể Thao Qua Tai Không Dây Âm Thanh Nổi Với Đầu Ra Âm Thanh Chất Lượng Cao,https://www.lazada.vn/products/pdp-i3199261284.html,134.400 ₫,,"516 Đã bán
Nước ngoài"
Tai Nghe Chơi Game Trong Tai Có Độ Trễ Thấp Bluetooth Với Thời Lượng Pin Siêu Dài Điều Khiển Cảm Ứng Vân Tay Mô Hình Xuyên Biên Giới Đa Năng,https://www.lazada.vn/products/pdp-i3197207893.html,172.800 ₫,,
Thương Mại Điện Tử Xuyên Biên Giới Amazon Bùng Nổ Trò Chơi Tai Nghe Bluetooth RGB Hiệu Ứng Ánh Sáng Gấp Thể Thao Phát Sáng,https://www.lazada.vn/products/pdp-i3126175239.html,1.071.000 ₫,,
Wireless headphones QERE E80 Earphone bluetooth 5.3 ANC Noise Cancellation Hi-Res Audio Over the Ear Headset 70H 40mm Driver2.4G,https://www.lazada.vn/products/pdp-i2796821013.html,967.011 ₫,,
Tai Nghe Bluetooth Không Dây Với Giảm Tiếng Ồn Chủ Động Pin Lâu Dài Đệm Thoải Mái Đầu Trên Tai Nghe Dài 10M,https://www.lazada.vn/products/pdp-i3151296642.html,686.000 ₫,,
Tai Nghe Bluetooth Kiểu Đầu Wh1000xm4 Mới Xuyên Biên Giới Tai Nghe Thể Thao Không Dây Với Logo,https://www.lazada.vn/products/pdp-i3125236519.html,931.000 ₫,,
Razer | Tai Nghe Chơi Game Không Dây Bluetooth Ba Chế Độ,https://www.lazada.vn/products/pdp-i3214090147.html,4.027.000 ₫,,
Bose thoải mái yên tĩnh qc45 trên tai Tai nghe không dây với khử tiếng ồn,https://www.lazada.vn/products/pdp-i2286852405.html,6.561.959 ₫,5.0,
Tai nghe chụp tai Bluetooth Sennheiser Accentum Wireless ACAEBT - Hàng Chính hãng,https://www.lazada.vn/products/pdp-i2955751634.html,5.490.000 ₫,,"6 Đã bán
Hồ Chí Minh"
Tai Nghe Bose QuietComfort Ultra Headphones 2,https://www.lazada.vn/products/pdp-i3218075527.html,10.999.000 ₫,,
Tai nghe chụp tai Sennheiser HD 660S2 - Hàng Chính hãng,https://www.lazada.vn/products/pdp-i2936513851.html,18.690.000 ₫,,
"Tai nghe thể thao Bluetooth SHOKZ S710 OPENSWIM PRO, Tai nghe truyền xương chống mồ hôi chống nước,",https://www.lazada.vn/products/pdp-i2964696793.html,4.990.000 ₫,,
Tai Nghe Kiểm Âm Beyerdynamic DT990 Pro X 48 Ohms - DT 990 Beyer Dynamic Open Back Studio Monitor Headphones,https://www.lazada.vn/products/pdp-i3223217795.html,6.500.000 ₫,,
"Tai nghe SENNHEISER IE 900 chính hãng. Bảo hành 24 tháng, 1 đổi 1 trong 30 ngày.",https://www.lazada.vn/products/pdp-i2547653803.html,33.700.000 ₫,,
"[Chính Hãng] Tai Nghe Audiophile Sennheiser HD650 - Hi-Res Audio, Open Back Dynamic Headphone Professional",https://www.lazada.vn/products/pdp-i3059643523.html,10.600.000 ₫,,
"Tai nghe chống ồn chủ động Monster Persona SE ANC, tai nghe Bluetooth không dây, thời gian chơi 60 giờ, âm thanh stereo HiFi, bass sâu, mic tích hợp, đệm tai bằng bọt nhớ cho gia đình (màu xanh)",https://www.lazada.vn/products/pdp-i3231802682.html,5.317.052 ₫,,
SENNHEISER HD 660 S Audiophile Headphones,https://www.lazada.vn/products/pdp-i2191001770.html,12.040.000 ₫,,
"Audio Technica ATH-M50xBT - Tai Nghe Over-Ear Không Dây Bluetooth 5.0, Tích Hợp Micro Kết Nối Điều Khiển Giọng Nói Trên Smartphone",https://www.lazada.vn/products/pdp-i1405166822.html,6.210.000 ₫,5.0,
Anker | Tai Nghe Chơi Game Hủy Tiếng Ồn Chủ Động Không Dây,https://www.lazada.vn/products/pdp-i3176003505.html,5.563.000 ₫,4.0,
Tai nghe Bluetooth chống ồn Bose QuietComfort 35 II chính hãng,https://www.lazada.vn/products/pdp-i2651393057.html,3.000.000 ₫,,
Tai nghe không dây Marshall Motif II ANC - Chính Hãng,https://www.lazada.vn/products/pdp-i2844762521.html,5.850.000 ₫,,
[NC] Tai nghe Chụp tai Gaming BEYERDYNAMIC MMX100 | Có Mic,https://www.lazada.vn/products/pdp-i2573043665.html,2.990.000 ₫,,
Logitech G | Tai Nghe Chơi Game 2.4G Không Dây,https://www.lazada.vn/products/pdp-i3219207244.html,7.692.000 ₫,4.0,
Tai nghe Gaming Sony không dây INZONE H5,https://www.lazada.vn/products/pdp-i2493439129.html,3.721.091 ₫,,"15 Đã bán
Bình Dương"
"[NC] Tai Nghe AG-FINAL AUDIO UX2000 | ROCK, DANCE, HIPHOP, EDM | Over Ear Chụp tai Bluetooth | Có Mic",https://www.lazada.vn/products/pdp-i3185206637.html,3.150.000 ₫,,
"Tai Nghe game có dây Logitech G335 - Mic gập để Mute, Jack 3.5mm, Đệm tai Memory Foam, Nhẹ 240g, Tương thích PC/ PS4 PS5/ Xbox/ Nitendo",https://www.lazada.vn/products/pdp-i2088910295.html,1.799.000 ₫,,
"Tai nghe game không dây Bluetooth và Lighspeed Logitech G435 – Mic ảo tích hợp, nhẹ, tương thích PC, Điện thoại, PS4, PS5",https://www.lazada.vn/products/pdp-i2085088505.html,1.590.000 ₫,,
"[NC] Tai Nghe Chụp tai Bluetooth AG-FINAL AUDIO UX3000 | ACOUSTIC,CLASSICAL,VOCAL,POP | Có Mic",https://www.lazada.vn/products/pdp-i2586203089.html,4.199.000 ₫,,
"Tai Nghe Không Dây Bluetooth MCHOSE V9 Pro E-Sports Có Micro, Âm Thanh Vòm 7.1 Kênh, Tai Nghe Chơi Game Cho Máy Tính USB",https://www.lazada.vn/products/pdp-i3243223368.html,1.658.700 ₫,,"54 Đã bán
Nước ngoài"
"Tai nghe bluetooth JBL Live 220BT Hàng chính hãng, Bảo hành 6 tháng PGI",https://www.lazada.vn/products/pdp-i1809550145.html,1.999.000 ₫,,
"Tai nghe chụp tai Bluetooth Sennheiser Accentum Wireless ACAEBT - Hàng chính hãng - Thiết kế đơn giản, tính năng chống ồn chủ động ANC, màng loa 37mm, thời lượng pin lên đến 50 giờ",https://www.lazada.vn/products/pdp-i2484031918.html,4.390.000 ₫,,
"Tai nghe chụp tai Bluetooth Anker Soundcore Space One Pro A3062 - Hàng chính hãng - Công nghệ chống ồn chủ động ANC, Cấu trúc FlexiCurve độc quyền của Soundcore giúp giảm kích thước tai nghe đến 50%",https://www.lazada.vn/products/pdp-i2981783306.html,4.590.000 ₫,,
Tai nghe bluetooth chống ồn Sony WH-1000XM3(like new)/WH-1000XM4(like New)/WH-1000XM5,https://www.lazada.vn/products/pdp-i2087719589.html,3.200.000 ₫,,
Tai nghe Bluetooth JBL Live 650BTNC Blue chính hãng ( Used),https://www.lazada.vn/products/pdp-i2643749375.html,2.500.000 ₫,,
Razer | Tai Nghe Chơi Game Bluetooth 3 Chế Độ THX,https://www.lazada.vn/products/pdp-i3213927854.html,7.566.000 ₫,4.0,
Tai nghe chụp tai MONDO By Defunc - Thời gian dùng 45H -Dual Driver - Bluetooth 5.2 - Hàng chính hãng - Bảo hành 1 năm,https://www.lazada.vn/products/pdp-i2391990994.html,3.861.000 ₫,,
Tai Nghe bluetooth chụp tai cap cấp B&O Beoplay H95,https://www.lazada.vn/products/pdp-i2376306213.html,23.000.000 ₫,,
Tai nghe không dây chụp tai soundcore Space One Pro | Chống ồn ANC 3.0 | Gấp siêu gọn sạc siêu nhanh,https://www.lazada.vn/products/pdp-i2953627187.html,4.990.000 ₫,5.0,
"Tai Nghe Chơi Game Không Dây MCHOSE V9 Pro, Âm Thanh Vòm 7.1, Khử Tiếng Ồn, Micro, Độ Trễ Thấp, Nhẹ, Dành Cho PS5, PC, SWITCH, Bluetooth 5.3",https://www.lazada.vn/products/pdp-i3243300094.html,1.600.200 ₫,,"37 Đã bán
Nước ngoài"
[NC] Tai nghe Chụp tai Gaming BEYERDYNAMIC MMX150 | Có Mic,https://www.lazada.vn/products/pdp-i2583617925.html,3.990.000 ₫,,
Tai nghe Over-ear Bluetooth Audio-technica ATH-M50xBT2 Ice Blue,https://www.lazada.vn/products/pdp-i2405068048.html,6.700.000 ₫,,
"Tai Nghe Bluetooth Không Dây MCHOSE V9 Pro Với Micro Ba Chế Độ, Khử Tiếng Ồn, Âm Thanh Sống Động, Độ Trễ Thấp Dành Cho Văn Phòng Và Chơi Game",https://www.lazada.vn/products/pdp-i3242303502.html,1.560.600 ₫,,"474 Đã bán
Nước ngoài"
Tai nghe chụp tai SENNHEISER RS 175-U - Bảo Hành Chính Hãng 24 Tháng,https://www.lazada.vn/products/pdp-i2191057503.html,6.880.000 ₫,,
Logitech G | Tai Nghe Chơi Game Không Dây có Bluetooth và Mic,https://www.lazada.vn/products/pdp-i3204928520.html,8.545.000 ₫,4.0,
Tai nghe Jabra Biz 2400 II,https://www.lazada.vn/products/pdp-i959322638.html,4.420.000 ₫,,
Tai nghe Không dây Razer Barracuda - Wireless Multi-platform Gaming and Mobile Headset - Hàng Chính Hãng,https://www.lazada.vn/products/pdp-i2166598217.html,4.390.000 ₫,,
"Tai nghe chụp tai Bluetooth Anker Soundcore Space One Pro A3062 - Hàng chính hãng - Công nghệ chống ồn chủ động ANC, Cấu trúc FlexiCurve độc quyền của Soundcore giúp giảm kích thước tai nghe đến 50%",https://www.lazada.vn/products/pdp-i2981880106.html,4.590.000 ₫,,
Taidu Tai Nghe P9 Tai nghe Bluetooth Tai nghe không dây Bảo Hiểm Đầy Đủ Earmuffs Thể Thao Với Microphone chế độ chờ siêu dài,https://www.lazada.vn/products/pdp-i2859820990.html,69.000 ₫,5.0,
"Tai nghe bluetooth YUSHAN cho Airpods 4, không dây, chống tiếng ồn",https://www.lazada.vn/products/pdp-i3174833134.html,726.000 ₫,4.0,11 Đã bán
YUSHAN | Tai Nghe Bluetooth Không Dây Kiểu Kẹp Tai Công Nghệ Truyền Âm Qua Xương,https://www.lazada.vn/products/pdp-i3185708792.html,555.000 ₫,4.0,7 Đã bán
"[NC] Tai Nghe Chụp tai FIIO FT1 PRO | JAZZ, BALLAD, KHÔNG LỜI, NHẠC CỤ | Không Mic",https://www.lazada.vn/products/pdp-i2959610020.html,5.275.000 ₫,,
Tai nghe chống ồn Sennheiser Momentum True Wireless 4 - Hàng Chính hãng,https://www.lazada.vn/products/pdp-i2955737692.html,9.560.000 ₫,,
[Chính Hãng] Tai Nghe Kiểm Âm Sennheiser HD600 - Chuyên Dụng Phòng Thu Studio Monitor Headphones Professional,https://www.lazada.vn/products/pdp-i3059641449.html,8.750.000 ₫,,
Tai Nghe Bluetooth Chụp Tai Sony WH-1000XM4 Hi-Res Noise Canceling - Hàng Chính Hãng -Thích hợp kiểm tra thính giác,https://www.lazada.vn/products/pdp-i2050412796.html,7.850.000 ₫,5.0,
Tai nghe Bluetooth HiVi Wireless A.N.C AW85 điều khiển trên APP,https://www.lazada.vn/products/pdp-i1588222867.html,6.730.000 ₫,,
Tai nghe có dây Sennheiser IE300 - Hàng Chính hãng,https://www.lazada.vn/products/pdp-i2936392764.html,9.240.000 ₫,,
"Tai nghe thể thao âm thanh truyền xương Shokz Openrun Pro 2 S820, Tai nghe không dây Bluetooth pin trâu lên đến 12h, chống mồ hôi chống nước tốt phù hợp cho các hoạt động thể thao ngoài trời",https://www.lazada.vn/products/pdp-i2966333627.html,4.990.000 ₫,,
Tai Nghe Không Dây Sony Wireless CUHYA0080 - Hàng chính hãng Sony Việt Nam,https://www.lazada.vn/products/pdp-i2215468481.html,2.690.000 ₫,,
"Tai nghe chụp tai Bluetooth JBL Live 770NC LIVE770NC - Hàng chính hãng - JBL Signature sống động, chống ồn chủ động, thời lượng pin 50 giờ",https://www.lazada.vn/products/pdp-i3177324327.html,4.490.000 ₫,,
"Tai nghe game không dây Lightspeed Logitech G535 - Trọng lượng nhẹ, âm thanh nổi, Mic gấp để tắt tiếng",https://www.lazada.vn/products/pdp-i2088718962.html,2.890.000 ₫,,
[NC] Tai Nghe Chụp tai SONY WH CH520 | Có Mic,https://www.lazada.vn/products/pdp-i2954130675.html,1.290.000 ₫,,
Tai Nghe Gaming Không Dây Corsair Virtuoso MAX - Carbon (CA-9011372-WW) - Hàng Chính Hãng,https://www.lazada.vn/products/pdp-i3112438686.html,4.390.000 ₫,,
Tai nghe không dây Bose QuietComfort 35 II (2) - Hàng Chính Hãng,https://www.lazada.vn/products/pdp-i2258572724.html,4.990.000 ₫,,
Tai Nghe Gaming Razer Kraken Kitty V2 Pro Edition Black / Quartz - Hàng Chính Hãng,https://www.lazada.vn/products/pdp-i3058860970.html,5.995.000 ₫,,
"Tai nghe không dây chùm đầu Razer BlackShark V2 Pro-2nd gen (2023)-Wireless Gaming Headset_Mới, hàng chính hãng",https://www.lazada.vn/products/pdp-i2323247601.html,5.999.000 ₫,,
Tai nghe Chụp Tai Bluetooth 5.0 Audio-Technica ATH-SR50BT Công Nghệ Chống Ồn - Hàng Chính Hãng,https://www.lazada.vn/products/pdp-i1196648497.html,5.800.000 ₫,5.0,
Tai Nghe Gaming Không Dây ASUS ROG DELTA II 3 chế độ với công nghệ ROG SpeedNova - Hàng Chính Hãng,https://www.lazada.vn/products/pdp-i3200545857.html,5.914.000 ₫,,
Tai nghe không dây bluetooth chống ồn chủ động ANC AG-Final Audio UX3000,https://www.lazada.vn/products/pdp-i2485570144.html,4.199.000 ₫,,
Tai nghe Chụp tai (Không dây) SENNHEISER Accentum Plus Wireless,https://www.lazada.vn/products/pdp-i2672838406.html,6.640.000 ₫,,
Tai nghe không dây có khung choàng đầu Razer Kaira Pro for Playstation (RZ04-04030100-R3M) - Hàng Chính Hãng,https://www.lazada.vn/products/pdp-i2637712782.html,4.690.000 ₫,,
Tai nghe chụp tai trong suốt cao cấp Nothing Headphone (1),https://www.lazada.vn/products/pdp-i3154816406.html,8.990.000 ₫,,
[NC] Tai Nghe Chụp tai Kiểm Âm BEYERDYNAMIC DT880 PRO | NGHE TẠP | Không Mic,https://www.lazada.vn/products/pdp-i2579899862.html,6.890.000 ₫,,
Tai nghe Sennheiser HD 599 - Hàng Chính Hãng,https://www.lazada.vn/products/pdp-i3160574702.html,7.029.000 ₫,,
"Tai nghe chụp tai Bluetooth JBL Live 660NC JBLLIVE660NC - Hàng chính hãng - Bluetooth v5.0, công nghệ chống ồn thích ứng",https://www.lazada.vn/products/pdp-i1929199312.html,4.039.000 ₫,,
Tai nghe Gaming không dây Asus ROG Pelta - Kết nối 3 chế độ với Công nghệ SpeedNova - Hàng Chính Hãng,https://www.lazada.vn/products/pdp-i3200792350.html,5.920.000 ₫,,
"Tai nghe chơi game không dây Razer Basilisk Professional Edition cho PC và điện thoại di động, đa nền tảng, khử tiếng ồn ANC",https://www.lazada.vn/products/pdp-i3232704137.html,5.786.279 ₫,,
Tai Nghe Bluetooth Chống Ồn Chủ Động DALI IO-6 - NEW - Hàng Chính Hãng 100%,https://www.lazada.vn/products/pdp-i2799253504.html,10.800.000 ₫,,
TAI NGHE DJ PIONEER HDJ – X7 PIONEER DJ,https://www.lazada.vn/products/pdp-i2301396972.html,5.390.000 ₫,,
Tai nghe chống ồn Bose Noise Cancelling Headphones 700 - Hàng Chính Hãng,https://www.lazada.vn/products/pdp-i2240917702.html,10.290.000 ₫,,
Tai nghe gaming có dây Steelseries Arctis Pro RGB + Game DAC 7.1 (Black/White) - Hàng Chính Hãng,https://www.lazada.vn/products/pdp-i2149205445.html,6.590.000 ₫,,
"[NC] Tai Nghe Chụp tai Kiểm Âm BEYERDYNAMIC DT770 PRO | ROCK,DANCE,HIP HOP,EDM,ACOUSTIC,CLASSICAL,VOCAL,POP | Không Mic",https://www.lazada.vn/products/pdp-i2583706787.html,4.590.000 ₫,,
Tai nghe Bluetooth chụp tai Marshall Major V - Chính Hãng ASH,https://www.lazada.vn/products/pdp-i2843418274.html,4.660.000 ₫,,
"[NC] Tai Nghe ULTRASONE ISAR | ROCK, DANCE, HIPHOP, EDM | Over Ear | Có Mic",https://www.lazada.vn/products/pdp-i3189452681.html,5.400.000 ₫,,
Logitech G | Tai Nghe Chơi Game Không Dây có Mic 2.4G,https://www.lazada.vn/products/pdp-i3217915735.html,9.829.000 ₫,4.0,
Razer | Tai Nghe Chơi Game Không Dây Bluetooth Tứ Chế Độ,https://www.lazada.vn/products/pdp-i3213974765.html,16.075.000 ₫,4.0,
"Tai nghe không dây choàng đầu Razer Kaira Pro for Playstation-Wireless Gaming and Mobile Headset_Mới, hàng chính hãng",https://www.lazada.vn/products/pdp-i2406483550.html,5.990.000 ₫,,
"[NC] Tai Nghe MOONDROP HORIZON | JAZZ, BALLAD, KHÔNG LỜI, NHẠC CỤ | Over Ear Chụp tai | Không Mic",https://www.lazada.vn/products/pdp-i3194462907.html,6.695.000 ₫,,
Philips | Loa Di Động Bluetooth Philips SPA5109 RGB Ambient Light Wired Gaming Computer Speakers Colorful Desktop Notebook,https://www.lazada.vn/products/pdp-i3233920007.html,860.000 ₫,,"5 Đã bán
Hong Kong"
Tầm Nhìn Ban Đêm Camera IP 1080P HD Máy Quay Mini Giám Sát Không Dây Camera WiFi Máy Quay Video,https://www.lazada.vn/products/pdp-i3132369712.html,59.787 ₫,3.0,148 Đã bán
HTC NE36 Tai nghe dịch thuật thời gian thực AI Tai nghe không dây Bluetooth 5.4 Dịch 134 ngôn ngữ Vỏ trong suốt Tai nghe doanh nhân Chống ồn thông minh ANC,https://www.lazada.vn/products/pdp-i3216336721.html,298.200 ₫,5.0,17 Đã bán
"Tai nghe nằm ngủ MD-558D Bluetooth 5.3 mẫu mới pin trâu, tích hợp micro, âm thanh HIFI trung thực",https://www.lazada.vn/products/pdp-i2605871723.html,137.610 ₫,4.0,
Tai Nghe Nhét Tai crnaira CX608 Cổng 3.5mm Cho Âm Thanh Sống Động Điều khiển dây đa năng dây dài 120cm,https://www.lazada.vn/products/pdp-i1604132226.html,29.000 ₫,4.0,674 Đã bán
Monster | Tai Nghe Bluetooth Không Dây Đeo Trong Tai với ANC Chống Ồn Chủ Động Chất Lượng Âm Thanh Cao,https://www.lazada.vn/products/pdp-i3192541343.html,475.000 ₫,4.0,10 Đã bán
Sony WH-1000XM5 / WH-1000XM4 không dây tiếng ồn hủy bỏ tai nghe,https://www.lazada.vn/products/pdp-i2304104687.html,9.443.750 ₫,,
"Tai nghe Chụp Tai Bluetooth EPOS IMPACT 1060T ANC - Micro Chống Ồn Chủ Động, An Toàn Thính Giác, Bảo Hành 24 Tháng",https://www.lazada.vn/products/pdp-i2633223096.html,8.174.000 ₫,,
Tai Nghe Giải Trí Và Đàm Thoại Bluetooth Chuyên Nghiệp Poly Voyager 4320 UC Cho Doanh Nghiệp - Hàng Chính Hãng Việt Nam,https://www.lazada.vn/products/pdp-i2357993714.html,4.839.000 ₫,,
Tai nghe chụp tai SENNHEISER HD 620S - Hàng Chính hãng,https://www.lazada.vn/products/pdp-i2936556187.html,9.900.000 ₫,,
Tai nghe không dây có công nghệ chống ồn Sony WH-1000XM5 - Hàng Chính Hãng Bảo Hành 12 Tháng,https://www.lazada.vn/products/pdp-i2245890721.html,6.990.000 ₫,5.0,
Tai nghe gaming không dây có khung choàng đầu Dell Alienware Pro (Lunar Light) - Hàng Chính Hãng,https://www.lazada.vn/products/pdp-i3153188230.html,7.690.000 ₫,,
Tai nghe Bluetooth Marshall MONITOR III A.N.C. - 70 hours battery life - Bảo Hành Chính Hãng 1 Năm 1 Đổi 1,https://www.lazada.vn/products/pdp-i2867156933.html,9.810.000 ₫,,
"Tai nghe không dây choàng đầu Razer Kaira Pro HyperSpeed-Licensed PlayStation 5 Wireless Gaming Headset_Mới, hàng chính hãng",https://www.lazada.vn/products/pdp-i2401441684.html,4.790.000 ₫,,
"[NC] Tai Nghe ULTRASONE PURE | ROCK, DANCE, HIPHOP, EDM | Over Ear | Không Mic",https://www.lazada.vn/products/pdp-i3176454486.html,5.500.000 ₫,,
Tai Nghe Kiểm Âm Nhập Khẩu Chính Hãng Roland Studio Monitor Headphones RH-300,https://www.lazada.vn/products/pdp-i1825066194.html,9.180.000 ₫,,
"[NC] Tai Nghe Chụp tai Kiểm Âm BEYERDYNAMIC DT990 PRO | ROCK,DANCE,HIP HOP,EDM,JAZZ,KHÔNG LỜI,NHẠC CỤ | Không Mic",https://www.lazada.vn/products/pdp-i2579912826.html,4.757.000 ₫,,
Razer | Tai Nghe Chơi Game Không Dây Tri-Mode,https://www.lazada.vn/products/pdp-i3207563697.html,7.543.000 ₫,4.0,
[ Hỏa Tốc ] Tai Nghe Bluetooth Adapt 660 - Chống Ồn Chuyên Nghiệp - Bảo Hành 24 Tháng,https://www.lazada.vn/products/pdp-i2784003080.html,9.284.000 ₫,,
"Tai nghe chống ồn chủ động Monster Persona SE ANC, tai nghe Bluetooth không dây, thời gian chơi 60 giờ, âm thanh stereo HiFi, bass sâu, mic tích hợp, đệm tai bằng bọt nhớ cho gia đình (màu xanh)",https://www.lazada.vn/products/pdp-i3233649747.html,5.317.052 ₫,,
Tai nghe Steelseries Arctis 7P+ Wireless - White,https://www.lazada.vn/products/pdp-i1802815273.html,4.899.000 ₫,,
Tai Nghe Chụp Tai SENNHEISER HD 650 - Bảo hành chính hãng 24 tháng,https://www.lazada.vn/products/pdp-i2140202743.html,11.049.000 ₫,,
Tai Nghe Bluetooth Nuraphone,https://www.lazada.vn/products/pdp-i333594162.html,11.500.000 ₫,,
Tai nghe gaming không dây có khung choàng đầu Dell Alienware Pro (Dark Side of the Moon) - Hàng Chính Hãng,https://www.lazada.vn/products/pdp-i3153189163.html,7.690.000 ₫,,
Tai nghe không dây có microphone đàm thoại EPOS C20,https://www.lazada.vn/products/pdp-i2485571139.html,5.800.000 ₫,,
[Chính Hãng] Tai Nghe Kiểm Âm Sennheiser HD600 - Chuyên Dụng Phòng Thu Studio Monitor Headphones Professional,https://www.lazada.vn/products/pdp-i3059521983.html,8.750.000 ₫,,
"[Chính Hãng] Tai Nghe Kiểm Âm Beyerdynamic DT770 Pro 32, 80, 250 Ohm - DT 770 Beyer Dynamic Close Back Studio Monitor Headphones",https://www.lazada.vn/products/pdp-i1882450580.html,4.850.000 ₫,,
"Tai nghe chụp tai Bluetooth JBL Live 770NC LIVE770NC - Hàng chính hãng - JBL Signature sống động, chống ồn chủ động, thời lượng pin 50 giờ",https://www.lazada.vn/products/pdp-i3177303357.html,4.490.000 ₫,,
Jabra | Tai Nghe Hủy Tiếng Ồn Không Dây cho Giáo Dục Trực Tuyến kèm Bộ Đổi Bluetooth,https://www.lazada.vn/products/pdp-i3236480073.html,5.735.000 ₫,,
Tai Nghe Sennheiser HD 569 - Hàng Chính Hãng,https://www.lazada.vn/products/pdp-i3160647317.html,5.049.000 ₫,,
[BH 24 tháng] Tai nghe chống ồn SENNHEISER Momentum 4 Wireless - Hàng chính hãng,https://www.lazada.vn/products/pdp-i2048195741.html,9.499.000 ₫,4.0,94 Đã bán
Tai nghe SENNHEISER HD 560 S - Hàng Chính Hãng Bảo Hành 2 Năm,https://www.lazada.vn/products/pdp-i2169386568.html,5.399.000 ₫,,
Tai nghe chụp tai Sennheiser HD600 - Hàng Chính hãng,https://www.lazada.vn/products/pdp-i2963831590.html,8.790.000 ₫,,
Tai nghe bluetooth chống ồn Sony WH-1000XM3/WH-1000XM4 (hàng Like New),https://www.lazada.vn/products/pdp-i2124909701.html,4.500.000 ₫,,
Tai nghe Bluetooth Bang and Olufsen B&O beoplay H95,https://www.lazada.vn/products/pdp-i2367916531.html,17.000.000 ₫,,
Tai nghe chụp tai Bluetooth Marshall Major IV (4) - Hàng chính hãng bảo hàng 12 tháng ASH,https://www.lazada.vn/products/pdp-i1741573526.html,3.790.000 ₫,,
Tai nghe không dây có khung choàng đầu Razer Kaira Pro HyperSpeed (RZ04-04030200-R3A1) 20Hz-20KHz - Hàng Chính Hãng,https://www.lazada.vn/products/pdp-i2637876609.html,5.243.000 ₫,,
"[NC] Tai Nghe Chụp tai Kiểm Âm BEYERDYNAMIC DT900 PRO X | NGHE TẠP,JAZZ,KHÔNG LỜI,NHẠC CỤ,BALLAD | Không Mic",https://www.lazada.vn/products/pdp-i2583626938.html,6.990.000 ₫,,
"Tai nghe có dây chùm đầu Razer Kraken Kitty Edition V2 Pro-Wired RGB Headset with Interchangeable Ears_Mới, hàng chính hãng",https://www.lazada.vn/products/pdp-i2319922699.html,6.499.000 ₫,,
Tai nghe Gaming Không Dây Razer BlackShark V2 Pro 2023 Wireless Black / White Edition - Hàng Chính Hãng,https://www.lazada.vn/products/pdp-i3058449469.html,5.490.000 ₫,,
