title,url,price,rating,shop
"AOC E99 All In One Desktop Computer Intel Core i5-12450H 16GB RAM 512GB SSD 23.8"" Screen with UPS",https://www.lazada.vn/products/pdp-i2665892107.html,15.500.000 ₫,5.0,54 Đã bán
Cây Máy Tính Dell Để Bàn Vostro 3268 Core i5 7500 Ram 16GB DDR4 Ổ Cứng SSD 256GB Tích Hợp Sẵn Wifi,https://www.lazada.vn/products/pdp-i3175887248.html,3.547.000 ₫,,
asus factory pc gaming full bộ 24inch Core i7 cpu máy tính để bàn All in One computer desktop Windows 10/ MS Office máy tính pc gaming,https://www.lazada.vn/products/pdp-i2343690057.html,9.499.999 ₫,5.0,89 Đã bán
Cây Máy Tính Dell Để Bàn Vostro 3268 Tích Hợp Sẵn Wifi Core i3 6100 Ram 8GB DDR4 Ổ Cứng SSD 256GB,https://www.lazada.vn/products/pdp-i3174461290.html,3.005.000 ₫,,
Máy tính để bàn Mini PC HP Pro Mini 400 G9 8U8Q2PA (Intel Core i5-13500T| 8 GB DDR4-3200| 512 GB SSD | Intel UHD Graphics 770| Windows 10 Home),https://www.lazada.vn/products/pdp-i2654497616.html,15.200.000 ₫,,
[Trả góp 0%] BẢO HÀNH LÊN ĐẾN 36 THÁNG Bộ máy tính chơi Game MÀN HÌNH 27 IN CONG 24 IN CONG Pc gaming siêu đẹp giá rẻ thùng led gaming - Chip intel core i5 i7 đời cao ram 8G ổ SSD điện tử vga rời cực mạnh,https://www.lazada.vn/products/pdp-i692170718.html,4.775.714 ₫,4.0,210 Đã bán
Máy tính để bàn HP Pro Mini 260 G9 Desktop PC (8U8T8PA),https://www.lazada.vn/products/pdp-i2995602210.html,15.750.000 ₫,,
Cây Máy Tính Dell Để Bàn Vostro 3268 Core i7 6700 Ram 16GB DDR4 Ổ Cứng SSD 256GB Tích Hợp Sẵn Wifi,https://www.lazada.vn/products/pdp-i3174405798.html,4.071.000 ₫,,
[Bán chạy] Cây máy tính để bàn Dell OptiPlex 7060 Core i7 8700 RAM 16GB Ổ Cứng SSD 512GB +HDD 1TB Bảo Hành 12 Tháng,https://www.lazada.vn/products/pdp-i2602382535.html,6.072.000 ₫,,
PC GAMING I3 9100F | RAM 8GB | VGA GTX 1060 3GB,https://www.lazada.vn/products/pdp-i2320863718.html,7.900.000 ₫,,
Máy tính PC Mini HP Thin Client T630| Chip AMD GX-420GI | RAM 8GB DDR4| SSD 128GB M.2 NVMe | Bảo hành 12 tháng,https://www.lazada.vn/products/pdp-i3058571450.html,1.950.000 ₫,,
Bộ máy tính văn phòng giá rẻ chất lượng tốt TẶNG USB WIFI bắt mạng như laptop,https://www.lazada.vn/products/pdp-i1995568525.html,792.000 ₫,,
cpu desktop i5 4570 / i5 4590 / i3 4170 / i3 4160 / i3 4130 socket 1150/ tặng keo tản nhiệt,https://www.lazada.vn/products/pdp-i2066113180.html,495.000 ₫,5.0,39 Đã bán
Cây máy tính để bàn DELL Optiplex 3020 intel core i7  4770 / i5 4570 / i3 4130 | ram 8GB | ổ cứng SSD 240GB. Hàng Nhập Khẩu,https://www.lazada.vn/products/pdp-i200032748.html,1.895.000 ₫,5.0,6 Đã bán
"Máy Tính Bộ Để Bàn Dell Optiplex 7050MT Cho Văn Phòng Core i3 6100 Ram 8GB DDR4, Ổ Cứng SSD 120GB Tặng USB Thu Wifi, Lót Chuột, Bảo Hành 12 Tháng Lỗi 1 Đổi 1",https://www.lazada.vn/products/pdp-i2545581561.html,2.946.000 ₫,,
Máy tính Mini PC Intel NUC 11 Essential Kit Atlas Canyon Celeron N4505,https://www.lazada.vn/products/pdp-i3145990490.html,2.500.000 ₫,,
Cây Máy Tính Dell Để Bàn Optiplex 3050 SFF Core i5 6500 Ram 8GB DDR4 SSD 256GB Bảo Hành 12 Tháng- Tặng USB thu Wifi,https://www.lazada.vn/products/pdp-i3059547541.html,2.290.000 ₫,,
Máy Tính Đồng Bộ Dell 💟ThanhBinhPC💟 Dell Optiplex 3050/5050 SFF ( CPU Core i5 6500 -RAM 16GB-SSD 240GB ) - Bảo Hành 12 Tháng.,https://www.lazada.vn/products/pdp-i2043045245.html,3.290.000 ₫,,
Mini PC Dell Optiplex 3050 5050 7050 Micro -i3 7100T,https://www.lazada.vn/products/pdp-i3173061349.html,1.850.000 ₫,,
Mini PC Dell Optiplex 3050 5050 7050 Micro - i5 6500T,https://www.lazada.vn/products/pdp-i3173031680.html,2.200.000 ₫,,
"Bộ máy tính để bàn làm việc cho văn phòng, trường học + Màn hình 24 inch Provision Cấu hình core i3, i5 i7 Ram 4GB, SSD 120GB + Quà Tặng bàn phím chuột chuyên Game LED",https://www.lazada.vn/products/pdp-i1802566209.html,3.952.000 ₫,,
Máy đồng bộ Dell Optiplex 390 SFF Desktop + 01 card đồ họa Asus 730 2G DDR5,https://www.lazada.vn/products/pdp-i2346202487.html,1.500.000 ₫,,
Máy Tính Đồng Bộ Dell 💟ThanhBinhPC💟 Dell Optiplex 3050/5050 SFF ( CPU Pentium G4400 - RAM 8G- SSD 120GB - HDD 500G ) - BH 12T,https://www.lazada.vn/products/pdp-i2043081131.html,2.215.000 ₫,,
"Bộ máy tính chơi Game Core i7 4770 | SSD 512GB | VGA rời 4GB | RAM 8GB và Màn hình 22 inch NEW - FULL BOX - FULL viền - Tần số 75hz. Chơi game LOL, FIFA, GTA, CF ...",https://www.lazada.vn/products/pdp-i744248278.html,5.830.000 ₫,5.0,
"Bộ máy tính để bàn làm việc cho văn phòng, trường học Dell Optiplex 3020 + Màn hình 19 inch Provision Cấu hình core i7 4770 Ram 4GB, 8GB, 16GB, SSD 120GB/240GB + Quà Tặng bàn phím chuột dell",https://www.lazada.vn/products/pdp-i1856757534.html,4.810.000 ₫,,
Máy Tính Đồng Bộ Dell 💟ThanhBinhPC💟 Dell Optiplex 3050/5050 SFF ( CPU Core i3 6100 -RAM 16GB-SSD 240GB ) - Bảo Hành 12 Tháng.,https://www.lazada.vn/products/pdp-i2042984418.html,2.670.000 ₫,,
Máy Tính Đồng Bộ Dell 💟ThanhBinhPC💟 Dell Optiplex 3050/5050 SFF ( CPU Pentium G4400-RAM 8GB-SSD 240GB ) - Bảo Hành 12 Tháng.,https://www.lazada.vn/products/pdp-i2042974873.html,2.195.000 ₫,,
"Máy tính Đồng Bộ , Máy tính để bàn Dell Optiplex (Core i7 2600 3.8GHZ ) BH12",https://www.lazada.vn/products/pdp-i1991782324.html,2.700.000 ₫,,
Cây Máy Tính Để Bàn Dell Optiplex 3060 SFF Core i3 8100 Ram 8GB DDR4 Ổ Cứng SSD 128GB Bảo Hành 12 Tháng Lỗi 1 Đổi 1,https://www.lazada.vn/products/pdp-i2506414559.html,3.765.000 ₫,,
"Mini PC Lenovo ThinkCentre M70q Gen 5 Tiny Core i5-14400T, DDR5 5600, M.2 2280 PCIe®, Wifi 6",https://www.lazada.vn/products/pdp-i3227247112.html,10.990.000 ₫,,
PC MINI INTEL NUC 8/ I5-5259U/ RAM 8G/ SSD256G,https://www.lazada.vn/products/pdp-i3177463679.html,3.850.000 ₫,,
[Bán chạy] Cây máy tính để bàn Dell OptiPlex 7060 Core i5 8500 RAM 16GB Ổ CỨNG SSD 256GB + HDD 500GB Bảo Hành 12 Tháng,https://www.lazada.vn/products/pdp-i2602493304.html,4.264.000 ₫,,
Máy Tính Để Bàn Dell Precision 3420 SFF Core i7 7700 Ram 16GB DDR4 Ổ Cứng SSD 512GB Bảo Hành 12 Tháng,https://www.lazada.vn/products/pdp-i2491201374.html,4.665.000 ₫,,
Máy tính HP Prodesk 400 G4 Desktop Mini PC CPU Intel Gen 8 (i3 8100T/i5 8500T) Wifi Bluetooth Adapter.,https://www.lazada.vn/products/pdp-i2225464140.html,3.421.000 ₫,,
"Máy tính Dell OptiPlex 5260 AIO core i7 gen 8, ram 16gb, ổ ssd 512GB, wifi cho văn phòng",https://www.lazada.vn/products/pdp-i2375413315.html,11.690.000 ₫,,
Máy tính mini HP Elitedesk 800 G3 35W Cpu Intel Core i5 i7 Windows 10/11 Bản Quyền - Bảo hành 12 tháng,https://www.lazada.vn/products/pdp-i2155775971.html,3.018.000 ₫,5.0,8 Đã bán
"Máy tính Dell OptiPlex 5260 AIO core i3 gen 8, ram 8gb, ổ ssd 256GB, wifi cho văn phòng",https://www.lazada.vn/products/pdp-i2375487124.html,8.500.000 ₫,,
[Trả góp 0%]Máy tính Mini PC HP Elitedesk 800 G3 65W DM CPU Intel Gen 6 (i5 6500/i5 6600/i7 6700) Wifi Bluetooth Adapter - Tặng SSD 128/256GB - Vui lòng đọc mô tả.,https://www.lazada.vn/products/pdp-i2253819151.html,2.992.500 ₫,,
PC Mini Intel Nuc5P N3700 4g ssd 120g wifi,https://www.lazada.vn/products/pdp-i1956935784.html,2.300.000 ₫,,
Dell 3050 SFF i3 7100 8G 256G A1,https://www.lazada.vn/products/pdp-i3074291285.html,4.100.000 ₫,,
Bộ máy tính PC Thiết kế đồ Họa Chơi Game Ram 8GB Ổ Cứng SSD Vga HD 7000 series,https://www.lazada.vn/products/pdp-i1991380203.html,1.562.000 ₫,4.0,17 Đã bán
"Cây máy tính đồng bộ DELL CPU Core i5, i3, Ram 8GB, Ổ cứng SSD 240GB, Tặng usb Wifi",https://www.lazada.vn/products/pdp-i2039998648.html,1.300.000 ₫,5.0,23 Đã bán
Bộ máy tính CF-H81 Ram 8GB SSD 120GB Case LED,https://www.lazada.vn/products/pdp-i2075279198.html,2.795.000 ₫,4.0,89 Đã bán
Nguyên bộ máy tính core i5 ram 8gb ssd có card rời chơi game,https://www.lazada.vn/products/pdp-i2465538524.html,2.575.000 ₫,4.0,34 Đã bán
"Cây máy tính để bàn DELL Core i7 , i5 , i3 | Ram 16GB | ổ cứng SSD 1TB.[ TOP SẢN PHẨM BÁN CHẠY ]",https://www.lazada.vn/products/pdp-i200237877.html,2.206.000 ₫,4.0,694 Đã bán
"Bộ máy tính văn phòng, chơi game giá rẻ (Ram 4GB, Card 2gb) tùy cấu hình tặng usb wifi",https://www.lazada.vn/products/pdp-i2332179782.html,1.389.000 ₫,5.0,8 Đã bán
Combo H61 Giga - Asuz kèm I5 2xxx Ram 4G,https://www.lazada.vn/products/pdp-i2221369062.html,490.000 ₫,5.0,19 Đã bán
[HCM]Máy tính để bàn G2030 - Ram 4G,https://www.lazada.vn/products/pdp-i101031173.html,890.000 ₫,4.0,161 Đã bán
Máy tính để bàn chơi game AMD R7 Ram 8GB SSD 120GB bảo hành 12 tháng,https://www.lazada.vn/products/pdp-i2623881707.html,2.099.000 ₫,,
Bộ Máy Tính PC Gaming chuyên Đồ họa Corel cấu hình cao,https://www.lazada.vn/products/pdp-i1994585295.html,2.192.000 ₫,4.0,77 Đã bán
Máy tính đồng bộ HP Core i5 3470 /Ram 8GB / SSD 128GB. Máy like new đẹp 99%. Máy chính hãng.,https://www.lazada.vn/products/pdp-i2124655851.html,2.150.000 ₫,5.0,
"Bộ Máy Tính Đồng Bộ Dell - MH K-Vision 24 inch - Dell Optiplex 7040, CPU Core i7 6700/16Gb/SSD 240G , K- ViSION 24 IPS - BH 12T 🎁Âu Cơ Store🎁 Case PC - Đồng Bộ Dell",https://www.lazada.vn/products/pdp-i2021194841.html,4.900.000 ₫,4.0,93 Đã bán
Cây máy tính đồng bộ acer H110 + i3 6100 + Ram 16Gb +SSD 240Gb,https://www.lazada.vn/products/pdp-i3213036854.html,1.399.000 ₫,,"14 Đã bán
Hà Nội"
Cây Máy Tính Dell Cũ Dell Optiplex 3020/7020/9020 ( I7 4770/4G/120G ) [ThanhBinhPC] Máy Bộ Văn Phòng Giá Rẻ - Bảo Hành 12 Tháng - Tặng USB thu Wifi,https://www.lazada.vn/products/pdp-i1679357248.html,2.890.000 ₫,5.0,67 Đã bán
"Máy Dell đồng bộ Core i5 3470 /Ram 8GB /SSD 128GB. Máy like new đẹp 99%, zin nguyên bản.",https://www.lazada.vn/products/pdp-i2659549657.html,2.450.000 ₫,,
"Bộ máy tính văn phòng, chơi game giá rẻ (Ram 4GB, Card 2gb) tùy cấu hình +Tặng USB wifi",https://www.lazada.vn/products/pdp-i2332290669.html,1.389.000 ₫,5.0,
Bộ máy tính bàn văn phòng Ram 4GB bộ nhớ 250GB bảo hành 3 tháng,https://www.lazada.vn/products/pdp-i2071947006.html,1.178.000 ₫,4.0,48 Đã bán
Bộ máy tính để bàn Nami Core i5 Ram 8GB SSD Có card rời chuyên game,https://www.lazada.vn/products/pdp-i2467477620.html,3.711.000 ₫,5.0,12 Đã bán
Case máy tính đồng bộ Acer H81+core i3 + Ram 4gb/8Gb+SSD120gb/256gb tùy loại,https://www.lazada.vn/products/pdp-i2611204104.html,1.050.000 ₫,4.0,41 Đã bán
Đồng Bộ Dell Optiplex 3010 | 990 Core i3 Ram 8GB SSD 120GB Tặng USB Wifi,https://www.lazada.vn/products/pdp-i2427237655.html,1.100.000 ₫,4.0,86 Đã bán
"Máy tính Đồng Bộ HP 8200 Core i7. core I5 .core I3 , Ram 4GB , SSD 120GB. Tặng kèm usb wifi + Bàn di chuột",https://www.lazada.vn/products/pdp-i2286202070.html,1.200.000 ₫,4.0,19 Đã bán
"Bộ máy tính H61 cũ chiến game, văn phòng,.. cực mượt TẶNG phím + chuột + Usb wifi",https://www.lazada.vn/products/pdp-i2094701728.html,890.000 ₫,,
Compo máy vi tính main chipset H61 CPU i5 3470 RAM 4G văn phòng game nhẹ,https://www.lazada.vn/products/pdp-i2618201331.html,650.000 ₫,,
máy tính 570,https://www.lazada.vn/products/pdp-i2618914554.html,100.000 ₫,,
Máy tính Mini PC HP Prodesk 400 G3 - Intel Gen 6 7 dòng T - BH 12 tháng - Hư gì đổi đó,https://www.lazada.vn/products/pdp-i1946342913.html,1.768.000 ₫,5.0,22 Đã bán
Thùng máy vi tính văn phòng học tập online core 2 8400 ram 4g ssd 120g giá chỉ 750k,https://www.lazada.vn/products/pdp-i2370484562.html,850.000 ₫,4.0,45 Đã bán
Máy vi tính máy bộ hp Nhật Thùng máy bộ Nhật siêu bền hp6200 i5 2400 ram 8g ssd 120g giá 1350k bh 1thang,https://www.lazada.vn/products/pdp-i2445045121.html,1.350.000 ₫,5.0,15 Đã bán
Thùng máy tính bàn - Học tập _ H61- i5 2400S- Ram 8G - SSD 128,https://www.lazada.vn/products/pdp-i2302253307.html,1.250.000 ₫,5.0,12 Đã bán
"Cây máy tính H81 CPU Core I5 4460, Ram 8GB, SSD 240GB Tặng USB wifi",https://www.lazada.vn/products/pdp-i2039994719.html,1.300.000 ₫,5.0,8 Đã bán
"Trọn Bộ Máy Tính Chơi Game Core i5 Ram 8GB Ổ Cứng SSD 128GB, VGA 2GB Chơi Mượt Mọi Game Liên minh, fifa 4, cs...",https://www.lazada.vn/products/pdp-i2523845883.html,2.720.000 ₫,5.0,
Thùng PC Máy bộ Hp 600G3 sff siêu bền Core i3 7100 Ram8g ssd 120gb,https://www.lazada.vn/products/pdp-i3157615943.html,1.679.000 ₫,,
[Giảm Sốc] Máy tính Mini Pc đồng bộ Dell OptiPlex 3070 Micro gen 9 Ram 8G SSD 256G,https://www.lazada.vn/products/pdp-i3185933582.html,1.770.000 ₫,,
Bộ máy tính G41 III thanh lý văn phòng giá rẻ TẶNG PHÍM mini MỚI + CHUỘT,https://www.lazada.vn/products/pdp-i2233568635.html,1.499.000 ₫,,
"Máy Dell đồng bộ Core i7 4770 /Ram 8GB /SSD 128GB. Máy like new đẹp 99%, zin nguyên bản.",https://www.lazada.vn/products/pdp-i2659719174.html,2.950.000 ₫,,
[Trả góp 0%]Máy tính văn phòng Dell 7010 core i3 core i5 Bảo Hành 12 tháng nhập khẩu,https://www.lazada.vn/products/pdp-i1111408924.html,1.350.000 ₫,,
"Cây máy tính HP Core i7,i5,i3 | Ram 8GB | SSD256 chính hãng 6300SFF| ổn định,bền bỉ,nhỏ gọn .Tặng USB thu WIFI",https://www.lazada.vn/products/pdp-i3059441946.html,1.850.000 ₫,,
Máy tính để bàn nhỏ gọn ThinkCentre LENOVO ( Core i7 - 4th / Ram 8Gb / SSd 256GB ) - máy chạy Siêu nhanh - Nhỏ Gọn - Hàng chính hãng,https://www.lazada.vn/products/pdp-i2069790245.html,2.590.000 ₫,,
Nguyên bộ máy vi tính văn phòng-học sinh-sinh viên core i5 650 ram 8g ssd 120g đu dây kết nối bảo hành chu đáo 3 tháng,https://www.lazada.vn/products/pdp-i2576910647.html,1.550.000 ₫,,
BỘ MÁY TÍNH HIỆU NEC i5-8400/ RAM 8G/SSD 256G ( CHƯA BAO GỒM MÀN HÌNH),https://www.lazada.vn/products/pdp-i3108970069.html,2.950.000 ₫,,
Máy tính để bàn DELL Core i7 4770 Optiplex 3020/7020/9020 | Ram 8GB | SSD256GB |Tặng USB WIFI,https://www.lazada.vn/products/pdp-i3059765090.html,2.090.000 ₫,,
"Máy PC Gaming Core i7 6700 / VGA RX580 8G Case ES1 Full Led Chiến Liên Minh, Fifa, Gata5, Pubg,...",https://www.lazada.vn/products/pdp-i2395155532.html,9.900.000 ₫,5.0,
[HCM]Máy tính khủng PC Gaming intel i5 6400 H110 RAM 32GB Hdd 1TB VietNet,https://www.lazada.vn/products/pdp-i130173064.html,19.750.000 ₫,,
PC Gaming cấu hình cao chiến FULL GAME cpu i7 4790 ; RAM 16GB ; VGA RỜI GTX 1060 3GB; ổ cứng SSD 120GB và HDD 500GB. CAM KẾT CHÍNH HÃNG,https://www.lazada.vn/products/pdp-i264644057.html,3.341.000 ₫,5.0,76 Đã bán
"Máy Dell đồng bộ Core i7 4770/Ram 16GB /SSD 128GB/HDD 500GB. Máy like new đẹp 99%, zin nguyên bản.",https://www.lazada.vn/products/pdp-i2659709218.html,3.300.000 ₫,5.0,5 Đã bán
Bộ máy tính văn phòng CPU 4 nhân 4 luồng - SSD 120GB - Ram 4GB,https://www.lazada.vn/products/pdp-i2005042487.html,1.847.000 ₫,5.0,7 Đã bán
"Bộ Máy Tính Để Bàn Chơi Game Core i3 i5 i7 Ram 16GB SSD 128GB+HDD 500GB, Card Màn Hình 730 4GB Tặng Bộ Phím Chuột Game",https://www.lazada.vn/products/pdp-i2522583886.html,4.855.000 ₫,,
"Bộ máy tính chơi game Liên Minh, Pubg, Fifa online 4 Ram 4GB, SSD, Vga HD 7000 series",https://www.lazada.vn/products/pdp-i1988954656.html,2.263.000 ₫,5.0,8 Đã bán
"Máy tính Dell chính hãng Core i7 4770/ Ram 16GB/ SSD 256GB. Máy zin 100%, đẹp 99% nguyên hộp.",https://www.lazada.vn/products/pdp-i2047908526.html,3.200.000 ₫,5.0,14 Đã bán
"Bộ Máy Vi Tính Core i5 Chiến Game Online, Học Tập, Đồ Hoạ Siêu Ngon, Bổ, Rẻ !",https://www.lazada.vn/products/pdp-i2277706597.html,3.300.000 ₫,,
[HCM]Máy tính bàn G2030- Ram 4gb,https://www.lazada.vn/products/pdp-i329946187.html,1.250.000 ₫,5.0,
"Máy tính Workstation Dell Precision 3420 SFF core i3 i5 i7 gen 6, Ram 8GB ổ SSD 256GB - bảo hành 12 tháng lỗi 1 đổi 1",https://www.lazada.vn/products/pdp-i2408221795.html,2.995.000 ₫,,
Bộ máy tính văn phòng CPU Q9400 4 nhân mạnh như i5 - SSD 120GB - Ram 4GB,https://www.lazada.vn/products/pdp-i2005120448.html,820.000 ₫,4.0,7 Đã bán
Thùng mày tính PC CPU HP I3 8gb Ram văn phòng siêu bền,https://www.lazada.vn/products/pdp-i2939126847.html,1.250.000 ₫,,
Thùng máy bộ HP 400G3 SFF đẹp keng : i5 6500/Ram8G/SSD 120g bh 3 tháng chu đáo tại cửa hàng,https://www.lazada.vn/products/pdp-i2855955113.html,2.100.000 ₫,,
Cây máy tính H110 Core I3 | Ram 8GB | SSD 240GB,https://www.lazada.vn/products/pdp-i2427709894.html,1.600.000 ₫,,
Máy tính Mini PC BMAX B1 Mini mới FullBox - Intel N4000 ram 8G 128G SSD có WIFI 5GHz,https://www.lazada.vn/products/pdp-i3101197393.html,2.268.000 ₫,5.0,
"máy Dell đồng bộ văn phòng Core i5 ( 4 nhân, 4 luồng 3,40GHZ)Ram 4GB, Ổ cứng 500GB, mới 99%",https://www.lazada.vn/products/pdp-i2659674157.html,2.040.000 ₫,,
"Máy Dell đồng bộ Core i7 3770 /Ram 8GB /SSD 128GB. Máy like new đẹp 99%, zin nguyên bản.",https://www.lazada.vn/products/pdp-i2659695181.html,2.750.000 ₫,,
Máy tính bộ Mini PC Dell Optiplex 7040 Micro CPU Intel Gen 6 | Wifi/BT/Sạc,https://www.lazada.vn/products/pdp-i2212085385.html,2.425.000 ₫,,"5 Đã bán
Hồ Chí Minh"
"PC LENOVO V530 mạnh mẽ, ngoại hình đẹp, học tập, giải trí mượt, hàng đã sử dụng",https://www.lazada.vn/products/pdp-i3042035723.html,1.625.462 ₫,,
Máy Tính Đồng Bộ Dell Optiplex 3020/7020/9020 [ThanhBinhPC] Bộ Máy Tính Bàn - Bảo Hành 12 Tháng - Tặng USB thu Wifi,https://www.lazada.vn/products/pdp-i1679149461.html,1.250.000 ₫,5.0,133 Đã bán
Máy tính mini PC để bàn Lenovo Thinkcentre M700 / M900 - Đẳng cấp doanh nhân - HÀNG CHÍNH HÃNG,https://www.lazada.vn/products/pdp-i2205595208.html,2.690.000 ₫,5.0,48 Đã bán
"Máy tính Đồng Bộ HP 8100 Core i7. core I5 .core I3 , Ram 4GB , SSD 120GB. Tặng kèm usb wifi + Bàn di chuột",https://www.lazada.vn/products/pdp-i2329189160.html,1.599.000 ₫,,
Bộ máy tính HP Core i5 Ram 4GB SSD 128GB tốc độ cao siêu nhanh _APGaming,https://www.lazada.vn/products/pdp-i2126740487.html,2.383.000 ₫,5.0,16 Đã bán
"Thùng máy tính đồng bộ DELL Vostro 270s i7 3770 / i5 / i3 / G2030, ram 8GB, SSD 240GB tích hợp Wifi, HDMI.",https://www.lazada.vn/products/pdp-i3024557002.html,1.650.000 ₫,,
Bộ máy tính văn phòng chơi game Ram 8GB SSD 128GB Win 10 Siêu mạnh,https://www.lazada.vn/products/pdp-i2485094513.html,1.598.000 ₫,,
"máy Dell đồng bộ văn phòng Core i5, Ram 8GB, Ổ cứng 500GB, mới 99%",https://www.lazada.vn/products/pdp-i2659595437.html,2.200.000 ₫,,
Máy tính đồng bộ HP 8100/8300 pro small form factor i5| 8GB | SSD120GB giá rẻ,https://www.lazada.vn/products/pdp-i2454121025.html,1.350.000 ₫,,
Thùng máy tính bộ ACER Sff nhỏ gọn chipset core i7 2600/ ram 8g / ssd 120g re. Bán giá 1550k bảo hành chu đáo 1thang,https://www.lazada.vn/products/pdp-i2861062521.html,1.550.000 ₫,5.0,
Trọn bộ máy tính văn phòng DELL 3050 Core i5-6500 kèm màn hình 20inch. Bảo hành 12 tháng 1 đổi 1. Tặng kèm USB thu Wifi và miếng lót chuột,https://www.lazada.vn/products/pdp-i3060295462.html,3.295.000 ₫,,
"FULL Bộ Máy Tính Để Bàn Chơi Game core i5 chơi mượt mọi game Liên minh, fifa 4, csgo đồ họa ngon",https://www.lazada.vn/products/pdp-i2523961172.html,2.720.000 ₫,,
Máy Tính Đồng Bộ Dell 🎁Âu Cơ Store🎁 Case PC - Đồng Bộ Dell - Dell Optiplex 3040 (CPU Core i5-6500/ RAM 8 Gb/ SSD 256 GB /Card đồ họa HD Intel® 530 )- Bảo hành 12T,https://www.lazada.vn/products/pdp-i2059510017.html,2.950.000 ₫,5.0,58 Đã bán
Máy tính để bàn DELL Core i7 4770 Optiplex 3020/7020/9020 | Ram 16GB | SSD240 |Tặng USB WIFI,https://www.lazada.vn/products/pdp-i2214006862.html,2.290.000 ₫,5.0,60 Đã bán
Bộ máy tính HP Nhỏ gọn sử dụng cho văn phòng học tập và giải trí Game nhẹ,https://www.lazada.vn/products/pdp-i1111428263.html,1.325.000 ₫,,
"[RẺ NHÂT] Máy Tính Doanh Nhân, Máy tính Đồng Bộ Dell 🎁Âu Cơ Store🎁 Case PC - Đồng Bộ Dell - Dell Optiplex 7040 CPU Core i3 6th/ 16 Gb/ SSD 256 GB - Bảo hành 12T",https://www.lazada.vn/products/pdp-i2045371855.html,2.690.000 ₫,5.0,117 Đã bán
"Máy trạm Dell Precision T1700 SFF Cấu Hình Core i7 4770 Ram 16GB SSD 240GB + HDD 500GB , Tặng USB Thu Wifi Và Bàn Di Chuột, Case Máy Tính Để Bàn, Máy Tính Đồng Bộ Dell, Máy Tính Văn Phòng, Học Tập, Live Stream. Bảo Hành Chính Hãng",https://www.lazada.vn/products/pdp-i1775454926.html,3.088.000 ₫,,
"máy Dell đồng bộ văn phòng Core i5 ( 4 nhân, 4 luồng 3,40GHZ)Ram 4GB, Ổ cứng 500GB, mới 99%",https://www.lazada.vn/products/pdp-i2455686082.html,1.990.000 ₫,,
Máy tính bàn có kết nối internet Wifi win 10 ram 4gb màn hình 17inch tặng kèm bàn phím chuột - giao mẫu ngẫu nhiên,https://www.lazada.vn/products/pdp-i2634429514.html,1.970.000 ₫,,
Nguyên bộ máy vi tính HP 6200 chip core i5 2400 ram 8g ssd 120g + màn hình máy tính 19in wide gia chi 1850k tặng phím chuột bh chu đáo 1thang tại shop,https://www.lazada.vn/products/pdp-i3143033868.html,1.850.000 ₫,,
"[Trả góp 0%]Máy tính PC Game LED CPU G2020 / i7-2600 / Ram 4GB-8GB / SSD 120 - 240GB / VGA 1GB - 2GB chơi PUBG mobile, PUBG lite, LOL, CF đột kích, Fifa, Cs Go, GTA 5 ... + [QÙA TẶNG: Phím chuột Game + bàn di chuột]",https://www.lazada.vn/products/pdp-i1925108129.html,2.887.000 ₫,,
Combo H81 ASUS- i3 4130- ram 8g,https://www.lazada.vn/products/pdp-i2558944447.html,650.000 ₫,4.0,53 Đã bán
Combo main + ram+ chip+ ổ + nguồn ( đủ 1 bộ máy tính),https://www.lazada.vn/products/pdp-i595766958.html,620.000 ₫,4.0,277 Đã bán
Máy Tính PC WK-02 | I5 11400F | 16GB Ram | VGA GTX 1650 / RTX 3050 / RX 6600 Mới BH 36T,https://www.lazada.vn/products/pdp-i1935620076.html,11.600.000 ₫,5.0,164 Đã bán
"GUDGA SSD SATA SATAII 2.5 "" SSD 256GB Internal Solid State Hard Drive Disk TLC HDD For Laptop Desktop Computer",https://www.lazada.vn/products/pdp-i2924853792.html,1.235.954 ₫,2.5,
"Bộ PC Gaming trắng mới, cấu hình cao, phù hợp giải trí Game online, học tập làm việc...",https://www.lazada.vn/products/pdp-i3145851918.html,10.500.000 ₫,,
Máy Tính Bàn Chơi Game Nguyên Bộ Core i5 RAM 8GB SSD 120GB Màn Hình Full HD 22 Inch Phím Chuột LED Giá Rẻ,https://www.lazada.vn/products/pdp-i2949001338.html,4.478.000 ₫,,
Máy tính để bàn Mini PC HP Pro Mini 400 G9 73D16PA (Intel Core i3-12100T| 4 GB DDR4-3200| 256 GB SSD | Intel UHD Graphics 770| Windows 11 Home),https://www.lazada.vn/products/pdp-i2654484377.html,12.550.000 ₫,,
Máy Tính Bàn Chơi Game Nguyên Bộ Core i5 RAM 16GB SSD 240GB Màn Hình Full HD 22 Inch Phím Chuột LED Giá Rẻ,https://www.lazada.vn/products/pdp-i2949008274.html,5.415.000 ₫,,
"Bộ PC Gaming Core i5 RAM 8GB SSD 120GB Card Rời Giá Tốt Chuyên Game Online Liên Minh, FIFA, GTA 5, Đột Kích",https://www.lazada.vn/products/pdp-i2948921122.html,4.479.000 ₫,,
"Full bộ PC ES1 KingDom chiến Game cực mượt (Thùng máy + Màn hình 24"" + Phím chuột + Tai Nghe)",https://www.lazada.vn/products/pdp-i2033360424.html,9.430.000 ₫,5.0,
Máy Dell i7 Dell Optiplex 3020/7020/9020 ( I7 4770/8G/240G) [ThanhBinhPC] Cây Máy Tính Đồng Bộ Dell Core i7 - Bảo Hành 12 Tháng - Tặng USB thu Wifi,https://www.lazada.vn/products/pdp-i1679305434.html,3.050.000 ₫,4.0,50 Đã bán
"Máy bộ Dell OPTILEX 7040 nhỏ gọn, Ram 8G, Window 11",https://www.lazada.vn/products/pdp-i3046229974.html,2.450.000 ₫,,
"Máy tính để bàn Fujitsu Esprimo D556 core i5, ssd tốc độ cao - HÀNG NHẬT CHÍNH HÃNG SIÊU BỀN",https://www.lazada.vn/products/pdp-i3023663916.html,2.225.659 ₫,,
Máy tính All in one 15.6 ci3 - nhỏ gọn - thời trang văn phòng - thanh lý cũ dùng tốt,https://www.lazada.vn/products/pdp-i2341267774.html,2.800.000 ₫,,
"Bộ máy tính G41 thanh lý văn phòng cũ dùng để học tập, văn phòng TẶNG phím + chuột +Tặng USB wifi",https://www.lazada.vn/products/pdp-i984846091.html,1.599.000 ₫,1.0,
[Xả Hàng Tồn] Bộ máy tính chơi game liên minh - đột kích Ram 6GB H81 thế hệ 4,https://www.lazada.vn/products/pdp-i2340476317.html,1.287.000 ₫,4.0,15 Đã bán
"Máy vi tính Nhật Fujitsu all in one màn hình 17 inch tích hợp sáng đẹp gọn ram 4Gb Win 10, Wifi Pc văn phòng học online",https://www.lazada.vn/products/pdp-i2634596306.html,1.799.000 ₫,,
Máy Tính Để Bàn | Máy Tính PC Gaming | Máy Tính Full Bộ Giá Rẻ,https://www.lazada.vn/products/pdp-i1353115562.html,2.670.000 ₫,,
[Trả Góp 0%] Máy tính Mini PC Lenovo Thinkcentre M900 Tiny|| Core i5 6500T || 8/16GB RAM || 128/256/512GB NVMe || Wifi/Bluetooth/Adapter,https://www.lazada.vn/products/pdp-i2154765720.html,2.906.400 ₫,,
Thung máy bộ lenovo văn phòng học tập game nhẹ core i5 4570 ram 8g ssd 120g bảo hành chu đáo 3thang tại shop,https://www.lazada.vn/products/pdp-i2267410842.html,1.650.000 ₫,,
"Trọn bộ máy tính học online, xem phim, đọc báo giá rẻ",https://www.lazada.vn/products/pdp-i2043542442.html,1.400.000 ₫,5.0,
"Bộ máy tính văn phòng G31 giá rẻ dùng học tập, văn phòng cực mượt - Tặng USB wifi",https://www.lazada.vn/products/pdp-i984852006.html,1.699.000 ₫,3.0,26 Đã bán
Máy tính Mini PC Dell Optiplex 3060 Micro Core i3 i5 8100T/8500T | RAM 8GB/16GB | NVMe 128/256/512GB | Wifi/Bluetooth | Bảo hành 3 tháng,https://www.lazada.vn/products/pdp-i2109572764.html,4.039.000 ₫,5.0,13 Đã bán
Bộ máy tính đồng bộ core i5 + Ram 8Gb + SSD 120Gb CŨ giá rẻ chất lượng tốt +Tặng USB wifi,https://www.lazada.vn/products/pdp-i2313670356.html,2.489.000 ₫,,
"MiniPC, Mini PC Intel Thế Hệ 12, GEN 12, Chip N100, N150, NUC NEW 100% RAM UPTO 32G, Ổ Cứng UPTO 2T",https://www.lazada.vn/products/pdp-i2507301784.html,4.990.000 ₫,5.0,13 Đã bán
Compo máy tính chơi game h81 cpu core i5 4570 3.4ghz ram 8g fan ko led đẹp bảo hành chu đáo 1thang,https://www.lazada.vn/products/pdp-i2304801153.html,1.350.000 ₫,5.0,
"Thùng máy tính CPU Core I5 4570 / I3 4130 giá rẻ, Ram 8G, SSD 120G",https://www.lazada.vn/products/pdp-i803826902.html,1.800.000 ₫,5.0,11 Đã bán
PC Core i5 RAM 8GB SSD 120GB Có Card Rời - Máy Tính Gaming Giá Rẻ,https://www.lazada.vn/products/pdp-i2948927152.html,4.479.000 ₫,,
"Barebone Dell 3010 7010 máy chính hãng, zin đẹp 98 99%",https://www.lazada.vn/products/pdp-i1904558133.html,1.650.000 ₫,5.0,
[Trả góp 0%]Case Máy tính đồng bộ Dell Optiplex 7020 SFF CPU intel core i7 4770 Ram 8GB Ổ cứng SSD 240GB HDD 500GB. Tặng Bàn Di Chuột và USB Thu Wifi.,https://www.lazada.vn/products/pdp-i450710463.html,3.527.750 ₫,,
"Máy tính bàn tất cả trong một ( all one) i3 đời 3, ram 4gb, ssd 120gb có sẵn loa và Webcam",https://www.lazada.vn/products/pdp-i1467829284.html,3.700.000 ₫,5.0,
Nguyên bộ máy vi tính văn phòng chơi game nhẹ core i5 4440 ram 8g ssd 120g màn hình 17in bảo hành chu đáo 3 thang tặng phím chuột new bh chu dao 1thang,https://www.lazada.vn/products/pdp-i2271119751.html,2.850.000 ₫,,
Máy tính mini pc HP Elitedesk 800 G2 65W - Core i5 6500 Wifi/BT/Adapter,https://www.lazada.vn/products/pdp-i1932289283.html,2.587.000 ₫,,
Máy tính để bàn chơi game H81 | Core i5 4570 | RAM 16GB | VGA GTX 1050Ti | SSD 120GB + HDD 500GB. Tặng kèm bàn phím chuột G21 chuyên game.,https://www.lazada.vn/products/pdp-i2212065888.html,3.545.000 ₫,5.0,
Nguyên bộ máy vi tính văn phòng chơi game nhẹ core i3 4160 ram 8g ssd 120g + tặng kèm màn hình 17in vuông + tặng phím chuột mới new bảo hành chu đáo 1 tháng,https://www.lazada.vn/products/pdp-i2271870755.html,2.450.000 ₫,,
Cấu hình máy tính văn phòng game nhẹ HP chipset core i5 650 ram 4g ssd 120g + màn hình 17in hp vuông giá chỉ 1250k tron bộ,https://www.lazada.vn/products/pdp-i2457724833.html,1.250.000 ₫,2.0,
Lenovo thinkcentre M72e Core i3 3220T Ram 4GB SSD 128GB giá rẻ,https://www.lazada.vn/products/pdp-i2007767742.html,2.500.000 ₫,,
"Máy tính chơi game core i5 ram 8g ssd 120g vga 8g chơi full các loại game hiện nay, giá cực tốt bh chu đáo",https://www.lazada.vn/products/pdp-i2061014348.html,3.200.000 ₫,,
[HCM]Máy tính để bàn A4-6300K Ram 8GB VGA HD 7480D Onboard 4GB HDD 250GB,https://www.lazada.vn/products/pdp-i380528450.html,3.100.000 ₫,,
Tấm Dán Màn Hình Chống Nhìn Trộm Cho PC/Desktop/Máy Tính Bàn Bảo Mật Chống Trày Cao Cấp 18/19/20/24/27 inch Dễ Lắp Đặt,https://www.lazada.vn/products/pdp-i2428657195.html,1.152.465 ₫,5.0,17 Đã bán
2.5-inch HDD công tắc điện Sata chuyển đổi cho PC cho máy tính để bàn nhà,https://www.lazada.vn/products/pdp-i3085943636.html,440.000 ₫,2.5,
-M28W ATX Power Board Computer Supply Adapter Module 24Pin 5A USB Interface for Desktop Computer PC with Case,https://www.lazada.vn/products/pdp-i3170777904.html,79.000 ₫,,
CHUWI | Máy Tính Để Bàn Mini Cao Cấp AMD Ryzen 5 6600H Truy Rọi Tia,https://www.lazada.vn/products/pdp-i3197039998.html,13.586.000 ₫,,
CPU Intel Core i7-2600S K7-2600K K7-2700K I7-3770 i7-3770S i7-3770T 3.1GHz 22nm 65W Quad-Core Desktop Computer Hardware,https://www.lazada.vn/products/pdp-i3138785664.html,1.215.000 ₫,,
ACEMAGIC | Máy Tính Mini Doanh Nghiệp Hiệu Suất Cao Intel Core i9-13900HK Thế Hệ 13,https://www.lazada.vn/products/pdp-i3195307840.html,12.893.000 ₫,4.0,
Jonsbo N4 NAS Máy tính để bàn Chassis ITX / M-ATX trường hợp máy tính 8 ổ cứng vị trí hỗ trợ 230mm Card đồ họa SFX mũi dao điện PC trường hợp vỏ máy tính để bàn,https://www.lazada.vn/products/pdp-i2593317321.html,2.382.183 ₫,5.0,25 Đã bán
Loa Di Động Bluetooth Philips SPA5109 RGB Ambient Light Wired Gaming Computer Speakers Colorful Desktop Notebook,https://www.lazada.vn/products/pdp-i3233920007.html,862.000 ₫,,
"Portable 500GB-16TB External Hard Drive, Slim External Hard Drive, Computer Backup Small Disk USB 3.1/Type-C for PC, Mac, Desktop, Laptop",https://www.lazada.vn/products/pdp-i1987978998.html,207.496 ₫,4.0,922 Đã bán
Máy vi tính văn phòng học tập văn phòng game nhẹ i3 2100 ram 6g màn hình 19in 1366x768 tặng phím chuột,https://www.lazada.vn/products/pdp-i1741949710.html,2.950.000 ₫,,
[Trả Góp 0%] Mini PC HP Elitedesk 800 G2 35W || CPU i5 6500T/6600T || 8/16GB RAM || 128/256/512GB NVMe || Wifi/Bluetooth,https://www.lazada.vn/products/pdp-i2153723765.html,3.550.000 ₫,,
Máy tính để bàn chơi game Fifa online 4 AMD R7 Ram 8GB SSD 120GB,https://www.lazada.vn/products/pdp-i2624909341.html,2.099.000 ₫,5.0,
[Trả Góp 0%] Mini PC Dell Optiplex 3060 Micro || i3 8100T || 8/16GB RAM || 128/256/512GB NVMe || Wifi/BT/Adapter,https://www.lazada.vn/products/pdp-i2154972872.html,3.895.000 ₫,,
"Bộ Máy Tính Để Bàn Chơi Game Core i5 12400F Ram 16GB Ổ Cứng SSD 256GB, VGA 1060 3GB DDR5 + Màn hình 24 inch K-Vision Cong Full Viền 75Hz/IPS/VGA/HDMI Tặng Kèm Bàn Phím Chuột Game Led",https://www.lazada.vn/products/pdp-i2408519597.html,8.260.000 ₫,,
Máy Tính Đồng Bộ Dell 💟ThanhBinhPC💟 Dell Optiplex 3050/5050 SFF ( CPU Pentium G4400-RAM 8GB-SSD 120GB ) - Bảo Hành 12 Tháng.,https://www.lazada.vn/products/pdp-i2042908668.html,2.095.000 ₫,5.0,
"Máy Tính Đồng Bộ Dell 💟ThanhBinhPC💟 Máy Tính Để Bàn - Dell Optiplex 3050/5050 SFF ( Core i3, i5, i7 ) - Bảo Hành 12 Tháng.",https://www.lazada.vn/products/pdp-i2042993893.html,2.970.000 ₫,,"5 Đã bán
Hà Nội"
Nguyên bộ máy vi tính văn phòng chơi game nhẹ core i3 ram 4g ssd 90g màn hình 17in bảo hành chu đáo 1thang tặng phím chuột,https://www.lazada.vn/products/pdp-i2252534339.html,1.940.000 ₫,,
"Dell Optiplex 3020 I3 4150, 4G, SSD 120G BH 3 THÁNG",https://www.lazada.vn/products/pdp-i1760134976.html,1.700.000 ₫,5.0,
"Bộ PC Gaming Xenon 12 nhân 24 luồng /Ram 16G/VGA 4G / chơi mượt tất cả các Game online, đồ họa ,Corel...",https://www.lazada.vn/products/pdp-i2374825592.html,6.000.000 ₫,,
"Bộ máy tính để bàn PC Gaming + Màn hình 22inch FULL viền cấu hình core i7, i5, ram 8GB SSD 120GB Card VGA 2GB chiến game PUBG mobile, PUBG lite, LOL, CF đột kích, Fifa, Cs + Quà Tặng bàn phím chuột chuyên Game LED",https://www.lazada.vn/products/pdp-i1525904868.html,6.862.000 ₫,,
"Bộ máy tính để bàn PC Gaming + Màn hình 22inch FULL viền cấu hình core i7, i5, ram 4GB SSD 120GB Card VGA 2GB chiến game PUBG mobile, PUBG lite, LOL, CF đột kích, Fifa, Cs + Quà Tặng bàn phím chuột chuyên Game LED",https://www.lazada.vn/products/pdp-i1525955300.html,7.056.000 ₫,,
Máy tính để bàn All in one Asus v230ic.cpu i7 6700t.ram 8.ssd 256g,https://www.lazada.vn/products/pdp-i3060256171.html,8.550.000 ₫,,
Intel I3 4130 4150 4160 4170 CPU I5 4430 4460 4570 4590 22nm Desktop Processor Skylake New Original Chip Computer Hardware,https://www.lazada.vn/products/pdp-i2412128456.html,121.000 ₫,4.0,
Combo H61 - I3 2xxx- Ram 8g,https://www.lazada.vn/products/pdp-i2542728088.html,420.000 ₫,4.0,24 Đã bán
"Combo main h61, ram , chip core i, ổ, nguồn ( full 1 bộ, sẵn win)",https://www.lazada.vn/products/pdp-i653618004.html,700.000 ₫,4.0,86 Đã bán
MÁY TÍNH RUNZON RZ 817 FULL BOX,https://www.lazada.vn/products/pdp-i2418439047.html,131.000 ₫,,
Intel I3 4130 4150 4160 4170 CPU I5 4430 4460 4570 4590 22nm Desktop Processor Skylake New Original Chip Computer Hardware,https://www.lazada.vn/products/pdp-i2524350738.html,121.000 ₫,5.0,
"Bộ nhớ RAM Casper DDR4 PC Gaming Desktop 16GB 32GB 64GB 2666/3200MHz với tản nhiệt Màu trắng/đen, Bộ kênh đôi (Dual Channel Kit)",https://www.lazada.vn/products/pdp-i2922154767.html,360.000 ₫,,
"ACEMAGIC | Máy Tính Để Bàn Mini AI Cao Cấp Cho Văn Phòng, Trò Chơi, Gia Đình",https://www.lazada.vn/products/pdp-i3183946244.html,11.614.000 ₫,4.0,
"Cây nước nóng lạnh mini FUJIHOME WD03E, bình lọc tủ máy lọc nước nóng lạnh để bàn uống an toàn",https://www.lazada.vn/products/pdp-i3149155515.html,997.000 ₫,,
Giảm Giá Intel OPAK 16GB M.2 PCIE NVM Accelerate Memory SSD Laptop Desktop New Intel Solid State Drive 16GB M.2 22x80x2mm,https://www.lazada.vn/products/pdp-i2425864075.html,83.000 ₫,4.0,
Intel G1820 3260 I3 4130 4170 I5 4460 4590 E3-1230V3 CPU Bộ Vi Xử Lý Intel Core I3 I5 I7 Desktop LGA 1150 22nm 2MB,https://www.lazada.vn/products/pdp-i2524375522.html,66.000 ₫,5.0,146 Đã bán
"Vi xử lý (CPU) Core i5 6500 , socket 1151 , Dùng cho máy tính bàn, Hàng chính hãng - Tặng keo tản nhiệt",https://www.lazada.vn/products/pdp-i1991788421.html,1.290.000 ₫,,
H61 GiGa/ Asuz -I3 3220- kèm fan,https://www.lazada.vn/products/pdp-i2368338415.html,320.000 ₫,4.0,8 Đã bán
Intel Xeon E5-2697V2 6-Core 2.9GHz 3MB L3 Cache 512KB L2 Cache Intel LGA2011 Interface Desktop CPU TDP 130W,https://www.lazada.vn/products/pdp-i2413843896.html,456.000 ₫,4.0,286 Đã bán
"PC MINI LENOVO M72, NHỎ GỌN, TIỆN DI CHUUYỂN",https://www.lazada.vn/products/pdp-i3168226928.html,1.750.000 ₫,,
DX01 Thin Mini ITX Desktop Computer Chassis Replacement Thin Half Height Computer Chassis Portable Desktop Computer Case,https://www.lazada.vn/products/pdp-i3226144776.html,560.000 ₫,,
GUDGA MSATA SSD SATA 128gb 256gb 512gb Mini SATAIII Internal Solid State Hard Drive Disk for Desktop Laptop Computer,https://www.lazada.vn/products/pdp-i2916607472.html,1.117.205 ₫,5.0,14 Đã bán
Mini PC Asus NUC 14 ROG RNUC14SRKU9189A0I | Ultra 9 185H | DDR5 5600Mhz | NVMe SSD | Wifi 6E | Bluetooth 5.3,https://www.lazada.vn/products/pdp-i3146934328.html,57.900.000 ₫,,
Segotep Xingguo Zhaoling3 Mini Computer Case Glass Side Transparent White Compact Tower Desktop Computer Case Matx,https://www.lazada.vn/products/pdp-i2615226914.html,1.198.000 ₫,,"186 Đã bán
Hong Kong"
"Mini PC HP Pro Mini 400 G9 i5-14500T Gen14, RAM DDR5, SSD NVMe, hiệu năng chuẩn văn phòng",https://www.lazada.vn/products/pdp-i3227015324.html,10.990.000 ₫,,
"BỘ MÁY TÍNH ĐỂ BÀN CHƠI GAME LMHT, VĂN PHÒNG, GAMING - VI TINH NPC",https://www.lazada.vn/products/pdp-i857408665.html,1.180.000 ₫,4.0,26 Đã bán
"Mini PC ASUS INTEL NUC 13 PRO Desk Edition /I5-1340P /2x DDR4-3200/ 3xNVMe,M2 Sata/2 x HDMI 2.1 /WIFI 6E / Bluetooth 5.3 / Bạc - Hàng Chính Hãng",https://www.lazada.vn/products/pdp-i2655310545.html,15.600.000 ₫,2.1,
"Thùng máy vi tính bàn đầy đủ phụ kiện Ram 4Gb sử dụng văn phòng làm việc, học tập",https://www.lazada.vn/products/pdp-i2634712008.html,970.000 ₫,,
"Trọn bộ máy tính học online, xem phim, đọc báo giá rẻ, case máy tính",https://www.lazada.vn/products/pdp-i1799547539.html,1.400.000 ₫,4.0,24 Đã bán
CPU Intel I9 12900ES QXJEQXQ3 QXLB I7QXQ4 I5QXDY QYGC QXW5 Beta Test Version LGA 1700 65W Desktop Processor 10 Nano,https://www.lazada.vn/products/pdp-i2838101178.html,2.634.000 ₫,3.0,423 Đã bán
"Case Máy Tính Để Bàn, Máy Tính Văn Phòng HP ProDesk 400G3 Cấu Hình Core i7 6700 Ram 4GB SSD 240GB + HDD 500GB, Máy Tính Đồng Bộ, Bộ Máy Tính Cho Văn Phòng, Học Tập, Live Stream Tặng USB thu Wifi và bàn di chuột, Bảo hành 12 tháng",https://www.lazada.vn/products/pdp-i1742963536.html,3.983.000 ₫,5.0,
"ACEMAGIC | Máy Tính Mini Intel Core i9-13900HK Thế Hệ 13 Siêu Yên Tĩnh, Treo Tường Được",https://www.lazada.vn/products/pdp-i3186190313.html,12.037.000 ₫,4.0,
Máy tính Mini PC chuyên dụng làm Proxy - intel N150 4 cổng LAN tản nhiệt không quạt,https://www.lazada.vn/products/pdp-i3210048365.html,3.198.000 ₫,,
CASE máy tính để bàn DELL OPTIPLEX core i7 6700 - i5 - i3 | RAM DDR4 16GB | SSD 512GB. Hàng Nhập Khẩu - Bảo hành 12 tháng lỗi 1 đổi 1.Quà Tặng xịn sò,https://www.lazada.vn/products/pdp-i200237883.html,2.486.000 ₫,4.0,300 Đã bán
"Compo máy vi tính chơi game, văn phòng core i3 6100 ram 8g ddr4 fan led main h110 msi giá 1350k bảo hành chu đáo 1thang tại shop",https://www.lazada.vn/products/pdp-i2272654960.html,1.350.000 ₫,5.0,10 Đã bán
PC Intel NUC6CAY J3455 4g 120g wifi,https://www.lazada.vn/products/pdp-i2502933296.html,2.000.000 ₫,,
"Cay loc nuoc nong lanh, Cây nước nóng lạnh mini Huastar làm nước nóng lạnh cực nhanh ⭐ tiết kiệm điện, dễ dàng sử dụng, vô cùng tiện ích bán tại VINEMART SG",https://www.lazada.vn/products/pdp-i2381214234.html,939.000 ₫,,
"Mini PC ASUS NUC 14 Essential Intel N150 N355, Tiết Kiệm Điện, Wi-Fi 6E, 3 Màn 4K, Bảo Hành 3 Năm",https://www.lazada.vn/products/pdp-i3197433170.html,4.690.000 ₫,5.0,
"Combo main h61. chip i5, ram. ổ, nguồn",https://www.lazada.vn/products/pdp-i1532053113.html,2.500.000 ₫,,
"PC Mini Intel NUC 7 J4025 Ram 8g DDR4 , SSD 120G",https://www.lazada.vn/products/pdp-i2171410271.html,2.800.000 ₫,1.0,
Máy lọc nước RO để bàn PHILIPS ADD6901 - Công Nghệ Aquaporin Inside®,https://www.lazada.vn/products/pdp-i2625170328.html,9.488.000 ₫,5.0,
"[Hàng Chính Hãng] Máy Lọc Nước RO để bàn NÓNG-LẠNH Philips ADD6912, Trải Nghiệm Công Nghệ Lọc RO-Aquaporin Inside®",https://www.lazada.vn/products/pdp-i2636435384.html,17.663.000 ₫,5.0,
[Trả góp 0%] - [HÀNG CHÍNH HÃNG] Máy Lọc Nước Để Bàn RO Philips ADD6910,https://www.lazada.vn/products/pdp-i602072169.html,10.490.000 ₫,4.0,24 Đã bán
[HCM][Trả góp 0%]PC chơi game A8 7600k 3.8Ghz/ Ram 8G/ Vga 4G/ Hdd 250G/ Case nguồn như hình,https://www.lazada.vn/products/pdp-i380566138.html,3.150.000 ₫,,
Mini PC ASUS INTEL NUC 12 Enthusiast/Intel® Core™ i7-12700H Processor/ 2xDDR4-3200 1.2V SO-DIMM/3xNVMe/2x Thunderbolt™ 4 | HDMI (4K60) | 2x DP 1.4 Cert - Hàng Chính Hãng,https://www.lazada.vn/products/pdp-i2655723594.html,27.990.000 ₫,1.4,
"PC Mini Asus NUC 14 Essential NUC14MNK1500000 (Intel Processor N150, Intel® Graphics, Wi-Fi 6E AX211, Bluetooth 5.3)",https://www.lazada.vn/products/pdp-i3028790597.html,4.790.000 ₫,,
DX01 Thin Mini ITX Desktop Computer Chassis Spare Parts Thin Half Height Computer Chassis Portable Desktop Computer Case,https://www.lazada.vn/products/pdp-i2929463055.html,320.636 ₫,,
"Máy Lọc Nước RO Để Bàn NÓNG-LẠNH PHILIPS ADD6912, Công nghệ lọc Aquaporin Inside® HÀNG CHÍNH HÃNG",https://www.lazada.vn/products/pdp-i2916353892.html,17.663.000 ₫,,
Mini Computer Case Aluminum Alloy ITX Motherboard External DC Adapter HTPC Desktop Industrial Control Computer Case,https://www.lazada.vn/products/pdp-i3221409242.html,1.401.000 ₫,,
Trạm nối Acasis 21-in-1Thunderbolt Trạm nối máy tính để bàn USB4.0 Trình chiếu HDMI 8K Máy trạm Thunderbolt Máy tính xách tay 21 trong 1 Apple màn hình vi sai ba màn hình Máy tính cổng mạng 2.5G DS-9007,https://www.lazada.vn/products/pdp-i2707913851.html,4.880.700 ₫,5.0,35 Đã bán
High Speed NAS Xi - ... HDD 1TB 2TB 3TB 4TB 6TB SATA3.0 Desktop Mechanical Hard Disk,https://www.lazada.vn/products/pdp-i2739417108.html,919.734 ₫,,
"Bộ Mini PC ASUS Intel NUC12 PRO Tall NUC12WSHI3 / NUC12WSHI7 (2xDDR4-3200 / 3xNVMe, SATA/ 2x HDMI 2.1/2x DP 1.4a )",https://www.lazada.vn/products/pdp-i3057162267.html,13.664.000 ₫,2.1,
(HPKF) USB Adapter Connector PC Internal Motherboard 9Pin to USB2.0 Type A Female Converter for Desktop Computer,https://www.lazada.vn/products/pdp-i2857196939.html,25.800 ₫,5.0,
"Mini PC AMD UM690 Lite, MinisForum, venus series, AMD Ryzen 9 6900HX, NUC miniforum máy tính văn phòng, đồ họa, game",https://www.lazada.vn/products/pdp-i2509523414.html,15.507.000 ₫,5.0,
Mini Handheld Mini ITX Chassis Ultra Small Main Box Small 1U Power Computer Desktop Case Wind Cooling Steel New Other,https://www.lazada.vn/products/pdp-i2528960330.html,481.000 ₫,5.0,645 Đã bán
Mini PC Workstation Server Minisforum MS01 SFP+ 10Gbps RTX A2000 MS-01 băng thông 10GB Máy trạm / chủ,https://www.lazada.vn/products/pdp-i3201991560.html,13.890.000 ₫,,
MINI PC ASUS INTEL NUC 11 Essential/ Celeron® N5105/ 2xDDR4-2933/1xNVMe/ 1x DP/ 1xHDMI/ BNUC11ATKC40000/ 90AB1ATK-MB3100 - Hàng Chính Hãng,https://www.lazada.vn/products/pdp-i2655699807.html,5.040.000 ₫,,
Máy tính bộ ROSA OFFICE (Ryzen 5 Pro 4650G/ Ryzen 3 Pro 4350G/ Ryzen 3 3200G ) B450/8G/256G + Tặng Windows 11 Pro,https://www.lazada.vn/products/pdp-i3057196305.html,6.295.000 ₫,,
"[FREESHIPMAX] Ram ddr4 cho laptop và desktop all one, ram 16gb ddr4, 8gb ddr4, 4gb ddr4_BKcomputer",https://www.lazada.vn/products/pdp-i2061284611.html,650.000 ₫,,
"KS Máy tính để bàn KS, màn hình nâng cao, máy tính để bàn văn phòng, kệ lưu trữ, đế nâng, giá đỡ, kệ nâng",https://www.lazada.vn/products/pdp-i2551816895.html,245.700 ₫,5.0,171 Đã bán
Alverina Anime Rabbit Bé Gái Statue Shy Standing Bé Gái Desktop Decoration Computer Case Model Collectible PVC Doll GK Series,https://www.lazada.vn/products/pdp-i3215602301.html,301.000 ₫,,"12 Đã bán
China"
Intel Xeon E5 2696V3 CPU 2.3GHz 22nm LGA2011-V3 20-Core 140W Desktop Computer Processor Chip Intel Xeon E5-2686V4 E5-2676V4,https://www.lazada.vn/products/pdp-i3149165926.html,551.000 ₫,,"48 Đã bán
China"
AM3/AM3+ Mainboard FM1/FM2 FM2+ Graphics Card 938 Pins 905 904 906DDR3 Standard Desktop Computer AMD CPU Interface A68H,https://www.lazada.vn/products/pdp-i2429947933.html,202.000 ₫,,"144 Đã bán
Hong Kong"
【XZsunflower 】3Pcs Adjustable Desk Edge Hooks Punch-Free Household School Office Desktop Edge Bag Hanging Metal Hook Student Backpack Earphone Storage Hook,https://www.lazada.vn/products/pdp-i2678083488.html,31.428 ₫,5.0,15 Đã bán
Chủ Đề Mini Compact Computer Case Handheld ITX Motherboard DIY Shell Desktop Computer Miniature Host Box New Condition,https://www.lazada.vn/products/pdp-i3221398398.html,739.000 ₫,,"44 Đã bán
China"
Intel I7-4790 CPU 3.6GHz 4-Core LGA 1150 4MB L3 Cache 8MB L2 Cache 35W TDP Desktop Computer Hardware Display Computer Peripherals,https://www.lazada.vn/products/pdp-i3138722634.html,1.703.000 ₫,,
New Desktop Microphone Holder Adjustable Mic Cantilever Stand Suspension Boom Scissor Arm for Live Streaming,https://www.lazada.vn/products/pdp-i3157193952.html,418.061 ₫,5.0,5 Đã bán
Chuột không dây BOW universal 1200dpi cho laptop và desktop,https://www.lazada.vn/products/pdp-i3178634793.html,113.000 ₫,4.0,
"Hagibis | Ổ Cứng Mở Rộng M.2 Type-C Thunderbolt 4/3 cho MacBook Pro, Desktop, Mac Mini",https://www.lazada.vn/products/pdp-i3194382948.html,2.867.000 ₫,4.0,
HuaWei Mini PC Windows XP Mini Computer Windows 7 Mini Desktop Mini Laptop Mini CPU Linux Server,https://www.lazada.vn/products/pdp-i2395033134.html,522.511 ₫,5.0,19 Đã bán
HP T620 Mini PC Windows XP Mini Computer Windows 7 Mini Desktop Mini Laptop Mini CPU Linux Server,https://www.lazada.vn/products/pdp-i3000362515.html,999.998 ₫,5.0,
Hamrol 3.5 inch Desktop HDD 6TB/4TB/2TB/1TB Internal HDD PC CCTV,https://www.lazada.vn/products/pdp-i2751337830.html,1.666.697 ₫,3.5,
G.SKILL 16GB DDR4 2400 2666 2133 Desktop Computer Memory Stick Single Channel Desktop Memory Stick New Condition,https://www.lazada.vn/products/pdp-i2528931477.html,1.118.000 ₫,,"25 Đã bán
Hong Kong"
Bộ chia cáp USB READ USB Hub 4 Ports USB 3.0 Hub Splitter High Speed Multi Splitter USB Adapter Expander Cable For Desktop PC Mac Laptop Notebook,https://www.lazada.vn/products/pdp-i2080863537.html,36.432 ₫,5.0,91 Đã bán
Intel G4930 3900 3930 4400 4560 5400 4900 5420 5500 CPU Mới 6 Nhân 2MB L2 Cache 4MB L3 Cache 2.9GHz 14nm Desktop TDP 65W,https://www.lazada.vn/products/pdp-i2969335895.html,67.230 ₫,5.0,
Russian Keyboard Stickers for Laptops Pc Any Computer Desktop / Miếng dán bàn phím tiếng Nga thích hợp các loại máy tính,https://www.lazada.vn/products/pdp-i2211122077.html,16.950 ₫,4.0,440 Đã bán
"Bộ thu tín hiệu mạng WiFi 6 286Mbps, Thẻ mạng không dây 2.4G, Bộ chuyển đổi Wi-Fi USB mini, LAN Dongle cho PC Desktop Không cần trình điều khiển",https://www.lazada.vn/products/pdp-i3014400663.html,65.000 ₫,5.0,44 Đã bán
【High-quality】 ITX Computer Case MX02 Gamer Cabinet Mini Desktop Case C04 Industrial Control HTPC Case Server Case,https://www.lazada.vn/products/pdp-i3108257142.html,714.278 ₫,5.0,
Russian Keyboard Stickers for Laptops Pc Any Computer Desktop / Miếng dán bàn phím tiếng Nga thích hợp các loại máy tính,https://www.lazada.vn/products/pdp-i2623333106.html,17.500 ₫,5.0,290 Đã bán
Công tắc chia sẻ UGREEN USB3.0 5Gbps Shared Switcher 2 in 7 out Includes DC power supply + desktop control + USB 3.2 Gen1 OTG adapter for keyboard Mouse Harddisk Printer U Disk Webcam Model:75086,https://www.lazada.vn/products/pdp-i3177498742.html,2.057.800 ₫,3.2,
Intel G4930 3900 3930 4400 4560 5400 4900 5420 5500 CPU Mới 6 Nhân 2MB L2 Cache 4MB L3 Cache 2.9GHz 14nm Desktop TDP 65W,https://www.lazada.vn/products/pdp-i2744352398.html,67.230 ₫,5.0,
"Chân kẹp Microphone MK02 Vip kẹp mic thu âm, livestream, hát karaoke để bàn loại cao cấp",https://www.lazada.vn/products/pdp-i3150503879.html,100.000 ₫,,
Desk Extension Board Computer Desktop Extension Board No Punching Extension Extended Board Keyboard Bracket Widening Folding Bracket,https://www.lazada.vn/products/pdp-i2396915823.html,268.960 ₫,5.0,5 Đã bán
Bộ chia cáp USB High Speed 4 Port USB 3.0 Multi Hub Splitter Expansion Desktop PC Laptop Adapter,https://www.lazada.vn/products/pdp-i2080957110.html,21.367 ₫,4.0,53 Đã bán
MERCURY Mercury UX18H Wi-Fi 6 USB Wireless Network Adapter Card Dual-Band USB 3.0 Network Card for Desktop Computers,https://www.lazada.vn/products/pdp-i2834684368.html,224.000 ₫,3.0,
"💖FREE Shipping+COD💖 TWS Speaker,Wireless Speaker, OPPO Mini Speaker, Bluetooth Speaker, Outdoor Speaker",https://www.lazada.vn/products/pdp-i2481617695.html,100.300 ₫,4.0,219 Đã bán
Máy tính để bàn hộp lưu trữ dễ thương nhựa ngăn kéo Máy tính để bàn hộp lưu trữ Hộp Mỹ phẩm dung tích lớn cho văn phòng nhà,https://www.lazada.vn/products/pdp-i3162159734.html,106.000 ₫,4.0,11 Đã bán
[beauty] 300Mbps Mini USB Wireless Wifi Adapter Wi fi Network LAN Card 802.11b g n RTL8188 Adaptor Network Card for PC Desktop Computer,https://www.lazada.vn/products/pdp-i3107765787.html,41.717 ₫,5.0,21 Đã bán
"Cây nước nóng lạnh mini nhập khẩu FUJIHOME WD03E, máy nước uống nóng lạnh bình lọc, tự động ngắt tiết kiệm điện",https://www.lazada.vn/products/pdp-i2383225519.html,1.102.000 ₫,5.0,33 Đã bán
"Cây nước nóng lạnh để bàn Nhập Khẩu Fujie WD01E, bình lọc máy lọc nước nóng lạnh mini uống",https://www.lazada.vn/products/pdp-i3149222020.html,997.000 ₫,,
Bộ nhớ RAM Casper DDR5 16GB 32GB 4800/5200/5600/6000MHz cho Desktop PC,https://www.lazada.vn/products/pdp-i2836248048.html,960.000 ₫,,
Russian Letters Keyboard Sticker for Notebook Laptop Desktop PC Keyboard Covers Russia Sticker,https://www.lazada.vn/products/pdp-i3151595670.html,25.800 ₫,,
"SSD SATA 60gb / 120gb / 128gb / 256gb / 240gb / 250gb .2.5inch dùng cho Laptop,.. PC,...Desktop",https://www.lazada.vn/products/pdp-i3152818823.html,220.000 ₫,5.0,20 Đã bán
"Card Wifi 6/ Bluetooth 5.4 Model: AX918B Dành Cho PC/ Desktop/ Máy Tính Bàn 2 Râu, Siêu Tốc Độ 900Mbps",https://www.lazada.vn/products/pdp-i3151239642.html,169.000 ₫,,
"Bộ nhớ RAM Casper DDR5 PC Gaming Desktop 16GB 32GB 64GB 5200/5600/6000MHz với tản nhiệt Màu trắng/đen, Bộ kênh đôi (Dual Channel Kit)",https://www.lazada.vn/products/pdp-i2945281994.html,1.000.000 ₫,,
"Cây Nước Nóng Lạnh Mini KAW Làm Nước Nóng Lạnh, Sử Dụng Trong Gia Đình, Công Ty, Tiết Kiệm Điện",https://www.lazada.vn/products/pdp-i2275319784.html,945.000 ₫,5.0,132 Đã bán
M.2 Để Bộ chuyển đổi SATA Nhẹ Thuận Tiện Ngff M.2 Để SATA Thực Tế Cắm Và Chơi Cho Máy tính để bàn,https://www.lazada.vn/products/pdp-i3005434188.html,112.000 ₫,5.0,
"XMDS💖 Máy tính để bàn Màn hình cao kệ, máy tính để bàn kệ lưu trữ, kệ sách bàn, Màn hình máy tính xách tay đứng",https://www.lazada.vn/products/pdp-i2428938930.html,180.000 ₫,5.0,23 Đã bán
GUDGA Memory Ram DDR4 8GB/16GB/32GB 2666 3200 3600 4000mhz 1.2V/1.35V 288Pin DIMM For Desktop Computer,https://www.lazada.vn/products/pdp-i3085374347.html,5.016.240 ₫,5.0,23 Đã bán
Shiny Snake S300 Mini-ITX Portable Desktop Computer Case Handheld Mini Computer Main Box Aluminum Material Cooling Method,https://www.lazada.vn/products/pdp-i3221377623.html,1.831.000 ₫,,"30 Đã bán
China"
Green Union S6 GaN 20W Fast Charge Multi-Function Portable Mini Desktop Charging Station for Apple 15 Phone Tablet iPad,https://www.lazada.vn/products/pdp-i2997419245.html,248.000 ₫,5.0,9 Đã bán
Microlab M100 Speaker Bluetooth 2.1 Subwoofer Desktop Computer Laptop Sound Box Wood Material for Home Use,https://www.lazada.vn/products/pdp-i2839946302.html,962.000 ₫,2.1,"542 Đã bán
Hong Kong"
Acrylic Display Stand with Solar Light Easy to Use Automatic Rotating Platform for Living Room Desktop Decoration TF-Uss-VN,https://www.lazada.vn/products/pdp-i3005314606.html,72.000 ₫,,
SATA chuyển đổi SATA ổ đĩa chuyển đổi nhựa + kim loại HDD công tắc điện cho máy tính để bàn nhà cho PC,https://www.lazada.vn/products/pdp-i3139180573.html,445.000 ₫,,
YEYA Hộp lưu trữ sách trong suốt dung lượng lớn cho bàn làm việc tại nhà và văn phòng,https://www.lazada.vn/products/pdp-i3140912636.html,164.000 ₫,5.0,38 Đã bán
AMD Athlon II X4 CPU Socket FM2 32nm 4-Core 2.8GHz 4MB L2 Cache Desktop Computer Processor New Unboxed 65W TDP,https://www.lazada.vn/products/pdp-i2524402258.html,83.000 ₫,5.0,732 Đã bán
"Cây nước nóng lạnh để bàn nhập khẩu mini Fujihome WD03E, máy nước uống nóng lanh tự động ngắt, tiết kiệm điện",https://www.lazada.vn/products/pdp-i2367524310.html,961.000 ₫,4.0,39 Đã bán
Ram Laptop Crucial 16GB DDR5-4800 SODIMM,https://www.lazada.vn/products/pdp-i2580761366.html,2.190.000 ₫,5.0,10 Đã bán
GUDGA Hard Drives SSD hdd 2.5 SATA3 SSD 120gb 240gb 480gb 128GB 256G 1TB 2TB Internal Solid State for Laptop Hard Disk Desktop,https://www.lazada.vn/products/pdp-i2873728151.html,1.093.455 ₫,5.0,18 Đã bán
"🔹 Cây Nước Nóng Lạnh Mini Để Bàn FujiE WD579E – Nhỏ Gọn, Tiện Lợi, Đa Năng Cho Mọi Không Gian",https://www.lazada.vn/products/pdp-i3123192301.html,1.035.500 ₫,,
[NC] Desktop DAC/AMP Kiêm Dongle DAC/AMP FOSI SK02 | Âm Ly Để Bàn | Desk Amplifier | Dongle DAC,https://www.lazada.vn/products/pdp-i2628723947.html,2.385.000 ₫,5.0,
"UGREEN 100W GAN Charger Desktop Power Strip Smart Socket Sạc nhanh Bộ chuyển đổi AC DC 7 trong 1 Bộ sạc nhanh cho điện thoại di động, máy tính xách tay Model：60167",https://www.lazada.vn/products/pdp-i1942229439.html,3.136.400 ₫,5.0,6 Đã bán
SATA chuyển đổi 2.5-inch HDD công tắc điện cho PC cho máy tính để bàn,https://www.lazada.vn/products/pdp-i3093612577.html,526.731 ₫,2.5,
Bộ Điều Khiển OptiPlex 330 360 380 Dell 780 980 790 7010 9010 Motherboard G41 LGA775 Compact Desktop Computer Hardware,https://www.lazada.vn/products/pdp-i2524428015.html,379.000 ₫,4.0,139 Đã bán
Bộ Điều Khiển Máy Tính Để Bàn Mini S9 White 240 Water Cooling Side Transparent Handheld Desktop Computer Case Metalfish,https://www.lazada.vn/products/pdp-i2837920497.html,747.000 ₫,4.0,
AData DDR3 1600 4GB Memory Stick Desktop Computer Hardware New Single Stick 1333 1600 2G 4G 8G Game Dragon,https://www.lazada.vn/products/pdp-i2524391400.html,118.000 ₫,4.0,
👉Hot Sale PlayfulPlace 720 ° Rotating Desktop Mobile Phone Tablet Computer Bracket Portable Laziness Can Folded Adjustment For Iphone 15 Huawei Ipad,https://www.lazada.vn/products/pdp-i3163970987.html,18.132 ₫,5.0,13 Đã bán
【Unbeatable Prices】 ENVINDA PC DDR3 DDR4 DDR5 8GB 16GB Ram 1600 2666 3200 5600 6000MHz Computer Memory Desktop Dimm No Support PC,https://www.lazada.vn/products/pdp-i3220719713.html,476.378 ₫,,
WHUEAL 5W Small Cooling Fan E27 Screw Home Ceiling Fan Desktop Electric Fan For Kitchen Bedroom Dormitory Living Room Study Table Fans,https://www.lazada.vn/products/pdp-i3140679744.html,50.409 ₫,,
DC-DC Converter Desktop Computer Power Supply Non-modular 180W Passive PFC for Desktop Computers New Condition,https://www.lazada.vn/products/pdp-i2524320718.html,322.000 ₫,4.0,615 Đã bán
Cổng chia USB hub 4 cổng đa năng truyền dữ liệu tốc độ cao ổn định hàng chính hãng，High Speed 4 Port USB 3.0 Multi Hub Splitter Expansion Desktop PC Laptop Adapter,https://www.lazada.vn/products/pdp-i2081108150.html,38.214 ₫,4.0,237 Đã bán
Black Stone Tower RGB Effect Mini Full Side Transparent White Gaming Desktop Computer Small Case DIY USB30 Office Business,https://www.lazada.vn/products/pdp-i2529116371.html,209.000 ₫,,"416 Đã bán
Hong Kong"
Chân Micro Để Bàn Soundking DD032B – Chính Hãng,https://www.lazada.vn/products/pdp-i3104629026.html,575.000 ₫,,
E-WOITD Wifi 6 dual-band USB Adapter ax900 2.4G 5G Card mạng không dây cho máy tính để bàn PC,https://www.lazada.vn/products/pdp-i3128596525.html,116.650 ₫,,
"Cây nước nóng lạnh mini để bàn Fujihome, máy nước uống nóng lanh tự động ngắt, tiết kiệm điện bảo hành 1 năm",https://www.lazada.vn/products/pdp-i1837473185.html,961.000 ₫,4.0,64 Đã bán
SADA Máy nước nóng lạnh mini mới Máy tính để bàn Máy gia đình nhỏ Máy sưởi thông minh Máy nước nóng Máy tính để bàn Trường học,https://www.lazada.vn/products/pdp-i1699809234.html,358.000 ₫,5.0,714 Đã bán
Xraydisk M2 NVMe Ổ Cứng SSD High Speed 1TB 2TB M.2 PCIe NVME Ssd Solid State Disk Hard Drive for Laptop&Desktop-Siêu Nhanh SSD 1TB pro,https://www.lazada.vn/products/pdp-i2094826554.html,750.000 ₫,4.0,58 Đã bán
Bộ bàn phím chuột không dây BOW MK-98 cho desktop laptop có khóa tiếng Anh,https://www.lazada.vn/products/pdp-i3178787363.html,698.000 ₫,4.0,7 Đã bán
GUDGA Memory Ram DDR4 8GB/16GB/32GB 2666 3200 3600 4000mhz 1.2V/1.35V 288Pin DIMM For Desktop Computer,https://www.lazada.vn/products/pdp-i3085884160.html,808.457 ₫,4.0,118 Đã bán
"Bầu lạnh cây lọc nước sunhouse kaganroo karofi loại 0,6lit - 0,8lit hàng chính hãng",https://www.lazada.vn/products/pdp-i2080855707.html,400.000 ₫,,
E-WOITD Microphone đứng máy tính để bàn có thể điều chỉnh nâng mic chủ di động bảng Bracket chống sốc mic đứng cho sống Trọng lượng nhẹ Bracket,https://www.lazada.vn/products/pdp-i3131563605.html,23.309 ₫,,
Bộ nhớ RAM Casper DDR3 4GB 8GB 1066/1333/1600MHz cho Desktop Gaming,https://www.lazada.vn/products/pdp-i2836311229.html,149.999 ₫,5.0,36 Đã bán
{hot} Essager 75W GaN Desktop Charger Quick Charge 65W USB Type C Fast Charging Station For MacBook iPhone Xiaomi iPad Samsung Laptop,https://www.lazada.vn/products/pdp-i3075800887.html,607.393 ₫,,
Giá đỡ màn hình Kệ Màn Hình Cổng USB Máy Tính Giá Đỡ Màn Laptop Máy Tính Kiêm,https://www.lazada.vn/products/pdp-i3094197302.html,142.499 ₫,4.0,37 Đã bán
Bộ Điều Khiển Chủ Máy Tính Gigabyte B85M-D3V H81 Z87 H97 1150 Pin Bộ Nhớ RAM DDR3 M-ATX Compact Desktop Computer,https://www.lazada.vn/products/pdp-i2841571033.html,1.012.000 ₫,5.0,425 Đã bán
"Ổ cứng máy bàn camera 1TB 2TB 3TB 4TB 500GB 320GB 250GB 160GB 80GB HDD PC 4T 3T 2T 1T 500G 250G 160G 80G HDD PC 3.5"" inch ổ cứng 1TB hdd 500GB hdd 4tb",https://www.lazada.vn/products/pdp-i1308087310.html,560.000 ₫,4.0,70 Đã bán
Crystal Wireless Microphone Stand KTV BBS Mic Seat Night Market Desktop Microphone Holder Ornament Metal Material,https://www.lazada.vn/products/pdp-i2406480874.html,150.000 ₫,4.0,180 Đã bán
Computer Small Speaker E-1078 Desktop Computers and Laptop Speaker usb Multimedia Home Subwoofer,https://www.lazada.vn/products/pdp-i2759606029.html,210.637 ₫,,
Ultra Large Size Gaming Mousepad Anime Keyboard Office Desktop High Definition Memory Foam Mouse Mat for Boys And Gamers,https://www.lazada.vn/products/pdp-i3167480425.html,47.600 ₫,,"14 Đã bán
China"
Intel Xeon E5-2673V2 CPU 6 Core 2.9GHz 95W LGA2011 Desktop Computer Hardware Components Processor Intel Xeon E5-2687W,https://www.lazada.vn/products/pdp-i2448824477.html,210.000 ₫,4.0,22 Đã bán
【UIN】-New B75 Desktop Computer Motherboard with M.2 Interface LGA-1155 Pin DDR3 Memory Supports 2/3 Generation CPU,https://www.lazada.vn/products/pdp-i2861539952.html,500.319 ₫,,
Hộp Đựng Bút / Mỹ Phẩm Để Bàn Dễ Thương Tiện Dụng Cho Văn Phòng,https://www.lazada.vn/products/pdp-i2433615979.html,79.000 ₫,4.0,170 Đã bán
Lightweight Mini D5-D9 Desktop Computer Case Nuclear Display Small One U FELE D6 D8 ITX Chassis Steel Material Bottom Power Supply,https://www.lazada.vn/products/pdp-i2528937481.html,319.000 ₫,5.0,620 Đã bán
Mini Gongsiao Guan Gong Dao Micro Weapon Personal Play Fine Outdoor Creative Durable Desktop Ornaments Home Decorations,https://www.lazada.vn/products/pdp-i2828953946.html,644.000 ₫,5.0,73 Đã bán
Computer Desk Threading Hole Cover Plate Rice-shaped Round Desk Hole Desktop Opening Wire Buckle Cover Plastic Decorative Cover,https://www.lazada.vn/products/pdp-i3218263165.html,65.000 ₫,,
Phanteks M25 ARGB 120 140 PWM Control Fan Box Fan Desktop Computer Hardware Cooling Fan New Condition,https://www.lazada.vn/products/pdp-i2524363689.html,233.000 ₫,,"13 Đã bán
Hong Kong"
Bộ chia cáp USB High Speed 4 Port USB 3.0 Multi Hub Splitter Expansion Desktop PC Laptop Adapter,https://www.lazada.vn/products/pdp-i2080906414.html,36.521 ₫,4.0,57 Đã bán
Vườn Thiền Để Bàn Zen Garden Giảm Stress - Decor Desktop,https://www.lazada.vn/products/pdp-i2972470032.html,199.000 ₫,,
Xách tay cao su Poker Desktop Mat Hộp đựng giảm tiếng ồn Poker Game Mat,https://www.lazada.vn/products/pdp-i2655333245.html,180.000 ₫,,
Bàn Phím CỔNG PS2 /Usb,https://www.lazada.vn/products/pdp-i363690543.html,50.000 ₫,4.0,64 Đã bán
SEHVN Universal Headphone Stand Portable Gaming Earphone Holder Rack Desktop Organizer Headset Display Bracket For AirPods Beats Bose,https://www.lazada.vn/products/pdp-i3211748779.html,39.241 ₫,5.0,
"Cây nước để bàn Nagakawa NAG1107, 2 chế độ nóng - lạnh, dạng úp bình, làm lạnh nhanh, khóa trẻ em",https://www.lazada.vn/products/pdp-i1805814120.html,999.000 ₫,4.0,86 Đã bán
Kebidumei USB 3.0 WiFi Adapter 1300Mbps For Dual Band 2.4G/5GHz Bluetooth 4.2 USB Network Card Wireless Wi Fi Receiver For Desktop Laptop,https://www.lazada.vn/products/pdp-i2720124595.html,218.568 ₫,4.0,251 Đã bán
Loa Bluetooth để bàn Xiaomi Desktop Speaker | Đèn đổi màu RGB | Nhiều chế độ âm thanh | Bảo hành 12 tháng,https://www.lazada.vn/products/pdp-i3040596889.html,1.138.500 ₫,5.0,5 Đã bán
Smart WIFI Weather Station Clock DIY Cute GIF Animations Desktop Decoration Electronic Album Function MINI Clock,https://www.lazada.vn/products/pdp-i2545795475.html,307.300 ₫,,
ATX Power Supply 300W 400W 650W 500W 600W 750W X79 Dual Channel Desktop Computer Power Supply Non-modular Active PFC Gold Certified,https://www.lazada.vn/products/pdp-i2524273931.html,373.000 ₫,,"24 Đã bán
Hong Kong"
【Worth-Buy】 Keyboard For Spanish Portuguese Korean French Hebrew Japanese Laptop PC Desktop Letter Alphabet Layout,https://www.lazada.vn/products/pdp-i3097971398.html,96.545 ₫,,
CANAMEK Mini Halloween Ornament Cartoon Witch Ghost Pumpkin Figurine Micro Landscape Dollhouse Model Car Interior Desktop Decoration,https://www.lazada.vn/products/pdp-i3187183090.html,5.620 ₫,,
All tool store-External USB 3.0 CD/DVD Drive Player CD/DVD-ROM+ /-RW CD Writer for 11/10/8/7 Linux Burner for Laptop Desktop,https://www.lazada.vn/products/pdp-i3213080708.html,466.575 ₫,3.0,
Liên Minh Huyền Thoại LOL Endless Anime Gaming Mouse Pad Desktop Mouse Pad Prime Gaming XXL Gaming Phụ Kiện Bàn Phím,https://www.lazada.vn/products/pdp-i2843762209.html,125.000 ₫,,
【Wireless】 Musical Desktop Calculator 12-Digits LCD Display Electronic Calculator Counter Big Buttons with Music Piano Play Time Date,https://www.lazada.vn/products/pdp-i3151145683.html,259.145 ₫,,
【COD】V1 Transparent Mecha Card Insertion Small Steel Cannon Wireless Bluetooth Mini Speaker Outdoor Portable Internet Celebrity Small Desktop Speaker,https://www.lazada.vn/products/pdp-i3049434018.html,119.000 ₫,5.0,19 Đã bán
【Clearance Markdowns】 DDR3 2GB 4GB 8GB Desktop Memory Ram 1066 1333 1600Mhz PC3 8500 10600 12800 1.5V 240Pins Computer Non-ECC DIMM Memories Ram,https://www.lazada.vn/products/pdp-i3149943861.html,314.446 ₫,,
HỘP ĐỰNG HỒ SƠ TÀI LIỆU ĐỂ BÀN TRONG SUỐT PHONG CÁCH HÀN QUỐC TRANG TRÍ BÀN HỌC DECOR BÀN LÀM VIỆC SIZE 22X8cm,https://www.lazada.vn/products/pdp-i3133825002.html,45.500 ₫,,
(VUBC) DDR2 RAM Memory 4GB 800Mhz Desktop RAM Memoria PC2-6400 240 Pin for AMD RAM Memory,https://www.lazada.vn/products/pdp-i3027986655.html,274.600 ₫,,
JIAJIESHI | Hộp Đựng Dạng Ngăn Kéo cho Văn Phòng Phẩm và Dụng Cụ Văn Phòng,https://www.lazada.vn/products/pdp-i3193358973.html,212.000 ₫,5.0,9 Đã bán
【Popular choice】 DDR3 2GB 4GB 8GB Desktop Memory Ram 1066 1333 1600Mhz PC3 8500 10600 12800 1.5V 240Pins Computer Non-ECC DIMM Memories Ram,https://www.lazada.vn/products/pdp-i3101195250.html,298.478 ₫,,
Ruột bút nhũ vẽ trên vải túi 100 ngòi,https://www.lazada.vn/products/pdp-i2420107671.html,60.000 ₫,4.0,16 Đã bán
"Cây nước nóng lạnh mini để bàn nhập khẩu FUJIHOME WD5510E, máy nước uống nóng lạnh bình lọc, tự động ngắt tiết kiệm điện, Bảo hành 1 năm",https://www.lazada.vn/products/pdp-i1352989580.html,1.035.000 ₫,4.0,Priority Instant
Acrylic Material Transparent Mini Computer Case ITX Workstation Case Modification Integrated Machine 17*17cm Desktop Case,https://www.lazada.vn/products/pdp-i2529022209.html,213.000 ₫,5.0,109 Đã bán
64Gbps M.2 SSD NVME to PCIE 4.0 X1/X4/X8/X16 Converter Adapter with Heatsink PCI Express Expansion Card for Desktop PC,https://www.lazada.vn/products/pdp-i3151783852.html,172.162 ₫,5.0,
"Màn Hình Máy Tính Giga 120GB 60G 128G 240G 480G SSD 2,5 Inch SATA Laptop Desktop Máy Tính Để Bàn Đĩa Cứng SSD Màn Hình Máy Tính",https://www.lazada.vn/products/pdp-i2524395303.html,296.000 ₫,2.5,
"Bộ Thu Phát Âm Thanh M8 Kết Nối NFC , Bluetooth 5.0 Giao Diện AUX/RCA/Coaxial/Optical/USB/TF Card Tích Hợp Pin 500mAh",https://www.lazada.vn/products/pdp-i2202371161.html,345.000 ₫,5.0,
"JIASHI Nước Quả, Máy Nước Nhỏ Để Bàn Máy Nước Nóng Để Bàn Mới",https://www.lazada.vn/products/pdp-i1245278152.html,358.000 ₫,5.0,779 Đã bán
Comfast | Bộ Adapt Bluetooth cho PC USB Desktop 5.3 Tai Nghe Không Dây,https://www.lazada.vn/products/pdp-i3206713067.html,217.000 ₫,4.0,
"Hòm Phiếu Mica, Thùng Phiếu Mica Nắp Mở Có Khóa , Acrylic",https://www.lazada.vn/products/pdp-i2602498724.html,168.000 ₫,5.0,
Snow under Snow Anime Figure Swimsuit Desktop Decoration Car Case Accessories 14+ Years Old Collectible Static Model,https://www.lazada.vn/products/pdp-i3228626113.html,72.000 ₫,,"96 Đã bán
China"
Creative Mini Desktop Computer Case Living Room Horizontal HTPC Case Q3 Case Steel Aluminum Mixed Material New Mini-ITX,https://www.lazada.vn/products/pdp-i3221398417.html,691.000 ₫,,"48 Đã bán
China"
Xpay Intel E3-1240 V2 CPU 3.0GHz 6-Core LGA 1150 Desktop Computer Components CPU Intel E3-1230 V2 1245 E3 1265L V2 1225 1280 1275,https://www.lazada.vn/products/pdp-i2839891530.html,423.000 ₫,,"165 Đã bán
Hong Kong"
POPMART Hirono X CLOT Series Blind Box Guess Bag Đồ chơi gốc Búp bê hành động dễ thương Nhân vật hoạt hình Desktop Phụ kiện Bộ sưu tập Quà tặng Đồ chơi hộp mù ẩn hiếm,https://www.lazada.vn/products/pdp-i3232458067.html,4.233.000 ₫,,
Christmas Tree Paper Foldable Creative Decoration Festive Decorations Desktop Decoration Storage Christmas Ornaments,https://www.lazada.vn/products/pdp-i2472168174.html,294.000 ₫,5.0,73 Đã bán
polsbz Storage Container Clear Plastic Storage Box 3-tier Stackable Jewelry Cosmetic Organizer with Pull-out Drawers Dustproof Storage Box for Bedroom Desktop Buyer's,https://www.lazada.vn/products/pdp-i3223647229.html,126.000 ₫,,
Amoi Computer Bluetooth Speaker Wired Desktop Home Use High Quality Sound Subwoofer Laptop Active Bass Cannon Multimedia Speaker,https://www.lazada.vn/products/pdp-i2794323339.html,195.000 ₫,,
[Mã 157ELSALE hoàn 7% đơn 300K] Màn hình hp L1506 cũ thanh lý văn phòng giá rẻ,https://www.lazada.vn/products/pdp-i1424902854.html,499.000 ₫,4.0,19 Đã bán
"Cây nước nóng lạnh để bàn mini nhập khẩu FUJIHOME WD03E làm lạnh điện tử, làm nóng nhanh, tiết kiệm điện, bảo hành điện tử toàn quốc 12 tháng",https://www.lazada.vn/products/pdp-i2377542641.html,1.133.000 ₫,5.0,168 Đã bán
GUDGA Hard Drives SSD hdd 2.5 SATA3 SSD 128gb 256gb 512gb 1TB 2TB 4TB Internal Solid State QLC for Laptop Hard Disk Desktop,https://www.lazada.vn/products/pdp-i3186577487.html,3.539.685 ₫,2.5,
Niye | Loa Desktop Có Dây Đa Phương Tiện với Bass Sâu Mẫu Mới 2024,https://www.lazada.vn/products/pdp-i3206591765.html,137.000 ₫,4.0,
E-WOITD PC tham khảo bàn phím Phím tắt Sticker dính cho PC máy tính xách tay Máy tính để bàn,https://www.lazada.vn/products/pdp-i3113012869.html,8.269 ₫,,
2Pc Full Size Russian Keyboard Stickers Letter Alphabet Layout Sticker Key for Laptop Desktop PC Russian -Orange Letters,https://www.lazada.vn/products/pdp-i3039662765.html,64.600 ₫,5.0,
Máy Tính Mini Học Sinh Màu Pastel Cực Xinh | Máy Tính Bỏ Túi Dễ Thương Tiện Lợi - Minkeyshop,https://www.lazada.vn/products/pdp-i3210967086.html,18.000 ₫,,Máy Tính Mini Học Sinh Màu Pastel Cực Xinh | Máy Tính Bỏ Túi Dễ Thương Tiện Lợi - Minkeyshop
"[BẢO HÀNH 12 THÁNG] Bình lọc nước nóng lạnh KAW, Máy nước văn phòng, Máy nước để bàn, Cây nước nóng lạnh mini KAW, dễ dàng sử dụng - Bảo hành chính hãng 1 đổi 1",https://www.lazada.vn/products/pdp-i2593925773.html,744.952 ₫,4.0,32 Đã bán
Bộ bàn phím chuột không dây BOW K610U cho desktop laptop cơ học chống ồn văn phòng,https://www.lazada.vn/products/pdp-i3178583922.html,164.000 ₫,4.0,17 Đã bán
【Best value】 WLAN WWLAN 4G- LTE Module M2 USB3.0 Adapter DW5811e DW5816E EM7455 L860-GL WWan for Desktop/Laptop PC Dropship,https://www.lazada.vn/products/pdp-i2837517411.html,118.012 ₫,,
WHPHous 2026 Simple Style English Mini Desk Calendar Desktop Display Solid Color Portable Small Desk Calendar Desktop Decoration,https://www.lazada.vn/products/pdp-i3183741675.html,18.642 ₫,5.0,13 Đã bán
"Bình lọc nước nóng lạnh mini,Máy nước văn phòng, Máy nước để bàn, Cây nước nóng lạnh mini Huastar, dễ dàng sử dụng, vô cùng tiện ích",https://www.lazada.vn/products/pdp-i1080216674.html,945.000 ₫,4.0,216 Đã bán
[okoogee]Foldable Desktop Microphone Tripod Stand 5/8 Inch Threaded Mount Microphone Desktop Support Rotatable Mic Holder for Live Stream Conferences Lectures Meetings,https://www.lazada.vn/products/pdp-i2412560650.html,81.000 ₫,5.0,
Bộ Điều Khiển Máy Tính Bằng Thép Không Gỉ Màu Trắng Mini-ITX Wall-Mounted Half-High CPU Integrated Black White DX-D3 Desktop Computer Case,https://www.lazada.vn/products/pdp-i2830181737.html,729.000 ₫,,
Large Size Office Desk Protector Mat PU Leather Waterproof Mouse Pad XXL Desktop Gaming Mouse Pad PC Accessories Free Shipping,https://www.lazada.vn/products/pdp-i1572876070.html,57.755 ₫,4.0,
Nút Nguồn Máy Tính Để Bàn Net Cafe Desktop Switch Externally Mounted Power Button for Desktop Computers Net Bar Power Key,https://www.lazada.vn/products/pdp-i2947139025.html,150.000 ₫,,
"Bộ chia USB đa cổng với HDMI và Ethernet cho Macbook, Desktop và Tablet",https://www.lazada.vn/products/pdp-i3205754908.html,328.000 ₫,4.0,
Đế sạc nhanh không dây tích hợp quạt hút tản nhiệt Baseus Whirlwind Desktop cho Apple iPhone/ Samsung (Qi Wireless,https://www.lazada.vn/products/pdp-i2501983482.html,438.900 ₫,,
CANAMEK 1Pc Wizard Ghost Pumpkin House Figurines Resin Ornaments Halloween Decorations Micro Landscape Ornament DIY Desktop Decor,https://www.lazada.vn/products/pdp-i3187196061.html,16.784 ₫,,
Mini Metal ITX Casing D1F SFX Power Supply Gaming Desktop Case K77S5E15 Upper Position Steel Material Computer Case,https://www.lazada.vn/products/pdp-i2528892812.html,625.000 ₫,5.0,109 Đã bán
Earise | USB 3.2 Gen 2 Docking Station One To Four Multi Port HUB Type C High Speed Thunderbolt Converter For Laptop Desktop Computer Universal Macbook,https://www.lazada.vn/products/pdp-i3171464536.html,330.000 ₫,4.0,
RQZN | Đế Đỡ Điện Thoại Từ Tính Dual Ring Magsafe Mặt Sau Siêu Mỏng Gập Được Cả Hai Mặt Chắc Chắn Mới Hỗ Trợ Quay Desktop Giá Đỡ Ô Tô,https://www.lazada.vn/products/pdp-i3191553994.html,114.000 ₫,4.0,10 Đã bán
Mini Computer Case Pink Mini Desktop Office Computer Case M-ATX Assembly Case Compact Steel Material Wind Cooling Case,https://www.lazada.vn/products/pdp-i2412111576.html,344.000 ₫,5.0,131 Đã bán
Hot Chart Pattern Mouse Pad Thị trường chứng khoán Forex Bitcoin Trader Desktop Pad Nhà đầu tư Quà tặng Candle Holder Pattern Art Keypad,https://www.lazada.vn/products/pdp-i3016804360.html,125.000 ₫,5.0,
Store YUEQIN3 E-Thể Thao USB Có Dây Chuột Đầy Màu Sắc LED Chuột Chơi Game 5000 Dpi Có Dây Chuột Quang Có Dây Gamer Chuột Cho Máy Tính Để Bàn Máy Tính Xách Tay PC Máy Tính,https://www.lazada.vn/products/pdp-i3010200866.html,29.606 ₫,5.0,37 Đã bán
Chuột Pad Phụ kiện chơi game máy tính xách tay Bàn phím Chuột Pad Máy tính Anime L Lord Ring Game Cabinet Desktop Mouse Pad XXL Thảm,https://www.lazada.vn/products/pdp-i2930909285.html,162.000 ₫,,
Vintage Microphone mô hình với đế chắc chắn phong cách cổ điển mic Bộ đạo cụ cho studio chụp ảnh (màu đen),https://www.lazada.vn/products/pdp-i3077813566.html,141.466 ₫,,
Store HHDKE3 Giá đỡ máy tính để bàn có thể gập lại hình chữ L giá đỡ tấm mở rộng máy tính để bàn tiết kiệm không gian miễn phí nặng phụ kiện phần cứng,https://www.lazada.vn/products/pdp-i3143740547.html,48.854 ₫,,
XINGHEC2 Máy tính để bàn Màn hình máy tính đứng máy tính để bàn Màn hình máy tính nâng cao Riser PC máy tính xách tay Máy tính để bàn màn hình đứng bàn lưu trữ tổ chức,https://www.lazada.vn/products/pdp-i3001642508.html,100.422 ₫,5.0,
Green Union S6 Desktop Charging Station Multi-Function USB Plug Board for Dormitory Use with Multiple Ports Desktop Charger,https://www.lazada.vn/products/pdp-i2997342622.html,232.800 ₫,,"19 Đã bán
China"
"[HATELI] Aquarium Set Sáng Tạo Tre Và Gỗ Sinh Thái Chiến Đấu Fish Tank Desktop Mini Fish Tank Aquarium ((Bao Gồm Cả Bìa, Đèn, Cát Dưới, Vách Ngăn Giữa)",https://www.lazada.vn/products/pdp-i863436501.html,476.375 ₫,4.0,64 Đã bán
Hộp Đựng Cáp Orico Desktop Power Strip Router Cable Organizer Box Dây Nguồn Hộp Đựng Dây Cáp Phụ Kiện Máy Tính,https://www.lazada.vn/products/pdp-i2951526485.html,296.000 ₫,5.0,410 Đã bán
Mini Cute Cartoon Elephant Figurine Desktop Decorative Animal Resin Craft Desk Decoration Colleague Gift Everyday Home Decor,https://www.lazada.vn/products/pdp-i3144026655.html,82.000 ₫,,"30 Đã bán
Hong Kong"
Bluetooth WiFi6 Dongle USB Wireless Adapter Two-in-One Audio Lossless Transmission Module Desktop Laptop Host Receiver Transmitter,https://www.lazada.vn/products/pdp-i3141739281.html,113.000 ₫,,"600 Đã bán
China"
Nintendo Switch Original Game Card Holder Multi-Function Desktop Placement Game Card Bracket Accessories Storage Organizer,https://www.lazada.vn/products/pdp-i3211953021.html,116.000 ₫,,
Jiashi máy tính nâng cao đứng Màn hình máy tính để bàn hỗ trợ đứng bàn phím lưu trữ Màn hình Pad nâng để bàn văn phòng giá,https://www.lazada.vn/products/pdp-i2885464081.html,109.000 ₫,5.0,9 Đã bán
【CHANGXIANG3】 120mm PC Case Fan 12V Big 4p And 3p 1200rpm RGB Desktop Computer Heat Dissipation Colorful Luminous 12cm Chassis Ventilador,https://www.lazada.vn/products/pdp-i3192837822.html,59.335 ₫,,
Xách tay cao su Poker Desktop Mat Hộp đựng giảm tiếng ồn Poker Game Mat,https://www.lazada.vn/products/pdp-i2647784012.html,180.000 ₫,5.0,9 Đã bán
"V8 Multifunction Laptop and Desktop PC Card Universal Post Diagnostic Test Card Support PCI,PCI-E,LPC,Mini,MSATA",https://www.lazada.vn/products/pdp-i2364853308.html,766.002 ₫,,
"Monster M2MAX Wireless Bluetooth Vertical Mouse, 4000 DPI Silent Mouse with 7 Adjustable DPI Levels, 2.4GHz Optical Mouse, 6 Buttons Wireless Mouse for Laptop, Desktop, PC, MacBook",https://www.lazada.vn/products/pdp-i3101342271.html,568.407 ₫,,
[NC] Desktop Gaming DAC/AMP FOSI K5 PRO | Có Cổng Mic Đàm Thoại,https://www.lazada.vn/products/pdp-i2724742239.html,1.526.000 ₫,,Priority Instant
"Ổ Cứng Di Động Gắn Ngoài UnionSine HDD 2.5"" 250GB/320GB/500GB/1TB USB3.0 Tương Thích Thích Cho Máy Tính MAC Desktop MacBook",https://www.lazada.vn/products/pdp-i2434538526.html,604.000 ₫,4.0,52 Đã bán
"Khay Đựng Trái Cây, Khay Đựng Trái Cây, Khay Đựng Cà Phê Phòng Khách, Khay Đựng Đồ Ăn Vặt, Khay Đựng Trái Cây Để Bàn Nhiều Tầng",https://www.lazada.vn/products/pdp-i3141827200.html,200.400 ₫,,
1Pc Full Size Russian Keyboard Stickers Letter Alphabet Layout Sticker Key for Laptop Desktop PC Russian,https://www.lazada.vn/products/pdp-i3185083478.html,28.800 ₫,,
Displayport dây kết nối DisplayPort kết nối dòng hiệu suất ổn định cho văn phòng nhà cửa,https://www.lazada.vn/products/pdp-i3062643906.html,25.000 ₫,,
UGREEN Bộ điều hợp không dây AX900 USB WiFi 6 Dongle Wireless Adapter with External Antenna for Desktop PC 5G 2.4G WiFi Dongle Mini Wireless USB Computer Network Adapter Compatible with Windows 11 10 Linux Model：35265,https://www.lazada.vn/products/pdp-i2885351763.html,357.800 ₫,5.0,22 Đã bán
Mini Wireless Three Mode Mouse 2.4G Bluetooth High-Precision Portable Optical Mute Small Office Mice For Laptop And Desktop,https://www.lazada.vn/products/pdp-i3133408630.html,448.768 ₫,,
USB Sound Card Cao Cấp 5Hv2 7.1,https://www.lazada.vn/products/pdp-i1724285106.html,44.600 ₫,5.0,
Sumtax Iron Man Mini Computer Case M-ATX Desktop Tower Thickened 0.8 Steel Material Computer Hardware Display Case,https://www.lazada.vn/products/pdp-i2797672466.html,216.000 ₫,0.8,"137 Đã bán
Hong Kong"
"Thùng Rác Mini Để Bàn Mẫu Hoạt Hình Có Nắp Đậy/ Hộp Đựng Đồ, Cắm Bút Trang Trí Bàn(tặng kèm sticker)-HAUSE",https://www.lazada.vn/products/pdp-i2549703513.html,44.000 ₫,5.0,90 Đã bán
Imitation Wood Christmas Tree Candlestick Base European Home Christmas Living Room Desktop Christmas Decoration Candle Resin Ornament,https://www.lazada.vn/products/pdp-i3181529425.html,336.638 ₫,5.0,
E-WOITD Từ Người Giữ Điện Thoại Kim Loại Tự Dính Điện Thoại Chân Đế Khung Siêu Mỏng invisivle Có Thể Gập Lại Máy Tính Để Bàn Điện Thoại Di Động Chủ,https://www.lazada.vn/products/pdp-i3102425749.html,28.016 ₫,,
Khay sắp xếp vật dụng trên bàn bằng acrylic ngăn kéo ngăn kéo lưu trữ máy tính để bàn ngăn kéo hộp sắp xếp đồ cho make up văn phòng,https://www.lazada.vn/products/pdp-i3186295110.html,57.000 ₫,,
ATK 99G Series Mouse Pad Super Large Desktop Equalization Pad E-sports game office,https://www.lazada.vn/products/pdp-i2931291451.html,231.500 ₫,,
POP MART Pucky Casual Bean Series Blind Box Đoán Túi Bí Ẩn Hộp Đồ Chơi Búp Bê Dễ Thương Anime Nhân Vật Desktop Phụ Kiện Bộ Sưu Tập Đồ chơi hộp mù ẩn hiếm,https://www.lazada.vn/products/pdp-i3232396119.html,683.000 ₫,,
BEAR | Máy Sưởi Mini Để Bàn,https://www.lazada.vn/products/pdp-i3197928950.html,2.151.000 ₫,4.0,18 Đã bán
Miếng dán phím chữ ngôn ngữ Tiếng Anh (chuẩn US),https://www.lazada.vn/products/pdp-i247692434.html,49.000 ₫,5.0,13 Đã bán
Philips Bluetooth Wireless Speaker Light Desktop Small Speaker Home Small Portable Heavy Subwoofer,https://www.lazada.vn/products/pdp-i2804162510.html,547.667 ₫,,
E-WOITD Acrylic bàn phím máy tính đứng 78-Keys Bàn phím Riser nâng khay Non-Slip trong suốt bàn phím máy tính để bàn chủ vật tư văn phòng,https://www.lazada.vn/products/pdp-i3113011913.html,89.102 ₫,5.0,
GUDGA SSD Nvme M2 256GB 128GB Pci-e 3.0x4 Heatsink Internal Solid State Hard Drive 2280 for Desktop Laptop Computer,https://www.lazada.vn/products/pdp-i2916750271.html,737.208 ₫,5.0,27 Đã bán
Tấm Nền Nguồn Cung Cấp Cho Máy Tính Để Bàn Mới 300W 400W 500W 600W 700W Hộp Máy Chủ Tấm Nền Cho Thẻ Đồ Họa PC Desktop,https://www.lazada.vn/products/pdp-i2407617850.html,369.000 ₫,4.0,
[Loại Tốt] Chân Micro Lùn Để Bàn Dr.Mic DM101S - Giá Đỡ Đế Kẹp Mic Stand Thu Âm Livestream Microphone DM101 DM-101S,https://www.lazada.vn/products/pdp-i2602414305.html,120.000 ₫,,
"Ổ cứng 1TB HDD 1TB máy bàn 1T 3.5"" inch 1000GB desktop 1000G camera bảo hành tận nhà 1 đổi 1",https://www.lazada.vn/products/pdp-i1308149067.html,510.000 ₫,5.0,19 Đã bán
Ổ cứng SEAGATE Desktop HDD Model STR009 hàng tháo máy si Nhật đã qua sử dụng,https://www.lazada.vn/products/pdp-i2397771110.html,450.000 ₫,,
Kebidumei AX900 WiFi Adapter 2.4G&5GHz Dual Band Wireless Network Card Mini WiFi USB Ethernet for PC Laptop Desktop,https://www.lazada.vn/products/pdp-i2695184618.html,94.855 ₫,4.0,47 Đã bán
Kun Portable Handheld Fan Rechargeable Mini Desktop Fan 105mm with Powerful Blade for Home and Travel,https://www.lazada.vn/products/pdp-i2394269285.html,39.000 ₫,,
E-WOITD Đa chức năng 2 mét led ánh sáng máy tính để bàn chuyển đổi điện pc bo mạch chủ bên ngoài bắt đầu power on off nút cáp mở rộng,https://www.lazada.vn/products/pdp-i3113149535.html,43.722 ₫,,
【TOP SALE】Magnetic Cardle K3 Desktop Phone Holder Stand Universal Adjustable Foldable Portable Tablet Mobile Cell Phone Holder Stand—Q3BA-6395,https://www.lazada.vn/products/pdp-i2585996521.html,160.387 ₫,,"13 Đã bán
China"
Belle Anime Model Toy Sexy Bé Gái Desktop Case Car Decorations Static Collectible Figures 14+ Years Old Apply for,https://www.lazada.vn/products/pdp-i3206049313.html,294.000 ₫,,"78 Đã bán
China"
USB Multi-Function Power Strip Green Alliance Desktop Computer Notebook Lamp Power Socket 6 Outlet PC Material from China,https://www.lazada.vn/products/pdp-i2997301743.html,554.000 ₫,,"456 Đã bán
China"
Mini-ITX Case DREAM D21 D21-PRO K39 U1 T40 D01 Steel Material Desktop Computer Case Wind Cooling New Condition,https://www.lazada.vn/products/pdp-i2011519540.html,445.000 ₫,4.0,322 Đã bán
ORICO Power Strip with 4 AC Outlets 5 USB-A Ports Smart Charging Desktop Surge Protector for Almost Phones [US Plug],https://www.lazada.vn/products/pdp-i3139759335.html,277.800 ₫,4.0,20 Đã bán
Mini Amplifier HiFi 2.0 12V Power Source Desktop Computer Car Use Bookshelf Speakers HiFi Amplifier Machine AEJE Model TA8251C,https://www.lazada.vn/products/pdp-i3141051184.html,347.000 ₫,2.0,"378 Đã bán
China"
Green Alliance S6 Magic Box Socket Extension Lead with USB Multi-Function Desktop Charging Station Gallium Nitride Fast Charge,https://www.lazada.vn/products/pdp-i2997443259.html,291.000 ₫,5.0,238 Đã bán
Delta SFX 250W CPU8P Matx ITX Power Supply Silent Miniature Desktop Computer Hardware Non-Modular Passive PFC Cuong Thanh,https://www.lazada.vn/products/pdp-i2830149864.html,443.000 ₫,,"240 Đã bán
Hong Kong"
Power Supply Micro Box Mini Silent Computer Power Supply Source of Thunder God 750W 650W 600W Desktop Support Multi 12V,https://www.lazada.vn/products/pdp-i2840385312.html,398.000 ₫,5.0,170 Đã bán
Giá Đỡ Máy Tính Xách Tay Bằng Hợp Kim Nhôm MacMini Mini Stand Vertical Dock Notebook Stand Desktop Storage Macbook Stand,https://www.lazada.vn/products/pdp-i1646809066.html,128.000 ₫,4.0,840 Đã bán
Intel Core I3 G1820 G1840 G3220 G3240 G3250 G3260 CPU 1150pin Intel LGA 1150 22nm 2.8GHz TDP 53W Desktop Computer Parts And Accessories,https://www.lazada.vn/products/pdp-i2524414080.html,60.000 ₫,,"605 Đã bán
Hong Kong"
"LazMall Siêu Sale Quạt Xiaomi Tích Điện ,Quạt Tích Điện USB Desktop FAN KY-903 ,Quạt Sạc Bàn Tích Điện Xoay 210 Độ ,Thiết Kế Đẹp Mắt Chắc Chắn ,Động Cơ Không Tiếng Ồn 3 Chế Độ Làm Mát Hoạt Động Mạnh Mẽ, Êm Ái Tạo Ra Luồng Gió Vô Cùng Mát Mẻ ,Tặng Kèm Pin",https://www.lazada.vn/products/pdp-i2664477442.html,168.000 ₫,5.0,46 Đã bán
Intel E5-2690 V2 CPU 2.9GHz 6-Core 65W 14nm Intel Xeon Phi Processor Computer Hardware Desktop Central Processing Unit,https://www.lazada.vn/products/pdp-i2407745235.html,404.000 ₫,5.0,634 Đã bán
Sidande TOFU light accessories Clip Soft light cover Diffuser desktop tripod cold boot connector For TOFU Light,https://www.lazada.vn/products/pdp-i2656552915.html,49.225 ₫,5.0,13 Đã bán
"Bộ nhớ RAM Casper DDR4 RGB PC Gaming Desktop 16GB 32GB 64GB 2666/3200MHz với tản nhiệt Màu trắng/đen, Bộ kênh đôi (Dual Channel Kit)",https://www.lazada.vn/products/pdp-i2846020639.html,350.000 ₫,5.0,6 Đã bán
Intel I5-2300 CPU 32nm Mới Dùng Cho Máy Tính Để Bàn Dịch Vụ Hậu Mãi Bảo Hành Tại Cửa Hàng,https://www.lazada.vn/products/pdp-i2528954405.html,445.000 ₫,,
Bộ bàn phím chuột không dây BOW cơ học có đèn chơi game cho laptop và desktop,https://www.lazada.vn/products/pdp-i3178782324.html,703.000 ₫,4.0,
Kudixiong máy tính nâng cao đứng Màn hình máy tính để bàn hỗ trợ đứng bàn phím lưu trữ Màn hình Pad nâng để bàn văn phòng giá,https://www.lazada.vn/products/pdp-i2881951594.html,125.000 ₫,,
E-WOITD Từ siêu mỏng có thể gập lại điện thoại di động chủ Bracket kim loại máy tính để bàn điện thoại di động Stander điện thoại hỗ trợ chân đế phổ 2023,https://www.lazada.vn/products/pdp-i3113212201.html,15.382 ₫,5.0,5 Đã bán
Sonn Angel Cherry Blossom Series Hanami Edition Blind Box Mini Figure Collectible Desktop Decor For Kids Birthday Gift,https://www.lazada.vn/products/pdp-i3228930175.html,151.450 ₫,,"121 Đã bán
China"
Vimite LED Bar Table Lamp Night Lighting Desktop Light USB Rechargeable Wireless Touch Restaurant Bar Bedroom Decorative Atmosphere Lights,https://www.lazada.vn/products/pdp-i2203863045.html,152.187 ₫,4.0,176 Đã bán
Tầm Nhìn Máy Tính Để Bàn Hộp Lưu Trữ Với Đục Hội Đồng Quản Trị bút văn phòng Hộp bút để bàn giá lưu trữ Ký Túc Xá Văn Phòng Phẩm hộp phân loại,https://www.lazada.vn/products/pdp-i2957443431.html,250.900 ₫,,
AData XPG Game Dragon DDR4 2400 2666 8GB 4GB 2133 Desktop Memory Stick Đèn LED Đồ Chơi Cho Máy Tính Để Bàn,https://www.lazada.vn/products/pdp-i2529021241.html,709.000 ₫,5.0,
"Dây cáp chuyển đổi HDMI sang VGA, HDMI to VGA dây dài 1.8 mét độ phân giải FullHD 1080P cho tivi màn hình máy chiếu",https://www.lazada.vn/products/pdp-i2612313733.html,35.000 ₫,4.0,41 Đã bán
"Ram 4GB DDR3 bus 1600 cho PC, Desktop - Ram 4GB DDR3 1600",https://www.lazada.vn/products/pdp-i659712091.html,93.700 ₫,5.0,20 Đã bán
polsbz Small Wooden Plant Stand Foldable Wooden Desktop Storage Rack Double Layer Plant Stand Shelf for Home Decor Favorite,https://www.lazada.vn/products/pdp-i3222725351.html,294.000 ₫,,
USB 3.0 Docking Station Hub Multi-Port Charging Socket 2.0 Powered One-To-Four Car Splitter Interface Keyboard One-To-Three Desktop,https://www.lazada.vn/products/pdp-i3165867712.html,156.000 ₫,3.0,"72 Đã bán
China"
DIY Mini Desktop Saw Mô hình chính xác 3 inch Mini Desktop Saw Cutter,https://www.lazada.vn/products/pdp-i2524211921.html,688.050 ₫,4.0,30 Đã bán
Vimite 3-Color LED Desktop Lamp 32cm USB Charging Remote Controls Brightness And Angle Adjustable Learning Light Night Light For Bedside Desk Office Table,https://www.lazada.vn/products/pdp-i2345588977.html,137.474 ₫,4.0,415 Đã bán
Bộ Máy Tính SKTC Iron Aluminum Mini Tower HTPC Desktop Power Supply No Graphics Card Support CPU Cooling Method Wind Cooling,https://www.lazada.vn/products/pdp-i2874228875.html,874.000 ₫,5.0,10 Đã bán
"Hộp nhựa Mini 9 Ngăn Để Bàn, Kệ Nhựa Đựng Đồ Decor Bàn Học",https://www.lazada.vn/products/pdp-i2822816408.html,35.000 ₫,5.0,8 Đã bán
RAM DESKTOP TEAMGROUP VULCAN Z (TLZRD48G3200HC16F01) 8GB (1X8GB) DDR4 3200MHZ,https://www.lazada.vn/products/pdp-i3217103450.html,589.000 ₫,,
Bykski CF-AP3000EX-X Computer Cooling Fan Water-Cooled Double Ball Bearing 3000RPM High Airflow 105 for Desktop PC Case,https://www.lazada.vn/products/pdp-i2524366596.html,368.000 ₫,5.0,614 Đã bán
Ultra Quiet North Bridge South Bridge CPU Chip Heatsink 4CM Fan Desktop Computer Universal Mainboard Fan,https://www.lazada.vn/products/pdp-i2524383452.html,88.000 ₫,5.0,368 Đã bán
Comfast | Bộ chuyển mạng không dây WiFi6 Plug-and-Play USB AX5400 cho Laptop Desktop Bộ thu phát tín hiệu WiFi,https://www.lazada.vn/products/pdp-i3206718908.html,604.000 ₫,4.0,
LivingLuxe Dopamine Portable Adjustable Desk Edge Hook Desktop Bag Hooks Strong Load-Bearing Home School Gaming Headset Water Bottle Hanging Hooks,https://www.lazada.vn/products/pdp-i3179002302.html,18.314 ₫,5.0,
Tăng Cường CPU Intel I5 430M 460M 480M 560M 580M I7 620M 640M Cho Y460 G460 Laptop Desktop Máy Tính Xách Tay Đồ Họa Integrer,https://www.lazada.vn/products/pdp-i2524283981.html,182.000 ₫,4.0,233 Đã bán
"Sự miêu tả:Cyberpunk City Desktop Pad,Vintage Vaporwave City Gaming Desktop Pad,Neon Night Hong Kong City Big Gaming Mouse Pad XXL,Đèn LED trang trí bàn,,",https://www.lazada.vn/products/pdp-i2748476336.html,175.262 ₫,,
Intel Xeon E7-4809 V2 CPU 2.9GHz 22nm LGA 2011 Computer Hardware Desktop Computer Components CPU Processor Intel Xeon E7-4820,https://www.lazada.vn/products/pdp-i2830267606.html,200.000 ₫,,"25 Đã bán
Hong Kong"
Aigo V13 Case PC Desktop Host Water Cooling Side Transparent White High Aesthetic Value DIY Compact Type Steel Material,https://www.lazada.vn/products/pdp-i2391025695.html,811.000 ₫,,
Resin Sculpture Black Myth Wukong Handmade Game Anime Ornament Desktop Resin Ancient Style Home Decoration Gift,https://www.lazada.vn/products/pdp-i3069895372.html,270.371 ₫,5.0,
Loa Bluetooth Không Dây Cao Cấp 2025 Huaqiang North Manhattan Glass 5.1 Smart Speaker Home Desktop Wireless Bluetooth Speaker,https://www.lazada.vn/products/pdp-i3180182573.html,149.400 ₫,5.0,7 Đã bán
Sahara Air Box A3 Mini Desktop Computer Gaming Host M-ATX Small Air Case Steel Material Top Power Supply Compatible Motherboard,https://www.lazada.vn/products/pdp-i3166743468.html,628.000 ₫,,
Llano Màn hình máy tính để bàn đứng với Hub màn hình đứng giá đỡ máy tính với lưu trữ ngăn kéo điện thoại máy tính bảng đứng cho máy tính xách tay Máy tính để bàn nâng cao kệ,https://www.lazada.vn/products/pdp-i2965610221.html,799.000 ₫,,
Bộ Chuyển Đổi USB Bull Gaming Desktop Invisible Multi-hole Power Strip Surge Protector Overload Protection Computer Extension Cord,https://www.lazada.vn/products/pdp-i2997288825.html,508.000 ₫,,"42 Đã bán
China"
Hộp Đựng Tài Liệu Nhựa Trong Suốt A4 A3 Hộp Đựng Giấy Hộp Đựng Hồ Sơ Văn Phòng Hộp Đựng Bằng Cấp Hộp Đựng Đồ Dùng Mỹ Thuật,https://www.lazada.vn/products/pdp-i3156429345.html,101.650 ₫,5.0,
9IMOD 1/64 Drift Car KF20 Mini Desktop Racing Car 4WD 2.4GHZ Simulation Racing Model Desktop Remote Control Car Toy Gift,https://www.lazada.vn/products/pdp-i3028776738.html,333.865 ₫,5.0,
Vimite Desktop Long Arm Led Table Lamp USB Plug Three-Color Adjustable Learning Desk Telescopic Desk Folding Lamp For Students Learning Eye Care,https://www.lazada.vn/products/pdp-i2417178477.html,229.000 ₫,4.0,56 Đã bán
Philips Bluetooth Wireless Speaker Light Desktop Small Speaker Home Small Portable Heavy Subwoofer,https://www.lazada.vn/products/pdp-i2804260302.html,547.667 ₫,4.0,
"KỆ MÁY TÍNH ĐỂ BÀN HÌNH CHỮ U, KỆ LAPTOP ĐA NĂNG DÙNG LÀM KỆ LAPTOP, KỆ MÁY TÍNH ĐỂ BÀN,",https://www.lazada.vn/products/pdp-i2845929570.html,40.000 ₫,5.0,
*Giá Hủy Diệt* RAM Desktop Máy bàn DDR4 PC4 3200 / 2666 / 2400 / 2133 Mhz Bảo Hành 3 năm Hãng Samsung,https://www.lazada.vn/products/pdp-i2080827685.html,720.000 ₫,5.0,26 Đã bán
【support】 1200Mbps Wireless Adapter Bluetooth 4.2 AC7265 Wifi 802.11ac 2.4G/5GHz Desktop Express Adapter For PC,https://www.lazada.vn/products/pdp-i2837546108.html,244.478 ₫,4.2,
Vimite Mini 2000mAh battery Portable handheld rechargeable Bladeless Electric 3 Speed Desktop Cooling Outdoor Office Supplies,https://www.lazada.vn/products/pdp-i2607830959.html,262.941 ₫,4.0,18 Đã bán
Tấm Lót Chuột Hình Hoa Kawaii - Eevee Moon Pokemon Anime Gaming Desktop Mat Cao Su Chống Trượt Phụ Kiện Bàn Phím Chống Nước Với Nhiều Kích Cỡ,https://www.lazada.vn/products/pdp-i3228572927.html,117.600 ₫,,"15 Đã bán
China"
"Box NVME, chuyển SSD M2 NVME Gen 3 / Gen 4 sang USB 3.0 / Type C.",https://www.lazada.vn/products/pdp-i2417440397.html,269.850 ₫,5.0,5 Đã bán
( KHÔNG KÈM ỐC) Cặp tai KT 93x44x40 switch gắn tủ rack - Bass Rack Mount Desktop cho tp-link SG1024D,https://www.lazada.vn/products/pdp-i2298089017.html,60.000 ₫,4.0,17 Đã bán
Essager Bộ sạc không dây 4 trong 1 desktop15w Bộ sạc không giá gập sạc nhanh bộ sạc thiết bị sạc không dây di động đa năng thiết kế đèn ban đêm điều chỉnh độ sáng Ba cấp cho iPhone16-12 AirPods Apple Watch Earbuds Tai nghe Bluetooth,https://www.lazada.vn/products/pdp-i3147832453.html,781.016 ₫,5.0,
Xiaomi Desktop Speaker,https://www.lazada.vn/products/pdp-i3125627493.html,1.170.000 ₫,5.0,9 Đã bán
"Ngăn kéo đựng bút, đồ dùng học tập để bàn, ngăn kéo trong suốt",https://www.lazada.vn/products/pdp-i3081908485.html,85.000 ₫,,"7 Đã bán
Hà Nội"
"(FREESHIP) LazMall Siêu Sale Quạt Xiaomi Tích Điện ,Quạt Tích Điện USB Desktop FAN KY-903 ,Quạt Sạc Bàn Tích Điện Xoay 210 Độ ,Thiết Kế Đẹp Mắt Chắc Chắn ,Động Cơ Không Tiếng Ồn 3 Chế Độ Làm Mát Hoạt Động Mạnh Mẽ, Êm Ái Tạo Ra Luồng Gió Vô Cùng Mát Mẻ ,Tặ",https://www.lazada.vn/products/pdp-i3060103542.html,339.589 ₫,5.0,6 Đã bán
"UGREEN AX1800 USB WiFi 6 Adapter with Amplifier 5G 2.4G Dual Band USB 3.0 1800Mbps WiFi Dongle for Desktop PC Mini Wireless Computer Network Adapter Compatible with Windows 11/10/8.1/8/7, MacOS 10.11 Above, Linux Model: 25226",https://www.lazada.vn/products/pdp-i2542380062.html,1.444.000 ₫,5.0,5 Đã bán
Goldenfir 2.5 inch SSD internal solid state drives disk disc SSD 120GB 128GB 240GB 256GB 360GB 480GB 500GB 512GB 1TB for desktop laptop,https://www.lazada.vn/products/pdp-i2031274696.html,761.747 ₫,4.0,163 Đã bán
WHPHous Versatile Stationery Cosmetics Storage Box Desktop Organizer Pen Holder Drawer Type Multiple Compartments Dust Prevention Shelves,https://www.lazada.vn/products/pdp-i3178675923.html,39.716 ₫,,
Tapple English Word Game Kids Gift Fast-Paced Quick Thinking Letter Pressing Family Desktop Board Game,https://www.lazada.vn/products/pdp-i3181410497.html,214.000 ₫,,
Desktop Ice Bucket Stand Cooler Stand Beerbarrel Rack Wine Bucket Stand for Outdoor Cocktail Parties Cooking,https://www.lazada.vn/products/pdp-i2846476211.html,338.720 ₫,,
"Portable Foldable iPad Stand Compatible 4""-11""Tablet Phone Desktop Plastic Holder For Xiaomi Samsung Huawei Phone Tablet Stand",https://www.lazada.vn/products/pdp-i2261875040.html,36.210 ₫,4.0,
"Giá Đỡ điện thoại/ Ipad Baseus Desktop Biaxial Foldable Metal Stand dạng gập, chắc chắn [HÀNG CHÍNH HÃNG] - LUSZ000013",https://www.lazada.vn/products/pdp-i2117585660.html,389.250 ₫,4.0,122 Đã bán
ZTOYL 5pcs phòng thí nghiệm di động ABS nhựa kính hiển vi Slide chủ lưu trữ hộp Dispenser hộp nhựa kính hiển vi trượt hộp đóng gói,https://www.lazada.vn/products/pdp-i2746501768.html,11.621 ₫,,
GUDGA SSD 2242 M2 NGFF SATA 128GB 256GB Drive Internal Solid State Hard Drive for Laptop Notebook Desktop,https://www.lazada.vn/products/pdp-i2916515549.html,1.117.205 ₫,5.0,6 Đã bán
"（Hỏa Tốc）truyền hình trực tiếp trên mạng,Giá đỡ điện thoại di động đa chức năng, điều chỉnh nâng và hạ máy tính để bàn,",https://www.lazada.vn/products/pdp-i3143354616.html,116.901 ₫,5.0,
Hagibis | Giá đỡ máy tính bảng bằng kim loại gấp 360 độ có thể xoay được tương thích với iPad MacMini M4Pro Stand Desktop Holder Phone Gaming,https://www.lazada.vn/products/pdp-i3180054329.html,746.000 ₫,,
ZTOYL 1PC tài liệu tổ chức hộp hộ gia đình giấy chứng nhận tập tin A4 hộp thông tin quan trọng đăng ký cuốn sách bụi bằng chứng lưu trữ trường hợp,https://www.lazada.vn/products/pdp-i3133966225.html,16.420 ₫,,
Shark Figurine Tungtungsahur Figure Desktop Decoration Articulated Tralalero Tralala Figure Ornament Funny Doll 3D Printed Toy,https://www.lazada.vn/products/pdp-i3090577267.html,73.000 ₫,4.0,61 Đã bán
Vimite LED Simple Energy-saving USB Plug-in Round Base Touch Control Bedroom Bedside Lamp Desktop Decoration Night Light,https://www.lazada.vn/products/pdp-i2653008772.html,96.344 ₫,5.0,7 Đã bán
gumahus | Giá Đỡ Màn Hình Máy Tính Để Bàn Nâng Cao Laptop,https://www.lazada.vn/products/pdp-i3195016807.html,131.000 ₫,,
Vimite đèn học để bàn sạc pin Desktop Long Arm Led Table Lamp USB Plug Three-Color Adjustable đèn đọc sách Telescopic Desk Folding Lamp For Students Learning Eye Care,https://www.lazada.vn/products/pdp-i2351472465.html,238.446 ₫,4.0,134 Đã bán
Essager Adapters Type C USB to 3.5mm External Sound Card Listening Speaking For Desktop PC Laptop PS4/PS5 Swittch For Headset Speaker Microphone 3.5mm Jack Audio Cables Earphone Headphone Adapter Support Windows7/8/8.1/10/11 MacOS Linux Android,https://www.lazada.vn/products/pdp-i2747293068.html,81.034 ₫,4.0,564 Đã bán
polsbz Artificial Plant Pot Orchid Desktop Potted Ornaments Plastic Garden Imitation Flower Pot for Home,https://www.lazada.vn/products/pdp-i3230620719.html,62.000 ₫,,
Kệ màn hình máy tính decor bàn làm việc cực chất thương hiệu IGA - GA29,https://www.lazada.vn/products/pdp-i3209521965.html,80.000 ₫,,
Đồ Trang Trí Knight King Desktop Decorations Hollow Knight Game Box Aesthetic Enhancements Anime Themed Desktop Ornaments,https://www.lazada.vn/products/pdp-i3215568745.html,109.000 ₫,,
AMD A4 5300 6300 4000 7300 A6 5400 6400 7400 A6 7480 FM2 CPU Socket FM2 TDP 100W 4 Core 36GHz 32 Nanometer Desktop Computer Hardware,https://www.lazada.vn/products/pdp-i3005467745.html,147.000 ₫,,"475 Đã bán
China"
Mini Line Doggie Cute Collectible PVC Animal Figurine Creative Desktop Decoration Party Series Blind Box White Color Gift,https://www.lazada.vn/products/pdp-i3211630142.html,110.000 ₫,,"283 Đã bán
Hong Kong"
Heavy Tank IS1 JS1 World of Tanks Desktop Decoration Finished Model Toy Resin Material No Scene Suitable for 14 Years And above,https://www.lazada.vn/products/pdp-i3217540160.html,214.000 ₫,,
Trạm Sạc GaN Green Union S6 Multi-port Fast Charge Desktop Charging Station USB Socket Multi-function Portable Extension Board Mini for iPhone 15 Tablet iPad,https://www.lazada.vn/products/pdp-i2997392355.html,252.000 ₫,,"12 Đã bán
China"
Giá Để Đĩa CD Bằng Gỗ PS4 Game Disc Display Stand Storage Box Desktop Organizer Wood Material 36 Slots Family Storage Tools,https://www.lazada.vn/products/pdp-i3148259569.html,355.000 ₫,,
AMD A6 8570 9500E A8 9600 A10 8770 9700 A12 8870 9800E 3000G CPU AMD Ryzen 3 3000G Desktop Processor 7nm 4-Core 4-Thread,https://www.lazada.vn/products/pdp-i3169074843.html,122.000 ₫,,"60 Đã bán
China"
Salt Block Natural Rose Salt Himalayan Salt Block Raw Material for Purifying Air Creative Desktop Decoration Orange Color,https://www.lazada.vn/products/pdp-i3015752645.html,127.000 ₫,,"93 Đã bán
China"
Hagibis Metal Notebook Stand Vertical Gaming Laptop Support Base Mac Mini Desktop Storage Rack Heat Dissipation pro Models,https://www.lazada.vn/products/pdp-i3005373298.html,656.000 ₫,4.0,
"Cây nước nóng lạnh mini 2 vòi để bàn Nhập Khẩu FujiE WD579E, Máy nước lọc tiện lợi mát lạnh an toàn Water Dispenser",https://www.lazada.vn/products/pdp-i3152128350.html,981.000 ₫,,
Delta Flex Power 500W Desktop Small 1U Power Gold Full Modular Electric Suitable for ITX Cool Fish S3 K39 Đèn Pin Máy Tính,https://www.lazada.vn/products/pdp-i2866967082.html,1.110.000 ₫,5.0,15 Đã bán
Philips TAS2909 Bluetooth Wireless Speaker Smart Alarm Clock Card Multi-function Desktop Speaker,https://www.lazada.vn/products/pdp-i2804145735.html,477.791 ₫,5.0,
KS Máy tính để bàn lưu trữ hộp bàn kệ sách lưu trữ nhựa A4 tập tin cuốn sách bàn làm việc giá,https://www.lazada.vn/products/pdp-i2719068515.html,82.950 ₫,,"22 Đã bán
China"
Leather Material Portable Laptop Stand Adjustable Holder Support for MacBook Air Pro Samgsung Lenovo Tablet Desktop Accessories,https://www.lazada.vn/products/pdp-i2890780812.html,126.487 ₫,5.0,
Intel Core I3 E3 1220V2 1230 1240 1270 1280 1290 1225 1245 1275V2 CPU Intel Core I3 E3 LGA 1155 69W 3MB 8MB 22nm 3-Core Desktop CPU,https://www.lazada.vn/products/pdp-i3233719088.html,885.000 ₫,,"486 Đã bán
China"
JJT [Miễn Phí Vận Chuyển]Gương gương để bàn Retro Kính kép Gương trang điểm gương công chúa trong ký túc xá phòng ngủ Máy tính để bàn xoay gương trang điểm,https://www.lazada.vn/products/pdp-i2807475436.html,43.000 ₫,,"6 Đã bán
China"
Large Size Office Desk Protector Mat PU Leather Waterproof Mouse Pad Desktop Keyboard Desk Pad Gaming Mousepad PC Accessories,https://www.lazada.vn/products/pdp-i2295188538.html,109.800 ₫,5.0,288 Đã bán
Ổ cứng gắn trong Toshiba P300 Desktop PC 3.5inch Chính Hãng,https://www.lazada.vn/products/pdp-i986540416.html,2.240.000 ₫,4.0,22 Đã bán
ZTOYL 2026 Simple Style English Mini Desk Calendar Desktop Display Solid Color Portable Small Desk Calendar Desktop Decoration,https://www.lazada.vn/products/pdp-i3193216145.html,22.598 ₫,5.0,
"Fan quạt tản nhiệt Desktop HP EliteDesk 705 G5, 800 G3, 800 G4, 800 G5, 405 G4",https://www.lazada.vn/products/pdp-i1469844013.html,295.000 ₫,,
JustLiving 1 Hộp Đựng Ngăn Kéo Để Bàn Chống Bụi Tủ Đựng Hồ Sơ Văn Phòng Bằng Nhựa Hông Hộp Sắp Xếp Mỹ Phẩm Có Thể Xếp Chồng Lên Nhau,https://www.lazada.vn/products/pdp-i1673420538.html,141.353 ₫,,
"Kệ Nhựa 6 Ngăn Đựng Bút, Mỹ Phẩm, Đồ Trang Điểm, Hộp Ống Cắm Bút 6 Ngăn,Tặng Kèm Sticker Dễ Thương-HAUSE",https://www.lazada.vn/products/pdp-i2484110740.html,40.000 ₫,5.0,428 Đã bán
UGREEN USB Desktop Microphone Computer Desktop 60dB Noise Reduction Live Microphone Game Online Class Meeting Recording USB External Mic,https://www.lazada.vn/products/pdp-i1978757795.html,660.900 ₫,4.0,51 Đã bán
"🌳🌳 Trang chủ Wall Mount Clock 3D LED, Desktop TN828 Đồng hồ thông minh [Tặng pin]",https://www.lazada.vn/products/pdp-i3142115315.html,105.000 ₫,,
Hộp Đựng Bút Để Bàn Nhiều Ngăn Trong Suốt Đa Năng,https://www.lazada.vn/products/pdp-i2740469154.html,69.838 ₫,5.0,
MMLUCK Kiểu ngăn kéo Sắp xếp văn phòng phẩm để bàn 4 ô Tiết kiệm không gian Hộp đựng bút kim loại Đa chức năng Sức chứa lớn Giá đựng bút chì Dành cho văn phòng,https://www.lazada.vn/products/pdp-i3095982028.html,177.000 ₫,,
"Cây nước nóng lạnh nhập khẩu FUJIHOME WD61E Có khóa vòi nóng - Làm lạnh điện tử - 3 vòi riêng biệt, bảo hành điện tử toàn quốc 24 tháng",https://www.lazada.vn/products/pdp-i2922961374.html,1.870.000 ₫,,
GUDGA Hard Drives SSD hdd 2.5 SATA3 SSD 120gb 240gb 480gb 128GB 256G 1TB 2TB Internal Solid State for Laptop Hard Disk Desktop,https://www.lazada.vn/products/pdp-i2212327873.html,761.778 ₫,4.0,241 Đã bán
Andoer 54-inch Extendable Selfie Stick Tripod Stand Aluminum Alloy with Detachable Desktop Tripod Phone Holder Sports Camera Mount Adapter Remote Shutter Compatible with iPhone and Android Phones for Selfie Group Photo Live Video,https://www.lazada.vn/products/pdp-i2036167606.html,399.113 ₫,5.0,9 Đã bán
Vilscijon | Hộp Đựng Mỹ Phẩm cho Bàn và Phụ Kiện Trang Điểm,https://www.lazada.vn/products/pdp-i3191586498.html,127.000 ₫,4.0,
Ổ Cứng Thể Rắn Gắn Ngoài 1TB Ổ Cứng Di Động Dung Lượng Lớn 500GB SSD Type-C USB 3.0 Cho Máy Tính Xách Tay Máy Tính Xách Tay,https://www.lazada.vn/products/pdp-i2271206909.html,283.440 ₫,4.0,7 Đã bán
"KUULAA 3 in 1 Mag/netic Charging Station for Apple Devices iPhone 15/Airpods/Watch, MagSafe Wireless Charger for iPhone 15/14/13, 3-in-1 Power Strip Desktop Charger with Night Light Indoor Outdoor Decorative Lighting",https://www.lazada.vn/products/pdp-i2586616076.html,999.999 ₫,5.0,115 Đã bán
New Product X5 Live Broadcast Sound Card Set Black ABS Convenient Desktop Live Broadcast,https://www.lazada.vn/products/pdp-i2780231890.html,252.720 ₫,,
KUULAA Universal Phone Holder Stand Tablet Desktop Holder Telescopic Desktop Stand Adjustable Mobile Phone Support For iPhone iPad Huawei Tablet Computer Standable Phone Desk Holder Cellphone Holder,https://www.lazada.vn/products/pdp-i2009628029.html,59.455 ₫,4.0,116 Đã bán
[HCM] Kệ đựng bút ống đựng bút 4 ngăn basic hộp cắm bút để bàn nhiều ngăn đa năng Joyee810,https://www.lazada.vn/products/pdp-i2391374788.html,10.000 ₫,5.0,116 Đã bán
(UDOP) 50W USB Multiport Charger Fast Charge Charger Hub 10 Port Fast Charge Charger Charging Desktop Dock Charger,https://www.lazada.vn/products/pdp-i3027762827.html,277.262 ₫,,
Bộ Khuếch Đại Âm Thanh Không Nguồn B & O Harman HiFi Two-Way Passive Speaker Office Home Desktop Sound DIY Mới,https://www.lazada.vn/products/pdp-i2850120360.html,219.000 ₫,,
Bộ bàn phím chuột không dây BOW K601-M138 cho laptop desktop gõ im lặng,https://www.lazada.vn/products/pdp-i3178651893.html,572.000 ₫,4.0,
Creative Dragon Line Ceramic Incense Burner Tea Ceremony Aromatherapy Desktop Decoration Miniature Dragon King Incense Holder,https://www.lazada.vn/products/pdp-i3215356030.html,82.000 ₫,,"12 Đã bán
Hong Kong"
Đồ Chơi 3D in Minecraft Game World Warden Prisoner Desktop Decoration Gift Gaming Collectible Figures Đồ Chơi Mô Hình,https://www.lazada.vn/products/pdp-i3213154196.html,144.000 ₫,,"96 Đã bán
China"
[Jettingbuy] hộp đựng máy tính để bàn bán nhanh hộp đựng búp bê nhựa acrylic trưng bày mô hình hộp đựng trưng bày mô hình đồ chơi mô hình trong suốt chống bụi Hộp đựng đồ chơi mô hình động đứng,https://www.lazada.vn/products/pdp-i2303357503.html,18.607 ₫,,"15 Đã bán
China"
Hộp Đựng Đồ Zakka Retro Simple Wall Mounted Storage Box Wood Grid Desktop Organizer Hộp Đựng Đồ Dùng Gia Đình Hộp Đựng Đồ Dùng,https://www.lazada.vn/products/pdp-i3005745665.html,416.000 ₫,,"9 Đã bán
China"
Artificial Butterfly Orchid Potted Bonsai Fake Plants Ornament Home Garden Balcony Desktop Bedroom Living Room Decoration,https://www.lazada.vn/products/pdp-i2487821166.html,38.909 ₫,,
Băng Keo Nhiệt Silicon Ice Man MTG5 Cho CPU Card Đồ Họa Laptop Desktop Máy Tính Để Bàn Băng Keo Tản Nhiệt Chất Dán Keo,https://www.lazada.vn/products/pdp-i2493566428.html,49.000 ₫,4.0,357 Đã bán
DC Unassembled Batman Joker 3.75 Inch Jointed Action Figure Shark King Killer Croc Bain Robin PVC Collectible Desktop Decoration,https://www.lazada.vn/products/pdp-i2305302623.html,158.000 ₫,4.0,130 Đã bán
Mini Blue And White Porcelain Vase Home Living Room Decorative Items Ceramic Flower Pot Traditional Chinese Style Desktop Decoration,https://www.lazada.vn/products/pdp-i1705613474.html,51.000 ₫,4.0,521 Đã bán
Intel Core i7-2600K CPU 3.4GHz 6MB L3 Cache 8MB L2 Cache 22nm LGA1155 Quad-Core Desktop Processor Intel CPU,https://www.lazada.vn/products/pdp-i3149238572.html,239.000 ₫,,
Ổ Cắm Bàn Làm Việc Gắn Tường Đa Năng Có Cảm Biến Không Dây Sạc Nhanh 5 Lỗ Kiểu C Ẩn Bên Hông Để Bàn Làm Việc,https://www.lazada.vn/products/pdp-i2997588027.html,343.000 ₫,,
"Bình lọc nước nóng lạnh, Cây nước nóng lạnh mini KAW, thiết kế 2 vòi và 2 công tắc nóng lạnh, BH uy tín",https://www.lazada.vn/products/pdp-i2385919005.html,945.000 ₫,5.0,603 Đã bán
WHPHous Pp lưu trữ hộp trong suốt Máy tính để bàn Tổ Chức Công suất lớn dán Hộp Bút Chì subpackage chủ Máy tính để bàn văn phòng phẩm lưu trữ hộp,https://www.lazada.vn/products/pdp-i2926848259.html,12.899 ₫,5.0,
Hộp lưu trữ để bàn kiểu ngăn kéo 3 tầng - Công cụ sắp xếp dung lượng lớn cho đồ dùng văn phòng Trang sức Mỹ phẩm,https://www.lazada.vn/products/pdp-i3211135463.html,24.000 ₫,,
GUDGA M2 2280 SSD M.2 SATA 256gb 128gb NGFF 2280mm Internal Solid State Drive for Desktop Laptop,https://www.lazada.vn/products/pdp-i2916615030.html,404.710 ₫,5.0,60 Đã bán
"Kệ Nhựa 6 Ngăn Đựng Bút, Mỹ Phẩm, Đồ Trang Điểm, Hộp Ống Cắm Bút 6 Ngăn,Tặng Kèm Sticker Dễ Thương-NIEVE",https://www.lazada.vn/products/pdp-i2654309806.html,40.000 ₫,5.0,49 Đã bán
GUDGA DDR3 4GB 8GB RAM Desktop Memory Ram 1600 Mhz 1.5V 240Pin For Desktop Dimm PC DDR3 Memoria Ram Ddr3 8gb 4gb Desktop RAM,https://www.lazada.vn/products/pdp-i2919036265.html,447.460 ₫,5.0,53 Đã bán
1 Set Creative Retro Wooden Frame Glass Vases Green Ivy Plant Flower Hydroponic Vessel Home Balcony Desktop Decoration Object,https://www.lazada.vn/products/pdp-i3142216553.html,317.382 ₫,5.0,
Chinese Style Minimalist Wooden Tissue Box Suitable for Removable Tissue Home Living Room Bedroom Office Desktop Organizing Tool,https://www.lazada.vn/products/pdp-i3142367421.html,398.338 ₫,5.0,
Kebidumei Network Card 10M/100M/1000Mbps Gigabit Ethernet PCI Express Network Card 1Gbps RJ45 LAN Adapter PCIe Converter for Desktop PC,https://www.lazada.vn/products/pdp-i2345591652.html,126.814 ₫,5.0,121 Đã bán
Lucky 13 Action Figure Model DIY Doll Dummy 3D Printed Multi-Jointed Movable Robot Toys Boys Gifts Desktop Decoration,https://www.lazada.vn/products/pdp-i2634427992.html,73.500 ₫,,"484 Đã bán
China"
"Bảng menu mica trong suốt chống trầy xước | Có sẵn các khổ A4, A5 và A6, hiển thị mã QR rõ nét. Bền bỉ và chống trầy xước, bảng menu có thể sử dụng lâu dài trong nhà hàng mà không bị hao mòn.",https://www.lazada.vn/products/pdp-i2768658698.html,17.820 ₫,,
[HCM]Bộ chuyển đổi VGA sang HDMI gắn từ máy tính cổng Vga sang màn hình cổng HDMI mẫu ngầu nhiên,https://www.lazada.vn/products/pdp-i549900915.html,69.900 ₫,5.0,10 Đã bán
"Hộp Đựng Đồ Để Bàn Vision, Hộp Nhựa Nhiều Lớp Có Ngăn Kéo, Đựng Tài Liệu Văn Phòng, Kệ Sắp Xếp, Hộp Đựng Mỹ Phẩm",https://www.lazada.vn/products/pdp-i849064111.html,104.255 ₫,5.0,
MMLUCK Doraemon. Giá đỡ bút Đồ trang trí Mèo Dingdang Hộp đựng bút chì Dễ thương Đa chức năng Dụng cụ sắp xếp văn phòng phẩm Trang trí bàn làm việc,https://www.lazada.vn/products/pdp-i3099574865.html,77.000 ₫,5.0,
UGREEN chuột không dây Bluetooth 2.4G Wireless Ergonomic Silent Mouse 4000DPI for MacBook Tablet Laptop Computer Desktop PC Model with Battery Model：35900,https://www.lazada.vn/products/pdp-i2834323788.html,468.700 ₫,5.0,12 Đã bán
"Khay Chia Ngăn Kéo Trong Suốt Vân Sọc, Khay Đựng Mỹ Phẩm Xếp Chồng Tiện Lợi Để Bàn - ALLIN",https://www.lazada.vn/products/pdp-i3147041343.html,14.400 ₫,5.0,18 Đã bán
NECA Pacific Rim 2 Eureka Red Machine Glowing Double Blade Dangerous Wanderer Figurine Model PVC Collection Desktop Decoration,https://www.lazada.vn/products/pdp-i2519167537.html,291.000 ₫,5.0,
"4 Ports PCI SATA Raid Controller Internal Expansion Card with Two Sata Cables, for Desktop PC,Support SATA Hard Drive",https://www.lazada.vn/products/pdp-i2327743412.html,209.162 ₫,,
GUDGA M.2 NVMe SSD 256GB PCIe4.0 Internal Solid State Drive 3500MB 3D NAND TLC M2 2242 For Laptop/Desktop PC,https://www.lazada.vn/products/pdp-i3056847621.html,556.708 ₫,,
"WAVLINK USB Hub, 7-IN-1 USB-C Hub with USB-C to A Adapter, 5Gbps USB3.0, 6*480Mbps USB2.0, USB Splitter Plug & Play for iMac/iPad Pro/iPhone 15, Compatible with Windows/Mac/Android/Chrome OS/Linux",https://www.lazada.vn/products/pdp-i2944281758.html,95.000 ₫,5.0,9 Đã bán
Vertical Laptop Stand For Macbook Air Pro Desktop Aluminum Stand With Adjustable Dock Size For All-kind Tablet Notebook Stand,https://www.lazada.vn/products/pdp-i2220998688.html,265.500 ₫,5.0,69 Đã bán
POP MART Skullpanda Sound Series Blind Box PVC ABS Magnetic Figurine Dream Eater Animal Desktop Decorations Gifts,https://www.lazada.vn/products/pdp-i2947668442.html,142.000 ₫,5.0,41 Đã bán
GUDGA Industry msata ssd SATA 3 TLC 32GB 64GB 128gb hd ssd Internal Solid State ssd hard disk for Desktop Laptop Computer,https://www.lazada.vn/products/pdp-i2327474026.html,762.672 ₫,4.0,20 Đã bán
POPMART Bubbles Momo Lucky Star Series Small Doll Trendy Ornaments Gifts PVC Material Office Desktop Car Decorations Static,https://www.lazada.vn/products/pdp-i2880544604.html,71.000 ₫,,"289 Đã bán
Hong Kong"
Giá đỡ điện thoại và máy tính bảng xếp gọn Baseus Foldable Metal Desktop Holder (Universal Holder Stand) LUKP000013,https://www.lazada.vn/products/pdp-i2369154170.html,257.230 ₫,4.0,100 Đã bán
UGREEN Bluetooth 5.0 Vertical Mouse 4000DPI 2.4G for MacBook Tablet Laptop Computer Desktop PC Model:25444,https://www.lazada.vn/products/pdp-i2505199204.html,675.580 ₫,5.0,554 Đã bán
Collect Book Nhám Bốn Ngôi Sao Sổ Đựng Thẻ Card Hàn Quốc Nhiều Mẫu Dễ Thương Midi Corner,https://www.lazada.vn/products/pdp-i3180849068.html,43.000 ₫,4.0,
Hộp Đựng Bút Hình Bánh Macaron Phong Cách Muji Đơn Giản Sức Chứa Lớn Đa Năng Ốp,https://www.lazada.vn/products/pdp-i2547451245.html,28.000 ₫,,
Apple Mac Mini M1 M2 Vertical Stand Desktop Computer Host Storage Base New Model Cooling Base Bracket Accessories,https://www.lazada.vn/products/pdp-i3147489485.html,91.000 ₫,,"52 Đã bán
China"
Snow Queen Collectible PVC 1/6 Scale Adult Figure High Quality Domestic Gk Model Desktop Decoration for Men And Women,https://www.lazada.vn/products/pdp-i3211962414.html,404.000 ₫,,"600 Đã bán
China"
Roblox Game Toy Display Model Virtual World Doll Building Blocks Collectible Figures Creative Desktop Decorations Children's Room,https://www.lazada.vn/products/pdp-i1619235292.html,254.000 ₫,5.0,258 Đã bán
Mini Multi-Purpose Workbench vice Clamp Woodworking Table Tiger Clamp Small Desktop Iron Cast Other Specifications vice Holder,https://www.lazada.vn/products/pdp-i3129964591.html,240.000 ₫,,"139 Đã bán
China"
Gigabyte H81M-DS2 B85 Z97 LGA1150 Motherboard Original New Computer Parts Desktop CPU Motherboard Gigabyte,https://www.lazada.vn/products/pdp-i3151718528.html,576.000 ₫,,"48 Đã bán
China"
Edifier MR4 Desktop Speaker Stand HiFi Audio Storage Bracket Bookshelf Subwoofer Base Đồ Dùng Phụ Kiện Âm Thanh,https://www.lazada.vn/products/pdp-i3138882935.html,737.000 ₫,,
Warm Flowers Pot Purple Clay Miniature Bowl Double Line Shorter Green Plant Flower Vase Simple Style Desktop Decoration,https://www.lazada.vn/products/pdp-i2170346354.html,79.000 ₫,4.0,65 Đã bán
Vention Cáp RCA Dây AV Âm Thanh 3.5mm Jack Để 2 RCA Audio Cable for Phone Speaker PC Power Amplifier Home Stereo Laptop Desktop DVD 3 5mm Male to 2 Male RCA Jack Aux Cord,https://www.lazada.vn/products/pdp-i473260901.html,99.000 ₫,4.0,
Philips 35/67W Gallium Nitride Desktop Quick-charge Socket One Turn Porous Feature USB Charger Strip GaN Charger Charging Socket,https://www.lazada.vn/products/pdp-i2891604151.html,547.222 ₫,,
Llano Battery Charger for Insta360 Ace Pro Digital Display Fast Charge Dual Charging Box Sports Camera Accessories 360 acepro,https://www.lazada.vn/products/pdp-i2996070865.html,639.009 ₫,,
UGREEN chuột Bluetooth 2.4G chuột không dây Wireless Mouse Ergonomic Silent Mouse 4000DPI for MacBook Tablet Laptop Computer Desktop PC Model: 90855,https://www.lazada.vn/products/pdp-i1798736260.html,306.200 ₫,4.0,
Intel AX200 9260AC AX210 Wireless Network Card Adapter Antenna,https://www.lazada.vn/products/pdp-i2624235149.html,68.000 ₫,4.0,22 Đã bán
【24H Shipping】Crucial DDR3 RAM 4GB 8GB Desktop Memory 1333MHz 1600MHz 1866MHz PC3-10600 12800 14900 DIMM Non ECC 240Pin 1.5V DDR3L 1.35V PC Gaming Memory,https://www.lazada.vn/products/pdp-i2849798906.html,144.000 ₫,5.0,
WAVLINK Bộ Chuyển Đổi USB WiFi 1900Mbps Dual Band USB3.0 WiFi Adapter USB bộ thu sóng WiFi Cho PC Laptop Desktop,https://www.lazada.vn/products/pdp-i3102701531.html,828.000 ₫,,
Vention Giá Đỡ Laptop Gập Gọn 6 Nấc - Chất Liệu Nhôm Cao Cấp - Điều Chỉnh Chiều Cao 55-115mm - Chống Trượt Silicon - Phù Hợp Mọi Laptop 17 Inch,https://www.lazada.vn/products/pdp-i494940599.html,99.000 ₫,4.0,
LAPTOP MEMORY RAM DDR4 4GB BUS 2133 3 year warranty,https://www.lazada.vn/products/pdp-i1057772871.html,175.000 ₫,5.0,11 Đã bán
LLANO S30 Phone Stand 360° Adjustment Desktop Bracket Universal Mobile Phone Holder Live Video Mount for 4.7-12.9 Inch,https://www.lazada.vn/products/pdp-i3001323711.html,159.000 ₫,4.7,
DomeDecor 6Inch USB Động Cơ 3/5 Lưỡi Không Chổi Than Động Cơ Quạt DC5V-9V Động Cơ Quạt Máy Tính Để Bàn Fan Core Với Cánh Quạt Cao Khối Lượng Không Khí,https://www.lazada.vn/products/pdp-i3006411323.html,28.863 ₫,5.0,35 Đã bán
Mini Portable Compact Desktop White Hand Drawn Water Cooling ITX Case Open Structure Steel Aluminum Hybrid Material,https://www.lazada.vn/products/pdp-i2529055010.html,631.000 ₫,5.0,139 Đã bán
[Mới] Lọ Cắm bút hình Cây Viết Chì màu đơn sắc (8.5x6.5x10.5 cm),https://www.lazada.vn/products/pdp-i2159917703.html,15.000 ₫,5.0,28 Đã bán
ORICO Power Strip with 6 AC Outlets Smart Charging Desktop Surge Protector Power Strip 3/5M for Household Use [EU Plug],https://www.lazada.vn/products/pdp-i3139720227.html,231.800 ₫,5.0,10 Đã bán
Vention USB-C + USB-A để đầu chuyển HDMI hỗ trợ 1080p cho máy tính để bàn máy tính xách tay để theo dõi Máy Chiếu TV Cáp HDMI chuyển đổi Adapter,https://www.lazada.vn/products/pdp-i2361196357.html,255.000 ₫,5.0,19 Đã bán
M.2 Bộ chuyển đổi sang SATA SFF-8654 để M2 NVME công cụ chuyển đổi SSD 22pin SATA để M2 bo mạch mở rộng cho PC bo mạch chủ Máy tính để bàn,https://www.lazada.vn/products/pdp-i2897535385.html,357.000 ₫,,
"Giá Treo Quần Áo Có Thể Thu Vào Không Cần Đục Lỗ Hiện Vật, Giá Treo Tường Tiết Kiệm Không Gian Ban Công",https://www.lazada.vn/products/pdp-i3141752887.html,32.000 ₫,,
Ekleva Chất Lượng Cao Máy Tính Để Bàn Máy Tính Bảng Chủ Bảng Di Động Có Thể Gập Lại Mở rộng Hỗ Trợ Bàn Di Động Có Thể Điều Chỉnh Giá để điện thoại Đứng,https://www.lazada.vn/products/pdp-i2759032588.html,62.392 ₫,5.0,20 Đã bán
WHPHous Desktop Pen Holder Case Office Supplies Storage Box Big Capacity Pencil Box Plastic Pencil Case For Boys Girls Students,https://www.lazada.vn/products/pdp-i3183809436.html,30.637 ₫,,
Vention chuyển đổi HDMI 1 in 4 out 4k 60Hz HDMI Splitter cho Desktop Laptop Box PS5 PS4 sang Projector TV HD 3D HDMI Switch Adapter,https://www.lazada.vn/products/pdp-i378712376.html,489.000 ₫,4.0,116 Đã bán
Vention USB 3.0 2 Trong 1 Đầu Đọc Thẻ Nhớ USB A Type C to SD TF Micro SD Bộ Chuyển Đổi cho Laptop OTG Smart Phone Tablet Desktop All in One Memory SD Card Reader,https://www.lazada.vn/products/pdp-i1905902313.html,89.000 ₫,4.0,195 Đã bán
Bộ sạc nhanh Baseus 100W GaN3 Pro USB C Charger 4-Ports Desktop Fast Charger with 5ft AC Cable for MacBook Pro/Air iPhone 13/12 iPad Pro Samsung Galaxy,https://www.lazada.vn/products/pdp-i2955316626.html,1.099.000 ₫,5.0,
Pure Solid Wood Display Shelf Desktop Storage Rack Figure Model Toy Blind Box Doll Green Plant Step Succulent Flower Stand,https://www.lazada.vn/products/pdp-i2877392381.html,99.000 ₫,,
Chuột không dây BOW đa năng thoải mái cho laptop desktop,https://www.lazada.vn/products/pdp-i3178807017.html,129.000 ₫,4.0,
Vention USB Sound Card USB 2.0 External Stereo Sound Adapter 15cm With Volume Control Sound Card for Laptop Desktop PS4 Earphone Headset Speaker USB External Sound Card Adapter,https://www.lazada.vn/products/pdp-i1325012484.html,224.204 ₫,4.0,616 Đã bán
Bộ Làm Mát CPU AM4 Desktop 6 Heat Pipe 12th Gen I7 I5 Three Silent Fans 1200 115X Mô Hỏng PMT-P96 Bộ Làm Mát Tản Nhiệt CPU Mới,https://www.lazada.vn/products/pdp-i2524318754.html,282.000 ₫,5.0,27 Đã bán
Edifier Halo Soundbar Bluetooth Desktop Computer Gaming Bass Home Audio Speaker Powerful Bass Multimedia Speakers for PC Gaming,https://www.lazada.vn/products/pdp-i3170746469.html,1.489.000 ₫,,
Mac Mini M4 2024 Desktop Expansion Dock Stand 3D Printed Mars Rover Design Heat Dissipation Heightened Computer Docking Station,https://www.lazada.vn/products/pdp-i3053729086.html,381.000 ₫,,
[NC] Desktop Bluetooth Speaker DAC/AMP FOSI ZD3 | Âm Ly Để Bàn | Desktop DAC Preamplifier,https://www.lazada.vn/products/pdp-i2896819792.html,3.800.000 ₫,5.0,
Anime Rem Blind Box Sexy Model Doll Collectible Figures Anime Themed Gift Bag Desktop Decorations for Girls Creative Home Decor,https://www.lazada.vn/products/pdp-i3012975269.html,310.000 ₫,,
Tom And Jerry Figurine Cheese Cat And Jerry Car Decorative Desktop Cake Decorations PVC Material Collectible Toys for Ages 8+,https://www.lazada.vn/products/pdp-i3211966311.html,193.000 ₫,,"600 Đã bán
China"
EVA First-Run Anime Model Toy Desktop Decoration Head Sculpture Robot Toy New Century Evangelion Anime Collectible Figures,https://www.lazada.vn/products/pdp-i3216578255.html,186.000 ₫,,"12 Đã bán
China"
HP IPM87-MP H87 1150 Motherboard 707825-003 785304-001 LGA1150 Chipset H87 Compact M-ATX Desktop Intel CPU DDR3 VGA,https://www.lazada.vn/products/pdp-i3146445484.html,576.000 ₫,,"7 Đã bán
China"
Green Union S6 Cube Multi-Function Desktop Charging Station Multi-Purpose Power Strip USB Converter with Multiple Ports,https://www.lazada.vn/products/pdp-i2997323743.html,310.000 ₫,,"66 Đã bán
China"
HNKMP Máy tính để bàn hướng dương trang điểm gương sáng tạo ký túc xá Máy tính để bàn giá trị cao phòng ngủ gương trang trí nội thất gương,https://www.lazada.vn/products/pdp-i3014828104.html,13.557 ₫,5.0,8 Đã bán
Ống Cắm Bút Lưới Dễ Thương Họa Tiết Capybara - Kệ Bút Decor Bàn Học Bàn Làm Việc Xinh Xắn,https://www.lazada.vn/products/pdp-i3077943038.html,15.435 ₫,5.0,13 Đã bán
Vention Jack 3 5 Ra 2 Đầu AV Dây Âm Thanh HiFi Cáp RCA to 3.5mm cho PC Speaker Power Amplifier Laptop Cellphone Desktop MP3 3.5mm Sang 2 RCA Adapter Cable,https://www.lazada.vn/products/pdp-i997424853.html,52.388 ₫,4.0,691 Đã bán
Ultra Large Size Anime Mousepad Office Desk Mat Computer Keyboard Wrist Rest Mat Anti-Slip Desktop Edge Lock Mouse Pad,https://www.lazada.vn/products/pdp-i2856307780.html,31.350 ₫,,
Phụ Kiện Máy Tính Hellokitty Gradual Superior Size Lớn Cho Bàn Làm Việc Gaming Office Keyboard Dành Cho Nữ Dormitory Desktop Mat,https://www.lazada.vn/products/pdp-i3167464427.html,39.500 ₫,,
"Aquarium Fish Tank, Acrylic Small Desktop Fish Bowls, Ultra Clear Filter Aquarium Fish Tank, Mute Aquarium Accessories For Betta Fish, Shrimp",https://www.lazada.vn/products/pdp-i2688155117.html,403.528 ₫,,
Thermalright C12C Series 12CM 1550RPM S-FDB Bearing Silent Computer Case Fan Desktop CPU Cooling Fan High Quality New Part,https://www.lazada.vn/products/pdp-i2896602941.html,122.000 ₫,,
Vention Bô chia âm thanh dây kết nối âm thanh Audio Splitter Jack 3.5mm to Earphone Extension Cable cho Laptop Speaker tai nghe PC Tablet Phone MP3 Desktop cáp 3 5mm đực sang 2 cái,https://www.lazada.vn/products/pdp-i585064789.html,63.902 ₫,4.0,
Mouse Pad For Office Working /Gaming PU Leather Double-side Waterproof Desktop Protector Mat Non-slip MousePad For Laptop Desk PC,https://www.lazada.vn/products/pdp-i2353335246.html,25.075 ₫,4.0,296 Đã bán
LED DÂY RGB 7 MÀU 5050 5M/300LED/CUỘN,https://www.lazada.vn/products/pdp-i521894340.html,105.000 ₫,4.0,390 Đã bán
GUDGA 512GB 1TB SSD PCIe NVME Internal Solid State Drive 2280 PCIe 3.0 3000MB/S 3D NAND TLC High Speed for Laptop Desktop,https://www.lazada.vn/products/pdp-i2925047288.html,737.208 ₫,3.0,
LANJIAOLUO | Hộp Đựng với Giá Sắp Xếp Điều Chỉnh Được cho Dụng Cụ Bếp và Phân Chia Mỹ Phẩm,https://www.lazada.vn/products/pdp-i3195327797.html,296.000 ₫,4.0,
UGREEN giá đỡ điện thoại Phone Stand 180° Adjustable Freely Aluminum Alloy Mobile phone desktop folding stand for iPhone17 16 15 14 13 Pro Max Samsung Galaxy S25 S24 S23 S22 Ultra Model: 15608,https://www.lazada.vn/products/pdp-i3165866621.html,284.000 ₫,5.0,7 Đã bán
"WAVLINK USB WiFi Adapter for PC, AX5400 Tri-band 2.4/5/6GHz Wireless Network Adapter with 4 High Gain 5dBi Antennas for Desktop, Laptop, Supports Windows 10/11",https://www.lazada.vn/products/pdp-i2763349317.html,738.288 ₫,5.0,21 Đã bán
"Cây nước nóng lạnh để bàn mini FUJIHOME WD5510E làm lạnh bằng chip điện tử, làm nóng nhanh, để bàn nhỏ gọn, tiết kiệm điện, bảo hành toàn quốc 24 tháng",https://www.lazada.vn/products/pdp-i2399867244.html,1.185.000 ₫,,
Kingston 128GB Gaming M.2 2230 PCIe NVMe SSD Cho Stream Deck Laptop & Desktop Ổ Cứng Thể Rắn Bên Trong Tương Thích Với Máy Tính Để Bàn Và Máy Tính Xách Tay,https://www.lazada.vn/products/pdp-i3191392917.html,650.000 ₫,5.0,47 Đã bán
"Ống Cắm Bút Dạng Tổ Ong, Hộp Đựng Bút Nhựa Dễ Thương 3 ô",https://www.lazada.vn/products/pdp-i2639488537.html,22.000 ₫,5.0,
UGREEN 2.4G Wireless Ergonomic Silent Mouse 1600DPI for MacBook Tablet Laptop Computer Desktop PC Model: 45012,https://www.lazada.vn/products/pdp-i2665994521.html,334.300 ₫,5.0,49 Đã bán
Wall Mounted Desktop Bracket for Mini Protective Case Cooling Vertical Stand Holder Table Bottom Stander,https://www.lazada.vn/products/pdp-i3190376382.html,181.396 ₫,,
Anime Girl Shaving High School Student Original Sa Handmade Collectible Figure Desktop Computer Case Anime Model Toy,https://www.lazada.vn/products/pdp-i2901880599.html,158.000 ₫,,
Cáp Sạc Đa Năng Baseus Traction Series Retractable 3-in-1 Fast Charging Cable Desktop Organizer (Type-C to M+L+C 100W 1.7m),https://www.lazada.vn/products/pdp-i2139035043.html,109.000 ₫,5.0,44 Đã bán
【50% OFF Voucher】KUULAA Phone Stand for Desk Cell Phone Holder Fully Foldable&Portable Phone Holder Stand Compatible for iPhone 14/13/12/Smartphones Desktop Desk Stand,https://www.lazada.vn/products/pdp-i2313836016.html,117.446 ₫,5.0,750 Đã bán
"Quạt tuần hoàn không khí Lock&Lock Bianco Desktop circulation fan Màu ngà ENF156IVY điều chỉnh 90 độ, ít tiếng động",https://www.lazada.vn/products/pdp-i2399442775.html,923.000 ₫,4.0,155 Đã bán
"Giá đỡ máy tính bảng UGREEN Đế giữ máy tính bảng di động có thể điều chỉnh Tương thích cho iPad 10,2 iPad Pro 11 inch iPad 9,7 iPad Mini 6 5 4 3 2 iPad Air iPhone 14 Plus/iPhone 14 Pro Max 13 12 Pro Max 11 XS XR",https://www.lazada.vn/products/pdp-i913136500.html,276.700 ₫,4.0,224 Đã bán
"Cáp UGREEN USB C đến DP1.4 - Chấm dứt 8K 60Hz, Hỗ trợ VVR, 3D HDR, Dolby-Tương thích với Laptop, Desktop, Màn hình-Bảo hành 18 tháng model：25158",https://www.lazada.vn/products/pdp-i3074726100.html,351.270 ₫,5.0,14 Đã bán
"Trạm Sạc Nhanh Đa Năng | Điều Chỉnh Dòng Điện, Bảo Vệ Toàn Diện, Tương Thích Smartphone, Laptop, Các Thiết Bị Văn Phòng | PISEN PRO Aurora Desktop Magstation | KF27 | Bảo Hành 18 Tháng (Kích Hoạt PCARE + 6 Tháng) | Bảo Hiểm 2 Triệu Đô Toàn Cầu",https://www.lazada.vn/products/pdp-i3122580833.html,3.439.900 ₫,5.0,
Bóng cân bằng đầy màu sắc Palm Labyrinth Puzzle Desktop Game Trẻ em sớm dạy giải nén đồ chơi hộp quà,https://www.lazada.vn/products/pdp-i3051559421.html,120.000 ₫,,
Deadly Palace Ring Ne Figure New Release Early Morning Strawberry Devil Ver Desktop Decoration Anime PVC Collectible Model 18+,https://www.lazada.vn/products/pdp-i3215599292.html,357.000 ₫,,"6 Đã bán
China"
Death Note Death God Night God Desktop Ornaments Sulphur Death Ama Model Gifts Note Anime Themed Collectible Figures,https://www.lazada.vn/products/pdp-i3228623149.html,97.000 ₫,,"12 Đã bán
China"
Classic Portable Electronic Guitar Amplifier Retrospective Bass Treble Adjustable Mini My Amp USB Powered Desktop Speaker,https://www.lazada.vn/products/pdp-i3014451889.html,280.000 ₫,,"34 Đã bán
China"
POP MART Disney Pixar Harry Potter POP CUBE1-2-3 Series Collectible Blind Box PVC ABS Magnets 45cm Desktop Decoration,https://www.lazada.vn/products/pdp-i3012923335.html,221.000 ₫,,"30 Đã bán
China"
"[Chính hãng] Ổ cứng gắn ngoài WD Elements Desktop USB 3.0 4TB, 6TB, 8TB, 10TB, 12TB, 14TB, 16TB, 18TB, 20TB 22TB 0401",https://www.lazada.vn/products/pdp-i2138006021.html,15.900.000 ₫,5.0,10 Đã bán
"Giá Đỡ Máy Tính Mac Mini M1 M2 Mac Studio Apple Desktop Chống Bụi, Đế Tản Nhiệt Màu Trắng, Phụ Kiện Máy Tính Mới",https://www.lazada.vn/products/pdp-i3147449428.html,223.000 ₫,,"12 Đã bán
China"
Đồ Chơi Xe Điều Khiển Từ Xa Mini Metal Monster RC Off-Road Car Drift Racing Toy Four-Wheel Drive Desktop Xe Chơi Với Độ Tuổi Từ 3-100,https://www.lazada.vn/products/pdp-i3216561378.html,321.000 ₫,,"6 Đã bán
China"
KHUNG ẢNH TREO TƯỜNG ĐỂ BÀN MẶT MIKA KÍNH MÃ 2812,https://www.lazada.vn/products/pdp-i2483457450.html,29.000 ₫,5.0,
LOA COLORFUL Soundbar CSP-5201 Desktop Speaker,https://www.lazada.vn/products/pdp-i2665472978.html,476.000 ₫,,
"Vỏ, tản cpu, khay ổ cứng cho case máy tính Dell 780 SFF",https://www.lazada.vn/products/pdp-i1629274749.html,40.000 ₫,4.0,16 Đã bán
THIẾT BỊ MẠNG SWITCH LINKSYS 5 PORT BUSINESS DESKTOP GIGABIT LGS105 10/100/1000MBPS,https://www.lazada.vn/products/pdp-i1732489847.html,858.000 ₫,5.0,
Ống Heo trang trí - Animal Figurine Cion Bank (Money bank) Desktop Decor,https://www.lazada.vn/products/pdp-i2091611998.html,199.000 ₫,5.0,
"Thùng đựng đồ đa năng, đựng tài liệu, bìa còng A4 kích thước dài 50, rộng 35, cao 25",https://www.lazada.vn/products/pdp-i2065736313.html,290.000 ₫,5.0,
[NC] Desktop Speaker AMP FOSI ZA3 | Âm Ly Để Bàn | Desk Amplifier,https://www.lazada.vn/products/pdp-i2723379197.html,3.000.000 ₫,,
"GUDGA Ổ cứng thể rắn SSD M2 Nvme 512GB 1TB 2TB 4TB 7200MB/giây PCIe4.0x4 cho máy tính xách tay PS5, máy tính để bàn",https://www.lazada.vn/products/pdp-i3056864251.html,4.898.951 ₫,5.0,9 Đã bán
Ram PC - 8GB DDR3 các hãng Kingston Samsung Bus 1600Mhz PC3 12800MHz 1.5V Udimm Dùng Cho Máy Tính Để Bàn Desktop,https://www.lazada.vn/products/pdp-i1035430223.html,400.000 ₫,,
"【Buy 1 Get 30% OFF】Rocoren 150W Desktop Laptop Fast Charger 6 in 1 Adapter For Computer,Tablet and Mobile Phones",https://www.lazada.vn/products/pdp-i2509907738.html,736.100 ₫,5.0,14 Đã bán
Giá đỡ điện thoại/ tablet để bàn tích hợp sạc nhanh không dây Baseus Literary Youth Desktop Bracket SUWY-D0S,https://www.lazada.vn/products/pdp-i2392376398.html,530.000 ₫,,
DC Superhero Batman Superman Robin Wonder Woman Joker Toy Pen Cap Display Toy Loose Goods PVC Material Desktop Decoration,https://www.lazada.vn/products/pdp-i3188744681.html,59.000 ₫,,
Thiết bị chia mạng TP-Link TL-SG108 8-Port Gigabit Desktop,https://www.lazada.vn/products/pdp-i1353156186.html,534.400 ₫,5.0,17 Đã bán
"Switch TP-Link 8-Port Gigabit Desktop Switch TL-SG108 - Hàng chính hãng - Thiết kế kim loại bền, hoạt động êm ái, 8 cổng Gigabit tốc độ cao, cắm là chạy & tiết kiệm điện năng",https://www.lazada.vn/products/pdp-i3074588068.html,559.000 ₫,,
NEW Round desktop electric height-adjustable table Mechanical structure manual height-adjustable table With wheels USB,https://www.lazada.vn/products/pdp-i3112928737.html,2.100.000 ₫,,
CPU Cooler Snowman Ice Man 6/8 Heat Pipe Dual Tower CPU Cooler 1700 Wind Cooling X99 Desktop 2011 Silent AM4 AM5 Fan,https://www.lazada.vn/products/pdp-i2830230813.html,762.000 ₫,,"6 Đã bán
Hong Kong"
Cáp USB máy in Ugreen 10350 20846 20847 10351 10352 US135 ( USB A-USB B 480Mpbs đầu Mạ Vàng),https://www.lazada.vn/products/pdp-i2818392226.html,47.000 ₫,5.0,Priority Instant
Vention Micro B Cable USB 3.0 A to Micro B Cable Male to Male 3A Fast Charging Cord Wire with Dual USB Power Supply 0.5m 1m for Laptop Desktop Camera hard drive USB to Micro B USB Cable Cord,https://www.lazada.vn/products/pdp-i1297441269.html,69.000 ₫,5.0,25 Đã bán
Ram Laptop Crucial 16GB DDR5-5600 SODIMM,https://www.lazada.vn/products/pdp-i2658548547.html,2.190.000 ₫,,
"Ổ Cứng để bàn HDD Western Digital WD My Book 4TB- 3.5"" USB 3.0 Desktop - WDBBGB0040HBK",https://www.lazada.vn/products/pdp-i2280563804.html,3.996.000 ₫,3.5,
Củ Sạc nhanh UGREEN GAN 65W USB C Fast Charger USB Type-C Simultaneous Power Supply Multiple Ports Desktop Smart Fast Charging for Switch2 MacBook Pro/Air iPhone 16 15 14 13 Pro Max iPhone 14 Plus 12 11 iPad Pro Huawei MatePad Samsung Galaxy S22 Ultra,https://www.lazada.vn/products/pdp-i3125903160.html,856.100 ₫,,
"Muji Hộp Mica Có Nắp Đựng Phụ Kiện/ Mỹ Phẩm17,5x13x9,5cm",https://www.lazada.vn/products/pdp-i1954205540.html,441.000 ₫,5.0,11 Đã bán
"MOFT Multifunctional Desk Mat Water-resistant PU Leather, Multi-angle Laptop Tablet Stand Desktop Organizer Adjustable Display Board",https://www.lazada.vn/products/pdp-i2398413114.html,295.000 ₫,5.0,9 Đã bán
Ram Desktop CT16G56C46U5 Crucial UDIMM DDR5 5600MHz 16GB CL46 (16Gbit),https://www.lazada.vn/products/pdp-i3011452248.html,2.190.000 ₫,,
AULA F3261 RGB Hotswap Keyboard 61 Keys wired Mechanical Gaming Keyboard ergonomic adjustable support For PC Desktop computer Laptop Office games,https://www.lazada.vn/products/pdp-i2100781529.html,579.000 ₫,4.0,816 Đã bán
[NC] Desktop Speaker AMP FOSI MC101 | Âm Ly Để Bàn | Desk Amplifier,https://www.lazada.vn/products/pdp-i2723273683.html,2.140.000 ₫,,
Mini Tank Military Series Full Set Assembly Model Children's Desktop Game Toy Display MOC Blocks Đồ Chơi Lắp Ráp Mô Hình Xe Tăng,https://www.lazada.vn/products/pdp-i2901861468.html,80.000 ₫,,"18 Đã bán
Hong Kong"
Acrylic Whiteboard Translucent Erasable Message Board Fridge Magnet Home Use Desktop Memo Board Kitchen Organizer,https://www.lazada.vn/products/pdp-i3200835841.html,184.000 ₫,5.0,13 Đã bán
"WAVLINK 2024 New BE8800 WiFi 7 PCIe Network Card, Tri-Band BE200 Wireless Adapter with Bluetooth 5.4, MU-MIMO, WPA3, Low-Profile Bracket, Heat Sink, for Windows 10/11 Desktop PC",https://www.lazada.vn/products/pdp-i2745978146.html,989.999 ₫,4.0,24 Đã bán
"Kệ Để Màn Hình Máy Tính, Bàn Phím, Sách và Đồ Văn Phòng SIB Decor KDB03",https://www.lazada.vn/products/pdp-i791428901.html,346.000 ₫,5.0,31 Đã bán
Anya Spy Vs Family PVC Action Figure Home Decor Desktop Decoration Fairy Ib Gift for Birthday Anime Gaming Collectible Toy,https://www.lazada.vn/products/pdp-i3217531205.html,467.000 ₫,,"18 Đã bán
China"
2024 New 3D Printed Dummy13 Super Cool Multi-Joint Assembly Doll Model Stress Relief Toy Gift Desktop Display Unisex,https://www.lazada.vn/products/pdp-i2947601823.html,219.000 ₫,,
Ổ Cứng Di Động Seagate Expansion Desktop 6TB 8TB 12TB 14TB 16TB,https://www.lazada.vn/products/pdp-i2475204464.html,5.962.327 ₫,5.0,
Miniature Golden Retriever Guanyin Buddha Statue Copper Sculpture Desktop Decoration Small Size Portable Idol Worship,https://www.lazada.vn/products/pdp-i3217536477.html,542.000 ₫,,"36 Đã bán
China"
máy làm lạnh nước trái cây 1 ngăn dạng xoay,https://www.lazada.vn/products/pdp-i3092451405.html,5.500.000 ₫,,
AMD Ryzen 1600 Six Core 3.2GHz 65W CPU AM4 Desktop Processor R3 1200 R5 1500X R5 1600 R5 1600X R7 1700 R7 1700X,https://www.lazada.vn/products/pdp-i3138711680.html,804.000 ₫,,
"Trạm sạc để bàn đa năng 4 trong 1 - PISEN PRO Desktop MagStation KF25 - Hàng chính hãng, bảo hành 24 tháng",https://www.lazada.vn/products/pdp-i2729495483.html,1.296.635 ₫,4.0,16 Đã bán
Rocoren 100W GaN Charger 6 Ports USB Type C PD Fast Charger Quick Charge 4.0 3.0 USB Desktop Charger For iPhone 14 13 Pro Xiaomi,https://www.lazada.vn/products/pdp-i2069811884.html,518.100 ₫,4.0,879 Đã bán
Bộ Sạc Nhanh Iphone 13 12 Pro Max Samsung Laptop Baseus Desktop Charger 100w Gan3 Pro 4 In 1 - TopLink,https://www.lazada.vn/products/pdp-i1812342854.html,721.243 ₫,5.0,28 Đã bán
Hộp Bút Văn Phòng O.LiFE S-357E Đa Năng Hình Trụ,https://www.lazada.vn/products/pdp-i270784608.html,48.750 ₫,,
Rocoren PD 160W 6-Ports Smart Fast Desktop Charger 3C+3A USB Type C Travel Multi Plug Charging Station Laptop Power Adapter Simultaneous Power Supply 6 Ports for iPhone 16 15 Huawei MacBook Air,https://www.lazada.vn/products/pdp-i2884568238.html,673.200 ₫,4.0,308 Đã bán
Hộp Đựng Name Card S-810 (Đế Xoay),https://www.lazada.vn/products/pdp-i270938066.html,90.000 ₫,,
[20H 6/7 - 9.7 Nhập 77LAZSOCIAL80K Voucher giảm 12% đơn từ 250K tối đa 80K]˂PATECH˃ Quạt PISEN Car Desktop Fan - (JC-FA01) - Hàng chính hãng,https://www.lazada.vn/products/pdp-i1294480673.html,279.000 ₫,,
Iron Man Action Figure Alien Dog Kyle Long Elder Lone Wolf Collectible Desktop Decoration PVC Material Joint Movability,https://www.lazada.vn/products/pdp-i2838623998.html,518.000 ₫,,"33 Đã bán
Hong Kong"
Giá đỡ xếp gọn Baseus Foldable Metal Desktop Holder (Universal Holder Stand) - LUKP,https://www.lazada.vn/products/pdp-i2726190148.html,312.480 ₫,5.0,
Vỏ Bảo Vệ Mac Mini M1 M2 M4 Máy Chủ Máy Tính Có Chân Đế Chống Bụi Vỏ Da Giả Cầm Tay Phụ Kiện Kỹ Thuật Số,https://www.lazada.vn/products/pdp-i3178815887.html,282.000 ₫,,"18 Đã bán
China"
KingSpec RGB DDR4 3200MHZ RAM 8GB 16GB XMP2.0 Desktop Memory for AMD Inter Motherboard,https://www.lazada.vn/products/pdp-i1554328140.html,998.000 ₫,4.0,241 Đã bán
Nước Tản Nhiệt Silicon Thermalright TF9 1.5g Coefficient 14 Laptop Desktop Card Đồ Họa Nút Cạo Kèm Theo Tản Nhiệt CPU,https://www.lazada.vn/products/pdp-i3138670960.html,201.000 ₫,,"192 Đã bán
China"
LOA COLORFUL Soundbar CSP-5201 Desktop Speaker,https://www.lazada.vn/products/pdp-i2665605324.html,476.000 ₫,5.0,
Pacific Rim 2 Eureka Red Storm Robot Model Action Figure Pacific Rim Series PVC Material 16cm Size Collectible Desktop Decoration,https://www.lazada.vn/products/pdp-i3039490272.html,656.000 ₫,,"7 Đã bán
Hong Kong"
Màn Hình Máy Tính Để Bàn Có Thể Xoay 360 Độ Three Strategies Direct Height Adjusting No Punching Required Desktop Stand,https://www.lazada.vn/products/pdp-i3145079959.html,602.000 ₫,,
Bộ Sạc nhanh 4 Trong 1 65W GaN3 Sạc Nhanh Máy Tính Củ Sạc Bộ Chuyển Đổi 4 Trong 1 Cho Máy Tính Bảng Xiaomi Samsung Iphone Huawei,https://www.lazada.vn/products/pdp-i2610672482.html,659.000 ₫,5.0,86 Đã bán
"Máy lọc không khí Honeywell Desktop Air KJ205F – Nhỏ gọn & hiệu quả, lọc 360° bụi siêu mịn, khử mùi",https://www.lazada.vn/products/pdp-i3215030771.html,3.890.000 ₫,,
"Trạm Sạc Nhanh Để Bàn Đa Năng 4 IN 1 | 4 Cổng Sạc, Kiểm Soát Nhiệt Hiệu Quả, Hỗ Trợ Tất Cả Các Dòng Điện Thoại/Laptop | PISEN PRO Desktop Magstation 45W | TP-C25 | Bảo Hành 12 Tháng | Bảo Hiểm 2 Triệu Đô Toàn Cầu",https://www.lazada.vn/products/pdp-i3132877760.html,933.000 ₫,,"5 Đã bán
Hồ Chí Minh"
Ram Laptop Crucial 32GB DDR5-5600 SODIMM,https://www.lazada.vn/products/pdp-i2580744379.html,4.390.000 ₫,,
[NC] Desktop DAC/AMP FIIO K11 R2R | DAC R2R 24bit | DAC/AMP Để Bàn,https://www.lazada.vn/products/pdp-i2730823240.html,4.439.000 ₫,,
[NC] Desktop DAC/AMP SMSL D-6S | DAC ESS ES9039Q2M | Âm Ly Để Bàn | Desk Amplifier,https://www.lazada.vn/products/pdp-i2614883991.html,4.469.000 ₫,,
Thiết bị chia mạng TP-Link TL-SG108 8-Port Gigabit Desktop,https://www.lazada.vn/products/pdp-i1353130320.html,583.000 ₫,5.0,46 Đã bán
Electrically adjustable table legs Material of carbon steel 120kg of tolerable weight Buyer DIY desktop,https://www.lazada.vn/products/pdp-i2736172286.html,3.150.000 ₫,,
Ổ Cứng Di Động 8TB/ 12TB/ 14TB/ 18TB WD Easystore Desktop 3.5,https://www.lazada.vn/products/pdp-i2522675293.html,6.020.000 ₫,3.5,Ổ Cứng Di Động 8TB/ 12TB/ 14TB/ 18TB WD Easystore Desktop 3.5
"Ổ Cứng Di Động Western 18TB/ 14TB/12TB/ 8TB/ 6TB/ 4TB/ 3TB Desktop 3.5 ( My Book, Elements, D10 Black )",https://www.lazada.vn/products/pdp-i2369540920.html,7.720.000 ₫,5.0,7 Đã bán
"Máy Lọc Nước ChungHo TINY 300UV CHP-2321D – Uống Trực Tiếp, Bảo Hành 24 Tháng, MIỄN PHÍ Lắp Đặt Hà Nội & HCM",https://www.lazada.vn/products/pdp-i3159858584.html,8.900.000 ₫,,
VGA INNO3D GEFORCE RTX 3050 6GB TWIN X2,https://www.lazada.vn/products/pdp-i2959211551.html,5.407.250 ₫,,
VGA INNO3D GEFORCE RTX 3050 6GB TWIN X2,https://www.lazada.vn/products/pdp-i2959018830.html,6.132.000 ₫,,
VGA Gigabyte RTX 3050 Windforce OC 6GB (N3050WF2OC -6GD),https://www.lazada.vn/products/pdp-i2959018584.html,5.824.000 ₫,,
A01 Aluminum Mini-ITX HTPC Desktop Computer Chassis Black Tempered Glass HTPC Mini ITX DIY PC Cases,https://www.lazada.vn/products/pdp-i3042647321.html,870.855 ₫,,
Retro Desktop Cassette Recorder Player With Am Fm Sw Radio Portable Auto Stop Tape Player With Usb/TF Card,https://www.lazada.vn/products/pdp-i2657853184.html,590.764 ₫,,
Flame Lamp Wireless Bluetooth Speaker Heavy Desktop Computer Sound Box Mini Music Player,https://www.lazada.vn/products/pdp-i3192244364.html,599.000 ₫,,
A01 Aluminum Mini-ITX HTPC Desktop Computer Chassis Black Tempered Glass HTPC Mini ITX DIY PC Cases,https://www.lazada.vn/products/pdp-i2951563820.html,889.855 ₫,,
"3D Fan Hologram Projector Remote Display Support Images and Video for Placing on Desks, Restaurants, Homes, Etc. to Increase the Fun",https://www.lazada.vn/products/pdp-i2385969152.html,570.669 ₫,,
Faspeed 256GB SSD 1TB 2.5 Sata3 SSD 512GB 128GB Desktop Hard Drive Disk 1 TB 480 500 GB Solid State Drive Sata 3 HDD Laptop PC,https://www.lazada.vn/products/pdp-i3077290338.html,290.215 ₫,2.5,
(VEFM) A09 HTPC Computer Case Mini ITX Gaming PC Chassis Desktop Chassis USB2.0 Computer Case Home Computer Case,https://www.lazada.vn/products/pdp-i2866078748.html,525.906 ₫,,
"(BUZN) 3D Fan Hologram Projector Desktop LED Sign Holographic Lamp Player Remote Display Support Images and Video for Placing on Desks, Restaurants, Homes, Etc. to Increase the Fun",https://www.lazada.vn/products/pdp-i2598020806.html,620.669 ₫,,
A07 Mini ITX Computer Case Chassis HTPC Host Case USB3.0 ITX Enclosure Personal Computer Chassis Desktop Box,https://www.lazada.vn/products/pdp-i2792688699.html,853.061 ₫,,
"Small Air Purifier for Home Bedroom, Personal DeskAir Purifier, Room Hepa Air Purifier Fresheners Cleaner for Dorm, Pets, Smoke, Desktop, Office (White)",https://www.lazada.vn/products/pdp-i3153865069.html,860.227 ₫,,
"【GoE】-3D Fan Hologram Projector Desktop LED Sign Holographic Lamp Player Remote Display Support Images and Video for Placing on Desks, Restaurants, Homes, Etc. to Increase the Fun",https://www.lazada.vn/products/pdp-i2611421457.html,450.669 ₫,,
【Nuvio】 M-13 PRO /EU Charger Desktop Base 13 pro Accessories,https://www.lazada.vn/products/pdp-i3198683413.html,125.411 ₫,,
Điện thoại di động chủ Cartoon Desktop trang trí quà tặng cung cấp（SIG081）,https://www.lazada.vn/products/pdp-i3021264359.html,12.000 ₫,4.0,46 Đã bán
A07 Mini ITX Computer Case Chassis HTPC Host Case USB3.0 ITX Enclosure Personal Computer Chassis Desktop Box,https://www.lazada.vn/products/pdp-i2644274361.html,822.061 ₫,5.0,
"Meat Slicer Cleaver, Meat Slicer for Fresh Raw Meat, Kitchen Set For Meat Slicing Shredding, Manual Fresh Meat Cutter Food Slicer For Beef Pork Mutton, Ho",https://www.lazada.vn/products/pdp-i2938848094.html,999.999 ₫,,
USB Wired Multi-Touch Trackpad Touchpad Mouse Slim Design for Notebook/Laptop/Desktop Computer PC Black,https://www.lazada.vn/products/pdp-i3223322689.html,856.058 ₫,,
Wireless Bluetooth Speaker Outdoor Portable Colorful Home Desktop High Volume Subwoofer Bass Speaker for Family Karaoke,https://www.lazada.vn/products/pdp-i2802145042.html,352.958 ₫,,
"Gaming RGB Microphone, USB PC Mic for Streaming, Podcasts, Recording, Condenser Computer Desktop Mic on for // Easy Install Easy to Use",https://www.lazada.vn/products/pdp-i3218454628.html,715.981 ₫,,
[jwerlyday]DX01 Thin Mini ITX Desktop Computer Chassis Replacement Thin Half Height Computer Chassis Portable Desktop Computer Case,https://www.lazada.vn/products/pdp-i3218643586.html,549.000 ₫,,
(VEFM) A09P Desktop Mini Itx Case Htpc Chassis Game Computer Can Stand or Lie Down for Small 1U Power Supply,https://www.lazada.vn/products/pdp-i2753660054.html,510.906 ₫,,
【sought-after】 X99S_DS PLUS M-ATX Mainboard 4*DDR4 Max 128GB LGA2011-3 Desktop Mainboard USB3.0/2.0 Supports M.2 NVME/NGFF Gigabit Network,https://www.lazada.vn/products/pdp-i3211718456.html,275.678 ₫,2.0,
(CAMJ) DX01 Thin Mini ITX Desktop Computer Chassis Spare Parts Thin Half Height Computer Chassis Portable Desktop Computer Case,https://www.lazada.vn/products/pdp-i2922849199.html,376.216 ₫,,
Small Mini Tripod Stand for Phone Camera Stabilizers - Foldable and Portable Desktop Accessory,https://www.lazada.vn/products/pdp-i3159809350.html,108.772 ₫,,
Desktop Tissue Box Creative Figurine Storage Display Box Dust-proof Bubble Mart Doll Drawer Blind Box Display Tissue Storage Box Integrated,https://www.lazada.vn/products/pdp-i3181531324.html,351.984 ₫,,
Desktop Engine Model Kit Realistic Detail Miniature Size Assembly Kit Car Engine Metal Material DIY Engine Build for Home Display Engineering Enthusiast STEM Learning Collector's Item Interactive Gift,https://www.lazada.vn/products/pdp-i2761520229.html,117.000 ₫,,
{UU61} Alien Stage Freedom Stage Series Cute Collectible PVC Figurine Gift Blind Box Contemporary Art Desktop Decoration Collectibles,https://www.lazada.vn/products/pdp-i3118242124.html,262.277 ₫,,
Protective Cover Leather Case for Mini / Pro Desktop Computer Skin Sleeve Dustproof Cover Shock Resistant,https://www.lazada.vn/products/pdp-i3083597098.html,173.967 ₫,,
ToyTrek Trọng lực bất chấp động lực đồ chơi động lực nghệ thuật điều hành Bàn đồ chơi chống trọng lực khối xây dựng cho máy tính để bàn nhà trang trí xoay spinner với bóng nổi để giữ tập trung và giảm căng thẳng,https://www.lazada.vn/products/pdp-i3029024996.html,147.021 ₫,5.0,
【Support-Cod】 A4 Sized Suspension Folder Hanging File Holder Frame Documents Holders Organizer Desktop Supplies Stationery,https://www.lazada.vn/products/pdp-i3112384351.html,262.878 ₫,5.0,5 Đã bán
"(BXGO) Wireless Power Button for Desktop Computers, Stainless Steel, Compatible with PC for Gaming & Office, Motherboard Support",https://www.lazada.vn/products/pdp-i3176815641.html,985.305 ₫,,
Mini PSU Flex nguồn điện cho máy tính 1U 400W để bàn nhỏ PC Công suất máy tính tiền,https://www.lazada.vn/products/pdp-i2790723858.html,632.803 ₫,5.0,
New Computer Speakers Game High Volume LED Light-Emitting Desktop HIFI Stereo Speaker Caixa De Soundbar,https://www.lazada.vn/products/pdp-i2770884984.html,269.319 ₫,,
Gravity Defying Kinetic Desk Toy Desktop Levitating Suspended Gyroscopes Stress Relief Toy,https://www.lazada.vn/products/pdp-i2747048842.html,209.394 ₫,,
A09 HTPC Computer Case Mini ITX Gaming PC Chassis Desktop Chassis USB2.0 Computer Case Home Computer Case,https://www.lazada.vn/products/pdp-i3215755333.html,747.510 ₫,,
6 Inches Clip Fan 1200mAh USB Rechargeable Strong Wind Power Mini Silent Convenient Desktop Office Fan,https://www.lazada.vn/products/pdp-i2691456407.html,118.331 ₫,,
ITX Computer Case TX02 Mini Desktop Case Industrial Control HTPC Case,https://www.lazada.vn/products/pdp-i3215705266.html,628.000 ₫,,
FX-AUDIO- DAC-X4 USB DAC Headphone AMP Desktop Amplifier Decoder treble and bass regulation MAX97220 DC5V,https://www.lazada.vn/products/pdp-i2929861884.html,985.500 ₫,,
Office Air Purifier High-performance Composite Filter Elements Usb Desktop Air Purifier with H13 Hepa Filter for Home Office Remove Smoke Odor Dust 360° Ventilation Aromatherapy Top,https://www.lazada.vn/products/pdp-i3181971623.html,126.000 ₫,,
Mini Air Purifier for Home-Desktop Air Cleaner with HEPA Filter Indoor Compact Design,https://www.lazada.vn/products/pdp-i3151360112.html,272.617 ₫,,
Router Rack Bracket Wall-Mounted Punch-Free TV Set-Top Box Storage Rack Desktop Japanese Style,https://www.lazada.vn/products/pdp-i2789423792.html,185.000 ₫,,
A07 Mini ITX Computer Case Chassis HTPC Host Case USB3.0 ITX Enclosure Personal Computer Chassis Desktop Box,https://www.lazada.vn/products/pdp-i3040743741.html,975.061 ₫,,
Mini Wireless Speaker with RGB Button Unzip Desktop Mini Bluetooth Atmosphere Pixel ESports Colorful Desktop Gift-beettercar,https://www.lazada.vn/products/pdp-i3046574900.html,392.889 ₫,,
A07 Mini ITX Computer Case Chassis HTPC Host Case USB3.0 ITX Enclosure Personal Computer Chassis Desktop Box,https://www.lazada.vn/products/pdp-i2977679384.html,811.010 ₫,,
USB Speakers Usb Powered Surround Sound Wooden Speakers Desktop Wired Loudspeakers Bass Stereo Subwoofer For Laptop PC Computer,https://www.lazada.vn/products/pdp-i2606150010.html,282.267 ₫,,
New 220W GaN Desktop Charger 6-Port USB Type C PD Charger Fast Charge 3.0 Fast Charger Mobile USB Charger,https://www.lazada.vn/products/pdp-i2789206056.html,665.617 ₫,3.0,
Metalfish S3 Mini ITX trường hợp nhôm 5 lít chơi game PC khung gầm nhỏ với xử lý hỗ trợ rtx3060/13600 máy tính nhỏ gọn A4 trường hợp,https://www.lazada.vn/products/pdp-i2412852470.html,943.000 ₫,,
"P03 AI Tracking Gimbal Stabilizer for Smartphone/Camera,Desktop Cell Phone Holder,360 Rotation Gimbal Follow Focus",https://www.lazada.vn/products/pdp-i3133578191.html,472.863 ₫,,
"Multi-Functional Charger,Desktop Clock Mobile Phone Wireless Charger,Digital Display 2-in-1 Clock Wireless Charger",https://www.lazada.vn/products/pdp-i3080638764.html,263.136 ₫,,
Sturdy Card Stand Lightweight Desktop Card Display Transparent For Corporate Gifting Business Events Office Desk Organizer,https://www.lazada.vn/products/pdp-i3110503004.html,14.000 ₫,5.0,26 Đã bán
New Finger Scooter Children Fingertip Pedal Vitality Car Desktop Skateboard Toy Car,https://www.lazada.vn/products/pdp-i3145838172.html,41.800 ₫,5.0,
DDR4 Test Card RAM Memory Slot Out LED Desktop Motherboard Repair Analyzer Tester,https://www.lazada.vn/products/pdp-i2784698999.html,189.000 ₫,,
"ITLY D2 Màn Hình Máy Tính Nâng Đứng Đa Năng Có Thể Gập Lại Để Bàn Tổ Chức Với Đế Lưu Trữ Cho Laptop 10 ""-20""",https://www.lazada.vn/products/pdp-i3101215372.html,699.000 ₫,5.0,8 Đã bán
A07 Mini ITX Computer Case Chassis HTPC Host Case USB3.0 ITX Enclosure Personal Computer Chassis Desktop Box,https://www.lazada.vn/products/pdp-i2851172190.html,720.891 ₫,,
"4K Webcam with Microphone and Fill Light, HD Autofocus Computer Camera for Pc Laptop Desktop Video Calling, Easy to Use",https://www.lazada.vn/products/pdp-i2678211983.html,701.525 ₫,,
A09 HTPC Computer Case Mini ITX Gaming PC Chassis Desktop Chassis USB3.0 Computer Case Home Computer Case,https://www.lazada.vn/products/pdp-i2681721629.html,762.906 ₫,,
Atom Photovolta Glass Mouse Pad Tempered csgo Nâng cấp mượt mà FPS Gaming Desktop Pad Trang chủ Pad,https://www.lazada.vn/products/pdp-i2827102782.html,145.262 ₫,,
X99LGA2011-3 Desktop Motherboard Micro-ATX Support for Intel Xeon 2011 E5 V3/V4 CPU,https://www.lazada.vn/products/pdp-i2416972566.html,939.470 ₫,,
125W Charger Desktop Fast Charger 5-In-1 PD65W Charger for IPhone15 14 13 Pro Max,https://www.lazada.vn/products/pdp-i2553426378.html,414.720 ₫,,
NEW P03 Pro 360 Rotation Gimbal Stabilizer AI Following Face Tracking Desktop Gimbal PTZ for Smartphone Live,https://www.lazada.vn/products/pdp-i3137436564.html,462.058 ₫,,
"Mini Fan, Office Desktop Fan,Desktop Fan, Portable Usb Handheld Fan",https://www.lazada.vn/products/pdp-i3074400674.html,250.058 ₫,,
DDR4 Test Card RAM Memory Slot Out LED Desktop Motherboard Repair Analyzer Tester,https://www.lazada.vn/products/pdp-i2726886019.html,188.600 ₫,,
P02 360° Gimbal Stabilizer Desktop AI Automatic Tracking Gimbal with Remote for Smartphone Stabilizer,https://www.lazada.vn/products/pdp-i3139091559.html,501.448 ₫,,
4 Có Thể Điều Chỉnh Micro Kẹp Giá Đỡ Kẹp Cho Máy Tính Để Bàn & Tầng Đứng Micro Đứng Nhựa Chân Đế Mic Kẹp,https://www.lazada.vn/products/pdp-i3182152261.html,115.000 ₫,,
1 Piece MT7921 WIFI6 2.4G 5G Gigabit Network Card Desktop Computer Laptop Built-in Wireless Network Card Green,https://www.lazada.vn/products/pdp-i3185814681.html,312.900 ₫,,
Hot Sale Labubu Sitting Party 2nd Blind Box Cartoon Cute Anime Action Model Desktop Decoration Christmas Gifts,https://www.lazada.vn/products/pdp-i2858363599.html,161.133 ₫,,
new Muzzle EDC Fidget Slider Zinc Alloy Fidget Toys ADHD Concentration Toys Office Desktop Toys for Relieving Stress & RelaxingFree Shipping,https://www.lazada.vn/products/pdp-i3037587020.html,861.800 ₫,,
"Home Desktop Storage Rack Kitchen Snack Storage and Organization Rack Dining Cabinet Bar Counter Mug Display Rack, Water Cup Storage Rack",https://www.lazada.vn/products/pdp-i3160654387.html,304.372 ₫,,
Math Fidget Spinners Fingertip Math Puzzle Toys Math Games Math Operations Decompression Games Desktop Math Multiplication Games,https://www.lazada.vn/products/pdp-i2727821936.html,79.802 ₫,,
[beauty] Nhựa tập tin lưu trữ hộp tổ chức trong suốt vuông lưu trữ hộp A4 tổ chức hộp máy tính để bàn chống bụi lưu trữ hộp,https://www.lazada.vn/products/pdp-i2948319704.html,28.369 ₫,5.0,12 Đã bán
High-speed Blu-ray USB/typec Laptop Desktop Universal External DVD/cd Burner External Computer Optical Drive,https://www.lazada.vn/products/pdp-i3058720547.html,529.822 ₫,,
In Stock Dc Joker Heath Ledger Suicide Team Handmade Boutique Large Decoration Desktop Scene Model Mask Sitting Posture Gifts,https://www.lazada.vn/products/pdp-i2751501370.html,330.855 ₫,,
Thin 12mm Thickness 120X120X12mm 12V Desktop Computer Host Quiet Fan with Speed 12CM Chassis Cooling Fan,https://www.lazada.vn/products/pdp-i3205537597.html,173.772 ₫,,
Desktop Small Fan Multi-Power Office Thin And Charging Model Foldable Brushless Portable,https://www.lazada.vn/products/pdp-i2695456843.html,184.694 ₫,,
(BYIT) A09 HTPC Computer Case Mini ITX Gaming PC Chassis Desktop Chassis USB2.0 Computer Case Home Computer Case,https://www.lazada.vn/products/pdp-i2754941103.html,674.906 ₫,,
DX01 Thin Mini ITX Desktop Computer Chassis Replacement Spare Parts Thin Half Height Computer Chassis Portable Desktop Computer Case,https://www.lazada.vn/products/pdp-i2891972999.html,420.216 ₫,,
[Hot Sale] Tarantula F2088Pro Wired Mechanical Keyboard Side Carving 108 Key E-Sports Games Office Desktop and Notebook Computer,https://www.lazada.vn/products/pdp-i2841260662.html,828.685 ₫,,
(PZMO) 1 Piece B85 Motherboard LAG 1150 DDR3 16G Placa Mae SATA3.0 USB3.0 2.0 NVME M.2 SSD Desktop Mainboard PC Computer Motherboard Plastic Computer Motherboard,https://www.lazada.vn/products/pdp-i2710944284.html,798.319 ₫,2.0,
Portable FM Radio Retro Classic Radios Wireless Bluetooth Speaker Desktop Bluetooth Soundbar Music Player,https://www.lazada.vn/products/pdp-i3009628456.html,581.319 ₫,,
AIYIMA 4 Inch 30W Full Range Speaker Driver 4/8Ohm HIFI Treble Bass Loudspeaker Desktop Bookshelf Audio Sound Speaker,https://www.lazada.vn/products/pdp-i2062418445.html,537.467 ₫,5.0,66 Đã bán
Projector Stand Mount for H6 Projector Desktop Adjustable Projector Bracket for HY320 Projector,https://www.lazada.vn/products/pdp-i3037446126.html,337.448 ₫,,
"I know 12 Digit Dual Powered Desktop Calculator,Large Display for Clear View and Easy Readability",https://www.lazada.vn/products/pdp-i1902495989.html,164.428 ₫,5.0,8 Đã bán
Fantech C30 USB Webcam độ nét cao Tự động lấy nét Micrô tích hợp 2560x1440P 25FPS Web Cam máy ảnh cho máy tính để bàn máy tính xách tay trò chơi pcxdhgmy,https://www.lazada.vn/products/pdp-i2383767396.html,763.467 ₫,,
Stepping Thunder Magnetic Battle Chess Fun Induction Chess Desktop Focus Game Magnet Stone Toy Magnet Magnet 008C5,https://www.lazada.vn/products/pdp-i3085548078.html,152.000 ₫,,
"Y1Desktop 12 Digit Cute Calculator, Mechanical Switch Design, Large LCD Display Big Button Calculator",https://www.lazada.vn/products/pdp-i2696334098.html,179.915 ₫,,
[3-year warranty]【Quà Tặng Miễn Phí】Ram Beast Mới DDR4 16GB 8GB 2400 2666Mhz 3200 MHz 288-Pin 1.2V PC4-19200 21300 25600 DIMM Bộ nhớ máy tính để bàn,https://www.lazada.vn/products/pdp-i2399845033.html,455.885 ₫,3.0,
Gloryworld High-performance Composite Filter Elements Odor Eliminator Air Purifier Usb Desktop Air Purifier with H13 Hepa Filter for Home Office Remove Smoke Odor Dust 360° Ventilation Aromatherapy Top,https://www.lazada.vn/products/pdp-i3182109320.html,123.772 ₫,,
[3-year warranty]【Quà tặng miễn phí】KIT DDR4 8GB 32GB 16GB (2x8GB) Memoria 3200MHz 2666MHz 2400MHz Bộ nhớ DIMM 1.2V 288Pins PC4-25600 PC4-21300 DDR4 RAM HyperX FURY-Đỏ,https://www.lazada.vn/products/pdp-i2399839047.html,416.000 ₫,,
2.4G Wireless Bluetooth Keyboard with Number Touchpad Mouse Card Slot Numeric Keypad for Android IOS Desktop Laptop PC TV Box,https://www.lazada.vn/products/pdp-i2204429533.html,246.710 ₫,4.0,70 Đã bán
3.5 Inch Floppy Bay 4 Ports USB 2.0 Hub USB2.0 Front Panel Expansion Adapter Connector Bracket With 9Pin Cable For Desktop,https://www.lazada.vn/products/pdp-i3136550474.html,209.941 ₫,3.5,
3 khe cắm đa chức năng lưu trữ hộp kẹp giữ bút Giá để tài liệu SORTER cho điều khiển từ xa văn phòng phẩm kinh doanh thẻ điện thoại,https://www.lazada.vn/products/pdp-i2881629567.html,107.144 ₫,,
SEHVN 5W Small Cooling Fan E27 Screw Home Ceiling Fan Desktop Electric Fan For Kitchen Bedroom Dormitory Living Room Study Table Fans,https://www.lazada.vn/products/pdp-i3136703400.html,49.803 ₫,4.0,
Acrylic Speaker Stand Portable Audio Speaker Desktop Mount Holder Compatible for /Kardon Aura Studio3/4 Speaker,https://www.lazada.vn/products/pdp-i3165933770.html,427.253 ₫,,
"S5TL611 PRO Diagnostic Card, Pcie Diagnostic Card for Desktop Pci Motherboards for Desktops and Laptops",https://www.lazada.vn/products/pdp-i2837535503.html,723.400 ₫,,
50W USB Multiport Charger Fast Charge Charger Hub 10 Port Fast Charge Charger Charging Desktop Dock Charger,https://www.lazada.vn/products/pdp-i2711410519.html,268.474 ₫,,
M06 Mini Desktop Case MINI-ITX PC Chassis Versatile and Efficient Industrial Control Case with Foot Stand Easy Install Easy to Use,https://www.lazada.vn/products/pdp-i2756879542.html,473.164 ₫,,
(SNMI) M06 Mini Desktop Case MINI-ITX PC Chassis Versatile and Efficient Industrial Control Case with Foot Stand Easy Install Easy to Use,https://www.lazada.vn/products/pdp-i3207152604.html,525.959 ₫,,
(QKWT) H81M ITX Motherboard Desktop PC Laptop LGA 1150 DDR3 16GB M.2 NVME USB 3.0 Computer Motherboard,https://www.lazada.vn/products/pdp-i3042232737.html,865.319 ₫,3.0,
320W GaN Desktop Charger 8-Port USB Type C PD Charger Fast Charge 3.0 USB Type C Fast Charger Mobile USB Charger EU PLUG,https://www.lazada.vn/products/pdp-i2860033704.html,669.202 ₫,3.0,
Web Camera 480P/720P/1080P/2K High Clarity Computer USB Webcam Mini Camera with Microphone for Live Broadcast Mini Camera Plug,https://www.lazada.vn/products/pdp-i3160328423.html,220.000 ₫,,
140W Fast Charging Desktop Charger 12-32V Buck-Boost DC5.5X2.5mm to PD3.1 Conversion Module Type-C Output High Power,https://www.lazada.vn/products/pdp-i2748772437.html,487.500 ₫,,
Sunshineyou-External USB Sound Card Wired Recording Sound Card 3.5mm for Laptop PC Desktop PC,https://www.lazada.vn/products/pdp-i3165940697.html,42.500 ₫,,
Calculator with Writing Board 12 Digits LCD Display Desktop Calculator Portable Calculator for Office School and Home,https://www.lazada.vn/products/pdp-i2722075166.html,144.772 ₫,,
Store YUEQIN3 Hai Tầng Màn hình máy tính Riser chủ PC màn hình đứng Khung máy tính để bàn máy tính xách tay bàn phím chuột lưu trữ tổ chức bút container,https://www.lazada.vn/products/pdp-i3039155069.html,130.560 ₫,5.0,
Pen Holder Storage Box Self Disciplined Check-in Large Capacity Student Desktop Multifunctional Student Dormitory Stationery Pen Holder Storage Box,https://www.lazada.vn/products/pdp-i3193109641.html,313.672 ₫,,
One Piece Ship Figure Luffy Thousand Sunny Ship Going Merry Boat Zoro Assembled Model Desktop Decorate Kid Birthday Gift,https://www.lazada.vn/products/pdp-i2809069415.html,121.430 ₫,,
Show Shelf 3-Layer Wooden Plant Display Stand Desktop Display Stand Cupcake Rack Perfume Display Stand,https://www.lazada.vn/products/pdp-i3191896277.html,295.000 ₫,,
Zzaw B1 tất cả nhôm ITX trường hợp nhỏ SFX cung cấp điện bên minh bạch máy tính mini khung máy tính để bàn,https://www.lazada.vn/products/pdp-i2414123309.html,1.956.000 ₫,,
new Black M EDC Fidget Slider Zinc Alloy Fidget Toys ADHD Concentration Toys Office Desktop Toys for Relieving Stress & RelaxingFree Shipping,https://www.lazada.vn/products/pdp-i3037559203.html,617.700 ₫,,
ChicHaven Thỏ xử lý kết hợp ngăn kéo hộp văn phòng phẩm tổ chức Máy tính để bàn sinh viên đa ngăn kéo ngăn bút chì tủ,https://www.lazada.vn/products/pdp-i2859624712.html,65.630 ₫,5.0,35 Đã bán
Wooden Non Perforated Wall Hydroponic Flower Vase Desktop Decoration Chinese Mini Glass Plant Flower Vase Home Glass Flower Vase,https://www.lazada.vn/products/pdp-i3178079979.html,267.739 ₫,,
polsbz Iron Storage Rack Home Desktop Case Large Capacity Stainless Steel Wire Mesh Storage Basket for Home and Office Organization Favorite,https://www.lazada.vn/products/pdp-i3222445786.html,107.000 ₫,,
Store YUEQIN3 MSATA SSD sang Bộ chuyển đổi SATA 6.0gps 2.5 ''bo mạch Mô-đun thẻ chuyển đổi PCIe SSD mini,https://www.lazada.vn/products/pdp-i2760384301.html,31.484 ₫,5.0,24 Đã bán
Hộp Đựng Tiền Bằng Gỗ 2023CL Hộp Đựng Tiền Bán Buôn Hộp Đựng Tiền Rút Kéo Hộp Đựng Tiền Đa Năng Nhỏ Gọn Có Khóa,https://www.lazada.vn/products/pdp-i2409835934.html,67.000 ₫,4.0,83 Đã bán
Mobile Phone Desktop Type-C Charger Stand Holder Cellphone Usb-C Charging Docking Station,https://www.lazada.vn/products/pdp-i3137459144.html,67.500 ₫,,
Hot baseus 65W gan charger desktop fast charger 4 in 1 laptop phone charger adapter for iPhone 15 14 13 Pro Max Samsung,https://www.lazada.vn/products/pdp-i2811634470.html,794.763 ₫,,
"[Chất lượng cao nhất!] MiaXia Joy đã sẵn sàng để giao hàng! Làm ấm hoàn toàn tự động mới Bình nước nhỏ, bình nóng lạnh để bàn tại nhà, trường học có thể lấy nước nóng thông minh. Dễ dàng di chuyển và bền, thời trang mới phổ biến.",https://www.lazada.vn/products/pdp-i1244610160.html,358.000 ₫,5.0,633 Đã bán
Acer 2.4G Chuột không dây MBluetooth 5.0 Sạc 1600DPI 7 Nút 3D Con lăn Im lặng Chuột Ergonomic Desktop Laptop Văn phòng Chuột,https://www.lazada.vn/products/pdp-i2553697968.html,229.000 ₫,5.0,49 Đã bán
Creative Wooden Calendar Ornaments Original Wood Photography Props Nursery Decorations Retro Style Desktop Accessories,https://www.lazada.vn/products/pdp-i2443963568.html,114.000 ₫,,"126 Đã bán
Hong Kong"
Multifunction Medicine Cosmetics Plastic Storage Boxs Household Desktop Sundries Containers Snacks Make Up Storage Organization,https://www.lazada.vn/products/pdp-i3132580318.html,244.221 ₫,,
Tech Deck Fingerboard Santa Cruz Desktop Jayjay Finger Skateboard Đồ Chơi Nhựa Dành Cho Mọi Lứa Tuổi Đồ Chơi Mô Hình,https://www.lazada.vn/products/pdp-i2518697768.html,163.000 ₫,4.0,240 Đã bán
"Wooden Storage Rack, 2-Layer Desktop Storage Rack, Ladder-Shaped Desk Display Rack, Desktop Office Storage Rack",https://www.lazada.vn/products/pdp-i2787222743.html,182.319 ₫,,
High Quality [ Spot inventory ][Photography Artifact]Octopus Lazy Phone Holder Portable Camera Tripod Flexible Sponge Octopus Stand Desktop Mobile Phone Cl,https://www.lazada.vn/products/pdp-i3040262574.html,119.660 ₫,,
Book Display Stand Textbook Stands Metal Bookstand Easel Display Holder Reading Stand for Desktop,https://www.lazada.vn/products/pdp-i3033505965.html,73.000 ₫,5.0,
3PCS Mini Portable Fold Fan Charging Household Electrical Appliances Desktop Electric Hold Small Air Cooler,https://www.lazada.vn/products/pdp-i3018407136.html,226.253 ₫,,
External CD and DVD Player Game Burner DVD External USB 3.0 Type C CD Writer Reader for PC Laptop Desktop,https://www.lazada.vn/products/pdp-i3039813197.html,452.033 ₫,3.0,
SomnAmbulist 2.5 sata3 ssd 120gb 128gb 240gb 256gb 480gb 512Gb Internal Hard Disk Desktop and Laptop Solid State Drive,https://www.lazada.vn/products/pdp-i2302911031.html,215.000 ₫,2.5,
DDR4 Test Card RAM Memory Slot Out LED Desktop Motherboard Repair Analyzer Tester,https://www.lazada.vn/products/pdp-i2712446873.html,189.000 ₫,,
2.5Inch External Mobile Hard Disk High Speed USB 3.0 160GB Storage Portable Hard Disk for Laptop Desktop PC,https://www.lazada.vn/products/pdp-i2777869586.html,188.500 ₫,3.0,
{eight Maijia} GAIATOP Mini USB Desktop Fan Portable Fan Desktop Office USB Quiet Cooling Fans Three Speed Adjustment Suitable For Home Office,https://www.lazada.vn/products/pdp-i3224511192.html,267.404 ₫,,
Mini Tripod Pocket Camera Desktop Stand Holder Selfie Sticks for Pocket 3 Gimbal Accessories,https://www.lazada.vn/products/pdp-i2590107961.html,164.136 ₫,,
USB C 1000Mbps Ethernet Adapter Type-C to RJ45 Port Gigabit Wired LAN Network Card for Desktop PC Laptop Smartphone,https://www.lazada.vn/products/pdp-i3154895664.html,256.700 ₫,,
[Hot]Vgn Dragonfly F1 Promax Mouse 2.4Gwireless /Wired 26000Dpi 55G 3395 Gaming Mouse Vgn 4K Mice Rechargeable For Pc Desktop Win Mac,https://www.lazada.vn/products/pdp-i2666088818.html,591.495 ₫,5.0,5 Đã bán
BM600 Rechargeable Gaming Mouse USB 2.4G Wireless RGB Light Honeycomb Gaming Mouse Desktop PC Computers Notebook Laptop Mice,https://www.lazada.vn/products/pdp-i2433886323.html,290.525 ₫,,
XINGHEC2 Màn Hình Máy Tính Chủ Với Ngăn Kéo 3-Giai Đoạn Chiều Cao Điều Chỉnh PC Màn Hình Đứng Khung Lưu Trữ Hộp Cho Văn Phòng Máy In Máy Tính Xách Tay,https://www.lazada.vn/products/pdp-i3064063754.html,265.930 ₫,,
1Pc Full Size Russian Keyboard Stickers Letter Alphabet Layout Sticker Key for Laptop Desktop PC Russian,https://www.lazada.vn/products/pdp-i2628961067.html,28.800 ₫,4.0,42 Đã bán
Samsung RAM DDR3 4GB 8GB 1866MHz 1600MHz 1333MHz 1066MHz Desktop Memory DDR2 2GB 800MHz PC3-14900 PC3-12800 PC3-10600 PC3-8500 240Pins PC Gaming DIMM RAM DDR3L Memory Module,https://www.lazada.vn/products/pdp-i2941659011.html,144.000 ₫,4.0,53 Đã bán
"Hộp đựng bút, Hộp đựng mĩ phẩm nhiều ngăn, có ông đựng bút xoay 360 độ tiện lợi thông,hộp lưu trữ máy tính để bàn,Ống đựng cọ trang điểm,Kệ để bàn trang điểm đựng mỹ phẩm lzb034",https://www.lazada.vn/products/pdp-i2773081330.html,68.800 ₫,4.0,57 Đã bán
DDR4 4GB 2666Mhz Memory Ram PC4-21300 Memory 288Pin 1RX16 1.2V Desktop RAM Memory for Desktop PC,https://www.lazada.vn/products/pdp-i2704685068.html,318.600 ₫,,
(KFAT) Acrylic Lightsaber Stand Acrylic Display Stand Decorative Sword Display Holder Rack for Display the on the Desktop,https://www.lazada.vn/products/pdp-i3199397966.html,182.313 ₫,,
ADATA XPG D35G DDR4 RGB Memory Module Black 3200MHz 3600MHz 8GB 16GB Single U-DIMM Heatsink Gaming Memoria RAM for Desktop,https://www.lazada.vn/products/pdp-i2804579545.html,886.244 ₫,,
Hot New 2230 M.2 NVMe Solid State Mobile Hard Disk Write Protection JMS583 Laptop Desktop Computer,https://www.lazada.vn/products/pdp-i2900942598.html,383.969 ₫,,
Jonsbo TK-0 Ốp phòng tầm nhìn ra biển ITX Ốp lưng máy tính để bàn khung gầm nhỏ trong suốt hình chữ U mặt kính cường lực máy tính để bàn USB chơi game Type-C,https://www.lazada.vn/products/pdp-i2719294437.html,4.093.062 ₫,,
Zzaw braveman B2 Mini ITX trường hợp Micro máy tính để bàn khung hợp kim nhôm 2021 với DIY cài đặt cho chơi game và sử dụng nhà,https://www.lazada.vn/products/pdp-i2413998899.html,2.450.000 ₫,,
"Tự làm máy tính để bàn Gamer tủ cho ITX mATX ATX EATX Vertical PC trường hợp khung mở, Mod Tản nhiệt nước Khung máy tính Rack, đen trắng",https://www.lazada.vn/products/pdp-i2412875185.html,676.000 ₫,,
"NEEW 12 PackFinger Basketball Shooting Game, Party Favors Basketball Party DecorationsHandheld Desktop Table Classroom Rewards, Carnival Prizes for Kids",https://www.lazada.vn/products/pdp-i3159136640.html,463.622 ₫,,
Shark Figurine Tungtungsahur Figure Funny Doll Desktop Decoration Tralalero Tralala Figure Articulated Movable 3D Printed Toy,https://www.lazada.vn/products/pdp-i3115542032.html,162.182 ₫,,
Ngực lớn Sexy Beauty Mông lớn Chuột Pad Desktop Pad Máy tính xách tay Phụ kiện trò chơi văn phòng Bàn phím Thảm Homeman Nhỏ Anime Chuột Pad,https://www.lazada.vn/products/pdp-i3066379823.html,66.000 ₫,,
(PFUO) For XiaoZhi AI Voice Chat Robot ESP32-S3 Development Board Wifi Weather Station 1.3inch LCD Desktop Display,https://www.lazada.vn/products/pdp-i3204464166.html,697.400 ₫,,
Aayang mặt bàn bằng gỗ Tủ ngực với ngăn kéo hộp lưu trữ tiết kiệm không gian cho văn phòng Nguồn cung cấp mạnh mẽ với khe cắm đa chức năng,https://www.lazada.vn/products/pdp-i2897754858.html,517.490 ₫,,"6 Đã bán
China"
Professional Wired Conference Microphone Desktop Gooseneck Condenser Microphone for Broadcasting Speech Microphone,https://www.lazada.vn/products/pdp-i3038430646.html,493.216 ₫,,
DDR2 2GB RAM Memory PC2 6400 800Mhz 2RX8 1.9V Desktop Memory for PC Desktop Computer,https://www.lazada.vn/products/pdp-i3037508025.html,125.500 ₫,,
(WGJZ) 100W 10-Port USB C Charging Dock Station Desktop USB PD Fast Charger for Multiple Devices Fast USB Power Strip,https://www.lazada.vn/products/pdp-i2699549991.html,499.000 ₫,,
Desktop Memoria Ram DDR3 1600MHz Desktop Memory Ram DDR3 8G 1600,https://www.lazada.vn/products/pdp-i3135554658.html,198.700 ₫,,
kprepublic 139 Russian root Russia font language Cherry profile Dye Sub Keycap PBT for gh60 xd60 xd84 cospad tada68 87 104,https://www.lazada.vn/products/pdp-i2522129417.html,167.152 ₫,,
GlowingGrace 5W Small Cooling Fan E27 Screw Home Ceiling Fan Desktop Electric Fan For Kitchen Bedroom Dormitory Living Room Study Table Fans,https://www.lazada.vn/products/pdp-i3147475071.html,41.209 ₫,,
Mousepad For PC The Little Prince and The Foxs Gaming Mouse Pad Office Mouse Mat Deskmat Gamer Desktop Decoration Rug,https://www.lazada.vn/products/pdp-i3199301959.html,153.000 ₫,,
A5(KFAT) ESP32 C3 Development Board 1.44Inch LCD Screen Desktop Trinkets Portable Mini TV Portable Pendant Lvgl Spaceman St7735,https://www.lazada.vn/products/pdp-i3109634071.html,346.500 ₫,,
Miniature Miniature Ceramic Orchid Pot Handmade Purple Clay Bonsai Pot Desktop Size Cactus Pot Green Plant Flower Vase,https://www.lazada.vn/products/pdp-i2831316970.html,103.000 ₫,5.0,88 Đã bán
USB 2.4GHz Wireless Finger Ring Mouse 1600Dpi Optical Mini Mouse Universal for Notebook Laptop Tablet Desktop PC,https://www.lazada.vn/products/pdp-i3207051829.html,258.400 ₫,,
"Geekria Khung máy tính đứng, rõ ràng Acrylic Chassis trường hợp, tương thích với 2024 mini máy tính để bàn, 2024 Mini m4/2024 Mini M4 Pro đứng phụ kiện",https://www.lazada.vn/products/pdp-i2946777436.html,476.495 ₫,,
Ram bộ nhớ Walram DDR3 8GB 16GB 3200 2666 2400 1333 1600 MHZ 240Pin không ECC UDIMM PC3-12800 PC Desktop DDR4 bộ nhớ RAM máy tính,https://www.lazada.vn/products/pdp-i3041478501.html,176.006 ₫,,
Vintage Glass Vases with Wooden Frame Hydroponic Flower and Plant Container Living Room and Office Desktop Decoration Ornament,https://www.lazada.vn/products/pdp-i3144122110.html,295.778 ₫,,
Traditional Festive Style Stone+Resin Material Lion Awakening Decoration Desktop Bookshelf Can Used for Gift Giving Home Crafts,https://www.lazada.vn/products/pdp-i3165049901.html,373.122 ₫,,
(BYZM) HM55B PGA988 Desktop PC Mainboard DDR3 SATA II Mini ITX Motherboard for Mini Host/HTPC/Radio/ Advertising Machine,https://www.lazada.vn/products/pdp-i3027589323.html,794.422 ₫,,
"Vỏ đựng du lịch cứng geekria, tương thích với 2024 Máy tính để bàn mini, phù hợp với bàn phím ma thuật, chuột ma thuật và Magic trackpad và phụ kiện (Màu xám đậm)",https://www.lazada.vn/products/pdp-i2880554897.html,450.775 ₫,,
Shark Figurine Tungtungsahur Figure Desktop Decoration Articulated Tralalero Tralala Figure Ornament Funny Doll 3D Printed Toy,https://www.lazada.vn/products/pdp-i3090657064.html,73.000 ₫,4.0,49 Đã bán
Metal Material Engine Model Kit Working Model Desktop Miniature Size Car Engine Assembly Kit DIY Engine Build for Home Display Engineering Enthusiast STEM Learning Collector's Item Interactive Gift,https://www.lazada.vn/products/pdp-i2759817055.html,117.000 ₫,,
Scalable Storage Box Large Capacity Cabinet Desktop Organizer Box Household Seasoning Products Pharmaceuticals Skincare Products Shelves for Sorting,https://www.lazada.vn/products/pdp-i3201416797.html,330.945 ₫,,
👉Hot Sale PlayfulPlace 5W Small Cooling Fan E27 Screw Home Ceiling Fan Desktop Electric Fan For Kitchen Bedroom Dormitory Living Room Study Table Fans,https://www.lazada.vn/products/pdp-i3169674359.html,41.928 ₫,,
USB Charger 25 Ports HUB 150W Universal Wall Desktop Fast Charging Station Dock for Power Adapter,https://www.lazada.vn/products/pdp-i2669320771.html,569.267 ₫,,
Shark Figurine Tungtungsahur Figure Desktop Decoration Articulated Tralalero Tralala Figure Ornament Funny Doll 3D Printed ToySh,https://www.lazada.vn/products/pdp-i3118924875.html,82.292 ₫,,
3D Printed Dragon Eggs Dragon Toys Novelty Gigts For Kids Friends Home Decor Desktop Toy Hinged 3D Dragon Egg Stress Relief Toy,https://www.lazada.vn/products/pdp-i2726054015.html,143.800 ₫,,
Summer New Desktop Small Fan Usb Home Smart Digital Display Office Mini Desktop Night Light Electric Fan,https://www.lazada.vn/products/pdp-i2680464268.html,389.319 ₫,,
Vintage Style 3-layers Plastic Storage Rack Cake Dim Sum Fruits Desserts and Snacks Display Shelf Desktop Sundries Storage Tray Household Organizer,https://www.lazada.vn/products/pdp-i3143125776.html,339.450 ₫,,
"Desktop Mechanical Calculator, Cute Big Buttons Calculators with 12 Digits Large LCD Display, Desk Accessories",https://www.lazada.vn/products/pdp-i2707718818.html,117.331 ₫,,
Đài phát thanh DJ điều khiển bàn làm việc Chuột Pad Phụ kiện chơi game lớn Chuột Pad Bàn phím Pad Máy tính để bàn Máy chơi game Máy tính xách tay Chuột Pad,https://www.lazada.vn/products/pdp-i2664810454.html,153.387 ₫,,
Xiaomi Portable Mouse 2 Bluetooth Dual-Mode Wireless Silent Mouse Comfortable Compatible Laptop Desktop Home Office,https://www.lazada.vn/products/pdp-i3054027507.html,316.036 ₫,,
QLKUNLA Newtons Cradle Balance Balls Science Physics Gadget Desktop Decoration Kinetic Motion Toy for Home and Office,https://www.lazada.vn/products/pdp-i3036081138.html,864.762 ₫,,
"Desktop 12 Digit Cute Calculator, Mechanical Switch Design, Large LCD Display Big Button Calculator",https://www.lazada.vn/products/pdp-i2707832437.html,134.915 ₫,,
IFS Hộp Đựng Đồ Chơi lego Chia Ngăn Cho Bé Hộp Đựng Đồ Chơi Lego 2 Lớp Và Nhiều Ngăn Với Thiết Kế Thông Minh,https://www.lazada.vn/products/pdp-i2599903587.html,206.910 ₫,3.0,12 Đã bán
"Gaiatop Desk Fan, 5-Inch Portable Electric Table Desktop Air Circulator Fans, Small but Powerful with 3 Speed 360 ° Adjustable Tilt for Cooling Home Dorm",https://www.lazada.vn/products/pdp-i3035923406.html,719.822 ₫,,
MUJIE Luxury Cosmetic Storage Box Desktop Makeup Desk Lipstick Skincare Acrylic Organizer Three Grids Four Grids Plastic Material,https://www.lazada.vn/products/pdp-i3170795228.html,365.000 ₫,,"60 Đã bán
China"
Small Mini Terracotta Flowers Pot Clay Ceramic Round Pottery Succulent Plant Pots / Home Garden Balcony Mini garden Accessories Pocket Thumb Fleshy Leaf Cutting Flower Pots /For Office Home Desktop Decor,https://www.lazada.vn/products/pdp-i2176507782.html,165.478 ₫,,
Đồ Chơi Mô Hình Anime Deep Winter Snow Widow Female Birthday Gift Desktop Toy PVC Material 18+ Years Old Collectible Figure,https://www.lazada.vn/products/pdp-i3215610104.html,389.000 ₫,,"12 Đã bán
China"
Green Union S6 Cube Multi-Function Extension Board with USB Port Home Desktop Charging Station Electric Socket Adapter Board,https://www.lazada.vn/products/pdp-i2997410275.html,345.000 ₫,,"600 Đã bán
China"
Xe Điều Khiển Từ Xa Mini Desktop Alloy Drift Siêu Nhỏ 1:64 Quà Tặng Sinh Nhật Cho Bé Trai Xe Đồ Chơi Bằng Hợp Kim Xe Mô Hình Tĩnh,https://www.lazada.vn/products/pdp-i3219459353.html,363.000 ₫,,"7 Đã bán
China"
🎊Cosplay🎊 9cm/3.54in Arena Breakout Mini M110 Rifle Model Alloy Small Toys Game Peripherals Weapons Keychain Pendant Ornaments Desktop,https://www.lazada.vn/products/pdp-i3214121927.html,231.775 ₫,,
Iron+PU Leather Double Layered Storage Racks Ornament Perfume Cosmetics Vestibule Kitchen Bedroom Desktop Display Home Organizer,https://www.lazada.vn/products/pdp-i3149823925.html,481.589 ₫,,
Ceramic Small Flower Pot Glazed Bowl High Temperature Sticker Green Plant Multi-Purpose Succulent Plant Simple Style Desktop,https://www.lazada.vn/products/pdp-i2840032347.html,173.000 ₫,5.0,7 Đã bán
Desktop Christmas Tree Snow Flocking Artificial Christmas Tree Mini Christmas Tree with Lamp & Wooden Base,https://www.lazada.vn/products/pdp-i3214765553.html,237.643 ₫,,
Tralalero Tralala Desktop Decoratio Brainrot Italy Toys Tungtung Sahur Cartoon Pvc Model Ornaments Toy for Kid Gifts Cake Decor,https://www.lazada.vn/products/pdp-i3094657690.html,195.313 ₫,,
Logo Có Thể Tùy Chỉnh Hộp Quà Tặng Bằng Da Chìa Khóa Lưu Trữ Cầm Tay Chính Sách Tài Liệu A4 Hộp Tập Tin Giải Pháp Lưu Trữ Tài Sản,https://www.lazada.vn/products/pdp-i3152128499.html,201.000 ₫,,
Glass Hydroponic Plant Ecological Bottle Office Desktop Potted Green Plant Decoration Small Flower Bottle Micro Landscape,https://www.lazada.vn/products/pdp-i3159466630.html,213.084 ₫,,
Creative Astronaut Trash Bin Home Living Room Coffee Table Desktop with Brush and Cover Storage Bin Office Waste Paper Basket,https://www.lazada.vn/products/pdp-i3184609537.html,345.090 ₫,,
Jonsbo D30 M-ATX trường hợp vỏ nhôm Side trong suốt ATX để bàn văn phòng khung gầm nhỏ dài Video Card hỗ trợ máy tính để bàn vỏ bọc,https://www.lazada.vn/products/pdp-i2419053224.html,2.076.463 ₫,,
New 35Pcs Gateron Oil King Linear Switch 5Pin RGB 65G Mx POM Stem For Mechanical Keyboard 60M Black Plated Long Spring Pre Lubed,https://www.lazada.vn/products/pdp-i2741563403.html,481.000 ₫,,
2TB 16TB 30TB Solid State Drive High Speed Transfer Large Capacity Safe Shockproof Impact Resistant Data Storage Universal Desktop PC Mobile Hard Disk Portable SSD for Laptop Convenient Solid State,https://www.lazada.vn/products/pdp-i3154808153.html,233.300 ₫,,
(ABKM) DX01 Thin Mini ITX Computer Chassis Thin Half Height Computer Chassis USB2.0 Computer Case with Telescopic Foot,https://www.lazada.vn/products/pdp-i2760477144.html,364.164 ₫,,
Pastoral Style PU Leather Tissue Boxes Suitable for Removable Tissue Napkins Automotive Home Living Room Desktop Collection Items,https://www.lazada.vn/products/pdp-i3149895568.html,169.878 ₫,,
B75M ITX Motherboard LGA 1155 Desktop PC Support DDR3 RAM NGFF NVME M.2 Interface USB SATA3.0 Base Plate,https://www.lazada.vn/products/pdp-i3015134831.html,842.319 ₫,,
M.2 Ssd Nvme Ngff Heat Sink Aluminum Heatsink with Thermal Pad for M2 2280 Ssd Hard Disk Desktop Pc,https://www.lazada.vn/products/pdp-i3164773249.html,180.300 ₫,,
Mini Christmas Tree Small Pine Trees on the Wooden Base Home Desktop Decoration,https://www.lazada.vn/products/pdp-i3207105125.html,105.000 ₫,,
New 220W GaN Desktop Charger 6-Port USB Type C PD Charger Fast Charge 3.0 Fast Charger Mobile USB Charger,https://www.lazada.vn/products/pdp-i2801991621.html,632.617 ₫,3.0,
Original Anime Pokemon Hitmonlee Scale World 1:20 Action Figure Cute Doll 3d Print Model Doll Desktop Collection Decoration Toys Gifts hot,https://www.lazada.vn/products/pdp-i3129507429.html,378.300 ₫,,
new Pokemon Anime Figures Tentacool Tentacruel Agate Jellyfish Stinger 1/20 3d Printing Cartoon Character Desktop Model Kid Gifts,https://www.lazada.vn/products/pdp-i2941787638.html,414.100 ₫,,
4X DDR3 16GB 1600Mhz DIMM PC3-12800 1.5V 240 Pin Desktop Memory RAM Non-ECC for AMD Socket AM3 AM3+ FM1 FM2 Motherboard,https://www.lazada.vn/products/pdp-i3032119609.html,826.772 ₫,,
"WAVLINK 2024 New BE8800 WiFi 7 PCIe Network Card, Tri-Band BE200 Wireless Adapter with Bluetooth 5.4, MU-MIMO, WPA3, Low-Profile Bracket, Heat Sink, for Windows 10/11 Desktop PC",https://www.lazada.vn/products/pdp-i2745846865.html,1.359.000 ₫,5.0,35 Đã bán
Hot NECA Alien Vs Predator Action Figure Aliens Vs Predator Grid Alien Xenomorph Translucent Model Toys 2Pcs Desktop Collection Gift,https://www.lazada.vn/products/pdp-i2952634967.html,637.227 ₫,,
Jiogein Desk Calendar Daily Flip Standing Vertical 2025- 2026 Desktop Home Small Office,https://www.lazada.vn/products/pdp-i3184869068.html,64.000 ₫,,
Hot Catch Teenieping Toy Kawaii Anime Figures Collectable Cartoon Doll Toys Desktop Decorate Ornaments Christmas Pres Gift Toy,https://www.lazada.vn/products/pdp-i3053684018.html,509.715 ₫,,
2026 Desk Calendar Monthly Planner Retro Minimalist Desktop Organizer Stand Up Spiral Agenda for Office Home School,https://www.lazada.vn/products/pdp-i3213655422.html,35.927 ₫,,
【Limited-time offer】 1200Mbps Wireless -e Adapter 802.11ac Bluetooth 4.0 WiFi Wlan 2.4G/5GHz Desktop Wifi Express Adapter For Win 7 10 11,https://www.lazada.vn/products/pdp-i3101147536.html,229.478 ₫,4.0,
(KNCZ) Computer DDR4 DDR5 5V ARGB Sync Memory Radiator PC RGB Colorful RAM Heatsink Cooler Cooling Shim Armor,https://www.lazada.vn/products/pdp-i3023781906.html,418.772 ₫,,
European Style Light Luxury Metal Glass Vase Home Gardening Glass Transparent Dry Flower Planter Living Room Coffee Table Desktop Candle Holder,https://www.lazada.vn/products/pdp-i3169726099.html,321.564 ₫,,
Vine Woven Simple Double-layer Desktop Storage Rack Living Room Small Water Cup Cosmetics Snack Storage Rack Office Coffee Sorting Rack,https://www.lazada.vn/products/pdp-i3178277378.html,309.022 ₫,,
1pc Silicone Cartoon Insulation Pad Slip and High Temperature Resistance Tea Table Restaurant Desktop Teacup Mat Household Items,https://www.lazada.vn/products/pdp-i3148015029.html,67.712 ₫,,
(VCNB) Desktop Graphics Card Graphics Card Small Chassis Graphics Card GT610 1GB DDR3 64Bit Video Card VGA+HD+DVI Desktop Office Game,https://www.lazada.vn/products/pdp-i2936240135.html,782.694 ₫,,
(UMVE) HM55B PGA988 Desktop PC Mainboard DDR3 SATA II Mini ITX Motherboard for Mini Host/HTPC/Radio/ Advertising Machine,https://www.lazada.vn/products/pdp-i3033952333.html,821.422 ₫,,
Overhead Tripod for Mobile Phone Smartphone Desktop Cellphone Video Shooting Stand with Ring Light for Table Photography,https://www.lazada.vn/products/pdp-i2938183262.html,517.496 ₫,,
🎊Cosplay🎊 16cm Valorant Weapon VCT 2025 Karambit Game Periphery Claw Metal Weapon Model Samurai Blunt Desktop Crafts Gift Toy,https://www.lazada.vn/products/pdp-i3214194366.html,422.553 ₫,,
1PC 4 Inch Full Range Speaker 4 8 Ohm 30W Hifi Treble Mediant Bass Desktop Bookshelf Music Sound Tweeter Subwoofer Loudspeaker DIY,https://www.lazada.vn/products/pdp-i2697364364.html,878.061 ₫,,
O5(BYUJ) To VGA Male To VGA RGB Female Video Converter Adapter Male to Female Cable 1080P For PC Male-Female Adapter Converter,https://www.lazada.vn/products/pdp-i3046711791.html,41.500 ₫,,
PC Phong Vũ Gaming Cupid M007 (Intel Core i5-12400F/1x16GB/512GB SSD/GeForce RTX 3060/Free DOS) - Bảo hành 36 tháng,https://www.lazada.vn/products/pdp-i3081473568.html,18.179.000 ₫,,
Máy vi tính máy bộ hp Nhật Thùng máy bộ Nhật siêu bền hp6200 i5 2400 ram 4g ssd 120g giá 1200k bh 1thang,https://www.lazada.vn/products/pdp-i2272801398.html,1.200.000 ₫,4.0,90 Đã bán
CHUWI | Máy Tính Xách Tay Intel Thế Hệ 12 Màn Hình Lớn 15.6 Inch,https://www.lazada.vn/products/pdp-i3197161309.html,6.017.000 ₫,4.0,
Maijet N3160 Mainboard J1900 J3160 N3150 Quad Core CPU NAS Low Power DDR3 Socket M Compact Desktop Computer Hardware,https://www.lazada.vn/products/pdp-i2830247839.html,714.000 ₫,,"30 Đã bán
Nước ngoài"
"ASRock DeskMini X300, DeskMini X600 & DeskMeet X600 – Máy tính mini mạnh mẽ, hiệu suất cao",https://www.lazada.vn/products/pdp-i3146059390.html,3.990.000 ₫,,
"Máy Dell đồng bộ Core i7 4770/Ram 8GB /SSD 128GB. Máy like new đẹp 99%, zin nguyên bản.",https://www.lazada.vn/products/pdp-i1921676639.html,2.500.000 ₫,4.0,107 Đã bán
"Bộ máy tính để bàn PC ASUS M5401WU M5401WUAT-BA014W (23.8"" Full HD/AMD Ryzen 5 5500U/8GB/512GB SSD/WiFi)",https://www.lazada.vn/products/pdp-i2056249041.html,19.990.000 ₫,,
Máy tính Mini PC Intel NUC T9 Plus mới FullBox - intel N100 thế hệ 12 ram 8G siêu nhỏ gọn,https://www.lazada.vn/products/pdp-i2421179207.html,3.288.000 ₫,5.0,23 Đã bán
compo may vi tính văn phòng học tập main chipset 1155 cpu i3 2100 ram 4g gia chi 320k bảo hành chu đáo 1thang tại shop,https://www.lazada.vn/products/pdp-i3016852230.html,330.000 ₫,5.0,18 Đã bán
Máy tính đồng bộ Dell siêu bền Core 2 Dual | 4GB | 250GB,https://www.lazada.vn/products/pdp-i2454137017.html,900.000 ₫,5.0,
[HCM] Thùng Máy tính PC CPU i5 2400 8gb RAM HOẠT ĐỘNG TỐT,https://www.lazada.vn/products/pdp-i2661291915.html,1.250.000 ₫,,
[Trả góp 0%]Máy tính đồng bộ Dell Optiplex 3010/7010 Intel Core i5 3470 Ram 4GB SSD 240GB + Tặng chuột không dây và bàn di,https://www.lazada.vn/products/pdp-i1824341717.html,2.371.000 ₫,,
"[Siêu Sale 7.7] Thùng CPU Dell optiplex 390/790/990 ( Core i5 2400 / 8GB / HDD 500G ) Tặng usb thu wifi , bàn di chuột - Hàng nhập khẩu",https://www.lazada.vn/products/pdp-i1924443195.html,1.950.000 ₫,,
"Máy tính để bàn đồng bộ Dell optiplex 390 ( Core i5 / 8G / SSD 240G ),Có HDMI , Tặng USB wifi , Dây HDMI bàn di chuột - Hàng Nhập Khẩu",https://www.lazada.vn/products/pdp-i1912329673.html,2.735.000 ₫,,
Compo máy tính chơi game h81 cpu core i5 4570 3.4ghz ram 8g fan led đẹp bảo hành chu đáo 1thang,https://www.lazada.vn/products/pdp-i2212153998.html,1.450.000 ₫,4.0,16 Đã bán
"Bộ PC Gaming CPU 12 nhân 24 luồng /Ram 16GB, đồ họa, Dựng video, chạy giả lập, nox player - Lol, Fo4 BH 12 Tháng",https://www.lazada.vn/products/pdp-i1295658953.html,4.800.000 ₫,5.0,7 Đã bán
"RAM RAM RAM DIMM/SODIMM 4GB/8GB DDR3/DDR3L 1600/1333 MHz 240pin 1.5V /1.35V Máy Tính Để Bàn Máy Tính Xách Tay Thẻ Nhớ Máy Tính Xách Tay, Rộng",https://www.lazada.vn/products/pdp-i1353041079.html,360.000 ₫,4.0,502 Đã bán
"[SIÊU RẺ]Bộ máy tính văn phòng để bàn Core i7 | i5 | i3 kèm màn hình full viền 22inch New-Bảo hành 12 tháng | Tặng kèm bộ phím chuột,dây mạng .",https://www.lazada.vn/products/pdp-i2216502711.html,1.690.000 ₫,5.0,26 Đã bán
"Firebat T2 Mini PC N150 (3.6GHz) Intel, 4K UHD, DDR4 RAM M.2 SSD PCIe, Intel Twin Lake N150",https://www.lazada.vn/products/pdp-i3062415123.html,2.663.100 ₫,4.0,11 Đã bán
"Mini PC AOOSTAR MACO R7 H255 – Ryzen 7 H255, RAM DDR5, Vân Tay, OCuLink, 2.5G LAN, USB4",https://www.lazada.vn/products/pdp-i3202058789.html,10.590.000 ₫,,
Mini PC Minisforum MS-A1 AMD Ryzen 7000 đến 9000 series Desktop socket AM5⏐Mini PC⏐USB4⏐Oculink 2.5GB MSA1,https://www.lazada.vn/products/pdp-i3199350375.html,7.790.000 ₫,,
Laptop Acer Nitro V 15 ProPanel ANV15-51-56D5 (i5-13420H/ GeForce RTX™ 3050/ 16GB/ 512GB/ Windows 11),https://www.lazada.vn/products/pdp-i3100596029.html,21.990.000 ₫,,
Máy lọc nước RO để bàn PHILIPS ADD6901 - Công Nghệ Aquaporin Inside® HÀNG CHÍNH HÃNG,https://www.lazada.vn/products/pdp-i2916315881.html,10.590.000 ₫,,
Loa bluetooth Xiaomi Desktop Speaker - Hàng chính hãng Digiworld,https://www.lazada.vn/products/pdp-i3021285442.html,1.179.000 ₫,,
"Xraydisk Ổ Cứng Ssd, Ssd 120gb, Ổ Cứng Gắn Trong Hdd 2.5 SATA3 60GB 120GB 128GB 240GB 256GB 480GB 512gb 1TB Internal Solid State Drive For Laptop&Desktop",https://www.lazada.vn/products/pdp-i2355419369.html,273.900 ₫,1.0,
[ammoon]quà bí mật MS-12 Mini Foldable Desktop Tabletop Tripod Microphone Mic Stand Holder,https://www.lazada.vn/products/pdp-i2362270530.html,142.316 ₫,5.0,6 Đã bán
Loa bluetooth Xiaomi Desktop Speaker - Hàng chính hãng,https://www.lazada.vn/products/pdp-i3021177448.html,1.190.000 ₫,,
[NC] Desktop Bluetooth DAC FIIO BR13 | Chip DAC ES9018K2M | DAC Để Bàn,https://www.lazada.vn/products/pdp-i2570189529.html,1.759.000 ₫,5.0,9 Đã bán
{hot} Essager 140W GaN USB Type C Desktop Charger 100W Quick Charge QC4.0 PD3.0 Fast Chagers Station For MacBook Samsung iPhone Laptop,https://www.lazada.vn/products/pdp-i3075961424.html,667.536 ₫,,
Tai nghe chơi game Somic G941 7.1 Kênh Đa chức năng Wire Surround Sound Headphone Student Wire Ear For Desktop Laptop,https://www.lazada.vn/products/pdp-i3082882616.html,739.000 ₫,,
Cáp nguồn,https://www.lazada.vn/products/pdp-i1201388570.html,29.000 ₫,5.0,
Ram Laptop Crucial 32GB DDR4-3200 SODIMM,https://www.lazada.vn/products/pdp-i2580713366.html,3.390.000 ₫,5.0,9 Đã bán
Hộp cắm bút nhựa 9133 (Deli),https://www.lazada.vn/products/pdp-i1931408331.html,49.500 ₫,5.0,5 Đã bán
[NC] Desktop Speaker AMP FOSI BT30D PRO | Âm Ly Để Bàn | Desk Amplifier,https://www.lazada.vn/products/pdp-i3206577582.html,2.574.000 ₫,,
[NC] Desktop Bluetooth DAC/AMP AIYIMA T5 V2 | Chip Amp TDA7498E + Chip Op-Amp NE5532 | Âm Ly Để Bàn | Desk Amplifier,https://www.lazada.vn/products/pdp-i3031766353.html,2.400.000 ₫,,
Hộp Bút Văn Phòng Hình Trụ Đa Năng O.LiFE - S357E,https://www.lazada.vn/products/pdp-i1219372217.html,57.850 ₫,5.0,
Khung ảnh để bàn Thảo Tranh-mặt kính- tặng kèm in ảnh theo yêu cầu TT863,https://www.lazada.vn/products/pdp-i2086776101.html,109.000 ₫,,
Kens Rattan Woven Coffee Table Storage Basket Living Room TV Cabinet Drawer Organizer Tray Desktop Snack Storage Wicker Basket,https://www.lazada.vn/products/pdp-i1924708235.html,328.000 ₫,4.0,
Pure Brass Handheld Bell Wooden Handle Buddhist Altar School Decorative Piece Modern Simple Style Desktop Decoration Bell,https://www.lazada.vn/products/pdp-i2218087235.html,200.070 ₫,5.0,79 Đã bán
Acrylic Dustproof Display Box Lego Figure Stand Desktop Decoration Toy Building Blocks Accessories Universal for Boys And Bé Gáis,https://www.lazada.vn/products/pdp-i3214672621.html,108.000 ₫,,"91 Đã bán
China"
Magnet Resin Sakura Flower Fridge Magnet Message Board Small Desktop Lamp Decoration Fresh Style Card Paper Photo Holder,https://www.lazada.vn/products/pdp-i3211602032.html,51.000 ₫,,"48 Đã bán
Hong Kong"
WHPHous Lật hộp lưu trữ trong suốt hộp lưu trữ máy tính để bàn dẫn đèn pha Hộp bao bì mặc Đèn pha hộp nhựa,https://www.lazada.vn/products/pdp-i2932154567.html,11.958 ₫,5.0,97 Đã bán
CANAMEK Cartoon Capybara Plush Keychain Bag Pendant Hanging Decoration Cute Stuffed Doll Toy Desktop Doll Ornament Car Keyring Kids Gifts,https://www.lazada.vn/products/pdp-i3192106310.html,28.928 ₫,,"10 Đã bán
China"
RODE Microphone Stand Desktop Large Diaphragm Microphone Suspension Arm Stand Mounting Bracket Adjustable NT USB MINI,https://www.lazada.vn/products/pdp-i1333370081.html,791.000 ₫,4.0,286 Đã bán
Mini Mirror Portable Folding Handheld Standup Makeup Mirror Student Dormitory Desktop Convenient Carry Personal Grooming Tool,https://www.lazada.vn/products/pdp-i3213901142.html,49.000 ₫,,"601 Đã bán
China"
W9Plush Pillow Phone Tablet Bracket Desktop Stand Adjustable Length Angle for Video Chat Lazy Tablet Holder,https://www.lazada.vn/products/pdp-i3151857093.html,532.448 ₫,,
QIUWU Clear Acrylic Cell Phone Stand Desk Dock Holder For Smartphone Universal Desktop Charger Support Telephone Mount,https://www.lazada.vn/products/pdp-i3142460278.html,17.509 ₫,,
WHPHous Nhựa hộp lưu trữ Hộp y tế tổ chức đa chức năng y học di động Tủ gia đình khẩn cấp Kit hộp với xử lý,https://www.lazada.vn/products/pdp-i2771616633.html,17.018 ₫,3.0,112 Đã bán
【original】 EVA Carrying Case Shockproof Waterproof Portable Game Console Storage Bags New Hard Anti-Drop Protective Cover for ROG Ally,https://www.lazada.vn/products/pdp-i2825249776.html,118.012 ₫,,
Hoa Quả Nordic Sea Grass Wicker Handheld Picnic Basket Decorative Desktop Decoration Floral Basket Storage Basket,https://www.lazada.vn/products/pdp-i2830811698.html,102.000 ₫,5.0,
[Top] cantilever kẹp giá ôm chống trượt giá đỡ bằng nhựa Clip C hình dạng máy tính để bàn kẹp giữ cho micro đèn bàn vòng,https://www.lazada.vn/products/pdp-i2746015714.html,37.400 ₫,5.0,
GUOUqna Lưu Trữ Trong Suốt Hộp Chủ Thẻ Sticker Văn Phòng Phẩm Lưu Trữ Trong Suốt Hộp Phim Lưu Trữ Hộp Phân Loại Hộp Cho Thủ Công Máy Tính Để Bàn,https://www.lazada.vn/products/pdp-i3066326566.html,11.186 ₫,,
Hộp lưu trữ hộp nhựa trong suốt trên bàn sắp xếp hộp lưu trữ phân loại hộp lưu trữ thẻ bưu thiếp hình chữ nhật chơi bài,https://www.lazada.vn/products/pdp-i3155793619.html,9.000 ₫,,"7 Đã bán
China"
Cartoon Mini Tumbler Children's Educational Toys Desktop Decompression Shaking Head Tumbler Ornaments YL059,https://www.lazada.vn/products/pdp-i2654131380.html,14.100 ₫,5.0,132 Đã bán
WHPHous 20pcs Color Triangle Clip Bill Clip Book Paper Corner Clip For Desk Storage Shelf Stationery Office Desktop Organizer Clip,https://www.lazada.vn/products/pdp-i3136033332.html,27.317 ₫,5.0,9 Đã bán
New Chinese Zen Waterproof Tea Mat Restaurant Chinese Tea Towel Tea Table Towel Table Runner,https://www.lazada.vn/products/pdp-i2552717260.html,147.376 ₫,4.0,53 Đã bán
MaxgePC Sáng Tạo ít gấu lợn Ngân Hàng Trong suốt đồng xu giấy tiền tiết kiệm hộp dễ thương an toàn hộp ký gửi trẻ em kỳ nghỉ quà tặng trang trí máy tính để bàn,https://www.lazada.vn/products/pdp-i3058628302.html,21.255 ₫,,
Romoss Quạt cầm tay quạt sạc tích điện Mới cầm tay Clip Desktop Fan USB sạc ánh sáng ban đêm cắm trại ngoài trời Mini Fan cầm tay Baby Cart Silent Electric Fan 3000/6000mah Độ bền kéo dài quạt tích điện quạt để bàn văn phòng quạt bàn quạt kẹp bàn,https://www.lazada.vn/products/pdp-i2583754560.html,189.000 ₫,4.0,
Vimite Portable Mini Fan Small Super Silent Detachable Flexible Tripod Desktop Camping Octopus Fan Swinging Baby stroller 270 ° Rotating Night Fan,https://www.lazada.vn/products/pdp-i2596689387.html,247.126 ₫,4.0,23 Đã bán
Mini Bookmarks Chinese Calligraphy Style Desktop Atmosphere Decoration Artistic Handmade Paper Reading Index Cards Geometric Shape,https://www.lazada.vn/products/pdp-i3174755923.html,24.700 ₫,5.0,
WHPHous Cute Vertical Bucket Tea Cup Pencil Case Student Large Capacity Stationery Storage Bag Handheld Portable Pen Pouch Storage Box,https://www.lazada.vn/products/pdp-i3125877098.html,45.387 ₫,,
Baseus Velcro Straps Cable Organizer for Charging Data Cable Network Cable Winder Cable Clip Office Desktop Management,https://www.lazada.vn/products/pdp-i577816900.html,95.000 ₫,4.0,291 Đã bán
RadianceRetail Desktop Makeup Mirror Solid Color PU Leather Simple Portable Handheld Makeup Mirror Foldable Student Compact Cute Pocket Mirror,https://www.lazada.vn/products/pdp-i3193098549.html,11.087 ₫,,
For Tripod Magnetic Phone Holder Aluminum Alloy 360° Rotating Foldable Stand for SmartPhone Travel Car Desktop,https://www.lazada.vn/products/pdp-i3227699404.html,354.941 ₫,,
KUULAA Kẹp cáp silicone linh hoạt có độ bền cao Giá đỡ dây gọn gàng Cáp sạc Cáp tai nghe Chuột Aux Kẹp cáp Hai kiểu để lựa chọn asd,https://www.lazada.vn/products/pdp-i2166086970.html,94.895 ₫,5.0,40 Đã bán
Crystal Golf Ball Award Cup Creative Desktop Decoration Model Fan Memorial Engraving Birthday Gift for Men Modern Simple Home Decor,https://www.lazada.vn/products/pdp-i3215206732.html,142.000 ₫,,
BMPEIC Desktop Makeup Mirror Solid Color PU Leather Simple Portable Handheld Makeup Mirror Foldable Student Compact Cute Pocket Mirror,https://www.lazada.vn/products/pdp-i3137905189.html,19.297 ₫,,
Túi Hộp Đựng Bút Đồ Dùng Cá Nhân Bằng Hình Chú Mèo Xinh Xắn Nhiều Màu Sắc Deli Sức Chứa Lớn - BC172,https://www.lazada.vn/products/pdp-i2210924497.html,173.000 ₫,5.0,15 Đã bán
Wireless Bluetooth keyboard with phone holder for iPad tablet 2.4g wireless gaming keyboard for PC desktop laptop work keypad（Please contact the store for products worth 999999 Vietnamese dong）,https://www.lazada.vn/products/pdp-i2724323799.html,459.999 ₫,,
Desktop Boxing Punching Bag Heavy Duty Stress Relief Boxing Bag with Suction Cup Stress Buster Perfect for Kids and Adults,https://www.lazada.vn/products/pdp-i3086093487.html,271.786 ₫,,
#Duolami Store# Blind Box lucky Bag Demon Slayer Figure Zenitsu Tanjiro Sanemi Figure Doll Toys Desktop Home Decortation Ornaments Collection Gift,https://www.lazada.vn/products/pdp-i3089775291.html,345.943 ₫,,
Portable Fan USB Rechargeable Fan LED 7 Colors Electric Fan 180°Adjustable Camping Fans 3 Speeds Mini Desktop Fan,https://www.lazada.vn/products/pdp-i2792937121.html,142.474 ₫,,
"[GOOD] Như Ý Hộp Hút Từ , Hộp Thanh , Có Thể Được Sử Dụng Như Một Hộp Lưu Trữ Thẻ PH",https://www.lazada.vn/products/pdp-i2811703199.html,472.470 ₫,,
Portable Fan Handheld Desktop Small Fan Rechargeable Mini Turbo Fan High Speed Handheld Fan USB Mini Portable Fan,https://www.lazada.vn/products/pdp-i3182020201.html,117.110 ₫,,
Animal Table Lamp Dyed Resin Elephant Lamp Desktop Night Light Table Night Light 3D Stained Animal Night Light Lamp Easy Install,https://www.lazada.vn/products/pdp-i3025403496.html,208.800 ₫,,
(XDRP) Desk Mail Organizer Small File Holders Letter Organizer Document/Filing/Folders/Paper Organizer for Desktop,https://www.lazada.vn/products/pdp-i3025095474.html,68.136 ₫,,
Ceramic Hand-held Rabbit Vase High-end Sense Vase Decoration Living Room Flower Arrangement Desktop Decoration Housewarming Gift,https://www.lazada.vn/products/pdp-i3154543861.html,338.741 ₫,,
(PFUO) 103Keys Silicon Keyboard Russian Layout USB Interface Keyboard Flexible Foldable Wired Keyboard for PC Desktop Laptop,https://www.lazada.vn/products/pdp-i3209692777.html,345.110 ₫,,
Sách Nhỏ An Toàn Có Khóa Chìa Khóa Hộp Đựng Đồ Ẩn Bằng Thép 100% Có Túi Chống Mùi Cấp Thực Phẩm - Dung Dịch Lưu Trữ Riêng Lẻ,https://www.lazada.vn/products/pdp-i3188938304.html,371.450 ₫,,
Mini Trash Can Desktop Trash Basket Household Desktop Plastic Trash Can Office Supplies Trash Can Sundries Bucket Box,https://www.lazada.vn/products/pdp-i2995083873.html,219.000 ₫,,
Portable Rechargeable Mini Fan 1000mAh Battery Neck Hanging Clip Design Desktop Wrist or Clothes Waist Adjustable Cool Air,https://www.lazada.vn/products/pdp-i3192867173.html,246.100 ₫,,
Ice Compress Mini Fan Cooling Handheld Fan Mini Folding Digital Display Mute Desktop Fan Ice Compress Neck Fan,https://www.lazada.vn/products/pdp-i2750640851.html,339.863 ₫,,
"Dell XPS 15 9500 - i7-10750H |RAM 16GB | SSD 512GB | GTX 1650TI | 15.6 "" FHD+ (Seri: 20RLK63)",https://www.lazada.vn/products/pdp-i3200244787.html,15.490.000 ₫,,
"3D Fan Hologram Projector Desktop LED Sign Holographic Lamp Player Remote Display Support Images and Video for Placing on Desks, Restaurants, Homes, Etc. to Increase the Fun",https://www.lazada.vn/products/pdp-i2402940169.html,534.669 ₫,,
MagiDeal Khung Máy Tính Ngoài Trời Bền Bỉ Được Làm Thủ Công Bằng Tay Khung Máy Tính Bảng ATX Giá Đỡ Bo Mạch Chủ Dành Cho Khai Thác Và Chơi Game Vỏ Thép Ổn Định,https://www.lazada.vn/products/pdp-i3167836547.html,353.000 ₫,,
"Thùng Rác Để Bàn Lật Mini, Hộp Đựng Bút Có Nắp Đáng Yêu Cho Bé Gái Phòng Ngủ Gia Đình",https://www.lazada.vn/products/pdp-i3141805424.html,23.100 ₫,,
Computer Online Class Dedicated Live Camera 4K High Definition Webcam for Desktop Notebook,https://www.lazada.vn/products/pdp-i3204461141.html,355.162 ₫,,
【Hàng Có Sẵn】kiprun Bình Nước Điện Tự Động Bơm Bình Nước Uống Sạc USB Cho Gia Đình Nhà Bếp Văn Phòng Dã Ngoại Ngoài Trời,https://www.lazada.vn/products/pdp-i1730194413.html,104.412 ₫,4.0,92 Đã bán
Ổ cắm tường Sticker Fixer chống đột biến điện dính Ổ cắm điện để bàn Fixer nhiều mục đích cho nhà,https://www.lazada.vn/products/pdp-i3060512003.html,19.000 ₫,4.0,8 Đã bán
MMLUCK Có thể tháo rời Bộ sắp xếp nghiêng cho bàn làm việc Phim hoạt hình Dung tích lớn Hộp đựng cọ vẽ Đa chức năng Chia tay Giá đỡ bút nghiêng Kho lưu trữ vật liệu nghệ thuật,https://www.lazada.vn/products/pdp-i3109381127.html,132.000 ₫,,
Công cụ tổ chức thùng có tay xách cắm trại hộp công cụ hộp sắt chống trượt dụng Cụ Ngoài Trời tổ chức Phụ Kiện Cắm trại,https://www.lazada.vn/products/pdp-i2802548032.html,376.000 ₫,,
Cute Cartoon Capybara Pendant Plush Toy Doll Bag Hanging Ornaments Cute Kapila Keychain Doll Car Pendant Desktop Doll Ornaments,https://www.lazada.vn/products/pdp-i2941810004.html,55.800 ₫,4.0,12 Đã bán
JIANTE | Tổ chức trang điểm chống bụi dung lượng lớn cho ngăn kéo bàn trang điểm,https://www.lazada.vn/products/pdp-i3193644354.html,224.000 ₫,4.0,
BIGHSM Halloween Claw Bookmark Terrifying Devil Claw Office Desktop Decoration Resin Craft Ornament Halloween Home Decoration Gift,https://www.lazada.vn/products/pdp-i3204421149.html,48.476 ₫,,
1pc Mini Cartoon Tumbler Children's Educational Desktop Toy Gift Prize YL230,https://www.lazada.vn/products/pdp-i2658444528.html,13.000 ₫,5.0,21 Đã bán
CHENJ Có thể gập lại Hộp sách sinh viên ký túc xá Lớp Học Cuốn Sách sắp xếp trong suốt không thấm nước hộ gia đình cuốn sách tổ chức hộp lưu trữ,https://www.lazada.vn/products/pdp-i3149082590.html,27.042 ₫,,
"Kệ sách gấp gọn trong suốt chống nước | Chất liệu PVC bền bỉ, chống trầy xước, lý tưởng để lưu trữ sách và truyện tranh tại nhà. Vẻ ngoài trong suốt và có thể gấp gọn để tiết kiệm không gian lưu trữ.",https://www.lazada.vn/products/pdp-i3121015483.html,29.900 ₫,,
Y8Luxury Tissue Boxes Storage Napkin Holder Paper Case Organizer Ornament Craft Desktop,https://www.lazada.vn/products/pdp-i2874714736.html,157.058 ₫,,
Mobile Phone Stand Desktop Lazy Holder Bedside Foldable Multi-Function Support for 4-8inch Smartphone,https://www.lazada.vn/products/pdp-i3140188156.html,86.000 ₫,,
Outdoor Camping Desktop Atmosphere Light Portable Camping Decorative Lights Retro Camp Tent Light Hanging Lamp,https://www.lazada.vn/products/pdp-i3194499348.html,138.050 ₫,,
domain-Pencil Cup Holder Desk Organizer Gold Pen Pot Pen Holder Container Desktop Stationery Organizer Table Vases Flower Pot,https://www.lazada.vn/products/pdp-i3179049210.html,193.136 ₫,,
Lazy Mobile Phone Holder Lying on the Bed Watching TV Live Drama Artifact Dormitory Bedside Desktop Tablet Holder,https://www.lazada.vn/products/pdp-i3079820726.html,323.803 ₫,5.0,
domain-European Metal Crystal Candle Holders Desktop Decoration Gold Candle Holders Wedding Home Decoration,https://www.lazada.vn/products/pdp-i3180401271.html,118.000 ₫,5.0,
Ceramic Bear Storage Trays Decorative Can Hold Keys Snacks Candies Jewelry Piggy Bank Living Room Desktop Storage Container,https://www.lazada.vn/products/pdp-i3149923819.html,340.162 ₫,,
New Cartoon Crayon Shin-Chan Boochan Phone Holder Desktop Anime Ornaments Watching Tv Cartoon Phone Support Cute Doll Gifts,https://www.lazada.vn/products/pdp-i2711537092.html,52.000 ₫,,"5 Đã bán
China"
Foldable Storage Basket Cotton Linen storage organizer box Desktop Cosmetic Sundries Storage Bakul Serbaguna,https://www.lazada.vn/products/pdp-i2523799753.html,21.060 ₫,5.0,10 Đã bán
FengShui Loud Call Meditation Hand Bell Lucky Dinner Prayer Alarm Portable Desktop Tea Tibetan Buddhist Service Handmade Brass,https://www.lazada.vn/products/pdp-i2428578198.html,92.451 ₫,,
Plastic Mini Desktop Trash Can Filters Kitchen Waste Scented Tea Cleans Fruits and Vegetables Office and Home Storage Containers,https://www.lazada.vn/products/pdp-i3161500080.html,211.064 ₫,,
ziyi Desktop Lamp Stained Glass Cat Light 3d Animal-themed Led Night Light for Bedroom Decor Soft Warm Glow Stained Glass Cat Lamp Perfect,https://www.lazada.vn/products/pdp-i3195122897.html,310.000 ₫,,
"Túi Đựng Đồ Vệ Sinh Xách Tay Đi Du Lịch Kiss The Rain, Túi Đựng Mỹ Phẩm Dạng Treo",https://www.lazada.vn/products/pdp-i3144034375.html,39.000 ₫,,
"Giá Đỡ Màn Hình Máy Tính Để Bàn Có Thể Điều Chỉnh Hỗ Trợ Màn Hình PC Cho Sinh Viên Học Tập Làm Việc Trong Phòng Thu Văn Phòng - Phù Hợp Với Máy Tính Xách Tay 13 ""-24""",https://www.lazada.vn/products/pdp-i3128656867.html,227.000 ₫,,
