title,url,price,rating,shop
"Xả Hàng Màn hình máy tính LCD 19 Wide nhiều mẫu, nhiều hãng Samsung, LG,HP ... chính hãng",https://www.lazada.vn/products/pdp-i2043374064.html,580.000 ₫,5.0,24 Đã bán
Spin Màn hình cong 1080p 27inch Led Màn hiển thị 24inch Máy tính Full HD LCD 100hz Thiết bị hiển thị,https://www.lazada.vn/products/pdp-i3080415323.html,1.690.000 ₫,4.0,172 Đã bán
LS | Màn Hình IPS 2K 24 inches,https://www.lazada.vn/products/pdp-i3233733935.html,1.187.000 ₫,4.0,
Màn hình LCD gaming 27inch 2K IPS 100hz / 144hz / 165hz / 180hz New Box bảo hành chính hãng 24 Tháng,https://www.lazada.vn/products/pdp-i3160635307.html,2.188.000 ₫,5.0,7 Đã bán
LS | Màn Hình 27 Inch Siêu Sắc Nét Không Viền 100Hz IPS,https://www.lazada.vn/products/pdp-i3234419898.html,1.657.000 ₫,4.0,
Màn hình máy tính cũ 17 in 19 in 20 in 22 in đẹp các hãng Dell HP Samsung,https://www.lazada.vn/products/pdp-i2473655262.html,477.000 ₫,5.0,6 Đã bán
"Màn hình máy tính Provision 19'' 22'' 24'' 27 inch độ phân giải 1920x1080 tần số 75Hz Full HD, Màn Hình Gaming, Màn hình máy tính giá rẻ - Bảo hành chính hãng 24 tháng",https://www.lazada.vn/products/pdp-i1712517425.html,1.500.000 ₫,5.0,14 Đã bán
Màn hình máy tính BenQ GW2490 _ bảo vệ mắt 24 inch 1080p IPS 100Hz phù hợp làm việc và giải trí,https://www.lazada.vn/products/pdp-i2604786695.html,2.530.000 ₫,5.0,5 Đã bán
KTC | Màn Hình Chơi Game 27 inch 4K 160Hz Đa Chế Độ Type-C,https://www.lazada.vn/products/pdp-i3195086571.html,8.686.000 ₫,4.0,
Màn hình BenQ GW2791_bảo vệ mắt 27 inch 1080p IPS 100Hz phù hợp làm việc và giải trí,https://www.lazada.vn/products/pdp-i2941684359.html,2.750.000 ₫,,
LS | Màn Hình Chơi Game Cao Cấp Không Viền Cong IPS,https://www.lazada.vn/products/pdp-i3234510284.html,2.382.000 ₫,4.0,
Màn hình BenQ GW2491 bảo vệ mắt 23.8 inch 1080p IPS 100Hz phù hợp làm việc và giải trí,https://www.lazada.vn/products/pdp-i2898143076.html,2.200.000 ₫,5.0,5 Đã bán
màn hình 27 inch 144/165Hz/1ms(GTG) Full HD 1080P IPS Hỗ trợ HDMI/VGA/DP HDR400 Bảo hành 3 năm,https://www.lazada.vn/products/pdp-i3211004337.html,2.158.000 ₫,5.0,
"Màn hình LCD Samsung 24 inch LS24F320GAEXXV (Full HD 1,920 x 1,080/ IPS/ 120Hz/ 5ms) - Bảo hành 24 tháng",https://www.lazada.vn/products/pdp-i3110024070.html,2.499.000 ₫,5.0,
"Màn Hình Phụ Jungle Leopard 9.16 inch - Hiển Thị Video, Thông Số PC",https://www.lazada.vn/products/pdp-i3183022664.html,1.130.000 ₫,,
"Màn Hình Máy Tính 24 inch, Màn Hình Xiaomi Redmi Desktop Monitor 27 inch/Redmi Desktop Monitor 1A 23.8"" Độ Phân Giải 1920x1080, Màn Hình Full Viền",https://www.lazada.vn/products/pdp-i2303518646.html,1.990.000 ₫,,
"Màn hình FHD mở rộng máy tính xách tay 14 inch ba màn hình quan sát di động với 1 cáp cho 2 màn hình cho Windows, MacOS cho máy tính xách tay 13.3-16.5 inch",https://www.lazada.vn/products/pdp-i2611726753.html,6.921.122 ₫,5.0,6 Đã bán
KTC | Màn Hình Chơi Game 27 inch 2K 200Hz QD-MiniLED,https://www.lazada.vn/products/pdp-i3195134559.html,7.037.000 ₫,4.0,
Màn hình máy tính Gaming CONG Full viền 24 inch Duan iP2409H (FHD / 100hz / VA / 1ms) - Bảo hành 24T,https://www.lazada.vn/products/pdp-i2237997235.html,2.049.000 ₫,5.0,33 Đã bán
Màn Hình 22 inch Gaming Full Viền DUAN DT-V2218S 22inch Chuyên game (FHD/75HZ/LED VA) - Bảo hành 24T,https://www.lazada.vn/products/pdp-i2293685612.html,1.849.000 ₫,5.0,
Màn hình Gaming Samsung Odyssey 34 inch Cong LC34G55TWWEXXV Ultra WQHD 165Hz 1ms HDR,https://www.lazada.vn/products/pdp-i1455906688.html,7.423.000 ₫,4.0,271 Đã bán
"KTC | Màn Hình Chơi Game Nhẹ cho Văn Phòng 23.8 inches, Tần Số Cao 144Hz, Độ Phân Giải Cao, Ánh Sáng Xanh Thấp, Dải Màu Rộng",https://www.lazada.vn/products/pdp-i3201432241.html,3.401.000 ₫,4.0,
"KTC | Màn Hình 27 inch 2K 100Hz IPS với Công Nghệ Chống Loá, Ánh Sáng Xanh Thấp và Không Nhấp Nháy",https://www.lazada.vn/products/pdp-i3220733335.html,3.187.000 ₫,4.0,
EHOMEWEI | Màn Hình LED Mini Di Động 4K 120Hz cho Switch 2,https://www.lazada.vn/products/pdp-i3215099377.html,6.442.000 ₫,4.0,
"Màn hình máy tính Xiaomi Redmi 27 inch 100Hz Độ phân giải Full HD Màn hình LCD Tấm Nền IPS, Bảo Hành 2 Năm",https://www.lazada.vn/products/pdp-i2156780562.html,1.730.000 ₫,5.0,14 Đã bán
Màn hình Gaming 240HZ 27 inch Full viền Duan DT-IP27240S 27inch Chuyên Game (FHD/IPS/1ms) Viền mỏng,https://www.lazada.vn/products/pdp-i2238010163.html,3.749.000 ₫,5.0,12 Đã bán
EHOMEWEI | Màn Hình Mở Rộng Cảm Ứng 17 Inch 4K QLED Loại R,https://www.lazada.vn/products/pdp-i3219593967.html,5.464.000 ₫,4.0,
Màn hình Samsung công thái học D400GAEXXV FHD IPS 100Hz Bảo vệ mắt Khử nhấp nháy,https://www.lazada.vn/products/pdp-i2979312860.html,2.435.000 ₫,5.0,80 Đã bán
"Màn hình di động Full HD 15,6 inch Màn hình IPS | HDR | 60Hz cho máy chơi game, điện thoại di động, máy tính",https://www.lazada.vn/products/pdp-i3211665099.html,1.287.000 ₫,4.0,
Màn hình LCD 24'' GLowy G24F100 100Hz IPS Chính hãng,https://www.lazada.vn/products/pdp-i2881234899.html,2.184.000 ₫,5.0,
KTC | Màn Hình Chơi Game Ánh Sáng Xanh Thấp 24.5 Inch 260Hz IPS,https://www.lazada.vn/products/pdp-i3192775968.html,2.288.000 ₫,4.0,
Màn hình VIEWSONIC VA2732A-H (1920 x 1080/ IPS/ 120Hz/ 1 ms(MPRT)/ 104% sRGB) -Bảo hành 36 tháng,https://www.lazada.vn/products/pdp-i3012447549.html,2.645.000 ₫,5.0,7 Đã bán
Màn hình máy tính Spin 24/27 inch Tần số làm mới cao 2ms Thời gian phản hồi ngắn Phù hợp thiết kế,https://www.lazada.vn/products/pdp-i3085746743.html,1.690.000 ₫,5.0,17 Đã bán
Màn hình vi tính 19 inch,https://www.lazada.vn/products/pdp-i1200840625.html,590.000 ₫,4.0,Priority Instant
"Màn hình LCD 17 inch vuông các hãng Samsung LG Acer Asus HP AOC Viewsonic BenQ, đủ cáp nguồn cáp VGA",https://www.lazada.vn/products/pdp-i3016756197.html,250.000 ₫,5.0,48 Đã bán
Màn hình di động 14 inch IPS 2.5K TypeC Thunderbolt - Tặng kèm bao da,https://www.lazada.vn/products/pdp-i2128244270.html,1.168.000 ₫,4.0,323 Đã bán
Màn hình vi tính giá rẻ 19inch nhiều hãng sáng đẹp kèm đủ dây cáp,https://www.lazada.vn/products/pdp-i1996638751.html,550.000 ₫,4.0,18 Đã bán
Màn hình 17-27in kẻ/nàm/mực/hở sáng cũ thanh lý văn phòng,https://www.lazada.vn/products/pdp-i2497795143.html,199.000 ₫,5.0,8 Đã bán
Màn hình di động 11 inch IPS có Type-C ThunderBolt - Tặng bao da,https://www.lazada.vn/products/pdp-i2269470383.html,888.000 ₫,5.0,45 Đã bán
Màn hình di động 11 inch vỏ Polycarbonate mỏng nhẹ có Type-C ThunderBolt,https://www.lazada.vn/products/pdp-i2426119093.html,888.000 ₫,4.0,46 Đã bán
Màn hình máy vi tính Dell hp 22i 20in 19in 17in 15in wide Vuong hàng công ty đẹp giá chi 200k bảo hành chu đáo tại shop,https://www.lazada.vn/products/pdp-i2892712523.html,400.000 ₫,5.0,5 Đã bán
Màn hình Máy Tính 19 LCD 1 Sọc hoặc Sạm xước nhẹ,https://www.lazada.vn/products/pdp-i2197974539.html,280.000 ₫,5.0,
"Màn hình Dell 20 inch, đẹp, hình ảnh nét , hàng đã qua sử dụng",https://www.lazada.vn/products/pdp-i3063477044.html,484.165 ₫,4.0,12 Đã bán
[HCM]Màn hình LCD Dell 17inch vuông renew,https://www.lazada.vn/products/pdp-i380832551.html,1.170.000 ₫,5.0,
Màn hình chuyên đồ họa Samsung 27 inch LS27B800PXEXXV 4K DCI-P3 98% sRGB 100% IPS HDR 400 USB-C 90W,https://www.lazada.vn/products/pdp-i1981586923.html,7.107.000 ₫,4.0,54 Đã bán
Spin Micro Surface 100Hz High Brush LCD Display 2ms Màn hình máy tính màu trường học đáp ứng,https://www.lazada.vn/products/pdp-i3085575779.html,1.740.000 ₫,5.0,10 Đã bán
Màn Hình Kvision 27 Inch Không Viền FHD KV-VISION KVG27100FL- Hàng chính hãng,https://www.lazada.vn/products/pdp-i2107254847.html,1.725.000 ₫,5.0,37 Đã bán
Màn hình Gaming YUNSI 25inch / 24inch / 22inch Cong Phẳng ĐEN/TRẮNG New Box Bảo hành 24 Tháng,https://www.lazada.vn/products/pdp-i3102023330.html,1.420.000 ₫,5.0,
Màn Hình Máy Tính Feuvision Dahua FSID22BFJ 22″ : 21.45″/ VA/ FHD/ 75Hz/ VGA + HDMI,https://www.lazada.vn/products/pdp-i2996199873.html,1.479.000 ₫,5.0,5 Đã bán
JIETAO Màn hình cong 17/19/22/24/27/32 inch Tốc độ làm mới 165HZ IPS Cáp HDMI Bảo hành 1 năm,https://www.lazada.vn/products/pdp-i2594711738.html,1.580.000 ₫,4.0,18 Đã bán
Màn hình máy tính Xiaomi Monitor A24i 23.8 inch FHD/IPS/100Hz/6ms/HDMI ELA5444EU - Chính hãng Digiworld,https://www.lazada.vn/products/pdp-i2645010255.html,2.090.000 ₫,5.0,
Màn hình VIEWSONIC VX2758 - PRO 5 - 27 inch 2K-185Hz-10bit,https://www.lazada.vn/products/pdp-i2610536460.html,4.150.000 ₫,5.0,
"LCD FUJITSU 24"" ĐẸP CÓ LOA, Hàng Nội Địa bền đẹp bảo hành 12 tháng tặng dây kết nối dây nguồn",https://www.lazada.vn/products/pdp-i2482665610.html,1.550.000 ₫,5.0,15 Đã bán
Màn Hình Di Động ARZOPA 14 inch - 16 inch tấm nền IPS 2.5K/ FullHD tần số quét 144Hz/ 60Hz. ARZOPA Portable Monitor,https://www.lazada.vn/products/pdp-i3175509578.html,2.990.000 ₫,,
"[Siêu Sale 7.7] Màn hình máy tính Provision 27 inch cong, 24 inch - 22 inch - 20 inch - 19 inch Phẳng Chuyên dùng cho học tập , văn phòng , bán hàng - Hàng chính hãng",https://www.lazada.vn/products/pdp-i1712608033.html,1.500.000 ₫,5.0,43 Đã bán
"Màn Hình 27inch Cong K-Vision Tấm Nền IPS 100Hz Full Viền Độ Phân Giải 1920x1080, Màn Hình Gaming Full Viền. Bảo hành 24 tháng, Màn hình 24 inch 165Hz, Màn Hình 27 inch 165hz",https://www.lazada.vn/products/pdp-i2208491473.html,1.700.000 ₫,5.0,6 Đã bán
[ TOP 1 BÁN CHẠY ] Màn hình máy tính Gaming 27 inch 2K QHD | Tấm nền IPS | Tần số 75Hz | Hàng chính hãng. Bảo hành 24 tháng,https://www.lazada.vn/products/pdp-i750952776.html,1.689.000 ₫,4.0,304 Đã bán
"Màn Hình Cong 34 Inch WQHD IPS Black AFD 344N – 128Hz, HDR400, Freesync, Bảo Hành 2 Năm",https://www.lazada.vn/products/pdp-i3147461316.html,6.300.000 ₫,5.0,
"Màn hình 32inch 2K Yunsi Y320GM Phẳng (180hz / 120Hz, 1ms, 2K QHD, IPS) - Chính hãng bảo hành 24 Tháng",https://www.lazada.vn/products/pdp-i3174511763.html,3.370.000 ₫,,
"Màn Hình Máy Tính 22 inch K-vision Độ Phân Giải Full HD, Tấm Nền IPS, 100Hz Cổng Kết Nối VGA, HDMI Bảo Hành 2 Năm (Hàng new)",https://www.lazada.vn/products/pdp-i2658100284.html,1.490.000 ₫,5.0,Priority Instant
EHOMEWEI | Màn Hình Cảm Ứng Đôi Gập Được 2.5K Di Động,https://www.lazada.vn/products/pdp-i3217946377.html,7.782.000 ₫,4.0,
Màn hình Gaming EDRA EGM24F100PV 24 inch FullHD 100Hz - Hàng Chính Hãng,https://www.lazada.vn/products/pdp-i3074417396.html,1.735.000 ₫,5.0,6 Đã bán
"Màn hình Xiaomi A27Ui EU 27"" (4K UHD 3840 x 2160/ IPS/ 60Hz/ 6 ms) -Bảo hành 36 tháng",https://www.lazada.vn/products/pdp-i3127552946.html,6.359.000 ₫,5.0,
Màn hình LCD LG 27 inch 27MS500-B.ATV (Full HD 1920 x 1080 | IPS | 100Hz | 5ms) - Bảo hành 24 tháng,https://www.lazada.vn/products/pdp-i3066050769.html,2.539.000 ₫,5.0,6 Đã bán
Màn hình di động có cảm ứng đa điểm Hỗ trợ Samsung DeX PC Switch - Tặng kèm bao da,https://www.lazada.vn/products/pdp-i2375163107.html,1.588.000 ₫,4.0,47 Đã bán
"Màn hình di động 15.6 inch 4K, Ultra HD 3840x2160, kết nối HDMI Type C Thunderbolt 3, HDR mới 100%, man hinh di dong, màn hình mở rộng, màn hình di động 15.6inch 4k, màn hình vi tính, man hinh mo ron",https://www.lazada.vn/products/pdp-i2350743679.html,3.190.000 ₫,5.0,7 Đã bán
EHOMEWEI | Màn Hình QLED Di Động 4K Cảm Ứng,https://www.lazada.vn/products/pdp-i3219634249.html,6.873.000 ₫,4.0,
"Màn hình di động Full HD 11,6 inch Màn hình IPS | HDR | 60Hz cho máy chơi game, điện thoại di động, máy tính",https://www.lazada.vn/products/pdp-i3211512554.html,1.287.000 ₫,5.0,
"Màn hình máy tính BenQ GW2785TC _ 27"" FHD USB Type C IPS điều chỉnh độ cao Microphone bảo vệ mắt",https://www.lazada.vn/products/pdp-i2638624232.html,4.770.000 ₫,,
Màn Hình LCD ASUS Eye Care VP229HF (21.5”/ FHD/IPS/ HDMI/ VGA/ 100Hz/ 1ms) Black - Hàng Chính Hãng,https://www.lazada.vn/products/pdp-i3126926018.html,2.296.800 ₫,,
Màn hình Lenovo 24 inch Lecoo B2412 | Tấm nền IPS | Tần số 75Hz | Full HD 1920 x 1080 | Tràn viền 3 cạnh. Hàng chính hãng - Bảo hành 2 năm.,https://www.lazada.vn/products/pdp-i2358517586.html,1.820.000 ₫,5.0,
MÀN HÌNH MÁY TÍNH VIEWSONIC VA1903H-2 (19 Inch/ 200 cd/m²/ VGA/ HDMI) - Hàng Chính Hãng,https://www.lazada.vn/products/pdp-i3180423670.html,1.650.000 ₫,,
Màn hình máy tính BenQ GW2790QT _ bảo vệ mắt công thái học 27 inch 2K QHD USB-C phù hợp làm việc văn phòng và giải trí,https://www.lazada.vn/products/pdp-i2355456042.html,7.500.000 ₫,5.0,15 Đã bán
Màn hình máy tính LCD LED 19 inch wide các hãng Samsung LG HP Dell AOC..... đủ cáp nguồn cáp VGA,https://www.lazada.vn/products/pdp-i2394463282.html,400.000 ₫,4.0,24 Đã bán
"[Màn cũ] MÀN HÌNH VI TÍNH CŨ 24, 19, 17 INCH CÁC LOẠI",https://www.lazada.vn/products/pdp-i3188820830.html,555.000 ₫,,
(HPIE) Mini TV 7 Inch HD Monitor 800X480 Portable Car LCD Screens on DVD/CMMB Two Input for Passenger Cars Trucks,https://www.lazada.vn/products/pdp-i2778769175.html,404.319 ₫,5.0,
Màn hình HMD 105 4G/2.4 inch/ 16 chân hàn,https://www.lazada.vn/products/pdp-i3199017634.html,89.000 ₫,5.0,6 Đã bán
Màn hình vi tính 19 inch sáng đẹp có bảo hành 3 tháng,https://www.lazada.vn/products/pdp-i2624974640.html,699.000 ₫,5.0,16 Đã bán
Màn hình máy tính 17in xước nhẹ thanh lý các loai TẶNG cáp + nguồn,https://www.lazada.vn/products/pdp-i1995548329.html,350.000 ₫,,
màn hình 24 inch 100Hz/165HZ/1ms(GTG) Full HD 1080P IPS Hỗ trợ HDMI/VGA/DP HDR400 Bảo hành 3 năm,https://www.lazada.vn/products/pdp-i3211350655.html,2.131.000 ₫,5.0,
Màn Hình Máy Tính Xiaomi Monitor A24i EU | IPS | 100 Hz | 6ms | 1920 x 1080 | FHD | 24inch - Bảo Hành 36 Tháng,https://www.lazada.vn/products/pdp-i2770356739.html,1.790.000 ₫,5.0,21 Đã bán
Màn hình cong Spin Màn hình LED 24&27 inch Full HD Màn hình máy tính chơi game 100hz,https://www.lazada.vn/products/pdp-i3080407416.html,1.690.000 ₫,5.0,79 Đã bán
KTC | Màn Hình Gaming Điều Chỉnh Được 27 inches 2K 220Hz,https://www.lazada.vn/products/pdp-i3202334170.html,4.564.000 ₫,4.0,
"Màn hình máy tính 19,1 inch - 22inch full HD - 24 nch - 27 inch , 75Hz Full Viền Mới 100% ,siêu đẹp ,kiểu ráng tinh tế",https://www.lazada.vn/products/pdp-i1991838257.html,1.450.000 ₫,,
"Màn hình Xiaomi Redmi 24'' 165Hz, 1ms, VA, HDR và 24"" 100Hz IPS",https://www.lazada.vn/products/pdp-i2505334468.html,2.090.000 ₫,5.0,5 Đã bán
"[New] Màn hình di động ASUS ZenScreen MB169CK 16"" IPS FHD USBC - Hàng Chính Hãng",https://www.lazada.vn/products/pdp-i3172756181.html,3.279.000 ₫,5.0,
Màn hình máy tính Xiaomi 27inch IPS 1080p 100Hz A27i - Bảo hành 3 năm chính hãng,https://www.lazada.vn/products/pdp-i2577865298.html,2.390.000 ₫,5.0,
Màn Hình Máy Tính 27 inch KV-Vison Tràn Viền Full HD 1920X1080 Tần số 100Hz Bảo hành 24 Tháng,https://www.lazada.vn/products/pdp-i3088050340.html,1.700.000 ₫,,
[New box 100%] Màn Hình Máy Tính Xiaomi Redmi Desktop Monitor 1A 24 INCH / 27 INCH - Tấm nền IPS - Tần số 100Hz - HDMI - Lọc ánh sáng xanh. [Hàng Chính Hãng].,https://www.lazada.vn/products/pdp-i1246340997.html,2.250.000 ₫,4.0,230 Đã bán
Màn hình di động 13 inch IPS 2.5K có Type-C ThunderBolt - Tặng kèm bao da,https://www.lazada.vn/products/pdp-i2179738181.html,1.548.000 ₫,4.0,93 Đã bán
"Màn hình vi tính Xiaomi Redmi Desktop Monitor 27 inch, 24 inch, 22 inch Phẳng / IPS / Tần số 75Hz / FHD 1080P - Bảo hành 24 tháng",https://www.lazada.vn/products/pdp-i1712774949.html,1.790.000 ₫,4.0,220 Đã bán
LS | Màn Hình Chống Lóa Cao Cấp Mỏng Đẹp 24in,https://www.lazada.vn/products/pdp-i3234386189.html,2.083.000 ₫,,
Màn Hình Máy Tính PC Xiaomi Monitor A24i 23.8 inches Tấm Nền IPS 100Hz Bảo hành 36 Tháng,https://www.lazada.vn/products/pdp-i2843368119.html,1.890.000 ₫,5.0,26 Đã bán
Màn hình VIEWSONIC VA2732A-H (1920 x 1080/ IPS/ 120Hz/ 1 ms(MPRT)/ 104% sRGB) - Bảo hành 36 tháng,https://www.lazada.vn/products/pdp-i3012389946.html,2.419.000 ₫,5.0,14 Đã bán
"Màn hình HP V24i G5 - 65P59AA (23.8inch, FHD, IPS, 75Hz, 5ms) - Hàng chính hãng - Bảo hành 36 Tháng - Mới 100%",https://www.lazada.vn/products/pdp-i2797641344.html,2.750.000 ₫,,
"[Voucher 50K] Màn hình Lenovo C22-20 (62A7KAR1WW) | 21.5"" Full HD (1080p) 1920 x 1080 at 75 Hz - 72% NTSC | VGA | HDMI | Hàng Chính Hãng",https://www.lazada.vn/products/pdp-i2037389058.html,2.700.000 ₫,,
Màn hình Gaming Samsung 27 inch Odyssey G5 G55C QHD 165Hz LS27CG552EEXXV,https://www.lazada.vn/products/pdp-i2503217101.html,4.810.000 ₫,5.0,21 Đã bán
"Màn Hình Hikvision DS‑D5022F2‑1V2 21.5″ FHD 100 Hz – Thiết kế viền mỏng, hỗ trợ HDMI/VGA",https://www.lazada.vn/products/pdp-i3122814896.html,1.420.000 ₫,,
Màn Hình full viền KV-Vision 24in FHD 100Hz New Fullbox chuyên game gải trí,https://www.lazada.vn/products/pdp-i3172922929.html,1.690.000 ₫,,
"Màn Hình Cong 34 Inch WQHD AFD 344G – 165Hz, HVA, HDR, FreeSync, Bảo Hành 2 Năm",https://www.lazada.vn/products/pdp-i3147518063.html,6.150.000 ₫,5.0,
Màn hình máy tính monitor K VISION 27 inch/24 inch/ Cong / Full Viền/ 1920x1080 /BH 24T,https://www.lazada.vn/products/pdp-i2036101510.html,1.590.000 ₫,4.0,57 Đã bán
"Màn hình 22"" Fujitsu E22-8 Ts Pro Nội Địa Nhật Cực BỀN ĐẸP BH 12 tháng",https://www.lazada.vn/products/pdp-i2482674510.html,1.251.000 ₫,5.0,30 Đã bán
Màn Hình Máy Tính Để Bàn 27 inch Cong K-vision 100hz Độ Phân Giải Full HD Tấm Nền IPS Bảo Hành 2 Năm ( Hàng New),https://www.lazada.vn/products/pdp-i2658178128.html,2.250.000 ₫,5.0,
Màn hình vi tính Xiaomi Redmi 24 inch Độ Phân Giải Full HD (1980X1080) Tần Số Quét 100Hz - Bảo Hành Chính hãng,https://www.lazada.vn/products/pdp-i2155975601.html,1.650.000 ₫,5.0,5 Đã bán
Màn Hình LCD ACER EK271 G 27 INCH/1920X1080@120Hz/IPS/VGA/HDMI/LED/ĐEN(UM.HE1SV.G01) - Bảo hành 36 tháng,https://www.lazada.vn/products/pdp-i2926349730.html,2.645.000 ₫,3.0,6 Đã bán
Màn Hình Máy Tính 22 Inch Full HD - Phù Hợp Làm Việc Và Giải Trí,https://www.lazada.vn/products/pdp-i2952122625.html,763.000 ₫,5.0,
"EHOMEWEI | Màn Hình 16in Di Động cho Thiết Bị Di Động, PC, và Switch Độ Phân Giải 2.5K",https://www.lazada.vn/products/pdp-i3219335569.html,5.040.000 ₫,4.0,
EHOMEWEI | Màn Hình Cảm Ứng Di Động Gấp đôi 2.5K,https://www.lazada.vn/products/pdp-i3218652597.html,7.745.000 ₫,4.0,
"Màn hình di động GOOJODOQ 15,6 inch với tấm nền IPS góc nhìn rộng 178°, độ phân giải FHD 1920x1080,Xoay 90° với giá đỡ",https://www.lazada.vn/products/pdp-i3187303624.html,2.394.100 ₫,5.0,
KTC | Màn Hình Chơi Game 27 Inch 2K 185Hz Ánh Sáng Xanh Thấp HDR400,https://www.lazada.vn/products/pdp-i3202278619.html,4.153.000 ₫,4.0,
"Màn hình máy vi tính LG 1742se vuông đã gồm dây kết nối, còn sáng đẹp ban gia 299k tại shop",https://www.lazada.vn/products/pdp-i3055029056.html,360.000 ₫,4.0,18 Đã bán
Màn hình hiển thị 128x64 Oled 0.96 inch giao tiếp I2C SSD1306 |SSD1315,https://www.lazada.vn/products/pdp-i3077750903.html,49.000 ₫,5.0,19 Đã bán
"[Độ mới 85%] MÀN HÌNH VI TÍNH CŨ 24, 19, 17 INCH CÁC LOẠI",https://www.lazada.vn/products/pdp-i3174815094.html,550.000 ₫,,
"BOE Màn hình di động IPS FHD/2.5K, 60hz-144hz Type C / HDMI Portable Monitor",https://www.lazada.vn/products/pdp-i2743446576.html,1.780.000 ₫,5.0,106 Đã bán
"Màn hình Lenovo L27qe 27"" (QHD (2K) 2560 x 1440/ IPS/ 100Hz/ 6 ms) - Bảo hành 36 tháng",https://www.lazada.vn/products/pdp-i3149187223.html,3.090.000 ₫,,Priority Instant
Màn hình di động GOOJODOQ 14/15.6inch portable monitor IPS 2.5K 1920*1080P FHD HDMI Đế Kéo Dài Loa Ps4 Điện Bảo hành chính hãng,https://www.lazada.vn/products/pdp-i2610558168.html,1.682.100 ₫,4.0,206 Đã bán
"Màn hình pc cao cấp 22-24 Inch mới 100% đập hộp bảo hành 12 tháng, mà full HD 1080, Tấm nền IPS sắc nét tần số quét 75H",https://www.lazada.vn/products/pdp-i2823336620.html,1.270.000 ₫,,
Màn hình di động 15 inch IPS 2.5K 144Hz có TypeC ThunderBolt - Tặng kèm bao da,https://www.lazada.vn/products/pdp-i2178702493.html,1.548.000 ₫,4.0,232 Đã bán
MÀN HÌNH PHẲNG YUNSI Y240WZH 24INCH (75HZ | 2ms | 1K FULL HD | IPS | VGA | HDMI) BẢO HÀNH CHÍNH HÃNG,https://www.lazada.vn/products/pdp-i3096416521.html,1.760.000 ₫,,
Màn hình LCD Asus 27 inch VG279QE5A (Full HD/ IPS/ 146Hz/ 1 ms MPRT/ Đen) - Bảo hành 36 tháng,https://www.lazada.vn/products/pdp-i3118705348.html,2.799.000 ₫,5.0,10 Đã bán
"Màn hình máy tính BenQ dành cho Mac MA270U_27"" 4K USB Type-C thiết kế công thái học",https://www.lazada.vn/products/pdp-i2795764142.html,13.200.000 ₫,5.0,8 Đã bán
Màn hình PC để bàn Monitor K VISION 24inch IPS/ 22 INCH / 75 Hz Chính hãng - BH 2 năm,https://www.lazada.vn/products/pdp-i2051027725.html,1.590.000 ₫,4.0,329 Đã bán
Màn Hình Máy Tính PC Xiaomi Monitor A27i 27inch Tấm Nền LCD IPS-Tần Số Quét 100Hz-Bảo Hành 36 Tháng,https://www.lazada.vn/products/pdp-i3016910258.html,1.990.000 ₫,,
Màn hình PC Giá Rẻ - 19 - 22 inch - Hình ảnh hiển thị đẹp,https://www.lazada.vn/products/pdp-i2952092817.html,763.000 ₫,5.0,
"màn hình 17in Dell vuông E170sc hàng đẹp không lỗi , đã bao gồm dây vga và nguồn bảo hành 6thang",https://www.lazada.vn/products/pdp-i2017685358.html,800.000 ₫,5.0,
"Màn Hình Máy Tính Xiaomi Redmi 27 inch 24 inch 22 inch Monitor Anh Sáng Xanh Thấp Độ Phân Giải Full HD Màn hình LCD Tấm Nền IPS, 75Hz, Kết Nối VGA, HDMI",https://www.lazada.vn/products/pdp-i2156735719.html,1.690.000 ₫,5.0,
Màn hình LCD Dell S2425H (1920 x 1080/IPS/100Hz/4 ms) - Bảo hành 36 tháng,https://www.lazada.vn/products/pdp-i2819456549.html,3.985.000 ₫,,
Màn hình máy tính K-Vision / Provison 27 inch Cong /24 inch/ 22 inch/19inch/Bảo hành 24 tháng,https://www.lazada.vn/products/pdp-i1991824169.html,1.250.000 ₫,5.0,12 Đã bán
"Màn Hình Máy Tính DELL D2421H 24 inch IPS Full viền, mới 100% Full HD, IPS, 60Hz, 5ms",https://www.lazada.vn/products/pdp-i2908672501.html,2.839.000 ₫,5.0,5 Đã bán
Màn hình máy tính Acer 17in và 1 số hiệu khác thanh lý văn phòng TẶNG CÁP NGUỒN,https://www.lazada.vn/products/pdp-i1995614120.html,500.000 ₫,5.0,
Màn hình Edra EGM24F100PV | 23.8 inch | FHD | IPS | 100Hz | 1ms | Bảo hành 24 Tháng,https://www.lazada.vn/products/pdp-i3002790220.html,1.760.000 ₫,5.0,Priority Instant
DUEX | Màn Hình Chia Đôi Di Động 14 Inch,https://www.lazada.vn/products/pdp-i3227725271.html,5.145.000 ₫,4.0,
Màn hình vi tính desktop 17 đến 22 inch bảo hành 3 tháng,https://www.lazada.vn/products/pdp-i2061808606.html,531.000 ₫,5.0,25 Đã bán
"Màn hình Dell 24” E2417 và SE2417 Hàng công ty xài máy lạnh nên không khác gì mới. Tất cả nguyên zin, ko lỗi, nguyên tem nhà phân phối chính hãng. Giá bán lẻ 1950k bảo hành 3thang",https://www.lazada.vn/products/pdp-i2828863599.html,1.950.000 ₫,,
Màn Hình Máy Tính Full viền HIKVISION DS-D5022FN10 (21.5INCH/ FHD/ VA/ 75HZ/ 0.5MS) FHD 60Hz (Bảo hành 36 tháng),https://www.lazada.vn/products/pdp-i2908465493.html,1.539.000 ₫,5.0,
KTC | Màn Hình Gaming 24.5 inch 200Hz Chống Ánh Sáng Xanh,https://www.lazada.vn/products/pdp-i3218110601.html,3.947.000 ₫,4.0,
Màn hình vuông 17 inch sáng đẹp không trầy xước có bảo hành 3 tháng,https://www.lazada.vn/products/pdp-i2061807569.html,531.000 ₫,4.0,155 Đã bán
Màn hình máy tính 19 inch bảo hành 3 tháng,https://www.lazada.vn/products/pdp-i2624969874.html,699.000 ₫,5.0,7 Đã bán
KTC | Màn Hình Chơi Game 27 Inch 2K 180Hz,https://www.lazada.vn/products/pdp-i3201416593.html,4.564.000 ₫,4.0,
"Màn hình gaming, màn hình máy tính chơi game E-Dra EGM25F100P Full HD - Màn PC 24 inch - Tần số 100Hz - Hàng chính hãng",https://www.lazada.vn/products/pdp-i2499777735.html,1.989.000 ₫,5.0,
Màn Hình Máy Tính Dell E2225HM (21.5 inch - VA - FHD - 100Hz- 5ms) - Hàng Chính Hãng,https://www.lazada.vn/products/pdp-i3131564454.html,2.450.000 ₫,,
"Màn hình máy tính Xiaomi Redmi 27 inch, 24 inch, 22 inch Độ phân giải Full HD Màn hình LCD Tấm Nền IPS, 100Hz, Cổng Kết Nối VGA, Display port - Bỏa Hành 24 Tháng",https://www.lazada.vn/products/pdp-i1555541274.html,1.750.000 ₫,5.0,46 Đã bán
"Màn Hình VSP V2407S (23.8""/FHD/VA/75Hz/8ms/250nits/HDMI+VGA/Phẳng/Đen)",https://www.lazada.vn/products/pdp-i2261564896.html,1.800.000 ₫,,
"Màn hình máy tính 22inch VSP V2204HF100 [TRẮNG] (21.5"" VA Full HD 100Hz 2ms, HDMI+VGA) - Hàng chính hãng VSP phân phối",https://www.lazada.vn/products/pdp-i2650352084.html,1.650.000 ₫,,
Màn Hình Máy Tính Gaming E-DRA EGM24F120S (IPS/ 120HZ/ FHD/ 1ms) - Hàng Chính Hãng,https://www.lazada.vn/products/pdp-i3176311696.html,1.881.000 ₫,,
[GIẢM SỐC] Màn Hình Gaming K-Vision 27 inch CONG Full viền PLS/75hz/FHD - Chống Lóa - Bảo hành 24T,https://www.lazada.vn/products/pdp-i3173058559.html,2.150.000 ₫,,
Màn hình máy tính VSP IP2706S 27inch FullHD 100Hz 1ms IPS,https://www.lazada.vn/products/pdp-i2294920504.html,2.280.000 ₫,5.0,
"Màn hình máy vi tính 20in các hãng samsung, Asus, Hp, Lg wide sáng đẹp",https://www.lazada.vn/products/pdp-i1999067608.html,720.000 ₫,4.0,145 Đã bán
[Bảo Hành 24 Tháng]Cân Điện Tử Sạc USB Kết Nối Bluetooth Phân Tích Chỉ Số Cơ Thể-CÂN ĐIỆN TỬ THEO DÕI SỨC KHỎE,https://www.lazada.vn/products/pdp-i3068962705.html,226.710 ₫,4.0,137 Đã bán
Màn hình Samsung 19 inch,https://www.lazada.vn/products/pdp-i1119982164.html,590.000 ₫,4.0,491 Đã bán
Màn hình máy tính 22 inch (nhiều hãng) samsung / LG / Acer / Asus..,https://www.lazada.vn/products/pdp-i2238744457.html,876.850 ₫,5.0,Priority Instant
Màn hình máy tính 22 inch Samsung chữ nhật,https://www.lazada.vn/products/pdp-i2238770766.html,950.000 ₫,5.0,10 Đã bán
Màn hình Samsung 20 inch,https://www.lazada.vn/products/pdp-i1999004774.html,720.000 ₫,5.0,19 Đã bán
Màn hình 19 in Dell,https://www.lazada.vn/products/pdp-i2172408991.html,730.000 ₫,4.0,49 Đã bán
"Màn hình 17in - 27in sọc, nám, mực, hở sáng như hình dùng tốt thanh lý văn phòng",https://www.lazada.vn/products/pdp-i1691273337.html,320.000 ₫,5.0,71 Đã bán
"BOE Màn hình di động cảm ứng IPS FHD/2.5K, 60hz-144hz Type C / HDMI Portable Monitor",https://www.lazada.vn/products/pdp-i2743398838.html,1.632.000 ₫,4.0,68 Đã bán
Màn hình máy tính Samsung 22 inch sáng đẹp,https://www.lazada.vn/products/pdp-i2310913762.html,890.000 ₫,5.0,
"Màn Hình Di Động - Full HD - IPS Kết nối Type-C và HDMI - dùng cho điện thoại, máy tính, máy chơi game",https://www.lazada.vn/products/pdp-i2107127214.html,1.300.000 ₫,5.0,76 Đã bán
Màn hình Spin LCD 24&27 inch curved Chất lượng hình ảnh tuyệt vời 100HZ Màn hình máy tính,https://www.lazada.vn/products/pdp-i3085827276.html,1.740.000 ₫,5.0,9 Đã bán
"Màn hình Gaming Cooler Master GA2501 24.5"" Full HD IPS 100Hz 1ms Gaming Monitor - Hàng Chính Hãng",https://www.lazada.vn/products/pdp-i2835605670.html,2.250.000 ₫,,
"Màn hình Cong 27inch Gaming Yunsi Y270Q1 Trắng/Đen (27 inch Cong, FHD, VA, 100Hz / 240Hz, 1ms) Bảo hành hãng 24T",https://www.lazada.vn/products/pdp-i3139398643.html,2.244.000 ₫,,
Màn Hình Máy Tính 22 inch KV-Vision FHD IPS 75Hz 5ms AMD Freesync| 22 inch. Hàng Chính Hãng | Bảo Hành 24 Tháng,https://www.lazada.vn/products/pdp-i2224590298.html,1.500.000 ₫,,
Màn di động 14inch IPS A+ FHD cảm ứng,https://www.lazada.vn/products/pdp-i2277203658.html,2.000.000 ₫,5.0,
[RẺ NHẤT ] Màn hình máy tính cũ Dell 19 INCH - 20 INCH - 22 INCH - 24 INCH ... Hàng Hãng sịn - Bảo hành 3 tháng,https://www.lazada.vn/products/pdp-i1991834361.html,1.190.000 ₫,4.0,21 Đã bán
Màn Hình Cong Gaming DUAN 24 Inch | FHD | 100Hz | HDMI + VGA | BH 24 Tháng,https://www.lazada.vn/products/pdp-i2149485494.html,1.999.000 ₫,4.0,690 Đã bán
KTC | Màn Hình Chơi Game FastIPS 27 Inch 2K 180Hz Có Thể Điều Chỉnh,https://www.lazada.vn/products/pdp-i3220347835.html,4.519.000 ₫,4.0,
"Màn Hình 24inch K-Vision IPS 100Hz Full Viền Độ Phân Giải 1920x1080, Màn Hình Gaming Full Viền. Bảo hành 24 tháng",https://www.lazada.vn/products/pdp-i2178934422.html,1.700.000 ₫,,
Màn hình dell 22 inch e2216h full hd 1080 full box giá rẻ,https://www.lazada.vn/products/pdp-i2057434883.html,1.600.000 ₫,,
Spin 24 inch Màn hình máy tính Công nghệ chống xé Bàn chải cao hình ảnh FULLHD LED monitor 100hz Màn,https://www.lazada.vn/products/pdp-i3085738753.html,1.740.000 ₫,5.0,
"Màn hình máy tính Provision Full HD 24 inch, 22 inch, 20 inch, màn hình vi tính 19 inch Mới 100% siêu đẹp siêu nét kiểu ráng tinh tế",https://www.lazada.vn/products/pdp-i1375374182.html,1.150.000 ₫,4.0,85 Đã bán
KTC | Màn Hình Chơi Game Ánh Sáng Xanh Thấp 24 Inch 180Hz,https://www.lazada.vn/products/pdp-i3195641800.html,4.007.000 ₫,4.0,
Màn hình máy tính 24 Inch - Có bảo hành,https://www.lazada.vn/products/pdp-i3175058573.html,1.350.000 ₫,5.0,
KTC | Màn Hình Chơi Game 24 Inch 260Hz Ánh Sáng Xanh Thấp,https://www.lazada.vn/products/pdp-i3195166125.html,3.496.000 ₫,4.0,
Newsmy | Màn Hình Ngoại Vi Di Động có Chân Đế cho Máy Tính xách Tay và Điện Thoại,https://www.lazada.vn/products/pdp-i3233462094.html,2.172.000 ₫,,
"Màn hình máy tính Gaming K-Vision 24 inch | 22 inch | 19 inch.FULL cổng kết nối HDMI - VGA. Màn hình chống mỏi mắt , bảo vệ mắt khỏi ánh sáng màn hình. Hàng chính hãng .",https://www.lazada.vn/products/pdp-i246250516.html,1.700.000 ₫,4.0,490 Đã bán
"Màn Hình Máy Tính Skyworth 24B1H 22-24 inchFullHD 75Hz IPS 24inch, Phù Hợp Văn Phòng, Công Ty, Chơi Game, Hàng Chính Hãng",https://www.lazada.vn/products/pdp-i2996156594.html,1.569.000 ₫,5.0,
"Màn hình máy tính 24 Inch DUAN, Màn hình 24 inch KV-Vison 100hz tấm nền IPS, độ phân giả FHD (1920x1080) Bảo Hành 2 Năm",https://www.lazada.vn/products/pdp-i2647467889.html,1.690.000 ₫,,
Màn Hình Máy Tính Gaming E-Dra EGM24F100H 23.8 inch FullHD IPS 100hz 1ms phẳng - Hàng chính hãng,https://www.lazada.vn/products/pdp-i2815639451.html,1.769.130 ₫,5.0,9 Đã bán
Màn hình vi tính 20 inch,https://www.lazada.vn/products/pdp-i1998194144.html,720.000 ₫,5.0,7 Đã bán
Màn hình máy tính Gaming Yunsi 27 inch FHD 100hz / 2K 180hz New Box bảo hành 24 tháng,https://www.lazada.vn/products/pdp-i3138827337.html,2.021.000 ₫,,
Màn hình máy tính HP 19in,https://www.lazada.vn/products/pdp-i2239982780.html,650.000 ₫,5.0,5 Đã bán
Màn hình LCD Philips 24E1N2100A/71 (23.8 inch - FHD - IPS - 120Hz - 1ms) - Hàng Chính Hãng,https://www.lazada.vn/products/pdp-i3194872228.html,2.430.000 ₫,,
Màn Hình máy tính KV Vision FHD IPS 100Hz 5ms - Hàng chính hãng Bảo Hành 24 Tháng mới full box,https://www.lazada.vn/products/pdp-i2420322127.html,1.490.000 ₫,5.0,
Màn hình hp 17in / 17in hiệu khác thanh lý văn phòng sáng đẹp long lanh,https://www.lazada.vn/products/pdp-i984830238.html,399.000 ₫,4.0,73 Đã bán
"Màn Hình Máy Tính 22 Inch Giá Rẻ - Sử Dụng Tốt, Hiệu Năng Ổn Định",https://www.lazada.vn/products/pdp-i2952270158.html,765.000 ₫,,
MÀN HÌNH PHẲNG YUNSI Y240Q8 24INCH (FHD/IPS/100HZ/1ms/HDMI/DP) BẢO HÀNH CHÍNH HÃNG,https://www.lazada.vn/products/pdp-i3088280494.html,1.870.000 ₫,,
Màn hình máy tính 19in hiệu samsung,https://www.lazada.vn/products/pdp-i2064106215.html,389.000 ₫,4.0,67 Đã bán
Màn hình máy tính samsung 20in,https://www.lazada.vn/products/pdp-i1999214023.html,720.000 ₫,4.0,164 Đã bán
Màn hình HP19 inch,https://www.lazada.vn/products/pdp-i2239959577.html,650.000 ₫,5.0,55 Đã bán
Màn hình máy tính hiệu ACER 19 INCH,https://www.lazada.vn/products/pdp-i2191049885.html,550.000 ₫,,
"Màn Hình Máy Tính Xiaomi Monitor 27 inch/FullHD A27i ELA5345EU – Phiên Bản Quốc Tế, Bảo Hành Chính Hãng 36 Tháng",https://www.lazada.vn/products/pdp-i2770639556.html,2.290.000 ₫,5.0,65 Đã bán
Màn hình LCD HKC 21.45 inch MB21V13-U (Full HD/ VA/ 100Hz/ 7ms) - Bảo hành 24 tháng,https://www.lazada.vn/products/pdp-i3081463245.html,1.399.000 ₫,,
"Màn hình 17in samsung nguyên tem thanh lý giá tốt, màn chất lượng",https://www.lazada.vn/products/pdp-i2560762441.html,350.000 ₫,,
"Màn hình HP 17in thanh lý văn phòng, TẶNG cáp + nguồn",https://www.lazada.vn/products/pdp-i2560627618.html,350.000 ₫,5.0,7 Đã bán
Màn hình LCD 1602 2004 5V xanh lá/xanh dương Có Đèn Nền - Kèm I2C,https://www.lazada.vn/products/pdp-i2148391769.html,44.999 ₫,5.0,259 Đã bán
"Màn Hình Gaming Yunsi Y240Q8 Cong (23.8"", FHD, 100Hz, 1ms, DP, HDMI) Đen / Trắng chính hãng BH 24T",https://www.lazada.vn/products/pdp-i3142629084.html,1.522.000 ₫,,
Màn Hình Máy Tính ViewSonic VA22E1-H (Full HD/ 75Hz/ HDMI/ VGA) - Hàng Chính Hãng,https://www.lazada.vn/products/pdp-i3169477451.html,1.710.000 ₫,,
Màn hình Kingview 2423H 24inch 100Hz IPS Bảo Hành 24 Tháng Lỗi 1 Đổi 1 Trong Thời Gian Bảo Hành,https://www.lazada.vn/products/pdp-i2601021149.html,1.650.000 ₫,,
"Màn hình di động 14inch, Full HD 60Hz, kết nối HDMI TYPE C Thunderbolt 3, HDR view 178°, mở rộng 14 inch, di động 14 inch, chơi game, mo rong",https://www.lazada.vn/products/pdp-i2396307511.html,1.490.000 ₫,5.0,18 Đã bán
Màn Hình/ LCD ACER EK241Y G 23.8 INCH/1920X1080@120Hz/IPS/VGA/HDMI/LED/ĐEN(UM.QE1SV.G01) - Bảo hành 36 tháng,https://www.lazada.vn/products/pdp-i2938577040.html,2.514.000 ₫,5.0,
Màn hình lỗi nhẹ - led dày 14inch 40pin - hàng tháo máy,https://www.lazada.vn/products/pdp-i2805482935.html,180.000 ₫,,
Màn hình LCD Philips 24E1N2100A/71 (23.8 inch - FHD - IPS - 120Hz - 1ms) -Hàng Chính Hãng,https://www.lazada.vn/products/pdp-i3194839470.html,2.430.000 ₫,,
"Màn hình 24 inch cong K-Vision Độ Phân Giải FHD (1920x1080) Tấm Nền IPS 100Hz, Cổng kết nối VGA, HDMI Bảo hành 24 tháng",https://www.lazada.vn/products/pdp-i2800332244.html,1.750.000 ₫,,
Màn hình LCD HKC 21.45 inch MB21V13-U (Full HD/ VA/ 100Hz/ 7ms) - Bảo hành 24 tháng,https://www.lazada.vn/products/pdp-i3081461158.html,1.539.000 ₫,,"5 Đã bán
Hồ Chí Minh"
Màn hình LCD Xiaomi Redmi 21.45'' 75Hz Phẳng Đen,https://www.lazada.vn/products/pdp-i2268352148.html,1.960.000 ₫,,
"Màn hình 17in HP thanh lý giá tốt, TẶNG cáp nguồn theo màn",https://www.lazada.vn/products/pdp-i2560803415.html,388.000 ₫,5.0,6 Đã bán
"Màn 15.6 Led mỏng 30 Chân cho Máy tính sách tay , sáng nét( Bóc Máy nhập Khẩu)",https://www.lazada.vn/products/pdp-i254058941.html,512.000 ₫,,
"Màn hình MSI PRO MP243L E14 (23.8""/ IPS/FHD/144Hz/1 ms)/ MSI PRO MP273L E14 27 inch - Chính hãng",https://www.lazada.vn/products/pdp-i3230227563.html,2.790.000 ₫,,
"màn hình di động 14 inch FULLHD 100%SRGB, 60hz tặng bao da cao cấp kết nối điện thoại laptop pc máy game",https://www.lazada.vn/products/pdp-i3012647637.html,1.650.000 ₫,,
Màn Hình Máy Tính Gaming E-DRA EGM24F120S (IPS/ 120HZ/ FHD/ 1ms) - Hàng Chính Hãng,https://www.lazada.vn/products/pdp-i3176377357.html,1.900.000 ₫,,
Màn hình máy tính VSP IP2510W1 FullHD 100Hz 5MS IPS,https://www.lazada.vn/products/pdp-i2501086569.html,1.850.600 ₫,5.0,
"Màn Hình Máy Tính 24 inch Cong Gaming Full Viền, Độ Phân Giải 1920x1080, Tần Số 165Hz, Bảo Hành 24 Tháng, Màn Hình 24 inch Giá Rẻ. Màn Hình Gaming",https://www.lazada.vn/products/pdp-i2211244126.html,1.700.000 ₫,,
Màn Hình Máy Tính 22 Inch Full HD - Phù Hợp Làm Việc Và Giải Trí,https://www.lazada.vn/products/pdp-i2952153283.html,765.000 ₫,,
"Màn Hình LCD HKC MB27V7-W 27 inch, IPS, 100Hz",https://www.lazada.vn/products/pdp-i2927589345.html,2.565.000 ₫,5.0,
Màn Hình EDRA EGM27F120H (27 inch - IPS - FHD - 120Hz - 1ms) - Hàng Chính Hãng,https://www.lazada.vn/products/pdp-i3217127050.html,2.150.000 ₫,,
Màn hình MSI PRO MP242L (23.8 inch/FHD/IPS/100Hz/1ms) - Chính hãng,https://www.lazada.vn/products/pdp-i3004332739.html,2.420.000 ₫,5.0,
"Thanh lý màn hình samsung 22in giá rẻ, hoạt động tốt, đủ phụ kiện đẹp 98%",https://www.lazada.vn/products/pdp-i2538141624.html,950.000 ₫,4.0,
Màn hình máy tính UNV MW-LC22-P 21.5 inch 75Hz VA Full HD,https://www.lazada.vn/products/pdp-i3045655371.html,1.368.000 ₫,,
"Màn Hình Máy Tính Xiaomi Mi Desktop Monitor 1C | Màn hình 23.8"" IPS 60Hz Full HD | Hạn chế ánh sáng xanh | Viền mỏng",https://www.lazada.vn/products/pdp-i2165729873.html,3.490.000 ₫,5.0,28 Đã bán
Màn hình máy tính Xiaomi Monitor A27i EU ELA5345EU - Trải nghiệm giải trí và làm việc mượt mà,https://www.lazada.vn/products/pdp-i2880530272.html,2.438.000 ₫,5.0,10 Đã bán
Màn hình máy vi tính 19in 1366x768 kết nối vga dây nguồn trực tiếp giá chỉ 550k bảo hành chu đáo 1thang,https://www.lazada.vn/products/pdp-i2430454586.html,650.000 ₫,5.0,11 Đã bán
"Màn Hình máy tính K-VISION T2221F 22""FHD, Full VIền - 75Hz - HÀNG CHÍNH HÃNG",https://www.lazada.vn/products/pdp-i2246278834.html,1.590.000 ₫,5.0,20 Đã bán
"Màn hình LCD 22"" Fujitsu E22-8 TS Pro Full HD, Hàng nội địa Nhật - Hàng Renew Full Box (Màu Trắng) - Bảo Hành 12 Tháng",https://www.lazada.vn/products/pdp-i1952618518.html,1.990.000 ₫,,
"EHOMEWEI | Màn Hình Di Động 16in cho Thiết Bị Di Động, PC, và Switch Độ Phân Giải 2.5K",https://www.lazada.vn/products/pdp-i3219718004.html,5.037.000 ₫,4.0,
"Màn hình LCD MSI 24.5"" PRO MP251L E2 (1920x1080/ IPS/ 120Hz/ 4ms GTG/ 1ms MPRT/ Adaptive-Sync) Đen - Bảo hành 24 tháng",https://www.lazada.vn/products/pdp-i3178055095.html,2.490.000 ₫,,
Màn Hình Phụ Di Động Magsafe Từ Tính Có Thể Tháo Rời Màn Hình Máy Tính Để Bàn Màn Hình Mở Rộng Ngoài Màn Hình,https://www.lazada.vn/products/pdp-i3233428362.html,521.000 ₫,,
Màn hình máy tính 20 inch (nhiều hãng) samsung / HP/ LG / Acer / Asus..,https://www.lazada.vn/products/pdp-i1998120415.html,720.000 ₫,4.0,24 Đã bán
Màn hình vi tính 19inch wide LCD HP sáng đẹp giá rẻ,https://www.lazada.vn/products/pdp-i2239953583.html,650.000 ₫,,
"Màn 17in, 19in các loại ( LG, HP, Dell ) thanh lý nám nhẹ / kẻ",https://www.lazada.vn/products/pdp-i984806690.html,220.000 ₫,4.0,170 Đã bán
"Màn hình hiển thị thông số máy tính 3,5 Inch IPS",https://www.lazada.vn/products/pdp-i2185502065.html,350.000 ₫,5.0,
Màn hình máy tính samsung 19in Led siêu mỏng,https://www.lazada.vn/products/pdp-i2017369494.html,690.000 ₫,4.0,38 Đã bán
Màn hình HP 17inch vuông- Tặng dây cáp nguồn và cáp VGA,https://www.lazada.vn/products/pdp-i3058640245.html,380.000 ₫,,
Màn hình 15.4 inch cao áp,https://www.lazada.vn/products/pdp-i3051486940.html,169.999 ₫,,
màn hình máy tính 22 inch samsung,https://www.lazada.vn/products/pdp-i2238708644.html,950.000 ₫,5.0,9 Đã bán
LS | Màn Hình Máy Tính Chơi Game Cong 27 Inch 2K 180Hz Cao Cấp,https://www.lazada.vn/products/pdp-i3234377955.html,2.192.000 ₫,4.0,
"Màn Hình Máy Tính 27 inch Cong Gaming Full Viền, Độ Phân Giải 1920x1080, Tần Số 180Hz, Tấm Nền IPS, Màn Hình 27 inch Cong Bảo Hành 24 Tháng",https://www.lazada.vn/products/pdp-i2212308859.html,1.690.000 ₫,,"6 Đã bán
Hà Nội"
Màn hình Gaming Xiaomi Redmi 24 inch G24 - 165Hz | 1ms | Redmi G24 A24FAA-RG. Hàng Chính Hãng - Bảo Hành 24 Tháng,https://www.lazada.vn/products/pdp-i1712487933.html,2.190.000 ₫,,
"Màn hình máy tính 24inch VSP VC242i [TRẮNG] (23.8"" IPS FHD 100Hz 2ms, HDMI+DisplayPort) - Hàng chính hãng VSP phân phối",https://www.lazada.vn/products/pdp-i2640512303.html,1.875.000 ₫,,
LS | Màn Hình IPS Siêu Mỏng Không Viền 24 Inch có Loa tích hợp,https://www.lazada.vn/products/pdp-i3233773477.html,1.870.000 ₫,4.0,
"Màn Hình Máy Tính 2K 27 inch Độ Phân Giải 2560x1440 Tần Số 75Hz Full Viền,Tấm Nền IPS, Cổng Kết Nối DP, HDMI Bảo Hành 24 Tháng",https://www.lazada.vn/products/pdp-i2223943700.html,2.350.000 ₫,,
Màn hình máy tính Redmi Desktop Monitor 1A 23.8 Inch/27 inch,https://www.lazada.vn/products/pdp-i1492153216.html,2.200.000 ₫,,
"Màn hình máy tính gaming tần số 75HZ 22-24 Inch, mới 100% bảo hành 12 tháng, Full HD 1080 tấm nền IPS hiển thị sắc nét",https://www.lazada.vn/products/pdp-i2823396302.html,1.270.000 ₫,5.0,
"Màn Hình HKC MB24V39 23.8 inch, IPS, 120Hz - Hàng Chính Hãng",https://www.lazada.vn/products/pdp-i3218098996.html,2.000.000 ₫,,
Màn hình máy tính HKC MB24V13-U 23.8inch FullHD 100Hz 6ms VA,https://www.lazada.vn/products/pdp-i2414683251.html,2.431.000 ₫,,
"Màn hình MSI 21.45” - PRO MP223 VGA, HDMI, 1920x1080 100Hz, 3 cạnh viền mỏng",https://www.lazada.vn/products/pdp-i2602782548.html,1.911.000 ₫,,
"Màn hình 15.6 inch, Màn hình di động 15.6 inch, Full HD, kết nối HDMI, HDR mới 100%, man hinh di dong 15 inch, màn hình mở rộng 15.6 inch, màn hình di động 15,6 inch, màn hình vi tính di động, extend screen 15.6 inch",https://www.lazada.vn/products/pdp-i2357562967.html,1.890.000 ₫,5.0,6 Đã bán
Màn hình máy tính VSP V2704S 27inch FullHD 75Hz,https://www.lazada.vn/products/pdp-i2040282950.html,1.938.300 ₫,4.0,
Màn hình văn phòng Aiwa AW-MF2725-V / Aiwa AW-MF2427-V /Aiwa AW-MF2227-V - Hàng Chính Hãng,https://www.lazada.vn/products/pdp-i3184647172.html,1.670.000 ₫,,
"[NEW] Màn Hình Gaming Xiaomi Gaming Monitor G27i 2026 (FHD/IPS/200Hz/1ms) - Phiên Bản Quốc Tế, Bảo Hành Chính Hãng 36 Tháng",https://www.lazada.vn/products/pdp-i2771173361.html,3.190.000 ₫,5.0,45 Đã bán
"Màn hình Samsung S4 S40GD LS24D400GAEXXV | 24 inch, Full HD, IPS, 100Hz, 5ms, chân xoay - Hàng Chính Hãng",https://www.lazada.vn/products/pdp-i1920718212.html,2.490.000 ₫,5.0,
13.3inch FHD cảm ứng sRGB 100%,https://www.lazada.vn/products/pdp-i3131113696.html,2.000.000 ₫,,
Màn hình LCD ASUS VY249HGR 23.8”/ FHD/ IPS/ HDMI/ VGA/ 120Hz/ 1ms/ ĐEN (VY249HGR) - Bảo hành 36 tháng,https://www.lazada.vn/products/pdp-i2964941100.html,2.582.000 ₫,5.0,5 Đã bán
"Màn hình LED 22 inch Samsung LG AOC Asus BenQ các loại 22"". Kèm cáp nguồn cáp tín hiệu",https://www.lazada.vn/products/pdp-i2819532020.html,800.000 ₫,,
"Màn hình Cong Gaming Antteq HKC - 24F242 | 24 inch, FHD, 75hz, VA, 8ms, cong Bảo hành 36 Tháng",https://www.lazada.vn/products/pdp-i3175959719.html,1.854.000 ₫,,
Màn Hình Máy Tính QDT 22-24-27 inch (IPS/ FHD/ 100Hz/ 5ms) - Hàng Chính Hãng,https://www.lazada.vn/products/pdp-i3193241344.html,1.710.000 ₫,,
"Màn hình 27inch Dell / MSI / Huntkey / VSP / Yunsi chơi Game, giải trí, học tập, xem phim New Box",https://www.lazada.vn/products/pdp-i3076115117.html,2.021.000 ₫,,
Màn hình máy tính 17 inch cũ kèm cáp,https://www.lazada.vn/products/pdp-i2178422635.html,500.000 ₫,,
"Màn Hình Cong Gaming HKC ANT-24G242 23.8 inch Full HD / VA / 100hz / 7ms (Mới, BH 24T)",https://www.lazada.vn/products/pdp-i2289420966.html,1.990.000 ₫,5.0,10 Đã bán
"Màn hình di động 13.3 inch, 14 inch, 15.6 inch, 16 inch, 17.3 inch, 18 inch Cảm Ứng (option), Fullhd, 2K, 4K kết nối HDMI + Type C (option), HDR mới 100%, man hinh di dong, màn hình mở rộng, man hinh rời từ 13.3 inch đến 17.3 inch",https://www.lazada.vn/products/pdp-i2387655749.html,1.890.000 ₫,5.0,109 Đã bán
Màn hình máy tính 27 Inch - Có bảo hành,https://www.lazada.vn/products/pdp-i3175038690.html,1.930.000 ₫,,
Màn hình văn phòng Aiwa AW-MF2427-V /Aiwa AW-MF2725-V/Aiwa AW-MF2227-V - Hàng Chính Hãng,https://www.lazada.vn/products/pdp-i3184567348.html,1.670.000 ₫,,
"Màn Hình Máy Tính Redmi 27 inch A27 – Tốc độ làm mới 100Hz, góc nhìn 178°, 27 inch - Bảo hành 2 năm",https://www.lazada.vn/products/pdp-i2156879251.html,1.650.000 ₫,,
"[HCM] CHÍNH HÃNG MỚI BẢO HÀNH 12 THÁNG Màn Hình Máy Tính DELL 20 Inch 19 in 17 in Vuông phẳng 60Hz 1280x1024 Chuyên Dùng cho văn phòng , làm việc , học trực tuyến , lướt web xem phim máy tính để bàn máy vi tính máy tính chơi game",https://www.lazada.vn/products/pdp-i1958140733.html,1.665.146 ₫,5.0,8 Đã bán
Màn hình máy tính Dell 19 inch cũ,https://www.lazada.vn/products/pdp-i2172571201.html,730.000 ₫,4.0,97 Đã bán
Màn Hình Di Động IPS 11.6 Inch FHD 60Hz 2*USB Type-C HDMI Built-in Speaker Kết Nối Điện Thoại Laptop Máy Chơi Game,https://www.lazada.vn/products/pdp-i2755345305.html,1.131.000 ₫,4.0,
màn hình vi tính dell 17inch,https://www.lazada.vn/products/pdp-i2781520675.html,250.000 ₫,,
KKmoon Màn hình dọc mini 3.5 Inch IPS xoay 360 độ cổng USB kép cho máy tính Raspberry Pi khung máy vi tính ITX-INTL,https://www.lazada.vn/products/pdp-i1925454491.html,533.726 ₫,3.0,16 Đã bán
"Màn hình 19in sọc /mực nhẹ ngoại hình đẹp, sử dụng tốt",https://www.lazada.vn/products/pdp-i2064116174.html,399.000 ₫,5.0,7 Đã bán
Màn hình máy tính 19 inch Samsung chữ nhật,https://www.lazada.vn/products/pdp-i2043339550.html,590.000 ₫,,Priority Instant
"Thanh lý màn hình LG 19in giá rẻ, hoạt động tốt, đủ phụ kiện đẹp 98%",https://www.lazada.vn/products/pdp-i2538105822.html,480.000 ₫,,
Màn hình máy vi tính Samsung SA10 wide 1366x768 full day kết nối ám Hồng nhẹ ban gia 450k bh 1thang chu đáo tại shop,https://www.lazada.vn/products/pdp-i3137530253.html,450.000 ₫,5.0,
Màn hình máy tính LCD 19 inch bảo hành 3 tháng,https://www.lazada.vn/products/pdp-i2061900073.html,627.000 ₫,,
"Màn hình di động 15.6 inch IPS FHD Type C HDMI - Portable Monitor máy tính, điện thoại - Bảo hành chính hãng",https://www.lazada.vn/products/pdp-i2896394835.html,2.050.000 ₫,5.0,
"Màn Hình Yunsi Y240AK (24 inch, 144Hz, FHD, IPS, HDMI + VGA) - Màu đen chính hãng BH 24 Tháng",https://www.lazada.vn/products/pdp-i3192513770.html,1.717.000 ₫,,
KTC | Màn Hình Văn Phòng Ánh Sáng Xanh Thấp 24 inches 100Hz,https://www.lazada.vn/products/pdp-i3202313128.html,3.197.000 ₫,4.0,
Màn hình máy tính Xiaomi Monitor A27i EU ELA5345EU - Trải nghiệm giải trí và làm việc mượt mà,https://www.lazada.vn/products/pdp-i2880465333.html,2.438.000 ₫,5.0,
"màn hình di động 14 inch FULLHD , 60hz kết nối điện thoại laptop pc máy game",https://www.lazada.vn/products/pdp-i2911810723.html,1.650.000 ₫,,
Màn hình AOC 24B15H2/71 / 22B15HN / 24B15H3/71 - Hàng Chính Hãng,https://www.lazada.vn/products/pdp-i3209497264.html,1.770.000 ₫,,
Màn hình máy tính Dell E1914hc renew bảo hành chu đáo 12thang tại shop,https://www.lazada.vn/products/pdp-i2238767817.html,1.550.000 ₫,,
Màn Hình EDRA EGM27F120H (27 inch - IPS - FHD - 120Hz - 1ms) - Hàng Chính Hãng,https://www.lazada.vn/products/pdp-i3217116100.html,2.150.000 ₫,,
Màn Hình Di Động GOOJODOQ 16/15.6inch FHD 1080P HDMI USB-C 120% SRGB Cho Laptop PS4 Android Switch - Bảo Hành Chính Hãng,https://www.lazada.vn/products/pdp-i2933214231.html,2.136.000 ₫,4.0,23 Đã bán
Màn hình máy vi tính 25in VSP 25in V2510F -25inch - 100hz - 1ms - hàng chính hãng mới 100% fullbox bảo hành 36thang tại cty,https://www.lazada.vn/products/pdp-i3129358812.html,1.750.000 ₫,,
Màn hình máy vi tính Hp 17in vuông 1280x1024 sáng đẹp rõ giá 600k bảo hành chu đáo 3thang,https://www.lazada.vn/products/pdp-i1981886204.html,600.000 ₫,5.0,34 Đã bán
Henry Màn hình cong không viền 24 inch Tốc độ làm mới 75/165HZ Bảng điều khiển IPS Bảo hành 1 năm,https://www.lazada.vn/products/pdp-i2512027493.html,1.520.000 ₫,5.0,66 Đã bán
Màn Hình Spin 34inch 3440×1440 UWQHD 1ms Cong1500R Tốc Độ 180Hz Siêu Nhanh Tỷ Lệ 21:9 Siêu Rộng Trải Nghiệm Đắm Chìm,https://www.lazada.vn/products/pdp-i3168568211.html,6.138.000 ₫,5.0,20 Đã bán
Màn hình máy tính 17 inch LED vuông mỏng đẹp - Dell E1715s - Kết nối VGA + Displayport,https://www.lazada.vn/products/pdp-i2552878212.html,470.000 ₫,,
MÀN HÌNH PHẲNG YUNSI Y240WSG 24INCH (100HZ | 1ms | 1K FULL HD | HDMI + VGA) BẢO HÀNH CHÍNH HÃNG,https://www.lazada.vn/products/pdp-i3096485478.html,1.870.000 ₫,,
Màn hình ASUS VP227HF 21.5 inch FHD 100Hz 1ms VA - Hàng Chính Hãng,https://www.lazada.vn/products/pdp-i3193819541.html,2.430.000 ₫,,
Màn hình máy tính VSP V2408S FullHD 100Hz 1MS IPS Trắng/Đen,https://www.lazada.vn/products/pdp-i2664047280.html,1.865.000 ₫,5.0,
Màn Hình LCD Gaming Uniview UNV MW-LC24-S 24 inch 100Hz IPS Full HD - Hàng Chính Hãng,https://www.lazada.vn/products/pdp-i3105788423.html,1.653.000 ₫,,
LS | Màn Hình IPS Không Viền 24 Inch 2K Ultra HD 180Hz,https://www.lazada.vn/products/pdp-i3234430642.html,2.467.000 ₫,,
Màn Hình Di Động 17.3/13.3 Inch 144hz Mở Rộng Cho Máy Tính PS4/SWITCH/XBOX/NS Màn Hình Phụ Đính Kèm IPS Độ Nét Cao HDMI,https://www.lazada.vn/products/pdp-i3229105903.html,2.178.000 ₫,,
KTC | Màn Hình Chơi Game 2K 200Hz có Loa và Đế Điều Chỉnh 27 Inch,https://www.lazada.vn/products/pdp-i3195188004.html,5.896.000 ₫,4.0,
Màn hình máy tính Dell 22inch E2216 Cũ,https://www.lazada.vn/products/pdp-i2427703466.html,1.400.000 ₫,,
Màn hình máy tính monitor K VISION / Provision 27 inch/24 inch/22 inch/20 inch/19 inch/BH 24T,https://www.lazada.vn/products/pdp-i2026600812.html,1.369.000 ₫,4.0,98 Đã bán
"Màn hình DELL 22 INCH CŨ , HÀNG THANH LÝ VĂN PHÒNG CÒN ĐẸP NHƯ MỚI",https://www.lazada.vn/products/pdp-i215685173.html,1.350.000 ₫,4.0,30 Đã bán
KTC | Màn Hình Chơi Game 24 Inch 260Hz Ánh Sáng Xanh Thấp,https://www.lazada.vn/products/pdp-i3195026925.html,3.953.000 ₫,4.0,
Màn hình samsung 19in thanh lý TẶNG cáp + nguồn,https://www.lazada.vn/products/pdp-i2418418415.html,589.000 ₫,5.0,
Màn hình máy tính Fujitsu 24 inch IPS B24W-7,https://www.lazada.vn/products/pdp-i2415324022.html,2.069.000 ₫,,
màn hình máy vi tính samsung S24e310 full hd 1920x1080 kết nối vga-hdmi,https://www.lazada.vn/products/pdp-i2553735653.html,1.250.000 ₫,,
"Màn hình máy tính cong Full Viền 24inch - 27 inch 75Hz , Mới 100% , siêu đẹp , siêu nét , kiểu ráng tinh tế",https://www.lazada.vn/products/pdp-i1991773271.html,1.390.000 ₫,5.0,28 Đã bán
Màn hình máy tính FeuVision FSID24BFJ 24inch FullHD 100Hz 6ms VA - Hàng Chính Hãng,https://www.lazada.vn/products/pdp-i2788615689.html,1.630.000 ₫,,
"KTC | Màn Hình Gaming 24.5 Inch, Tần Số Quét Cao 260Hz, Ánh Sáng Xanh Thấp",https://www.lazada.vn/products/pdp-i3235635977.html,3.760.000 ₫,,
"Màn Hình Máy Tính Xiaomi A27i 27 Inch Full HD (1920x1080) IPS 100Hz – Viền Mỏng, Gaming/ Làm Việc – Bảo Hành 3 Năm",https://www.lazada.vn/products/pdp-i2592080769.html,2.300.000 ₫,5.0,459 Đã bán
Màn hình Xiaomi A27Qi EU 27 inch (2K/ IPS/ 100Hz/ 6ms(GTG)) (ELA5812EU) - Bảo hành 36 tháng,https://www.lazada.vn/products/pdp-i3058118139.html,3.439.000 ₫,4.0,74 Đã bán
[ Hỏa tốc HN - HCM ] Màn hình máy tính Xiaomi 23.8 inch/27 inch - Màn hình máy tính Xiaomi A24i/A27i,https://www.lazada.vn/products/pdp-i1874284254.html,1.947.000 ₫,5.0,828 Đã bán
"Màn hình hp 17in, 17in khác thanh lý văn phòng",https://www.lazada.vn/products/pdp-i1424980406.html,399.000 ₫,4.0,111 Đã bán
Màn led mỏng 10.1 inch 40 pin,https://www.lazada.vn/products/pdp-i3132668274.html,249.999 ₫,,
Màn hình máy tính Dell E2016H 19.5 inch Wide LED- Tặng kèm dây nguồn và dây cáp VGA. Bảo hành 6 tháng,https://www.lazada.vn/products/pdp-i3058447827.html,890.000 ₫,,
"MÀn hình máy tính 17inch các hãng samsung, dell, HP, LG, viewsonic ...",https://www.lazada.vn/products/pdp-i2588457732.html,390.000 ₫,,
Màn led dầy 15.6 ink 40pin của máy tính sách tay laptop,https://www.lazada.vn/products/pdp-i2281834939.html,249.999 ₫,4.0,8 Đã bán
Màn hình máy tính 19in hiệu samsung cũ thanh lý văn phòng,https://www.lazada.vn/products/pdp-i746904637.html,599.000 ₫,4.0,141 Đã bán
"Màn hình vi tính PC để bàn kích thước 19 inch ngoại hình đẹp, sử dụng tốt",https://www.lazada.vn/products/pdp-i2064024497.html,650.000 ₫,,
KTC | Màn Hình Chơi Game 24 inches 2K 180Hz Dải Màu Rộng FastIPS Ánh Sáng Xanh Thấp,https://www.lazada.vn/products/pdp-i3201711033.html,4.898.000 ₫,4.0,
"Màn hình văn phòng 22"" AiVision A222FV - Hàng Chính Hãng ( Bảo hành 2 năm)",https://www.lazada.vn/products/pdp-i2740481307.html,1.380.000 ₫,,
KTC | Màn Hình Gaming 27 Inch 2K 210Hz Có Loa Điều Chỉnh Được,https://www.lazada.vn/products/pdp-i3195113352.html,5.477.000 ₫,4.0,
KTC | Màn Hình Chơi Game 2K 180Hz HVA Phản hồi Nhanh 27 inches,https://www.lazada.vn/products/pdp-i3220318227.html,4.520.000 ₫,4.0,
"Màn hình LCD LG 21.5"" 22U401A-B (1920x1080/ VA/ 100Hz/ 5ms) Đen - bảo hành 24 (tháng)",https://www.lazada.vn/products/pdp-i3179473010.html,2.359.000 ₫,,
"Màn hình máy tính Provision 19-20-22-24 inch phẳng, Màn Hình Gaming 27 inch Cong Độ Phân Giải 1920x1080 tần số 75Hz Full HD Bảo hành chính hãng 12 tháng",https://www.lazada.vn/products/pdp-i1804759249.html,1.150.000 ₫,5.0,7 Đã bán
A27I EU - Màn Hình Máy Tính 27 Inch Xiaomi A27I EU - GIAO TOÀN QUỐC - CHỈ MIỄN PHÍ HCM,https://www.lazada.vn/products/pdp-i3168613025.html,2.429.000 ₫,,
Màn Hình Máy Tính Gaming Uniview UNV MW-LC24-S 24 inch 100Hz IPS Full HD - Hàng Chính Hãng,https://www.lazada.vn/products/pdp-i3105898451.html,1.653.000 ₫,,
Màn hình T-Wolf 22inch TW-F22IFHD100 IPS FullHD (VGA/HDMI/100Hz),https://www.lazada.vn/products/pdp-i3040394141.html,1.960.000 ₫,,
"MÀN HÌNH VĂN PHÒNG 27"" AIVISION A273FS",https://www.lazada.vn/products/pdp-i2731347169.html,2.150.000 ₫,,
Màn hình LCD Viewsonic VA2214-H / VA2414-H / VA2714-H (22 Inch/ 24 Inch/ 27 Inch/ FHD/IPS/100Hz/4ms) - Hàng chính hãng,https://www.lazada.vn/products/pdp-i3004441432.html,2.117.000 ₫,,
Màn hình máy tính UNV MW-LC22-P 21.5 inch 75Hz VA Full HD,https://www.lazada.vn/products/pdp-i3045736199.html,1.368.000 ₫,,
"Màn hình di động có loa 14/15.6 inch Full HD Fullbox, cổng Type C, HDMI kết nối điện thoại, pc , ps3, ps4, tv android box",https://www.lazada.vn/products/pdp-i2611914737.html,1.599.000 ₫,,
"Thanh lý màn hình AOC 22in giá rẻ, hoạt động tốt, đủ phụ kiện đẹp 98%",https://www.lazada.vn/products/pdp-i2538141618.html,1.220.000 ₫,,
"Màn hình HIKVISION DS-D5024FN11 | 24 inch, Full HD, IPS, 75Hz, 5ms, Phẳng - Hàng Chính Hãng",https://www.lazada.vn/products/pdp-i3071814583.html,1.977.000 ₫,,
"Màn Hình Di Động 11.6 inch, HDREADY WXGA chất lượng cao, 100%SRGB, 60hz,Màn Hình Vi Tính, Mở Rộng",https://www.lazada.vn/products/pdp-i3186603559.html,1.190.000 ₫,,
Màn hình máy tính VSP V2408S FullHD 100Hz 1MS IPS Trắng/Đen,https://www.lazada.vn/products/pdp-i2501074583.html,1.865.000 ₫,5.0,
"Màn hình Xiaomi Gaming G24i (ELA5625EU) (23.8"" FHD/ Fast IPS 180Hz/1ms/FreeSync/HDMI) - Chính hãng",https://www.lazada.vn/products/pdp-i2861293573.html,3.200.000 ₫,,
"Màn Hình Máy Tính Xiaomi 27 inch 2K (2560x1440) 60Hz Tấm Nền IPS, Cổng Kết Nối VGA, HDMI Bảo Hành 24 Tháng",https://www.lazada.vn/products/pdp-i2455978550.html,2.590.000 ₫,,
[85%] MÀN HÌNH VI TÍNH CŨ 22 - 17 INCH CÁC LOẠI,https://www.lazada.vn/products/pdp-i3183259936.html,560.000 ₫,,
Màn hình máy tính Dell 17 inch vuông,https://www.lazada.vn/products/pdp-i2253801212.html,589.000 ₫,,
KTC | Màn Hình IPS Cao Cấp 24.5 inch 100Hz với Bảo Vệ Ánh Sáng Xanh Thấp,https://www.lazada.vn/products/pdp-i3201354655.html,5.628.000 ₫,4.0,
"Màn hình máy tính Provision 24 inch - 22 inch - 20 inch - 19 inch Phẳng, Màn Hình Provision 27 inch Cong Full Viền Chuyên dùng cho học tập , văn phòng , bán hàng - Hàng chính hãng",https://www.lazada.vn/products/pdp-i1804779092.html,1.150.000 ₫,,
Redmi màn hình chơi game x27g 27 inch IPS HD phản hồi nhanh 165Hz Tốc độ làm mới cao màn hình hiển thị máy vi tính chơi Game Văn phòng,https://www.lazada.vn/products/pdp-i2809984266.html,3.458.639 ₫,5.0,7 Đã bán
Màn hình LCD Hikvision DS-D5024F2-BP2 (24 Inch-IPS-100Hz),https://www.lazada.vn/products/pdp-i2935390742.html,1.900.000 ₫,,
Màn hình thanh lý LG 1943S 19inch wide,https://www.lazada.vn/products/pdp-i1262064380.html,950.000 ₫,,
Màn hình Gaming EDRA EGM22F75P 22 inch FullHD 75hz - Chính hãng ( Bảo hành 24T),https://www.lazada.vn/products/pdp-i2568159550.html,1.590.000 ₫,,
"Màn hình HKC 22inch, 24inch, 25inch 75hz/100hz/Phẳng New Box Bảo hành 24 Tháng",https://www.lazada.vn/products/pdp-i2854546160.html,1.475.000 ₫,,
Màn hình LCD ASUS VY249HGR 23.8”/ FHD/ IPS/ HDMI/ VGA/ 120Hz/ 1ms/ ĐEN (VY249HGR) - Bảo hành 36 tháng,https://www.lazada.vn/products/pdp-i2968188524.html,2.350.000 ₫,,
Màn hình 19 inch chữ nhật bảo hành 3 tháng,https://www.lazada.vn/products/pdp-i2625339527.html,699.000 ₫,5.0,
Màn hình LCD Xiaomi 27 inch A27Qi EU (2K/ IPS/ 100Hz/ 6ms(GTG)) (ELA5812EU) - Bảo hành 36 tháng,https://www.lazada.vn/products/pdp-i3058262972.html,3.299.000 ₫,5.0,85 Đã bán
Màn hình máy tính 17in thanh lý văn phòng còn dùng cực tốt,https://www.lazada.vn/products/pdp-i763068826.html,399.000 ₫,4.0,143 Đã bán
Màn hình máy tính Xiaomi 2K Curved Gaming Monitor G34i 34inch-Tần Số Quét 180Hz - Bảo Hành 36 Tháng,https://www.lazada.vn/products/pdp-i2827094494.html,6.490.000 ₫,5.0,15 Đã bán
"Màn Hình Di Động 16 inch, Option Cảm Ứng, Trắng Hoặc Đen,FullHD/2,5K QHD 2560x1600/4K chất lượng cao, 60hz-144hz, view 178, xuất hình HDMI + Type C, Màn Hình Vi Tính, Màn Hình Phụ, Màn Hình Mở Rộng, portable monitor",https://www.lazada.vn/products/pdp-i2421646713.html,2.090.000 ₫,4.0,45 Đã bán
"Màn Hình Máy Tính Xiaomi A27i 27 Inch Full HD (1920x1080) IPS 100Hz – Viền Mỏng, Gaming/ Làm Việc – Bảo Hành 3 Năm",https://www.lazada.vn/products/pdp-i2592165045.html,2.519.000 ₫,5.0,26 Đã bán
Màn di động 16inch nguyên khối srgb 100%,https://www.lazada.vn/products/pdp-i2714521711.html,1.530.000 ₫,,"7 Đã bán
Hồ Chí Minh"
"[Độ mới 85-90%] MÀN HÌNH VI TÍNH CŨ 24, 19, 17 INCH CÁC LOẠI",https://www.lazada.vn/products/pdp-i3176008360.html,550.000 ₫,,
Màn hình MSI PRO MP251 E2 (24.5 inch/FHD/IPS/120Hz/1ms/Loa) - Chính hãng,https://www.lazada.vn/products/pdp-i2860182398.html,2.410.000 ₫,,
Màn hình máy tính 19 inch cũ sẵn dây cáp theo màn,https://www.lazada.vn/products/pdp-i2454044842.html,600.000 ₫,,
Màn Hình Máy Tính Phẳng LED VSP V2203H 22inch VA 100Hz Đen - Hàng Chính Hãng,https://www.lazada.vn/products/pdp-i3099679567.html,1.520.000 ₫,,
Màn Hình Máy Tính Provision Full HD 19'' 20'' 21.5'' 24'' inch Mới 100% Siêu Đẹp Siêu Nét Kiểu Dáng Tinh tế Bảo Hành 24 Tháng,https://www.lazada.vn/products/pdp-i1375304492.html,1.150.000 ₫,4.0,22 Đã bán
Màn hình samsung 22in vuông thanh lý giá rẻ,https://www.lazada.vn/products/pdp-i2400165003.html,750.000 ₫,,
Màn Hình Máy Tính Feuvision Dahua FSID22BFJ 22″ : 21.45″/ VA/ FHD/ 75Hz/ VGA + HDMI,https://www.lazada.vn/products/pdp-i2908292809.html,1.419.000 ₫,5.0,
"Màn Hình Máy Tính Xiaomi 27 inch Độ Phân Giải 2K (2560x1440), màn hình 27 inch FHD 60Hz Tấm Nền IPS, Cổng Kết Nối VGA, HDMI Bảo Hành 24 Tháng",https://www.lazada.vn/products/pdp-i2455856376.html,2.850.000 ₫,,
"Màn Hình Máy Tính 24 inch K-Vision, Màn Hình 24 inch Cong Full Viền, Độ Phân Giải 1920x1080, Tần Số 75Hz, Bảo Hành 24 Tháng",https://www.lazada.vn/products/pdp-i2124034231.html,1.500.000 ₫,4.0,17 Đã bán
Màn hình máy tính BenQ GW2790 _ bảo vệ mắt 27 inch 1080p IPS 100Hz phù hợp làm việc và giải trí,https://www.lazada.vn/products/pdp-i2604958038.html,3.080.000 ₫,,
"Màn Hình MSI Pro MP223 | 21.45 inch, FHD, VA, 100Hz, 5ms, Phẳng - Hàng Chính hãng",https://www.lazada.vn/products/pdp-i2453320370.html,1.790.000 ₫,,
"Màn hình VSP V2408S (23.8""/FHD/IPS/100Hz/2ms) - Chính hãng",https://www.lazada.vn/products/pdp-i2742864097.html,2.470.000 ₫,,
"Màn hình LG 22MR410-B (21.45""/FHD/VA/100Hz/5ms) - Chính hãng",https://www.lazada.vn/products/pdp-i2733414132.html,2.410.000 ₫,5.0,
Màn hình máy tính HUNTKEY RRB2413V 24inch FullHD 75Hz IPS,https://www.lazada.vn/products/pdp-i2313575318.html,2.110.000 ₫,,
"Màn hình LCD MSI 24.5"" PRO MP251L E2 (1920x1080/ IPS/ 120Hz/ 4ms GTG/ 1ms MPRT/ Adaptive-Sync) Đen - Bảo hành 24 tháng",https://www.lazada.vn/products/pdp-i3177999555.html,2.259.000 ₫,,
[Giao hàng sau 20 ngày][MIỄN PHÍ VẬN CHUYỂN] Màn hình Gaming Samsung 32 inch Odyssey G5 G55C QHD 165Hz LS32CG552EEXXV,https://www.lazada.vn/products/pdp-i2503105614.html,5.599.000 ₫,4.0,60 Đã bán
Màn hình máy tính 17 inch |19 inch | 20 inch | 22 inch | 24 inch,https://www.lazada.vn/products/pdp-i2043533852.html,1.000.000 ₫,,
KTC | Màn Hình Gaming 23.8 Inch Tần Số Quét Cao Ánh Sáng Xanh Thấp,https://www.lazada.vn/products/pdp-i3201279438.html,4.050.000 ₫,,
Màn hình ASUS VY249HGR 23.8” | FHD | IPS | HDMI/VGA | 120Hz | 1ms | Bảo hành 36 Tháng,https://www.lazada.vn/products/pdp-i2902169729.html,2.500.000 ₫,,
Màn hình máy vi tính led LG 20m37 wide 1600x900 đã bao gồm dây đẹp giá 900k bảo hành chu đáo 1thang,https://www.lazada.vn/products/pdp-i2216882847.html,950.000 ₫,,
Màn hình LCD Asus 23.8 inch VG249QE5A (Full HD/ IPS/ 146Hz/ 1 ms MPRT/ Đen) - Bảo hành 36 tháng,https://www.lazada.vn/products/pdp-i3115324843.html,2.890.000 ₫,,
Màn hình 24inch IPS Phẳng FHD 75Hz,https://www.lazada.vn/products/pdp-i2619373686.html,1.900.000 ₫,,
"Màn hình LCD LG 23.8"" 24U411A-B (1920x1080/ IPS/ 120Hz/ 5ms) Đen - bảo hành 24 (tháng)",https://www.lazada.vn/products/pdp-i3179347483.html,2.559.000 ₫,,
Màn hình LCD 18.5'' Glowy GW19 (1366x768) (VGA-HDIM) Chính hãng,https://www.lazada.vn/products/pdp-i2879903343.html,1.085.000 ₫,,
"Màn hình gaming, màn hình máy tính chơi game E-Dra EGM24F100P Full HD - màn hình 24 inch - Tần số 100Hz - Hàng chính hãng",https://www.lazada.vn/products/pdp-i2526337610.html,2.179.000 ₫,,
Màn hình máy tính LCD MSI Pro MP242A E2 (23.8 inch/FHD/IPS/120Hz/1ms) - Hàng Chính Hãng,https://www.lazada.vn/products/pdp-i3109210897.html,2.508.000 ₫,,
Màn hình LCD Viewsonic VA2214-H / VA2414-H / VA2714-H (22 Inch/ 24 Inch/ 27 Inch/ FHD/IPS/100Hz/4ms) - Hàng chính hãng,https://www.lazada.vn/products/pdp-i3004325815.html,1.807.000 ₫,5.0,
Màn Hình Máy Tính Gaming E-Dra EGM24F100H 23.8 inch FullHD IPS 100hz 1ms phẳng - Hàng chính hãng,https://www.lazada.vn/products/pdp-i2815767078.html,1.860.000 ₫,,
MÀN HÌNH HKC MB24V9-U (23.8 inch/FHD/IPS/100Hz/5ms) - Hàng Chính Hãng,https://www.lazada.vn/products/pdp-i2779878348.html,2.470.000 ₫,,
Màn Hình Máy Tính LC-POWER LC-M22F (21.45 inch - FHD - VA - 100Hz) - Hàng Chính Hãng,https://www.lazada.vn/products/pdp-i3183787910.html,1.600.000 ₫,,
Màn hình máy tính Xiaomi A24i 24 inch FullHD 100Hz ELA5444EU,https://www.lazada.vn/products/pdp-i2908909131.html,1.928.000 ₫,,
Màn hình LCD Asus 23.8 inch VG249QE5A (Full HD/ IPS/ 146Hz/ 1 ms MPRT/ Đen) - Bảo hành 36 tháng,https://www.lazada.vn/products/pdp-i3118687525.html,2.499.000 ₫,,
"Màn hình cảm ứng 7 inch 1K / 9,7 inch 2K, raspberry pi, giám sát camera, cao cấp, di động, rời",https://www.lazada.vn/products/pdp-i2953945025.html,790.000 ₫,,
MÀN HÌNH TRÀN VIỀN YUNSI Y270ZF 27INCH (1K FHD/IPS/100HZ/2ms/HDMI/DP) BẢO HÀNH CHÍNH HÃNG,https://www.lazada.vn/products/pdp-i3096594168.html,2.420.000 ₫,,
Màn Hình Xiaomi K40 Gaming monitoMàn Hình Xiaomi K40 Gaming monitor / Black Shark 5 Pro / Poco F3 GT ( incell Pinsen )r / Black Shark 5 Pro / Poco F3 GT ( incell Pinsen ),https://www.lazada.vn/products/pdp-i3063365292.html,380.000 ₫,1.0,
"Màn Hình Tuoshuo RL279Q 27 Inch 2K IPS 60Hz – 400nit, DCI-P3 95%, Viền Mỏng 4 Cạnh",https://www.lazada.vn/products/pdp-i3197749834.html,2.469.000 ₫,5.0,
Màn Hình Laptop 15.6 inch 30 pin FULL HD IPS - Tràn Viền - Không tai (1920x1080),https://www.lazada.vn/products/pdp-i3113133706.html,825.000 ₫,,
Màn Hình Gaming Samsung 32 inch Odyssey OLED G8 G80SD UHD 240Hz LS32DG802SEXXV,https://www.lazada.vn/products/pdp-i2661323733.html,22.484.000 ₫,5.0,
GOOJODOQ 15.6 '' Màn Hình Di Động FHD IPS Màn Hình 1920x1080P Dành Cho Máy Tính Xách Tay iPad PC Mac Điện Thoại Xbox Switch PS4 - Màn Hình Ngoài,https://www.lazada.vn/products/pdp-i3242614506.html,3.908.000 ₫,,
"Màn hình LCD Samsung 24 inch LS24F320GAEXXV (Full HD 1,920 x 1,080/ IPS/ 120Hz/ 5ms) - Bảo hành 24 tháng",https://www.lazada.vn/products/pdp-i3109954298.html,2.699.000 ₫,,
Màn Hình LCD EDRA EGM27F100 (27 inch/FHD/IPS/100Hz/1ms) – Hàng Chính Hãng,https://www.lazada.vn/products/pdp-i2633462356.html,2.790.000 ₫,,
Màn Hình LG 27U411A-B.ATVQ ( IPS/ Full HD/ 120Hz/ 27 inch/ sRGB 99% / HDR 10/ 1ms MBR) - Hàng Chính Hãng,https://www.lazada.vn/products/pdp-i3176634170.html,2.260.000 ₫,3.0,
"Màn hình Asus TUF Gaming VG27AQ5A 27"" (QHD (2K) 2560 x 1440/ Fast IPS/ 210Hz/ 1 ms) -Bảo hành 36 tháng",https://www.lazada.vn/products/pdp-i3125931667.html,5.290.000 ₫,5.0,
Samsung Màn hình Nâng cấp 14 inch 3: 2 QHD IPS Màn hình di động Màn hình chơi game FreeSync 2K 1440P với Dual USB C HDMI cho máy tính xách tay chơi game -Bảo hành một năm,https://www.lazada.vn/products/pdp-i3234368256.html,3.112.000 ₫,,
"Màn hình máy tính BenQ dành cho Mac MA320U_32"" 4K USB Type-C thiết kế công thái học",https://www.lazada.vn/products/pdp-i2795710419.html,16.500.000 ₫,5.0,6 Đã bán
Màn Hình MSI PRO MP251 (24.5 inch - IPS - FHD - 100Hz- 1ms - Anti glare) - Hàng Chính Hãng,https://www.lazada.vn/products/pdp-i2453276640.html,2.390.000 ₫,,
"Màn Hình Xiaomi Redmi 24 inch , Full HD / 75hz / Full Viền -Hàng Chính Hãng",https://www.lazada.vn/products/pdp-i2396711802.html,2.150.000 ₫,,
Màn hình máy tính AOC 27B1H2/74 27inch FullHD 100Hz 4ms IPS,https://www.lazada.vn/products/pdp-i2325613205.html,2.680.000 ₫,,
"Màn hình KODA 27” - KD-LED27A-4KIPS IPS, VGA, HDMI, 1920x1080 75Hz, 3 cạnh viền mỏng",https://www.lazada.vn/products/pdp-i2603725346.html,2.187.000 ₫,,
"Màn Hình Gaming K-Vision 24 inch Phẳng, Màn Hình 27 inch Cong Full Viền FHD Tần Số 75Hz Màn Hình Chuyên Cho Game Thủ ,Dựng Video Youtube.... Bảo Hành 24 Tháng Cổng Kết Nối VGA, HDMI",https://www.lazada.vn/products/pdp-i1333610847.html,1.700.000 ₫,4.0,51 Đã bán
Màn hình Edra EGM25F180P (24.5 inch/FHD/Fast IPS/180Hz/0.5ms) - Chính hãng,https://www.lazada.vn/products/pdp-i3002370527.html,3.080.000 ₫,,
"Màn hình MSI Pro 25"" MP251E2 (FHD/IPS/120Hz/Hdmi+Vga/Phẳng)",https://www.lazada.vn/products/pdp-i2932514826.html,2.346.000 ₫,5.0,5 Đã bán
Spin Màn hình 24 inch LCD siêu cong 100Hz Bàn chải cao 2ms Màn hình,https://www.lazada.vn/products/pdp-i3085913100.html,1.740.000 ₫,5.0,17 Đã bán
Màn hình Philips 27E1N1100D/74 (27Inch/ Full HD/ 1ms/ 100HZ/ 250cd/m2/ IPS) - Hàng Chính Hãng,https://www.lazada.vn/products/pdp-i2939028018.html,2.900.000 ₫,,
Màn Hình Máy Tính Văn Phòng VSP IP2405F (24inch / FHD / 100Hz / 1ms) Black - Hàng Chính Hãng,https://www.lazada.vn/products/pdp-i3125467622.html,1.770.000 ₫,,
Màn LCD 19in Vuông Sáng Đẹp,https://www.lazada.vn/products/pdp-i2518098584.html,550.000 ₫,,
Màn hình máy vi tính 24in ips full HD led 1920x1080 kết nối vga-hdmi hàng new bảo hành chu đáo 24thang,https://www.lazada.vn/products/pdp-i2315976637.html,2.150.000 ₫,,
Màn Hình Máy Tính Văn Phòng IP2203 - ADS/IPS - 100Hz - Hàng Chính Hãng,https://www.lazada.vn/products/pdp-i3099625419.html,1.653.000 ₫,,
Màn hình MSI PRO MP225V (21.45 inch/FHD/VA/100Hz/1ms) - Chính hãng,https://www.lazada.vn/products/pdp-i3025084507.html,1.920.000 ₫,,
Màn hình đồ họa BenQ PD2725U _ 27 inch 4K UHD IPS 100% sRGB 95% P3 Thunderbolt 3 tương thích Mac,https://www.lazada.vn/products/pdp-i1762739587.html,19.800.000 ₫,5.0,
"Màn Hình Máy Tính 27 inch Cong Gaming Full Viền 165Hz, Độ Phân Giải 1920x1080, Tấm Nền IPS Bảo Hành 24 Tháng",https://www.lazada.vn/products/pdp-i2211812643.html,2.290.000 ₫,,
"Màn hình AOC 22B20JHN2/74 | 21.45 inch, Full HD, VA, 100Hz, 4ms, phẳng",https://www.lazada.vn/products/pdp-i2928510703.html,1.888.000 ₫,,
Màn hình máy tính HP V20 1H849AA 19.5inch HD+ 60Hz 5ms TN,https://www.lazada.vn/products/pdp-i2200682226.html,1.730.000 ₫,,
Màn hình máy tính Cong Monitor VSP 27 inch / 24 inch / 22 inch/ 20 inch/ 19 inch / Full HD 1920x1080 / Siêu Đẹp / BH 24T/Hàng chính hãng,https://www.lazada.vn/products/pdp-i2044395425.html,1.650.000 ₫,4.0,11 Đã bán
Màn hình Xiaomi A27i ELA5345EU 27 inch/FullHD/IPS 100Hz - Hàng Chính Hãng,https://www.lazada.vn/products/pdp-i2641265420.html,1.990.000 ₫,5.0,
"Màn hình 15.6 inch 100%SRGB, Màn hình di động 15.6 inch 100%SRGB, Full HD, kết nối HDMI, HDR mới 100%, man hinh di dong 15 inch, màn hình mở rộng 15.6 inch, màn hình di động 15,6 inch, màn hình vi tính di động, extend screen 15.6 inch",https://www.lazada.vn/products/pdp-i2640895374.html,1.990.000 ₫,5.0,
"Thanh lý màn hình HP 19in giá rẻ, hoạt động tốt, đủ phụ kiện đẹp 98%",https://www.lazada.vn/products/pdp-i2538194294.html,470.000 ₫,4.0,8 Đã bán
"Màn hình LCD AOC 23.8"" 24G11ZE/71 (1920x1080/ Fast IPS/ 240Hz OC/ 0.3ms/ Adaptive Sync) Đen - Bảo hành 36 (tháng)",https://www.lazada.vn/products/pdp-i3182704906.html,2.890.000 ₫,,
Màn hình máy tính Xiaomi A24i 24 inch FullHD 100Hz ELA5444EU,https://www.lazada.vn/products/pdp-i2908880253.html,1.928.000 ₫,5.0,8 Đã bán
Màn hình máy tính VSP IP2510W1 FullHD 100Hz 5MS IPS - Hàng Chính Hãng,https://www.lazada.vn/products/pdp-i2773919174.html,1.940.000 ₫,,
KTC | Màn Hình Gaming 27 Inch 2K 320Hz Low Blue Light FastIPS,https://www.lazada.vn/products/pdp-i3201427347.html,6.971.000 ₫,4.0,
[CŨ] Màn Hình P2419H Đồ Hoạ Full Viền 24 inch Dell Văn Phòng P2419 (23.8inch/FHD/60hz) - Bảo hành 3T,https://www.lazada.vn/products/pdp-i2238029122.html,2.629.000 ₫,5.0,9 Đã bán
EHOMEWEI | Màn Hình OLED 4K Cảm Ứng Di Động,https://www.lazada.vn/products/pdp-i3219623755.html,9.427.000 ₫,4.0,
Màn Hình Máy Tính PC Xiaomi Monitor A27i 27inch Tấm Nền LCD IPS 100Hz Quốc Tế Chính Hãng Bảo Hành 36 Tháng,https://www.lazada.vn/products/pdp-i2825489543.html,2.390.000 ₫,,
Màn hình máy tính Glowy 22 Inch,https://www.lazada.vn/products/pdp-i1856727594.html,2.690.000 ₫,,
"Màn hình chơi game di động ARZOPA-Z1FC, 16,1 '144Hz, 100% sRGB, 1080P HDR với màn hình máy tính xách tay HDMI USB 3.1 cho Switch, PlayStation, Xbox, PS5, Mac",https://www.lazada.vn/products/pdp-i3175481807.html,2.899.000 ₫,3.1,
ThinkPlus | Màn Hình Giám Sát Kinh Doanh 100 inches 4K Siêu Sáng Không Quảng Cáo,https://www.lazada.vn/products/pdp-i3184304687.html,89.664.000 ₫,,
Màn Hình Gaming SAMSUNG 27 Inch/32 inch Odyssey OLED G8 G81SF 4K 240Hz,https://www.lazada.vn/products/pdp-i3067987554.html,25.723.000 ₫,,
Màn hình đôi di động - Dual portable screen chính hãng Sculptor - 14inch / 15.6inch,https://www.lazada.vn/products/pdp-i3022181950.html,5.253.000 ₫,5.0,7 Đã bán
"[CŨ] Màn Hình Dell U2417h 24 inch Chuyên Đồ Hoạ 24"" Ultrasharp U2417 24inch - Bảo hành 3 tháng",https://www.lazada.vn/products/pdp-i2205810781.html,3.319.000 ₫,4.0,22 Đã bán
"[Đồ Cũ] Màn Hình Máy Tính Cũ Samsung, Hp, LG, Dell 22 - 17 inch",https://www.lazada.vn/products/pdp-i3177162477.html,650.000 ₫,,
Màn hình máy tính HP M22F 2E2Y3AA 21.5inch FHD IPS,https://www.lazada.vn/products/pdp-i1627228835.html,3.000.000 ₫,,
Màn hình máy tính Xiaomi 27inch 2K(2560x1440p) A27Qi IPS 100HZ ELA5812EU - Chính hãng Digiworld,https://www.lazada.vn/products/pdp-i3065315498.html,3.679.000 ₫,,
"Xả Hàng Màn hình máy tính LCD 22 Wide nhiều mẫu, nhiều hãng Samsung, LG,HP ... chính hãng",https://www.lazada.vn/products/pdp-i2238779705.html,950.000 ₫,5.0,9 Đã bán
Màn hình Gaming 180hz CONG Full viền 27 inch K-Vision FullHD / VA / 1ms Chuyên Game 27inch viền mỏng,https://www.lazada.vn/products/pdp-i2238044060.html,3.249.000 ₫,5.0,35 Đã bán
Màn Hình LCD ACER EK271 G 27 INCH/1920X1080@120Hz/IPS/VGA/HDMI/LED/ĐEN(UM.HE1SV.G01) - Bảo hành 36 tháng,https://www.lazada.vn/products/pdp-i2926289968.html,2.439.000 ₫,5.0,8 Đã bán
Màn hình đôi di động - Dual portable screen chính hãng Sculptor - 15.6 inch,https://www.lazada.vn/products/pdp-i2757667315.html,5.305.000 ₫,5.0,6 Đã bán
Màn hình LCD LG 27 inch 27MS500-B.ATV (Full HD 1920 x 1080 | IPS | 100Hz | 5ms) - Bảo hành 24 tháng,https://www.lazada.vn/products/pdp-i3066119732.html,2.757.000 ₫,,
KTC | Màn Hình Chơi Game 23.8 Inch 2K 240Hz Thời Gian Phản Hồi 1ms,https://www.lazada.vn/products/pdp-i3233164913.html,5.435.000 ₫,4.0,
Màn hình máy tính VSP V2204H 22inch FullHD 100Hz VA Đen - Chính hãng VSP,https://www.lazada.vn/products/pdp-i2187278705.html,1.770.000 ₫,5.0,6 Đã bán
"Màn Hình Máy Tính Skyworth 24B1H 22-24 inchFullHD 75Hz IPS 24inch, Phù Hợp Văn Phòng, Công Ty, Chơi Game, Hàng Chính Hãng",https://www.lazada.vn/products/pdp-i2908558928.html,1.499.000 ₫,5.0,20 Đã bán
"Màn hình LCD mã KCG057QV1DC 5.7 inch Hãng KYOCERA Nhật, công nghệ CSTN dùng cho Máy ép nhựa",https://www.lazada.vn/products/pdp-i2473361593.html,2.000.000 ₫,5.0,
"Màn hình LCD Xiaomi 27"" G27i EU ELA5375EU (1920 x 1080/ IPS/ 165Hz/ 1ms) - Bảo hành 36 tháng",https://www.lazada.vn/products/pdp-i2795120151.html,3.039.000 ₫,,
EHOMEWEI | Màn Hình Cảm Ứng Di Động 17.3 Inch 4K 144HZ Cảm Bút Kết Nối Trực Tiếp,https://www.lazada.vn/products/pdp-i3217949621.html,4.485.000 ₫,4.0,
EHOMEWEI | Màn Hình OLED Cảm Ứng 4K Di Động,https://www.lazada.vn/products/pdp-i3219700680.html,9.428.000 ₫,4.0,
"Màn Hình Máy Tính Kvision 27 inch CONG - Màn Hình Máy Tính Kvision 24inch CONG PHẲNG . Hàng Chính Hãng. Tấm nền IPS , FULL HD , Tần số 75hz , Thiết kế siêu mỏng , tràn viền các cạnh.",https://www.lazada.vn/products/pdp-i1884839205.html,1.730.000 ₫,5.0,35 Đã bán
"Màn hình LCD Dell 27"" SE2725HM (1920x1080/ IPS/ 100Hz/ 5ms fast/ 8ms normal ) Đen - Bảo hành 36 tháng",https://www.lazada.vn/products/pdp-i3118444902.html,3.990.000 ₫,,
"Màn hình Aoc 24B36X/71 23.8"" (FHD 1920 x 1080/ IPS/ 144Hz/ 0.5 ms) - Bảo hành 36 tháng",https://www.lazada.vn/products/pdp-i3201239369.html,2.779.000 ₫,0.5,
KTC | Màn Hình Chơi Game 27 Inch 2K 320Hz Ánh Sáng Xanh Thấp,https://www.lazada.vn/products/pdp-i3195089620.html,6.731.000 ₫,4.0,
Màn Hình máy tính cũ 20 inch 19 Inch 17 inch 16 inch 15 inch cũ còn tốt,https://www.lazada.vn/products/pdp-i1246020559.html,550.000 ₫,5.0,
Màn hình vi tính Samsung LS24D300GAEXXV 24 inch - IPS - FHD - 5ms - 100Hz/VGA/HDMI,https://www.lazada.vn/products/pdp-i3162513213.html,2.570.000 ₫,4.0,
"Màn hình LG, HP, Bên Q, giá 400k, màng hình đẹp 95%.",https://www.lazada.vn/products/pdp-i2206450138.html,400.000 ₫,4.0,42 Đã bán
"Màn hình LCD Dell 23.8"" SE2425HM (1920x1080/ IPS/ 100Hz/ 5ms fast/ 8ms normal) - Bảo hành 36 tháng",https://www.lazada.vn/products/pdp-i3132953450.html,2.939.000 ₫,5.0,
Màn hình LCD MSI PRO MP251 (24.5inch/FHD/IPS/100Hz/1ms) – Hàng Chính Hãng,https://www.lazada.vn/products/pdp-i2663012666.html,2.450.000 ₫,,
Màn Hình Máy Tính Gaming EDRA EGM27F180PV 27 Inch FullHD 180Hz - Hàng Chính Hãng,https://www.lazada.vn/products/pdp-i3183209252.html,2.965.000 ₫,,
Màn Hình Máy Tính Cong Gaming VSP VG2724FC1 - 240Hz - 1ms - R:1500 - Hàng Chính Hãng,https://www.lazada.vn/products/pdp-i3125687202.html,3.342.000 ₫,,
"Màn hình LCD 27 inch, 24 inch Cong Phẳng, 22 inch, 21 inch Full HD 75Hz Full viền Gaming BH 36 Tháng",https://www.lazada.vn/products/pdp-i1832594268.html,1.423.000 ₫,5.0,120 Đã bán
KTC | Màn Hình Chơi Game FastIPS Ánh Sáng Xanh Thấp 400Hz HDR400 24.5 inches,https://www.lazada.vn/products/pdp-i3214126161.html,6.605.000 ₫,4.0,
"Màn hình LCD LG 23.8"" 24U411A-B (1920x1080/ IPS/ 120Hz/ 5ms) Đen - bảo hành 24 (tháng)",https://www.lazada.vn/products/pdp-i3179350388.html,2.759.000 ₫,,
"Màn hinh KINGVIEW 27 INCH 2K - KingView 24 inch - Chính hãng -Full HD , công nghệ IPS , Full Viền ( Siêu Phẩm )",https://www.lazada.vn/products/pdp-i1991808183.html,1.450.000 ₫,5.0,9 Đã bán
Màn hình máy tính FeuVision FSID24BFJ 24inch FullHD 100Hz 6ms VA - Hàng Chính Hãng,https://www.lazada.vn/products/pdp-i2788768534.html,1.630.000 ₫,,
Màn hình 17 - 27in bkẻ/nám/hở sáng/mực như hình dùng tốt. TẶNG cáp nguồn,https://www.lazada.vn/products/pdp-i1995659017.html,230.000 ₫,4.0,10 Đã bán
MÀN HÌNH YUNSI Y270GM 27INCH (180HZ | 1ms | 2K QHD | HDMI | DP) BẢO HÀNH CHÍNH HÃNG,https://www.lazada.vn/products/pdp-i3096551160.html,3.828.000 ₫,,
Màn hình máy tính Dell 22 Monitor E2216HV 21.5 inch Full HD / New / Full VAT / Genuine / 1Yrs,https://www.lazada.vn/products/pdp-i2133676392.html,1.380.000 ₫,4.0,79 Đã bán
Màn hình VIEWSONIC VS20209 VX2457A-HD-PRO 23.8 inch (1920 x 1080/ IPS/ 170Hz/ 1 ms/ FreeSync) -Bảo hành 36 tháng,https://www.lazada.vn/products/pdp-i3073484543.html,2.839.000 ₫,,
"Màn Hình E72,E71,E63 zin cty,hiển thị sáng đẹp.",https://www.lazada.vn/products/pdp-i1556387302.html,65.000 ₫,4.0,55 Đã bán
Màn hình Các Hãng 16in xước nhẹ,https://www.lazada.vn/products/pdp-i2200342499.html,380.000 ₫,,
Màn hình dell E1709w wide 1366x768 hang ngân hàng đẹp sắc nét Ko lỗi gì giá 500k bảo hành 1thang chu đáo tại shop,https://www.lazada.vn/products/pdp-i2790313908.html,500.000 ₫,,
Màn hình Samsung viền mỏng LF24T450FQEXXV,https://www.lazada.vn/products/pdp-i2188791177.html,3.954.000 ₫,5.0,
"Màn hình máy tính 27 inch T272AF Tần số quét 144HZ Tấm nền IPS - Màn Hình PC, Màn Hình Giá Rẻ, Hàng Chính bảo hành 36 tháng",https://www.lazada.vn/products/pdp-i2093356961.html,4.270.000 ₫,5.0,33 Đã bán
[MỚI] Màn hình gaming eSports BenQ ZOWIE XL2566X+ _ 24.1 inch Fast TN 400Hz DyAc™2,https://www.lazada.vn/products/pdp-i2830226793.html,18.700.000 ₫,,
Màn hình máy tính Xiaomi 2K(2560x1440p) 180Hz Gaming G27Qi ELA5593EU - Chính hãng Digiworld,https://www.lazada.vn/products/pdp-i2893072152.html,4.590.000 ₫,,
"Màn hình di động 15.6 inch 2K 144Hz, QHD, kết nối HDMI Type C(Thunderbolt 3), HDR mới 100%, man hinh di dong 15 inch, màn hình mở rộng 15.6 inch, màn hình di động 15,6 inch, màn hình di động 15.6inch 2k 144Hz, man hinh mo rong",https://www.lazada.vn/products/pdp-i2378308219.html,2.990.000 ₫,5.0,8 Đã bán
"Màn hình máy tính ViewSonic VA2432-H 24 inch, Full HD, IPS, 100Hz, 1ms, 104% sRGB - Hàng Chính Hãng",https://www.lazada.vn/products/pdp-i3075613225.html,2.170.000 ₫,,
Màn Hình Máy Tính HIKVISION DS-D5032F3-1V0S (32 INCH/ VA/ FHD/ VGA/ HDMI) - Hàng Chính Hãng,https://www.lazada.vn/products/pdp-i3186559367.html,4.850.000 ₫,,
Màn Hình LCD ASUS VY279HGR (27 inch - IPS - FHD - 120Hz - 1ms) - Hàng Chính Hãng,https://www.lazada.vn/products/pdp-i3139511419.html,3.105.000 ₫,5.0,
"MÀN HÌNH VĂN PHÒNG 22"" AIVISION A222FV",https://www.lazada.vn/products/pdp-i2731078889.html,1.505.000 ₫,,
Màn hình máy tính BenQ GW3290QT _ bảo vệ mắt công thái học 31.5 inch 2K QHD USB-C phù hợp làm việc văn phòng và giải trí,https://www.lazada.vn/products/pdp-i2355436510.html,9.500.000 ₫,5.0,
Asus LCD TUF Gaming 23.8 inch Full HD 144Hz 1ms (VG249Q),https://www.lazada.vn/products/pdp-i1922436308.html,3.230.500 ₫,5.0,
"Màn hình máy vi tính 17in wide Samsung, Hp, Acer 1366x768 hàng kết nối vga, nguồn trực tiếp giá 650k bảo hành 3 tháng",https://www.lazada.vn/products/pdp-i1930519965.html,650.000 ₫,5.0,7 Đã bán
OFFICIAL MI Màn hình máy tính Xiaomi Redmi 27 Inch RMMNT27NF P27FBB-RA 27 inch FHD 100Hz chính hãng,https://www.lazada.vn/products/pdp-i2615878810.html,2.648.410 ₫,,
Màn hình máy tính 19 inch cũ sẵn dây cáp theo màn,https://www.lazada.vn/products/pdp-i2178433328.html,600.000 ₫,4.0,
"Màn hình phụ 3,5 inch Ips Type-c cho máy tính Cpu Gpu Ram HDD Monitorusb Display với khả năng tương thích Aida64 tự do- HSHOP365 HSHOP365HN",https://www.lazada.vn/products/pdp-i2788990773.html,362.040 ₫,5.0,
Màn Hình Máy Tính PC Xiaomi Monitor A27Qi EU 2K 27inches tấm nền IPS 100Hz Bảo Hành 36 Tháng,https://www.lazada.vn/products/pdp-i2966615991.html,3.790.000 ₫,5.0,
"Màn hình Asus TUF Gaming VG259Q5A 24.5"" (FHD 1920 x 1080/ Fast IPS/ 200Hz/ 1 ms) - Bảo hành 36 tháng",https://www.lazada.vn/products/pdp-i3125824928.html,3.039.000 ₫,,
Màn Hình Máy Tính QDT 22-24-27 inch (IPS/ FHD/ 100Hz/ 5ms) - Hàng Chính Hãng,https://www.lazada.vn/products/pdp-i3193158921.html,1.710.000 ₫,,
"Màn Hình Xiaomi 27 inch 2K (2560x1440) 60Hz Tấm Nền IPS, Cổng Kết Nối VGA, HDMI Bảo Hành 24 Tháng",https://www.lazada.vn/products/pdp-i2456089016.html,2.590.000 ₫,,
Màn Hình Máy Tính Xiaomi Redmi Desktop Monitor 27 inch/Desktop Monitor 1A 23.8 INCH RMMNT238NF . Tấm nền IPS | 75Hz | HDMI | Lọc ánh sáng xanh,https://www.lazada.vn/products/pdp-i2303510629.html,2.390.000 ₫,,
Màn Hình ASUS VY229HE ~22 Inch IPS FullHD 75Hz 1ms FreeSync Eye Care Plus Chống Nhấp Nháy Chính Hãng,https://www.lazada.vn/products/pdp-i3197390899.html,2.290.000 ₫,,
Màn di động chính hãng ARZOPA 60hz 144hz BẢO HÀNH 6 THÁNG,https://www.lazada.vn/products/pdp-i3176190358.html,2.650.000 ₫,,
Betty Màn hình cong 22/24 inch không viền 165hz Màn hình LCD HD cao - Bảo hành một năm,https://www.lazada.vn/products/pdp-i2533923479.html,2.520.000 ₫,4.0,10 Đã bán
KTC | Màn Hình Máy Tính 27 Inch 5K Retina Hiển Thị Đôi Chế Độ 2K 120Hz,https://www.lazada.vn/products/pdp-i3195136906.html,12.909.000 ₫,4.0,
DUEX | Màn Hình Ngoại Vi Di Động 13.3 Inch,https://www.lazada.vn/products/pdp-i3227717832.html,5.147.000 ₫,4.0,
KTC | Màn Hình Chơi Game Điều Chỉnh Được 2K HD 275Hz 27 Inch,https://www.lazada.vn/products/pdp-i3235816737.html,5.236.000 ₫,,
Màn hình máy tính Samsung LS24C310EAEXXV 24inch FullHD 75Hz 5ms IPS,https://www.lazada.vn/products/pdp-i2182889558.html,3.080.000 ₫,5.0,7 Đã bán
"Thanh lý màn hình dell 19in giá rẻ, hoạt động tốt, đủ phụ kiện đẹp 98%",https://www.lazada.vn/products/pdp-i2538129591.html,550.000 ₫,,
"Màn Hình Máy Tính VSP IP2205F Black | 21.45 inch, Full HD, IPS, 100Hz, 1ms, HDMI + VGA - Hàng Chính Hãng",https://www.lazada.vn/products/pdp-i3094688152.html,1.595.000 ₫,,
Màn Hình Máy Tính Samsung/Hp/LG/Acer/Dell 22 inch đến 17 inch,https://www.lazada.vn/products/pdp-i2503031287.html,280.000 ₫,4.0,11 Đã bán
"Màn hình AOC 24B36H/74 24"" IPS FHD 100Hz",https://www.lazada.vn/products/pdp-i2720452503.html,2.704.000 ₫,,
"Màn hình MSI Pro 25"" MP251E2 (FHD/IPS/120Hz/Hdmi+Vga/Phẳng)",https://www.lazada.vn/products/pdp-i2932731057.html,2.394.000 ₫,5.0,
"Màn hình Gaming VSP VA2718G | 27 inch, Full HD, VA, 180Hz, 1ms, cong - Hàng Chính Hãng",https://www.lazada.vn/products/pdp-i2775345423.html,3.300.000 ₫,,
Màn hình máy tính samsung 19in,https://www.lazada.vn/products/pdp-i1996662305.html,590.000 ₫,,
"Màn hình vi tính 19 inch sọc /mực nhẹ ngoại hình đẹp, sử dụng tốt",https://www.lazada.vn/products/pdp-i2063987852.html,399.000 ₫,4.0,30 Đã bán
"Màn hình di động 15.6 inch cảm ứng, FHD, kết nối HDMI + TYPE C, HDR, man hinh di dong 15 inch, màn hình mở rộng 15.6 inch, màn hình di động 15,6 inch cảm ứng, màn hình vi tính, extend screen 15.6 inc",https://www.lazada.vn/products/pdp-i2357542988.html,2.490.000 ₫,4.0,8 Đã bán
"Màn hình di động 13.3, 14, 15.6, inch cảm ứng đa điểm, Full HD đến 2K, tiêu chuẩn châu âu, kết nối HDMI + TYPE C, HDR, man hinh di dong inch, màn hình mở rộng, màn hình cảm ứng, màn hình vi tính, extend screen",https://www.lazada.vn/products/pdp-i2337091930.html,2.290.000 ₫,4.0,15 Đã bán
Màn hình Dell 19 inch,https://www.lazada.vn/products/pdp-i2172498780.html,730.000 ₫,4.0,8 Đã bán
Màn hình LCD Asus 27 inch VG279QE5A (Full HD/ IPS/ 146Hz/ 1 ms MPRT/ Đen) - Bảo hành 36 tháng,https://www.lazada.vn/products/pdp-i3115414297.html,2.990.000 ₫,,
"Màn hình Di Động Có Cảm Ứng 15.6 inch N4X - Full HD, Thiết Kế Siêu Mỏng, Đa Cổng Kết Nối, Bảo hành chính hãng",https://www.lazada.vn/products/pdp-i2896616808.html,2.850.000 ₫,5.0,44 Đã bán
"Màn Hình Máy Tính, màn hình vi tính Tomko 22 - 32 inch 2K 2560 x 1440 IPS . Hàng Chính Hãng | Bảo Hành 36 tháng",https://www.lazada.vn/products/pdp-i2093361978.html,4.270.000 ₫,4.0,193 Đã bán
Màn Hình (Monitor)Feelworld F6 Plus V2 - Màn Hình 6″ 3D Touch Screen IPS,https://www.lazada.vn/products/pdp-i656554264.html,3.690.000 ₫,,
"Màn hình máy tính BenQ dành cho lập trình RD320U _ 32"" 4K+ đèn MoonHalo USB-C Chống chói bảo vệ mắt",https://www.lazada.vn/products/pdp-i2845656915.html,18.700.000 ₫,,
"Màn hình Asus TUF Gaming VG259Q5A 24.5"" (FHD 1920 x 1080/ Fast IPS/ 200Hz/ 1 ms) - Bảo hành 36 tháng",https://www.lazada.vn/products/pdp-i3126039299.html,3.300.000 ₫,,
"Màn hình LCD Xiaomi 27"" G27i EU ELA5375EU (1920 x 1080/ IPS/ 165Hz/ 1ms) - Bảo hành 36 tháng",https://www.lazada.vn/products/pdp-i2794974737.html,3.473.000 ₫,,
[MỚI] Màn hình gaming eSports BenQ ZOWIE XL2586X+ _ 24.1 inch Fast TN 600Hz DyAc™2,https://www.lazada.vn/products/pdp-i3002407184.html,31.900.000 ₫,,
"Màn hình di động ARZOPA A1- 15,6'' FHD 1080P - Màn hình máy tính xách tay siêu mỏng di động có chân đế - Màn hình IPS cho PC, MAC, Điện thoại, Xbox, PS5",https://www.lazada.vn/products/pdp-i3175601379.html,3.255.000 ₫,,
Màn hình PC để bàn Tomko 27 inch 2K IPS T2721Q-2K Hàng Chính Hãng - ÂU CƠ Chính Hãng,https://www.lazada.vn/products/pdp-i2246183951.html,2.690.000 ₫,,
Màn hình Redmi 27 inch 1080P 2023 mẫu 100Hz màn hình tốc độ làm mới HD Màn hình cứng IPS 1080P màn hình LCD máy tính văn phòng gia đình,https://www.lazada.vn/products/pdp-i2838399198.html,3.137.277 ₫,,
"Màn Hình Xiaomi Redmi 27 inch , Full HD / 75hz / Full Viền -Hàng Chính Hãng",https://www.lazada.vn/products/pdp-i2396818599.html,2.990.000 ₫,,
"Màn hình máy tính Gaming Provision 24 inch | 22 inch | 20 inch | 19 inch Phẳng. Màn Hình Gaming Cong 27 inch Hàng chính hãng . Màn hình cho máy tính để bàn, màn hình vi tính giá rẻ, màn hình provision",https://www.lazada.vn/products/pdp-i1798120376.html,1.150.000 ₫,,
Màn hình máy tính SKYWORTH 24B1 24Inch FullHD 75Hz VA,https://www.lazada.vn/products/pdp-i2016293105.html,2.478.000 ₫,,
"LCD 27' GLOWY G27CG-UD Cong Chính hãng (VA - VGA, HDMI, 1920x1080, 75Hz) - Hàng Chính Hãng",https://www.lazada.vn/products/pdp-i3078804894.html,2.735.000 ₫,,
Màn hình LCD 20'' Glowy GW20 (VGA -HDMI) (1600x900) Chính Hãng,https://www.lazada.vn/products/pdp-i2881320246.html,1.190.000 ₫,,
"Màn hình cũ samsung 22inch xoay dọc 90 độ, Độ phân giải FULL HD 1920 x 1080. Hàng Thanh lý văn phòng siêu đẹp",https://www.lazada.vn/products/pdp-i2516575159.html,1.250.000 ₫,,
Màn hình máy tính GLOWAY GW24 24Inch 75Hz - Hàng chính hãng,https://www.lazada.vn/products/pdp-i2938574010.html,1.574.000 ₫,,
Màn Hình 24 Inch – Màn Hình Led 24’’ Bền Và Đẹp cho khách cần,https://www.lazada.vn/products/pdp-i2482791185.html,1.605.500 ₫,,
Màn hình máy tính VSP V2704S 27inch FullHD 75Hz,https://www.lazada.vn/products/pdp-i2040418040.html,2.100.000 ₫,,
Màn hình/ LCD Gaming Acer 27 inch Nitro KG270 X1 (FHD/IPS/200Hz/1ms) Đen - Bảo hành 36 tháng,https://www.lazada.vn/products/pdp-i3114629535.html,3.690.000 ₫,,
Màn Hình Gaming LG UltraGear 27GR75Q-B.ATV 27 Inch 2K QHD IPS 165Hz 1ms - Hàng Chính Hãng,https://www.lazada.vn/products/pdp-i2513311217.html,6.680.000 ₫,5.0,
"Màn hình Lenovo L27qe 27"" (QHD (2K) 2560 x 1440/ IPS/ 100Hz/ 6 ms) - Bảo hành 36 tháng",https://www.lazada.vn/products/pdp-i3149085818.html,3.090.000 ₫,,
"Màn hình LCD AOC 23.8"" 24G11ZE/71 (1920x1080/ Fast IPS/ 240Hz OC/ 0.3ms/ Adaptive Sync) Đen - Bảo hành 36 (tháng)",https://www.lazada.vn/products/pdp-i3182866192.html,3.190.000 ₫,,
Màn hình LG 27inch 27MP500-B.ATV - Màn hình sống động hiển thị ánh sáng xanh thấp - BH 24 Tháng,https://www.lazada.vn/products/pdp-i2660875408.html,3.851.000 ₫,5.0,8 Đã bán
Màn hình máy tính Xiaomi A24i 24 inch FullHD 100Hz ELA5444EU,https://www.lazada.vn/products/pdp-i2908870254.html,1.947.000 ₫,,"5 Đã bán
Hà Nội"
"Màn hình 22inch Dell P2214 Led IPS Full HD- Chân xoay ngang, dọc. Bảo hành 6 tháng lỗi 1 đổi 1",https://www.lazada.vn/products/pdp-i3059235460.html,1.490.000 ₫,,
Màn hình LCD MSI PRO MP252 24.5 inch/100hz/IPS/Loa/Cổng DP,https://www.lazada.vn/products/pdp-i2746977862.html,2.856.000 ₫,,
Màn hình máy tính AOC 24E3H2/74 24inch FullHD 100Hz 4ms IPS,https://www.lazada.vn/products/pdp-i2663383681.html,2.464.000 ₫,,
Màn hình máy tính Dell 24inch SE2425H (75Hz/VGA/HDMI/LED),https://www.lazada.vn/products/pdp-i2933391651.html,3.472.000 ₫,,
"Màn Hình Máy Tính 27 Inch 2K IPS AFD272A - 100Hz, HDR, FreeSync, QLED, Full Viền, Bảo Hành 2 Năm",https://www.lazada.vn/products/pdp-i3147649553.html,3.350.000 ₫,,
Màn hình máy tính Xiaomi Gaming Monitor 27 inch G27Qi/ G27Qi Pro/ A27Qi - Hàng chính hãng,https://www.lazada.vn/products/pdp-i3162016168.html,3.550.000 ₫,,
Màn Hình Máy Tính Cong Gaming VSP VX272C (27inch / VA / FHD / 200Hz / 1ms / Freesync) - Hàng Chính Hãng,https://www.lazada.vn/products/pdp-i3184675434.html,3.200.000 ₫,,
KTC | Màn Hình IPS Chơi Game Nhẹ 27 Inch 4K 60Hz Không Chớp HDR400,https://www.lazada.vn/products/pdp-i3202288338.html,5.656.000 ₫,4.0,
Màn Hình Máy Tính ViewSonic VA2532-H (IPS/ FullHD/ 100Hz/ HDMI/ VGA) - Hàng Chính Hãng,https://www.lazada.vn/products/pdp-i3169665299.html,2.395.000 ₫,,
Màn hình máy tính Viewsonic VA2932-MHD 29inch WFHD IPS 75Hz Loa Kép,https://www.lazada.vn/products/pdp-i1404507963.html,4.342.300 ₫,5.0,
"Màn hình máy tính 27inch SamSung LS27C310EAEXXV (27"" IPS FHD 75Hz, HDMI+VGA) - Hàng chính hãng Viễn Sơn phân phối",https://www.lazada.vn/products/pdp-i2926032651.html,2.930.000 ₫,,
Màn Hình Gaming Samsung 40 inch Odyssey G7 G75F WUHD 180Hz,https://www.lazada.vn/products/pdp-i3157271914.html,18.361.000 ₫,,
"Màn hình máy tính BenQ dành cho lập trình RD280U _ 28"" 4K+ đèn MoonHalo USB-C Chống chói bảo vệ mắt",https://www.lazada.vn/products/pdp-i2687546287.html,14.300.000 ₫,,
Màn hình/ LCD Gaming Acer 27 inch Nitro KG270 X1 (FHD/IPS/200Hz/1ms) Đen - Bảo hành 36 tháng,https://www.lazada.vn/products/pdp-i3113186017.html,3.989.000 ₫,,
Màn hình LCD LG 27 inch 27GS60QC-B.ATVQ (2560x1440/ VA/ 180Hz/ 1ms) Đen - Bảo hành 24 tháng,https://www.lazada.vn/products/pdp-i3028912029.html,4.814.000 ₫,,
Màn Hình Androi OledPro X4s Kèm camera360 phiên bản mới 2024,https://www.lazada.vn/products/pdp-i2861210544.html,4.350.000 ₫,,
"Màn hình 32inch Cong Yunsi (32inch, 75Hz, FHD, VGA+HDMI) - Màu Đen Bảo hành chính hãng 24 Tháng",https://www.lazada.vn/products/pdp-i3144008004.html,2.857.000 ₫,,
"Màn Hình Cong Asus ProArt Display PA34VCNV 34"" UW-QHD Chuyên Thiết Kế Đồ Họa - Hàng Chính Hãng",https://www.lazada.vn/products/pdp-i3030467255.html,16.390.000 ₫,5.0,
Màn Hình LG 27UP600-W 27'' 4K UHD IPS VESA DisplayHDR™ 400 [ Hàng Chính Hãng ],https://www.lazada.vn/products/pdp-i3051677467.html,6.149.000 ₫,5.0,
Redmi G24 23.8 inch Màn hình 180Hz Tốc độ làm mới 1ms Đáp ứng Full HD HDR10 Công nghệ chống rách Màn hình văn phòng chơi game Blu-ray thấp,https://www.lazada.vn/products/pdp-i2812791965.html,4.099.000 ₫,,
"Màn hình LG UltraGear Gaming 24GS65F-B.ATV | 180Hz, IPS 1ms (GtG), HDR10 - Hàng Chính Hãng",https://www.lazada.vn/products/pdp-i2877354360.html,3.460.000 ₫,,
Màn Hình Ultrasharp Chuyên Đồ Hoạ Dell U2419h [CŨ] (23.8inch/FHD/60hz),https://www.lazada.vn/products/pdp-i3186063102.html,2.990.000 ₫,,
"Màn Hình Máy Tính 27 inch | 2K (2560x1440) | Tần số 100Hz | Tấm Nền IPS | Màn hình tràn viền, cổng kết nối HDMI, DP. Bảo Hành 24 Tháng",https://www.lazada.vn/products/pdp-i2223747943.html,3.486.000 ₫,5.0,
Màn hình máy tính cong Samsung LS27C360EAEXXV 27inch FullHD 75Hz 4ms VA,https://www.lazada.vn/products/pdp-i2306737412.html,3.835.000 ₫,,
"Màn hình Samsung LS27F320GAEXXV 27"" (FHD 1920 x 1080/ IPS/ 120Hz/ 5 ms) - Bảo hành 24 tháng",https://www.lazada.vn/products/pdp-i3141715280.html,3.349.000 ₫,,
Màn hình Xiaomi A27QI (ELA5812EU) (27 inch/2K/IPS/100HZ/6MS) - Chính hãng phân phối và bảo hành,https://www.lazada.vn/products/pdp-i3155452270.html,3.790.000 ₫,,
MÀN HÌNH VSP 27INCH VA2728G1/ VA2728G2 - 280HZ,https://www.lazada.vn/products/pdp-i2663961583.html,3.280.000 ₫,,
[Voucher100K] Màn hình Lenovo ThinkVision E22-20 (62A4MAR4WW) | 21.5 inch Full HD IPS (1920 x 1080) Anti Glare | HDMI | DP | VGA | Hàng Chính Hãng,https://www.lazada.vn/products/pdp-i2119483674.html,2.950.000 ₫,,
Màn hình 19-20ICH CÁC HÃNG GIÁ RẺ,https://www.lazada.vn/products/pdp-i2664879045.html,599.000 ₫,5.0,
Màn Hình Phát Sống 4K HD cho Điện Thoại và Máy Tính Bảng,https://www.lazada.vn/products/pdp-i3219741922.html,3.866.000 ₫,,
Màn Hình Máy Tính ASUS VG259Q5A TUF GAMING (FHD/ IPS/ 200Hz) - Hàng Chính Hãng,https://www.lazada.vn/products/pdp-i3209947055.html,3.480.000 ₫,,
Màn hình Edra EGM27F240P (27 inch/FHD/IPS/240Hz/0.5ms) - Chính hãng,https://www.lazada.vn/products/pdp-i3001729310.html,4.980.000 ₫,,
MÀN HÌNH VSP G2710Q1 - 27 inch - 2K - IPS - 100Hz,https://www.lazada.vn/products/pdp-i3020717836.html,3.170.000 ₫,5.0,
"Màn hình Hp 19in màn gương, SÁNG thanh lý văn phòng GIÁ TỐT",https://www.lazada.vn/products/pdp-i2400033989.html,550.000 ₫,,
Màn hình LCD LG 27 inch 27GS60QC-B.ATVQ (2560x1440/ VA/ 180Hz/ 1ms) Đen - Bảo hành 24 tháng,https://www.lazada.vn/products/pdp-i3029016007.html,4.399.000 ₫,,
Màn Hình Máy Tính Cong Gaming VSP VG2724FC1 - 240Hz - 1ms - R:1500 - Hàng Chính Hãng,https://www.lazada.vn/products/pdp-i3125728250.html,3.410.000 ₫,,
Màn hình Asus TUF Gaming VG279Q3R (27Inch/ FHD/ Fast IPS/ 180Hz/ 1ms) - Hàng Chính Hãng,https://www.lazada.vn/products/pdp-i3115483045.html,4.140.000 ₫,5.0,
Màn Hình Gaming LG UltraGear 24GS50F-B (23.7 inch - VA - FHD - 180Hz - 1ms - Hàng Chính Hãng,https://www.lazada.vn/products/pdp-i2874732294.html,2.700.000 ₫,,
Màn Hình Gaming Samsung Odyssey OLED G6 G60SD 27 inch QHD 360Hz LS27DG602SEXXV - Hàng Chính Hãng,https://www.lazada.vn/products/pdp-i2722946162.html,19.990.000 ₫,,
Màn hình máy tính ASUS VA24EHF 23.8 inch IPS Full HD IPS 100Hz viền mỏng - Hàng Chính Hãng,https://www.lazada.vn/products/pdp-i2345208735.html,2.834.000 ₫,,
"Màn hình LG 24GS65F-B.ATV 24"" (FHD 1920 x 1080/ IPS/ 180Hz/ 1 ms) - Bảo hành 24 tháng",https://www.lazada.vn/products/pdp-i3189125107.html,3.490.000 ₫,,
"TOMKO GOWITHME, Màn hình di động thông minh TOMKO 22 inch - Bảo hành 12 tháng - Hàng chính hãng",https://www.lazada.vn/products/pdp-i2377355630.html,12.516.666 ₫,5.0,
Màn Hình Cảm Ứng IPS 7 Inch Cho Raspberry Pi 4/3/2/B/B+/A+ Độ Phân Giải 1024x600 Ổ Cảm Ứng Điện Dung 5 Điểm Màn Hình HDMI Miễn Phí Cho Windows 7/8/10,https://www.lazada.vn/products/pdp-i3242448331.html,1.166.000 ₫,,"18 Đã bán
China"
Màn hình Gaming MSI MAG 275F (27 inch/FHD/Rapid IPS/180Hz/0.5ms) - Chính hãng,https://www.lazada.vn/products/pdp-i2929215989.html,4.580.000 ₫,,
"Màn hình Asus VY279HGR 27"" (FHD 1920 x 1080/ IPS/ 120Hz/ 1 ms) - Bảo hành 36 tháng",https://www.lazada.vn/products/pdp-i3173433622.html,3.290.000 ₫,,
Màn hình máy tính FeuVision FSID27BFI 27 inch IPS 100Hz 1.5ms - Hàng chính hãng,https://www.lazada.vn/products/pdp-i2941547835.html,2.110.000 ₫,5.0,
"Màn hình Gaming MSI G244F E2 (23.8""/FHD/Rapid IPS/180Hz/1ms) - Chính hãng",https://www.lazada.vn/products/pdp-i2728746397.html,3.370.000 ₫,,
Màn Hình Cong LCD CM2705H 27inch,https://www.lazada.vn/products/pdp-i2764102411.html,4.244.201 ₫,,
Màn hình máy tính HKC MB20S1 19.5inch Wide LED TN,https://www.lazada.vn/products/pdp-i1203433914.html,1.647.000 ₫,,
Samsung Màn hình Anmite 27 inch 2K 165hz Màn hình máy tính chơi game cong HDR QHD [2560 x 1440] Màn hình siêu mỏng PCHDMI 144HZ -Bảo hành một năm,https://www.lazada.vn/products/pdp-i3234736068.html,4.503.000 ₫,,
Màn hình máy tính Asus ROG Swift PG65UQ 65 inch 4K 144Hz G-Sync - Hàng Chính Hãng,https://www.lazada.vn/products/pdp-i1369204419.html,80.000.000 ₫,,
"Màn hình máy tính BenQ MOBIUZ EX270M _ 27"" FHD IPS 240Hz 1ms HDRi FreeSync chuyên gaming tích hợp tính năng bảo vệ mắt",https://www.lazada.vn/products/pdp-i2426752007.html,5.500.000 ₫,,
"[Giao trong ngày] BOE Màn hình di động Android IPS FHD/2.5K, 60hz-144hz Type C / HDMI Portable Monitor",https://www.lazada.vn/products/pdp-i2810813525.html,3.200.000 ₫,,
Màn Hình ASUS ProArt PA32UCR-K 4K UHD 32 inch - Hàng Chính Hãng,https://www.lazada.vn/products/pdp-i2055253367.html,49.999.000 ₫,,"6 Đã bán
Hồ Chí Minh"
"màn hình Gaming MSI MAG 276CF E20 | 27 inch, VA, 200Hz, 0.5ms, Cong New chính hãng...",https://www.lazada.vn/products/pdp-i3162899088.html,4.290.000 ₫,,
Màn Hình Gaming Xiaomi 2k Gaming Monitor G27Qi | Độ phân giải 2K | Tần Số Quét 180Hz | Phản Hồi 1ms | Bảo Hành 12 Tháng,https://www.lazada.vn/products/pdp-i3109833577.html,4.300.000 ₫,,
Màn Hình OLED Gaming LG UltraGear™ OLED 27Inch 27GR95QE-B Với 240hz,https://www.lazada.vn/products/pdp-i2385044141.html,20.900.000 ₫,,
Màn hình Samsung ViewFinity S8 UHD Dòng S80PB LS27B800PXEXXV,https://www.lazada.vn/products/pdp-i2188717800.html,8.903.508 ₫,5.0,
"Màn hình LG 24GS65F-B.ATV 24"" (FHD 1920 x 1080/ IPS/ 180Hz/ 1 ms) - Bảo hành 24 tháng",https://www.lazada.vn/products/pdp-i3189107260.html,3.190.000 ₫,,
"Màn hình Samsung LS27F320GAEXXV 27"" (FHD 1920 x 1080/ IPS/ 120Hz/ 5 ms) - Bảo hành 24 tháng",https://www.lazada.vn/products/pdp-i3141733187.html,3.090.000 ₫,,
"Màn hình LG 27MR400-B (27""/FHD/IPS/100Hz/5ms) - Chính hãng",https://www.lazada.vn/products/pdp-i2859999238.html,3.390.000 ₫,,
Màn hình ASUS VA27AQ Eye Care Monitor (27 Inch/ IPS/ QHD/ HDMI/ VGA/ DP/ 75Hz) - Hàng Chính Hãng,https://www.lazada.vn/products/pdp-i3190241009.html,4.165.000 ₫,,
Màn Hình Máy Tính LG 27MR400-B 27inch FullHD IPS 100Hz 5ms,https://www.lazada.vn/products/pdp-i2576890828.html,3.120.000 ₫,,
"Màn Hình Máy Tính Xiaomi 2K Monitor A27Qi EU 27inch / LCD IPS / 100Hz / 2K / 6ms - Phiên Bản Quốc Tế, Bảo Hành 36 Tháng",https://www.lazada.vn/products/pdp-i3108461906.html,3.420.000 ₫,,
"LCD 27' GLOWY G27CG-UD Cong Chính hãng (VA - VGA, HDMI, 1920x1080, 75Hz) - Hàng Chính Hãng",https://www.lazada.vn/products/pdp-i3078946083.html,2.735.000 ₫,,
"Màn hình Asus TUF Gaming VG27AQ5A 27"" (QHD (2K) 2560 x 1440/ Fast IPS/ 210Hz/ 1 ms) -Bảo hành 36 tháng",https://www.lazada.vn/products/pdp-i3125937472.html,5.059.000 ₫,,
"Màn hình VSP IPS THINKING IP2702S 27inch viền trái. Màn hình VSP IP2702S 27inch (27"" IPS FHD 75Hz, HDMI+VGA) - Hàng chín",https://www.lazada.vn/products/pdp-i2764166303.html,4.188.172 ₫,,
Màn Hình Gaming ASUS TUF Gaming VG259Q5A (24.5 inch / IPS/ FHD/ 200Hz/ 1ms) - Hàng Chính Hãng,https://www.lazada.vn/products/pdp-i3188854986.html,3.560.000 ₫,,
Màn hình Gaming Xiaomi G27i Màn IPS 1080p 165Hz 1ms 250nits - Bảo hành 3 năm chính hãng,https://www.lazada.vn/products/pdp-i2644706562.html,3.290.000 ₫,,
Màn Hình Máy Tính Gaming E-DRA EGM27F1 27 inch FullHD 165hz - Hàng Chính Hãng,https://www.lazada.vn/products/pdp-i3090607694.html,3.460.000 ₫,,
Màn hình LG UltraWide 26 Inch IPS WFHD 75Hz 26WQ500-B.ATV - Hàng chính hãng,https://www.lazada.vn/products/pdp-i2974457679.html,4.032.000 ₫,,
Màn hình máy tính VSP VG248B 24inch FullHD 165Hz 5.9ms IPS,https://www.lazada.vn/products/pdp-i2149388426.html,3.248.000 ₫,,
Màn hình máy tính MSI MAG 275CF X24 ( 27” / FHD / VA / 240Hz / 0.5ms / Cong) - Hàng Chính Hãng,https://www.lazada.vn/products/pdp-i3189872332.html,3.990.000 ₫,,
Màn hình Gaming ViewSonic VX24G10 240Hz (23.8 inch/Fast IPS/FHD/1ms/240Hz) - Bảo hành 12 tháng - 1 đổi 1,https://www.lazada.vn/products/pdp-i3059541099.html,3.090.000 ₫,,
Màn hình máy tính cong Samsung LS24C366EAEXXV 24inch FullHD 75Hz VA 4ms,https://www.lazada.vn/products/pdp-i2593436206.html,2.930.000 ₫,5.0,
"Samsung Màn hình Màn hình di động kép UPERFECT Delta 23,8 inch 100Hz dành cho màn hình máy tính xách tay Extender 1080P 360 ° Màn hình xếp chồng lên nhau với giá đỡ -Bảo hành một năm",https://www.lazada.vn/products/pdp-i3234027914.html,17.510.000 ₫,,
Màn hình VSP IP2518S4 (24.5 inch/FHD/Fast IPS/180Hz/1ms/USB-C) - Chính hãng,https://www.lazada.vn/products/pdp-i3001194219.html,3.350.000 ₫,,
Màn hình máy tính Xiaomi Mi Display 23.8 inches Góc nhìn rộng hiển thị sắc nét và giá thành rẻ,https://www.lazada.vn/products/pdp-i1492165146.html,3.200.000 ₫,,
Màn hình Máy Tính Cong VSP CM2710H 27inch 100Hz (Đen),https://www.lazada.vn/products/pdp-i2793800271.html,2.910.000 ₫,,
Màn hình Gaming ViewSonic VX2758A-2K-PRO-3 27 inch/ VX2758A-2K-PRO-4 - Hàng Chính Hãng,https://www.lazada.vn/products/pdp-i3200723006.html,5.040.000 ₫,5.0,
Màn hình IPS 26inch 21:9 UltraWide™ Full HD với công nghệ AMD FreeSync™ LG 26WQ500-B.ATV,https://www.lazada.vn/products/pdp-i2908415788.html,4.476.000 ₫,,
"Màn hình LG 27U411A-B 27"" (FHD 1920 x 1080/ IPS/ 120Hz/ 5 ms) - Bảo hành 24 tháng",https://www.lazada.vn/products/pdp-i3179430263.html,2.990.000 ₫,,
"Màn Hình Máy Tính ASUS TUF GAMING VG279QE5A | 23.8 inch, Full HD, IPS, 146Hz, 1ms - Hàng Chính Hãng",https://www.lazada.vn/products/pdp-i3137414933.html,3.705.000 ₫,,
Màn hình LCD 20'' Glowy GW20 (VGA -HDMI) (1600x900) Chính Hãng,https://www.lazada.vn/products/pdp-i2881230611.html,1.190.000 ₫,,
Màn hình ASUS VA27AQ Eye Care Monitor (27 Inch/ IPS/ QHD/ HDMI/ VGA/ DP/ 75Hz) - Hàng Chính Hãng,https://www.lazada.vn/products/pdp-i3190176539.html,4.165.000 ₫,,
"Màn Hình Máy Tính 32 inch Full Viền, Độ Phân Giải 1920x1080, Tần Số 75Hz, Bảo Hành 24 Tháng, Màn Hình Gaming Hình Ảnh Đẹp Sắc Nét",https://www.lazada.vn/products/pdp-i2212328703.html,3.100.000 ₫,,
"Màn hình Gaming VSP IP2718G (27""/FHD/IPS/180Hz/1ms) - Chính hãng",https://www.lazada.vn/products/pdp-i2861318574.html,4.180.000 ₫,,
"Màn Hình TUOSHUO AL278UF 27 Inch 4K UHD 160Hz Fast IPS HDR400 – 1ms, FreeSync/G-Sync",https://www.lazada.vn/products/pdp-i3195516112.html,6.090.000 ₫,,
"Samsung Màn hình Nâng cấp màn hình cảm ứng di động 18,5 inch Màn hình di động FreeSync 120hz 1080P với giá đỡ USB C Mini HDMI cho PC Mac Huawei -Bảo hành một năm",https://www.lazada.vn/products/pdp-i3235120031.html,6.075.000 ₫,,
Màn hình Samsung Odyssey Ark 2 G97NC UHD 165Hz Màn hình Gaming LS55CG970NEXXV,https://www.lazada.vn/products/pdp-i2606213314.html,75.990.000 ₫,,
"Màn Hình LG Gram +View 16 Inch, USB Type-C™, Power Delivery, 16MR70.ASDA5 – Model 2023",https://www.lazada.vn/products/pdp-i2384952555.html,8.790.000 ₫,,"5 Đã bán
Hồ Chí Minh"
"Màn Hình Di Động 18.5 inch, 60hz, tỉ lệ 16:10 Kết nối HDMI + Type C, Vi Tính, Mở Rộng, Rời, Phụ",https://www.lazada.vn/products/pdp-i3081682349.html,2.990.000 ₫,,
Samsung Màn hình Màn hình di động VCHANCE 16 inch 2.5K 144hz Màn hình cảm ứng 2560x1600p 16: 10 Màn hình chơi game 550nit cho PC Laptop Switch PS5 Xbox -Bảo hành một năm,https://www.lazada.vn/products/pdp-i3234874577.html,5.873.000 ₫,,
"Màn hình ASUS ProArt Display OLED PA32UCDM 31.5"" QD-OLED, 96W, 16:9, HDR-10, 240Hz, 4K UHD (3840 x 2160)",https://www.lazada.vn/products/pdp-i3180031232.html,69.150.000 ₫,,
Màn hình gaming eSports FPS BenQ ZOWIE XL2540K _ TN 240Hz 24.5 inch,https://www.lazada.vn/products/pdp-i2420133081.html,7.920.000 ₫,,
Samsung Màn hình Anmite 27 inch FHD 165hz Màn hình máy tính chơi game cong HDR USB FHD [1920 x 1080] PC HDMI Màn hình siêu mỏng -Bảo hành một năm,https://www.lazada.vn/products/pdp-i3234400850.html,6.239.000 ₫,,
Màn hình Samsung Thông Minh M8 M80F 4K LS32FM803UEXXV 32 inch,https://www.lazada.vn/products/pdp-i3112431415.html,15.021.000 ₫,,
Màn Hình Asus Gaming ROG Swift OLED PG32UCDP 32 Inch/ 4K/ WOLED/ 240Hz/ 0.03ms - Hàng Chính Hãng,https://www.lazada.vn/products/pdp-i2998206842.html,43.650.000 ₫,,
[CŨ] Màn Hình Dell U2422H Ultrasharp 24inch Chuyên Đồ Họa 24 inch U2422 IPS 60Hz TypeC BH 03 Tháng,https://www.lazada.vn/products/pdp-i2237960451.html,4.629.000 ₫,,
Màn hình OLED Gaming LG 27GR95QE 27Inch 240Hz - Hàng Chính Hãng,https://www.lazada.vn/products/pdp-i2242613046.html,24.380.000 ₫,,
Màn hình IPS 26inch 21:9 UltraWide™ Full HD với công nghệ AMD FreeSync™ LG 26WQ500-B.ATV - Chính Hãng,https://www.lazada.vn/products/pdp-i2908457728.html,4.476.000 ₫,5.0,
Màn Hình Máy Tính LCD Gaming Philips 27M3N3540Q/71 (27 inch - IPS - QHD - 210Hz) - Hàng Chính Hãng,https://www.lazada.vn/products/pdp-i3209947244.html,4.620.000 ₫,,
"Màn hình máy tính ViewSonic VA2432-H 24 inch, Full HD, IPS, 100Hz, 1ms, 104% sRGB - Hàng Chính Hãng",https://www.lazada.vn/products/pdp-i3075477777.html,2.170.000 ₫,,
"Màn hình MSI G274F (27""/FHD/IPS/180Hz/1ms) - Chính hãng",https://www.lazada.vn/products/pdp-i2902615108.html,4.490.000 ₫,,
Màn Hình Máy Tính Xiaomi Monitor 2K A27Qi 27inch ELA5812EU - Hàng Chính Hãng,https://www.lazada.vn/products/pdp-i3037449959.html,3.490.000 ₫,,
Màn hình Edra EGM27Q100P (27 inch/QHD/IPS/100Hz/1ms) - Chính hãng,https://www.lazada.vn/products/pdp-i3002411314.html,4.040.000 ₫,,
Màn Hình Máy Tính E-Dra EGM24F1 24inch FullHD 144hz Gaming,https://www.lazada.vn/products/pdp-i1693397746.html,3.599.000 ₫,,
[Trả góp 0%]Màn hình máy tính LG 27MP500-B 27Inch 75Hz FHD IPS AMD FreeSync,https://www.lazada.vn/products/pdp-i1267400712.html,3.192.000 ₫,5.0,5 Đã bán
Màn hình máy tính VSP IP3205S 32inch FullHD 75Hz 8ms,https://www.lazada.vn/products/pdp-i2042776781.html,3.365.000 ₫,5.0,
Màn Hình Máy Tính LG OLED 31.5Inch True 10Bit 4K Ảnh USB Type-C™ – 32EP950-B,https://www.lazada.vn/products/pdp-i2384920524.html,22.900.000 ₫,,
Màn hình UltraWide Gaming QHD 21:9 34inch Cong Full viền Duan DT-U3425W 34 inch (UWQHD/120hz/1ms),https://www.lazada.vn/products/pdp-i2237909842.html,6.879.000 ₫,5.0,
Màn hình gaming eSports BenQ ZOWIE XL2546X _ 24.5 inch Fast TN 240Hz DyAc™2,https://www.lazada.vn/products/pdp-i2583427287.html,13.200.000 ₫,,
"Màn hình di động MSI PRO MP161 E2 (15.6""/FHD/IPS/60Hz/Có loa) - Chính hãng",https://www.lazada.vn/products/pdp-i2860318538.html,3.760.000 ₫,,
[Trả góp 0%]Màn hình ASUS ProArt PA279CV 27″ IPS 4K UHD 60Hz - Hàng Chính Hãng,https://www.lazada.vn/products/pdp-i1019108040.html,12.850.000 ₫,5.0,
Màn hình chơi game ASUS ROG Strix XG32UCWMG 32inch/ FHD/ OLED/ 480 Hz - Hàng Chính Hãng,https://www.lazada.vn/products/pdp-i3181062274.html,34.100.000 ₫,,
Màn hình máy tính Lenovo ThinkVision S24i-30 63DEKAR3WW 24Inch FullHD 100Hz 4ms IPS,https://www.lazada.vn/products/pdp-i2606125604.html,3.416.000 ₫,,
Màn Hình Di Động ViewSonic VA1655-3 (15.6 inch -IPS-FHD-60Hz - 7ms) - Hàng Chính Hãng,https://www.lazada.vn/products/pdp-i3169770420.html,3.500.000 ₫,,
BenQ ZOWIE XL2540X+_Màn hình gaming BenQ ZOWIE eSports 24.1 inch Fast TN 280Hz,https://www.lazada.vn/products/pdp-i3224372676.html,10.000.000 ₫,,
"Màn hình di động 15.6 inch 2K 60Hz, QHD, kết nối HDMI Type C(Thunderbolt 3), HDR mới 100%, man hinh di dong 15 inch, màn hình mở rộng 15.6 inch, màn hình di động 15,6 inch, màn hình di động 15.6inch 2k 60Hz, man hinh mo rong",https://www.lazada.vn/products/pdp-i2397865705.html,2.590.000 ₫,,
Samsung Màn hình Anmite 27 inch IPS FHD 280HZ Màn hình chơi game máy tính 1MS Màn hình IPS gà thể thao siêu mỏng 240Hz -Bảo hành một năm,https://www.lazada.vn/products/pdp-i3235018074.html,6.066.000 ₫,,
"Màn hình LCD Gaming MSI G255F 24.5 inch, Full HD, IPS, 180Hz, 1ms",https://www.lazada.vn/products/pdp-i2909828411.html,3.864.000 ₫,,
Màn hình LCD Dell S2425H (1920 x 1080/IPS/100Hz/4 ms) - Bảo hành 36 tháng,https://www.lazada.vn/products/pdp-i2819532321.html,3.619.000 ₫,,
Màn hình monitor Feelworld T7 Plus 7 inches 4K,https://www.lazada.vn/products/pdp-i2100819796.html,3.490.000 ₫,,
[Trả góp 0%]Màn hình máy tính LG UltraFine 27UP600-W 27Inch 4K UHD IPS AMD FreeSync,https://www.lazada.vn/products/pdp-i1267723046.html,7.348.000 ₫,5.0,5 Đã bán
[Trả góp 0%]Màn hình máy tính MSI Optix MAG274R 27Inch FHD 144Hz - Hàng chính hãng,https://www.lazada.vn/products/pdp-i1292462312.html,4.605.000 ₫,5.0,
Màn hình Gaming LG Ultragear 24GS65F-B 24 inch (FHD/IPS/180HZ/1MS),https://www.lazada.vn/products/pdp-i2881401066.html,3.705.000 ₫,,
Màn hình máy tính AOC 27B1H2/74 27inch FullHD 100Hz 4ms IPS,https://www.lazada.vn/products/pdp-i2325608263.html,2.680.000 ₫,,
Màn Hình Dell UltraSharp U2722D (27.0 inch - 2K - IPS - 60Hz - 5ms - USB TypeC) - CŨ - Bảo hành 6 Tháng,https://www.lazada.vn/products/pdp-i3076087089.html,4.896.000 ₫,2.0,
"Samsung Màn hình Màn hình di động lớn UPERFECT Màn hình chơi game máy tính 18,5 inch 120Hz 100% sRGB FHD 1080P Màn hình IPS USB-C HDMI cho máy tính xách tay Mac -Bảo hành một năm",https://www.lazada.vn/products/pdp-i3234717812.html,5.022.000 ₫,,
"Màn hình Asus ROG SWIFT PG32UQX 32"" IPS 4K 144Hz G-SYNC ULTIMATE - Hàng Chính Hãng",https://www.lazada.vn/products/pdp-i2055432291.html,98.990.000 ₫,,"6 Đã bán
Hồ Chí Minh"
Màn hình Samsung thông minh 27 Odyssey OLED G6 G60SD QHD 360Hz Gaming LS27DG602SEXXV,https://www.lazada.vn/products/pdp-i2723087617.html,21.990.000 ₫,,
Màn hình máy tính Xiaomi 4K Monitor A27UI IPS 27 inch - Hàng chính hãng,https://www.lazada.vn/products/pdp-i3161944766.html,6.790.000 ₫,,
"Màn hình LCD LG 27"" 27GP750 UltraGear™ (1920x 1080/IPS/ 240Hz/ 1ms (GtG)/ NVIDIA® G-SYNC®) - Bảo hành 24 tháng",https://www.lazada.vn/products/pdp-i3125777044.html,5.499.000 ₫,,
"TOMKO GOWITHME, Màn hình di động thông minh TOMKO 22 inch, dùng hát karaoke, làm quà tặng, thiết bị livestream, yoga.",https://www.lazada.vn/products/pdp-i2556063638.html,12.000.000 ₫,,
Màn Hình Máy Tính Viewsonic VA2708-2K-MHD (27 inch/ 2560 x 1440/ 250 cd/m2/ 1ms/ 100Hz) - Hàng Chính Hãng,https://www.lazada.vn/products/pdp-i3108423308.html,4.100.000 ₫,,
"Màn hình di động ARZOPA 16.1 '' 180Hz-Z3FC Xám, Màn hình di động chân đế 2,5K 107% sRGB với HDR, Siêu mỏng, Chăm sóc mắt, Màn hình thứ hai bên ngoài cho máy tính xách tay, PC, PS5, Mac, Xbox",https://www.lazada.vn/products/pdp-i3175524426.html,7.300.199 ₫,,
"Màn hình cảm ứng thông minh LG StanbyMe 2 - 27 inch, AI alpha 8 và QHD - Thời gian sử dụng 4 giờ - BH 2 năm",https://www.lazada.vn/products/pdp-i3142423607.html,33.900.000 ₫,,
Màn Hình Gaming ASUS ROG Swift OLED PG27AQDM (26.5 inch - 2K - OLED - 240Hz - 0.03ms - FreeSync - GSync - HDR10),https://www.lazada.vn/products/pdp-i2662293879.html,31.676.000 ₫,,
Màn hình LG UltraWide 26 Inch IPS WFHD 75Hz 26WQ500-B.ATV - Hàng chính hãng,https://www.lazada.vn/products/pdp-i2974667138.html,4.032.000 ₫,,
Màn hình LG 32GS95UV-B.ATV/ 32 Inch - 4K- IPS - 144Hz - Hàng Chính Hãng,https://www.lazada.vn/products/pdp-i2881722163.html,31.350.000 ₫,,
Màn hình máy tính Dell E2222HS 21.5inch VA FullHD 75Hz,https://www.lazada.vn/products/pdp-i1752437813.html,3.192.000 ₫,,
Màn hình BENQ GW2780 27 Inch IPS 60Hz / SP005995 - Hàng Chính Hãng,https://www.lazada.vn/products/pdp-i2658556189.html,3.565.000 ₫,,
Samsung Màn hình Nâng cấp 100% DCI-P3 144Hz FreeSync Màn hình chơi game di động Màn hình máy tính xách tay 18 inch 2K QHD với HDR cho Steam Deck Switch PS4/5 XBOX -Bảo hành một năm,https://www.lazada.vn/products/pdp-i3233978864.html,7.028.000 ₫,,
ORANGE Màn hình cong không viền 24 inch Tốc độ làm mới 75/165HZ Bảng điều khiển IPS Bảo hành 1 năm,https://www.lazada.vn/products/pdp-i2563109971.html,2.520.000 ₫,4.0,35 Đã bán
"Arzopa Z1C - Màn hình di động chân đế 100% sRGB 16.1 "", FHD 1080P với màn hình USB C HDMI Màn hình mở rộng cho PC, Mac, Laptop, Switch, Xbox, PS",https://www.lazada.vn/products/pdp-i3175577414.html,5.369.680 ₫,,
Màn hình máy tính cong VSP CM2705H 27inch FullHD 75Hz,https://www.lazada.vn/products/pdp-i2149448677.html,3.114.000 ₫,,
Màn hình máy tính Samsung ViewFinity S8 LS32B800PXEXXV 32inch 4K IPS 60Hz 5ms,https://www.lazada.vn/products/pdp-i2148880869.html,10.090.000 ₫,5.0,
"Màn hình AOC Q27G3XMN 27 inch MiniLED 2K 180Hz HDR1000 – Độ sáng 1000nit, VA DCI-P3 96%, Gaming cực mượt",https://www.lazada.vn/products/pdp-i3211224332.html,6.270.000 ₫,,
"Màn hình LG UltraGear Gaming 27GS65F-B.ATV (27"" / IPS / FHD / 180Hz / 1ms) - Hàng Chính Hãng",https://www.lazada.vn/products/pdp-i2878239471.html,4.555.000 ₫,,
Màn Hình Máy Tính Cong Gaming VSP VX272C (27inch / VA / FHD / 200Hz / 1ms / Freesync) - Hàng Chính Hãng,https://www.lazada.vn/products/pdp-i3184772192.html,3.200.000 ₫,,
Màn Hình Máy Tính DELL 24 inch ULTRASHARP Desktop Monitor 24 INCH - U2417H - P2417H - E2417H - E2216HV - BH 3 tháng - Như mới - Hàng Chính Hãng,https://www.lazada.vn/products/pdp-i2205433814.html,3.960.000 ₫,4.0,110 Đã bán
Màn Hình Máy Tính ASUS TUF Gaming VG279Q3R 27 inch FHD IPS 180Hz 1ms - Hàng Chính Hãng,https://www.lazada.vn/products/pdp-i3096345287.html,4.160.000 ₫,,
Màn hình Gaming Gigabyte GS27FC (27 inch/FHD/VA/180Hz/1ms/Cong),https://www.lazada.vn/products/pdp-i2921931162.html,4.015.000 ₫,,
"Màn Hình Máy Tính DUAN DA272QP 27 inch 2K (2560x1440) Tràn Viền Gaming Tần Số 100Hz Hàng Chính Hãng Hình Ảnh Sắc Nét, Sống Động - Bảo hành 24 Tháng",https://www.lazada.vn/products/pdp-i1944132733.html,3.289.000 ₫,,
Màn hình máy tính ASUS TUF Gaming VG249Q3A 24inch FullHD 180Hz 1ms IPS Loa,https://www.lazada.vn/products/pdp-i2406643529.html,4.816.000 ₫,,
Màn Hình Máy Tính MSI MPG 341CQPX QD-OLED (34 INCH/ QD-OLED/ 2K/ 240Hz) - Hàng Chính Hãng,https://www.lazada.vn/products/pdp-i3184945932.html,27.350.000 ₫,,
MÀN HÌNH 4K TUOSHUO RL327U – 32 INCH | ADS-IPS | TYPE-C | HDR400 | sRGB 99%,https://www.lazada.vn/products/pdp-i3195387798.html,4.820.000 ₫,,
[Trả góp 0%]Màn Hình Máy Tính Asus ProArt PA278CV 27 inch 2K IPS Chuyên Đồ Họa - Hàng Chính Hãng,https://www.lazada.vn/products/pdp-i1258550959.html,9.250.000 ₫,5.0,
Màn hình KTC M27T6S 27 Inch - QD-MiniLED - FAST IPS - 200Hz - 2K,https://www.lazada.vn/products/pdp-i3177431880.html,6.000.000 ₫,,
Màn hình Samsung ViewFinity 5K S9 S90P LS27C900PAEXXV,https://www.lazada.vn/products/pdp-i2606132946.html,29.990.000 ₫,,
"Màn Hình Gaming Tuoshuo AL277F – 27 Inch FHD 280Hz – Fast IPS – Tấm Nền M270HAN03.9 – 99% sRGB, Adaptive Sync",https://www.lazada.vn/products/pdp-i3195445617.html,3.490.000 ₫,,
"Màn hình cảm ứng thông minh LG StanbyMe 2 - 27 inch, AI alpha 8 và QHD - Thời gian sử dụng 4 giờ - BH 2 năm",https://www.lazada.vn/products/pdp-i3142461353.html,33.900.000 ₫,,
Màn hình Samsung ViewFinity 5K S9 S90P LS27C900PAEXXV,https://www.lazada.vn/products/pdp-i2378227104.html,29.320.000 ₫,,
"Màn Hình 34inch 4K Yunsi Y340QB (240Hz, 3440x1440, 1ms, DP+HDMI, có thể nâng hạ) chính hãng bảo hành 24T",https://www.lazada.vn/products/pdp-i3174806032.html,5.700.000 ₫,,
"Samsung Màn hình Màn hình cảm ứng UPERFECT UMax 21 21,5 inch Màn hình máy tính 120Hz 1080P 100% sRGB USB-C HDMI Chơi game Màn hình di động cho máy tính xách tay Mac -Bảo hành một năm",https://www.lazada.vn/products/pdp-i3234706763.html,9.366.000 ₫,,
"Màn hình Viewsonic VX2758, 27 inch, 2K QHD, 240hz, HDR 10, 1ms - Sản phẩm chính hãng mới 100%",https://www.lazada.vn/products/pdp-i2631536209.html,6.200.000 ₫,,
"Tuoshuo AL408UX – Màn Hình Cong 40 Inch 5K2K UltraWide, Nano IPS, 120Hz, Hỗ Trợ G-Sync/Freesync",https://www.lazada.vn/products/pdp-i3207815112.html,12.300.000 ₫,,
Màn hình máy tính Xiaomi 4K UHD IPS 27 inch Sạc ngược USB-C A27Ui - Hàng chính hãng,https://www.lazada.vn/products/pdp-i3117858728.html,6.990.000 ₫,,
Màn Hình LG UltraWide 29U531A-W (29 inch - IPS - WFHD - 100Hz - 5ms - USB TypeC - Speaker ) - Hàng Chính Hãng,https://www.lazada.vn/products/pdp-i3200428751.html,5.640.000 ₫,,
"Màn hình Xiaomi A27Ui EU 27"" (4K UHD 3840 x 2160/ IPS/ 60Hz/ 6 ms) - Bảo hành 36 tháng",https://www.lazada.vn/products/pdp-i3127820647.html,6.859.000 ₫,,
Màn hình Samsung Odyssey G5 cong WQHD G55T LC27G55TQBEXXV,https://www.lazada.vn/products/pdp-i2188718546.html,7.010.000 ₫,,
Màn Hình Gaming SAMSUNG Odyssey G5 G50D LS32DG502EEXXV (32 inch - IPS - 2K - 180Hz - 1ms) - Hàng Chính Hãng,https://www.lazada.vn/products/pdp-i2785817471.html,7.781.000 ₫,,
"Arzopa Z1C - Màn hình di động chân đế 100% sRGB 16.1 "", FHD 1080P với màn hình USB C HDMI Màn hình mở rộng cho PC, Mac, Laptop, Switch, Xbox, PS",https://www.lazada.vn/products/pdp-i3176063872.html,5.369.680 ₫,,
Màn hình SAMSUNG ViewFinity S7 S70D UHD 37 Inch,https://www.lazada.vn/products/pdp-i3076868530.html,8.888.000 ₫,,
Samsung Màn hình UPERFECT UColor O2 Màn hình di động OLED 120Hz Màn hình máy tính xách tay 3K USB C với màn hình chơi game máy tính HDMI 100% DCI-P3 cho Mac -Bảo hành một năm,https://www.lazada.vn/products/pdp-i3234834779.html,7.802.000 ₫,,
Màn hình LG UltraGear IPS QHD 27 inch 300Hz | 27G640A-B | DCI-P3 95% DisplayHDR™ 400 | 1ms (GtG) | USB-C (PD 15W) - Hàng Chính Hãng,https://www.lazada.vn/products/pdp-i3192873818.html,8.590.000 ₫,,
Màn Hình Gaming Samsung 27 Inch Odyssey G5 G50F QHD 180Hz,https://www.lazada.vn/products/pdp-i3238055780.html,7.359.000 ₫,,
Màn hình máy tính Dell UltraSharp UP3216Q 31.5Inch IPS 4K 75Hz 6ms,https://www.lazada.vn/products/pdp-i1626927311.html,37.700.000 ₫,,
Màn hình máy tính LCD Asus ProArt PA329CRV 32Inch 4K IPS 60Hz 5ms Chuyên đồ hoạ,https://www.lazada.vn/products/pdp-i2616536895.html,25.441.000 ₫,,
Màn hình LCD Gaming Philips 24M1N5500Z/74 (23.8 inch/QHD/ IPS/165Hz/1ms)– Hàng Chính Hãng,https://www.lazada.vn/products/pdp-i2664946562.html,5.690.000 ₫,,
Màn hình LCD LG 27inch 27UP600K-W.ATV (3840 x 2160/ IPS/ 60Hz/ 5ms) - Bảo hành 24 tháng,https://www.lazada.vn/products/pdp-i3211413207.html,6.290.000 ₫,,
Màn hình máy tính Cong GLOWY 27'' GLW27 27inch FullHD 75Hz VGA-HDMI - Hàng chính hãng,https://www.lazada.vn/products/pdp-i2881312777.html,2.800.000 ₫,5.0,
"Màn hình máy tính Viewsonic VA2432-h 24 inch, Full HD, IPS, 100Hz, 4ms, 104% sRGB - Chính hãng ( BH 36T)",https://www.lazada.vn/products/pdp-i2253732902.html,2.190.000 ₫,5.0,27 Đã bán
Màn hình Gaming ASUS ROG Strix OLED XG27AQDMG (27 inch - QHD - OLED - 240Hz - G-SYNC - DisplayHDR 400) - Hàng Chính Hãng,https://www.lazada.vn/products/pdp-i2743141024.html,18.550.000 ₫,,
Màn hình máy tính Xiaomi Mi Display 23.8 inches XMMNT238CZ Góc nhìn rộng/Mi Surface Display 27 inch,https://www.lazada.vn/products/pdp-i1636552659.html,7.600.000 ₫,,
Màn Hình Di Động ViewSonic VA1655-3 (15.6 inch -IPS-FHD-60Hz - 7ms) - Hàng Chính Hãng,https://www.lazada.vn/products/pdp-i3169810265.html,3.500.000 ₫,,
"Màn hình LCD Asus 27"" PA279CV (3840x2160, IPS, 60Hz) - Bảo hành 36 tháng",https://www.lazada.vn/products/pdp-i3092422140.html,13.659.000 ₫,,
Màn Hình Máy Tính MSI MPG 341CQPX QD-OLED (34 INCH/ QD-OLED/ 2K/ 240Hz) - Hàng Chính Hãng,https://www.lazada.vn/products/pdp-i3185264426.html,27.350.000 ₫,,
"ViewSonic Màn hình di động 16 inch, USB-C - VA1655-3",https://www.lazada.vn/products/pdp-i2942971222.html,3.764.000 ₫,,
"Màn hình VSP VG275C 27inch cong Gaming (27"" VA 2K 165Hz, HDMI+DisplayPort) - Hàng chính hãng",https://www.lazada.vn/products/pdp-i2730606310.html,3.550.000 ₫,,
"Màn hình di động ARZOPA 16.1 '' 180Hz-Z3FC Xám, Màn hình di động chân đế 2,5K 107% sRGB với HDR, Siêu mỏng, Chăm sóc mắt, Màn hình thứ hai bên ngoài cho máy tính xách tay, PC, PS5, Mac, Xbox",https://www.lazada.vn/products/pdp-i3175509408.html,7.300.199 ₫,,
"Màn Hình Tuoshuo 27” 2K 240Hz AL278QS | Fast IPS, 95% DCI-P3, Gaming/Đồ Họa",https://www.lazada.vn/products/pdp-i3195477545.html,4.840.000 ₫,,
"Màn Hình Máy Tính ASUS ProArt Display PA248QFV (WLED/IPS, 24.1 Inch, 1920x1200, 5ms(GTG), 100Hz) - Hàng Chính Hãng",https://www.lazada.vn/products/pdp-i3216971163.html,5.650.000 ₫,,
Màn Hình MSI Pro MP275 27 inch Full HD,https://www.lazada.vn/products/pdp-i2905915174.html,3.674.000 ₫,,
Màn hình LCD MSI MAG 32C6X 31.5''/ 1920 x 1080/ VA/ 250Hz/ 1ms - Bảo hành 36 tháng,https://www.lazada.vn/products/pdp-i2938491624.html,6.443.000 ₫,,
"Màn hình LCD Samsung 27"" LS27DG502EEXXV (2560x1440/IPS/180Hz/1ms) - Bảo hành 24 tháng",https://www.lazada.vn/products/pdp-i3082440099.html,5.890.000 ₫,,
Màn hình máy tính Xiaomi Monitor A27i EU ELA5345EU - Trải nghiệm giải trí và làm việc mượt mà,https://www.lazada.vn/products/pdp-i2880461466.html,2.438.000 ₫,,
KTC | Màn Hình Chơi Game Cao Cấp 24.5 Inch 400Hz HDR400 Có Thể Quay và Điều Chỉnh,https://www.lazada.vn/products/pdp-i3195087000.html,8.011.000 ₫,,
"Màn hình máy tính cong Xiaomi Mi Curved Gaming Monitor 34"" bản quốc tế XMMNTWQ34 /Xiaomi Redmi Curved Monitor 30 inch 200Hz - RMMNT30HFCW - Màn chơi game giá rẻ cho game thủ",https://www.lazada.vn/products/pdp-i1492185057.html,5.700.000 ₫,,
"Màn Hình Máy Tính Dell SE2725H | 27 inch, Full HD, VA, 75Hz, 8ms, 250 nits, HDMI+VGA, Phẳng - Hàng Chính Hãng",https://www.lazada.vn/products/pdp-i3139475570.html,3.600.000 ₫,,
"Màn Hình Gaming AOC 27G42E/74 | 27 inch, Full HD, Fast IPS, 180Hz, 0.5ms, Phẳng - Hàng Chính Hãng",https://www.lazada.vn/products/pdp-i3070796380.html,4.340.000 ₫,,
Màn hình máy tính Lenovo ThinkVision S27i-30 63DFKAR4WW 27Inch FullHD 100Hz 4ms IPS,https://www.lazada.vn/products/pdp-i2616633495.html,3.835.000 ₫,,
Màn hình máy tính LG UltraFine 27US500-W.ATV màu trắng (27 inch - IPS - 4K - 60Hz - 5ms)- Hàng Chính Hãng,https://www.lazada.vn/products/pdp-i3001615132.html,6.190.000 ₫,5.0,
"Màn hình LCD Samsung 27"" LS27D700EAEXXV (3840x2160/IPS/60Hz/5ms) - Bảo hành 24 tháng",https://www.lazada.vn/products/pdp-i3033644460.html,5.953.000 ₫,,
[Trả góp 0%]Màn hình ASUS ProArt PA248QV 24Inch IPS 75Hz 16:10 chuyên đồ họa,https://www.lazada.vn/products/pdp-i863106594.html,5.305.000 ₫,5.0,
Màn Hình Gaming MSI MAG 275QF (27 inch/WQHD/Rapid IPS/180Hz/0.5ms) - Chính hãng,https://www.lazada.vn/products/pdp-i2929319652.html,5.620.000 ₫,,
[CŨ] Màn hình Dell 2K U2722D 27 inch Chuyên Đồ Hoạ U2722 27inch QHD IPS Chính hãng Bảo hành 3 Tháng,https://www.lazada.vn/products/pdp-i2837969458.html,6.629.000 ₫,,
Màn hình Samsung Thông Minh M7 Dòng 43 inch LS43BM702UEXXV,https://www.lazada.vn/products/pdp-i2606226290.html,12.889.000 ₫,,
"Màn Hình Gaming Xiaomi Mini LED Gaming Monitor G Pro 27i M0EJ (27inch/2K/180Hz/1ms)- Phiên Bản Quốc tế, BH 36 Tháng",https://www.lazada.vn/products/pdp-i3108637288.html,8.009.100 ₫,,
Màn hình Samsung Thông Minh M7 M70D LS32DM700UEXXV (VA/ 32 inch/ 4ms(GTG)/ 4K/ Max 60Hz) - Hàng Đã Qua Sử Dụng (New 95%),https://www.lazada.vn/products/pdp-i3210193134.html,6.330.000 ₫,,
Màn hình Samsung ViewFinity S8 UHD Dòng S80PB LS27B800PXEXXV,https://www.lazada.vn/products/pdp-i2606163647.html,8.989.000 ₫,,
"Màn Hình LG QHD Libero 27Inch Webcam Full HD, Chân Đế Linh Hoạt Có Thể Để Bàn Hoặc Treo Tường - 27BQ70QC",https://www.lazada.vn/products/pdp-i2385126011.html,7.890.000 ₫,,
"Màn Hình LG 27Inch UHD 4K IPS Với VESA DisplayHDR™ 400, USB Type-C™ 27UP850-W",https://www.lazada.vn/products/pdp-i2384880128.html,9.490.000 ₫,,
"Màn hình Asus ProArt Display PA278QEV 27"" (QHD (2K) 2560 x 1440/ IPS/ 75Hz/ 5 ms) - Bảo hành 36 tháng",https://www.lazada.vn/products/pdp-i3216159940.html,7.490.000 ₫,,
Màn hình máy tính Xiaomi Mini LED Gaming Monitor G Pro 27i ELA5585EU - Hàng Chính Hãng,https://www.lazada.vn/products/pdp-i3162014237.html,7.990.000 ₫,,
"Màn Hình Máy Tính ASUS ProArt Display PA248QFV (WLED/IPS, 24.1 Inch, 1920x1200, 5ms(GTG), 100Hz) - Hàng Chính Hãng",https://www.lazada.vn/products/pdp-i3216895899.html,5.650.000 ₫,,
Màn Hình Máy Tính DELL ULTRA SHARP U2724DE (2K/ IPS/ 120HZ) - Hàng Chính Hãng,https://www.lazada.vn/products/pdp-i3215385515.html,13.200.000 ₫,,
Màn hình máy tính Xiaomi 2K Curved Gaming Monitor G34i 34inch-Tần Số Quét 180Hz - Bảo Hành 36 Tháng,https://www.lazada.vn/products/pdp-i3180479505.html,6.690.000 ₫,,
Màn hình Samsung ViewFinity S8 27 inch 4K UHD LS27B800PXEXXV - Hàng Chính Hãng,https://www.lazada.vn/products/pdp-i2585290202.html,7.990.000 ₫,,
Màn Hình Máy Tính LG QHD 27'' IPS sRGB over 99% HDR USB Type-C Ergo stand 27QN880-B - Hàng Chính Hãng,https://www.lazada.vn/products/pdp-i1722635504.html,11.900.000 ₫,,
"Màn hình Viewsonic Ultrawide VA2932-MHD 29"" FHD+ IPS 75Hz (HDMI, Displayport) - Hàng Chính Hãng",https://www.lazada.vn/products/pdp-i2415321120.html,4.690.000 ₫,,
"Màn hình LCD LG 27"" 27GB750 UltraGear™ (1920x 1080/IPS/ 240Hz/ 1ms (GtG)/ NVIDIA® G-SYNC®) - Bảo hành 24 tháng",https://www.lazada.vn/products/pdp-i3125669468.html,5.099.000 ₫,,
"Màn hình thông minh LG 32SR83U-W 32"" IPS 4K 60Hz",https://www.lazada.vn/products/pdp-i2974506564.html,15.624.000 ₫,,
Màn Hình Xiaomi 4K Monitor A27UI Độ Phân Giải 4K - Phù Hợp Dành Cho Macbook/ Mac Mini - Chính Hãng,https://www.lazada.vn/products/pdp-i3180576147.html,6.790.000 ₫,,
Màn hình máy tính Viewsonic VA3209-MH 32 inch Full HD với Loa tích hợp - Hàng Chính Hãng,https://www.lazada.vn/products/pdp-i2415255475.html,4.310.000 ₫,5.0,
[Trả góp 0%]Màn hình máy tính ViewSonic VX3276-2K-MHD 31.5 inch - 2K - Hàng Chính Hãng,https://www.lazada.vn/products/pdp-i1299729305.html,4.920.000 ₫,,
"Màn hình máy tính Redmi Gaming Monitor G34WQ 34 inch- Độ cong 1500R, độ phân giải 3440 × 1440px, tốc độ làm mới 180Hz",https://www.lazada.vn/products/pdp-i2363018210.html,6.500.000 ₫,,
"Màn hình cảm ứng ViewSonic TD2223-2 21.5"" FHD 75Hz (HDMI+VGA) - Hàng Chính Hãng",https://www.lazada.vn/products/pdp-i2788603051.html,6.390.000 ₫,,
Màn hình IPS 26inch 21:9 UltraWide™ Full HD với công nghệ AMD FreeSync™ LG 26WQ500-B.ATV,https://www.lazada.vn/products/pdp-i2908775086.html,4.465.000 ₫,,
"Màn hình Gaming ASUS ROG Strix XG249CM 24"" Fast IPS 270Hz Bảo Hành 3 Năm Tận Nơi Người Sử Dụng",https://www.lazada.vn/products/pdp-i2601000460.html,6.900.000 ₫,,
"Màn Hình Tuoshuo AL348Q 34 Inch UltraWide 2K 180Hz Fast IPS HDR400 – G-Sync FreeSync, 10bit, 98% DCI-P3",https://www.lazada.vn/products/pdp-i3195384913.html,6.585.000 ₫,,
Màn Hình Asus TUF Gaming VG27AQ5A 27 Inch/ 2K/ IPS/ 210Hz/ 0.3 ms - Hàng Chính Hãng,https://www.lazada.vn/products/pdp-i3189340420.html,5.600.000 ₫,0.3,
"Màn hình đồ họa ASUS ProArt Display PA279CRV 27 inch, IPS, 4K UHD (3840 x 2160) - Hàng Chính Hãng",https://www.lazada.vn/products/pdp-i2255096875.html,14.700.000 ₫,,
Màn hình máy tính Gaming HKC MG27S9Q 27inch IPS 2K 144Hz - Chính hãng ( Bảo hành 24T ),https://www.lazada.vn/products/pdp-i1946717279.html,5.750.000 ₫,,
Màn Hình LCD Gaming Gigabyte M27Q X-AP (27 inch/2K/IPS/240Hz/1Ms/350nits/HDMI + PD + USB / Phẳng) - Hàng Chính Hãng,https://www.lazada.vn/products/pdp-i2686737987.html,11.500.000 ₫,,
Màn Hình LCD Viewsonic VA3209-2K-MHD (32 inch/QHD/IPS /75Hz/4ms) – Hàng Chính Hãng,https://www.lazada.vn/products/pdp-i2636427355.html,5.490.000 ₫,,
Màn Hình LCD Viewsonic VA2708-2K-MHD (27 inch/ 2560 x 1440/ 250 cd/m2/ 1ms/ 100Hz) - Hàng Chính Hãng,https://www.lazada.vn/products/pdp-i3108326621.html,3.990.000 ₫,,
[Trả góp 0%]Màn Hình ASUS TUF Gaming VG27VQ (27inch/FHD/VA/400cd/m²/HDMI+DP+Dual-link DVI-D/165Hz/FreeSync/1ms/Cong) - Hàng Chính Hãng,https://www.lazada.vn/products/pdp-i1022640379.html,6.300.000 ₫,,
"Màn hình chơi game cong Asus TUF Gaming VG34VQL3A – 34 inch WQHD (3440 x 1440), 180Hz, 1500R - Hàng Chính Hãng",https://www.lazada.vn/products/pdp-i2416430430.html,9.611.000 ₫,,
Màn Hình Asus ProArt Display PA248QV Gen2 (PA248QFV) 24.1-inch 16:10 WUXGA (1920 x 1200) - Hàng Chính Hãng,https://www.lazada.vn/products/pdp-i3180562937.html,5.450.000 ₫,,
Màn hình máy tính Cong VSP 49INCH ULTRAWIDE VA4914DC D-FHD 144Hz VA,https://www.lazada.vn/products/pdp-i2795241222.html,15.000.000 ₫,,
[Trả góp 0%]Màn hình cong Cooler Master GM34-CW2 34Inch VA 2K 144Hz chuyên game,https://www.lazada.vn/products/pdp-i866936420.html,12.376.000 ₫,5.0,
Màn Hình Dell Chuyên Đồ Họa S2721DS (27.0 inch - 2K - IPS - 75Hz - 4ms - FreeSync - Speaker) - Cũ - Bảo hành 3 tháng,https://www.lazada.vn/products/pdp-i3075985616.html,4.895.000 ₫,,
Màn Hình Xiaomi 4K Monitor A27Ui | 4K UHD | 60Hz | 6ms | IPS 27 Inch | Độ Chính Xác Màu Cao | Bảo Hành 36 Tháng,https://www.lazada.vn/products/pdp-i2905797135.html,6.760.000 ₫,,
"Màn hình máy tính BenQ RD240Q (24.1"" | IPS | UHD 4K | 60Hz) dành cho lập trình - Hàng Chính Hãng",https://www.lazada.vn/products/pdp-i3169598473.html,9.460.000 ₫,,
Màn hình 2K Lenovo ThinkVision E27q-20 27 Inch IPS 75Hz/QHD 2K/ HDMI/ DP - Hàng Chính Hãng - BH 36 tháng,https://www.lazada.vn/products/pdp-i1968639749.html,6.250.000 ₫,,
"Màn hình cho PC các thương hiệu từ 17, 19, 20, 22, 24, 27 inch",https://www.lazada.vn/products/pdp-i1111398962.html,954.000 ₫,4.0,31 Đã bán
Màn hình máy tính cong Samsung Odyssey G5 LC34G55TWWEXXV 34inch WQHD 165Hz VA,https://www.lazada.vn/products/pdp-i1773524749.html,8.610.000 ₫,,
Màn Hình Máy Tính MSI MAG 275QF (27 inch - 2K - IPS - 180Hz - 0.5ms) - Hàng Chính Hãng,https://www.lazada.vn/products/pdp-i3163861248.html,5.148.000 ₫,,
Màn hình Xiaomi 2K Curved Gaming Monitor G34i ELA5454EU - Chính Hãng,https://www.lazada.vn/products/pdp-i3016894159.html,6.790.000 ₫,,
Màn hình Samsung thông minh 27 ViewFinity S8 S80UD UHD Monitor LS27D804UAEXXV,https://www.lazada.vn/products/pdp-i2723221101.html,8.990.000 ₫,,
Màn hình Samsung 32 inch Odyssey G5 G55C QHD 165Hz Gaming LS32CG552EEXXV,https://www.lazada.vn/products/pdp-i2575680637.html,7.203.000 ₫,,
"Màn hình LG IPS UltraWide 21:9 WFHD (2560x1080) 29inch - IPS - ốc độ làm mới 100Hz, 1ms MBR - HDR10 - Bh 2 năm",https://www.lazada.vn/products/pdp-i3183044503.html,6.190.000 ₫,,
Màn hình máy tính cong 2K Samsung Odyssey G5 G55C 32 Inch VA 165Hz LS32CG552EEXXV,https://www.lazada.vn/products/pdp-i2616159304.html,6.918.000 ₫,,
Màn hình máy tính PC Xiaomi Monitor 2K A27Qi 27inch - Tấm Nền LCD IPS -Tần Số Quét 100Hz - Thời gian phản hồi chỉ 6ms,https://www.lazada.vn/products/pdp-i2995183829.html,3.802.000 ₫,,
Màn Hình Gaming Tuoshuo AL258Q – 25 Inch 2K 320Hz Fast IPS HDR600,https://www.lazada.vn/products/pdp-i3195457511.html,5.545.000 ₫,,
"Màn hình đồ họa Xiaomi Redmi A27Q – 27 inch 2K QHD 2560×1440, IPS, 75Hz, USB Type-C sạc nhanh 65W, HDR 10",https://www.lazada.vn/products/pdp-i2529982654.html,4.890.000 ₫,,
Màn Hình Máy Tính Dell E2725HM (27 inch/ FullHD/ 5ms/ 100Hz/ IPS) - Hàng Chính Hãng,https://www.lazada.vn/products/pdp-i3167830029.html,4.000.000 ₫,,
Màn Hình Máy Tính VSP Mini-Led Vision Pro G2732UM (27inch/4K UHD160Hz - FHD320Hz/1ms/Adpter Sync) - Hàng Chính Hãng,https://www.lazada.vn/products/pdp-i3128639117.html,14.020.000 ₫,,
Màn hình máy tính Cong VSP 49INCH ULTRAWIDE VA4914DC D-FHD 144Hz VA,https://www.lazada.vn/products/pdp-i2559433781.html,15.000.000 ₫,,
"Màn Hình Máy Tính LG 27U631A-B.ATVQ 27"" (QHD (2K) 2560 x 1440/ IPS/ 100Hz/ 5 ms) - Hàng Chính Hãng",https://www.lazada.vn/products/pdp-i3134787284.html,5.245.000 ₫,,
Màn hình máy tính Dell S2721QS 27 inch 4K UHD IPS 60hz - Hàng Chính Hãng - Bảo hành 36 tháng,https://www.lazada.vn/products/pdp-i2001065527.html,8.490.000 ₫,,
MÁY TÍNH ĐỂ BÀN VSP ALL IN ONE VA241-610H TRẮNG/23.8 INCH/ 60HZ/FULL HD 1920X1080,https://www.lazada.vn/products/pdp-i2647872982.html,7.000.000 ₫,,
Màn hình SAMSUNG ODYSSEY G5 G55C LS27CG552EEXXV (27 inch/QHD/VA/165Hz/1ms/Cong),https://www.lazada.vn/products/pdp-i3067891491.html,6.177.000 ₫,,
Màn Hình LCD Dell P3424WE (34.14 inch - WQHD - IPS - 60Hz - 5ms - USB TypeC - Curved) - Hàng Chính Hãng,https://www.lazada.vn/products/pdp-i3101838479.html,15.650.000 ₫,,
Màn hình máy tính cong Viewsonic VX3219-PC-MHD 32inch FullHD 240Hz 1ms VA Loa,https://www.lazada.vn/products/pdp-i2346330113.html,5.600.000 ₫,,
"Màn hình ViewSonic VX2758A 2K PRO 4 | 27"" IPS 2K 180Hz Mới BH 36T",https://www.lazada.vn/products/pdp-i3113794840.html,5.050.000 ₫,,
Màn hình Gaming Monitor Gigabyte G34WQCP (34 inch/ 3440 x 1440/ VA/ 180Hz 1ms) - Hàng Chính Hãng,https://www.lazada.vn/products/pdp-i3111015836.html,8.379.000 ₫,,
"Màn hình máy tính Viewsonic VA240-H 24 inch, Full HD, 120Hz, 1ms, bảo vệ mắt - Hàng chính hãng",https://www.lazada.vn/products/pdp-i2998295484.html,2.789.000 ₫,5.0,
Màn hình máy tính PC Xiaomi Monitor 2K A27Qi 27inch - Tấm Nền LCD IPS -Tần Số Quét 100Hz - Thời gian phản hồi chỉ 6ms,https://www.lazada.vn/products/pdp-i2995465645.html,3.764.000 ₫,,
"Màn hình Gaming MSI MAG 255XF (25 inch, FHD, IPS, 300Hz, 0.5ms)",https://www.lazada.vn/products/pdp-i2933338023.html,6.272.000 ₫,,
Màn hình máy tính Asus ProArt PA279CV 27Inch 4K IPS 60Hz 5ms,https://www.lazada.vn/products/pdp-i2242279305.html,14.885.000 ₫,5.0,
MÁY TÍNH ĐỂ BÀN VSP ALL IN ONE VA241-610H TRẮNG/23.8 INCH/ 60HZ/FULL HD 1920X1080,https://www.lazada.vn/products/pdp-i2648374507.html,7.000.000 ₫,,
Màn Hình Cong MSI MAG 276CXF (27 inch/FHD/VA/280Hz/0.5ms) - Hàng chính hãng,https://www.lazada.vn/products/pdp-i2877347564.html,4.800.000 ₫,,
[Trả góp 0%]Màn hình máy tính LG 24QP550-B 23.8 inch IPS 2K QHD,https://www.lazada.vn/products/pdp-i1266937058.html,4.890.000 ₫,,
Màn hình thông minh Samsung M7 M70F LS43FM702UEXXV - Hàng Chính Hãng,https://www.lazada.vn/products/pdp-i3201225683.html,12.056.000 ₫,,
"Màn hình LG 27UP600K-W 4K 2025 | 27 inch, UHD, IPS, 60Hz, 5ms - Chính hãng",https://www.lazada.vn/products/pdp-i3025224730.html,6.330.000 ₫,,
"Màn hình máy tính cong Xiaomi Mi Curved Gaming Monitor 34"" bản quốc tế XMMNTWQ34 /Xiaomi Redmi Curved Monitor 30 inch 200Hz - RMMNT30HFCW - Màn chơi game giá rẻ cho game thủ",https://www.lazada.vn/products/pdp-i2078053841.html,5.900.000 ₫,,
MÀN HÌNH MÁY TÍNH VSP G2724QO |27inch QD-OLED|2K|10bit|240Hz|0.03ms|DCI-P3 108%|TYPE-C 90W| G-Sync - Hàng Chính Hãng,https://www.lazada.vn/products/pdp-i3129106825.html,16.800.000 ₫,,
Màn hình máy tính AOC 27B3CA2/74 27inch FullHD 100Hz 1ms IPS Loa USB Type-C,https://www.lazada.vn/products/pdp-i2609754379.html,5.306.000 ₫,,
Màn Hình Máy Tính HIKVISION DS-D5032F3-1V0S (32 INCH/ VA/ FHD/ VGA/ HDMI) - Hàng Chính Hãng,https://www.lazada.vn/products/pdp-i3186581439.html,4.850.000 ₫,,
Màn Hình Máy Tính MSI MAG 274QPF X30MV Mini LED (27 inch/ 300Hz/ VA/ 2K) - Hàng Chính Hãng,https://www.lazada.vn/products/pdp-i3164505621.html,12.500.000 ₫,,
Màn Hình SAMSUNG ViewFinity S5 S50GC LS34C500GAEXXV (34.0 inch - WQHD - VA - 100Hz - 5ms - FreeSync - HDR10) Chính hãng,https://www.lazada.vn/products/pdp-i3033443323.html,8.176.000 ₫,,
Màn Hình Cảm Ứng ViewSonic TD2223-2 (21.5 inch - VA - FHD - 75Hz - 6.5ms) - Hàng Chính Hãng,https://www.lazada.vn/products/pdp-i3070817418.html,6.250.000 ₫,,
"Màn Hình Xiaomi Redmi A27U 27 inch 4K/ IPS/ Vesa/ 60Hz/ 3840 x 2160 cổng Type C, sạc 90W",https://www.lazada.vn/products/pdp-i3052181049.html,5.900.000 ₫,,
Màn hình LCD ASUS ProArt PA248QV (1920 x 1200/IPS/75Hz/5 ms) Chuyên Đồ Họa - Hàng Chính Hãng,https://www.lazada.vn/products/pdp-i2291533258.html,5.990.000 ₫,,
"Màn Hình ASUS TUF GAMING VG27AQ5A 27 Inch Fast IPS 2K 210Hz HDR10, 130% sRGB, Loa 2Wx2, Bảo Hành 36 Tháng – Chuyên Game",https://www.lazada.vn/products/pdp-i3135735716.html,5.190.000 ₫,,
[Trả góp 0%]Màn Hình Asus Proart Pa278Qv 27Inch Ips 2K 75Hz Chuyên Đồ Họa,https://www.lazada.vn/products/pdp-i1203413927.html,8.210.000 ₫,,
Màn Hình Xiaomi Gaming Monitor Mini LED G Pro 27i 27inch - Hàng chính hãng - BH 3 Năm,https://www.lazada.vn/products/pdp-i3016944072.html,7.990.000 ₫,,
Màn hình Gaming Monitor Gigabyte G34WQCP (34 inch/ 3440 x 1440/ VA/ 180Hz 1ms) - Hàng Chính Hãng,https://www.lazada.vn/products/pdp-i3111136412.html,8.379.000 ₫,,
Màn hình máy tính cong 2K Samsung Odyssey G5 G55C 32 Inch VA 165Hz LS32CG552EEXXV,https://www.lazada.vn/products/pdp-i2616174212.html,8.098.000 ₫,,
Màn Hình VSP 2K G2724Q1 - IPS - 27 inch - 240Hz,https://www.lazada.vn/products/pdp-i3015279390.html,5.300.000 ₫,,
Màn Hình Asus TUF Gaming VG34WQML5A Cong 1500R 34 Inch/ WQHD/ VA/ 250Hz/ 0.5ms - Hàng Chính Hãng,https://www.lazada.vn/products/pdp-i3189930223.html,9.830.000 ₫,,
Màn hình Bestview R5 5.5inch 4K cảm ứng HDR 3D LUT,https://www.lazada.vn/products/pdp-i1503229951.html,5.010.000 ₫,,
Màn Hình Máy Tính Dell P2423D 23.8 Inch 2K IPS,https://www.lazada.vn/products/pdp-i2862372855.html,6.850.000 ₫,,
Màn hình Gaming Viewsonic VX2457A-HD-PRO (23.8 inch/ 1920 x 1080/ 250 cd/m2/ 1ms/ 170Hz) - Hàng chính hãng,https://www.lazada.vn/products/pdp-i3004217570.html,2.920.000 ₫,,
Màn hình máy tính cong Xiaomi Curved Gaming 34' - Màn chơi game giá rẻ cho game thủ Hãng,https://www.lazada.vn/products/pdp-i2148144060.html,7.050.000 ₫,,
[Trả góp 0%]Màn hình cong Cooler Master GM34-CW2 34Inch VA 2K 144Hz chuyên game,https://www.lazada.vn/products/pdp-i1203425838.html,12.376.000 ₫,5.0,
"Màn Hình Cong 34 Inch WQHD 144Hz IPS Black AFD 344F – HDR400, 1ms, FreeSync, Bảo Hành 2 Năm",https://www.lazada.vn/products/pdp-i3147464577.html,7.400.000 ₫,,
Màn hình máy tính cảm ứng Viewsonic TD2423 23.6inch FullHD VA,https://www.lazada.vn/products/pdp-i2019127407.html,6.620.000 ₫,,
Màn hình Viewsonic VX2758A-2K-PRO-3 (27 inch/QHD/IPS/240Hz/1ms) - Chính hãng,https://www.lazada.vn/products/pdp-i2942915995.html,9.030.000 ₫,,
Màn Hình Máy Tính Dell P3424WE (34.14 inch - WQHD - IPS - 60Hz - 5ms - USB TypeC - Curved) - Hàng Chính Hãng,https://www.lazada.vn/products/pdp-i3101821880.html,15.650.000 ₫,,
Màn Hình SAMSUNG ViewFinity S5 S50GC LS34C500GAEXXV (34.0 inch - WQHD - VA - 100Hz - 5ms - FreeSync - HDR10) Chính hãng,https://www.lazada.vn/products/pdp-i3033355472.html,8.176.000 ₫,,
MÀN HÌNH CONG GAMING ULTRAWIDE VSP VG3418QC - Hàng Chính Hãng,https://www.lazada.vn/products/pdp-i3128636016.html,6.100.000 ₫,,
Màn hình máy tính Dell P2725H 27.0 inch - IPS - FHD - 100Hz - 5ms - USB TypeC - Hàng chính hãng,https://www.lazada.vn/products/pdp-i2938194037.html,7.112.000 ₫,,
Màn Hình Gaming LG UltraGear 27GS65F-B 27 Inch IPS FHD 180Hz 1ms,https://www.lazada.vn/products/pdp-i2881418723.html,4.905.000 ₫,,
"MÀN HÌNH 34"" CONG GIGABYTE G34WQC A 2K 144Hz chuyên game",https://www.lazada.vn/products/pdp-i2922164292.html,9.632.000 ₫,,
[Trả góp 0%]Màn hình ASUS ProArt PA278QV 27inch IPS 2K 75Hz chuyên đồ họa,https://www.lazada.vn/products/pdp-i863146463.html,8.210.000 ₫,5.0,
Màn hình máy tính cong Samsung Odyssey G5 LC34G55TWWEXXV 34inch WQHD 165Hz VA,https://www.lazada.vn/products/pdp-i1773563382.html,8.610.000 ₫,5.0,
Màn hình máy tính LG 32UR500-B 32inch UHD VA 60Hz 4Ms,https://www.lazada.vn/products/pdp-i2452070978.html,8.288.000 ₫,,
KTC | Màn Hình 2K 165Hz IPS 27 inches,https://www.lazada.vn/products/pdp-i3220132619.html,7.757.000 ₫,,
Màn hình máy tính Viewsonic VA3209-MH 32inch FullHD 75Hz 4ms IPS Loa,https://www.lazada.vn/products/pdp-i2169911438.html,4.400.000 ₫,,
Màn Hình Máy Tính MSI MAG 274QPF X30MV Mini LED (27 inch/ 300Hz/ VA/ 2K) - Hàng Chính Hãng,https://www.lazada.vn/products/pdp-i3164602306.html,12.500.000 ₫,,
Màn Hình Cong Gaming MSI MAG 342CQR E2 (34 inch - VA - UWQHD - 180Hz - 1ms - Cong) - Hàng Chính Hãng,https://www.lazada.vn/products/pdp-i3132998038.html,8.495.000 ₫,,
Màn hình máy tính Viewsonic VX2728-2K 27inch 2K QHD 165Hz IPS,https://www.lazada.vn/products/pdp-i2264884679.html,6.116.000 ₫,,
Màn Hình Gaming ViewSonic VX2758A-2K-PRO-4 27 inch / VX2758A-2K-PRO-3 - Hàng Chính Hãng,https://www.lazada.vn/products/pdp-i3200623981.html,5.040.000 ₫,,
Màn hình máy tính Viewsonic VX2728-2K 27inch 2K QHD 165Hz 0.5ms IPS chuyên Gaming,https://www.lazada.vn/products/pdp-i2264905234.html,6.116.000 ₫,,
Màn hình máy tính cong Asus TUF GAMING VG30VQL1A 30Inch WFHD 200Hz 1ms VA,https://www.lazada.vn/products/pdp-i1920802757.html,7.640.000 ₫,,
"Màn hình máy tính cong KTC H34S18S 34""/ 2K/ VA/ 165Hz/ 1ms Chính hãng",https://www.lazada.vn/products/pdp-i2880699314.html,9.464.000 ₫,,
Màn hình LG 27MP500-B.ATV 27 inch - AMD FreeSync™ - Hạn chế ánh sáng xanh gây mỏi mắt,https://www.lazada.vn/products/pdp-i2660914349.html,3.842.000 ₫,,
"MÀN HÌNH 34"" CONG GIGABYTE G34WQC A 2K 144Hz chuyên game",https://www.lazada.vn/products/pdp-i2921844954.html,9.632.000 ₫,,
Màn Hình LCD Gaming Viewsonic XG275D1-4K (27 Inch IPS UHD 160Hz / FHD 320Hz 0.5ms),https://www.lazada.vn/products/pdp-i3108701061.html,12.030.000 ₫,,
Màn Hình Máy Tính MSI MAG 275QF (27 inch - 2K - IPS - 180Hz - 0.5ms) - Hàng Chính Hãng,https://www.lazada.vn/products/pdp-i3163832960.html,5.200.000 ₫,,
Màn Hình Gaming LG UltraGear 27GS85Q-B (27 inch - IPS - 2K - 200Hz - 1ms) - Chính hãng,https://www.lazada.vn/products/pdp-i2974475012.html,10.741.000 ₫,,
Màn hình cong MSI MAG 274CXF (27 inch/ VA/ FHD/ 280Hz/ 0.5Ms) - Hàng Chính Hãng,https://www.lazada.vn/products/pdp-i2892974449.html,4.400.000 ₫,,
"Màn hình Gaming MSI MAG 255XF (25 inch, FHD, IPS, 300Hz, 0.5ms)",https://www.lazada.vn/products/pdp-i2933281255.html,6.272.000 ₫,,
HELLOLEIBOO | Máy Bơm Lốp Ô Tô Không Dây Di Động,https://www.lazada.vn/products/pdp-i3174088161.html,250.000 ₫,4.0,196 Đã bán
SENPAI | Camera Hành Trình Xe Máy 2K Chống Nước Kết Nối Điện Thoại,https://www.lazada.vn/products/pdp-i3201433460.html,787.000 ₫,4.0,
(Dòng mới 2023) Máy Đo Huyết Áp Bluetooth OMRON HEM-7140T1 - Kết nối điện thoại thông minh,https://www.lazada.vn/products/pdp-i2688347252.html,250.000 ₫,5.0,13 Đã bán
màn hình máy tính 19 inch samsung,https://www.lazada.vn/products/pdp-i1998072450.html,590.000 ₫,5.0,31 Đã bán
Mini TV 7 Inch HD Monitor 800X480 Portable Car LCD Screens on DVD/CMMB Two Input for Passenger Cars Trucks,https://www.lazada.vn/products/pdp-i2680554729.html,473.319 ₫,,
"Màn hình Sámung 24pin full hd 1920x1080 màn hình hoi bị tối nhẹ, lỗi bụi trong nhe, bán giá 800k bảo hành chu đáo 1thang",https://www.lazada.vn/products/pdp-i2576874840.html,800.000 ₫,,
Màn hình máy tính Asus ProArt PA279CV 27Inch 4K IPS 60Hz 5ms,https://www.lazada.vn/products/pdp-i2242299341.html,14.885.000 ₫,,
Màn hình máy tính Dell P2725H 27.0 inch - IPS - FHD - 100Hz - 5ms - USB TypeC - Hàng chính hãng,https://www.lazada.vn/products/pdp-i2938063866.html,7.112.000 ₫,,
Màn Hình Gaming SAMSUNG Odyssey G5 G50D LS32DG502EEXXV (32 inch - IPS - 2K - 180Hz - 1ms) - Hàng Chính Hãng,https://www.lazada.vn/products/pdp-i2785947012.html,8.800.000 ₫,5.0,
Màn hình máy tính Viewsonic VA2932-MHD 29inch WFHD IPS 75Hz Loa Kép,https://www.lazada.vn/products/pdp-i1404568706.html,4.455.000 ₫,,
Màn hình máy tính Viewsonic 27inch VX2780-2K-SHDJ-2 IPS 100Hz,https://www.lazada.vn/products/pdp-i2847519067.html,6.216.000 ₫,,
Màn hình máy tính Asus ProArt PA247CV 23.8 inch FHD IPS - chuyên đồ họa,https://www.lazada.vn/products/pdp-i1353330387.html,5.645.000 ₫,,
Màn Hình Máy Tính Gaming Viewsonic XG275D1-4K (27 Inch IPS UHD 160Hz / FHD 320Hz 0.5ms) - Hàng Chính Hãng,https://www.lazada.vn/products/pdp-i3108691220.html,12.030.000 ₫,,
Màn Hình LCD AOC C32G2ZE 32 inch Full HD VA 240 Hz Cong - Hàng chính hãng,https://www.lazada.vn/products/pdp-i2935169053.html,7.056.000 ₫,,
Màn hình máy tính Samsung ViewFinity S8 LS32B800PXEXXV 32inch 4K IPS 60Hz 5ms,https://www.lazada.vn/products/pdp-i2149014355.html,10.090.000 ₫,,
Màn Hình Máy Tính Viewsonic VX3276-2K-MHD-2 (31.5inch/QHD/IPS/75Hz/4ms/HDMI+DP+mDP) - Hàng Chính Hãng,https://www.lazada.vn/products/pdp-i3081937205.html,5.760.000 ₫,,
"Màn hình máy tính Màn hình đồ họa ASUS ProArt PA248QV (24.1""/WUXGA/IPS/75Hz)",https://www.lazada.vn/products/pdp-i2748428064.html,6.100.000 ₫,,
Màn Hình Cong Gaming MSI MAG 342CQR E2 (34 inch - VA - UWQHD - 180Hz - 1ms - Cong) - Hàng Chính Hãng,https://www.lazada.vn/products/pdp-i3132986088.html,8.495.000 ₫,,
"Màn hình máy tính ASUS ProArt PA278CV 27"" IPS 2K 75Hz USBC chuyên đồ họa",https://www.lazada.vn/products/pdp-i2616515817.html,8.950.000 ₫,5.0,
Màn Hình LCD HKC Cong MG34H18Q 34 inch WQHD 165Hz 1000R Loa,https://www.lazada.vn/products/pdp-i2927296075.html,7.810.000 ₫,,
Màn Hình Máy Tính LG Curved VA Gaming UltraWide™ (3440x1440) 100Hz 5ms 35 inches l 35WN75C-B - HÀNG CHÍNH HÃNG,https://www.lazada.vn/products/pdp-i1715574487.html,14.600.000 ₫,,
Màn hình cong máy tính Redmi Curved Monitor 30 inch 200Hz - RMMNT30HFCW màn hình siêu rộng 21:9 độ phân giải 2560×1080,https://www.lazada.vn/products/pdp-i1636665594.html,4.990.000 ₫,,
"Màn Hình Máy Tính LG 27U631A-B.ATVQ 27"" (QHD (2K) 2560 x 1440/ IPS/ 100Hz/ 5 ms) - Hàng Chính Hãng",https://www.lazada.vn/products/pdp-i3134770870.html,5.245.000 ₫,,
Màn hình máy tính Viewsonic VG3456 34inch WQHD 60Hz Loa Kép - Hàng chính hãng,https://www.lazada.vn/products/pdp-i1580531457.html,10.060.000 ₫,,
Màn hình máy tính Viewsonic VA3208-4K-MHD (31.5 inch/ 3840 x 2160/ 300 cd/m2/ 4ms/ 60Hz/ 2.5W x 2) - Hàng chính hãng,https://www.lazada.vn/products/pdp-i3004092983.html,7.070.000 ₫,,
Màn hình máy tính Samsung Odyssey G4 LS27BG400EEXXV 27inch FullHD IPS 1ms 240Hz,https://www.lazada.vn/products/pdp-i2148937905.html,5.530.000 ₫,,
Màn Hình LCD HKC Cong MG34H18Q 34 inch WQHD 165Hz 1000R Loa,https://www.lazada.vn/products/pdp-i2927185635.html,7.810.000 ₫,,
Màn Hình Máy Tính VIEWSONIC VG3208U-4K (32 Inch/4K UHD/ Có Cổng USB-C/ Loa tích hợp) - Hàng Chính Hãng,https://www.lazada.vn/products/pdp-i3180559040.html,8.637.750 ₫,,
Màn hình máy tính LG UltraGear 27GN65R-B 27inch FullHD 144Hz 1ms IPS FreeSync,https://www.lazada.vn/products/pdp-i2472302665.html,5.145.000 ₫,,
Màn hình máy tính Samsung ViewFinity S8 LS27B800PXEXXV 27inch 4K IPS 5ms 60Hz,https://www.lazada.vn/products/pdp-i2148951597.html,8.000.000 ₫,,
"Màn hình LG 27UP600K-W 4K 2025 | 27 inch, UHD, IPS, 60Hz, 5ms - Chính hãng",https://www.lazada.vn/products/pdp-i3025419402.html,6.330.000 ₫,,
Màn hình máy tính LCD Asus ProArt PA329CRV 32Inch 4K IPS 60Hz 5ms Chuyên đồ hoạ,https://www.lazada.vn/products/pdp-i2616632322.html,25.441.000 ₫,,
"Màn hình máy tính Redmi Gaming Monitor G34WQ (Model 2024) – Kích thước 34 inch, độ cong 1500R, độ phân giải 3440 × 1440px, tốc độ làm mới 180Hz",https://www.lazada.vn/products/pdp-i2905760413.html,6.500.000 ₫,,
Màn hình LCD cong HKC MG32A4F 32inch FullHD 165Hz 1ms,https://www.lazada.vn/products/pdp-i2927417161.html,5.880.000 ₫,,
"[Freeship] Màn Hình Lưu Động Lenovo ThinkVision M14t 14-inch FHD WLED Backlit_62A3UAR1WW -MEI Tech Official- MEI51 Nhỏ Gọn, Linh Hoạt, Dễ Dàng Sử Dụng Nâng Cao Hiệu Suất Làm Việc, Giải Trí, Hình Ảnh Sắc Nét, Chống Chói Tốt, Bảo Hành Chính Hãng.",https://www.lazada.vn/products/pdp-i1535040874.html,10.087.200 ₫,,
Spin Màn Hình Cong 34 Inch UWQHD 180Hz GTG 1ms Cân Màu Từ Nhà Máy Hình Ảnh Siêu Sắc Nét & Dải Màu Đỉnh Cao,https://www.lazada.vn/products/pdp-i3194194245.html,6.138.000 ₫,,
Loa Monitor Audio Bronze 100 - New - Hàng Chính Hãng 100%,https://www.lazada.vn/products/pdp-i2861698092.html,6.800.000 ₫,,
27 '' IMac A1312 A1316 A1407 2K LCD Controller Drive Board Monitor Display Kit For LM270WQ1 A2 C2 E3 B1 B3 Screen Test Mainboard,https://www.lazada.vn/products/pdp-i2519573650.html,538.886 ₫,5.0,11 Đã bán
"[Chính Hãng] Tai Nghe Kiểm Âm Beyerdynamic DT770 Pro 32, 80, 250 Ohm - DT 770 Beyer Dynamic Close Back Studio Monitor",https://www.lazada.vn/products/pdp-i2602420395.html,4.850.000 ₫,5.0,10 Đã bán
"5 in 1 Air Quality Monitor TVOC HCHO Temperature Humidity CO2 Meter, USB Rechargeable CO2 Detector",https://www.lazada.vn/products/pdp-i2545320444.html,254.331 ₫,4.0,17 Đã bán
GIÁ TREO MÀN HÌNH MÁY TÍNH NB H180 (17-32inch) Monitor Arm,https://www.lazada.vn/products/pdp-i2724367288.html,690.000 ₫,,
"Máy đo huyêt áp cổ tay cảnh báo bất thường, phiên bản đọc tiếng việt, chính xác kết quả nhanh chóng",https://www.lazada.vn/products/pdp-i3231427363.html,103.000 ₫,5.0,
Màn Hình LCD AOC C32G2ZE 32 inch Full HD VA 240 Hz Cong - Hàng chính hãng,https://www.lazada.vn/products/pdp-i2935120183.html,7.056.000 ₫,,
Màn hình máy tính Viewsonic VA3209-MH 32inch FullHD 75Hz 4ms IPS Loa,https://www.lazada.vn/products/pdp-i2169940525.html,4.400.000 ₫,,
Biaozhuang-3.5 Inch IPS USB Mini Screen AIDA64 PC CPU RAM HDD Data Monitor Computer Temperature Display Type-C Sub Screen,https://www.lazada.vn/products/pdp-i2704220118.html,499.551 ₫,3.5,
"5 inch Portable Monitor HDMI 800 x 480 Touch LCD Screen 5"" Display for Raspberry Pi 4 3B/PC/Ban Piana",https://www.lazada.vn/products/pdp-i2581905284.html,893.323 ₫,,
"Màn Hình Phụ LCD IPS 3.5 Inch, Độ Phân Giải 480x320, Kết Nối Type-C, Hỗ Trợ CPU, GPU, RAM, HDD Cho Máy Tính Để Bàn",https://www.lazada.vn/products/pdp-i3102546610.html,472.000 ₫,3.5,"6 Đã bán
China"
3.5 Inch IPS USB Mini Screen AIDA64 PC CPU RAM HDD Data Monitor Computer Temperature Display Type-C Sub Screen,https://www.lazada.vn/products/pdp-i2707665488.html,499.551 ₫,3.5,
3.5 Inch IPS USB Mini Screen AIDA64 PC CPU RAM HDD Data Monitor Computer Temperature Display Type-C Sub Screen,https://www.lazada.vn/products/pdp-i2742154943.html,592.000 ₫,3.5,
【】 7 Inch Ips Tft Lcd Display Screen 50pin Capacitive Touch Screen Industrial Display Rgb Interface Resolution 1024 * 600,https://www.lazada.vn/products/pdp-i2585181035.html,374.412 ₫,,
Tuya Smart Life ZigBee Energy Monitor 1/2 Kênh Hai Chiều Với Cảm Biến Dòng Điện Để Giám Sát Năng Lượng Tương Thích Với 110V-240V 50Hz/60Hz,https://www.lazada.vn/products/pdp-i3182089525.html,489.000 ₫,,
Cam kết rẻ Nhât Màn hình PC để bàn Tomko / K-VISION 27 inch 2K/ IPS / 2560 x 1440 / Hàng Chính Hãng chất lượng tốt,https://www.lazada.vn/products/pdp-i2050853830.html,1.590.000 ₫,4.0,723 Đã bán
"Màn liền camera 360 OLEDPRO X4S, C8S NEW 9 inch, 10 Inch Ram 4G-Rom 32g Chip 8 Nhân đa chức năng, 4 mắt cam sonny sắc nét, DVD android 360 oledpro, Màn hình ô tô liền cam 360 cho ô tô, Màn hình OLEDPRO C8, X4 cho ô tô, Bh 18 Tháng, UY TÍN 166",https://www.lazada.vn/products/pdp-i1999416077.html,2.750.000 ₫,5.0,26 Đã bán
màn hình máy tính 17 inch,https://www.lazada.vn/products/pdp-i1996596857.html,590.000 ₫,4.0,10 Đã bán
"Màn Hình Cong LG 34GX90SA-W.ATV 34 inch Cong (800R) OLED 2K 240hz 0.03ms, Type C (sạc 65w) - Hàng Chính Hãng",https://www.lazada.vn/products/pdp-i3063301902.html,30.400.000 ₫,,
Màn hình led Sámung 20in s20d300 wide 1600x900 hàng đẹp như hình lỗi soc mua nhẹ bán giá 500k full dây,https://www.lazada.vn/products/pdp-i2172793305.html,500.000 ₫,,
Màn hình máy tính AOC 24.5 inch Màn hình máy tính để bàn 23.8 inch chơi game tất cả trong một 27 inch q27g3z chống cháy nổ miếng bảo vệ màn hình HD menghue-cb,https://www.lazada.vn/products/pdp-i3165106457.html,332.408 ₫,,
"Eyoyo 7 inch màn hình, 1024x600 Độ phân giải IPS màn hình nhỏ với điều khiển từ xa và được xây dựng trong loa kép xách tay màn hình HDMI VGA BNC USB đầu vào AV cho Máy Tính Xách Tay PC CCTV DVD",https://www.lazada.vn/products/pdp-i2432717490.html,950.000 ₫,5.0,
4.3Inch Capacitive Touch Screen for 5/4B/3B+ IPS Display 800x480 Drive-Free Cable with Standard Monitor,https://www.lazada.vn/products/pdp-i2711438623.html,776.551 ₫,,
"[Gen 2, Một Cặp] Loa Kiểm Âm Presonus E3.5 (2nd Gen) - Eris Powered Studio Monitor Speaker Nghe Nhạc E35 Gen2 Pair",https://www.lazada.vn/products/pdp-i1371831686.html,3.680.000 ₫,5.0,18 Đã bán
Màn Hình LCD 10 Inch 1024x600P HD Cổng VGA AV HDMI,https://www.lazada.vn/products/pdp-i822534755.html,1.750.000 ₫,5.0,
"Máy Phiên Dịch M9 – Thiết Bị Dịch Đa Ngôn Ngữ, Màn Hình Cảm Ứng, Dịch Nhanh Chính Xác, Hỗ Trợ Offline",https://www.lazada.vn/products/pdp-i3070430173.html,1.320.500 ₫,5.0,
[Một Cặp] M-Audio BX4 Loa Kiểm Âm (120W) - MAudio Studio Monitor Speaker for Gaming Music Production Live Streaming,https://www.lazada.vn/products/pdp-i2602341853.html,3.790.000 ₫,5.0,
Giấy monitor sản khoa Bistos BT-350 (152x90x150),https://www.lazada.vn/products/pdp-i3159511545.html,312.000 ₫,,
"Máy phiên dịch thông minh Corisu thông dịch giọng nói trực tiếp đa ngôn ngữ, dịch khi không kết nối mạng BH 24 tháng",https://www.lazada.vn/products/pdp-i2666251604.html,1.890.000 ₫,5.0,
"1 Cặp Đèn Eagle Eye LED 12V 23mm 9W Dành Cho Xe Máy, Xe Tải – Đèn Ngày, Đèn Lùi, Đèn Tín Hiệu, Đèn Sương Mù Xe Máy, Chống Nước, Ánh Sáng Mạnh, Nhiều Màu",https://www.lazada.vn/products/pdp-i2520886149.html,4.900 ₫,5.0,
(Mới) Áo khoác touring đua Yamaha Sunmori chống nước CIXF,https://www.lazada.vn/products/pdp-i3149615727.html,240.000 ₫,5.0,5 Đã bán
Yieryi 3 in 1 Test TDS/PH/TEMP Water Quality Monitor TDS Tester Kit for Pools Drinking Water Acidometer,https://www.lazada.vn/products/pdp-i255764740.html,345.172 ₫,4.0,
"Samsung Màn hình Màn hình di động UPERFECT Giá đỡ VESA với cài đặt bàn vít bằng tay, có thể cài đặt màn hình M3/M4 * 75MM độc lập với chức năng xoay/nghiêng/xoay -Bảo hành một năm",https://www.lazada.vn/products/pdp-i3234348698.html,485.000 ₫,,
Dây line loa monitor gắn jack biscong loa Neutrik bọc inox loại 1.,https://www.lazada.vn/products/pdp-i2566749425.html,120.000 ₫,5.0,70 Đã bán
SUOBAI | Giá Đỡ Màn Hình Máy Tính Đa Năng có Khoảng Trống Lưu Trữ,https://www.lazada.vn/products/pdp-i3219518223.html,93.000 ₫,4.0,
Haptime PM2.5 Sensor Air Quality Monitor Nhiệt độ và độ ẩm Tester Độ chính xác cao Sensor HD Display Portable Home Real Time Detector,https://www.lazada.vn/products/pdp-i3012747814.html,588.519 ₫,5.0,
Aidex Sensor Bluetooth Scan Free Remote Data Sharing Freestyle Libre Dynamic Blood Glucose Monitoring CGMS 24h Realtime Monitor,https://www.lazada.vn/products/pdp-i2801273417.html,590.000 ₫,5.0,42 Đã bán
28 Pin AV Video Audio Cable for Toyota/Lexus Touch 2 and Entune Monitors Head Units,https://www.lazada.vn/products/pdp-i1698112333.html,121.300 ₫,,"7 Đã bán
China"
WHUEAL Có thể điều chỉnh bàn Monitor Rack chủ PC màn hình đứng máy tính để bàn máy tính hiển thị đứng cho văn phòng Studio làm việc nghiên cứu sinh viên,https://www.lazada.vn/products/pdp-i3121988321.html,116.317 ₫,5.0,6 Đã bán
Siêu mỏng 20 inch cao rõ ràng màn hình LED mắt chăm sóc Màn hình máy tính để bàn với 1440x900 Độ phân giải 1ms Thời gian đáp ứng tương thích với VGA và giao diện HDMI,https://www.lazada.vn/products/pdp-i2609327381.html,1.284.851 ₫,,
"[FREESHIP🎁][Giao hàng 24H⚡️]khuếch đại công suất-Amply Mini Karaoke Bluetooth BT-298A, Âm ly Bluetooth Karaoke Tại Nhà, Amli Cho Xe Ô Tô – 12 Tháng-Bộ khuếch đại Bluetooth BT-298A",https://www.lazada.vn/products/pdp-i2465171147.html,136.000 ₫,4.0,53 Đã bán
"Yieryi Digital LED Shower Temperature meter,Waterproof Temperature Sensor with 3-Color Light Indicator Shower Temperature Monitor for Bathroom Family Showers",https://www.lazada.vn/products/pdp-i3146050324.html,199.000 ₫,,
Đồng Bộ Dell Optiplex 3010 | 990 Core i3 Ram 8GB SSD 120GB Tặng USB Wifi,https://www.lazada.vn/products/pdp-i2427237655.html,1.100.000 ₫,4.0,87 Đã bán
YEHUO | Bộ Xử Lý Hình Ảnh Máy Tính RK1106,https://www.lazada.vn/products/pdp-i3197065171.html,1.503.000 ₫,4.0,
Pin Sạc Di Động Công Nghệ Đen 15W PD Sạc Nhanh Trong Suốt Pin Lithium 3.7v 146074 Hộp Sạc Di Động Nguồn Điện Di Động,https://www.lazada.vn/products/pdp-i3175477370.html,98.000 ₫,,"120 Đã bán
China"
Umay(佑美) | Xe Đạp Tập Thể Dục Gọn Gàng Cho Nhà,https://www.lazada.vn/products/pdp-i3206297718.html,3.686.000 ₫,4.0,
Mastering STM32,https://www.lazada.vn/products/pdp-i1994895232.html,261.834 ₫,5.0,6 Đã bán
Gương Chiếu Hậu Xe Máy Chân Xoay 360 Độ UNIRACING (Chân Xoay CNC Cao Cấp) Mẫu Gương Đạt Chuẩn An Toàn Giao Thông,https://www.lazada.vn/products/pdp-i3099859340.html,84.000 ₫,5.0,100 Đã bán
"Dải Đèn LED Neon Trang Trí Nội Thất Xe Hơi, Tiệc Tùng, Halloween – Sáng Màu, Dễ Lắp Đặt",https://www.lazada.vn/products/pdp-i2520762556.html,7.100 ₫,4.0,
Máy monitor theo dõi bệnh nhân Yonker IE8,https://www.lazada.vn/products/pdp-i2371360120.html,4.200.000 ₫,,
"[Một Cặp, Chính Hãng] Mackie CR3X Loa Kiểm Âm Nghe Nhạc Eris CR3-X Studio Monitor Speaker CR3 Pair",https://www.lazada.vn/products/pdp-i2602411461.html,3.290.000 ₫,5.0,
Băng Tần Kép WiFi 5 PCI-E Không Dây AC1200 2.4G/5GHz 802.11AC Card Mạng Có Bluetooth 4.0 Cho Máy Tính Để Bàn Laptop Windows 10,https://www.lazada.vn/products/pdp-i3027708910.html,142.000 ₫,4.0,
SIPAIDE | Camera Hỗ Trợ Quan Sát Vùng Mù Ghi Hình HD Tích Hợp Gương Điện Tử Cá Mập,https://www.lazada.vn/products/pdp-i3217748323.html,3.392.000 ₫,4.0,6 Đã bán
TOSUOD | Đèn Sau Cảm Biến Thông Minh cho Xe Đạp Núi và Xe Đạp Đường Phố,https://www.lazada.vn/products/pdp-i3206649772.html,217.000 ₫,4.0,
"Cục Đẩy 2 kênh class 2K Công Suất,650w + 650w, Chuyên Ghép Loa Full Đơn Gia Đình,Monitor Sân Khấu.",https://www.lazada.vn/products/pdp-i2315216924.html,1.998.588 ₫,5.0,397 Đã bán
"Máy Phiên Dịch M9 – Thiết Bị Dịch Đa Ngôn Ngữ, Màn Hình Cảm Ứng, Dịch Nhanh Chính Xác, Hỗ Trợ Offline",https://www.lazada.vn/products/pdp-i3070251424.html,1.376.100 ₫,,
"Khăn Lau Xe & Đa Năng Sợi Microfiber 30x30cm – Mềm Mịn, Siêu Thấm Hút, 2 Mặt Tiện Lợi!",https://www.lazada.vn/products/pdp-i2498022635.html,5.000 ₫,5.0,
10 inch 360 độ lái xe Camera AHD 5 kênh ghi lại Carplay màn hình xe tải xe tải Dashcam màn hình cảm ứng DVR Màn Hình Bốn cách ghi âm 4 kênh 12-24v nhìn trong đêm đầy đủ xung quanh xem xe buýt xe tải Dash Cam,https://www.lazada.vn/products/pdp-i3064270273.html,2.980.000 ₫,,
"HUD ADAS Hiển Thị Tốc Độ Kính Lái Ô Tô - Tích Hợp GPS, ODO, Cảnh Báo Tốc Độ, Cổng USB",https://www.lazada.vn/products/pdp-i2976633645.html,135.700 ₫,4.0,302 Đã bán
(NOWX) Excavator LCD Screen Panel for Kobelco SK-6 SK200-6 SK135SR Excavator Monitor Aftermarket Accessories Parts,https://www.lazada.vn/products/pdp-i2774535587.html,708.356 ₫,5.0,7 Đã bán
"Loa nghe nhạc Máy Tính siêu trầm 2.0 Edifier R980T - Loa bookshelf 2.0 - 4"" Active Speakers - 2.0 Computer - Powered Studio Monitor (Pair)",https://www.lazada.vn/products/pdp-i506526686.html,1.202.745 ₫,5.0,6 Đã bán
YL D60-12 12V 0.50A 6025 6cm Power Supply Fan Box 4-Line PWM High Airflow Computer Hardware Monitor Accessories,https://www.lazada.vn/products/pdp-i3005488930.html,81.000 ₫,,"45 Đã bán
China"
Giá Treo Màn Hình 17-27 Inch Cao Cấp - Giá Treo 2 Màn Hình Dual Monitor Desk Stand MS02,https://www.lazada.vn/products/pdp-i715232482.html,355.000 ₫,4.0,62 Đã bán
XIZ FDA ngón tay Oximeter ngón tay cầm tay Clip xung độ bão hòa Detector Heart Rate Monitor,https://www.lazada.vn/products/pdp-i3088860887.html,42.648 ₫,5.0,10 Đã bán
[Nhiều Mẫu] Skibidi Toilet Titan Mutatin Camera Man 602PCS TV King Drill Man Sound Man Clock Man Monitor SpeakerMan,https://www.lazada.vn/products/pdp-i2944832196.html,115.000 ₫,,
"Biến tần ô tô 12V, màn hình hiển thị LED, 12000w,Biến tần 12V/24V sang 220V",https://www.lazada.vn/products/pdp-i2795723055.html,409.000 ₫,4.0,266 Đã bán
🔥🔥🔥qnljgv 88PCS Box Soft Anti-static Cleaning Wipes Wet Tissues For Computer Laptop LCD Monitor TV Mobile Phone Screen Digital Products,https://www.lazada.vn/products/pdp-i2521548090.html,141.212 ₫,4.0,95 Đã bán
10-in-1 Air Quality Monitor Formaldehyde Temperature Humidity Tester Formaldehyde CO 2 Detector for Indoor/Outdoor,https://www.lazada.vn/products/pdp-i3192038562.html,436.919 ₫,,
"UT01C USB-C Power Meter: 280W PD3.1/QC4+ Fast Charging Tester 12A Current Voltage Monitor w/Offline Save, HD IPS Display for iPhone/MacBook",https://www.lazada.vn/products/pdp-i3110025915.html,297.702 ₫,4.0,30 Đã bán
"Máy bơm khí không dây cầm tay,sạc USB, ngắt tự động, cho lốp xe và bóng,theo dõi áp suất lốp",https://www.lazada.vn/products/pdp-i2923754866.html,150.120 ₫,4.0,675 Đã bán
"Máy Hút Bụi Cầm Tay Không Dây Nhật Bản TAMASHIO, Máy Hút Bụi Ô Tô, Giường Nệm, Lông Chó Mèo Bảo Hành 12 Tháng",https://www.lazada.vn/products/pdp-i2841937789.html,49.001 ₫,4.0,983 Đã bán
"khuếch đại công suất-Amply Mini Karaoke Bluetooth BT-298A, Âm ly Bluetooth Karaoke Tại Nhà, Amli Cho Xe Ô Tô – 12 Tháng-Bộ khuếch đại Bluetooth BT-298A",https://www.lazada.vn/products/pdp-i2465015295.html,159.900 ₫,4.0,357 Đã bán
"Bóng lét H4 bi cầu sáng pha trắng cos vàng dành cho xe máy sài bóng 3 chân, đèn led bi cầu H4, đèn led H4, đèn lét H4 bi cầu, den led bi cầu, đèn led bi cầu - Bảo Hành Toàn Quốc 1 đổi 1",https://www.lazada.vn/products/pdp-i2092260187.html,93.000 ₫,4.0,808 Đã bán
"Dây sạc Đai đo nhịp tim COROS - Heart Rate Monitor, Cáp sạc Đai đo nhịp tim HR Monitor COROS",https://www.lazada.vn/products/pdp-i3178340753.html,159.000 ₫,,
Doppler máy nghe tim thai Thai nhi Tim Monitor Trang chủ Thai nhi Tim Monitor với hình LCD cho phụ nữ mang thai,https://www.lazada.vn/products/pdp-i3061328955.html,239.000 ₫,5.0,
"Máy Phiên Dịch Cầm Tay M9 – Công Nghệ AI Hiện Đại, Dịch Đa Ngôn Ngữ Online & Offline, Pin Trâu",https://www.lazada.vn/products/pdp-i3070330609.html,1.390.000 ₫,,
"Bộ công tắc điều khiển từ xa rf 100m 30A 4000W 220V 2 tay điều khiển, điều khiển máy bơm nước",https://www.lazada.vn/products/pdp-i2909714557.html,85.833 ₫,4.0,848 Đã bán
Giá Treo Màn Hình 17-32 Inch - Arm Monitor - Xoay 360 độ - Chân Đứng - Tay 23 cm Model HW-701 / XL03,https://www.lazada.vn/products/pdp-i1676423761.html,255.000 ₫,5.0,18 Đã bán
Máy lọc không khí khử mùi tạo ion trên xe ô tô - Máy lọc không khí diệt khuẩn cho xe hơi năng lượng mặt trời tiện dụng,https://www.lazada.vn/products/pdp-i2629792895.html,74.250 ₫,4.0,132 Đã bán
Board mạch nguồn màn hình LED Acer 20 inch G205HV nguyên zin,https://www.lazada.vn/products/pdp-i3189537016.html,85.000 ₫,,
"Vật tư chuyên dụng màn trắng đen,phim phân cực dán màn hình trắng đen,sửa remote bị ố mờ,không nhìn rõ chữ,các loại màn",https://www.lazada.vn/products/pdp-i2880609161.html,69.300 ₫,4.0,146 Đã bán
"Bình Xịt Phủ nano, Ceramic Wax - Nano Phủ Bóng Ô tô , Phủ Bóng Xe - Chống Bám Nước - Chống Bụi Bẩn",https://www.lazada.vn/products/pdp-i2623426792.html,67.132 ₫,4.0,939 Đã bán
"[Chính Hãng] Soundcard Behringer U-Phoria UMC22 - Bộ Thu Âm, Livestream Sound Card USB Audio Interface",https://www.lazada.vn/products/pdp-i2602367798.html,1.670.000 ₫,5.0,
"Kính Phiên Dịch AI E13 - Đa Ngôn Ngữ, Nhỏ Gọn, Thay Tròng Cận, Loa Bluetooth, Phù Hợp Du Lịch Công Tác",https://www.lazada.vn/products/pdp-i3037107191.html,426.550 ₫,5.0,6 Đã bán
"Kính thông minh Bluetooth hoàn toàn mới có micrô, tai nghe Bluetooth không dây, kính râm chống ánh sáng xanh âm thanh nổi 360°",https://www.lazada.vn/products/pdp-i3188037422.html,226.100 ₫,5.0,10 Đã bán
2 Bóng Đèn Cos / Đèn Pha led H4 H7 H11 9005 9006 80W 20000LM Thiết Kế Nhỏ Gọn Chuyên Dụng Cho Xe Hơi,https://www.lazada.vn/products/pdp-i3178099129.html,122.500 ₫,4.0,31 Đã bán
"Định Vị GPS Mini NTag CAO CẤP - Định Vị Xe Gắn Máy, Gps Ô Tô, Chó Mèo Không Dây, Thiết Bị Định Vị Theo Dõi Thông Minh - TAZO",https://www.lazada.vn/products/pdp-i3084664709.html,89.000 ₫,4.0,132 Đã bán
QiaoYiLuo Mùa hè mới của nam giới giày lỗ dép đi biển ngoài trời bên ngoài đa năng chống mài mòn không trơn trượt đế mềm túi đầu dép nam,https://www.lazada.vn/products/pdp-i2608616428.html,152.000 ₫,4.0,
Kệ màn hình máy tính màu gỗ Plyconcept Monitor Stand,https://www.lazada.vn/products/pdp-i1963033806.html,259.000 ₫,4.0,101 Đã bán
( Hot ) MOC Titan Clock Man Skibidi Toilet Titan VS Monitor man Đồng Hồ Vàng Người Nhà Vệ Sinh Titan Người Vệ Sinh VS,https://www.lazada.vn/products/pdp-i2919860120.html,89.500 ₫,3.0,12 Đã bán
"Tai nghe biểu diễn In-ear Monitor NMC-AUDIO QKZ63 PRO Chống Ồn Âm Thanh Siêu Trầm có dây chuyên livestream, thu âm",https://www.lazada.vn/products/pdp-i3150651570.html,470.000 ₫,,
SEHVN Dc 4-100V LED hiển thị kỹ thuật số Vòng hai-dây Vôn kế DC kỹ thuật số xe điện áp hiện tại Meter Volt Detector Tester Monitor pane,https://www.lazada.vn/products/pdp-i2933834588.html,18.975 ₫,3.0,118 Đã bán
Seastina Giá để điện thoại từ tính hút chân không xe hơi hai mặt có thể gập lại được,https://www.lazada.vn/products/pdp-i3164230529.html,40.000 ₫,4.0,186 Đã bán
[HCM]01 bóng LED pha H4 siêu sáng 3 tim tản nhiệt đuôi công AC-DC 12-24v 40w - CHẠY ĐƯỢC ĐIỆN MÁY,https://www.lazada.vn/products/pdp-i565058775.html,137.000 ₫,4.0,705 Đã bán
Hamrol 3MP Yoosee E27 Bulb Surveillance 1080P PTZ Wifi IP Camera Full Color Night Vision Video Indoor CCTV Security Monitor,https://www.lazada.vn/products/pdp-i1819143441.html,374.422 ₫,5.0,15 Đã bán
DẦU NHỚT DAKKIN E1000 20W50 SJ,https://www.lazada.vn/products/pdp-i2944447598.html,55.900 ₫,5.0,
ESP32-S3-N16R8 vi điều khiển mô-đun 0.96inch Màn hình LED bảng mạch phát triển cho prototyping thiết bị điện tử,https://www.lazada.vn/products/pdp-i3167628349.html,240.000 ₫,,"16 Đã bán
China"
SUOBAI | Giá Đỡ Laptop Làm Mát Nâng Cao Màn Hình Khay Treo Văn Phòng,https://www.lazada.vn/products/pdp-i3219636730.html,90.000 ₫,4.0,
Lọc nguồn chống nhiễu EMI FILTER kèm giắc nguồn VAC 3 chấu và công tắc tháo nguồn máy tính,https://www.lazada.vn/products/pdp-i2766640450.html,28.000 ₫,5.0,43 Đã bán
"Phân tần Felix chính hãng dbacoustic ES12 dùng cho loa đơn, monitor (1 cái)",https://www.lazada.vn/products/pdp-i3166505999.html,499.000 ₫,,
Trung tâm xe hơi Lưới Tản Nhiệt Ánh Sáng Xe LED Trung Tâm Ánh Sáng hai màu Spotlight Đèn pha LED xe máy Đèn Led Xe Xe Máy Đèn LED chiếu điểm Phổ,https://www.lazada.vn/products/pdp-i2935658171.html,193.525 ₫,5.0,45 Đã bán
DEFUMAN | Màn Hình Camera Lùi Gập Được HD cho Ô Tô và Xe Tải,https://www.lazada.vn/products/pdp-i3194899357.html,669.000 ₫,4.0,
Yocbear Doppler máy nghe tim thai Thai nhi Tim Monitor Trang chủ Thai nhi Tim Monitor với hình LCD cho phụ nữ mang thai,https://www.lazada.vn/products/pdp-i3025458153.html,259.000 ₫,5.0,9 Đã bán
Heart Ring for Women Heart Shaped Pink Diamond Engagement Promise Band Ring for Wedding Anniversary TF-Uss-VN,https://www.lazada.vn/products/pdp-i3036357144.html,7.000 ₫,4.0,41 Đã bán
(DKCZ) EU Power Cable Euro Type F Schuko Plug IEC C13 Power Supply Cable for PC Computer Monitor Printer TV(EU Plug),https://www.lazada.vn/products/pdp-i3189246263.html,112.000 ₫,,
"ANYTROX Mini Wireless CarPlay Adapter with Built-in YouTube, Netflix, TikTok - Car Audio Stereo Receiver",https://www.lazada.vn/products/pdp-i3109209606.html,650.000 ₫,5.0,50 Đã bán
MOTOX đổi màu phối kính đi đêm nam nữ bảo vệ mắt chống tia uv bụi đi đường mưa kính thể thao chạy bộ đi xe đạp xe máy,https://www.lazada.vn/products/pdp-i3137441703.html,101.000 ₫,4.0,108 Đã bán
Super Clamp Camera Clamp Mount Multifunctional Monitor Mount Bracket Super Clamp With 1/4” Thread For Magic Arm,https://www.lazada.vn/products/pdp-i2624162292.html,70.159 ₫,,
"Bình Acquy ZMax Pin Lithium LifePO4 12V 6ah, ZM12V6-YT4 Dùng Cho Xe Máy",https://www.lazada.vn/products/pdp-i2960229110.html,439.000 ₫,5.0,257 Đã bán
"Bóng Led T10 Siêu Sáng, Đèn Led T10 Lắp Mặt Đồng Hồ, Demi, Xi Nhan Xe Máy, Ô Tô....",https://www.lazada.vn/products/pdp-i1999872184.html,2.900 ₫,4.0,
7 inch AHD 4 kênh màn hình xe hơi xe tải 360 độ lái xe màn hình cảm ứng đảo ngược hình ảnh 24V xe nhìn xuyên đêm HD Xe Tải xe buýt 4x Camera giám sát lái xe Dash Cam,https://www.lazada.vn/products/pdp-i3067799143.html,1.988.888 ₫,,
Dây cáp mạng bấm sẵn 2 đầu - 2m/ 3m /5m/ 10m/15m/20m/25m/30m/40m/50m,https://www.lazada.vn/products/pdp-i1582146784.html,50.000 ₫,4.0,
Đèn trợ sáng bi cầu T2S đường cắt rộng như bi 3.0 chính hãng BMA công suất 48w,https://www.lazada.vn/products/pdp-i2807008407.html,430.000 ₫,4.0,39 Đã bán
Amazon Echo Spot – Loa thông minh có màn hình led,https://www.lazada.vn/products/pdp-i2967586297.html,1.768.000 ₫,5.0,Priority Instant
{UU61} HD 1080P Alarm Clock Mini Camera Remote Wireless Wifi Control IR Night Vision View DVR Camcorder Home Indoor Monitor Video,https://www.lazada.vn/products/pdp-i3155336765.html,811.297 ₫,,
E-WOITD Height Adjustable Computer Monitor Holder 360 Degree Rotation PC Screen Stand Bracket For VESA 50 75 100mm For Working Office,https://www.lazada.vn/products/pdp-i3200732342.html,171.257 ₫,,
Cảm biến nhiệt độ và độ ẩm Aqara T1 Temperature and Humidity Zigbee tương thích Apple HomeKit (Cần có Aqara HUB),https://www.lazada.vn/products/pdp-i341680392.html,360.000 ₫,5.0,51 Đã bán
2pcs 5 Inch 800X480 TFT LCD HD Screen Monitor with Dual Mounting Bracket for Car Backup Camera/Rear View/DVD,https://www.lazada.vn/products/pdp-i2845089321.html,563.371 ₫,,
Áo khoác kỷ niệm 50 năm YAMAHA | Áo khoác Motogp LIVERY YAMAHA CHỐNG THẤM,https://www.lazada.vn/products/pdp-i3149658437.html,240.000 ₫,5.0,
MaxgePC Không thấm nước Vôn kế DC 4-100V LED hiển thị kỹ thuật số DC kỹ thuật số xe điện áp hiện tại Meter Volt Detector Tester Monitor pane,https://www.lazada.vn/products/pdp-i3068935789.html,20.693 ₫,,"14 Đã bán
China"
"Xiaomi Việt Nam Hàng Quốc Tế Mắt Kính Tích Hợp Tai Nghe Bluetooth Không Dây Nghe Nhạc Nhận Cuộc Gọi Rảnh Tay Công Nghệ Kính Thông Minh Bluetooth Đa Chức Năng F08 , F06 Không Dây 2024 Tia Sáng Xanh Thích Hợp Khi Lái Xe, Làm Việc",https://www.lazada.vn/products/pdp-i2942601634.html,386.100 ₫,3.0,30 Đã bán
Giá đỡ điện thoại di động hút từ tính K007 360° Xoay cho gia đình và ô tô,https://www.lazada.vn/products/pdp-i3086528324.html,79.270 ₫,4.0,552 Đã bán
XIZ Ngón tay xung đo oxy máu Oxy Heart Rate Monitor PR độ bão hòa Meter mới,https://www.lazada.vn/products/pdp-i2932577420.html,26.443 ₫,5.0,6 Đã bán
"Bo mạch Tv Panasonic 49E410V - 32D410V và 32E400V nguyên zin, hoạt động tốt",https://www.lazada.vn/products/pdp-i2731586014.html,350.000 ₫,5.0,
Đồng hồ thông minh Samsung Galaxy Watch 4 Watch 5,https://www.lazada.vn/products/pdp-i1895973849.html,2.750.000 ₫,5.0,20 Đã bán
"(Chính Hãng) Loa MoMo - Tiền Về Ngân Hàng, Hỗ Trợ VIP 24/7",https://www.lazada.vn/products/pdp-i3043151487.html,329.000 ₫,5.0,82 Đã bán
"Máy phiên dịch z12 CORISU bản 2024 dịch giọng nói hai chiều , dịch hình ảnh , học ngoại ngữ , dịch cuộc họp loa to màn hình to , khử tiếng ồn",https://www.lazada.vn/products/pdp-i2874788536.html,1.657.000 ₫,,
"Kính Dịch Thuật AI E13 - Tích Hợp Loa Bluetooth, Đàm Thoại Rõ Nét, Dịch Chính Xác, Hỗ Trợ Mọi Ngôn Ngữ",https://www.lazada.vn/products/pdp-i3036886961.html,449.000 ₫,,
[HCM]Nguồn máy tinh 550w Fan 12,https://www.lazada.vn/products/pdp-i101019311.html,85.000 ₫,4.0,366 Đã bán
[Gía Sỉ] Skibidi Toilet Titan God Of War TV Man v3 Drill Man Sound Man Clock Man Monitor Speaker Man Camera Man,https://www.lazada.vn/products/pdp-i2944817239.html,129.000 ₫,,
"màn hình máy tính 19""w Led PHILIPS",https://www.lazada.vn/products/pdp-i1232002640.html,950.000 ₫,,
Giá đỡ màn hình máy tính Monitor Arm SPEED-A01 (13 - 34 inch),https://www.lazada.vn/products/pdp-i2631592798.html,345.000 ₫,5.0,
Nguồn PC Dell SFF (form nhỏ) 990 390 790 7010 9010,https://www.lazada.vn/products/pdp-i3026962191.html,380.000 ₫,5.0,
Đèn pha LED H4 T9 PRO 2024 bi cầu mini cắt sáng dùng điện bình 12v,https://www.lazada.vn/products/pdp-i2634248084.html,125.000 ₫,4.0,360 Đã bán
"Công Tắc Radar Vi Sóng Tự Động Bật Tắt LED, Bộ Điều Khiển Chuyển Động 2m-6m, Tích Hợp PIR, Tiết Kiệm Điện - Smart Home",https://www.lazada.vn/products/pdp-i2412265052.html,99.000 ₫,4.0,84 Đã bán
"Voucher Money LazMall Bag Xiaomi Kính Mát Tích Hợp Tai Nghe Bluetooth Không Dây Xiaomi Thiết Kế Hiện Đại, Kích Thước Nhỏ Gọn, Dễ Dàng Mang Theo Bên Mình Thích Hợp Sử Dụng Khi Lái Xe, Đạp Xe Và Đi Bộ Đường Dài.",https://www.lazada.vn/products/pdp-i2904631562.html,211.000 ₫,4.0,53 Đã bán
Roadsun H4 H1 H7 H8 H9 H11 LED Bóng Đèn Pha Ô Tô 120W 20000LM 6500K CSP Chip Cao Chùm Thấp Đèn Sương Mù Đa Năng Phù Hợp Với,https://www.lazada.vn/products/pdp-i2435985471.html,201.750 ₫,4.0,385 Đã bán
"Camera theo dõi trẻ, máy báo khóc đàm thoại 2 chiều Baby Monitor VB603",https://www.lazada.vn/products/pdp-i1994096036.html,2.757.593 ₫,,
3-IN-1 USB C HUB Type C To HDMI Adapter Thunderbolt Docking Station With USB 3.0 Port PD Charging Type-C Splitter For Samsung Huawei Mobile Phone Tablet R,https://www.lazada.vn/products/pdp-i3031712399.html,70.150 ₫,4.0,11 Đã bán
Camera hành trình 3 mắt trong và ngoài xe full HD 1080P-Wiif Hỗ trợ xem trên ĐTDĐ qua app Viidure.,https://www.lazada.vn/products/pdp-i2448767236.html,350.000 ₫,4.0,126 Đã bán
🔥 SIÊU HÓT 🔥 Siêu chất !!! Lip trước Viền Đỏ/vàng/Trắng/Đen/ lippo trước/ ốp cản trước lắp chung hầu hết cho các dòng xe,https://www.lazada.vn/products/pdp-i2024708140.html,225.000 ₫,4.0,91 Đã bán
Kebidumei 8 in 1 Ports USB C Docking Station USB C Hub Multiple Monitor Adapter PD SD TF Video Card Dock Splitter,https://www.lazada.vn/products/pdp-i2409828153.html,68.263 ₫,4.0,243 Đã bán
"app Tuya Smart Basic ,SMARTLIFE Công Tắc wifi ,Điều Khiển Từ Xa Qua WIFI, 3G, 4G (có tiếng việt),có nút nhấn cơ",https://www.lazada.vn/products/pdp-i3173173356.html,85.000 ₫,5.0,14 Đã bán
Đồ chơi xếp hình Skibidi Toilet TV Man Speaker TV People Monitor Toilet Man Minifigures KDL818,https://www.lazada.vn/products/pdp-i3186604648.html,23.000 ₫,,
"[Chính Hãng, Màu Đen] Tai Nghe Kiểm Âm Audio Technica M50X - Studio Monitor Headphones Professional ATH-M50X ATHM50X",https://www.lazada.vn/products/pdp-i2602379691.html,4.190.000 ₫,5.0,
"Dung dịch vệ sinh phanh, bố thắng - Vệ sinh thắng đĩa, tẩy dầu mỡ chính hãng NPR JAPAN",https://www.lazada.vn/products/pdp-i2701444654.html,45.000 ₫,4.0,133 Đã bán
⚡⚡Kính phóng đại 3D F2 chuyên phóng to màn hình xem phim tạo cảm giác như xem chiếu rạp __VinetShop9x Không có đánh giá,https://www.lazada.vn/products/pdp-i2161306312.html,25.000 ₫,5.0,9 Đã bán
H81 M-DS2 Gigabyte đủ fe socket-1150,https://www.lazada.vn/products/pdp-i2418968859.html,399.000 ₫,4.0,50 Đã bán
Smallrig Clamp Magic Arm 24cm ốc 1/4 gắn Monitor 2732b,https://www.lazada.vn/products/pdp-i2426116031.html,590.000 ₫,,
Carplay asawin np101 Wifi Bluetooth Android Auto HD 10.26 màn hình cảm ứng 720P điều hướng Camera dự phòng trợ lý tương thích,https://www.lazada.vn/products/pdp-i2616732633.html,1.280.000 ₫,4.0,46 Đã bán
2 Computers 4K Kvm Hdmi Switches and Usb 2.0 Switcher 2 in 1 out Switches Displayport Monitor 2 port 4k 30hz,https://www.lazada.vn/products/pdp-i2299345666.html,246.287 ₫,4.0,36 Đã bán
KWS-1902L Type-C Tester 0.96'' Color Screen Real-Time Voltage/Current/Power Monitor 3C Accessories QC Tool for Phone/Laptop/Power Bank,https://www.lazada.vn/products/pdp-i3094409006.html,131.740 ₫,5.0,452 Đã bán
LAL Mùa hè mới của nam giới giày lỗ dép đi biển ngoài trời bên ngoài đa năng chống mài mòn không trơn trượt đế mềm túi đầu dép nam,https://www.lazada.vn/products/pdp-i2608652066.html,147.000 ₫,4.0,129 Đã bán
Coospo Bluetooth 4.0 Kiến + Đo Nhịp Tim Quang Theo Dõi Sức Khỏe Ngoài Trời Đánh Cảm Biến Dành Cho Garmin Wahoo Xe Đạp Máy Tính,https://www.lazada.vn/products/pdp-i2434568326.html,509.600 ₫,4.0,
XiaomiSale Chính Hãng Camera Hành Trình Viet.map Chuyên Camera Hành Trình Ô Tô Camera Hành Trình Xe Hơi 1080P 3 Mắt S10 2-inch Màn Hình LCD Hiển Thị Thêm Chi Tiết Nhìn Đêm Hồng Ngoại Để Sử Dụng Vào Ban Đêm.,https://www.lazada.vn/products/pdp-i2659276487.html,680.238 ₫,4.0,63 Đã bán
"[Gen 2, Một Cặp] Loa Kiểm Âm Presonus E3.5 (2nd Gen) - Eris Powered Studio Monitor Speaker Nghe Nhạc E35 Gen2 Pair",https://www.lazada.vn/products/pdp-i2602501168.html,3.680.000 ₫,,"6 Đã bán
Hồ Chí Minh"
[HCM]Công tắc điều khiển từ xa RF 2 cổng 4 cổng độc lập xuyên tường + màu Trắng + Kèm Pin Remote,https://www.lazada.vn/products/pdp-i1097624605.html,55.000 ₫,4.0,
"Cặp Dây Cáp Loa Kiểm Âm Hosa Rean by Neutrik 2 Đầu Hoa Sen RCA Pro Stereo TRS HRR-003X2, HRR-005X2, HRR-010X2, HRR-015X2, HRR-020X2, HRR-050X2, HRR-075X2, HRR-100X2 Studio Monitor Cable",https://www.lazada.vn/products/pdp-i2063447091.html,831.000 ₫,,
+new product[ Áp dụng OneOdio STUDIO PRO 10 30 50 MONITOR 60 Pro C Bộ Tai Nghe Bịt Tai,https://www.lazada.vn/products/pdp-i3216322558.html,168.949 ₫,5.0,
"Nguồn 24V5A adapter 24V3A dùng cho thiết bị camera, máy in mã vạch, máy in , máy bơm công suất",https://www.lazada.vn/products/pdp-i2244634137.html,85.000 ₫,5.0,18 Đã bán
"Quây lưới chống chuột ô tô, hàng loại 1 chân inox 304( bảo hành 1 Năm), quây xe chống chuột xe ô tô, Lưới chống chuột ô tô , chống chuột xe ô tô.",https://www.lazada.vn/products/pdp-i2256828031.html,550.000 ₫,5.0,704 Đã bán
Combo H61 - i3 2xxx - Ram 4G,https://www.lazada.vn/products/pdp-i2501994580.html,350.000 ₫,4.0,30 Đã bán
"Ram PC 8Gb bus 1600, 1333 Mhz Bảo hành 3 năm chính hãng tháo máy",https://www.lazada.vn/products/pdp-i3208253794.html,75.000 ₫,5.0,8 Đã bán
Heyword 26000lm LED Bóng Đèn Pha Ô Tô 160W CSP Chip H4 H7 H1 9005 H7 H11 3000K/4300K/6000K/8000K Độ Sáng Cao Đèn Xe,https://www.lazada.vn/products/pdp-i2465537214.html,152.750 ₫,4.0,352 Đã bán
"Lưới Quây chống chuột ô tô, xe hơi hàng loại 1, chân inox 304, phản quang + khóa",https://www.lazada.vn/products/pdp-i2231119875.html,490.000 ₫,4.0,926 Đã bán
Dưỡng lốp ô tô - Bóng lốp ô tô xe máy - Phục hồi đen bóng chính hãng DENSO,https://www.lazada.vn/products/pdp-i2701582620.html,160.000 ₫,5.0,99 Đã bán
Thẻ Theo Dõi GPS Thông Minh Mini Cho iOS Apple Find My APP ITag Thiết Bị Nhắc Nhở Chống Mất Chìa Khóa Xe Xếp Hạng MFI Thú Cưng Trẻ Em Thiết Bị Định Vị,https://www.lazada.vn/products/pdp-i2785534577.html,90.350 ₫,5.0,
"Khăn Trùm Đầu Ninja Fullface Đa Năng – Chống Nắng, Chống Bụi & Chống Tia UV Toàn Diện",https://www.lazada.vn/products/pdp-i2543593778.html,21.100 ₫,4.0,
Main H110 | H81 | B85 99% kèm CPU và Ram bảo hành 1 tháng,https://www.lazada.vn/products/pdp-i2643342270.html,190.000 ₫,5.0,14 Đã bán
Gioăng Cao Su Bị Lão Hóa Cho Tấm Chắn Gió Trước BMW E30 E36 E34 E46 E90 E60 E39 F30 F10 F20 E87 E92 E91 - Chống Rò Rỉ Khe Hở,https://www.lazada.vn/products/pdp-i2713126531.html,42.900 ₫,5.0,55 Đã bán
"Nano bạc phun khói khử khuẩn Unitech 1 lít - Tinh dầu xông Chuyên dùng khử mùi máy lạnh ô tô, khử mùi karaok, nhà cửa, khử nấm mốc hiệu quả",https://www.lazada.vn/products/pdp-i1725451027.html,118.000 ₫,4.0,
"Lưỡi Gạt Nước Kính Chắn Gió Ô Tô Tự Động Tất Cả Các Mùa Dải Cao Su Tự Nhiên 14 "" - 28"" Tương Thích Với Hệ Thống Gạt Nước 3 Tầng",https://www.lazada.vn/products/pdp-i2562754282.html,31.200 ₫,4.0,439 Đã bán
Heyword H4 LED Đèn Pha Ô Tô 3 Màu Thay Đổi 3000K 4500K 6500K 500W Đèn Sương Mù 2 Chiếc Đa Năng Phù Hợp Với H7 H1 H3 H11 9005 H13,https://www.lazada.vn/products/pdp-i2438037036.html,211.500 ₫,4.0,375 Đã bán
Loa treble Harman Kardon tháo xe BMW 4ohm 20 - 40w(giá 1 cái),https://www.lazada.vn/products/pdp-i2416988132.html,60.000 ₫,4.0,963 Đã bán
PASTSKY Back Posture Corrector Humpback Posture Corrector Back Support Posture USB Invisible Smart Vibrations Reminder Inductive Design Anti-Humpback Protect Eyesight Suitable Work Study Daily to Wear,https://www.lazada.vn/products/pdp-i1809696609.html,284.000 ₫,5.0,12 Đã bán
Natural Facial Soap Bar Antioxidant and Anti-aging Soap For Healthy Skin YUT-VN,https://www.lazada.vn/products/pdp-i2991279585.html,25.000 ₫,5.0,
"Xiaomi Shop Mall Khuyến Mãi Hot Kính Nghe Nhạc Kính Thông Minh Tích Hợp Loa Bluetooth - Nghe Nhạc - Nhận Cuộc Gọi Kính Mát Thông Minh F06 Bluetooth 5.3 - Hỗ Trợ Đàm Thoại, Chống Ánh Sáng Xanh,Chống Nước, Thời Trang Kính Mát Thông Minh Không Dây",https://www.lazada.vn/products/pdp-i2658696737.html,298.890 ₫,5.0,78 Đã bán
"Xier | Con Trỏ Laser Đa Năng có Ánh Sáng Cận Hồng Ngoại, Đèn Pin và Dụng Cụ Dạy Học",https://www.lazada.vn/products/pdp-i3206246412.html,28.000 ₫,4.0,
loa từ neo 6cm,https://www.lazada.vn/products/pdp-i2356051772.html,180.000 ₫,5.0,
2025 Mới cho Samsung Galaxy Watch cấp y tế Đồng hồ thông minh người đàn ông Đường máu Máu Lipid Uric Acid Monitor HRV ECG NFC Smartwatch,https://www.lazada.vn/products/pdp-i3228017718.html,1.661.665 ₫,,
{UU61} BLON x HBB Z300 Earphone 10mm Silicone Diaphragm Monitor With Dragons Design Music Earbuds Durable Zinc Alloy Shell IEM Headphones Sports Running Game Headsets 2Pin Detachable For Musician Audiophile Smartphones MP3 MP4 Players Table,https://www.lazada.vn/products/pdp-i3105121732.html,846.849 ₫,,
SIPAIDE | Hệ Thống Camera Quan Sát Góc Dead 360 Độ với USB và Giám Sát Không Dây,https://www.lazada.vn/products/pdp-i3193615114.html,992.000 ₫,4.0,
Skechers_Dép Nam Mới Nam Dép Bít Mũi Foamies GOWalk 5 Foamies Sandals - 212126-OLV,https://www.lazada.vn/products/pdp-i2840707127.html,171.384 ₫,4.0,19 Đã bán
QFV5F Lead-acid Li-ion High Precision Type-C Port 18650 Battery Tester Battery Power Detector Module Battery Capacity Tester Battery Monitor,https://www.lazada.vn/products/pdp-i2145566053.html,147.000 ₫,2.0,48 Đã bán
Vetements Autumn Letter in Unisex vòng cổ áo thể thao đầy đủ với thời trang lỏng lẻo hoodie,https://www.lazada.vn/products/pdp-i2932526380.html,240.000 ₫,,
Xiaomi Smart Sunglasses Glasses Bluetooth Call Outdoor Sports Headphones Voice Navigation Photochromic Lens Waterproof Anti-UV,https://www.lazada.vn/products/pdp-i3065360048.html,383.943 ₫,5.0,17 Đã bán
【CHANGXIANG3】 Chất lượng Detector CO2 Detector chất lượng Monitor TVOC Tester USB sạc Nhiệt kế ẩm kế cho Home Home CO2 Detector,https://www.lazada.vn/products/pdp-i3113158660.html,162.390 ₫,,
BULLCAPTAIN Casual Business Handbag Shoulder Bag Men's Leather Crossbody Bag,https://www.lazada.vn/products/pdp-i426876347.html,405.396 ₫,4.0,93 Đã bán
HNKMP Ngón tay xung đo oxy máu Oxy Heart Rate Monitor PR độ bão hòa Meter mới,https://www.lazada.vn/products/pdp-i3065533481.html,24.926 ₫,,
Máy ấp 54 trứng đảo tự động lắp thùng xốp hoàn thiện,https://www.lazada.vn/products/pdp-i2587940162.html,780.000 ₫,5.0,9 Đã bán
"[Chính Hãng] Combo 1 Loa MoMo + Sim 5G - Tiền Về Ngân Hàng, Hỗ Trợ VIP 24/7",https://www.lazada.vn/products/pdp-i3075754395.html,379.000 ₫,5.0,5 Đã bán
"dido | Dây Đeo Sức Khỏe Thông Minh với Đo Huyết Áp, Đường Huyết, Điện Tim, Tần Số Tim 24/7, Bão Hoà Oxy và Theo Dõi Giấc Ngủ",https://www.lazada.vn/products/pdp-i3182236688.html,1.498.000 ₫,4.0,
Hộp giữa xe ô tô khay dạng Ngăn tay vịn hộp lưu trữ cho TIGUAN MK2 2016 2017 2,https://www.lazada.vn/products/pdp-i3180484515.html,131.000 ₫,5.0,
"Đèn Bi gầm P90 Plus - 3 màu, thay đổi màu qua từng lần bật, tắt, Công suất 65W, Có trợ pha Laser, có quạt tản nhiệt-l.",https://www.lazada.vn/products/pdp-i2952072768.html,750.000 ₫,5.0,57 Đã bán
Main giga h81 - hàng zin Fe - chắn đầy đủ,https://www.lazada.vn/products/pdp-i386338281.html,330.000 ₫,4.0,228 Đã bán
Bộ điều khiển từ xa công suất cao 3000W loại tốt - Điện Việt,https://www.lazada.vn/products/pdp-i1743344233.html,52.470 ₫,5.0,23 Đã bán
"Bộ công tắc điều khiển từ xa LW 40A 1000m-(1km)-220V, chính hãng., Điều khiển từ xa công suất lớn có học lệnh",https://www.lazada.vn/products/pdp-i2565936897.html,99.000 ₫,4.0,287 Đã bán
ĐỒNG HỒ TAI NGHE THÔNG MINH - TÍCH HƠP TAI NGHE BLUETOOTH ĐỘC LẬP - FULL THÔNG BÁO - MÀN NÉT - PIN KHOẺ,https://www.lazada.vn/products/pdp-i2456646980.html,1.180.000 ₫,5.0,
"Pin NP-F990 /980/970 dung lượng khủng chuyên dùng cho máy quay phim SONY chuyên nghiệp, Đèn Video Light, Màn hình HD- Monitor, hỗ trợ nhà quay phim, nhiếp ảnh gia chuyên nghiệp......",https://www.lazada.vn/products/pdp-i2057036327.html,270.000 ₫,4.0,27 Đã bán
Alisouy 1 Chiếc Khuyên Tai Dạng Hạt Bi Kẹp Lò Xo Bằng Thép Không Gỉ Khuyên Tai Dạng Thùy Co Giãn Cỡ Lớn Khuyên Tai Trang Sức Cơ Thể,https://www.lazada.vn/products/pdp-i1967170305.html,67.000 ₫,5.0,13 Đã bán
【GoS】-Temperature and Humidity Monitor Mini Hygrometer Temperature Gauge Digital Mini -Hygrometer Indoor,https://www.lazada.vn/products/pdp-i3162381212.html,207.577 ₫,,
"Bộ nguồn server Dell R630 R730 R730XD công suất 495W 750W - Model: D750E-S3, E495A-S1 - DP/N: 0CWKMX, 0VKDD2",https://www.lazada.vn/products/pdp-i2819402580.html,300.000 ₫,5.0,
"[ Hỏa tốc HN - HCM ] Nhiệt ẩm kế Xiaomi Mi Temperature and Humidity Monitor gen 2 - Bluetooth - Chính hãng - Đồng hồ đo nhiệt độ, độ ẩm icon dễ thương",https://www.lazada.vn/products/pdp-i1785147462.html,129.000 ₫,5.0,
Netflix ultra HD 4k siêu nét,https://www.lazada.vn/products/pdp-i2365037384.html,41.220 ₫,4.0,118 Đã bán
Camera Nội Soi Công Nghiệp 4.3 Inch IPS HD1080P IP67 Chống Nước Với Ống Kính 8mm Để Kiểm Tra Đường Ống Cống Thoát Nước Ô Tô Borescope,https://www.lazada.vn/products/pdp-i2715067383.html,296.000 ₫,5.0,87 Đã bán
Combo 2 chai nước rửa xe bọt tuyết SUPER FOAM (Tặng Khăn & Cọ rửa xe),https://www.lazada.vn/products/pdp-i2420752162.html,49.000 ₫,5.0,
[HCM]Đèn phanh stop chớp F1 1157 16smd CREE thấu kính max sáng cho xe máy ô tô DC12v BAY15D 2 tim,https://www.lazada.vn/products/pdp-i1348795556.html,39.100 ₫,4.0,
Takimeo 1 bóng đèn cao và chùm sáng thấp H1 H4 H7 H11 9005 9006 đèn pha LED xe hơi Đèn LED Đèn ô tô đèn 40000lm màu trắng,https://www.lazada.vn/products/pdp-i2744787357.html,166.700 ₫,,
Màn cao áp 15.6,https://www.lazada.vn/products/pdp-i3085066122.html,249.999 ₫,5.0,
Mặt lưới bảo vệ sony chĩnh hãng khung được đúc bằng nhựa và được ép niền với lưới sắt tạo ra màng bảo vệ cực kỳ chắc chắn và đẹp mắt . Anh em mua này để bảo vệ cho hư hỏng những lỗi ko đáng có,https://www.lazada.vn/products/pdp-i2426982754.html,35.000 ₫,5.0,72 Đã bán
Micro ngoài điều hướng xe hơi - 2 mét 2M 3.5mm Thu Âm Thanh Nổi Trên Ô Tô,https://www.lazada.vn/products/pdp-i2387225434.html,30.350 ₫,4.0,5 Đã bán
Combo H61-I5 2xxx- Ram 8g,https://www.lazada.vn/products/pdp-i2539541192.html,550.000 ₫,4.0,71 Đã bán
"Quây chống chuột - Rào chắn chuột ô tô 4-5-7 chỗ và bán tải loại cao cấp, có lưới inox chống cắn + tặng kèm khóa + cáp + bao tay",https://www.lazada.vn/products/pdp-i2198451611.html,490.000 ₫,4.0,579 Đã bán
"(Hỗ trợ hệ điều hành tiếng việt) Công tắc điều khiển từ xa 220v 10A 2200W công tắc wifi 3G 4G app Smart life ,TUYA - công tắc wifi điều khiển từ xa bằng điện thoại",https://www.lazada.vn/products/pdp-i1754463953.html,84.000 ₫,4.0,
"Đế bắt main loại lớn bắt cả nguồn vga, dùng trong phòng game",https://www.lazada.vn/products/pdp-i3106915376.html,35.000 ₫,,
"Bút phiên dịch ngôn ngữ SEKA CORISU ITEK S dịch giao tiếp, dịch ảnh, dịch hợp đồng, tài liệu, hỗ trợ học ngôn ngữ ( Tặng tai nghe )",https://www.lazada.vn/products/pdp-i2655474972.html,2.230.000 ₫,5.0,641 Đã bán
(YEAJ) Camera Clamp Quick Release Rail Clip Mount 1/4 3/8 Hole for 20mm Video Light Mic Monitor Holder Gimbal Slider Extension,https://www.lazada.vn/products/pdp-i3156683153.html,292.700 ₫,,
Loa Cao Cấp 4 Inch Donglang Silk Membrane Monitor HiFi Bookshelf Passive Speaker Unit Home Audio High Frequency Head,https://www.lazada.vn/products/pdp-i3014630113.html,427.000 ₫,,"15 Đã bán
China"
"skibidi toilet robot Nâng cấp Titan TV Man, Toy Toilet Man, và Monitor Man, Tương thích với Mrs. ,",https://www.lazada.vn/products/pdp-i2919706551.html,115.000 ₫,,"8 Đã bán
Hưng Yên"
Tire Pressure Monitor Sensor TPMS 433Mhz Fit for Ford PX MKII Ranger / Everest / Mondeo EV6T1A180D,https://www.lazada.vn/products/pdp-i1894843331.html,494.772 ₫,5.0,
Phổ Màn hình chủ giá đỡ màn hình 7 đến 11.6 inch màn hình cho 7 đến 11.6 inch màn hình,https://www.lazada.vn/products/pdp-i3161853991.html,66.000 ₫,,
for Magene Heart Rate Chest Belt Adjustable Elastic Strap for Polar Wahoo Garmin Sports Monitor Heart Rate Rate Belt,https://www.lazada.vn/products/pdp-i2065463662.html,71.600 ₫,5.0,5 Đã bán
Cofoe 250Ml Y Tế Siêu Âm Gel Khớp Nối Đại Lý Đa Chức Năng Vô Hại Trans-gel Transgel Cho RF Hoặc Thai Nhi Doppler Bé Tim Monitor Scan Probe Máy,https://www.lazada.vn/products/pdp-i907364350.html,50.000 ₫,5.0,61 Đã bán
robot skibidi toilet New Rare Toilet Man and Monitor Man TV Man vs Clock Minifigure Super,https://www.lazada.vn/products/pdp-i2919616452.html,139.000 ₫,2.0,
Thiết bị LIKA K9 pin 30 ngày thời gian chờ 1 năm độ chính xác cao - Bảo hành 12 tháng -Tặng SIM data Viettel - định vị xe máy ô tô,https://www.lazada.vn/products/pdp-i917092749.html,1.237.020 ₫,4.0,602 Đã bán
Công tắc cảm biến chuyển động cảm ứng sóng Radar chống nhiễu độ nhạy cao tắt trễ cố định 30 giây tự động bật tắt đèn thông minh tiết kiệm điện,https://www.lazada.vn/products/pdp-i3072655519.html,55.000 ₫,5.0,68 Đã bán
Main h81 asus - hàng chuẫn đẹp,https://www.lazada.vn/products/pdp-i362232697.html,315.000 ₫,3.0,196 Đã bán
Chóa Đèn Pha Ex2010 Yamaha,https://www.lazada.vn/products/pdp-i1497882723.html,489.000 ₫,,
Nguồn Treo 12V-2A Chống Nước Cho Camera Ngoài Trời . - Nguồn Treo 12V-2A,https://www.lazada.vn/products/pdp-i2192425454.html,27.800 ₫,4.0,788 Đã bán
Máy Tính Ảo Thin Client Dell Wyse 3030 LT N06D - Đồ Cũ Nội Bài,https://www.lazada.vn/products/pdp-i3207050578.html,399.000 ₫,,
"(Cho màn hình lồi phía sau) Đèn gắn màn hình máy tính bảo vệ mắt, 3 màu ánh sáng, cảm ứng điều chỉnh",https://www.lazada.vn/products/pdp-i2838371487.html,255.000 ₫,5.0,
CHNT | Nguồn Điện 24V DC Hộp Monitor 12V,https://www.lazada.vn/products/pdp-i3194348080.html,584.000 ₫,,
Đồng hồ GS9 mini viền nhám 2024 kết nối bluetooth nghe nhận cuộc gọi đọc full thông báo AHAI STORE,https://www.lazada.vn/products/pdp-i2656939433.html,350.000 ₫,5.0,5 Đã bán
Biaze | Đapter Nguồn 12V cho Nhiều Thiết Bị,https://www.lazada.vn/products/pdp-i3192601518.html,106.000 ₫,4.0,
cặp học sinh ba lô học sinh túi đi học thêm balo chống gù Cặp Đi Học Mẫu Giáo Cho Bé Trai Và Bé Gái Loạt Phim Hoạt Hình Kỳ Lân Khủng Long,https://www.lazada.vn/products/pdp-i3107902525.html,79.000 ₫,5.0,5 Đã bán
Thẻ truy cập mạng internet Sim du lịch Trung Quốc MaCao Tốc Độ Cao Không chặn Facebook Google,https://www.lazada.vn/products/pdp-i2177917679.html,240.000 ₫,5.0,631 Đã bán
Android 13 Carplay Ai Box Bộ Chuyển Đổi Carplay Không Dây Android Auto Cho Netflix Youtube Tương Thích Với Vw Toyota Mazda Hyundai Haval Gmc Ford Chev,https://www.lazada.vn/products/pdp-i2843340067.html,556.000 ₫,4.0,46 Đã bán
SUOBAI | Giá Đỡ Máy Tính Để Bàn Cao Cấp Giá Đỡ Màn Hình Gỗ Đồ Sắp Xếp Bàn Làm Việc cho Phụ Nữ,https://www.lazada.vn/products/pdp-i3219316480.html,171.000 ₫,4.0,
"Kính AI Phiên Dịch E13 - Công Nghệ AI Mới Nhất, Dịch Mọi Ngôn Ngữ, Loa Bluetooth, Đàm Thoại Cao Cấp",https://www.lazada.vn/products/pdp-i3036055816.html,449.000 ₫,5.0,
"Màn hình phụ monitor cho máy ảnh, máy quay Shimbol M5 5.5 inch dành cho máy ảnh hỗ trợ độ phân giải fullHD, độ sáng lên tới 1200nits chính hãng",https://www.lazada.vn/products/pdp-i3036036958.html,3.590.000 ₫,,
H310 Gigabyte (Socket1151-V2) chạy ổn định,https://www.lazada.vn/products/pdp-i2419043277.html,610.000 ₫,5.0,7 Đã bán
Bộ kích sóng không dây khuếch đại Bộ khuếch đại tín hiệu wifi tốc độ cao lacepulse 丨 4200Mbps,https://www.lazada.vn/products/pdp-i3121823540.html,8.000 ₫,3.0,462 Đã bán
bi gầm -X300 Pro -CÔNG SUẤT 65W BẢO HÀNH 2 NĂM,https://www.lazada.vn/products/pdp-i1927422452.html,800.000 ₫,5.0,147 Đã bán
"ALLKODO | Nước Hoa Eau de Cologne Dành Cho Nam Dùng Trên Xe Hơi, Lâu Phai",https://www.lazada.vn/products/pdp-i3196094592.html,271.000 ₫,4.0,10 Đã bán
Inkbird IBS-TH5-WIFI 8-in-1 trong nhà nhiệt độ và độ ẩm Monitor nhà máy đo thời tiết không khí trong nhà giám sát chất lượng với mực điện tử hiển thị và ứng dụng miễn phí thông minh báo động,https://www.lazada.vn/products/pdp-i2447550953.html,856.350 ₫,5.0,30 Đã bán
INKBIRD IAM-T2 3in1 Bluetooth CO2 Detector High Prescise NDIR Sensor Rechargeable Indoor Temperature Humidity Monitor Light and Sound Dual Alert,https://www.lazada.vn/products/pdp-i3077020937.html,864.135 ₫,5.0,21 Đã bán
"Pin NP-F dung lượng cao chuyên dùng cho Máy quay phim SONY, Đèn Led chiếu sáng hỗ trợ quay phim, chụp ảnh, Màn hình Monitor, Máy quay SONY Pro,...",https://www.lazada.vn/products/pdp-i2096513432.html,370.000 ₫,4.0,65 Đã bán
[Chính Hãng] Tai Nghe Kiểm Âm Audio Technica M20X - Studio Monitor Headphones Professional ATH-M20X ATHM20X,https://www.lazada.vn/products/pdp-i1297398949.html,1.450.000 ₫,5.0,29 Đã bán
3 Height Adjustable Computer Monitor Stand Riser for Desk–New Pc Laptop Tv for Desktop Monitor Stand,https://www.lazada.vn/products/pdp-i3182549382.html,308.000 ₫,,
Thiết Bị Cảm Biến Nước Không Tiếp Xúc Y26S Thiết Bị Đo Chiều Cao Nước Ống Nước Tháp Điện Dung Polymers Công Tắc Cảm Biến Nước,https://www.lazada.vn/products/pdp-i2500220460.html,183.000 ₫,5.0,
YINGRAN Dc 4-100V LED hiển thị kỹ thuật số Vòng hai-dây Vôn kế DC kỹ thuật số xe điện áp hiện tại Meter Volt Detector Tester Monitor pane,https://www.lazada.vn/products/pdp-i3165157686.html,18.400 ₫,4.0,38 Đã bán
"Sound Card K10 Sound Card Thu Âm Hỗ Trợ Điều Chỉnh Giọng Hát Tối Ưu - Đầy Đủ Kết Nối Condenser Mic 1 và 2, Headset, Monitor, Bluetooth, USB Mini- Bảo Hành 12 tháng",https://www.lazada.vn/products/pdp-i1892042214.html,450.000 ₫,5.0,60 Đã bán
Skechers_ Mới Nam Giày Thể Thao Sport D'Lux Walker Nam Giày Thể Thao Sport Vapor Foam Varien Thường Ngày Air-Cooled Memory Foam,https://www.lazada.vn/products/pdp-i2842200834.html,397.803 ₫,5.0,
Smart Sensor Màn Hình Hiển Thị IPS 3.5 Inch Màn Hình Phụ Màn Hình Mini Màn Hình Dọc Ngang Chuyển Đổi Cổng USB Kép Xoay 360 ° Cho Máy Tính Raspberry Pi Khung Máy Vi Tính ITX,https://www.lazada.vn/products/pdp-i1930676154.html,502.000 ₫,4.0,11 Đã bán
"Công Tắc Cảm Biến Chuyển Động Radar Vi Sóng Bc 05 - Tự Động Bật Tắt Đèn , Thiết Bị Khi Có Chuyển Động",https://www.lazada.vn/products/pdp-i2359212830.html,110.000 ₫,5.0,14 Đã bán
Đồng hồ thông minh Samsung Galaxy Watch 4 46 Classic GPS (46mm) New Seal R890 - Hàng Chính Hãng,https://www.lazada.vn/products/pdp-i2351047359.html,3.290.000 ₫,5.0,
"Thiết bị chuyển đổi bóng đèn thường thành bóng đèn cảm ứng tự động tắt mở khi trời sáng hoặc tối, công tắc cảm biến ánh sáng, Bảo Hành 1 đổi 1 công tắc cảm biến ánh sáng",https://www.lazada.vn/products/pdp-i600022457.html,24.200 ₫,4.0,174 Đã bán
Đẩy công suất 32 sò CADX CA32 biến áp xuyến chính hãng,https://www.lazada.vn/products/pdp-i2432883121.html,2.860.000 ₫,4.0,22 Đã bán
Nhẫn thông minh Smart Ring Parameters,https://www.lazada.vn/products/pdp-i2790643487.html,510.000 ₫,5.0,
Loa thông báo chuyển khoản MoMo,https://www.lazada.vn/products/pdp-i2991439543.html,350.000 ₫,,"8 Đã bán
Hà Nội"
[GIÁ RẺ QUỐC DÂN] LƯỚI SẮT TREO ĐỒ-LƯỚI SẮT LẮP GHÉP ĐA NĂNG GIÁ RẺ,https://www.lazada.vn/products/pdp-i1736585748.html,65.000 ₫,4.0,
Quần lót nam quần lót jocks Bikini quần lót sissy đồ lót có túi quần lót lọt khe thoáng khí trong suốt Đồ Lót Gợi Cảm đồ lót Bikini cạp thấp đồ lót xuyên thấu Quần lót lọt khe trong suốt quần lót sissy,https://www.lazada.vn/products/pdp-i2972928498.html,45.431 ₫,,
Đồng Hồ Thông Minh Zeblaze GTR 3 Pro - Màn hình Amoled 1.43Inch - Cuộc Gọi Bluetooth - Viền Kim Loại - Full Tiếng Việt - Hàng Chính Hãng,https://www.lazada.vn/products/pdp-i2626386720.html,549.000 ₫,,
JIALEMEIJIA | Máy Đo Huyết Áp Điện Tử Dạng Còng Tay,https://www.lazada.vn/products/pdp-i3219579429.html,912.000 ₫,,
[Hàng Cao Cấp] Thiết Bị Định Vị Xe Máy GPS Mini GF07 Ghi Âm Chống Thất Lạc Hỗ Trợ Hoạt Động Từ Xa Của Điện Thoại Di Động GPRS.,https://www.lazada.vn/products/pdp-i2202899229.html,250.000 ₫,4.0,75 Đã bán
CPU Core i5 10400F 11400F 12400F 13400F Tray bảo hành 36 tháng,https://www.lazada.vn/products/pdp-i2601050210.html,2.090.000 ₫,,
"(Quạt Ô Tô siêu mát lạnh) Quạt Đôi Ô Tô - Quạt Máy Đôi Mini 12V - 24V, Xoay 360 Tiện Ích Trên Ô Tô, Xe Hơi Cao Cấp",https://www.lazada.vn/products/pdp-i2660955165.html,88.000 ₫,4.0,344 Đã bán
2 Chiếc H3 Bóng Đèn LED Siêu Sáng Đèn Sương Mù Ô Tô 6000K DC 12V-24V Ngày Chạy Bộ Đèn Sương Mù Tự Động,https://www.lazada.vn/products/pdp-i2618360626.html,115.700 ₫,4.0,62 Đã bán
Đồng hồ WATCH GT4 size 46mm màn hình Amoled kết nối bluetooth theo dõi sức khỏe AHAI STORE,https://www.lazada.vn/products/pdp-i2732034534.html,499.000 ₫,,
CPU Intel Core i3-12100 Chính Hãng,https://www.lazada.vn/products/pdp-i1984911575.html,4.750.000 ₫,5.0,
"Đèn Pha Ô Tô LED Infitary H7 H4 H11 H1 6500K Siêu Sáng 30000LM, Bóng Đèn Xe Máy Với Quạt Làm Mát, Bộ Dụng Cụ Lắp Đặt Đa Năng",https://www.lazada.vn/products/pdp-i2562803369.html,128.700 ₫,5.0,509 Đã bán
ANENG DM3005B Máy Dò Kim Loại Thợ Săn Kho Báu Pro Di Động Máy Dò Tiền Xu Dưới Lòng Đất Với Thiết Bị Xác Định Màn Hình LCD Màu Đen,https://www.lazada.vn/products/pdp-i3192952331.html,207.000 ₫,5.0,6 Đã bán
"(Mới) Máy Phiên Dịch Corisu F19- Dịch142 ngôn ngữ Hỗ trợ dịch thuật cuộc gọi video, phiên dịch đồng thời cuộc họp đa quốc gia",https://www.lazada.vn/products/pdp-i2932483419.html,2.960.100 ₫,5.0,607 Đã bán
"(Chính Hãng) Loa MoMo - Tiền Về Ngân Hàng Ngay, Hỗ Trợ VIP 24/7",https://www.lazada.vn/products/pdp-i3049712624.html,329.000 ₫,4.0,15 Đã bán
0.28 inch DC 0-100V 3-Wire Mini Gauge voltage meter Voltmeter LED Display Digital Panel Voltmeter Meter Detector Monitor Tools,https://www.lazada.vn/products/pdp-i1705316005.html,17.500 ₫,4.0,378 Đã bán
[Một Cái] Chân Loa Kiểm Âm Để Bàn Soundking DF146 - Speaker Stand Studio Monitor,https://www.lazada.vn/products/pdp-i2602435470.html,680.000 ₫,,
Đồ chơi Titan TV Man Tương thích với Mrs Audioman Toilet Man vs Monitor Khối xây dựng lắp ráp,https://www.lazada.vn/products/pdp-i2919484793.html,139.000 ₫,,
Máy lọc khử mùi xe hơi hàng nội điạ nhật (made in japan),https://www.lazada.vn/products/pdp-i2491913659.html,530.000 ₫,4.0,25 Đã bán
Bóng đèn Halogen Philips HS1 chân H4 nhập khẩu Đức tăng 30% độ sáng Kim hoàng kim,https://www.lazada.vn/products/pdp-i238085110.html,125.000 ₫,4.0,972 Đã bán
MENGMIAN | Giá Đỡ Màn Hình,https://www.lazada.vn/products/pdp-i3206474599.html,79.000 ₫,4.0,
"Công tắc từ xa điều khiển từ xa bật tắt đèn quạt RF86 xuyên tường đa năng tiện dụng an toàn thiết kế sang trọng lắp đặt dễ dàng, công tắc thông minh",https://www.lazada.vn/products/pdp-i2382723524.html,21.200 ₫,4.0,645 Đã bán
"Chest Belt Strap for Polar Wahoo Garmin for Sports Wireless Heart Rate Monitor,Black",https://www.lazada.vn/products/pdp-i2301311702.html,113.600 ₫,,
Rèm cách nhiệt dạng ống lồng tự động rèm che nắng có thể thu gọn gắn xe hơi tấm che nắng cách nhiệt chống nắng mùa hè rèm che nắng tự động thu gọn dễ lắp đặt rèm cửa sổ xe hơi tấm che nắng tự động thu gọn,https://www.lazada.vn/products/pdp-i2938696827.html,58.955 ₫,5.0,19 Đã bán
"TingBox - Loa thanh toán QR Code thông minh thế hệ mới nhất - Tiền về thẳng ngân hàng AGRIBANK, không qua trung gian, Free mọi loại phí",https://www.lazada.vn/products/pdp-i3082940364.html,658.000 ₫,,
Keo tản nhiệt CPU Arctic mx4 4g 8gb dùng cho pc laptop vga giải nhiệt nhanh,https://www.lazada.vn/products/pdp-i2779078831.html,65.000 ₫,5.0,100 Đã bán
Máy tính Mini PC Intel NUC DN2820FYK - Intel N2830 Ram 4G SSD 128G,https://www.lazada.vn/products/pdp-i2815335465.html,1.470.000 ₫,5.0,
"Màn hình LCD Led 8inch MONITOR Model 1208 củ sọc màn hình ảnh bo còn chạy ok bán cho a,em về thay màn hay lấy bo chế qua màn khác,thay cho máy 8in màn còn hư bo..v..Dùng cho máy tính PC,laptop,kính hiển vi,máy nội soi,máy dò đồng bộ,máy đóng tab tivi...",https://www.lazada.vn/products/pdp-i2102249650.html,400.000 ₫,,
Loa Âm trần,https://www.lazada.vn/products/pdp-i2408122225.html,240.000 ₫,,"5 Đã bán
Hồ Chí Minh"
Super Clamp Camera Clamp Mount Multifunctional Monitor Mount Bracket Super Clamp With 1/4” Thread For Magic Arm,https://www.lazada.vn/products/pdp-i2668894645.html,69.159 ₫,,
"Phim màn hình máy tính xách tay 14,6/15,6 inch HD Phim vật nuôi có độ phân giải cao",https://www.lazada.vn/products/pdp-i2518168499.html,7.200 ₫,4.0,
PHỚT ÁP LỰC TCV - PHỚT LẮP ĐẦU BƠM - HIỆU NAK TAIWAN,https://www.lazada.vn/products/pdp-i2410030507.html,100.000 ₫,5.0,25 Đã bán
[ Hỏa tốc HN - HCM ] Nhiệt ẩm kế Xiaomi Mijia gen 2 (Mi Temperature and Humidity Monitor 2) - NUN4126GL - Bluetooth,https://www.lazada.vn/products/pdp-i2071413634.html,88.000 ₫,4.0,719 Đã bán
Đồng hồ camera H6 mini,https://www.lazada.vn/products/pdp-i2745488758.html,399.000 ₫,,
"MENGMIAN | Đèn Dải LED RGB Tạo Không Khí Rhythm-Pickup cho TV/Màn Hình Máy Tính, Đèn Dán USB",https://www.lazada.vn/products/pdp-i3206526487.html,192.000 ₫,,
Bộ Adapter chuyển đổi nguồn điện 220V sang 12V 6A/8A/10A dạng tẩu dùng cho máy bơm hút bụi ô tô xe máy,https://www.lazada.vn/products/pdp-i2660045161.html,129.000 ₫,4.0,230 Đã bán
Giá đỡ điện thoại di động người lười bằng kim loại 360 ° Xoay gấp di động Máy tính để bàn đa chức năng Ảnh trực tiếp Hỗ,https://www.lazada.vn/products/pdp-i3014487246.html,18.900 ₫,4.0,
1 cặp loa treble huyndai tháo xe = 2 cái mới 90% từ neo đường kính 3.5cm giá 50k cặp,https://www.lazada.vn/products/pdp-i2418663243.html,40.000 ₫,4.0,137 Đã bán
VEIKK Studio VK2200Pro Drawing Pen Display Graphic Monitor IPS Monitor 8192 Level Pen Pressure Drawing Pen Tablet Dual Monitor with 2 Customized Quick Dials 8 Express Keys and Adjustable Stand 21.5 Inch-VEIKK VK2200 PRO,https://www.lazada.vn/products/pdp-i1760365440.html,11.499.000 ₫,5.0,6 Đã bán
Lutian | Máy Rửa Xe Di Động Công Suất Cao,https://www.lazada.vn/products/pdp-i3205134597.html,1.500.000 ₫,4.0,39 Đã bán
Máy Đo Huyết Áp Omron HEM-7600T | Omron Blood Pressure Monitor HEM-7600T,https://www.lazada.vn/products/pdp-i2855784914.html,3.119.000 ₫,,
Đèn Trợ Sáng Aozoom Ex4 Chính Hãng Bảo Hành 2năm,https://www.lazada.vn/products/pdp-i3232758153.html,2.500.000 ₫,,
"[New] Kính Thông Minh Bluetooth 5.2 Nghe Nhạc Kính Phân Cực Chống UV, Kết Nối Gọi Rảnh Tay Và Nghe Nhạc Cực Tiện AE0N Vietnam Ho Chi Minh City",https://www.lazada.vn/products/pdp-i3178408712.html,236.159 ₫,5.0,33 Đã bán
"Combo màn hình OLEDPRO X4 kèm mặt dưỡng,dây nguồn zin cho xe TOYOTA CAMRY 2013-2014 - màn hình cảm ứng bluetooth xe ô tô, màn hình dvd android cho ô tô, phụ kiện trên xe ô tô, camera hanh trinh 360",https://www.lazada.vn/products/pdp-i2129207492.html,3.250.000 ₫,,
"Hoodie Sweater Team Formula One F1 Balap Racing - Maroon, 3XL",https://www.lazada.vn/products/pdp-i3121926778.html,240.000 ₫,,
BTS Tinytan Monitor Figure,https://www.lazada.vn/products/pdp-i2364265533.html,421.397 ₫,,
"Bộ Nguồn cao cấp cho camera giám sát 12V - 2A có IC giải nhiệt, đủ nguồn và ổn định",https://www.lazada.vn/products/pdp-i2807230278.html,25.000 ₫,4.0,198 Đã bán
Osram H1 Halogen Bulb 24v Truck Far/Close Light 70w Original Ultra Bright Car Headlight Single Pack Halogen Light Source,https://www.lazada.vn/products/pdp-i3233267167.html,178.000 ₫,,"90 Đã bán
China"
Sản phẩm gia đình làm: Chia hơi Z27 ren M22 6 đường hơi DF375,https://www.lazada.vn/products/pdp-i1067504896.html,248.900 ₫,,
Magene H603 Máy đo nhịp tim Đi xe đạp Di chuyển Kiến Bluetooth Cảm biến ngực Dây đeo máy tính Xe đạp Wahoo Garmin BT Thể thao,https://www.lazada.vn/products/pdp-i1700610723.html,807.300 ₫,5.0,35 Đã bán
"HiFiGo Kefine Delci IEMs, Sinngle 10mm Dynamic Driver in-Ear Monitors, 1DD DLC + PU Diaphgram in-Ear Earphones with Detachable 0.78mm 2pin Cable(3.5mm)",https://www.lazada.vn/products/pdp-i3201206075.html,999.999 ₫,,
Dimmable Desk Lamp Double Head Table Lamps USB Led Reading Light Stand Wide Monitor Lights for Computer Screen Study Office 24W,https://www.lazada.vn/products/pdp-i2489608621.html,387.860 ₫,5.0,12 Đã bán
Skechers_ Nữ Xăng Đan GOWalk 6 Sandal Walking On Sunshine - 141025-BKW,https://www.lazada.vn/products/pdp-i2128141760.html,227.803 ₫,5.0,33 Đã bán
X40G 2inch Mobile Screen Selfie Vlog Monitor Mini Sound Version Remote Photography Bluetooth Projection,https://www.lazada.vn/products/pdp-i3204520269.html,651.577 ₫,,
Hamrol 360 ° WIFI Indoor Home Baby Monitor 5X Zoom One Click Call Video Call Camera Color Night Vision Visual Intercom CCTV Security Camera,https://www.lazada.vn/products/pdp-i2621272590.html,430.396 ₫,,
P&N Hộ gia đình DOPPLER thai nhi Heart Rate Monitor cho bé mang thai nhịp tim Detector lcddisplay Pulse Meter không có bức xạ ống nghe,https://www.lazada.vn/products/pdp-i3105154669.html,114.785 ₫,5.0,
(IKPS) 2.8inch LCD Video Baby Monitor 2.4G Wireless Security Baby Camera 2-Way Talk Night Vision Temperature Baby Cry Alarm,https://www.lazada.vn/products/pdp-i2759008974.html,979.491 ₫,,
[Một Cặp] Chân Loa Kiểm Âm Để Bàn Soundking DF146 - Speaker Stand Studio Monitor,https://www.lazada.vn/products/pdp-i2602459289.html,1.360.000 ₫,,
Maxgtrs 2 cái H7 LED với Fan 20000LM gắn đầu siêu sáng ánh sáng đèn pha xe hơi với Fan Turbo mini thiết kế ô tô đèn pha 12V 110 Wát,https://www.lazada.vn/products/pdp-i2696252270.html,434.293 ₫,5.0,10 Đã bán
Da cừu thật Miếng đệm tai cho Marshall Monitor 2 anc Thiết bị thay thế cho tai nghe Miếng đệm tai bịt tai earmuffs,https://www.lazada.vn/products/pdp-i2635712050.html,71.000 ₫,,"7 Đã bán
China"
CIMABUE Deodorant cover Sealing silicone Sink Deodorizer Floor Cover Thick Household Sewer Anti-insect Home Plumbing Facilities Bathroom,https://www.lazada.vn/products/pdp-i2057349202.html,10.395 ₫,4.0,454 Đã bán
Ốp nắp xăng Raize 2021-2023 mạ crom chống trầy trang trí ô tô,https://www.lazada.vn/products/pdp-i3227932962.html,189.000 ₫,,
VESA Mount for Mini PC Mini-Host Hanging Bracket VESA Holder PC Monitor Two Screen Mounted Tablet Pad Mounting Rack,https://www.lazada.vn/products/pdp-i2167728695.html,137.319 ₫,5.0,
Kính chiếu hậu gấp phần động cơ Bộ đồ nghề điện-Bộ đầy đủ cho trái và phải X5 E53 E46 1999-2006 gương chiếu hậu thay thế,https://www.lazada.vn/products/pdp-i3141749398.html,501.411 ₫,,
Loa thông minh OLLI MAIKA,https://www.lazada.vn/products/pdp-i1574045929.html,2.390.000 ₫,4.0,471 Đã bán
SUOBAI | Giá Đỡ Điều Chỉnh Chiều Cao cho Màn Hình Máy Tính Văn Phòng Gia Đình,https://www.lazada.vn/products/pdp-i3219534929.html,93.000 ₫,4.0,
AENVTOL 2x Xi Nhan CANBUS T20 7440 W21W 7443 W21/5W SRCK LED Hỗ Đèn Chạy Ban Ngày Ánh Sáng Phanh Đuôi Xe Nhan Đa Năng Phù Hợp Với,https://www.lazada.vn/products/pdp-i2465380733.html,225.000 ₫,4.0,103 Đã bán
"ZHIXIANSHANG | Dây Đeo Theo Dõi Sức Khỏe Thông Minh với Đo Glucose, Axit Uric, Cholesterol, Huyết Áp, Oxy trong Máu, ECG, Nhiệt Độ, HRV",https://www.lazada.vn/products/pdp-i3220430279.html,5.972.000 ₫,4.0,
LI-TOP Theo dõi chống mất thông minh với định vị toàn cầu cho các mặt hàng và vật nuôi,https://www.lazada.vn/products/pdp-i3155324671.html,77.000 ₫,5.0,18 Đã bán
Tuya 4MP Máy ảnh bảo mật tại nhà hai chiều Audio Wireless Mini Camera Night Vision Cctv Camera WiFi Monitor Baby,https://www.lazada.vn/products/pdp-i2299967382.html,177.840 ₫,4.0,36 Đã bán
"Đèn Bi LED Mini X-Light V12 Hyper chân H4 | Đèn pha cos ô tô ánh sáng mạnh, cắt cos chuẩn nét - Lắp zin - Auto365 Store",https://www.lazada.vn/products/pdp-i3210760399.html,3.000.000 ₫,,
ZTZPIE 280W Màu Trắng Tinh Khiết 6000K LED Bóng Đèn Pha 100000LM H7 H4 H11 9005HB3 9006 HB4 H1 9012 CSP Xi Nhan CANBUS Tương Thích Xe Sương Mù 2 Chiếc,https://www.lazada.vn/products/pdp-i2618111411.html,234.750 ₫,4.0,74 Đã bán
Đồ trang trí Giáng sinh Búp bê cây thông Noel sang trọng dễ thương Trang trí tiệc tại nhà TR2-VN,https://www.lazada.vn/products/pdp-i2932008773.html,69.000 ₫,5.0,44 Đã bán
Loa Thông Minh Amazon Echo Dot 5 Tích Hợp Trợ Lý Ảo Alexa - Hàng Chính Hãng - BH 1 Năm - Có Xuất VAT,https://www.lazada.vn/products/pdp-i1206678015.html,1.650.000 ₫,5.0,Priority Instant
E-WOITD Có thể điều chỉnh bàn Monitor Rack chủ PC màn hình đứng máy tính để bàn máy tính hiển thị đứng cho văn phòng Studio làm việc nghiên cứu sinh viên,https://www.lazada.vn/products/pdp-i3175203290.html,126.748 ₫,,
VGA AMD RX 5600 6Gb Phamtom 2 Fan Bh 1 Tháng -RX5600,https://www.lazada.vn/products/pdp-i2877206661.html,3.050.000 ₫,5.0,
Camera lùi + Camera gắn gương chiếu hậu kèm màn hình gấp 4.3 inch cao cấp - Car Rearview LCD Monitor,https://www.lazada.vn/products/pdp-i286940031.html,708.400 ₫,4.3,
ART BOX | Artbox/Pinepia Vivobook S 16X S5602ZA-L2066 WIN11 RAM 24GB kèm miếng lót bàn phím kháng khuẩn,https://www.lazada.vn/products/pdp-i3228191457.html,495.000 ₫,,
Xier | Bút Sáng UV 395nm,https://www.lazada.vn/products/pdp-i3206506502.html,89.000 ₫,4.0,
Skechers_ Go Walk 5 Women Sandal Foamies Cali Surf Shoes PINK Giày Dép Nữ Cali,https://www.lazada.vn/products/pdp-i2840588062.html,137.803 ₫,4.0,26 Đã bán
Cáp Chuyển Đổi DP Sang VGA Độ Nét Cao DisplayPort Adapter Computer Graphics Card Connection Line TV Projector 1080p Laptop Host External Monitor 1307T,https://www.lazada.vn/products/pdp-i3233629388.html,85.000 ₫,,
Kính Đi Đường Đổi Màu VA MEGANET Chống Bụi Ngăn Tia UV400 Nam Nữ Dành Cho Người Đi Đường,https://www.lazada.vn/products/pdp-i3222100924.html,160.000 ₫,,
Tai Nghe Kiểm Âm Nhét Tai In ear NMC-AUDIO QKZ60-IEM Studio Monitor Headphones QKZ60,https://www.lazada.vn/products/pdp-i3150564796.html,280.000 ₫,,
MG1395 Đồ chơi lắp ráp SKIBIDI TOILET toilet man Vs monitor man 1395,https://www.lazada.vn/products/pdp-i2944777297.html,125.000 ₫,,
Kính Chống Bụi Đổi Màu Cao Cấp CROSSOVER Bản To Chắn Gió Bụi Ngăn Tia UV400 Làm Dịu Mắt | VACB-04,https://www.lazada.vn/products/pdp-i3222395200.html,252.000 ₫,,
Titan TV Man phiên bản nâng cấp 3.0 tương thích với Lego Monitor và Toilet Man đồ chơi lắp ráp khối,https://www.lazada.vn/products/pdp-i2945605503.html,105.000 ₫,3.0,
Laleader NP-F970 NP-750 NP-F550 Pin cho LED phổ biến đèn chiếu sáng phụ \ Monitor Li-ion pin 6600mAh 4400mAh 2200mAh np970 np750 NP550,https://www.lazada.vn/products/pdp-i2576262914.html,261.000 ₫,5.0,13 Đã bán
Spider Toilet Man Vs. Biochemical Monitor Man Titan Dual-Edged TV Camera Person Assembly Block Model Đồ Chơi Lắp Ráp,https://www.lazada.vn/products/pdp-i2518730535.html,120.000 ₫,3.0,37 Đã bán
muRata CR2032W Horizontal T6 Foot CR2032HR Tire Pressure Monitor Sensor Battery 3V Snap Type CR2032A Durable Button Cell Battery,https://www.lazada.vn/products/pdp-i3164873012.html,85.000 ₫,,"30 Đã bán
China"
Maxgtrs 2 cái ô tô H7 H11 H8 HB3 HB4 9005 9006 đèn pha xe hơi Laser máy chiếu mini ống kính ánh sáng tự động đèn LED sương mù 3000K vàng LED,https://www.lazada.vn/products/pdp-i2696578556.html,268.356 ₫,5.0,83 Đã bán
[beauty] Có thể điều chỉnh bàn Monitor Rack chủ PC màn hình đứng máy tính để bàn máy tính hiển thị đứng cho văn phòng Studio làm việc nghiên cứu sinh viên,https://www.lazada.vn/products/pdp-i3164944644.html,116.317 ₫,,
[HCM]Main h81 Msi - hàng zin đủ Fe chặn,https://www.lazada.vn/products/pdp-i450640562.html,310.000 ₫,3.0,52 Đã bán
Laptop Privacy Screen Protector Anti Glare Monitor Privacy Protection Film for 12-27inch Desktop PC,https://www.lazada.vn/products/pdp-i1758359142.html,194.848 ₫,4.0,71 Đã bán
Nano phục hồi đa năng phục hồi tái tạo nhựa bị lão hóa bạc màu tạo lại độ sáng bóng như mới Ô TÔ và Xe Máy.,https://www.lazada.vn/products/pdp-i2070285237.html,100.000 ₫,5.0,379 Đã bán
"Thùng PC full led, đẹp tặng phụ kiện",https://www.lazada.vn/products/pdp-i3193083998.html,1.500.000 ₫,,
ốp chìa khoá Kia Chìa khóa xe picanto stonic buổi sáng Seltos cerato rio Seltos SX 2024 K3 K5 sonet 2024 2025 Sportage vỏ chìa khoá ô tô bọc chìa khoá smartkey,https://www.lazada.vn/products/pdp-i3146336341.html,116.390 ₫,,
PHỤ GIA NANO ENOMAX VỆ SINH ĐỘNG CƠ 90ML,https://www.lazada.vn/products/pdp-i3101809106.html,26.000 ₫,5.0,83 Đã bán
Nguồn Ngoài Trời 12V hàng chất lượng cao 33A 42A 58A 67A chống mưa chống bụi chuyên dùng ngoài trời,https://www.lazada.vn/products/pdp-i1800159173.html,230.000 ₫,4.0,267 Đã bán
"Chai xịt bọt vệ sinh đa năng nội thất, ghế da, trần nỉ ô tô CAMEL",https://www.lazada.vn/products/pdp-i2599747811.html,29.000 ₫,4.0,
DÂY NGUỒN MÀN HÌNH MÁY TÍNH XIAOMI REDMI DESKTOP MONITOR 1A 23.8 INCH,https://www.lazada.vn/products/pdp-i2709710647.html,270.000 ₫,,
Ban Đầu Tda7388 Bộ Khuếch Đại Công Suất Cao Chip Âm Thanh Ic Chèn Thẳng Âm Thanh Xe Ô Tô Chợ Chính Hãng Sản Phẩm Thương Hiệu Khác,https://www.lazada.vn/products/pdp-i2830196733.html,21.000 ₫,,
Nguồn Tổ Ong 12V - 30A Có Quạt Mới 100%,https://www.lazada.vn/products/pdp-i1329526842.html,172.900 ₫,4.0,277 Đã bán
Hộp đều khiển động cơ MATIZ 1.2.3 1999-----2007,https://www.lazada.vn/products/pdp-i3035585113.html,1.300.000 ₫,1.2,
Đèn led bi cầu mini MT T9 bản cao cấp 2024 chân h4,https://www.lazada.vn/products/pdp-i2930807118.html,135.000 ₫,4.0,105 Đã bán
YEHUO | Màn Hình Cảm Ứng Dung Liệu TFT 4.3 Inch 480*272 Giao Diện UART,https://www.lazada.vn/products/pdp-i3194758362.html,690.000 ₫,4.3,
LR:5060120 HD627138 LR:506480 HD499271 One-Netbook OneMix2 OneMix2S OneMix 3 3S 3Pro 4 OneXplayer 1 2 GX1 ONE-GX Pro,https://www.lazada.vn/products/pdp-i2802850239.html,633.640 ₫,,
"Chai xịt mỡ bò bảo dưỡng sên (xích) không cần tháo rời,chống rỉ sét,ăn mòn NPR JAPAN 500ML",https://www.lazada.vn/products/pdp-i2701564417.html,55.000 ₫,5.0,255 Đã bán
"PC Gaming Bể Cá Xeon chiến Game, Chạy nhiều Tab Giả lập, Máy ảo, Đồ Hoạ, Render Video - Bảo hành 12 Tháng",https://www.lazada.vn/products/pdp-i2521978231.html,5.590.000 ₫,5.0,
֎Đồng hồ Smart Watch hoco Y18 (Đen)(220g) Bảo hành 12 tháng,https://www.lazada.vn/products/pdp-i2658775329.html,503.000 ₫,,
֎Đồng hồ Smart Watch hoco Y17 (Bạc)(220g) Bảo hành 12 tháng,https://www.lazada.vn/products/pdp-i2658801427.html,438.000 ₫,,
Titan TV Man Epic Enhancement 3.0 Tương thích với Lego Toilet Man và Monitor Man Khối xây dựng Đồ chơi lắp ráp,https://www.lazada.vn/products/pdp-i2945544000.html,105.000 ₫,5.0,
Mini Handheld Mini ITX Chassis Ultra Small Main Box Small 1U Power Computer Desktop Case Wind Cooling Steel New Other,https://www.lazada.vn/products/pdp-i2528960330.html,480.000 ₫,5.0,645 Đã bán
Quạt tản nhiệt điện thoại JS86 AI PRO Sò lạnh giá rẻ 2026 tăng fps gaming liên quân công suất 15W led RGB Màn Hình HIển Thị,https://www.lazada.vn/products/pdp-i3230379249.html,191.400 ₫,,
( Giảm hết ) Skibidi Mutant Toilet Man vs. Audio Man TV Man vs. Monitor Man Đồ chơi lắp ráp các khối xây,https://www.lazada.vn/products/pdp-i2944520905.html,108.000 ₫,5.0,
Natural Sri Lanka Reddish Sapphire AAA Gemstone Corundum Bart Parade Morganite Pink Stone DIY Jewelry,https://www.lazada.vn/products/pdp-i1203520958.html,15.999 ₫,4.0,834 Đã bán
Đồ chơi Titan TV Man Tương thích với Mrs Audioman Toilet Man vs Monitor Khối xây dựng lắp ráp,https://www.lazada.vn/products/pdp-i2919591498.html,139.000 ₫,,
Loa đọc thông báo thanh toán QR dành cho nhà bán hàng - Tiền về thẳng tài khoản ngân hàng VIB - Miễn mọi loại phí,https://www.lazada.vn/products/pdp-i3189527005.html,657.000 ₫,,
MOES Tuya ZigBee Công Tắc Đèn Thông Minh Hoa Kỳ Gắn Tường Nút Nhấn Tương Thích Với Alexa Google Home Dây Trung Tính/Không Cần Dây Trung Tính,https://www.lazada.vn/products/pdp-i2843208893.html,254.000 ₫,5.0,550 Đã bán
6 in 1 PM2.5 PM10 HCHO TVOC CO CO2 Air Quality Detector CO CO2 Formaldehyde Monitor Home Office Air Quality Tester,https://www.lazada.vn/products/pdp-i2103734048.html,361.331 ₫,4.0,84 Đã bán
YOOSEE 3D VR 360 Degree Panoramic Camera 360 Degree Wifi Camera Smart Baby Monitor IP Camera Wireless Mini Fisheye Panoramic CCTV Indoor Security P2P Home Security,https://www.lazada.vn/products/pdp-i2027865375.html,672.405 ₫,4.0,168 Đã bán
Google 4K Chromecast G F Screen Projection Connections TV Monitors Projectors,https://www.lazada.vn/products/pdp-i2721976217.html,192.519 ₫,5.0,11 Đã bán
Giá Đỡ Màn Hình Máy Tính Zeno Wall-Mounted Rotatable Và Thẳng Giá Đỡ Màn Hình TV Universal Giá Đỡ Màn Hình LCD/LED/Monitor,https://www.lazada.vn/products/pdp-i1903355266.html,417.000 ₫,5.0,
UPC1237 Speaker Protection Board Audio Speaker Relay Protection Boot Delay DC Monitor,https://www.lazada.vn/products/pdp-i3206701169.html,208.000 ₫,,
Tuya WiFi 10-in-1 Air Quality Monitor Formaldehyde Temperature Humidity Tester CO 2 Detector with Bracket,https://www.lazada.vn/products/pdp-i3219856125.html,661.474 ₫,,
Bnmagic đèn sương mù dây cố định đường điện cho Cadillac Escalade 2007-14 esv Ext 6.0L 6.2L,https://www.lazada.vn/products/pdp-i3154142298.html,162.000 ₫,,
Outdoor Unisex Adult Bike Helmet with Thicken Chin Pad 150kg Bearing Helmet Adult Helmet for Mountain Bike TF-Ebe-VN,https://www.lazada.vn/products/pdp-i2994607448.html,99.000 ₫,4.0,101 Đã bán
20Inch Adjustable Articulating Friction Magic Arm with Hot Shoe Mount for LED Light DSLR Rig LCD Monitor,https://www.lazada.vn/products/pdp-i3227494872.html,372.000 ₫,,
Cute Sweet Mini Candy Machine Bubble Dispenser Machine Coin Toys For Educational Game HK-VN,https://www.lazada.vn/products/pdp-i2996964742.html,51.000 ₫,,
Bolehdeals phát hiện chất huỳnh quang Bút phát hiện công cụ Quà Tặng di động tiết lộ tiền tệ độ sáng cao kiểm tra tiền tệ,https://www.lazada.vn/products/pdp-i3092527725.html,291.000 ₫,,
Youth Soccer Shin Pads Protector Tear-Resistant Calf Protective Pads for Boys Girls Toddler Kids Teenagers JS-001-VN,https://www.lazada.vn/products/pdp-i2956260397.html,18.000 ₫,5.0,
"Monitor Stand-Computer Monitor Stand Tube Strap, Suitable for Desktop Storage and Office Supplies",https://www.lazada.vn/products/pdp-i2701406114.html,97.958 ₫,,
Wireless in Ear Monitor System 2.4G Wireless IEM System Transmitter Receiver Support Stereo Mono Singer Studio,https://www.lazada.vn/products/pdp-i2910859550.html,779.746 ₫,,
"USB C to HDMI Adapter, Type c OTG 3 in 1 Hub, 4k HDMI & PD Fast Charging USB C To HDMI USB Hub Type C Female Converter RUIJA",https://www.lazada.vn/products/pdp-i3031721361.html,75.030 ₫,5.0,6 Đã bán
RAM DDR2 KINGMAX 2G Bus 800 dùng cho PC,https://www.lazada.vn/products/pdp-i230499472.html,99.000 ₫,3.0,129 Đã bán
Đồng Hồ Cơ Tự Động Với Dây Đeo Da Cá Tính Cho Nam GR4-VN,https://www.lazada.vn/products/pdp-i3067639612.html,48.000 ₫,5.0,8 Đã bán
Băng Tần Kép WiFi 5 PCI-E Không Dây AC1200 2.4G/5GHz 802.11AC Card Mạng Có Bluetooth 4.0 Cho Máy Tính Để Bàn Laptop Windows 10,https://www.lazada.vn/products/pdp-i2760826055.html,201.000 ₫,5.0,
Tấm Phủ Bàn Ủi Có Đệm Phủ Bạc Thông Dụng Tại Nhà Tấm Phủ Chịu Nhiệt Nặng,https://www.lazada.vn/products/pdp-i2111819898.html,85.960 ₫,3.0,11 Đã bán
1Pcs TPMS Tire Pressure Monitor Fit for 407004CB0B 407004CB0A,https://www.lazada.vn/products/pdp-i3180369425.html,184.700 ₫,,
+NEW Thích hợp cho Kia Sportage / Sorento Giá đỡ trượt cửa sổ trời 81651-1P000 81652-1P000,https://www.lazada.vn/products/pdp-i3178095761.html,215.572 ₫,,
2023 New Cycling Shoes Men MTB Sneakers Mountain Bike Shoes SPD Cleats Road Bicycle Shoes Sports Outdoor Training Bicycle Sneakers,https://www.lazada.vn/products/pdp-i2411901469.html,411.467 ₫,5.0,50 Đã bán
Portable Monitor Stand 360 Adjustable Free Lifting Monitor Stand Desk Monitor Support Laptop Universal,https://www.lazada.vn/products/pdp-i2769808263.html,371.216 ₫,,
Cuộc Sống Không Thấm Nước Bảo Vệ Trường Hợp Đối Với Apple Airttag Với nhãn dính Núi Bìa Tương Thích Với Apple Airtag Trackers Chống Sốc Bảo Vệ Trường Hợp,https://www.lazada.vn/products/pdp-i2400405349.html,32.991 ₫,4.0,73 Đã bán
(BYTX) KWS-065C Type-C USB-C 4-30V Voltage Meter Timing Ammeter Digital Monitor USB Charger Tester Power Meter Voltage Tester Current,https://www.lazada.vn/products/pdp-i3044034742.html,121.600 ₫,,
"Đồng thông minh ngoài trời COLMI P76 1.96"" cho nam, có chức năng gọi Bluetooth, chống nước 3ATM IP68, đồng hồ thể thao",https://www.lazada.vn/products/pdp-i3190091200.html,435.040 ₫,,
Compatible With LEGO Astro Hunter Titan Gman 5.0 Toilet Man Samurai Monitor Duke Eastern European Monitor by,https://www.lazada.vn/products/pdp-i3168877674.html,214.578 ₫,5.0,
643 Chiếc Moc Skibidi Toilet Titan Titan Siren Titan Monitor Khối Xây Dựng Đồ Chơi Bé Trai Quà Tặng Sinh Nhật,https://www.lazada.vn/products/pdp-i2944794233.html,125.000 ₫,1.0,
Round Ceramic Flower Pots Small Glazed Plant Flower Pot for Indoor Flowers Cactus Herbs Aloes JRA-VN,https://www.lazada.vn/products/pdp-i2954958666.html,51.000 ₫,5.0,11 Đã bán
Cảm Biến Thông Minh Trong Nhà Máy Đo Độ Ẩm Ther-Mometer Độ Ẩm Đo Monitor Với Tem-Perature-10 °C-70 °C (14 °F-158 °F) Và Độ Ẩm 10% RH-99 % RH Cảm Biến,https://www.lazada.vn/products/pdp-i1704524216.html,48.000 ₫,4.0,384 Đã bán
E-WOITD Thông minh cắm Wifi Ổ cắm EU 16A 20A với Power Monitor chức năng thời gian tuya cuộc sống thông minh app điều khiển làm việc với Alexa Google nhà,https://www.lazada.vn/products/pdp-i3131726030.html,102.869 ₫,,
Sỉ Đồ Chơi Lắp Ráp Skibidi Toilet Titan Gatling Camera Man v3 Monitor Man TV Man Drill Man Clock Man Audio Man Rẻ,https://www.lazada.vn/products/pdp-i2944834155.html,132.000 ₫,,
Professional 3 in 1 Test TDS/PH/TEMP Water Quality Monitor TDS Tester Kit for Pools Drinking Water Acidometer,https://www.lazada.vn/products/pdp-i388066165.html,276.058 ₫,5.0,110 Đã bán
"Kệ màn hình máy tính, Kệ Tivi Dài 80 cm, Gỗ uốn cong Plyconcept Monitor Stand U800",https://www.lazada.vn/products/pdp-i1963603096.html,430.000 ₫,5.0,28 Đã bán
Maxgtrs 2X H4 H7 H11 H8 LHD Đèn Pha Led ống kính Mini Máy chiếu 9005/9006 HB3 HB4 tự động chùm sáng thấp bóng đèn CANBUS cho xe hơi/động cơ 12V 90W 12000lm,https://www.lazada.vn/products/pdp-i2696884662.html,403.364 ₫,5.0,21 Đã bán
[Chính Hãng] Tai Nghe Kiểm Âm Audio Technica M20X - Studio Monitor Headphones Professional ATH-M20X ATHM20X,https://www.lazada.vn/products/pdp-i2602456228.html,1.450.000 ₫,5.0,
Type-C/USB Tester 2303C Current and Voltage Monitor Multi-function Digital Display DC Voltage Ammeter Power Meter Cell Phone Charging Tester,https://www.lazada.vn/products/pdp-i2680698984.html,161.652 ₫,5.0,
20pcs Oral Care Interdental Brush with Soft Bristles Easy to Use Tooth Cleaning Tool for Men & Women Oral Care AiOO-VN,https://www.lazada.vn/products/pdp-i3026620899.html,27.000 ₫,,"60 Đã bán
China"
"(Tặng vòi xịt) Tẩy Rửa Đa Năng UNITECH 850ml Motobike Cleaner - Rửa Sên, Vệ sinh Nhông sên dĩa, lốc máy, dầu nhớt lâu năm, sườn xe, dây điện",https://www.lazada.vn/products/pdp-i2582948897.html,54.000 ₫,5.0,270 Đã bán
"(Tặng vòi xịt) Tẩy rửa đầu bò, lốc máy không chạm SUPER CLEAN PRO 500ML",https://www.lazada.vn/products/pdp-i2334042111.html,29.000 ₫,4.0,
4Pcs Programmable MX Sensor for Tool TS408 TS508 ITS600 315MHZ+433MHz 2 in 1 TPMS Tire Pressure Sensor Monitor,https://www.lazada.vn/products/pdp-i2902046714.html,886.720 ₫,5.0,6 Đã bán
"Máy Phiên Dịch Ngôn Ngữ CORISU P60 dịch 2 chiều (Tặng tai nghe) Trình dịch đa chức năng màn hình lớn, ngoại tuyến 18 ngôn ngữ",https://www.lazada.vn/products/pdp-i2932421866.html,2.069.100 ₫,5.0,339 Đã bán
"Phiên bản video bộ chuyển đổi không dây Carplay/Android Auto, kết nối có dây sang không dây, ổn định và mượt mà hơn, có thể xem YouTube/Netflix/TikTok",https://www.lazada.vn/products/pdp-i3109919520.html,699.000 ₫,5.0,24 Đã bán
"Nano bạc tạo khói khử khuẩn MC Pharma (1 lít) - Tinh dầu Nano bạc xông khói khử mùi ô tô, phun khói diệt khuẩn nhà cửa",https://www.lazada.vn/products/pdp-i2159349834.html,99.000 ₫,4.0,533 Đã bán
"Xà bông bọt tuyết rửa xe SUPER FOAM (5 lít) - Nước rửa xe ô tô, xe máy bọt tuyết đậm đặc, siêu bọt, bóng dàn áo",https://www.lazada.vn/products/pdp-i2031289887.html,49.000 ₫,4.0,896 Đã bán
10 chiếc đĩa giấy giáng sinh Đĩa trang trí tiệc giáng sinh ông già Noel Bộ đồ ăn tiệc đĩa hoạt hình dùng một lần 7 in,https://www.lazada.vn/products/pdp-i2906061069.html,24.084 ₫,5.0,7 Đã bán
【Top Picks】 Dwin Dgus Ii/ta 1024*600 Pixels Uart Lcm 10.1 Inch Hmi Touch Screen Modbus Ips-Tft-Lcd Dmg10600t101-A5w Industrial Grade,https://www.lazada.vn/products/pdp-i3151264540.html,314.638 ₫,,
Tuya Wifi Khói Báo Động Cháy Bảo Vệ Khói Detector Smokehouse Kết Hợp Báo Động Cháy Nhà Hệ Thống An Ninh Nhân viên Cứu Hỏa,https://www.lazada.vn/products/pdp-i2886339254.html,140.000 ₫,5.0,72 Đã bán
[ UV 차단_안전원료 VENOM 마스크] Neck Cover Mask UV Khẩu trang_camping_golf_tennis_pickle ball_fishing_cycle,https://www.lazada.vn/products/pdp-i3029309875.html,69.125 ₫,4.0,48 Đã bán
"Đồng hồ xe đạp đo tốc độ bằng định vị vệ tinh bsc 100s - Chính hãng igpsport, igs 50s, Bsc100s - BSC100S",https://www.lazada.vn/products/pdp-i3113744041.html,880.000 ₫,5.0,5 Đã bán
"Máy tạo ion âm Lọc không khí MS-FA7000 bộ 10 râu điện áp 220V-60Hz / 12V , 100 triệu Ion, bảo hành 3T",https://www.lazada.vn/products/pdp-i2368056247.html,104.880 ₫,5.0,28 Đã bán
Đèn Pha DHL 4Inch Đèn LED Mắt Thiên Thần Đèn Sương Mù Cho Offroad Đèn Led Lái Xe Đèn Làm Việc Màu Trắng Hổ Phách Cho Xe Jeep,https://www.lazada.vn/products/pdp-i1705975218.html,157.752 ₫,4.0,281 Đã bán
Hộp Trưng Bày Đồng hồ xách tay vỏ cứng 2/3/5 ngăn Quà tặng lý tưởng cho Nam Hộp sắp xếp đựng đồng hồ hình chữ nhật hộp đựng đồng hồ du lịch với Gối xốp mềm và tay cầm thích hợp cho nam và nữ,https://www.lazada.vn/products/pdp-i3125040838.html,80.098 ₫,5.0,
"Nguồn Tổ Ong - Nguồn 12v 40a - 30a - 20a - 15a - 10a - 5a hàng chuyên dùng cho hệ thống Camera, Led, Motor Mini...",https://www.lazada.vn/products/pdp-i1699412057.html,59.000 ₫,4.0,
"Màn hình Led trang trí Pixoo Max 32x32 pixel Divoom hiển thị đồng hồ, đồng bộ tin nhắn thông báo - BH 12 tháng 1 đổi 1",https://www.lazada.vn/products/pdp-i2578366991.html,1.760.000 ₫,5.0,
WiFi IP Camera Nhà thông minh Nhà hai chiều CCTV CCTV Camera Tuya APP Control Control Monitor Hoạt động với Google/Alexa,https://www.lazada.vn/products/pdp-i2481488263.html,178.200 ₫,,
Maxgtrs Mới 30000lm H4 bóng đèn LED 9003 Hb2 Đèn Pha Led Cao Và chùm sáng thấp Với Fan Không Dây 110W Đèn pha xe hơi 12V,https://www.lazada.vn/products/pdp-i3193778714.html,257.752 ₫,5.0,14 Đã bán
Đèn pha LED H4 T9 PRO 2024 bi cầu mini cắt sáng dùng điện bình 12v,https://www.lazada.vn/products/pdp-i2634199331.html,139.000 ₫,4.0,184 Đã bán
kích bình kèm bơm lốp kích bình xe ô tô bình kích điện ô tô bơm lốp kích bình ô tô ích bình ô tô xiaomi cuc kich binh xe oto jump starter bộ kích sạc bình nguồn di động kích bình xe máy kích bình bộ kích bình xe ô tô kich binh xe ôtô 12v,https://www.lazada.vn/products/pdp-i3168938861.html,699.999 ₫,4.0,20 Đã bán
Đèn Ốp Sườn Cửa Xe Ô Tô Dải Đèn Chạy Bảng LED RGB Có Điều Khiển Ứng Dụng Từ Xa Không Dây Đèn Trang Trí Xung Quanh Ô Tô Neon,https://www.lazada.vn/products/pdp-i2175900407.html,203.187 ₫,5.0,110 Đã bán
"[Giao hàng 24 giờ⚡️] Bộ lưu điện DUNG LƯỢNG CAO dành cho Wifi Camera - UPS 12V (chạy wifi được 6-12 giờ) kèm Nguồn,12v1.5A-3M-5400ma/3600ma",https://www.lazada.vn/products/pdp-i2707825874.html,134.200 ₫,5.0,52 Đã bán
2 Pieces Đèn Pha Led 12000lm H7 H8/H9/H11 6000k 60w Chất Lượng Cao Cho Xe Hơi Siêu Sáng Chuyên Dụng Cho Xe Hơi 12V,https://www.lazada.vn/products/pdp-i2976554244.html,328.000 ₫,5.0,13 Đã bán
Hynbyzj H4 H7 Bi Led Ống Kính 20000lm 180W Đèn Pha Ô Tô 6500K Bóng H8 H9 9005 9006 Hb3 Hb4 H11 9012 Có Thể Điều Chỉnh Nhiệt Độ Màu,https://www.lazada.vn/products/pdp-i2729361980.html,979.200 ₫,5.0,17 Đã bán
Bóng Đèn Pha Ô Tô LED Heyword 2 Chiếc H4 H7 H11 9005 9006 H1 160W 24000LM 6000K 12V Độ Sáng Cao,https://www.lazada.vn/products/pdp-i2437922747.html,127.000 ₫,4.0,164 Đã bán
16A Tuya WiFi Thông Minh Mini Phá Công Tắc 2 Chiều DIY Hỗ Trợ Alexa Google Trợ Lý Cuộc Sống Thông Minh Điều Khiển Thiết Bị Gia Dụng Mô Đun,https://www.lazada.vn/products/pdp-i2506712413.html,94.900 ₫,4.0,620 Đã bán
【E-WOITD】 Máy tính để bàn LED LCD Monitor chủ cánh tay mở rộng VESA Adapter sửa chữa cố định khung hiển thị khung không có lỗ gắn,https://www.lazada.vn/products/pdp-i2743180622.html,26.455 ₫,,
[Sale.!] Vỏ thùng loa Monitor 30 ván ép chuyên sự kiện giá 1 CÁI ..x,https://www.lazada.vn/products/pdp-i2738251668.html,1.400.000 ₫,5.0,
Tương thích với đồ chơi khối xây dựng Super TV Man di động 3.0 Toilet Man vs Monitor Man thiết,https://www.lazada.vn/products/pdp-i2919763341.html,115.000 ₫,3.0,
"skibidi toilet robot Nâng cấp Titan TV Man, Toy Toilet Man, và Monitor Man, Tương thích với Mrs.",https://www.lazada.vn/products/pdp-i2919562536.html,139.000 ₫,,
Máy ảnh thông minh của Baby Monitor 1080p với phát hiện chuyển động hai chiều âm thanh đến 40ft,https://www.lazada.vn/products/pdp-i3098161746.html,236.000 ₫,,
Bộ máy tính văn phòng CPU Q9400 4 nhân mạnh như i5 - SSD 120GB - Ram 4GB,https://www.lazada.vn/products/pdp-i2005120448.html,820.000 ₫,4.0,7 Đã bán
Zombie Universe Toilet Man và Monitor Man Tương thích LEGO Mutated Titans TV Man vs Clock Man Đồ ch,https://www.lazada.vn/products/pdp-i2945590180.html,105.000 ₫,,
2 Chiếc CSP LED Xe Sương Mù Bóng Đèn Pha H8 H9 H1 H3 H11 9005 HB3 9006 HB4 6000K Ngày Trắng Chạy Bộ Ánh Sáng Tự Động Đèn Sương Mù,https://www.lazada.vn/products/pdp-i2434605408.html,94.250 ₫,4.0,183 Đã bán
Tương thích với Titan Dark Clock Minifigure Joint Di chuyển được Toilet Man vs Monitor Man Khối,https://www.lazada.vn/products/pdp-i2919508735.html,139.000 ₫,,
"Thiết Bị Định vị GPЅ mini siêu nhỏ Remax RT-G2302--210mAh Hoco E91-- theo dõi oto, xe máy, thú cưng",https://www.lazada.vn/products/pdp-i2718411135.html,173.690 ₫,,
Đèn Đọc Sách LED Mazda 3 Đèn Trần Nội Thất Đèn Đuôi Xe Đèn Biển Số Đèn Trần Bên Trong Đèn LED Đèn Trang Trí Đèn Nội Thất,https://www.lazada.vn/products/pdp-i3213988159.html,68.000 ₫,,"102 Đã bán
China"
(HCM) LazMall SALE 50% Mắt Kính Kèm Tai Nghe Âm Thanh Bluetooth Thiết Kế Phong Cách Cool Ngầu - Sản Phẩm Hot 2025 Kính Mát Phân Cực 2 Trong 1 Kết Nối Bluetooth Kèm Mic Cho Điện Thoại,https://www.lazada.vn/products/pdp-i3024472531.html,189.166 ₫,4.0,22 Đã bán
Nhìn Là Thích LazMall Kính Thông Minh F08 Âm Thanh Thông Minh Kính Mắt Bluetooth Không Dây Ngoài Trời Chống UV Đa Chức Năng Kính Mát Tai Nghe - 【NEW】 F08 Smart Music Sunglasses Earphone Hifi Sound Wireless Bluetooths 5.3 Headphone Driving Glasses Earbuds,https://www.lazada.vn/products/pdp-i3170148886.html,360.275 ₫,5.0,24 Đã bán
WALRAM WiFi6E AX1800 PCI Express Mạng Không Dây Có Bluetooth 5.3 Ba Băng Tần 2.4G/5.8GHz Cho Máy Tính Để Bàn,https://www.lazada.vn/products/pdp-i3118368701.html,209.000 ₫,5.0,118 Đã bán
"Combo Main X99 Sniper DDR4 + CPU 2680 V4 (14 nhân/28 Luồng) + Ram 32GB + Fan Pro4 (Hoặc T400i) (Chạy Nox, Render Video, Máy ảo)",https://www.lazada.vn/products/pdp-i2150330302.html,3.010.000 ₫,5.0,96 Đã bán
AX900 WiFi USB Adapter WiFi6 Băng Tần Kép 2.4G + 5.8GHz 4 Ăng Ten Bluetooth 5.4 Dongle Đầu Thu Thẻ Không Dây Cho PC/Laptop,https://www.lazada.vn/products/pdp-i3195678722.html,139.750 ₫,5.0,23 Đã bán
"Combo màn hình OLEDPRO X4 kèm mặt dưỡng,dây nguồn zin cho xe TOYOTA VIOS 2008-2012 - giá màn hình ô tô, đầu dvd android ô tô, dvd xe hơi, camera giám sát hành trình ô tô",https://www.lazada.vn/products/pdp-i2129191534.html,2.990.000 ₫,5.0,
BỘ Đèn Hậu Audi Màn Hình Led Xe Vision 2015-2025Chỉnh Điện Thoại,https://www.lazada.vn/products/pdp-i3097032856.html,1.700.000 ₫,,
SUBEN | Pin Đôi Giả Lập cho Máy Monitor và Truyền Không Dây D-TAP sang NP-F970/F550/F750,https://www.lazada.vn/products/pdp-i3217477855.html,94.000 ₫,,
NGUỒN TỔ ONG 12V 30A THÁO MÁY MINGWELL HUNTKEY JIYI XQD ...VV,https://www.lazada.vn/products/pdp-i826280203.html,115.000 ₫,4.0,828 Đã bán
"Công Tắc Điều Khiển Từ Xa Hunonic Mini Wifi Thông Minh Bật Tắt Từ Xa Trên Điện Thoại, Ra Lệnh Giọng Nói",https://www.lazada.vn/products/pdp-i2796171112.html,129.000 ₫,5.0,44 Đã bán
Fenvi Wifi 5 Pci-e Không Dây Ac1200 Băng Tần Kép 2.4G/5GHz 802.11ac Cho Bluetooth 4.0 Máy Tính Để Bàn Windows 7/8/10/11,https://www.lazada.vn/products/pdp-i2506794195.html,142.000 ₫,4.0,
"Mắt kính Bluetooth thông minh, vừa thời trang vừa tiện lợi, hỗ trợ nghe gọi – nghe nhạc – chống UV, phù hợp cho cả nam và nữ.-Tổng KHo sỉ GiGaX Mall",https://www.lazada.vn/products/pdp-i3179850512.html,260.000 ₫,5.0,
"Loa thanh toán quét mã QR, TingBox tự động thông báo bằng giọng nói ngay khi giao dịch thành công - Tiền về thẳng ngân hàng OCB - Miễn mọi loại phí",https://www.lazada.vn/products/pdp-i3068881238.html,650.000 ₫,,
Nguồn máy tính Arrow AHA 500W 625W tháo máy loại đẹp không rỉ,https://www.lazada.vn/products/pdp-i2932600561.html,99.900 ₫,5.0,43 Đã bán
"Thiết bị định vị LIKA K9 ứng dụng vĩnh viễn không tốn phí pin 30 ngày thời gian chờ 1 năm độ chính xác cao, giám sát âm thanh",https://www.lazada.vn/products/pdp-i1049260011.html,1.235.970 ₫,5.0,101 Đã bán
"Mạch quản lý, tự động sạc Acquy 12V XH-M601 loại 1",https://www.lazada.vn/products/pdp-i1283583745.html,30.000 ₫,4.0,976 Đã bán
Timer Hager 24H - Công Tắc Hẹn Giờ-EH711,https://www.lazada.vn/products/pdp-i2725552697.html,810.000 ₫,,
"1Set Digital LCD Thermometer with 1M Probe Black -50°C - +110°C Temperature Monitor ABS for Fridge, Freezer, Fridge, Aquarium",https://www.lazada.vn/products/pdp-i3036133654.html,119.000 ₫,,
"Cảm Biến Áp Suất Lốp Van Ngoài Omino Kèm Bảng Số Điện Thoại, Màn Hình Oled, Thiết Kế Sang Trọng",https://www.lazada.vn/products/pdp-i1480578466.html,436.000 ₫,4.0,
Cute Cow Resin Crafts Resin Decorations DIY Craft Micro Mini Ornament for Home Office Table Decor E5Y-VN,https://www.lazada.vn/products/pdp-i3039616172.html,7.000 ₫,5.0,
( XA ) Phiên bản nâng cấp và trả lại Titan TV Man mới tương thích với đồ chơi lắp ráp khối Toilet Man vs. Monitor Man,https://www.lazada.vn/products/pdp-i2919611863.html,105.000 ₫,,
TOMZN Din Rail 3 Phase Voltage Relay 3P+N Voltmeter Ammeter over and Under Voltage Monitor Relays Protector 63A 230V with N,https://www.lazada.vn/products/pdp-i2332387599.html,917.812 ₫,5.0,
Skibidi Toilet Đồ Chơi Lắp Ráp Nhân Vật Upgrade Speakerman V3 Titan Cameraman Titan TVman Audioman Monitor,https://www.lazada.vn/products/pdp-i2944760469.html,129.000 ₫,,
"EKLEVA Đèn LED Xe Hơi Mini USB, Đèn Tạo Không Khí Nội Thất Ô Tô Đèn Trang Trí, Đèn Khẩn Cấp Đèn Tự Động Nhiều Màu Cho PC Phụ Kiện Xe Hơi",https://www.lazada.vn/products/pdp-i1306754865.html,54.000 ₫,4.0,483 Đã bán
ROCKBROS Máy đo nhịp tim thông minh IP67 Bluetooth không thấm nước ANT + chế độ kép cảm biến nhịp tim thông minh 800h Tuổi thọ pin dài cảm biến nhịp tim,https://www.lazada.vn/products/pdp-i3160560690.html,528.831 ₫,5.0,
"Mô hình lắp ráp Skibidi toilet Titan Monitor Man 504 chi tiết, Bộ xếp hình Titan TVman/ CameraMan/ SpeakerMan",https://www.lazada.vn/products/pdp-i2944873020.html,130.000 ₫,5.0,5 Đã bán
MENGDAO | Đèn LED Pha H1 H7 H11 9012 9005 H4,https://www.lazada.vn/products/pdp-i3196110441.html,299.000 ₫,,
"[New V2, Một Cặp] Kali Audio LP-6 Version 2 Loa Kiểm Âm Nghe Nhạc Powered Studio Monitor Speaker LP6 Pair",https://www.lazada.vn/products/pdp-i2602489068.html,12.999.000 ₫,5.0,
Monitor theo dõi bệnh nhân 5 thông số Yonker YK - 8000C,https://www.lazada.vn/products/pdp-i2363405538.html,15.300.000 ₫,,
PC Gaming cấu hình cao chiến FULL GAME cpu i7 4790 ; RAM 16GB ; VGA RỜI GTX 1060 3GB; ổ cứng SSD 120GB và HDD 500GB. CAM KẾT CHÍNH HÃNG,https://www.lazada.vn/products/pdp-i264644057.html,3.341.000 ₫,5.0,76 Đã bán
Main 7 plus,https://www.lazada.vn/products/pdp-i3136284460.html,80.000 ₫,,
"Cáp Chuyển Đổi Nguồn Máy Tính Để Bàn 1,8M Có Đèn LED Nút Khởi Động Bên Ngoài Nút Bật/tắt Mở Rộng Cho Bo Mạch Chủ PC Văn Phòng Tại Nhà",https://www.lazada.vn/products/pdp-i3152570056.html,77.350 ₫,5.0,5 Đã bán
ACEMAGIC | Máy Tính Mini AI Thông Minh Ryzen AI 9 HX370 Hiệu Suất Cao Chơi Game,https://www.lazada.vn/products/pdp-i3182492124.html,19.061.000 ₫,4.0,
Đèn Trợ Sáng 3 Bi AOZOOM EX3 Chính Hãng BH 2nam,https://www.lazada.vn/products/pdp-i3107178439.html,2.300.000 ₫,5.0,5 Đã bán
Báo động chống trộm điều khiển từ xa DECOM,https://www.lazada.vn/products/pdp-i902368405.html,139.000 ₫,4.0,35 Đã bán
"Bóng đèn LED OSRAM HS1 High Power Wave RS, Future 125, Vision, Air Blade 125, Exciter 135/150, Sirius tăng sáng trắng 7485CW",https://www.lazada.vn/products/pdp-i2724220920.html,189.000 ₫,4.0,297 Đã bán
Combo bao gồm Main x79 + Xeon E5 2670v2 + Ram 32GB(16x2) - Nguon 500W Bảo Hành 1Tháng,https://www.lazada.vn/products/pdp-i2198205555.html,2.600.000 ₫,,
Tương thích với Lego Toilet Man VS Monitor Man Titan Tomahawk Đàn Guitar Loa Người Mô Hình Lắp Ráp,https://www.lazada.vn/products/pdp-i2945571702.html,105.000 ₫,,
Nguồn máy tính cũ giá rẻ ARROW 500W-650W-750W,https://www.lazada.vn/products/pdp-i909198493.html,199.000 ₫,5.0,18 Đã bán
Cartnt 2PCS đèn pha ô tô bóng đèn LED H7 H11 Hb3 9005 HB4 9006 bóng đèn 20000LM 120W 6000K đèn sương mù xe ô tô,https://www.lazada.vn/products/pdp-i3121870460.html,212.798 ₫,4.0,7 Đã bán
2 Chiếc Đèn Sương Mù LED Đèn Chạy Ban Ngày Cho Fiat Ducato 250/290 Cho Fiat Punto Sedici 12V H11 Đèn Sương Mù,https://www.lazada.vn/products/pdp-i1979947725.html,183.187 ₫,4.0,82 Đã bán
Nhẫn thông minh 9FIT Smart Ring - Bảo hành 12 tháng,https://www.lazada.vn/products/pdp-i2996266335.html,1.694.000 ₫,,
nguồn tổ ong 12v 40a hàng chống nước ngoài trời tháo máy cnc,https://www.lazada.vn/products/pdp-i275232220.html,130.000 ₫,4.0,92 Đã bán
"NAILI | Đầu nối dây an toàn xe hơi Ford cho Focus, Mondeo, Edge, và Explorer",https://www.lazada.vn/products/pdp-i3193845281.html,75.000 ₫,4.0,
SENPAI | Camera Hành Trình Xe Máy Đôi 2K,https://www.lazada.vn/products/pdp-i3176951629.html,583.000 ₫,,
[Giảm Sốc] Máy tính Mini Pc đồng bộ Dell OptiPlex 3070 Micro gen 9 Ram 8G SSD 256G,https://www.lazada.vn/products/pdp-i3185933582.html,1.770.000 ₫,,
"[Chính Hãng] Loa Kiểm Âm Ortizan C7- Bluetooth 5.3, 60W, Chỉnh Bass Treble, Hỗ Trợ OTG USB DAC Kết Nối Máy Tính",https://www.lazada.vn/products/pdp-i3088295938.html,1.599.000 ₫,,
"Loa Treble Rời Cao Cấp 750 - Âm Thanh Sắc Nét, Giá Tốt Nhất",https://www.lazada.vn/products/pdp-i3078032524.html,517.000 ₫,5.0,14 Đã bán
DOSEN Pro 4 trong 1 Loại kính thiên văn Tẩu Sạc Ô Tô Hỗ Trợ Sạc Nhanh 120W D5 Tẩu Sạc Xe Hơi 12V-24V Hiển Thị Đèn LED,https://www.lazada.vn/products/pdp-i3113671640.html,172.000 ₫,4.0,22 Đã bán
Compo máy vi tính main chipset H61 CPU i5 3470 RAM 4G văn phòng game nhẹ,https://www.lazada.vn/products/pdp-i2618201331.html,650.000 ₫,,
"LazMall Xiaomi CÔNG NGHỆ Chính Hãng Săn Sale Kính Mắt Thông Minh Kiêm Tai Nghe Bluetooth Thông Minh Mắt Kính Có Blutooth- Nghe Gọi,Nghe Nhạc Cực Hay Kính Mát Thông Minh Kèm Bluetooth Nghe Nhạc, Gọi Điện Sunglasses Đi Xe Máy, Xe Đạp, Ô Tô",https://www.lazada.vn/products/pdp-i2658864154.html,206.400 ₫,4.0,64 Đã bán
"Thiết bị định vị GPS Hoco E91 Theo Dõi Thông Minh Toàn Cầu, Chống Thất Lạc Đồ Đạc, Chống Nước, Pin 1 Năm, Dùng Trực Tiếp Ứng Dụng Tìm Trên iPhone - Hàng chính hãng",https://www.lazada.vn/products/pdp-i2676462503.html,189.000 ₫,5.0,837 Đã bán
Camera hành trình Asawin H5L 10 Trong gương chiếu hậu Camera xe hơi Xe DVR Mặt trước và mặt sau Toàn màn hình Chế độ đỗ xe 24H Đảo ngược ảnh Tầm nhìn ban đêm,https://www.lazada.vn/products/pdp-i567686950.html,720.000 ₫,4.0,978 Đã bán
"Nhẫn đo huyết áp, oxy, chức năng tập luyện, có NFC một chạm cửa từ thang máy, xe điện",https://www.lazada.vn/products/pdp-i3115632008.html,599.000 ₫,,
"Mô Hình Lắp Ráp lego Skibidi Toilet Titan Tvman, Đồ Chơi Skibidi lego mini nhân vật titan soundman cameraman Monitor man",https://www.lazada.vn/products/pdp-i2689706700.html,179.000 ₫,,
KDEAM Kính Râm Phân Cực Quang Điện Cỡ Lớn Kính Nhìn Đêm Gọng Vuông UV400 Tròng Kính Chống Phản Chiếu Dành Cho Nam Và Nữ Kính Mắt Thể Thao Ngoài Trời,https://www.lazada.vn/products/pdp-i3126954347.html,166.400 ₫,5.0,7 Đã bán
Nước Hoa Ô Tô Cao Cấp GOCADO - AROMATIC 160ML - Hương Hoa Cỏ Kết Hợp Gỗ Thơm Trầm Ấm Khử Mùi,https://www.lazada.vn/products/pdp-i2202194384.html,429.000 ₫,4.0,
EKLEVA Hệ Thống Giám Sát Áp Suất Lốp Xe Hơi TPMS Android USB Cảm Biến Bên Ngoài Bên Trong Lốp Dự Phòng Cho Máy Phát DVD Radio Báo Động Nhiệt Độ Với Bốn Cảm Biến,https://www.lazada.vn/products/pdp-i1629289327.html,627.800 ₫,4.0,
"( XA ) skibidi toilet robot Nâng cấp Titan TV Man, Toy Toilet Man, và Monitor Man, Tương thích với Mrs. ,",https://www.lazada.vn/products/pdp-i2919790263.html,105.000 ₫,3.0,26 Đã bán
Skibidi Toilet Đồ Chơi Lắp Ráp Mô Hình Fusion Titan TV Man V3 King Drill Man JX060 478 PCS Clock Man Audioman Monitor,https://www.lazada.vn/products/pdp-i2944659603.html,129.000 ₫,,
Bộ nguồn máy tính Aigo Ak 500w-1000w Rgb Fan Gaming 220v Bộ nguồn máy tính để bàn Atx có quạt 120mm,https://www.lazada.vn/products/pdp-i2724227343.html,603.200 ₫,4.0,107 Đã bán
Loa Xe Hơi 5 Inch TINLY Kit Loa Âm Thanh Toàn Bộ Âm Thanh Cao Tần Thấp Tần Số Cao Tần Số Thấp Đồng Trục Âm Thanh Xe Hơi,https://www.lazada.vn/products/pdp-i2828867988.html,188.000 ₫,,"16 Đã bán
China"
1 cái siêu mỏng điện tử dụng cụ đo độ ẩm điện tử phòng trẻ em nhà trong nhà Nhiệt kế kỹ thuật số Máy đo độ ẩm Monitor Meter Màn hình LCD,https://www.lazada.vn/products/pdp-i2413343071.html,85.600 ₫,5.0,5 Đã bán
1pcs 21-35cm Products Ready Stock Skibidi Toilet Plush Speakerman Dolls Flames And Toilet Man Monitor Audio Man Plush Skibidi Toilet Plush Toys Children Kids Gifts,https://www.lazada.vn/products/pdp-i2349221940.html,65.739 ₫,4.0,175 Đã bán
"[XẢ KHO THU HỒI VỐN- TẶNG PM VIETMAP S2 ] Màn hình dvd ô tô OLED C2 9in New2025, Màn hình ô tô android 13. xem Vietmap, GPS chỉ đường TIẾNG VIỆT, màn hình ô tô cảnh báo tốc độ, man hinh xe oto gia re, gia dau dvd xe oto, đầu dvd cho xe hơi",https://www.lazada.vn/products/pdp-i2160909912.html,1.026.959 ₫,4.0,311 Đã bán
Cốc chia tẩu sạc nhanh xe ô tô 12V/24V công suất 80W đến 171W có QC3.0 và Type C đèn led cảnh báo điện áp bình,https://www.lazada.vn/products/pdp-i1191300538.html,149.000 ₫,4.0,313 Đã bán
NGUỒN TỔ ONG 12V50A HÃNG HUNTKEY THÁO MÁY CNC HÌNH THỨC 95%,https://www.lazada.vn/products/pdp-i1285950249.html,140.000 ₫,3.0,42 Đã bán
"Đèn Bi gầm P90 Plus - 3 màu, thay đổi màu qua từng lần bật, tắt, Công suất 65W, Có trợ pha Laser, có quạt tản nhiệt-l.",https://www.lazada.vn/products/pdp-i3111507672.html,750.000 ₫,3.0,15 Đã bán
Ổ Cắm Wifi thông minh Điều Khiển Từ Xa qua Tuya SmartLife Không Dây 16A 20A 220v Hẹn Giờ Chống Cháy Chuẩn EU,https://www.lazada.vn/products/pdp-i2933534069.html,114.700 ₫,3.0,29 Đã bán
Baoneo | Túi Lưu Trữ Sữa Mẹ 200ml,https://www.lazada.vn/products/pdp-i3198328952.html,121.000 ₫,4.0,
Thiết bị định vị chống trộm xe máy ô tô 4G AV04 hỗ trợ 4G tắt mở máy xe từ xa chính xác cao phần mềm tiếng Việt bảo hành 1 năm,https://www.lazada.vn/products/pdp-i2403342199.html,450.000 ₫,4.0,
"Dây HDMI 2.0, HDMI 2.1, DP 1.2, DP 1.4 cho Máy Tính",https://www.lazada.vn/products/pdp-i3195520028.html,95.000 ₫,4.0,
"Earise | Đầu phát Bluetooth AUX sang âm thanh 3,5mm cho xe hơi TV Máy tính Phụ kiện tai nghe không dây Đồ chơi MP3 Dây cáp không có bộ nhớ",https://www.lazada.vn/products/pdp-i3172416711.html,158.000 ₫,4.0,
Áo đấu ngắn tay Ronaldo phiên bản cầu thủ sân nhà Bồ Đào Nha 25/26,https://www.lazada.vn/products/pdp-i3147915490.html,163.200 ₫,5.0,
"đèn led sườn, đèn sườn xe tải siêu bền RUN LAI hoặc DERUNLAI đẹp 12v - 24v 5006 các màu, cỡ lớn loại 1",https://www.lazada.vn/products/pdp-i2450695444.html,28.000 ₫,4.0,
🔥 SIÊU HÓT 🔥 Siêu chất !!! Cua lốp dán keo 3m lắp chung hầu hết cho các dòng xe HÀNG CAO CẤP,https://www.lazada.vn/products/pdp-i2125372424.html,150.000 ₫,4.0,131 Đã bán
Leather Shell Sunglasses Case Rustic Leather Sunglass Wrap Eye Glass Protective Holder for Sunglass Reading Glasses TF-Ais-VN,https://www.lazada.vn/products/pdp-i2980444531.html,16.000 ₫,,
Cardo Freecom/Spirit Xe Máy Bluetooth Liên Lạc Nội Bộ Dây Mềm Micro Có Loa 3.5 Mm Unisex Polyester Phụ Kiện,https://www.lazada.vn/products/pdp-i3213488790.html,148.850 ₫,5.0,
Fallsweet Strapless Tube Front-closed No-wired Push Up áo ngực cai truớc One-piese Seamless Invisible Bralette for Women Wedding Special Lingerie Underwear,https://www.lazada.vn/products/pdp-i2382648023.html,120.000 ₫,4.0,64 Đã bán
Đồ chơi xếp hình Skibidi Toilet TV Man Speaker TV People Monitor Toilet Man Minifigures KDL818,https://www.lazada.vn/products/pdp-i3186802095.html,23.000 ₫,,
"Mạch đếm số người ra vào phòng bật, tắt đèn thông minh",https://www.lazada.vn/products/pdp-i1568028045.html,319.000 ₫,4.0,62 Đã bán
Găng tay trong suốt cho cả Nam và Nữ Găng tay bó sát sáng bóng dầu gợi cảm Găng tay mỏng hóa trang đi tiệc Câu lạc bộ,https://www.lazada.vn/products/pdp-i3001686052.html,67.835 ₫,,
Ekleva Bóng Đèn Đèn Pha Led Siêu đèn pha sáng Canbus 1300W 150000lm H1 H4 H7 H11 9005 9006 6000K Tự Động Turbo đèn sương mù 32V,https://www.lazada.vn/products/pdp-i2633253040.html,666.400 ₫,4.0,323 Đã bán
"Thiết Bị Định Vị GPS GF-07 Không Dây Thông Minh | Định Vị Chính Xác Qua Điện Thoại | Nghe Âm Thanh Từ Xa, Kích Thước Nhỏ Gọn ,pin bền lâu-Tổng KHo sỉ GiGaX Mall",https://www.lazada.vn/products/pdp-i3163413395.html,217.800 ₫,5.0,53 Đã bán
Thẻ Truy Cập 4G Sim du lịch Trung Quốc MaCao Tốc Độ Cao Không chặn Facebook Google,https://www.lazada.vn/products/pdp-i2178284179.html,225.000 ₫,5.0,
domain-LED Glasses App Control Light Up Party Glasses Programmable DIY Text Graffiti Animation Luminous Sunglasses,https://www.lazada.vn/products/pdp-i3186679395.html,457.136 ₫,5.0,
Bộ điều khiển hồng ngoại wifi tuya Ir tròn/S06/S06PRO/S09/S11 thông minh,https://www.lazada.vn/products/pdp-i2607249026.html,142.000 ₫,5.0,22 Đã bán
"LazMall Nhật Bản Made Kính Mát Thông Minh Kèm Bluetooth Nghe Nhạc, Gọi Điện Sunglasses Đi Xe Máy, Xe Đạp, Ô Tô, Kính Mát Tích Hợp Tai Nghe Bluetooth Không Dây Kính Râm Chống Uv Tích Hợp Tai Nghe Tiện Dụng",https://www.lazada.vn/products/pdp-i3175040356.html,223.860 ₫,5.0,36 Đã bán
"Tai Nghe Dịch Thuật 3 Trong 1, Dịch Thuật Thời Gian Thực 144 Ngôn Ngữ Với Chức Năng Khử Tiếng Ồn, Chống Nước, Tích Hợp Trí Tuệ Nhân Tạo, Dành Cho Giao Tiếp Kinh Doanh",https://www.lazada.vn/products/pdp-i3088289456.html,210.000 ₫,,"8 Đã bán
China"
Mini Monitor Mount Plate Quick Release Clamp Fast Switch Install System 1/4 Screw for SLR Camera Tripod Slide Rail Stabilizer,https://www.lazada.vn/products/pdp-i2801832511.html,131.893 ₫,5.0,26 Đã bán
EYK EM802 Mono Audio in Ear Monitor System Dual Channels UHF Wireless Return 50 Meters Range for Stage Singer Guitar Studio Band,https://www.lazada.vn/products/pdp-i3053413715.html,735.965 ₫,,
1 Pcs 5.5 Inch 1080X1920 2K Display Screen MIPI 39PINS Monitor LCD Screen LQ055T3SX02Z,https://www.lazada.vn/products/pdp-i2725186462.html,469.000 ₫,,
Tuya Zigbee Báo Động Còi Báo Động Thông Minh 2 Trong 1 An Ninh Gia Đình Với Loa 100db Cảnh Báo Ánh Sáng Và Âm Thanh Tương Thích Alexa Để Đảm Bảo An Toàn,https://www.lazada.vn/products/pdp-i3097953778.html,235.500 ₫,,"31 Đã bán
China"
"Car Dash Cam Front and Rear, 1080P Driving Recorder Camera, G-Sensor, Parking Monitor, Loop Recording with 64G SD Card Replacement Parts",https://www.lazada.vn/products/pdp-i3141859658.html,698.058 ₫,,
"2025 NFC Smart Ring - Ceramic Health & Fitness Tracker | Access Control | 24/7 Heart Rate & Sleep Monitor | Blood Oxygen (SpO2) Tracking | IP68 Waterproof Activity Ring | Multi-Sport Activity Monitor, Size 13, 14",https://www.lazada.vn/products/pdp-i3111133800.html,542.133 ₫,,
[Latest Arrival]New Amazfit GTS 2 Smart Watch Men Multiple Sports Health Monitor AMOLED Display SmartWatch For Android IOS,https://www.lazada.vn/products/pdp-i2893073167.html,415.771 ₫,,
Excavator LCD Screen Panel for Kobelco SK-6 SK200-6 SK135SR Excavator Monitor Aftermarket Accessories Parts,https://www.lazada.vn/products/pdp-i3200358745.html,720.356 ₫,,
01 5PCS/LOT LIR2032 Pin sạc có thể sạc lại 2032 Li có thể thay thế cho đồng hồ CR2032,https://www.lazada.vn/products/pdp-i3069763917.html,108.000 ₫,5.0,
Wall Mount Bracket Rotated Holder Mounts Universal 14 to 27 Inch Adjustable LCD LED Monitor Flat Panel,https://www.lazada.vn/products/pdp-i3132642764.html,220.000 ₫,,
"Skechers_Mới Nam Dép Quai Ngang Đi Bộ Giặt Máy Được, Thường Ngày, Đi Học, Đi Làm On-The-GO Arch Fit Radiance Irresistible Walking Arch Fit, Ultra Go - 141322-BKK",https://www.lazada.vn/products/pdp-i2840528809.html,178.403 ₫,,
Máy Dò Kim Loại Có Thể Điều Chỉnh Với Màn Hình Hiển Thị LCD Chống Nước Dưới Lòng Đất Máy Quét Độ Sâu Cho Vàng Trang Sức Bạc Người Tìm Kho Báu Dụng Cụ,https://www.lazada.vn/products/pdp-i3209322553.html,370.500 ₫,,
【Exclusive Offer】 100 Micron Fuel Compatible Mesh Fuel Filter Element E85 Gas Each Fuel Filter An6 / An8 / An10 Inline,https://www.lazada.vn/products/pdp-i3053411959.html,107.499 ₫,,
Máy Dò Kim Loại Cầm Tay MD1008A Máy Dò Kho Báu Vàng Có Màn Hình LCD Công Cụ Gia Công Kim Loại Công Nghiệp Màu Đen/xanh,https://www.lazada.vn/products/pdp-i2721945503.html,253.000 ₫,5.0,6 Đã bán
Bộ kích sóng không dây khuếch đại Bộ khuếch đại tín hiệu wifi tốc độ cao 4200Mbps,https://www.lazada.vn/products/pdp-i3120460537.html,11.000 ₫,,
Báo Động Còi Báo Động Thông Minh Tuya Wifi Với Cảm Biến Nhiệt Độ Độ Ẩm - Hệ Thống Cảnh Báo An Ninh Gia Đình Kích Hoạt Bằng Âm Thanh Và Ánh Sáng,https://www.lazada.vn/products/pdp-i3009832420.html,192.800 ₫,,"996 Đã bán
China"
50ml Amino Acid Plant Fertilizer General Concentrated Nutrient Solution for Agricultural Accessory LL-VN,https://www.lazada.vn/products/pdp-i3025026660.html,32.000 ₫,,"13 Đã bán
China"
1 chiếc lưới dày màu đen nông nghiệp hàng rào động vật chống va đập cho thú cưng và gia cầm hàng rào hoa kiểu dáng đẹp hàng rào an toàn bằng nhựa công nghiệp bền bỉ nhiều kích cỡ có sẵn,https://www.lazada.vn/products/pdp-i3110766159.html,71.009 ₫,,
"Nhà Máy Tại Chỗ Tai Nghe Màu Trong Tai, Ngoại Thương Giá Rẻ Điện Thoại Di Động Quà Tặng MP3 MP4 Xuyên Biên Giới",https://www.lazada.vn/products/pdp-i3125306888.html,15.700 ₫,,
BeautyBoostT 1pcs T20 LED CANBUS 7443 W21 5W 7440 W21W Led Bulb 6500K trắng xe vị trí đậu xe ánh sáng DRL ban ngày chạy đèn 12V,https://www.lazada.vn/products/pdp-i3137826673.html,64.925 ₫,,
Natural Cutting 3A Blue Tanzania Sapphire Unheated 6x8mm 7x7mm Corundum Spinel Various Shapes Mosaic Jewelry Diy Blue Gem AAA,https://www.lazada.vn/products/pdp-i450476808.html,17.999 ₫,4.0,213 Đã bán
Viltrox | Màn Hình Hiển Thị Camera Ngoài 5.5 inch Cảm Ứng 4K,https://www.lazada.vn/products/pdp-i3219274556.html,3.444.000 ₫,4.0,
3 Phase Adjustable over and Under Voltage Protector Voltmeter Ammeter Monitor 3P4W Din Rail Current Limit Protection,https://www.lazada.vn/products/pdp-i3207019507.html,623.812 ₫,,
Đèn pha Matiz 4 (Spark M300)-Hàng OEM: 1350.000 - Hàng TYC: 1.550.000 -tặng vòng xoay hương hoa,https://www.lazada.vn/products/pdp-i1229389933.html,1.350.000 ₫,,
Thùng PC văn phòng mới đẹp tặng phụ kiện,https://www.lazada.vn/products/pdp-i3193181177.html,800.000 ₫,,
"[Một Cặp, Chính Hãng] Loa Kiểm Âm Yamaha HS5 Powered Studio Monitor Speaker",https://www.lazada.vn/products/pdp-i2602372920.html,19.000.000 ₫,,
E-WOITD Hợp Kim Nhôm Kẹp Với Đôi Bóng Đầu Ma Thuật Cánh Tay Kẹp 1 4 ''3 8' 'Lỗ Cho Điện Thoại Video Núi Máy Ảnh Màn Hình LED Ánh Sáng Mic,https://www.lazada.vn/products/pdp-i3128562480.html,47.962 ₫,,
Đèn Pha LED Siêu Sáng 360 Độ H7 Laser H4 H1 Tập Trung 11 Đèn Sạc Pin LED 9012 Đèn Xe Hơi Đèn Xe Đèn Chiếu Sáng Đèn Pha,https://www.lazada.vn/products/pdp-i3202990941.html,437.000 ₫,,"234 Đã bán
China"
All Match Fashion Blue Light Filter Glasses Clear Ultra-Light Frame Anti Eyestrain UV Glare Eyewear Universal Fashion Accessories TF-Uss-VN,https://www.lazada.vn/products/pdp-i3039419228.html,35.000 ₫,5.0,17 Đã bán
VIY 16:9 4K White Silk HD Projection Screen 60-150 inch Portable Projection Screen,https://www.lazada.vn/products/pdp-i3216358247.html,186.000 ₫,,
HUD Cài Đặt Ẩn cho BYD Song Plus DM-i EV,https://www.lazada.vn/products/pdp-i3231387724.html,1.724.000 ₫,,
( SIÊU RẺ ) Titan Giám Sát Vua Phiên Bản Nâng Cấp 3.0 Nhà Vệ Sinh Người Và Tivi Người Khối Xây Dựng Đồ Chơi,https://www.lazada.vn/products/pdp-i2944866105.html,108.000 ₫,3.0,
"ARCTIC HUNTER balo hoa nhí cặp đi học cấp 2 Balo đi học nữ họa tiết đơn giản, balo học sinh sinh viên phong cách đơn giản dễ phối đồ",https://www.lazada.vn/products/pdp-i2665786419.html,176.000 ₫,5.0,29 Đã bán
VONDA Women Casual Crew Neck Sleeveless Solid Denim A Swing Long Dress (Korean Causal),https://www.lazada.vn/products/pdp-i2026482321.html,252.758 ₫,5.0,60 Đã bán
Cooler Master 9010 Dual Fan 4 Heat Pipe Graphics Card Cooler 58mm Hole Position 4 Pin Temperature Control Interface Computer Hardware Monitor,https://www.lazada.vn/products/pdp-i2524377554.html,183.000 ₫,4.0,14 Đã bán
Monitor theo dõi bệnh nhân PC100,https://www.lazada.vn/products/pdp-i2347441476.html,6.700.000 ₫,,
XPPen Artist Pro 14 (Gen 2) Drawing Display Low Blue Light FHD Monitor Fully Laminated Screen with 16384 Pressure Levels X3 Pro Smart Stylus 1920x1200 resolution with a Shortcut Key Remote with a Pen Case Built-in Foldable Stand,https://www.lazada.vn/products/pdp-i3229421659.html,10.290.000 ₫,,
Bomge Amp-228 2500 Watts Bộ khuếch đại công suất ô tô Bộ khuếch đại lồng 4 kênh với đầu ra đồng trục và micro-USB Bộ khuếch đại di động để nâng cao âm thanh xe hơi,https://www.lazada.vn/products/pdp-i2777413468.html,1.210.000 ₫,5.0,15 Đã bán
Cáp Sạc UGREEN USB4.0 Gen3 40Gbps PD240W USB-C Cáp sạc nhanh truyền dữ liệu siêu nhanh cho điện thoại Laptop MacBook iPhone 16 Docking Portable Monitor Model:65175,https://www.lazada.vn/products/pdp-i3164805767.html,265.000 ₫,4.0,8 Đã bán
"BỘ MÁY TÍNH ĐỂ BÀN CHƠI GAME LMHT, VĂN PHÒNG, GAMING - VI TINH NPC",https://www.lazada.vn/products/pdp-i857408665.html,1.180.000 ₫,4.0,26 Đã bán
"Cây máy tính H81 CPU Core I5 4460, Ram 8GB, SSD 240GB",https://www.lazada.vn/products/pdp-i2065550304.html,1.200.000 ₫,5.0,5 Đã bán
Kính thông minh X9 PROMAX CAMERA Ai quay video chụp ảnh kết nối blueeoth đàm thoại cuộc gọi nghe nhạc AHAI STORE,https://www.lazada.vn/products/pdp-i3191202908.html,1.750.000 ₫,,
"[Nhập RAISINGSTAR18, giảm 30k cho đơn 99k]Dây nguồn máy tính 2 chấu dài 3m - 5m chính hãng",https://www.lazada.vn/products/pdp-i1887644515.html,90.000 ₫,5.0,
"[Gen 2, Bluetooth] Loa Kiểm Âm PreSonus E3.5 BT (2nd Gen) - Eris Powered Studio Monitor Speaker Nghe Nhạc E35 Pair",https://www.lazada.vn/products/pdp-i2602435350.html,3.799.000 ₫,,
"Bóng Hơi ChengLong M7Q (Kích Thước 17CM), Bóng Hơi AumanC160, Auman C240, C300, C340, D240, D300, FV400, FV400A...",https://www.lazada.vn/products/pdp-i3153836054.html,650.000 ₫,,
LOA HÃNG ALPINE 10CM CHẤT LƯỢNG CAO (GIÁ 1 CÁI),https://www.lazada.vn/products/pdp-i2421649886.html,120.000 ₫,5.0,40 Đã bán
"Nguồn Tổ Ong, Nguồn 24V - 20A/15A/10A/5A/3A chuyên dùng cho camera, đèn led, motor mini và các thiết bị sử dung 24V DC khác.",https://www.lazada.vn/products/pdp-i1467980960.html,115.000 ₫,4.0,531 Đã bán
HD 25 LIGHT Tai Nghe Monitor Sennheiser-HÀNG CHÍNH HÃNG,https://www.lazada.vn/products/pdp-i2606959368.html,3.240.000 ₫,,
Case máy tính đồng bộ Acer H81+core i3 + Ram 4gb/8Gb+SSD120gb/256gb tùy loại,https://www.lazada.vn/products/pdp-i2611204104.html,1.050.000 ₫,4.0,42 Đã bán
"Nguồn Tổ Ong 5V - 12V - 24V (60A-33A-20A-10A) dùng cho đèn Led, Camera",https://www.lazada.vn/products/pdp-i2628237364.html,95.000 ₫,5.0,6 Đã bán
"Nguồn Ngoài Trời 12V 33A 400W – Chuyên Dụng Cho LED, Chống Nước, Bền Bỉ, Giá Tốt",https://www.lazada.vn/products/pdp-i1885034856.html,149.000 ₫,4.0,
Siêu Rẻ!!! Đuôi gió thể thao lắp đặt cho các dòng xe không khoan đục xe,https://www.lazada.vn/products/pdp-i2492277553.html,380.000 ₫,4.0,17 Đã bán
Vỏ Case 2 Mặt Kính Cường Lực EDRA ECS1305 (M-ATX),https://www.lazada.vn/products/pdp-i3081308683.html,350.000 ₫,5.0,
"Loa điều khiển từ xa.loa bẫy chim.loa trợ giảng,kết nối bluetooth zansong ws898",https://www.lazada.vn/products/pdp-i3063997445.html,375.000 ₫,,
Kính mát chống tia UV kiêm tai nghe Bluetooth Màu Đen - Dòng 2023,https://www.lazada.vn/products/pdp-i2465633941.html,98.010 ₫,5.0,88 Đã bán
Bộ Thu WiFi Không Dây AX300 6 Thẻ WiFi 2.4G USB Dongle Cho PC Laptop - Thẻ Mạng Tốc Độ Cao 802.11ax Không Cần Trình Điều Khiển,https://www.lazada.vn/products/pdp-i3196990777.html,76.700 ₫,5.0,34 Đã bán
(HCM) Tản nhiệt Cpu Needmax S6 Led Rgb Intel LGA 20xx/1366/775/115x AMD AM4/AM3+/AM3/AM2+/AM2/FM2+/FM2/FM1,https://www.lazada.vn/products/pdp-i2263388835.html,118.000 ₫,,
Casing For Tecno Spark 30 Pro 4G KL7 Clear Anti-Drop Acrylic Protective Cover With Magnetic Sticker,https://www.lazada.vn/products/pdp-i2907953048.html,38.359 ₫,,
"Lọc gió điều hòa (than hoạt tính) Toyota Vios, Altis, Camry, Yaris, Innova, Fortuner Hilux",https://www.lazada.vn/products/pdp-i1608441229.html,47.990 ₫,4.0,223 Đã bán
"Samzhe | Thiết Bị Chia Sẻ Màn Hình, Chuột, Bàn Phím VGA 2-Port KVM Switch USB 2.0 4-Port",https://www.lazada.vn/products/pdp-i3205477862.html,495.000 ₫,4.0,
Đồng hồ thông minh Zeblaze Vibe 7,https://www.lazada.vn/products/pdp-i2736428294.html,850.000 ₫,,
Passive 2U Rectangular 2011 Pin Server Heat Sink DIY Modification Heat Sink Copper Tube X79 X99 Computer Hardware Monitor,https://www.lazada.vn/products/pdp-i2524404189.html,234.000 ₫,5.0,93 Đã bán
[HCM]Công tắc cảm ứng ánh sáng 2000w,https://www.lazada.vn/products/pdp-i831132462.html,95.000 ₫,,
"Panasonic | Pin Nút Cho Chìa Khóa Xe, Điều Khiển Đầu Thu, Đồng Hồ Điện Tử, Bước Chân Kế, Tyre Pressure Monitor and Smart Switch Panels, Camera",https://www.lazada.vn/products/pdp-i3196109931.html,105.000 ₫,4.0,
"Jaket Hoodie Prostreet Inside V3 Bahan Katun Tebal jaket Prostreet Terbaru - INSIDE V3, M",https://www.lazada.vn/products/pdp-i3123895923.html,240.000 ₫,,
Bộ chuyển đổi nguồn điện Doxin 12V - 220V 200W TIGĐ03 dùng cho ô tô,https://www.lazada.vn/products/pdp-i2078197319.html,399.000 ₫,4.0,5 Đã bán
"Công Tắc Tuya Thông Minh Wifi+Rf433, 1,2,3,4 Nút Viền Vàng Hình Vuông Smartlife Hẹn Giờ Điều Khiển Từ Xa Điều Khiển Giọng Nói",https://www.lazada.vn/products/pdp-i1771454411.html,324.000 ₫,4.0,214 Đã bán
Turbine Tăng Áp Hai Giai Đoạn 12V Micro Bearing Brushless Motor Micro Fan Delta Brand Computer Hardware Monitor Computer Peripherals,https://www.lazada.vn/products/pdp-i1772369162.html,201.000 ₫,4.0,206 Đã bán
(DVPC) PMV-C015 4260706030 4260748010 4PCS 315MHz Tire Pressure Monitor Sensor for for Lc Rx,https://www.lazada.vn/products/pdp-i3146091224.html,733.136 ₫,,
"[Một Cặp, Chính Hãng] Loa Kiểm Âm KRK Rokit RP7G4, RP7G5 Powered RP7 G4, G5 Studio Monitor 7G4, 7G5 Speaker Nghe Nhạc",https://www.lazada.vn/products/pdp-i2602444310.html,18.499.000 ₫,,
"[Một Cặp, Chính Hãng] Loa Kiểm Âm JBL 308P MKII Phòng Thu Studio 308P MK2 Pair Monitor Speakers 308",https://www.lazada.vn/products/pdp-i2602375960.html,15.899.000 ₫,,
Jaycreer Airbus buồng lái che nắng thiết lập cho Airbus A320 321 319 hoặc tương tự ..,https://www.lazada.vn/products/pdp-i2373729126.html,743.318 ₫,4.0,34 Đã bán
CANAMEK Kids Toddler Sponge Stamp Brush Kits Flower Drawing Toys for Children Paint Art,https://www.lazada.vn/products/pdp-i2967027786.html,12.035 ₫,5.0,10 Đã bán
Kính Thông Minh Có Dịch AI Cho Hơn 100 Ngôn Ngữ BluetoothTWS Chức Năng Gọi Giảm Tiếng Ồn Điều Khiển Âm Nhạc Cho Nam Và Nữ,https://www.lazada.vn/products/pdp-i3180841847.html,358.500 ₫,5.0,6 Đã bán
Vention Displayport HDMI Cable Display Port HDMI Cable 3M 2M 1.5M 1080P DP to HDMI Adapter for Monitor HDTV Projector,https://www.lazada.vn/products/pdp-i390232599.html,152.932 ₫,4.0,353 Đã bán
Ống Kính Kép H4 LED Đèn Pha 120W 40000LM Cao/Chùm Thấp Tự Động K Plug & Play Xe Máy Đèn Pha Ô Tô 6500K,https://www.lazada.vn/products/pdp-i2562410615.html,368.250 ₫,4.0,28 Đã bán
10 máy tính bộ ACER Sff nhỏ gọn chipset core i5 2400 / ram 8g / ssd 120g re. Bán giá 1050k bảo hành chu đáo 1thang,https://www.lazada.vn/products/pdp-i2860107549.html,1.150.000 ₫,5.0,
1cái loa cánh tháo xe 16cm hãng Misubisi (giá 1 cái),https://www.lazada.vn/products/pdp-i2421486445.html,300.000 ₫,5.0,18 Đã bán
Giá Đỡ VGA Coolmoon Led RGB Độ Dài 25cm - Đồng Bộ Hub Coolmoon / Auto,https://www.lazada.vn/products/pdp-i399796720.html,85.000 ₫,4.0,495 Đã bán
2 Bóng Novsight Mọi Thời Tiết HALO Series 4.5 Inch Dây Đèn DRL Đèn DRL Đèn Pha Motocross Đèn Pha 35W 2300LM 6000K/1700K Siêu Sáng Miễn Phí Vận Chuyển,https://www.lazada.vn/products/pdp-i2515835182.html,6.727.564 ₫,5.0,
E-WOITD Màn hình máy chiếu di động 16:9 Màn chiếu đơn giản màn chiếu 60 72 84 100 120 inch màn hình hiển thị HD cho rạp chiếu phim tại nhà,https://www.lazada.vn/products/pdp-i3186513158.html,60.388 ₫,,
SEAMETAL 600GSM Khăn Lau Xe Ô Tô Microfiber Cao Cấp Vải Sấy Siêu Thấm Hút Để Chăm Sóc Chi Tiết Màu Xám 40x40cm/40x60cm/60x90cm,https://www.lazada.vn/products/pdp-i2562735285.html,36.000 ₫,5.0,986 Đã bán
"kính mắt,kính 2 tròng ,kính đi đường ,xem điện thoại ,đọc sách[ gọng dẻo titanium tròng meka đủ số từ+0.75 đến +4.00",https://www.lazada.vn/products/pdp-i1587439614.html,250.000 ₫,4.0,84 Đã bán
ACEMAGIC | Máy Tính Mini Văn Phòng & Gaming Cao Cấp với Tần Số Làm Mới 8K và Mở Rộng OCuLink,https://www.lazada.vn/products/pdp-i3181718956.html,14.591.000 ₫,,
"Đèn Trợ Sáng Bi Cầu Cao Cấp CX3, EX3 MARACING - 85W 3 Bi Cầu ĐIỆN ÁP 9-30V Lắp Các Dòng Xe Máy , Ô Tô , Xe Tải",https://www.lazada.vn/products/pdp-i3228670557.html,620.000 ₫,,
Mini PC Lenovo Thinkcentre M710Q M720 Gen 6,https://www.lazada.vn/products/pdp-i3180551127.html,1.650.000 ₫,,
"Quạt tản nhiệt, Fan Case Led COOLMOON K8 Trắng / Đen , Bảo Hành 3 Tháng, Tặng Kèm 4 Ốc , Led 7 Màu",https://www.lazada.vn/products/pdp-i3143276918.html,13.800 ₫,5.0,36 Đã bán
Casing For Honor 200 Smart X7C 5G ALT-NX1 4G Colorful Matte Protective Shockproof Cover,https://www.lazada.vn/products/pdp-i2905331900.html,28.480 ₫,5.0,
"Kính Mát Thông Minh Không Dây Xiaomi F06 Chống Tia Sáng Xanh Có Tai Nghe Bluetooth Tận Hưởng Cuộc Gọi Di Động Không Dây Tự Do, Âm Nhạc Miễn Phí Và Hơn Thế Nữa.",https://www.lazada.vn/products/pdp-i3043801825.html,320.000 ₫,5.0,10 Đã bán
PC PV Gaming Apollo M012 (Intel Core i5-12400F/ GeForce RTX 5060/ 1 x 8GB/ 1TB SSD/ Free DOS) - Bảo hành theo thời gian từng linh kiện,https://www.lazada.vn/products/pdp-i3179366088.html,20.690.000 ₫,,
"Thiết bị định vị không dây ô tô xe máy V20S MINI 4G chip thế hệ mới, chính xác cực cao",https://www.lazada.vn/products/pdp-i2405218233.html,950.000 ₫,5.0,
Kính camera thể thao HD điều khiển qua điện thoại quay video chụp ảnh rảnh tay cho đạp xe leo núi du lịch,https://www.lazada.vn/products/pdp-i3213530824.html,519.250 ₫,,
"Xi xóa xước sơn Ô tô Xe máy 3Max, Tặng khăn lau chuyên dụng, Tẩy các vết Ố sơn xe, Ố Crom!",https://www.lazada.vn/products/pdp-i3147795101.html,115.000 ₫,4.0,163 Đã bán
Máy tính Mini PC HP Prodesk 400 G3 - Intel Gen 6 7 dòng T - BH 12 tháng - Hư gì đổi đó,https://www.lazada.vn/products/pdp-i1946342913.html,1.768.000 ₫,5.0,22 Đã bán
HỢP SIN KOBELCO LOẠI DILINH,https://www.lazada.vn/products/pdp-i3199982030.html,320.000 ₫,5.0,
"Tai Nghe Nhét Tai Có Dây TANGZU YuXuanJi TPLX 10mm, Trình Điều Khiển Động, Cấu Trúc Kẽm, Đệm Tai Bằng Mút Nhớt, Tai Nghe Monitor",https://www.lazada.vn/products/pdp-i3242569668.html,1.876.500 ₫,,
SUOBAI | Đế Hỗ Trợ Bàn Phím Gập Được Không Cần Khoan,https://www.lazada.vn/products/pdp-i3219624411.html,182.000 ₫,4.0,
"Nguồn DELL 3020, 9020, 7020, ex2, t1700 sff (form nhỏ) bảo hành 12 tháng",https://www.lazada.vn/products/pdp-i2633895378.html,345.000 ₫,5.0,
Thanh Đèn LED Cho Xe Tải 4X4 Xe Bán Tải SUV 60W 120W 180W 240W Đèn Làm Việc Đèn Rọi Đèn Lái Xe 12V 24V,https://www.lazada.vn/products/pdp-i1552168337.html,293.000 ₫,5.0,109 Đã bán
Đồng hồ thông minh Samsung Galaxy Watch 4 Classic 46mm (SM-R890N) - Hàng Chính Hãng,https://www.lazada.vn/products/pdp-i2351014292.html,3.300.000 ₫,,
Card VGA Radeon RX 580 GIGABYTE Gaming 4G/8G DDR5,https://www.lazada.vn/products/pdp-i2627843867.html,1.550.000 ₫,5.0,13 Đã bán
2 Chiếc Bóng Đèn Pha Xe Hơi Siêu Sáng CarTnT Đèn Pha LED H9 HB3 9005 HB4 9006 H11 H8 100W 20000LM 6000K 12V 8000K,https://www.lazada.vn/products/pdp-i1629838225.html,209.729 ₫,4.0,706 Đã bán
"01 bóng đèn LED T10 max sáng đúc kính như zin lắp mặt đồng hồ, demi, xi nhan xe máy, ô tô DC 12v",https://www.lazada.vn/products/pdp-i949364227.html,3.990 ₫,4.0,
"POLONE Ban Phát Triển ESP32-S3 Robot đối thoại AI Màn hình TFT 1,54 inch Hỗ trợ DeepSeek Robot thông minh Biểu hiện tùy chỉnh cá nhân hóa Mô-đun hộp thoại Robot thông minh Xiao Zhi",https://www.lazada.vn/products/pdp-i3208426878.html,377.580 ₫,,"10 Đã bán
China"
"Eyoyo Màn hình cảm ứng 7 inch 1024x600 IPS màn hình di động, màn hình Raspberry Pi, Màn hình Màn hình cảm ứng điện dung 5 điểm mini màn hình HDMI cho máy tính xách tay Raspberry Pi 4B 3B + 3A + & Banana Pi Win7/8/10/11 & máy chơi game",https://www.lazada.vn/products/pdp-i2207431650.html,999.000 ₫,,
Compatible Lego Skibidi Toilet Toilet Man Vs Monitor Man Titan Audio Man Tv Man Toy WYUE,https://www.lazada.vn/products/pdp-i2660074340.html,210.944 ₫,,
Skibidi Toilet Đồ Chơi Lắp Ráp Titan Tv Man Jx042 Clock Man Drill Man King Cameraman Titan TV man Audioman Monitor,https://www.lazada.vn/products/pdp-i2944604622.html,129.000 ₫,,
Camera Clamp Quick Release Rail Clip Mount 1/4 3/8 Hole for 20mm Video Light Mic Monitor Holder Gimbal Slider Extension,https://www.lazada.vn/products/pdp-i3041611015.html,288.772 ₫,,
7D Sợi Carbon Vinyl Nội Thất Ô Tô Phim Đa Năng Tự Dán Chống Trầy Xước Miếng Dán Bảo Vệ Cho Tất Cả Các Mẫu Xe Ô Tô,https://www.lazada.vn/products/pdp-i2506710995.html,37.700 ₫,4.0,192 Đã bán
Skibidi Toilet Cameraman Speakerman Titan TV Man Compatible with LEGO building blocks Titan Monitor Man Compatible Lego building block 2023 Toilet Man Audio Man Desktop Toy Boy Peerless God of War,https://www.lazada.vn/products/pdp-i3113150429.html,249.157 ₫,,
Store YUEQIN3 Có thể điều chỉnh bàn Monitor Rack chủ PC màn hình đứng máy tính để bàn máy tính hiển thị đứng cho văn phòng Studio làm việc nghiên cứu sinh viên,https://www.lazada.vn/products/pdp-i3010366392.html,113.353 ₫,5.0,
"(AZUV) Speaker Pads, Isolation Pads,High Density Studio Monitor Foam, Studio Monitor Stand Pads, Speaker Base,28X19X4cm",https://www.lazada.vn/products/pdp-i2703395705.html,85.133 ₫,5.0,
New LCD Display Touch Screen Monitor Replacement Repair Part For Sony NEX-C3 NEXC3 NEX-3C NEX-7 NEX5 NEX-5 NEX-3 NEX-6 NEX-5C,https://www.lazada.vn/products/pdp-i2842269487.html,802.491 ₫,,
Female Soft Foot Massager Slippers Reduce Feet Tension Promote Circulation Reduce Feet Tension Promote Circulation DFG-VN,https://www.lazada.vn/products/pdp-i3039340731.html,89.000 ₫,,
Skibidi Toilet Cameraman Speakerman Titan TV Man Compatible with LEGO building blocks Titan King Magnet Man Pencil Man Compatible Lego Assembled Building Block Model Toilet Man and Monitor Man Toy,https://www.lazada.vn/products/pdp-i2741948168.html,59.579 ₫,,
"ITLY D2 Màn Hình Máy Tính Nâng Đứng Đa Năng Có Thể Gập Lại Để Bàn Tổ Chức Với Đế Lưu Trữ Cho Laptop 10 ""-20""",https://www.lazada.vn/products/pdp-i3101215372.html,699.000 ₫,5.0,8 Đã bán
【Limited Time Only】 -266s 32-65inch Led Inverter Tv Lcd Backlight Boost Constant Current Board 80-480ma Output,https://www.lazada.vn/products/pdp-i2628483467.html,130.912 ₫,,
Tuya ZigBee Cảm Biến Ánh Sáng Độ Sáng Chiếu Sáng Máy Phát Hiện Độ Sáng Cho Tự Động Hóa Gia Đình Tương Thích Với Thiết Bị Cuộc Sống Thông Minh,https://www.lazada.vn/products/pdp-i3082081117.html,165.750 ₫,5.0,23 Đã bán
Freneci 4X Đầu vào/ống xả cho cf500 cf188 UTV 0180-022004 0180-022005 mới,https://www.lazada.vn/products/pdp-i3083016917.html,617.672 ₫,,
10 Inch 3D Màn Hình Khuếch Đại Video HD Kính Lúp Cho Điện Thoại Di Động Điện Thoại Thông Minh Màn Hình Mở Rộng Máy Chiếu Có Giá Đỡ Phóng Đại,https://www.lazada.vn/products/pdp-i2990345508.html,154.000 ₫,,
【New and Improved】 X99-E8i Computer Motherboard Atx Lga2011-3 V3/v4 Desk Computer Mainboard Pci-E 16x 4x Graphic Slot Gigabit Network,https://www.lazada.vn/products/pdp-i2732511721.html,215.178 ₫,5.0,
Đẩy công suất 4 kênh 48 sò M-8500 chính hãng MDX,https://www.lazada.vn/products/pdp-i2475389864.html,4.950.000 ₫,5.0,6 Đã bán
16K USB Type-C to Displayport Cable DP 2.1 Extension Adapter 8K 60Hz 4K 240Hz 80Gbps UHD for Laptop Monitor 2m,https://www.lazada.vn/products/pdp-i3196693774.html,489.200 ₫,2.1,
"Wuling mini, camera hành trình ô tô HD 1080p, không lắp đặt, ghi vòng hỗ trợ",https://www.lazada.vn/products/pdp-i3166208849.html,804.221 ₫,,
Nguồn Acbel công suất thực 400,https://www.lazada.vn/products/pdp-i2451666038.html,100.000 ₫,,
【Swift Spark】 Desktop PC MB Backplate RGB Decorative Lightboard ATX/MATX/ITX Motherboard Back -emitting 5V ARGB SYNC,https://www.lazada.vn/products/pdp-i3083769979.html,569.078 ₫,,
XIMiM Blowing Aokago Coloring Book For Children Adult Relieve Stress Kill Time Painting Art Book,https://www.lazada.vn/products/pdp-i3149132552.html,13.350 ₫,,
【Exclusive Limited Edition】 68211200ac 68211200ab Car Water Coolant For Jeep Grand Cherokee Diesel Engine 3.0t Wk Ram Dodge Ram Radiator Hose,https://www.lazada.vn/products/pdp-i3113744659.html,391.799 ₫,,
2.4G TV Stick 1080P MiraScreen G2 Display Receiver HDMI-Compatible Miracast Wifi TV Dongle Mirror Screen Anycast For Android IOS,https://www.lazada.vn/products/pdp-i2008993937.html,230.790 ₫,1.0,17 Đã bán
Maxgtrs ống kính kép H4 Đèn Pha Led Máy chiếu mini ống kính LED H4 đèn ô tô đèn pha ô tô HI/chùm sáng thấp ánh sáng 55W 12000lm Plug & Play,https://www.lazada.vn/products/pdp-i2697961909.html,285.118 ₫,5.0,34 Đã bán
"Biled S-LIGHT MAX1 3 inch công suất 65w nâng cấp dèn oto , xe máy",https://www.lazada.vn/products/pdp-i1389037230.html,900.000 ₫,,
Tuya Zigbee Wifi Cửa Thông Minh Cửa Sổ Cảm Biến Mục Từ An Ninh Báo Trộm Tương Thích Với Alexa Google Home Cho Gia Đình Tự Động Hóa,https://www.lazada.vn/products/pdp-i2665135338.html,111.800 ₫,4.0,212 Đã bán
"YUCUZF SHOP Ban Phát Triển ESP32-S3 Robot đối thoại AI Hỗ trợ DeepSeek Màn hình TFT 1,54 inch Robot thông minh Xiao Zhi Mô-đun hộp thoại Robot đối thoại bằng giọng nói",https://www.lazada.vn/products/pdp-i3210333576.html,465.000 ₫,,
(KNCZ) 6 in 1 AC Monitor D69-2058 AC Digital Voltage and Current Power Frequency Factor Electricity Meter Multi-Function Power Monitor,https://www.lazada.vn/products/pdp-i3092003573.html,391.772 ₫,,
Biaze | Đapter Type-C sang HDMI cho Chiếu Dữ Liệu Cao Cấp,https://www.lazada.vn/products/pdp-i3194513391.html,131.000 ₫,,"5 Đã bán
China"
1 chiếc quần lót lụa lạnh đồ lót nữ thoáng khí màu trơn Thoải mái Quần lót nylon sang trọng Đồ lót tam giác,https://www.lazada.vn/products/pdp-i3128623418.html,29.977 ₫,1.0,10 Đã bán
Creative Watch Design Finger Rings Alloy Unisex Adjustable Metal Mini Clock Watch Ring Korean Fashion Watch Finger Ring For Women TF-Ais-VN,https://www.lazada.vn/products/pdp-i3006772865.html,35.000 ₫,,"7 Đã bán
China"
"ACEMAGIC | Máy Tính Để Bàn Mini cho Gaming, Kinh Doanh và Sử Dụng Gia Đình",https://www.lazada.vn/products/pdp-i3195548002.html,12.024.000 ₫,4.0,
FallSweet High Waisted Ice Silk Belly Tightening Pants for Women Silk Antibacterial Buttocks Lifting Shaping Pants for Women Thin and Breathable High Waisted Underwear,https://www.lazada.vn/products/pdp-i2324207941.html,89.000 ₫,5.0,62 Đã bán
"NGUỒN TỔ ONG 24V 3A LOẠI TỐT, CHẤT LƯỢNG, ĐỦ AMPE, BH 1 NĂM TOT",https://www.lazada.vn/products/pdp-i2739661337.html,97.500 ₫,,
EKLEVA Thông Minh Trên Ô Tô TPMS Lốp Giám Sát Áp Suất Năng lượng mặt trời Sạc MÀN HÌNH Hiển Thị LCD Kỹ Thuật Số Tự Động Báo Động An Ninh Hệ Thống với 4 cảm biến,https://www.lazada.vn/products/pdp-i275390658.html,496.300 ₫,4.0,147 Đã bán
"SmallRig 5.5 ""Có Thể Điều Chỉnh Khớp Nối Ma Thuật Cánh Tay Đôi Đầu Với Ốc Vít 1/4""-20 Cho Màn Hình Chụp Ảnh Ánh Sáng 2065",https://www.lazada.vn/products/pdp-i1042968170.html,369.000 ₫,5.0,138 Đã bán
2X100W 2 Màu Đèn Pha LED Ô Tô Bóng H4 H7 H8 H11 HB3 H1 9005 Đèn Sương Mù Vàng Trắng 3000K + 4300K + 6000K 12V Độ Sáng Cao,https://www.lazada.vn/products/pdp-i2562519942.html,483.200 ₫,4.0,124 Đã bán
Cofoe DOPPLER thai nhi với kỹ thuật số & màn hình cong bé nhịp tim hướng dẫn siêu âm Monitor cho HB-1005S mang thai,https://www.lazada.vn/products/pdp-i2127169750.html,977.000 ₫,5.0,
Bộ Lọc HEPA Máy Lọc Không Khí Ô Tô Có Hương Thơm Loại Bỏ Ion Âm Xe Điện Để Bàn Thanh Oxy Xuyên Biên Giới Tự Động Phụ Kiện,https://www.lazada.vn/products/pdp-i2899029795.html,103.500 ₫,5.0,52 Đã bán
"Loa Xe Hơi Gỗ Nguyên Khối 4 Inch 5 Inch 6,5 Inch 8 Inch Chế Độ Hai Chiều Labyrinth Speaker Cabinet Modification",https://www.lazada.vn/products/pdp-i2795552765.html,455.000 ₫,5.0,229 Đã bán
Phiên bản nâng cấp Super Titan TV Man 3.0 tương thích với Lego Toilet Man vs Monitor Man lắp ráp kh,https://www.lazada.vn/products/pdp-i2945578285.html,105.000 ₫,3.0,
Ekleva đèn pha ô tô Bóng Đèn H7 LED Canbus Xe 200W công suất cao Ngọn Hải Đăng Cho Xe 9005 9006 9012 H1 H4 H7 H11 12V 24V,https://www.lazada.vn/products/pdp-i2583401838.html,729.800 ₫,4.0,168 Đã bán
[Zeallion] Thời trang trẻ em 4G điện thoại 1.44 inch Đồng hồ thông minh Wifi + LBS Thẻ Định vị camera không thấm nước cảnh báo thời tiết ngôn ngữ Đồng hồ thông minh chất lượng cao Quà Tặng đồng hồ,https://www.lazada.vn/products/pdp-i2800873502.html,564.190 ₫,5.0,7 Đã bán
"Định vị cho ANDROID Hoco E96A dùng app GG Find My - tìm kiếm thú cưng, xe máy, ô tô, trẻ em, người lớn tuổi, vật dụng (màu ngẫu nhiên) Nhất Tín Computer",https://www.lazada.vn/products/pdp-i3190656674.html,139.000 ₫,5.0,27 Đã bán
"Công Tắc Tuya Thông Minh Wifi Smart Life (Wifi+RF433) 1,2,3,4 Nút Cảm Ứng Chữ Nhật, Công Tắc Hẹn Giờ Điều Khiển Từ Xa 10A-2200W, Hỗ Trợ Điều Khiển Giọng Nói Tiếng Việt",https://www.lazada.vn/products/pdp-i290882776.html,219.000 ₫,4.0,
Ekleva H4 led CANBUS chiếu đèn LED cho xe hơi ống kính mini HI/lo chùm 6000K siêu sáng 280W LHD rhd 90000lm Bóng đèn ô tô,https://www.lazada.vn/products/pdp-i2651293089.html,549.300 ₫,4.0,96 Đã bán
REXCO 50 Xịt Chống Rỉ Sét Bôi Trơn Đa Năng 3 trong 1 Bảo Vệ Phục Hồi Kim Loại,https://www.lazada.vn/products/pdp-i3129985629.html,67.550 ₫,,
"Cục chớp nháy xi nhan,chóp kêu 12v TLT dùng cho mọi dòng xe máy sản xuất theo công nghệ Thái Lan bảo hành 12 tháng",https://www.lazada.vn/products/pdp-i2279219125.html,30.000 ₫,4.0,113 Đã bán
Đèn Trợ Sáng Aozoom EX2 Bảo Hành Chính Hãng 2năm,https://www.lazada.vn/products/pdp-i3191781213.html,1.850.000 ₫,5.0,
Bộ nguồn máy tính hiệu Vision 550W tháo máy OK,https://www.lazada.vn/products/pdp-i2634547186.html,90.000 ₫,4.0,47 Đã bán
"bộ nguồn máy tính G320, công suất thực 320W, đạt chuẩn CE – CB – FCC, chạy ổn định cho máy văn phòng và oc pho thông",https://www.lazada.vn/products/pdp-i3174291397.html,155.000 ₫,4.0,
"Nguồn Dẹt Mỏng 12V 10A, 16,7A, 33A Trong Nhà Dùng Cho Đèn Led",https://www.lazada.vn/products/pdp-i2655249097.html,70.000 ₫,4.0,65 Đã bán
Đèn LED Xe Moóc Xe Tải Ô Tô 36LED Đèn Hậu LED RV Màu Đỏ + Vàng Chống Nước Đèn Tín Hiệu Chảy 3D,https://www.lazada.vn/products/pdp-i1890851338.html,346.058 ₫,4.0,245 Đã bán
Bóng Đèn Halogen OSRAM Original H4 12V 60/55W - Nhập Khẩu Chính Hãng,https://www.lazada.vn/products/pdp-i1953365339.html,101.000 ₫,4.0,584 Đã bán
New XG88 eyewear Bluetooth headset Smart Bluetooth glasses Blue light eye protection with Microphone pigfly,https://www.lazada.vn/products/pdp-i2852717655.html,137.861 ₫,3.0,10 Đã bán
mainboard jingsha x99 ddr4 ad1 nvme usb 3.0 4 cổng 2 khe ram,https://www.lazada.vn/products/pdp-i3083404654.html,799.000 ₫,5.0,
Nguồn tổ ong 12V 30A loại tốt-Bảo hành 12 tháng,https://www.lazada.vn/products/pdp-i562868623.html,199.000 ₫,4.0,313 Đã bán
Camera Hành Trình Ô tô 70mai M310 Phiên Bản QUỐC TẾ Độ Nét Cao độ phân giải 2K (Hàng Chính Hãng),https://www.lazada.vn/products/pdp-i1739697563.html,1.340.000 ₫,4.0,663 Đã bán
"Thiết bị định vị card Hoco E92 sạc không dây - theo dõi xe máy, ô tô, thú cưng, trẻ em, đồ vật, hành lý, người lớn tuổi (đen) Phụ kiện Sỉ 1986",https://www.lazada.vn/products/pdp-i3030668580.html,261.000 ₫,5.0,45 Đã bán
"Dây Nguồn 3 Chấu Chính Hãng HONJIANDA Dành Cho Máy Tính, Nồi Cơm... dài 1,8m",https://www.lazada.vn/products/pdp-i1740422808.html,20.000 ₫,4.0,476 Đã bán
Nguồn Đũa 12V 2A 3A 5A cao cấp Siêu bền chuyên dùng cho Led Dây Dán,https://www.lazada.vn/products/pdp-i1792503786.html,29.000 ₫,4.0,819 Đã bán
Nước Hoa Ô Tô Cao Cấp GOCADO - BOSS GRAY Hương Hoa Quả Thanh Mát Khửi Mùi Hôi Xe Dung Tích 160ML,https://www.lazada.vn/products/pdp-i3175334952.html,359.000 ₫,5.0,
2 bóng Đèn pha ô tô LED Novsight N74 9005(HB3) 9006(HB4) 9012 H4 H7 H11 Đèn LED ô tô chùm sáng cao/Đèn sương mù chùm tia thấp 72W 10000LM 6500K Cắm và chạy siêu sáng Bảo hành 1 năm,https://www.lazada.vn/products/pdp-i2312388016.html,322.716 ₫,4.0,245 Đã bán
còi ngân 6 tiếng ô tô xe máy loại 1 12v - 24v có clip thử TQ,https://www.lazada.vn/products/pdp-i2450738151.html,130.000 ₫,5.0,83 Đã bán
Nguồn VSP Master Vision ATX-750W,https://www.lazada.vn/products/pdp-i2652716266.html,209.000 ₫,5.0,15 Đã bán
"Công Tắc điều khiển từ xa RF 30A - 220V, khoảng cách lên tới 100m",https://www.lazada.vn/products/pdp-i2193598183.html,75.000 ₫,4.0,314 Đã bán
Skibidi Toilet Đồ Chơi Lắp Ráp Nhân Vật Fusion Titan TV Man Drill King Man JX060 478 PCS SoundMan Audioman Monitor,https://www.lazada.vn/products/pdp-i2944720817.html,132.000 ₫,,
Intel E5-2690 V2 CPU 2.9GHz 6-Core 65W 14nm Intel Xeon Phi Processor Computer Hardware Desktop Central Processing Unit,https://www.lazada.vn/products/pdp-i2407745235.html,404.000 ₫,5.0,424 Đã bán
Quạt tản nhiệt Sò lạnh Memo CX15 AI - Chip TEC mới làm lạnh nhanh - Đèn led đẹp mắt - Chế độ AI thông minh,https://www.lazada.vn/products/pdp-i3107151024.html,229.000 ₫,4.0,31 Đã bán
Bộ Đèn Pha LED với DRL Xanh và đèn xi nhan tuần tự cho BMW 3 Series F30/F35,https://www.lazada.vn/products/pdp-i3232024624.html,583.000 ₫,,
Kính Đi Xe Máy Unisex Photochromic Chống Gió Khung Lớn Đi Xe Đạp Chạy Bộ Kính Đi Bộ Đường Dài Cho Thể Thao Ngoài Trời Thấu Kính Trong,https://www.lazada.vn/products/pdp-i3084889011.html,49.400 ₫,5.0,56 Đã bán
FLAME LIGHT | Đèn Chiếu Cartoon Động Chào Mừng Cho Cửa Xe,https://www.lazada.vn/products/pdp-i3193617194.html,120.000 ₫,4.0,
Máy dò kim loại kỹ thuật số yieryi với màn hình LCD-Lý tưởng cho việc khám phá bãi biển và kho báu của trẻ em,https://www.lazada.vn/products/pdp-i3063323451.html,508.897 ₫,,
Tai Nghe Năng Động ND DTS HIFI Bass In-Ear Monitor Tai Nghe Khử Tiếng Ồn Thể Thao Với Cáp Có Thể Tháo Rời Tai Nghe Có Dây Kim Loại,https://www.lazada.vn/products/pdp-i2861520830.html,111.800 ₫,4.0,24 Đã bán
Skechers_ Dép Nữ Xăng Đan On-The-GO Sandals GOWalk Arch Fit - 1405251-Beige,https://www.lazada.vn/products/pdp-i2840664103.html,257.703 ₫,4.0,12 Đã bán
ROCKBROS M1 Pro Đồng Hồ Xe Đạp 2.9 'GPS Beidou Năm Vệ Tinh Định Vị 70H pin dài Cuộc Sống Đồng hồ đo tốc độ đạp xe Tùy Chỉnh Giao Diện thông minh không dây ANT + Nhịp Tim Tỷ Lệ thiết bị xe đạp Không Thấm Nước,https://www.lazada.vn/products/pdp-i3136000609.html,999.000 ₫,5.0,8 Đã bán
"NEEWER MA019 Giá đỡ màn hình Field Monitor có đế Cold Shoe xoay 360 độ, nghiêng 180 độ, vít chống xoắn",https://www.lazada.vn/products/pdp-i3037222454.html,442.000 ₫,,
SKECHERS_ Nam Dép Bít Mũi Foamies Sandals 243041-BBK,https://www.lazada.vn/products/pdp-i2088479261.html,236.803 ₫,,
Vention Displayport to VGA Adapter DP to VGA Converter Displayport DP VGA Adapter Male to Female for Projector TV Monitor 1080P,https://www.lazada.vn/products/pdp-i421474404.html,201.700 ₫,5.0,26 Đã bán
Đồ Chơi Xếp Skibidi Toilet Lắp Ráp Titan Tv Man v3 Clock Man Drill Man King Cameraman Titan TV man Audioman Monitor Rẻ,https://www.lazada.vn/products/pdp-i2944511817.html,129.000 ₫,,
INKBIRD 3-in-1 Portable Carbon Monoxide Detector Indoor Air Quality Monitor Temperature Humidity CO Detector with Audible Alarm,https://www.lazada.vn/products/pdp-i2615518301.html,855.360 ₫,,
2 Bóng Siêu Sáng Novsight N92 Ống Kính Máy Chiếu LED Xe Ô Tô Bóng Đèn Lớn 9005 (HB3) 9006 (HB4) H4 H7 H11 Đèn LED Cho Ô Tô Đèn Sương Mù Chùm Cao/Thấp 120W 22000LM 6500K Cắm Và Chạy Bảo Hành 1 Năm,https://www.lazada.vn/products/pdp-i2877734606.html,594.654 ₫,4.0,37 Đã bán
Ekleva S60 2 pcs 120W Đèn pha LED xe hơi bóng đèn nhấp nháy ba màu Chế độ điều khiển từ xa thâm nhập mạnh mẽ Phụ Kiện Xe Hơi bán chạy,https://www.lazada.vn/products/pdp-i2930037606.html,712.100 ₫,4.0,63 Đã bán
Máy lọc không khí phòng ngủ loại bỏ mùi hôi 11.5×17.5cm,https://www.lazada.vn/products/pdp-i3231086218.html,345.000 ₫,,
"Công Tắc Cửa Cuốn Wifi, Điều Khiển Cửa Cuốn Thông Minh Có Viền Vàng/Không Viền Tuya Smartlife Bản Mới, Hẹn Giờ Điều Khiển Từ Xa Ra Lệnh Giọng Nói",https://www.lazada.vn/products/pdp-i1771488308.html,401.000 ₫,4.0,365 Đã bán
"Vertical GPU Mount Bracket, 2 Slots Graphics Card Steering Holder with Hardware, EGPU Dock, External GPU Docking Station",https://www.lazada.vn/products/pdp-i3203206698.html,295.643 ₫,,
HCPDF Dây đeo đàn hồi Dây đeo ngực theo dõi nhịp tim Thể thao ngoài trời Không thấm nước Dây đeo nhịp tim đạp xe Phụ kiện chạy bộ Không dây Đai ngực nhịp tim Dành cho wahoo,https://www.lazada.vn/products/pdp-i3226019241.html,117.000 ₫,,
"Đồng hồ thông minh trẻ em Y66 Cuộc gọi Video Call HD 4G, định vị",https://www.lazada.vn/products/pdp-i3119694691.html,520.000 ₫,,
Card màn hình ASUS Dual Radeon™ RX 6500 XT OC Edition 4GB GDDR6 (DUAL-RX6500XT-O4G-V2) - Bảo hành 36 tháng,https://www.lazada.vn/products/pdp-i2932545749.html,3.754.000 ₫,5.0,23 Đã bán
màn hình máy tính cũ rẻ,https://www.lazada.vn/products/pdp-i2529408314.html,650.000 ₫,5.0,10 Đã bán
【Charmauto】 phụ kiện Dải chống bảo vệ chống xước tấm cửa phong cách Sợi Các Bon tự động,https://www.lazada.vn/products/pdp-i2881928507.html,100.887 ₫,,
"Định vị dành cho ANDROID Hoco E96A dùng app GG Find My - tìm kiếm thú cưng, xe máy, ô tô, trẻ em, người lớn tuổi, vật dụng (màu ngẫu nhiên)",https://www.lazada.vn/products/pdp-i3190841345.html,154.000 ₫,,
Giảm giật Dx 55A loại tốt .VƯƠNG TUYẾT LÂM..0795621779,https://www.lazada.vn/products/pdp-i3164262161.html,420.000 ₫,,
Monitor và Toilet Man khối xây dựng Titan TV Man vs. Bà Audio Man lắp ráp đồ chơi trẻ em,https://www.lazada.vn/products/pdp-i2945393899.html,105.000 ₫,,
[Mewly Tech] Tai Nghe Không Dây A.P. 3 Bản Cao Cấp Full Chức Năng Định Vị Đổi Tên Hỗ Trợ Sạc Nhanh Bảo Hành 1 Đổi 1,https://www.lazada.vn/products/pdp-i3225414493.html,199.000 ₫,,
Maxgtrs ống kính kép H4 Đèn Pha Led Máy chiếu mini Ống Kính LED HBS 9003 đèn ô tô chùm ánh sáng 50 Wát 11000lm,https://www.lazada.vn/products/pdp-i3160046022.html,219.893 ₫,5.0,
Mặt Kinh Cảm Ứng Hunonic Datic Thay Thế Cho Các Loại Mặt Công Tắc,https://www.lazada.vn/products/pdp-i3158069661.html,100.000 ₫,5.0,
"Đèn màn hình máy tính Yeelight Pura Monitor Light Bar, điều chỉnh ánh sáng, phù hợp màn hình cong",https://www.lazada.vn/products/pdp-i3088746693.html,650.000 ₫,,
E-WOITD 1 cái VESA núi cho Mini PC i3 4010U treo khung VESA khung gắn lại màn hình,https://www.lazada.vn/products/pdp-i3113239047.html,47.185 ₫,,
New XG88 eyewear Bluetooth headset Smart Bluetooth glasses Blue light eye protection with Microphone pigfly,https://www.lazada.vn/products/pdp-i2852278112.html,137.861 ₫,3.0,
Áp Phích Dán Tường Trang Trí Phong Cách Retro,https://www.lazada.vn/products/pdp-i2437760488.html,20.320 ₫,,
Manmu Lễ Hội Khuyến Mãi 120mm RGB Rainbow Quạt Máy Tính Hiệu Suất Làm Mát Cao Chơi Game PC Quạt Chất Lỏng Chịu Lực 12V 9 Lưỡi Dao,https://www.lazada.vn/products/pdp-i2721281787.html,44.850 ₫,5.0,624 Đã bán
E-WOITD 88 cái hộp mềm chống tĩnh làm sạch khăn lau ướt mô cho máy tính máy tính xách tay LCD Monitor TV điện thoại di động màn hình sản phẩm kỹ thuật số,https://www.lazada.vn/products/pdp-i3128690193.html,43.666 ₫,,
Skechers_ New Men Sport Casual Equalizer 4.0 Sandals - 237050-CCBK Men Foamies Cali Surf Shoes Sports Sandals,https://www.lazada.vn/products/pdp-i2842348456.html,183.216 ₫,4.0,6 Đã bán
Novsight N61T Đèn pha LED 9005 9006 9012 H4 H7 H11 Bóng đèn LED Chùm sáng cao / Chùm sáng thấp / Sương mù 6500K / 4300K / 3000K 60W 13000LM Cắm và chạy 2 miếng Bảo hành 2 năm Miễn phí vận chuyển,https://www.lazada.vn/products/pdp-i2072926565.html,533.134 ₫,4.0,73 Đã bán
"llano Type-C Wireless HDMI Transmitter and Receiver, 50M, Ultra 4K Decode Input 1080P@60Hz Output, Plug&Play 5G+2.4G and Audio for Phone/Tablet/Laptop/PC to Monitor/Projector/TV Box",https://www.lazada.vn/products/pdp-i2965220755.html,1.399.000 ₫,5.0,8 Đã bán
KIPRUN Tire Air Pressure Gauge Meter Handle Mirror Shaped Vehicle Motorcycle Car Tyre Tester Tyre Air Monitor System,https://www.lazada.vn/products/pdp-i1476773266.html,59.061 ₫,4.0,64 Đã bán
[24 giờ tàu] Hoco Y23 Đồng hồ thông minh cho nam IP67 không thấm nước ban đầu đồng hồ thông minh Bluetooth cuộc gọi đếm bước theo dõi giấc ngủ 2.02 inch Bluetooth 5.3 đồng hồ thông minh,https://www.lazada.vn/products/pdp-i3094717681.html,599.000 ₫,,
Tai Nghe IE800 Ceramic Dynamic Balance In-Ear Sports Earphones DIY Unplug Plug Monitor Gaming Esports Headset with Mic,https://www.lazada.vn/products/pdp-i1066728162.html,379.000 ₫,5.0,16 Đã bán
Đồ Chơi Skibidi Toilet Titan Tv Man JX042 Clock Man Drill Man Red Devil Cameraman Speaker TV man Audioman Monitor,https://www.lazada.vn/products/pdp-i2944488908.html,129.000 ₫,,
Jettingbuy 【Bán Chạy】 Chuông Gió Nhật Bản Chuông Gió Ly Thủy Tinh Thủ Công Furin Văn Phòng Nhà Cửa Kiểu Dáng,https://www.lazada.vn/products/pdp-i2209347786.html,74.320 ₫,5.0,47 Đã bán
Mới Q-version Skibidi Toilet Titan Man và Titan Monitor Man Series Khối Xây Dựng Titan TV Man Audio Man Máy Khoan Điện Người Lắp Ráp Đồ Chơi,https://www.lazada.vn/products/pdp-i2944515937.html,125.000 ₫,,
E-WOITD 14-24 inch TV núi treo tường Snap Fastener khung phẳng kim loại phổ TV chủ LCD LED Monitor TV khung,https://www.lazada.vn/products/pdp-i3110058503.html,21.888 ₫,,
"NEEWER Monitor Mount Adapter Bộ chuyển đổi giá đỡ màn hình có giá đỡ VESA, giá đỡ màn hình chịu tải tối đa 14lb/6,3kg (MA001)",https://www.lazada.vn/products/pdp-i2952786261.html,925.000 ₫,,
2025 Happy New Year of The Snake Ins Korean Make Money Plating Lens Protector Smooth Phone Case for IPhone 16 15 14 11 12 13 15 Pro Max Shockproof Soft Silicone TPU Bumper Cover,https://www.lazada.vn/products/pdp-i2959457860.html,54.000 ₫,5.0,
Water Sprayer Backpack Fireman Toys Leakage Prevention Ultra Long-Range Water Gun for Children Kids Summer Toy TF-Mel-VN,https://www.lazada.vn/products/pdp-i3039337272.html,133.000 ₫,,
Màn Hình Cong Màn Hình Máy Tính Màng Bảo Vệ Giảm Ánh Sáng Xanh Bảo Vệ Mắt Cho Lenovo Samsung Aoc Màn Hình Máy Tính Để Bàn 27 Inch,https://www.lazada.vn/products/pdp-i2493227410.html,201.000 ₫,,"110 Đã bán
Hong Kong"
Skibidi Toilet Titan Super Monitor Khối xây dựng Tương thích với Đồ chơi giáo dục Quà tặng Giáng sinh Quà tặng sinh nhật,https://www.lazada.vn/products/pdp-i2944864022.html,132.000 ₫,,
6pcs Cuff Buttons for Men Cabochons Frame Tray Bezel Cufflinks Gifts for Men Wedding or Anniversary UYYT-VN,https://www.lazada.vn/products/pdp-i3072926395.html,137.000 ₫,,
Mẫu Mới Tự Động Điều Chỉnh Độ Zoom Thông Minh Kính Phong Cách Sống Độ Nét Cao Chống Ánh Sáng Xanh Hai Tròng Cho Gần Xa,https://www.lazada.vn/products/pdp-i2791523477.html,93.000 ₫,,"33 Đã bán
Hong Kong"
YOUXINJIA | Pin Đồng Xu Lithium CR2050 3V,https://www.lazada.vn/products/pdp-i3196445752.html,99.000 ₫,4.0,
Auto Tour Logo ô tô sáng tạo Móc khóa xe máy Móc khóa kim loại hợp kim cho xe máy Honda,https://www.lazada.vn/products/pdp-i2707951338.html,15.000 ₫,,
Monitor theo dõi bệnh nhân 5 thông số Yonker YK-8000A (Màn hình 7 inch),https://www.lazada.vn/products/pdp-i2970986698.html,9.300.000 ₫,,
[Zeallion] màu thời trang mới trẻ em Điện thoại xem Thẻ Định vị wifi thông minh Camera không thấm nước Cảnh báo thời tiết đồng hồ ngôn ngữ thông minh chất lượng cao Quà Tặng đồng hồ,https://www.lazada.vn/products/pdp-i2792495382.html,424.729 ₫,,
Màn Hình Thông Minh Xiaomi Mesh2.0 Chuyển Đổi Tường Chống Cháy Chất Liệu Nhựa Nhấn Nhẹ Không Có Tiếng Ồn Thiết Bị Gia Dụng Thông Minh,https://www.lazada.vn/products/pdp-i3233735657.html,1.830.000 ₫,,
Thùng máy tính bộ ACER Sff nhỏ gọn chipset core i7 2600/ ram 8g / ssd 120g re. Bán giá 1550k bảo hành chu đáo 1thang,https://www.lazada.vn/products/pdp-i2861062521.html,1.550.000 ₫,5.0,
Kẹp quần bằng nhựa co giãn hình gấu sang trọng kẹp quần áo khóa cố định cho quần áo trẻ em đai thắt lưng đa năng chống trượt kéo dài Ga Trải Giường dây thắt lưng co giãn kẹp quần áo cho quần áo trẻ em,https://www.lazada.vn/products/pdp-i2995432746.html,27.312 ₫,,
"Skechers_ Dép Nam Mới Nam Xăng Đan Thường Ngày, Đi Học, Đi Làm Foamies Footsteps - 131575-BBK",https://www.lazada.vn/products/pdp-i2840570575.html,194.834 ₫,,
Hot Mới Lego Skibidi Toilet Man vs Monitor Titan TV Man Toy The Third Generation Titan TV Man Máy Khoan Điện Người Đàn Ông Khối Xây Dựng Quà Tặng Sinh Nhật Trẻ Em,https://www.lazada.vn/products/pdp-i2945762063.html,137.000 ₫,,
[Zeallion] thời trang màu mới trẻ em 4g điện thoại 1.44 inch xem wifi thông minh + LBS Thẻ Định vị camera không thấm nước thời tiết đồng hồ báo thức ngôn ngữ thông minh chất lượng cao Quà Tặng đồng hồ,https://www.lazada.vn/products/pdp-i2797745292.html,556.357 ₫,,
Pop Mart Cartoon Beaded Keychain Cartoon Beaded Hanging Bag Pendant Chain for Bag Key Car Interior Decoration TF-Uss-VN,https://www.lazada.vn/products/pdp-i2965485383.html,34.000 ₫,5.0,10 Đã bán
[Zeallion] trẻ em 4G bé gái 1.44 inch Đồng hồ thông minh Wifi + LBS Thẻ Định vị camera không thấm nước Cảnh báo thời tiết đồng hồ ngôn ngữ thời trang thông minh Điện thoại Quà Tặng đồng hồ,https://www.lazada.vn/products/pdp-i3028767673.html,616.600 ₫,,
"Rcyago wifi đồng hồ đo độ PH 8 trong 1 thông minh dụng cụ kiểm tra chất lượng nước Ph/Ec/ORP/Tds (ppm)/CF/Salt/SG/Máy kiểm tra nhiệt độ tuya ứng dụng chức năng Máy ghi dữ liệu, Aquarium Monitor cho hydroponics",https://www.lazada.vn/products/pdp-i2310950190.html,1.460.830 ₫,,
"Deal Voucher Money LazMall Xiaomi Kính Mát Thông Minh Không Dây Xiaomi F06 Chống Tia Sáng Xanh Có Tai Nghe Bluetooth Tận Hưởng Cuộc Gọi Di Động Không Dây Tự Do, Âm Nhạc Miễn Phí Và Hơn Thế Nữa, Có Chức Năng Chống Bức Xạ, Bảo Vệ Mắt Của Bạn",https://www.lazada.vn/products/pdp-i2904798333.html,309.000 ₫,5.0,59 Đã bán
UGREEN USB Desktop Microphone ANS 36dB Stream Record Real-time Monitor Micro RGB for Livestream PC Phone Model:35629,https://www.lazada.vn/products/pdp-i2826770083.html,1.867.300 ₫,5.0,
Máy tinh Mini PC Dell Optipex 3050 Micro CPU Intel Gen 6& 7 Bảo hành 12 tháng Wifi Bluetooth Adapter,https://www.lazada.vn/products/pdp-i2420594406.html,1.983.000 ₫,5.0,26 Đã bán
"7RYMS Condenser USB Microphone SR-AU01-K2 Studio Microphone Kit with Desk Stand, Pop Filter and Real-time Monitor Gaming-Mic 192kHz/24bit Tape to Mute Microphone for PC for Streaming Podcast Recording ASMR, for Computer, Phone",https://www.lazada.vn/products/pdp-i2041350720.html,1.606.000 ₫,5.0,57 Đã bán
Bộ nguồn máy tính bàn chính hãng G400 có Led- Công suất thật có pin VGA,https://www.lazada.vn/products/pdp-i1632886148.html,290.000 ₫,5.0,
[HCM] Nhiệt ẩm kế Xiaomi Mijia gen 2 (Mi Temperature and Humidity Monitor 2) - NUN4126GL - Bluetooth - Chính hãng,https://www.lazada.vn/products/pdp-i1948126310.html,109.000 ₫,4.0,500 Đã bán
Máy Tính Đồng Bộ Dell Optiplex 3020/7020/9020 [ThanhBinhPC] Bộ Máy Tính Bàn - Bảo Hành 12 Tháng - Tặng USB thu Wifi,https://www.lazada.vn/products/pdp-i1679149461.html,1.250.000 ₫,5.0,133 Đã bán
Skibidi Toilet Đồ Chơi Lego Lắp Ráp Nhân Vật Titan Electric Drill King SoundMan Cameraman Titan TVman Audioman Monitor,https://www.lazada.vn/products/pdp-i2689784692.html,148.500 ₫,,
Đồ Chơi Lắp Ráp Titan Tv Man Drill Man Skibidi Toilet Tv Man Sound Man Cameraman Audioman Monitor J34,https://www.lazada.vn/products/pdp-i2919866104.html,89.500 ₫,3.0,6 Đã bán
[Mới] Hoco Y31 Đồng hồ thông minh 1.46 inche chống nước IP67 Android & điện thoại IOS cuộc gọi bluetooth theo dõi nhịp tim đồng hồ thể thao,https://www.lazada.vn/products/pdp-i3136155136.html,699.000 ₫,,
Bear Leader Baby Girls 3D Butterfly Princess Dress New Autumn Elegent Contrast A-line Dresses for Kids Girl's Sweater Party Clothing Casual Outfits 3-7 Years,https://www.lazada.vn/products/pdp-i2367553253.html,222.231 ₫,4.0,252 Đã bán
( XA ) Skibidi Giant Ultimate Titan Audio Man Toilet Man vs Monitor Man Đồ chơi lắp ráp Trang trí cho trẻ em,https://www.lazada.vn/products/pdp-i2919858066.html,105.000 ₫,2.0,8 Đã bán
Sỉ Đồ Chơi Lắp Ráp Skibidi Toilet Titan Gatling Camera Man v3 Monitor Man TV Man Drill Man Clock Man Audio Man Gía Rẻ,https://www.lazada.vn/products/pdp-i2944488907.html,129.000 ₫,,
xiaomi Mi Temperature and Humidity Monitor Clock,https://www.lazada.vn/products/pdp-i3124884609.html,550.000 ₫,,"6 Đã bán
Bình Dương"
"Mũ 1/2 Đầu ROYAL M239 Màu Đen Nhám | Kính Âm Tiện Lợi, Thiết Kế Thời Trang, Bảo Hành 2 Năm",https://www.lazada.vn/products/pdp-i3181408033.html,490.000 ₫,5.0,59 Đã bán
( Hàng mới ) Toilet Man vs Monitor Man Biến thể Nữ TV Man Tương thích với Lego Khối xây dựng Titan Audio,https://www.lazada.vn/products/pdp-i2944664703.html,108.000 ₫,,
[Zeallion] trẻ em 4G điện thoại 1.44 inch xem wifi thông minh + LBS Thẻ Định vị camera không thấm nước Cảnh báo thời tiết đồng hồ ngôn ngữ thông minh chất lượng cao Quà Tặng đồng hồ,https://www.lazada.vn/products/pdp-i2800927447.html,448.102 ₫,,
"Mô Hình Đồ Lắp Ráp Skibidi Toilet Titan Tvman, Đồ Chơi Skibidi mini nhân vật titan soundman cameraman Monitor man",https://www.lazada.vn/products/pdp-i2944760429.html,115.000 ₫,,
Nguồn công suất thực Huntkey 350W cao cấp đã qua sử dụng ok,https://www.lazada.vn/products/pdp-i2634424676.html,149.000 ₫,5.0,
H81 ASUZ/ MSI - Hàng tháo net,https://www.lazada.vn/products/pdp-i2652144456.html,350.000 ₫,3.0,15 Đã bán
"Chest Belt Strap for for Sports Wireless Heart Rate Monitor,Black",https://www.lazada.vn/products/pdp-i3086173404.html,94.500 ₫,,
Titan Monitor và Toilet Man Các khối xây dựng tương thích Ares Sound Man so với Đồ chơi lắp rá,https://www.lazada.vn/products/pdp-i2945542977.html,105.000 ₫,,
Máy Hút Bụi Nệm 2 Lõi Lọc ALIZZ AL-13594 Tia UV 100W,https://www.lazada.vn/products/pdp-i2834944644.html,799.000 ₫,,
LAKEBAO Waterproof Suitcase Protector Luggage Cover Baggage Dust Case Cover Suitcase Case Travel Organizer,https://www.lazada.vn/products/pdp-i3122910326.html,25.594 ₫,,
"Nhiều Quà Tặng Hấp Dẫn - Loa nghe nhạc siêu trầm 2.0 Edifier R980T - Loa bookshelf 2.0 Edifier R980T - Edifier R980T 4"" Active Bookshelf Speakers - 2.0 Computer Speaker - Powered Studio Monitor (Pair)",https://www.lazada.vn/products/pdp-i770804341.html,1.367.000 ₫,2.0,
Bộ điều khiển thông minh Air Blade 125 (2015-2019) ( khóa thông minh) (35141-K66-VG1),https://www.lazada.vn/products/pdp-i2615656495.html,2.618.000 ₫,,
"Đèn pha xe máy Ruitaisen đèn LED, U5 12V siêu sáng cho xe máy -INTL",https://www.lazada.vn/products/pdp-i1460785139.html,107.623 ₫,4.0,216 Đã bán
"Công Tắc Điều Khiển Cửa Cuốn Thông Minh Trên Điện Thoại Hunonic Datic Smartdoor, Việt Nam Sản Xuất",https://www.lazada.vn/products/pdp-i2235189929.html,280.000 ₫,5.0,61 Đã bán
BI LED OVAN 65W 9CHIP LED 2024 SANG TRỌNG ĐẸP CHO CÁC BÁC LÊN CẤU HÌNH XE,https://www.lazada.vn/products/pdp-i3098775058.html,220.200 ₫,,
Bộ nguồn máy tính Công suất thật Cooler Master 350,https://www.lazada.vn/products/pdp-i363706292.html,155.000 ₫,4.0,109 Đã bán
Máy Hút Ẩm Đèn Pha Xe Hơi Mạnh Mẽ Dụng Cụ Chống Sương Mù Cho Đèn Pha Dụng Cụ Làm Khô Đèn Pha Chống Sương Mù Hiệu Morissic,https://www.lazada.vn/products/pdp-i3157086268.html,94.000 ₫,,
UGREEN HDMI DP KVM Switch 4K 60Hz 2 in 2 out USB C USB 3.0 Sharing Monitor Keyboard Mouse Printer with HDR 3D Support for 2 Computers Model:55455,https://www.lazada.vn/products/pdp-i3092351954.html,3.025.400 ₫,5.0,
Maxgtrs 2X ô tô siêu sáng đèn LED H11 H8 H9 9005 HB3 9006 HB4 55W 6500K trắng đèn pha ô tô Bóng đèn phá sương với quạt Đèn pha kích thước nhỏ,https://www.lazada.vn/products/pdp-i3098082977.html,512.407 ₫,5.0,12 Đã bán
Combo Đèn LED Làm Việc 8 14 22 32 Inch 6D 36-120W 180W Đèn Thanh LED Để Lái Xe Offroad Thuyền 4WD Xe Tải SUV ATV,https://www.lazada.vn/products/pdp-i1716089403.html,815.000 ₫,4.0,121 Đã bán
Skibidi Toilet Đồ Chơi Lego Lắp Ráp Titan God Of War 3316 Clock Man Drill King Man SoundMan Audioman Monitor TV Man,https://www.lazada.vn/products/pdp-i2689682735.html,139.000 ₫,,
"Rơ le tiếp điểm khô WIFI có chế độ nhấn nhả, nhấp nhả chạy điện DC 5V 12V 24V điều khiển hẹn giờ qua điện thoại",https://www.lazada.vn/products/pdp-i2771655741.html,150.000 ₫,,
"Đèn Pha Bi Cầu V30 Ultra, V22 Osram, V40 Ultra - 12 24V DC 55W-65W Pha Laser - Bảo Hành 12 Tháng Ô Tô Xe Máy",https://www.lazada.vn/products/pdp-i3111583159.html,230.000 ₫,,
Maxgtrs New 200W đèn ô tô Ống Kính LED H4 Bóng Đèn Đèn Pha Cho Xe Ô Tô kính chắn chống loá cho xe hơi chùm sáng thấp Chiếu quạt động cơ tua bin 6000K màu trắng Chiếu,https://www.lazada.vn/products/pdp-i3051309622.html,399.380 ₫,5.0,
"Nguồn Ngoài Trời 5V 70A chất lượng tốt, chống mưa, chống bụi, độ tin cậy cao",https://www.lazada.vn/products/pdp-i1477464694.html,175.000 ₫,5.0,28 Đã bán
[Zeallion] thời trang màu mới trẻ em 4g điện thoại 1.44 inch xem wifi thông minh + LBS Thẻ Định vị camera không thấm nước thời tiết đồng hồ báo thức ngôn ngữ thông minh chất lượng cao Quà Tặng đồng hồ,https://www.lazada.vn/products/pdp-i2797317175.html,514.357 ₫,,
"Aspect Ratio Computer Privacy Screen Filter for Widescreen Computer Monitor - Anti-Glare - Anti-Scratch Protector Film for Data confidentiality - We Offer 2 Different 24"" Filter Sizes",https://www.lazada.vn/products/pdp-i2791073479.html,373.047 ₫,,
TNW F9 Quạt tản nhiệt điện thoại sò lạnh thế hệ mới làm lạnh đóng băng hỗ trợ tăng fps gaming,https://www.lazada.vn/products/pdp-i2918390671.html,46.900 ₫,4.0,62 Đã bán
"Đèn Bàn Có Thể Điều Chỉnh Độ Sáng RGB Monitor Light Bar Strip Eye Care Để Làm Việc, Học Tập, Đọc Sách - Ánh Sáng Không Khí Hiện Đại",https://www.lazada.vn/products/pdp-i3232525360.html,213.500 ₫,,"90 Đã bán
China"
Đồ Chơi Skibidi Toilet Lắp Ráp Titan Speaker Man v3 Clock Man Drill Man Cameraman Titan TV man Audioman Monitor,https://www.lazada.vn/products/pdp-i2944845134.html,129.000 ₫,,
Airmars Sg8 kính thông minh cuộc gọi Bluetooth Trợ Lý Giọng Nói Nghe Nhạc Kính Thông Minh Kính Râm Phân cực thể thao Kính Mắt Chống Xanh,https://www.lazada.vn/products/pdp-i2728802475.html,459.000 ₫,4.0,121 Đã bán
Moc Skibidi Toilet Titan Monitor Titan Zombie Vũ Trụ Serics Titan Đồng Hồ Vua Titan Màn Hình Titan Tvman Khối Xây Dựng Đồ Chơi Bé Trai,https://www.lazada.vn/products/pdp-i2944881072.html,125.000 ₫,,
két redleo 2 quat 1 quạt cho exciter winer gắn như zin nhe anh em tải nhiệt tốt sài ổn định,https://www.lazada.vn/products/pdp-i2945840860.html,1.800.000 ₫,5.0,8 Đã bán
Jettingbuy 4 Cái/lốc Lớp Phủ Chống Trượt Nhà Vệ Sinh Che Gasket Bumper Tự Dính Ghế Miếng Đệm,https://www.lazada.vn/products/pdp-i718466093.html,42.677 ₫,4.0,52 Đã bán
Motorcycle Goggles Dirt Bike Goggles Windproof Glasses ATV Goggles Safety Glasses for Helmets for Outdoor Activities TF-Ais-VN,https://www.lazada.vn/products/pdp-i3039328648.html,76.000 ₫,,
"Bóng đèn Led OSRAM HS1 xe Exciter, Air Blade, Wave RS, Vision, Future, Sirius, Jupiter, Axelo, Lead 125, Click 110,.. (7285CW)",https://www.lazada.vn/products/pdp-i1148940336.html,144.000 ₫,4.0,
[Trả góp 0%] Thiết bị định vị Apple AirTag chính hãng (VN/A) [Viettel Store],https://www.lazada.vn/products/pdp-i1350629367.html,2.430.000 ₫,4.0,496 Đã bán
Nước Hoa Ô Tô Cao Cấp GOCADO - SILVER LUXURY 138ML - Hương Citrus Kết Gỗ Đàn Hương Thơm Thanh Mát Khử Mùi Hôi Xe,https://www.lazada.vn/products/pdp-i2202371210.html,388.930 ₫,4.0,92 Đã bán
"Thiết Bị Định Vị GPS Hoco E91 Chính Hãng Theo Dõi Oto, Xe Máy, Tìm Chìa Khóa, Đồ Vật, Ví, Thú Nuôi, Kết Nối Qua App",https://www.lazada.vn/products/pdp-i3231143929.html,196.000 ₫,,"55 Đã bán
Hồ Chí Minh"
"WAVLINK Quad 4K 60Hz Universal Display Adapter - Global Debut with DisplayLink DL7400, 4 HDMI Ports, with 85W Upstream Charging, Supports Multiple Monitors for Intel/M1/M2/M3/M4 Mac&Windows",https://www.lazada.vn/products/pdp-i3105020813.html,2.848.900 ₫,5.0,
Novsight Mới Nhất N75 Bộ Bóng Đèn Pha LED Ô Tô 9005(HB3) 9006(HB4) 9012(HIR2) H4 H7 H11 Đèn LED Cho Ô Tô Chùm Cao/Chùm Thấp/Đèn Sương Mù 100W 20000LM 6500K Siêu Sáng Cắm Và Chạy 2 Bóng Bảo hành 1 năm,https://www.lazada.vn/products/pdp-i2302630468.html,719.711 ₫,5.0,143 Đã bán
"Ghi âm 24 giờ Camera hành trình ô tô Taxi hỗ trợ kết nối Trước, trong, sau xe 3 mắt ghi hình tốc độ cao Wifi full HD 1080p hồng ngoại siêu nét",https://www.lazada.vn/products/pdp-i2580182760.html,479.980 ₫,4.0,547 Đã bán
"Card màn hình chơi game, fifa tất cả game nặng hiện nay RX 570- 580 8G MSI dòng này siêu bền giá cực tốt",https://www.lazada.vn/products/pdp-i2076918991.html,1.950.000 ₫,,
"Giá Tốt Siêu Hời LazMall Máy Dò Camera Di Động T01 - Thiết Bị Phát Hiện Sóng Wifi Theo Dõi, GPS, Camera, Độ Nhạy Cao, Máy Dò Camera Thiết Bị Phát Hiện Định Vị, Ghi Âm Để Yên Tâm Tận Hưởng Không Gian An Toàn Và Riêng Tư Tuyệt Đối.",https://www.lazada.vn/products/pdp-i3223077836.html,504.050 ₫,5.0,28 Đã bán
"【MFI】Thiết Bị Định Vị GPS GOOJODOQ Bluetooth chỉ hỗ trợ i-OS cho Trẻ Em Chìa Khóa Điện Thoại Thú Cưng, Kết Nối Qua App",https://www.lazada.vn/products/pdp-i3169012647.html,137.500 ₫,4.0,35 Đã bán
Áo đấu Tottenham/25 & 2025/26 Bộ đồ sân nhà sân khách Áo bóng đá Áo bóng đá giá rẻ Áo bóng đá,https://www.lazada.vn/products/pdp-i3144512842.html,163.200 ₫,1.0,5 Đã bán
Mili Tag Bluetooth 4.0 GPS Tracker Waterproof 120m Locator for Mobile Devices and Pet Tracking - Made in Vietnam,https://www.lazada.vn/products/pdp-i2809714304.html,167.310 ₫,5.0,429 Đã bán
"( HÓT 2023)Máy đo huyết áp tự động đeo cổ tay, Máy Đo Huyết Áp Cơ Nhật Bản Đeo Cổ Tay JZK - 001R Gía rẻ. Máy Đo Huyết Áp Nhịp Tim chuẩn xác 100%- Công Nghệ Tự Động Thông Minh Dễ sử Dung. Cho Kết Quả Ngay Lập Tức Và Chính Xác.",https://www.lazada.vn/products/pdp-i2659434715.html,188.100 ₫,3.0,
Nước làm mát ô tô - Nước mát động cơ ô tô màu xanh đỏ chính hãng NPR JAPAN 4L,https://www.lazada.vn/products/pdp-i2597895943.html,119.000 ₫,5.0,27 Đã bán
Carshark H7 H11 Bóng Đèn LED 360 Turbo Đèn Pha 30000lm Siêu Sáng 9005 Hb3 9006 Hb4 9012 Hir2 Tự Động Đèn Sương Mù Dành Cho Xe Chevrolet Toyota Nissan Định Vị Ô,https://www.lazada.vn/products/pdp-i2506835146.html,504.000 ₫,5.0,
[ BH 12 tháng ] Nguồn tổ ong 12V30A chuyển đổi nguồn 220v ra 12v,https://www.lazada.vn/products/pdp-i2739768005.html,156.000 ₫,,
Nguồn máy tính 650W 550W 700W 450W 500W hàng chính hãng 2nd - Mẫu ngẫu nhiên,https://www.lazada.vn/products/pdp-i2634473455.html,71.992 ₫,4.0,46 Đã bán
Ekleva 2Pcs Hai Ống Kính Laser Sương Mù LED Cao + chùm sáng thấp Bi đèn sương mù LED Chiếu Cho Phổ Sáng 400W đèn sương mù,https://www.lazada.vn/products/pdp-i2930228370.html,1.921.400 ₫,5.0,17 Đã bán
GUOUqna Colorful Measuring Cup Measuring Spoon 5-piece Set With Graduated Measuring Spoon Baking Powder Measuring Spoon Set,https://www.lazada.vn/products/pdp-i3119697411.html,12.816 ₫,,
Novsight N37 9005(HB3) 9006(HB4) 9007 9012 D H1 H3 H4 H7 H11 H13 Bộ Bóng Đèn Pha LED Xe Hơi Cho Chùm Cao/Chùm Thấp/Đèn Sương Mù 120W 22000LM 6500K Siêu Sáng Cắm Và Chạy 2 Bóng Bảo Hành 1 Năm Miễn Phí Vận Chuyển,https://www.lazada.vn/products/pdp-i1970079169.html,957.216 ₫,4.0,477 Đã bán
5.0 Carplay có dây để kích hoạt không dây kết nối cho audi Porsche Mercedes-Benz Volkswagen TOYOTA MP4 MP5 phát lại,https://www.lazada.vn/products/pdp-i2890405166.html,356.400 ₫,5.0,24 Đã bán
[UV차단 아웃도어 마스크_목커버_브이라인 잡아줌_벨크로부착] V shape_Long Neck Mask UV protection_outdoor_golf_tennis_pickle ball_badminton_cycle,https://www.lazada.vn/products/pdp-i3047204489.html,77.907 ₫,4.0,140 Đã bán
Dress Up Gloves For Little Girls Easy To Wash For Kids TF-Mia-VN,https://www.lazada.vn/products/pdp-i3096592388.html,17.600 ₫,,
Novsight đèn LED hình khối lập phương 3 inch mọi loại thời tiết đèn pha đèn sương mù đèn lái xe phụ trợ đèn pha đèn pha 40W lumen cao 6500K màu trắng 2500K màu hổ phách siêu sáng 2 chiếc miễn phí vận chuyển,https://www.lazada.vn/products/pdp-i2375517412.html,2.977.221 ₫,5.0,7 Đã bán
Philips High Speed Micro SD Card （TFCard） 32g/64g/128g/256g High-speed Memory Card Recorder Tf Card Monitors Phablet Phone Sd Card,https://www.lazada.vn/products/pdp-i2891537459.html,122.444 ₫,5.0,13 Đã bán
UGREEN 8K HDMI Extender Female to Female Connector 8K 60Hz HDMI Extension Converter Adapter Coupler for PS5 Projector TV Stick Smart Box Laptop Monitor,https://www.lazada.vn/products/pdp-i1916338102.html,155.400 ₫,5.0,49 Đã bán
"[Một Cặp, Chính Hãng] Loa Kiểm Âm JBL 305P MKII Phòng Thu Studio 305P MK2 Pair Monitor Speakers 305",https://www.lazada.vn/products/pdp-i2602355583.html,8.999.000 ₫,,
[Gía Sỉ] Lắp Ráp Skibidi Toilet Titan God Of War TV King Drill Man Sound Man Clock Man Monitor Speaker Man Camera Man,https://www.lazada.vn/products/pdp-i2944791301.html,129.000 ₫,,
Monitor theo dõi bệnh nhân Contec CMS6000 5 thông số,https://www.lazada.vn/products/pdp-i2123665080.html,13.500.000 ₫,,
Loa JBL 4305P Studio Monitor - NEW - Hàng Chính Hãng 100%,https://www.lazada.vn/products/pdp-i2793506167.html,55.000.000 ₫,,
"[Một Cặp, Bluetooth] Mackie CR4X BT Loa Kiểm Âm Nghe Nhạc CR4X-BT Eris Studio Monitor Speaker CR4XBT Pair CR4 XBT",https://www.lazada.vn/products/pdp-i2602447261.html,5.490.000 ₫,,
Túi Messenger Da Cá Sấu MH629,https://www.lazada.vn/products/pdp-i2265337675.html,545.478 ₫,,
"GẮP FUTURE FI INOX KHÔNG HÚT NAM CHÂM, HÀNG DÀY LOẠI 1 SÁNG BÓNG, CHỐNG RỈ SÉT VÀ VỪA KHÍT XE NHƯ ZIN",https://www.lazada.vn/products/pdp-i2434544041.html,489.000 ₫,5.0,11 Đã bán
Đẩy công suất 2 kênh CADX 36 Plus 36 sò chính hãng có bù áp Class H,https://www.lazada.vn/products/pdp-i2617234611.html,3.490.000 ₫,5.0,6 Đã bán
Khuôn Máy Tính Di Động Mini QM-Z36-ITX10A Cho Máy Tính Để Bàn SFX Power Supply Office DIY Chống Thấm Nước Mới 2023,https://www.lazada.vn/products/pdp-i3221355936.html,2.011.000 ₫,,"6 Đã bán
China"
WAVLINK Đế cắm USB C Thunderbolt 4/3 RJ45 SD PD 98W USB 3.1 3.0 USB Hub 12 In 1 Đơn 8K Đôi 4K Cho MacBook Pro Air PC Laptop Đế Cắm Chia Tách,https://www.lazada.vn/products/pdp-i3095860709.html,4.995.000 ₫,3.1,
SHgeZm 14cm Sticky Cat Paw Squishy Toys Stress Relief Relief Relax Toys Giant Paw Squishy Pinching And Decompressing Toy Favors Gifts,https://www.lazada.vn/products/pdp-i3001762133.html,23.368 ₫,5.0,16 Đã bán
MONLEYTA | Nắp Che Cản Gió Đổi Hướng 2025,https://www.lazada.vn/products/pdp-i3172432693.html,301.000 ₫,,
Ultra Quiet 12cm Amplifier Chassis Cooling Fan Inverter 12V 14cm High Speed Large Airflow 9cm 8cm 4cm Computer Hardware Monitor,https://www.lazada.vn/products/pdp-i2830188571.html,58.900 ₫,5.0,9 Đã bán
VONDA Women Short Sleeve Button Up Jumpsuit Casual Holiday Shorts Turn Down Collar Rompers (Korean Causal),https://www.lazada.vn/products/pdp-i2830164907.html,216.861 ₫,,
Nến dốc 25cm nến thon màu kẹo nến dài màu morandi nến hình nón dài nến màu không khói nến đám cưới nến thon màu kẹo nến đám cưới,https://www.lazada.vn/products/pdp-i2928311934.html,86.773 ₫,,
[Zeallion] trẻ em 4G Điện thoại xem wifi thông minh + LBS Thẻ Định vị camera không thấm nước cảnh báo thời tiết ngôn ngữ Đồng hồ thông minh chất lượng cao Quà Tặng đồng hồ,https://www.lazada.vn/products/pdp-i2797482951.html,560.357 ₫,,
"Đồ chơi lắp ráp Skibidi Toilet Titan TV King 365 chi tiết, Mô hình Skibidi Titan kèm 3 nhân vật Minifigure",https://www.lazada.vn/products/pdp-i2944818383.html,130.000 ₫,,
"Combo Main X99 Sniper DDR4 + CPU 2680 V4 (14 nhân/28 Luồng) + Ram 16GB + Fan K400 (Hoặc T400i) chạy máy ảo , đồ họa",https://www.lazada.vn/products/pdp-i2519500781.html,2.200.000 ₫,4.0,19 Đã bán
Kawasaki Zx-4r/rr Anti-fall Dạ Hội Thân Thanh Bảo Vệ Động Cơ Phụ Kiện Sửa Đổi Gel Chống Rơi Phụ Tùng Thiết Bị Xe Máy,https://www.lazada.vn/products/pdp-i2831099237.html,444.000 ₫,,"6 Đã bán
China"
Kính thông minh MetaRayban – Skyler,https://www.lazada.vn/products/pdp-i3140819857.html,11.399.000 ₫,,
Loa Laptop Cho Máy Tính Acer TravelMate P214 N19Q7 TMP214-52 Phụ Kiện Kỹ Thuật Số Laptop Linh Kiện Phần Cứng Laptop,https://www.lazada.vn/products/pdp-i3173914732.html,453.000 ₫,,
Ổ CDROM có jack 3.5 gnhe nhạc trực tiếp,https://www.lazada.vn/products/pdp-i363666881.html,180.000 ₫,4.0,63 Đã bán
"Một đôi bi led gầm ô tô Gold Light 3.0 - 3 chế độ màu, siêu sáng, chống sốc, chống nước",https://www.lazada.vn/products/pdp-i3141309169.html,300.000 ₫,3.0,
Mini Metal D19PRO CAGE Vỏ Chống Hút Bền Cho Máy Tính Xách Tay Mini ITX SFX Power Supply A4 Mini Case K39T40 Vỏ Máy Tính,https://www.lazada.vn/products/pdp-i2528994293.html,404.000 ₫,5.0,177 Đã bán
Acrylic Fish Nest Side Panel S9 S5max K88air K77 Aluminum Mini PC DIY Heat Dissipation Compatible with M-ATX Compact Motherboard,https://www.lazada.vn/products/pdp-i2529111325.html,171.000 ₫,,"72 Đã bán
Hong Kong"
RD RD6012 RD6018 Digital Switch Power Supply Case S800 for Iron Shell Voltage Converter Kit,https://www.lazada.vn/products/pdp-i2521073374.html,720.906 ₫,,
Đồng hồ zx10r gắn cho các dòng xe lên xe rất đẹp đồng hồ điện tử có kèm phụ kiện mắt đọc các thứ,https://www.lazada.vn/products/pdp-i3010004194.html,850.000 ₫,,
ROCKBROS M1Pro Smart Stopwatch 2.9-inch GPS Five-star Positioning Waterproof Wireless Stopwatch Customizable Cycling Data Dial Bike Equipment (70-hour Battery Life After 2 Hours of Charging,https://www.lazada.vn/products/pdp-i3136247013.html,999.999 ₫,2.9,
Khuôn Máy Tính 2U Chống Bụi Tiêu Chuẩn PC 330MM MATX Bảng Điều Khiển Máy Chủ Máy Chủ Tường Lửa ROS Khuôn Máy Tính Mới,https://www.lazada.vn/products/pdp-i2529029168.html,1.176.000 ₫,5.0,153 Đã bán
Vonda Áo sơ mi sọc tay áo dài cổ áo cổ lật thường ngày cho nữ áo sơ cỡ lỡn Đầm Mini Cổ Kẻ Sọc Xếp Nếp thời trang,https://www.lazada.vn/products/pdp-i2825553081.html,221.403 ₫,5.0,8 Đã bán
Bi Led Matrix light M1 MAX chính hãng GTR,https://www.lazada.vn/products/pdp-i2561051369.html,1.950.000 ₫,,
"Máy tính Xe Đạp Cảm biến nhịp tim dây đeo, dây đeo và bộ sạc, Ưu Đãi Đặc biệt trong cửa hàng xoss",https://www.lazada.vn/products/pdp-i2866428552.html,69.000 ₫,4.0,11 Đã bán
Ổ cắm điện thông minh tiêu chuẩn Mỹ Aqara Smart Plug (US) ZNCZ12LM - Hẹn giờ bật tắt điều khiển từ xa theo dõi trạng thái thiết bị Cần Aqara Hub để sử dụng,https://www.lazada.vn/products/pdp-i1341870862.html,595.000 ₫,5.0,7 Đã bán
Camera lùi kèm màn hình gấp 4.3 inch cao cấp - Car Rearview LCD Monitor,https://www.lazada.vn/products/pdp-i286894852.html,598.400 ₫,4.3,
"Cục Đẩy 2 kênh class 2K Công Suất,650w + 650w, Chuyên Ghép Loa Full Đơn Gia Đình,Monitor Sân Khấu.",https://www.lazada.vn/products/pdp-i2393793190.html,2.050.000 ₫,4.0,91 Đã bán
/FALE-SALE/ Vỏ thùng loa Monitor 30 ván ép chuyên sự kiện giá 1 CAI ..x,https://www.lazada.vn/products/pdp-i2738292414.html,1.400.000 ₫,,
Tai Nghe Kiểm Âm Nhét Tai In ear NMC-AUDIO QKZ60-IEM Studio Monitor Headphones QKZ60,https://www.lazada.vn/products/pdp-i2938299652.html,189.000 ₫,5.0,
"Cục Đẩy 2 kênh class 2K Công Suất,650w + 650w, Chuyên Ghép Loa Full Đơn Gia Đình,Monitor Sân Khấu.",https://www.lazada.vn/products/pdp-i2541396971.html,1.999.000 ₫,5.0,29 Đã bán
CHENJ 2 3Layer Large Capacity Storage Mesh Bag Underwear Socks Storage Bag Breathable Wardrobe Organizer With Clothes Hanger,https://www.lazada.vn/products/pdp-i3149121205.html,19.491 ₫,5.0,31 Đã bán
"Loa thông minh OLLI MAIKA - Trợ lý ảo tiếng Việt Maika, Nội dung tiếng Việt, Tích hợp giải pháp nhà thông minh, Kết nối Wifi, Bluetooth,",https://www.lazada.vn/products/pdp-i1913145159.html,2.640.000 ₫,5.0,13 Đã bán
"Công tắc thông minh 1 nút- 2 nút- 3 nút điều khiển từ xa qua điện thoại, an toàn đẹp , dùng cho cửa cuốn , thiết bị điện trong nhà tiện lợi",https://www.lazada.vn/products/pdp-i2412612419.html,150.844 ₫,5.0,
Ổ cắm thông minh Wifi Hunonic SK01 Hệ Sinh thái cho ngôi nhà thông minh[ CHÍNH HÃNG VN],https://www.lazada.vn/products/pdp-i2047651250.html,168.222 ₫,5.0,11 Đã bán
asus factory pc gaming full bộ 24inch Core i7 cpu máy tính để bàn All in One computer desktop Windows 10/ MS Office máy tính pc gaming,https://www.lazada.vn/products/pdp-i2343690057.html,9.499.999 ₫,5.0,89 Đã bán
Màn hình Máy Tính Lỗi nhẹ cho Kĩ thuật,https://www.lazada.vn/products/pdp-i2197976892.html,180.000 ₫,5.0,5 Đã bán
"công tắc thông minh mặt kính cảm ứng wifi app tuya smart, smartlife- bảo hành 12 tháng",https://www.lazada.vn/products/pdp-i2412682300.html,192.063 ₫,4.0,82 Đã bán
Vòng tay thông minh Xiaomi Redmi Smart Band Pro BHR5501GL M2101B1 Quốc Tế,https://www.lazada.vn/products/pdp-i2242137191.html,990.000 ₫,5.0,
E 320/E 320B/E 320D CAT (SKF+HANJIN)BỘ PHỐT TY AM--NÂNG--GẦU VƯƠNG TUYẾT LÂM YOUTUBE 0795621779,https://www.lazada.vn/products/pdp-i2269569598.html,350.000 ₫,5.0,
"Bộ màn hình A5 kèm mặt dưỡng,dây nguồn zin cho xe CHEVROLET CRUZE 2011-2016 - phụ kiện xe hơi, camera 360 độ ô tô, phụ kiện đồ chơi xe hơi, man hinh xe oto",https://www.lazada.vn/products/pdp-i2108107903.html,2.500.000 ₫,4.0,
[VOUCHER 8%] Mắt Kính Bluetooth F06 Cảm Ứng Nghe Nhạc,https://www.lazada.vn/products/pdp-i2663872207.html,399.000 ₫,5.0,
Máy Dò Tìm Vàng Cốm Gold Bug Pro Fisher,https://www.lazada.vn/products/pdp-i293386777.html,8.715.000 ₫,5.0,
Mặt Dưỡng Màn Hình Android 9inch Cho Xe KIA RIO - Kèm Giắc Cắm Nguồn Zin Theo Xe,https://www.lazada.vn/products/pdp-i1877792303.html,259.000 ₫,,
Đẩy công suất 40 sò CADX MA-48 nguồn đồng hàng chính hãng cực khỏe,https://www.lazada.vn/products/pdp-i2436325744.html,3.850.000 ₫,5.0,
NGUỒN MÁY TÍNH ACBEL HUNTKEY COOLERMASTER ELITE 350W 460W 500W HÀNG THÁO MÁY ĐẸP 95%,https://www.lazada.vn/products/pdp-i436430813.html,160.000 ₫,4.0,
Siêu ngăn kéo EX 200_2/3 HÀN QUỐC,https://www.lazada.vn/products/pdp-i3089034718.html,650.000 ₫,5.0,
"[Một Cặp, Chính Hãng] Loa Kiểm Âm KRK Classic 5 CL5G3 Powered Studio Monitor Speaker Nghe Nhạc CL5 G3",https://www.lazada.vn/products/pdp-i2229715143.html,9.150.000 ₫,,
HỢP SIN HUNDAI LOẠI DILING,https://www.lazada.vn/products/pdp-i2440845522.html,320.000 ₫,5.0,
Quạt Tản Nhiệt Sò Lạnh Mới 2024 AL-19 - Công Suất 15W - Đóng Đá Nhanh Chóng - Led RGB - Hiện Thị Nhiệt Độ,https://www.lazada.vn/products/pdp-i2780907487.html,199.000 ₫,5.0,10 Đã bán
Đèn LED Pha Cos Ô Tô Xe Hơi Siêu Sáng Cao Cấp NovSight N37 22000LM 6500K Chân Cắm H1 H3 H4 H7 H11 9005 9006 Công Suất 120W,https://www.lazada.vn/products/pdp-i1633248039.html,1.209.000 ₫,4.0,416 Đã bán
VỎ MAIN 3 KÊNH MẶT NHÔM,https://www.lazada.vn/products/pdp-i2043099001.html,1.062.500 ₫,5.0,15 Đã bán
"Công Tắc Wifi Tuya Viền Vàng 1,2,3,4 Nút Lõm Chữ Nhật Thông Minh Điều Khiển Từ Xa Qua app Tuya Smart hoặc Smart Life và Ra Lệnh Giọng Nói",https://www.lazada.vn/products/pdp-i1289062557.html,440.000 ₫,5.0,117 Đã bán
EX 60 -_5 HITACHI*BỘ PHỐT TY AM--NÂNG--GẦU(SKF+HANJIN)@VƯƠNG TUYẾT LÂM YOUTUBE 0795621779,https://www.lazada.vn/products/pdp-i1889942838.html,430.000 ₫,5.0,6 Đã bán
Autumn And Winter Couple Knitted Sweater Men Autumn Winter Warm Loose Knitted Sweater Suitable For Autumn And Winter Sweater TRYI-VN,https://www.lazada.vn/products/pdp-i3053440744.html,76.000 ₫,,
THẺ TRUY CẬP MẠNG INTERNET SIM DU LỊCH CHÂU ÂU HÃNG LEBARA MẠNG NHANH NHIỀU GÓI CƯỚC,https://www.lazada.vn/products/pdp-i2177941039.html,742.500 ₫,5.0,47 Đã bán
Novsight N39 LED Đèn pha ô tô 9005 (HB3) 9006 (HB4) 9007 880 881 H1 H3 H4 H7 H11 H13 Đèn pha LED Bóng đèn sương mù Ánh sáng cao / thấp 6000K 72W 10000LM Cắm và chạy 2 miếng Bảo hành 2 năm,https://www.lazada.vn/products/pdp-i1958614901.html,311.945 ₫,4.0,270 Đã bán
Ekleva 2 bóng đèn Đèn Pha Led mạnh mẽ cho xe ô tô 700W 6000K 12V 24V 150000lm CANBUS 9005 9006 9012 H1 H4 H7 H11 12V 24V,https://www.lazada.vn/products/pdp-i2492270417.html,898.920 ₫,4.0,163 Đã bán
Men Loose Top Cardigan Casual Shirt Work Fashion for Winter TF-Uss-VN,https://www.lazada.vn/products/pdp-i2991701575.html,80.000 ₫,,
12 Makeup Brush Set 6 Colors Ladies Makeup Brushes Fur Makeup Eyeshadow Tool LV-VN,https://www.lazada.vn/products/pdp-i2999971635.html,32.000 ₫,,
Công tắc hẹn giờ thông minh KG316,https://www.lazada.vn/products/pdp-i1267983213.html,100.000 ₫,5.0,34 Đã bán
PHỚT CHẶN BỤI SẮT DKBI . TECTHANE . LẮP CỔ BEN TY THỦY LỰC MÁY XÚC,https://www.lazada.vn/products/pdp-i2410054796.html,90.000 ₫,,"7 Đã bán
Hà Nội"
Vention HDMI to VGA Adapter 1080P 60Hz with Audio and Power for Laptop Monitor Xbox PS4 TV Projector Video Audio Cable HDMI to VGA Converter,https://www.lazada.vn/products/pdp-i378694537.html,110.922 ₫,4.0,
TRN MT1 In Ear Earphone Dynamic DJ Monitor IEM Earbud HIFI Sport Noise Cancelling Headsets TRN ST5 Kirin MT4 MT3 For Xiaomi,https://www.lazada.vn/products/pdp-i2232799050.html,119.000 ₫,5.0,58 Đã bán
"HUARUIYUAN | Bộ Lọc Không Khí cho Range Rover Evoque 2018-2019, Jaguar E-PACE và Discovery Sport",https://www.lazada.vn/products/pdp-i3206155324.html,206.000 ₫,4.0,
Siêu Rẻ!!! Đuôi gió thể thao lắp đặt cho các dòng xe không khoan đục xe,https://www.lazada.vn/products/pdp-i2492183796.html,380.000 ₫,5.0,22 Đã bán
"Hud hiển thị tốc độ xe ô tô và cảnh báo C100, C500, C600, C800, A200, A8, A9, M1, M8 - tặng kèm dây cable OBD2",https://www.lazada.vn/products/pdp-i1355600392.html,338.000 ₫,4.0,461 Đã bán
Nguồn tổ ong DC 12V Biến áp nguồn bộ adapter đổi nguồn 220v sang 12V 30A tổ ong DC,https://www.lazada.vn/products/pdp-i259578607.html,148.190 ₫,4.0,65 Đã bán
Mini Di Động Itx Màn Hình Hiển Thị Hạt Nhân Kim Loại Máy Tính Nhỏ 1U Nguồn Điện Cầm Tay K66 D5D6D8 Bởi Suzaocai,https://www.lazada.vn/products/pdp-i2528931487.html,312.000 ₫,5.0,237 Đã bán
Ốc Salaya Combo Full xe + chống nghiêng + pad má đùm inox 304 cho mọi dòng xe ( Tặng tay thắng Xiken Salaya ),https://www.lazada.vn/products/pdp-i2635284524.html,1.363.554 ₫,5.0,21 Đã bán
"KÍNH ĐỔI MÀU CHỐNG BỤI ĐI ĐƯỜNG, CẢN GIÓ DOKCRAZY BAN NGÀY, BAN ĐÊM CHO NGƯỜI ĐI XE MÁY, XE ĐẠP, THỂ THAO, CHỐNG UV400",https://www.lazada.vn/products/pdp-i3176321801.html,119.000 ₫,4.0,69 Đã bán
Bộ nguồn máy tính 300-400W Fan 8,https://www.lazada.vn/products/pdp-i363706291.html,49.000 ₫,4.0,576 Đã bán
Vỏ case máy vi tính new 100% kích thước dùng cho main atx,https://www.lazada.vn/products/pdp-i2601619364.html,205.000 ₫,5.0,
Công Tắc Thông Minh Wifi Hunonic Lahu 4 Kênh - 500W/kênh điều khiển mọi thiết bị từ xa qua điện thoại,https://www.lazada.vn/products/pdp-i2589137650.html,129.000 ₫,4.0,
Móc khóa định vị thông minh HOCO E91J Ứng dụng hỗ trợ thiết bị chống thất lạc định vị toàn cầu,https://www.lazada.vn/products/pdp-i3190067509.html,168.000 ₫,5.0,135 Đã bán
Cặp loa center đồng trục từ neo hãng alpine còn mới 95% loa 4omh tiếng cực hay giá 230k cặp,https://www.lazada.vn/products/pdp-i2422241412.html,210.000 ₫,5.0,8 Đã bán
"Decal THẾ HỆ MỚI GIẢ đá vân đen, carbon 3d dán trang trí xe máy, nội thất, điện thoại , lap top…",https://www.lazada.vn/products/pdp-i2410002822.html,29.000 ₫,4.0,420 Đã bán
[100% CHÍNH HÃNG] Nguồn Camera 12V2A - Hiệu Suất Hoạt Động Cao - Camera Toàn Cầu,https://www.lazada.vn/products/pdp-i1434275219.html,35.000 ₫,4.0,412 Đã bán
Nguồn tổ ong 12v-15a,https://www.lazada.vn/products/pdp-i247156920.html,148.000 ₫,4.0,116 Đã bán
"Thiết Bị Định Vị Thông Minh Hoco E94 – Báo Động, Tìm Đồ Nhanh dùng cho ip8/X/11/12/13/14/15/16",https://www.lazada.vn/products/pdp-i3092289597.html,145.000 ₫,5.0,40 Đã bán
"[RONALD JACK RJ2200] máy chấm công vân tay và thẻ từ giá rẻ, sử dụng phần mềm chấm công đơn giản,dễ sử dụng, phù hợp cho mọi doanh nghiệp",https://www.lazada.vn/products/pdp-i2969882752.html,1.500.000 ₫,,
"Màn hình laptop Acer aspire E5-571, E5-531, E15 F5-571. Màn hình 15.6 inch Mỏng 30 pin (chân) HD (1366x768). Bảo hành 12 tháng",https://www.lazada.vn/products/pdp-i1685614440.html,695.000 ₫,,
"Nguồn Adapter 12V 2A Chân to Có Đèn báo, dùng cho camera và thiết bị khác cũng đc, Bộ nguồn 12v 2a",https://www.lazada.vn/products/pdp-i2793670736.html,22.500 ₫,5.0,75 Đã bán
E-WOITD 1 bộ phụ kiện tự làm cho Intel LGA2011 X99 X79 E5 1700 1366 115x 1200 AMD AM2 AM3 AM4 AM5 tản nhiệt gắn khung backplane,https://www.lazada.vn/products/pdp-i3227892394.html,45.288 ₫,,
Thanh Đèn LED 3 Hàng Thanh Đèn LED 4-28 Inch Chùm Đèn LED Làm Việc Cho Ô Tô Máy Kéo Thuyền OffRoad 4X4 Xe Tải SUV ATV 12V 24V,https://www.lazada.vn/products/pdp-i1854342108.html,436.000 ₫,4.0,153 Đã bán
"Nguồn Adapter12V 2A, Chân to Có Đèn báo dùng cho CCTV camera Mô tả về Bộ nguồn 12v 2a acbel chính hãng",https://www.lazada.vn/products/pdp-i2393543785.html,19.800 ₫,5.0,236 Đã bán
[ combo Sirius 110/EX2010 ] Heo 81 CNC 4 pis ( ĐỎ )+ PÁT + ĐĨA 220mm ( 4 lỗ - Vàng V5 ) + DÂY DẦU 90 độ ( SWIT / HELL ),https://www.lazada.vn/products/pdp-i3236700329.html,585.000 ₫,,
Bộ chân đế từ đài loan và đồng hồ so,https://www.lazada.vn/products/pdp-i350888460.html,420.000 ₫,4.0,140 Đã bán
Nước làm mát ô tô DENSO - Nước mát ô tô màu xanh đỏ chính hãng 5L,https://www.lazada.vn/products/pdp-i2598816318.html,100.000 ₫,4.0,77 Đã bán
VỎ CASE MÁY TÍNH MAGIC M-09 (MATX) - Hàng Chính Hãng,https://www.lazada.vn/products/pdp-i3121136245.html,192.978 ₫,5.0,7 Đã bán
Ekleva Y10 Tai nghe gắn mũ bảo hiểm xe máy Bluetooth 5.3 Bằng Giọng Nói Contro Xe Máy Không Dây Hands-On Talking Tai Nghe Không Thấm Nước,https://www.lazada.vn/products/pdp-i2761466576.html,436.599 ₫,5.0,5 Đã bán
Cartnt 120W Spotlight H4 đèn laze H4 ống kính Đèn Pha Led nhỏ ô tô Bóng đèn Đèn pha LED 22000LM kính chắn chống loá cho xe hơi chùm sáng thấp Đèn Pha Xe Máy,https://www.lazada.vn/products/pdp-i2297247021.html,309.984 ₫,4.0,189 Đã bán
"Combo Main X99 Dual mã F8D, Xeon 2686 v4, Ram 32G ECC D4",https://www.lazada.vn/products/pdp-i3195198570.html,2.250.000 ₫,,
DropTag Remax RT G2302 Mini GPS Tracker - Waterproof Smart Item Finder with Apple Find My Support,https://www.lazada.vn/products/pdp-i2482746903.html,185.130 ₫,5.0,218 Đã bán
"ChicHaven 1pcsMiscellaneous Storage Box, Toy Storage Basket, Household Plastic Storage Box, Kitchen Cabinet, Desktop Storage Box",https://www.lazada.vn/products/pdp-i3143877287.html,15.042 ₫,,
Ekleva 2 cái phổ/Toyota 3 hyperboloid LED Đèn sương mù 55 Wát HID LED ống kính máy chiếu cao + chùm sáng thấp siêu sáng đèn sương mù chỉ cho H4/H7/9005/9006,https://www.lazada.vn/products/pdp-i2930156459.html,1.532.454 ₫,,"9 Đã bán
China"
Rơ le (relay) 4 chân thường đóng chịu tải 30A,https://www.lazada.vn/products/pdp-i2426490365.html,20.000 ₫,5.0,43 Đã bán
Nguồn máy tính VSP Delta ATX-420W P550W Công suất thực,https://www.lazada.vn/products/pdp-i2482633672.html,375.000 ₫,,
Hagibis | Đầu Chuyển USB sang HDMI cho Thẻ Đồ Họa Ngoại Vi Màn Hình Đa,https://www.lazada.vn/products/pdp-i3195258767.html,255.000 ₫,4.0,
"Thiết bị định vị GPS toàn cầu PHANTOM S1,s2 mini, không cần sim, định vị xe máy, ô tô, thú cưng, trẻ em, đồ vật.",https://www.lazada.vn/products/pdp-i3019147783.html,125.000 ₫,4.0,82 Đã bán
"UGREEN 8K60Hz HDMI Switch 2 in 1 out Support latest 8K@60Hz, 4K@120Hz. 1080P@240Hz resolutions for HDTV Projector Monitor PS5/4/3 DVD Nintendo Switch TV Box/TX Stick Xbox One/360 Apple TV",https://www.lazada.vn/products/pdp-i3120425775.html,642.800 ₫,,
iMac 24 inches 2024 4.5K M4 - Hàng Chính Hãng VN/A,https://www.lazada.vn/products/pdp-i2907905218.html,44.990.000 ₫,,85 Đã bán
[Chính Hãng] Tai Nghe Kiểm Âm Beyerdynamic DT700 Pro X 48 Ohms - DT 700 Beyer Dynamic Close Back Studio Monitor,https://www.lazada.vn/products/pdp-i2602471196.html,7.500.000 ₫,,
"[Một Cặp, Chính Hãng] Loa Kiểm Âm KRK Classic 5 CL5G3 Powered Studio Monitor Speaker Nghe Nhạc CL5 G3",https://www.lazada.vn/products/pdp-i2602517172.html,9.150.000 ₫,,
"HUARUIYUAN | Bộ Lọc Không Khí Chevrolet CN95 cho Cruze, Cruze RS, Cobalt, Malibu XL, Trax",https://www.lazada.vn/products/pdp-i3206565469.html,171.000 ₫,4.0,
Băng Cá Voi Lăng Kính 4RS ARGB 120mm PC Quạt Với Thiết Kế Gương Vô Cực Bo Mạch Chủ Đồng Bộ 4PIN CPU Tản Nhiệt Tích Hợp,https://www.lazada.vn/products/pdp-i2988616698.html,270.750 ₫,4.0,99 Đã bán
EKLEVA 10.36 Inch 4CH Touch Screen Car MP4 DVR Recorder Monitor With AHD 1080P Night Vision Waterproof Camera For Truck/Bus/RVs,https://www.lazada.vn/products/pdp-i2580209419.html,5.454.565 ₫,3.0,5 Đã bán
Nguyên bộ máy vi tính văn phòng-học sinh-sinh viên core i5 650 ram 8g ssd 120g đu dây kết nối bảo hành chu đáo 3 tháng,https://www.lazada.vn/products/pdp-i2576910647.html,1.550.000 ₫,,
PC Asus ROG Strix G10DK (R5 5600G/8GB RAM/512GB SSD/GTX1660Ti/WL+BT5/Win 11),https://www.lazada.vn/products/pdp-i2057438069.html,25.990.000 ₫,,
Máy Tính Siêu Nhỏ Ultra Mini T9 PLUS - Intel thế hệ 12 Twin Lake N150 - Hỗ Trợ Xuất Hình 4K 60hz,https://www.lazada.vn/products/pdp-i2407908531.html,5.750.000 ₫,5.0,29 Đã bán
Thùng máy bộ HP 400G3 SFF đẹp keng : i5 6500/Ram8G/SSD 120g bh 3 tháng chu đáo tại cửa hàng,https://www.lazada.vn/products/pdp-i2855955113.html,2.100.000 ₫,,
"Bộ máy tính All In One AOC A66 I5, I7 8TH RAM 16GB , SSD 512GB Màn hình 23.8 Inch - Bảo hành 3 năm",https://www.lazada.vn/products/pdp-i2911498649.html,11.500.000 ₫,5.0,271 Đã bán
Mini PC ASUS INTEL NUC 12 Enthusiast/Intel® Core™ i7-12700H Processor/ 2xDDR4-3200 1.2V SO-DIMM/3xNVMe/2x Thunderbolt™ 4 | HDMI (4K60) | 2x DP 1.4 Cert - Hàng Chính Hãng,https://www.lazada.vn/products/pdp-i2655723594.html,27.990.000 ₫,1.4,
Kính Thông Minh Đa Tiêu Cự Nam Jifanpaul Nhẹ Để Sử Dụng Gần Vừa Xa Thích Hợp Cho Người Cao Tuổi Kính Mắt Cao Cấp,https://www.lazada.vn/products/pdp-i2794164209.html,121.000 ₫,,"14 Đã bán
Hong Kong"
"[Một Cái, Chính Hãng] Loa Kiểm Âm Nghe Nhạc IK Multimedia iLoud MTM Single Studio Monitor Speaker",https://www.lazada.vn/products/pdp-i2602436322.html,9.999.000 ₫,,
Bộ Chuyển Đổi Điện Áp Chống Nước IP67 220V110V Sang 12V24V 3C Bộ Chuyển Đổi Nguồn LED 20W40W60W300W400W Thương Hiệu Jiashen Yuan,https://www.lazada.vn/products/pdp-i2524296521.html,289.000 ₫,5.0,
Lego LW7189 Titan Monitor Battle Toilet Man Vs TV Clock Man Hybrid Assembly Toy Blocks Đồ Chơi Lắp Ráp Cho Trẻ Em Từ 5 Tuổi Trở Lên,https://www.lazada.vn/products/pdp-i2901940168.html,114.000 ₫,,"12 Đã bán
Hong Kong"
Máy tính NEC Mate MKM22C | Core i5-9500T | RAM 8–16GB | SSD NVMe | Windows 11 Pro | Mini PC doanh nghiệp Nhật Bản,https://www.lazada.vn/products/pdp-i3183990650.html,2.700.000 ₫,,
Màn hình nhà ở màu đen vỏ Màn hình hiển thị hợp kim nhôm cho Raspberry Pi 4 4B,https://www.lazada.vn/products/pdp-i3080914208.html,92.000 ₫,,
"PC MINI LENOVO M72, NHỎ GỌN, TIỆN DI CHUUYỂN",https://www.lazada.vn/products/pdp-i3168226928.html,1.750.000 ₫,,
Máy tính all in one Nec,https://www.lazada.vn/products/pdp-i3060149344.html,3.950.000 ₫,,
kids Toys Clearance Sale Spoof Cartoon Doll skibidi toiletplush Toilet Person Stereo Person Plush Toy Children birthday GIFT,https://www.lazada.vn/products/pdp-i2663456072.html,79.683 ₫,,
Mini PC Dell Optiplex 3050 5050 7050 Micro -i3 7100T,https://www.lazada.vn/products/pdp-i3173061349.html,1.850.000 ₫,,
Máy dò kho báu bãi biển có độ nhạy cao Máy dò kim loại dưới lòng đất cầm tay chạy bằng pin Máy dò vàng có độ chính xác cao cho trẻ em và người lớn,https://www.lazada.vn/products/pdp-i2763941554.html,1.197.000 ₫,,
Quạt fan 4cm EUMAX 40x40x10.5mm 12V 0.14A có led,https://www.lazada.vn/products/pdp-i2094991626.html,90.000 ₫,,
Bộ Khung Máy Tính Bằng Hợp Kim Nhôm Mở Fish Nest Block ITX Motherboard 240 Water Cooling Desktop Computer Case Back to Back Handle,https://www.lazada.vn/products/pdp-i3169150330.html,999.000 ₫,,"114 Đã bán
China"
NICE POWER DC POWER Nguồn điện phòng thí nghiệm có thể điều chỉnh 30V 10A Nguồn điện chuyển mạch ổn định để sửa chữa PCB,https://www.lazada.vn/products/pdp-i2470413992.html,859.273 ₫,5.0,24 Đã bán
Máy Tính MiniPC Beelink Ser 9 Pro AMD Ryzen AI 9 HX 370 / 365 RAM Ser9 Radeon 890M,https://www.lazada.vn/products/pdp-i3230776162.html,22.590.000 ₫,,
"Mainboard H81 LGA 1150 Với Khe Cắm NVME M.2, Hỗ Trợ RAM DDR3, Dành Cho CPU I3 I5 i7/Xeon E3 V3, SZMZ H81M-PRO S1",https://www.lazada.vn/products/pdp-i3128061082.html,704.000 ₫,5.0,13 Đã bán
Mini pc Intel N150 N100 Zotac Nano Zbox-CI337 GMKtec G3 Plus Beelink EQ14 Wi6 12th Tiny N200,https://www.lazada.vn/products/pdp-i2781796310.html,4.890.000 ₫,5.0,8 Đã bán
Combo Main X79 Dual CPU + 02 Chip E5 2689 - 2nd,https://www.lazada.vn/products/pdp-i3194435583.html,1.350.000 ₫,,
"Nguồn Đũa 12V 2A,3A,5A Dùng Cho Đèn Led",https://www.lazada.vn/products/pdp-i2655187302.html,29.999 ₫,5.0,32 Đã bán
UGREEN Type c to DP1.4 Cable 8K 60Hz Uni-directional Support Support VVR Funcion 3D HDR Dolby for laptop Desktop Monitor model:25158,https://www.lazada.vn/products/pdp-i2392670334.html,389.800 ₫,5.0,292 Đã bán
UGREEN DP 1.4 KVM Switcher Box 8K60Hz 4K240Hz 3*USB A3.0 1*USB C3.0 5Gbps Ultra HD DP for Monitor Sharing Model:25962,https://www.lazada.vn/products/pdp-i2524014051.html,2.672.000 ₫,5.0,9 Đã bán
Đèn Sương Mù LED Màu Xanh Lam Máy Chiếu LED Bi Ống Kính Sương Mù Điốt PTF 3Inch Ống Kính Ô Tô Thông Dụng 6000K 3000K Phụ Kiện Xe Hơi Điều Chỉnh,https://www.lazada.vn/products/pdp-i1874216534.html,857.446 ₫,4.0,556 Đã bán
"DUNG DỊCH PHỦ NANO CAO CẤP CHỐNG BÁM NƯỚC KÍNH Ô TÔ ,KÍNH MŨ BẢO HIỂM SENFINECO 9945",https://www.lazada.vn/products/pdp-i1801435077.html,197.600 ₫,4.0,462 Đã bán
Cửa nhựa xếp màu trắng - Hàng Cao Cấp 0.8mx1.8m và 1mx2m,https://www.lazada.vn/products/pdp-i1755965982.html,445.000 ₫,5.0,45 Đã bán
Quay video dash cam với điều hướng màn hình lớn sử dụng phát lại video HD,https://www.lazada.vn/products/pdp-i2367653973.html,248.000 ₫,,
Tai nghe In-Ear Monitors có đầu nối MMCX BT251-BK,https://www.lazada.vn/products/pdp-i2148043433.html,750.000 ₫,,
Keo tản nhiệt hàng cao cấp Loại HY510 làm mát CPU chip đèn led,https://www.lazada.vn/products/pdp-i2609570240.html,6.000 ₫,5.0,
Hagibis | Bộ Chuyển Đổi Màn Hình Nhiều Multi-Screen Type-C DisplayLink USB sang HDMI cho M1/M2/M3 Mac Thunderbolt 4,https://www.lazada.vn/products/pdp-i3194560472.html,4.531.000 ₫,4.0,
H310 M-PRO-VH PLUS MSI có dủ fe HDMI đẹp BH 1 tháng,https://www.lazada.vn/products/pdp-i2418980553.html,630.000 ₫,5.0,
Giảm xóc sau xe MG ZS 2020- Giá bán tính 1 cái,https://www.lazada.vn/products/pdp-i2693614201.html,1.350.000 ₫,,
Cartnt 1 cặp H7 bóng đèn LED H4 H11 H7 Hb3 9005 HB4 9006 đèn pha LED xe hơi bóng đèn 6000LM 6000K đèn pha tự động Led tạo kiểu cho xe ô tô 12V,https://www.lazada.vn/products/pdp-i3121131229.html,574.632 ₫,,
"WAVLINK USB C Docking Station Dual Monitor, 10-in-1 Wireless USB C Hub Adapter with 4K&1080P HDMI, 100W PD, Ethernet, 3×USB for Windows Wireless Display(Dell/HP/Lenovo) & Wired for Mac",https://www.lazada.vn/products/pdp-i3184497199.html,5.711.533 ₫,,
Đèn LED Laser Sương Mù Cho Ô Tô Xe Máy Xe Chống Va Chạm Đuôi Đèn Phanh Đèn Cảnh Báo Xe Máy 12V Đèn Tín Hiệu,https://www.lazada.vn/products/pdp-i2618187494.html,44.200 ₫,5.0,189 Đã bán
[HCM]OhO Bluetooth Sunglasses-Mắt kính bluetooth thông minh kết nối điện thoại gọi điện nghe nhạc,https://www.lazada.vn/products/pdp-i625030070.html,990.000 ₫,5.0,
Camera Hành Trình 70mai A800SE Ghi Hình 2 Kênh Trước Sau Chất Lượng 4K UHD HDR (Bản Quốc Tế 2025),https://www.lazada.vn/products/pdp-i3184161278.html,2.590.000 ₫,5.0,
ZTOYL 1 4pcs Large Clear Plastic Storage Boxes With Hinged Lids Ideal For Jewellery Ornaments Home Supplies And Office Organization,https://www.lazada.vn/products/pdp-i3134002372.html,12.263 ₫,5.0,
Kính Âm Thanh Thông Minh Xiaomi Tai Nghe Bluetooth HD Không Dây Có Micrô Kính Râm Chơi Game Chống Nước Chống Bụi,https://www.lazada.vn/products/pdp-i3106908253.html,324.000 ₫,5.0,11 Đã bán
Nguồn 650W Công Suất Thực AIGO CK650 Có Dây Nguồn Phụ New Box Chính Hãng BH 36 Tháng,https://www.lazada.vn/products/pdp-i3060553545.html,693.000 ₫,5.0,5 Đã bán
Kính thông minh Rokid AI Glass - Hàng openbox mới 99.99%,https://www.lazada.vn/products/pdp-i3221366394.html,1.599.000 ₫,,
Nguồn tổ ong 36v 10A,https://www.lazada.vn/products/pdp-i2591558376.html,300.000 ₫,5.0,15 Đã bán
"Đèn bi Gầm X300 Royal, Bi gầm 3.0 có 3 trợ pha Laser tâm vàng, công suất 80w/ 1 bóng.",https://www.lazada.vn/products/pdp-i3111441811.html,1.300.000 ₫,3.0,
VỎ CASE MÁY TÍNH MAGIC M-09 (MATX) - Hàng Chính Hãng,https://www.lazada.vn/products/pdp-i3121215054.html,207.000 ₫,5.0,
Đèn Nháy Khẩn Cấp Xe Tải Xe Hơi Kéo Bốn Bên 20-49 Inch Thanh Đèn Cảnh Báo Nhấp Nháy Led COB Màu Đỏ Hổ Phách Xanh Dương 12V 24V,https://www.lazada.vn/products/pdp-i1773422179.html,381.000 ₫,4.0,81 Đã bán
VGA ĐỒ HOẠ CHƠI GAME Gigabyte GTX-750TI (2GB / 128bit / DDR5 ) 1 FAN Bảo Hành 3 Tháng vga_gigabyte_gtx750ti_1fan,https://www.lazada.vn/products/pdp-i1747166404.html,1.950.000 ₫,,
"Vỏ Case máy tính văn phòng Golden Field 241 Plus / X6 / X9 / U2, khung thép, kính mica chống xước, lưới lọc bụi, thiết kế gaming văn phòng | Hàng Chính Hãng |Patech Electronics",https://www.lazada.vn/products/pdp-i3016822182.html,320.250 ₫,4.0,104 Đã bán
Dây côn Satria / Dây Côn / Dây Cáp Ly Hợp Cho Satria F150 / Raider 150 Fi 58200-12K00-000,https://www.lazada.vn/products/pdp-i2598704472.html,51.120 ₫,4.0,53 Đã bán
Vòng đeo tay thông minh Garmin Vivosmart 5 | Hàng chính hãng BH 12 tháng,https://www.lazada.vn/products/pdp-i2174798719.html,3.690.000 ₫,,
Chai xịt nano dẻo Ultima vệ sinh chống bám nước kính ô tô phủ bóng sơn xe dung tích 650ml 200ml xịt dẻo nano ultima TẶNG kèm khăn chuyên dụng,https://www.lazada.vn/products/pdp-i2609471074.html,99.000 ₫,4.0,
10 pcs Small Bearings Inner Diameter 2mm 3mm 4mm 5mm 6mm 7mm 8mm 9mm 10mm 3x7x3 5x10x4 5x11x4 8x22x7 10x15x4 mm Miniature Bearing,https://www.lazada.vn/products/pdp-i3071737884.html,67.448 ₫,5.0,104 Đã bán
TNW TG03 Thiết Bị Định Vị Theo Dõi Smart Tag Cho IP iOS Người định vị Thông Minh Chống Mất,https://www.lazada.vn/products/pdp-i3042026392.html,158.000 ₫,5.0,70 Đã bán
Fit com ống cứng OD14 Bykski B-FTHTJ-L14 -Tản nhiệt nước custom,https://www.lazada.vn/products/pdp-i2784192320.html,80.000 ₫,,
2 Bóng Novsight Bóng Đèn Pha LED Ô Tô N96 Mới Nhất 9005 (HB3) 9006 (HB4) H4 H7 H11 Đèn LED Sương Mù Chùm Cao/Thấp Cho Ô Tô 200W 40000LM 6500K Cắm Và Chạy Siêu Sáng Bảo Hành 1 Năm,https://www.lazada.vn/products/pdp-i2878302142.html,852.848 ₫,5.0,10 Đã bán
Băng Keo Cuộn Vải Vitas Go Nhỏ (Hộp/1c),https://www.lazada.vn/products/pdp-i2570024795.html,4.500 ₫,5.0,21 Đã bán
Công Tắc Cửa Cuốn Wifi Hunonic Door S – Mở Cửa Ngay Cả Khi Không Có Internet,https://www.lazada.vn/products/pdp-i2795031550.html,568.000 ₫,5.0,62 Đã bán
Android Box Ô Tô VIETMAP BS10 dành cho màn hình zin TẶNG KÈM Dẫn Đường Vietmap Live (3 năm),https://www.lazada.vn/products/pdp-i2221252766.html,4.456.000 ₫,5.0,116 Đã bán
"[Giảm Sốc] Mini PC Lenovo Thinkcentre M710Q M720 Gen 8,9 Ram 8G",https://www.lazada.vn/products/pdp-i3180584037.html,2.150.000 ₫,,
Zemismart Tuya WiFi Home Power Monitor Electric Energy Meter Measure Alarm Alexa Echo Smart Life App Remote Control 230V 50Hz RS485 Communication Programmable Timer Switch Relay,https://www.lazada.vn/products/pdp-i1641068491.html,590.500 ₫,4.0,7 Đã bán
Ekleva 2 DIN Bộ Đàm Xe Hơi Đa Năng 7 HD Xe Máy Nghe Nhạc Đa Phương Tiện 2 DIN Màn Hình Cảm Ứng Audio Stereo Tự Động MP5 USB Bluetooth TF FM Máy Ảnh Màn Hình Điều Khiển Lùi,https://www.lazada.vn/products/pdp-i459972881.html,743.164 ₫,4.0,74 Đã bán
ROCKBROS M1 Pro Đồng Hồ Xe Đạp GPS Beidou Năm Vệ Tinh Định Vị 70H pin dài Cuộc Sống 2.9 ''đồng hồ đo tốc độ đạp xe thông minh không dây ANT + Nhịp Tim Tỷ Lệ Tùy Chỉnh Giao Diện Không Thấm Nước thiết bị xe đạp,https://www.lazada.vn/products/pdp-i3135971880.html,999.000 ₫,5.0,
Ổ Cắm Thông Minh TP-Link Tapo P100 / P110M Kết Nối Wifi Điều Khiển Từ Xa- Hãng phân phối chính thức,https://www.lazada.vn/products/pdp-i668298200.html,189.000 ₫,5.0,
Cửa nhựa xếp màu trắng - Hàng Cao Cấp 0.8mx1.8m và 1mx2m,https://www.lazada.vn/products/pdp-i2042584609.html,445.000 ₫,,"12 Đã bán
Hồ Chí Minh"
Máy Tính Để Bàn Mới Nguồn Điện 450w 500w 550w 600w 650w 750w Vỏ Máy Tính Im Lặng Card Đồ Họa Tương Thích Tháp Nguồn Điện,https://www.lazada.vn/products/pdp-i2391097304.html,760.000 ₫,4.0,
"【CHANGXIANG3】 Sunflower Shiou 2 Băng Quấn Cái hộp, Khâu Khóa Kéo Dây Kéo, Đóng Vết Thương Khâu Dính- Miễn Phí",https://www.lazada.vn/products/pdp-i2803128700.html,97.364 ₫,,
ĐUI ĐÈN CẢM ỨNG VI SÓNG RS686C,https://www.lazada.vn/products/pdp-i1278182995.html,40.000 ₫,4.0,59 Đã bán
Gigabyte Z97 H97 Z97M Z97 HD3 Bảng Điều Khiển Máy Tính Để Bàn Intel LGA1150 Hỗ Trợ NVME M.2 Bảo Hành Hai Năm Thay Thế,https://www.lazada.vn/products/pdp-i2838021324.html,950.000 ₫,1.0,68 Đã bán
Nước Hoa Ô Tô Cao Cấp GOCADO - AROMATIC,https://www.lazada.vn/products/pdp-i2396541969.html,439.000 ₫,5.0,
"Xịt bóng nội thất ô tô, Xịt bóng xe máy - Phục hồi nhựa nhám, dưỡng đen da, nhựa, cao su WAX NPR",https://www.lazada.vn/products/pdp-i2701676091.html,46.000 ₫,5.0,225 Đã bán
Fisherman Hat Wig for Women Autumn and Winter Natural Warm Wig Cap for Girl Colorful Cosplay Wigs TF-Uss-VN,https://www.lazada.vn/products/pdp-i3072969121.html,190.000 ₫,5.0,6 Đã bán
"Thiết Bị Định Vị Chống Trộm Xe Máy Ô Tô AV01 tắt mở máy từ xa, chính xác cao, bảo hành 1 năm",https://www.lazada.vn/products/pdp-i2403225860.html,500.000 ₫,5.0,195 Đã bán
màn hình máy vi tính 17in vuông hp 1280x1024 hàng thanh lý cty đẹp kết nối vga nguon 220v gia 396k bh 1thang,https://www.lazada.vn/products/pdp-i3102553264.html,396.000 ₫,,
Titan Bút Chì TV Minifigure Tương Thích Với LEGO Người Vệ Sinh Và Giám Sát Gạch Siêu Di Động Đồng H,https://www.lazada.vn/products/pdp-i2945617418.html,105.000 ₫,,
Forehead Anti-Wrinkle Patches Brighten Natural Skin Moisturizing Firming Face Mask Suitable for Oily Skin Dry Skin TF-Uni-VN,https://www.lazada.vn/products/pdp-i3038604737.html,22.000 ₫,,
"Công Tắc Thông Minh Hunonic Datic Basic, Điều Khiển Từ Xa, Hẹn Giờ Tắt/Bật, Dễ Lắp Đặt, Có Nút Cơ",https://www.lazada.vn/products/pdp-i2207603661.html,129.000 ₫,4.0,
Cartnt 1PC bóng đèn LED H4 dẫn đèn pha ô tô xe máy Bóng đèn 800LM 6000k 80W Đèn pha tự động Led tạo kiểu cho xe ô tô 12V,https://www.lazada.vn/products/pdp-i3121871953.html,212.798 ₫,5.0,5 Đã bán
Bộ hồng ngoại Hunonic IR Smart - Điều khiển thiết bị từ xa qua điện thoạii,https://www.lazada.vn/products/pdp-i2589161580.html,195.000 ₫,4.0,280 Đã bán
nguồn tổ ong 12V 10A 12V 15A 12V 20A 12V 30A Đủ Watt,https://www.lazada.vn/products/pdp-i1722529276.html,127.452 ₫,4.0,
"Công Tắc Datic Bassic Wifi Thông Minh Hunonic, Điều Khiển Trên Điện Thoại, Hẹn Giờ Tự Động",https://www.lazada.vn/products/pdp-i1533910383.html,129.000 ₫,4.0,
"Kệ Giá Đỡ Màn Hình Máy Tính 1 Tầng，MR08,MR09 Có thể mở rộng 70 cm-104 cm có ngăn kéo,Hỗ trợ 2 màn hình",https://www.lazada.vn/products/pdp-i2604573483.html,430.000 ₫,5.0,93 Đã bán
【NEW】 Wt7527s Wt7527 Dip-16 Pc Power Supply Supervisor,https://www.lazada.vn/products/pdp-i2687123847.html,76.312 ₫,,
"Nước Hoa Ô Tô GOCADO - SEA MATIC 85ml -Tặng Miếng Lót Chắn Chắn- Khử Mùi Xe Hơi Cao Cấp, Hương Biển Cả, Tươi Mát",https://www.lazada.vn/products/pdp-i2998328038.html,419.000 ₫,,
SK 70SR -_2 KOBELCO*BỘ PHỐT TY AM--NÂNG--GẦU(SKF+HANJIN)@VƯƠNG TUYẾT LÂM YOUTUBE 0795621779,https://www.lazada.vn/products/pdp-i1880328363.html,450.000 ₫,,
Cặp đèn hậu sau xe tải 12v 24v mẫu BMV 6 chế độ sáng sang trọng,https://www.lazada.vn/products/pdp-i2498678264.html,420.000 ₫,5.0,5 Đã bán
"Vòng Bi, Bạc Đạn Xe Máy Koyo 2RSCM Cao Cấp - Vòng Bi Bạc Đạn 6300,6301,6302,6303,6304 ZZCM KOYO Chất Lượng Cao",https://www.lazada.vn/products/pdp-i2320974229.html,12.000 ₫,4.0,
"Công Tắc Thông Minh Lahu 04 RTC Tích Hợp IC Thời Gian Thực, Điều Khiển Từ Xa Qua Điện Thoại, Hẹn Giờ Tự Động",https://www.lazada.vn/products/pdp-i2589155610.html,360.000 ₫,4.0,122 Đã bán
Zealsound RGB Micrô Podcasting Micrô điện dung USB cho PC PS5 PS4 Mac với bộ chuyển đổi điện thoại di động,https://www.lazada.vn/products/pdp-i2790786592.html,810.720 ₫,5.0,53 Đã bán
"Định vị xe máy ô tô P18 4G cao cấp, miễn phí phần mềm trọn đời, siêu chính xác, giá đại lý",https://www.lazada.vn/products/pdp-i2666106881.html,280.000 ₫,4.0,435 Đã bán
Lamp-8D Hình Vuông Ống Kính Lồi 5 Inch 80W Đèn Pha Ô Tô Đèn LED Làm Việc Đèn Rọi Cho Xe Địa Hình ATV UTV 12V,https://www.lazada.vn/products/pdp-i2347626024.html,207.000 ₫,,
"Nguồn Tổ Ong - Nguồn 24v 20a- 15a- 10a- 5a- 3a nguồn chuyên dùng cho Led, Motor Mini, thiết bị điện 24v khác",https://www.lazada.vn/products/pdp-i1699591573.html,110.000 ₫,4.0,190 Đã bán
"Công Tắc Thông Minh Điều Khiển Từ Xa Qua WIFI, 3G, 4G",https://www.lazada.vn/products/pdp-i1267851559.html,120.000 ₫,5.0,16 Đã bán
"Công Tắc Cửa Cuốn Datic Smart Door Điều Khiển Từ Xa Bằng Điện Thoại, Thương Hiệu Hunonic, Hàng Việt Nam",https://www.lazada.vn/products/pdp-i2589234368.html,568.000 ₫,5.0,405 Đã bán
Essager 45W 2C + A với kính thiên văn dây thiết bị sạc xe hơi pd30w sạc nhanh USB-A Loại-C xe sạc với linh hoạt có thể thu vào Stretchable cáp nhanh sạc điện thoại Iphone Ipad Huawei Samsung Xiaomi máy tính bảng Dashcam Fan được xây dựng trong loại có thể,https://www.lazada.vn/products/pdp-i3240374941.html,334.400 ₫,,
Tiêm sẹo lồi hàn quốc 1 lọ,https://www.lazada.vn/products/pdp-i3008603942.html,70.000 ₫,,
Nguồn Adapter 12V 5A loại tốt đủ công suất,https://www.lazada.vn/products/pdp-i1722854557.html,78.210 ₫,4.0,474 Đã bán
(IACY) Excavator LCD Screen Panel for Kobelco SK-6 SK200-6 SK135SR Excavator Monitor Aftermarket Accessories Parts,https://www.lazada.vn/products/pdp-i3178405106.html,706.577 ₫,5.0,
"Rcyago Wifi Đồng hồ đo độ PH 8 Trong 1 Thông Minh dụng cụ kiểm tra chất lượng Nước PH/EC/Orp/Tds (ppm)/CF/Salt/SG/Máy kiểm tra nhiệt độ Tuya Ứng Dụng Máy ghi dữ liệu Chức Năng, Aquarium Monitor Cho Hydroponics -- Probe Phụ Kiện Liên Kết",https://www.lazada.vn/products/pdp-i2963680713.html,287.802 ₫,1.0,7 Đã bán
WAVLINK USB Type C To HDMI With 87W PD Charge 3-in-1 Dual HDMI 4K 60Hz Adapter Dual Monitor Diaplay Adapter For Laptop Macbook Air Pro Thunderbolt 3/4,https://www.lazada.vn/products/pdp-i3105061772.html,500.000 ₫,,
Ekleva Máy lọc không khí USB tấm năng lượng mặt trời xe ion âm Máy lọc không khí 1200mAh Pin Lọc Than hoạt tính máy không khí xe hơi bụi HEPA lọc,https://www.lazada.vn/products/pdp-i1551014670.html,1.183.100 ₫,4.0,183 Đã bán
"Skechers Nam Xăng Đan Thường Ngày Giày Dép Nữ Đi Học, Đi Làm on-The-GO GOwalk Flex Antigua Beach Contoured Goga Mat Footbed, Flex, Machine Washable, Ultra Go",https://www.lazada.vn/products/pdp-i2533096583.html,256.467 ₫,4.0,16 Đã bán
Tấm cách âm 3M™ ACOUSTIC kích thước 50 cm x 80 cm siêu chống ồn hàng nhập khẩu,https://www.lazada.vn/products/pdp-i1166326493.html,52.020 ₫,5.0,367 Đã bán
"Công Tắc tắt bật từ xa bằng Điện Thoại Smart wifi (bản quốc tế) qua WIFI Từ Xa 10A 2200w (hẹn giờ, smart wifi bằng điện thoại) tưới cây,tưới lan...",https://www.lazada.vn/products/pdp-i959680698.html,129.000 ₫,5.0,25 Đã bán
HELLOLEIBOO | Máy Bơm Lốp Ô Tô Di Động,https://www.lazada.vn/products/pdp-i3174078147.html,374.000 ₫,4.0,15 Đã bán
"Ekleva 2 chiếc đèn pha Led ba màu 120W với điều khiển từ xa, Đèn Pha Phụ Kiện Xe Hơi quạt tản nhiệt và ống kính máy chiếu kép với H1 H4 H11 9005 9006 9012 6500K 4300K 3000K",https://www.lazada.vn/products/pdp-i3169775070.html,776.300 ₫,5.0,
Dây nguồn nối dài 24pin 8Pin VGA LED ARGB,https://www.lazada.vn/products/pdp-i2185440736.html,190.000 ₫,,
Bộ Ăng ten mui xe hợp kim nhôm cột ăng-ten cho ô tô,https://www.lazada.vn/products/pdp-i3052507465.html,71.590 ₫,,
Camera hành trình ô tô 3 chế độ Asawin H109J Wifi 3 camera Gương chiếu hậu 10 inch Màn hình cảm ứng Bên trong và Bên ngoài 3 kênh Ghi hình tua nhanh thời gian Tầm nhìn ban đêm Chế,https://www.lazada.vn/products/pdp-i2785582948.html,2.130.000 ₫,5.0,5 Đã bán
Đèn LED Ô Tô Xe Hơi Siêu Sáng Cao Cấp AKE T55 11.000LM 6000K Chân H1 H3 H4 H7 H11 9005 9006 9012,https://www.lazada.vn/products/pdp-i2487421764.html,709.000 ₫,5.0,95 Đã bán
Kính Thời Trang Kiêm Tai Nghe Bluetooth .Kính Chống Tia UV Bluetooth Âm Thanh Kết Nối Với Điện Thoại Thông Minh Có Thể Hoạt Động Thể Thao Ngoài Trời Đi Xe Đạp,https://www.lazada.vn/products/pdp-i2750889891.html,410.000 ₫,,
Nguồn máy tính cũ bóc case thanh lý chạy tốt,https://www.lazada.vn/products/pdp-i1070040031.html,69.000 ₫,4.0,56 Đã bán
"Piple | Dung Dịch Xịt Làm Sạch Màn Hình cho Điện Thoại Thông Minh, Máy Tính, Laptop, LCD TV, Apple Macbook, và iPads",https://www.lazada.vn/products/pdp-i3194644112.html,41.000 ₫,,
Xoss G3 G3 + Cộng Với G + Gen3 xe đạp GPS Máy Tính 2.8 Inch Màn Hình Đồng Hồ Tốc Độ Đi Xe Đạp Đào Tạo IP67 ANT + Không Dây Đo Đường Cho Đường MTB,https://www.lazada.vn/products/pdp-i3186876926.html,1.109.571 ₫,2.8,
Quạt Tản Nhiệt Sò Lạnh Dùng Pin MEMO CX12 làm lạnh nhanh giảm fps khi chơi pubg,https://www.lazada.vn/products/pdp-i3069823503.html,259.000 ₫,5.0,22 Đã bán
Thanh Đèn LED 4-20 Inch Đèn LED Làm Việc 120W Màu Vàng Cho Xe Tải Jeep SUV UAZ 4X4 Máy Kéo Thuyền ATV Đèn Pha LED 12V 24V,https://www.lazada.vn/products/pdp-i1838528186.html,76.000 ₫,4.0,126 Đã bán
Nguồn tổ ong 12V30A QZ loại tốt-quảng cáo dung LED,https://www.lazada.vn/products/pdp-i2329071327.html,145.000 ₫,5.0,21 Đã bán
Bộ Khuếch Đại Tai Nghe Behringer MA400,https://www.lazada.vn/products/pdp-i2153204186.html,640.000 ₫,,
"Điều Khiển Cửa Cuốn Wifi+Blutooth Tuya Qua Điện Thoại, Công Tắc Cửa Cuốn Wifi Thông Minh Hẹn Giờ Điều Khiển Cửa Cuốn Từ Xa",https://www.lazada.vn/products/pdp-i2614963573.html,401.000 ₫,5.0,100 Đã bán
Nguồn Xịn 12V_3000mA (không vỏ),https://www.lazada.vn/products/pdp-i2524447007.html,43.000 ₫,,
Kính Mát kèm tai nghe thông minh cảm ứng bluetooth F08 không Dây 2023 Chống Tia Sáng Xanh Thích Hợp Khi Lái Xe,https://www.lazada.vn/products/pdp-i2447296912.html,280.500 ₫,5.0,
Ekleva H4 Mini Ống Kính LED Ice Đèn Cho Tự Động H4 Chiếu Đèn Pha Siêu 12V 24V 6500K Đèn LED siêu khỏe Ngọn Hải Đăng,https://www.lazada.vn/products/pdp-i2651294480.html,549.300 ₫,5.0,30 Đã bán
"ĐẦU DVD LIỀN MÀN HÌNH 7,8 inches",https://www.lazada.vn/products/pdp-i102295645.html,1.249.000 ₫,,
Rayhong nóng với một kéo và năm vây sưởi ấm để sưởi ấm một deicing đa chức năng và snowmelt nóng cho sự ấm áp và tăng nhiệt độ máy sưởi ô tô 5 trong 1 kính chắn gió ô tô sưởi ấm nhanh defrost defogger lò sưởi tự động cho phụ kiện nội thất,https://www.lazada.vn/products/pdp-i2488300031.html,198.594 ₫,,
Bộ xử lý lõi tứ YZX Xeon E3 E3-1220V6 E3 1220 V6 CPU 3.00GHz 8M 72W LGA1151 E3-1220 V6,https://www.lazada.vn/products/pdp-i2472444970.html,116.900 ₫,5.0,58 Đã bán
"Wavlink 7-in-1 USB C Quad-Monitor ổ cắm máy tính xách tay với kép 4K HDMI, 4K dp, VGA, USB2.0 đa đầu chuyển đổi cổng cho Dell/HP/Lenovo/Thinkpad, tương thích với Mac/Windows/Chrome OS/Linux/Android",https://www.lazada.vn/products/pdp-i2416572444.html,743.218 ₫,,
Ổ Cắm Thông Minh Wifi Tuya Smart life 15A Có Đo Điện Năng Tiêu Thụ Điều Khiển Từ Xa,https://www.lazada.vn/products/pdp-i358270273.html,205.000 ₫,4.0,805 Đã bán
Cartnt 2 cái siêu sáng đèn pha LED xe hơi H7 LED H8 H9 H11 9005 9006 HB3 HB4 100W 20000LM bóng đèn LED đèn sương mù xe ô tô 12V đèn Led,https://www.lazada.vn/products/pdp-i2523878596.html,201.102 ₫,,
"Ecily Đèn hậu xe đạp hiển thị điện thông minh cảm biến chuyển hướng xe đạp đèn hậu Type-C Đèn Led Sạc MTB Đèn xe đạp chuyển hướng đèn, rực rỡ đêm đi xe đạp đèn cảnh báo, thiết bị xe đạp tây đi xe đạp",https://www.lazada.vn/products/pdp-i3159906856.html,356.962 ₫,,
"Đèn Pha LED Xe Máy 5 Inch Mới Nhất Cho Dyna Softail Sportster 883 XL883 FXCW 5 3/4 ""Led DRL 50W Đèn Pha Xe Máy",https://www.lazada.vn/products/pdp-i1943893570.html,163.623 ₫,4.0,79 Đã bán
PC 120_5 (SKF+ HANJIN) PHỐT TY AM_GÀU_NÂNG KOMATTSU/ YOUTUBE VƯƠNG TUYẾT LÂM 0795621779,https://www.lazada.vn/products/pdp-i2995091381.html,450.000 ₫,,
SEHVN 1pcs máy tính để bàn PoE điện phun Ethernet Adapter giám sát CCTV cho IP Camera cung cấp điện 24V 1A 48V 0.5A 24W,https://www.lazada.vn/products/pdp-i3234991661.html,57.679 ₫,,
SmallRig Monitor Mount with NATO Clamp Nghiêng màn hình gắn kết với Nato kẹp 2100b,https://www.lazada.vn/products/pdp-i2679496750.html,709.000 ₫,,
TRN Conch Earphone High-Performance DLC Diamond Diaphragm Dynamic in-Ear Monitors Interchangeable Tuning Nozzle Filters,https://www.lazada.vn/products/pdp-i2474594630.html,557.474 ₫,4.0,26 Đã bán
KZ D-Fi HiFi Bass Music Earphones Add KZ AZ09 HD Module C Pin Bluetooth 5.4 Dual Channel Monitor Cable 4-Level Customizable Tuning Switch Headphones Zobel Network Circuit Design Headset Stage Live Earplugs Detachable IEMs Audiophile Metal Wired Earbuds,https://www.lazada.vn/products/pdp-i2984178480.html,880.000 ₫,,
INKBIRD WiFi Gateway and Bluetooth Temperature Humidity Sensor WiFi Remote Monitoring Set (IBS-M2S-B with 3x ITH-11-B) High precision sensor IP65 Waterproof Instant Alarm,https://www.lazada.vn/products/pdp-i3094982093.html,999.000 ₫,5.0,
Mũi Xe Hơi LYNK&CO 01/02/03/05/06/Điện Thoại Di Động Xe Hơi Cao Cấp Mũi Xe Hơi Mũi Xe Hơi Chống Nắng Mũi Xe Hơi Chống Tia UV,https://www.lazada.vn/products/pdp-i3226143327.html,292.000 ₫,,
xiaovv Camera giám sát trẻ em WiFi cctv cho gia đình trẻ em Kết nối không dây với điện thoại di động có chức năng phát hiện tiếng khóc Hàng rào thông minh Âm thanh hai chiều Giọng nói Chia sẻ nhiều thiết bị 3MP baby child care monitor camera,https://www.lazada.vn/products/pdp-i1845641647.html,560.150 ₫,5.0,426 Đã bán
Ekleva Tương Thích Bluetooth Xe Thiết bị phát FM không dây Bộ chuyển đổi đài phát thanh Nhanh Chóng Sạc Treble Bass Âm Thanh âm nhạc ô tô Máy Nghe Nhạc Mp3 AUX Qc3.0,https://www.lazada.vn/products/pdp-i2678231393.html,566.188 ₫,2.0,10 Đã bán
(DRGQ) Baby Audio Monitor 2-Way Talk Baby Intercom Wireless Night Light Home Child Safety Device 2.4GHz US-Plug Easy Install,https://www.lazada.vn/products/pdp-i3125477093.html,836.838 ₫,,
"Công Tắc Điều Khiển Từ Xa Công Suất Lớn Tầm Xa 5km Honest HT9220KG -5, HT9380kg 220v 380v 3 pha",https://www.lazada.vn/products/pdp-i1776110242.html,189.000 ₫,4.0,80 Đã bán
Cartnt siêu sáng 2pcs W5W LED T10 CSP CANBUS đèn xe ô tô 1860smd không có lỗi cho 12V xe giấy phép mảng Bóng đèn Đèn cửa màu trắng hổ phách,https://www.lazada.vn/products/pdp-i2522159541.html,144.729 ₫,,
【High-quality】 Jmt Pc Modular Power Supply Atx 24pin Male Connector Housing With Terminals Pins 4.2mm Pitch Spacing 5557 Type,https://www.lazada.vn/products/pdp-i2601713980.html,87.912 ₫,,
WATCH4 - Đồng hồ Samsung Galaxy Watch 4 40mm GPS - Hàng chính hãng,https://www.lazada.vn/products/pdp-i2907264885.html,1.790.000 ₫,,
"3 máy ảnh Camera ô tô Wifi 3 cách Dash cam ứng dụng điều khiển FHD 1080P asawin 2.0 ""IPS màn hình phía trước và bên trong nhìn trong đêm phía sau",https://www.lazada.vn/products/pdp-i2775954755.html,381.942 ₫,5.0,
Micrô Podcasting Zealsound RGB Micrô Tụ Điện USB Màu Trắng Cho PC PS5 PS4 Mac Kèm Bộ Chuyển Đổi Điện Thoại Để Ghi Âm Phát Trực Tuyến Chơi Game,https://www.lazada.vn/products/pdp-i2763597408.html,790.000 ₫,5.0,
Cartnt 1PC 26000lm 120W Bóng LED mới H4 đèn pha ô tô máy chiếu mini ống kính đèn tự động H4 ống kính mini tạo kiểu cho xe đèn pha xe máy 6000K tập trung ánh sáng,https://www.lazada.vn/products/pdp-i2521900644.html,411.865 ₫,5.0,
MTB Cycling Shoes Men Outdoor Sport Bicycle Shoes Self-Locking Professional Racing Road Bike Shoes zapatillas ciclismo,https://www.lazada.vn/products/pdp-i2593196255.html,913.404 ₫,,
Xe di động Stereo Không Dây Carplay Android Tự Động 7 Inch Cảm Ứng màn hình xe hơi Đài Phát Thanh Với Bluetooth Hands-Free liên kết gương Bản Đồ Navigation điều khiển bằng giọng nói Aux Cho Xe Ô Tô Xe Tải SUV,https://www.lazada.vn/products/pdp-i2782503880.html,918.720 ₫,5.0,9 Đã bán
Quạt Lò Xo Siêu Tốc 29mm 130000 Vòng/phút Motor Turbine Không Chổi Thân Trong Máy Móc Điện Tử Phần Cứng,https://www.lazada.vn/products/pdp-i2830326503.html,74.000 ₫,1.0,161 Đã bán
Nguồn tổ ong 24VDC-30A Quạt,https://www.lazada.vn/products/pdp-i2180717015.html,820.000 ₫,,
Giảm Giá Giảm Xóc Lò Xo Khí Nệm Cabin Xe Ben ManETX Spring Group Phù Hợp Với Các Mẫu Xe Khác Nhau Phụ Tùng Ô Tô,https://www.lazada.vn/products/pdp-i3009960840.html,433.000 ₫,,"138 Đã bán
Hong Kong"
"WenQia Công Tắc Đèn RF WiFi Với Công Tắc Gắn Tường Bảng Kính Cường Lực RF, Bộ Điều Khiển Từ Xa Không Dây 220V 240V 10A, Hoạt Động Với Tuya/Smart Life/Alexa",https://www.lazada.vn/products/pdp-i1941752220.html,266.611 ₫,5.0,51 Đã bán
"Bộ Quà ""An Khang"" Nước Hoa Ô Tô Aromatic+Silver Luxury GOCADO",https://www.lazada.vn/products/pdp-i2967058555.html,642.000 ₫,5.0,34 Đã bán
Stainless Steel Canned Food Openers with Smooth Edges and Comfortable Grip Kitchen Tools Suitable for Home Restaurant JS-014-VN,https://www.lazada.vn/products/pdp-i3016391186.html,26.000 ₫,,
Bộ Chuyển Đổi HDMI Sang VGA Bộ Chuyển Đổi Đầu Nối Độ Nét Cao Cho Máy Chiếu Monitor TV Interface VGA Sang Độ Nét Cao,https://www.lazada.vn/products/pdp-i3165281911.html,22.000 ₫,,"24 Đã bán
China"
"[THÙNG 24 CHAI] Nước làm mát xe máy - Nước mát Honda, Yamaha chuyên dụng NPR JAPAN chính hãng",https://www.lazada.vn/products/pdp-i2877707928.html,220.000 ₫,,
Jonsbo N4 NAS Máy tính để bàn Chassis ITX / M-ATX trường hợp máy tính 8 ổ cứng vị trí hỗ trợ 230mm Card đồ họa SFX mũi dao điện PC trường hợp vỏ máy tính để bàn,https://www.lazada.vn/products/pdp-i2593317321.html,2.591.606 ₫,5.0,25 Đã bán
{Chính Hãng} Máy rửa xe Xpower RX-3C 3800W - Máy rửa xe nhật bản Xpower - tặng kèm bình bọt tuyết,https://www.lazada.vn/products/pdp-i2583699820.html,1.074.985 ₫,4.0,
Xoss G/G + Gen.3 máy tính Xe Đạp G3 + Đồng Hồ Tốc Độ Cho MTB Đi Xe Đạp Máy Tính G3 GPS không dây đồng hồ đo tốc độ đạp xe Đồng Hồ Đo Tốc Độ Bộ theo dõi GPS Xe Đạp/Nhịp Bluetooth không thấm nước ANT + Cho xe đạp đường trường MTB,https://www.lazada.vn/products/pdp-i3184656395.html,699.000 ₫,5.0,
"màn hình máy tính Hp P17A led vuông đẹp ceng rẻ, màn ko lỗi gì. Thanh lý cty ngoại hình 95% Bán gía: 400k full dây bh 1thang Mua tai: 55/108/2 Nguyễn văn cong p3 gò vấp tphcm Zalo 0977751950",https://www.lazada.vn/products/pdp-i2836903896.html,580.000 ₫,,
Orico | Bộ Nhớ DDR5 Máy Tính Để Bàn 32GB 6400MHz 6000MHz,https://www.lazada.vn/products/pdp-i3220472765.html,3.503.000 ₫,4.0,
PCX160 Cửa Sổ Chắn Gió Đua Cao Cấp Cho Xe Máy Tăng Cường Độ Cứng Cáp Thiết Kế Đua Đường Đua Chống Mài Mòn,https://www.lazada.vn/products/pdp-i3237625965.html,1.965.000 ₫,,
ECU REDLEO Dành Cho Ex 135 Dễ Canh Chỉnh 8 Map Bao Mạnh,https://www.lazada.vn/products/pdp-i3012800059.html,1.100.000 ₫,5.0,
1 bình thủy tinh hình cầu cổ điển bằng thủy tinh bình trồng cây thủy canh cắm hoa chậu hoa để bàn cây cảnh sáng tạo trang trí nhà cửa nhiều tùy chọn có sẵn,https://www.lazada.vn/products/pdp-i2926757627.html,44.208 ₫,1.0,7 Đã bán
Cartnt 2 cái đèn pha ô tô bóng đèn LED H4 H7 H11 Hb3 9005 HB4 9006 hir2 9012 bóng đèn 7000lm 100W 6000K đèn sương mù xe ô tô,https://www.lazada.vn/products/pdp-i3121056982.html,200.111 ₫,,
Bo echo reverb giả lập 2399,https://www.lazada.vn/products/pdp-i271222189.html,212.000 ₫,4.0,528 Đã bán
[24 Hours ship] Hoco E92 ban đầu 100% vị cứu tinh định vị thông minh thiết bị chống mất mini hỗ trợ thiết bị theo dõi không dây chống mất Apple tìm mạng và sạc không dây của tôi,https://www.lazada.vn/products/pdp-i2824556965.html,335.000 ₫,5.0,234 Đã bán
IGPSPORT BSC100S Đồng Hồ Xe Đạp Đồng hồ tốc độ cảm biến đi xe ngoài trời đồng hồ đo tốc độ cho xe đạp MTB đường Phụ Kiện Xe Đạp,https://www.lazada.vn/products/pdp-i2050747749.html,999.999 ₫,4.0,153 Đã bán
HENGHOME Tea Whisk Ceremony Bamboo Matcha Practical Powder Whisk Coffee Green Tea Brush Chasen Tool Grinder Brushes Tea Tools,https://www.lazada.vn/products/pdp-i3113680383.html,106.430 ₫,,
Bear Leader Cotton Kids Clothes Sets Baby Girl Colorful Clothing Suits Fashion Plaid Flower Top and Skirts 2Pcs Sets Outfits 2023 New Costumes for 3-7 Years Child,https://www.lazada.vn/products/pdp-i2205589982.html,120.067 ₫,4.0,301 Đã bán
"[Hỗ Trợ Lắp Đặt, TẶNG VIETMAP S2] Màn hình dvd android ô tô đẹp OLEDPRO A5 lắp sim 4G, 5G, tiếng Việt hệ điều hành Android mới nhất, DVD android Full HD GPS chỉ đường camera lùi bản đồ VietmapS2, Navitel Màn hình dvd ô tô giá rẻ, UY TÍN 166, MINH HÂN AUTO",https://www.lazada.vn/products/pdp-i262638088.html,1.290.000 ₫,4.0,
"Thiết bị định vị GPS toàn cầu mini PHANTOM S3 không cần sim - định vị xe máy, ô tô, thú cưng, trẻ em, đồ vật, hành lý (trắng) Nhất Tín Computer",https://www.lazada.vn/products/pdp-i2892900606.html,185.000 ₫,5.0,61 Đã bán
CÔNG TẮC ĐIỀU KHIỂN TỪ XA CÔNG SUẤT CAO RF15-RM2A,https://www.lazada.vn/products/pdp-i1260748400.html,88.000 ₫,5.0,12 Đã bán
Bộ Điều Khiển Nhiệt Độ Bằng Nước Golden Field N1 Mini PC Case Micro-ATX HTPC White Steel Desktop Computer Chassis,https://www.lazada.vn/products/pdp-i3221379572.html,881.000 ₫,,
Hot Razer Viper lightweight wired mouse 8500dpi optical sensing USB mouse RGB gaming mouse Mice,https://www.lazada.vn/products/pdp-i2706346261.html,86.658 ₫,,
Ribbon Bowknot Hair Clips Ribbon Boutique Metal Hair Bow Alligator Clips for Women Girls Toddlers Teens Kids TF-Ais-VN,https://www.lazada.vn/products/pdp-i2964806194.html,4.000 ₫,5.0,399 Đã bán
[CHÍNH HÃNG] Gạc Y Tế Tiệt Trùng Gạc Miếng DOPHA 12 Lớp (Túi 10 Miếng) Có 2 Kích Cỡ,https://www.lazada.vn/products/pdp-i2570331184.html,2.500 ₫,5.0,67 Đã bán
Original Smartgen HGM6120N diesel generator set controller HGM6110N automatic start panel control system AMF control,https://www.lazada.vn/products/pdp-i2977981286.html,2.164.719 ₫,,
Bridal Wedding Crystal Tiara Headband Party Princess Prom Crown Kids Girl Hairband Hair Accessiories TF-Uss-VN,https://www.lazada.vn/products/pdp-i3075582696.html,22.000 ₫,,"7 Đã bán
China"
Cartnt 2 cái ô tô siêu Sáng Đèn Pha LED bóng đèn H4 H7 9012 H11 9005 HB3 9006 HB4 H13 9004 HB1 9007 HB5 ánh sáng 6000K 8000K Led đèn sương mù 22000LM 120W 12V xe phổ thông,https://www.lazada.vn/products/pdp-i2522538361.html,246.000 ₫,,
Vỏ Case 2 Mặt Kính Cường Lực Xigmatek Aqua M Nano II (M-ATX),https://www.lazada.vn/products/pdp-i3081279490.html,440.000 ₫,,
Cartnt 1 cặp 22000LM CANBUS 110 w/pair đèn H4 ống kính Đèn Pha Led nhỏ automobles Bộ chuyển đổi bóng đèn HI/lo chùm 6000K Đèn pha với quạt tản nhiệt,https://www.lazada.vn/products/pdp-i2522699493.html,492.000 ₫,5.0,
Cartnt 2 chiếc LED H11 H8 H7 H4 H4 H11 H9 9005 Hb3 9006 Hb4 9012 đèn pha ô tô CSP 6000K bóng đèn LED siêu sáng đèn đèn sương mù,https://www.lazada.vn/products/pdp-i2522453702.html,288.729 ₫,,
Quạt tản nhiệt điện thoại sò lạnh CX07 | CX08 Pro | CX08 AI | X12 Plus thế hệ mới làm lạnh đóng băng hỗ trợ tăng fps,https://www.lazada.vn/products/pdp-i3069741694.html,175.000 ₫,4.0,40 Đã bán
INKBIRD Chuyên Nghiệp Ngầm Dưới Nước Máy Dò Kim Loại Vàng Detector Original Xách Tay Máy Dò Kim Loại 3 Nhắc Nhở Chế Độ Với Màn Hình LCD Hiển Thị Tín Hiệu,https://www.lazada.vn/products/pdp-i2246286230.html,861.676 ₫,5.0,30 Đã bán
Ekleva 2pcs 3 inch bi chiếu đèn pha ô tô 240W LED dặm ngọn hải đăng cho xe Diode Đèn Pha Phụ Kiện Xe Hơi,https://www.lazada.vn/products/pdp-i2930095631.html,1.143.392 ₫,,"6 Đã bán
China"
Đèn Led Gầm Xe Tải Ô tô Xe Máy Sáng Đa Sắc Đổi 7 Màu Lung Linh,https://www.lazada.vn/products/pdp-i2457821351.html,55.000 ₫,,"25 Đã bán
Hà Nội"
Khiển vô lăng đôi dành cho màn Android- kết nối dây-khiển dành cho mọi loại xe hơi,https://www.lazada.vn/products/pdp-i2264630210.html,430.000 ₫,5.0,8 Đã bán
VAN CẢM ỨNG TỰ XÃ BỒN TIỂU NAM CẢM ỨNG NỔI TƯỜNG KW-8407,https://www.lazada.vn/products/pdp-i938226062.html,1.482.000 ₫,,
"Vỏ gối Cotton Sateen 50x70 45x65 cm Sen Đá Home Bedding trơn màu, bao áo gối nằm cotton satin 50s cao cấp",https://www.lazada.vn/products/pdp-i1777506478.html,135.000 ₫,4.0,180 Đã bán
Đèn LED Hai Màu Hổ Phách + Đèn Sương Mù Màu Trắng Đèn LED Lái Xe Địa Hình Chống Nước 3Inch 40W Phù Hợp Cho Xe Máy Xe Tải Xe Hơi,https://www.lazada.vn/products/pdp-i1548484697.html,234.493 ₫,4.0,246 Đã bán
Áo đấu bóng đá retro Celtic sân khách 84-86,https://www.lazada.vn/products/pdp-i3150354699.html,163.200 ₫,5.0,
3 Camera Wifi Gương chiếu hậu 10 inch Dash Cam 3 cách Camera ô tô Asawin H5 Màn hình cảm ứng Bên trong và Bên ngoài Bên ngoài 3 kênh Ghi hình tua nhanh thời gian Tầm nhìn ban đêm,https://www.lazada.vn/products/pdp-i2045219005.html,864.432 ₫,5.0,83 Đã bán
COMBO CHỞ TÀI CHỞ LỘC (Camera hành trình ONTEKO + cảm biến áp xuất lốp + nước hoa khử mùi Charm) - Mvn Auto,https://www.lazada.vn/products/pdp-i2971085201.html,790.000 ₫,,
"Bộ Lưu điện Camera Wifi UPS 5V2A Lưu điện cho Camera Wifi, đèn led, máy chấm công",https://www.lazada.vn/products/pdp-i2656894514.html,99.000 ₫,,
"Bóng đèn Halogen OSRAM HS1 xe Lead 125, Air Blade, Wave RS, Sirius (64185)",https://www.lazada.vn/products/pdp-i1149870964.html,67.500 ₫,4.0,858 Đã bán
itutn | Bọc Vô Lăng Giống Da Alcantara Dùng Quanh Năm,https://www.lazada.vn/products/pdp-i3196043908.html,464.000 ₫,,
Cartnt 2 cái đèn pha ô tô bóng đèn LED H4 H7 H11 H8 9012 H9 Hb3 9005 HB4 9006 H1 H3 bóng đèn 20000LM 120W 6000K đèn sương mù xe ô tô,https://www.lazada.vn/products/pdp-i3120746550.html,233.782 ₫,,
"Chai xịt bọt vệ sinh đa năng nội thất, ghế da, giày, trần nỉ ô tô NPR JAPAN 650ML",https://www.lazada.vn/products/pdp-i2659902303.html,35.000 ₫,5.0,19 Đã bán
Van xả nước Bykski B-DV-CEV2 - Tản nhiệt nước custom,https://www.lazada.vn/products/pdp-i2800948347.html,260.000 ₫,,
"Định vị HOCO E93a dành cho ANDROID dùng app GG Find My - tìm kiếm thú cưng, xe máy, ô tô, trẻ em, người lớn tuổi, vật dụng (màu ngẫu nhiên) NHẤT TÍN Authorised Store",https://www.lazada.vn/products/pdp-i3207578336.html,159.000 ₫,,"8 Đã bán
Hồ Chí Minh"
ROCKBROS M1 Máy Tính Xe Đạp GPS Thông Minh Bluetooth5.0 ANT Chống Nước + Máy Tính Xe Đạp Không Dây Đồng Hồ Tốc Độ Kỹ Thuật Số Đèn Nền IPX6,https://www.lazada.vn/products/pdp-i2412211936.html,298.180 ₫,4.0,
Hud hiển thị tốc độ xe ô tô và cảnh báo Việt HUD - Kết nối không dây,https://www.lazada.vn/products/pdp-i3077421350.html,360.000 ₫,5.0,24 Đã bán
"Công tắc điều khiển 1km Honest 2 cổng, 4 cổng điều khiển từ xa 100-1000m, điều khiển điện từ xa (HT-7800W) tắt bật bơm, đèn, thiết bị điện tưới cây 220v và 380v",https://www.lazada.vn/products/pdp-i2018016296.html,449.000 ₫,5.0,97 Đã bán
"Kính Thông Minh E02 Tích Hợp Camera, Gọi Bluetooth, Dịch Thuật AI & Nhận Diện Vật Thể - Tính Năng Nghe Nhạc",https://www.lazada.vn/products/pdp-i3236811133.html,1.616.800 ₫,,
Quạt Làm Mát 120mm 3000RPM Có Bộ Điều Khiển 12V 220V Cho Máy BTC Khung Máy Máy Trạm Tủ Tản Nhiệt Máy Chủ - Quạt Hút,https://www.lazada.vn/products/pdp-i2902653554.html,131.300 ₫,5.0,21 Đã bán
ACASIS USB HDMI KVM Switch 4K Ultra HD HDMI Switcher Box and USB KVM Splitter for Sharing Monitor Printer Keyboard Mouse,https://www.lazada.vn/products/pdp-i1235536334.html,376.300 ₫,4.0,
GKA Windscreen Holder for Honda PCX160 Thicker High Carbon Steel Frame Special Vehicle Windshield Holder Motorcycle Accessories,https://www.lazada.vn/products/pdp-i3238995418.html,1.640.000 ₫,,
Aigo New G380 Smart Glasses Photochromic Anti Radiation Glasses For Men Women Smart Transition Rectangle Computer Glasses Eyeglass Bluetooth Translation AI Camera with High-definition Camera,https://www.lazada.vn/products/pdp-i3197429591.html,2.059.000 ₫,,
"WAVLINK Docking Station Mount for Workstation, Behind Monitor Vesa Mounting, Electrolytic Iron Dock Holder for UG69PD8/UG69PD10/UMD01/UMD05, Vesa 35x75/75x75/100x100 Compatible",https://www.lazada.vn/products/pdp-i3119480856.html,289.500 ₫,,
Maxgtrs 2X ba mặt tỏa sáng H7 H4 H11 ống kính Đèn LED ống đèn H8 Hb3 9005 HB4 9006 9012 12V CANBUS cho bóng đèn pha xe Led,https://www.lazada.vn/products/pdp-i3179972399.html,798.560 ₫,,
Combo 2 Bóng Đèn Halogen Tăng Sáng 130% OSRAM NEOLUX Dùng Cho Xe Ô Tô Xe Máy Chân H1 H4 H7 - Nhập Khẩu Chính Hãng,https://www.lazada.vn/products/pdp-i3099150862.html,334.000 ₫,,
Cartnt Hàng Mới Về 2 cái Led Đèn Pha Ô Tô 9005(HB3) 9006(HB4) H4 H7 H11 H8 H9 Led Đèn Pha Xe Hơi Kit Sương Mù Ánh sáng cao/Chùm sáng thấp 6500K cực kỳ sáng 130W 30000lm Plug & Play,https://www.lazada.vn/products/pdp-i2521424573.html,664.493 ₫,5.0,
Nguồn Led Chống Nước ( không dành cho động cơ điện ) IP66 12V 16.5A / 33A Cao Cấp - đổ keo - Tương Thích 2 Pin - Dùng Cho Ngoài Trời,https://www.lazada.vn/products/pdp-i3082881784.html,270.000 ₫,,
Đèn LED Cảnh Sát Xe Hơi Đèn Nhấp Nháy Tín Hiệu Cảnh Báo Lính Cứu Hỏa Điều Khiển Không Dây Từ Xa Khẩn Cấp Màu Xanh Dương Đỏ,https://www.lazada.vn/products/pdp-i1964261531.html,228.623 ₫,4.0,78 Đã bán
Mileauto cho Honda cho CRV lưới tản nhiệt phía trước cảm biến bìa với OE Mã hiệu phụ tùng 71124tlaa50 Giao hàng nhanh,https://www.lazada.vn/products/pdp-i3178154171.html,217.000 ₫,,
CY | Thiết Bị Theo Dõi Từ Xa GPS Cho Người Già Và Trẻ Em,https://www.lazada.vn/products/pdp-i3220843202.html,649.000 ₫,4.0,
Chuông Cửa Không Dây Cao Cấp Nút Nhấp Không Dùng Pin Mayer MDB819 - R,https://www.lazada.vn/products/pdp-i1928984808.html,360.000 ₫,,
"Quạt tản nhiệt 12V tốc độ cao làm mát, tản nhiệt máy móc, thiết bị 4x4cm / 5x5cm / 6x6cm / 8x8cm / 9x9cm / 12x12cm",https://www.lazada.vn/products/pdp-i1320522742.html,14.900 ₫,4.0,966 Đã bán
"Công tắc điều khiển từ xa, công suất tải 750w, khoảng cách 100-300m (tùy môi trường sóng), 220V, Kawasan RF15A-RM01B",https://www.lazada.vn/products/pdp-i1646246053.html,120.000 ₫,5.0,5 Đã bán
Soulmate | Thiết Bị Làm Mát Máy Ảnh cho Sony và Canon,https://www.lazada.vn/products/pdp-i3198560045.html,891.000 ₫,4.0,
"Smart Tag Cho Ios , Thiết Bị Định Vị Chống Thất Lạc Cho Trẻ Em, Ví Đựng Chìa Khóa, Ô Tô, Theo Dõi Thú Cưng",https://www.lazada.vn/products/pdp-i2982608085.html,128.000 ₫,,"18 Đã bán
Hồ Chí Minh"
Cartnt 120W Spotlight H4 đèn laze H4 ống kính Đèn Pha Led nhỏ ô tô Bóng đèn Đèn pha LED 22000LM kính chắn chống loá cho xe hơi chùm sáng thấp Đèn Pha Xe Máy,https://www.lazada.vn/products/pdp-i2521451434.html,259.102 ₫,5.0,
Bull | Thanh Nguồn Đa Cổng Đa Chức Năng Mở Rộng Được và Có Thể Xoay,https://www.lazada.vn/products/pdp-i3196822160.html,160.000 ₫,4.0,10 Đã bán
MICHELIN | Công Cụ Đo Áp Suất Lốp Chính Xác Cao Cho Ô Tô,https://www.lazada.vn/products/pdp-i3195964666.html,384.000 ₫,4.0,
Nến không khói trang trí phòng Halloween nến không khói không khói trang trí Halloween hương cam quýt phong cách đồng quê hình quả bí ngô hương thơm hoa phương Đông nhiều màu,https://www.lazada.vn/products/pdp-i3134025283.html,42.023 ₫,,
"Thiết bị định vị mini Hoco E91 định vị xe máy, ô tô, thú cưng, trẻ em, đồ vật hành lý (Đen) - NHẤT TÍN Authorised Store",https://www.lazada.vn/products/pdp-i2749414320.html,159.000 ₫,5.0,43 Đã bán
Cartnt 120W Spotlight H4 đèn laze H4 ống kính Đèn Pha Led nhỏ ô tô Bóng đèn Đèn pha LED 22000LM kính chắn chống loá cho xe hơi chùm sáng thấp Đèn Pha Xe Máy,https://www.lazada.vn/products/pdp-i2515534682.html,314.102 ₫,5.0,9 Đã bán
"Vga r7 240 pcl 1g ddr5 128bit full 3 cổng vga,dvi,hdmi chơi game, đồ hoạ ok ah",https://www.lazada.vn/products/pdp-i1784972841.html,750.000 ₫,,
Case máy tính EDRA ECS1105 - Hàng Chính Hãng,https://www.lazada.vn/products/pdp-i3194830727.html,220.000 ₫,,
Ryzen 5 1400 R5 1400 I400 3.2 GHz lõi tứ Bộ xử lý CPU yd1400bbm4kae ổ cắm AM4,https://www.lazada.vn/products/pdp-i2246853497.html,439.400 ₫,5.0,
Cartnt 1 cặp H11 LED đèn pha ô tô H1 H4 H3 H7 H11 H8 H9 9005/HB3 9006/HB4 20000LM 100W 6000K 8000K ánh sáng đèn pha đèn sương mù tự động đèn pha LED 12V 24V đèn xe Ô TÔ Cắm và chơi,https://www.lazada.vn/products/pdp-i2522535172.html,257.000 ₫,5.0,
Giá Treo Màn Hình Máy Tính ERGOTEK EZ90 PRO 19 - 32 Inch,https://www.lazada.vn/products/pdp-i3015998951.html,345.000 ₫,5.0,
Cartnt 1PC H4 LED 12 bên COB bóng đèn pha xe máy 6000k HI/lo chùm ánh sáng trắng 6000LM 45W,https://www.lazada.vn/products/pdp-i2522163271.html,254.000 ₫,,
Nguồn máy tính ANTEC CSK1000 PRO 1000W 80PLUS ZONE SEMI MODULAR - Hàng Chính Hãng,https://www.lazada.vn/products/pdp-i3208154928.html,2.740.000 ₫,,
"Mall Xiaomi Hàng Hiệu Sale 50% Kính Thông Minh Smart Eye-Wear Thời Trang, Nghe Nhạc,Tích Hợp Tai Nghe Không Dây Kính Âm Thanh Thông Minh Công Nghệ Xiaomi F07 Kết Nối Bluetooth 5.3 Chống Tia Sáng Xanh Kính Thông Minh Smart Cao Cấp",https://www.lazada.vn/products/pdp-i2942710359.html,720.000 ₫,,
Cpu máy chủ xeon các mã cao cấp E5 2699v4 2698v4 2696v4 2697v4,https://www.lazada.vn/products/pdp-i2935859508.html,1.555.000 ₫,,
"Đèn Gầm Xe Màu Đỏ Đèn Dưới Xe Hơi 12V Đèn Led Tạo Không Khí Cho Xe Máy, Xe Led Để Sửa Đổi Off-Road",https://www.lazada.vn/products/pdp-i1414660994.html,61.475 ₫,5.0,177 Đã bán
"Bình Acquy ZMax Pin Lithium LifePO4 12V 6ah, ZM12V6-12N5 Dùng Cho Xe Máy",https://www.lazada.vn/products/pdp-i3091350175.html,438.000 ₫,4.0,13 Đã bán
Quạt Tản Nhiệt NIDEC W40S12BS1B5 4028 4CM 12V 0.66A 4 Dây PWM Kiểm Soát Nhiệt Độ Quạt Tản Nhiệt Chính Hãng Cho AMD,https://www.lazada.vn/products/pdp-i3139613008.html,194.000 ₫,,
Carplay màn hình cảm ứng 7 inch Android Auto FM Aux Wifi cuộc gọi Bluetooth Siri điều khiển bằng giọng nói G.PS Navigation Navigation cho tất cả các loại xe cộ Camera dự phòng,https://www.lazada.vn/products/pdp-i2782558496.html,918.000 ₫,4.0,8 Đã bán
"UGREEN HDMI 2.1 2.0 8K Switch 3 in 1 Out with Remote Control 8K60Hz, 4K120Hz Converter Splitter Switcher For Xbox PS5 Monitors",https://www.lazada.vn/products/pdp-i2256704780.html,1.523.600 ₫,5.0,39 Đã bán
ROCKBROS Định vị chống mất nhanh chóng Định vị chính xác cao 365 ngày tuổi thọ pin dài Thiết bị theo dõi GPS thông minh Apple tìm thấy định vị chống mất được chứng nhận của tôi cho Túi xe đạp thú cưng,https://www.lazada.vn/products/pdp-i3163778484.html,186.840 ₫,4.0,6 Đã bán
Beep AC 220V buzzer wired power supply 2 alarm wheel,https://www.lazada.vn/products/pdp-i3229276177.html,54.800 ₫,,
"xuồng 4m2 × 86cm dùng chạy máy xăng, chở trái cây..tải được 250kg.( quý khách liên hệ trước khi đặt hàng)",https://www.lazada.vn/products/pdp-i1291954712.html,4.500.000 ₫,,
Máy Lọc Không Khí Ô Tô Máy Tạo Ion Âm Thanh Oxy Di Động Nội Thất Xe Loại Bỏ Mùi Hôi Thiết Bị Vệ Sinh Không Khí,https://www.lazada.vn/products/pdp-i3200912686.html,108.000 ₫,5.0,
"[Trả góp 0%] Google Tivi Sony 4K 55 inch KD-55X85K - Tìm kiếm giọng nói trên YouTube bằng tiếng Việt, Google Assistant có tiếng Việt",https://www.lazada.vn/products/pdp-i1926419717.html,18.901.000 ₫,,
"[Một Cái, Chính Hãng] Loa Kiểm Âm Nghe Nhạc IK Multimedia iLoud MTM Single Studio Monitor Speaker",https://www.lazada.vn/products/pdp-i2414694284.html,9.999.000 ₫,,
Đầu băng video vhs sony nhật,https://www.lazada.vn/products/pdp-i3180762059.html,2.400.000 ₫,,
"2 bóng Novsight Mọi thời tiết HALO Series 3,5 inch Dải đèn LED DRL Đèn lái xe mô tô Đèn pha Đèn pha Đèn sương mù Đèn pha và Đèn pha 48W 3450LM 6000K/1700K Siêu sáng",https://www.lazada.vn/products/pdp-i2514055204.html,7.822.044 ₫,5.0,
Tản nhiệt nước NZXT Kraken 120 / SP005785 - Hàng Chính Hãng,https://www.lazada.vn/products/pdp-i2664316353.html,2.655.000 ₫,,
"Ổ Cắm Thông Minh Wifi Tuya Smart Life 4 Cổng 4 USB Điều Khiển Từ Xa Hẹn Giờ Tiện Lợi Qua Phần Mềm, Ổ Cắm Hẹn Giờ Điều Khiển Từ Xa, Ổ Cắm Điện Thông Minh Tuya Smart 10A",https://www.lazada.vn/products/pdp-i1259219749.html,251.000 ₫,4.0,279 Đã bán
Full bộ PC Gaming i5 9400F / 1060 / Ram 16GB / Nvme 512GB kèm màn hình 24inch mới Bảo hành 3 Năm,https://www.lazada.vn/products/pdp-i3113763661.html,10.050.000 ₫,,
ECU HINO 89661-37K94 — Động Cơ N04C (HINO 300) • Euro4 • 24V • Bảo Hành - Bảo hành uy tín - chất lượng,https://www.lazada.vn/products/pdp-i3238028803.html,9.000.000 ₫,,
"Tản nhiệt khí Leopard K400 Led RGB - Trắng/Đen hỗ trợ Socket Intel Core i, Xeon, AMD, New Chính Hãng",https://www.lazada.vn/products/pdp-i2761068742.html,267.000 ₫,5.0,
KTC | Kính Thông Minh Có Camera Bluetooth Âm Thanh Không Dây Điều Khiển Giọng Nói,https://www.lazada.vn/products/pdp-i3201354592.html,6.410.000 ₫,,
Nguồn Hunkey chiến các loại game CST,https://www.lazada.vn/products/pdp-i1256126989.html,165.000 ₫,5.0,21 Đã bán
Nguồn Máy Tính VSP Vision ATX 750W,https://www.lazada.vn/products/pdp-i1665227800.html,270.000 ₫,4.0,222 Đã bán
sale máy để bàn all in one Lenovo c470,https://www.lazada.vn/products/pdp-i3060096777.html,4.250.000 ₫,,
"WAVLINK Bộ Chuyển Đổi USB C HUB Type C Sang HDMI VGA DP, 7-IN-1 USB C Bộ chuyển đổi Quad Monitor Cho MacBook Pro Air Windows",https://www.lazada.vn/products/pdp-i3109221203.html,895.000 ₫,,
[HCM] Khóa vân tay cửa nhôm Xingfa A210 thông minh dùng TUYA/TTLOCK (Tùy chọn) - Phù hợp cửa nhôm và cửa gỗ,https://www.lazada.vn/products/pdp-i827370891.html,2.162.000 ₫,4.0,98 Đã bán
Vỏ máy tính Case Xigmatek Mercury Đen - Hàng chính hãng - Bảo hành 12 tháng,https://www.lazada.vn/products/pdp-i1940221718.html,1.050.000 ₫,,
Compo main chơi game giả lập core i3 8100 3.6ghz ram 8g ddr4 main h310 hàng đẹp giá 2000k bh chu đáo 1thang,https://www.lazada.vn/products/pdp-i2298963405.html,2.000.000 ₫,4.0,
"mắt Kính nam bluetooth thông minh 4.1 nghe nhạc, gọi điện thoại khi lái xe",https://www.lazada.vn/products/pdp-i2614649921.html,140.250 ₫,4.1,
"Thiết bị định vị thông minh Hoco E94, thiết kế nhỏ gọn, tiện lợi dùng cho ip8/X/11/12/13/14/15/16, pin dùng đến 9-12 tháng",https://www.lazada.vn/products/pdp-i3092299845.html,145.000 ₫,5.0,45 Đã bán
SK 60 -_5 KOBELCO*BỘ PHỐT TY AM--NÂNG--GẦU(SKF+HANJIN)@VƯƠNG TUYẾT LÂM YOUTUBE 0795621779,https://www.lazada.vn/products/pdp-i1880268769.html,450.000 ₫,,
Combo ốc sên hàng cao cấp Daycell,https://www.lazada.vn/products/pdp-i3126814687.html,1.350.000 ₫,,
220V đến 5V 12V 24V AC DC phổ thông cung cấp điện 1A 2A 3A 5A 6A 10A 20A 30A 40A chuyển mạch cung cấp điện SMPS Fonte biến áp,https://www.lazada.vn/products/pdp-i3173566256.html,88.000 ₫,5.0,
Thermalright AM4 AM5 CPU Cooler Mounting Bracket Metal Backplate Clip Fan Cooling Computer Hardware Display Accessories,https://www.lazada.vn/products/pdp-i2834868500.html,87.000 ₫,,"554 Đã bán
Hong Kong"
Nguồn Điện Chuyển Mạch 5 12 24 V Nguồn Điện AC DC 5V 12V 24 V 5A 8A 10A 15A 20A 220V Đến 5V 12V 24 V Ngoài Trời Chống Mưa SMPS,https://www.lazada.vn/products/pdp-i2049256255.html,159.025 ₫,4.0,31 Đã bán
Mini PC Dell Optiplex 3050 5050 7050 Micro - i5 6500T,https://www.lazada.vn/products/pdp-i3173031680.html,2.200.000 ₫,,
Định Vị protrack gắn cho xe máy hoặc xe hơi (KHÔNG KÈM THEO SIM),https://www.lazada.vn/products/pdp-i2310238665.html,997.000 ₫,,
"Hy510 GPU dán nhiệt CPU, mỡ silicon tổng hợp dẫn nhiệt GPU, làm mát CPU chipset, làm mát CPU màu xám làm mát",https://www.lazada.vn/products/pdp-i3015393767.html,15.900 ₫,5.0,37 Đã bán
Quạt Làm Mát CPU Aigo Z12 120mm RGB Quạt Làm Mát CPU 4pin Với Giao Diện 3pin5v ARGB - Quạt Máy Tính Chịu Lực Chất Lỏng Yên Tĩnh,https://www.lazada.vn/products/pdp-i2506684624.html,112.450 ₫,4.0,140 Đã bán
