title,url,price,rating,shop
"Laptop MSI Creator 16 AI Studio A1VHG 079VN (Ultra 9-185H/ 64GB/ 2TB SSD/ RTX 4080 12GB/ 16.0"" UHD+/ Win11)",https://www.lazada.vn/products/pdp-i2632526364.html,91.080.000 ₫,,
Laptop MSI Stealth 14 AI Studio A1VFG New | Intel Core Ultra 7 155H | RAM 32GB | 1TB SSD | RTX 4060| 14 Inch 2.8K 120Hz,https://www.lazada.vn/products/pdp-i2629969468.html,52.900.000 ₫,,
Laptop bỏ túi Onemix GPD 7 inch ram 8GB chip lõi tứ màn hình cảm ứng cực kỳ nhỏ gọn,https://www.lazada.vn/products/pdp-i2138708138.html,6.970.000 ₫,5.0,70 Đã bán
"CHUWI | Laptop Gaming Mỏng Nhẹ Cao Cấp Intel Core Thế Hệ 12, 6 Nhân 8 Luồng, 14 inch 2K",https://www.lazada.vn/products/pdp-i3197230140.html,9.452.000 ₫,4.0,
Laptop Lenovo V14 IIL (82C400W3VN8GB) Core™ i5 _ 1035G1 | 8GB | 256GB SSD PCIe | VGA INTEL| Hàng Chính Hãng,https://www.lazada.vn/products/pdp-i2119263992.html,10.950.000 ₫,5.0,10 Đã bán
Laptop Lenovo ThinkBook 16 G8 IRL 21SH0093VA | Core 5 210H | 16GB | 512GSSD | 16″ WUXGA | NoOS | Arctic Grey | Hàng chính hãng,https://www.lazada.vn/products/pdp-i3187380521.html,19.999.000 ₫,,"9 Đã bán
Hồ Chí Minh"
asus factory laptop Mini 100% mới 14.1 Inch intel J4105 RAM 6GB SSD 256GB máy tính xách tay Windows 10 Pro & MS Office Notebook Lenovo factory Bảo hành 3 năm,https://www.lazada.vn/products/pdp-i2420326077.html,6.899.998 ₫,4.0,44 Đã bán
DELL LATITUDE 7390 CORE I7 8650U RAM 16G SSD 512G 13.3INCH FHD IPS GIÁ RẺ TẶNG KÈM BỘ PHỤ KIỆN,https://www.lazada.vn/products/pdp-i2541227079.html,6.555.000 ₫,5.0,8 Đã bán
LAPTOP xách tay giá rẻ DELL PRECISION 5540 I7 9850H RAM 16gb SSD 512gb,https://www.lazada.vn/products/pdp-i2656655480.html,15.300.000 ₫,,"16 Đã bán
Hà Nội"
Túi Đựng Laptop Chống Nước – Túi Lót Màu Trơn Có In Logo Theo Yêu Cầu,https://www.lazada.vn/products/pdp-i2524413345.html,16.000 ₫,4.0,
"Laptop 2020/mới 95-96% Dell Latitude 5300 i5 8265U vPro/ 8GB/ 256GB SSD/ 13.3"" / Win 10Pro/ Pin3-5h",https://www.lazada.vn/products/pdp-i2305157286.html,3.853.200 ₫,5.0,86 Đã bán
laptop toshiba z35 cực mạnh - i5 6200U U Ram 16GB SSD 256G,https://www.lazada.vn/products/pdp-i2590786738.html,2.900.000 ₫,4.0,210 Đã bán
"Laptop Giá rẻ Dell Latitude 3590 Core™ i5 | Core™ i3 | 8250U | Ram 8G | SSD 256G | HD Graphics 620 |MH 15.6 "" Pin&gt; 4h",https://www.lazada.vn/products/pdp-i2556168712.html,3.458.000 ₫,5.0,75 Đã bán
"Thanh lý Laptop Acer 722, Cpu core 2 duo, ram 2G, ô cứng 320G, Màn 12 inh"", giá 1,5 triệu",https://www.lazada.vn/products/pdp-i2539681715.html,1.000.000 ₫,5.0,5 Đã bán
VUA VĂN PHÒNG Laptop Lenovo ThinkPad L590/ Core i7- 8565U Ram 16gb SSD 512gb Pin&gt;4h,https://www.lazada.vn/products/pdp-i2313161026.html,3.902.599 ₫,4.0,54 Đã bán
laptop i3 siêu đẹp,https://www.lazada.vn/products/pdp-i1160774992.html,1.299.999 ₫,2.0,9 Đã bán
"Thanh lý Laptop DELL N4110, Cpu core I3 ram 4G, ô cứng 120G, Màn 14"". Giá bán 1,5 Triệu",https://www.lazada.vn/products/pdp-i2362812031.html,1.500.000 ₫,5.0,5 Đã bán
Laptop Dell Latitude 7270 CPU I5 Gen 6 Ram 8Gb SSD 256Gb Màn hình 12.5Inch HD BH Dài Hạn,https://www.lazada.vn/products/pdp-i2968549891.html,3.990.000 ₫,,
Laptop Dell Latitude E5280 màn 12.5 inch - Core i5 7300u 8G 256G SSD,https://www.lazada.vn/products/pdp-i2479684785.html,3.588.000 ₫,4.0,8 Đã bán
Bán Xác Laptop Sony. Giá bán 400k.,https://www.lazada.vn/products/pdp-i2345983179.html,400.000 ₫,4.0,10 Đã bán
Microsoft Surface Laptop 2 13.5 inch Nhập Khẩu Mỹ/ 2K cảm ứng - Intel Core I5/I7 RAM 8GB/16GB SSD 128/256/512GB Tặng kèm sạc theo máy Chính hãng,https://www.lazada.vn/products/pdp-i2262675911.html,7.094.930 ₫,5.0,12 Đã bán
(XẢ HÀNG) THINKPAD X270 CORE I5 6300U RAM 8G SSD 256G 12.5INCH,https://www.lazada.vn/products/pdp-i2275643878.html,3.515.000 ₫,4.0,85 Đã bán
"Thanh lý Laptop Dell, Hp, Acer, Lenovo, Toshiba, Asus... -Core 2 dual, 1triệu",https://www.lazada.vn/products/pdp-i2181384300.html,1.000.000 ₫,5.0,
Laptop Xách Tay 4G Core i5 BH 9/2025,https://www.lazada.vn/products/pdp-i2784809259.html,2.000.000 ₫,,
"Lenovo ThinkPad T14s Gen6 Màn hình chống chói chống tia xanh đã được xử lý, nhưng trông như có thông tin nhập sai hoặc yêu cầu dịch bị hủy trước thời hạn. Thông tin bạn cung cấp có vẻ như yêu cầu chuyển đổi thông tin về sản phẩm Lenovo ThinkPad T14s Ge...",https://www.lazada.vn/products/pdp-i3226005216.html,397.200 ₫,,
"Túi Chống Sốc Laptop 13 inch, 14 inch, 15,6 inch TC002 Bền Đẹp, Túi Chống Sốc Macbook 13 inch, 15 inch, Chống Sốc Tốt",https://www.lazada.vn/products/pdp-i245271531.html,78.210 ₫,4.0,
Laptop đa năng 17 inch gập chỉnh được ONA BIGALU cho MacBook gram,https://www.lazada.vn/products/pdp-i3224143192.html,466.200 ₫,,
laptop Toshiba Z930 siêu mỏng - i5 3337u Ram 10GB SSD 256G,https://www.lazada.vn/products/pdp-i1926374288.html,2.599.000 ₫,4.0,170 Đã bán
"RUNING | Màn Hình 4K Di Động cho Thiết Bị Di Động, Laptop và Switch với Tần Số Làm Mới 144Hz",https://www.lazada.vn/products/pdp-i3220853221.html,1.539.000 ₫,4.0,
laptop đời cao i5 ko lên nguồn,https://www.lazada.vn/products/pdp-i3058707851.html,399.999 ₫,5.0,
"Thanh lý Laptop Asus , 1 triệu, mới 95%.",https://www.lazada.vn/products/pdp-i2181418060.html,1.000.000 ₫,3.0,17 Đã bán
Laptop xách tay cao cấp DELL ALIENWARE M15 R4 Core i9 10th /RTX 3080/15.6 inch,https://www.lazada.vn/products/pdp-i2675696011.html,43.850.000 ₫,,"27 Đã bán
Hà Nội"
Laptop DEll 6430 I5/Ram8G/1000G Hàng nhập khẩu Nhật full box zin all bao tét 30 ngày,https://www.lazada.vn/products/pdp-i251074715.html,1.827.000 ₫,3.0,31 Đã bán
"Thanh lý Laptop DELL Cpu core I5 ram 8G, ô cứng 500GB, Màn 15 inh, pin 3h. Giá bán 2 Triệu",https://www.lazada.vn/products/pdp-i2422782692.html,2.000.000 ₫,5.0,6 Đã bán
"Laptop Asus X44H core i3 - thanh lý - giải trí, văn phòng",https://www.lazada.vn/products/pdp-i3190757292.html,1.200.000 ₫,,
"Laptop Dell 1400 core duo thanh lý - giải trí, nghe nhạc...",https://www.lazada.vn/products/pdp-i3221932884.html,950.000 ₫,,
"Laptop 2 trong 1 kiêm máy tính bảng Fujitsu Arrows Q507 Atom X5-Z8550, 4gb Ram 128gb SSD, màn 10.1inch Full HD cảm ứng",https://www.lazada.vn/products/pdp-i1070358366.html,1.350.000 ₫,4.0,106 Đã bán
"Laptop LG gram 17'', Windows 10 Home, Intel® Core™ i7 Gen11, 16GB, 512GB, 16:10, 17Z90P-G.AH76A5 (có quà tặng)",https://www.lazada.vn/products/pdp-i1445372814.html,50.900.000 ₫,5.0,21 Đã bán
Laptop MSI Raider 18 HX A14VHG New | Intel Core I9-14900HX | 2TB SSD | RTX 4080 | 18 Inch UHD+ 120Hz | Win 11 Home | Black,https://www.lazada.vn/products/pdp-i2630056155.html,98.440.000 ₫,,"18 Đã bán
Hồ Chí Minh"
Laptop HP Victus 16-d0198TX 4R0U0PA i7-11800H| 8GB| 512GB + 32GB| GeForce RTX 3050Ti| W11,https://www.lazada.vn/products/pdp-i1773007209.html,32.490.000 ₫,,
Máy Tính Xách Tay Laptop Samsung Galaxy Chromebook Go XE310XDA N4500/4GB/32GB/ChromeOS - Hàng Chính Hãng,https://www.lazada.vn/products/pdp-i2835015376.html,4.990.000 ₫,5.0,10 Đã bán
Laptop Gaming Lenovo Legion 5 Pro R9000P - Ryzen 9-7945HX RAM 16G SSD 1TB RTX 4060 8GB Màn 16 Inch 2K QHD 240Hz ( Bảo Hành 3 đến 12 Tháng ),https://www.lazada.vn/products/pdp-i2716483841.html,33.500.000 ₫,5.0,
"Bán Xác Laptop Acer 4349, không lên hình. Giá bán 400k",https://www.lazada.vn/products/pdp-i2346400118.html,400.000 ₫,5.0,9 Đã bán
Laptop Asus Vivobook Go 14 E1404FA-EB482W (Ryzen 5 7520U/ Onboard graphics/ 16GB/ 512GB/ Windows 11) - Bảo hành 24 tháng,https://www.lazada.vn/products/pdp-i3179770567.html,11.450.000 ₫,5.0,
Laptop Lenovo 4G Ssd 128Gb Học Tập Làm Việc Giải Trí Bảo Hành 1 Năm,https://www.lazada.vn/products/pdp-i3061369131.html,2.000.000 ₫,,
"Laptop Gaming Acer Nitro 5 AN515-55, Core i5-10300H, Ram 16GB, SSD 512GB, màn hình 15.6inch Full HD 144Hz, VGA RTX 2060, tặng kèm bộ quà tặng laptop",https://www.lazada.vn/products/pdp-i2606809271.html,14.000.000 ₫,5.0,14 Đã bán
"Xương Máy tính Laptop Thinkpad X1 Cacbon Gen 8 Core i5 8250U, Ram 8, SSD 256, 14inch Full HD",https://www.lazada.vn/products/pdp-i2010022637.html,2.000 ₫,5.0,149 Đã bán
Laptop Gaming Acer Predator Helios 18 - Core i7-13700HX RAM 16G SSD 512G RTX 4060 8GB Màn 18 Inch FHD 165Hz ( Bảo Hành 3 đến 12 Tháng ),https://www.lazada.vn/products/pdp-i2801988892.html,30.500.000 ₫,5.0,
MD231 - 2012 CORE I5 RAM 4GB SSD 128GB 13.3inch giá rẻ,https://www.lazada.vn/products/pdp-i1774854686.html,3.900.000 ₫,,
"DELL LATITUDE E7240 CORE I7, MÁY VỎ NHÔM SIÊU MỎNG 1,35KG, ĐÈN PHÍM, NGUYÊN ZIN laptop chơi game laptop Ntech",https://www.lazada.vn/products/pdp-i299382833.html,3.320.000 ₫,5.0,
"Thanh lý Laptop EMachines , Pentum R ram 4G, Giá bán 1 triệu",https://www.lazada.vn/products/pdp-i2296521999.html,1.000.000 ₫,5.0,
"Laptop HP 4530s i5 , SSD256 siêu bền giá rẻ Giá Thì Ai Củng Mua Được bh 12thang ( Hàng Nhập Khẩu Japan)",https://www.lazada.vn/products/pdp-i251075573.html,1.998.000 ₫,5.0,28 Đã bán
Máy tính laptop cấu hình đời cao chip I3 siêu khoẻ giá ưu đãi trong 7 ngày,https://www.lazada.vn/products/pdp-i2605474115.html,1.299.999 ₫,4.0,15 Đã bán
Thanh lý máy tính sách tay laptop cũ,https://www.lazada.vn/products/pdp-i2273762979.html,999.999 ₫,4.0,18 Đã bán
Laptop Lenovo LOQ 15IRX9 - 83DV013PVN (i5-13450HX/ GeForce RTX™ 3050/ 12GB/ 512GB/ Windows 11) - Bảo hành 36 tháng,https://www.lazada.vn/products/pdp-i3089104259.html,21.990.000 ₫,,"8 Đã bán
Hồ Chí Minh"
Laptop Asus Vivobook 15 X1502VA-BQ886W (i7-13620H) (Bạc) - Bảo hành 24 tháng,https://www.lazada.vn/products/pdp-i3063902435.html,16.690.000 ₫,5.0,10 Đã bán
Laptop Lenovo V14 G4 IRU - 83A000FQVN (Core i5-13420H/ Onboard graphics/ 16GB/ 512GB/ Windows 11) - Bảo hành 24 tháng,https://www.lazada.vn/products/pdp-i3135204481.html,15.490.000 ₫,,"5 Đã bán
Hồ Chí Minh"
"Laptop 2 trong 1 Fujitsu U939X Core i7-8665U, 16gb ram, 512gb SSD, màn 13.3” Full HD cảm ứng gập 360 độ, vỏ nhôm magie siêu cứng siêu nhẹ 800gram.",https://www.lazada.vn/products/pdp-i2983706532.html,3.900.000 ₫,,
Laptop Acer Aspire Lite 15 AL15-41P-R3U5 (Ryzen 7 5700U/ Onboard graphics/ 16GB/ 512GB/ Windows 11) - Bảo hành 12 tháng,https://www.lazada.vn/products/pdp-i3113091391.html,13.090.000 ₫,5.0,6 Đã bán
Laptop Dell Latitude 7390 Core i7-8650U RAM 16GB SSD 256GB 13.3inch IPS FHD Pin 4-6H,https://www.lazada.vn/products/pdp-i2498613555.html,6.421.999 ₫,4.0,35 Đã bán
Laptop văn phòng chiến game nhẹ tốt giá rẻ đời cao,https://www.lazada.vn/products/pdp-i984838169.html,2.550.000 ₫,5.0,
LAPTOP xách tay giá rẻ SURFACE BOOK 3 Core i7-1065G7 RAM 16GB SSD 512GB,https://www.lazada.vn/products/pdp-i3159463462.html,18.000.000 ₫,,"7 Đã bán
Hà Nội"
laptop 11in Stream hàng nhập khẩu giá rẻ cho học sinh full box,https://www.lazada.vn/products/pdp-i252708632.html,1.557.000 ₫,,
Laptop 15.6 inch HP Probook 450 G5 - Intel Core i5-7200U Ram 8gb SSD 256 Pin&gt;4h,https://www.lazada.vn/products/pdp-i2294606212.html,4.851.000 ₫,5.0,15 Đã bán
"Laptop xách tay giá rẻ Dell Latitude 7390 2 in 1 Core i5-8250U RAM 8GB SSD 256GB 13.3"" FHD Touch Win 10Pro Key_led Pin 90%",https://www.lazada.vn/products/pdp-i2241340482.html,8.100.000 ₫,5.0,11 Đã bán
"Laptop Toshiba B451 core i3 - thanh lý - giài trí, văn phòng",https://www.lazada.vn/products/pdp-i3187935559.html,1.250.000 ₫,,
"Thanh lý Laptop HP 8440p, Core I5, ram 6 gb, giá 1,4 triệu",https://www.lazada.vn/products/pdp-i2283458197.html,1.400.000 ₫,4.0,28 Đã bán
"Laptop Panasonic CF-SZ6 chính hãng ,core i5 thế hệ 7 7300U, ram 8gb, bộ nhớ ssd 128gb",https://www.lazada.vn/products/pdp-i3172189711.html,2.590.000 ₫,,
Laptop HP 242G2 thanh lý giá sinh viên,https://www.lazada.vn/products/pdp-i3152517309.html,1.039.000 ₫,,
"Laptop Cũ Rẻ Các Hãng Core i7 / i5 / Ram 8gb / Màn hình 14 - 15.6inch / Làm Văn Phòng, Học Tập Mượt Mà",https://www.lazada.vn/products/pdp-i2412244652.html,4.500.000 ₫,4.0,138 Đã bán
DELL GAMING 7447 CORE I5 4210H RAM 8G SSD 128G + 1T 14INCH GTX 850 4GB,https://www.lazada.vn/products/pdp-i2158523035.html,4.900.000 ₫,5.0,
"Thanh lý Laptop Asus MỚI, Cpu core I3 ram 4G, ô cứng 350G, Màn 14"". Giá bán 1,5 Triệu",https://www.lazada.vn/products/pdp-i2362790225.html,1.500.000 ₫,5.0,
"Thanh lý Laptop Lenovo, Pentum (R), Giá bán 1,1 triệu",https://www.lazada.vn/products/pdp-i2281060212.html,1.100.000 ₫,5.0,18 Đã bán
Laptop Hp 8440p i5 CARD RỜI - HÀNG NHẬP XỊN - SIÊU BỀN,https://www.lazada.vn/products/pdp-i907162173.html,1.790.000 ₫,5.0,16 Đã bán
"Laptop Nec VersaPro VH-4 , Chip Core m3 thế hệ 8 8100y,màn full hd, Chính Hãng",https://www.lazada.vn/products/pdp-i3172189730.html,2.200.000 ₫,,
Laptop Asus TUF Gaming F16 FX608JHR-RV037W (i7-14650HX/ RTX 5050 8GB/16GB/ 1TB/ Windows 11) - Bảo hành 24 tháng,https://www.lazada.vn/products/pdp-i3211318796.html,38.290.000 ₫,,
Máy Tính Xách Tay 2-trong-1 Dual System 16GB RAM 1TB Lưu Trữ AI Thời Lượng Pin Dài,https://www.lazada.vn/products/pdp-i3203319049.html,27.072.000 ₫,4.0,
Laptop DELL XPS 9370 Intel core i7 / Ram 16Gb / SSD 512 / 13.3 inch Full HD,https://www.lazada.vn/products/pdp-i2391422363.html,12.990.000 ₫,,
"LapTop Dell Latitude 3520 (70251603) | Intel Tiger Lake Core i3 1115G4 | 4GB | 256GB SSD PCIe | 15.6 inch HD | FreeDos | Hàng New 100%, Chính Hãng Dell Việt Nam",https://www.lazada.vn/products/pdp-i1387073742.html,9.999.000 ₫,,"15 Đã bán
Hồ Chí Minh"
[Voucher Discount 15% Max 3000k ] Laptop HP Pavilion 15 eg2058TU (6K788PA) | Intel® Alder Lake Core™ i5 _ 1240P | 8GB | 256GB SSD PCIe | Intel® Iris® Xe Graphics | 15.6 inch Full HD IPS | Win 11| Hàng Chính Hãng,https://www.lazada.vn/products/pdp-i2062128661.html,14.899.000 ₫,5.0,40 Đã bán
CHUWI | Máy Tính Xách Tay Chơi Game Mỏng Nhẹ 14 Inch Màn Hình 2K,https://www.lazada.vn/products/pdp-i3197555964.html,9.449.000 ₫,,
"Laptop Asus VivoBook S Flip 14 TP3402 Core i7-12700H, 24gb Ram, 1tb SSD NVME, màn 14inch Full HD cảm ứng gập 360 độ",https://www.lazada.vn/products/pdp-i2262489281.html,8.500.000 ₫,5.0,8 Đã bán
GAMING ACER NITRO 5 CORE I7 11800H RAM 16GB SSD 512GB VGA RTX 3050TI 15.6INCH 144HZ,https://www.lazada.vn/products/pdp-i2817850051.html,18.049.999 ₫,,"8 Đã bán
Hồ Chí Minh"
"Laptop HP Elitebook 840G5 Core i5-8350U, 16gb Ram, 512gb SSD, 14” Full HD Cảm ứng, vỏ nhôm hàng nhập khẩu",https://www.lazada.vn/products/pdp-i1640698344.html,5.900.000 ₫,5.0,19 Đã bán
Máy tính xách tay/ Laptop HP 15-fc0086AU - A6VV9PA (AMD Ryzen 5-7430U) (Bạc) - Bảo hành 12 tháng,https://www.lazada.vn/products/pdp-i2962231790.html,13.190.000 ₫,,"9 Đã bán
Hồ Chí Minh"
Dell Inspiron 5620 (N5620-I5P165W11SLU) Core i5 _ 1240P | 16GB | 512GB SSD PCIe| 16.0 inch Full HD+ | Win 11 _ Office 2021 | Finger | LED KEY| Hàng Chính Hãng,https://www.lazada.vn/products/pdp-i2055672835.html,18.799.000 ₫,,"12 Đã bán
Hồ Chí Minh"
"Laptop Gaming Lenovo Legion 5 17ACH6 - Ryzen 7-5800H RAM 16G SSD 512G RTX 3060 6GB Màn 17,3 Inch FHD 144Hz ( Bảo Hành 12 Tháng )",https://www.lazada.vn/products/pdp-i2512677196.html,21.500.000 ₫,5.0,
Thành lý máy tính sách tay laptop học tập sử dụng văn phòng văn bản giải trí,https://www.lazada.vn/products/pdp-i2273037387.html,999.999 ₫,2.0,24 Đã bán
"Laptop 2 trong 1 Toshiba D83 Core i7-8550U, 8gb ram, 512gb SSD, màn 13.3” Full HD cảm ứng bàn phím tháo rời",https://www.lazada.vn/products/pdp-i2541136792.html,4.600.000 ₫,5.0,8 Đã bán
Laptop HP 14-ep1011TU - 9Z2W3PA (Core 5 120U/RAM 16GB/512GB SSD/ Windows 11) - Bảo hành 12 tháng,https://www.lazada.vn/products/pdp-i2759579862.html,16.790.000 ₫,,
laptop toshiba i7 2630QM/8g/ssd 128g,https://www.lazada.vn/products/pdp-i3211280986.html,1.900.000 ₫,,
CHUWI | Máy Tính Xách Tay Chơi Game Màn Hình Lớn Mỏng & Di Động 16GB+512GB,https://www.lazada.vn/products/pdp-i3195272812.html,10.718.000 ₫,,
Laptop HP Victus 16-s0140AX - 9Q987PA (AMD Ryzen 7 7840HS) (Đen) - Bảo hành 12 tháng,https://www.lazada.vn/products/pdp-i3013837560.html,32.690.000 ₫,,Priority Instant
laptop Acer 4752 - thanh lý,https://www.lazada.vn/products/pdp-i2500344066.html,1.400.000 ₫,,
"Laptop Dell XPS 9530 - Core i9-13900H RAM 16G SSD 512G VGA RTX 4070 Màn 15,6 Inch 3,5K OLED Touch ( Bảo Hành 3 đến 12 Tháng )",https://www.lazada.vn/products/pdp-i2809880721.html,43.000.000 ₫,,"5 Đã bán
Hồ Chí Minh"
"Laptop 2 trong 1 NEC Versa Pro VK90 Core M5-6y54, 8gb Ram, 256gb SSD, 12 inch Full HD IPS cảm ứng",https://www.lazada.vn/products/pdp-i1075970335.html,1.500.000 ₫,4.0,54 Đã bán
"Laptop 2 trong 1 HP Elite X2-210G2 Atom x5-8350, 2gb ram, 32gb SSD, màn 10.1” HD cảm ứng bàn phím tháo rời",https://www.lazada.vn/products/pdp-i2372393276.html,1.700.000 ₫,4.0,24 Đã bán
"Máy tính Laptop Dell Laititude 7490 Core i5, Ram 8, SSD 256, 14inch Full HD",https://www.lazada.vn/products/pdp-i2010015724.html,5.300.000 ₫,5.0,173 Đã bán
Laptop HP 14 ep1005TU - 9Z2W0PA (Core 7 150U/ Intel Graphics 16GB/ 1TB/ Windows 11) - Bảo hành 12 tháng,https://www.lazada.vn/products/pdp-i3207559896.html,21.790.000 ₫,,
Laptop HP mini 10 inch Win 8 đầy đủ phụ kiện phần mềm cơ bản,https://www.lazada.vn/products/pdp-i2634425367.html,1.700.000 ₫,,
LAPTOP HỌC SINH CẤP 3 ĐẦY ĐỦ PHỤ KIỆN CHÍNH HÃNG (BẢO HÀNH 1 NẮM),https://www.lazada.vn/products/pdp-i2634393664.html,1.999.000 ₫,,
"Laptop Dell Inspiron 1440 win 8.1 pro, ram 3 gb, dùng cho học tập, công việc, giải trí, tính năng đầy đủ",https://www.lazada.vn/products/pdp-i2123582979.html,2.000.000 ₫,5.0,
Laptop mini cho bé,https://www.lazada.vn/products/pdp-i2718031942.html,75.000 ₫,,
Laptop 2020 Dell Latitude 5400 i7-8665 32GB/ 2TGB SSD/ 14inch FHD / Win 10Pro/ Pin&gt;4h 95-96%,https://www.lazada.vn/products/pdp-i2665267678.html,7.437.400 ₫,5.0,5 Đã bán
laptop cũ dell giá rẻ,https://www.lazada.vn/products/pdp-i1625249468.html,1.850.000 ₫,,
DELL LATITUDE 5400 CORE I7 8665U RAM 16G SSD 512G 14INCH FHD IPS,https://www.lazada.vn/products/pdp-i3094020658.html,6.990.000 ₫,5.0,
"Thanh lý Laptop Lenovo -Core 2 dual, giá 1 triệu",https://www.lazada.vn/products/pdp-i2222340609.html,1.000.000 ₫,,
Laptop Dell 6530 CPU i5/Ram3 8/SSD128GB (Hàng Nhập Khẩu Nhật) 60 Ngày lỗi 1 đổi 1,https://www.lazada.vn/products/pdp-i278842712.html,1.855.000 ₫,5.0,
Vo fujistu lifebook Ah520/1A,https://www.lazada.vn/products/pdp-i1941169823.html,150.000 ₫,,
Máy tính laptop giá rẻ nhiều mã nhiều cấu hình phân khúc 1.5 triệu đến 3.5 triệu,https://www.lazada.vn/products/pdp-i2494058595.html,1.500.000 ₫,1.5,
ART BOX | Lenovo IdeaPad Slim5 16IRL Vi Mi kháng khuẩn cho máy tính xách tay,https://www.lazada.vn/products/pdp-i3228096559.html,495.000 ₫,,
"Laptop HP Probook 640, màn hình 14'' RAM 4GB SSD 128GB chip Intel Core i5-4210M chuyền văn phòng giá rẻ (WIFI)",https://www.lazada.vn/products/pdp-i2342224614.html,2.499.000 ₫,,
hp 8440P i5 Ram 4G ssd 192GB Nhập Khẩu Nhật giá rẻ siêu bền 12 tháng bảo hành,https://www.lazada.vn/products/pdp-i251086302.html,1.571.000 ₫,3.0,
"Thanh lý Laptop Asus, Core I7, ram 4GB, pin 3h, Màn hình 15,5 in. Giá bán 1,9 triệu",https://www.lazada.vn/products/pdp-i2755905913.html,1.900.000 ₫,1.9,
"Laptop Panasonic CF-SZ5 nhật bản chính hãng ,core i5 thế hệ 6, ram 8gb, bộ nhớ ssd 256 gb chính hãng",https://www.lazada.vn/products/pdp-i3172143915.html,2.570.000 ₫,,
Apple Macbook Pro 16 inch chip M3 Pro 12C CPU /18C GPU 36GB/512GB SSD,https://www.lazada.vn/products/pdp-i2616290887.html,80.200.000 ₫,,"11 Đã bán
Hồ Chí Minh"
"Laptop Gaming MSI Stealth 16 AMG Motorsport A13VG-289VN (i9-13900H, RTX 4070 | 32GB DDR5 | 2TB | 16 Inch OLED UHD+)",https://www.lazada.vn/products/pdp-i2627494086.html,85.675.000 ₫,,
Laptop Hp Ultrabook 840 G1/ I5 4300U/ 4G/ SSD128-500G/ 14in/ Win 10/ Like New/ Giá rẻ,https://www.lazada.vn/products/pdp-i1891107900.html,4.500.000 ₫,,
Laptop Dell inspiron 3168 3152 3147 8GB SSD màn cảm ứng chip lõi tứ window 10 mỏng nhẹ cực đẹp,https://www.lazada.vn/products/pdp-i2098626409.html,2.970.000 ₫,5.0,14 Đã bán
Laptop Asus TUF Gaming A14 FA401KM-RG010WS (Ryzen AI 7 350/ RTX 5060 8GB/32GB/ 1TB/ Windows 11 + Office + Microsoft) - Bảo hành 24 tháng,https://www.lazada.vn/products/pdp-i3210922298.html,45.190.000 ₫,,"8 Đã bán
Hồ Chí Minh"
"Laptop Lenovo Thinkbook 14 G5+ARP, Ryzen 7-7735H, Ram 32GB, SSD 512GB, 14inch 2.8k Newseal cao cấp, tặng chuột không dây, lót chuột, cặp laptop 2 ngăn",https://www.lazada.vn/products/pdp-i2664750599.html,23.600.000 ₫,,
"THINKPAD X230 CORE I5 3230M RAM 8GB SSD 256GB 12.5INCH /SẠC, CHUỘT/TÚI",https://www.lazada.vn/products/pdp-i2146937201.html,2.755.000 ₫,5.0,12 Đã bán
Laptop Lenovo ThinkPad E14 Gen 7 (21SX002QVA) | Intel Core Ultra 5 225U | RAM 16GB | 512GB SSD | Intel Graphics | 14 inch WUXGA | Fingerprint | WF+BL | 3 cell | NoOS | 2Yrs | Hàng Chính Hãng,https://www.lazada.vn/products/pdp-i3114308869.html,21.999.000 ₫,,
SURFACE LAPTOP GO 2 INTEL CORE I5 1135G7 RAM 16G SSD 256G 12.4INCH FHD IPS TOUCH,https://www.lazada.vn/products/pdp-i2690976206.html,9.386.000 ₫,5.0,9 Đã bán
"Laptop AOC NoteBook giá rẻ 15.6 inch, Intel N5095, Ram 16GB, SSD 512GB, Win 11 - Bảo hành 2 năm",https://www.lazada.vn/products/pdp-i3034004269.html,9.000.000 ₫,4.0,34 Đã bán
Laptop Dell Inspiron 15 3530 N5I5407W1-Black (i5-1334U) (Đen) - Bảo hành 12 tháng,https://www.lazada.vn/products/pdp-i3161438176.html,15.790.000 ₫,,"6 Đã bán
Hồ Chí Minh"
Laptop Dell Latitude 7420 - Core i7-1165G7 RAM 16G SSD 512G Màn 14 Inch FHD IPS ( vỏ nhôm Aluminum ),https://www.lazada.vn/products/pdp-i2827487122.html,10.800.000 ₫,,
Laptop HP 15-fd0304TU - A2NL5PA (i3-1315U/ Onboard graphics/ 8GB/ 512GB/ Windows 11) - Bảo hành 12 tháng,https://www.lazada.vn/products/pdp-i3086495508.html,10.890.000 ₫,,
Laptop cấu hình cao chip i5 siêu mạnh,https://www.lazada.vn/products/pdp-i2645656444.html,1.599.999 ₫,4.0,13 Đã bán
Laptop Cũ i5 RAM 6Gb ROM 265Gb Màn Hình 14-15.6 Inch Chính Hãng (Giao hãng ngẫu nhiên),https://www.lazada.vn/products/pdp-i2634466284.html,2.200.000 ₫,5.0,
"Laptop kiêm máy tính bảng NEC VersaPro VKF11U N4100, 4gb ram, 128gb ssd màn 10.1” FHD cảm ứng tương thích windows 10, chrome OS, Android",https://www.lazada.vn/products/pdp-i2845302142.html,1.990.000 ₫,,
"Laptop Asus X550C core I3 thanh lý - giải trí, văn phòng",https://www.lazada.vn/products/pdp-i3206474057.html,1.300.000 ₫,,
Laptop Lenovo Thinkpad X1 Carbon Gen 7/ GEN 6 / GEN 5/ Core i7 / Core i5 / 14 FHD SIÊU MỎNG - SIÊU NHANH - HÀNG CHÍNH HÃNG,https://www.lazada.vn/products/pdp-i1983102364.html,4.399.000 ₫,4.0,236 Đã bán
"Laptop 2 trong 1 HP Elite X2 1012 G1 Core M3-6Y30, 4gb ram, 128gb SSD, 12inch Full HP cảm ứng đa điểm",https://www.lazada.vn/products/pdp-i2495134895.html,2.500.000 ₫,,
Laptop Msi Katana 15 B13UDXK-2410VN (Core i5-13420H/ GeForce RTX™ 3050/ 16GB/ 512GB/ Windows 11) - Bảo hành 24 tháng,https://www.lazada.vn/products/pdp-i3195711327.html,23.990.000 ₫,,
laptop hp giá rẻ cũ,https://www.lazada.vn/products/pdp-i1939363050.html,1.700.000 ₫,,
laptop asus giá rẻ cũ,https://www.lazada.vn/products/pdp-i1939363200.html,1.700.000 ₫,,
Laptop Dell cũ giá rẻ CHÍNH HÃNG,https://www.lazada.vn/products/pdp-i2109939702.html,2.400.000 ₫,,
"Thanh lý Laptop HP 6520S, Celeron, ram 2G, ô cứng 250G. Giá bán 1 triệu.",https://www.lazada.vn/products/pdp-i2296665443.html,1.000.000 ₫,,
"Asus TUF Gaming FA507RC-HN051W, Ryzen 7-6800H, Ram 8GB, SSD 512GB, Card RTX 3050,màn 15.6inch FHD",https://www.lazada.vn/products/pdp-i2951197508.html,16.600.000 ₫,,
Laptop Asus Vivobook 15 X1502VA-BQ886W (i7-13620H) (Bạc) - Bảo hành 24 tháng,https://www.lazada.vn/products/pdp-i3063858785.html,16.490.000 ₫,5.0,
Laptop Lenovo ThinkPad E14 Gen 6 (21M7004XVA) | Intel Core Ultra 7 155H | 16GB | 1TB | NPU 11 TOPS | 14 inch WUXGA | IPS,https://www.lazada.vn/products/pdp-i2617480771.html,25.950.000 ₫,,"7 Đã bán
Hồ Chí Minh"
Laptop Xách Tay 4G Học Tập Làm Việc Giải Trí Tốt BH 9/2025,https://www.lazada.vn/products/pdp-i2784832275.html,2.000.000 ₫,,
laptop dell latitude giá rẻ,https://www.lazada.vn/products/pdp-i1939335184.html,1.990.000 ₫,,
[Trả góp 0%]XẢ HÀNG Thinkpad X250 Core i5 5200U Ram 8G SSD 256G 12.5inch GIÁ RẺ,https://www.lazada.vn/products/pdp-i1216542221.html,3.300.000 ₫,4.0,45 Đã bán
"TOSHIBA Laptop Satellite L635 - Intel Core i3-380M 4GB / 240GB SSD/ 13.3""",https://www.lazada.vn/products/pdp-i3033680097.html,1.900.000 ₫,,
"Thanh lý Laptop DELL 6220 Cpu core I5 ram 4G, ô cứng 120G, Màn 12,"". Giá bán 1,5 Triệu",https://www.lazada.vn/products/pdp-i2362753403.html,1.500.000 ₫,1.5,
LaptopLENOVO THINKPAD X1 Carbon Gen 7 X1 Carbon Gen 6 X1 Carbon Gen 5 X1 Carbon X1 Carbon Gen 4 Core i5-8250U RAM 16GB SSD 512GB 14 inPin&gt;4h,https://www.lazada.vn/products/pdp-i2241051870.html,4.988.500 ₫,5.0,160 Đã bán
MÁY TRẠM - DELL PRECISION 7530 CORE I7 8750H RAM 64G SSD 256G+1T 15.6INCH FHD VGA,https://www.lazada.vn/products/pdp-i2410034272.html,12.900.000 ₫,,
"Laptop Gaming MSI Stealth 16 AI Studio A1VGG-089VN (Ultra 9 185H, RTX 4070 , DDR5, SSD 2TB, 16 Inch IPS 240Hz QHD+)",https://www.lazada.vn/products/pdp-i2626144972.html,68.770.000 ₫,,"6 Đã bán
Hồ Chí Minh"
Thanh lý laptops 2in1 Microsoft suface pro 3.cpu i5 4200u.ram 4g.ssd 128g. máy đẹp. loi bị liệt 1/4 màn hình cảm ứng,https://www.lazada.vn/products/pdp-i3180752502.html,1.400.000 ₫,,
Laptop Gaming Acer Predator Helios Neo 16 - Core i7-13700HX RAM 16G SSD 512G RTX 4060 8GB Màn 16 Inch QHD 165Hz ( Bảo Hành 3 đến 12 Tháng ),https://www.lazada.vn/products/pdp-i2476210850.html,26.500.000 ₫,4.0,
"Laptop 2 trong 1 Fujitsu U9310X Core i7-10610U, 16gb ram, 512gb SSD, màn cảm ứng 13.3” Full HD gập 360 độ, siêu mỏng nhẹ 800gram",https://www.lazada.vn/products/pdp-i3084164833.html,5.500.000 ₫,5.0,
"Máy tính Laptop Core i3 Học Tập, Làm Việc, Giải Trí, rất tiện lợi",https://www.lazada.vn/products/pdp-i3058418642.html,2.000.000 ₫,,
"Laptop Dell vostro 3468 Core i5 7200U, chạy nhanh mượt, học tập, làm việc ngon",https://www.lazada.vn/products/pdp-i3069723457.html,3.699.120 ₫,,
"Laptop MSI Creator Z17 HX Studio A14VFT 273VN (i7-14700HX/ 64GB/ 2TB SSD/ RTX 4060 8GB/ 17.0"" QHD+ Touch/ Win11)",https://www.lazada.vn/products/pdp-i2632659731.html,73.025.000 ₫,,
"Laptop Lenovo Legion Pro 5 Y9000P (2024), Core i9-14900Hx, Ram 16GB, SSD 1TB, RTX 4060 8GB, màn hình 16inch, độ phân giải 2.5k, tần số quét 240Hz",https://www.lazada.vn/products/pdp-i2630033028.html,39.800.000 ₫,,"19 Đã bán
Hà Nội"
Laptop bỏ túi Onemix GPD 7 inch ram 8GB chip lõi tứ màn hình cảm ứng cực kỳ nhỏ gọn,https://www.lazada.vn/products/pdp-i2665204878.html,6.970.000 ₫,5.0,
LAPTOP GAMING ACER NITRO 5 CORE I7 8750H RAM 16GB SSD 256GB+500G 15.6INCH FHD VGA GTX 1050TI,https://www.lazada.vn/products/pdp-i2658522933.html,8.360.000 ₫,5.0,
"Laptop HP ProBook 440 G7 i5-10310U, Ram 8G, 256GB, 14inch IPS Mới 99%",https://www.lazada.vn/products/pdp-i2680568568.html,10.900.000 ₫,,
HP ELITEBOOK X360 1030 G3 CORE I7 8550U RAM 16G SSD 256G 13.3ICNH TOUCH 120HZ,https://www.lazada.vn/products/pdp-i3028838888.html,8.500.000 ₫,,
"Máy tính 2 trong 1 Dell Latitude 7210 Core i7-10610U, 16gb ram, 512gb SSD, màn hình 12.3” Full HD cảm ứng phím tháo rời hàng nhập khẩu Nhật Bản qua sử dụng",https://www.lazada.vn/products/pdp-i2993639763.html,6.500.000 ₫,,
[Đẹp như mới]⚡ SURFACE LAPTOP GO 2 16/256/i5th11– BẢN MỸ CAO CẤP ⚡,https://www.lazada.vn/products/pdp-i3139852280.html,10.990.000 ₫,,
"Notebook Máy tính, Laptop Gaming Thinkpad Ryzen 7, R7 Ram 16GB/ SSD512GB/ 15.6""",https://www.lazada.vn/products/pdp-i1957636997.html,14.900.000 ₫,,
Laptop HP Elitebook 840 G7 Core i5-10210U ram 16 SSD 512 14 inch Full HD Nhôm nguyên khối,https://www.lazada.vn/products/pdp-i3229568633.html,7.450.000 ₫,,
"Laptop Dell XPS 9500 - Core i7-10750H RAM 16G SSD 512G VGA GTX 1650Ti Màn 15,6 Inch FHD IPS ( Bảo Hành 3 đến 12 Tháng )",https://www.lazada.vn/products/pdp-i2436324623.html,17.900.000 ₫,,
"Laptop 2 trong 1 Panasonic CF-XZ6 Core i5-7300U, 8gb ram, 256gb SSD, 12” cảm ứng 2K IPS tháo rời phím thành máy tính bảng siêu mỏng nhẹ",https://www.lazada.vn/products/pdp-i2040884505.html,4.500.000 ₫,5.0,12 Đã bán
Laptop Toshiba màn 12” Cấu hình cao giá tốt,https://www.lazada.vn/products/pdp-i2242840152.html,1.850.000 ₫,,
"✨🔥 [Qua sử dụng nhưng còn như mới] HP 430 G6 – “NGỌC TRINH” CỦA GIỚI LAPTOP, GIÁ CHỈ 3.690.000₫ 🔥✨",https://www.lazada.vn/products/pdp-i3082848739.html,3.390.000 ₫,,
"LAPTOP HP 4540S I5 , Ram 4GB , HDD 1000GB HÀNG NHẬP KHẨU JAPAN SIÊU BỀN tặng chuột và balo",https://www.lazada.vn/products/pdp-i251075553.html,1.857.000 ₫,4.0,13 Đã bán
Laptop HP Pavilion G4 core i3 M390 ram 4g hdd 320gb windows 8 tặng kèm cặp loa vi tính có bộ nguồn theo máy BH 7 tháng,https://www.lazada.vn/products/pdp-i2066960051.html,2.290.000 ₫,,
"Laptop cũ dùng cho giải trí, văn phòng, xem video v.v...",https://www.lazada.vn/products/pdp-i1974701580.html,2.200.000 ₫,,
máy laptop toshiba r732 i5 3320m .ram 4gb .xách tay nhật bản,https://www.lazada.vn/products/pdp-i1926309920.html,2.899.000 ₫,,
LAPTOP xách tay giá rẻ SURFACE BOOK 3 Core i7-1065G7 RAM 32GB SSD 1TB CARD 1660 TI,https://www.lazada.vn/products/pdp-i2646720344.html,30.000.000 ₫,,"9 Đã bán
Hà Nội"
"Laptop HP 4730S i7 , SSD120G , 4G Hàng Nhập Khẩu Japan Giá sinh viên Tặng kèm box 250G",https://www.lazada.vn/products/pdp-i251082398.html,2.870.000 ₫,5.0,
"Thanh lý Laptop, CPU core 2 dual, 1 triệu",https://www.lazada.vn/products/pdp-i2152400788.html,1.000.000 ₫,,
"Thanh lý Laptop DELL E7430, Cpu core I5, ram 4G, ô cứng 250G. Giá bán 1,5 triệu",https://www.lazada.vn/products/pdp-i2351599958.html,1.500.000 ₫,1.5,
"Laptop Fujitsu NF70Y dùng cho học tập, giải trí, công việc v.v... đầy đủ phần mềm cơ bản",https://www.lazada.vn/products/pdp-i2040462224.html,2.700.000 ₫,,
Laptop cũ giá rẻ học sinh laptop cũ core i3,https://www.lazada.vn/products/pdp-i3223663046.html,2.100.000 ₫,,
LapTop xách tay Microsoft surface pro 6 Core i5 8250U Ram 8gb SSD 128gb Màn touch 2k pin&gt; 4h,https://www.lazada.vn/products/pdp-i2457877782.html,8.000.000 ₫,5.0,
Laptop Dell Latitude 3470 màn 14 inch - Core i5 6200u Ram 8G 256G SSD,https://www.lazada.vn/products/pdp-i3195788740.html,3.348.000 ₫,,
Laptop Lenovo V14 Gen 4 IRU (83A000FNVN) | Intel Core i5-13420H | 16GB | 512GB | Intel UHD Graphics | 14' FHD | | Hàng chính hãng,https://www.lazada.vn/products/pdp-i3057813569.html,13.990.000 ₫,5.0,
THINKPAD T440P CORE I5 4200M RAM 8G SSD 256G 14INCH GIÁ RẺ,https://www.lazada.vn/products/pdp-i2198282302.html,3.135.000 ₫,5.0,5 Đã bán
"Laptop Gaming Asus VivoBook K6502 Core i7-12650H, 32gb ram, 1tb SSD NVME, vga rời Geforce GTX3050TI, màn 15,6inch IPS sRGB 144Hz vỏ nhôm siêu đẹp",https://www.lazada.vn/products/pdp-i2264108832.html,14.700.000 ₫,5.0,5 Đã bán
Máy tính xách tay giá rẻ Laptop Lenovo V330-15IKB Intel Core i3-7130U Ram 8gb SSD128gb+ HDD 500 pin 4-6h,https://www.lazada.vn/products/pdp-i2294073804.html,3.960.000 ₫,,
Laptop HP 8460 (Core i5 Win 10) pin 2h,https://www.lazada.vn/products/pdp-i2994044237.html,1.700.000 ₫,,
Laptop Chuyên Văn Phòng Giải Trí Giá Rẻ Emachines D725,https://www.lazada.vn/products/pdp-i984818563.html,1.799.000 ₫,,
"Thanh lý Laptop LENOVO G460, Cpu core I3, ram 2G, ô cứng 350G, Màn 14"", Giá bán 1,5 Triệu",https://www.lazada.vn/products/pdp-i2362772157.html,1.500.000 ₫,1.5,
Laptop HP Victus 16-R0302TX - AE0N9PA (i5-13500HX/ GeForce RTX 4050/ 16GB/ 512GB/ Windows 11) - Bảo hành 12 tháng,https://www.lazada.vn/products/pdp-i3164184865.html,25.789.000 ₫,,
"Laptop Emachines D525 core 2 duo T6570 ram 3Gb ổ 320Gb windows 10 đầy đủ phụ kiện, BH 7 tháng",https://www.lazada.vn/products/pdp-i2634287900.html,1.990.000 ₫,,
Laptop Toshiba Dynabook BJ65/FS | Core i5/i7 | RAM 8–16GB | SSD 256–512GB | Màn hình 15.6” | Windows 10 Pro | Chuẩn doanh nhân Nhật Bản,https://www.lazada.vn/products/pdp-i3184649418.html,4.500.000 ₫,,
"Laptop Nhật Fujitsu T7250 ram 4G màn hình 15 inch đầy đủ phụ kiện, BH 7 tháng",https://www.lazada.vn/products/pdp-i2065849218.html,2.490.000 ₫,,
"Laptop HP EliteBook 820 G2 Core i7-5500U, 16gb ram, 256gb SSD, màn 12.5inch HD, vỏ nhôm siêu bền gọn nhẹ",https://www.lazada.vn/products/pdp-i2234906090.html,2.450.000 ₫,,
"laptop hp Folio siêu mỏng, siêu nhẹ i5-3473U ram 10gb ssd 128gb",https://www.lazada.vn/products/pdp-i2111106330.html,4.199.000 ₫,4.0,50 Đã bán
"Thanh lý Laptop Dell, Hp, Acer, Lenovo, Toshiba, Asus...,Cpu core I3. Giá bán 1,3 triệu",https://www.lazada.vn/products/pdp-i2514799391.html,1.300.000 ₫,1.3,
Laptop MSI Stealth 18 AI Studio A1VGG NEW (Core Ultra 9 185H | 32GB | 2TB SSD | RTX 4070 8GB | 18 UHD+ | 120Hz | Win 11),https://www.lazada.vn/products/pdp-i2627509043.html,80.960.000 ₫,,
Laptop Gaming Asus ROG Strix G16 G614J - Core i9-13980HX RAM 16G SSD 512G RTX 4070 8GB Màn 16 Inch FHD 165Hz ( Bảo Hành 3 đến 12 Tháng ),https://www.lazada.vn/products/pdp-i2672881849.html,34.500.000 ₫,,"7 Đã bán
Hồ Chí Minh"
Laptop Surface Go cực kì mỏng nhẹ sang trọng cho văn phòng,https://www.lazada.vn/products/pdp-i3199841332.html,3.870.000 ₫,,
Laptop Asus Vivobook S 14 S3407CA-LY096WS (Ultra 7-255H/ Onboard graphics/ 16GB/ 512GB/ Windows 11 + Office + Microsoft) - Bảo hành 24 tháng,https://www.lazada.vn/products/pdp-i3206821516.html,25.090.000 ₫,,
bảo hành 3 năm Dell Factory 2024 Model Gaming Laptop Intel Core i5/ i7 Processor Notebook Original Windows 10/11 & Microsoft Office máy tính xách tay,https://www.lazada.vn/products/pdp-i2662179947.html,10.499.999 ₫,,"9 Đã bán
Hồ Chí Minh"
Microsoft Surface Laptop 3 | Core i7-1065G7 | RAM 16GB | SSD 256GB | 13.5’’ 2k Touch screen,https://www.lazada.vn/products/pdp-i2282252001.html,11.550.000 ₫,,
DELL PRECISION 7520 CORE I7 7820HQ RAM 16G SSD 512G 15.6INCH FHD VGA M2200,https://www.lazada.vn/products/pdp-i2391408440.html,8.500.000 ₫,5.0,28 Đã bán
"Laptop Asus Zenbook UX425EA Core i7-1165G7, 16gb Ram, 1tb SSD, 14inch Full HD vỏ nhôm siêu mỏng nhẹ, hàng nhập khẩu",https://www.lazada.vn/products/pdp-i1685080035.html,8.300.000 ₫,4.0,12 Đã bán
"Laptop Dell Latitude 7400 2 in 1 Core i5 8th, Ram 8, SSD 256",https://www.lazada.vn/products/pdp-i2044973244.html,9.000.000 ₫,5.0,103 Đã bán
"Laptop Acer Predator Helios Neo PHN16-71-54W3, i5-13500Hx, Ram 16GB, SSD 512GB, RTX 4050 6GB, 16inch 2.5K 165Hz Led RGB, tặng kèm bộ quà tặng cao cấp",https://www.lazada.vn/products/pdp-i2633578144.html,30.100.000 ₫,,"5 Đã bán
Hà Nội"
"Thanh lý Laptop Dell vosttro 2421-Core I5, ram 4G, ô cứng 100G, Ngoại hình mới 95%, Giá bán 1,5 triệu.",https://www.lazada.vn/products/pdp-i2251231285.html,1.500.000 ₫,4.0,20 Đã bán
Laptop giá rẻ Dell Latitude E7490 i5 – 8350U| RAM 8GB| SSD 256GB| 14.0 FHD| CARD ON Pin 90%,https://www.lazada.vn/products/pdp-i2240895780.html,6.076.900 ₫,5.0,16 Đã bán
laptop dell 6440 i5 ram 8gb hdd 1000gb giá rẻ cho sinh viên tặng kèm điện thoại nhật,https://www.lazada.vn/products/pdp-i251082395.html,2.541.000 ₫,,
Laptop HP Pavilion G4 core i3 M390 ram 4g hdd 320gb windows 8 tặng kèm cặp loa vi tính có bộ nguồn theo máy BH 7 tháng,https://www.lazada.vn/products/pdp-i2634437367.html,2.290.000 ₫,,
Laptop To-shi-ba core i5 Ổ Cứng Ssd 128Gb Windows 11 bảo hành 1 năm,https://www.lazada.vn/products/pdp-i2070656319.html,3.990.000 ₫,,
"Laptop thinkpad X270 -Chip core i5 thế hệ 7, mạnh mẽ, siêu mỏng , máy nhật mới likenew",https://www.lazada.vn/products/pdp-i2622458068.html,2.890.000 ₫,,
Laptop Asus TUF Gaming A15 FA506NCG-HN184W (Ryzen 7 7445HS/ RTX 3050 4GB/16GB/ 512GB/ Windows 11) - Bảo hành 24 tháng,https://www.lazada.vn/products/pdp-i3207484624.html,21.290.000 ₫,,
LAPTOP HP PROBOOK 430 G3 CORE I5-6100U | RAM 8G | SSD 256G | MÀN 13.3' cực mạnh,https://www.lazada.vn/products/pdp-i2665228506.html,3.499.000 ₫,,
"Laptop Acer Aspire 4733Z sử dụng cho học tập, văn phòng, giải trí (Used)",https://www.lazada.vn/products/pdp-i2007042425.html,2.400.000 ₫,,
Laptop văn phòng nguyên bản mọi chức năng đều tốt,https://www.lazada.vn/products/pdp-i984854036.html,1.589.000 ₫,3.0,6 Đã bán
laptop dell latitude e6520 i5 15.6 inch Ram 4GB HDD 1000GB hàng nhập khẩu mỹ full box zin all bảo hành 12 tháng,https://www.lazada.vn/products/pdp-i251075548.html,1.900.000 ₫,4.0,9 Đã bán
"Laptop Dell 2022 inspiron 1420 ram 4Gb ổ cứng 120Gb Windows 8 bảo hành 7 tháng làm việc văn phòng, học tập ok",https://www.lazada.vn/products/pdp-i2070763255.html,1.990.000 ₫,4.0,26 Đã bán
LAPTOP MINI THINKPAD X270 CORE I5 6300U RAM 8G SSD 256G 12.5INCH,https://www.lazada.vn/products/pdp-i2624439677.html,3.610.000 ₫,5.0,14 Đã bán
"Thanh lý Laptop DELL N4110, Cpu core I3 ram 4G, ô cứng 120G, Màn 14"" Giá bán 1,5 Triệu",https://www.lazada.vn/products/pdp-i2363012895.html,1.500.000 ₫,5.0,5 Đã bán
Laptop xách tay core i5 ram 6gb bảo hành 12/2025,https://www.lazada.vn/products/pdp-i2725411654.html,2.700.000 ₫,,
"Laptop Fmv Biblo Fujitsu dùng cho học tập, công việc, giải trí v.v... (Used)",https://www.lazada.vn/products/pdp-i2033561785.html,2.700.000 ₫,,
Laptop HP Elitebook Folio G1 Core M5-6Y54/8gb Ram/256gb SSD/12.5inch Full HD vỏ nhôm khối siêu mỏng nhẹ,https://www.lazada.vn/products/pdp-i1053478775.html,3.300.000 ₫,,
"Laptop Gamming HP Victus 16-D0125TX cân mọi tựa game,Core i5-11400H, Ram 16GB, SSD 512GB, màn hình 16.1inch FHD,GTX 1650,tặng kèm bộ phụ kiện theo máy",https://www.lazada.vn/products/pdp-i2605090689.html,15.700.000 ₫,5.0,12 Đã bán
"Laptop Toshiba R73 Nhật Bản Chính Hãng - Chip Core i5 Thế hệ 7, Ram 8GB, Bộ Nhớ SSD 128GB",https://www.lazada.vn/products/pdp-i2938453768.html,2.750.000 ₫,5.0,
"Thanh lý Laptop SONY PCG 71811M, Cpu core I3, ram 4G, ô cứng 350G, Màn 14"". Giá bán 1,5 Triệu",https://www.lazada.vn/products/pdp-i2362809172.html,1.500.000 ₫,1.5,
"Thanh lý Laptop Lenovo, Pentum (R), ram 4 gb, Giá bán 1,2 triệu",https://www.lazada.vn/products/pdp-i2283341992.html,1.200.000 ₫,4.0,6 Đã bán
HP PROBOOK 450 G5 CORE I5 7200U RAM 8G SSD 256G 15.6INCH GIÁ RẺ,https://www.lazada.vn/products/pdp-i2607392511.html,4.560.000 ₫,5.0,17 Đã bán
Máy tính xách tay/ Laptop HP 15-fc0086AU - A6VV9PA (AMD Ryzen 5-7430U) (Bạc) - Bảo hành 12 tháng,https://www.lazada.vn/products/pdp-i2963161505.html,13.390.000 ₫,,
"Thanh lý Laptop Acer 4738, Pentum R, ram 3G, . Giá bán 1,1 triệu.",https://www.lazada.vn/products/pdp-i2296538946.html,1.100.000 ₫,1.1,
Laptop Dell Latitude E7250 ram 8GB ổ SSD 128GB chip intel core i5-5200U chuyên văn phòng giá rẻ (Wifi),https://www.lazada.vn/products/pdp-i2313369154.html,2.999.000 ₫,,
"Laptop Dell Inspiron N4030 Core i3-370M, RAM 2GB, HDD 500GB, Intel HD Graphics, 14 inch, FreeDOS bảo hành 1 năm",https://www.lazada.vn/products/pdp-i2178508251.html,2.990.000 ₫,,
Laptop xách tay giá rẻ Workstation Dell Precision 5530 I5-8400H RAM GB SSD 512GB,https://www.lazada.vn/products/pdp-i2644068622.html,12.474.000 ₫,,"10 Đã bán
Hà Nội"
Laptop Surface Pro X | Chip SQ 2 l Ram 16GB l SSD 256GB l Màn 13 inch 3K Touch Mới 100%,https://www.lazada.vn/products/pdp-i2680555445.html,17.900.000 ₫,,
Voucher Discount 15% Max 3000k Laptop HP Pavilion 15 eg2058TU (6K788PA)SS Core i5 _ 1240P | 8GB | 512GB SSD PCIe | 15.6 inch Full HD IPS | Win 11| Hàng Chính Hãng,https://www.lazada.vn/products/pdp-i2072217850.html,15.700.000 ₫,5.0,75 Đã bán
Laptop cũ dưới 2 triệu giá rẻ,https://www.lazada.vn/products/pdp-i2227557017.html,2.400.000 ₫,,
Laptop MSI Katana 15 B13VGK-1211VN (Intel Core i7-13620H | 16GB | 1TB SSD | RTX 4070 | 15.6 inch FHD 144Hz | Win 11),https://www.lazada.vn/products/pdp-i2631327171.html,44.390.000 ₫,,"8 Đã bán
Hồ Chí Minh"
CHUWI | Máy Tính Xách Tay 2-trong-1 Màn Hình Cảm Ứng 2K Intel Thế Hệ 12,https://www.lazada.vn/products/pdp-i3197128340.html,8.585.000 ₫,4.0,
Laptop GAMING Alienware M17R3 Core i9 10980HK ram 32gb ssd NVME 512 Card 2080 (8gb) LCD 300hz KHỦNG,https://www.lazada.vn/products/pdp-i3159271326.html,40.000.000 ₫,,
DELL PRECISION 5540 CORE I7 9750H RAM 32G SSD 512G 15.6INCH FHD IPS VGA,https://www.lazada.vn/products/pdp-i2675538148.html,14.060.000 ₫,5.0,
MSI GAMING GF63 CORE I7 9750H RAM 16G SSD 128G+1T 15.6INCH FHD GTX 1650,https://www.lazada.vn/products/pdp-i3139413719.html,9.025.000 ₫,5.0,
Máy tính xách tay/ Laptop HP 15-fc0086AU - A6VV9PA (AMD Ryzen 5-7430U) (Bạc) - Bảo hành 12 tháng,https://www.lazada.vn/products/pdp-i2962358838.html,12.390.000 ₫,,"6 Đã bán
Hồ Chí Minh"
"Laptop Gamming Asus TUF FX506, Core i5-10300H, Ram 16GB, SSD 512GB, màn hình 15.6 inch Full HD 144hz, VGA GTX 1660Ti, tặng kèm bộ phụ kiện Laptop",https://www.lazada.vn/products/pdp-i2606068573.html,13.000.000 ₫,5.0,17 Đã bán
"Laptop Asus Vivobook S431 Core i7-10510U, 16gb Ram, 512gb SSD, nvidia MX250, 14” Full HD sRGB hàng nhập khẩu",https://www.lazada.vn/products/pdp-i1461944091.html,8.500.000 ₫,4.0,25 Đã bán
"Laptop HP EliteBook 6 G1i 14 inch AI PC (BQ9N4PT) - Core Ultra 7 255H| 16GB| 512GB| 14""| Win 11",https://www.lazada.vn/products/pdp-i3188868986.html,36.000.000 ₫,,
"Laptop siêu nhẹ Fujitsu Lifebook U939 Core i7-8565U, 8gb ram, 512gb SSD, màn hình Full HD vỏ nhôm Magie cao cấp siêu mỏng nhẹ chỉ 800Gram",https://www.lazada.vn/products/pdp-i2914105244.html,3.900.000 ₫,,
"Laptop mini 4G Học Tập, Làm Việc, Giải Trí Ok Đầy Đủ Phụ Kiện, mới 99%",https://www.lazada.vn/products/pdp-i3059825014.html,2.000.000 ₫,,
"Thanh lý Laptop DELL vosttro1088, Cpu core 2 Duo, ram 2G, ô cứng 350G, Màn 14"". Giá bán 1,5 Triệu",https://www.lazada.vn/products/pdp-i2363020295.html,1.500.000 ₫,1.5,
Laptop xách tay Giá rẻ DELL LATITUDE E5250 I5-5300U / RAM 4GB / SSD 128GB / MÀN 12.5 LED / VGA INTEL HD GRAPHIC 5500 pin 70%,https://www.lazada.vn/products/pdp-i2298303645.html,5.000.000 ₫,,
Laptop Asus Vivobook 16X K3605VC-RP491W (Core i7-13620H/ RTX 3050 4GB/16GB/ 512GB/ Windows 11) - Bảo hành 24 tháng,https://www.lazada.vn/products/pdp-i3207407969.html,20.890.000 ₫,,
Laptop Asus E200HA-FD0043TS Z8350 ram 2gb lưu trữ 32gb hàng nhập khẩu 2018,https://www.lazada.vn/products/pdp-i251073982.html,1.570.000 ₫,,
"Laptop Nhật Sony Vaio VJPG11C11N - Chip Core i5 Thế hệ 7 7200u, Ram 8GB, Bộ Nhớ SSD 256GB",https://www.lazada.vn/products/pdp-i3172163786.html,2.999.000 ₫,,
"Laptop Giá Rẻ Dell Latitude 3560 15.6 Inches (Core I5-5200U, Ram 4GB, SSD 128) Mỏng, Nhẹ, Đẹp Thời Trang. Pin85%",https://www.lazada.vn/products/pdp-i2294495996.html,5.000.000 ₫,5.0,
[Mã 159ELHA giảm 7% đơn 300K] Laptop dell chính hãng cũ pin chai tặng kèm bộ nguồn dùng ok giá 1 trệu 7,https://www.lazada.vn/products/pdp-i2634665305.html,1.700.000 ₫,,
"Laptop 2 trong 1 Sony Vaio Pro PA Core i7-8500Y, 16gb ram, 512gb SSD, màn 12.5inch cảm ứng tháo rời bàn phím",https://www.lazada.vn/products/pdp-i2656327043.html,3.900.000 ₫,4.0,
Laptop mini Lenovo Miix 320 310 210 D330 D335 window 10 lai máy tính bảng ổ cứng SSD màn hình cảm ứng cực mượt,https://www.lazada.vn/products/pdp-i2036076685.html,2.970.000 ₫,4.0,37 Đã bán
"Laptop Nec Lavie LL750T Core i7-4710QM, 8gb ram, 256gb SSD, 15.6” Full HD IPS cảm ứng, vỏ sơn Piano sáng bóng",https://www.lazada.vn/products/pdp-i2091596221.html,4.900.000 ₫,5.0,
KHO LAPTOP GIÁ RẺ CORE I3 CORE I5 BẢO HÀNH 1 NĂM,https://www.lazada.vn/products/pdp-i2634298791.html,2.190.000 ₫,,
laptop hp cũ giá rẻ I5 - laptop gaming cũ giá rẻ hp,https://www.lazada.vn/products/pdp-i1044242673.html,2.990.000 ₫,,
"Laptop cũ văn phòng, giá rẻ, i3 i5 i7 Ram 4gb 8gb",https://www.lazada.vn/products/pdp-i2654022625.html,2.699.000 ₫,,
"Thanh lý Laptop Toshiba Satellite C800, Pentum R, Màn 15 inh, ram 2GB. Giá bán 1 Triệu",https://www.lazada.vn/products/pdp-i2755919479.html,1.100.000 ₫,,
Laptop xách tay Intel i5 SSD 128GB màn hình 14 inch đầy đủ phần mềm cơ bản bảo hành 3 năm,https://www.lazada.vn/products/pdp-i2133434236.html,3.990.000 ₫,,
[Qua sử dụng] Laptop DELL LATITUDE 7290 | Core i3 Gen 8 | RAM 8GB | SSD 256GB | Full HD | Gọn Nhẹ | Pin Tốt | Đầy Đủ Cổng Kết Nối,https://www.lazada.vn/products/pdp-i3073801511.html,3.390.000 ₫,,
[Trả góp 0%]Dell Latitude E6510 Core i7 Ram 8G SSD 128G 15.6inch,https://www.lazada.vn/products/pdp-i527520479.html,3.500.000 ₫,4.0,68 Đã bán
[Game] Laptop Asus X455LJ X455LN core i5 ram 8GB văn phòng đồ họa giải trí mạnh mẽ,https://www.lazada.vn/products/pdp-i3200005954.html,2.970.000 ₫,,
"Laptop kiêm máy tính bảng Fujitsu Arrows tab Q5010 CPU N4020, 4gb ram, 128gb SSD, màn hình 10.1inch cảm ứng Full HD siêu bền",https://www.lazada.vn/products/pdp-i2619253643.html,2.500.000 ₫,5.0,9 Đã bán
"Laptop cũ giá siêu rẻ, laptop lenovo 110-14IBR, laptop lenovo g480, laptop acer v5-471g, laptop acer e1-470, acer 4739z",https://www.lazada.vn/products/pdp-i2609328946.html,1.900.000 ₫,,
Laptop 2 Triệu (Bảo Hành 1 Năm) KHSPT,https://www.lazada.vn/products/pdp-i2634373636.html,2.000.000 ₫,,
"Laptop Core i3, i5 Ram 4gb - 8gb SSD 128gb Màn hình 14 - 15.6in nhiều hãng",https://www.lazada.vn/products/pdp-i2653982967.html,2.699.000 ₫,,
Laptop xách tay giá rẻ model 2023 DELL 5520 I5-1145G7 RAM 8GB SSD 256GB,https://www.lazada.vn/products/pdp-i2964798921.html,11.300.000 ₫,,
Laptop giá rẻ DELL LATITUDE 7290 I5-7300U/ 8GB/ SSD256GB/ 12.5HD Pin&gt;3-5h,https://www.lazada.vn/products/pdp-i2347006751.html,4.590.000 ₫,5.0,17 Đã bán
HP ZBOOK 15 G2 CORE I7 4810MQ RAM 16GB SSD 256GB 15.6INCH VGA K1100 CHUYÊN GAME VÀ ĐỒ HỌA,https://www.lazada.vn/products/pdp-i2036999976.html,6.800.000 ₫,5.0,5 Đã bán
Microsoft Surface Laptop 5 Full Cảm Ứng Phiên bản Ram 16 GB Hiệu Năng Cao l Chip i5 12Th l SSD 256Gb l MỚI 92-95%,https://www.lazada.vn/products/pdp-i3157130173.html,13.800.000 ₫,,
"Laptop Dell Latitude 7420 dùng cho văn phòng, sinh viên, Core i7-1185G7, Ram 16GB, SSD 512GB, Màn hình 14inch Full HD, tặng kèm bộ quà tặng cao cấp",https://www.lazada.vn/products/pdp-i2614431306.html,11.350.000 ₫,,
LAPTOP HỌC SINH CẤP 2 ĐẦY ĐỦ PHỤ KIỆN CHÍNH HÃNG (BẢO HÀNH 1 NĂM),https://www.lazada.vn/products/pdp-i2634423542.html,1.999.000 ₫,,
"Thanh lý Laptop Asus-Core 2 dual, giá 1 triệu",https://www.lazada.vn/products/pdp-i2181332738.html,1.000.000 ₫,,
"Túi đựng máy tính xách tay có thể đảo ngược Túi đựng máy tính xách tay bằng da màu đen đỏ 10 ""11"" 12 ""13"" 14 ""15"" Túi máy tính xách tay",https://www.lazada.vn/products/pdp-i2492378348.html,7.000 ₫,4.0,
"Laptop Dell Gaming G15-5530, Core i7-13650HX, Ram 16GB, SSD 512GB, RTX 4060 8GB,Màn hình 15.6inch Full HD tần số 165Hz, laptop gaming cân mọi tựa game",https://www.lazada.vn/products/pdp-i2623427971.html,23.400.000 ₫,,"5 Đã bán
Hà Nội"
HP PROBOOK 640 G5 CORE I5 8365U RAM 16G SSD 256G 14INCH FHD ĐÈN PHÍM,https://www.lazada.vn/products/pdp-i3078137209.html,5.300.000 ₫,,
Dell Precision 7520 Nhật zin,https://www.lazada.vn/products/pdp-i2495772947.html,9.620.000 ₫,,
LENOVO IDEAPAD 1I-15 CORE I5 1235U RAM 16G SSD 256G 15.6INCH FHD IPS VỎ NHÔM,https://www.lazada.vn/products/pdp-i2879826577.html,8.549.050 ₫,,
THINKPAD T480 CORE I7 8565U RAM 16G SSD 256G 14INCH FHD ĐÈN PHÍM,https://www.lazada.vn/products/pdp-i2661114072.html,6.935.000 ₫,4.0,7 Đã bán
Máy tính xách tay/ Laptop Asus Vivobook Go 15 E1504FA-BQ1150W (AMD Ryzen 5-7520U) (Bạc) - Bảo hành 24 tháng,https://www.lazada.vn/products/pdp-i3172809292.html,11.490.000 ₫,,
DEII 5420 Laptop Cũ i7 Gen 11 RAM 16GB SSD 256GB Full HD - Bảo Hành 12 Tháng,https://www.lazada.vn/products/pdp-i3121100041.html,9.800.000 ₫,,
[Cấu hình cao-Pin trâu] Laptop Panasonic Let’s note CF-SV7 (i7 8550U/ 8GBGB/ SSD 256GB/ FHD+) HÀNG NỘI ĐỊA NHẬT siêu bền,https://www.lazada.vn/products/pdp-i3180911897.html,4.900.000 ₫,,
Laptop HP 15-fd0304TU - A2NL5PA (i3-1315U/ Onboard graphics/ 8GB/ 512GB/ Windows 11) - Bảo hành 12 tháng,https://www.lazada.vn/products/pdp-i3086505473.html,10.490.000 ₫,,
Asus E402S Celeron N3050 Ram 4G SSD 128G 14INCH,https://www.lazada.vn/products/pdp-i449024810.html,2.500.000 ₫,,
"Laptop Dell G7 7700, Core i7 10750H, Ram 16GB, SSD 1TB, RTX 2070 8G, Led RGB, 17.3inch FHD 300Hz, tặng kèm bộ quà tặng cao cấp",https://www.lazada.vn/products/pdp-i2641121066.html,21.500.000 ₫,,"6 Đã bán
Hà Nội"
LAPTOP HP PROBOOK 650G2/ CHIP I5-6200U/ RAM 8G/ SSD 256G / AMD M7 465 2G,https://www.lazada.vn/products/pdp-i3211756900.html,3.850.000 ₫,,
"Laptop Nec VersaPro VKT25 Core i5-7200U, 8gb ram, 256gb SSD, 15.6” HD hàng nhập khẩu Nhật Bản",https://www.lazada.vn/products/pdp-i2070131587.html,3.900.000 ₫,,
laptop HP 830 g5 full nhôm màn cảm ứng,https://www.lazada.vn/products/pdp-i2769280965.html,5.990.000 ₫,,
Laptop Dell 3750 17.3inch core i5Ram 8G 1000G full box kèm điện thoại 2 sim chính hãng chơi game mượt sự lựa chọn tốt cho sinh viên,https://www.lazada.vn/products/pdp-i251078490.html,2.128.000 ₫,4.0,39 Đã bán
"Thanh lý Laptop Acer, Màn hình 14 inh, giá 1,5 triệu Có ship tỉnh. Điện thoai: 077 968 0322",https://www.lazada.vn/products/pdp-i2160554504.html,1.500.000 ₫,1.5,
Laptop Dell Latitude 5290 2in1 Cảm Ứng Core i5-8350U RAM 8GB SSD 256GB 12.5inch FHD touch,https://www.lazada.vn/products/pdp-i2247823995.html,5.800.000 ₫,5.0,12 Đã bán
"Laptop Lenovo ThinkPad X1 Carbon Gen 9, Core i7, Ram 16GB, SSD 512GB, 14inch 4K, tặng chuột không dây, tấm lót chuột, cặp laptop, vệ sinh máy trọn đời",https://www.lazada.vn/products/pdp-i2646737085.html,15.100.000 ₫,5.0,
"Laptop HP Probook 4420s (Core i3 390M, RAM 2GB, HDD 320GB, Intel HD Graphics, 14 inch) bảo hành 1 năm",https://www.lazada.vn/products/pdp-i2178403611.html,2.990.000 ₫,,
"Laptop Lenovo LOQ 15IRX9, Core i5-13420H, SSD 512GB, Ram 12GB, RTX 4050 6GB, 15.6inch Full HD 144Hz, laptop chơi game cao cấp, kèm bộ quà tặng",https://www.lazada.vn/products/pdp-i2655775611.html,26.200.000 ₫,,
"Thanh lý Laptop Asus -Core I3, ram 4G, Giá bán 1,5 triệu.",https://www.lazada.vn/products/pdp-i2222823813.html,1.500.000 ₫,1.5,
Laptop mini Asus X201EP X201EV siêu mỏng nhẹ kiểu dáng đẹp dễ dàng mang đi,https://www.lazada.vn/products/pdp-i2665236348.html,1.940.000 ₫,,
Laptop xách tay giá rẻ TOSHIBA DYANABOOK VC72/M 2in1 I5-8250U RAM 16GB SSD 256GB,https://www.lazada.vn/products/pdp-i2649249062.html,6.000.000 ₫,,
"Laptop Dell Inspiron 5502 cấu hình siêu khủng, Core i5, Ram 16gb, ổ cứng SSD 512, Cạc rời VGA MX350, màn hình 15.6 Full HD, dòng ultrabook cao cấp",https://www.lazada.vn/products/pdp-i2472458446.html,12.300.000 ₫,5.0,17 Đã bán
"Hp EliteBook 840 G3 sang trọng, mạnh mẽ i5-6300U | 8GB | SSD 256GB | 14""",https://www.lazada.vn/products/pdp-i2231153439.html,4.500.000 ₫,,
LAPTOP NHẬP KHẨU HP 640G2/ MƯỢT MÀ. BỀN BỈ,https://www.lazada.vn/products/pdp-i3122434800.html,3.200.000 ₫,,
Laptop Dell Latitude 5400 CPU Core I5 Gen 8 Ram 16Gb SSD 512Gb 14Inch FHD Pin 4H Xách Tay Cực Đẹp | Hữu Laptop,https://www.lazada.vn/products/pdp-i2515699230.html,6.190.000 ₫,,
"Laptop HP G4 / Core i5 / Ram 8G / SSD 128G / Màn 14in HD / Pin 2-3h / Full Cam , Mic …..",https://www.lazada.vn/products/pdp-i2269733464.html,3.000.000 ₫,,
[Win 10 + SSD 128gb] - Laptop Asus E200H X205TA win 10 cực mỏng nhẹ học online văn phòng xem phim lướt web,https://www.lazada.vn/products/pdp-i1916214077.html,2.170.000 ₫,5.0,
"Laptop Lenovo Thinkpad T420 dùng cho học tập, giải trí, công việc v.v... (Used)",https://www.lazada.vn/products/pdp-i2033731275.html,3.900.000 ₫,,
Laptop HP Pavilion 15-eg3099TU 8C5M0PA Bạc,https://www.lazada.vn/products/pdp-i3153235888.html,11.590.000 ₫,,
Laptop Asus TUF Gaming F16 FX607VU-RL045W (Core 5 210H/ GeForce RTX™ 4050/ 16GB/ 512GB/ Windows 11) - Bảo hành 24 tháng,https://www.lazada.vn/products/pdp-i3179340652.html,25.490.000 ₫,,
Laptop mini Lenovo YB1-X91 lai máy tính bảng siêu siêu mỏng nhẹ cảm ứng mượt mà cho người hay di chuyển,https://www.lazada.vn/products/pdp-i2155793537.html,3.170.000 ₫,4.0,16 Đã bán
"Laptop màn hình lớn Toshiba AZ27 Core i3-6100U/8gb ram, 256gb SSD, màn 17.3inch HD sắc nét",https://www.lazada.vn/products/pdp-i2121963678.html,3.700.000 ₫,,
"Thanh lý Laptop Dell, core I5, ram 4G, ô cứng 300G, Giá bán 1,9 triệu",https://www.lazada.vn/products/pdp-i2251177653.html,1.900.000 ₫,1.9,
Laptop xách tay Nhật Bản giá rẻ DELL precision 3541 I7-9750H RAM 16 SSD 512,https://www.lazada.vn/products/pdp-i2964851870.html,22.080.000 ₫,,
"Laptop 2in1 Asus T100, Nhỏ gọn thích hợp văn phòng làm việc",https://www.lazada.vn/products/pdp-i1532345151.html,2.399.000 ₫,5.0,6 Đã bán
HP PROBOOK 11G2 CPU 3855U RAM 8G SSD 256G 11.6INCH GIÁ RẺ,https://www.lazada.vn/products/pdp-i2565105666.html,2.300.000 ₫,5.0,
"Laptop Nhật Bản Fujitsu SH90/M Core i5-4300U, 10gb ram, 256gb SSD, 13.3: 2K HD cảm ứng, vỏ nhôm siêu bền siêu nhẹ",https://www.lazada.vn/products/pdp-i1748085936.html,3.600.000 ₫,5.0,
RAZER BLADE 15 2022 I7 12800H RAM 32GB SSD 1TB RTX 3080Ti 16GB 15INCH QHD 240Hz GIÁ RẺ,https://www.lazada.vn/products/pdp-i2644029370.html,41.000.000 ₫,,
Lenovo ThinkPad E14 Gen 7 (21SX002SVA) | Intel Ultra 7-255H | 16GB | 512GB SSD | Intel® Arc™ 140T GPU | Intel® AI Boost Up to 13 TOPS | 14 inch WUXGA | Finger | IR Camera | LED KEY | Hàng Chính Hãng,https://www.lazada.vn/products/pdp-i3187366695.html,30.990.000 ₫,,
Laptop HP x2 210 G2 laptop lai máy tính bảng cảm ứng window 10 siêu mỏng nhẹ,https://www.lazada.vn/products/pdp-i2665213457.html,2.370.000 ₫,,
Laptop Asus TUF Gaming A15 FA506NCG-HN184W (Ryzen 7 7445HS/ RTX 3050 4GB/16GB/ 512GB/ Windows 11) - Bảo hành 24 tháng,https://www.lazada.vn/products/pdp-i3207490629.html,20.790.000 ₫,,
LAPTOP A1466 CORE I5 RAM 8G SSD 256G 13INCH PIN 5H DATE 2014,https://www.lazada.vn/products/pdp-i2806060839.html,5.700.000 ₫,,
Laptop Xiaomi Redmibook 15 JYU4506AP i5-11300H /8GB/512GB SSD/15.6FHD/WiFi5/BT5/46Whr/ĐEN/W11SL - Hàng chính hãng DGW,https://www.lazada.vn/products/pdp-i2033980815.html,12.490.000 ₫,,
"Laptop Dell XPS 9380 - Core i7-8565U RAM 16G SSD 512G Màn 13,3 Inch FHD IPS ( Bảo Hành 3 đến 12 Tháng )",https://www.lazada.vn/products/pdp-i2435636982.html,11.400.000 ₫,,
"Laptop Gaming ACER intel i5 giá rẻ bảo hành 12 tháng-văn phòng, học tập, làm việc",https://www.lazada.vn/products/pdp-i3136044991.html,3.500.000 ₫,,
"Laptop xách tay Dell Xps 13-9360 i7 7560U/ 8GB/ 256GB PCIe/ 13.3"" FHD/ Win 10 Pin90%",https://www.lazada.vn/products/pdp-i2240883619.html,9.300.000 ₫,5.0,24 Đã bán
LAPTOP DELL RUGGED 5414 CORE I7 6600U RAM 8G SSD 256G 14INCH,https://www.lazada.vn/products/pdp-i2729011054.html,7.300.000 ₫,5.0,
"Laptop HP 4740S i5 , SSD120G , Ram 8G (Nhập Khẩu Japan Giá sinh viên full box good 100% bảo hành 12 tháng)",https://www.lazada.vn/products/pdp-i251077513.html,1.998.000 ₫,3.0,7 Đã bán
Laptop Cũ Dell XPS 13 9365 - Core i7-7500U - RAM 8GB - SSD 256GB - VGA Intel HD Grapics 620 - (MÀN HÌNH CẢM ỨNG 3K SIÊU NÉT),https://www.lazada.vn/products/pdp-i2005540789.html,8.960.000 ₫,5.0,79 Đã bán
"Dell Latitude 7490 Core i7-8650U 16 GB- MÀN CẢM ỨNG, CHỈ 5.99 TRIỆU",https://www.lazada.vn/products/pdp-i2954525663.html,5.990.000 ₫,,
"Laptop Dell Vostro 14-5459 | Intel Core i5-6200U | Ram 4GB | SSD 256GB | VGA: NVIDIA GeForce 930M | 14"" HD (1366 x 768)",https://www.lazada.vn/products/pdp-i2633400918.html,4.070.000 ₫,,
"Laptop Hp Elitebook 840 G3, I5 6300U 8G SSD256G Full HD Finger Pin Lâu Giá rẻ",https://www.lazada.vn/products/pdp-i1891148712.html,5.990.000 ₫,,
laptop dell màu đen chạy ssd 120gb win 10 đã qua sử dụng - laptop văn phòng giá rẻ - laptop siêu bền siêu nhanh,https://www.lazada.vn/products/pdp-i2634368667.html,3.000.000 ₫,,
"Laptop máy tính cũ Ram 4gb Core I3, I5, I7, ổ cứng SSD 120gb",https://www.lazada.vn/products/pdp-i2653956392.html,2.208.700 ₫,,
Laptop gaming HP Victus 16-s0140AX - 9Q987PA (Ryzen 7 7840HS/RAM 32GB/GeForce RTX 4050/512GB SSD/ Windows 11) - Bảo hành 12 tháng,https://www.lazada.vn/products/pdp-i2761575109.html,32.090.000 ₫,,
Laptop Dell Latiitude 5310 I5 Gen 10 Ram 8Gb SSD 256Gb Màn hình 13.3Inch FHD hàng US,https://www.lazada.vn/products/pdp-i2997674489.html,6.790.000 ₫,,
"Laptop NEC VersaPro win8 ram 4g dùng cho học tập, giải trí, văn phòng v.v... bao mượt, tốt, bền",https://www.lazada.vn/products/pdp-i2116638590.html,3.290.000 ₫,,
"Thanh lý Laptop HP Probook 4530s, Core I5, giá 2,9 triệu",https://www.lazada.vn/products/pdp-i2101906791.html,2.900.000 ₫,5.0,5 Đã bán
[Trả góp 0%]Laptop FUJITSU LifeBook S904 Core i5-4300U 4gb Ram 128gb SSD 13.3inch Full HD pin 6 giờ vỏ nhôm siêu nhẹ,https://www.lazada.vn/products/pdp-i519368325.html,3.590.000 ₫,5.0,
"Laptop Ram 6G Văn Phòng, Học Tập, Làm Việc Online Bảo Hành 12 Tháng",https://www.lazada.vn/products/pdp-i3116294647.html,2.700.000 ₫,,
Laptop Dell Vostro 5620 (70296963) Core i5 _ 1240P | 8GB | 512GB SSD PCIe | MX570 2GB GDDR6 | 16.0 inch Full HD+ | Win 11 _ Office 2021 | Finger | LED KEY| Hàng Chính Hãng,https://www.lazada.vn/products/pdp-i2074112897.html,19.299.000 ₫,,
Laptop Dell 5559 core i5 8GB SSD 256G đồ họa độc lập 2GB cho văn phòng giải trí,https://www.lazada.vn/products/pdp-i3123556714.html,2.970.000 ₫,,
DELL INSPIRON 5558 INTEL 3205U RAM 8G SSD 256G 15.6INCH,https://www.lazada.vn/products/pdp-i2377645140.html,3.800.000 ₫,5.0,
Laptop Acer Aspire 7 A715-59G-73LB (i7-12650H/ GeForce RTX™ 3050/ 16GB/ 512GB/ Windows 11) -Bảo hành 12 tháng,https://www.lazada.vn/products/pdp-i3138588623.html,22.690.000 ₫,,
"Thanh lý Laptop Acer 4738, Pentum R, ram 3G. Giá bán 1,1 triệu.",https://www.lazada.vn/products/pdp-i2292387334.html,1.100.000 ₫,4.0,7 Đã bán
"LAPTOP HP NOTEBOOK 14-AM060TU, CHIP THẾ HỆ MỚI 2017, RAM 4GB-500GB, NGUYÊN TEM ZIN",https://www.lazada.vn/products/pdp-i2715444071.html,1.799.000 ₫,5.0,
Lenovo Thinkpad X13 Gen 2 Core i7-1165G7 RAM 16G SSD 256G | Màn 13.3' FHD [ Bảo Hành 3 - 12 Tháng ] Máy Mỹ Đẹp 99%,https://www.lazada.vn/products/pdp-i2110836957.html,12.900.000 ₫,,
"Laptop Toshiba Z30-B mỏng, bền đẹp",https://www.lazada.vn/products/pdp-i2222924261.html,3.499.000 ₫,,
LAPTOP DELL LATITUDE E6440,https://www.lazada.vn/products/pdp-i3003532289.html,2.990.000 ₫,,
LAPTOP MSI THIN 15 B12UC-1416VN CORE i5-12450H | VGA RTX 3050 4GB | 8GB RAM | 512GB SSD | 15.6 FHD IPS 144Hz | Win11,https://www.lazada.vn/products/pdp-i2632183353.html,21.160.000 ₫,,
Laptop 2020 95-96% Dell Latitude 5400 i5 8365U vPro/ 32GB/ 2TGB SSD/ 14inch FHD / Win 10Pro/ Pin&gt;4h liên tục,https://www.lazada.vn/products/pdp-i2424229078.html,6.600.000 ₫,5.0,27 Đã bán
Laptop HP Victus 16-s0140AX - 9Q987PA (AMD Ryzen 7 7840HS) (Đen) - Bảo hành 12 tháng,https://www.lazada.vn/products/pdp-i3013970093.html,31.590.000 ₫,,
LAPTOP HP FOLIO 9470M Core i7 |Ram8G |SSD160G 14in Utra mỏng nhẹ tặng kèm khuyến mại lên tới 900k,https://www.lazada.vn/products/pdp-i254265191.html,2.284.000 ₫,,
"Thanh lý Laptop Lenovo G150, Pentum R Dual core, ram 2G, Giá bán 1,1 triệu.",https://www.lazada.vn/products/pdp-i2296583861.html,1.100.000 ₫,1.1,
Laptop Microsoft Surface Pro 9 Core i7-1265U l RAM 16G l SSD 512G l Màn 2K 120Hz,https://www.lazada.vn/products/pdp-i2680623208.html,19.400.000 ₫,,
Laptop HP Elipbook 450G1 Core i7-4600M 8gb Ram 256gb SSD 15.6inch HD tặng chuột không dây,https://www.lazada.vn/products/pdp-i372826267.html,2.500.000 ₫,1.0,
Laptop Dell Latitude 5410 Core i7-10610/ ram 8gb/ ssd 256gb/14 inch Full HD xách tay USA,https://www.lazada.vn/products/pdp-i3064847818.html,7.250.000 ₫,,
Laptop MSI Creator Z17 HX Studio A14VGT 272VN (i7-14700HX | 32GB | 2TB | GeForce RTX™ 4070 8GB | 17' QHD Touch 165Hz | Win 11),https://www.lazada.vn/products/pdp-i2632711611.html,76.130.000 ₫,,
Laptop Asus Gaming V16 V3607VU-RP216W (Core 7 240H/ RTX 4050 6GB/16GB/ 512GB/ Windows 11) - Bảo hành 24 tháng,https://www.lazada.vn/products/pdp-i3207639469.html,25.990.000 ₫,,
LapTop xách tay Microsoft surface pro 6 Core i5 8250U Ram 8gb SSD 128gb Màn touch 2k pin&gt; 4h,https://www.lazada.vn/products/pdp-i2576929336.html,7.999.999 ₫,,"5 Đã bán
Hà Nội"
[Mới 99%] HP 840 G5 I5 8300/ 16G SSD 512G CẢM ỨNG SIÊU MƯỢT ( VỎ NHÔM MÀN HINH 14IN ),https://www.lazada.vn/products/pdp-i1765277353.html,7.290.000 ₫,5.0,117 Đã bán
"Laptop Gaming Dell Alienware M17, Core i7-9750H, Ram 16GB, ổ SSD 256GB, màn hình 17.3inch Full HD, VGA GTX 1660Ti 6G, tặng kèm bộ quà tặng cao cấp",https://www.lazada.vn/products/pdp-i2608711327.html,18.000.000 ₫,5.0,5 Đã bán
"Laptop Sony Vaio VJPF11 intel Core i5-8250U, 8gb ram, 256gb SSD, màn Full HD IPS 11inch, nhập nhật màu trắng siêu đẹp",https://www.lazada.vn/products/pdp-i2479973063.html,4.990.000 ₫,5.0,
"Laptop Fujitsu U9311 Core i5-1165G7, 8gb ram, 512gb SSD màn 13.3” FHD, siêu mỏng nhẹ 800gram",https://www.lazada.vn/products/pdp-i2947329635.html,5.800.000 ₫,,
"Laptop Asus Zenbook UX431FN Core i7-8565U, 16gb Ram, 512gb SSD, VGA rời MX150, 14"" Full HD SRGB, vỏ nhôm siêu bền",https://www.lazada.vn/products/pdp-i1478619003.html,6.500.000 ₫,4.0,21 Đã bán
Laptop Lenovo V14 G4 IRU - 83A000FQVN (Core i5-13420H/ Onboard graphics/ 16GB/ 512GB/ Windows 11) - Bảo hành 24 tháng,https://www.lazada.vn/products/pdp-i3135275627.html,13.990.000 ₫,,
"LAPTOP DELL 5437 I3 I5 MÀN 14IN 4210U/8G/SSD 256G + VGA 2G VỎ NHÔM TOÀN THÂN = 3 MÀU XÁM , ĐỎ, ĐEN",https://www.lazada.vn/products/pdp-i1765134766.html,4.870.000 ₫,4.0,40 Đã bán
(free ship) laptop cũ giá rẻ,https://www.lazada.vn/products/pdp-i1160626496.html,1.199.999 ₫,4.0,38 Đã bán
"Thanh lý Laptop Asus -Core I3, ram 4G, ô cứng 250G. Giá bán 1,5 triệu",https://www.lazada.vn/products/pdp-i2222907092.html,1.500.000 ₫,5.0,
Laptop cơ bản có WIFI ổ SSD 128GB windows 10 Ram 4G màn hình 14 inch có kèm bộ nguồn hoạt động OK (BH 1 năm),https://www.lazada.vn/products/pdp-i2126990740.html,2.290.000 ₫,5.0,
"Thanh lý Laptop HP Stream, Celeron, ram 2G, ô cứng 30G, Màn 12 inh"", pin 4h, giá 1,5 triệu.",https://www.lazada.vn/products/pdp-i2539733397.html,1.500.000 ₫,1.5,
Laptop Lenovo Thinkpad X280 i5 8250U RAM 8GB SSD 256GB 12.5 inch Pin 90%,https://www.lazada.vn/products/pdp-i2298439873.html,5.700.000 ₫,4.0,7 Đã bán
"Thanh lý Laptop Lenovo, core 2 duo, ram 2G, Giá bán 1,5 triệu.",https://www.lazada.vn/products/pdp-i2296912043.html,1.000.000 ₫,1.5,
"Thanh lý Laptop Dell V13 , core 2 doal, giá 1,5 triệu",https://www.lazada.vn/products/pdp-i2251190525.html,1.500.000 ₫,5.0,
LAPTOP ACER ASPIRE 4736Z PENTIUM T4300 RAM 4GB HDD 250GB 14INCH,https://www.lazada.vn/products/pdp-i1758139330.html,1.800.000 ₫,5.0,
Laptop Dell Latitude E7470 Intel Core i7 6600U/Ram 8Gb/SSD 256 Gb,https://www.lazada.vn/products/pdp-i2391492050.html,5.990.000 ₫,5.0,
"Thanh lý Laptop Dell, Hp, Acer, Lenovo, Toshiba, Asus...core 2 duo, ram 3G. Giá bán 1 triệu.",https://www.lazada.vn/products/pdp-i2296913032.html,1.000.000 ₫,4.0,19 Đã bán
"HP Probook 430G1 Core i7-4500U, 8gb ram, 256gb SSD, màn 13.3inch HD nhập khẩu nguyên chiếc",https://www.lazada.vn/products/pdp-i2255034846.html,3.300.000 ₫,,
Laptop siêu di động Dell Latitude E7280 Core i5-8250u/ ram 8gb/ ssd 256gb/ 12.5 inch - Hàng xách tay USA,https://www.lazada.vn/products/pdp-i1520443797.html,4.250.000 ₫,5.0,10 Đã bán
Surface Pro 6 Core i7-8650u l RAM 16GB l SSD 500GB l Màn 13 inch 2K Cảm Ứng [BẢO HÀNH 3 - 12 THÁNG] Mới 99%,https://www.lazada.vn/products/pdp-i1950178585.html,8.700.000 ₫,,
"Laptop 2 trong 1 Fujitsu Q737 Core i7-7600U, 8gb ram, 256gb SSD, 13.3inch Full HD cảm ứng nhập khẩu Nhật Bản",https://www.lazada.vn/products/pdp-i2337105897.html,3.400.000 ₫,5.0,20 Đã bán
"Laptop HP Elitebook 840G3 Core i7-6600U, 8gb ram, 256gb SSD, 14inch HD, vỏ nhôm siêu bền",https://www.lazada.vn/products/pdp-i1589215239.html,5.000.000 ₫,5.0,
"Thanh lý Laptop Dell Core I5, ram 4G, ô cứng 300G, Giá 1,9 triệu",https://www.lazada.vn/products/pdp-i2222851631.html,1.900.000 ₫,5.0,
"Laptop HP 820 g1 i5 4300u Ram 10gb Ssd 128gb nhỏ gọn, mỏng nhẹ",https://www.lazada.vn/products/pdp-i1926308898.html,3.898.000 ₫,5.0,11 Đã bán
Laptop hp 8440P i5 Ram 8G hdd 500GB Nhập Khẩu Nhật giá rẻ giải trí học tập ổn,https://www.lazada.vn/products/pdp-i267424110.html,2.400.000 ₫,4.0,31 Đã bán
"Dell Latitude 7420, Intel Core i7 1185GG7, RAM 16 GB, SSD 512G 14 inch cảm ứng xoay gập 360 độ ( laptop 2 in 1)",https://www.lazada.vn/products/pdp-i2689081388.html,10.990.000 ₫,5.0,14 Đã bán
"Laptop Sony Vaio PCG-717 Core i5, 8gb ram, 240gb SSD, 15.6"" HD nhiều máu sắc đẹp",https://www.lazada.vn/products/pdp-i2023789332.html,3.000.000 ₫,5.0,
"Laptop HP ProBook 450G5 Core i5-8250U, 16gb ram, 512gb SSD, màn hình 15.6inch Full HD hàng nhập Nhật Bản đã qua sử dụng",https://www.lazada.vn/products/pdp-i2980814521.html,3.999.000 ₫,5.0,
LAPTOP DELL LATITUDE E7470 CẢM ỨNG i5-6300 I7-6600U | RAM 8G | Ổ SSD 256G | MÀN HÌNH 14″ QHD 2K(2560x1440),https://www.lazada.vn/products/pdp-i1765170856.html,5.120.000 ₫,4.0,173 Đã bán
laptop cũ giá rẻ cho học sinh,https://www.lazada.vn/products/pdp-i1255210093.html,1.800.000 ₫,5.0,5 Đã bán
"!!SALE HÈ!LapTop HP Elitebook 830 G5 Core i5 7200U Ram 8gb SSD 256 Màn Hình FullHD (13,3inch) Pin&gt;4h",https://www.lazada.vn/products/pdp-i2389438598.html,6.300.000 ₫,4.0,10 Đã bán
"Thanh lý Laptop Lenovo G150, Pentum R Dual core, ram 2G. Giá bán 1,1",https://www.lazada.vn/products/pdp-i2292311995.html,1.100.000 ₫,1.1,
LAPTOP MỎNG BỀN ĐẸP (PHIÊN BẢN MÀN FULL HD + CẢM ỨNG )HP EliteBook 820 G3 I intel Core i5 6300U I DDR4 8Gb M2 256 I Màn hình 12.5 NHỎ GỌN TIỆN LỢI,https://www.lazada.vn/products/pdp-i1988225362.html,5.120.000 ₫,4.0,92 Đã bán
laptop xách tay nhật Dell voso 3560/ i5 3230m/ SSD 128 / 15.6in/ Win 10/ Đẹp Zin,https://www.lazada.vn/products/pdp-i1926330694.html,4.390.000 ₫,5.0,
"Laptop Fujitsu SH75/M Core i5-4300U, 10gb Ram, 256gb SSD, 13.3inch 2K IPS, nhập khẩu Nhật Bản",https://www.lazada.vn/products/pdp-i1618152123.html,3.600.000 ₫,5.0,21 Đã bán
"Laptop 2 trong 1 Panasonic CF-RZ5 Core M5-6Y57, 8gb ram, 256gb SSD, màn 10.1” Full HD cảm ứng gập 360, vỏ nhôm magie siêu nhẹ",https://www.lazada.vn/products/pdp-i2539862975.html,3.300.000 ₫,,
"Laptop Asus ExpertBook B5 Core i7-1165G7, 24gb ram, 1tb SSD NVMe, 13.3"" Full HD Oled, siêu mỏng nhẹ update Windows 11",https://www.lazada.vn/products/pdp-i2000309872.html,6.500.000 ₫,5.0,21 Đã bán
Laptop MSI Vector 16 HX 13VHG-NEW (Intel Core i9-13980HX | 16GB | 1TB | RTX 4080 | 16 inch FHD+ 144Hz | Win 11 | Xám),https://www.lazada.vn/products/pdp-i2626159794.html,63.480.000 ₫,,"6 Đã bán
Hồ Chí Minh"
"Laptop Gaming Dell G15 5510 cấu hình cực mạnh, core i7, Ram 16gb, ổ cứng SSD 512gb, RTX 3060, màn hình 15.6inch FHD cao cấp, tặng kèm bộ quà tặng",https://www.lazada.vn/products/pdp-i2479596564.html,19.600.000 ₫,5.0,35 Đã bán
"HP ENVY x360 2-in-1 15.6"" Touch-Screen Laptop, tặng thêm Offline Professional Plus 2019 trị giá 1tr5",https://www.lazada.vn/products/pdp-i1987741051.html,16.190.000 ₫,,
GAMING DELL 7567 CORE I5 7300HQ RAM 16GB SSD 128GB+500GB 15.6INCH FHD GTX 1050 4GB,https://www.lazada.vn/products/pdp-i2775822139.html,7.900.000 ₫,,
"Laptop Panasonic Net’note CF-LX3 Core i5-4300U, 8gb ram, 256gb SSD, màn 13.3” Full HD IPS cảm ứng, vỏ nhôm magie siêu nhẹ",https://www.lazada.vn/products/pdp-i2294800327.html,3.990.000 ₫,,
"Laptop Gaming Asus ROG Zephyrus G15 - Ryzen 9-6900HS RAM 16G SSD 512G RTX 3060 6GB Màn 15,6 Inch QHD 165Hz ( Bảo Hành 3 đến 12 Tháng )",https://www.lazada.vn/products/pdp-i2433135551.html,23.700.000 ₫,,"5 Đã bán
Hồ Chí Minh"
2024 máy tính laptop lenovo factorey Mới 14 Inch Intel Celeron J4105 12th gen laptop chính hãng Mini Siêu Nhỏ Window 10 / MS Office bảo hành 3 năm,https://www.lazada.vn/products/pdp-i2407684614.html,6.999.999 ₫,4.0,32 Đã bán
Laptop Gaming Gigabyte G5 GD 51VN123SO Intel Core I5-11400H/16GB(8+8)/512GB SSD/15.6 FHD IPS 144Hz/RTX3050 4GB/Win11H/Black/2Y,https://www.lazada.vn/products/pdp-i2269716992.html,18.928.300 ₫,,
LAPTOP PRO 2012 CORE I7 RAM 8G SSD 256G 15.4INCH VGA,https://www.lazada.vn/products/pdp-i2394590185.html,5.700.000 ₫,5.0,
DELL PRECISION M4800 CORE I7 4800MQ RAM 32GB SSD 256GB 15.6INCH FULLHD VGA,https://www.lazada.vn/products/pdp-i2214933506.html,5.800.000 ₫,5.0,8 Đã bán
Laptop Dell XPS 13 9360 - Core i5-8300U - RAM 8GB - SSD 512GB - VGA Intel HD Grapics 620 - (MÀN HÌNH SIÊU NÉT),https://www.lazada.vn/products/pdp-i2645030942.html,7.800.000 ₫,5.0,6 Đã bán
"Thanh lý Laptop Lenovo -Core I3, ram 4G, ô cứng 500G, Ngoại hình mới 95%, mỏng, full chức năng, đủ phụ kiện, pin không cầm cấm nguồn sài trực tiếp. GIẢM GIÁ TRI ÂN KHÁCH HÀNG. Giá bán 1,5 triệu. Có ship tỉnh. Điện thoai: 0986435142",https://www.lazada.vn/products/pdp-i2222854407.html,1.500.000 ₫,1.5,
"Laptop Sony Vaio PCG-814 Core i7-2870QM, 8gb ram, 256gb SSD, 17.3inch HD+",https://www.lazada.vn/products/pdp-i1844767888.html,4.700.000 ₫,4.0,23 Đã bán
"Laptop HP Folio G1 Core M5-6Y54, 8gb ram, 256gb SSD 12.5” Full HD, vỏ nhôm nguyên khối siêu mỏng nhẹ 1kg",https://www.lazada.vn/products/pdp-i1990909821.html,3.500.000 ₫,5.0,
"Laptop Dell Latitude E4300 dùng cho học tập, giải trí, công việc v.v... đầy đủ phần mềm cơ bản",https://www.lazada.vn/products/pdp-i2039334148.html,2.199.000 ₫,5.0,
"Laptop Toshiba R63/M core i7-8650U, 16gb ram, 512gb SSD, màn 13.3inch, vỏ nhôm Magie siêu bền siêu nhẹ",https://www.lazada.vn/products/pdp-i2526096571.html,3.900.000 ₫,5.0,5 Đã bán
"Galaxy Book Pro 13.3"" AMOLED, tặng thêm Offline Professional Plus 2019 trị giá 1tr5",https://www.lazada.vn/products/pdp-i1205799124.html,15.790.000 ₫,5.0,
"laptop hp 430 i5 4300U, 8GB, SSD 256GB, màn hình 13.3 inch",https://www.lazada.vn/products/pdp-i1926329758.html,4.089.000 ₫,4.0,13 Đã bán
"Laptop Nec VersaPro VK17 Core i7-4500U, 4gb Ram, 128gb SSD 13.3inch 2K HD IPS vỏ nhôm magie siêu mỏng nhẹ 800gram",https://www.lazada.vn/products/pdp-i336038820.html,4.000.000 ₫,5.0,16 Đã bán
"Máy tính bảng Fujitsu Arrows Tab Q738 Core i5-8350U, 8gb ram, 256gb SSD, 13.3” Full HD IPS cảm ứng đa điểm",https://www.lazada.vn/products/pdp-i2421257475.html,2.650.000 ₫,4.0,37 Đã bán
"Laptop 2 trong 1 Fujitsu Q739 Core i5-8365U, 8gb ram, 512gb SSD, màn 13.3inch Full HD cảm ứng vỏ nhôm siêu nhẹ mỏng",https://www.lazada.vn/products/pdp-i2557312622.html,5.100.000 ₫,5.0,
"Laptop 2 trong 1 Toshiba Dynabook VC72 Core i5-7300U, 8gb ram, 256gb SSD, 12.5” 2K IPS cảm ứng gập 360 độ, vỏ nhôm siêu mỏng nhẹ",https://www.lazada.vn/products/pdp-i2040859655.html,4.600.000 ₫,5.0,
[Trả góp 0%]Laptop máy trạm workstation Dell Precision M6600 Core i7-2720QM 8gb Ram 128gb SSD vga Quadro Q3000M màn 17.3inch Full HD,https://www.lazada.vn/products/pdp-i338512599.html,9.000.000 ₫,4.0,15 Đã bán
"Laptop Dell Precision 7520 máy trạm cấu hình cao, Core i7, Ram 8gb, ổ cứng SSD 256gb, cạc VGA M1200M, màn 15.6 FHD/IPS, máy tính xách tay giá tốt",https://www.lazada.vn/products/pdp-i2474205982.html,7.800.000 ₫,5.0,45 Đã bán
Laptop Dell Latitude 7390 Core i7-8650U RAM 16GB SSD 256GB 13.3inch IPS FHD Pin 4-6H,https://www.lazada.vn/products/pdp-i2576751737.html,5.499.999 ₫,,
"Máy tính Laptop Dell Latitude 7400 Core i5 8365U, Ram 8, SSD 256",https://www.lazada.vn/products/pdp-i2044984001.html,6.000.000 ₫,5.0,125 Đã bán
LAPTOP SONY VAIO VJPB11 CORE I3 6100U RAM 4G SSD 128G 13INCH FHD SIÊU NHẸ ĐÈN PHÍM,https://www.lazada.vn/products/pdp-i2608109239.html,3.100.000 ₫,4.0,
"Laptop nhập khẩu mỹ Asus B53E Core i5, ram 6GB, 256GB SSD, cấu hình cao chơi game ổn",https://www.lazada.vn/products/pdp-i258002464.html,1.842.000 ₫,4.0,
[Trả góp 0%] Laptop Acer Aspire 4752 Intel Core i3 2330M 4G SSD 128G 14inch,https://www.lazada.vn/products/pdp-i1310593332.html,3.700.000 ₫,5.0,
"Laptop HP Probook 430 G3 Core i7-6500U, 8gb ram, 256gb SSD, 14 inch HD hình thức đẹp",https://www.lazada.vn/products/pdp-i2160584654.html,5.600.000 ₫,5.0,8 Đã bán
"Laptop Dell Inspiron 5370 màu bạc cao cấp, màn 13.3 FullHD, Core i5, Ram 8gb, ổ đĩa cứng SSD 256, laptop zin lướt 99% dùng cho văn phòng",https://www.lazada.vn/products/pdp-i2455393496.html,6.900.000 ₫,5.0,10 Đã bán
Laptop dell Latitude 3330 mỏng nhẹ - i5 3337u Ram 4G SSD 128G,https://www.lazada.vn/products/pdp-i1926405024.html,4.299.000 ₫,,
"Máy tính Laptop Dell Latitude 7320 Core i5-1145G7, Ram 16, SSD 256 FHD IPS",https://www.lazada.vn/products/pdp-i2010098033.html,9.000.000 ₫,5.0,128 Đã bán
Laptop Dell inspiron 3558 i5 5200 4G SSD128G Màn 15.6 đẹp không tì vết hàng nhập khẩu(Tặng kèm Booxx 250G),https://www.lazada.vn/products/pdp-i251073978.html,3.570.000 ₫,,
"Laptop Gaming Lenovo Legion 5 2023 AMD - Ryzen 7-7735H RAM 16G SSD 512G RTX 4060 8GB Màn 15,6 Inch QHD 165Hz ( Bảo Hành 3 đến 12 Tháng )",https://www.lazada.vn/products/pdp-i2471375747.html,24.800.000 ₫,,
"Thanh lý Laptop Lenovo 3000 G430, Pentum R, ram 2G, ô cứng 500G, Giá bán 1,5 triệu.",https://www.lazada.vn/products/pdp-i2292356723.html,1.500.000 ₫,1.5,
"Microsoft Surface Book Nhập Khẩu Mỹ 13.5inch Intel Core i5,I7-6300U Ram 8G SSD 128 và 256GB + 512GB kèm phím sạc tại Playmobile",https://www.lazada.vn/products/pdp-i1495775546.html,7.182.630 ₫,5.0,25 Đã bán
Laptop HP 520 Ram 4Gb màn hình 14 inch win 7,https://www.lazada.vn/products/pdp-i2634599584.html,1.999.000 ₫,,
Laptop Asus Vivobook S14 S3407VA-LY146W (Core 5 210H/ Intel UHD 16GB/ 512GB/ Windows 11) - Bảo hành 24 tháng,https://www.lazada.vn/products/pdp-i3206780864.html,19.490.000 ₫,,
Laptop asus cũ i3 giá rẻ giá học sinh,https://www.lazada.vn/products/pdp-i3210798786.html,2.100.000 ₫,,
DELL LATITUDE 5520 CORE I7 1185G7 RAM 16G SSD 512G 15.6INCH FHD IPS,https://www.lazada.vn/products/pdp-i2926212501.html,9.975.000 ₫,,
"Laptop LG gram Style 16'', Windows 11 Home Plus, Intel i5 Gen 13, tốc độ xử lý 120Hz, màn hình OLED, 16Z90RS-G.AH54A5 - Hàng Chính Hãng",https://www.lazada.vn/products/pdp-i2650763455.html,37.950.000 ₫,,
ASUS ROG GL553VD CORE I7 7700HQ RAM 16GB SSD 256GB+1T 15.6INCH FHD VGA,https://www.lazada.vn/products/pdp-i2248305079.html,7.590.500 ₫,,"5 Đã bán
Hồ Chí Minh"
Laptop Lenovo Thinkpad P15 i7-10850H RAM 16GB SSD 512GB VGA T2000 4GB 15' FHD IPS (1920x1080),https://www.lazada.vn/products/pdp-i2680575374.html,19.900.000 ₫,,
Máy tính xách tay/ Laptop Asus Vivobook Go 15 E1504FA-BQ1150W (AMD Ryzen 5-7520U) (Bạc) - Bảo hành 24 tháng,https://www.lazada.vn/products/pdp-i3172723680.html,12.690.000 ₫,,
DELL LATITUDE 5420 I7 1185G7/ RAM 16GB/ SSD 512GB/ 14INCH FULL HD/ LAPTOP DOANH NHÂN/ SIÊU BỀN/ GIÁ RẺ,https://www.lazada.vn/products/pdp-i3199925661.html,10.900.000 ₫,,
Microsoft Surface Laptop 4 Cảm Ứng AMD Ryzen 5 Mạnh Mẽ Tiết Kiệm Pin l Ram 8Gb l SSD 256Gb l Màn Hình 13.5 l Mới 90-97%,https://www.lazada.vn/products/pdp-i3148251991.html,11.500.000 ₫,,
"Laptop Toshiba M50-A, Core i5-4200U, 4gb ram,620gb HDD, vga rời GT740M, 15.6inch HD vỏ nhôm sang trọng",https://www.lazada.vn/products/pdp-i1823725495.html,5.800.000 ₫,,
Laptop Gaming Asus ROG Strix G15 G513RC-HN090W Ryzen™ 7-6800H - Hàng Chính Hãng,https://www.lazada.vn/products/pdp-i2060632407.html,31.990.000 ₫,,
Lenovo V14 IIL (82C400W3VN) | Intel® Core™ i5 _ 1035G1 | 4GB | 256GB SSD PCIe | VGA INTEL | 14 inch HD,https://www.lazada.vn/products/pdp-i2306102763.html,10.350.000 ₫,,
"Thanh lý Laptop Acer 4743, ram 4G, Giá bán 1,9",https://www.lazada.vn/products/pdp-i2292336836.html,1.900.000 ₫,1.9,
LAPTOP CŨ HP 840G3 ĐẸP NHƯ MỚI ( CORI I7-6600/ RAM 8G/ SSD 256),https://www.lazada.vn/products/pdp-i3109659239.html,3.950.000 ₫,,
Laptop HP 6560b sang trọng vỏ nhôm thời trang đẹp SSD nhanh xé gió,https://www.lazada.vn/products/pdp-i336730110.html,3.390.000 ₫,,
Laptop giá sinh viên Dell latitude e7440,https://www.lazada.vn/products/pdp-i3025800733.html,2.900.000 ₫,,
"Asus E502 N3050/2GB/SSD 60G hàng nhập khẩu dùng văn phòng ,1 đổi 1 60 ngày đầu",https://www.lazada.vn/products/pdp-i266528473.html,1.500.000 ₫,4.0,18 Đã bán
"Laptop Asus TP550LA / Màn Hình Cảm Ứng/ Core i3 4030U/ Ram 8G , SSD 128G/ Màn 15.6in HD Cảm Ứng Xoay Gập / Pin đến 2-3 giờ",https://www.lazada.vn/products/pdp-i2262414836.html,3.200.000 ₫,,
Laptop Gaming Asus ROG Zephyrus G14 - Ryzen 9-5900HS RAM 16G SSD 512G RTX 3060 6GB Màn 14 Inch FHD 144Hz ( Bảo Hành 3 đến 12 Tháng ),https://www.lazada.vn/products/pdp-i2471333946.html,21.000.000 ₫,,
Laptop Lenovo Thinkpad X270 i5 7200U RAM 8GB SSD 256GB 12.5 inch HD Pin 90%,https://www.lazada.vn/products/pdp-i2592373502.html,4.081.500 ₫,5.0,
"Laptop Dell Vostro V3450 Core i7, 8gb Ram, 256gb SSD,vga rời AMD radeon HD6700M, 14inch HD, vỏ nhôm siêu bền",https://www.lazada.vn/products/pdp-i1436847520.html,3.590.000 ₫,4.0,32 Đã bán
Laptop sang bền đẹp nhẹ Nhật Bản,https://www.lazada.vn/products/pdp-i2767546019.html,4.200.000 ₫,,
MUA 1 TẶNG 3 Laptop Dell Latitude 5510 i5-10310U Ram 8GB hoặc 16GB SSD 256GB màn 15.6inch FHD - Máy Cũ Đẹp - BH 3 tháng,https://www.lazada.vn/products/pdp-i3076078222.html,6.990.000 ₫,,
"Laptop CAO CẤP Dell XPS 13 9380 i5 8265U/ 8GB/ 256GB PCIe/ 13.3"" FHD/ Win 10 Pin90%",https://www.lazada.vn/products/pdp-i2634595687.html,9.600.000 ₫,,"10 Đã bán
Hà Nội"
Laptop Dell Inspiron 15 3530 - P16WD21 (i5-1334U/ Intel Iris Xe 16GB/ 512GB/ Windows 11 + Office) - Bảo hành 12 tháng,https://www.lazada.vn/products/pdp-i3207688214.html,16.990.000 ₫,,
[Gaming] Laptop Dell G3 3579 corre i5 8300H đồ họa rời GTX 1050 4GB Vram chuyên cho game và đồ họa,https://www.lazada.vn/products/pdp-i3209551796.html,6.570.000 ₫,,
laptop Dell Precision M6800 core i7 4800QM 16Gb SSD128+1000Gb K4100M 15.6FullHD,https://www.lazada.vn/products/pdp-i824814267.html,6.699.000 ₫,,
"Laptop 2 trong 1 HP Elite X2 G4 Core i5-8265U, 8gb ram, 256gb SSD, màn cảm ứng 13” Full HD hàng Nhật Bản",https://www.lazada.vn/products/pdp-i2674640008.html,6.950.000 ₫,,
[Game] Laptop Lenovo Ideapad 310s i5/AMD/i3 cấu hình cao card đồ họa rời 2GB chiến game siêu mỏng đẹp cho văn phòng giải trí,https://www.lazada.vn/products/pdp-i3199830273.html,3.170.000 ₫,,
Laptop Giá Rẻ Lenovo ThinkPad E590/ Core i7- 8665U Ram 16gb SSD 512gb Pin&gt;4h,https://www.lazada.vn/products/pdp-i3160144826.html,5.200.000 ₫,,
LAPTOP DELL E6410 CORE I7 RAM 8G SSD 256G 14INCH ĐÈN PHÍM,https://www.lazada.vn/products/pdp-i2628747455.html,3.610.000 ₫,5.0,9 Đã bán
HP PROBOOK 440 G2 CORE I5 5200U RAM 8G SSD 128G 14INCH FINGER,https://www.lazada.vn/products/pdp-i2805107116.html,3.325.000 ₫,5.0,5 Đã bán
Laptop Lenovo 100s 11IBY mini siêu mỏng nhẹ cực đẹp,https://www.lazada.vn/products/pdp-i2665206955.html,1.770.000 ₫,,
"Laptop Fujitsu U727 Core i5-7300U, 32gb ram, 512gb SSD, 12.5” HD IPS, windows 11 bản quyền, vỏ nhôm siêu mỏng nhẹ chỉ 1.1kg",https://www.lazada.vn/products/pdp-i1902615859.html,4.990.000 ₫,,
"Laptop Lenovo Thinkpad X20 dùng cho học tập, giải trí, công việc v.v... đầy đủ phần mềm cơ bản",https://www.lazada.vn/products/pdp-i2040491240.html,3.990.000 ₫,,
Microsoft Surface Pro 7 Plus Phiên bản Ram 16 GB Hiệu Năng Cao l Chip i5 l SSD 256Gb l Màn Hình 13.5 l Mới 90-97%,https://www.lazada.vn/products/pdp-i3150534908.html,12.100.000 ₫,,
Laptop ThinkPad T460p Core i7-6820HQ l RAM 8GB l SSD 256GB l VGA GTX940MX Màn 14 Hàng Chuẩn 99%,https://www.lazada.vn/products/pdp-i2680581677.html,7.900.000 ₫,,
Laptop Lenovo Thinkpad T460s Core i5-6200U /8GB /256GB /14 inch FHD Pin &gt;3h,https://www.lazada.vn/products/pdp-i2317892057.html,5.300.000 ₫,,
[Gaming] Laptop Dell inspiron 7559 7557 core i7 6700HQ đồ họa độc lập GTX 960M 4GB mạnh mẽ cho game thủ,https://www.lazada.vn/products/pdp-i3162426713.html,5.470.000 ₫,,
"Laptop Sony Vaio VJS151 Core i5-6300HQ, 8gb Ram, 256gb SSD, 15,6inch Full HD IPS",https://www.lazada.vn/products/pdp-i1376968300.html,5.500.000 ₫,4.0,6 Đã bán
"Laptop Acer Aspire 4349 dùng cho học tập, giải trí, công việc v.v... đầy đủ phần mềm cơ bản",https://www.lazada.vn/products/pdp-i2040435463.html,4.590.000 ₫,,
"Laptop NEC GN202 Core i5-5200U, 8gb ram, 256gb ssd, màn 15.6inh, hàng nhập nhật Bản",https://www.lazada.vn/products/pdp-i2653541793.html,2.700.000 ₫,,
"Laptop Lenovo Legion Slim 5 Y7000P (2024), Core i7-14650Hx, Ram 16BG, SSD 1TB, 16inch 2.5K tần số quét 165Hz,RTX 4050 6G, tặng kèm bộ quà tặng cao cấp",https://www.lazada.vn/products/pdp-i2635928956.html,33.500.000 ₫,,"13 Đã bán
Hà Nội"
GAMING ASUS TUF FX706 CORE I5 11400H RAM 16GB SSD 512GB 17.3INCH 144HZ RTX 3050,https://www.lazada.vn/products/pdp-i2817804240.html,14.725.000 ₫,,
"Máy tính xách tay LenovoThinkBook 14 G8 IRL (21SG007MVA) | Intel core 5 210H | 16GB | 512GB SSD | 14""WUXGA 300N | NO OS | 2Yrs | Hàng Chính Hãng",https://www.lazada.vn/products/pdp-i3178676116.html,19.950.000 ₫,,
Laptop Dell Latitude 7400 2in1 - Core i7-8665U RAM 16G SSD 512G Màn 14 Inch FHD Touch ( Bảo Hành 3 đến 12 Tháng ),https://www.lazada.vn/products/pdp-i2461549336.html,8.300.000 ₫,,
"Alienware M15 R6 i7-11800H, RAM 16GB, SSD 512GB, VGA RTX 3050 Ti 4G, 15' FHD Full Box",https://www.lazada.vn/products/pdp-i2680652169.html,20.500.000 ₫,,
LENOVO THINKPAD T14S CORE I7 10610U RAM 16G SSD 512G 14INCH FHD IPS,https://www.lazada.vn/products/pdp-i2793436183.html,8.500.000 ₫,4.0,
Laptop Gaming MSI GF63 12UC-887VN i7-12650H | 8GB | 512GB | GeForce RTX™ 3050 - Hàng Chính Hãng,https://www.lazada.vn/products/pdp-i2623587263.html,22.195.000 ₫,,
Laptop Dell DC15255 - DC5R5802W1 (Ryzen 5 7530U/ Radeon Graphics 16GB/ 512GB/ Windows 11 + Office) - Bảo hành 12 tháng,https://www.lazada.vn/products/pdp-i3207474237.html,15.590.000 ₫,,
Laptop xách tay HP core i7 ram 6G ổ SSD Win 10 chính hãng (đã sử dụng) BH 1 năm,https://www.lazada.vn/products/pdp-i2138682441.html,9.990.000 ₫,,
Laptop Cũ Giá Rẻ | Laptop Dell Latitude 5320/ i5-1135G7/ 16GB/ 256GB,https://www.lazada.vn/products/pdp-i3134120031.html,6.800.000 ₫,,
"Laptop gaming Asus Vivobook 16Pro K6602Z Core i7-12650H, 32gb ram, 1tb SSD NVME, vga rời Nvidia RTX 3050TI, màn 16.1inch IPS full HD",https://www.lazada.vn/products/pdp-i2315698981.html,12.900.000 ₫,,"5 Đã bán
Hưng Yên"
"Laptop Cảm Ứng giá rẻ DELL Inspiron 13-7378, Core i7-7500U, 16GB RAM, 256GB SSD, Màn hình cảm ứng 360, nguyên zin nhật bản",https://www.lazada.vn/products/pdp-i2259157352.html,8.500.000 ₫,5.0,10 Đã bán
Laptop 2in1 Lenovo Yoga Thinkpad 260 ram 8GB ổ SSD 256GB chip intel Core i5-6300U kèm bút cảm ứng chuyên văn phòng,https://www.lazada.vn/products/pdp-i2313262547.html,4.499.000 ₫,,
"Thanh lý Laptop Dell vosttro V13, mỏng nhẹ. Giá bán 1,5 triệu",https://www.lazada.vn/products/pdp-i2185226493.html,1.500.000 ₫,3.0,
Máy tính xách tay cũ giá rẻ,https://www.lazada.vn/products/pdp-i1254699781.html,1.700.000 ₫,,
Laptop xách tay giá rẻ LENOVO THINKPAD E495 Ryzen3-3200U RAM 8GB SSD256GB 99%,https://www.lazada.vn/products/pdp-i2663496213.html,5.500.000 ₫,5.0,
"Laptop HP 240G4 thanh lý, dùng VP tốt",https://www.lazada.vn/products/pdp-i3152321120.html,1.539.000 ₫,,
Asus ROG Strix G16 i9-13980HX RAM 16GB SSD 512GB VGA 4070 8GB 16'' inch FHD 165Hz,https://www.lazada.vn/products/pdp-i2680503582.html,34.500.000 ₫,,
Laptop Gaming Acer Predator Helios Neo 16 - Core i7-13700HX RAM 16G SSD 512G RTX 4050 6GB Màn 16 Inch FHD 165Hz ( Bảo Hành 3 đến 12 Tháng ),https://www.lazada.vn/products/pdp-i2624401411.html,22.000.000 ₫,,
[Game] Laptop Dell 3559 3558 5543 3549 core i5 ram 8G đồ họa độc lập 2GB chiến game và văn phòng cực bền bỉ,https://www.lazada.vn/products/pdp-i3204794126.html,2.970.000 ₫,,
Laptop Asus Vivobook S16 S3607CA-SH083WS (Ultra 7-255H/ Intel Arc 16GB/ 512GB/ Windows 11 + Office + Microsoft) - Bảo hành 24 tháng,https://www.lazada.vn/products/pdp-i3223576022.html,25.490.000 ₫,,
Dell XPS 13 Plus 9320 Mẫu 2023 i7-1360P RAM 16GB SSD 1TB 13 inch FHD+ New,https://www.lazada.vn/products/pdp-i2680511917.html,27.400.000 ₫,,
Laptop Lenovo V15 G4 IRU (83A100URVN) | Intel Core i5-13420H | 8GB | 512GB SSD | Intel UHD Graphics | 15.6 Inch FHD | No Os | Grey,https://www.lazada.vn/products/pdp-i2617437921.html,13.050.000 ₫,,
laptop 840 core i7 5500u ram 16 gb SSD 256 gb siêu mạnh,https://www.lazada.vn/products/pdp-i2665660584.html,4.500.000 ₫,,
"Laptop Dell Latitude 3540 dùng cho học tập, giải trí, công việc v.v... đầy đủ phần mềm cơ bản",https://www.lazada.vn/products/pdp-i2040398453.html,4.990.000 ₫,,
"Laptop Gaming Acer Predator Helios 16 - Core i7-13700HX RAM 16G SSD 512G RTX 4060 8GB Màn 16 Inch 2,5K 165Hz ( Bảo Hành 3 đến 12 Tháng )",https://www.lazada.vn/products/pdp-i2802108102.html,31.000.000 ₫,,"5 Đã bán
Hồ Chí Minh"
"Laptop Laptop Lenovo V310-14ISK, Core i3-6006U, Ram 4GB, SSD 120GB, 14inch HD, laptop cũ giá rẻ, tặng chuột không dây, cặp laptop, lót chuột cao cấp",https://www.lazada.vn/products/pdp-i2654956292.html,3.100.000 ₫,,
"Laptop Nec VersaPro VK25TL Core i5, 8gb ram, 256gb SSD, 15.6” HD",https://www.lazada.vn/products/pdp-i2106077997.html,2.990.000 ₫,,
"Laptop Gaming MSI GP75 Leopard Core i7-10750H, 32gb Ram, 1tb SSD NVMe, 17.3” Full HD IPS",https://www.lazada.vn/products/pdp-i2092220193.html,19.600.000 ₫,,
HP LAPTOP 14 PENTIUM N5030 RAM 8G SSD 128G 14INCH VIỀN MỎNG,https://www.lazada.vn/products/pdp-i2930514803.html,3.500.000 ₫,,
Laptop xách tay Nhật Bản Fujitsu 12 inch ram 4Gb ổ cứng 250gb đầy đủ phụ kiện,https://www.lazada.vn/products/pdp-i2634512094.html,1.999.999 ₫,,
[NHẬP ITL3M0 GIẢM 12%] Laptop HP 15-fd0083TU - 8D736PA (i7-1355U/ RAM 16GB/ Onboard/ 512GB SSD/ Windows 11) - Bảo hành 12 thángv,https://www.lazada.vn/products/pdp-i2877928072.html,19.890.000 ₫,,
Surface Laptop 5 Core i7-1265U l Ram 16GB l SSD 512GB l Màn 13 inch 2K Touch Like new 99%,https://www.lazada.vn/products/pdp-i2680502318.html,18.500.000 ₫,,
"Microsoft Surface Pro 5 Nhập Khẩu Mỹ |Tặng kèm phím sạc chính hãng , Core I5 ,i7 7300U 4GB/8GB ram SSD 128GB/256GB màn hình 3K Tại Playmobile",https://www.lazada.vn/products/pdp-i1223944860.html,5.930.100 ₫,4.0,33 Đã bán
Máy tính xách tay/ Laptop Acer Aspire 5 A514-56P-35X7 (NX.KHRSV.001) (i3-1315U) (Xám) - Bảo hành 12 tháng,https://www.lazada.vn/products/pdp-i2413412570.html,10.690.000 ₫,,
bán laptop chuẩn nhật Fujitsu lifebook s936. I5 6200u. Ram 8.ssd 128 màn 13.3in fulHD.,https://www.lazada.vn/products/pdp-i3060062881.html,4.550.000 ₫,,
"Laptop Dell Latitude 5440, E5440 giá cực tốt, Core i5, Ram 4gb,ổ cứng SSD 128GB, màn hình 14inch HD,laptop cũ giá rẻ.",https://www.lazada.vn/products/pdp-i3147712384.html,2.999.000 ₫,,
"Thanh lý Laptop Lenovo E43, Pentum R dual core, ram 4GB, Màn hình 15 in. Giá bán 1,2 Triệu",https://www.lazada.vn/products/pdp-i2755912914.html,1.200.000 ₫,1.2,
"Laptop Gaming Lenovo Legion 5i - Core i7-12700H RAM 16G SSD 512G RTX 3060 6GB Màn 15,6 Inch FHD 165Hz ( Bảo Hành 3 đến 12 Tháng )",https://www.lazada.vn/products/pdp-i2433710200.html,22.500.000 ₫,,
"Laptop Workstation Fujitsu Celcius H780 Core i7-8850H, 64gb ram, 512gb SSD, vga Quadro P1000M, màn 15.6” Full HD vỏ nhôm sang trọng",https://www.lazada.vn/products/pdp-i2357542748.html,6.800.000 ₫,5.0,
Laptop MSI Stealth 18 AI Studio A1VHG 025VN (Intel Core Ultra 9 185H | 32GB | RTX 4080 | 18' UHD 120Hz) - Hàng Chính Hãng,https://www.lazada.vn/products/pdp-i2627997736.html,100.000.000 ₫,,"16 Đã bán
Hồ Chí Minh"
Laptop MSI Raider GE68 HX 13VG-048VN (i7-13700HX | 32GB | 2TB | GeForce RTX™ 4070 8GB | 16' QHD 240Hz | Win 11),https://www.lazada.vn/products/pdp-i2628570537.html,70.840.000 ₫,,
Lenovo IdeaPad Slim 3 Ryzen 5 7520U RAM 8GB SSD 256GB 15.6 inch - Hàng Chính Hãng - BH 1 Năm - Có Xuất VAT,https://www.lazada.vn/products/pdp-i2928868681.html,11.200.000 ₫,,
"Laptop Asus TUF Gaming FX506LI/ Core i5 10300H/ Ram 8GB/ SSD 512GB/ GTX 1650Ti 4GB/ LCD 15.6 Full HD (1920 x 1080), 144Hz",https://www.lazada.vn/products/pdp-i1970501145.html,12.500.000 ₫,,
"Laptop Dell Inspiron 3501 cấu hình cao, Core i5 1135G7, Ram 16GB, SSD 512GB,VGA, màn hình 15.6inch Full HD, laptop lướt zin, tặng kèm bộ quà cao cấp",https://www.lazada.vn/products/pdp-i2622021789.html,11.100.000 ₫,,
"Laptop HP 250 G9R (Core i5-1335U/ 16GB/ 512GB/ Intel Iris Xe Graphics/ 15.6"" FHD/ Win 11 Home/ Đen) Giá Rẻ Cấu Hình Khủng Cho Học Sinh, Sinh Viên, Văn phòng",https://www.lazada.vn/products/pdp-i3094607771.html,12.550.000 ₫,,
ASUS VIVOBOOK X542UF CORE I5 8250U RAM 8G SSD 256G 15.6INCH FHD VGA,https://www.lazada.vn/products/pdp-i3129768978.html,6.500.000 ₫,5.0,
Laptop Gaming MSI Raider GE68 HX 13VF-050VN (i7-13700HX | 16GB | 2TB SSD | RTX4060 8GB | 16″ QHD+ 240Hz) - Hàng Chính Hãng,https://www.lazada.vn/products/pdp-i2628141058.html,66.700.000 ₫,,
Bán laptop nhật Fujitsu AH77. cpu i5 7200u.ram 8.ssd 256g. hàng cũ hinh thức đẹp 90%,https://www.lazada.vn/products/pdp-i3060115661.html,5.250.000 ₫,,
[Freeship] Laptop Asus ExpertBook B1400CEAE-EK3724/ Đen/ Intel Core i5-1135G7 / RAM 8GB/ 256GB/ 14inch FHD/ Endless/ Chuột/ 2Yrs - MEI22 - Bảo hành 12 tháng,https://www.lazada.vn/products/pdp-i1720703917.html,15.290.000 ₫,,
laptop Dell Latitude E5530 🇯🇵 Dòng Doanh Nhân Siêu Bền - Văn Phòng Học Tập Quá Ngon Luôn * i3 3110M / Ram 4G / SSD 128G / Màn 15.6in HD / Pin 2-3h,https://www.lazada.vn/products/pdp-i1908200028.html,2.800.000 ₫,,
Laptop Lenovo Thinkpad X1 Yoga Gen 7 Core i7-1265U l RAM 16G l SSD 512G l Màn 14' FHD .,https://www.lazada.vn/products/pdp-i2680655076.html,19.900.000 ₫,,
Laptop Asus Vivobook S 14 S3407CA-LY096WS (Ultra 7-255H/ Onboard graphics/ 16GB/ 512GB/ Windows 11 + Office + Microsoft) - Bảo hành 24 tháng,https://www.lazada.vn/products/pdp-i3206780941.html,24.590.000 ₫,,
"Laptop Lenovo ThinkPad X1 Extreme Gen 2 - Core i7-9750H RAM 16G SSD 512G VGA GTX 1650 Màn 15,6 Inch FHD IPS ( Bảo Hành 3 đến 12 Tháng )",https://www.lazada.vn/products/pdp-i2458451661.html,17.100.000 ₫,,
Laptop Lenovo LOQ 15IRX9 - 83DV013PVN (i5-13450HX/ GeForce RTX™ 3050/ 12GB/ 512GB/ Windows 11) - Bảo hành 36 tháng,https://www.lazada.vn/products/pdp-i3089132140.html,22.490.000 ₫,,
"Laptop Dell Latitude 5480 màn 14'' Full HD, Ram 8GB SSD 256GB chip Intel Core i5-6300U chuyên văn phòng (WIFI)",https://www.lazada.vn/products/pdp-i2342113726.html,3.699.000 ₫,,
Laptop HP Victus 15-fb3116AX - BX8U4PA (Ryzen 7 7445HS/ RTX 3050 6GB/16GB/ 512GB/ Windows 11) - Bảo hành 12 tháng,https://www.lazada.vn/products/pdp-i3217120093.html,22.490.000 ₫,,
LapTop Cảm Ứng Microsoft surface pro 7+ Core i5-1035G4 Ram 16gb SSD 256gb Màn touch 3k pin&gt; 4h,https://www.lazada.vn/products/pdp-i3159273392.html,15.000.000 ₫,,
Laptop Msi Modern 15 F13MG-667VN_16G (i5-1334U/ Intel UHD 16GB/ 512GB/ Windows 11) - Bảo hành 24 tháng,https://www.lazada.vn/products/pdp-i3206841128.html,14.690.000 ₫,,
Laptop LG Gram Book 15U50T-G.AV56A5 (i5-1334U/ Onboard graphics/ 16GB/ 512GB/ Windows 11) -Bảo hành 12 tháng,https://www.lazada.vn/products/pdp-i3143258140.html,16.990.000 ₫,,
Laptop Gaming Lenovo Legion 5i Pro - Core i7-12700H RAM 16G SSD 512G RTX 3060 6GB Màn 16 Inch 2K QHD 165Hz ( Bảo Hành 3 đến 12 Tháng ),https://www.lazada.vn/products/pdp-i2433590816.html,25.500.000 ₫,,
"Laptop Dell Precision 7740 - Core i7-9750H RAM 16G SSD 512G VGA RTX 3000 Màn 17,3 Inch FHD IPS ( Bảo Hành 3 đến 12 Tháng )",https://www.lazada.vn/products/pdp-i2679095733.html,18.500.000 ₫,,
Máy tính xách tay Lenovo ThinkPad E14 Gen 7 (21T9001YVA) | Intel® Core™ 5 210H | 16GB | 512GB SSD PCIe | VGA Intel® Graphics | 14 inch WUXGA IPS | IR Camera | Finger | LED KEY | NoOs | Black | Hàng Chính Hãng,https://www.lazada.vn/products/pdp-i3187326811.html,22.100.000 ₫,,
Laptop giá xách tay giá rẻ DELL latitude 5500 I5-8265U RAM 8GB SSD 256GB,https://www.lazada.vn/products/pdp-i2645178251.html,7.500.000 ₫,,
[Cấu hình cao-Pin trâu] Laptop Panasonic Let’s note CF-SV7 (i7 8550U/ 8GBGB/ SSD 256GB/ FHD+) HÀNG NỘI ĐỊA NHẬT siêu bền,https://www.lazada.vn/products/pdp-i3182241113.html,4.900.000 ₫,,
"laptop hp 430g3 i5 6200U, 8GB, SSD 256GB, màn hình 13.3 inch",https://www.lazada.vn/products/pdp-i2665416961.html,3.989.000 ₫,,
"Laptop Gaming Acer Predator Helios 300 2022 - Core i7-12700H RAM 16G SSD 512G RTX 3060 6GB Màn 15,6 Inch FHD 165Hz ( Bảo Hành 3 đến 12 Tháng )",https://www.lazada.vn/products/pdp-i2432128436.html,21.800.000 ₫,,
"Siêu laptop vỏ nhôm Asus B53E Core i5 , ram 8GB , hdd 1000 gb cấu hình cao chơi game ổn , bảo hành 12 tháng",https://www.lazada.vn/products/pdp-i257998462.html,1.842.000 ₫,3.0,7 Đã bán
"Laptop Lenovo Legion 5 15ARP8, Ryzen 7-7735HS, Ram 16GB, SSD512GB, RTX 4060, 15.6inch 2K+ 165Hz, laptop gaming cấu hình cao cân mọi tựa game",https://www.lazada.vn/products/pdp-i2655727653.html,28.800.000 ₫,,"6 Đã bán
Hà Nội"
"Máy tính xách tay Dell Latitude 7420 Core i5-1135G7, Ram 16GB, SSD 256GB",https://www.lazada.vn/products/pdp-i2009929954.html,9.000.000 ₫,5.0,144 Đã bán
[Trả góp 0%]Laptop 2 trong 1 kiêm máy tính bảng Acer Switch Alpha 12 Core i5-6200U 8gb Ram 256gb SSD 12inch 2K windows 10 bản quyền có bàn phím,https://www.lazada.vn/products/pdp-i1070294584.html,6.950.000 ₫,5.0,
"Microsoft Surface Laptop Go 12.4'' Core I5 Gen 10 8G,16GB SSD 128GB -256GB Nhập khẩu Mỹ .Màn cảm ứng",https://www.lazada.vn/products/pdp-i2020590572.html,9.590.000 ₫,5.0,28 Đã bán
Laptop HP 14 ep1009TU - 9Z2W2PA (Core 5 120U/ Intel Graphics 16GB/ 1TB/ Windows 11) - Bảo hành 12 tháng,https://www.lazada.vn/products/pdp-i3207006262.html,18.090.000 ₫,,
laptop nhật nội địa Fujitsu lifebook s936. i5. Ram 8g.ssd 128g,https://www.lazada.vn/products/pdp-i3060134588.html,3.250.000 ₫,,
LAPTOP DELL 3157 2 IN 1 N3050 RAM 8G SSD 256G 11.6INCH TOUCH 360 ĐỘ,https://www.lazada.vn/products/pdp-i2745541007.html,3.600.000 ₫,,
"Laptop Gaming Lenovo Legion 5 AMD - Ryzen 7-6800H RAM 16G SSD 512G RTX 3060 6GB Màn 15,6 Inch FHD 165Hz ( Bảo Hành 3 đến 12 Tháng )",https://www.lazada.vn/products/pdp-i2433760059.html,22.500.000 ₫,,
"Laptop Lenovo ThinkPad X1 Nano Gen 1, Core i7-1180G7, Ram 16GB, SSD 256GB, 13inch phân giải 2K IPS, tặng chuột không dây, tấm lót chuột, cặp laptop",https://www.lazada.vn/products/pdp-i2659878699.html,21.800.000 ₫,,
LAPTOP xách tay giá rẻ DELL PRECISION 5540 I7 9850H RAM 16gb SSD 512gb,https://www.lazada.vn/products/pdp-i2656619535.html,16.200.000 ₫,,
"Laptop Dell Precision 3561 - Core i7-11800H RAM 16G SSD 512G VGA Quadro T600 Màn 15,6 Inch FHD IPS ( Bảo Hành 3 đến 12 Tháng )",https://www.lazada.vn/products/pdp-i2842393224.html,17.800.000 ₫,,
[Trả góp 0%]LENOVO THINKPAD P51 CORE I7 6820HQ RAM 16G SSD 512G 15.6INCH FHD VGA M2000,https://www.lazada.vn/products/pdp-i626082676.html,7.990.000 ₫,,
Laptop Asus TUF Gaming A14 FA401KM-RG010WS (Ryzen AI 7 350/ RTX 5060 8GB/32GB/ 1TB/ Windows 11 + Office + Microsoft) - Bảo hành 24 tháng,https://www.lazada.vn/products/pdp-i3210888414.html,42.190.000 ₫,,
"Laptop Gaming MSI Bravo 15 C7VFK-275VN (Ryzen 7 7735HS, RTX 4060 8GB, Ram 16GB DDR5, SSD 512GB, 15.6 Inch IPS 144Hz FHD)",https://www.lazada.vn/products/pdp-i2618879567.html,30.750.000 ₫,,
"[HCM]LAPTOP Lenovo ThinkPad X1 Carbon Gen 4, Core i7 6600U, Ram 8GB, SSD 256GB, 14Inch",https://www.lazada.vn/products/pdp-i2446252243.html,5.600.000 ₫,,
Laptop MSI Cyborg 15 A12UCX-281VN i5-12450H | 8GB | 512GB | RTX 2050 - Hàng Chính Hãng,https://www.lazada.vn/products/pdp-i2624971503.html,20.125.000 ₫,,
MICROSOFT SURFACE BOOK 2 I5 7300U RAM 8GB SSD 256GB 3K CẢM ỨNG 2IN1 VỎ NHÔM GIÁ RẺ,https://www.lazada.vn/products/pdp-i2141256478.html,10.500.000 ₫,,
LAPTOP HP ELITEBOOK 840 G5 i7 8650U/ RAM 8GB/ SSD 256GB/ 14IN FACE ID/ MÀU BẠC/ BỀN BỈ DOANH NHÂN CAO CẤP/ GIÁ RẺ,https://www.lazada.vn/products/pdp-i2393755927.html,8.990.000 ₫,,
"Laptop Dell Precision 5540 - Core i7-9750H RAM 16G SSD 512G VGA Quadro T2000 Màn 15,6 Inch FHD IPS ( Bảo Hành 3 đến 12 Tháng )",https://www.lazada.vn/products/pdp-i2448041354.html,13.700.000 ₫,,
HÀNG MỚI VỀ DELL LATITUDE 7490 CORE I5 8350U RAM 16GB SSD 512GB 14INCH FULLHD,https://www.lazada.vn/products/pdp-i2079298516.html,5.320.000 ₫,4.0,51 Đã bán
HP Pavilion 15 eg2058TU (6K788PA) | Intel® Alder Lake Core™ i5 _ 1240P | 8GB | 256GB SSD PCIe | Intel® Iris® Xe Graphics | 15.6 inch Full HD IPS | Win 11,https://www.lazada.vn/products/pdp-i2306247149.html,14.750.000 ₫,,
"Laptop Fujitsu LifeBook AH53/S Core i7-4712QM, 16gb Ram, 256gb SSD, 15.6inch Full HD",https://www.lazada.vn/products/pdp-i2148024570.html,4.990.000 ₫,,
Laptop Asus Vivobook 15 OLED A1505VA-L1688W (i7-13620H/ 16GB/ 512GB/ Windows 11) - Bảo hành 24 tháng,https://www.lazada.vn/products/pdp-i3206912667.html,19.590.000 ₫,,
[NHẬP ITL3M0 GIẢM 12%] Laptop HP 15-fd0083TU - 8D736PA (i7-1355U/ RAM 16GB/ Onboard/ 512GB SSD/ Windows 11) - Bảo hành 12 tháng,https://www.lazada.vn/products/pdp-i2878124495.html,18.390.000 ₫,,
LAPTOP Dell Latitude 7400 2 In 1 (I5 i7 8665U/ 16GB/ SSD 512GB/Touch)MÀN HÌNH 14 IN CẢM ỨNG XOAY GẬP 360 ĐỘ ( THẾ HỆ THỨ 11),https://www.lazada.vn/products/pdp-i2668538058.html,8.900.000 ₫,5.0,12 Đã bán
Laptop Acer Nitro Lite 16 NL16-71G-56WQ (i5-13420H/ GeForce RTX™ 3050/ 16GB/ 512GB/ Windows 11) - Bảo hành 24 tháng,https://www.lazada.vn/products/pdp-i3113613086.html,21.690.000 ₫,,
"Dell Latitude 3590 – Laptop Nội Địa Nhật Siêu Bền, Cấu Hình Mạnh – Giá Chưa Đến 5 Triệu! 🔥",https://www.lazada.vn/products/pdp-i3039451644.html,4.890.000 ₫,,
Laptop HP Victus 15 fa2731TX (B85LNPA) (i5-13420H/ RTX 3050 6GB/16GB/ 512GB/ Windows 11) - Bảo hành 12 tháng,https://www.lazada.vn/products/pdp-i3207573001.html,24.090.000 ₫,,
"Laptop Dell Latitude 3301 Core i7-8565U, 16gb ram, 512gb SSD, màn 13.3inch Full HD bản cao cấp cho doanh nhân",https://www.lazada.vn/products/pdp-i2630757924.html,4.200.000 ₫,,
Laptop HP Victus 16-r0298TX - AE0N5PA (i5-13500HX/ GeForce RTX™ 4060/ 16GB/ 512GB/ Windows 11) - Bảo hành 12 tháng,https://www.lazada.vn/products/pdp-i3164278725.html,27.490.000 ₫,,
DELL LATITUDE E7440 CORE I5 4300U RAM 8G SSD 256GB 14INCH FULLHD ĐÈN PHÍM GIÁ RẺ,https://www.lazada.vn/products/pdp-i1999598213.html,3.900.000 ₫,5.0,
Laptop xách tay giá rẻ HP PROBOOK 640G8 I5-1145G7 RAM 16G SSD 256GB/512G 14 INCH FULL HD,https://www.lazada.vn/products/pdp-i2641349388.html,18.000.000 ₫,,
"Laptop Dell inspiron 14 Plus 7430, Core i7-13620H, Ram16GB, SSD 512GB, màn hình 14inch 2.5K tần số quét 90Hz cực mượt mà, laptop văn phòng mới fullbox",https://www.lazada.vn/products/pdp-i2617064562.html,21.500.000 ₫,,
"Laptop Dell Latitude 5470, E5470 , Core i5, i7, Màn 14 FHD, Ram 8gb, ổ cứng SSD 256gb, máy tính xách tay giá rẻ lướ",https://www.lazada.vn/products/pdp-i3147658754.html,4.200.000 ₫,,
"Thanh lý Laptop Dell, Hp, Acer, Lenovo, Toshiba, Asus..., core I3, ram 4GB, Màn hình 15 in. Giá bán 1,3 Triệu",https://www.lazada.vn/products/pdp-i2755958765.html,1.300.000 ₫,1.3,
"Laptop Gaming Asus ROG Zephyrus M16 - Core i7-12700H RAM 16G SSD 512G RTX 3060 Màn 16 Inch 2,5K 165Hz ( Bảo Hành 3 đến 12 Tháng )",https://www.lazada.vn/products/pdp-i2809881577.html,22.800.000 ₫,,
Laptop Cũ giá rẻ Hp Elitebook 840 G3 i5 6300U RAM 8GB DDR4 SSD 256GB 14 Inches Full HD Card on,https://www.lazada.vn/products/pdp-i2241078051.html,5.600.000 ₫,,
Laptop Dell vostro 5560 core i5 đồ họa độc lập vỏ nhôm cực kì bền bỉ cho văn phòng giải trí,https://www.lazada.vn/products/pdp-i3126656413.html,2.670.000 ₫,,
Laptop HP ZBook Firefly 14 G9 | i7-1265U | Ram 16GB | SSD 512GB | 14 inch FHD Cảm ứng| HP IR Camera | Win 10 Pro,https://www.lazada.vn/products/pdp-i2415861829.html,20.615.000 ₫,,
laptop văn phòng,https://www.lazada.vn/products/pdp-i1160780738.html,1.299.999 ₫,3.0,20 Đã bán
"Laptop HP EliteBook 850 G5 Core i7-8550U, 16gb ram, 512gb SSD, màn hình 15.6” Full HD mẫu cao cấp",https://www.lazada.vn/products/pdp-i3064689653.html,5.900.000 ₫,,
Sale laptop Toshiba satellite l750.i7 2670qm.ram 8.ssd 256g.do mới 90%,https://www.lazada.vn/products/pdp-i3060152524.html,2.550.000 ₫,,
"Laptop Asus ROG Flow Z13 - Core i5-12500H RAM 16G SSD 512G Màn 13,4 Inch FHD 120Hz",https://www.lazada.vn/products/pdp-i2494185182.html,22.700.000 ₫,,
Laptop Gaming Lenovo Legion 5 Pro AMD - Ryzen 7-5800H RAM 16G SSD 512G RTX 3070 Màn 16 Inch 2K QHD 165Hz ( Bảo Hành 3 đến 12 Tháng ),https://www.lazada.vn/products/pdp-i2969126008.html,23.000.000 ₫,,
DELL LATITUDE E5440 CORE I5 4200U RAM 8G SSD 256G 14INCH,https://www.lazada.vn/products/pdp-i2276887016.html,3.500.000 ₫,5.0,16 Đã bán
Microsoft Surface Laptop 3 Hồng Phiên bản Ram 8 GB Hiệu Năng Cao l Chip i5 l SSD 256Gb l FULLBOX MỚI 97-98%,https://www.lazada.vn/products/pdp-i3153287854.html,8.990.000 ₫,,
"Laptop HP Elitebook 840 G9 i7-1265U, Ram 16G, 512GB, 14 inch IPS Mới 99%",https://www.lazada.vn/products/pdp-i2680510781.html,13.900.000 ₫,,
HP PAVILION LAPTOP 14 CORE I3 7100U RAM 8G SSD 256G 14INCH FHD,https://www.lazada.vn/products/pdp-i3135094665.html,4.500.000 ₫,5.0,
"Laptop Cũ Rẻ Các Hãng Ram 8Gb/SSD Core i5 - i7: Dell, HP, Asus,.. Máy Đẹp Đủ Sạc,..Dùng Full Chức Năng",https://www.lazada.vn/products/pdp-i2634378679.html,3.573.000 ₫,,
LAPTOP DELL 5470/ I5-6440U/ RAM 8G/ SSD 256G,https://www.lazada.vn/products/pdp-i3119264201.html,3.950.000 ₫,,
"Laptop Asus ROG Flow Z13 - Core i9-12900H RAM 16G SSD 512G VGA RTX 3050Ti Màn 13,4 Inch FHD 120Hz ( Bảo Hành 3 đến 12 Tháng )",https://www.lazada.vn/products/pdp-i2809734671.html,23.500.000 ₫,,
laptop fujitsu floral kiss ch75,https://www.lazada.vn/products/pdp-i3060245067.html,5.150.000 ₫,,
Laptop Asus Zenbook 14 UX3402ZA-KM220W (AQUA CELADON)- Hàng Chính Hãng,https://www.lazada.vn/products/pdp-i2056501009.html,26.990.000 ₫,,
"Acer Predator Helios Neo PHN16-72-93Q8, Core i9-14900Hx, Ram 16GB,SSD 1TB,RTX 4060,16inch 2.5k 180Hz",https://www.lazada.vn/products/pdp-i2951228003.html,37.250.000 ₫,,"6 Đã bán
Hà Nội"
"Laptop giá rẻ I7-7500U 15.6 inch Ram 16GB, SSD 512GB, Win 11 pro dành cho học sinh, văn phòng - Bảo hành hãng 2 năm",https://www.lazada.vn/products/pdp-i3164263967.html,9.400.000 ₫,5.0,
Laptop Dell XPS 17 9700 Core i7-10875H l RAM 16GB l SSD 512GB l RTX 2060 6G l Màn 17 inch UHD 4K,https://www.lazada.vn/products/pdp-i2680603168.html,22.500.000 ₫,,
HP Spectre X360 CORE I7 7500U RAM 16G SSD 128G13.3INCH FHD TOUCH 360,https://www.lazada.vn/products/pdp-i2676698114.html,7.410.000 ₫,,
Máy Tính Xách Tay Laptop Gaming ASUS TUF A15 FA506IHRB-HN080W Ryzen™ 5-4600H - Hàng Chính Hãng,https://www.lazada.vn/products/pdp-i2056768386.html,19.370.000 ₫,,
Laptop Dell Inspiron 15 3530 N5I5407W1-Black (i5-1334U) (Đen) - Bảo hành 12 tháng,https://www.lazada.vn/products/pdp-i3161394640.html,15.290.000 ₫,,
"Laptop Gaming Samsung Odyssey 760XDA Core i7-11600H, 32gb ram, 1tb SSD, vga Nvidia RTX3050Ti, màn 15.6inch Full HD",https://www.lazada.vn/products/pdp-i2417613820.html,12.000.000 ₫,,
Laptop MSI Modern 15 B12MO 625VN (i5-1235U | 8GB RAM | 512GB SSD | Intel Iris Xe | 15.6 inch FHD 60Hz | Win 11),https://www.lazada.vn/products/pdp-i2618927977.html,14.835.000 ₫,,"5 Đã bán
Hồ Chí Minh"
Dell Latitude 5290 dòng máy 2 in 1 Nhật zin,https://www.lazada.vn/products/pdp-i2494150811.html,5.720.000 ₫,,
"Laptop 2 trong 1 Panasonic CF-MX5 Core i5-6300U, 8gb ram, 256gb SSD, màn 12.5inch Full HD cảm ứng gập 360 độ, vỏ nhôm magie siêu bền",https://www.lazada.vn/products/pdp-i2579446686.html,3.500.000 ₫,4.0,
Laptop Acer Aspire 7 A715-59G-73LB (i7-12650H/ GeForce RTX™ 3050/ 16GB/ 512GB/ Windows 11) -Bảo hành 12 tháng,https://www.lazada.vn/products/pdp-i3138658417.html,20.990.000 ₫,,
"Máy tính Dell Latitude 7300 Core i5 8th, Ram 8, SSD 256, 13,3inch Full HD",https://www.lazada.vn/products/pdp-i2010034530.html,6.000.000 ₫,5.0,110 Đã bán
Laptop Dell XPS 15 9500 Core i7-10750H l RAM 16GB l SSD 512GB l Màn 15 inch 4K [BẢO HÀNH 3 - 12 THÁNG] Hàng Đẹp 99%,https://www.lazada.vn/products/pdp-i1986166570.html,19.900.000 ₫,,
"Thanh lý Laptop Lenovo- Core I5, mới 98%, siêu mỏng, pin 3,5 tiếng, full chức năng, đủ phụ kiện, giá 3,5 triệu. Có ship tỉnh. Điện thoai: 0986435142",https://www.lazada.vn/products/pdp-i2101930578.html,3.500.000 ₫,3.5,
Máy tính xách tay Lenovo ThinkPad E14 Gen 7 (21SX002NVA) | Intel Core U5 225H | 16GB | 512GB SSD | 14″ WUXGA | NoOs | Hàng Chính Hãng | Đen,https://www.lazada.vn/products/pdp-i3187314895.html,24.200.000 ₫,,
"Laptop Lenovo Gaming LOQ 15APH8, Ryzen 7-7840Hs, Ram 8GB, SSD 512GB, 15.6inch FHD 144Hz, RTX 4050 6G, tặng chuột không dây, tấm lót chuột, cặp laptop",https://www.lazada.vn/products/pdp-i2664122134.html,23.500.000 ₫,,
"Laptop Dell XPS 9315 - Core i7-1250U RAM 16G SSD 512G Màn 13,4 Inch FHD+ ( Bảo Hành 3 đến 12 Tháng )",https://www.lazada.vn/products/pdp-i2476068835.html,20.500.000 ₫,,
"Laptop Lenovo ThinkPad P1 Gen 4 - Core i7-11800H RAM 16G SSD 512G VGA Quadro T1200 Màn 15,6 Inch FHD IPS ( Bảo Hành 3 đến 12 Tháng )",https://www.lazada.vn/products/pdp-i2458770170.html,27.300.000 ₫,,
"Laptop Nhật DEll 3540 i5 4300/ram4/hdd 500g/ màn 15.6 full box nguyên tem fpt bảo hành 12 tháng ,60ngay 1 đổi 1",https://www.lazada.vn/products/pdp-i270780389.html,2.500.000 ₫,5.0,
Laptop Acer Aspire Go 14 AI AG14-71M-57WR (Core Ultra 5-125H) - Bảo hành 24 tháng,https://www.lazada.vn/products/pdp-i3210052662.html,16.790.000 ₫,,
"Thanh lý Laptop Dell, Hp, Acer, Lenovo, Toshiba, Asus......màn 15 inh, cpu Core I5 ( cấu hình mạnh), ram 2G, ô cứng 350Gb. Giá bán 1,5 Triệu",https://www.lazada.vn/products/pdp-i2767036076.html,1.500.000 ₫,1.5,
", Thanh lý Laptop Dell, Hp, Acer, Lenovo, Toshiba, Asus...,màn 15 inh, cpu Core I5 ( cấu hình mạnh), ram 2G, ô cứng 350G. Giá bán 1,5 Triệu",https://www.lazada.vn/products/pdp-i2767013138.html,1.500.000 ₫,1.5,
Laptop Acer Nitro Lite 16 NL16-71G-56WQ (i5-13420H/ GeForce RTX™ 3050/ 16GB/ 512GB/ Windows 11) - Bảo hành 24 tháng,https://www.lazada.vn/products/pdp-i3113525160.html,21.390.000 ₫,,
"LAPTOP Màu xanh , Màu trẻ trung DELL 5547 I5-4210U MÀU XANH bảo hành 12thang ,60 ngày 1 đổi 1",https://www.lazada.vn/products/pdp-i281588880.html,3.427.000 ₫,,
"Laptop HP ProBook 4540S Core i7, 8gb ram, 256gb SSD, nàm 15,6inch HD",https://www.lazada.vn/products/pdp-i2219781921.html,3.500.000 ₫,,
laptop Dell Dell Latitude 3310 2in1 | Core i5-8300 | 16GB | 512GB | 13.3inch FHD Cảm ứng xoay gập 360 độ,https://www.lazada.vn/products/pdp-i2689196206.html,6.920.000 ₫,5.0,8 Đã bán
"Laptop Dell Precision 3520, Core i7-7820HQ, ram 8GB, SSD 256GB, VGA, 15.6inch Full HD, tặng tấm lót chuột, chuột không dây, cặp laptop cao cấp",https://www.lazada.vn/products/pdp-i2647823508.html,6.100.000 ₫,5.0,
Laptop xách tay giá rẻ DELL XPS 13 9380 I5–8265U | Ram 8GB | SSD 256GB | 13.3″ HD | Card On Pin 90%,https://www.lazada.vn/products/pdp-i2634584435.html,8.500.000 ₫,,
"LAPTOP DELL LATITUDE E5400 MỎNG, NHẸ, ĐẸP",https://www.lazada.vn/products/pdp-i3060361344.html,4.900.000 ₫,,
Laptop Asus E200H X205TA win 10 siêu mỏng nhẹ học online văn phòng xem phim lướt web,https://www.lazada.vn/products/pdp-i2665349152.html,2.370.000 ₫,,
"Laptop Nec VersaPro VKT13/H Core i7-8500Y, 8gb ram, 512gb SSD, màn 12.5inch Full HD IPS siêu mỏng nhẹ",https://www.lazada.vn/products/pdp-i2139930526.html,4.700.000 ₫,,
"Laptop Dell Latitude 7490, E7490 màn hình 14inch FHD cảm ứng cao cấp nguyên zin 99%, Core i7, Ram 8gb, ổ cứng SSD 256gb, máy tính xách tay giá tốt",https://www.lazada.vn/products/pdp-i2455245196.html,7.050.000 ₫,5.0,12 Đã bán
"Laptop Dell Gaming G15 5520 - Core i7-12700H RAM 16G SSD 512G RTX 3060 6GB Màn 15,6 Inch FHD 165Hz",https://www.lazada.vn/products/pdp-i2433182375.html,20.000.000 ₫,,
Laptop Gaming Lenovo Legion 5 Pro AMD - Ryzen 7-5800H RAM 16G SSD 512G RTX 3050Ti 4GB Màn 16 Inch 2K QHD 165Hz ( Bảo Hành 3 đến 12 Tháng ),https://www.lazada.vn/products/pdp-i2433683343.html,21.500.000 ₫,,
Laptop Thinkpad P53 i7-9750H RAM 16GB SSD 512GB VGA T1000 4GB 15' FHD IPS (1920x1080) [ BẢO HÀNH 3 - 12 THÁNG ],https://www.lazada.vn/products/pdp-i2098011126.html,14.500.000 ₫,,
Lenovo ThinkPad E15 Gen 4 (21E600CMVA) | Intel® Alder Lake Core™ i7 _ 1255U | 8GB | 512GB SSD PCIe Gen 4 | Intel® Iris® Xe Graphics | 15.6 inch Full HD IPS | Finger | IR Camera | LED KEY,https://www.lazada.vn/products/pdp-i2306223148.html,18.550.000 ₫,,
LAPTOP DELL INSPIRON 3567 CORE I5 7200U RAM 8G SSD 128G+500G 15.6ICNH GIÁ RẺ,https://www.lazada.vn/products/pdp-i2658899736.html,4.800.000 ₫,,
Laptop đồ hoạ Zbook 15G3 Core i7 6820HQ/ Ram 16Gb/ SSD 256Gb + HDD 500Gb/ VGA M2000M/ 15.6 inch Full HD,https://www.lazada.vn/products/pdp-i3089184363.html,6.750.000 ₫,,
Laptop mini hàng đẹp hp 820g3,https://www.lazada.vn/products/pdp-i2861109809.html,3.550.000 ₫,,
Laptop Asus Zenbook 14 OLED UX3402VA-KM068W (Intel Core i7-1360P | 14 inch OLED WQXGA+) - Hàng Chính Hãng,https://www.lazada.vn/products/pdp-i2253228182.html,31.190.000 ₫,,
Laptop Asus Vivobook Pro 14X OLED M7400QC-KM013W R5 5600H - Hàng Chính Hãng,https://www.lazada.vn/products/pdp-i2056359109.html,27.990.000 ₫,,
laptop Panasonic CF-SZ5 Core i5-6200U Ram8GB/SSD 256GB/màn 12.5inh ips chống loá/nhẹ800gram,https://www.lazada.vn/products/pdp-i2286642860.html,4.899.000 ₫,,
"Microsoft Surface Laptop 5 2022 | Intel Evo Core i7-1255U | Ram 16GB | 512GB SSD | 15"" inch 2K Touch Screen",https://www.lazada.vn/products/pdp-i2507152812.html,19.250.000 ₫,,
Laptop Lenovo ThinkPad P50 I7-6820HQ| RAM 16GB| SSD 512GB| Quadro M1000M FHD| 15.6 FHD,https://www.lazada.vn/products/pdp-i824790352.html,10.699.000 ₫,,"6 Đã bán
Hà Nội"
Laptop Acer Aspire Lite 15 AL15-41P-R3U5 (Ryzen 7 5700U/ Onboard graphics/ 16GB/ 512GB/ Windows 11) - Bảo hành 12 tháng,https://www.lazada.vn/products/pdp-i3113527042.html,12.290.000 ₫,,
"Laptop MSI Phiên Bản Nội Địa Nhật - eX.Computer N1422K - Thiết Kế Full Nhôm Cực Đẹp - Siêu Mỏng , Gọn , Nhẹ * i7 10510U / Ram 16G / SSD 512G Nvme / Màn 14in FHD IPS / Pin 4-5h / Sạc Zin / Phím Led / Full Chức Năng …",https://www.lazada.vn/products/pdp-i3107063981.html,8.900.000 ₫,,
"Laptop Fujitsu SH75/B3 core i7-7550U, 20gb ram, 512gb SSD, màn 13.3” 2K IPS siêu sắc nét, vỏ nhôm cao cấp",https://www.lazada.vn/products/pdp-i2525486358.html,4.990.000 ₫,,
"Laptop Acer Predator Helios 300 PH315-55-71VX, Core i7-12700H, Ram 16GB, SSD512,RTX 3060 6G, 15.6inch 2.5k,165Hz Led RGB, tặng kèm bộ quà tặng cao cấp",https://www.lazada.vn/products/pdp-i2630570043.html,26.700.000 ₫,,
Laptop 2 trong 1 cảm ứng win 10 pro ram 4GB/64GB có hổ trợ thẻ nhớ ngoài,https://www.lazada.vn/products/pdp-i2344774241.html,2.599.000 ₫,,
"Laptop 2 trong 1 kiêm máy tính bảng Fujitsu Arrows tab Q775 Core i5-5300U, 4gb ram, 128gb SSD, 13.3” Full HD cảm ứng có bút cảm ứng",https://www.lazada.vn/products/pdp-i1987015759.html,2.600.000 ₫,3.0,6 Đã bán
"Thanh lý Laptop core I7 4600U màn 12.5 ( MỚI ), ram 8G, ô cứng SSD 500G, Màn 12,5"". Phụ kiện GỒM MÁY+ Adapter nguồn+ Pin 04h. Giá bán 3 Triệu",https://www.lazada.vn/products/pdp-i2747841251.html,2.900.000 ₫,1.0,
"Laptop DELL E7450 I7-5600U / RAM 8GB / SSD 256GB / 14 INCH Hàng Nhật , Laptop rẻ , Laptop bền mỏng chắc khỏe",https://www.lazada.vn/products/pdp-i266598581.html,3.927.000 ₫,,
Laptop Dell Inspiron 15 3530 - P16WD21 (i5-1334U/ Intel Iris Xe 16GB/ 512GB/ Windows 11 + Office) - Bảo hành 12 tháng,https://www.lazada.vn/products/pdp-i3207654509.html,18.990.000 ₫,,
Laptop xách tay gái rẻ lenovo T590 I5-8265U RAM 8GB SSD 256GB,https://www.lazada.vn/products/pdp-i2646707977.html,7.100.000 ₫,,
"Dell Precision 5570 Core i9-12900H l Ram 32GB l SSD 1TB l VGA A2000 8GB Màn 15"" FHD",https://www.lazada.vn/products/pdp-i2680583648.html,28.900.000 ₫,,
Laptop Gaming Asus ROG Zephyrus G14 - Ryzen 7-5800HS RAM 16G SSD 512G RTX 3060 6GB Màn 14 Inch FHD 144Hz ( Bảo Hành 3 đến 12 Tháng ),https://www.lazada.vn/products/pdp-i2809877329.html,19.500.000 ₫,,
Laptop DELL Latitude 5420 / I7 1185G7 / 8GB RAM / 256GB SSD / Màn 14 inch FHD/ Cũ,https://www.lazada.vn/products/pdp-i3075980579.html,7.500.000 ₫,,
Laptop xách tay giá rẻ DELL LATITUDE 3301 RAM 8 SSD 256,https://www.lazada.vn/products/pdp-i2644426122.html,6.400.000 ₫,,
"Laptop Dell Inspiron 16 plus 7630, Core i7-13620H, Ram 16GB, SSD 512GB, màn hình 16inch 2.5k tần số quét 120Hz 100% sRGB, mới fullbox, kèm bộ quà tặng",https://www.lazada.vn/products/pdp-i2618758350.html,21.500.000 ₫,,
Laptop MSI Gaming Katana GF66 -Black- 15.6 FHD IPS; Intel Core i5-12450H; 8GB + 1Slot; 512 GB SSD + 2.5; VGA RTX 3050 4GB; WF6+ BT5.2; Polyc; Win11H; 1Y + Balo (12UCK-699VN),https://www.lazada.vn/products/pdp-i2269817631.html,18.196.780 ₫,2.5,
"Laptop Dell Precision 7520 Core i7-6820HQ/ 32 GB RAM/ 256 GB SSD/ NVIDIA Quadro M1200M/-VGA 4G 15.6"" FHD( có bản cảm ứng siêu mượt cho khách hàng lựa chọn )",https://www.lazada.vn/products/pdp-i2314298722.html,7.980.000 ₫,5.0,12 Đã bán
Dell Latitude 7450 CPU Intel Core I5 Ram 8Gb SSD 256Gb Màn hình 14Inch,https://www.lazada.vn/products/pdp-i2833167249.html,4.790.000 ₫,,
"Laptop Dell XPS 13 7390 2in1 Core i7-1065G7 l RAM 16GB l SSD 512GB l 13,5' UHD 4K Touch l Đẹp 99%",https://www.lazada.vn/products/pdp-i2680521817.html,13.500.000 ₫,,
Toshiba KIRA Book Core i5-5500U/Ram 8GB/SSD 256/ LCD 13.3 Inch -2K( 2560*1440)/Vỏ nhôm nguyên khối-Dòng doanh nhân cao cấp,https://www.lazada.vn/products/pdp-i2665328214.html,3.900.000 ₫,4.0,7 Đã bán
Laptop Trạm Workstation HP ZBOOKSTUDIOG7 core i7 10750H ram 16gb ssd 512 15.6inch pin&gt;4h liên tục,https://www.lazada.vn/products/pdp-i3159358130.html,18.000.000 ₫,,
[Nhập ITL3M0 giảm 12% tối đa 3TR] Laptop AI HP 14-ep1011TU - 9Z2W3PA (Core 5 120U/RAM 16GB/Onboard/512GB SSD/Windows 11) - Bảo hành 12 tháng,https://www.lazada.vn/products/pdp-i2877418937.html,18.190.000 ₫,,
Lenovo Thinkpad / Tosiba / Dell Core i5 / RAM 8GB / SSD 256GB / Màn 12.5 inch HD 1366x768 (Phím JP) Hàng Chính Hãng,https://www.lazada.vn/products/pdp-i2541040342.html,1.990.000 ₫,5.0,
Dell Latitude 5490 i5-8250U / Ram 8GB / SSD 256GB / Màn 14″ FullHD / VGA 2Gb - Laptop Cũ,https://www.lazada.vn/products/pdp-i3075927603.html,4.000.000 ₫,,
"Laptop Dell Latitude 3500 Core i7-8565U, 16gb ram, 512gb SSD NVme, màn 15.6” Full HD hàng nhập khẩu từ Nhật Bản đã qua sử dụng.",https://www.lazada.vn/products/pdp-i2835128606.html,3.500.000 ₫,,
"Laptop Xách Tay Giá Rẻ HP ProBook 470 G5 (2019) 17,3 inch i5 8250U SSD128+HDD 500GB VGA 930MX pin 4H",https://www.lazada.vn/products/pdp-i2293969605.html,9.200.000 ₫,5.0,
"Laptop doanh nhân ThinkBook 13X ITG mỏng nhẹ, Core i7-1160G7, Ram 16GB, SSD 512GB, màn hình 13.3inch 2.5k titan cao cấp, tặng kèm bộ quà tặng laptop",https://www.lazada.vn/products/pdp-i2609405519.html,20.000.000 ₫,,
Laptop Asus Vivobook 15 X1502VA-BQ885W (i5-13420H/ Onboard graphics/ 16GB/ 512GB/ Windows 11) - Bảo hành 24 tháng,https://www.lazada.vn/products/pdp-i3206952032.html,15.490.000 ₫,,
LapTop Lenovo Thinkpad T480s core i5 8250U Ram 8GB SSD 256GB Màn Hình FullHD (14inch) Pin&gt;4h,https://www.lazada.vn/products/pdp-i2578031851.html,5.300.000 ₫,,
"Laptop Dell Latitude 5310 Core™ i5-10310U Ram 16gb SSD 512 Màn hình 13,3 Inch FullHD IPS Pin&gt;90%",https://www.lazada.vn/products/pdp-i2576767744.html,7.500.000 ₫,,
Laptop Thinkpad P52 i7-8850H RAM 16GB SSD 256GB VGA P1000 4GB 15' FHD IPS (1920x1080) [ BẢO HÀNH 3 - 12 THÁNG ],https://www.lazada.vn/products/pdp-i2113196834.html,12.900.000 ₫,,
"Laptop Dell XPS 9700 - Core i7-10750H RAM 16G SSD 512G VGA RTX 2060 Màn 17,3 Inch FHD IPS ( Bảo Hành 3 đến 12 Tháng )",https://www.lazada.vn/products/pdp-i2436312858.html,25.300.000 ₫,,
"Laptop Dell XPS 9315 2in1 - Core i7-1255U RAM 16G SSD 512G Màn 13,3 Inch 3K QHD Touch ( Bảo Hành 3 đến 12 Tháng )",https://www.lazada.vn/products/pdp-i2471534305.html,18.500.000 ₫,,
Laptop Like new giá rẻ 5320 Core i7 1165G7 RAM 8GB SSD 512GB pin&gt;4h liên tục,https://www.lazada.vn/products/pdp-i2977506092.html,7.920.000 ₫,5.0,5 Đã bán
[NHẬP ITL3M0 GIẢM 12%] Laptop HP 14-ep1007TU - 9Z2W1PA (Core 7 150U/RAM 16GB/Onboard/512GB SSD/ Windows 11) - Bảo hành 12 tháng,https://www.lazada.vn/products/pdp-i2877968858.html,20.590.000 ₫,,
Laptop LG Gram Pro 2024 16Z90SP-K.AH75A5/Intel Core Ultra 7 155H/Ram 16GB/512GB SSD/Intel Arc Graphics/16 Inch WQXGA/Đen - Hàng Chính Hãng,https://www.lazada.vn/products/pdp-i2651307197.html,49.578.000 ₫,,"12 Đã bán
Hồ Chí Minh"
Laptop Lenovo ThinkPad E14 Gen 6 (21M7004XVA) | Intel Core Ultra 7 155H | 16GB | 1TB | NPU 11 TOPS | 14 inch WUXGA | IPS | Hàng Chính Hãng,https://www.lazada.vn/products/pdp-i3037200451.html,27.500.000 ₫,,
Laptop Lenovo IdeaPad 5 Pro Ryzen 7-5800H l RAM 16G l SSD 512G l VGA RTX 3050 l 16' 2K,https://www.lazada.vn/products/pdp-i2680590537.html,18.400.000 ₫,,
Laptop LG Gram 14''/ i7- 1165G7/ 16GB/ 512GB SSD/ Win10/ Black - Hàng chính hãng,https://www.lazada.vn/products/pdp-i2338335014.html,17.000.000 ₫,,
ACER NITRO 5 GAMING AMD RYZEN 5 3550H RAM 16G SSD 512G 15.6INCH FHD VGA gtx 1650,https://www.lazada.vn/products/pdp-i3037204946.html,9.025.000 ₫,5.0,
Laptop ASUS TUF Gaming F15 FX507ZC-HN124W i7-12700H - Hàng Chính Hãng,https://www.lazada.vn/products/pdp-i2056757233.html,32.490.000 ₫,,
Laptop HP Pavilion X360 Convertible | Intel Core i5-6200U | Ram 6GB | SSD 500GB | 15.6 inch HD (qua sử dụng),https://www.lazada.vn/products/pdp-i2667926280.html,6.050.000 ₫,,
Laptop Msi Katana 15 B13UDXK-2410VN (Core i5-13420H/ GeForce RTX™ 3050/ 16GB/ 512GB/ Windows 11) - Bảo hành 24 tháng,https://www.lazada.vn/products/pdp-i3195734276.html,19.990.000 ₫,,
"Laptop Dell Inspiron 5593, Core i7-1065G7, Ram 8GB, SSD 512GB NVMe PCle, VGA MX230, màn hình 15.6inch Full HD cao cấp, Laptop văn phòng lướt zin 99%",https://www.lazada.vn/products/pdp-i2623057354.html,10.300.000 ₫,,
Laptop Lenovo Thinkpad T480 Core i7 l Ram 8GB l SSD 256GB l Màn 14 inch FHD Mới 99%,https://www.lazada.vn/products/pdp-i2680645097.html,6.800.000 ₫,,
Dell Precision 5760 i7-11850H l RAM 32GB l SSD 512GB l RTX A3000 6G l 17' 4K UHD,https://www.lazada.vn/products/pdp-i2680511892.html,27.500.000 ₫,,
"Thanh lý Laptop Acer 4745, Core I3, ram 4G. Giá bán 1,9 triệu",https://www.lazada.vn/products/pdp-i2296689104.html,1.900.000 ₫,1.9,
Laptop Dell XPS 9310 Core i7-1185G7 | RAM 16G | SSD 512G | Màn 13' UHD 4K Touch Máy Mỹ Đẹp 99%,https://www.lazada.vn/products/pdp-i2680667029.html,15.900.000 ₫,,
"Laptop Giá rẻ Dell Latitude 3590 Core™ i5 | Core™ i3 | 8250U | Ram 8G | SSD 256G | HD Graphics 620 |MH 15.6 "" Pin&gt; 4h",https://www.lazada.vn/products/pdp-i2576584553.html,5.200.000 ₫,5.0,
"🔥 Dell Latitude 5330 – Laptop Doanh Nhân Mỏng Nhẹ, Cấu Hình Mạnh, Giá Cực Tốt! 🔥",https://www.lazada.vn/products/pdp-i3040637176.html,8.940.000 ₫,,
Laptop HP Pavilion 14 -Silver- 14 FHD; i5-1235U; 8GB 3200(4+4); 512GB SSD; WF6+BT5.2; Alu A; Win11H; 1Y (14-DV2075TU-7C0W2PA),https://www.lazada.vn/products/pdp-i2269834480.html,16.746.900 ₫,,
Laptop xách tay giá rẻ lenovo Thinkpad X390 | I5 – 8265U | Ram 8GB | SSD 256GB 13.3inch FHD Pin 90%,https://www.lazada.vn/products/pdp-i2656503459.html,6.000.000 ₫,,
"LAPTOP văn phòng , Laptop úy tín tại hà nội ,Laptop Hp Elitebook 820 G1 i5, SSD 128G . Laptop dùng cho học tập và làm việc văn phòng . Bảo hành 12 tháng + combo quà tặng siêu hấp dẫn lên tới 500k .",https://www.lazada.vn/products/pdp-i467602879.html,2.714.000 ₫,,
"Laptop Fujitsu E744 Core i5-4300M, 8gb ram, 256gb SSD, 14”HD, nhập khẩu Nhật Bản",https://www.lazada.vn/products/pdp-i1566842121.html,3.990.000 ₫,,
Laptop Acer Aspire 7 A715-59G-57TU (i5-12450H/ GeForce RTX™ 3050/ 16GB/ 512GB/ Windows 11) -Bảo hành 12 tháng,https://www.lazada.vn/products/pdp-i3138509467.html,19.690.000 ₫,,
Laptop Asus Vivobook 15 OLED A1505VA-L1688W (i7-13620H/ 16GB/ 512GB/ Windows 11) - Bảo hành 24 tháng,https://www.lazada.vn/products/pdp-i3206961146.html,20.090.000 ₫,,
Laptop xách tay giá rẻ LENOVO THINKPAD T580 I5 8350 RAM 8GB SSD 256GB 99%,https://www.lazada.vn/products/pdp-i2663040781.html,7.100.000 ₫,,
"Laptop Dell Gaming G15 5511 - Core i7-11800H RAM 16G SSD 512G RTX 3050Ti 4GB Màn 15,6 Inch FHD 120Hz ( Bảo Hành 3 đến 12 Tháng )",https://www.lazada.vn/products/pdp-i2433125680.html,17.400.000 ₫,,
Laptop Asus Vivobook S16 S3607CA-SH083WS (Ultra 7-255H/ Intel Arc 16GB/ 512GB/ Windows 11 + Office + Microsoft) - Bảo hành 24 tháng,https://www.lazada.vn/products/pdp-i3223664023.html,25.390.000 ₫,,
"Laptop Gaming Asus ROG Zephyrus M15 - Core i7-10750H RAM 16G SSD 512G GTX 1660Ti 6GB Màn 15,6 Inch QHD 165Hz ( Bảo Hành 3 đến 12 Tháng )",https://www.lazada.vn/products/pdp-i2433202313.html,18.300.000 ₫,,
Asus ROG Zephyrus M16 i7-11800H l RAM 16GB l SSD 512GB l RTX 3050 Ti l 16' FHD 144Hz,https://www.lazada.vn/products/pdp-i2680529929.html,19.900.000 ₫,,
LAPTOP NEC LAVIE LIGHT BL350 ATOM N470 RAM 2G SSD 120G 10.1INCH,https://www.lazada.vn/products/pdp-i1796038425.html,2.500.000 ₫,,
laptop ultrabook HP Elitebook folio g1.cpu M3 6y30.ram 8g.ssd 128g.hang dùng rồi do mới trên 90%.,https://www.lazada.vn/products/pdp-i3060306015.html,3.550.000 ₫,,
"Laptop Dell XPS 13 9380, Core i7-8665U, Ram 16GB, SSD 256GB, 13.3inch UHD (3840 x 2160) IPS InfinityEdge, (4K Cảm ứng), Key Led, mở khóa vân tay",https://www.lazada.vn/products/pdp-i2714057510.html,13.900.000 ₫,,
Laptop giá rẻ DELL latitude 7320 i5 1135G7 RAM 8GB SSD 512gb,https://www.lazada.vn/products/pdp-i3159164662.html,13.000.000 ₫,,
Laptop ASUS Gaming TUF Dash F15 FX517ZE-HN045W i5-12450H - Hàng Chính Hãng,https://www.lazada.vn/products/pdp-i2056746452.html,29.990.000 ₫,,
"Laptop Dell XPS 13 9360 Core i5-7200U, 8gb ram, 512gb ssd màn hình 13.3” Full HDD hàng nhập khẩu Nhật Bản đã qua sử dụng",https://www.lazada.vn/products/pdp-i3061726534.html,5.990.000 ₫,,
HP PAVILION 15CS3 CORE I5 1035G1 RAM 8G SSD 256G 15.6INCH FHD IPS ĐÈN PHÍM,https://www.lazada.vn/products/pdp-i3026939167.html,6.800.000 ₫,5.0,
[Trả góp 0%]Dell Latitude E7440 Core i5 4310U RAM 8G SSD 128G 14inch GIÁ TỐT,https://www.lazada.vn/products/pdp-i431252033.html,3.800.000 ₫,,
Laptop 15.6 inch HP Probook 450 G5 - Intel Core i5-7200U Ram 8gb SSD 256 Pin&gt;4h,https://www.lazada.vn/products/pdp-i2579316692.html,4.500.000 ₫,,
[Freeship] Laptop ACER ASPIRE A514-54-59QK (NX.A2ASV.008)/ Vàng/ Intel core i5-1135G7/ RAM 8GB/ 512GB SSD/ 14inch FHD/ 3Cell/ Win 11SL/ 1Yr - MEI220 - Bảo hành chính hãng 12 tháng,https://www.lazada.vn/products/pdp-i1720703467.html,21.956.400 ₫,,
[Trả góp 0%]Dell LATITUDE E6420 Core i5 2520M Ram 4G HDD 500G VGA RỜI14inch/SẠC/CHUỘT/TÚI,https://www.lazada.vn/products/pdp-i612210251.html,3.200.000 ₫,5.0,7 Đã bán
Surface Laptop 7 13.8 inch Platinum Snapdragon X Plus Ram 16GB SSD 256GB,https://www.lazada.vn/products/pdp-i2706419402.html,35.490.000 ₫,,
ASUS GAMING GL552VW CORE I7 6700HQ RAM 16G SSD 512G 15.6INCH FHD GTX 960M 4G,https://www.lazada.vn/products/pdp-i3138462784.html,6.555.000 ₫,,
Laptop xách tay giá rẻ DELL latitude 7490 I5 RAM8 SSD 256GB PIN 95%,https://www.lazada.vn/products/pdp-i2661994692.html,6.700.000 ₫,,
Laptop MSI Gaming Sword 16 HX B14VEKG-039VN (i7 14700HX/16GB/1TB/6GB RTX4050/144Hz/Win11) - Hàng Chính Hãng,https://www.lazada.vn/products/pdp-i2630278093.html,37.030.000 ₫,,
Laptop Asus Vivobook Go 14 E1404FA-EB482W (Ryzen 5 7520U/ Onboard graphics/ 16GB/ 512GB/ Windows 11) - Bảo hành 24 tháng,https://www.lazada.vn/products/pdp-i3179749937.html,11.450.000 ₫,5.0,
Laptop DELL Precision 7550 Core i7-10750H l RAM 16G l SSD 512G l P1000 4G l Màn 15' FHD Đẹp 99%,https://www.lazada.vn/products/pdp-i2680611049.html,17.500.000 ₫,,
DELL LATITUDE RUGGED 5414 CORE I5 6300U RAM 8GB SSD 256GB 14INCH,https://www.lazada.vn/products/pdp-i2528214777.html,6.800.000 ₫,,
Laptop Dell Latitude 3450 L3450-1335U-16512W (i5-1335U/ Onboard graphics/ 16GB/ 512GB/ Windows 11) - Bảo hành 12 tháng,https://www.lazada.vn/products/pdp-i3113611205.html,19.290.000 ₫,,
Laptop Pocket mini One GX core i5 thế hệ 10 phím full LED RGB nhôm nguyên khối cực kỳ hiện đại mạnh mẽ cũ,https://www.lazada.vn/products/pdp-i3203849470.html,12.700.000 ₫,,
LAPTOP DELL LATITUDE 7400 i7 8665U/ RAM 8GB/ SSD 256GB/ 14INCH FHD/ LAPTOP VĂN PHÒNG SIÊU BỀN/ GIÁ RẺ,https://www.lazada.vn/products/pdp-i2450843714.html,9.500.000 ₫,,
HP ELITEBOOK X360 830 G7 INTEL CORE I5 10310U RAM 8G SSD 256G 13.3INCH FHD TOUCH 360 ĐỘ,https://www.lazada.vn/products/pdp-i3165519674.html,9.200.000 ₫,,
"Laptop MSI Katana 15 B13VEK-252VN i7-13620H | 8GB | 512GB | RTX™ 4050 6GB | 15.6"" - Hàng Chính Hãng",https://www.lazada.vn/products/pdp-i2625095514.html,29.670.000 ₫,,
HP ELITEBOOK 840 G6 CORE I5 8350U RAM 8G SSD 256G 14INCH FHD TRÀN VIỀN IPS,https://www.lazada.vn/products/pdp-i2358063716.html,6.175.000 ₫,5.0,
"Xương phím Máy tính LOQ Core i5, Ram 4, SSD 128, 14inch HD",https://www.lazada.vn/products/pdp-i2010103043.html,2.000 ₫,5.0,77 Đã bán
Laptop DELL Precision 7560 Core i7-11850H l RAM 16G l SSD 512G l A2000 4G l Màn 15' FHD Đẹp 99%,https://www.lazada.vn/products/pdp-i2680598687.html,22.500.000 ₫,,
Laptop Acer Aspire Go 14 AI AG14-71M-57WR (Core Ultra 5-125H) - Bảo hành 24 tháng,https://www.lazada.vn/products/pdp-i3210055960.html,16.780.000 ₫,,
"Laptop Lenovo - Thinkpad X1 Carbon I5 Gen 7, Core i5 8365U, RAM 8GB, SSD 256GB 14″ FHD.Sonpixel",https://www.lazada.vn/products/pdp-i3215479198.html,6.440.000 ₫,,
Laptop Dell Latitude 3330 2in1 | i5 1135G7 | RAM 16GB | SSD 512GB | 13.3 inch FHD Cảm ứng XOAY GẬP 360 ĐỘ THẾ HỆ 11,https://www.lazada.vn/products/pdp-i2689069431.html,9.800.000 ₫,5.0,11 Đã bán
Laptop ASUS P1403CVA i5-13420H | 8GB | 512GB SSD | 14” FHD | Vân tay | Win 11 | BH 2 năm Onsite,https://www.lazada.vn/products/pdp-i3145106073.html,15.500.000 ₫,,
Thinkpad A275 (X270) AMD PRO A12-8830B Ram 8G SSD 256G 12.5 FULLHD ĐÈN PHÍM GIÁ RẺ,https://www.lazada.vn/products/pdp-i3024198406.html,3.900.000 ₫,5.0,7 Đã bán
"Laptop Dell Precision 5550/ i7-10750H/ Ram 16GB/ SSD 512GB/ NVIDIA Quadro T1000 4GB/ 15.6"" UltraSharp FHD+ (1920x1200)",https://www.lazada.vn/products/pdp-i2255168507.html,18.700.000 ₫,,"19 Đã bán
Hồ Chí Minh"
"Laptop LG gram 17'', Intel® Core™ i7 Gen11, 16GB, 256GB, 16:10, 17ZD90P-G.AX71A5 (có quà tặng)",https://www.lazada.vn/products/pdp-i1445261817.html,43.900.000 ₫,,
Laptop Dell Latitude E6410 Core i7 Ram 8GB Ssd 256GB 14inch,https://www.lazada.vn/products/pdp-i1731888256.html,3.500.000 ₫,4.0,
Laptop HP Victus 16-r0298TX - AE0N5PA (i5-13500HX/ GeForce RTX 4060/ 16GB/ 512GB/ Windows 11) - Bảo hành 12 tháng,https://www.lazada.vn/products/pdp-i3164210596.html,31.839.000 ₫,,
Laptop Lenovo ThinkPad X1 Yoga Gen 6 - Core i7-1165G7 RAM 16G SSD 512G Màn 14 Inch FHD Touch ( Bảo Hành 3 đến 12 Tháng ),https://www.lazada.vn/products/pdp-i2626662674.html,14.800.000 ₫,,
"Thanh lý Laptop Sony Vaio-Core I5, ram 4G, ô cứng 500G, Giá 2 triệu.",https://www.lazada.vn/products/pdp-i2222892282.html,2.000.000 ₫,1.0,
Laptop Gaming Acer i7 6G SSD Bảo Hành 12 Tháng,https://www.lazada.vn/products/pdp-i3057261365.html,3.700.000 ₫,,
"Laptop Acer Nitro 16 AN16-51-525E, Core i5-13500H, Ram 16GB, SSD 512GB, RTX 4050 6GB, màn hình 16inch FHD+ 165Hz Led RGB, tặng kèm bộ quà tặng cao cấp",https://www.lazada.vn/products/pdp-i2630477807.html,26.700.000 ₫,,
DELL INSPIRON 5748 CORE I3 4005U RAM 8GB SSD 256GB 17.3INCH,https://www.lazada.vn/products/pdp-i2195633733.html,3.500.000 ₫,,
"Laptop Dell Inspiron 16 plus 7630, Core i7-13620H, Ram 16GB,SSD 512GB, màn hình 16inch phân giải 2.5k - 120Hz, 100% SRGB, tặng kèm bộ quà tặng cao cấp",https://www.lazada.vn/products/pdp-i2611372489.html,24.500.000 ₫,,
Laptop xách tay giá rẻ HP Probook 430 G3 - Intel Core i5 6200U Ram 8GB/ SSD 256GB/ PIN 99%. Nhập nguyên chiếc NHẬT Bản,https://www.lazada.vn/products/pdp-i2579702555.html,4.700.000 ₫,,
Laptop Lenovo ThinkPad L15 Gen 2 | Core i5/i7 Gen 11 | RAM 8–64GB | SSD NVMe | Màn hình 15.6” FHD | Chuẩn doanh nhân,https://www.lazada.vn/products/pdp-i3184104173.html,6.800.000 ₫,,
laptop HP Elitebook folio g1.cpu M3 6y30.ram 8G.ssd 128g.man 12.5in full HD,https://www.lazada.vn/products/pdp-i3180722453.html,4.250.000 ₫,,
[LAPTOP SIÊU NHẸ] Panasonic CF-SZ5 Core i5 6200U Ram 8G SSD 256G 12.5” FHD,https://www.lazada.vn/products/pdp-i2379966624.html,4.600.000 ₫,,
Laptop xách tay giá rẻ DELL LATITUDE 7380 core I5-7300U RAM 8G SSD 256G 13.3 INCH FULL HD,https://www.lazada.vn/products/pdp-i2414214979.html,5.700.000 ₫,,
Laptop CHUWI Lapbook SE siêu mỏng,https://www.lazada.vn/products/pdp-i2978912409.html,9.000.000 ₫,,
"Laptop Thinkpad P1 Gen 4 i7-11800H, RAM 32GB, SSD 1TB, VGA T1200 4G, 15' 4K [ BẢO HÀNH 3 - 12 THÁNG ] HÀNG CHUẨN ĐẸP",https://www.lazada.vn/products/pdp-i2372610433.html,24.900.000 ₫,,
[Trả góp 0%]Dell Latitude E6330 Core i5 3340M Ram 4G SSD 128 13.3inch,https://www.lazada.vn/products/pdp-i915106864.html,3.500.000 ₫,,
Laptop Asus TUF Gaming F16 FX607VU-RL045W (Core 5 210H/ GeForce RTX™ 4050/ 16GB/ 512GB/ Windows 11) - Bảo hành 24 tháng,https://www.lazada.vn/products/pdp-i3179385668.html,24.990.000 ₫,,
Laptop Lenovo Yoga Slim 7 Pro Ryzen 7-5800H l RAM 16G l SSD 1TB Màn 14' 2.8K NEW 100% Fullbox,https://www.lazada.vn/products/pdp-i2680498393.html,22.500.000 ₫,,
Laptop DELL Precision 5530 Core i7-8850H l RAM 16G l SSD 256G l P2000 4G l Màn 15' 4k Đẹp 99%,https://www.lazada.vn/products/pdp-i2680473991.html,12.500.000 ₫,,
Laptop Gaming Asus ROG Zephyrus G14 - Ryzen 7-6800HS RAM 16G SSD 512G RX 6700S Màn 14 Inch FHD 144Hz ( Bảo Hành 3 đến 12 Tháng ),https://www.lazada.vn/products/pdp-i2809919069.html,22.800.000 ₫,,
Laptop Acer Aspire 5 A515-58P-702Q (i7-13620H/ Onboard graphics/ 16GB/ 512GB/ Windows 11) - Bảo hành 24 tháng,https://www.lazada.vn/products/pdp-i3144200057.html,18.690.000 ₫,,
Laptop Asus Zenbook 14 UX3405CA-PZ368WS (Intel Core Ultra 7 255H | 16GB | 512GB | Intel Arc | 14 inch 3K OLED | Cảm ứng | Win 11 | Office | Xanh) - Hàng Chính Hãng,https://www.lazada.vn/products/pdp-i3163426406.html,34.490.000 ₫,,
DELL PRECISION 5510 CORE I7 6820HQ RAM 16G SSD 512G 15.6ICNH fhd VGA,https://www.lazada.vn/products/pdp-i2880045341.html,8.800.000 ₫,,
Laptop Asus Vivobook 14 OLED A1405VA-KM257W (Intel Core i5-13500H | 16GB | 512GB | Intel Iris Xe | 14 inch 2.8K OLED) - Hàng Chính Hãng,https://www.lazada.vn/products/pdp-i3052830174.html,21.990.000 ₫,,
Laptop Lenovo Thinkpad L14/ Ryzen 5 PRO 4650 12 CPUS/ 8G/ SSD256/ Vga AMD Radeon/ Viền Mỏng/ Siêu Bền,https://www.lazada.vn/products/pdp-i1826311593.html,11.490.000 ₫,,
Laptop HP ZBook Studio 15 G5 | Intel Core i7-8850H | Ram 32GB | 512 GB SSD | NVIDIA Quadro P2000 4GB | 15.6 inch FHD,https://www.lazada.vn/products/pdp-i3204019664.html,9.900.000 ₫,,
Laptop Gaming Core i5 8300H + VGA GTX 1050 4G DR5 / Ram 16G / SSD 256G / Màn 15.6in FHD / Pin 3-4h / Sạc Zin / Phím Led / Máy Đẹp Full Chức Năng ……,https://www.lazada.vn/products/pdp-i3052211989.html,8.050.000 ₫,,
Dell Latitude 7390 màn cảm ứng Core i5 8350U 1.70GHz/8 GB/256 GB(SSD),https://www.lazada.vn/products/pdp-i3052762327.html,5.000.000 ₫,,
Laptop MSI Cyborg 15 A13VFK 876VN (Intel Core i7-13620H | 16GB | 512GB | RTX 4060 | 15.6 inch FHD 144Hz | Win11 | Đen),https://www.lazada.vn/products/pdp-i2631407241.html,31.740.000 ₫,,
Laptop DELL XPS 9560 Core i7-7750H l RAM 16G l SSD 512G l GTX 1050 l Màn 15' FHD HÀNG ĐẸP 99%,https://www.lazada.vn/products/pdp-i2680504546.html,10.900.000 ₫,,
[2 IN 1] Laptop surface pro 3 core i5 cực kỳ sang trong mỏng nhẹ cho văn phòng học tập,https://www.lazada.vn/products/pdp-i3168513251.html,3.970.000 ₫,,
"Thanh lý Laptop ACER 4750, Cpu core I3 ram 4G, ô cứng 350G, Màn 14"" . Giá bán 1,9 triệu",https://www.lazada.vn/products/pdp-i2362807043.html,1.900.000 ₫,1.9,
"Thanh lý Laptop Acer 4736, Pentum Dual Core, ram 3G, Giá bán 1,4 triệu.",https://www.lazada.vn/products/pdp-i2296567974.html,1.400.000 ₫,1.4,
[Mới 99%] laptop Dell Latitude 3390 2 in 1 | Core I5-8300U | 16GB | 256GB | Màn hình 13.3 inch FHD IPS Cảm ứng xoay gập 360 độ,https://www.lazada.vn/products/pdp-i2250707379.html,6.320.000 ₫,4.0,61 Đã bán
Laptop Acer Nitro V 15 ProPanel ANV15-41-R7CR (Ryzen 5 7535HS/ GeForce RTX™ 4050/ 16GB/ 512GB/ Windows 11)-Bảo hành 24T,https://www.lazada.vn/products/pdp-i3183836405.html,24.490.000 ₫,,
Laptop Dell Inspiron 5548 I5 /5200u/4GB/500GB giá rẻ full box zin - bảo hành 12 tháng,https://www.lazada.vn/products/pdp-i251082400.html,3.585.000 ₫,,
Laptop Asus Vivobook S14 S3407VA-LY146W (Core 5 210H/ Intel UHD 16GB/ 512GB/ Windows 11) - Bảo hành 24 tháng,https://www.lazada.vn/products/pdp-i3206802694.html,18.990.000 ₫,,
THINKPAD X240 CORE I5 4300U RAM 8G SSD 256G 12.5INCH,https://www.lazada.vn/products/pdp-i2286758022.html,3.200.000 ₫,3.0,
ACER SWIFT 3 SF315 52G i3 8130U/ RAM 8GB/ SSD 256GB/ 15IN FHD VIỀN MỎNG/ MÀU VÀNG GOLD/ CHUYÊN VĂN PHÒNG SIÊU BỀN/ GIÁ RẺ,https://www.lazada.vn/products/pdp-i2685307713.html,7.490.000 ₫,,
laptop Dell Latitude 7420 Core i5-1135G7 | Core i5-1145G7 | ram 16g/ssd 512G,https://www.lazada.vn/products/pdp-i2668508079.html,8.230.000 ₫,5.0,7 Đã bán
Laptop Giá Rẻ HP Chromebook x360 14 G1 i7-8650U 14inch Touchscreen Full HD i7 16 GB DDR4-SDRAM 64 GB Flash Wi-Fi 5 (802.11ac) Chrome OS Silver,https://www.lazada.vn/products/pdp-i2579707299.html,8.999.999 ₫,,
Surface Laptop Studio - i7-11370H RAM 16G SSD 512G VGA RTX 3050Ti Màn 14 Inch QHD Touch 120Hz ( Bảo Hành 3 đến 12 Tháng ),https://www.lazada.vn/products/pdp-i2472491814.html,18.500.000 ₫,,
"Laptop Workstation HP Zbook 17 G1 Core i7-4800QM, 32gb ram, 256gb SSD+1tb HDD, vga Quadro K4100M, màn 17.3inch Full HD IPS",https://www.lazada.vn/products/pdp-i2230863928.html,7.500.000 ₫,,
Surface Pro 8 Core i7-1185G7 l Ram 16GB l SSD 512GB l Màn 13 inch 2K Touch Like New 99%,https://www.lazada.vn/products/pdp-i2680669110.html,16.900.000 ₫,,
"Laptop 2 trong 1 Toshiba Dynabook VC72 Core i5-8250U, 8gb ram, 256gb SSD, màn 12.5inch Full HD cảm ứng gập 360 độ vỏ nhôm magie siêu mỏng nhẹ",https://www.lazada.vn/products/pdp-i2644712430.html,5.200.000 ₫,,
Asus ROG Strix G15 G513 Ryzen 9-5900HX l RAM 32GB l SSD 512GB l AMD RX 6800M 12GB l 15' FHD 300Hz,https://www.lazada.vn/products/pdp-i2680573574.html,23.500.000 ₫,,
Sony Vaio VPCEL22 AMD E450 Ram 4G SSD 128G 15.6inch,https://www.lazada.vn/products/pdp-i2449069478.html,2.900.000 ₫,,
"Laptop Fujitsu Lifebook UH75/H Core i5, 8gb ram, 256gb SSD, 14” HD vỏ nhôm rất đẹp",https://www.lazada.vn/products/pdp-i2012378060.html,3.900.000 ₫,,
Laptop lenovo thinkpad t480s Core i7-8650U l Ram 8GB l SSD 256GB l Màn 14' FHD IPS,https://www.lazada.vn/products/pdp-i2680493951.html,6.000.000 ₫,,
Dell Latitude 7320 Detachable i7-1180G7 RAM 16GB SSD 512GB 14' FHD IPS (1920x1080),https://www.lazada.vn/products/pdp-i2680619128.html,15.900.000 ₫,,
"Laptop Lenovo ThinkPad X1 Carbon Gen 10, i7-1270P, Ram 32GB, SSD 512GB, 14inch độ phân giải 2.2k, tặng chuột không dây, tấm lót chuột, cặp laptop",https://www.lazada.vn/products/pdp-i2650389995.html,24.900.000 ₫,,
Dell Latitude E5480 Core i5 7300U Ram 8GB SSD 256GB 14inch FHD/SẠC/CHUỘT/TUI,https://www.lazada.vn/products/pdp-i1372501747.html,4.500.000 ₫,5.0,
"Laptop Dell Precision 5560 | Intel Core i7 - 11800H | Ram 16GB | SSD 512GB | NVIDIA T1200 4GB | 15.6"" UltraSharp FHD+, 1920x1200,AG,NT, w/Prem Panel Guar, 100% sRGB, Low BL w/ IR Cam",https://www.lazada.vn/products/pdp-i2280700238.html,20.350.000 ₫,,
Laptop xách tay giá rẻ LENOVO YOGA-C740-14IML Core I7 10510U RAM16 SSD 256GB,https://www.lazada.vn/products/pdp-i2964889057.html,13.400.000 ₫,,
"Laptop Dell Latitude 7320 Detachable - Core i7-1180G7 RAM 16G SSD 512G Màn 13,3 Inch FHD Touch ( Bảo Hành 3 đến 12 Tháng )",https://www.lazada.vn/products/pdp-i2815482934.html,14.000.000 ₫,,
Hp envy X360 16 inch,https://www.lazada.vn/products/pdp-i3185135174.html,17.000.000 ₫,,
Laptop Lenovo ThinkPad X1 Carbon Gen 9 - Core i7-1165G7 RAM 16G SSD 512G Màn 14 Inch FHD IPS,https://www.lazada.vn/products/pdp-i2909956256.html,14.300.000 ₫,,
Laptop HP ProBook 450 G8 Core i5 1135G7/ 8GB/ 256GB SSD( Intel Iris Xe Graphics/ 15.6inch Full HD/ Windows 11 Home/ Silver/ Vỏ nhôm),https://www.lazada.vn/products/pdp-i2535618707.html,9.000.000 ₫,,"11 Đã bán
Hà Nội"
"Laptop máy trạm HP Zbook 15V G5 Core i7-8750H, 32gb Ram, 512gb SSD+500gb HDD, vga Quadro P600 4G, màn 15.6” 3K HD hàng nhập khẩu Nhật Bản đã qua sử dụng",https://www.lazada.vn/products/pdp-i2835504543.html,11.000.000 ₫,,
"[Freeship] Laptop Dell Vostro 3400 14inch FHD (YX51W1)/ Core i5-1135G7/ RAM 4GB DDR4/ 256GB SSD/ 3 Cell 42 Whr/ Win 10SL/ 1 Yr/ Black -MEI Tech Official- MEI112 Hàng Chính Hãng, Mỏng Nhẹ, Cấu Hình Ổn Định Dùng Cho Văn Phòng, Thiết Kế",https://www.lazada.vn/products/pdp-i1555226176.html,16.490.000 ₫,,
"Laptop Dell XPS 9310 - Core i7-1165G7 RAM 16G SSD 512G Màn 13,3 Inch FHD IPS ( Bảo Hành 3 đến 12 Tháng )",https://www.lazada.vn/products/pdp-i2435854481.html,15.800.000 ₫,,
"Laptop Acer Predator Triton Neo 16, Ultra7-155H, 16GB, SSD 1TB, RTX 4060 8GB, 16inch 2.5k FPS 240Hz, kèm full bộ quà tặng cao cấp",https://www.lazada.vn/products/pdp-i2666760893.html,41.200.000 ₫,,
"Laptop Asus Zenbook 14 Q415MA, Core Ultra 5 125H, Ram 8GB, SSD 512GB, 14inch Full HD OLED cao cấp, tặng chuột không dây, lót chuột, cặp laptop xịn",https://www.lazada.vn/products/pdp-i2655148027.html,18.500.000 ₫,,
Laptop ASUS TUF 2025-Tiger,https://www.lazada.vn/products/pdp-i3082196833.html,10.000.000 ₫,,
ASUS TUF FX505 CORE I7 8750H RAM 16G SSD 128G+1T GTX 1050 15.6INCH FHD IPS,https://www.lazada.vn/products/pdp-i2425374108.html,8.900.000 ₫,,
"Laptop 2 trong 1 Panasonic CF-QV8 Core i5-8365U, 8gb ram, 1tb SSD, màn 12inch 3K cảm ứng gập 360 độ, vỏ nhôm magie nhẹ 900 gram",https://www.lazada.vn/products/pdp-i2510764482.html,6.900.000 ₫,5.0,
LAPTOP GAMING LENOVO LEGION Y7000 CORE I5 9300H RAM 16G SSD 256G 15.6INCH FHD GTX 1050,https://www.lazada.vn/products/pdp-i2660611619.html,9.300.000 ₫,5.0,
HP PAVILION X360 CORE I5 8250U RAM 8G SSD 256G 14INCH FHD TOUCH 360,https://www.lazada.vn/products/pdp-i3193922564.html,7.500.000 ₫,,
MSI KATANA GF66 CORE I7 11800H RAM 16GB SSD 512GB 15.6INCH 144HZ VGA RTX 3050,https://www.lazada.vn/products/pdp-i2362230164.html,16.800.000 ₫,5.0,9 Đã bán
THINKPAD X1 YOGA GEN 3 CORE I5 8265U RAM 8G SSD 256G 14INCH FHD IPS TOUCH 360,https://www.lazada.vn/products/pdp-i2673741153.html,7.900.000 ₫,5.0,
"Laptop HP Gamming Victus 15, Core i5-13420H, Ram 8GB, SSD 512GB, RTX 3050 6G, 15.6inch Full HD 144Hz, laptop gaming new seal kèm bộ quà tặng cao cấp",https://www.lazada.vn/products/pdp-i2655568674.html,19.700.000 ₫,,
"Máy tính bảng siêu bền Panasonic FZ-G1 Core i5-6300U, 4gb ram, 256gb SSD, 10.1” Full HD cảm ứng đa điểm, siêu bền chống nước",https://www.lazada.vn/products/pdp-i2536561455.html,5.500.000 ₫,,
LAPTOP PANASONIC VF-W8 INTEL U9300 RAM 3GB SSD 120G 12.5INCH,https://www.lazada.vn/products/pdp-i1798742668.html,1.900.000 ₫,5.0,
"Laptop Asus Zenbook UM431 R7-3700U, 16gb Ram, 512gb SSD, 14inch Full HD IPS, vỏ nhôm cao cấp",https://www.lazada.vn/products/pdp-i1403638898.html,6.300.000 ₫,5.0,8 Đã bán
"Laptop HP 14S mỏng nhẹ cấu hình cao, Core i5, Ram 8gb, ổ cứng SSD 256gb, màn hình 14 inch HD, laptop zin lướt, tặng chuột, lót chuột, cặp laptop.",https://www.lazada.vn/products/pdp-i2486164960.html,11.050.000 ₫,5.0,11 Đã bán
LAPTOP THINKPAD X201 CORE I5 RAM 4GB HDD 500G 12.5INCH GIÁ RẺ,https://www.lazada.vn/products/pdp-i1800235539.html,2.600.000 ₫,5.0,9 Đã bán
"Laptop Dell Gaming G15 5511 mẫu cao cấp, cấu hình cao Core i5, Ram 16gb, ổ cứng SSD 512gb, RTX 3050, màn 15.6 FHD, tần số quét 120hz siêu mượt",https://www.lazada.vn/products/pdp-i2479617663.html,17.300.000 ₫,5.0,34 Đã bán
LAPTOP ELITEBOOK 840 G5 CORE i7 8365U | 8G | SSD 256G | 14' FHD,https://www.lazada.vn/products/pdp-i2278714106.html,7.530.000 ₫,4.0,8 Đã bán
"Laptop Acer Gaming Nitro 5 AN515-58, Core i7-12650H, Ram 16GB, SSD 512GB, màn hình 15.6inch FullHD 165Hz,VGA RTX 4060 8G, tặng kèm bộ quà tặng cao cấp",https://www.lazada.vn/products/pdp-i2607031153.html,24.000.000 ₫,5.0,10 Đã bán
"Laptop cảm ứng soay 360 Fujitsu T726 core i5-6300U, 20gb ram, 256gb SSD,12.5” cảm ứng soay 360 độ",https://www.lazada.vn/products/pdp-i1890358119.html,3.200.000 ₫,5.0,
"Laptop Dell Vostro 3750 Core i7 RAM 4GB, HDD 250GB 17.3inch hàng nhập khẩu + bộ quà tặng",https://www.lazada.vn/products/pdp-i251075555.html,2.428.000 ₫,1.0,
"Laptop 2 trong 1 kiêm máy tính bảng NEC VKF11U CPU N4100, 8gb ram, 256gb SSD, 10.1” Full HD cảm ứng đa điểm, windows 10 siêu mượt",https://www.lazada.vn/products/pdp-i1980800157.html,1.990.000 ₫,4.0,66 Đã bán
"Laptop Dell Latitude 5580, E5580 Core i7, màn hình 15.6inch FullHD, Ram 8gb, ổ cứng SSD 256gb, cạc VGA rời, máy tính văn phòng lưới 99% zin",https://www.lazada.vn/products/pdp-i2450372039.html,5.750.000 ₫,5.0,12 Đã bán
"Laptop MSI Katana GF76 cấu hình khủng, Core i7-11800H, Ram 16GB, SSD 512GB, màn hình 17.3inch Fulll HD, VGA RTX 3060, tặng kèm bộ quà tặng cao cấp",https://www.lazada.vn/products/pdp-i2605752178.html,18.800.000 ₫,5.0,6 Đã bán
"Laptop Fujitsu E734 Core i5-4300M, 8gb Ram, 256gb SSD, 13.3"" HD nhập Nhật Bản",https://www.lazada.vn/products/pdp-i1530065416.html,2.990.000 ₫,5.0,17 Đã bán
"Laptop Gaming Dell 7567 cấu hình khủng cao cấp, core i5, Ram 8gb, ổ cứng 128GB + 500GB, GTX 1050Ti, màn 15.6inch FullHD, cân mọi tựa game nặng.",https://www.lazada.vn/products/pdp-i2474170154.html,9.000.000 ₫,5.0,21 Đã bán
"Laptop Sony Vaio PCG-414 Core i7, 8gb ram, 256gb SSD, vga rời AMD Radeon HD, màn 15.6inch Full HD IPS vỏ nhôm toàn thân sang trọng bền bỉ",https://www.lazada.vn/products/pdp-i2148551109.html,4.700.000 ₫,5.0,6 Đã bán
"Laptop Toshiba B35 Core i5-5200U, 8gb ram, 256gb SSD, 15,6” HD nhập khẩu Nhật Bản siêu bền",https://www.lazada.vn/products/pdp-i2046429449.html,1.990.000 ₫,4.0,9 Đã bán
Laptop giá rẻ Dell Latitude E7280 Core i5-7200U RAM 8Gb SSD 256Gb Màn 12.5 inch HD Bảo Hành 12 Tháng PIN90%,https://www.lazada.vn/products/pdp-i2218205744.html,5.000.000 ₫,5.0,
"Laptop Dell Latitude 7440 E7440 giá rẻ, Core i7, Ram 8gb, ổ cứng SSD 256gb, màn 14inch FHD cảm ứng, laptop cũ giá rẻ 99% zin lướt",https://www.lazada.vn/products/pdp-i2504541808.html,3.600.000 ₫,5.0,11 Đã bán
Laptop Thinkpad X1 Carbon Gen 10 | Core i7-1260P l RAM 16GB l SSD 512GB l 14' FHD Hàng Mỹ .,https://www.lazada.vn/products/pdp-i2680618052.html,20.900.000 ₫,,
Laptop HP Omen 15 / i7-7700HQ/ Ram 8GB/ SSD-M2 128GB/ HDD 500GB/ VGA NVIDIA GeForce GTX 1050Ti / LCD 15.6 inch FHD,https://www.lazada.vn/products/pdp-i1867743469.html,13.000.000 ₫,,
Laptop cũ Tohsiba Z30,https://www.lazada.vn/products/pdp-i2541340834.html,2.950.000 ₫,,
🎉 Thanh lý Microsoft Surface Pro 5 - Chỉ 4 triệu đồng 🎉,https://www.lazada.vn/products/pdp-i2805119279.html,3.990.000 ₫,,
"Laptop Dell Latitude 7240, E7240 siêu mỏng nhẹ cấu hình cao, Core i7, Ram 8gb, ổ cứng SSD 256gb, màn 12.5HD, laptop văn phòng lướt zin 99%",https://www.lazada.vn/products/pdp-i2450488415.html,5.500.000 ₫,5.0,5 Đã bán
"Laptop HP Probook 6560B Core i7, 8gb Ram, 256gb SSD, màn 15.6 HD tặng chuột không dây",https://www.lazada.vn/products/pdp-i341858813.html,2.990.000 ₫,3.0,7 Đã bán
"Laptop Dell Inspiron 7548 Core i7 giá tốt dành cho sinh viên, văn phòng, Ram 8gb, ổ cứng SSD 256gb, Màn hình 15.6inch HD, laptop zin lướt 99%",https://www.lazada.vn/products/pdp-i2473163159.html,5.000.000 ₫,5.0,5 Đã bán
Laptop HP x2 210 G2 laptop lai máy tính bảng cảm ứng window 10 siêu mỏng nhẹ,https://www.lazada.vn/products/pdp-i2044382469.html,2.670.000 ₫,5.0,5 Đã bán
Laptop DELL Precision 5550 Core i7-10750H l RAM 16G l SSD 512G l T2000 4G l Màn 15' FHD [ BẢO HÀNH 3 - 12 THÁNG ] Đẹp 99%,https://www.lazada.vn/products/pdp-i2115689026.html,20.500.000 ₫,,
Laptop Gaming Lenovo Legion Slim 7 2022 - Core i7-12700H RAM 16G SSD 512G RTX 3060 6GB Màn 16 Inch 2K QHD 165Hz ( Bảo Hành 3 đến 12 Tháng ),https://www.lazada.vn/products/pdp-i2433715378.html,26.800.000 ₫,,
[Trả góp 0%]LENOVO THINKPAD X260 i5 6300U RAM 8G SSD 256G 12.5INCH,https://www.lazada.vn/products/pdp-i604972936.html,3.700.000 ₫,5.0,25 Đã bán
Laptop Dell inspiron 3168 8GB SSD màn cảm ứng chip lõi tứ window 10 mỏng nhẹ cực đẹp,https://www.lazada.vn/products/pdp-i2665341169.html,2.940.000 ₫,5.0,7 Đã bán
"Laptop Dell XPS 15 9510 |Intel Core i7-11800H | Ram 16GB | 1TB SSD | RTX 3050Ti 4G | 15.6"" Oled 3,5K",https://www.lazada.vn/products/pdp-i2644425265.html,24.200.000 ₫,,
Laptop Razer Blade 15 Model (2020) - CORE I7 10750H / Ram 32GB/ 512GB SSD/ RTX 2060 6GB / 15.6 inch 144hz 100% SRGB,https://www.lazada.vn/products/pdp-i2255864232.html,18.700.000 ₫,,
"Laptop Toshiba Kira V832 Core i7, 8gb ram, 256gb SSD, 13.3” 2K HD , vỏ nhôm siêu mỏng",https://www.lazada.vn/products/pdp-i1905317358.html,4.600.000 ₫,,
"Alienware X14 i7-12700H, RAM 16GB, SSD 512GB, VGA RTX 3050 4G, 14' FHD",https://www.lazada.vn/products/pdp-i2680517903.html,22.900.000 ₫,,
HP PAVILION X360 14 CORE I5 7200U RAM 8G SSD 512G 14INCH FHD TOUCH,https://www.lazada.vn/products/pdp-i3060058598.html,6.500.000 ₫,,
Laptop Lenovo Thinkpad X1 Carbon Gen 9 Core i7-1185G7 l RAM 16G l SSD 256G l Màn 14' FHD [ BẢO HÀNH 3 - 12 THÁNG ],https://www.lazada.vn/products/pdp-i2115465726.html,14.200.000 ₫,,"7 Đã bán
Hồ Chí Minh"
LAPTOP INTEL CORE I5 RAM 8GB SSD 256GB 13.3INCH GIÁ TỐT,https://www.lazada.vn/products/pdp-i2758984166.html,4.500.000 ₫,,
"Laptop 2 trong 1 Asus Flip TP412F Core i7-10510U, 16gb Ram, 512gb SSD, 14""Full HD cảm ứng gập 360 độ",https://www.lazada.vn/products/pdp-i1478752227.html,6.900.000 ₫,3.0,13 Đã bán
"Laptop Dell XPS 9370 dành cho văn phòng, Core i7-8650U, Ram 16GB, ổ cứng SSD 512GB,màn hình 13.3inch Full HD IPS cực sắc nét, tặng kèm bộ phụ kiện",https://www.lazada.vn/products/pdp-i2604546858.html,11.800.000 ₫,5.0,10 Đã bán
Laptop Dell Latitude E5470/ i7 6600HQ – RAM 8GB – SSD 256GB – MH 14″ FULL HD,https://www.lazada.vn/products/pdp-i1765105659.html,4.380.000 ₫,4.0,51 Đã bán
"Laptop Dell Latitude 7290,E7290 giá siêu tốt, core i7,Ram 8gb, ổ cứng SSD 256gb,màn hình 12.5HD, laptop văn phòng giá rẻ lướt 99% zin cao cấp",https://www.lazada.vn/products/pdp-i2451883003.html,5.250.000 ₫,5.0,5 Đã bán
"Laptop 3D Sony Vaio VPCF2 Core i7, 8gb ram, 256gb SSD, vga rời Nvidia 540GT, màn 17” Full HD hiển thị 3D, kèm theo kinh 3D chính hãng",https://www.lazada.vn/products/pdp-i2111188269.html,7.300.000 ₫,5.0,
"HP ENVY 13 x360, tặng thêm Offline Professional Plus 2019 trị giá 1tr5",https://www.lazada.vn/products/pdp-i1205623457.html,15.690.000 ₫,5.0,
laptop 2 trong 1 HP Elite X2 pro ( có hổ trợ sim 4G wifi ) Tabet cảm ứng MƯỢT MỎNG ĐẸP/M3 thế hệ 7 MÀN HÌNH ĐẸP ĐÃ CÀI ĐỦ office văn phòng,https://www.lazada.vn/products/pdp-i2364763847.html,3.499.000 ₫,5.0,
laptop mỏng nhẹ hp 430 g3 core i5 6200u ram 8gb ssd 256gb,https://www.lazada.vn/products/pdp-i2293297217.html,4.499.000 ₫,5.0,
"Laptop Dell E7440 i7 /Ram 16G/SSD256G Hàng Nhập Mỹ bảo hành 12 tháng full box ,60 ngày 1 đổi 1",https://www.lazada.vn/products/pdp-i271080689.html,3.900.000 ₫,4.0,14 Đã bán
"Laptop HP Elipbook 8570P Core i7-3540M, 16gb Ram, 256gb SSD, 15.6inch Full HD vỏ nhôm siêu bền",https://www.lazada.vn/products/pdp-i302978109.html,3.500.000 ₫,4.0,5 Đã bán
laptop Dell 7440 i5 4300U ram 8G SSD 256G (Hàng nhập Japan) full box zin all,https://www.lazada.vn/products/pdp-i251088222.html,3.284.000 ₫,5.0,
Laptop 95-96% Dell Latitude 7390 Core i5-8250U RAM 16GB SSD 256GB 13.3inch IPS FHD Pin 4-6H,https://www.lazada.vn/products/pdp-i2285537618.html,6.300.000 ₫,5.0,29 Đã bán
hp 8440P i5 Ram 6G hdd 1000GB Nhập Khẩu Nhật giá rẻ siêu bền 12 tháng bảo hành,https://www.lazada.vn/products/pdp-i251076602.html,1.571.000 ₫,4.0,14 Đã bán
"Laptop Fujitsu Lifebook SH75/X Core i5-6300U, 20gb ram, 256gb SSD, màn 13.3inch 2K HD IPS vỏ nhôm siêu bền",https://www.lazada.vn/products/pdp-i2255938709.html,4.300.000 ₫,5.0,
LAPTOP DELL LATITUDE 3540 CORE I3 4010U RAM 8G 500G 15INCH GIÁ TỐT,https://www.lazada.vn/products/pdp-i2664008575.html,3.200.000 ₫,5.0,
Laptop Mini Lenovo S10-3s Atom N475 Ram 2G Ssd 120G 10.1inch,https://www.lazada.vn/products/pdp-i1809504362.html,2.500.000 ₫,,
LAPTOP Acer Aspire E5-573 Core i3 5005 Ram 4GB 500GB 15.6inch GIÁ RẺ,https://www.lazada.vn/products/pdp-i1405779750.html,5.500.000 ₫,5.0,
"Laptop Elitebook HP 840 G3 cấu hình mạnh mẽ, Core i7, Ram 8gb, ổ cứng SSD 256, màn hình 14inch FHD, laptop zin lướt 99%",https://www.lazada.vn/products/pdp-i2494028215.html,5.800.000 ₫,5.0,13 Đã bán
LAPTOP ASUS N56V GAMMING CORE I5 3230M RAM 4G SSD 120G+500G 15.6INCH VGA,https://www.lazada.vn/products/pdp-i1666577723.html,5.500.000 ₫,5.0,
"Laptop Dell Latitude 5290 Core™ i5-8250U Ram 16gb SSD 512 Màn hình 12,5 Inch Pin&gt;90%""",https://www.lazada.vn/products/pdp-i2534295251.html,5.300.000 ₫,5.0,
laptop gaming cũ giá rẻ I5 - laptop gaming cũ giá rẻ,https://www.lazada.vn/products/pdp-i994282993.html,3.200.000 ₫,4.0,13 Đã bán
"Laptop Dell 9530 cấu hình cao, Core i7, Ram 8gb, ổ cứng SSD 256gb, Cạc VGA rời, màn hình 15.6inch Full HD, máy tính văn phòng lướt 99% cao cấp",https://www.lazada.vn/products/pdp-i2479832659.html,7.000.000 ₫,5.0,27 Đã bán
"Laptop Dell Inspiron 7559 cấu hình khủng Core i7, Ram 8gb, Ổ cứng SSD M2 256gb, màn 15.6 FullHD, cạc VGA GTX 960M, laptop cao cấp lướt zin 99%",https://www.lazada.vn/products/pdp-i2473595126.html,7.750.000 ₫,5.0,119 Đã bán
"Laptop Fujitsu Lifebook A579 Core i5-8365U, 16gb ram, 512gb SSD, 15.6” HD nhập khẩu Nhật Bản",https://www.lazada.vn/products/pdp-i2090387576.html,4.500.000 ₫,,
"Laptop Sony Vaio SVT151 Core i7-3537U, 8gb ram, 256gb SSD, 15.6"" Full HD cảm ứng, vỏ nhôm toàn thân sang trọng bền bỉ",https://www.lazada.vn/products/pdp-i2009694862.html,3.990.000 ₫,,
"Laptop 2 trong 1 Fujitsu Q736 Core i7-6500U, 8gb ram, 256gb SSD, màn 13.3” Full HD IPS cảm ứng, màn hình tháo rời bàn phím",https://www.lazada.vn/products/pdp-i2290466946.html,2.900.000 ₫,4.0,20 Đã bán
"Laptop Sony Vaio SVE151 Core i5, 8gb ram, 256gb SSD, 15.6"" HD nhập Nhật Bản siêu bền",https://www.lazada.vn/products/pdp-i2121971203.html,3.500.000 ₫,,
HP EliteBook 840 G5 Core i7-8665U | 16 GB RAM | 256 GB SSD | Intel® HD Graphics 620 | 14IN FULL HD,https://www.lazada.vn/products/pdp-i1988203667.html,7.790.000 ₫,5.0,73 Đã bán
"Laptop Nec Lavie LL750 Core i7-3530QM, 8gb ram, 256gb SSD, 15.6inch HD cảm ứng, âm thanh Yamaha",https://www.lazada.vn/products/pdp-i1633189959.html,3.500.000 ₫,,
"Laptop Fujitsu Lifebook UH90 Core i5, 12gb Ram, 256gb SSD, 14” 3K IPS cảm ứng, vỏ nhôm siêu mỏng",https://www.lazada.vn/products/pdp-i2087042072.html,3.990.000 ₫,1.0,
"Laptop 2 trong 1 Nec VersaPro VK23T Core i5-6200U, 8gb ram, 256gb SSD, 13.3"" Full HD IPS cảm ứng đa điểm gập 360 độ, vỏ nhôm magie siêu mỏng nhẹ 800Gram",https://www.lazada.vn/products/pdp-i1970213396.html,7.550.000 ₫,5.0,
"Laptop NEC LZ750 Core i7, 4gb ram, 256gb SSD, màn 13.3” 2K siêu nét, vỏ nhômg mỏng nhẹ 800gram",https://www.lazada.vn/products/pdp-i2654856124.html,2.990.000 ₫,,
"Laptop MSI Raider GE68 HX 14VIG 496VN (i9-14900HX/ 32GB/ 2TB SSD/ RTX 4090 16GB/ 16.0"" QHD/ Win11) - Hàng Chính Hãng",https://www.lazada.vn/products/pdp-i2628591333.html,95.220.000 ₫,,
[Bỏ túi] Laptop pocket mini 8 inch Onemix 3 3s 3pro màn hình cảm ứng cực kỳ nhỏ gọn cho người hay di chuyển Like new,https://www.lazada.vn/products/pdp-i3203996347.html,8.970.000 ₫,,
Laptop Panasonic CF-XZ6 (i5 7200U/ 8GB/ SSD 256GB/ 2K Touch) [Cấu hình cao - Pin trâu] HÀNG NỘI ĐỊA NHẬT siêu bền nhẹ,https://www.lazada.vn/products/pdp-i2893761851.html,6.990.000 ₫,,
[Gaming] Laptop HP Omen Core i5 8300H card đồ họa rời GTX 1050Ti 4GB cực kì mạnh mẽ chiến tất cả các game,https://www.lazada.vn/products/pdp-i3204221848.html,10.070.000 ₫,,
GAMING LENOVO 730 CORE I7 8550U RAM 16G SSD 256G 15.6INCH FHD IPS VGA GTX 1050 4GB,https://www.lazada.vn/products/pdp-i2841045336.html,7.500.000 ₫,,
Laptop Asus Vivobook 16X K3605VC-RP491W (Core i7-13620H/ RTX 3050 4GB/16GB/ 512GB/ Windows 11) - Bảo hành 24 tháng,https://www.lazada.vn/products/pdp-i3207412920.html,20.390.000 ₫,,
DELL PRECISION 3530 CORE I7 8750H RAM 32G SSD 512G 15.6INCH FHD VGA 4GB,https://www.lazada.vn/products/pdp-i2892757612.html,8.500.000 ₫,5.0,
"Laptop Lenovo ThinkBook G2 Core i5-1135G7, 16gb ram, 512gb SSD, màn 15.6inch Full HD",https://www.lazada.vn/products/pdp-i2649937032.html,8.500.000 ₫,,
HP LAPTOP 15S CORE I5 10210U RAM 16G SSD 256G 15.6INCH FHD VGA,https://www.lazada.vn/products/pdp-i3081106181.html,6.900.000 ₫,,
Laptop Acer Aspire 7 A715-59G-57TU (i5-12450H/ GeForce RTX™ 3050/ 16GB/ 512GB/ Windows 11) -Bảo hành 12 tháng,https://www.lazada.vn/products/pdp-i3138576974.html,18.990.000 ₫,,
laptop Dell Latitude 5310 2 in 1 Cảm ứng xoay gập 360 | Core i7-10210U| 16GB| 512GB| [Vỏ kim loại],https://www.lazada.vn/products/pdp-i2667545598.html,7.690.000 ₫,5.0,
Laptop Lenovo Thinkpad T14 Gen 2 Core i7-1167G7 l RAM 16G l SSD 256G l Màn 14' FHD [ BẢO HÀNH 3 - 12 THÁNG ] Hàng Mỹ Đẹp 99%,https://www.lazada.vn/products/pdp-i2110687563.html,13.500.000 ₫,,
"Laptop Dell Latitude 7430 | Intel Core i7-1265U | Ram 16GB | SSD 256GB | 14.0"" FHD (1920x1080) A G, WVA, 250 nits, H D RGB Cam | Carbon Fiber",https://www.lazada.vn/products/pdp-i3208181685.html,14.850.000 ₫,,
DELL VOSTRO 3568 CORE I3 7100U RAM 8G SSD 256G 15.6INCH,https://www.lazada.vn/products/pdp-i3065491044.html,3.900.000 ₫,,
"Laptop Toshiba Portege X30L siêu nhẹ 1kg i7-8550u Ram 8GB SSD 256GB màn 13,3 FHD IPS pin trâu từ 5h-7h",https://www.lazada.vn/products/pdp-i3176360768.html,5.499.000 ₫,,
"Laptop Gaming Acer Nitro 5 2020 - Core i7-10750H RAM 16G SSD 512G GTX 1650 4GB Màn 15,6 Inch FHD 144Hz ( Bảo Hành 3 đến 12 Tháng )",https://www.lazada.vn/products/pdp-i2433199226.html,13.800.000 ₫,,
Laptop Dell Latitude 3450 L3450-1335U-16512W (i5-1335U/ Onboard graphics/ 16GB/ 512GB/ Windows 11) - Bảo hành 12 tháng,https://www.lazada.vn/products/pdp-i3113543193.html,18.590.000 ₫,,
Dell Precision 7550 l Xeon W-10885M l RAM 32GB l SSD 256GB l RTX 3000 l 15' FHD,https://www.lazada.vn/products/pdp-i2680625025.html,18.000.000 ₫,,
Surface Laptop Go 2 i5-1135G7 l RAM 8G l SSD 256G l Màn Touch 12 Inch Hàng chuẩn đẹp 99%,https://www.lazada.vn/products/pdp-i2680521849.html,11.900.000 ₫,,
Laptop Dell Precision 7530 Core i7-8850H | RAM 16G | SSD 512G | Màn 15' FHD Máy Mỹ Đẹp 99%,https://www.lazada.vn/products/pdp-i2680660003.html,11.900.000 ₫,,
HP Notebook 11 Celeron N3070 2GB SSD 128GB 11.6inch,https://www.lazada.vn/products/pdp-i448466783.html,2.500.000 ₫,,
LAPTOP xách tay giá rẻ LENOVO YOGA X370 X380 X390 I5 RAM 16gb,https://www.lazada.vn/products/pdp-i2664953712.html,7.000.000 ₫,,
"Laptop xách tay Dell Xps 13-9360 i7 7560U/ 8GB/ 256GB PCIe/ 13.3"" FHD/ Win 10 Pin90%",https://www.lazada.vn/products/pdp-i2580834085.html,6.999.999 ₫,,
Laptop xách tay giá rẻ DELL LATITUDE E7480 I7-7600U RAM 8G SSD 256G 14 INCH FULL HD IPS Pin 80%,https://www.lazada.vn/products/pdp-i2298286711.html,6.700.000 ₫,,
"Surface Laptop 4 - Core i7-1165G7 RAM 16G SSD 512G Màn 13,5 Inch QHD Touch ( Bảo Hành 3 đến 12 Tháng )",https://www.lazada.vn/products/pdp-i2472458075.html,12.900.000 ₫,,
Laptop 95-96% Dell Latitude 7390 Core i5-8250U RAM 16GB SSD 256GB 13.3inch IPS FHD Pin 4-6H,https://www.lazada.vn/products/pdp-i2579738410.html,7.199.999 ₫,,
Laptop giá rẻ nhẹ nhất thế giới FUJITSU U938/T made in japan (700gr) Celeron (3965u) Ram 8GB/ SSD 256 Pin90% Sạc Zin theo máy,https://www.lazada.vn/products/pdp-i2579723723.html,6.300.000 ₫,,
Lenovo Thinkpad X280 core i5 7300U ram 8GB SSd 256GB màn hình FHD Cũ,https://www.lazada.vn/products/pdp-i3075393050.html,4.449.000 ₫,,
"Laptop Dell Precision 5550 - Core i7-10750H RAM 16G SSD 512G VGA Quadro T2000 Màn 15,6 Inch FHD IPS ( Bảo Hành 3 đến 12 Tháng )",https://www.lazada.vn/products/pdp-i2447967550.html,17.500.000 ₫,,
Sale laptop noi địa nhật Fujitsu lifebook sh90 . CPU i5 4200u.ram 8.ssd 128g,https://www.lazada.vn/products/pdp-i3060234337.html,4.650.000 ₫,,
Laptop thinkpad T480s i5 8250u ram 8gb ssd 256gb 14.1 inch FULLHD 1920*1080,https://www.lazada.vn/products/pdp-i2699994847.html,5.599.000 ₫,,
Laptop AI HP 14-ep1011TU - 9Z2W3PA (Core 5 120U/RAM 16GB/Onboard/512GB SSD/Windows 11) - Bảo hành 12 tháng,https://www.lazada.vn/products/pdp-i2878000606.html,16.290.000 ₫,,
Laptop HP Victus 16-R0302TX - AE0N9PA (i5-13500HX/ GeForce RTX 4050/ 16GB/ 512GB/ Windows 11) - Bảo hành 12 tháng,https://www.lazada.vn/products/pdp-i3164231677.html,24.290.000 ₫,,
Laptop Dell Latitude 7490 - CPU Intel core i7 thê hệ 8,https://www.lazada.vn/products/pdp-i2659620958.html,6.800.000 ₫,,
Laptop giá rẻ HP Probook 650 G1 Core i5-4300M (i5-4200M) RAM 4GB SSD 128GB Màn 15.6inch HD 1366x768,https://www.lazada.vn/products/pdp-i2241411153.html,6.000.000 ₫,,
Laptop Gaming Asus ROG Zephyrus M16 - Core i7-11800H RAM 16G SSD 512G RTX 3050Ti Màn 16 Inch FHD 144Hz ( Bảo Hành 3 đến 12 Tháng ),https://www.lazada.vn/products/pdp-i2471402768.html,19.800.000 ₫,,
laptop 2 trong 1 NoteBook G2 Tabet cảm ứng MƯỢT MỎNG ĐẸP nhẹ tiện di chuyển/win 10 MÀN HÌNH ĐẸP ĐÃ CÀI ĐỦ office văn phòng,https://www.lazada.vn/products/pdp-i2376999263.html,2.999.000 ₫,,
"Laptop Dell Inspiron 3520, Core i5-1235U, Ram 16GB, SSD 512GB, màn hình 15.6inch Full HD, tần số quét 120Hz mới Fullbox, tặng kèm bộ phụ kiện cao cấp",https://www.lazada.vn/products/pdp-i2611256589.html,13.000.000 ₫,,
Dell Latitude 9420 2in1 l i7-1185G7 l RAM 16GB l SSD 512GB l 14' 2K Touch,https://www.lazada.vn/products/pdp-i2680625168.html,14.900.000 ₫,,
Dell Latitude E7450 qua sử dụng i5 SSD 128GB Ram 4GB DDR3 PC3L siêumượt như mới,https://www.lazada.vn/products/pdp-i2409574526.html,4.680.000 ₫,,
Laptop MSI Vector GP78HX 13VI 476VN (i9-13980HX | 32GB RAM | 2TB SSD | RTX 4090 16GB | 17 inch QHD+ 240Hz | Win 11),https://www.lazada.vn/products/pdp-i2626117336.html,95.220.000 ₫,,
Laptop ASUS TUF Gaming A15 FA507RC-HN051W (R7-6800H | 8GB | 512GB | GeForce RTX™ 3050 4GB)- Hàng Chính Hãng,https://www.lazada.vn/products/pdp-i2255059549.html,31.118.000 ₫,,
Laptop LG Gram 16Z90P-G.AH73A5/ i7-1165G7/ 16Gb/ SSD 256Gb/ Win10/ Silver/ 1Y - HÀNG CHÍNH HÃNG,https://www.lazada.vn/products/pdp-i3045709270.html,17.820.000 ₫,,
ART BOX | Laptop ThinkPad X1 Carbon Gen10 21CBS00800 kháng khuẩn,https://www.lazada.vn/products/pdp-i3227933848.html,495.000 ₫,,
ASUS ROGTRIX GAMING G531IH RYZEN 7 4800H RAM 16G SSD 512G 15.6INCH 144HZ GTX 1650 RGB,https://www.lazada.vn/products/pdp-i3226615652.html,13.500.000 ₫,,
"Laptop ASUS TUF Gaming FX505DT-AL003T | AMD Ryzeb R7-3750H | Ran 16GB | SSD 512GB | VGA GTX 1650 4GB | 15.6"" FHD 120Hz | Win 10",https://www.lazada.vn/products/pdp-i2898636466.html,9.350.000 ₫,,
LENOVO THINKPAD T14 CORE I7 10510URAM 16G SSD 512G 14INCH FHD IPS,https://www.lazada.vn/products/pdp-i2751075158.html,8.550.000 ₫,,
Laptop Lenovo Thinkpad T14 Core i7-10510U l RAM 16G l SSD 512G l Màn 14' FHD Hàng Mỹ Đẹp 99%,https://www.lazada.vn/products/pdp-i2680505559.html,9.700.000 ₫,,
ACER GAMING A715 CORE I5 9300H RAM 16G SSD 256G 15.6INCH FHD GTX 1650TI,https://www.lazada.vn/products/pdp-i2792630083.html,8.500.000 ₫,,
"Laptop Dell Latitude 5420 14 Inch 2021 (Core I5-113G7 I 8GB I 256GB I 14"" FHD) - Hàng Chính Hãng - BH 1 năm - Có Xuất VAT",https://www.lazada.vn/products/pdp-i2534450838.html,12.900.000 ₫,,
Laptop đồ hoạ precision dell 5550 siêu đẹp,https://www.lazada.vn/products/pdp-i2760145644.html,16.300.000 ₫,5.0,
Laptop ACER Swift Lite 14 AI SFL14-51M-56HS (Ultra 5-125U/RAM 16GB/Onboard/512GB SSD/ Windows 11) - Bảo hành 12 tháng,https://www.lazada.vn/products/pdp-i2872670058.html,18.690.000 ₫,,
"Laptop Surface 3 Core i7-1065G7 l Ram 8GB l SSD 256GB l Màn 13,5 inch 2K Touch [BẢO HÀNH 3 - 12 THÁNG] Mới 99%",https://www.lazada.vn/products/pdp-i2058189986.html,14.900.000 ₫,,
"Laptop giá rẻ Thinkpad X1 Carbon gen 4 Core i5 - 6300U RAM 8G SSD 256G 14"" Full HD Ips pin 90%",https://www.lazada.vn/products/pdp-i2241261971.html,6.000.000 ₫,,
"Laptop 2020/mới 95-96% Dell Latitude 5300 i5 8365U vPro/ 8GB/ 256GB SSD/ 13.3"" / Win 10Pro/ Pin3-5h",https://www.lazada.vn/products/pdp-i2578363062.html,5.499.999 ₫,,
LG Gram Style 16 2023 | i7-1360P | RAM 16GB | SSD 1TB | 16' 3K OLED 120Ghz,https://www.lazada.vn/products/pdp-i2680701013.html,28.500.000 ₫,,
Laptop Fujitsu Lifebook S937.i5 7200u.ram 8.ssd 128g.hang lượt do mới trên 94%,https://www.lazada.vn/products/pdp-i3060073948.html,4.550.000 ₫,,
Microsoft Surface Book 3 | Intel Core i7-1065G7 | Ram 16GB | SSD 256GB | NVIDIA GeForce GTX 1660 Ti with Max-Q Design 6GB | 15 inch Touch screen,https://www.lazada.vn/products/pdp-i2483406540.html,14.938.500 ₫,,
Laptop Cao Cấp Lenovo Thinkpad x1 carbon Gen 8 core i5 10210U ram 16gb ssd 512 14in pin&gt;4h liên tục,https://www.lazada.vn/products/pdp-i3159261240.html,13.000.000 ₫,,
Laptop xách tay giá rẻ HP Probook 450 G3 Core i5-6100U / RAM 8GB / SSD 256GB / Màn 15.6 inch HD Pin 100%,https://www.lazada.vn/products/pdp-i2240703690.html,6.000.000 ₫,,
HP PROBOOK 650 G4 I5 7200U/ RAM 8GB/ SSD 256GB/ 15.6INCH/ MÀU BẠC TRẮNG/ CHUYÊN VĂN PHÒNG/ GIÁ RẺ,https://www.lazada.vn/products/pdp-i2781335930.html,6.800.000 ₫,,
"Laptop Dell Vostro 5468, Core i5-7200U, Ram 8GB, SSD 256GB, VGA, 14inch FHD, led phím, Windows 10, tặng chuột không dây, lót chuột, cặp laptop 2 ngăn",https://www.lazada.vn/products/pdp-i2654594121.html,6.900.000 ₫,,
DELL PRECISION 7730 CORE I7 8850H RAM 32GB SSD 512GB 17.3INCH FHD VGA P4200 8GB,https://www.lazada.vn/products/pdp-i2489519299.html,13.110.000 ₫,5.0,
Laptop Msi Modern 14 F13MG-466VN (i5-1334U/ Onboard graphics/ 16GB/ 512GB/ Win 11) - Bảo hành 24 tháng,https://www.lazada.vn/products/pdp-i3206875016.html,14.490.000 ₫,,
"Laptop xách tay giá rẻ Dell Latitude 7390 2 in 1 Core i5-8250U RAM 8GB SSD 256GB 13.3"" FHD Touch Win 10Pro Key_led Pin 90%",https://www.lazada.vn/products/pdp-i2580005799.html,7.999.999 ₫,,
DELL 7480 i5 i7 7600U 8G 256G MÀN HINH 14 in CẢM ỨNG FULL HD MỎNG NHẸ THUẬN TIỆN DI CHUYỂN,https://www.lazada.vn/products/pdp-i1988174728.html,5.670.000 ₫,4.0,66 Đã bán
"Laptop Dell Precision 3530 - Core i7-8850H RAM 16G SSD 512G VGA Quadro P600 Màn 15,6 Inch FHD IPS ( Bảo Hành 3 đến 12 Tháng )",https://www.lazada.vn/products/pdp-i2471466498.html,10.800.000 ₫,,
Laptop xách tay giá rẻ DELL 5590 I5 8250U RAM 8GB SSD 256GB,https://www.lazada.vn/products/pdp-i2662668885.html,6.600.000 ₫,,
Laptop xách tay Lenovo ThinkPad T470S i5 7300U Ram 16gb SSD 256gb Màn hình 14inch Full HD IPS Pin4h,https://www.lazada.vn/products/pdp-i2424375352.html,5.442.000 ₫,,
"Laptop Nec HZ550LBA Core i7-8550U, 8gb ram, 256gb SSD nvme, 13.3” Full HD IPS cảm ứng soay 360 độ, vỏ nhôm magie siêu mỏng nhẹ 800gram",https://www.lazada.vn/products/pdp-i2068608512.html,6.500.000 ₫,,
Laptop Acer Aspire 5 A515-58P-702Q (i7-13620H/ Onboard graphics/ 16GB/ 512GB/ Windows 11) - Bảo hành 12 tháng,https://www.lazada.vn/products/pdp-i3144175298.html,15.990.000 ₫,,
"[Freeship] Laptop Gaming MSI Bravo 15 B5DD 276VN/ AMD Ryzen 5-5600H/ RAM 8GB/ 512GB SSD/ AMD RX 5500M 4GB GDDR6/ 15.6inch FHD/ Win 11/ 1Yr -MEI Tech Official- MEI18 Hàng Chính Hãng, Thiết Kế Mỏng Nhẹ, Cấu Hình Ổn Định Dùng Cho Văn Phòng, Thiết Kế Đồ Họa,",https://www.lazada.vn/products/pdp-i1691403193.html,19.977.600 ₫,,
"[Freeship] Laptop Acer Aspire 7 A715-42G-R1SB/ AMD R5-5500U/ RAM 8GB/ 256GB SSD/ NVIDIA GTX1650 4GB/ 15.6inch FHD 144Hz/ 3Cell/ Win 10SL/ 1Yr -MEI Tech Official- MEI21 Hàng Chính Hãng, Thiết Kế Mỏng Nhẹ, Cấu Hình Ổn Định Dùng Cho Văn Phòng, Thiết Kế Đồ Họ",https://www.lazada.vn/products/pdp-i1691293679.html,18.462.000 ₫,,
ASUS VIVOBOOK X509FA CORE I3 8145U RAM 8G SSD 256G 15.6INCH FHD VIỀN MỎNG,https://www.lazada.vn/products/pdp-i2824154280.html,4.990.000 ₫,,
"Laptop Surface Pro 7 Plus - Core i7-1165G7 RAM 16G SSD 256G Màn 12,5 Inch QHD Touch ( Bảo Hành 3 đến 12 Tháng )",https://www.lazada.vn/products/pdp-i2472645065.html,13.800.000 ₫,,
"[Freeship] Laptop HP Probook 450 G8 (51X27PA)/ Bạc/ Intel Core i5-1135G7/ RAM 8GB/ 256GB SSD/ Intel Iris Xe Graphics/ 15.6inch FHD/ 3Cell/ Win 10SL/ 1Yr -MEI Tech Official- MEI39 Chính Hãng, Giá Tốt, Mỏng Nhẹ Cho Văn Phòng",https://www.lazada.vn/products/pdp-i1690406804.html,26.986.500 ₫,,
Laptop xách tay Lenovo Thinkpad L480 Core I5 8350U Ram 8GB SSD 256GB 14inch Card On Pin trên 4H,https://www.lazada.vn/products/pdp-i2610825082.html,6.500.000 ₫,,
Laptop Dell Inspiron 7420 2in1 - Core i7-1255U RAM 16G SSD 512G Màn 14 Inch FHD Touch ( Bảo Hành 3 đến 12 Tháng ),https://www.lazada.vn/products/pdp-i2461300388.html,14.500.000 ₫,,
Laptop Dell XPS 13 9305 | Intel Core i5-1135G7 | Ram 8GB | 256GB SSD | 13.3 FHD IPS,https://www.lazada.vn/products/pdp-i2624453743.html,13.200.000 ₫,,
"🔥 DELL LATITUDE 5300 – NHỎ MÀ CÓ VÕ, GIÁ CHỈ TẦM 4 TRIỆU! 🔥",https://www.lazada.vn/products/pdp-i2994747747.html,4.450.000 ₫,,
"Laptop đeo doanh nhân 5310 cấu hình k.hủng, ram 16, ssd 512, chip i7 thế hệ 10, mỏng, nhẹ đẹp trang trọng, viền màn hình mỏng, giá cả vô cùng hợp lí",https://www.lazada.vn/products/pdp-i2434460624.html,7.990.000 ₫,,"14 Đã bán
Thanh Hóa"
"Laptop Dell Precision 5560 - Core i7-11800H RAM 16G SSD 512G VGA Quadro T1200 Màn 15,6 Inch FHD IPS ( Bảo Hành 3 đến 12 Tháng )",https://www.lazada.vn/products/pdp-i2448015233.html,24.000.000 ₫,,
"Laptop máy trạm Fujitsu Celsius H770 Core i7-7700HQ, 16gb Ram, 256gb SSD, vga Quadro M620M, 15.6inch Full HD IPS, hàng Nhập khẩu",https://www.lazada.vn/products/pdp-i1625152927.html,7.990.000 ₫,,
DELL XPS 9365 CORE I7 -7Y75 RAM 16G SSD 512G 13.3INCH FHD TOUCH 360,https://www.lazada.vn/products/pdp-i2440636093.html,9.800.000 ₫,5.0,8 Đã bán
LAPTOP INTEL CORE I7 RAM 8GB SSD 256G 15.4INCH (2012),https://www.lazada.vn/products/pdp-i2652507580.html,6.730.000 ₫,,
Laptop HP ProBook 450 G7 i5-10210U/8GB/256GB SSD (màn hình 15.6/ Intel UHD 620/ nặng 1.8kg),https://www.lazada.vn/products/pdp-i2535134676.html,8.800.000 ₫,,
Laptop Lenovo Thinkpad T14s Core i7-10610U l RAM 16G l SSD 512G l Màn 14' FHD [ BẢO HÀNH 3 - 12 THÁNG ] Hàng Mỹ Đẹp 99%,https://www.lazada.vn/products/pdp-i2088732782.html,8.900.000 ₫,,
DELL XPS 9350 CORE I7 6560U RAM 8GB SSD 256GB 13.3INCH FHD IPS,https://www.lazada.vn/products/pdp-i2654317755.html,7.500.000 ₫,5.0,
"Laptop siêu nhẹ NEC VJT10 Core i5-10210Y, 8gb ram, 512gb SSD, màn 12.5” Full HD trọng lượng 900gram siêu nhẹ",https://www.lazada.vn/products/pdp-i2719206803.html,4.990.000 ₫,,
Laptop Samsung Galaxy Book S 13.3 inch Bản Lắp sim LTE Fullbox || Ram 8GB SSD 256GB Siêu Mỏng - Hàng hiếm chỉ có Tại Playmobile,https://www.lazada.vn/products/pdp-i1414681402.html,12.490.000 ₫,5.0,29 Đã bán
"Thanh lý Laptop SONY VPCCWW1FX ( MỚI ), Cpu core I3, ram 4G, ô cứng 350G, Màn 14"". Giá bán 1,9 Triệu",https://www.lazada.vn/products/pdp-i2362759602.html,1.900.000 ₫,1.9,
XẢ HÀNG - HP PROBOOK 640G2 CORE I5 6300U RAM 16GB SSD 256GB 14INCH GIÁ RẺ,https://www.lazada.vn/products/pdp-i2073707712.html,3.900.000 ₫,,
Dell Latitude 3380 Core i3 6006U/ Ram 8Gb/ SSD 256Gb/ Màn hình 13.3 inch mỏng gọn nhẹ/ thời lượng pin cực tốt (SP KHUYẾN MẠI NHIỀU KHÔNG LỢI NHUẬN),https://www.lazada.vn/products/pdp-i1988222655.html,3.680.000 ₫,5.0,5 Đã bán
Laptop NEC VersaPro VK18 Core i7-3537U 4gb Ram 128gb SSD màn hình 13.3inch vỏ nhôm magie siêu mỏng nhẹ 800gram,https://www.lazada.vn/products/pdp-i354682574.html,3.900.000 ₫,4.0,25 Đã bán
Laptop hp 8440P i5 Ram 4G hdd 500GB Nhập Khẩu Nhật giá rẻ giải trí học tập ổn,https://www.lazada.vn/products/pdp-i251083374.html,1.642.000 ₫,4.0,26 Đã bán
[Trả góp 0%]Dell Latitude E5540 Core i5-4300U Ram 8GB SSD 256GB 15.6inch,https://www.lazada.vn/products/pdp-i986332767.html,4.200.000 ₫,5.0,
"LAPTOP SONY VAIO VGN-NS135E CORE DUO RAM 4GB 250GB 15,4INCH",https://www.lazada.vn/products/pdp-i1771325095.html,3.200.000 ₫,,
"Máy tính Thinkpad X1 Cacbon Gen 7 Core i5 8365U, Ram 8GB, SSD 256GB Full HD IPS",https://www.lazada.vn/products/pdp-i2010040370.html,10.500.000 ₫,5.0,107 Đã bán
"Laptop Dell Precision 7510 cấu hình cực mạnh, Core i7, Ram 8gb, ổ cứng SSD 256gb, Cạc VGA M2000M, màn 15.6 FHD lướt 99%, dòng máy trạm cao cấp",https://www.lazada.vn/products/pdp-i2474201851.html,7.900.000 ₫,5.0,20 Đã bán
HP ELITEBOOK 840 G5 CORE I5 8350U RAM 16G SSD 256G 14INCH FHD ĐÈN PHÍM,https://www.lazada.vn/products/pdp-i2702407303.html,5.990.000 ₫,5.0,
"Laptop DELL INSPIRON G3 3590, laptop gaming mẫu cao cấp, Core i7, Ram 32gb, ổ cứng SSD 1TB, màn FullHD, cạc rời GTX 1650, cân mọi tựa game nặng",https://www.lazada.vn/products/pdp-i2473353536.html,12.500.000 ₫,5.0,6 Đã bán
[Trả góp 0%]Lenovo Thinkpad T410 Core i5 Ram 8G SSD 256G 14inch,https://www.lazada.vn/products/pdp-i543906096.html,2.700.000 ₫,5.0,8 Đã bán
Laptop ACER Swift Lite 14 AI SFL14-51M-56HS (Ultra 5-125U/RAM 16GB/Onboard/512GB SSD/ Windows 11) - Bảo hành 12 tháng,https://www.lazada.vn/products/pdp-i2873538363.html,18.490.000 ₫,,
[Trả góp 0%]Thinkpad L512 Core i5 M560 Ram 4GB HDD 500GB 15.4inch,https://www.lazada.vn/products/pdp-i633712160.html,3.500.000 ₫,5.0,
Dell 7559 game Core i7-6700HQ ram 16gssd 256g+ hdd 1tb VGA GTX 960M- 4G màn 15.6″ Full HD 1920*1080,https://www.lazada.vn/products/pdp-i2289752706.html,8.900.000 ₫,5.0,13 Đã bán
LENOVO THINKPAD YOGA L380 CORE I5 8250U RAM 8G SSD 256G 13.3INCH FHD TOUCH 360,https://www.lazada.vn/products/pdp-i2670054504.html,5.000.000 ₫,,
"Vivobook Pro 14 OLED, tặng Office Professional Plus 2019 trị giá 1tr5",https://www.lazada.vn/products/pdp-i1828947929.html,14.690.000 ₫,,
[Trả góp 0%]Dell Latitude E7240 Core i5 8G SSD 512G 12.5inch giá rẻ,https://www.lazada.vn/products/pdp-i441182184.html,3.230.000 ₫,5.0,
MSI Gaming GF63 Core i5 11300H Ram 16G SSD 512G 15.6inch FHD 144HZ Vga GTX 1650,https://www.lazada.vn/products/pdp-i2382355632.html,11.900.000 ₫,5.0,
DELL INSPIRON 3542 CORE I3 4005U RAM 8G SSD 128G 15.6INCH VGA,https://www.lazada.vn/products/pdp-i2315336474.html,3.800.000 ₫,,
"Laptop Lenovo Thinkpad X1 Carbon Core i7-4500U, 8gb ram, 256gb SSD, 14” HD vỏ carbon cao cấp siêu cứng siêu mỏng nhẹ",https://www.lazada.vn/products/pdp-i2020371333.html,4.500.000 ₫,,
DELL INSPIRON 5547 CORE I7 4510U RAM 8G SSD 256G 15.6INCH VGA GIÁ RẺ,https://www.lazada.vn/products/pdp-i2510731109.html,5.225.000 ₫,5.0,
Laptop VUA Văn Phòng lenovo THINKPAD L580 I5-8250U RAM 8GB SSD 256GB (Bàn phím đánh chữ thôi rồi),https://www.lazada.vn/products/pdp-i2656604056.html,5.000.000 ₫,5.0,
[Trả góp 0%]Sony Vaio VPCCB39FJ Core i5 2430M Ram 4GB HDD 500GB 15.6inch,https://www.lazada.vn/products/pdp-i789866602.html,3.900.000 ₫,5.0,
"Laptop Nec UltraLite VKT12H Core i5-7Y54, 8gb ram, 512gb SSD, 12.5inch Full HD siêu mỏng nhẹ di động",https://www.lazada.vn/products/pdp-i2182782525.html,3.900.000 ₫,,
LAPTOP DELL PRECISION M4500 CORE I7 RAM 4GB HDD 500GB 15.6INCH FHD VGA,https://www.lazada.vn/products/pdp-i1734689518.html,3.800.000 ₫,,
Dell Latitude 6430u I7-3687U / RAM 8GB / SSD 256GB / 14 INCH FULL BOX BẢO HÀNH 12 THÁNG,https://www.lazada.vn/products/pdp-i266932831.html,2.300.000 ₫,3.0,10 Đã bán
ACER GAMING NITRO 5 CORE I5 11400H RAM 16G SSD 512G 15.6INCH FHD IPS 144HZ VGA GTX 1650,https://www.lazada.vn/products/pdp-i2521466656.html,12.800.000 ₫,5.0,
DELL PRECISION 7720 CORE I7 6820HQ Ram 32G SSD 512G +1T 17.3INCH FHD VGA M1200 4GB,https://www.lazada.vn/products/pdp-i2463189942.html,10.500.000 ₫,5.0,11 Đã bán
Laptop Giá Rẻ HP Chromebook x360 14 G1 i7-8650U 14inch Touchscreen Full HD i7 16 GB DDR4-SDRAM 64 GB Flash Wi-Fi 5 (802.11ac) Chrome OS Silver,https://www.lazada.vn/products/pdp-i2293643879.html,9.000.000 ₫,5.0,12 Đã bán
"Laptop Dell Latitude 5289 mô tả: Cpu I7 thế hệ 7 7600U, Ram 16G, SSD 256G, Cảm Ứng Xoay Gập 360.(2 in 1)",https://www.lazada.vn/products/pdp-i2409568664.html,6.520.000 ₫,4.0,47 Đã bán
"[Freeship] Laptop Lenovo Yoga Slim 7 14ITL05 14inch FHD (82A3004FVN)/ Dark Moss/ Core i7-1165G7/ RAM 8GB DDR4/ 512GB SSD/ 4 Cell/ Win 10H/ 2 Years -MEI Tech Official- MEI116 Hàng Chính Hãng, Mỏng Nhẹ, Cấu Hình Ổn Định Dùng Cho Văn Phòng, Thiết Kế",https://www.lazada.vn/products/pdp-i1555176671.html,33.218.400 ₫,,
"Laptop Dell Latitude 7420 | Intel Core i5 - 1145G7 | Ram 8GB | SSD 256GB | 14.0"" FHD (1920x1080) An ti-glare, WVA, 250 nits, HD RGB Cam | Fiber Carbon",https://www.lazada.vn/products/pdp-i3208187812.html,8.690.000 ₫,,
HP PROBOOK 430 G5 CORE I7 8550U RAM 16G SSD 256G 13.3INCH,https://www.lazada.vn/products/pdp-i3207388496.html,6.460.000 ₫,,
Laptop Gaming - Lenovo Legion Y520-15IKB - Giá Siêu Êm Cho Anh Em Cần …. * Core i7 7700HQ / Ram 16G / SSD 256G + HDD 500G / Màn 15.6in FHD IPS / Pin 4-5h / Led Phím Đỏ US / VGA Nvidia Geforce GTX 1050Ti / Sạc Zin / Máy Đẹp Full Chức Năng ….,https://www.lazada.vn/products/pdp-i3001816841.html,9.000.000 ₫,,
Laptop xách tay giá rẻ HP PROBOOK 640G8 I5-1145G7 RAM 16G SSD 256GB/512G 14 INCH FULL HD,https://www.lazada.vn/products/pdp-i2641172848.html,11.200.000 ₫,,"10 Đã bán
Hà Nội"
LAPTOP HP 15 CORE I7 8550U RAM 8G SSD 128G+1T 15.6INCH FHD VGA,https://www.lazada.vn/products/pdp-i2654099524.html,6.800.000 ₫,,
Laptop Dell Latitude 7200 2-in-1 Cảm Ứng Tháo Rời Màn Hình,https://www.lazada.vn/products/pdp-i1989015819.html,7.290.000 ₫,5.0,14 Đã bán
Laptop DELL XPS 9550 i7-6700HQ l RAM 16G l SSD 256G l GTX 960M l Màn 15' 4k HÀNG ĐẸP 99%,https://www.lazada.vn/products/pdp-i2680595650.html,17.800.000 ₫,,
Laptop Panasonic Let's note CF-SZ6 (i5 7300U/ 8GB/ SSD 256GB/FHD) [Cấu hình cao - Pin trâu] HÀNG NỘI ĐỊA NHẬT siêu bền - BẢO HÀNH 06 THÁNG,https://www.lazada.vn/products/pdp-i2893979315.html,5.100.000 ₫,,
Laptop Acer Aspire Lite AL15-42P-R08M (Ryzen 7 7730U/ AMD Radeon 16GB/ 512GB/ Windows 11 + Office) - Bảo hành 12 tháng,https://www.lazada.vn/products/pdp-i3210870871.html,15.490.000 ₫,,
"Laptop đẳng cấp Toshiba Dynabook R731, win 10 pro, chip i5 2520M 2,8 Ghz thế hệ 2 mới 99% đủ phụ kiện Laptop văn phòng đẳng cấp Toshiba Dynabook R730, chip i5, 4G Ram, 13.3 inch HD mới 99% đủ phụ kiện (cài sẵn 10 game & 10 phim)",https://www.lazada.vn/products/pdp-i1626735522.html,2.990.000 ₫,5.0,
"Lenovo ThinkPad T470S/i7-6600U/14""FHD/8GB/256GB/Intel® HD Graphics 520/Phím Led",https://www.lazada.vn/products/pdp-i1666321117.html,14.990.000 ₫,,
Laptop Asus Vivobook 15 X1502VA-BQ885W (i5-13420H/ Onboard graphics/ 16GB/ 512GB/ Windows 11) - Bảo hành 24 tháng,https://www.lazada.vn/products/pdp-i3206892620.html,15.790.000 ₫,,
Laptop giá rẻ nhẹ nhất thế giới FUJITSU U938/T made in japan (700gr) Celeron (3965u) Ram 8GB/ SSD 256 Pin90% Sạc Zin theo máy,https://www.lazada.vn/products/pdp-i2255445464.html,6.300.000 ₫,,
Laptop Cũ HP Elitebook 830 G5 i5 8250U RAM 8GB SSD 256GB 13.3 inch,https://www.lazada.vn/products/pdp-i2399398586.html,7.100.000 ₫,,
"Laptop HP Elitebook 840 G7 i7-10610U, Ram 16G SSD 512GB, 14 inch FHD IPS Mới 99%",https://www.lazada.vn/products/pdp-i2680598525.html,9.900.000 ₫,,
Laptop Lenovo ThinkPad T14s Gen 2 - Core i7-1165G7 RAM 16G SSD 512G Màn 14 Inch FHD ( Bảo Hành 3 đến 12 Tháng ),https://www.lazada.vn/products/pdp-i2462507030.html,15.200.000 ₫,,
Laptop xách tay giá rẻ HP Probook 430 G3 - Intel Core i5 6200U Ram 8GB/ SSD 256GB/ PIN 99%. Nhập nguyên chiếc NHẬT Bản,https://www.lazada.vn/products/pdp-i2258940674.html,5.200.000 ₫,,
"Laptop Nhật Bản Fujitsu U9310 Core i5-10310U, 8gb ram, 512gb SSD, màn hình 13.3” Full HD IPS hàng nhập khẩu nhật bản đã qua sử dụng",https://www.lazada.vn/products/pdp-i2985696661.html,6.000.000 ₫,,
Laptop máy trạm DELL Precision M5510 Core i7/Xeon E3 32gb Ram 512gb SSD Quadro M1000M 15.6inch Full HD cảm ứng tràn viền,https://www.lazada.vn/products/pdp-i1139942767.html,8.990.000 ₫,,
[Trả góp 0%]THINKPAD X250 CORE I5 5200U Ram 4G SSD 128G 12.5INCH,https://www.lazada.vn/products/pdp-i1267917762.html,3.400.000 ₫,4.0,12 Đã bán
Laptop ThinkPad X390 Core i7-8665U l i5-8365U l RAM 16GB l SSD 256GB l Màn 14inch FHD [BẢO HÀNH 3 - 12 THÁNG] MỚI 99%,https://www.lazada.vn/products/pdp-i1983094552.html,8.100.000 ₫,,
LENOVO IDEAPAD G40 CORE I5 4258U RAM 8G SSD 256G 14INCH,https://www.lazada.vn/products/pdp-i2525221533.html,3.300.000 ₫,,
Dell Latitude 6430u I7-3687U / RAM 4GB / SSD 256GB / 14 INCH FULL BOX BẢO HÀNH 12 THÁNG,https://www.lazada.vn/products/pdp-i266948050.html,2.200.000 ₫,4.0,6 Đã bán
"Laptop Toshiba Dynabook T75/CB Core i7-7500U, 8gb ram, 256gb SSD, 15,6” HD, vỏ piano rất đẹp",https://www.lazada.vn/products/pdp-i2072877692.html,5.500.000 ₫,,
"Laptop Workstation HP ZBook Studio G5 Core i7-8750H, 32gb ram, 512gb SSD, vga Quadro P1000, màn 15.6” Full HD, hàng nhập khẩu đã qua sử dụng",https://www.lazada.vn/products/pdp-i2813312418.html,10.900.000 ₫,,
"Laptop Dell 7480 giá tốt, zin 99%,màn hình 14 FullHD, Core i5, i7, Ram 8gb, ổ cứng SSD 256, máy tính xách tay giá rẻ.",https://www.lazada.vn/products/pdp-i3147688511.html,5.500.000 ₫,,
Laptop Lenovo ThinkPad T14 Gen 2 - Core i7-1165G7 RAM 16G SSD 512G Màn 14 Inch FHD ( Bảo Hành 3 đến 12 Tháng ),https://www.lazada.vn/products/pdp-i2462421418.html,13.400.000 ₫,,
DELL LATITUDE E5440 CORE I5 4310U RAM 8G SSD 256G 14INCH CẢM ỨNG,https://www.lazada.vn/products/pdp-i3069396991.html,3.800.000 ₫,,
Laptop Thinkpad X1 Carbon Gen 5 i7-7600U RAM 16GB Màn 14' QHD 2K,https://www.lazada.vn/products/pdp-i2680647098.html,6.900.000 ₫,,
DELL XPS 15 9570 CORE I7 8570H RAM 32G SSD 512G 15.6INCH FHD IPS VGA GTX 1050TI,https://www.lazada.vn/products/pdp-i2421315470.html,13.500.000 ₫,,
Surface Laptop 4 Core i7-1185G7 l Ram 16GB l SSD 512GB l Màn 13 inch 2K Touch Like new 99%,https://www.lazada.vn/products/pdp-i2680557627.html,11.500.000 ₫,,
ASUS TUF GAMING FX505DT R5 3550H/ RAM 8GB/ SSD 512GB/ 15.6INCH FHD 120Hz/ NVIDIA GTX 1650 4GB/ CHUYÊN GAME ĐỒ HỌA/ GIÁ RẺ,https://www.lazada.vn/products/pdp-i2314378322.html,13.500.000 ₫,,
Laptop Giá Rẻ Lenovo ThinkPad x13 Ryzen 5 pro 4650U Ram 8GB SSD 256GB,https://www.lazada.vn/products/pdp-i3159947259.html,8.000.000 ₫,,
Sale laptops cảm ứng Fujitsu lifebook sh90.cpu i5 4200u.ram 10g.ssd 128+320g,https://www.lazada.vn/products/pdp-i3060262168.html,4.550.000 ₫,,
DELL VOSTRO 3568 CORE I5 7200U RAM 8GB SSD 256G 15.6INCH,https://www.lazada.vn/products/pdp-i2192567038.html,5.300.000 ₫,5.0,
ASUS TUF FX516PC i5 11300H/ SSD 512GB/ 15INCH FHD 144Hz/ RTX 3050 4GB/ GAME ĐỒ HỌA/ GIÁ RẺ,https://www.lazada.vn/products/pdp-i2311873177.html,14.900.000 ₫,,
Laptop Lenovo ThinkPad X1 Carbon Gen 9 - Core i7-1165G7 RAM 16G SSD 512G Màn 14 Inch FHD+ ( Bảo Hành 3 đến 12 Tháng ),https://www.lazada.vn/products/pdp-i2462380545.html,16.800.000 ₫,,
"Samsung Galaxy Book 4, Core 7, Ram 16GB, SSD 512GB, 15.6inch FHD Amoled, newseal cao cấp, tặng kèm bộ quà tặng cao cấp",https://www.lazada.vn/products/pdp-i2655016191.html,23.900.000 ₫,,
Laptop HP Pavilion G4/ CPU i3-M390/ Ram 2GB/ HDD 500GB/ VGA HD Graphics/ LCD 14 inch,https://www.lazada.vn/products/pdp-i1840525594.html,2.500.000 ₫,,
Laptop Lenovo ThinkPad E14 Gen 6 (21M7004WVA) | Intel Ultra 7 155H | 16GB | 512GB | Intel® Arc™ Graphics | 14inch WUXGA | No OS | Đen,https://www.lazada.vn/products/pdp-i2617580130.html,24.450.000 ₫,,"5 Đã bán
Hồ Chí Minh"
2024 Laptop chính hãng intel core i7 RAM 16GB SSD 512GB Windows 10PRO/ MS Office 15.6inch máy tính laptop Chỉnh sửa video Photoshop Bảo hành 3 năm,https://www.lazada.vn/products/pdp-i2593070425.html,9.999.999 ₫,5.0,18 Đã bán
"[HCM]Surface Laptop 3, Core i7 10th, Ram 16G, 512G, 13,5inch Touch",https://www.lazada.vn/products/pdp-i2442952098.html,10.900.000 ₫,,
LAPTOP DELL 7373 2 IN1 CORE I7 8550U RAM 8G SSD 256G 13.3INCH FHD IPS TOUCH,https://www.lazada.vn/products/pdp-i2626032336.html,8.600.000 ₫,,
"Surface Laptop Go Core i5-10310U, 8gb ram, 128gb SSD, 13.3” cảm ứng, nguyên hộp",https://www.lazada.vn/products/pdp-i2540174859.html,8.500.000 ₫,,
Lenovo V14 IIL (82C400W3VN) | Intel Core i5 1035G1 | 4GB | 256GB SSD PCIe | VGA INTEL | 14 inch HD | FreeDos | Brand New 100% - Hàng Chính Hãng,https://www.lazada.vn/products/pdp-i738176230.html,9.999.000 ₫,,
"Laptop Panasonic CF-SZ6 Core i5-7200U, 8gb ram, 256gb ssd, 12.5inch Full HD vỏ nhôm magie siêu bên nhẹ dưới 1kg",https://www.lazada.vn/products/pdp-i2427288523.html,3.600.000 ₫,,
Laptop HP Victus 15 fa2731TX (B85LNPA) (i5-13420H/ RTX 3050 6GB/16GB/ 512GB/ Windows 11) - Bảo hành 12 tháng,https://www.lazada.vn/products/pdp-i3207550180.html,19.990.000 ₫,,
"Laptop Dell Inspiron Gaming 7567 Core i7-7700HQ, 32gb ram, 256gb SSD+1TB HDD, VGa rời RTX1050, màn 15.6inch Full HD, màu đỏ hiếm sang trọng",https://www.lazada.vn/products/pdp-i3070967788.html,9.400.000 ₫,,
Dell Latitude 7320 RAM 32GB/i7 Gen 11 – Lựa Chọn Hoàn Hảo Cho Doanh Nhân!,https://www.lazada.vn/products/pdp-i3039368894.html,10.900.000 ₫,,
[Trả góp 0%]HP Elitebook 8560p Core i5 2520M Ram 4G 500GB - 15.6inch,https://www.lazada.vn/products/pdp-i827926569.html,4.300.000 ₫,5.0,35 Đã bán
DELL LATITUDE 7390 – SIÊU PHẨM CHO SINH VIÊN & DÂN VĂN PHÒNG! ✨,https://www.lazada.vn/products/pdp-i3017082028.html,4.980.000 ₫,,
"Máy tính xách tay Dell E5440 Intel Core i5 - 4200U | Ram 4Gb | SSD 128Gb - Văn phòng, học tập, xem phim giải trí",https://www.lazada.vn/products/pdp-i2297296783.html,3.900.000 ₫,,
"Surface Laptop Go 2 - Core i5-1135G7 RAM 8G SSD 256G Màn 12,5 Inch TouchCreen ( Bảo Hành 3 đến 12 Tháng )",https://www.lazada.vn/products/pdp-i2472313993.html,13.500.000 ₫,,
"Surface Laptop 3 Core i7-1065G7 l Ram 16GB l SSD 512GB l Màn 13,5 inch 2K Touch Like New 99%",https://www.lazada.vn/products/pdp-i2680625047.html,10.900.000 ₫,,
"Laptop 2trong 1 Nec Lavie HZ750 Core i7-7500U, 8gb ram, 512gb SSD NVME, 13.3"" Full HD IPS cảm ứng đa điểm gập 360 độ, vỏ nhôm Magie siêu mỏng nhẹ 850gram",https://www.lazada.vn/products/pdp-i1970224621.html,5.900.000 ₫,,
[Trả góp 0%]HP 820 G2 Core i5 5200U 8GB SSD 256GB 12.5inch,https://www.lazada.vn/products/pdp-i438312169.html,3.500.000 ₫,5.0,
HP Elitebook 840 G8 Core i7-1185G7 / RAM 16GB / SSD 512GB / Màn 14.0 inch FHD 1920x1080,https://www.lazada.vn/products/pdp-i3104425927.html,9.225.000 ₫,,
"Laptop Fujitsu Lifebook U937 Core i5-7200U, 8gb ram, 256gb SSD, 13.3inch Full HD vỏ nhôm siêu mỏng nhẹ 800gram",https://www.lazada.vn/products/pdp-i2106535598.html,5.900.000 ₫,,
"Laptop Lenovo Thinkpad X1 Carbon Core i7-7500U, 16gb ram, 512gb SSD NVmE, 14inch Full HD vỏ carbon cao cấp siêu nhẹ siêu bền",https://www.lazada.vn/products/pdp-i2212735288.html,7.500.000 ₫,,
Laptop LG Gram Book 15U50T-G.AV56A5 (i5-1334U/ Onboard graphics/ 16GB/ 512GB/ Windows 11) -Bảo hành 12 tháng,https://www.lazada.vn/products/pdp-i3143368030.html,14.990.000 ₫,,
"SONY VAIO SVS1512AJ - CORE I5 3210M RAM 8G SSD 256G 15.6INCH VGA RỜI, FULLHD,ĐÈN PHÍM VỎ NHÔM",https://www.lazada.vn/products/pdp-i2789641116.html,3.500.000 ₫,,
Laptop Giá Rẻ HP ELITEBOOK 360 1030G4 I5-8365U RAM8GB SSD256GB,https://www.lazada.vn/products/pdp-i3159509467.html,8.300.000 ₫,,
"[HCM]LAPTOP Dell Latitude 7280, Core i5 7300U, RAM 8GB, SSD 256GB, Màn 12.5inch",https://www.lazada.vn/products/pdp-i2442451542.html,4.800.000 ₫,,
DELL LATITUDE E7450 CORE I5 5300U RAM 8GB SSD 256GB 14INCH fullhd,https://www.lazada.vn/products/pdp-i2210810854.html,3.800.000 ₫,,
Dell Latitude E7270 Core i5 6300U Ram 8G SSD 256G 12.5inch GIÁ RẺ,https://www.lazada.vn/products/pdp-i2811903479.html,4.600.000 ₫,,
"Lenovo ThinkBook 13s Gen 4 ARB, tặng Office Professional Plus 2019 trị giá 1tr5",https://www.lazada.vn/products/pdp-i2419216500.html,14.945.000 ₫,,
Laptop DELL XPS 13 9365 Core i7-7y50U l RAM 16GB l SSD 256GB l Màn 13 inch,https://www.lazada.vn/products/pdp-i2680654063.html,8.900.000 ₫,,
LAPTOP xách tay giá rẻ HP ELITEBOOK 850g5 I7-8650U RAM 16 SSD 512,https://www.lazada.vn/products/pdp-i2645360382.html,9.600.000 ₫,,
laptop Dell latitude 7280.cpu i5 7200u.ram 8.ssd 256g.hàng cũ độ mới 90%,https://www.lazada.vn/products/pdp-i3060236302.html,5.650.000 ₫,,
"Laptop Giá rẻ DELL LATITUDE E5280 12.5 INCHE I5 7200U 8Gb Ram DDR4 256Gb SSD Pin 90% Laptop văn phòng, độ hoàn thiện cao, mạnh mẽ bền bỉ",https://www.lazada.vn/products/pdp-i2294343463.html,5.700.000 ₫,,
"Laptop Surface Pro 7 - Core i7-1065G7 RAM 16G SSD 256G Màn 12,5 Inch QHD Touch ( Bảo Hành 3 đến 12 Tháng )",https://www.lazada.vn/products/pdp-i2472564274.html,12.800.000 ₫,,
HP Pavilion x360 13 i3 6100/4GB/500GB máy zin 100%,https://www.lazada.vn/products/pdp-i251083393.html,4.141.000 ₫,,
Laptop Giá Rẻ LENOVO THINKPAD V720 i5 – 7200U| RAM 8GB| SSD 256GB| 14.0 FHD| CARD ON Pin 90%,https://www.lazada.vn/products/pdp-i3159410261.html,9.099.998 ₫,,
Laptop Dell Latitude 9410 2in1 - Core i7-10610U RAM 16G SSD 512G Màn 14 Inch FHD IPS ( Bảo Hành 3 đến 12 Tháng ),https://www.lazada.vn/products/pdp-i2827436204.html,12.500.000 ₫,,
DELL GAMING 5577 CORE I5 7300HQ RAM 16G SSD 256G 15.6INCH FHD VGA GTX 1050,https://www.lazada.vn/products/pdp-i2793458760.html,6.800.000 ₫,,
"[Trả góp 0%]Surface 3 Atom X7-Z8700 Ram 4G SSD 64G 10.8"" Full HD Touch",https://www.lazada.vn/products/pdp-i1225209592.html,4.800.000 ₫,,
"Laptop Dell XPS 9370 - Core i7-8550U RAM 16G SSD 512G Màn 13,3 Inch FHD IPS ( Bảo Hành 3 đến 12 Tháng )",https://www.lazada.vn/products/pdp-i2435693781.html,10.800.000 ₫,,
laptop cảm ứng Fujitsu lifebook s90. 13.3 in. cpu i5. Ram 8.ssd 128g,https://www.lazada.vn/products/pdp-i3060249117.html,5.150.000 ₫,,
SURFACE LAPTOP 2 CORE I5 8350U RAM 8G SSD 256G 13.5INCH TOUCH 2K,https://www.lazada.vn/products/pdp-i2834736583.html,8.500.000 ₫,,
Laptop LG Gram 360 14T90R-G.AH55A5 (i5-1340P/16GB RAM/512GB SSD/14.0 inch WUXGA cảm ứng/Win 11/Bút/Đen) Hàng Chính Hãng,https://www.lazada.vn/products/pdp-i3007507875.html,32.388.000 ₫,,
laptop gaming AMD Ryzen7 RAM 20GB 512GB SSD Máy tính xách tay Fingerprint Unlock Backlit laptop chơi game Windows 10 PRO & MS Office máy tính laptop,https://www.lazada.vn/products/pdp-i2420701081.html,11.499.999 ₫,,
Laptop LG Gram 16Z90P-G.AH73A5/ i7-1165G7/ 16Gb/ SSD 512Gb/ Win10/ Black/ 1Y - HÀNG CHÍNH HÃNG,https://www.lazada.vn/products/pdp-i3046099462.html,18.050.000 ₫,,
ASUS GAMING TUF FX505GD CORE I5 8300H RAM 16G SSD 256G+1T 15.6INCH FHD GTX1050,https://www.lazada.vn/products/pdp-i3104435181.html,8.500.000 ₫,,
"Laptop HP EliteBook 840 G8 | i5-1145G7 | RAM 16GB | SSD 256GB | 14""FHD IPS",https://www.lazada.vn/products/pdp-i2377873908.html,9.900.000 ₫,,
"Laptop AOC mỏng nhẹ N141M31 - Intel ADL-N100, RAM 8GB 512 SSD, Màn hình 14.1 inch FHD IPS - Bảo hành 3 năm",https://www.lazada.vn/products/pdp-i3164409528.html,7.900.000 ₫,,
Surface Laptop 2 Core i7-8650u l Ram 16GB l SSD 500GB l Màn 13 inch 2K Touch [BẢO HÀNH 3 - 12 THÁNG] Mới 99%,https://www.lazada.vn/products/pdp-i2058359315.html,8.900.000 ₫,,
Laptop máy Dell XPS 15 9550 Core i7-6820HQ 32gb Ram512gb SSD 15.7inch 4K cảm ứng siêu nét.,https://www.lazada.vn/products/pdp-i840286608.html,8.990.000 ₫,,
HP VICTUS GAMING AMD RYZEN 5 5600H RAM 16G SSD 512G 15.6INCH 144HZ GTX 1650,https://www.lazada.vn/products/pdp-i3037281428.html,10.800.000 ₫,,
Laptop Acer Aspire 4733Z/ Core 2 Duo T6670 / Ram 3GB/ HDD 320GB/ GMA X4500MHD/ LCD 14 inch,https://www.lazada.vn/products/pdp-i1923949735.html,1.800.000 ₫,,
Laptop Lenovo Thinkpad T14 Gen 3 Core i7-1260P l RAM 16G l SSD 512G l Màn 14 FHD Hàng Đẹp 99%,https://www.lazada.vn/products/pdp-i2680482940.html,16.500.000 ₫,,
"Laptop NEC PM750N Core i7-8565U, 16gb ram, 512gb ssd màn hình 13.3inch HD, Full phím số",https://www.lazada.vn/products/pdp-i2652071425.html,6.000.000 ₫,5.0,
"Dell 5471 Pink/i5-8250U/15.6""HD/8GB/256GB/Intel Hd Graphics 620/Phím Led-Cảm ứng",https://www.lazada.vn/products/pdp-i1666220198.html,11.790.000 ₫,,
LAPTOP GAMING MSI GF63 CORE I7 9750H RAM 16G SSD 256G 15.6INCH FHD GTX 1050TI,https://www.lazada.vn/products/pdp-i2664449329.html,11.800.000 ₫,,
DELL LATITUDE E6540 CORE I7 4800MQ RAM 8G SSD 256G 15.6INCH VGA RỜI,https://www.lazada.vn/products/pdp-i2359217227.html,4.500.000 ₫,5.0,
"[Freeship] Laptop Acer Nitro 5 AN515-45-R3SM/ Black/ AMD R5 5600H/ RAM 8GB/ 512GB SSD/GTX 1650 4GB/ 15.6 inch FHD/ WL+WC+WT/ Win 10H/ 1 Yr -MEI Tech Official- MEI13 Hàng Chính Hãng,Cấu Hình Ổn Định Dùng Cho Văn Phòng, Thiết Kế Đồ Họa, Gaming",https://www.lazada.vn/products/pdp-i1693211014.html,17.990.000 ₫,,
"Laptop Giá Rẻ X1 Yoga Gen 2, Gen 3, Gen 4, Gen 5 hàng nội địa",https://www.lazada.vn/products/pdp-i3160199145.html,7.900.000 ₫,,
Laptop xách tay giá rẻ DELL 5310 I5-10210U RAM 8 SSD 256GB,https://www.lazada.vn/products/pdp-i2671568021.html,8.600.000 ₫,,
[Trả góp 0%]Acer Aspire E5-473 Core i3 4005U Ram 4G HDD 500G 14inch,https://www.lazada.vn/products/pdp-i1011034402.html,3.700.000 ₫,,
Laptop xách tay giá rẻ DELL LAITUTDE 5491 i5-8400H RAM 8 SSD 256GB,https://www.lazada.vn/products/pdp-i2644998368.html,6.800.000 ₫,,
"Laptop Lenovo ThinkPad P1 - Core i7-8750H RAM 16G SSD 512G VGA P2000 Màn 15,6 Inch FHD IPS ( Bảo Hành 3 đến 12 Tháng )",https://www.lazada.vn/products/pdp-i2458485754.html,12.800.000 ₫,,
HP Pavilion 15 CS/ i5 8265U/ SSD 256G/ 15.6in/ Viền Mỏng/ Vỏ Nhôm/ Siêu Đẹp/ Giá rẻ,https://www.lazada.vn/products/pdp-i2759522186.html,7.900.000 ₫,,
[Trả góp 0%]ASUS VIVOBOOK X515MA INTEL N4020 RAM 8G SSD 256G 15.6INCH VIỀN MỎNG,https://www.lazada.vn/products/pdp-i442592250.html,4.800.000 ₫,5.0,
"Laptop cao cấp Sony Vaio VJPK11 Core i5-8265U, 8gb ram, 512gb SSD, 13.3” Full HD, màu siêu hiếm siêu đẹp",https://www.lazada.vn/products/pdp-i2091607925.html,8.900.000 ₫,,
Laptop Fujitsu Lifebook S937/T. cpu i5 7300.ram 8.ssd 128+330g hdd,https://www.lazada.vn/products/pdp-i3060250082.html,5.350.000 ₫,,
Laptop Msi Modern 15 F13MG-667VN_16G (i5-1334U/ Intel UHD 16GB/ 512GB/ Windows 11) - Bảo hành 24 tháng,https://www.lazada.vn/products/pdp-i3206777811.html,14.190.000 ₫,,
"[Freeship] Laptop Acer TravelMate B3 TMB311-31-P49D (NX.VNFSV.005) (Pentium N5030/4GB RAM/256GB SSD/11.6 inch/Win 11/Đen) (2021) -MEI Tech Official- MEI33 Chính Hãng, Giá Tốt, Mỏng Nhẹ Cho Văn Phòng",https://www.lazada.vn/products/pdp-i1691317888.html,5.290.000 ₫,,
Laptop Asus E200H X205TA win 10 siêu mỏng nhẹ học online văn phòng xem phim lướt web,https://www.lazada.vn/products/pdp-i2098607392.html,2.970.000 ₫,5.0,5 Đã bán
"Latop Nec VersaPro VKT12 Core i5-7Y54, 8gb ram, 512gb SSD, 13.3inch Full HD IPS siêu mỏng nhẹ",https://www.lazada.vn/products/pdp-i2261222527.html,3.600.000 ₫,,
Dell XPS 13 9380 i5 8265U/ RAM 8GB/ SSD 256GB/ 13inch/ Full HD IPS/ Tràn Viền/ Đẳng Cấp Doanh Nhân,https://www.lazada.vn/products/pdp-i2641017589.html,9.500.000 ₫,,
Laptop Giá Rẻ HP 250G7 I5 8250U Ram 8GB SSD 256gb hàng Nhật giá tốt,https://www.lazada.vn/products/pdp-i3159451713.html,6.400.000 ₫,,
THINKPAD X220I CORE I3 2330M 4GB 500GB 12.5INCH,https://www.lazada.vn/products/pdp-i1513727234.html,2.500.000 ₫,,
LAPTOP CŨ LENOVO T480S ĐẸP 99%,https://www.lazada.vn/products/pdp-i3152736520.html,5.800.000 ₫,,
!!SALE TẾT!!Laptop xách tay giá rẻ DELL LATITUDE 3580 core I5-7200U RAM 8G SSD 256G 15.6 INCH HD,https://www.lazada.vn/products/pdp-i2414659326.html,5.400.000 ₫,,
Dell Inspiron 15-3567 Core i3 6006U Ram 8GB SSD 256GB 15.6inch giá rẻ,https://www.lazada.vn/products/pdp-i1355419240.html,3.800.000 ₫,,
LENOVO THINKPAD T495S RYZEN 5 PRO 3500U/ RAM 16GB/ 14INCH FHD/ AMD RADEON/ HỖ TRỢ LẬP TRÌNH ĐỒ HỌA/ GIÁ RẺ,https://www.lazada.vn/products/pdp-i3199909722.html,7.990.000 ₫,,
"Laptop LG Gram Book 15U50T - GR3CK | Intel Core i3-1315U | Ram 8GB | SSD 256GB | 15.6"" Full HD (1920 x 1080) IPS, 60Hz, chống loá, 300 nits, 45% NTSC | Windows 11",https://www.lazada.vn/products/pdp-i3183589998.html,10.338.500 ₫,,
Laptop Giá Rẻ HP Elitebook 830G7 830G6| 830G5 RAM 16GB SSD 512GB 13.3 inch FullHD Pin&gt;4h,https://www.lazada.vn/products/pdp-i3159336008.html,7.799.998 ₫,,
Dell Latitude 5330 core i7 1265U 16G/256G,https://www.lazada.vn/products/pdp-i2925118018.html,6.990.000 ₫,,
Laptop HP Elitebook 840 G5,https://www.lazada.vn/products/pdp-i2002569206.html,9.100.000 ₫,,
Surface Pro 9 - i7-1255U RAM 16G SSD 256G Màn 13 Inch QHD Touch 120Hz ( Bảo Hành 3 đến 12 Tháng ),https://www.lazada.vn/products/pdp-i2472543614.html,22.000.000 ₫,,"5 Đã bán
Hồ Chí Minh"
DELL PRECISION 5530 CORE I7 8850H RAM 32G SSD 512G 15.6INCH FHD VGA P1000,https://www.lazada.vn/products/pdp-i2397203764.html,11.990.000 ₫,,
"Laptop Dell Latitude 5520 | Core I5 - 1145G7 | Ram 16GB | SSD 256GB | 15.6"" Inch FHD IPS",https://www.lazada.vn/products/pdp-i2396706766.html,10.450.000 ₫,,
GAMING MSI GF63 CORE I5 8300H RAM 16G SSD 128G+1T 15.6ICH FHD VGA GTX 1050TI,https://www.lazada.vn/products/pdp-i2843940352.html,8.300.000 ₫,,
Laptop DELL XPS 13 9365 2-in-1 Core i7-7th l RAM 16GB l SSD 256GB l Màn 13 inch Hàng Đẹp 99%,https://www.lazada.vn/products/pdp-i2680516817.html,8.900.000 ₫,,
ACER SWIFT 313-53 CORE I5 1135G7 RAM 16G SSD 256G 13.5INCH 2K,https://www.lazada.vn/products/pdp-i2984318423.html,7.500.000 ₫,,
DELL LATITUDE 5310 CORE I5 10210U RAM 16G SSD 256G 13.3INCH FHD ĐÈN PHÍM,https://www.lazada.vn/products/pdp-i3193859725.html,7.500.000 ₫,,
Acer Nitro 5 Core i5 -8300H Ram 16G SSD 256G 15.6inch FHD IPS VGA GTX 1050TI,https://www.lazada.vn/products/pdp-i2316776172.html,7.800.000 ₫,5.0,
Thinkpad X1 Carbon Gen 2 Core i7 4600U Ram 8GB SSD 256GB 14inch HD+,https://www.lazada.vn/products/pdp-i1520671606.html,5.800.000 ₫,,
Laptop Acer Aspire Lite 14 AL14-71P-55P9 (i5-13500H/ Onboard graphics/ 16GB/ 512GB/ Windows 11) - Bảo hành 24 tháng,https://www.lazada.vn/products/pdp-i3206894489.html,15.590.000 ₫,,
"Laptop Fujitsu bản giới hạn UH75/C3 Core i5-8265U, 20gb ram, 512gb SSD, 13.3inch Full HD, vỏ magie màu đỏ độc nhẹ 730Gram",https://www.lazada.vn/products/pdp-i2191361957.html,9.500.000 ₫,,
HP 6910P Core 2 Duo Ram 4GB HDD 160GB 15.4inch,https://www.lazada.vn/products/pdp-i1235692454.html,3.200.000 ₫,3.0,6 Đã bán
HP ZBOOK 17 G5 CORE I7 8850H RAM 16G SSD 512G 17.3INCH FHD ĐÈN PHÍM,https://www.lazada.vn/products/pdp-i3084101008.html,10.900.000 ₫,5.0,
MSI GL73 CORE I7 8750H RAM 16G SSD 128G+1T 17.3INCH FHD VGA GTX 1050,https://www.lazada.vn/products/pdp-i2345597328.html,9.900.000 ₫,5.0,
"Dell Latitude 7200 i7-8665U, màn cảm ứng RAM 16GB-CHỈ 5.99 TRIỆU",https://www.lazada.vn/products/pdp-i2994756803.html,5.990.000 ₫,,
"HP ELITEBOOK FOLIO G1 ,CORE M7 6Y75 , RAM 4GB ,SSD 128GB , MÀN HÌNH 12.5″ 4K CẢM ỨNG",https://www.lazada.vn/products/pdp-i260615922.html,4.500.000 ₫,,
"Laptop Hp Elittebook 840 G6, Core i7-8650U, Ram 8GB, SSD 256GB, Màn hình 14inch Full HD, laptop cũ giá rẻ lướt zin 99%, tặng kèm bộ quà tặng cao cấp",https://www.lazada.vn/products/pdp-i2611500280.html,9.000.000 ₫,,
Laptop Giá Rẻ DELL LATITUDE 3310 RAM 8 SSD 256,https://www.lazada.vn/products/pdp-i3160009011.html,6.400.000 ₫,,
DELL PRECISION M4600 CORE I7 2640M RAM 8G SSD 128G+1T 15.6INCH VGA M1000,https://www.lazada.vn/products/pdp-i3037176666.html,3.800.000 ₫,5.0,
HP PROBOOK 650 G4 CORE I5 7200U RAM 8G SSD 256G 15.6INCH VỎ NHÔM,https://www.lazada.vn/products/pdp-i3026921350.html,4.900.000 ₫,,
Dell Precison 5530 Core i9 8950H ram 16gb ssd NVME 256gb Card p2000 Pin&gt;4h liên tục,https://www.lazada.vn/products/pdp-i2588788161.html,17.540.000 ₫,,"21 Đã bán
Hà Nội"
HP Elitebook 840 G7 Core i5-10310U / RAM 16GB / SSD 256GB / Màn 14.0 inch FHD 1920x1080,https://www.lazada.vn/products/pdp-i3104468766.html,9.909.000 ₫,,
ASUS VIVOBOOK S330 CORE I3 8130U RAM 4G SSD 256G 13.3INCH FHD,https://www.lazada.vn/products/pdp-i2764733173.html,4.800.000 ₫,,
Dell Inspiron 5310 Core i5-11320H l Ram 8G l SSD 256G l Màn 13' FHD [ BẢO HÀNH 3 - 12 THÁNG ] Hàng Mới 99%,https://www.lazada.vn/products/pdp-i1991246330.html,13.900.000 ₫,,
"LAPTOP xách tay giá rẻ DELL LATITUDE 7300 core I7-8665U RAM 8 SSD 256GB 13,3 inch pin&gt;4h",https://www.lazada.vn/products/pdp-i2656454921.html,7.900.000 ₫,,
DELL LATITUDE 7400 2IN1 i5 8365U/ RAM 8GB/ SSD 256GB/ 14INCH FHD CẢM ỨNG LẬT XOAY/ VỎ NHÔM SIÊU GỌN NHẸ/ GIÁ RẺ,https://www.lazada.vn/products/pdp-i2844854376.html,9.500.000 ₫,,
"Lenovo Thinkpad T460 i5 ,Ram 8G ,SSD 256G Hàng nhập khẩu giá ai củng mua được",https://www.lazada.vn/products/pdp-i251085360.html,3.570.000 ₫,,
Laptop giá rẻ HP Elitebook 840 G5 Core i5- 7300U RAM 16GB SSD 256GB 14 inches Full HD Pin90%,https://www.lazada.vn/products/pdp-i2241083677.html,7.200.000 ₫,,"5 Đã bán
Hà Nội"
DELL PRECISION M4700 I7 3610QM RAM 8G SSD 256G 15.6INCH FULLHD VGA K1100 ĐÈN PHÍM,https://www.lazada.vn/products/pdp-i1643963457.html,4.900.000 ₫,,
[SALE] HP Elitebook 840 G8 Core i5-1135G7 / RAM 16GB / SSD 256GB / Màn 14.0 inch FHD 1920x1080,https://www.lazada.vn/products/pdp-i3104664329.html,8.990.009 ₫,,
Laptop Lenovo ThinkPad X1 Carbon Gen 5 - Core i7-7600U RAM 16G SSD 512G Màn 14 Inch FHD IPS ( Bảo Hành 3 đến 12 Tháng ),https://www.lazada.vn/products/pdp-i2462243387.html,6.900.000 ₫,,
"[Trả góp 0%]HP Pavilion DV4 Core i5 3210M Ram 4G HDD 500G 14""",https://www.lazada.vn/products/pdp-i880392809.html,3.800.000 ₫,,
Laptop Lenovo ThinkPad X1 Carbon Gen 7 - Core i7-8665U RAM 16G SSD 512G Màn 14 Inch FHD IPS ( Bảo Hành 3 đến 12 Tháng ),https://www.lazada.vn/products/pdp-i2462329614.html,10.400.000 ₫,,
Laptop Dell Latitude 7420 - Core i7-1165G7 RAM 16G SSD 512G Màn 14 Inch FHD IPS ( Carbon Fiber ),https://www.lazada.vn/products/pdp-i2827476096.html,10.500.000 ₫,,
Laptop xách tay giá rẻ dell vostro 3500 5 1135g4 RAM 8 SSD 256,https://www.lazada.vn/products/pdp-i2857921665.html,9.800.000 ₫,,
"Laptop Giá rẻ DELL LATITUDE E5280 12.5 INCHE, I5 7200U, 8Gb Ram DDR4, 256Gb SSD Pin 90%",https://www.lazada.vn/products/pdp-i3159410499.html,6.499.998 ₫,,
"Dell Precision M4700 Core i7 3720QM Ram 8G SSD 120G + 500G 15.6inch Full HD, VGA K2100M 2GB Chuyên Game Và Đồ Họa",https://www.lazada.vn/products/pdp-i1261657680.html,4.900.000 ₫,,
"[Trả góp 0%]Dell Latitude 7480 Core i5-7300U/ 8GB /256G SSD/ 14"" FullHD/ Win 10 Pro hàng nhập, đẹp 95%",https://www.lazada.vn/products/pdp-i1279361308.html,5.790.000 ₫,,
DELL 5480- I5-8250/ RAM 8G/ SSD 256G,https://www.lazada.vn/products/pdp-i2821563730.html,4.950.000 ₫,,
Laptop Thinkpad X1 Carbon Gen 7 l i7-8665U l RAM 16GB l SSD 512G l Màn 14' QHD 2K,https://www.lazada.vn/products/pdp-i2680564596.html,9.700.000 ₫,,
ASUS TUF GAMING FX506HCB I7 11800H RAM 8GB SSD 512GB RTX 3050 15.6INCH 144HZ,https://www.lazada.vn/products/pdp-i2078819348.html,27.000.000 ₫,,
GAMING MSI GE63 RAIDER RGB CORE I7 8750H RAM 16G SSD 512G 15.6INCH FHD 120HZ VGA GTX 1070 8G,https://www.lazada.vn/products/pdp-i2920205419.html,10.500.000 ₫,,
Laptop ASUS ZenBook 14 UM425IA | AMD Ryzen 7-4700U | Ram 16GB | SSD 1TB | 14.0 inch FHD IPS ( qua sử dụng),https://www.lazada.vn/products/pdp-i2501388394.html,11.550.000 ₫,,
Laptop Xiaomi Redmibook 15 Intel Core i3-1115G4/8GB/256GB SSD/15.6 FHD/Win11SL/Black - Hàng chính hãng - Bảo hành 24 tháng,https://www.lazada.vn/products/pdp-i2058709593.html,9.490.000 ₫,,
ACER GAMING AN515-56 AMD RYZEN 5 5600H RAM 16G SSD 512G 15.6INCH 144HZ GTX 1650 RGB,https://www.lazada.vn/products/pdp-i3148627621.html,11.500.000 ₫,,
MÁY TRẠM - DELL PRECISION M6700 CORE I7 3740QM RAM 16G SSD 256G+500G 17.3INCH FHD K3000,https://www.lazada.vn/products/pdp-i2763110532.html,6.500.000 ₫,,
LAPTOP DELL PRECISION 7730 CORE I5 8400H RAM 32G SSD 256G+1T 17.3INCH FHD VGA P3200,https://www.lazada.vn/products/pdp-i2611160506.html,10.500.000 ₫,,
ASUS GAMING N550JK CORE I7 4700HQ RAM 16G SSD 256G 15.6INCH FHD TOUCH GTX 850M,https://www.lazada.vn/products/pdp-i3052998910.html,5.500.000 ₫,,
💻 HP Spectre 13-af0xx - Dòng Ultrabook Mỏng Nhất Thế Giới - Siêu Đẹp - Cấu Hình Cực Ngon - Đáp Ứng Tốt Các Nhu Cầu Sử Dụng …. 👉 i7 8550U / Ram 16G / SSD 512G Nvme / Màn 13.3in UHD 4K Cảm Ứng / Pin 3h / Sạc Zin / Phím Led / Full Chức Năng …..,https://www.lazada.vn/products/pdp-i3168227138.html,7.800.000 ₫,,
"Laptop Dell Latitude 7380 (i5 6600u, 8GB, 256GB SSD, 13,3 inch, FHD) MỎNG NHẸ",https://www.lazada.vn/products/pdp-i1940834680.html,4.980.000 ₫,5.0,20 Đã bán
"Laptop Samsung Galaxy Book Flex2 Alpha 13, tặng thêm Offline Professional Plus 2019 trị giá 1tr5",https://www.lazada.vn/products/pdp-i1833513727.html,17.890.000 ₫,,
HP ZBOOK 17 G3 CORE I5 6440HQ RAM 16G SSD 256G+1T 17.3INCH VGA M1000,https://www.lazada.vn/products/pdp-i2328116816.html,5.900.000 ₫,,
HP ZBOOK 17 G2 CORE I7 4710MQ RAM 32G SSD 512G 17.3INCH FHD VGA K3100 4G,https://www.lazada.vn/products/pdp-i3002962254.html,5.990.000 ₫,,
DELL INSPIRON 3558 CORE I3 5005U RAM 8G SSD 256G 15.6INCH GIÁ RẺ,https://www.lazada.vn/products/pdp-i2660055070.html,2.850.000 ₫,4.0,
LAPTOP Giá Rẻ DELL latitude 5410 i5 10th RAM 8GB SSD 256GB,https://www.lazada.vn/products/pdp-i3159421688.html,9.400.000 ₫,,
Laptop Asus ExpertBook P1 P1403CVA-i5SE16-50W (i5 13500H/ 16GB/ 512GB SSD/ 14 inch FHD/ Win11/ Grey) - Hàng Chính Hãng,https://www.lazada.vn/products/pdp-i3026977143.html,15.618.000 ₫,,
"Laptop Dell Latitude 5310 Core™ i5-10310U Ram 16gb SSD 512 Màn hình 13,3 Inch FullHD IPS Pin&gt;90%",https://www.lazada.vn/products/pdp-i2533999248.html,8.600.000 ₫,,
HP PROBOOK 440 G5 CORE I5 7200U RAM 8G SSD 256G 14INCH FHD,https://www.lazada.vn/products/pdp-i2763379240.html,5.300.000 ₫,,
Dell Latitide 7420 | Core i7-1165G7 l Ram 16GB l SSD 512GB l Màn 13 inch FHD Touch .,https://www.lazada.vn/products/pdp-i2680575571.html,10.900.000 ₫,,
"✨ ThinkPad X1 Carbon Gen 7 – Máy đẹp như mơ, giá hời bất ngờ, chưa đến 9 triệu! 💼",https://www.lazada.vn/products/pdp-i2894519927.html,8.880.000 ₫,,
ASUS VIVOBOOK S430FA CORE I3 8145U RAM 8G SSD 128G+500G 14INCH FHD ĐÈN PHÍM,https://www.lazada.vn/products/pdp-i3065515544.html,5.200.000 ₫,,
(HÀNG MỚI VỀ) Acer Nitro 5 Gaming AN515 57 54MV i5 11400H/8GB/512GB/4GB RTX3050/144Hz/Win11,https://www.lazada.vn/products/pdp-i2079199275.html,16.500.000 ₫,,
HP Zbook Studio 15 G4 Nhật zin,https://www.lazada.vn/products/pdp-i2495090634.html,9.050.000 ₫,,
Laptop Giá Rẻ Lenovo E580 I5-8250U hàng xịn RAM 8GB SSD 256GB 1366x768(LCD),https://www.lazada.vn/products/pdp-i3159460593.html,6.000.000 ₫,,
"Máy tính xách tay Lenovo Thinkpad E15 G2 Core i7-1165G7, 16gb ram, 512gb SSD, màn 15.6” Full HD vỏ nhôm cao cấp hàng nhập Nhật Bản",https://www.lazada.vn/products/pdp-i3120789068.html,6.500.000 ₫,,
HP PROBOOK 450 G5 CORE I5 8250U RAM 8G SSD 256G 15.6INCH GIÁ TỐT,https://www.lazada.vn/products/pdp-i3065405391.html,5.800.000 ₫,,
DELL LATIUTDE 5490 CORE I5 8250U RAM 8G SSD 256G 14INCH FHD ĐÈN PHÍM,https://www.lazada.vn/products/pdp-i2398682595.html,5.900.000 ₫,,
Laptop Asus ExpertBook P1 P1403CVA-i5SE08-50W (i5 13500H/ 8GB/ 512GB SSD/ 14 inch FHD/ Win11/ Grey) - Hàng Chính Hãng,https://www.lazada.vn/products/pdp-i3026740298.html,14.830.000 ₫,,
Laptop Lenovo ThinkPad X1 Carbon Gen 6 - Core i7-8650U RAM 16G SSD 512G Màn 14 Inch FHD IPS ( Bảo Hành 3 đến 12 Tháng ),https://www.lazada.vn/products/pdp-i2462322499.html,7.800.000 ₫,,
"Laptop HP 17-CN0445NR 17,3"" HD+, Intel Celeron N4120 1,1 GHz, RAM 4 GB, SSD 256 GB - Hàng Chính Hãng - BH 1 Năm - Có Xuất VAT",https://www.lazada.vn/products/pdp-i2925038359.html,6.990.000 ₫,1.1,
[Trả góp 0%]Asus X553MA Celeron N2830 Ram 4GB Ổ CỨNG 500GB 15.6inch,https://www.lazada.vn/products/pdp-i514180066.html,3.300.000 ₫,4.0,69 Đã bán
DELL VOSTRO 5568 CORE I7 7500U RAM 16G SSD 360G 15.6INCH FHD VGA RỜI ĐÈN PHÍM,https://www.lazada.vn/products/pdp-i3027854024.html,6.900.000 ₫,,
Dell Latitude 7410 2 in 1 Core i5 i7-10610U Ram 16GB Ssd 512GB Màn 14'' Fhd Cảm ứng XOAY GẬP 360 ĐỘ,https://www.lazada.vn/products/pdp-i2689299030.html,9.700.000 ₫,5.0,8 Đã bán
"MUA 1 TẶNG 3 Dell Latitude 7390 2in1 | Core i7, RAM 16GB, SSD 512G, 13.3inch Full HD cũ",https://www.lazada.vn/products/pdp-i3075908704.html,9.450.000 ₫,,
[GAMING TẦM TRUNG] ASUS VIVOBOOK X510U CORE I7 8550U RAM 16G SSD 256G 15.6INCH VGA RỜI,https://www.lazada.vn/products/pdp-i2398270451.html,6.500.000 ₫,,
"Dell Latitude 5300 2in1 Core i7-8665U/Ram 8GB/SSD 256GB/13.3""FHD cảm ứng - Cũ",https://www.lazada.vn/products/pdp-i3075846907.html,6.150.000 ₫,,
Laptop Thinkpad X1 Carbon Gen 6 i5-8350U RAM 8GB SSD 256G Màn 14' FHD[ bảo hành 3 - 12 tháng ],https://www.lazada.vn/products/pdp-i2104695418.html,7.900.000 ₫,,
DELL INSPIRON 3781/ I3-7020U/ RAM 8G/ SSD 256G/ MÀN HÌNH 17 INCH FULL HD,https://www.lazada.vn/products/pdp-i2715452166.html,4.450.000 ₫,,
SONY VAIO VJPG11N CORE I5 7200U RAM 4G SSD 128G 11INCH FHD,https://www.lazada.vn/products/pdp-i2942452965.html,3.500.000 ₫,,
"[HCM]LAPTOP Lenovo Thinkpad T440p, Core i5 4210U, Ram 8GB, SSD 256GB, Màn 14inch",https://www.lazada.vn/products/pdp-i2446088838.html,3.700.000 ₫,,
"Laptop Lenovo ThinkPad X12 Detachable - Core i7-1160G7 RAM 16G SSD 512G Màn 12,5 Inch FHD+ Touch ( Bảo Hành 3 đến 12 Tháng )",https://www.lazada.vn/products/pdp-i2461941933.html,18.700.000 ₫,,
GAMING ACER NITRO 5 RYZEN 5-5600H RAM 16G SSD 512G 15.6INCH 144HZ GTX 1650,https://www.lazada.vn/products/pdp-i2793050090.html,11.500.000 ₫,,
HP GAMING 15 AMD RYZEN 7 3750H RAM 16G SSD 512G 15.6ICNH FHD GTX 1650,https://www.lazada.vn/products/pdp-i3198320518.html,9.400.000 ₫,,
ASUS TUF GAMING FX505DT AMD RYZEN 7 3750H RAM 16G SSD 512G 15.6INCH FHD 144HZ GTX 1650,https://www.lazada.vn/products/pdp-i3064827929.html,9.500.000 ₫,,
MSI GAMING GF63 CORE I5 9300H RAM 16G SSD 512G 15.6INCH FHD VGA GTX 1050TI,https://www.lazada.vn/products/pdp-i3023474950.html,8.500.000 ₫,,
DELL LATITUDE 5310 2 IN1 CORE I7 10610U RAM 16G SSD 256G 13.3INCH FHD TOUCH,https://www.lazada.vn/products/pdp-i2801938842.html,8.500.000 ₫,,
GAMING ASUS FX504GD CORE I7 8750H RAM 16G SSD 512G 15.6INCH FHD VGA GTX 1050,https://www.lazada.vn/products/pdp-i2994414664.html,8.500.000 ₫,,
DELL GAMING 5577 CORE I5 7300HQ RAM 8G SSD 128G+500G 15.6INCH FHD GTX 1050,https://www.lazada.vn/products/pdp-i2158489123.html,7.800.000 ₫,,
LENOVO LEGION L340 CORE I5 9300H RAM 16G SSD 512G 15.6INCH FHD GTX 1050,https://www.lazada.vn/products/pdp-i3026088491.html,8.500.000 ₫,,
"Thanh lý Laptop Acer 4743, ram 4G, ô cứng 320G, core I3, Giá bán 1,9 triệu",https://www.lazada.vn/products/pdp-i2296547981.html,1.900.000 ₫,1.9,
"Laptop Lenovo Thinkpad X390 Core i5-8265U, 16gb ram, 512gb SSD, 13.3inch Full HD IPS vỏ carbon siêu mỏng siêu cứng siêu nhẹ",https://www.lazada.vn/products/pdp-i2112437324.html,4.500.000 ₫,,
"Máy tính xách tay ASUS Vivobook Max X441MA CPU Intel N5000, Ram 4GB, SSD 240GB, 14 inch mỏng nhẹ",https://www.lazada.vn/products/pdp-i2008041668.html,4.980.000 ₫,,
"Laptop giá rẻ Dell Lattitude 3520 core i5 1135G7 Ram 16GB, SSD 512 màn hình 15,6 FHD",https://www.lazada.vn/products/pdp-i3159358841.html,11.000.000 ₫,,
ASUS TUF GAMING FX506LHB CORE I5 10300H RAM 16G SSD 512G 15.6INCH 144HZ VGA GTX 1650,https://www.lazada.vn/products/pdp-i3002406353.html,10.500.000 ₫,5.0,
[CHÍNH HÃNG] INTEL CORE I5 1135G7 RAM 4G SSD 256G+1T 15.6INCH FHD IPS,https://www.lazada.vn/products/pdp-i2362141460.html,8.200.000 ₫,,
Laptop Lenovo Thinkpad Yoga 260 | Intel Core i5-6300U | Ram 8GB | SSD 256GB | 12.5″ FHD Touch screen,https://www.lazada.vn/products/pdp-i2605164018.html,6.600.000 ₫,,
LENOVO IDEAPAD S145 CORE I3 1005G1 RAM 8G SSD 256G 15.6INCH FHD VIỀN MỎNG,https://www.lazada.vn/products/pdp-i2436978128.html,5.800.000 ₫,,
DELL LATITUDE E5490 INTEL CORE I5 8250u RAM 8GB SSD256GB,https://www.lazada.vn/products/pdp-i2412231950.html,5.600.000 ₫,,
Lenovo Thinkpad X13 gen 1 Core i5-10310U RAM 8/256GB,https://www.lazada.vn/products/pdp-i3052682660.html,5.800.000 ₫,,
TOSHIBA DYNABOOK T75 CORE I7 7500U RAM 8G SSD 256G 15.6INCH FHD GIÁ RẺ,https://www.lazada.vn/products/pdp-i2797377512.html,6.500.000 ₫,,
"Dell Latitude 7390 Core i7-8650U, màn cảm ứng RAM 16GB- CHỈ 5.99 TRIỆU",https://www.lazada.vn/products/pdp-i3035618111.html,5.990.000 ₫,,
Laptop cũ dell latitude 7290 i7 8650u ram 8gb ssd 256gb 12.5 inch 1920*1080 ips,https://www.lazada.vn/products/pdp-i2700079597.html,4.799.000 ₫,,
"Laptop Surface Laptop 3 - Core i7-1056G7 RAM 16G SSD 512G Màn 13,5 Inch QHD Touch ( Bảo Hành 3 đến 12 Tháng )",https://www.lazada.vn/products/pdp-i2472317675.html,8.500.000 ₫,,
Lenovo Thinkpad X13 Core i7-10610U RAM 16G SSD 512G | Màn 13.3' FHD Máy Mỹ Đẹp 99%,https://www.lazada.vn/products/pdp-i2680598610.html,9.500.000 ₫,,
DELL GAMING G3 3500 CORE I5 10200H RAM 16G SSD 256G+500G 15.6INCH VGA GTX1650TI,https://www.lazada.vn/products/pdp-i3091874014.html,10.800.000 ₫,,
"Laptop Surface Pro 6 - Core i7-8650U RAM 16G SSD 512G Màn 12,5 Inch QHD Touch ( Bảo Hành 3 đến 12 Tháng )",https://www.lazada.vn/products/pdp-i2472599107.html,10.500.000 ₫,,
ASUS VIVOBOOK X507 SILVER Core i3 7020U RAM 8G SSD 256G 15.6INCH VIỀN MỎNG,https://www.lazada.vn/products/pdp-i2501165122.html,4.800.000 ₫,,
Laptop Giá Rẻ Lenovo thinkpad E15 RAM 8 SSD 256GB,https://www.lazada.vn/products/pdp-i3159516315.html,9.600.000 ₫,,
Laptop Xiaomi Redmibook 15 JYU4505AP i3-1115G4 /8GB/256GB SSD/15.6FHD/WiFi5/BT5/46Whr/ĐEN/W11SL - Hàng chính hãng,https://www.lazada.vn/products/pdp-i2034193288.html,9.990.000 ₫,,
Laptop Surface Pro 5 Core i5-7300U l RAM 8GB l SSD 256GB l Màn Touch 13 inch [BẢO HÀNH 3 - 12 THÁNG] Mới 99%,https://www.lazada.vn/products/pdp-i1950208216.html,9.000.000 ₫,,
Thinkpad P50 Xeon E3-1575M l RAM 16G l SSD 256G l VGA M2000 l 15' FHD Like New 99%,https://www.lazada.vn/products/pdp-i2680502361.html,7.700.000 ₫,,
DELL PRECISION M6800 CORE I7 4990MX EXTREME EDITION RAM 16G SSD 256G+1T 17.3INCH TOUCH VGA K5100M 8GB,https://www.lazada.vn/products/pdp-i3058884097.html,8.500.000 ₫,,
ASUS VIVOBOOK X411UA CORE I7 8650U RAM 8G SSD 256G 14INCH FHD ĐÈN PHÍM,https://www.lazada.vn/products/pdp-i3159915876.html,6.700.000 ₫,,
LENOVO IDEAPAD S340 CORE I3 8145U RAM 8G SSD 256G 15.6INCH FHD VIỀN MỎNG,https://www.lazada.vn/products/pdp-i2423923098.html,5.225.000 ₫,,
DELL GAMING 5577 CORE I7 7700HQ RAM 16GB SSD 128GB+1T 15.6INCH FHD VGA GTX 1050,https://www.lazada.vn/products/pdp-i2706767369.html,8.500.000 ₫,,
ASUS ROG GAMING GL502VT CORE I7 6700HQ RAM 16G SSD 512G 15.6INCH FHD VGA GTX 970M,https://www.lazada.vn/products/pdp-i2598046191.html,7.500.000 ₫,,
THINKPAD T470S CORE I5 6300U RAM 12G SSD 256G 14INCH FHD IPS ĐÈN PHÍM,https://www.lazada.vn/products/pdp-i2662329728.html,4.800.000 ₫,,
DELL 7480 I5/6300-16G-512G CẢM ỨNG FULL HD,https://www.lazada.vn/products/pdp-i1765227205.html,6.300.000 ₫,5.0,99 Đã bán
ASUS GAMING FX506 CORE I5 10300H RAM 16G SSD 512G 15.6INCH 144HZ VGA GTX 1650,https://www.lazada.vn/products/pdp-i2989242854.html,10.800.000 ₫,,
ASUS ROG GAMING GL503GE CORE I7 8750H RAM 16G SSD 256G+1T 15.6INCH FHD 120HZ GTX 1050TI,https://www.lazada.vn/products/pdp-i2664865813.html,9.500.000 ₫,,
DELL PRECISION 5520 CORE I7 7820HQ RAM 16GB SSD 512GB 15.6INCH FHD ips VGA,https://www.lazada.vn/products/pdp-i3148678075.html,10.500.000 ₫,,
GAMING ASUS ROG GL753 CORE I7 7700HQ RAM 16G SSD 256G+1T 17.3INCH FHD VGA GTX 1050TI,https://www.lazada.vn/products/pdp-i2826683693.html,9.000.000 ₫,,
DELL LATITUDE 5420 CORE I5 1135G7 RAM 16G SSD 512G 14INCH FHD,https://www.lazada.vn/products/pdp-i3120605582.html,8.600.000 ₫,,
ASUS GAMING TUF FX705DT AMD RYZEN 7 3750H RAM 16G SSD 512G 17.3INCH FHD GTX 1650,https://www.lazada.vn/products/pdp-i3131344747.html,9.600.000 ₫,,
ASUS GAMING X571GT I5 9300H RAM 16G SSD 512G 15.6INCH 120HZ GTX 1650,https://www.lazada.vn/products/pdp-i3005276505.html,9.300.000 ₫,,
LENOVO IDEAPAD SLIM 5 CORE I5-1035G1 RAM 8G SSD 256G 15.6INCH FHD VGA RỜI ĐÈN PHÍM,https://www.lazada.vn/products/pdp-i2458220969.html,7.500.000 ₫,,
DELL GAMING G7 7588 CORE I7 8750H RAM 16G SSD 512G 15.6INCH FHD VGA GTX 1050 TI,https://www.lazada.vn/products/pdp-i3008747938.html,8.900.000 ₫,,
GAMING MSI GE72VR CORE I7 7700HQ RAM 16G SSD 128G+1T 17.3INCH FHD GTX,https://www.lazada.vn/products/pdp-i2951592369.html,7.900.000 ₫,,
DELL LATITUDE 5320 CORE I5 1145G7 RAM 16GB SSD 512GB 13.3INCH FHD,https://www.lazada.vn/products/pdp-i3101672577.html,8.100.000 ₫,,
"Lenovo Thinkpad Yoga X1 Carbon Black/i5-6300U/14""FHD/8GB/240GB/Cảm ứng xoay 360",https://www.lazada.vn/products/pdp-i1666321097.html,14.690.000 ₫,,
THINKPAD X1 CACBON GEN 5 CORE I5 6300U RAM 8G SSD 256G 14INCH FHD IPS LED PHÍM,https://www.lazada.vn/products/pdp-i2665765319.html,5.800.000 ₫,,
MSI GAMING GF63 CORE I5 10300H RAM 16G SSD 512G 15.6INCH 144HZ GTX 1650,https://www.lazada.vn/products/pdp-i3041284508.html,10.800.000 ₫,,
"Laptop Giá Rẻ Thinkpad E490 HÀNG ĐẸP GIÁ TỐT i5 8250U Ram 8G SSD 256G 14"" pin 90%",https://www.lazada.vn/products/pdp-i3159927221.html,6.000.000 ₫,,
[ GIÁ RẺ ] THINKPAD X260 CORE I5 6300U RAM 8G SSD 256GB 12.5INCH,https://www.lazada.vn/products/pdp-i2415327019.html,3.700.000 ₫,5.0,
[Trả góp 0%]Dell Latitude E6520 Core i7 2620M Ram 4GB HDD 500GB 15.6INCH,https://www.lazada.vn/products/pdp-i451592486.html,3.500.000 ₫,,
"DELL INSPIRON 5548 MÀN HÌNH 15,6IN I5 5200U 8GB 256GB 15.6” VGA GT930M 2GB GAME ĐỒ HỌA SIÊU MƯỢT MÁY SIÊU ĐẸP",https://www.lazada.vn/products/pdp-i1912233314.html,6.500.000 ₫,4.0,94 Đã bán
"Lenovo Thinkpad T460 ,Core i5 6200 , 8G , SSD 256G, Màn 14in FHD 1920*1080 IPS , máy tính quốc dân 2020",https://www.lazada.vn/products/pdp-i260616852.html,3.570.000 ₫,5.0,
DELL PRECISION 7540 CORE I7 9750H RAM 16G SSD 512G 15.6INCH FHD VGA,https://www.lazada.vn/products/pdp-i3096012797.html,12.500.000 ₫,,
DELL LATITUDE 5400 CORE I5 8365U RAM 16G SSD 512G 14INC FHD IPS ĐÈN PHÍM,https://www.lazada.vn/products/pdp-i3023209118.html,5.900.000 ₫,5.0,
[Trả góp 0%]Dell E6410 Core i5 Ram 4G HDD 500GB 14inch,https://www.lazada.vn/products/pdp-i438582763.html,2.964.000 ₫,4.0,106 Đã bán
[Trả góp 0%]Thinkpad T410 Core i7 M620 Ram 4G ssd128G 14inch,https://www.lazada.vn/products/pdp-i1238560631.html,3.200.000 ₫,5.0,7 Đã bán
SAMSUNG 3570R CORE I5 3230M RAM 4G SSD 128G 15.6INCH VGA RỜI,https://www.lazada.vn/products/pdp-i1559616966.html,5.600.000 ₫,,
ACER NITRO 5 GAMING AMD RYZEN 5 5600H RAM 16G SSD 512G 15.6INCH 144HZ GTX 1650,https://www.lazada.vn/products/pdp-i3028332045.html,11.200.000 ₫,,
Dell latitude 7300 Core i5 8265U / Ram 8GB / SSD 256GB/ 13.3 inch FHD IPS SIÊU MỎNG SIÊU ĐẸP,https://www.lazada.vn/products/pdp-i2005659143.html,7.250.000 ₫,4.0,140 Đã bán
ASUS VIVOBOOK X409MA N4020 RAM 4G SSD 256G 14INCH VIỀN MỎNG,https://www.lazada.vn/products/pdp-i2679177359.html,3.705.000 ₫,4.0,
"Laptop Asus VivoBook 16Pro K6602Z Core i7-117000H, 16gb ram, 1tb SSD, vga Nvidia RTX3050TI, màn 16” Full HD IPS",https://www.lazada.vn/products/pdp-i2289181109.html,12.600.000 ₫,,
Dell Latitude E7470 Core i7 6600U Ram 16GB SSD 256GB 14inch FULLHD,https://www.lazada.vn/products/pdp-i1508940088.html,5.800.000 ₫,4.0,31 Đã bán
[Trả góp 0%]Sony VaiO VPCF23 Core i7 2670QM Ram 8G SSD 256G 16.4inch FullHD VGA Rời Đèn Phím,https://www.lazada.vn/products/pdp-i1320371426.html,4.800.000 ₫,4.0,
DELL PRECISION 7510 CORE I7 6820HQ RAM 32G SSD 256G 15.6INCH FHD VGA,https://www.lazada.vn/products/pdp-i2369774943.html,7.800.000 ₫,,
DELL GAMING G3 CORE I5 10200H RAM 16G SSD 256G+500G 15.6INCH FHD 120HZ GTX 1650,https://www.lazada.vn/products/pdp-i3091860076.html,10.500.000 ₫,,
DELL LATITUDE 7490 CORE I7 8650U RAM 16GB SSD 512GB 14INCH FHD TRÀN VIỀN,https://www.lazada.vn/products/pdp-i2379692052.html,6.800.000 ₫,5.0,9 Đã bán
Laptop 15.6 inch HP Probook 450G6 Intel Core i5-8265U Ram 16gb SSD512 Pin&gt;4h,https://www.lazada.vn/products/pdp-i2491449235.html,7.100.000 ₫,,
LAPTOP xách tay giá rẻ LENOVO YOGA X370 X380 X390 I5 RAM 16gb,https://www.lazada.vn/products/pdp-i2665002323.html,7.000.000 ₫,,
Surface Pro 5 i7-7600u l RAM 8GB l SSD 256GB l Màn 13 inch 2K Touch Mới 99%,https://www.lazada.vn/products/pdp-i2680493966.html,9.900.000 ₫,,
Laptop xách tay giá rẻ LENOVO THINKPAD T490 I5-8350U RAM 16GB SSD 512GB,https://www.lazada.vn/products/pdp-i2667437281.html,7.100.000 ₫,,
[Trả góp 0%]LAPTOP MSI GF63 CORE I7 7700HQ RAM 16G SSD 128G+1T 15.6INCH FHD VGA,https://www.lazada.vn/products/pdp-i438538633.html,8.900.000 ₫,4.0,18 Đã bán
Laptop Lenovo Thinkpad T14 Core i7-10610U l RAM 16G l SSD 256G l Màn 14' FHD [ BẢO HÀNH 3 - 12 THÁNG ],https://www.lazada.vn/products/pdp-i1997876082.html,8.900.000 ₫,,
DELL LATITUDE E7440 CORE I5 4310U RAM 8G SSD 256G 14INCH MỎNG NHẸ,https://www.lazada.vn/products/pdp-i2709752549.html,3.500.000 ₫,5.0,15 Đã bán
Surface go Core i5 - 1035G1,https://www.lazada.vn/products/pdp-i2973184507.html,9.500.000 ₫,,
"[HCM]LAPTOP Lenovo ThinkPad X1 Carbon Gen 3, Core i7-5600U, Ram 8GB, Ssd 256Gb, Màn 14inch",https://www.lazada.vn/products/pdp-i2446263176.html,4.900.000 ₫,,
"Acer Predator Helios Neo PHN16-71-92WJ, Core i9-13900Hx, Ram 16GB, SSD 1TB,RTX 4060 8GB, 16inch 2.5k, 165Hz Led RGB, tặng kèm bộ quà tặng cao cấp",https://www.lazada.vn/products/pdp-i2635217291.html,35.700.000 ₫,,
Dell Latitude 5320 2 in 1(New 2021) -Intel I5 1135G7-16Gb-512G-13.3″ FHD 2 in 1 CẢM ỨNG XOAY GAP 360,https://www.lazada.vn/products/pdp-i1764883094.html,8.560.000 ₫,4.0,21 Đã bán
Dell XPS 9365 Nhật zin,https://www.lazada.vn/products/pdp-i2497003622.html,6.760.000 ₫,,
Laptop Lenovo Thinkpad T14 Gen 2 Core i7-1165G7 l RAM 16G l SSD 512G l Màn 14 FHD Hàng Đẹp 99%,https://www.lazada.vn/products/pdp-i2680509911.html,11.700.000 ₫,,
"Laptop 2 trong 1 kiêm máy tính bảng Panasonic CF-AX3 Core i5-4300U, 4gb ram, 256gb SSD, 11.6” Full HD cảm ứng gập 360 độ, vỏ nhôm siêu nhẹ",https://www.lazada.vn/products/pdp-i2114387507.html,4.400.000 ₫,,
GAMING ASUS TUF FX505 CORE I7 8750H RAM 16G SSD 128G + 1T 15.6inch FHD GTX 1050TI,https://www.lazada.vn/products/pdp-i2798511937.html,8.990.000 ₫,,
GAMING MSI GS63 CORE I7 7700HQ RAM 16G SSD 256G+500G 15.6INCH FHD GTX 1060 RGB,https://www.lazada.vn/products/pdp-i2920353490.html,8.540.500 ₫,,
"Laptop AOC NoteBook giá rẻ 15.6 inch, Intel N5095, Ram 16GB, SSD 512GB, Win 11 - Bảo hành 24 tháng",https://www.lazada.vn/products/pdp-i3033849439.html,8.500.000 ₫,,
[BẢO HÀNH 12 THÁNG] Laptop Lenovo Thinkpad T470 (Core I7 7600U/ Ram 16GB/ SSD 256GB/ FHD) - Máy nhập nguyên Zin nguyên kiện - Hàng đẹp 99% - Hàng nhập từ Mỹ,https://www.lazada.vn/products/pdp-i2893762449.html,7.949.000 ₫,,
Laptop Thinkpad X1 Carbon Gen 8 | Core i7-10610U l RAM 16G l SSD 256G l Màn 14' FHD Hàng Mỹ .,https://www.lazada.vn/products/pdp-i2680631081.html,12.900.000 ₫,,
[Trả góp 0%]ASUS VIVOBOOK S410 CORE I7 8550U RAM 8G SSD 256G 14INCH FHD,https://www.lazada.vn/products/pdp-i788528809.html,6.800.000 ₫,5.0,
Laptop mini Lenovo YB1-X91 lai máy tính bảng siêu siêu mỏng nhẹ cảm ứng mượt mà cho người hay di chuyển,https://www.lazada.vn/products/pdp-i2665171875.html,3.170.000 ₫,,
"Microsoft Surface Pro 5 Nhập Khẩu Mỹ ( Surface Pro 2017 ) Win 10 Pro Kèm phím & sạc chính hãng Core I5,i7 7300U 8GB ram SSD 256GB màn hình 3K || Tại Playmobile",https://www.lazada.vn/products/pdp-i1287913154.html,6.590.000 ₫,,"6 Đã bán
Hà Nội"
LAPTOP ASUS VIVOBOOK X509FJ CORE I7 8565U RAM 8G SSD 512G 15.6INCH FHD VGA MX130,https://www.lazada.vn/products/pdp-i2644397796.html,7.990.000 ₫,,
[Trả góp 0%] THINKPAD X270 CORE I5 7200U RAM 8G SSD 256G 12INCH,https://www.lazada.vn/products/pdp-i445548409.html,3.900.000 ₫,4.0,12 Đã bán
Laptop Xiaomi Redmibook 15 Intel Core i5-11300H/8GB/512GB SSD/15.6 FHD/Win11SL/Black - Hàng chính hãng - Bảo hành 12 tháng,https://www.lazada.vn/products/pdp-i2058769189.html,11.290.000 ₫,1.0,
[Trả góp 0%]Dell GAMING N7447 CORE I5 4200H RAM 8G SSD 256G 14INCH FHD VGA GTX 850M,https://www.lazada.vn/products/pdp-i789706733.html,5.800.000 ₫,4.0,16 Đã bán
GAMING ACER EAGLE CORE I5 11400H RAM 16G SSD 512G 15.6INCH 144HZ GTX 3050,https://www.lazada.vn/products/pdp-i2989446038.html,14.500.000 ₫,,
DELL PRECISION 5520 CORE I7 6820HQ RAM 16GB SSD 256G 15.6INCH FHD VGA M1200,https://www.lazada.vn/products/pdp-i2329025950.html,8.930.000 ₫,,
DELL 2 IN 1 3185 AMD A9-9420E RAM 8G SSD 128G 11.6INCH TOUCH 360 ĐỘ,https://www.lazada.vn/products/pdp-i2743746567.html,3.999.999 ₫,5.0,
ASUS TUF GAMING FX505GT CORE I5 9300H RAM 16G SSD 256G+500G 15.6INCH 144HZ GTX 1650,https://www.lazada.vn/products/pdp-i3020621222.html,9.900.000 ₫,,
[Trả góp 0%]MSI GAMING G62 CORE I7 6700HQ RAM 16G SSD 256G 15.6INCH FHD VGA,https://www.lazada.vn/products/pdp-i602218402.html,9.800.000 ₫,5.0,
"Thinkpad X220 Core i5 2450M Ram 8G SSD 256G 12.5inch Cam, Míc",https://www.lazada.vn/products/pdp-i1519347791.html,2.800.000 ₫,4.0,
"Laptop Microsoft Surface Pro 7 Plus chính hãng Nhập Khẩu Mỹ | Intel Core i5, i7-1135G7 | Kèm phím Chính hãng , tặng kèm sạc | Playmobile",https://www.lazada.vn/products/pdp-i2470809428.html,11.590.000 ₫,,
DELL GAMING G3-3590 CORE I5 9300H RAM 16G SSD 256G+1T 15.6INCH FHD VGA GTX 1050,https://www.lazada.vn/products/pdp-i2395929262.html,8.900.000 ₫,,
ASUS VIVOBOOK X515 CORE I5 1135G7 RAM 8G SSD 512G 15.6INCH FHD VGA,https://www.lazada.vn/products/pdp-i2365273184.html,9.900.000 ₫,,
HÀNG MỚI VỀ - LENOVO YOGA 11E INTEL CORE I3 6100U RAM 4G SSD 256G 11INCH TOUCH 360,https://www.lazada.vn/products/pdp-i2420555387.html,4.800.000 ₫,5.0,5 Đã bán
LAPTOP ASUS TUF FX706 CORE I5 10300H RAM 16G SSD 512G 17.3INCH FHD IPS 120HZ GTX 1650,https://www.lazada.vn/products/pdp-i2660585253.html,11.800.000 ₫,,
Asus X571 Core i5 8300H Ram 16G SSD 512G 15.6inch GIÁ RẺ,https://www.lazada.vn/products/pdp-i2408101948.html,8.500.000 ₫,5.0,
DELL PRECISION 7520 CORE I7 6820HQ RAM 16GB SSD 256GB+1T 15.6INCH FHD VGA AMD PRO W4130,https://www.lazada.vn/products/pdp-i2495592720.html,8.000.000 ₫,5.0,
[SIÊU KHUYẾN MÃI] DELL INSPIRON 5548 CORE I5 5200U RAM 8GB SSD 256GB 15.6INCH VGA GIÁ RẺ,https://www.lazada.vn/products/pdp-i2400379017.html,4.800.000 ₫,5.0,
[Trả góp 0%]Dell Latitude E6420 Core i5 2520M Ram 8GB SSD 256GB 14inch GIÁ RẺ,https://www.lazada.vn/products/pdp-i440070944.html,2.800.000 ₫,3.0,8 Đã bán
THINKPAD X280 CORE I5 8250U RAM 8GB SSD 256GB 12.5INCH FHD,https://www.lazada.vn/products/pdp-i2117662773.html,4.800.000 ₫,5.0,
"Razer Blade 15 Advanced model ( Mid 2021) RZ09-0409 | I7 11800H | Ram 32GB | SSD 1TB | RTX 3080 ( 8GB ) | 15"" FHD 360hz",https://www.lazada.vn/products/pdp-i2299907587.html,31.900.000 ₫,,
DELL INSPIRON 5570 CORE I5 8250U RAM 8G SSD 128G+1T 15.6INCH FHD VGA RỜI,https://www.lazada.vn/products/pdp-i2392127832.html,6.460.000 ₫,4.0,
Laptop Máy Trạm HP Zbook G3 Core I7 6700HQ Ram16gb SSD 512gb Pin&gt;90%,https://www.lazada.vn/products/pdp-i2403025005.html,10.100.000 ₫,,"6 Đã bán
Hà Nội"
Asus ROG GL552 Core i7 6700HQ Ram 16G SSD 128G+1000G 15.6inch FHD Vga GTX 950M,https://www.lazada.vn/products/pdp-i2052950510.html,7.500.000 ₫,5.0,8 Đã bán
DELL GAMING 5559 CORE I7 6500U RAM 8G SSD 256G 15.6INCH VGA,https://www.lazada.vn/products/pdp-i2697905558.html,5.900.000 ₫,,
Microsoft Surface Laptop 3 13.5'' Nhập Khẩu Mỹ . 2K cảm ứng 10th Gen Intel® Core™ i7 - i5-1065G7 Ram 8/16GB SSD 128/256/512GB Tặng kèm sạc chính hãng | Playmobile,https://www.lazada.vn/products/pdp-i2262649918.html,11.590.000 ₫,,
"Túi Chống Sốc , Chống Nước Bảo vệ LAPTOP Các loại 13inch , 14 inch, 15.6inch. ..... ST -001",https://www.lazada.vn/products/pdp-i2127163364.html,39.000 ₫,5.0,
[HCM] Decal Dán Laptop Vân Carbon Den - Gold - Bạc Cắt Sẵn Chỉ Tháo Dán,https://www.lazada.vn/products/pdp-i2624383706.html,135.000 ₫,5.0,22 Đã bán
"Ba lô sành điệu, balô thời trang ,balô laptop hàn quốc SHINE TORE ST284",https://www.lazada.vn/products/pdp-i1761576200.html,109.000 ₫,4.0,279 Đã bán
"Bộ loa vi tính 2 loa Bass cho điện thoại, máy tính, laptop",https://www.lazada.vn/products/pdp-i3140899909.html,20.000 ₫,4.0,
CHUWI | Máy Tính Xách Tay Siêu Nhẹ Mini 2-trong-1,https://www.lazada.vn/products/pdp-i3197225767.html,10.294.000 ₫,4.0,
LAPTOP HP PAVILION G4 CORE I5 2520M RAM 4G 500G 14INCH GIÁ RẺ,https://www.lazada.vn/products/pdp-i1567707279.html,3.040.000 ₫,5.0,
"Laptop Workstation Fujitsu Celsius H7510 Core i7-10850H, 64gb Ram, 512gb SSD NVME + 1TB HDD, vga Nvidia Quadro T1000, màn 15.6” FHD nhập khẩu Nhật Bản",https://www.lazada.vn/products/pdp-i2806647171.html,15.000.000 ₫,,
Laptop Màu Xanh LEAPFROG 80-19150,https://www.lazada.vn/products/pdp-i367132311.html,1.089.000 ₫,4.0,205 Đã bán
Bàn Phím Bluetooth Không Dây Mini 10 Inch Bàn Phím Kèm Chuột Cho Điện Thoại Ipad Máy Tính Laptop,https://www.lazada.vn/products/pdp-i2385708037.html,59.000 ₫,4.0,861 Đã bán
"Túi Xách Laptop Nam Nữ Công Sở 15""6 VITAS-VT290",https://www.lazada.vn/products/pdp-i1724226395.html,138.000 ₫,5.0,15 Đã bán
"[HCM]LAPTOP Lenovo Thinkpad X1 Carbon Gen 2, Core i5 4300U, Ram 8GB, SSD 256GB, Màn 14inch",https://www.lazada.vn/products/pdp-i2446220346.html,4.400.000 ₫,,
"[HCM]LAPTOP Lenovo Thinkpad A485, AMD Ryzen 5 Pro 2500, Ram 8GB, SSD 256GB, Màn 14inch",https://www.lazada.vn/products/pdp-i2446051916.html,4.800.000 ₫,,
LAPTOP 2 IN 1 - SURFACE PRO 3 CORE I7 4650U RAM 8G SSD 512G 12INCH 2K,https://www.lazada.vn/products/pdp-i2632913540.html,5.800.000 ₫,,
SAMSUNG 300E4X CORE I5 3210M RAM 4GB HDD 500GB VGA 14INCH,https://www.lazada.vn/products/pdp-i1566533950.html,4.500.000 ₫,5.0,
Hp Work station 8770w Core i7 3820QM Ram 8GB SSD 256GB + HDD 1T 17.3inch VGA Rời,https://www.lazada.vn/products/pdp-i2047146118.html,6.555.000 ₫,,
Microsoft Surface Pro 6 Nhập Khẩu Mỹ Intel® Core™ i5 I7-8250U Ram 8GB SSD 128/ 256GB | Kèm typer cover & Sạc chính hãng Tại Playmobile,https://www.lazada.vn/products/pdp-i1271161857.html,9.490.000 ₫,,
Microsoft Surface Book 2 Nhập Khẩu Mỹ| 13.5'' Core I5/I7 8350U Ram 8GB+ 16G Ổ SSD 256GB + 512GB Kèm Dock Phím sạc tại Playmobile,https://www.lazada.vn/products/pdp-i1642501657.html,8.972.232 ₫,5.0,34 Đã bán
[Trả góp 0%]LENOVO THINKPAD X280 CORE I5 8250U RAM 8G SSD 256G 12.5INCH FHD BACKLIT KEYBOARD,https://www.lazada.vn/products/pdp-i1104294946.html,5.225.000 ₫,5.0,
"VĂN PHÒNG,GIẢI TRÍ, HỌC TẬP - LENOVO THINKPAD T420 CORE I5 2520M RAM 8GB SSD 256GB 14INCH GIÁ RẺ",https://www.lazada.vn/products/pdp-i2416918990.html,2.900.000 ₫,5.0,
Dell Latitude 7410 10th Core I5 i7 10610U 16GB 512Gb SSD 14 inch FHD Win 10 Pro,https://www.lazada.vn/products/pdp-i2667866907.html,8.790.000 ₫,,
Laptop Lenovo ThinkPad X1 Yoga Gen 4 - Core i7-8665U RAM 16G SSD 512G Màn 14 Inch FHD Touch ( Bảo Hành 3 đến 12 Tháng ),https://www.lazada.vn/products/pdp-i2462415215.html,10.500.000 ₫,,
Laptop xách tay giá rẻ DELL LATITUDE 3510 I5-10130U RAM 8GB SSD 256GB,https://www.lazada.vn/products/pdp-i2665336389.html,8.800.000 ₫,,
THINKPAD T480 CORE I5 8250U RAM 16GB SSD 256GB 14INCH FHD ĐÈN PHÍM,https://www.lazada.vn/products/pdp-i2438199213.html,6.300.000 ₫,,
DELL LATITUDE 7400 CORE I7 8565U Ram 16G SSD 256G 14” FHD IPS ĐÈN PHÍM,https://www.lazada.vn/products/pdp-i2486341807.html,7.800.000 ₫,5.0,
[Trả góp 0%]Thinkpad T520 Core i5 2520M Ram 4G ssd 128G 15.6inch,https://www.lazada.vn/products/pdp-i959944223.html,5.500.000 ₫,,
"DELL LATITUDE 5300 CORE I5 8365U RAM 16G SSD 256G 13,3ICNH fullhd ĐÈN PHÍM PIN 8H",https://www.lazada.vn/products/pdp-i2280989018.html,5.900.000 ₫,,
DELL LATITUDE 7390 2 IN 1 CORE I7 8650U RAM 16G SSD 512G 13.3ICNH FHD IPS CẢM ỨNG 360 ĐỘ,https://www.lazada.vn/products/pdp-i2541260018.html,8.400.000 ₫,,
Thinkpad E570 Core i7 7500U Ram 8GB SSD 256GB 15.6inch FHD GTX 950M,https://www.lazada.vn/products/pdp-i1536741839.html,9.800.000 ₫,,
DELL XPS 9350 CORE I5 6300U RAM 8G SSD 256G 13.3INCH FULLHD,https://www.lazada.vn/products/pdp-i2300966403.html,7.500.000 ₫,,
[Trả góp 0%]Acer Aspire E5-573G Core i5 5200U Ram 8G SSD 128G VGA 920M 15.6Inch,https://www.lazada.vn/products/pdp-i1203385960.html,6.500.000 ₫,,
MSI GAMING GV62 CORE I7 7700HQ RAM 16G SSD 512G 15.6INCH FHD GTX 1050,https://www.lazada.vn/products/pdp-i3007271542.html,8.500.000 ₫,,
ACER GAMING NITRO 5 CORE I5 7300HQ RAM 16GB SSD 256GB+1T 15.6INCH FHD IPS VGA GTX1050,https://www.lazada.vn/products/pdp-i2945212861.html,7.800.000 ₫,,
[BRAND] DELL PRECISION 7520 CORE I7 7820HQ RAM 16GB SSD 256G+1T 15.6INCH FHD VGA M1200,https://www.lazada.vn/products/pdp-i2333466121.html,8.500.000 ₫,,
ASUS GAMING FX505 CORE I5 8300H RAM 16G SSD 128G+1T 15.6INCH VGA GTX 1050,https://www.lazada.vn/products/pdp-i2401183065.html,8.000.000 ₫,,
ASUS ROG GAMING FX503VD CORE I7 7700HQ RAM 16G SSD 256G+1t 15.6INCH FHD VGA GTX1050,https://www.lazada.vn/products/pdp-i2375177804.html,8.500.000 ₫,,
Microsoft Surface Pro 7 Intel® Core™ i5 -I7-1035G4 Nhập Khẩu Mỹ |Tặng Kèm Typer Cover & Sạc Microsoft Chính hãng Tại PlayMobile,https://www.lazada.vn/products/pdp-i2370032550.html,10.490.000 ₫,,
DELL VOSTRO 3559 CORE I5 6200U RAM 8GB Ssd 256GB 15.6INCH/SẠC/CHUỘT/TÚI,https://www.lazada.vn/products/pdp-i2110554686.html,4.655.000 ₫,1.0,
ACER GAMING A715 AMD RYZEN 7-3750H RAM 16G SSD 512G 15.6INCH FHD VGA,https://www.lazada.vn/products/pdp-i2391436403.html,9.600.000 ₫,,
"VALI du lịch, đi công tác có ngăn kéo phía trước đựng laptop tiện lợi, Vali du lich size 20-24-28 inch",https://www.lazada.vn/products/pdp-i3139519949.html,1.190.000 ₫,,
"Đồ chơi máy tính laptop cho bé, máy tính bảng có chuột kèm đèn led phát nhạc giúp bé tránh xa điện thoại",https://www.lazada.vn/products/pdp-i2652896250.html,59.000 ₫,4.0,36 Đã bán
"Balo Vảy Rồng Size 40 Quai To (Loại I) Vừa A4, Atlat địa lý, Laptop 14-15 Inch",https://www.lazada.vn/products/pdp-i3011539036.html,145.000 ₫,4.0,23 Đã bán
Laptop Asus TUF Gaming F16 FX608JMR-RV048W (i7-14650HX/ GeForce RTX 5060/ 16GB/ 1TB/ Windows 11) - Bảo hành 24 tháng,https://www.lazada.vn/products/pdp-i3179819371.html,35.990.000 ₫,,
"Túi Xách Laptop Công Sở Chất Liệu Polyester Chống Thấm Nước, Phong Cách Tối Giản Thành Thị, Nhiều Kích Cỡ, Cầm Tay, Thích Hợp Cho Du Lịch, Màu Trơn, Thiết Kế Thời Trang",https://www.lazada.vn/products/pdp-i3215938517.html,121.500 ₫,,
Intel T8300 T9300 T9500 T8100 X9000 X9100 965 GM/PM45 Laptop CPU 2.66GHz 6MB L2 Cache 35W TDP 22nm Processors,https://www.lazada.vn/products/pdp-i3158397233.html,233.000 ₫,,"174 Đã bán
China"
[Bỏ túi] Laptop pocket mini 8.9 inch GPD p2 màn hình cảm ứng cực kỳ nhỏ gọn cho người hay di chuyển Like new,https://www.lazada.vn/products/pdp-i3199028003.html,11.700.000 ₫,,
Túi Đựng Laptop Da Thật Calfskin 110 - Medici of Florence - Sản Xuất Thủ Công Tại Ý_MED110BB184BF,https://www.lazada.vn/products/pdp-i3065459847.html,8.390.000 ₫,,
Balo đựng máy ảnh Sea Choice SC7718 cao cấp chống nước Laptop 16 inch nhiều ngăn đựng đồ Ba Lô Máy Ảnh Ngoài Trời Túi Đeo Vai Kỹ Thuật Số,https://www.lazada.vn/products/pdp-i3064992026.html,1.951.090 ₫,5.0,5 Đã bán
Túi xách nam Ba lô chống thấm nước Túi đeo vai Hàn Quốc dành cho doanh nhân sức chứa lớn TRY-VN,https://www.lazada.vn/products/pdp-i3041744353.html,49.000 ₫,,"20 Đã bán
China"
Ổ Đĩa Trạng Thái Rắn cho Máy Tính để Bàn và Laptop 4T 2T 1T PCIe4,https://www.lazada.vn/products/pdp-i3196847432.html,1.795.000 ₫,4.0,
"Máy tính bảng Fujitsu Q508 Atom X7-z8750, 4gb ram, 128gb SSD, 10.1” Full HD cảm ứng",https://www.lazada.vn/products/pdp-i2448106538.html,1.800.000 ₫,4.0,52 Đã bán
DELL 7280 i5 6300U/ 8G/SSD 256G MÀN CẢM ỨNG FULL HD 1900X1080 SIÊU ĐẸP SIÊU SANG NHỎ GỌN,https://www.lazada.vn/products/pdp-i1940910310.html,5.200.000 ₫,4.0,102 Đã bán
BH 12 tháng SSD cũ 120GB 240GB 500GB ổ cứng ssd laptop pc 32GB 64GB 64G 128GB 256GB 240G 512GB 480GB 120G,https://www.lazada.vn/products/pdp-i3152810780.html,250.000 ₫,,
(free ship) thanh lý màn hình máy tính sách tay laptop các loại,https://www.lazada.vn/products/pdp-i1387482327.html,149.999 ₫,4.0,22 Đã bán
"Laptop đồ chơi cho bé, máy tính đồ chơi cho bé xách tay có nhạc đèn chuột",https://www.lazada.vn/products/pdp-i2320920904.html,89.000 ₫,5.0,201 Đã bán
"Thanh lý Acer Màn hình 14 inh, Có ship tỉnh. Điện thoai: 077 968 0322",https://www.lazada.vn/products/pdp-i2162497054.html,1.000.000 ₫,,
Bộ nhớ RAM Casper Tốc độ cao DDR5 16GB 32GB 4800/5600/5200/6000MHz cho Laptop,https://www.lazada.vn/products/pdp-i2839471371.html,980.000 ₫,,
"Đồ chơi máy tính laptop mô phỏng cho bé có ánh sáng, âm nhạc, máy tính hoạt hình, đồ chơi giáo dục sớm khai sáng cho trẻ em",https://www.lazada.vn/products/pdp-i2599443549.html,72.000 ₫,4.0,517 Đã bán
[RAM LAPTOP] DDR3 LAPTOP 2GB - tháo máy các hãng,https://www.lazada.vn/products/pdp-i2779020770.html,36.000 ₫,,
"Ổ cứng SSD cài sẵn windows siêu mượt, Dùng cho PC, Laptop khởi động là lên Win, Dung lượng 120-512Gb, hiệu T-Wolf",https://www.lazada.vn/products/pdp-i2390625866.html,409.000 ₫,4.0,904 Đã bán
Intel Core 2 Duo T8300 T9300 T9500 X9000 Laptop Cpu 965 GL40,https://www.lazada.vn/products/pdp-i2528954427.html,624.000 ₫,5.0,5 Đã bán
"Ram Laptop DDR3/DDR3L (PC3L) 4GB, 8GB, 16GB bus 1333/1600 ( Hynix / MT, Samsung ) tháo máy zin đẹp như mới - Bảo Hành 3 Năm",https://www.lazada.vn/products/pdp-i2028606928.html,99.000 ₫,5.0,196 Đã bán
Ổ cứng SSD cho Laptop + Máy tính bàn 64gb-128gb-256gb-512gb-1Tb,https://www.lazada.vn/products/pdp-i3152810781.html,400.000 ₫,,
"VALI xách tay doanh nhân có ngăn đựng laptop thuận tiện kèm mật khẩu số bảo mật cao, Vali du lịch size 20 inch msp 708",https://www.lazada.vn/products/pdp-i3136663165.html,826.658 ₫,4.0,11 Đã bán
WAVLINK Hub Chia Cổng USB Type C Docking Station 11 in 1 Triple Display Dock To 8K HDMI DP RJ45 10Gbps USB3.0 PD3.1 125W Type C Hub For Laptop Macbook,https://www.lazada.vn/products/pdp-i3101903278.html,2.280.000 ₫,,
Ram Laptop DDR3 2GB 4Gb / 1333 1600 mhz hàng tháo máy bh 1 năm,https://www.lazada.vn/products/pdp-i2783452980.html,75.000 ₫,4.0,13 Đã bán
"Cây Massage Mặt Mini Gỗ Hồng Đầu Bi Đồng – Giảm Sưng Mắt, Nâng Cơ, Làm Dịu Da Hiệu Quả",https://www.lazada.vn/products/pdp-i3183807478.html,49.000 ₫,,
"Màn Hình Laptop 14.0 Led Mỏng 40 Pin HD (1366x768), thay cho Laptop dell hp asus acer sony toshiba samsung",https://www.lazada.vn/products/pdp-i3113289011.html,445.000 ₫,5.0,
Màn Hình Led dầy 14 ink 40 pin của máy tính sách tay laptop,https://www.lazada.vn/products/pdp-i2281948115.html,199.999 ₫,5.0,
MAIN LAPTOP DELL 3521 I3 THẾ HỆ 3,https://www.lazada.vn/products/pdp-i2779003926.html,380.000 ₫,,
Intel I7 3610QM 3630QM 3612QM 3720 3740 3820 CPU Laptop Core I7 4 Core 3.3GHz 45W TDP Nano Processors,https://www.lazada.vn/products/pdp-i2935860571.html,581.000 ₫,,"259 Đã bán
Hong Kong"
Màn Hình Di Động GOOJODOQ 16/15.6inch FHD 1080P HDMI USB-C 120% SRGB Cho Laptop PS4 Android Switch - Bảo Hành Chính Hãng,https://www.lazada.vn/products/pdp-i2933214231.html,2.049.600 ₫,4.0,23 Đã bán
Đồ Chơi DUKA: Laptop Của Bé - Vườn Bách Thú Màu Xanh /Công Chúa Xinh Đẹp Màu Hồng,https://www.lazada.vn/products/pdp-i3101882758.html,120.556 ₫,5.0,
"VEIKK Creator Pop VK430 4x3 Inch Ultra-thin Portable OSU! Pen Tablet Digital Drawing Tablet Graphics Tablet Drawing Pad with 8192 Levels Battery-Free Stylus and 4 Customized Express Keys Compatible with Windows, Android, Mac and Chromebook",https://www.lazada.vn/products/pdp-i1760340503.html,499.000 ₫,4.0,907 Đã bán
CPU Laptop Core i5 Core i7 gen 1 gen 2 gen 3 gen 4 nâng cấp cho Laptop,https://www.lazada.vn/products/pdp-i2473789461.html,499.000 ₫,,
"Màn hình laptop 12.5 inch LED 30 Pin và 40 Pin cho All các dòng phổ thông , năm 2020",https://www.lazada.vn/products/pdp-i260201352.html,570.000 ₫,3.0,
"Túi xách Tomtoc Versatile-T23 Laptop Tote Bag MacBook 13 inch/14 inch/15 inch/16 inch - Hàng chính hãng - Thiết kế thời trang, dung tích lớn 18L, khóa kéo YKK cao cấp trơn tru",https://www.lazada.vn/products/pdp-i3031375687.html,1.590.000 ₫,,
"Máy tính bảng Fujitsu Arrows Tab Q509 N4100, 8gb ram, 128gb SSD màn 10.1” Full HD cảm ứng phụ kiện full tuỳ chọn hang nhập khẩu Nhật Bản qua sử dụng",https://www.lazada.vn/products/pdp-i3178420203.html,1.800.000 ₫,,
bộ xử lý cpu core i7 820QM dùng cho laptop,https://www.lazada.vn/products/pdp-i1398421997.html,399.999 ₫,,
RAM laptop kingbank 16GB DDR4-2133/2400/2666 Bảo hành chính hãng 3 năm,https://www.lazada.vn/products/pdp-i2338463391.html,763.000 ₫,,
"Túi Đeo Chéo Tomtoc Aviator Rfid T35 – Túi Sling Bag Nam Nữ, Chống Nước, Bảo Mật RFID Siêu Nhẹ, Hàng chính hãng",https://www.lazada.vn/products/pdp-i3021893884.html,1.590.000 ₫,,
"Túi đựng máy tính xách tay, túi chống sốc laptop, macbook",https://www.lazada.vn/products/pdp-i2377041754.html,195.000 ₫,5.0,111 Đã bán
Laptop Asus TUF Gaming F16 FX608JMR-RV048W (i7-14650HX/ GeForce RTX 5060/ 16GB/ 1TB/ Windows 11) - Bảo hành 24 tháng,https://www.lazada.vn/products/pdp-i3179794629.html,35.990.000 ₫,,
"Balo Da Thời Trang Nam Dohago BNA01 Balo Đựng Laptop Đa Năng, Chống Nước, Thiết Kế Trẻ Trung, Phong Cách",https://www.lazada.vn/products/pdp-i2482834130.html,168.000 ₫,4.0,92 Đã bán
Túi Laptop Nam Da Calfskin Màu Nâu OLD ANGLER Sản Xuất Thủ Công Từ Italy,https://www.lazada.vn/products/pdp-i2644068308.html,12.250.000 ₫,,
Gxal46093 2023 980 Pro NVMe SSD 4TB/2TB Ổ cứng lưu trữ thể rắn M.2 2280 PCIe Gen 4.0x4 tương thích cho ps5/máy tính xách tay/Mac,https://www.lazada.vn/products/pdp-i2421648105.html,926.274 ₫,5.0,21 Đã bán
Túi Đựng Laptop Da Thật Calfskin 83 - Medici of Florence - Sản Xuất Thủ Công Tại Ý_MED83HACE452,https://www.lazada.vn/products/pdp-i3065550485.html,8.390.000 ₫,,
Túi Đựng Laptop Da Vegetable-Tanned Calfskin 81 - Medici of Florence - Sản Xuất Thủ Công Tại Ý_MED81,https://www.lazada.vn/products/pdp-i3065602367.html,8.290.000 ₫,,
[Loại dày có lớp mút xốp] Balo Laptop Nam Nữ Cao Cấp Thời Trang Hàn Quốc - Ba Lô Máy Tính Nhiều Ngăn Chống Sốc Chống Gù Cổng USB,https://www.lazada.vn/products/pdp-i2018974067.html,95.000 ₫,4.0,487 Đã bán
Túi đựng laptop chống sốc thêu họa tiết xinh xắn kích thước 9.7/11/13/14/15/15.6-inch,https://www.lazada.vn/products/pdp-i2701485717.html,110.000 ₫,4.0,19 Đã bán
Túi Đựng Laptop Da Thật Calfskin 124M - Medici of Florence - Sản Xuất Thủ Công Tại Ý_MED128ABD86D0,https://www.lazada.vn/products/pdp-i3065479846.html,9.999.000 ₫,,
Dell Latitude DELL 7390 2-in-1 Core i5-8365U | Core i7-8665U CẢM ỨNG XOAY GẬP 360 ĐỘ SANG TRỌNG BỀN BỈ,https://www.lazada.vn/products/pdp-i2058705922.html,6.569.000 ₫,4.0,80 Đã bán
Màn hình laptop 13.3 inch LED mỏng (Slim),https://www.lazada.vn/products/pdp-i260195645.html,512.000 ₫,,
"Màn hình laptop 15.6 inch slim 60hz, 144hz full viền, MSI BRAVO 15 SERIES - KHÔNG VIỀN",https://www.lazada.vn/products/pdp-i2246419847.html,1.086.000 ₫,5.0,
"Tay Cầm Chơi Game Cho Pc, Laptop, Google Tivi, Giả Lập Nes.Emu, PPSPP CAT 9 |Patech Electronics",https://www.lazada.vn/products/pdp-i2966933543.html,1.999.000 ₫,5.0,10 Đã bán
Túi xách công sở nam da bò thật để vừa laptop 16 in BEE GEE,https://www.lazada.vn/products/pdp-i3196858856.html,1.102.500 ₫,,
"Vang Số Chỉnh Cơ Di Động ACNOS Mi 30 Chính Hãng, Tích Hợp Bluetooth & 2 Micro UHF Cao Cấp, 3 Chế Độ Vang Echo, Delay, Rever, Chống Hú Chủ Động FBX, Optical , usb, aux ...Dành Cho Dàn Âm Thanh Karaoke Chuyên Nghiệp , PC & Laptop, Main ..",https://www.lazada.vn/products/pdp-i1977222473.html,2.490.000 ₫,5.0,100 Đã bán
[CHÍNH HÃNG] Túi Xách Laptop / Đeo Vai TOMTOC Briefcase Premium For 13 14 15 16 inch MacBook/Pro/Surface/Ultrabook A50-C01D / A50-E01D,https://www.lazada.vn/products/pdp-i2278881349.html,1.444.958 ₫,,
"[v2025] eGPU Osmeta & Nava S1, S2 Thunderbolt3/4+USB4+OCuLink+Nhôm+Sạc Ngược minipc itx laptop TB3/TB4",https://www.lazada.vn/products/pdp-i2966966412.html,3.990.000 ₫,5.0,
"RAM LEXAR DDR5 Sodimm 4800MT/s chính hãng dùng cho Mini PC, Laptop Nâng Cấp Hiệu Năng Làm Việc",https://www.lazada.vn/products/pdp-i3227959451.html,1.490.000 ₫,,
"Vali du lịch nhựa cao cấp SAKOS CAPOLA size S Xách Tay, 22 inch - Vali đa tiện ích, hiện đại - Cổng USB - Ngăn Laptop riêng- Chất liệu PP cao cấp",https://www.lazada.vn/products/pdp-i2524465439.html,2.645.000 ₫,,"6 Đã bán
Hồ Chí Minh"
SUUNTO 5 PEAK-ĐỒNG HỒ THỂ THAO ĐỊNH VỊ GPS,https://www.lazada.vn/products/pdp-i2332952867.html,4.650.000 ₫,5.0,
"Túi chống sốc laptop 13,14,15,15.6 inch 2 NGĂN - SHINE TORE ST- 002",https://www.lazada.vn/products/pdp-i2419293518.html,49.000 ₫,5.0,568 Đã bán
"Bàn phím cơ gaming Logitech G715 TKL Aurora - Bluetooth & Lightspeed, RGB, 2 switch, PC, Mac, Laptop",https://www.lazada.vn/products/pdp-i2089682130.html,4.099.000 ₫,5.0,16 Đã bán
Vention dây cáp mạng lan Cat6A Ethernet RJ45 SFTP Patch Cable 0.5M-40M for Laptop PC Cat6A Ethernet Cable,https://www.lazada.vn/products/pdp-i475546267.html,56.066 ₫,5.0,543 Đã bán
Túi xách HOBO C2-Pocket size Laptop (L) - CHAUTFIFTH,https://www.lazada.vn/products/pdp-i2394070999.html,1.295.000 ₫,5.0,18 Đã bán
Túi xách công sở nữ Summer cao cấp đựng Laptop 14in VACHINO-TX017,https://www.lazada.vn/products/pdp-i2242204762.html,259.000 ₫,5.0,56 Đã bán
"Máy tính bảng Surface Go Pentium 4415Y, 8gb ram, 128gb SSD, 10.1”inch Full HD Sim 4G pin siêu trâu",https://www.lazada.vn/products/pdp-i2490003481.html,2.990.000 ₫,,
[Hoả Tốc HCM] Túi Tomtoc (Usa) Slim Laptop Sleeve dành cho Laptop - Macbook 14 Inch M2/M1,https://www.lazada.vn/products/pdp-i2835713980.html,620.000 ₫,,
Túi Tomtoc Slim Laptop Sleeve Chống Sốc Dành Cho Laptop/ Macbook 13 Inch,https://www.lazada.vn/products/pdp-i2835906112.html,600.000 ₫,,
Máy tính bảng 2 trong 1 NEC VersaPro VKX6X/T X7-Z8700 4gb Ram 64gb SSD 10.1inch Full HD cảm ứng kèm bút cảm ứng,https://www.lazada.vn/products/pdp-i930256026.html,3.549.000 ₫,5.0,
"Máy tính bảng Nec VKZ11 / VKF11 intel N3350, 4gb ram, 128gb SSD, màn 10.1” full HD cảm ứng phụ kiện đầy đủ",https://www.lazada.vn/products/pdp-i2537737909.html,1.800.000 ₫,,
"Máy tính bảng Microsoft Surface Pro 5 Nhập Khẩu Mỹ ( Surface Pro 2017 ) Win 10 Pro Kèm phím sạc chính hãng ,Core M3 4GB ram SSD 128GB màn hình 3K Tại Playmobile",https://www.lazada.vn/products/pdp-i1206093621.html,5.990.000 ₫,5.0,14 Đã bán
"Túi Xách Laptop RIVACASE 8823 13.3 Inch – Chất Liệu Polyester & Polyurethane, Bền Đẹp & Sang Trọng",https://www.lazada.vn/products/pdp-i758724780.html,1.522.000 ₫,5.0,
"Sạc Nhanh 80W GaN Đa Năng Có Dây Rút - 3 Cổng, Sạc Cùng Lúc Điện Thoại, Laptop, Máy Tính Bảng - Nhỏ Gọn cho Android iOS",https://www.lazada.vn/products/pdp-i3182933911.html,130.000 ₫,4.0,8 Đã bán
"Arzopa Z1C - Màn hình di động chân đế 100% sRGB 16.1 "", FHD 1080P với màn hình USB C HDMI Màn hình mở rộng cho PC, Mac, Laptop, Switch, Xbox, PS",https://www.lazada.vn/products/pdp-i3175577414.html,5.369.680 ₫,,
Microsoft Surface Pro 6 Nhập Khẩu Mỹ Intel® Core™ i5- I7 8250U Ram 8GB SSD 128GB/256GB | TẶNG Kèm typer cover & Sạc chính hãng Microsoft Tại Playmobile,https://www.lazada.vn/products/pdp-i1269949245.html,9.490.000 ₫,5.0,6 Đã bán
"Loa Máy Tính E350T Dùng Cho Máy Tính Bàn, PC, Laptop, Âm Thanh 4D Chất Lượng Tốt",https://www.lazada.vn/products/pdp-i3070471044.html,85.000 ₫,5.0,31 Đã bán
CLUTCH NAM - ANTONY MORATO - NHẬP KHẨU CHÍNH HÃNG TỪ Ý - 14.5*21*7.5cm - Black - 100% Polyurethane _ MMAB00347-FA210076_9000,https://www.lazada.vn/products/pdp-i2585501986.html,2.790.000 ₫,,
Surface Pro 5-Core i5 7300U(Thế hệ 7) Ram 8GB/SSD256GB zin mỏng đẹp có ship tận nhà,https://www.lazada.vn/products/pdp-i2301411744.html,4.799.000 ₫,3.0,
Bộ chia mạng Switch 5 cổng 10/100Mbps TOTOLINK S505_V5 cho PC Laptop dễ sử dụng,https://www.lazada.vn/products/pdp-i2579958.html,139.000 ₫,4.0,400 Đã bán
