title,url,price,rating,shop
"Máy tính bảng X6 Pro Khuyến mãi lớn ban đầu 2023 Chính hãng 10,8 inch 16GB + 512GB Màn hình 8800mah Máy tính bảng Android Máy tính bảng học tập dành cho sinh viên 5G/WIFI Dual SIM để xem trò chơi Máy tính bảng giá rẻ COD",https://www.lazada.vn/products/pdp-i2388552502.html,1.067.040 ₫,4.0,725 Đã bán
"Máy tính bảng , siêu mạnh, nhỏ gọn 8,7 inch, xài được sim 4g + wifi Samsung Galaxy Tab",https://www.lazada.vn/products/pdp-i2641923822.html,247.500 ₫,5.0,44 Đã bán
"Máy tính bảng chơi game S9 11,6 inch full HD Android 12.0 16GB + 512GB hỗ trợ hai SIM ở chế độ chờ kép 4G/bộ nhớ lớn 5G SIM 8800mah máy tính bảng dành cho sinh viên giá rẻ và phải chăng",https://www.lazada.vn/products/pdp-i2603003553.html,1.180.000 ₫,3.0,19 Đã bán
[SĂN SALE GIỮ CHUỖI 4.11] [DEAL GIỚI HẠN] Máy tính bảng Samsung Galaxy Tab A9+ Wifi (4GB/ 64GB),https://www.lazada.vn/products/pdp-i3125156450.html,3.990.000 ₫,5.0,676 Đã bán
Máy tính bảng Asus Zenpad Z8 -Verizon 8 inch Snap650 ram 2Gb+16Gb,https://www.lazada.vn/products/pdp-i2143441109.html,790.000 ₫,5.0,5 Đã bán
Máy tính bảng REDMI Pad SE 8.7 Wifi (4+64G | 4+128GB | 6+128G ) | LCD 90Hz | MediaTek Helio G85 8 | Pin 6650mAh,https://www.lazada.vn/products/pdp-i3014413871.html,2.490.000 ₫,4.0,151 Đã bán
"[Mua 1 tặng 6] Máy tính bảng TAB P70 2025 12.0 inch mới, gọi 4G/5G, Full HD 15000mAh, hỗ trợ thẻ SIM kép Máy tính bảng 5G 16GB RAMROM1024GB máy tính bảng Máy tính bảng Android 15.0 miễn phí vận chuyển",https://www.lazada.vn/products/pdp-i2860270474.html,1.549.762 ₫,4.0,154 Đã bán
2023 Mới Máy Tính Bảng X6 Pro 10.8 Inch 4K Toàn Màn Hình 12GB RAM + 512GB ROM Call Tablet Series 4G/5G WIFI Dual SIM Android 12.0 8800mah Type-C Máy Tính Bảng Học Tập Cho Trẻ Em Miễn Phí Vận Chuyển,https://www.lazada.vn/products/pdp-i2388575369.html,1.067.040 ₫,4.0,107 Đã bán
Máy tính bảng 10.8 inch Bộ nhớ siêu lớn V62 16GB+512GB Màn hình hiển thị Ultra HD Android 13 Sức đề kháng 15000mAh Snapdragon 888 12 lõi Chơi nhanh Văn phòng chơi game khác nhau Mang theo máy tính bảng mỏng và nhẹ,https://www.lazada.vn/products/pdp-i2915968732.html,1.440.000 ₫,4.0,193 Đã bán
"[SĂN SALE GIỮ CHUỖI 4.11] Máy tính bảng Galaxy Tab S11 Ultra, Galaxy AI, S Pen thế hệ mới, Màn hình lớn 14.6""",https://www.lazada.vn/products/pdp-i3187148725.html,33.990.000 ₫,5.0,17 Đã bán
"[New] REDMI Pad 2 Pro | Màn hình 2.5K 12,1"" sắc nét | Hình ảnh mượt mà với tần số quét lên đến 120Hz | Pin 12.000mAh (typ) cực khủng | Hỗ trợ sạc ngược có dây lên đến 27W | Snapdragon® 7s Gen 4 Mobile Platform",https://www.lazada.vn/products/pdp-i3215876440.html,7.299.000 ₫,,"5 Đã bán
Bình Dương"
Máy Tính bảng Lenovo 8inch ải và dùng tốt các phần mềm giải trí cơ bản và có tiếng Việt đầy đủ dễ sử dụng,https://www.lazada.vn/products/pdp-i2660598860.html,780.000 ₫,5.0,5 Đã bán
"Máy tính bảng P70 12 inch RAM 16GB ROM 1TB Android 13 15000mAh 24MP 48MP camera HD, Snapdragon 888, tần số quét cao 60Hz, hỗ trợ 4/5G, WiFi, Bluetooth, GPS và các tính năng khác, máy tính bảng giá rẻ, học tập, văn phòng, xem phim, chơi game.",https://www.lazada.vn/products/pdp-i3195101705.html,1.690.000 ₫,5.0,
"Máy tính bảng PSD 6S hệ thống Android 15, chip Snapdragon 888, RAM 16GB, dung lượng ROM 512GB siêu lớn, camera 24MP và 48MP độ phân giải cao, pin 15000mAh, hỗ trợ mạng di động 3/4/G, Bluetooth, GPS và các chức năng khác, mỏng nhẹ dễ mang theo cho việc",https://www.lazada.vn/products/pdp-i3195710393.html,1.400.000 ₫,5.0,
"Máy tính bảng gọi điện S9 bán chạy 24 + 58MP 11,6 inch Full HD Hỗ trợ Android 12.0 RAM16G + 512G Bộ xử lý 4G/5G WIFI Máy tính bảng văn phòng giá rẻ và phải chăng",https://www.lazada.vn/products/pdp-i2602931635.html,1.180.000 ₫,2.0,9 Đã bán
"[SĂN SALE GIỮ CHUỖI 4.11] Máy tính bảng Galaxy Tab S11 Wifi, Galaxy AI, S Pen thế hệ mới, Màn hình lớn 11""",https://www.lazada.vn/products/pdp-i3187224669.html,20.990.000 ₫,,26 Đã bán
Máy tính bảng Tab P70 2025 12 inch Full HD 16GB RAM 1TB ROM Android 13 5G Dual SIM 15000mAh Mua 1 tặng 6,https://www.lazada.vn/products/pdp-i2860355309.html,1.691.000 ₫,4.0,29 Đã bán
Máy tính bảng thông minh X6 Pro Tablet Android Bản gốc 2023 Máy tính bảng thông minh 10.8Inch 4K FHD Màn hình Buletooth 8800mAh Pin Trực tuyến Class Tablet 12GB RAM + 512GB ROM 5G WiFi Android Dành cho trẻ em Gaming Pad Giao hàng miễn phí COD,https://www.lazada.vn/products/pdp-i2388594288.html,1.069.200 ₫,4.0,61 Đã bán
"[SĂN SALE GIỮ CHUỖI 4.11] [Combo Logitech gồm Bàn phím K380s & Chuột bluetooth Pepple M350s] Máy tính bảng Samsung Galaxy Tab S9 8GB 128GB, Màn hình lớn 11 inch, hỗ trợ S Pen",https://www.lazada.vn/products/pdp-i2350976467.html,15.990.000 ₫,5.0,162 Đã bán
"[SĂN SALE GIỮ CHUỖI 4.11] Máy tính bảng Galaxy Tab S10 Lite, Tính Năng AI Tiên Tiến, S Pen đa nhiệm, Màn hình lớn 10.9""",https://www.lazada.vn/products/pdp-i3184430685.html,8.990.000 ₫,,34 Đã bán
Máy tính bảng REDMI Pad SE | 12GB + 512GB Hai SIM 4G LTE WiFi 2.4/5G | Android 12 | Snapdragon 865 Bộ xử lý,https://www.lazada.vn/products/pdp-i3093301092.html,2.299.999 ₫,4.0,353 Đã bán
"[SĂN SALE GIỮ CHUỖI 4.11] Máy tính bảng Samsung Galaxy Tab S10 FE+ (8GB/128GB), Advanced AI, S Pen đa nhiệm, Màn hình lớn 13.1""",https://www.lazada.vn/products/pdp-i3068879856.html,12.990.000 ₫,5.0,52 Đã bán
MẪU MỚI Máy tính bảng Realme Pad P70 | RAM 16GB ROM 512GB | Snapdragon 865 | SIM kép 4G+5G LTE | Pin 20000mAh,https://www.lazada.vn/products/pdp-i2522154927.html,2.267.999 ₫,4.0,
"Máy tính bảng Samsung Galaxy Tab A11 (Wi-Fi, 8.7"") 8GB/128GB",https://www.lazada.vn/products/pdp-i3202288153.html,3.928.000 ₫,,
Máy Tính Bảng Mobell Tab 8.1 Chính Hãng ( 2G + 16G ) Android 11 WIFI + 4G Tablet Bảo Hành 12 Tháng,https://www.lazada.vn/products/pdp-i2541145396.html,1.250.000 ₫,,
"Máy tính bảng lenovo học tập, màn hình 10 inch siêu bự hát karaoke, giải trí siêu ngon (hàng đã qua sử dụng)",https://www.lazada.vn/products/pdp-i2552978450.html,890.000 ₫,5.0,10 Đã bán
"Máy tính bảng mới V62 mỏng nhẹ, RAM 16GB+ROM 512GB, bộ nhớ siêu cao, camera ba 24MP và 48MP chất lượng cao, pin 15000mAh với thời gian sử dụng lâu, hệ điều hành Android 15, chip Snapdragon 888, hỗ trợ 4G/5G, WiFi, Bluetooth cho học tập, làm việc và xem",https://www.lazada.vn/products/pdp-i3195175026.html,1.400.000 ₫,,
SAMSUNG TAB S DUNG LƯỢNG LƯU TRỮ 16GB + 512GB | KÍCH THƯỚC MÀN HÌNH 12INCH | Máy tính bảng học tập cho máy tính xách tay,https://www.lazada.vn/products/pdp-i3120591443.html,2.267.999 ₫,4.0,12 Đã bán
Máy tính bảng Lenovo Tab 4 10 Plus x704 siêu mỏng - Có bản 4G+Wifi,https://www.lazada.vn/products/pdp-i2356672903.html,1.448.000 ₫,5.0,
"Máy tính bảng HUAWEI Matepad Pro 12.2"" 2025 | Màn Hình Tandem OLED PaperMatte | Ứng Dụng GoPaint Với Bộ Cọ Vẽ Chuyên Nghiệp | Bàn Phím Trượt HUAWEI Glide",https://www.lazada.vn/products/pdp-i3159273406.html,22.990.000 ₫,,"8 Đã bán
Hồ Chí Minh"
"Máy tính bảng REDMI Pad Pro (6+128GB | 8+128G | 8+256G) | Màn hình 12,1"" 120Hz 2,5K | SD 7sGen2 | Pin 10000mAh",https://www.lazada.vn/products/pdp-i3014446659.html,5.590.000 ₫,5.0,65 Đã bán
Máy tính bảng Lenovo Tab M10 Plus X616M màn 10 inch - Ram 4G 64G,https://www.lazada.vn/products/pdp-i3149712484.html,1.848.000 ₫,,
Máy tính bảng HUAWEI MatePad 11.5 | 6GB+128GB | Màn Hình HUAWEI FullView 120 Hz | Bàn Phím Rời | Ứng Dụng Văn Phòng WPS 2.0 Chuẩn PC,https://www.lazada.vn/products/pdp-i3140726904.html,6.357.000 ₫,4.0,Cam Kết Giá Tốt
Máy tính bảng Xiaomi Redmi Pad 2 (6GB/128GB) - Bảo hành 18 tháng,https://www.lazada.vn/products/pdp-i3141228900.html,5.959.000 ₫,,"6 Đã bán
Hồ Chí Minh"
Máy tính bảng Samsung tab T295 Ram 2GB bộ nhớ 32GB Android 11 sim 4G máy đẹp 99,https://www.lazada.vn/products/pdp-i2569458961.html,899.910 ₫,5.0,8 Đã bán
"Máy tính bảng Redmi Pad Pro (6+128GB) | Màn hình 12,1"" 120Hz 2,5K | SD 7sGen2 | Pin 10000mAh",https://www.lazada.vn/products/pdp-i2666887719.html,7.290.000 ₫,5.0,35 Đã bán
Điện thoại Samsung Tab T231 còn dùng bị cứng nút home,https://www.lazada.vn/products/pdp-i2362813079.html,275.000 ₫,,
"Máy tính bảng samsung màn hình 8 inch, chạy siêu mạnh, siêu mượt, học tập, xem phim, giải trí bao ngon",https://www.lazada.vn/products/pdp-i2811073661.html,749.000 ₫,4.0,40 Đã bán
"Máy tính bảng samsung kèm bút màn 10 inch, pin 7300 siêu trâu, học tập, giải trí làm việc ngon lành",https://www.lazada.vn/products/pdp-i2729154374.html,1.099.000 ₫,5.0,Priority Instant
"Máy tính bảng XPPen Magic Note Pad 11 inch Android 14 Tốc độ làm mới 90HZ Máy đọc sách điện tử Máy tính bảng ghi chú Màu sắc tự nhiên / Giấy mực / Màn hình màu sáng, thích hợp để viết / đọc / họp",https://www.lazada.vn/products/pdp-i3223880140.html,8.990.000 ₫,5.0,
"Máy tính bảng samsung 8 inch, chạy nhanh, mượt, học tập, giải trí ngon lành",https://www.lazada.vn/products/pdp-i2811197267.html,1.099.000 ₫,,"7 Đã bán
Hồ Chí Minh"
MÁY TÍNH BẢNG SAMSUNG TAB A T295,https://www.lazada.vn/products/pdp-i3193015254.html,939.000 ₫,,
Máy tính bảng Xiaomi Pad 7 (8+128GB | 8+256GB) | Màn hình 3.2K 144Hz siêu rõ nét | HyperAI | Vi xử lí Snapdragon® 7+ Gen 3 Mobile Platform,https://www.lazada.vn/products/pdp-i3014605556.html,8.690.000 ₫,4.0,148 Đã bán
Máy tính bảng P70 Cuộc gọi mạnh mẽ 3G/4G/5G Dual SIM Máy tính bảng Công suất lớn 16GB+1024B 12.0 inch 15000mAh Dung lượng cực lớn Học trò chơi Văn phòng và nhiều hơn nữa Máy tính bảng giá rẻ cho sinh viên,https://www.lazada.vn/products/pdp-i2916291628.html,1.650.000 ₫,4.0,136 Đã bán
"Máy Tính Bảng Giáo Dục Sớm Thông Minh Cho Bé, Học Đọc Tiếng Việt, Đa Năng Như Điện Thoại Di Động",https://www.lazada.vn/products/pdp-i3096124227.html,48.000 ₫,5.0,
Máy tính bảng mượt đẹp,https://www.lazada.vn/products/pdp-i3061316466.html,800.000 ₫,,
"Máy tính bảng Honor Pad X8a 4GB+128GB | Màn hình TFT LCD 11"" 90Hz | Pin 8300mAh | BH 18 tháng Hàng Chính Hãng",https://www.lazada.vn/products/pdp-i2899742958.html,4.189.000 ₫,5.0,Cam Kết Giá Tốt
Máy Tính Bảng Masstel Tab 8 EDU (3gb/32gb),https://www.lazada.vn/products/pdp-i2493146693.html,768.000 ₫,,
Máy tính bảng Xiaomi Pad 7 Pro (8+256GB | 12+512GB) | Màn hình 3.2K 144Hz siêu rõ nét | HyperAI | Vi xử lí Snapdragon® 8s Gen 3 Mobile Platform,https://www.lazada.vn/products/pdp-i3014578654.html,12.990.000 ₫,5.0,68 Đã bán
"Máy tính bảng HUAWEI MatePad SE 11”|Thiết Kế Kim Loại Nguyên Khối||Màn Hình HUAWEI FullView 11"" Thoải Mái Cho Mắt|Pin Mạnh Mẽ 7700 mAh",https://www.lazada.vn/products/pdp-i2728008506.html,3.920.000 ₫,5.0,264 Đã bán
"Máy tính bảng Asus Pad 7 inch pin lâu, dùng được sim, học tập, giải trí hát karaoke, game nhẹ ngon lành",https://www.lazada.vn/products/pdp-i2743729752.html,899.143 ₫,5.0,19 Đã bán
"máy tính bảng tab3 8 plus - chip 625, ram 3gb, android 9, lắp sim nghe gọi, liên quân mượt",https://www.lazada.vn/products/pdp-i1980478815.html,999.000 ₫,4.0,20 Đã bán
Máy tính bảng REDMI Pad SE 8.7 4G (4+128G | 6+128GB) | LCD 90Hz | MediaTek Helio G85 8 | Pin 6650mAh,https://www.lazada.vn/products/pdp-i3014632197.html,2.990.000 ₫,5.0,49 Đã bán
"[NEW] REDMI Pad 2 & REDMI Pad 2 4G Tầm nhìn cực đại, giải trí cực đỉnh",https://www.lazada.vn/products/pdp-i3137879664.html,4.890.000 ₫,5.0,20 Đã bán
Máy tính bảng động vật ngộ nghĩnh Chicco,https://www.lazada.vn/products/pdp-i2480137080.html,559.000 ₫,,
"Máy tính bảng REDMI Pad SE (4+128G | 6+128G | 8+256G) | Màn hình FHD+ 11"" ấn tượng | Dung lượng pin lớn 8000mAh (thông thường) | Bốn loa hỗ trợ Dolby Atmos®",https://www.lazada.vn/products/pdp-i3014538373.html,3.990.000 ₫,5.0,101 Đã bán
Máy tính bảng cho trẻ em chống sốc 7 inch TEKKIN TI-868 cpu 4 nhân ram 4gb bộ nhớ 32gb,https://www.lazada.vn/products/pdp-i2675037525.html,999.000 ₫,5.0,12 Đã bán
"Máy tính bảng samsung , màn 8 inch, học tập, giải trí ngon lành, chạy siêu mượt",https://www.lazada.vn/products/pdp-i2811087716.html,1.050.000 ₫,,
Máy tính bảng OnePlus Pad Pro Wifi (Oppo Pad 3 Pro- Snaρ 8 Gen 3) ROM QUỐC TẾ fullbox likenew,https://www.lazada.vn/products/pdp-i3154550607.html,7.990.000 ₫,5.0,6 Đã bán
Samsung Tab A7 lite,https://www.lazada.vn/products/pdp-i3119429894.html,1.350.000 ₫,,
Máy tính bảng INFINIX XPAD | 12GB + 512GB Hai SIM 4G LTE WiFi 2.4/5G | Android 14 | HELIO G99,https://www.lazada.vn/products/pdp-i3116764833.html,2.061.000 ₫,2.0,9 Đã bán
Máy tính bảng Samsung Galaxy Tab A9+ Wi-Fi 4GB/64GB,https://www.lazada.vn/products/pdp-i2634318913.html,4.201.000 ₫,5.0,33 Đã bán
Máy tính bảng Samsung Tab T295 Ram 2GB bộ nhớ 32GB Android 11 máy qua sự dụng zin đẹp 99% full chức năng kèm phụ kiện,https://www.lazada.vn/products/pdp-i3173108126.html,899.910 ₫,5.0,
"Máy tính bảng huawei T5 màn 10inch , ram 3GB , bộ nhớ 32GB, học tập, nghe nhạc, xem phim, ngon lành",https://www.lazada.vn/products/pdp-i2509763759.html,1.350.000 ₫,,
Máy tính bảng Surface Go 1 màn 10 inch 1800x1200p - Intel 4415Y,https://www.lazada.vn/products/pdp-i2489605861.html,1.988.000 ₫,5.0,
"[Mua 1 Tặng 6] Máy tính bảng 2025 6SPro TAB Mẫu mới nhất Màn hình Full HD 10.8 inch Bộ nhớ 16GB + 512GB Dung lượng pin 15000mAh Hệ điều hành Android 15.0 Hỗ trợ 2 SIM Giao hàng miễn phí tận nhà Hỗ trợ WIFI 5G Tận hưởng Internet mọi lúc, mọi nơi COD",https://www.lazada.vn/products/pdp-i3101875885.html,1.440.000 ₫,3.0,8 Đã bán
Máy Tính Bảng Honor Pad X9a | Bộ nhớ 8GB+256GB | Pin 8300mAh | Chip Snapdragon 685 | Bảo hành 18 Tháng,https://www.lazada.vn/products/pdp-i3156958343.html,6.990.000 ₫,5.0,11 Đã bán
máy tinh bảng hp pro tablet 10 ee g1 mới 85%,https://www.lazada.vn/products/pdp-i3180729472.html,1.450.000 ₫,,
"Máy tính bảng Huawei Mediapad T5 10.1 inch màn hình lớn, sắc nét, bán hàng online, xem phim cực đã",https://www.lazada.vn/products/pdp-i2204871439.html,1.200.000 ₫,4.0,8 Đã bán
Máy tính bảng cho trẻ chống sốc 10.1 inch TEKKIN TI-8010 cpu 4 nhân ram 4gb bộ nhớ 64gb,https://www.lazada.vn/products/pdp-i2674971494.html,1.599.000 ₫,5.0,
Máy tính bảng Sunface Go 2 cảm ứng thanh lý rẻ,https://www.lazada.vn/products/pdp-i3167782721.html,2.849.000 ₫,,
Máy Tính Bảng Teclast M50 Plus Tablet 6GB/128GB | Màn hình 10.1inch | Chip MediaTek G85 |7000mAh,https://www.lazada.vn/products/pdp-i3056913572.html,2.990.000 ₫,5.0,11 Đã bán
Máy tính bảng Samsung Galaxy Tab S10+ 5G 256GB - Hàng chính hãng,https://www.lazada.vn/products/pdp-i3039124127.html,18.690.000 ₫,5.0,5 Đã bán
"[SĂN SALE GIỮ CHUỖI 4.11] Máy tính bảng Galaxy Tab A11 Wifi (4-64GB), Màn hình nhỏ gọn 8.7"", Tần số quét 90Hz, Tính năng giải toán tự động",https://www.lazada.vn/products/pdp-i3202180720.html,3.990.000 ₫,,
Máy tính bảng Samsung Galaxy Tab S9+ 5G,https://www.lazada.vn/products/pdp-i2497716477.html,22.121.553 ₫,,"15 Đã bán
Hà Nội"
Lenovo Legion Y700 máy tính bảng gaming Snapdragon 870 fullbox likenew,https://www.lazada.vn/products/pdp-i2108150994.html,5.950.000 ₫,5.0,8 Đã bán
Máy Tính Bảng Công Nghiệp Đa Năng Android Qualcomm Octa-Core,https://www.lazada.vn/products/pdp-i3220213488.html,20.955.000 ₫,,
Máy tính bảng Fujitsu ARROWS Tab V727 chạy Window 10 kèm bút - Core M3 7Y30 ram 8G 128G SSD,https://www.lazada.vn/products/pdp-i3229619393.html,3.198.000 ₫,,
Máy tính bảng Masstel Tab 8.3 3GB 32GB Chính Hãng,https://www.lazada.vn/products/pdp-i2807624162.html,1.350.000 ₫,,
máy tính bảng e2 bán quốc tế màu vàng,https://www.lazada.vn/products/pdp-i3233701070.html,1.600.000 ₫,,
"Máy Tính Bảng Samsung Galaxy Tab A9 Wifi (4GB|64GB) X110 Chính Hãng Giá Rẻ Cấu Hình Cực Khủng Màn Hình Lớn Dành Cho Học Sinh, Sinh Viên, Văn Phòng, Người Già",https://www.lazada.vn/products/pdp-i2590594713.html,2.700.000 ₫,5.0,8 Đã bán
Máy tinh bảng HP elitepad 1000 g2. ram 4.Ssd128g+kèm dook sạc chính hãng,https://www.lazada.vn/products/pdp-i3180703663.html,850.000 ₫,,
"Máy tính bảng trẻ em K706Pro Bản Mới giáo dục thông minh phát triển trí tuệ,đồ chơi cho bé trai bé gái",https://www.lazada.vn/products/pdp-i2942440720.html,1.190.000 ₫,,
Máy Tính Bảng Mobell Tab 8A,https://www.lazada.vn/products/pdp-i2493181504.html,700.000 ₫,,
"Máy tính bảng samsung , siêu mạnh, chạy bao mượt, học tập, giải trí làm việc ngon lành, xài được sim hàng đã qua sử dụng",https://www.lazada.vn/products/pdp-i2743532272.html,1.099.000 ₫,5.0,9 Đã bán
Máy tính bảng cho trẻ em chống sốc 7 inch TEKKIN TI-868 cpu 4 nhân ram 2gb bộ nhớ 32gb,https://www.lazada.vn/products/pdp-i2752211344.html,999.000 ₫,,
[10 Inches] Máy tính bảng Lenovo Tab M10 Full HD new 100% Fullbox lắp SIM nghe gọi.,https://www.lazada.vn/products/pdp-i2978932544.html,2.590.000 ₫,5.0,
"Máy tính bảng giá rẻ psd6s RAM16GB 512GB Android 15 24MP 48MP độ phân giải cao triệu pixel Snapdragon 888 15000mAh 60hz làm mới cao loa kép đa phần mềm hỗ trợ mạng 3/4/5G, WiFi, Bluetooth, GPS và các tính năng khác dễ dàng đối phó với học tập, văn phòng,",https://www.lazada.vn/products/pdp-i3195823259.html,1.400.000 ₫,,
Máy Tính Bảng Masstel Tab 8 4G (2gb/32gb),https://www.lazada.vn/products/pdp-i2493148717.html,899.000 ₫,5.0,
Máy tính bàng Teclast HD8 4G Ram 4G/64GB máy mới fullbox 2 sim nghe gọi tặng kèm 1 bao da,https://www.lazada.vn/products/pdp-i2398721222.html,1.536.210 ₫,5.0,
Máy Tính Bảng Honor Pad X7 4GB + 64/128GB | Pin 7020mAh | Chip Snapdragon 680 | Bảo Hành 18 Tháng Hành Chính Hãng,https://www.lazada.vn/products/pdp-i3188123666.html,3.690.000 ₫,,
"Máy tính bảng Samsung Galaxy Tab A11 (Wi-Fi, 8.7"") 4GB/64GB",https://www.lazada.vn/products/pdp-i3202191970.html,2.988.260 ₫,,
"Máy tính bảng hoàn toàn mới P70 RAM 16GB ROM 1024GB Android 13 màn hình 12 inch 24MP 48MP pin 15000mAh bộ vi xử lý Snapdragon 888 tần số quét cao 60HZ tặng kèm 6 món quà miễn phí hỗ trợ mạng di động 3/4/5G, WiFi, Bluetooth, GPS và các tính năng khác.",https://www.lazada.vn/products/pdp-i3195804512.html,1.690.000 ₫,,
Máy tính bảng Samsung Galaxy Tab S11 Ultra 5G 12GB/256GB,https://www.lazada.vn/products/pdp-i3190219085.html,31.479.000 ₫,,"5 Đã bán
Hồ Chí Minh"
"Máy tính bảng HUAWEI MatePad 11.5""S | Bút Cảm Ứng M-Pencil Với Công Nghệ NearLink2 | Bàn Phím Rời | HUAWEI Notes",https://www.lazada.vn/products/pdp-i2727847310.html,11.770.000 ₫,5.0,123 Đã bán
"(Dành Cho Học Online - Zoom) Máy tính bảng Xiaomi MiPad 1 - Có Tiếng Việt - Chơi Game, Lướt Web, Xem Phim, Youtube, lướt Facebook .",https://www.lazada.vn/products/pdp-i1343482176.html,790.000 ₫,3.0,11 Đã bán
Máy tính bảng Samsung Galaxy Tab S10 Lite Wifi 6GB/128GB,https://www.lazada.vn/products/pdp-i3187841330.html,7.718.000 ₫,,"6 Đã bán
Hồ Chí Minh"
Máy Tính Bảng Masstel Tab 10 4G (2gb/32gb),https://www.lazada.vn/products/pdp-i2493123802.html,999.000 ₫,,
"Máy tính bảng Gtab 10 Lite 2022 lướt web, giải trí nhẹ ( 4G + Wifi )",https://www.lazada.vn/products/pdp-i1961909898.html,1.899.000 ₫,,
Máy tính bảng 10.1 inch TEKKIN A3 2 SIM 2 sóng nghe gọi cpu 8 nhân ram 12gb bộ nhớ 128gb tặng bao da,https://www.lazada.vn/products/pdp-i2794444419.html,2.499.000 ₫,,
Samsung Galaxy Tab A7 Lite – Siêu Tablet Chỉ 1.800.000 VND!,https://www.lazada.vn/products/pdp-i3038115200.html,1.590.000 ₫,,
Máy tính bảng Xiaomi Pad 7 (8+128GB) | Màn hình 11.2'' 3.2K 144Hz tăng hiệu suất | Snapdragon 7+ Gen3 | HyperAI | Pin 8850mAh,https://www.lazada.vn/products/pdp-i3002957265.html,8.990.000 ₫,5.0,16 Đã bán
"Máy tính bảng Huawei M3 8.4 màn hình 2K, trang bị loa Harman Kadon nghe nhạc cực chất",https://www.lazada.vn/products/pdp-i2116148572.html,2.099.000 ₫,,
Máy tính bảng samsung A8-T295,https://www.lazada.vn/products/pdp-i2511158434.html,1.300.000 ₫,,
Thanh ly máy tính bảng hp elite x2 1012 g1. lỗi cảm ứng,https://www.lazada.vn/products/pdp-i2651367940.html,1.190.000 ₫,,
Máy tính bảng 10.1 inch TEKKIN TI-8020 cpu 4 nhân 2.0ghz ram 4gb bộ nhớ 64gb tặng bao da chiến game,https://www.lazada.vn/products/pdp-i2752305002.html,1.750.000 ₫,,
9 Inch Writing Tablet Electronic Notepad LCD Tablet Drawing Pad Business Supplies Hand Painting Tool,https://www.lazada.vn/products/pdp-i2731334262.html,262.474 ₫,,
Máy Tính Bảng Mới 2025 Pad Pro Full Netcom 5G Android Văn Phòng Giải Trí Máy Học Game 2 Trong 1,https://www.lazada.vn/products/pdp-i3067871002.html,2.947.568 ₫,1.0,15 Đã bán
"[SĂN SALE GIỮ CHUỖI 4.11] [Combo Bàn phím & Chuột Logitech] Máy tính bảng Samsung Galaxy Tab S10 Ultra, Galaxy AI, mỏng nhẹ nhất, trợ lý note, S Pen đa nhiệm",https://www.lazada.vn/products/pdp-i2795851334.html,33.650.100 ₫,,79 Đã bán
"Máy tính bảng Samsung Galaxy Tab A7 Lite 4G RAM, 64GB SSDTablet (Wi-Fi Only), Mới 99% (0501)",https://www.lazada.vn/products/pdp-i2329579008.html,2.790.000 ₫,5.0,14 Đã bán
"[SĂN SALE GIỮ CHUỖI 4.11] Máy tính bảng Samsung Galaxy Tab S10 FE 5G (8GB/128GB), Advanced AI, S Pen đa nhiệm, Màn hình lớn 13.1""",https://www.lazada.vn/products/pdp-i3218839796.html,14.990.000 ₫,,
"Máy tính bảng Samsung Galaxy Tab A11 (LTE, 8.7"") 8GB/128GB",https://www.lazada.vn/products/pdp-i3202213978.html,5.338.000 ₫,,
iPad Air M3 11 inch Wi-Fi 256GB,https://www.lazada.vn/products/pdp-i3067041234.html,19.490.000 ₫,,"12 Đã bán
Hồ Chí Minh"
Máy tình bảng samsung giá rẽ,https://www.lazada.vn/products/pdp-i2370970756.html,2.200.000 ₫,5.0,
Lenovo Legion Y700 2025 gaming tablet máy tính bảng gaming Snaρdragon 8 Gen 3 likenew,https://www.lazada.vn/products/pdp-i3036165990.html,8.690.000 ₫,5.0,
"Lenovo tab 3 8703x, ram 3, 4g thoại chơi liên quân, free fire ok",https://www.lazada.vn/products/pdp-i1850620122.html,1.290.000 ₫,5.0,6 Đã bán
máy tính bảng mini Fujitsu arrows tap Q507. máy kèm bút+sac,https://www.lazada.vn/products/pdp-i2731946829.html,1.550.000 ₫,5.0,
Máy tính bảng 2in1 NEC versapro vk902s.cpu core m3.ram 4.ssd 128g.may kèm phím sạc zin.,https://www.lazada.vn/products/pdp-i2724590249.html,1.350.000 ₫,3.0,
Máy tính bảng samsung A8-T295,https://www.lazada.vn/products/pdp-i2582497658.html,1.290.000 ₫,5.0,
Máy tính bảng Samsung tab A7 lite Ram 3GB bộ nhớ 32GB máy qua sự dụng zin đẹp 99% full chức năng kèm phụ kiện,https://www.lazada.vn/products/pdp-i3173048553.html,1.490.000 ₫,,
Máy tính bảng Amazon Fire Kindle HD 8,https://www.lazada.vn/products/pdp-i2369928333.html,1.820.000 ₫,,
Máy tính bảng Samsung Tab E 8.0 bản Mỹ (Wifi+4G),https://www.lazada.vn/products/pdp-i2227250185.html,1.699.000 ₫,,
[PHIÊN BẢN MỚI] Máy Tính Bảng Teclast P30 12GB(4+8)/128GB| HD 11” | 6000mAh| 2 Loa Kép-Hàng Chính Hãng-Bảo hành 12 tháng,https://www.lazada.vn/products/pdp-i2715916984.html,2.290.000 ₫,,
"Máy tính bảng Samsung Tab A7 Lite bản wifi ( Màn hình 8,7 inch , Ram 3/32. Android 11. Pin 5100mAh ,hỗ trợ sạc nhanh ,tặng kèm ốp lưng ,sạc )",https://www.lazada.vn/products/pdp-i3113058817.html,1.450.000 ₫,,
MÁY TÍNH BẢNG MASSTEL TAB 10 WIFI (cũ),https://www.lazada.vn/products/pdp-i2262754700.html,1.106.000 ₫,5.0,
Máy Tính Bảng Masstel Tab 10A (cũ),https://www.lazada.vn/products/pdp-i2374519011.html,1.230.000 ₫,,
"Máy tính bảng Samsung Galaxy Tab A9 (Wifi) 4GB/64GB - Thiết kế mỏng nhẹ, màn hình 8.7 inch, ram 8GB",https://www.lazada.vn/products/pdp-i2623387170.html,2.990.000 ₫,5.0,10 Đã bán
máy tính bảng lpad gen 6 bản 4G wifi 32GB máy đẹp pin cao,https://www.lazada.vn/products/pdp-i3229173977.html,3.050.000 ₫,,
"Máy tính bảng Nec VersaPro VKT12S Core i5-7Y54, 8gb ram, 256gb SSD, màn 12.5” Full HD Cảm ứng đa điểm, vỏ màu vàng sang tròng",https://www.lazada.vn/products/pdp-i2389431215.html,2.500.000 ₫,5.0,18 Đã bán
Máy tính bảng Lenovo Tab 4 10 REL,https://www.lazada.vn/products/pdp-i2825961787.html,1.990.000 ₫,,
Samsung tap a chính hang gia re,https://www.lazada.vn/products/pdp-i2371060929.html,2.150.000 ₫,,
"Máy tính bảng Huawei M5 Lite qua sử dụng ( 10,5 inch , Ram 3/32 + 4G , có xài sim 4G , pin 7500mAh , Android 8.0 )",https://www.lazada.vn/products/pdp-i3176970978.html,1.990.000 ₫,,
"Máy tính bảng Samsung Galaxy Tab A9+ (wifi) 4GB 64GB - trọng lượng 480g, camera sắc nét, hiệu năng ổn định",https://www.lazada.vn/products/pdp-i2623269895.html,3.844.637 ₫,5.0,24 Đã bán
"Máy tính bảng Samsung Galaxy Tab SM-T377V, 16GB, Wi-Fi + 4G, giá rẻ",https://www.lazada.vn/products/pdp-i1588939020.html,1.595.000 ₫,,
Máy Tính Bảng Samsung Galaxy Tab A7 (3GB/32GB) SM-T500 wifi,https://www.lazada.vn/products/pdp-i1739631374.html,5.390.000 ₫,,
"Máy tính bảng Lenovo Tab 3 8 Plus, màn hình Full HD sắc nét giá rẻ",https://www.lazada.vn/products/pdp-i2133007298.html,1.399.000 ₫,,
"Redmi Pad SE Redmi máy tính bảng 11 inch bảo vệ mắt Màn hình HD làm mới cao 90Hz 6 128GB máy tính bảng âm thanh giải trí, văn phòng và học tập",https://www.lazada.vn/products/pdp-i2838250826.html,4.654.069 ₫,5.0,8 Đã bán
máy tính bảng A8 -t295,https://www.lazada.vn/products/pdp-i2602077877.html,1.300.000 ₫,,
Máy tính bảng Fujitsu arrows tap Q616.core M7 ram 4.ssd 128g. pin 3h-4h,https://www.lazada.vn/products/pdp-i3060076925.html,2.250.000 ₫,,
"MÁY TÍNH BẢNG SAMSUNG TAB A6 10.1INCH GIÁ RẺ, NGHE GỌI, HỌC ONLINE",https://www.lazada.vn/products/pdp-i2470278853.html,2.300.000 ₫,,
Máy tính bảng samsung tab A6,https://www.lazada.vn/products/pdp-i2407509079.html,900.000 ₫,,
"Máy tính bảng HP ElitePad 1000 G2 Atom Z3795, 4gb Ram, 128gb SSD, màn 10” cảm ứng đa điểm Windows 10",https://www.lazada.vn/products/pdp-i2866009220.html,1.600.000 ₫,,
máy tính bảng samsung tab A8,https://www.lazada.vn/products/pdp-i2579391965.html,1.300.000 ₫,,
Máy tính bảng Masstel Tab 10.1 (3gb/32gb),https://www.lazada.vn/products/pdp-i2493141681.html,1.150.000 ₫,5.0,
MÁY TÍNH BẢNG AMAZON FIRE HD10,https://www.lazada.vn/products/pdp-i2411024646.html,2.720.000 ₫,,
Mtb Masstel Tab 10A (10.1in/3gb/32gb) giá 1.290k-- ---Full VAT--,https://www.lazada.vn/products/pdp-i3107739642.html,1.290.000 ₫,,
Máy tính bảng Samsung Galaxy Tab S7 FE LTE,https://www.lazada.vn/products/pdp-i2184835915.html,12.591.000 ₫,5.0,
Máy tính bảng Xiaomi Redmi Pad Pro 2024 màn 12.1 inch 120Hz - Snaρdragon 7s Gen 2,https://www.lazada.vn/products/pdp-i3102538535.html,4.788.000 ₫,,
Máy tính bảng Samsung Galaxy Tab S10 Lite 5G 6GB/128GB,https://www.lazada.vn/products/pdp-i3187825448.html,9.128.000 ₫,,
Máy tính bảng Samsung Galaxy Tab A9+ Wi-Fi,https://www.lazada.vn/products/pdp-i2497827874.html,4.933.243 ₫,5.0,6 Đã bán
Máy Tính Bảng Lenovo Xiaoxin Pad Pro ( 2022 ) 8/128gb & 6/128GB Likenew 99% Snapdragon 870 Màn Oled 2.5K 120HZ | Playmobile,https://www.lazada.vn/products/pdp-i1539314205.html,5.990.000 ₫,4.0,328 Đã bán
Máy Tính Bảng Xiaomi Pad 7 Pro 12GB 512GB Chính Hãng BH 18 Tháng,https://www.lazada.vn/products/pdp-i3194034129.html,14.299.000 ₫,,
"Máy tính bảng Samsung Galaxy Tab A11 (LTE, 8.7"") 4GB/64GB",https://www.lazada.vn/products/pdp-i3202305024.html,4.398.260 ₫,,
Máy Tính Bảng Samsung Galaxy Tab A9+ Wifi 4GB/64GB - 8GB/128GB - Hàng Chính Hãng,https://www.lazada.vn/products/pdp-i2496351478.html,3.990.000 ₫,,
"VIÊN UỐNG GIẢM ĐAU LƯNG DƯỚI, MỎI MẮT ALINAMIN EX PLUS ALPHA NHẬT BẢN (LỌ 280 VIÊN) - SẢN PHẨM CHẤT LƯỢNG HÀNG ĐẦU, TUYỆT HẢO ĐƯỢC SĂN ĐÓN TRÊN THỊ TRƯỜNG HIỆN NAY",https://www.lazada.vn/products/pdp-i2489640296.html,1.449.900 ₫,,
máy tính bảng samsung t295,https://www.lazada.vn/products/pdp-i2326146243.html,1.250.000 ₫,,
"NEWSEAL 100% | Máy tính bảng Kindle Fire HD10 13th 2023 chính hãng nhập khẩu USA, Japan",https://www.lazada.vn/products/pdp-i2518608184.html,2.250.000 ₫,,
Máy tính bảng HUAWEI MatePad T10s mới new full hộp sạc giá tết,https://www.lazada.vn/products/pdp-i2920657730.html,2.390.000 ₫,,
Máy Tính Bảng Amazon Fire HD 8 Phiên Bản Mới Nhất - Hàng Chính Hãng - Có Xuất VAT,https://www.lazada.vn/products/pdp-i1836837969.html,1.900.000 ₫,5.0,12 Đã bán
NEWSEAL 100% | Máy tính bảng Amazon Kindle Fire HD10 13th 2023 chính hãng nhập khẩu USA - Bảo hành 12 tháng,https://www.lazada.vn/products/pdp-i1648270487.html,3.390.000 ₫,5.0,14 Đã bán
Máy Tính bảng Samsung Galaxy Tab S 8.4inh màn 2K Amoled ||Tặng kèm sạc cáp nhanh tai nghe || Tại PlayMobile,https://www.lazada.vn/products/pdp-i398476788.html,1.808.910 ₫,,"5 Đã bán
Hà Nội"
Máy tính bảng samsung T295 rất đẹp,https://www.lazada.vn/products/pdp-i2491162593.html,1.300.000 ₫,,
"Máy tính bảng Samsung Tab A10 2019 siêu đẹp, bản Mỹ (Wifi+4G)",https://www.lazada.vn/products/pdp-i2227201400.html,2.899.000 ₫,,
Máy tính bảng samsung tab A6,https://www.lazada.vn/products/pdp-i2241257863.html,945.000 ₫,,
Máy tính bảng 4G Mỹ AT&T Trek HD,https://www.lazada.vn/products/pdp-i2978974301.html,2.090.000 ₫,,
Ban máy tinh bảng Fujitsu arrows tap Q507 kèm dook+bút. atom z8550. Ram 4.ssd 64/128g. hang lướt moi 90%,https://www.lazada.vn/products/pdp-i3180803254.html,1.950.000 ₫,,
Máy tình bảng samsung tap a,https://www.lazada.vn/products/pdp-i2371159082.html,1.300.000 ₫,,
Máy Tính Bảng Masstel Tab 8plus - Tab 8pro (cũ),https://www.lazada.vn/products/pdp-i2493251076.html,1.000.000 ₫,,
Samsung Galaxy Tab T515 Ram 3G/32GB Pin 6150 ( Android 11 ) 1 sim Mạng 4G máy chính hãng,https://www.lazada.vn/products/pdp-i2577005603.html,2.290.000 ₫,5.0,
Máy tính bàng Teclast HD8 4G Ram 4G/64GB máy mới fullbox 2 sim nghe gọi,https://www.lazada.vn/products/pdp-i2398709217.html,1.536.210 ₫,5.0,
Máy Tính Bảng Masstel Tab 10A (3gb/32gb),https://www.lazada.vn/products/pdp-i2493177376.html,1.340.000 ₫,,
Máy tính bảng samsung A8,https://www.lazada.vn/products/pdp-i2407389800.html,1.360.000 ₫,,
Máy Tính Bảng Masstel Tab 10M (cũ),https://www.lazada.vn/products/pdp-i2493216255.html,1.678.000 ₫,,
"[6GB RAM] Máy tính bảng Lenovo Tab P11 2022 128GB, 4 Loa mạnh mẽ mới 100%.",https://www.lazada.vn/products/pdp-i2978949248.html,3.590.000 ₫,5.0,
UODEGA Tap P70 Tablet với màn hình 12 inch Android13 Full HD Hỗ trợ SIM kép Dung lượng cực lớn 16GB+1TB 15000mAh COD Ultra High Camera 48PM Máy tính bảng đa chức năng 🔥 Mua 1 tặng 6 🔥,https://www.lazada.vn/products/pdp-i2897973664.html,1.650.000 ₫,4.0,41 Đã bán
Máy Tính Bảng Masstel Tab 10S,https://www.lazada.vn/products/pdp-i2493099856.html,1.220.000 ₫,,
Máy tính bảng samsung t385,https://www.lazada.vn/products/pdp-i2577855238.html,1.460.000 ₫,,
Máy tính bảng HUAWEI Mate Pad T10s mới New full hộp sạc giá tết,https://www.lazada.vn/products/pdp-i2920669626.html,2.390.000 ₫,,
Máy tính bảng 10.1 inch TEKKIN A3 2 SIM 2 sóng nghe gọi cpu 8 nhân ram 12gb bộ nhớ 128gb tặng bao da,https://www.lazada.vn/products/pdp-i2752230370.html,2.599.000 ₫,,
Máy tính bảng Sony Z Tablet wifi ( full phụ kiện máy còn mới 75%),https://www.lazada.vn/products/pdp-i2381374807.html,2.400.000 ₫,,
Máy tính bảng samsung tab A8,https://www.lazada.vn/products/pdp-i2393096534.html,1.250.000 ₫,,
Máy Tính Bảng Samsung Galaxy Tab A9+ Wifi 2023 - X210 (4GB|64GB) Mới Nhất Giá Rẻ Cấu Hình Cực Khủng Màn Hình Lớn,https://www.lazada.vn/products/pdp-i2473317677.html,4.190.000 ₫,5.0,7 Đã bán
Máy Tính Bảng Masstel Tab 10 WIFI (2gb/32gb),https://www.lazada.vn/products/pdp-i2493161615.html,1.100.000 ₫,,
Máy Tính Bảng Samsung Galaxy Tab S6 Lite 2022 (4GB/64GB) - Hàng Chính Hãng,https://www.lazada.vn/products/pdp-i2413438812.html,6.800.000 ₫,,
Máy tính bảng SAMSUNG Galaxy Tab S10+ Wifi 256GB - Hàng chính hãng,https://www.lazada.vn/products/pdp-i2809900480.html,21.706.160 ₫,5.0,8 Đã bán
"Máy Tính Bảng Samsung Galaxy Tab S6 Lite - Hàng Chính Hãng, Nguyên Seal Mới 100%",https://www.lazada.vn/products/pdp-i1700803684.html,6.390.000 ₫,,
"Lenovo Xiaoxin Pad Pro 12.7, Chip MediaTek Dimensity 8300, Màn Hình 12.7inches 144Hz, Ram 8GB/128G, Pin 10200mAh",https://www.lazada.vn/products/pdp-i3207721054.html,6.121.000 ₫,,
"Ugee Fun Drawing Pad UT2 Android 14 Tablet 6GB RAM + 128GB ROM 10.5 Inch,với a U-Pencil, Hoàn hảo cho người mới bắt đầu vẽ và trẻ em",https://www.lazada.vn/products/pdp-i3063472412.html,7.490.000 ₫,,
Lenovo Legion Y700 2023 gaming tablet máy tính bảng gaming Snapdragon 8+ Gen 1 likenew,https://www.lazada.vn/products/pdp-i2440931223.html,7.038.900 ₫,5.0,10 Đã bán
NEC TAB Versapro VS-4 | Core M3 7Y30 1GHz | Ram 4 | SSD 128,https://www.lazada.vn/products/pdp-i3209909884.html,2.950.000 ₫,,
"Xiaomi Redmi K Pad, Chip Dimensity 9400+, Màn Hình 8.8 inches 165Hz, Ram 8/256G, Pin 7500mAh . SonPixel",https://www.lazada.vn/products/pdp-i3206971620.html,10.487.000 ₫,,
Máy tính bảng OPPO PAD 11 inch Snaρdragon 870 rom tiếng Việt kèm sạc 33W likenew,https://www.lazada.vn/products/pdp-i3036190503.html,5.000.000 ₫,,
Máy Tính Bảng Masstel Tab 10S,https://www.lazada.vn/products/pdp-i2419047576.html,1.449.000 ₫,,
10.1 Inch Tab Xuyên Biên Giới Umiio S24ultra Smarttablet Trẻ Em Học Sinh Máy Tính Bảng 2SIM,https://www.lazada.vn/products/pdp-i3070605086.html,2.216.088 ₫,,
Bán máy tính bảng samsung t295,https://www.lazada.vn/products/pdp-i2597578087.html,1.100.000 ₫,,
Máy tính bảng Redmi Pad SE 8.7 Wifi (4+128GB) | LCD 90Hz | MediaTek Helio G85 8 | Pin 6650mAh,https://www.lazada.vn/products/pdp-i2748467509.html,2.890.000 ₫,5.0,11 Đã bán
Máy tính bảng 2in1 Fujitsu arrow tap Q616s cpu M7 ram 4.ssd 128g.hinh thức đẹp 90- 90%.,https://www.lazada.vn/products/pdp-i3060298017.html,2.250.000 ₫,,
Máy tính bảng Samsung A8,https://www.lazada.vn/products/pdp-i2560133742.html,1.310.000 ₫,,
Máy tính bảng Samsung Tab A 8.4 bản Mỹ Android 10,https://www.lazada.vn/products/pdp-i2227215382.html,2.999.000 ₫,,
[RAM 4GB] Máy tính bảng LG GPad 2019 4G LTE ram 4GB Snapdragon 821,https://www.lazada.vn/products/pdp-i2978973348.html,3.190.000 ₫,,
Máy tính bảng cho trẻ em chống sốc 7 inch TEKKIN TI-868 cpu 4 nhân ram 2gb bộ nhớ 32gb,https://www.lazada.vn/products/pdp-i2700013774.html,1.100.000 ₫,,
Máy tính bảng samsung A8 rất đẹp,https://www.lazada.vn/products/pdp-i2423025653.html,1.240.000 ₫,,
"Máy tính bảng Lenovo Xiaoxin Pad 2024 8/128GB, 4 Loa, mạnh mẽ mới 100%.",https://www.lazada.vn/products/pdp-i2978892762.html,3.850.000 ₫,,
máy tính bảng hp elite x2 1012 g1 chip core M3.ram 4g.ssd 128,https://www.lazada.vn/products/pdp-i3060096552.html,1.950.000 ₫,,
Máy tính bàng Teclast HD8 4G Ram 4G/64GB máy mới fullbox 2 sim nghe gọi tặng kèm nghe sony 450AP,https://www.lazada.vn/products/pdp-i2398739150.html,1.536.210 ₫,5.0,
Máy tính bảng cho trẻ chống sốc 10.1 inch TEKKIN TI-8010 cpu 4 nhân ram 4gb bộ nhớ 64gb,https://www.lazada.vn/products/pdp-i2752133601.html,2.999.000 ₫,,
Máy tính bảng Xiaomi Pad 5 màn 11 inch 120Hz 2.5K - Snaρdragon 860,https://www.lazada.vn/products/pdp-i3149763133.html,4.188.000 ₫,,
Máy Tính Bảng Lenovo Xiaoxin Pad Pro ( 2022 ) 8/128gb & 6/128GB mới Nguyên seal Snapdragon 870 Màn Oled 2.5K 120HZ | Playmobile,https://www.lazada.vn/products/pdp-i1625797795.html,5.990.000 ₫,4.0,127 Đã bán
Máy tính bảng windows cảm ứng fujitsu arrows tap Q704. CPU i5 4200u.ram 4.ssd 128g,https://www.lazada.vn/products/pdp-i3060307068.html,2.550.000 ₫,,
"Máy tính bảng Samsung Galaxy Tab A9 Wifi / LTE (4GB/64GB) - Hàng chính hãng - Màn hình TFT LCD 8,7 inch, Camera sau 8MP, Pin 5100 mAh",https://www.lazada.vn/products/pdp-i2581195291.html,3.899.000 ₫,4.0,89 Đã bán
bán máy tính bảng hp elite x2 1012 g1 chip core M3. ram 4.ssd 128g.kèm phím có khe gắn sim,https://www.lazada.vn/products/pdp-i3060012939.html,1.990.000 ₫,,
Máy tinh bảng Microsoft suface go 1824.pentum 4415y.ram 4/8g.ssd 64/128g.hinh thức đẹp 90%,https://www.lazada.vn/products/pdp-i3060265136.html,2.250.000 ₫,,
Máy tính bảng nhật 2in1 Fujitsu R726 kèm phím+sạc zin,https://www.lazada.vn/products/pdp-i3060201206.html,2.850.000 ₫,,
[10 Inches IPS] Máy tính bảng Motorola Tab X704 32GB,https://www.lazada.vn/products/pdp-i2978809703.html,2.990.000 ₫,,
Máy tính bảng Google Nexus 9 Wifi/4G,https://www.lazada.vn/products/pdp-i2978808711.html,3.490.000 ₫,,
"Máy tính bảng Samsung Tab A8 10.5'' Full HD, RAM 3/32GB chip UniSOC 618 (WIFI)",https://www.lazada.vn/products/pdp-i2349919705.html,3.399.000 ₫,,
Máy tính bảng 2in1 kèm phím Fujitsu arrow Q507. ram 4.ssd 64g,https://www.lazada.vn/products/pdp-i3180653749.html,2.350.000 ₫,,
Máy tính bảng SAMSUNG Galaxy Tab S10 FE 5G 128GB,https://www.lazada.vn/products/pdp-i3077068256.html,12.444.000 ₫,,"7 Đã bán
Hồ Chí Minh"
máy tính bảng Samsung A8,https://www.lazada.vn/products/pdp-i2241035917.html,1.380.000 ₫,,
Máy tính bảng Xiaomi Redmi Pad 2 (6GB/128GB) - Bảo hành 18 tháng,https://www.lazada.vn/products/pdp-i3141392746.html,5.490.000 ₫,,
Máy Tính Bảng Trẻ Em Joystar J10 Chính hãng | Thế Hệ Mới với 60 Ứng Dụng + 2 App Bản Quyền | Cảm Ứng Mượt,https://www.lazada.vn/products/pdp-i3113501265.html,3.490.000 ₫,,
HUAWEI MATEPAD 11.5 2025 8GB 256GB Chính hãng,https://www.lazada.vn/products/pdp-i3039261126.html,8.830.000 ₫,,
"MÁY TÍNH BẢNG TABLET XIAOMI PAD 7 - NỘI ĐỊA LIKE NEW- TẶNG CƯỜNG LỰC, ỐP LƯNG",https://www.lazada.vn/products/pdp-i3200175604.html,7.090.000 ₫,,
"Máy tính bảng Xiaomi Redmi Pad Pro 12.1"" (6GB/128GB) - Hàng chính hãng - Màn hình lớn 12.1"" 2.5K, Chip Snapdragon 7s Gen 2, Pin 10.000mAh 35W",https://www.lazada.vn/products/pdp-i3231756626.html,6.279.000 ₫,,
Máy Tính Bảng Xiaomi Pad 7 8GB 128GB Chính Hãng BH 18 Tháng,https://www.lazada.vn/products/pdp-i3193980499.html,9.199.000 ₫,,
"Máy tính bảng Xiaomi Redmi Pad SE 11"" Wifi (6GB/128GB) - Hàng chính hãng - 11 inch FHD+, Chip Snapdragon 680, Pin 8000mAh",https://www.lazada.vn/products/pdp-i3232208821.html,4.189.000 ₫,,
Máy tính bảng Samsung Galaxy Tab S11 5G 12GB/256GB,https://www.lazada.vn/products/pdp-i3190234004.html,22.979.000 ₫,,"6 Đã bán
Hồ Chí Minh"
Máy tính bảng Galaxy Tab A 8.4 2020 32GB.Cũ đẹp như mới 99% Màu Xám,https://www.lazada.vn/products/pdp-i2578511405.html,2.916.000 ₫,,
iPad Air M3 11 inch Wi-Fi 128GB,https://www.lazada.vn/products/pdp-i3067030310.html,16.350.000 ₫,,"14 Đã bán
Hồ Chí Minh"
Máy tính bảng Xiaomi Mi Pad 6 Xiaomi Pad 6 - Hàng nhập khẩu fullbox likenew,https://www.lazada.vn/products/pdp-i2662340702.html,5.820.000 ₫,4.0,39 Đã bán
"Máy tính bảng Kindle Fire Hd 10 2017-2019 (Fire Hd10 7Th 9Th), 10Inch Fullhd, 32GB, Cpu Octa-core 2.0Ghz, Ram 2GB, Usb-C",https://www.lazada.vn/products/pdp-i1863775285.html,1.690.000 ₫,,
Máy tính bảng cảm ứng Windows fujitsu arrows tap Q616. CPU M7 ram 4.ssd 128g.man 11.6in cảm ứng,https://www.lazada.vn/products/pdp-i2873779215.html,2.950.000 ₫,3.0,
"Máy tính bảng Kindle Fire HD10 11th, màn hình 10 inch FullHD, Storage 32GB, CPU Octa-core 2.0GHz, Ram 3-4GB, USB-C",https://www.lazada.vn/products/pdp-i934850083.html,1.990.000 ₫,4.0,154 Đã bán
Máy tính bảng Asus Zenpad Z8 màn 2K,https://www.lazada.vn/products/pdp-i2978854942.html,2.990.000 ₫,,
Máy tính bảng Gtab 10 Pro 2023 ram 8/128 màn hình sắc nét,https://www.lazada.vn/products/pdp-i2224011967.html,3.499.000 ₫,,
Máy Tính Bảng Trẻ Em Onn Kids Tablet 8 Inch Dung Lượng 32GB - Hàng Chính Hãng - BH 1 Năm - Có Xuất VAT,https://www.lazada.vn/products/pdp-i2705111531.html,2.350.000 ₫,,
Máy Tính Bảng Masstel Tab 10 Ultra (cũ),https://www.lazada.vn/products/pdp-i2493173428.html,1.750.000 ₫,,
Máy tính bảng Onda V80 Plus Ver 9,https://www.lazada.vn/products/pdp-i2978843559.html,3.390.000 ₫,,
Bán máy tính bảng samsung t295,https://www.lazada.vn/products/pdp-i2405676611.html,1.200.000 ₫,,
Máy tính bảng Doogee T10W,https://www.lazada.vn/products/pdp-i3118649676.html,1.690.000 ₫,,
"Máy tính bảng Redmi Pad (3+64GB) | Màn hình LCD IPS 10.61"" 90Hz 2K | MediaTek Helio G99 | Pin 8000 mAh Sạc nhanh 18W",https://www.lazada.vn/products/pdp-i2041376747.html,6.490.000 ₫,5.0,36 Đã bán
Máy tính bảng JoyStar J6 Chính hãng,https://www.lazada.vn/products/pdp-i3109759952.html,2.490.000 ₫,,
Máy Tính Bảng Masstel Tab 10 Ultra (cũ),https://www.lazada.vn/products/pdp-i2374311482.html,1.750.000 ₫,,
Máy tính bảng 2in1 NEC versaPro vk-153s.hang cũ hình thức đẹp 90%,https://www.lazada.vn/products/pdp-i3060068925.html,2.250.000 ₫,,
Máy tính bảng SAMSUNG Galaxy Tab S10 FE+ Wifi 256GB,https://www.lazada.vn/products/pdp-i3076997687.html,14.743.000 ₫,5.0,
"Ugee Trio Pad UT3 Android 14 Tablet 8GB RAM + 128GB ROM ,14,25 inch Độ phân giải 2400*1600, có bút chì U, hỗ trợ 3 chế độ màu (Giấy màu + Giấy mực + Giấy thường)",https://www.lazada.vn/products/pdp-i3063297870.html,11.900.000 ₫,,
Máy tính bảng Asus ZenPad Z10 2017 99% màn 2K chuyên Games,https://www.lazada.vn/products/pdp-i2979014075.html,3.990.000 ₫,,
bán máy tinh bảng Fujitsu kèm dook model q555k,https://www.lazada.vn/products/pdp-i3060131527.html,2.250.000 ₫,,
Máy tính bảng 10.1 inch RAM 4Gb MTK Cortex A7 1.6Ghz 6592 Dual Sim 3G,https://www.lazada.vn/products/pdp-i793452346.html,2.221.948 ₫,,
Premium Set - Máy Tính Bảng Teclast M50 Plus Tablet 6GB/128GB | Màn hình 10.1inch | Chip MediaTek G85 |7000mAh,https://www.lazada.vn/products/pdp-i3151866418.html,3.590.000 ₫,,
[PHIÊN BẢN MỚI] Máy Tính Bảng Teclast P30 12GB(4+8)/128GB| HD 11” | 6000mAh| 2 Loa Kép | Hàng Chính Hãng,https://www.lazada.vn/products/pdp-i3151843547.html,2.349.000 ₫,,
Máy tính bảng Gtab Book 10 Pro 2022 ram 4/64GB chuyên học và làm việc,https://www.lazada.vn/products/pdp-i1867816043.html,3.599.000 ₫,,
bán máy tinh bảng Fujitsu Q704 i5 4200u.ram 4.ssd 128g,https://www.lazada.vn/products/pdp-i3060119534.html,2.850.000 ₫,,
Máy tính bảng Benco Tab M1 4G Ram 4GB bộ nhớ 64GB máy mới fullbox bảo hành 12 tháng,https://www.lazada.vn/products/pdp-i2646834803.html,1.900.000 ₫,,
Máy tính bảng Samsung Galaxy Tab S11 5G 12GB/128GB,https://www.lazada.vn/products/pdp-i3190219084.html,20.979.000 ₫,,
"Máy tính bảng 2 trong 1 Fujitsu Q5011 N4500, 4gb ram, 128gb SSD, màn 10.1” Full HD cảm ứng hỗ trợ sim 4G hàng nhập nhật bản qua sử dụng",https://www.lazada.vn/products/pdp-i2724258297.html,3.200.000 ₫,,
Máy tính bảng Samsung Tab A7 10.4 ( 2020 ),https://www.lazada.vn/products/pdp-i1646708504.html,2.799.000 ₫,5.0,
Máy tính bảng AMAZON Fire HD10,https://www.lazada.vn/products/pdp-i1924011595.html,1.890.000 ₫,5.0,45 Đã bán
"Máy tính bảng HUAWEI MatePad 11.5"" NEW 6+128 | HUAWEI FullView 120 Hz | Bàn Phím Rời | Ứng Dụng Văn Phòng WPS 2.0",https://www.lazada.vn/products/pdp-i3148899453.html,6.360.000 ₫,2.0,
Máy tính bảng Samsung Galaxy Tab S9 Ultra 5G,https://www.lazada.vn/products/pdp-i2497892017.html,29.658.000 ₫,,
Samsung Galaxy Tab A 8.4 (2020) - Cũ đẹp 98%,https://www.lazada.vn/products/pdp-i2432980062.html,3.199.000 ₫,,
"Máy tính bảng 8849 TANK PAD(có máy chiếu tích hợp, Android 14,màn hình 10,95 inch 120Hz,Ram 16GB,rom 512GB,pin 21000mAh,camera 50MP,sạc nhanh 66W,điện thoại chống sốc,chống nước)",https://www.lazada.vn/products/pdp-i2929702320.html,19.595.000 ₫,,
Máy tính bảng Lenovo Idea Tab Pro 12.7 inch màn 3k 144hz -pin 10200mah Full goolge và tiếng việt,https://www.lazada.vn/products/pdp-i3180194179.html,7.490.000 ₫,,
"Máy tính bảng BlackView TAB 8 (Ram 4Gb,Rom 64Gb,8 nhân, Pin 6.580mAh, màn hình 10.1 inch, học online)",https://www.lazada.vn/products/pdp-i1569626305.html,4.990.000 ₫,,
Máy tính bảng SAMSUNG Galaxy Tab S10+ 5G 256GB - Hàng chính hãng,https://www.lazada.vn/products/pdp-i2809976161.html,24.651.909 ₫,5.0,8 Đã bán
"Máy Tính bảng Blackview Active 8 Pro 16GB/256GB Mới Nguyên Seal Fullbox | Pin 22000 Mah siêu trâu , Chống va đập siêu bền , 2 sim nghe gọi | Playmobile",https://www.lazada.vn/products/pdp-i2624516709.html,6.353.910 ₫,,
Samsung Galaxy Tab A7 Lite - Hàng Chính Hãng - Mới 100%,https://www.lazada.vn/products/pdp-i1958761802.html,4.990.000 ₫,,
Máy tính bảng Xiaomi Pad 7 Pro 8/256GB - 12/512GB Hàng chính hãng bảo hành 18 tháng (Nguyên seal),https://www.lazada.vn/products/pdp-i3092594005.html,13.490.000 ₫,,
"Máy tính bảng Xiaomi Mipad 5 Pro 12.4 ram 8G/256G,Mi Pad 5 Pro 12.4 - Hàng Nhập khẩu",https://www.lazada.vn/products/pdp-i2396205555.html,5.850.000 ₫,5.0,8 Đã bán
Máy Tính Bảng Xiaomi Redmi Pad 2 4/128GB - 6/128GB - 8/256GB Bản Wifi - Bảo Hành 18 Tháng,https://www.lazada.vn/products/pdp-i3162131078.html,5.190.000 ₫,,
Máy Tính Bảng Samsung Galaxy Tab A7 Màn Hình 10.4inch 3GB/32GB - Hàng Chính Hãng - BH 1 Năm - Có Xuất VAT,https://www.lazada.vn/products/pdp-i3107267579.html,3.490.000 ₫,,
Online Mall - Tablet Ram 6G 128Gb 2Sim P10,https://www.lazada.vn/products/pdp-i351286395.html,3.346.029 ₫,,
Máy Tính Bảng Masstel Tab 8 4G 8 Nhân 2GB Ram 32GB Room Siêu Bền Pin Trâu Tablet Tặng Kèm Bao Da Đại Phát Vĩnh Lộc,https://www.lazada.vn/products/pdp-i1905761608.html,3.050.000 ₫,5.0,181 Đã bán
Tablet 10.1 inch Ram 4Gb MTK Cortex A7 1.6Ghz 6592 Dual Sim 3G,https://www.lazada.vn/products/pdp-i259687193.html,3.674.232 ₫,,
Máy tính bảng Samsung Galaxy Tab A9 LTE,https://www.lazada.vn/products/pdp-i2497913704.html,5.460.000 ₫,5.0,
Máy tính bảng Chuwi Hi8 Air,https://www.lazada.vn/products/pdp-i2978970333.html,3.790.000 ₫,,
Samsung Galaxy Tab A11 Wifi 4GB/64GB Chính Hãng,https://www.lazada.vn/products/pdp-i3207508489.html,3.780.000 ₫,,
"Máy tính bảng Tablet 10.1 inch 2K HD IPS, MTK 6582 16G Rom, 2G Ram",https://www.lazada.vn/products/pdp-i526368499.html,3.145.042 ₫,,
Máy tính bảng tab Docomo pro max 4G kèm bao da bàn phím chuột bluetooth,https://www.lazada.vn/products/pdp-i1945494049.html,3.490.000 ₫,,
Máy tính bảng SAMSUNG Galaxy Tab S10 FE Wifi 256GB,https://www.lazada.vn/products/pdp-i3076985692.html,13.990.000 ₫,,"10 Đã bán
Hồ Chí Minh"
Máy tính bảng Vivo Pad 3 8gb-128gb (Snaρdragon 8s Gen 3) fullbox likenew,https://www.lazada.vn/products/pdp-i3154624028.html,6.990.000 ₫,,
Máy tính bảng SAMSUNG Galaxy Tab S10 FE+ Wifi 128GB,https://www.lazada.vn/products/pdp-i3077092226.html,15.990.000 ₫,,"9 Đã bán
Hồ Chí Minh"
Xiaomi Redmi Pad 2 6GB 128GB Chính hãng,https://www.lazada.vn/products/pdp-i3151305854.html,5.090.000 ₫,,
Máy tính bảng tablet 10.1inch android 6.0 ram 4gb rom 64gb siêu mượt,https://www.lazada.vn/products/pdp-i930890872.html,3.333.492 ₫,,
Home and Garden - Máy tính bảng tablet 10.1 inch IPS 2K ram8gb rom128gb + tặng bút cảm ứng 2 đầu,https://www.lazada.vn/products/pdp-i252364078.html,4.032.520 ₫,,
Máy tính bảng Fujitsu stylist R726.i3 6100.ram 4.ssd 128g,https://www.lazada.vn/products/pdp-i3060195223.html,2.750.000 ₫,,
Máy tính bảng Benco Tab M1 4G Ram 4GB bộ nhớ 64GB máy mới fullbox bảo hành 12 tháng tặng bao da tai nghe bluetooth,https://www.lazada.vn/products/pdp-i2646866633.html,1.950.000 ₫,,
Máy Tính Bảng Samsung Galaxy Tab A9 LTE 8GB/128GB - Hàng Chính Hãng,https://www.lazada.vn/products/pdp-i2508007386.html,4.190.000 ₫,5.0,6 Đã bán
Máy tính bảng Samsung Galaxy Tab A9 Wifi 8GB/128GB - Hàng Chính Hãng,https://www.lazada.vn/products/pdp-i1380740690.html,3.890.000 ₫,4.0,17 Đã bán
"Máy tính bảng Xiaomi Redmi Pad SE 11"" Wifi (6GB/128GB) - Hàng chính hãng - 11 inch FHD+, Chip Snapdragon 680, Pin 8000mAh",https://www.lazada.vn/products/pdp-i3232573400.html,4.149.000 ₫,,
"Vivo Pad 5 Pro, Chip Dimensity 9400, Màn Hình 13 inches 144Hz, Ram 8/128GB, Pin 12050mAh . SonPixel",https://www.lazada.vn/products/pdp-i3207521537.html,11.978.000 ₫,,
Máy tính bảng 2in1 nec versapro vk-153s. hàng cũ hinh thức đẹp 90%,https://www.lazada.vn/products/pdp-i2930155169.html,2.250.000 ₫,,
"Máy tính bảng Xiaomi Redmi Pad màn hình khủng 90Hz, bộ nhớ trong 128GB pin trâu giá rẻ (Wifi)",https://www.lazada.vn/products/pdp-i2228694271.html,3.999.000 ₫,,
Máy tính bảng Samsung Galaxy Tab A9 4G 4GB/64GB- Hàng chính hãng,https://www.lazada.vn/products/pdp-i3194812208.html,3.650.000 ₫,,
Máy tính bảng Sony Tablet Z wifi( tặng cáp củ sạc máy trầy xước 70%),https://www.lazada.vn/products/pdp-i2211348473.html,2.670.000 ₫,,
"Máy tính bảng Samsung Galaxy Tab A8 2022 , 3GB of RAM | 32GB SSD, 4GB of RAM | 64GB SSD, 4GB of RAM | 128GB SSD 10.5inch (Wi-Fi), hàng chính hãng, ngôn ngữ tiếng Việt, English...tồn kho mới 99% (0502)",https://www.lazada.vn/products/pdp-i2404259221.html,3.090.000 ₫,5.0,
NEWSEAL 100% | Máy tính bảng Kindle Fire MAX 11 13th 2023 chính hãng,https://www.lazada.vn/products/pdp-i2861577283.html,4.290.000 ₫,,
[NEW] Máy Tính Bảng HUAWEI MatePad 11.5 PaperMatte Mới 8+256GB | Hiệu Suất Như PC | Pin 10.100 mAh | Sạc Nhanh 40W,https://www.lazada.vn/products/pdp-i3218226256.html,99.999.999 ₫,,
"Máy tính bảng POCO Pad (8+256GB) | Màn hình 12,1"" 120Hz 2,5K | SD 7sGen2 | Pin 10000mAh + 33W",https://www.lazada.vn/products/pdp-i3016932184.html,7.690.000 ₫,,
Samsung Galaxy Tab S10 FE Wifi 8GB/128GB,https://www.lazada.vn/products/pdp-i3114103009.html,8.950.000 ₫,,
"Máy tính bảng Xiaomi Redmi Pad 2 11"" Wifi (6GB/128GB) - Hàng chính hãng - 11 inch 2.5K, Chip Helio G100-Ultra, Pin lớn 9000mAh",https://www.lazada.vn/products/pdp-i3232484439.html,5.099.000 ₫,,
Máy tính bảng Samsung Galaxy Tab S10 Ultra 5G - Hàng Chính Hãng,https://www.lazada.vn/products/pdp-i3162732269.html,23.990.000 ₫,,
"Máy tính bảng Xiaomi Redmi Pad SE 11"" Wifi - Hàng chính hãng - 11 inch FHD+, Chip Snapdragon 680, Pin 8000mAh",https://www.lazada.vn/products/pdp-i3234724633.html,3.629.000 ₫,,
Máy tính bảng Samsung Galaxy Tab S11 Wifi 12GB/256GB,https://www.lazada.vn/products/pdp-i3190142709.html,19.979.000 ₫,,
"Ulefone Armor Pad Máy tính bảng chắc chắn(pin 7650 mAh ,chống nước IP68/IP69K, RAM 4GB ,ROM 64GB, Camera 13MP, Hệ điều hành Android 12, CPU: Lõi Octa(8))",https://www.lazada.vn/products/pdp-i2224256758.html,5.990.000 ₫,,
"Máy tính bảng Samsung Galaxy Tab S8 8G/128GB WIFI Chính hãng , Tặng Kèm bao Da và Sạc nhanh 45W",https://www.lazada.vn/products/pdp-i3234233376.html,8.790.000 ₫,,
Máy tính bàng Teclast HD8 4G Ram 4G/64GB máy mới fullbox 2 sim nghe gọi,https://www.lazada.vn/products/pdp-i2397568238.html,1.690.000 ₫,5.0,
Máy tính bảng Samsung Galaxy Tab A9+ WiFi 4GB/64GB- Hàng chính hãng,https://www.lazada.vn/products/pdp-i3194843006.html,3.730.000 ₫,,
"Máy Tính Bảng Samsung Galaxy Tab S8 Ultra WIFI 8G+128GB Chính Hãng , Tặng Bao da và sạc nhanh 45W",https://www.lazada.vn/products/pdp-i3234258340.html,13.790.000 ₫,,
Máy tính bàng Teclast HD8 4G Ram 4G/64GB máy mới fullbox 2 sim nghe gọi,https://www.lazada.vn/products/pdp-i2397362804.html,1.690.000 ₫,5.0,
Máy tính bảng Fujitsu arrow tap Q736 13.3in. i5 6200.ram 4.ssd 128,https://www.lazada.vn/products/pdp-i3060174253.html,3.250.000 ₫,,
Máy tính bảng Benco Tab M1 4G bộ nhớ 64GB máy mới fullbox bảo hành 12 tháng tặng bao da bàn phím chuột bluetooth,https://www.lazada.vn/products/pdp-i2646849733.html,2.100.000 ₫,,
"Máy tính bảng Samsung Galaxy Tab A8 2022 chính hãng 10.5'' 4/64GB/128GB lắp sim nghe gọi , 4G || Playmobile",https://www.lazada.vn/products/pdp-i1930843345.html,3.263.310 ₫,4.0,204 Đã bán
Máy Tính Bảng Masstel Tab 10.1 (cũ),https://www.lazada.vn/products/pdp-i2262741817.html,1.230.000 ₫,,
"Máy tính bảng Samsung Galaxy Tab A11 Wifi (4GB/64GB) - Hàng chính hãng - LCD 8.7 inch, MediaTek Helio G99, Pin 5100mAh",https://www.lazada.vn/products/pdp-i3210821508.html,3.799.000 ₫,,
"Máy tính bảng Tablet 10.1 inch 2K HD IPS, MTK 6582 16G Rom, 2G Ram",https://www.lazada.vn/products/pdp-i526356828.html,3.782.699 ₫,,
[Trả góp 0%]Máy tính bảng tablet Asus ZenPad10 16GB 10.1 inch chip 4 nhân chơi game Liên Quân cf fifa bao mượt bản 3G wifi (mới full hộp bảo hành 12 tháng bao đổi trả 14 ngày ),https://www.lazada.vn/products/pdp-i549352052.html,3.600.000 ₫,4.0,5 Đã bán
Máy tính bảng Samsung Galaxy Tab A9 Wi-Fi,https://www.lazada.vn/products/pdp-i2497828881.html,3.701.000 ₫,5.0,9 Đã bán
Máy tính bảng Xiaomi Mi Pad 5 Pro 11 inch - Snaρdragon 870 5G màn 2.5K 120Hz,https://www.lazada.vn/products/pdp-i3102611423.html,5.198.000 ₫,,
Home And Garden Máy tính bảng Tablet sinh viên 10.6inch MTK6753 Ram 6G 128gb Dualsim 4G tặng bao da,https://www.lazada.vn/products/pdp-i277168932.html,4.982.397 ₫,,
Máy tính bảng Samsung Galaxy Tab A9 Wi-Fi,https://www.lazada.vn/products/pdp-i2670971497.html,3.989.700 ₫,,"5 Đã bán
Hồ Chí Minh"
"Máy tính bảng siêu bền oukitel RT3 (Ram 4Gb,Rom 64 Gb,chống nước,chống va đập, màn hình 8 inch,pin 5150 mAh)",https://www.lazada.vn/products/pdp-i2365717546.html,4.990.000 ₫,,
Máy Tính Bảng Xiaomi Redmi Pad SE Wifi 6GB 128GB Chính Hãng BH 18 Tháng,https://www.lazada.vn/products/pdp-i3206828504.html,6.000.000 ₫,,
máy tính bảng 2in1 Fujitsu arrows tap q508,https://www.lazada.vn/products/pdp-i2731913988.html,1.850.000 ₫,5.0,
Samsung Galaxy Tab A11 WIFI 4/64Gb Chính hãng Mới,https://www.lazada.vn/products/pdp-i3208886395.html,3.990.000 ₫,,
"Máy tính bảng Samsung Galaxy Tab A11 Wifi/LTE - Hàng chính hãng - LCD 8.7 inch, MediaTek Helio G99, Pin 5100mAh",https://www.lazada.vn/products/pdp-i3210657827.html,3.799.000 ₫,,
"Máy tính bảng Samsung 12.4"" Galaxy Tab S7+ 256GB Tablet + pen (Wi-Fi Only, Mystic Black)",https://www.lazada.vn/products/pdp-i1908616730.html,18.900.000 ₫,,
Máy tính bảng samsung tab A7 lite Ram 3G bộ nhớ 32GB máy cũ chính hãng đẹp 99,https://www.lazada.vn/products/pdp-i2526465535.html,1.790.000 ₫,5.0,
Máy Tính Bảng Xiaomi Redmi Pad 2 4/128GB Bản Dùng Sim 4G - Chính Hãng - Bảo Hành 18 Tháng,https://www.lazada.vn/products/pdp-i3162094575.html,5.890.000 ₫,,
"Máy tính bảng siêu bền Panasonic FZ-M1 Core M5-7Y57 4gb ram, 256gb SSD, màn hình 7inch cảm ứng, chống nước chống bụi chống va đập",https://www.lazada.vn/products/pdp-i2386374769.html,4.500.000 ₫,,
"Máy tính bảng chắc chắn oukitel RT3 (Ram 4Gb,Rom 64 Gb,chống nước,chống va đập, màn hình 8 inch,pin 5150 mAh)",https://www.lazada.vn/products/pdp-i2322079715.html,4.990.000 ₫,,
"Máy tính bảng HUAWEI MatePad Pro 12.2"" Màn Hình Tandem OLED PaperMatte | Ứng Dụng GoPaint Với Bộ Cọ Vẽ Chuyên Nghiệp",https://www.lazada.vn/products/pdp-i3182781773.html,22.990.000 ₫,,
Máy tính bảng SAMSUNG Galaxy Tab S10 FE Wifi 128GB,https://www.lazada.vn/products/pdp-i3077110207.html,9.675.000 ₫,,"19 Đã bán
Hồ Chí Minh"
Máy tính bảng Samsung Galaxy Tab A7 Lite,https://www.lazada.vn/products/pdp-i2186735188.html,4.041.000 ₫,,
Máy tính bảng CUBE Iwork 1X,https://www.lazada.vn/products/pdp-i2978880779.html,6.190.000 ₫,,
Máy tính bàng Teclast HD8 4G Ram 4G/64GB máy mới fullbox 2 sim nghe gọi tặng kèm pin sạc dự phòng 10.000 mAh,https://www.lazada.vn/products/pdp-i2398582498.html,1.690.000 ₫,5.0,
Bàn Phím Bluetooth 10.1 Inch Dùng Cho Máy Tính Bảng Ipad Bàn Phím Sạc Phổ Thông Bộ Chuột Không Dây,https://www.lazada.vn/products/pdp-i2482946072.html,47.700 ₫,4.0,
Máy tính bảng Samsung Galaxy Tab S9+ 5G,https://www.lazada.vn/products/pdp-i2671035231.html,28.990.000 ₫,,
"Máy tính bảng siêu bền Ulefone Armor Pad 3 Pro (Pin 33280 mAh,chống nước,chống va đập,RAM 16GB (8+8), ROM 256GB ,camera 50MP,Màn hình 10.36 Inch)",https://www.lazada.vn/products/pdp-i2654510781.html,9.990.000 ₫,,
Máy tính bảng Samsung Galaxy Tab A9+ 5G,https://www.lazada.vn/products/pdp-i2671129233.html,7.490.000 ₫,,
"Máy tính bảng Tablet Onda oBook20 Plus Ram 4G, 64Gb SSD, HDMI 4K Dual Win10/Android (tặng Dock, bút cảm ứng)",https://www.lazada.vn/products/pdp-i220305413.html,6.136.767 ₫,,
Máy tính bảng Xiaomi Pad 6S Pro 12.4 fullbox likenew 8/128 8/256GB (Snaρdragon 8 Gen 2),https://www.lazada.vn/products/pdp-i3154591418.html,8.500.000 ₫,,
MÁY ĐỌC SÁCH BOOX TAB 10 (BOOX TAB UTRAL) LIKE NEW,https://www.lazada.vn/products/pdp-i3215522913.html,8.750.000 ₫,,
Máy tính bảng Samsung Galaxy Tab A9+ 5G (X216) - 64GB Ram 4GB và 128GB Ram 8GB,https://www.lazada.vn/products/pdp-i2497862821.html,5.922.363 ₫,,
Samsung Galaxy Tab A11 LTE 4GB/64GB Chính Hãng,https://www.lazada.vn/products/pdp-i3207541209.html,5.230.000 ₫,,
"Máy tính bảng Doogee T36 12""",https://www.lazada.vn/products/pdp-i3166614418.html,3.490.000 ₫,,
Hanrui Shop Máy tính bảng 10.1inch Android 6.0 Ram 4Gb Rom64gb Tặng thẻ nhớ 32gb,https://www.lazada.vn/products/pdp-i526344811.html,3.360.604 ₫,,
PKTL Máy tính bảng Moocis M5 màn hình cong 5D 10inch Android 6.0 MTK6592,https://www.lazada.vn/products/pdp-i1133366658.html,4.404.948 ₫,,
Máy tính bảng Cube Iwork10 Pro,https://www.lazada.vn/products/pdp-i2978829632.html,6.190.000 ₫,,
Máy Tính Bảng Iris Ohyama LUCA - Hàng Chính Hãng - BH 1 Năm - Có Xuất VAT,https://www.lazada.vn/products/pdp-i2923550472.html,2.690.000 ₫,,
"Máy tính bảng Fujitsu STYLISTIC Q739 với cấu hình Intel Core i3 thế hệ 8, RAM 4GB và SSD 128GB",https://www.lazada.vn/products/pdp-i3163977878.html,4.300.000 ₫,,
Máy tính bảng Amazon Fire HD 10 2023 (gen 13) Fire Max 11 Fire HD 10 2023 Fire HD 10 plus,https://www.lazada.vn/products/pdp-i1731386561.html,2.890.000 ₫,5.0,
Máy Tính Bảng Samsung Galaxy Tab S6 Lite 2024 - P625 Mới Nhất Hiệu Suất Thông Minh Pin Khủng Hỗ Trợ S Pen,https://www.lazada.vn/products/pdp-i2384245776.html,7.430.000 ₫,,
"Máy tính bảng Xiaomi Mi Pad 5 Mipad 5 Ram 6G /128Gb likenew Hàng Nhập khẩu [Giá rẻ, BH 3 tháng - Tặng kèm sạc 33W, ốp lưng]",https://www.lazada.vn/products/pdp-i2283684604.html,5.100.000 ₫,5.0,32 Đã bán
Máy tính bảng SAMSUNG Galaxy Tab S10 FE 5G 256GB,https://www.lazada.vn/products/pdp-i3077149015.html,14.290.000 ₫,,"5 Đã bán
Hồ Chí Minh"
Máy tính bảng Samsung Galaxy Tab S8 5G,https://www.lazada.vn/products/pdp-i2186662509.html,18.891.000 ₫,,
"Máy tính bảng Xiaomi Redmi Pad 2 11"" Wifi (6GB/128GB) - Hàng chính hãng - 11 inch 2.5K, Chip Helio G100-Ultra, Pin lớn 9000mAh",https://www.lazada.vn/products/pdp-i3232338661.html,5.059.000 ₫,,
"Máy tính bảng Samsung Galaxy Tab A9 Wifi / LTE (4GB/64GB) - Hàng chính hãng - Màn hình TFT LCD 8,7 inch, Camera sau 8MP, Pin 5100 mAh",https://www.lazada.vn/products/pdp-i2581312638.html,3.859.000 ₫,4.0,10 Đã bán
Máy tính bảng Chuwi Hi10 Pro,https://www.lazada.vn/products/pdp-i2979029053.html,6.190.000 ₫,,
"Máy tính bảng Samsung Galaxy Tab A8 2022 , 4GB of RAM | 64GB SSD 10.5inch (Wi-Fi) (0408)",https://www.lazada.vn/products/pdp-i2187447226.html,4.590.000 ₫,5.0,7 Đã bán
Máy tính bảng Samsung Galaxy Tab S11 Ultra 5G 16GB/1TB,https://www.lazada.vn/products/pdp-i3190137789.html,37.479.000 ₫,,
"Máy tính bảng siêu bền Oukitel RT7 TITAN 5G (pin khủng 32000mAh,Ram 24GB,Rom 256GB,Màn hình 10.1 ""FHD,,Android 13,camera sau 48MP,tầm nhìn ban đêm 20MP)",https://www.lazada.vn/products/pdp-i2427734599.html,11.990.000 ₫,5.0,
"Máy tính bảng Oukitel RT1 (chống va đập, chống nước,pin 10.000mAh,pin khủng,màn hình 10,1 inch,Ram 4Gb,Rom 64Gb,tám nhân,học online)",https://www.lazada.vn/products/pdp-i1644805100.html,6.990.000 ₫,,
Máy tính bảng 2in1 Fujitsu stylus R727. cpu i5 7300.ram 4.ssd 128g,https://www.lazada.vn/products/pdp-i2919577505.html,3.650.000 ₫,,
"Máy Tính Bảng Samsung Galaxy Tab A8 2022 chính hãng 10.5'' 4/64/128GB lắp sim nghe gọi , thiết bị giải trí xem phim chơi game || Playmobile",https://www.lazada.vn/products/pdp-i2263871056.html,3.590.000 ₫,4.0,45 Đã bán
"NEWSEAL 100% | Máy tính bảng Kindle Fire MAX 11 13th 2023 chính hãng nhập khẩu USA, Japan",https://www.lazada.vn/products/pdp-i2396294399.html,4.200.000 ₫,5.0,11 Đã bán
"Máy tính bảng Surface Go 2 Core M3-8100Y, 8gb ram, 128gb ssd màn 10.1inch Full HD cảm ứng, tích hợp LTE sim 4G.",https://www.lazada.vn/products/pdp-i3168022296.html,5.500.000 ₫,,
Máy tính bảng windows cảm ứng fujitsu arrows tap Q704. i5 4200u.ram 4.ssd 128g,https://www.lazada.vn/products/pdp-i2874067496.html,2.850.000 ₫,5.0,
"Máy tính bảng Samsung Galaxy Tab A11 LTE (4GB/64GB) - Hàng chính hãng - LCD 8.7 inch, MediaTek Helio G99, Pin 5100mAh",https://www.lazada.vn/products/pdp-i3210668480.html,5.369.000 ₫,,
Máy Tính Bảng Samsung Galaxy Tab A9 Wifi 4GB/64GB và 8GB/128GB - Hàng Chính Hãng,https://www.lazada.vn/products/pdp-i2496324433.html,3.890.000 ₫,5.0,
"Máy tính bảng Samsung Galaxy Tab S10FE (Wifi,8G/128G),Hàng chính hãng,Galaxy AI",https://www.lazada.vn/products/pdp-i3206625205.html,9.090.000 ₫,,
Máy tính bảng Xi ao mi Mi Pad 2 cấu hình khủng RAM 8Gb ROM 128-256Gb chạy song song 2 hệ điều hành Window và Android,https://www.lazada.vn/products/pdp-i1277481768.html,2.999.000 ₫,4.0,17 Đã bán
Máy tính bảng Samsung Galaxy Tab S9 Ultra 5G,https://www.lazada.vn/products/pdp-i2670967519.html,32.990.000 ₫,,
"Máy tính bảng Ulefone Armor Pad 2 siêu bền(pin 18600 mAh,chống nước,chống va đập IP68/IP69K, Android 13, NFC ,GPS, 4G, Ram 16GB(8gb+8gb),rom 256GB, màn hình 11"" ,2K)",https://www.lazada.vn/products/pdp-i2475282959.html,7.990.000 ₫,5.0,
Máy tính bảng Fujitsu arrow tap Q775k. i5. ram 4. ssd 128.13.3in full hd,https://www.lazada.vn/products/pdp-i3060119591.html,3.950.000 ₫,,
"Máy tính bảng Samsung Galaxy Tab S9 Wifi (12GB/256GB) Nguyên seal, Chính hãng, MỚI 100%",https://www.lazada.vn/products/pdp-i2396628463.html,14.990.000 ₫,,
Máy tính bảng Samsung Galaxy Tab S9 FE WiFi,https://www.lazada.vn/products/pdp-i2671052254.html,9.990.200 ₫,,"5 Đã bán
Hồ Chí Minh"
"Máy tính bảng Samsung Galaxy Tab S10FE (Wifi,8G/128G),Hàng chính hãng,Galaxy AI",https://www.lazada.vn/products/pdp-i3206626266.html,9.090.000 ₫,,
"Máy tính bảng Xiaomi Pad 7 11.2"" Wifi (8GB/256GB) - Hàng chính hãng - IPS LCD 11.2 inch, Chip Snapdragon 7+ Gen 3, Pin 8850mAh",https://www.lazada.vn/products/pdp-i3232295585.html,9.899.000 ₫,,
Máy tính bảng Lenovo Xiaoxin Pad Pro GT Fullbox likenew Màn 11.1 inch LCD 3.2K Snaρdragon 8 gen 3 Pin silicon 8860 mah,https://www.lazada.vn/products/pdp-i3193980026.html,7.160.000 ₫,,
Máy tính bảng Samsung Galaxy Tab S6 Lite 2024 LTE,https://www.lazada.vn/products/pdp-i2704861282.html,7.898.241 ₫,,
Máy tính bảng Samsung Galaxy Tab S9 FE 5G,https://www.lazada.vn/products/pdp-i2497700591.html,9.780.000 ₫,,
"Máy tính bảng Xiaomi Pad 7 11.2"" Wifi (8GB/128GB) - Hàng chính hãng - PS LCD 11.2 inch, Chip Snapdragon 7+ Gen 3, Pin 8850mAh",https://www.lazada.vn/products/pdp-i3232486196.html,8.999.000 ₫,,
LENOVO Xiaoxin Pad Pro 12.7 2025 Fullbox likenew Màn LCD 2.9K Dimensity 8300 pin 10000mah,https://www.lazada.vn/products/pdp-i3065329412.html,5.999.000 ₫,,
Amazon Fire Max 11 - Siêu phẩm máy tính bảng giải trí cấu hình mạnh năm 2023,https://www.lazada.vn/products/pdp-i2383105702.html,5.268.000 ₫,5.0,
Phụ Kiện Thuận lợi - Máy tính bảng Tablet 10.6inch MTK6753 Ram 6G 128gb Dualsim 4G + tặng kèm bút cảm ứng,https://www.lazada.vn/products/pdp-i277196805.html,5.438.657 ₫,,
Máy tính bảng 2in1 Dell latitude 5285/5290.i5 7200/i5 8350.ram 8.ssd 256g máy kèm phím. hinh thức 80%,https://www.lazada.vn/products/pdp-i3180807135.html,4.850.000 ₫,,
[Hàng mới về] Máy tính bảng Redmi Pad | MediaTek Helio G99 | Pin 8000 mAh Sạc nhanh 18W | Màn hình LCD 90Hz,https://www.lazada.vn/products/pdp-i2264749949.html,5.590.000 ₫,,
"Máy tính bảng Xiaomi Pad 7 màn hình 11.2"" 3.2K 144Hz - SD7 - Hyper AI - chính hãng bảo hành 24 tháng",https://www.lazada.vn/products/pdp-i3036276480.html,9.990.000 ₫,,
"Máy tính bảng Xiaomi Pad 7 11.2"" Wifi - Hàng chính hãng - IPS LCD 11.2 inch, Chip Snapdragon 7+ Gen 3, Pin 8850mAh",https://www.lazada.vn/products/pdp-i3235070113.html,8.999.000 ₫,,
Máy Tính Bảng Samsung Galaxy Tab A 10.1 T515 (2019) Hàng Like New,https://www.lazada.vn/products/pdp-i1480694674.html,5.990.000 ₫,,
"Máy tính bảng Xiaomi Redmi Pad Pro 12.1"" (6GB/128GB) - Hàng chính hãng - Màn hình lớn 12.1"" 2.5K, Chip Snapdragon 7s Gen 2, Pin 10.000mAh 35W",https://www.lazada.vn/products/pdp-i3231910321.html,6.229.000 ₫,,
Máy tính bảng Samsung Galaxy Tab S10 FE Wifi - Hàng Chính Hãng - BH 12 Tháng,https://www.lazada.vn/products/pdp-i2432190053.html,9.290.000 ₫,5.0,
"Máy tính bảng Samsung Galaxy Tab A11 Wifi/LTE - Hàng chính hãng - LCD 8.7 inch, MediaTek Helio G99, Pin 5100mAh",https://www.lazada.vn/products/pdp-i3210687265.html,3.799.000 ₫,,
Máy tính bảng Xiao mi Mi Pad 2 cấu hình khủng RAM 8Gb bộ nhớ 128-256Gb chạy song song 2 hệ điều hành Window và Android,https://www.lazada.vn/products/pdp-i1494368542.html,3.499.000 ₫,1.0,
Máy tính bảng Chuwi Hi12+dock,https://www.lazada.vn/products/pdp-i2978727881.html,7.390.000 ₫,,
Máy tính bảng 2in1 Fujitsu arrows tap q739/Q738.cpu i5.ram 4/8.ssd 128/256g kèm bút wacom,https://www.lazada.vn/products/pdp-i3180662804.html,4.750.000 ₫,,
"Máy tính bảng OUKITEL RT2 (Ram 8Gb,Rom128GB,chống va đập,chống nước, Pin 20000Mah,màn hình 10,1 inch,sạc nhanh 33W,Android 12,màn hình 10.1 inch)",https://www.lazada.vn/products/pdp-i2051621446.html,8.990.000 ₫,,
"Máy tính bảng oukitel RT5 siêu bền (Màn hình 10.1 inch FHD, Ram 14Gb,Rom 256Gb, chống nước,chống va đập,pin 11.000mAh, CPU Mediatek 8788,lõi 8, lên đến 2.0 GHz, Camera Trước,sau 16 MP, Android 13)",https://www.lazada.vn/products/pdp-i2364882490.html,7.490.000 ₫,2.0,
"Máy tính bảng Samsung Galaxy Tab A11 Wifi (4GB/64GB) - Hàng chính hãng - LCD 8.7 inch, MediaTek Helio G99, Pin 5100mAh",https://www.lazada.vn/products/pdp-i3210830330.html,3.799.000 ₫,,
Online Mall - Máy tính bảng 10.1inch IPS Ram 8G Rom 128Gb + tặng bút cảm ứng 2 đầu,https://www.lazada.vn/products/pdp-i252372093.html,2.539.336 ₫,3.0,
Máy tính bảng Samsung Galaxy Tab S8+ 5G 265GB và 128GB,https://www.lazada.vn/products/pdp-i2186705503.html,23.391.000 ₫,,
Máy tính bảng lenovo thinhpad x1 gen 2.cpu i5 gen 7.ram 8.ssd 256.Màn 12.5in 2k,https://www.lazada.vn/products/pdp-i3060072876.html,4.650.000 ₫,,
"Xiaomi Pad 7, Chip Snapdragon 7+ Gen 3, Màn Hình 11.2 inches 144Hz, Ram 8GB/128G, Pin 8850mAh . SonPixel",https://www.lazada.vn/products/pdp-i3101963377.html,7.768.950 ₫,,
Samsung Galaxy Tab S10 FE 5G 8GB/128GB,https://www.lazada.vn/products/pdp-i3113961419.html,13.190.000 ₫,,
Máy tính bảng Samsung Galaxy Tab S11 Wifi 12GB/128GB,https://www.lazada.vn/products/pdp-i3190117899.html,17.979.000 ₫,,
Máy Tính Bảng Xiaomi Pad 7 8GB 256GB Chính Hãng BH 18 Tháng,https://www.lazada.vn/products/pdp-i3193909856.html,10.099.000 ₫,,
"Máy tính bảng bền chắc HOTWAV Tab R9 Pro(pin 20080Mah ,IP68/IP69K, 6GB+256GB, 11 inch Android 14 Unisoc T606 Octa Core 4G, đèn cắm trại siêu sáng)",https://www.lazada.vn/products/pdp-i2940343637.html,6.495.000 ₫,,
Máy Tính Bảng Xiaomi Pad 7 Pro 8GB 256GB Chính Hãng BH 18 Tháng,https://www.lazada.vn/products/pdp-i3193898961.html,12.499.000 ₫,,
Máy tính bảng Oppo Pad 3 Pro Wifi (OnePlus Pad Pro- Snaρ 8 Gen 3) fullbox likenew,https://www.lazada.vn/products/pdp-i3164346607.html,8.690.000 ₫,,
Máy tính bảng Lenovo Xiaoxin Pad Pro 12.7 2023 8/128GB Snapdragon 870 likenew fullbox,https://www.lazada.vn/products/pdp-i2623467118.html,4.790.000 ₫,,
Máy tính bảng Lenovo Pad Pro 2022 mới nguyên seal bản chip Snapdragon 870 mạnh mẽ | tại Playmobile,https://www.lazada.vn/products/pdp-i2219679246.html,5.990.000 ₫,5.0,
Hanrui Shop máy tính bảng màn hình cong Moocis M5 10.1inch Android 6.0 tặng thẻ nhớ 32gb,https://www.lazada.vn/products/pdp-i526388238.html,4.383.321 ₫,,
"Máy tính bảng chắc chắn Oukitel RT6 (pin 20000mAh,Ram 16Gb(8GB+8Gb),Rom 256GB,Màn hình 10.1"" ,FHD,Android 13,CPU MTK8788 ,Camera 16MP,sạc nhanh 33W, chống nước,chống va đập)",https://www.lazada.vn/products/pdp-i2392505242.html,9.990.000 ₫,,
[Loại Mạnh Nhất] Hộp 10 viên Rocket 1H - Giúp tăng cường sức khỏe cho nam - Kéo dài thời gian đến 60 phút,https://www.lazada.vn/products/pdp-i2936010085.html,69.000 ₫,5.0,37 Đã bán
Máy tính bảng Samsung Galaxy Tab S8 Ultra 5G,https://www.lazada.vn/products/pdp-i2186722182.html,27.891.000 ₫,,
Bachi Hồng Thái Lan - 40 Viên,https://www.lazada.vn/products/pdp-i2230638415.html,295.000 ₫,4.0,322 Đã bán
Máy tính bảng Samsung Galaxy Tab S9 FE+ WiFi,https://www.lazada.vn/products/pdp-i2671041283.html,13.989.800 ₫,,
Máy tính bảng cúng đám giỗ hàng đẹp,https://www.lazada.vn/products/pdp-i1991272556.html,20.000 ₫,,
Máy tính bảng Samsung Galaxy Tab S8 Wi-fi,https://www.lazada.vn/products/pdp-i2205920516.html,16.191.000 ₫,,
"Máy tính bảng Xiaomi Pad 7 11.2"" Wifi (8GB/128GB) - Hàng chính hãng - IPS LCD 11.2 inch, Chip Snapdragon 7+ Gen 3, Pin 8850mAh",https://www.lazada.vn/products/pdp-i3232338384.html,9.069.000 ₫,,
"Máy tính bảng Xiaomi Pad 7 11.2"" Wifi (8GB/256GB) - Hàng chính hãng - IPS LCD 11.2 inch, Chip Snapdragon 7+ Gen 3, Pin 8850mAh",https://www.lazada.vn/products/pdp-i3232180741.html,9.969.000 ₫,,
Máy tính bảng Samsung Galaxy Tab A9+ Wi-Fi,https://www.lazada.vn/products/pdp-i2671057247.html,5.989.500 ₫,,
Máy tính bảng Samsung Galaxy Tab A8,https://www.lazada.vn/products/pdp-i2204179106.html,6.291.000 ₫,,
"Máy tính bảng Blackview Active 8 Pro 16/256GB Mới Nguyên Seal Fullbox | Pin 22000 Mah siêu trâu , Chống va đập siêu bền , 2 sim nghe gọi | Playmobile",https://www.lazada.vn/products/pdp-i397346556.html,6.990.000 ₫,5.0,7 Đã bán
Máy tính bảng Samsung Tab S9+ 5G,https://www.lazada.vn/products/pdp-i2723078047.html,28.990.000 ₫,,
Máy tính bảng Samsung Galaxy Tab S9 5G,https://www.lazada.vn/products/pdp-i2497738367.html,18.342.434 ₫,,
"Máy tính bảng Xiaomi Pad 7 màn hình 11.2"" 3.2K 144Hz - 8/128GB bản nội địa Snaρdragon 7+Gen 3 sạc 45W likenew fullbox",https://www.lazada.vn/products/pdp-i3065480048.html,6.990.000 ₫,,
"Máy tính bảng Fujitsu Loox Core i7-1250U 16gb ram 512gb SSD, màn Oled cảm ứng Full hd sản phẩm nhập khẩu nguyên chiếc likeNiew",https://www.lazada.vn/products/pdp-i3177054564.html,15.500.000 ₫,,
Máy tính bảng Samsung Galaxy Tab S9+ Wi-Fi,https://www.lazada.vn/products/pdp-i2671171004.html,25.989.700 ₫,,
Máy tính bảng Samsung Tab S9 Ultra 5G,https://www.lazada.vn/products/pdp-i2722811857.html,34.990.000 ₫,,
máy tính bảng Mỹ LG GPAD 7 LTE-màn 7 inch ram 1gb+16gb-1 SIM,https://www.lazada.vn/products/pdp-i1679984258.html,1.049.000 ₫,4.0,11 Đã bán
Máy tính bảng Samsung Galaxy Tab S9 FE+ 5G,https://www.lazada.vn/products/pdp-i2671041270.html,16.990.001 ₫,,
Máy tính bảng Samsung Galaxy Tab S10 FE 5G - Hàng Chính Hãng - BH 12 Tháng,https://www.lazada.vn/products/pdp-i2445043408.html,12.490.000 ₫,5.0,
Tab S10 Plus - Máy tính bảng Samsung Galaxy Tab S10+ 12/256gb Wifi/5G - Hàng chính hãng New nguyên seal,https://www.lazada.vn/products/pdp-i2860381620.html,24.790.000 ₫,,
Máy tính bảng IWork10 Pro Intel Cherry 4G 64Gb (Dual Win 10/Android) tặng kèm dock bàn phím,https://www.lazada.vn/products/pdp-i222459820.html,7.914.861 ₫,,
Máy tính bảng Samsung Galaxy Tab A9 LTE,https://www.lazada.vn/products/pdp-i2670971501.html,5.490.000 ₫,,
Máy tính bảng Samsung Galaxy Tab S10 FE+ Wifi - Chính Hãng - Bảo Hành 12 Tháng,https://www.lazada.vn/products/pdp-i2432058594.html,12.490.000 ₫,,
Máy tính bảng Samsung Galaxy Tab S9 FE+ 5G,https://www.lazada.vn/products/pdp-i2575862762.html,16.045.000 ₫,,
Máy tính bảng Xiaomi Pad 7 (8+128GB) | Màn hình 11.2'' 3.2K 144Hz tăng hiệu suất | Snapdragon 7+ Gen3 | HyperAI | Pin 8850mAh,https://www.lazada.vn/products/pdp-i3016984045.html,19.490.000 ₫,,
Hanrui Shop tablet window android 2in1 2021,https://www.lazada.vn/products/pdp-i1140196999.html,8.049.235 ₫,,
Máy tính bảng Xiaomi Pad 7 Pro 8/128GB (Snaρdragon 8s Gen 3) Màn hình 11.2'' 3.2K 144Hz fullbox likenew,https://www.lazada.vn/products/pdp-i3065214759.html,8.290.000 ₫,,
Máy tính bảng Samsung Galaxy Tab S6 Lite 2022,https://www.lazada.vn/products/pdp-i2186730161.html,8.991.000 ₫,,
Bestmart - IT Smart Máy tính bảng tablet window 2021 10.1inch,https://www.lazada.vn/products/pdp-i1659783701.html,8.436.019 ₫,,
"Máy tính bảng Samsung Galaxy Tab A9 Plus 5G (SM-X216, 4GB+64GB) - Hàng chính hãng - Mới 100% - Nguyên Seal",https://www.lazada.vn/products/pdp-i2656533645.html,6.250.000 ₫,,
"Máy tính bảng Samsung Galaxy Tab A11 LTE (4GB/64GB) - Hàng chính hãng - LCD 8.7 inch, MediaTek Helio G99, Pin 5100mAh",https://www.lazada.vn/products/pdp-i3210653481.html,5.369.000 ₫,,
"Máy tính bảng Xiaomi Pad 7 11.2"" Wifi - Hàng chính hãng - IPS LCD 11.2 inch, Chip Snapdragon 7+ Gen 3, Pin 8850mAh",https://www.lazada.vn/products/pdp-i3234948427.html,9.069.000 ₫,,
Máy tính bảng Samsung Galaxy Tab S9 Wi-Fi,https://www.lazada.vn/products/pdp-i2671025261.html,19.990.300 ₫,,
SaLeALLshop Máy tính bảng tablet window 2021 10.1inch,https://www.lazada.vn/products/pdp-i1405998688.html,8.438.785 ₫,,
Máy tính bảng Samsung Tab S9 FE+ WiFi,https://www.lazada.vn/products/pdp-i2723042179.html,13.989.800 ₫,,
Máy tính bảng Samsung Galaxy Tab S9 5G,https://www.lazada.vn/products/pdp-i2671184005.html,22.990.000 ₫,,
Máy tính bảng Samsung Galaxy Tab S9 Wi-Fi,https://www.lazada.vn/products/pdp-i2497783258.html,19.109.000 ₫,,
[GỌN NHẸ] Máy tính bảng Windows 2 in 1 Lenovo Thinkpad Tablet X1 Gen 1 8GB Ram.,https://www.lazada.vn/products/pdp-i2978817741.html,7.690.000 ₫,,
"SHEZI | Bút cảm ứng cho iPad thay thế Apple Pencil, hỗ trợ Sạc Không Dây Từ Tính và Chống Tì Tay, độ chính xác cao",https://www.lazada.vn/products/pdp-i3172118039.html,92.000 ₫,4.0,8 Đã bán
Máy Tính Bảng Samsung Galaxy Tab S9 Ultra 5G - Hàng chính hãng,https://www.lazada.vn/products/pdp-i2425504648.html,25.990.000 ₫,,
"Samsung Màn hình Màn hình di động UPERFECT VESA đứng cho 15,6 inch 17,3 inch Điều chỉnh 360 ° xoay đứng máy tính bảng tương thích 4,7 inch - 17,3 inch -Bảo hành một năm",https://www.lazada.vn/products/pdp-i3234260622.html,610.000 ₫,4.7,
[Chính Hãng] Soundcard Steinberg UR28M - Sound Card Bộ Thu Âm Thanh và Livestream Audio Interface UR28,https://www.lazada.vn/products/pdp-i1914758004.html,6.999.000 ₫,,
XPPen Magic Note Pad Android 14 Máy đọc sách điện tử Tốc độ làm mới 90HZ Máy tính bảng 3 trong 1 Giấy ghi chú màu Mực nhạt và màu tự nhiên,https://www.lazada.vn/products/pdp-i3052495159.html,8.990.000 ₫,5.0,7 Đã bán
"Amazon cháy HD 8 máy tính bảng, 8 ""Màn hình HD, 32 GB",https://www.lazada.vn/products/pdp-i2498576761.html,3.380.000 ₫,,
Máy tính bảng Samsung Galaxy Tab S6 Lite 2024 LTE,https://www.lazada.vn/products/pdp-i2671000378.html,8.990.000 ₫,,
Máy tính bảng Samsung Galaxy Tab S10 Lite 5G - Hàng Chính Hãng,https://www.lazada.vn/products/pdp-i3185771081.html,8.290.000 ₫,,
"Máy tính bảng Redmi Pad Pro (8+128GB) | Màn hình 12,1"" 120Hz 2,5K | SD 7sGen2 | Pin 10000mAh",https://www.lazada.vn/products/pdp-i3016927183.html,7.290.000 ₫,,
Máy Tính Bảng Lenovo Xiaoxin Pad Pro 2022 (Snapdragon 870- OLED 120HZ- Sạc 68W) fullbox likenew,https://www.lazada.vn/products/pdp-i2615544236.html,5.550.000 ₫,,
"Máy Tính bảng Blackview Active 10 Pro 5G 36G(12+24GB)/256GB Mới Fullbox , Màn 10.95'' 90hz, PIN 30.000 MAh , SIÊU BỀN BỈ",https://www.lazada.vn/products/pdp-i3037961345.html,10.990.000 ₫,,
Máy tính bảng Xiaomi Pad 6 Pro Mipad 6 Pro Snap 8+ Gen 1 likenew - Hàng nhập khẩu,https://www.lazada.vn/products/pdp-i2400222886.html,7.050.000 ₫,,
Máy Tính Bảng Samsung Galaxy Tab A9+ 5G 4GB/64GB - 8GB/128GB - Hàng Chính Hãng,https://www.lazada.vn/products/pdp-i2507959618.html,5.990.000 ₫,,
"Máy tính bảng Samsung Galaxy Tab S9 5G (12GB/256GB) Nguyên seal, Chính hãng, MỚI 100%",https://www.lazada.vn/products/pdp-i2396402757.html,16.490.000 ₫,,
Máy Tính Bảng Học Tập Máy Tính Tiểu Thiên Tài Cắm Đuôi Điện Thoại Trong Nước 12 Pin Android Giao Diện Sạc Nhanh Máy Tính Nhỏ TypeC,https://www.lazada.vn/products/pdp-i2513897321.html,42.000 ₫,,
Viên sủi Haas Bang Effervescent Tablets hỗ trợ bổ sung vitamin C và một số vitamin nhóm B ( Hộp 1 lọ x 10 viên ),https://www.lazada.vn/products/pdp-i2251279785.html,55.000 ₫,5.0,8 Đã bán
"Điện thoại Máy chiếu 8849 Tank 2 PRO (Màn hình 6,79 inch, 2.4K,Ram 24Gb(12 + 12GB),rom 512Gb,camera 100MP,Pin 23800mAh)",https://www.lazada.vn/products/pdp-i3233221235.html,986.300 ₫,,
Eyoyo Eyoyo-1900 không dây máy quét mã vạch 1D 2.4G tay cầm xách tay CCD Reader cho POS iPAd iOS Android Máy tính bảng hoặc máy tính PC,https://www.lazada.vn/products/pdp-i3075892292.html,990.000 ₫,,
"máy tính mini pc router ZTE 2 cổng lan 1gb dùng để tạo proxy, cân bằng tải, win, linux, open wrt",https://www.lazada.vn/products/pdp-i3154444368.html,800.000 ₫,,
Eyoyo Eyoyo-1900 không dây máy quét mã vạch 1D 2.4G tay cầm xách tay CCD Reader cho POS iPAd iOS Android Máy tính bảng hoặc máy tính PC,https://www.lazada.vn/products/pdp-i3075871209.html,990.000 ₫,,
Bán xác máy tính bảng Fujitsu arrows tap Q509-Q508-Q507-Q506-Q5010,https://www.lazada.vn/products/pdp-i3180834038.html,550.000 ₫,,
ĐẾ TẢN NHIỆT RAIN DESIGN (USA) MSTAND TABLET PLUS SPACE GRAY – RD-10055,https://www.lazada.vn/products/pdp-i1820970021.html,1.290.000 ₫,,
E28_Viên Uống Vitamin C 1000mg Wishlabs ( hộp 150 viên),https://www.lazada.vn/products/pdp-i2494732006.html,1.207.000 ₫,,
Viên Uống Vitamin C 1000mg Eundan Yuhan Hàn Quốc - 120 Viên,https://www.lazada.vn/products/pdp-i2664175194.html,334.000 ₫,5.0,367 Đã bán
Viên Uống Bổ Sung Vitamin C Blackmores Bio C 1000mg Lọ 31 Viên,https://www.lazada.vn/products/pdp-i2003256235.html,307.000 ₫,5.0,642 Đã bán
Viên Uống Eundan Vitamin C 1000mg Hàn Quốc - Hộp 120 viên,https://www.lazada.vn/products/pdp-i2997665064.html,308.000 ₫,4.0,40 Đã bán
Samsung Màn hình Màn hình LCD 24 inch Anmite 75Hz PC IPS FHD Desktop Gaming Màn hình máy tính bảng Máy tính bảng HDMI/DP/1920 * 1080 Loa tích hợp tương thích -Bảo hành một năm,https://www.lazada.vn/products/pdp-i3234451629.html,1.846.000 ₫,,
"[MI Official] Bộ phát Wifi Router Xiaomi Redmi AC2100 hỗ trợ 128 thiết bị - 2 băng tần 2,4GHz và 5GHz,6 Antena",https://www.lazada.vn/products/pdp-i2598220381.html,907.428 ₫,,
"WAVLINK USB Thu Sóng WiFi Cho PC 650Mbps Bộ Chuyển Đổi USB Phát WiFi Cho Laptops, Desktops, Tablets, Card Mạng USB Dongle, có đĩa driver kèm theo",https://www.lazada.vn/products/pdp-i3104279358.html,265.000 ₫,,
"Giá Đỡ Livestream Điện Thoại Ipad, Máy Tính Bảng Đa Năng L58 Plus- Gậy Livestream, Giải Trí, Quay Chụp, Gậy Chụp Ảnh Xoay 360 Độ Tripod Có Remote Kết Nối Bluetooth Chất Liệu Hợp Kim Nhôm Cao Cấp 160 cm",https://www.lazada.vn/products/pdp-i2641684536.html,599.000 ₫,5.0,
Bộ phát Wi-Fi Linksys EA7500S AC1900 MAX-STREAM MU-MIMO - Phân phối chính hãng,https://www.lazada.vn/products/pdp-i2740942324.html,1.539.500 ₫,,
Viên One A Day Women's Complete Multivitamin Bayer bổ sung Multivitamin và khoáng chất hộp 300 viên cũa Mỹ,https://www.lazada.vn/products/pdp-i3081572621.html,880.000 ₫,,
"Hagibis | Bộ Phát HDMI Không Dây cho iPad, Switch, Xbox, PS5 và Thiết Bị Android",https://www.lazada.vn/products/pdp-i3220443037.html,1.073.000 ₫,4.0,
Hàng cực mạnh .Che tên sản phẩm.Rốc KÉT1h Cam kết hàng chính hãng hộp 10 viên tăng cường Sinh lý nam,https://www.lazada.vn/products/pdp-i2589800053.html,65.000 ₫,4.0,
Centrum | Viên Vitamin cho Phụ Nữ 200 Viên,https://www.lazada.vn/products/pdp-i3176192830.html,965.000 ₫,,"301 Đã bán
China"
"EWEADN | Bộ bàn phím giả cơ và chuột V20, Không dây Bluetooth, Gõ êm Silent, Layout 60%, cho Tablet & Laptop",https://www.lazada.vn/products/pdp-i3194565704.html,1.397.000 ₫,4.0,
"[FREESHIP] BỘ PHÁT WIFF6 ZTE E1600 CHUẨN Ax1800Mbps, ROUTER WIFI6 CÓ HỖ TRỢ MESH ROAMING 256mb 2 BĂNG TẦN - HÀNG CŨ",https://www.lazada.vn/products/pdp-i2712068864.html,499.900 ₫,,
Ibuprofen Tablets USP 200mg 500v hàng Mỹ,https://www.lazada.vn/products/pdp-i3229354753.html,400.000 ₫,,
Bàn Di Chuột Không Dây Bluetooth AI Học Máy T30 pro Máy Tính Bảng Công Nghệ 2.4GHz+Bluetooth Độ Xa Tối Đa 10m Bảo Hành 12 Tháng,https://www.lazada.vn/products/pdp-i3169117599.html,347.000 ₫,,
Máy đọc sách Boox Tab mini C chính hãng Akishop,https://www.lazada.vn/products/pdp-i2336846017.html,12.390.000 ₫,5.0,Máy đọc sách Boox Tab mini C chính hãng Akishop
Phụ Kiện Máy Tính Không Dây WELAIDE M800 3200dpi 10m Không Dây Im Lặng Có Thể Sạc Cho Máy Tính Xách Tay Mac Điện Thoại iPad,https://www.lazada.vn/products/pdp-i3227819793.html,399.000 ₫,,
"XPPen ArtMobile Magic Drawing Pad Android tablet with 16384 Pressure Levels X3 Pro Pencil, Papery feel Screen, 109% sRGB,2160 x 1440 Resolution Fully Laminated Screen Low blue light Rheinland certified,8GB+256GB,8000mAh Battery,built in ibis Paint X",https://www.lazada.vn/products/pdp-i2557775153.html,12.900.000 ₫,5.0,
"Bộ phát Wifi Router Xiaomi 10000 (BE10000) - AX9000 AIoT, Wifi 7, 3 băng tần, Router chịu tải 1000 thiết bị",https://www.lazada.vn/products/pdp-i1875195946.html,6.999.000 ₫,,
Xác máy tính bảng Asus tablet model p008 thiếu pin,https://www.lazada.vn/products/pdp-i2576474228.html,480.000 ₫,,
"Máy tính bảng trẻ em K13 - Plus, phiên bản nâng cấp quản lí thời gian sử dụng, giáo dục thông minh phát triển trí tuệ,đồ chơi cho bé trai bé gái",https://www.lazada.vn/products/pdp-i2942428728.html,2.190.000 ₫,5.0,
"LCD Writing Tablet for Kids, Colorful Toddlers Toys Drawing Board, Educational Kid Toys, Doodle Pad Dinosaur Toys",https://www.lazada.vn/products/pdp-i3178497155.html,175.551 ₫,,
"KUDOS IMMUNITY EXTRA STRENGTH 20 EFFERVESCENT TABLETS, TPBVSK HỖ TRỢ TĂNG CƯỜNG HỆ MIỄN DỊCH 20 VIÊN SỦI (Tube)",https://www.lazada.vn/products/pdp-i2518022230.html,123.000 ₫,,
Máy Tính Bảng Điều Hướng GPS Màn Hình Cảm Ứng Điện Trở Có Bút Viết Tay Được Cố Định Trên Máy Tính Để Bàn Và Thiết Bị Công Nghiệp Phụ Kiện Khác,https://www.lazada.vn/products/pdp-i2856723259.html,34.000 ₫,,
"Đối với cam Pi 3B 2GB RAM DDR4 Rockchip rk3566 Wifi BLE PC, chạy Android 11/Ubuntu/Debian máy tính bảng",https://www.lazada.vn/products/pdp-i2787391976.html,983.261 ₫,,
"Bổ sung vitamin C Blackmores Bio C 1000mg tăng cường sức đề kháng, sáng da 31 viên của Úc",https://www.lazada.vn/products/pdp-i2413863965.html,632.500 ₫,,
Ergotron | Giá Đỡ iPad Có Khóa Cho Văn Phòng,https://www.lazada.vn/products/pdp-i3219667456.html,3.688.000 ₫,,
"Bộ Chuyển Đổi Không Dây WAVLINK AC1300 USB 3.0, Băng Tần Kép 2.4G/5G, Ăng Ten WiFi 3dBi Tăng Cao, Cắm Và Chơi, Bộ Chuyển Đổi Mạng Không Dây Dành Cho Máy Tính Để Bàn Với Windows 10/8/7, Mac OS 10.11 Trở Lên",https://www.lazada.vn/products/pdp-i2023881914.html,462.170 ₫,3.0,
Bộ Máy Tính Để Bàn Lớn HyunDaIne WinDow 10 E-ATX X99 Cổng USB 3.0 2.0 Khe Cắm Thẻ Mở Rộng 360 Độ Đồ Họa Bằng Thủy Tinh,https://www.lazada.vn/products/pdp-i2528974334.html,1.328.000 ₫,3.0,
Rocoren ax900m Wifi 6 Bộ chuyển đổi USB Bluetooth 5.4 các mạng không dây băng tần kép trình điều khiển USB miễn phí Dongle Wifi 6 Receiver cho máy tính để bàn laptop win 10 11,https://www.lazada.vn/products/pdp-i3159374318.html,154.600 ₫,,
4G Bộ định tuyến Wi-Fi 8 thiết bị chia sẻ Bộ định tuyến LTE không dây 150Mbps cho máy tính bảng,https://www.lazada.vn/products/pdp-i3190725091.html,939.000 ₫,,
(Đủ BILL) Viên bổ sung vitamin C 1000 Eundan 120viên,https://www.lazada.vn/products/pdp-i2419194262.html,685.400 ₫,,
[Pggpey] Chaneve kali Linux khóa điện tử Wifi rtl8812au chip băng tần kép 1200mbps Bộ chuyển đổi USB không dây USB3.0 Card mạng với Dual 5dBi ăng ten,https://www.lazada.vn/products/pdp-i2668863170.html,888.325 ₫,,
"Bảng LCD, máy tính bảng cho bé học vẽ (8 inch)",https://www.lazada.vn/products/pdp-i160022086.html,438.549 ₫,,
Viên sủi Vitamin C liều cao Swisse High Strength Vitamin C 1000mg Effervescent (20 viên),https://www.lazada.vn/products/pdp-i3012565637.html,334.000 ₫,5.0,9 Đã bán
Swisse Ultiboost nam Máy tính bảng 120 sức sống,https://www.lazada.vn/products/pdp-i2565797081.html,1.046.000 ₫,,
"[MỚI 100%] E3TB1-310K - Máy xay sinh tố Electrolux 1.5 Lít E3TB1-310K Công suất 500W, Hàng chính hãng, Bảo hành 24 tháng",https://www.lazada.vn/products/pdp-i1925298151.html,1.346.400 ₫,1.5,
5-người hâm mộ tốc độ quạt máy tính điều khiển CPU cảm biến nhiệt độ PC điều khiển quạt làm mát Bảng điều khiển phía trước ngày thời gian hiển thị nhiệt độ khoang ổ đĩa,https://www.lazada.vn/products/pdp-i3231217523.html,912.000 ₫,,
"Vitamin Tổng Hợp Tảo Biển [Úc] Nature’s Way Complete Daily Multivitamin - 200 Viên Tảo úc , tảo 200v",https://www.lazada.vn/products/pdp-i2494575689.html,503.000 ₫,,
"Wavlink Wi-Fi 7 be6500 ba băng tần USB 3.0 Bộ chuyển đổi không dây cho máy tính để bàn | lên đến 6452Mbps | 6GHz, 5GHz, 2.4GHz | ăng ten đa hướng | Windows 10/11(64 bit) tương thích",https://www.lazada.vn/products/pdp-i3217089765.html,970.525 ₫,3.0,
Máy xay sinh tố Hafele HSB-0621FS 535.43.277 - Dung tích 1.5L - 3 cối xay thuỷ tinh - Công suất 600W - 2 tốc độ xay và 1 chức năng nhồi - Lưỡi dao 6 cánh bằng thép không gỉ - Khoá an toàn - Hàng Chính Hãng,https://www.lazada.vn/products/pdp-i1723527422.html,1.373.000 ₫,,
Bộ phát Wifi Router Xiaomi Redmi AX5400 - AX5400 Gaming băng tần kép - Wifi 6 - Mesh - 248 thiết bị - Chuyên cho chơi Game,https://www.lazada.vn/products/pdp-i1777610403.html,1.999.000 ₫,5.0,34 Đã bán
"Ashata Tích hợp ăng ten M.2 với cổng ipex4 2 cái/bộ tự làm ipe gene4 tích hợp NGFF / M.2 Huawei/ăng ten wifi với cổng ipex4 cho máy tính mini, máy tính notebook, máy tính bảng tự làm",https://www.lazada.vn/products/pdp-i3206838739.html,296.800 ₫,,
"MÁY XAY SINH TỐ TOSHIBA BL-70GR1UV, 600W, 1.5L, 2 Cối bằng thủy tinh - Bảo hành chính hãng",https://www.lazada.vn/products/pdp-i3115070721.html,1.050.000 ₫,5.0,15 Đã bán
Máy tinh bảng cũ Nec versapro vk164. 10.1in.cpu atom x-z8750. ram 4.ssd 64g máy kèm sac,https://www.lazada.vn/products/pdp-i3180827019.html,1.550.000 ₫,,
"Binardat Wifi 6 Thẻ M.2 Ax200 Bộ chuyển đổi Mạng Wifi, Intel Ax200 Chip Bluetooth 5.0, 3000Mbps băng tần kép 2.4GHz/5GHz ofdma & Mu-Mimo, Cho cửa sổ máy tính xách tay 10/11",https://www.lazada.vn/products/pdp-i3206833868.html,844.500 ₫,5.0,
"Máy Xay Đa Năng - Máy Xay Sinh Tố - Máy Xay Đa Năng Khaluck KL-360 - Công Suất 600W Hoạt Động Ổn Định Và Có Độ Bền Cao, Máy Vận Hành Mạnh Mẽ Nhưng Êm Ái, Xay Nhuyễn Nhanh Thực Phẩm, Tiết Kiệm Thời Gian, Cối Xay Bằng Thủy Tinh",https://www.lazada.vn/products/pdp-i1875286203.html,979.000 ₫,5.0,50 Đã bán
viên uống Osteo Bi-Flex Joint Health - Hàng xách tay,https://www.lazada.vn/products/pdp-i596510912.html,824.680 ₫,,
MÁY TÍNH BẢNG LENOVO ANDROI 8 RAM 1GB LƯU TRỮ 16GB 10INCH,https://www.lazada.vn/products/pdp-i2150035703.html,1.990.000 ₫,,
Viên Bổ Sung Magiê Giúp Thư Giãn Cơ 180 Viên,https://www.lazada.vn/products/pdp-i3217948603.html,2.169.000 ₫,,
Máy đọc sách Boox Go 7 Chính hãng,https://www.lazada.vn/products/pdp-i3132581158.html,6.690.000 ₫,,
"Máy tính bảng Tab X6 Pro chính hãng Màn hình 10,8 inch Máy tính bảng 12GB + 512GB Wifi/5G Hai SIM Máy tính bảng học tập dành cho sinh viên Vỏ bảo vệ miễn phí khác Máy tính bảng Android 8800mah Máy tính bảng trò chơi giá rẻ Máy tính bảng",https://www.lazada.vn/products/pdp-i2388530423.html,1.069.200 ₫,4.0,113 Đã bán
Máy đọc sách Boox Tab Ultra C Pro Chính hãng,https://www.lazada.vn/products/pdp-i2984031480.html,16.990.000 ₫,,
Máy đọc sách Boox Go 7 Color (Gen 2) Black Chính hãng,https://www.lazada.vn/products/pdp-i3152660078.html,7.490.000 ₫,,
MÁY ĐỌC SÁCH BOOX TAB 8 ( BOOX TAB MINI ) LIKE NEW,https://www.lazada.vn/products/pdp-i3200871238.html,6.350.000 ₫,,
"Sound card thu âm Focusrite Scarlett 2i2 (Gen3) - Soundcard cao cấp hỗ trợ livestream, thu âm chuyên nghiệp dành cho phòng thu bảo hành 12 tháng - MTMax",https://www.lazada.vn/products/pdp-i1800888004.html,4.125.000 ₫,,
Máy đọc sách Boox Go 7 Color Chính hãng,https://www.lazada.vn/products/pdp-i2985427831.html,7.290.000 ₫,,
Máy đọc sách Boox Go 7 Color (Gen II) Chính hãng Akishop,https://www.lazada.vn/products/pdp-i3094746593.html,8.090.000 ₫,,Máy đọc sách Boox Go 7 Color (Gen II) Chính hãng Akishop
Máy tính để bàn băng tần kép các mạng không dây 1730Mbps PCI E 9260ac 802.11ac với 6dBi ac68u,https://www.lazada.vn/products/pdp-i3163136952.html,896.000 ₫,,
"🇩🇪Máy xay sinh tố WMF kult X standmixer 👌Máy xay WMF Kult X với chất liệu an toàn và chất lượng cao, vỏ máy làm bằng Cromargan® , cối thủy tinh dung tích 1.5lit 👌Với tốc độ lên đến 20.000 vòng / phút, thiết bị sẽ trộn, khuấy, cắt và xay nhuyễn hầu h",https://www.lazada.vn/products/pdp-i1589552652.html,3.150.000 ₫,,
"E3TB1-310K - Máy xay sinh tố Electrolux 1.5 Lít E3TB1-310K Công suất 500W, Hàng chính hãng, Bảo hành 24 tháng - GIAO MIỄN PHÍ HCM",https://www.lazada.vn/products/pdp-i1971634738.html,1.346.400 ₫,1.5,
Máy tinh bảng Fujitsu stylus R727. cpu i5 7300u.ram 4.ssd 128/256g.hinh thức 85%,https://www.lazada.vn/products/pdp-i3180826106.html,2.750.000 ₫,,
[Chính Hãng] Soundcard Presonus AudioBox iTwo - Sound Card Bộ Thu Âm Thanh và Livestream Audio Interface Audio Box iTwo,https://www.lazada.vn/products/pdp-i2602414462.html,3.999.000 ₫,,
Viên uống chống nắng sinh học toàn thân Sakura Sunpill 30 viên,https://www.lazada.vn/products/pdp-i1617625373.html,803.674 ₫,5.0,176 Đã bán
Máy tính bảng 2in1 Fujitsu arrows tap Q509.Ram 4/8g.ssd 64/128g.hang cũ hinh thức 90%,https://www.lazada.vn/products/pdp-i3180643618.html,2.750.000 ₫,,
Bộ phát Wifi Router Xiaomi AX6000 AIoT băng tần kép - Wifi 6 6000Mbps - hỗ trợ Mesh - kết nối 248 thiết bị,https://www.lazada.vn/products/pdp-i1310443909.html,3.999.000 ₫,5.0,73 Đã bán
Bộ phát Wifi Router Xiaomi Redmi AX6000 băng tần kép - Wifi 6 6000Mbps - hỗ trợ Mesh - kết nối 248 thiết bị,https://www.lazada.vn/products/pdp-i1933057152.html,2.899.000 ₫,,"7 Đã bán
Hà Nội"
"Newseal 100% | Máy tính bảng Kindle Fire Hd 10 11Th 2021 chính hãng nhập khẩu Usa, Japan",https://www.lazada.vn/products/pdp-i1863749499.html,2.590.000 ₫,,
[Chính Hãng] Soundcard Audient iD4 MK2 - Sound Card Bộ Thu Âm Thanh và Livestream MKII Audio Interface,https://www.lazada.vn/products/pdp-i2602355562.html,5.399.000 ₫,5.0,
[Chính Hãng] Soundcard Audient iD4 MK2 - Sound Card Bộ Thu Âm Thanh và Livestream MKII Audio Interface,https://www.lazada.vn/products/pdp-i2225161267.html,5.399.000 ₫,5.0,6 Đã bán
"[Chính Hãng] Soundcard Arturia MiniFuse 2 - Sound Card Mini Fuse Bộ Thu Âm, Livestream USB Audio Interface",https://www.lazada.vn/products/pdp-i2778173181.html,4.099.000 ₫,5.0,
Máy tinh bảng windows hiệu Fujitsu stylus R727. cpu i5 7300u.ram 4g.ssd 256g,https://www.lazada.vn/products/pdp-i3060214399.html,3.450.000 ₫,,
"Bộ phát Wifi Router Xiaomi AX7000 AIoT 3 băng tần - Wifi thế hệ 7, Wifi 7 - 7000Mbps - hỗ trợ Mesh - chịu tải cao",https://www.lazada.vn/products/pdp-i2429885002.html,4.459.000 ₫,,
Máy Xay Sinh Tố BlueStone BLB-5377 (1.75 Lít) - Công suất 1000W - Lưỡi dao răng cưa 6 cánh bằng thép không gỉ - Có thể xay đá - Bảo hành 2 năm - Hàng chính hãng,https://www.lazada.vn/products/pdp-i1483389983.html,2.409.000 ₫,5.0,36 Đã bán
Máy đọc sách Boox Tab X C chính hãng Akishop,https://www.lazada.vn/products/pdp-i3094763819.html,23.590.000 ₫,,Máy đọc sách Boox Tab X C chính hãng Akishop
Máy đọc sách Boox Tab Ultra C Pro chính hãng,https://www.lazada.vn/products/pdp-i2467360156.html,17.390.000 ₫,,
"[Chính Hãng] Soundcard Arturia MiniFuse 2 - Sound Card Mini Fuse Bộ Thu Âm, Livestream USB Audio Interface",https://www.lazada.vn/products/pdp-i2778075639.html,4.099.000 ₫,,
(XDRP) 10 Inch Writing Board with Protective Case Lcd Drawing Tablet Children'S Hand-Painted Board for Students,https://www.lazada.vn/products/pdp-i2894968350.html,350.058 ₫,,
"Đối với cam Pi 3B 2GB RAM DDR4 Rockchip rk3566 Wifi BLE PC, chạy Android 11/Ubuntu/Debian máy tính bảng",https://www.lazada.vn/products/pdp-i2810186252.html,983.261 ₫,,
Microsoft Surface Pro 7 Nhập Khẩu Mỹ . Intel® Core™ i5 -I7-1035G4 Tặng Kèm Typer Cover & Sạc Microsoft Chính hãng Tại PlayMobile,https://www.lazada.vn/products/pdp-i2025527376.html,10.490.000 ₫,3.0,
DNXT Mới 2023 4G LTE CPE Hotspot Bộ định tuyến Wi-Fi Máy Tính Xách Tay Băng Rộng 3 Cổng Modem 5G MiFi Sim Card Với 4 Ăng Ten Mạng Di Động,https://www.lazada.vn/products/pdp-i2364519290.html,1.012.000 ₫,,
Hot UGEE S640 Graphic Tablet 6 Inch Drawing Tablets Digital Pen Pad Writing Drawing Board 8192 Stylus For Android Windows Mac Laptop,https://www.lazada.vn/products/pdp-i2741741142.html,899.999 ₫,,
Máy tính bảng Honor Pad 8 Tablet 12 inch Bàn phím thông minh,https://www.lazada.vn/products/pdp-i2580378032.html,1.119.278 ₫,,
"Dành cho máy tính bảng đơn NanoPi Duo2 AllwinnerH3, CortexA7 1.2GHz, với DDR3 512MB, bo mạch ứng dụng",https://www.lazada.vn/products/pdp-i3030557346.html,999.999 ₫,,
"Boya boyalink 3 không dây Lavalier micrô cho Iphone 15-16/Android/PC/máy tính bảng/máy ảnh, ai giảm tiếng ồn, 48KHz/32bit âm thanh phòng thu, ứng dụng điều khiển, 984ft 30h pin với sạc trường hợp cho vlog phỏng vấn",https://www.lazada.vn/products/pdp-i3108875030.html,1.990.000 ₫,,
Laptop Cooling Stand Laptop Cooling Pad with Dual Fan Portable Laptop Cooler Silent Foldable Tablet Stand,https://www.lazada.vn/products/pdp-i2836345575.html,259.319 ₫,,
Orange Pi Zero 3 Allwinner h618 Wifi bt5.0 Gigabit LAN Mini PC mã nguồn mở zero3 ban phát triển máy tính bảng đơn,https://www.lazada.vn/products/pdp-i2606763218.html,762.340 ₫,,
"Origina L13D3E31 LENOVO YOGA 10"" Tablet PC B8000 B8080 B8000-F B8000-H B8080-H B8080-F L13C3E31 3.75V 9000mAh",https://www.lazada.vn/products/pdp-i2814625511.html,415.647 ₫,,
[CHÍNH HÃNG] ROCKET 1H -LẺ 1 VIÊN- VIÊN UỐNG TĂNG CƯỜNG SINH LÝ PHÁI MẠNH BỔ THẬN TRÁNG DƯƠNG CƯỜNG LỰC CHÍNH HÃNG,https://www.lazada.vn/products/pdp-i1246769573.html,59.000 ₫,4.0,207 Đã bán
Mini đèn chiếu sáng phụ Clip-On Đèn LED chụp selfie Cho Điện Thoại Máy Tính Xách Tay máy tính bảng máy tính Máy Ảnh Phổ Rechargable màu trắng ấm Nhiếp Ảnh Trang Điểm Điền Đèn,https://www.lazada.vn/products/pdp-i2531362067.html,69.972 ₫,4.0,53 Đã bán
Tablet Backpack for Tablet 15.6 Inch Tablet Case Storage Bag,https://www.lazada.vn/products/pdp-i2590238130.html,118.422 ₫,,
Swisse | Viên Bổ Sung Canxi + Giảm Đau Khớp 180 Viên,https://www.lazada.vn/products/pdp-i3211980993.html,1.158.000 ₫,,"150 Đã bán
China"
"Viên uống tăng cường sinh lý nam Bổ Thận Men Max Az từ 500mg hàu biển, ba kích, ariginin giúp bổ thận, mạnh gân cốt - 30 viên",https://www.lazada.vn/products/pdp-i1687039312.html,89.000 ₫,4.0,
Giá Đỡ kim loại cho laptop máy tính bảng hỗ trợ tản nhiệt và điều chỉnh độ cao góc máy,https://www.lazada.vn/products/pdp-i2538302816.html,148.500 ₫,5.0,10 Đã bán
"Viên Uống Vitamin C Eundan 1000mg Hàn Quốc 120 Viên Trắng Da, Mờ Nám OTEL STARX,OE-VC120 Tăng Đề Kháng, Chống Oxy Hóa, Mọc Tóc Chuẩn Auth",https://www.lazada.vn/products/pdp-i2909677498.html,210.000 ₫,5.0,109 Đã bán
Combo 2 chai Kim Tiền Thảo 120mg - Chai 100 viên Đại Uy,https://www.lazada.vn/products/pdp-i2319862550.html,38.532 ₫,4.0,217 Đã bán
Hàng Mỹ - Cực Mạnh - Viên uống R0cket 1h Tăng cường sinh lý Kéo dài thời gian và Chống xuất tinh sớm- hộp 10 viên,https://www.lazada.vn/products/pdp-i2312206914.html,75.000 ₫,4.0,555 Đã bán
Viên bổ tổng hợp 18B - Nhân Sâm - Linh Chi ( hộp 100 viên),https://www.lazada.vn/products/pdp-i1850524178.html,95.000 ₫,5.0,15 Đã bán
30 Miếng Dán Giảm Phì Đại Chống Viêm Tuyến Tiền Liệt South Moon Giúp Bàng Quang Khỏe Mạnh (30 miếng),https://www.lazada.vn/products/pdp-i2133469990.html,118.800 ₫,4.0,253 Đã bán
Nội dung cao đa chiều Taurine máy tính bảng vitamin B máy tính bảng người lớn b1b2b6 nam giới và phụ nữ Vitamin C màu cam ngọt ngào hương vị 60 máy tính bảng b1b2b6 男女维生素c甜橙味 60,https://www.lazada.vn/products/pdp-i2675676230.html,137.978 ₫,,
"Cam Pi R1 512Mb H3 mã nguồn mở máy tính bảng với Ăng-ten Wifi, chạy Android 4.4, Ubuntu, Debian OS",https://www.lazada.vn/products/pdp-i2606752346.html,937.667 ₫,4.4,
Thiếu Niên Đi Bộ Máy Học S10 Màn Hình Cảm Ứng Ai Thông Minh S11 Máy Tính Bảng Chữ Viết Tay Màn Hình Bên Ngoài Kính Cường Lực,https://www.lazada.vn/products/pdp-i1852148840.html,97.000 ₫,5.0,7 Đã bán
Orange Pi ZERO 3 4GB RAM máy tính bảng đơn Allwinner h618 chip Wifi-BT5.0 LPDDR4 Gigabit Orange Pi zero3 ban phát triển,https://www.lazada.vn/products/pdp-i2605832989.html,976.551 ₫,,
[Bbees] 6.5 inch máy tính xách tay màn hình LCD Bảng viết gấp máy tính máy tính bảng Bảng vẽ kỹ thuật số với bút chỉ điểm,https://www.lazada.vn/products/pdp-i2730850114.html,497.000 ₫,,
COMFAST CF-WR758AC Bộ Lặp Không Dây Băng Tần Kép Gigabit 1200M Gia Dụng wifi Bộ Khuếch Đại Tín Hiệu,https://www.lazada.vn/products/pdp-i2612594938.html,982.143 ₫,,
Bộ Máy Tính Để Bàn Thẻ Wifi Intel 2030 Băng Tần Kép 9260 Mbps Bộ Chuyển Đổi Không Dây Bluetooth 5.0 802.11ac 9260NGW M.2 Bộ Ăng Ten 2x 6DBI,https://www.lazada.vn/products/pdp-i2625902247.html,236.813 ₫,5.0,
"Kính Râm Chống Ánh Sáng Xanh Kiểu Nổ, Nghe Nhạc Đa Năng, Gọi Thể Thao, Điều Hướng, Kính Thông Minh Bluetooth Bằng Giọng Nói",https://www.lazada.vn/products/pdp-i2823379734.html,801.351 ₫,,
Vankyo MatrixPad S30 Tablet Computer Touch Screen Ngoài Màn Hình Angs-ctp-101466 Phụ Kiện Máy Tính Di Động Màn Hình Vi Tính,https://www.lazada.vn/products/pdp-i2831967028.html,201.000 ₫,,"187 Đã bán
Hong Kong"
"Wavlink ac650 Mini USB bộ điều hợp Wi-Fi, 2.4G/5G không dây băng tần kép Card mạng cho máy tính để bàn máy tính xách tay, 802.11ac tiêu chuẩn, MU-MIMO khóa điện tử Wifi, hỗ trợ Windows XP/Vista/7/8/8.1/10/11, Mac 10.7-10.15",https://www.lazada.vn/products/pdp-i2400346478.html,262.770 ₫,,
3 phím 2.4G Chuột không dây bằng gỗ tre quang Chuột cho PC laptop máy tính,https://www.lazada.vn/products/pdp-i3134182353.html,409.395 ₫,,
Bộ Máy Tính Để Bàn Băng Tần Kép 2030Mbps Intel 9560 Bluetooth 5.0 802.11AC M.2 CNVI 9560NGW Thẻ Wifi Với Ăng Ten 6Dbi & Khung 12Cm Chiều Cao Đầy Đủ Cho Máy Tính Để Bàn,https://www.lazada.vn/products/pdp-i1123100519.html,300.000 ₫,5.0,9 Đã bán
"Wavlink ax3000 PCIe bộ điều hợp Wi-Fi, ba băng tần wifi 6E thế hệ tiếp theo với Bluetooth 5.2, lên đến 3000Mbps với 6GHz, MU-MIMO, ofdma, siêu độ trễ thấp cho máy tính để bàn, Hỗ trợ Windows 11, 10 (64bit)",https://www.lazada.vn/products/pdp-i2399907210.html,882.200 ₫,,
Hàng cực mạnh .Che tên sản phẩm.Rốc KÉT1h Cam kết hàng chính hãng hộp 10 viên tăng cường Sinh lý nam,https://www.lazada.vn/products/pdp-i3154744731.html,82.000 ₫,4.0,174 Đã bán
Hộp Hỗ Trợ M-ATX ITX MINI Phòng Tàu Điện Seaview 240 Làm Mát Bằng Nước Trò Chơi Để Bàn Khung Gầm Máy Chủ Máy Tính,https://www.lazada.vn/products/pdp-i2231339109.html,1.184.010 ₫,,
Viên uống ngừa Thai tháng 1 viên an toàn hiệu quả hộp 5 v,https://www.lazada.vn/products/pdp-i3001895626.html,56.580 ₫,5.0,23 Đã bán
Hộp 4viên nam giới nội địa thái lan,https://www.lazada.vn/products/pdp-i2956557511.html,140.000 ₫,4.0,94 Đã bán
"Saramonic Micro Cài Ve Áo Không Dây Chuyên Nghiệp Blink Go Plug-Play Có Chức Năng Khử Tiếng Ồn Cho Điện Thoại Android iPhone iPad Máy Tính Bảng Quay Video, YouTube, TikTok, Phát Trực Tiếp Trên Facebook",https://www.lazada.vn/products/pdp-i1938808550.html,2.820.000 ₫,5.0,30 Đã bán
Bill Mỹ - FertilAid Men,https://www.lazada.vn/products/pdp-i1597207443.html,1.358.000 ₫,,
"[ Hàng Mỹ - Cực Mạnh ] Viên uống R0cket 1h, Tăng cường sinh lý, Kéo dài thời gian & Chống xuất tinh sớm - Hộp 10 viên",https://www.lazada.vn/products/pdp-i2764296284.html,85.000 ₫,4.0,148 Đã bán
"Foldable Laptop Stand with Cooling Fan, Cooler Pad for Tablet - Enhanced Cooling Support and Portable Design",https://www.lazada.vn/products/pdp-i3119386816.html,410.500 ₫,,
"viên uống nội tiết AIYUE hộp 5 viên,1 tháng 1 viên",https://www.lazada.vn/products/pdp-i2862951039.html,59.000 ₫,,"50 Đã bán
Hà Nội"
Viên Uống Giảm Mụn Cho Da Nhờn 10 - 20,https://www.lazada.vn/products/pdp-i2511920047.html,279.000 ₫,5.0,152 Đã bán
Viên sủi giải độc mát gan Actiso tuýp 20 viên thanh lọc cơ thể.,https://www.lazada.vn/products/pdp-i2823931870.html,54.000 ₫,5.0,27 Đã bán
"Eyoyo Hộp Mã Vạch Bluetooth 1D, Đeo Tay Trái & Tay Phải Thoải Mái, Găng Tay Đọc Mã Vạch Không Dây Hoạt Động Với Máy Tính Bảng iPhone Android IOS PC",https://www.lazada.vn/products/pdp-i2147529319.html,995.101 ₫,,
Viên Sủi Vitamin Mivolis các loại tăng cường đề kháng - lọ 20 viên - Hàng nội địa Đức,https://www.lazada.vn/products/pdp-i2133292619.html,48.000 ₫,5.0,124 Đã bán
"[Chính Hãng] Một Viên ROCKET 1H SAO THÁI DƯƠNG - Bổ thận, tráng dương, kéo dài thời gian.",https://www.lazada.vn/products/pdp-i1391650816.html,60.000 ₫,4.0,98 Đã bán
"Viên Uống Tăng Cường Sinh Lý Nam GiớHàu biển giúp bổ thận tráng dương ,tăng cường sinh lý nam,- khẳng định đẳng cấp phái mạnh hộp 30 viên - Hiếu Thủy phamacy",https://www.lazada.vn/products/pdp-i2391436799.html,107.692 ₫,4.0,
"Eyoyo 2.4G không dây 1D 2D Máy quét mã vạch với cơ sở 3-trong-1 thông qua bluetooth có dây USB kết nối QR mã vạch quét đọc làm việc với Windows, Android, máy tính bảng hoặc máy tính",https://www.lazada.vn/products/pdp-i2627890405.html,999.000 ₫,,
ZTHOME [Home Tidying] 1PC có thể điều chỉnh Tablet PC đứng Tablet chủ máy tính xách tay làm mát đứng có thể gập lại,https://www.lazada.vn/products/pdp-i2920914854.html,22.079 ₫,,
"Teclast M50 Mini (2024) 8.7 ""m50mini máy tính bảng máy tính funda đánh thức tự động thông minh/ngủ Ba Giá đỡ gấp lại được Bìa Trường hợp với Ốp lưng nhựa TPU mềm",https://www.lazada.vn/products/pdp-i2806176074.html,55.449 ₫,,"7 Đã bán
China"
Bàn Phím Bluetooth 10.1 Inch Dùng Cho Máy Tính Bảng Ipad Bàn Phím Sạc Phổ Thông Bộ Chuột Không Dây,https://www.lazada.vn/products/pdp-i3140925742.html,55.000 ₫,,
"Viên Uống Tăng Cường Sinh Lý Nam Giới Pilot 1H giúp bổ thận tráng dương ,tăng cường sinh lý nam,- khẳng định đẳng cấp phái mạnh hộp 30 viên - TH PHARMA",https://www.lazada.vn/products/pdp-i2391436829.html,119.000 ₫,4.0,226 Đã bán
4G LTE Thiết bị định tuyến di động sạc dự phòng Chức Năng Hỗ Trợ 10 Người Dùng di động wifi Hotspot 2.4Ghz Wifi Xách Tay 10000MAh Pin Cho Máy Tính Bảng Cho Windows 7 8 10,https://www.lazada.vn/products/pdp-i3146653960.html,860.000 ₫,,
Nguồn Naturals Ultra-Mag 120 máy tính bảng,https://www.lazada.vn/products/pdp-i2664309364.html,833.000 ₫,,
Chuột Không Dây Bluetooth Im Lặng 3 Chế Độ cho Máy Tính xách Tay và Máy Tính Bảng,https://www.lazada.vn/products/pdp-i3205248758.html,257.000 ₫,4.0,
Ulanzi ST-29 Phổ Tablet Tripod Núi Đứng Điện Thoại Chủ W Lạnh Giày Đối Với iPhone iPad Air Pro Ngang Dọc Chụp,https://www.lazada.vn/products/pdp-i2638844001.html,426.274 ₫,,
"Giá Đỡ Máy Tính Xách Tay, MacBook, IPad L200 Hợp Kim Nhôm Cao Cấp Có Thể Tháo Rời, Dễ Dàng Lắp Ráp Hỗ Trợ Tản Nhiệt, Thiết Kế Kiểu Dáng Đẹp Và Sang Trọng.",https://www.lazada.vn/products/pdp-i2407383511.html,87.000 ₫,4.0,29 Đã bán
ROCKET 1 H CHÍNH HÃNG SAO THÁI DƯƠNG,https://www.lazada.vn/products/pdp-i3157094248.html,85.635 ₫,5.0,12 Đã bán
"Giấc ngủ vàng HD dưỡng tâm an thần, tạo giấc ngủ sâu và giấc ngủ tự nhiên, tăng cường hoạt huyết dưỡng não 30viên",https://www.lazada.vn/products/pdp-i2319706551.html,75.000 ₫,5.0,26 Đã bán
Magnesi B6 bổ sung vitamin B6 và Magnesi 100 viên,https://www.lazada.vn/products/pdp-i2954281098.html,22.000 ₫,5.0,36 Đã bán
Củ Sạc Nhanh 120W Cáp sạc 4 đầu. Cáp Sạc 4 trong 1 Sạc Nhanh Cho iPhone Xiaomi Huawei Samsung Ipad Realme Oppd Oneplus Máy Tính Bảng,https://www.lazada.vn/products/pdp-i3190926515.html,55.000 ₫,5.0,47 Đã bán
Viên uống tháng 1 viên Ayue Hồng Kông,https://www.lazada.vn/products/pdp-i1858151878.html,135.000 ₫,4.0,426 Đã bán
⚡PIN [ZIN] MSI BTY-S38 S9N-724H201-M47 Tablet 14.8V 29.6Wh Battery,https://www.lazada.vn/products/pdp-i3066259314.html,1.790.000 ₫,,
Vention không dây loại c để hdmi máy phát và máy thu 5.8ghz wifi ban nhạc 4k 30hz đầu ra cho máy tính xách tay máy tính bảng điện thoại android iphone 16 15 màn hình máy chiếu cắm và chơi truyền usb c sang hdmi không dây,https://www.lazada.vn/products/pdp-i3014053878.html,2.459.000 ₫,5.0,
Viên sủi Magnesium Mivolis của Đức giúp bổ sung Magie nhằm duy tri tốt hệ thần kinh và hệ cơ bắp cho người tập gym,https://www.lazada.vn/products/pdp-i1858486199.html,48.000 ₫,5.0,76 Đã bán
"Máy làm sữa hạt đa năng SEKA E300 dung tích 1.75 lít, Máy xay nấu đa năng làm sữa hạt - Hàng chính hãng – Bảo hành 12 tháng",https://www.lazada.vn/products/pdp-i2485208307.html,949.000 ₫,,
Boya BY-WM3T không dây Lavalier ve áo Microphone với 100m phạm vi khử tiếng ồn 2.4GHz đôi mics mic cho iPhone iPad Andriod điện thoại thông minh máy ảnh DSLR phỏng vấn podcast vlog,https://www.lazada.vn/products/pdp-i2660010763.html,1.990.000 ₫,,
"(100 viên) Vitamin tổng hợp Multivitamin - Bổ sung vitamin, tăng cường sức đề kháng và miễn dịch",https://www.lazada.vn/products/pdp-i3091466532.html,19.000 ₫,5.0,11 Đã bán
Combo 5 Viên Nén Xơ Dừa Hữu Cơ Tốt Cho Cây Trồng + Tặng kèm 2 Túi Hạt Giống F1,https://www.lazada.vn/products/pdp-i2664434518.html,69.900 ₫,4.0,114 Đã bán
"il Calcium nano bổ sung canxi phòng ngừa loãng sương, phát triền chiều cao 30viên f",https://www.lazada.vn/products/pdp-i2539022133.html,49.000 ₫,5.0,14 Đã bán
Intel Core I3 6100 7100 I5 6500 7500 I7 7700 LGA1151 CPU Tương Thích Với H311 Bảng Điều Khiển Chủ Máy Tính Để Bàn Mới,https://www.lazada.vn/products/pdp-i2391080425.html,360.000 ₫,,"432 Đã bán
Hong Kong"
2 Hộp Magnesi B6 Đại Uy (Hộp 100 viên) - Bổ sung Magiê và Vitamin B6 cho cơ thể,https://www.lazada.vn/products/pdp-i1701629591.html,35.000 ₫,5.0,156 Đã bán
Viên uống vitamin MAGNESIUM B6 Thái Bình hộp 100 viên,https://www.lazada.vn/products/pdp-i3152951784.html,34.650 ₫,4.0,19 Đã bán
Camera nội soi chống nước công nghiệp HD 3 trong 1 Thích hợp cho máy tính bảng và điện thoại di động,https://www.lazada.vn/products/pdp-i3100483639.html,89.000 ₫,5.0,5 Đã bán
Playful Place Kim loại 360 ° xoay điện thoại di động Tablet chủ chống trượt có thể gập lại điều chỉnh di động lười biếng Máy tính để bàn sống điện thoại di động đứng núi,https://www.lazada.vn/products/pdp-i2748896935.html,17.941 ₫,4.0,
VITAMIN B1 APCO CHAI 100 VIÊN,https://www.lazada.vn/products/pdp-i2169193894.html,31.680 ₫,4.0,148 Đã bán
Viên uống ngừa thai tháng 1 viên an toàn hiệu quả hộp 5 viên,https://www.lazada.vn/products/pdp-i2935693163.html,68.310 ₫,5.0,7 Đã bán
Chuột Không Dây Bluetooth Sạc Yên Tĩnh cho Văn Phòng Kinh Doanh Laptop iPad,https://www.lazada.vn/products/pdp-i3231346612.html,72.000 ₫,,
"1 HỘP Viên uống NAC- NOW USA - SẢN PHẨM ĐƯỢC YÊU THÍCH TRÊN THỊ TRƯỜNG HIỆN NAY, DÙNG RẤT TỐT LUÔN Ạ, DÙNG RẤT THÍCH, KHÁCH YÊU TRẢI NGHIỆM ỦNG HỘ",https://www.lazada.vn/products/pdp-i3153254067.html,1.399.900 ₫,,
Orange Pi R1 cộng với LTS RK3328 1GB dual Gigabit Ethernet cổng openwrt lede bảng máy tính kim loại trường hợp Mini Router,https://www.lazada.vn/products/pdp-i2606680981.html,983.261 ₫,,
Đế tản nhiệt laptop macbook máy tính bảng SIDOTECH Q100 làm mát nhanh với 2 quạt lớn chống ồn đèn led gaming giúp mát máy tăng fps giảm giật lag cho văn phòng game thủ - Hàng chính hãng,https://www.lazada.vn/products/pdp-i1941988135.html,199.000 ₫,4.0,
Vitamin C Chai 1000 viên Đại Uy - Tăng cường sức đề kháng,https://www.lazada.vn/products/pdp-i2430585255.html,72.270 ₫,5.0,
Meterk Màn hình LCD 2.1in IPS Máy tính CPU làm mát bằng nước Màn hình vòng CPU buzhi huiop dsfen IPS di động CPU ammoon,https://www.lazada.vn/products/pdp-i2653082606.html,1.535.178 ₫,,
[ CHÍNH HÃNG ] Viên Uống Spartan Titan Damode - Bồi Bổ Toàn Diện Sức Khỏe Nam Giới Cải Thiện Sức Khỏe Sinh Lý,https://www.lazada.vn/products/pdp-i2194034698.html,1.549.800 ₫,,
"Eyoyo Máy Quét Mã Vạch 2D Có Đế, Máy Quét Mã Vạch Không Dây 3 Trong 1 Bluetooth & USB Có Dây & 2.4G, Pin 2500MAh Với Chỉ Báo Mức Năng Lượng, Hoạt Động Với Windows, Android, IOS, máy Tính Bảng Hoặc Máy Tính",https://www.lazada.vn/products/pdp-i2097057835.html,990.000 ₫,4.0,39 Đã bán
Viên uống Calcium Citrate Magnesium and Zinc 500v Mỹ Kirkland,https://www.lazada.vn/products/pdp-i1660139398.html,345.000 ₫,4.0,660 Đã bán
🐟 🐟 𝐎𝐦𝐞𝐠𝐚 𝟑𝟔𝟗 𝐒𝐮𝐩𝐩𝐨𝐫𝐭 𝐇𝐞𝐚𝐥𝐭𝐡 𝐇𝐞𝐚𝐫𝐭 𝐌𝐞𝐦𝐛𝐞𝐫'𝐬 𝐌𝐚𝐫𝐤 𝐜𝐮̉𝐚 𝐌𝐲̃,https://www.lazada.vn/products/pdp-i2424989729.html,769.000 ₫,4.0,11 Đã bán
Viên Sủi Bổ Sung Vitamin C 1g OPC Tuýp 10 Viên,https://www.lazada.vn/products/pdp-i1614657822.html,28.000 ₫,4.0,62 Đã bán
DHC Vitamin nhóm B tổng hợp 60 Viên Bổ Sung Vitamin B cho cả Nam và Nữ,https://www.lazada.vn/products/pdp-i3161428392.html,232.000 ₫,4.0,489 Đã bán
Solakaka chuột không dây không ồn ào nhấp chuột 2.4GHz Bluetooth có thể sạc chuột 4200DPI 7 im lặng nút chuột quang cho máy tính bảng/máy tính xách tay/Máy tính để bàn (SM66),https://www.lazada.vn/products/pdp-i2497316059.html,139.000 ₫,4.0,106 Đã bán
Bộ Bàn Phím và Chuột Bluetooth Không Dây Im Lặng cho Laptop Tablet iPad,https://www.lazada.vn/products/pdp-i3204995468.html,137.000 ₫,,
Jarrow công thức Vegan nmn 125 mg 60 viên,https://www.lazada.vn/products/pdp-i2664218976.html,2.392.000 ₫,,
Bàn phím chuột Bluetooth BOW K161D-3 hai chế độ cho laptop máy tính bảng iPad Huawei Oppo,https://www.lazada.vn/products/pdp-i3178733603.html,352.000 ₫,4.0,
Bàn phím ko dây Bluetooth siêu mỏng siêu nhẹ cho Android/tablet táo/ĐT táo,https://www.lazada.vn/products/pdp-i1942036502.html,99.000 ₫,5.0,
Màn Hình LCD Keypad Số USB XK503U Nhập Mật Khẩu Máy Tính Bảng Gõ Mật Khẩu Thiết Bị Máy Tính Văn Phòng Xuất Xứ Trung Quốc,https://www.lazada.vn/products/pdp-i3153638378.html,874.000 ₫,,"6 Đã bán
China"
"BOYA Micro Ngưng Tụ Để Bàn USB BY-CM6 Tương Thích Với Hầu Hết Android, Máy Tính Bảng Và Mac/Windows Để Ghi Âm, Phát Trực Tuyến, Chơi Game, Podcasting-Màu Đen Cổ Điển",https://www.lazada.vn/products/pdp-i1860882202.html,1.410.000 ₫,5.0,17 Đã bán
POLONE có bàn di chuột Bàn phím Bluetooth Giá đỡ điện thoại PC Gấp lại Bàn phím có thể gập lại Không dây Bàn phím máy tính bảng Cho iOS/Android/Cửa sổ/Mac,https://www.lazada.vn/products/pdp-i3205069023.html,571.765 ₫,,
Rocket 1h Viên Uống ROCKET 1H Tăng Cường Sinh Lý Nam Hàng Chính Hãng Mỹ Kéo Dài Thời Gian Hũ 10 Viên - LECARO STORE,https://www.lazada.vn/products/pdp-i1955771370.html,125.000 ₫,5.0,206 Đã bán
【 100% xác thực】bosto máy quét mã vạch qr 2d 1d với màn hình tft 3 trong 1 bt & 2.4ghz không dây & kết nối có dây âm thanh và máy rung hỗ trợ nhanh chóng lưu trữ ngoại tuyến tương thích với cửa sổ android linux mac cho siêu thị bán lẻ thư viện kho hậu cần,https://www.lazada.vn/products/pdp-i2414241326.html,1.543.770 ₫,,
Máy làm sữa hạt nấu cháo đa năng nieshield/seka e300 bảng điều khiển tiếng việt bảo hành 12 tháng,https://www.lazada.vn/products/pdp-i2414220106.html,1.515.700 ₫,,
Tốc độ cao Type-C để RJ45 LAN Bộ chuyển đổi Ethernet 100 / 1000 Mbps USB C để Ethernet RJ45 LAN ổ đĩa miễn phí cho PC máy tính xách tay điện thoại di động hệ điều hành Android máy tính bảng,https://www.lazada.vn/products/pdp-i2588619059.html,113.900 ₫,5.0,24 Đã bán
Bàn Phím Buetooth Không Dây Cảm Ứng Cho Android Tablet IOS Có Touchpad,https://www.lazada.vn/products/pdp-i3139703502.html,190.080 ₫,,
E-WOITD 1PC 1200Mbps Bluetooth 4.0 WIFI Card mạng không dây NGFF Wifi Dongle AC băng tần kép 2.4G 5G cho máy tính xách tay 7260 7260NGW,https://www.lazada.vn/products/pdp-i3113228170.html,59.880 ₫,5.0,
VITAMIN 3B NEULOBION HỘP 50 VIÊN,https://www.lazada.vn/products/pdp-i1888377934.html,23.200 ₫,4.0,572 Đã bán
"1 TUÝP C SỦI 4G 20 VIÊN ĐỦ VỊ : CAM , CHANH TƯƠI , CHANH LEO , ACTISO, TĂNG LỰC, DÂU , DỨA , BÙ NƯỚC ĐIỆN GIẢI.",https://www.lazada.vn/products/pdp-i2932911541.html,19.000 ₫,5.0,185 Đã bán
BEWORTHS Viên Sắt với Vitamin C Hỗ trợ Sức khỏe Máu Tăng cường Mức năng lượng Tăng cường Phòng thủ Miễn dịch cho Phụ nữ và Nam giới,https://www.lazada.vn/products/pdp-i2261759528.html,110.000 ₫,5.0,333 Đã bán
Saramonic SmartRig II SmartRig + Micro 2 Kênh XLR/3.5Mm/6.35Mm Bộ Trộn Âm Thanh Tiền Khuếch Đại Với Micrô Giao Diện Âm Thanh Guitar Công Suất Ảo Cho Máy Ảnh DSLR Máy Quay Phim iPhone iPad Mac Và Điện Thoại Thông Minh Android,https://www.lazada.vn/products/pdp-i1913175929.html,2.598.700 ₫,5.0,7 Đã bán
"Viên uống bổ máu Fevitt Nano bổ sung Sắt hữu cơ, Acid Folic, giảm tình trạng thiếu máu, thiếu sắt - 30 viên - Bách Hóa Khỏe Đẹp VN",https://www.lazada.vn/products/pdp-i1685102083.html,39.000 ₫,5.0,42 Đã bán
"Vitamin AD - Hộp 100 viên - Sáng mắt đẹp da ,Giúp trẻ chắc xương, phát triển hệ xương khẻo mạnh, cao lớn.",https://www.lazada.vn/products/pdp-i1849092931.html,39.000 ₫,4.0,54 Đã bán
"Saramonic Blink500 ProX Hệ Thống Micro Cài Áo Không Dây 2.4Ghz Dòng Q Với Bộ Phát Và Bộ Thu Cho iPhone, iPad, Android, Máy Tính Xách Tay, Máy Ảnh DSLR, Máy Quay Phim, Phạm Vi 230ft, Micrô Cài Áo Để Ghi Âm, Giảng Dạy, vlog, Phát Trực Tiếp, YouTube",https://www.lazada.vn/products/pdp-i2122239593.html,2.600.000 ₫,5.0,8 Đã bán
"Bộ Bàn Phím Chuột không dây W201 nhỏ gọn - cho máy tính , Laptop , điện thoại , máy tính bảng",https://www.lazada.vn/products/pdp-i759910947.html,228.000 ₫,4.0,476 Đã bán
"Tuyp viên sủi 20 viên trong hộp hương vị đa dạng chọn lựa khoáng chất Giúp bổ sung vitamin cho cơ thể, tăng cường sức khỏe, nâng cao sức đề kháng. ✔ Quy cách: Tuýp 20 viên =========================== 1. Thành phần cấu tạo: Viatmin C .........300mg Kẽm",https://www.lazada.vn/products/pdp-i2739741881.html,40.000 ₫,,
Chuột Không Dây Bluetooth Sạc Nhanh Ít Ồn cho Laptop Máy Tính Bàn iPad Văn Phòng Chơi Game,https://www.lazada.vn/products/pdp-i3205482476.html,76.000 ₫,4.0,7 Đã bán
THỰC PHẨM HỖ TRỢ SỨC KHỎE ROCKET 1 H SAO THÁI DƯƠNG CHÍNH HÃNG,https://www.lazada.vn/products/pdp-i3136537347.html,98.010 ₫,5.0,15 Đã bán
"Chuột Bluetooth Không Dây Siêu Mỏng Không Gây Tiếng Ồn 800-1600dpi Cho Laptop, Máy Tính, Máy Tính Bảng, Điện Thoại",https://www.lazada.vn/products/pdp-i2385785080.html,57.000 ₫,4.0,568 Đã bán
"(Giao hàng ngay) Bàn phím bluetooth không dây mini HP 10 inch / chuột không dây cho điện thoại di động và máy tính bảng, các màu có sẵn",https://www.lazada.vn/products/pdp-i1605059925.html,165.000 ₫,4.0,
"Eyoyo Máy Quét Mã Vạch Bluetooth Kẹp Sau 2D Hoạt Động Với Điện Thoại, Máy Đọc Mã Vạch Di Động Với Chức Năng Bluetooth Máy Quét Hình Ảnh QR 1D 2D PDF417 Quét Mã Ma Trận Dữ Liệu Maxicode Tương Thích Với Hệ Thống Android, IOS",https://www.lazada.vn/products/pdp-i1812623582.html,992.379 ₫,4.0,158 Đã bán
"Mulittea Viên sắt cacbonyl 68mg với Vitamin C 250mg và axit folic giúp tăng cường hấp thụ, hoạt huyết bầm tím và hỗ trợ năng lượng, giảm táo bón",https://www.lazada.vn/products/pdp-i2475772199.html,123.000 ₫,5.0,116 Đã bán
UGREEN Tri-Mode 26000 DPI Ergonomic Gaming Mouse Bluetooth 5.3 2.4G Wireless Silent 6 Buttons for MacBook Tablet Laptop Mute Quiet Mouse Model: 35881,https://www.lazada.vn/products/pdp-i2910411268.html,2.199.100 ₫,,
Viên uống ngừa Thai tháng 1 viên vỉ 5 viên an toàn hiệu quả,https://www.lazada.vn/products/pdp-i2842130384.html,69.000 ₫,4.0,87 Đã bán
CENTRUM FOR MEN 50+ 90 Tablets,https://www.lazada.vn/products/pdp-i2141323127.html,485.000 ₫,,
Vitamin Tăng Cân TP Thái Lan ( Có check mã vạch sp chính hãng ),https://www.lazada.vn/products/pdp-i2468962427.html,198.414 ₫,5.0,927 Đã bán
Viên uống ngừa thai tháng 1 viên an toàn hiệu quả hộp 5 viên,https://www.lazada.vn/products/pdp-i2935620420.html,68.310 ₫,5.0,14 Đã bán
Viên uống Rocket 1h giúp tăng cường sinh lý nam - Viên màu xanh nhạt không chữ hàng cao cấp,https://www.lazada.vn/products/pdp-i3143343291.html,35.000 ₫,4.0,18 Đã bán
Khuôn Máy Tính 2U Chống Bụi Tiêu Chuẩn PC 330MM MATX Bảng Điều Khiển Máy Chủ Máy Chủ Tường Lửa ROS Khuôn Máy Tính Mới,https://www.lazada.vn/products/pdp-i2529029168.html,1.176.000 ₫,5.0,165 Đã bán
"Fly Men Dmex Hộp 20 viên - Hỗ trợ bổ thận tráng dương, tăng cường sinh lực",https://www.lazada.vn/products/pdp-i2746603557.html,315.000 ₫,,
Vitamin tan chậm cho cây (Gói 30 viên) bns được cho tất cả các loại cây,https://www.lazada.vn/products/pdp-i2720682404.html,55.000 ₫,,
Gigabyte Z97 H97 Z97M Z97 HD3 Bảng Điều Khiển Máy Tính Để Bàn Intel LGA1150 Hỗ Trợ NVME M.2 Bảo Hành Hai Năm Thay Thế,https://www.lazada.vn/products/pdp-i2838021324.html,952.000 ₫,1.0,56 Đã bán
Essager 1000 Mbps mạng Ethernet để Loại C Adapter Type-C 100 Mbps Adapter Tương thích với Windows MacOS máy tính máy tính bảng điện thoại thông minh,https://www.lazada.vn/products/pdp-i2700298064.html,193.622 ₫,4.0,80 Đã bán
B．O．W | Bộ Bàn Phím và Chuột Không Dây cho Việc Gõ Phím trên Điện Thoại Thông Minh Máy Tính Bảng và Laptop,https://www.lazada.vn/products/pdp-i3193578756.html,444.000 ₫,4.0,
BOYA Hệ Thống Micro Không Dây Siêu Nhỏ Gọn BY-XM6 K1/K2 2.4GHz Micro Cài Ve Áo Không Dây Chuyên Nghiệp Có Màn Hình OLED Và Hộp Sạc Cho Vlog Video Phỏng Vấn YouTube Facebook Máy Ảnh DSLR Trực Tiếp iPhone iPad Điện Thoại Thông Minh Android Máy Tính Bảng,https://www.lazada.vn/products/pdp-i1939111820.html,3.525.000 ₫,5.0,10 Đã bán
GNC Men 'S Saw Palmetto Formula 120 Viên,https://www.lazada.vn/products/pdp-i2957773855.html,1.083.000 ₫,,
Bảng Mạch Chính Máy Lọc Không Khí Xiaomi pro Bảng Mạch Nguồn Bảng Mạch Máy Tính Đèn LED 30W 220V 50HZ PCB Circuits,https://www.lazada.vn/products/pdp-i3141095066.html,611.000 ₫,,"30 Đã bán
China"
"EWEADN | Bộ bàn phím giả cơ và chuột V20, Không dây Bluetooth, Gõ êm Silent, Layout 60%, cho Tablet & Laptop",https://www.lazada.vn/products/pdp-i3194418409.html,1.479.000 ₫,4.0,
Bảng Điều Khiển Biến Tần LG Tủ Lạnh Bảng Mạch Chủ Máy Tính Nhiều Mẫu EBR778777-12-23-05-21-11-13--04-16 Phụ Kiện Điện Tử,https://www.lazada.vn/products/pdp-i3220309008.html,942.000 ₫,,
Bàn Phím Không Dây 10 Inch Cho iPad pro 11 Air 5 4 3 5 6 Bàn Phím Không Dây Đa Chức Năng Cho Máy Tính Xách Tay Và Máy Tính Để Bàn,https://www.lazada.vn/products/pdp-i3178320575.html,516.000 ₫,,
Viên Nén Chay GNC Zinc 50Mg 250,https://www.lazada.vn/products/pdp-i2270857520.html,525.000 ₫,,
Viên Tăng Cường Sinh Lý Nam,https://www.lazada.vn/products/pdp-i1843895817.html,75.000 ₫,5.0,23 Đã bán
"Viên uống tăng cân Trùng thảo sâm nhung bổ tỳ khai vị đại bổ hoàn nhập khẩu Malaysia giúp ăn ngon miệng, ngủ ngon - Mã số 1407",https://www.lazada.vn/products/pdp-i3133294626.html,150.000 ₫,3.0,55 Đã bán
"Eyoyo Máy Quét Mã Vạch Bluetooth 2D QR 1D Mini, Có Bluetooth & 2.4G Không Dây & USB Có Dây 3 Chế Độ Kết Nối, Máy Quét Hình Ảnh Ma Trận Dữ Liệu PDF417 Di Động Cho iPad, iPhone, Android, Máy Tính Bảng",https://www.lazada.vn/products/pdp-i1812656599.html,999.900 ₫,,"8 Đã bán
China"
"Chuột Không Dây Bluetooth Free Wolf A3 Pin Sạc Nút im Lặng Chống Ồn Cho Máy Tính, Laptop, Ipad",https://www.lazada.vn/products/pdp-i2802025371.html,145.000 ₫,5.0,88 Đã bán
Tả Quy Hoàn - Đồng Nhân Đường,https://www.lazada.vn/products/pdp-i2702478593.html,1.080.000 ₫,,
"Saramonic Micrô Bluetooth Không Dây BTW Micrô Lavalier Giảm Tiếng Ồn Ghi Âm Phạm Vi Hoạt Động 80M Tương Thích Với iPhone Android, Máy Tính Bảng, Máy Tính Xách Tay Phát Trực Tiếp Vlog",https://www.lazada.vn/products/pdp-i1876340290.html,1.820.000 ₫,5.0,17 Đã bán
K82 Bàn phím chơi game đèn RGB Bàn Phím Cơ Cổng USB Gamer Bàn Phím 94 Phím Hot-Trao Đổi Bàn Phím Cho Bàn máy tính bảng,https://www.lazada.vn/products/pdp-i2570594974.html,704.512 ₫,,
"Saramonic Blink100 B1-B6 2.4G Micro Không Dây Cho iPhone,iPad, Máy Ảnh, DSLR, Micrô Ve Áo Không Dây Android Cho Điện Thoại Quay Video Phỏng Vấn Vlog YouTube Facebook Tiktok Livestream Giảm Tiếng Ồn Thời Lượng Pin 10 Giờ",https://www.lazada.vn/products/pdp-i1979986941.html,2.080.000 ₫,3.0,21 Đã bán
Multivitamin Đại Uy,https://www.lazada.vn/products/pdp-i2430431751.html,29.700 ₫,,"6 Đã bán
Hồ Chí Minh"
"Viên uống collagen cho nam youtheory mens type 1 2 & 3 390 viên - SẢN PHẨM CHẤT LƯỢNG CAO, ĐƯỢC YÊU THÍCH SĂN ĐÓN TRÊN THỊ TRƯỜNG HIỆN NAY, HÀNG ĐẢM BẢO DÙNG SIÊU THÍCH MỜI KHÁCH YÊU TRẢI NGHIỆM",https://www.lazada.vn/products/pdp-i2730395750.html,949.900 ₫,,
WellOva Max - Bổ Trứng Hỗ Trợ Mang Thai Tự Nhiên,https://www.lazada.vn/products/pdp-i2494666440.html,1.147.000 ₫,,
Zin C Roxtech Xanh Lá - Rostex - Vinaphar - Vitamin Thanh Lọc,https://www.lazada.vn/products/pdp-i3109279782.html,47.700 ₫,5.0,82 Đã bán
"1080P Wireless -Compatible Streaming Adapter -Compatible Same-Screen Device,for Phone/Tablet/Projector Black Plastic+Metal 1 Set",https://www.lazada.vn/products/pdp-i3200421268.html,270.100 ₫,,
Bàn Phím Nhôm Không Dây Cho Máy Tính Bảng Mac Hỗ Trợ Phổ Thông Cho Hệ Điều Hành IOS Android Windows kích thước 10 inch,https://www.lazada.vn/products/pdp-i2594150641.html,101.133 ₫,5.0,
Viên uống tăng cường sinh lý nam bổ thận tráng dương Bổ Thận Nam - Hộp 30 viên thành phần thảo dược,https://www.lazada.vn/products/pdp-i1385833210.html,99.000 ₫,5.0,348 Đã bán
VITAMIN B1 2.5MG LỌ 100 VIÊN,https://www.lazada.vn/products/pdp-i1894232680.html,15.000 ₫,4.0,588 Đã bán
Zin C Roxtech Nâu - Rostex - Vinaphar - Vitamin Thanh Lọc,https://www.lazada.vn/products/pdp-i3110951055.html,50.880 ₫,5.0,40 Đã bán
"Viên Sủi Energy Alpha+ Hương Vị Nước Tăng Lực Giúp Cơ Thể Tỉnh Táo, Giảm Mệt Mỏi, Tăng Cường Sức Khoẻ",https://www.lazada.vn/products/pdp-i2824847345.html,18.500 ₫,4.0,174 Đã bán
Vitamin 3b medi (Hộp 10 vỉ x 10 viên),https://www.lazada.vn/products/pdp-i3108870935.html,150.000 ₫,,
Combo 10 tuýp c sủi PLUSZS - BỔ SUNG VITAMIN C-TĂNG SỨC ĐỀ KHÁNG,https://www.lazada.vn/products/pdp-i483468579.html,131.370 ₫,4.0,808 Đã bán
B．O．W | Bàn Phím Bluetooth Gập Cho Android và iPad,https://www.lazada.vn/products/pdp-i3194426088.html,429.000 ₫,4.0,5 Đã bán
Myvitamins - Viên uống Vitamin Tổng Hợp Alpha Men,https://www.lazada.vn/products/pdp-i3089264040.html,190.000 ₫,5.0,11 Đã bán
"BOYA Hệ Thống Micro Không Dây BY-M1LV 2.4GHz 1 Bộ Phát & 1 Bộ Thu Tương Thích Với iPhone, Điện Thoại Thông Minh Android Type-C Và Máy Tính Bảng (Dải Âm Thanh 328 'Ft) Để Phát Trực Tuyến Vlog YouTube",https://www.lazada.vn/products/pdp-i1812838770.html,1.321.140 ₫,5.0,
Miếng Lau Giảm Mụn Stridex Toner Pad BHA Tẩy Tế Bào Cho Da Nhạy Cảm BHA 0.5% - 1% - 2% (hộp 55 miếng),https://www.lazada.vn/products/pdp-i3193250134.html,110.700 ₫,0.5,
Combo Axit béo hàng công ty loại 1 đặc và sệt Và Kích xoăn Hydro hàng chuẩn loại 1 HV203,https://www.lazada.vn/products/pdp-i2214602349.html,95.000 ₫,,
Viên uống ngừa thai tháng 1 v an toàn hiệu quả hộp 5 viên,https://www.lazada.vn/products/pdp-i3007894326.html,68.000 ₫,5.0,36 Đã bán
Viên Uống Magie B6 / Magnesi B6 Đại Uy Bổ Sung Magie Cho Cơ Thể - Hộp 100 Viên,https://www.lazada.vn/products/pdp-i2431755697.html,22.000 ₫,5.0,8 Đã bán
VITAMIN 3B B1 B6 B12 PHONG PHÚ HỘP 100 VIÊN,https://www.lazada.vn/products/pdp-i2394620826.html,37.620 ₫,4.0,32 Đã bán
Xả hàng - Bàn phím không dây Bluetooth mini cho máy tính bảng/BÀN PHÍM KÈM CHUỘT KEYBOARD + MOUSE BLUETOOTH KHÔNG DÂY MINI KIT dùng Pin AA,https://www.lazada.vn/products/pdp-i1073560656.html,85.635 ₫,4.0,65 Đã bán
"Viên Sủi Tăng Lực, giảm mệt mỏi, tăng cường sức khỏe Tub 20 Viên",https://www.lazada.vn/products/pdp-i3031379583.html,45.000 ₫,,
"GPGP GreenPeople Viên bổ sung sắt 65mg Sắt nguyên tố 125mg Vitamin C giúp da sáng mịn, chống oxy hóa, hỗ trợ năng lượng và hệ thống miễn dịch",https://www.lazada.vn/products/pdp-i2746970822.html,125.000 ₫,5.0,22 Đã bán
"(tặng sắt bổ máu) Combo 2 hộp Viên uống tăng cường sinh lý nam Bổ Thận Men Max Az từ 500mg hàu biển, ba kích, ariginin giúp bổ thận, mạnh gân cốt - 30 viên",https://www.lazada.vn/products/pdp-i1688700797.html,178.000 ₫,4.0,
Caltrate(CALTRATE) | Calcium D3 Vitamin Supplement 120 viên Mỹ Caltrate Calcio + Vitamin D Minerals Strong Bones Import Viên đa khoáng,https://www.lazada.vn/products/pdp-i3182507672.html,607.000 ₫,5.0,152 Đã bán
"Acer | Bàn Phím Bluetooth Không Dây Im Lặng cho Văn Phòng, Sạc Laptop Ngoại vi, Tương thích với Điện Thoại và Máy Tính Bảng",https://www.lazada.vn/products/pdp-i3196800040.html,357.000 ₫,4.0,
"EWEADN | Bộ bàn phím và chuột không dây Bluetooth, Siêu mỏng nhẹ, Gõ êm Silent, Phím tròn Retro, cho iPad & Laptop",https://www.lazada.vn/products/pdp-i3195237467.html,342.000 ₫,4.0,
Máy Tính Bảng Điện Dung Auwah X5R 16V 0201 Chip 0.1uF 0.22 0.47uF 100nF 220 470nF 104K Điện Tử Phần Cứng,https://www.lazada.vn/products/pdp-i3140880917.html,20.000 ₫,,"44 Đã bán
China"
"Biotech USA Tribulus Maximus 1500mg Tablets - Men's Health & Wellness Supplement, 90 Pills Import from USA",https://www.lazada.vn/products/pdp-i2935464729.html,750.000 ₫,5.0,
"[TREND 2023] Máy xay sinh tố đa năng, máy xay sinh tố cầm tay mini dung tích 300ml, công suất 40w, có 6 lưỡi dao bằng thép không rỉ, giá rẻ hơn máy xay philip, osaka, máy xay sinh tố công nghiệp",https://www.lazada.vn/products/pdp-i1997833871.html,109.000 ₫,4.0,480 Đã bán
"Combo 3 hộp Viên uống tăng cường sinh lý nam Bổ Thận Nam bổ thận tráng dương, mạnh gân cốt - Hộp 30 viên thành phần thảo dược",https://www.lazada.vn/products/pdp-i1132558873.html,297.000 ₫,4.0,100 Đã bán
"Combo 2 hộp Viên uống tăng cường sinh lý nam Bổ Thận Nam bổ thận tráng dương, mạnh gân cốt - Hộp 30 viên thành phần thảo dược",https://www.lazada.vn/products/pdp-i1143628587.html,198.000 ₫,5.0,24 Đã bán
Viên uống Magnesi B6 Đại Uy bổ sung magie vitamin B và khoáng chất cho cơ thể – Hộp 100 viên,https://www.lazada.vn/products/pdp-i1448807038.html,30.000 ₫,5.0,349 Đã bán
Acer chuột có dây 3200DPI Chuột chơi game nhẹ màu RGB ánh sáng công thái học im lặng nhấp chuột cho máy tính xách tay máy tính bảng Máy tính để bàn,https://www.lazada.vn/products/pdp-i2839323828.html,92.051 ₫,5.0,43 Đã bán
Viên uống ngừa thai nội địa Trung tháng 1 v chính hãng,https://www.lazada.vn/products/pdp-i2978798181.html,64.350 ₫,5.0,82 Đã bán
GOOJODOQ Bàn Phím Không Dây Bluetooth Đèn Led RGB Pha Lê Trong Suốt Có Bàn Di Chuột Tiếng Anh Cho Điện Thoại Cho iPad Pro Air Cho Xiaomi Huawei Android Windows,https://www.lazada.vn/products/pdp-i2009501250.html,319.000 ₫,5.0,255 Đã bán
"Bàn phím Bluetooth mini cao cấp dành cho điện thoại máy, tính bảng BA15",https://www.lazada.vn/products/pdp-i1809796216.html,138.000 ₫,,
Vitamin C 500 Vỉ - Bảo Nguyên - Takarai - Vitamin Chữa Lành,https://www.lazada.vn/products/pdp-i3094313881.html,103.880 ₫,5.0,11 Đã bán
[COMBO 3 TUÝP X 20 VIÊN] Viên sủi Plusssz Multivitamin + Plusssz Vitamin C & Kẽm + Plusssz Calcium,https://www.lazada.vn/products/pdp-i1523278865.html,162.666 ₫,5.0,167 Đã bán
Giá Đỡ Tản Nhiệt Nhôm Cho Macbook Ipad Surface và máy tính xách tay Laptop Gọn Nhẹ,https://www.lazada.vn/products/pdp-i2594177290.html,113.000 ₫,,
"Bàn phím Bluetooth gấp gọn B023 kết nối không dây điện thoại, máy tính bảng, laptop có thể sạc lại",https://www.lazada.vn/products/pdp-i3169909315.html,240.000 ₫,,
"Viên uống bổ sung Kẽm Zinc 50mg hũ 100 viên, 400 viên [Hàng Mỹ]",https://www.lazada.vn/products/pdp-i1640767937.html,195.000 ₫,5.0,395 Đã bán
Viên uống tăng cường sinh lý nam bổ thận tráng dương Bổ Thận Nam - Hộp 30 viên thành phần thảo dược,https://www.lazada.vn/products/pdp-i1025098400.html,99.000 ₫,4.0,
VIÊN UỐNG NGĂN NGỪA RỤNG TÓC BIOTIN DHC NHẬT BẢN,https://www.lazada.vn/products/pdp-i2278820807.html,124.000 ₫,5.0,206 Đã bán
Combo 2 hộp viên tăng cân Thái Lan 9 Vitamin TP,https://www.lazada.vn/products/pdp-i2289315984.html,340.000 ₫,5.0,95 Đã bán
[ CHE TÊN SP ] VIÊN UỐNG NHẤT NAM DƯƠNG XỨ MƯỜNG TĂNG CƯỜNG SINH LÝ NAM 50 Viên,https://www.lazada.vn/products/pdp-i2353514672.html,410.000 ₫,,"6 Đã bán
Đăk Lăk"
"[TOP1 ] Viên kẽm giảm mụn, tăng cường miễn dịch Holland and Barrett ZinC 15mg with Copper (Bill Anh)",https://www.lazada.vn/products/pdp-i2494604716.html,342.000 ₫,,
Surface Pro Wireless Bluetooth Keyboard For Microsoft Surface Go 1 Go 2 Go 3 Go 4 Pro 7 Pro 6 Pro 5 Pro 4 Pro 3 Cover Ultra-Slim Wireless Bluetooth Keyboards With Trackpad,https://www.lazada.vn/products/pdp-i2737231177.html,670.000 ₫,5.0,6 Đã bán
Điện thoại di động Cooler đóng băng loại bán dẫn khu vực lớn Bộ tản nhiệt làm mát RGB quạt làm mát điện thoại xách tay Trọng lượng nhẹ Quạt làm mát điện thoại di động cho điện thoại thông minh máy tính bảng Card đồ họa,https://www.lazada.vn/products/pdp-i3177426653.html,340.000 ₫,,
All tool store-D13Pro Air Mouse with Touchpad Wireless PPT Pointer Bluetooth 2.4G Remote Control for PowerPoint/Tablet/Camera,https://www.lazada.vn/products/pdp-i3229841645.html,652.967 ₫,,
Viên uống ngừa Thai tháng 1 viên nội địa Trung,https://www.lazada.vn/products/pdp-i2940415103.html,68.310 ₫,5.0,23 Đã bán
"Viên uống Biotin vitamin H Giúp tóc và móng khỏe, Ngừa rụng tóc, Đẹp da - Minpharmacy",https://www.lazada.vn/products/pdp-i1958572092.html,15.500 ₫,5.0,280 Đã bán
(Giao hàng ngay) Bàn phím bluetooth không dây mini HP 10 inch / chuột không dây cho điện thoại di động và máy tính bảng các màu có sẵn,https://www.lazada.vn/products/pdp-i2880467880.html,133.000 ₫,5.0,15 Đã bán
Quạt tản nhiệt điện thoại sò lạnh MEMO CX02 nam châm từ tính hỗ trợ sạc không dây magsafe đèn led RGB gaming cho tablet,https://www.lazada.vn/products/pdp-i2425933227.html,963.700 ₫,,
Centrum | Viên Vitamin Đa Chức Năng cho Phụ Nữ 100 Viên,https://www.lazada.vn/products/pdp-i3182563460.html,560.000 ₫,4.0,306 Đã bán
Vitamin tổng hợp Centrum Advance /50+/Men/ women 90 viên Úc,https://www.lazada.vn/products/pdp-i2225244787.html,355.000 ₫,5.0,188 Đã bán
Lò Vi Sóng Đôi Tower 6 CPU Bằng Đồng 12001700x99 Máy Tính Để Bàn 2011 Lò Vi Sóng CPU Máy Tính Bằng Thép Không Gỉ 140mm,https://www.lazada.vn/products/pdp-i2896875379.html,389.000 ₫,,"354 Đã bán
Hong Kong"
Eyoyo không dây máy quét mã vạch 1D 2D QR mã vạch không dây hình ảnh Reader cho máy tính bảng iOS Android Bluetooth Mini Đầu đọc mã vạch,https://www.lazada.vn/products/pdp-i2659832805.html,990.000 ₫,,
Quạt Di Động Cầm Tay Puzhi Mini Turbo Lạnh Tốc Độ Cao Phong Cách Mở Quạt Đứng Màn Hình Máy Tính Bảng Quạt Đứng Màn Hình,https://www.lazada.vn/products/pdp-i2797678405.html,585.000 ₫,4.0,
Chuột không dây 2.4G Hỗ trợ Bluetooth 5.0 Chuột chơi game Ba chế độ Chuột quang 1600DPI im lặng cho máy tính bảng máy tính xách tay máy tính xách tay,https://www.lazada.vn/products/pdp-i2838444467.html,114.160 ₫,5.0,71 Đã bán
Viên uống lợi sữa Mekolactagil hộp 20 viên,https://www.lazada.vn/products/pdp-i1863245331.html,16.000 ₫,5.0,292 Đã bán
Pin (battery) 36WH HXFHF Dell Venue 11 Pro 7130 7139 Tablet VJF0X V11P7130 7.4V,https://www.lazada.vn/products/pdp-i131671286.html,1.090.000 ₫,5.0,15 Đã bán
"Bổ Thận Men Max AZ tăng cường sinh lý nam, bổ thận, tráng dương, mạnh gân cốt - Chai 30 viên tinh chất hàu 500mg",https://www.lazada.vn/products/pdp-i1338794504.html,149.000 ₫,5.0,174 Đã bán
"COEP | Bàn Phím Bluetooth Gập Đỡ Cho Máy Tính Xách Tay, Điện Thoại và Máy Tính Bảng",https://www.lazada.vn/products/pdp-i3198494109.html,391.000 ₫,4.0,
"Boya boyamic 2 không dây Lavalier Micro cho Android/máy ảnh/máy tính bảng/Pc, ai khử tiếng ồn, 32-bit Float nội bộ ghi âm, AMOLED Màn hình cảm ứng, ứng dụng điều khiển, 984ft 54H pin với sạc trường hợp",https://www.lazada.vn/products/pdp-i3125920764.html,2.990.000 ₫,,
Máy Tính Bảng Điện Dung X5R 220nF/0.22uF Chịu Áp Suất 6.3V 0201NT±10% Phụ Kiện Điện Tử Không Có Nguồn Lực,https://www.lazada.vn/products/pdp-i3139603003.html,44.000 ₫,,
UGREEN Keyboard Wireless Bluetooth & 2.4GHz Keycaps for Laptop MacBook iPad PC Tablet Bluetooth Keyboard Model：35309,https://www.lazada.vn/products/pdp-i2578926878.html,1.846.200 ₫,5.0,18 Đã bán
BOYA BY-V4U Micro không dây 4 kênh Mini Mic có hộp sạc Micro ve áo chống ồn cho quay phim Vlog Android iPhone Máy ảnh DSLR iPad iPhone 15 Máy tính xách tay TikTok YouTube,https://www.lazada.vn/products/pdp-i2685614767.html,2.720.000 ₫,,6 Đã bán
Magic Trackpad (USB‑C) - Bề Mặt Multi-Touch,https://www.lazada.vn/products/pdp-i2925231538.html,3.490.000 ₫,5.0,32 Đã bán
Bộ Khung Máy Tính Bằng Hợp Kim Nhôm Mở Fish Nest Block ITX Motherboard 240 Water Cooling Desktop Computer Case Back to Back Handle,https://www.lazada.vn/products/pdp-i3169150330.html,999.000 ₫,,"96 Đã bán
China"
Power Train Thủy Tinh S Vỏ Máy Tính Phòng Nhìn Ra Biển Làm Mát Bằng Nước Máy Tính Để Bàn Matx Hostel Trắng Host Box Dành Cho Máy Tính Chơi Game,https://www.lazada.vn/products/pdp-i3228979137.html,691.000 ₫,,"48 Đã bán
China"
Thiết Bị Làm Mát Máy Tính Bằng Thép Hợp Kim Nhôm Hình Chữ Nhật 2U Cho Máy Chủ CPU Bộ Làm Mát Bằng Không Khí Máy Tính,https://www.lazada.vn/products/pdp-i3229301424.html,1.786.000 ₫,,"6 Đã bán
China"
Hộp Combo Sâm Cúc Phương (Mẫu 2),https://www.lazada.vn/products/pdp-i3037284402.html,1.690.000 ₫,,
Máy làm sữa hạt đa năng SEKA E300 12 chức năng dung tích 1750ml bảng điều khiển tiếng việt - Hàng chính hãng,https://www.lazada.vn/products/pdp-i2489741701.html,1.710.000 ₫,,
C sủi hương cam 20 viên - OPC,https://www.lazada.vn/products/pdp-i3164247705.html,25.000 ₫,5.0,8 Đã bán
Tăng vòng 1 Sane Nang nở ngực tăng size vòng 1 hiệu quả nâng ngực săn chắc ngực chống chảy xệ cam kết hiệu quả cao,https://www.lazada.vn/products/pdp-i2609524130.html,88.560 ₫,4.0,840 Đã bán
PHÚC NHÃN KHANG [CHÍNH HÃNG] ️ PHÚC NHÃN KHANG GIÚP MẮT SÁNG BỔ MẮT TĂNG CƯỜNG THỊ LỰC,https://www.lazada.vn/products/pdp-i2419140549.html,506.000 ₫,,
Pin (Original)29Wh Sony VAIO Tap 11 Tablet SVT112A2WW SVT11213CXB SVT11213CGW SVT11215CW BPS39 VGP-BPS39 Battery,https://www.lazada.vn/products/pdp-i1917740563.html,970.000 ₫,,
Chuột Không Dây Bluetooth Sạc Lại Yên Tĩnh cho Laptop và Tablet,https://www.lazada.vn/products/pdp-i3205719348.html,261.000 ₫,4.0,
Quạt tản nhiệt điện thoại Flydigi B6X sò lạnh từ tính 20W led RGB điều chỉnh nhiệt độ thông minh - Quạt tản nhiệt Ipad,https://www.lazada.vn/products/pdp-i2489751387.html,1.935.000 ₫,,
Pin máy tính bảng Tablet Microsoft Surface Pro 8 1982 DYNC01 96BTA015H 96BTA016H 50.20Wh,https://www.lazada.vn/products/pdp-i2404113936.html,1.200.000 ₫,,
"Viên Uống ZinC 50mg 250 viên Now tăng cường hệ miễn dịch, hỗ trợ chức năng sinh lý",https://www.lazada.vn/products/pdp-i3113198323.html,618.000 ₫,,
Giá Đỡ Máy Tính Bảng SmallRig Cho iPad 2930,https://www.lazada.vn/products/pdp-i1081154612.html,999.000 ₫,5.0,18 Đã bán
Bosto 1D 2D Máy Quét Mã Vạch xách tay kẹp sau mã vạch Reader BT + 2.4 Gam wir-eless và có dây kết nối với offline Lưu trữ Hỗ trợ cho Windows PC Máy tính siêu thị thư viện công ty chuyển phát nhanh kho,https://www.lazada.vn/products/pdp-i2414184280.html,1.219.268 ₫,2.4,
Phụ Kiện Máy Tính Không Dây Bluetooth Thiết Bị Văn Phòng Macbook pro Air iPad Thiết Bị Ngoại Vi USB 1600dpi 5 Nút Lưới Chống Trượt,https://www.lazada.vn/products/pdp-i2473639094.html,356.000 ₫,5.0,26 Đã bán
Viên uống Vitamin TP Thái Lan Tăng Cân Hiệu Quả 100 Viên,https://www.lazada.vn/products/pdp-i2189451278.html,165.000 ₫,5.0,129 Đã bán
"[Hàng chuẩn Úc] Vitamin tổng hợp dành cho nam giới trên 50 tuổi Centrum for men 50+ 90 viên của Úc - SẢN PHẨM ĐƯỢC YÊU THÍCH TRÊN THỊ TRƯỜNG HIỆN TAY, DÙNG RẤT TỐT LUÔN Ạ, ĐẢM BẢO DÙNG RẤT THÍCH, KHÁCH YÊU TRẢI NGHIỆM ỦNG HỘ SHOP NHÉ",https://www.lazada.vn/products/pdp-i2595296646.html,549.900 ₫,,
"VIÊN UỐNG BỔ NÃO GO HEALTHY GINKGO 9000 HỘP 60 VIÊN CHÍNH HÃNG - CẢI THIỆN TRÍ NHỚ, TĂNG KHẢ NĂNG TẬP TRUNG - SHOP CHUYÊN CUNG CẤP CÁC MẶT HÀNG CHẤT LƯỢNG, ĐƯỢC YÊU THÍCH TRÊN THỊ TRƯỜNG HIỆN NAY, ĐƯỢC CHỌN LỌC KĨ MONG KHÁCH YÊU ỦNG HỘ",https://www.lazada.vn/products/pdp-i2322718425.html,449.900 ₫,,
Chuột Bluetooth Không Dây cho Apple MacBook iPad Pro Sạc Yên Tĩnh,https://www.lazada.vn/products/pdp-i3212583567.html,223.000 ₫,4.0,
Pin máy tính bảng Microsoft Surface Pro 7+ Plus 1960 1961 G3HTA025H G3HTA073H G3HTA074H DYNH03 48.87Wh,https://www.lazada.vn/products/pdp-i2732768680.html,795.000 ₫,,
Vention không dây loại C để HDMI máy phát và máy thu 5.8GHz Wifi ban nhạc 4K 30Hz đầu ra cho máy tính xách tay máy tính bảng điện thoại Android iPhone 16 15 Màn hình máy chiếu Cắm và chơi truyền USB C sang HDMI không dây,https://www.lazada.vn/products/pdp-i3114910415.html,2.122.245 ₫,,
Pin máy tính bảng Tablet Microsoft Surface Pro 7 1866 G3HTA061H DYNM03 43.2Wh,https://www.lazada.vn/products/pdp-i2404126545.html,795.000 ₫,,
Bộ phát wifi Xiaomi Mijia router4 pro,https://www.lazada.vn/products/pdp-i2078048903.html,1.050.000 ₫,,
Swisse Ultiboost Sleep 100 Viên [Bao Bì Mới],https://www.lazada.vn/products/pdp-i3009534330.html,552.000 ₫,,
Now ZinC [100 - 250 viên] Bổ Sung Kẽm Và Khoáng Chất Cho Cơ Thể - Chính Hãng Tại Suppcare Store,https://www.lazada.vn/products/pdp-i1259763055.html,460.000 ₫,5.0,277 Đã bán
[COMBO 2 TUÝP X 20 VIÊN] Viên sủi Plusssz Max vitamin C & Kẽm (vị Chanh),https://www.lazada.vn/products/pdp-i1523265967.html,96.824 ₫,4.0,122 Đã bán
"Combo 2 hộp Viên uống tăng cường sinh lý nam Bổ Thận Nam bổ thận tráng dương, mạnh gân cốt - Hộp Nâu 30 viên",https://www.lazada.vn/products/pdp-i1400711405.html,198.000 ₫,4.0,54 Đã bán
Cosy | Micro Cây Micro Chống Ồn Loại C Dây HS2292C cho Laptop PC Điện Thoại Máy Tính Bảng Thiết Bị Âm ThanhTai Nghe/Dây,https://www.lazada.vn/products/pdp-i3228281217.html,487.200 ₫,,
Thiết Bị Làm Mát CPU Bằng Đồng 6 Ống Máy Tính Để Bàn Intel AMD Universal I5 X79 Gió Làm Mát CPU 2011 Thích Hợp Cho Mọi Đối Tượng,https://www.lazada.vn/products/pdp-i2524401249.html,269.000 ₫,5.0,
"Gầy yếu, kém ăn, suy nhược cơ thể MULTIVITAMIN (100 viên) bổ sung vitamin, tăng đề kháng",https://www.lazada.vn/products/pdp-i2468188550.html,26.000 ₫,5.0,5 Đã bán
Sevenoak Micro Cài Áo Không Dây SKM-W10 2.4GHZ Mic Kẹp Không Dây USB-C Kết Nối Lightning Cho Điện Thoại Thông Minh Android/Type-C iPhone iPad Mic Mini Cho Podcast Facebook YouTube Vlog Quay Video,https://www.lazada.vn/products/pdp-i2027258097.html,1.175.000 ₫,,
"Seedcoms Acid Folic & Iron Tablets for Blood Health & Pregnancy Support, Made in Japan - 30 Tablets",https://www.lazada.vn/products/pdp-i2732544434.html,118.000 ₫,5.0,13 Đã bán
"Thực Phẩm Bảo Vệ Sức Khoẻ PERFECTIL TABLETS - Hỗ Trợ Làm Đẹp Da, Tóc, Móng (30 Viên) - Thương Hiệu Vitabiotics",https://www.lazada.vn/products/pdp-i1268169188.html,490.000 ₫,5.0,50 Đã bán
Black Shark Magnetic Ice Cooling Heat Sink 2Pro Version for Mobile Phones And Tablets Universal Cooling Device High Power USB Charging,https://www.lazada.vn/products/pdp-i3005700905.html,401.000 ₫,,"468 Đã bán
China"
B．O．W | Bàn Phím Bluetooth Cảm Ứng Gập Được cho Máy Tính xách Tay và Máy Tính Bảng,https://www.lazada.vn/products/pdp-i3181059172.html,1.510.000 ₫,4.0,
Viên Nén Tổng Canxi & Magiê + D3 200 Viên Blackmores,https://www.lazada.vn/products/pdp-i2270855340.html,1.169.000 ₫,,
Bàn phím Bluetooth BOW K500 dùng cho iPad laptop desktop hai chế độ,https://www.lazada.vn/products/pdp-i3178812353.html,443.000 ₫,4.0,
Saramonic Micro Cài Áo Không Dây Hai Kênh Nâng Cấp Blink500 ProX B1/B2 2.4GHz Kèm Hộp Sạc Màn Hình OLED Cho Máy Quay Video DSLR Máy Tính Bảng Android iPhone Máy Tính Bảng Ghi Âm Facebook YouTube Podcast Phỏng Vấn Vlog,https://www.lazada.vn/products/pdp-i2054768028.html,4.230.000 ₫,5.0,
Gorillapod Octopus Cỡ Lớn Đế Bàn Đứng Linh Hoạt Cho Điện Thoại Thiết Kế Máy Tính Bảng Máy Tính Xách Tay Phụ Kiện,https://www.lazada.vn/products/pdp-i3227766829.html,2.809.000 ₫,,
Gorillapod Octopus Cỡ Lớn Đế Bàn Đứng Linh Hoạt Cho Điện Thoại Thiết Kế Máy Tính Bảng Máy Tính Xách Tay Phụ Kiện,https://www.lazada.vn/products/pdp-i3227620958.html,2.814.000 ₫,,
Bảng Điều Khiển Màn Hình LCD B116XW03 B140XW01 B156XW02 Laptop HDMI Display Driver Board Phụ Kiện Phần Cứng Máy Tính,https://www.lazada.vn/products/pdp-i3145675408.html,754.000 ₫,,
Màn Hình Phát Sống 4K HD cho Điện Thoại và Máy Tính Bảng,https://www.lazada.vn/products/pdp-i3219741922.html,3.866.000 ₫,,
Thực Phẩm Bảo Vệ Sức Khỏe Blackmores Evening Primrose Oil 190 Viên,https://www.lazada.vn/products/pdp-i506760959.html,824.000 ₫,4.0,60 Đã bán
Thực phẩm baảo veệ sức khỏe NMI CENTRAVI Silver (Lọ 120 viên) Naam Giiớii,https://www.lazada.vn/products/pdp-i2939775708.html,1.799.000 ₫,,
"Bảng điều khiến Tiếng Việt Máy làm sữa hạt chống ồn 1.75 lít, xay nấu đa năng làm sữa hạt, tự xấy khuấy, nấu cháo chậm",https://www.lazada.vn/products/pdp-i2489745632.html,1.890.000 ₫,,
"Eyoyo Máy Quét Mã Vạch Mini 1D 2D không dây 3 trong 1 thông qua bluetooth có dây USB Đầu đọc mã QR cho PC, POS, điện thoại, máy tính bảng, iPhone, iPad",https://www.lazada.vn/products/pdp-i2627093076.html,979.729 ₫,,
"Vang Cơ Chống Hú Tốt Nhât @, Vang Cơ JBL K600 Giá Rẻ Hàng Đầu Hcm, Thiết Kế Tinh Xảo, Màn Hình Led Nổi Bật, Trang Bị Chế Độ Nút Fs.Ex On-Off, Âm Thanh Chuyên Nghiệp, Kết Nối Tiện Lợi Với Bluetooth, Av, Usb, Cổng Quang (Optical)",https://www.lazada.vn/products/pdp-i1867783624.html,1.899.000 ₫,5.0,92 Đã bán
"Máy làm sữa hạt đa năng, máy xay cầm tay Inochi - Điều khiển cảm ứng với nhiều chức năng: sữa bắp, nước, đậu nành, bột",https://www.lazada.vn/products/pdp-i2581466007.html,1.533.000 ₫,,
Viên Uống Hỗ Trợ Sinh Lý Nam Blackmores Men’s Multi- 50 viên blackmores men sinh lý nam,https://www.lazada.vn/products/pdp-i2419180530.html,747.500 ₫,,
"JIALEMEIJIA | Bộ Dụng Cụ Làm Sạch 5-trong-1 cho Tai Nghe, Máy Ảnh, Điện Thoại, Máy Tính Bảng, Máy Tính Xách Tay và TV",https://www.lazada.vn/products/pdp-i3219647779.html,272.000 ₫,,
"Combo 2 hộp -Tăng vòng 1 Evaplus Thành Phần hoàn Toàn Thảo Dược giúp Tăng Cường Nội Tiết Tố bốc hỏa ,sạm da, nám da,",https://www.lazada.vn/products/pdp-i2702473589.html,285.000 ₫,,
Neewer phiên bản mới điều khiển từ xa rt113 với kết nối Bluetooth và nút không tạo âm thanh cho Neewer X17 II/X16/X12/X14 prompter cho máy tính bảng thông minh IOS Android,https://www.lazada.vn/products/pdp-i3195174300.html,853.800 ₫,,
TPBSSK Viên Uống Vitamin C Orihiro 300 Viên/Lọ - ORIHIRO NHẬT BẢN CHÍNH HÃNG,https://www.lazada.vn/products/pdp-i364592495.html,210.000 ₫,5.0,435 Đã bán
Bảng điều khiển màn hình cảm ứng S23 Ultra chính hãng 5G 7.3 inch 16G + 1TB thẻ SIM kép phiên bản toàn cầu điện thoại di động giá rẻ và hiệu quả,https://www.lazada.vn/products/pdp-i2567285807.html,1.267.868 ₫,,
"Viên uống VTM Byemun Plus giúp giảm mụn, mờ thâm, tăng cường sức đề kháng - Túi 90 viên",https://www.lazada.vn/products/pdp-i2702580382.html,360.000 ₫,,
Thiết bị cân bằng tải router MikroTik RB750Gr3 (hEX) chịu tải 80 - 100 user like new còn đẹp lắm,https://www.lazada.vn/products/pdp-i2811269697.html,1.050.000 ₫,5.0,
Lenovo Ideapad Plus 12.1 inch Tích hợp Bluetooth Không dây Chuột không dây yên tĩnh cho máy tính bảng Linh kiện PC,https://www.lazada.vn/products/pdp-i3226206531.html,426.000 ₫,,
"Comica linkflex AD3 2-Channel XLR/3.5mm/6.35mm Micro âm thanh mixer Preamp với nguồn Phantom, guitar giao tiếp âm thanh microphone cho DSLR máy ảnh máy quay phim Iphone Ipad Điện thoại thông minh Android",https://www.lazada.vn/products/pdp-i2042584466.html,1.806.000 ₫,,
"COEP | Bàn Phím Bluetooth Không Dây Di Động cho Máy Tính Bảng, Điện Thoại Thông Minh và Máy Tính Xách Tay",https://www.lazada.vn/products/pdp-i3198500138.html,740.000 ₫,4.0,
"Bộ Combo Không Dây Chuột Bàn Phím Bluetooth BOW iPad Cho Máy Tính Bảng, Máy Tính Xách Tay Và Điện Thoại Di Động Đặc Biệt Để Gõ Với Phím Chức Năng Đa Phương Tiện",https://www.lazada.vn/products/pdp-i2473481929.html,608.000 ₫,4.0,607 Đã bán
NACCITY | Chuột Không Dây Bluetooth Trong Suốt Ít Ồn cho Laptop và Máy Tính Bảng,https://www.lazada.vn/products/pdp-i3194765528.html,372.000 ₫,4.0,
B．O．W | Bàn Phím Bluetooth Gập Đựng Di Động cho iPad,https://www.lazada.vn/products/pdp-i3193554927.html,733.000 ₫,4.0,7 Đã bán
Lò Vi Sóng Ice Man MX96 6Ống Dẫn Nhiệt Máy Tính Để Bàn AMD I5 I7 CPU Đài Loan Bộ Làm Mát Bằng Không Khí Tản Nhiệt 1700 X99,https://www.lazada.vn/products/pdp-i2830260663.html,347.000 ₫,5.0,7 Đã bán
(HCM) Bàn phím không dây Bluetooth BK001 Cho iPad/iρhone Series/MacBook/Điện Thoại/Máy Tính Máy Tính,https://www.lazada.vn/products/pdp-i2261430839.html,220.000 ₫,,
"Cosy | Chuột có dây mini tự thu gọn loại C dành cho máy tính bảng Samsung Galaxy Tab S11, phụ kiện bàn phím/chuột máy tính",https://www.lazada.vn/products/pdp-i3226365072.html,267.750 ₫,,
COEP | Bộ Bàn Phím và Chuột Bluetooth Không Dây cho Apple Android Huawei Xiaomi Máy Tính Bảng và Điện Thoại,https://www.lazada.vn/products/pdp-i3198410689.html,352.000 ₫,,
"Sâm Kỳ Vương , Bổ thận, tráng dương, tăng cường sinh lực phái mạnh. (Có che tên), 1 hộp 4 viên",https://www.lazada.vn/products/pdp-i2500162751.html,190.000 ₫,4.0,57 Đã bán
Jomaa Bluetooth có thể gập lại Touchpad Bàn phím di động không dây có thể sạc lại du lịch bàn phím với đứng cho điện thoại máy tính bảng,https://www.lazada.vn/products/pdp-i3224194000.html,714.285 ₫,,
Deepcool Xuân Bing 500 Máy Làm Mát CPU Máy Tính Để Bàn AMD 12th Gen 1700 Làm Mát Bằng Gió Quạt CPU Tất Cả Nền Tảng Đa Nhân Êm,https://www.lazada.vn/products/pdp-i2524377530.html,708.000 ₫,5.0,397 Đã bán
GNC inositol 500mg 100 Viên chay,https://www.lazada.vn/products/pdp-i2544087944.html,983.000 ₫,,
[COMBO 3 TUÝP X 20 VIÊN] Vitamin Tổng Hợp Viên Sủi Plusssz Max Multivitamin Vị Cam Không Đường,https://www.lazada.vn/products/pdp-i1523295825.html,135.837 ₫,4.0,170 Đã bán
"(tặng sắt bổ máu) Combo 3 hộp Viên uống tăng cường sinh lý nam Bổ Thận Men Max Az từ 500mg hàu biển, ba kích, ariginin giúp bổ thận, mạnh gân cốt - 30 viên",https://www.lazada.vn/products/pdp-i1688709906.html,267.000 ₫,4.0,973 Đã bán
Samsung E1200Y,https://www.lazada.vn/products/pdp-i2604466767.html,200.000 ₫,5.0,
"Viên Tăng Cường Sinh Lý, Cái Thiện Khả Năng Ham Muốn Ostrovit MACA 500mg 90 Viên",https://www.lazada.vn/products/pdp-i1576452127.html,290.000 ₫,5.0,37 Đã bán
COEP | Bộ Bàn Phím và Chuột Bluetooth Sạc Không Dây cho Viết Trên Máy Tính Bảng và Laptop,https://www.lazada.vn/products/pdp-i3198400780.html,434.000 ₫,,
"Bàn Phím ACTTO B503, Bàn Phím Máy Đánh Chữ Bluetooth 5.0 Không Dây Phong Cách Retro Có Chân Đế Tích Hợp Cho Điện Thoại, Máy Tính Bảng Hỗ Trợ Android/Windows/IOS",https://www.lazada.vn/products/pdp-i1809560560.html,759.791 ₫,4.0,18 Đã bán
"Bàn Phím Bluetooth Không Dây Mini Cho Tivi, Điện Thoại, Máy Tính Bảng...",https://www.lazada.vn/products/pdp-i611552366.html,165.000 ₫,5.0,6 Đã bán
[HCM]HÀNG CHÍNH HÃNG - GIÁ TỐT - VIÊN UỐNG COLLAGEN DÀNH CHO NAM YOUTHEORY MEN COLLAGEN ADVANCED FORMULA - 9118,https://www.lazada.vn/products/pdp-i1562567612.html,739.900 ₫,5.0,5 Đã bán
"[ Hàng Cao Cấp ] Máy Xay Sinh Tố Khaluck.Home Kl Nhật Bản, Máy Xay 3 Cối Thủy Tinh Bền Đẹp, Cứng Chắc, Dung Tích Lớn, 2 Tốc Độ Và 1 Số Nhồi, Lưỡi Dao Bằng Thép Không Gỉ, Xay Đều Và Nhỏ, Xay Gia Vị, Thực Phẩm Khô, Rau Quả.",https://www.lazada.vn/products/pdp-i1676505968.html,552.000 ₫,5.0,605 Đã bán
VIÊN UỐNG BỔ SUNG VITAMIN C DHC NHẬT BẢN (GÓI DÙNG 60 NGÀY,https://www.lazada.vn/products/pdp-i2278649930.html,97.000 ₫,5.0,Priority Instant
"Dung dịch vệ sinh màn hình Macbook, ống kính, điện thoại, tablet Kai.N Screen Cleaning Kit 200ml Kháng Khuẩn",https://www.lazada.vn/products/pdp-i2491713572.html,66.975 ₫,4.0,157 Đã bán
"Bác Sĩ Cung Viên Uống Vitamin Tổng Hợp Tăng Sức Đề Kháng AZ Depot - Vitamin Tổng Hợp, Kẽm, Tăng Cường Sức Khỏe (30V)",https://www.lazada.vn/products/pdp-i2664993417.html,808.000 ₫,,
Viên uống Vitamin B Tổng Hợp Super B-Complex chai 500 viên hãng Kirkland từ Mỹ,https://www.lazada.vn/products/pdp-i2994472651.html,449.000 ₫,5.0,14 Đã bán
[Nhận 2 Hộp] Viên mầm Zuyu Tăng vòng 3️Tặng Kèm Nhiều phần Quà Hấp Dẫn ( Chính Hãng 100%),https://www.lazada.vn/products/pdp-i2419239151.html,644.000 ₫,,
"Vitamin tổng hợp + chống oxy hóa Nature's Way, 200 viên - Hàng Úc",https://www.lazada.vn/products/pdp-i2497548143.html,450.000 ₫,,
Viên uống bổ sung Glucosamine ORIHIRO Nhật Bản giảm đau xương khớp 900 viên - 950 viên,https://www.lazada.vn/products/pdp-i2419224264.html,839.500 ₫,,
Viên Sủi MyVita Multi SPM Hương Cam Giúp Bổ Sung Vitamin Và Khoáng Chất Cho Cơ Thể Ống 20 Viên,https://www.lazada.vn/products/pdp-i3138535609.html,35.000 ₫,,
Pin Samsung (Original) Galaxy Tab S7+ Tablet AAaN312gD EB-BT975ABY Battery,https://www.lazada.vn/products/pdp-i1917902317.html,790.000 ₫,,
Đường ăn kiêng Mivolis 1200 viên Mivolis Süßstoff Tablette 72 g,https://www.lazada.vn/products/pdp-i2623217448.html,89.000 ₫,5.0,122 Đã bán
Viên Uống MinhMenn - Minh Men Tăng Cường Sinh Lý Cho Nam Giới,https://www.lazada.vn/products/pdp-i2755471444.html,847.000 ₫,,
"[CHÍNH HÃNG] Wellmen Conception Bổ Tinh Trùng- Tăng chất lượng tinh trùng, cải thiện sức khỏe nam giới",https://www.lazada.vn/products/pdp-i2494642549.html,1.067.000 ₫,,
"Viên uống bổ sung kẽm, giảm mụn nội tiết Puritan's Pride Zinc For Acne 100 viên",https://www.lazada.vn/products/pdp-i2494657457.html,678.000 ₫,,
Pin Samsung (Original) Galaxy Tab S7+ Tablet AAaN312gD EB-BT975ABY Battery,https://www.lazada.vn/products/pdp-i1917812971.html,780.000 ₫,,
Viên uống bổ mắt Lutein New Omega 3 giảm khô mắt mờ mắt mỏi mắt tăng cường thị lực - Hộp 30 viên,https://www.lazada.vn/products/pdp-i1062172027.html,99.000 ₫,5.0,
Quạt tản nhiệt điện thoại sò lạnh Memo CX01 - Lực hút từ tính cực mạnh tản nhiệt siêu nhanh quạt chống ồn Led RGB Shivia,https://www.lazada.vn/products/pdp-i2489992233.html,572.000 ₫,,
Aiples | Bàn Phím Bluetooth Siêu Mỏng Chống Ồn cho Văn Phòng và Mac/iPad,https://www.lazada.vn/products/pdp-i3217496558.html,1.512.000 ₫,4.0,
"Bổ sung kẽm Bio Zinc Blackmores giúp giảm mụn trứng cá, tăng cường sinh lý và chất lượng tinh trùng Úc 84 viên",https://www.lazada.vn/products/pdp-i2494554712.html,954.000 ₫,,
[ Date 2028 ] Collagen nam Youtheory Men Collagen 390 viên của Mỹ.,https://www.lazada.vn/products/pdp-i2313338294.html,875.000 ₫,,
Vitamin tăng cân TP thái lan Weight Gain Vitamin hộp 100 viên mẫu mới hiệu quả an toàn không tích nước,https://www.lazada.vn/products/pdp-i2494656356.html,503.000 ₫,5.0,
(HCM) Bàn phím không dây Bluetooth BK002Cho iPad/iρhone Series/MacBook/Điện Thoại/Máy Tính Máy Tính,https://www.lazada.vn/products/pdp-i2261474385.html,163.350 ₫,,
"[ 2 HỘP] BỔ TRỨNG TĂNG THỤ THAI HIỆU QUẢ STAFAM, đa nang buồng trứng, kích trứng, gametix f, femifortil, bổ trứng black",https://www.lazada.vn/products/pdp-i2414173676.html,1.495.000 ₫,,
"Eyoyo Máy Quét Mã Vạch Vòng Đeo Được 1D, Máy Đọc Mã Vạch Mini Cầm Tay Nâng Cấp Với Kết Nối Không Dây & Bluetooth & USB 2.4GHz Quét Nhanh Cho iPhone iPad Android IOS, Cho Nhà Kho",https://www.lazada.vn/products/pdp-i1795320431.html,999.900 ₫,,
Thực phẩm bảo vệ sức khỏe Tảo xoắn Deep Ocean Japan Algae Water Spirulina hộp 2200 viên Nhật Bản,https://www.lazada.vn/products/pdp-i2494592597.html,908.000 ₫,,
Viên kẽm zinc gluconate vitamin C B PP giúp tăng cường sức đề kháng tăng cường sức khỏe - Hộp 100 viên,https://www.lazada.vn/products/pdp-i1847673695.html,99.000 ₫,4.0,912 Đã bán
🔝 Bộ Phát Wifi Xiaomi Mi Router Gen 4A Dual kênh 2.4G & 5G băng thông 1200Mbps ☑ BH 12 tháng ( 💯 Chính Hãng ) - Có Kèm Theo Hd Cài Đặt ▄▀▄▀▄▀,https://www.lazada.vn/products/pdp-i1035536804.html,450.000 ₫,,
Bảng Viết Tự Xóa 12 Inch Đa Sắc Bảng Vẽ Tự Xóa Thông Minh Bảng LCD Tự Xóa 12 Inch Cho Bé Tập Viết Tập Vẽ,https://www.lazada.vn/products/pdp-i1916629128.html,71.200 ₫,1.0,8 Đã bán
"Sắt, Acid Folic, Vitamin Tổng Hợp, Khoáng Chất Cho Mẹ Bầu, Hỗ Trợ Tiêu Hoá, Hạn Chế Rạn Da, Viên Nhỏ, Không Mùi, Vị, Dễ Uống, Akamama Nhật Bản Túi 120 Viên",https://www.lazada.vn/products/pdp-i2324138578.html,322.000 ₫,4.0,74 Đã bán
"Bác Sĩ Cung Viên Uống Vitamin Tổng Hợp Tăng Sức Đề Kháng AZ Depot - Vitamin Tổng Hợp, Kẽm, Tăng Cường Sức Khỏe (30V)",https://www.lazada.vn/products/pdp-i2414237249.html,779.700 ₫,,
"✔Betex Vitamin B1,B6, B12 hộp 50 viên của Thái Lan - 3B Betex - Mua 2 hộp tặng 2 vỉ",https://www.lazada.vn/products/pdp-i3065625532.html,48.000 ₫,,
Vitamin ABC Plus senior multi cho người già 60 viên,https://www.lazada.vn/products/pdp-i1331428330.html,254.000 ₫,5.0,80 Đã bán
Combo Viên uống DHC hỗ trợ sức khoẻ 60 Ngày (Vitamin C 120 viên & Vitamin tổng hợp 60 viên),https://www.lazada.vn/products/pdp-i2419271011.html,915.400 ₫,,
Viên Uống Hỗ Trợ Bảo Vệ Và Phục Hồi Tế Bào Gan Blackmores Milk Thistle Lọ 42 Viên,https://www.lazada.vn/products/pdp-i2003853222.html,410.000 ₫,5.0,685 Đã bán
"Phụ Kiện Máy Tính Rapoo M300L Chuột Bluetooth Không Dây Có Thể Sạc Im Lặng Cho Máy Tính Để Bàn, Máy Tính Xách Tay, Điện Thoại Di Động, Máy Tính Bảng",https://www.lazada.vn/products/pdp-i3228035211.html,542.000 ₫,,"6 Đã bán
China"
Bộ Khung Máy Tính Để Bàn Itx Matx Bằng Thép Không Gỉ Bảng Mạch Đứng DIY Bảng Mạch Mini ITX Bảng Mạch NAS Bộ Khung Máy Chủ,https://www.lazada.vn/products/pdp-i3138938514.html,754.000 ₫,,
Bộ Chuyển Đổi Nguồn SFX Metal D19 pro CAGE Khung Máy Tính Mini ITX D19H FLEX Khung Máy Tính Bằng Kim Loại Khung Máy Tính Để Bàn,https://www.lazada.vn/products/pdp-i1566252579.html,535.000 ₫,4.0,762 Đã bán
Micro cài áo không dây trợ giảng K8 thu âm livestream khử tiếng ồn kết nối nhiều thiết bị nhỏ gọn,https://www.lazada.vn/products/pdp-i3010036955.html,122.018 ₫,,
VIÊN UỐNG BỔ SUNG RAU CỦ DHC NHẬT BẢN (GÓI 240 VIÊN - DÙNG 60 NGÀY),https://www.lazada.vn/products/pdp-i2278438741.html,295.000 ₫,5.0,
Bàn Phím Cơ AULA F2088PRO 104 Phím RGB Chơi Game Bàn Phím Máy Tính Cáp Bàn Phím Cơ USB Chống Gỉ Bằng Nhựa ABS,https://www.lazada.vn/products/pdp-i3157076946.html,931.000 ₫,,
Vỏ Bảo Vệ Bằng Da Thật Cho Máy Ảnh Canon EOS R50 Vỏ Đựng Máy Ảnh Vỏ Đựng Máy Tính Vỏ Đựng Điện Thoại Vỏ Đựng Phụ Kiện,https://www.lazada.vn/products/pdp-i3200879381.html,366.000 ₫,,
[CHÍNH HÃNG] ROCKET 1H -LẺ 1 VIÊN- VIÊN UỐNG TĂNG CƯỜNG SINH LÝ PHÁI MẠNH BỔ THẬN TRÁNG DƯƠNG CƯỜNG LỰC CHÍNH HÃNG,https://www.lazada.vn/products/pdp-i2784939329.html,59.000 ₫,,
Viên uống phục hồi và tăng cường sức khỏe sinh lý nam giới Powergra Rino - Vỉ dùng thử 1 viên | GUNSHOP VIỆT NAM,https://www.lazada.vn/products/pdp-i2278163484.html,490.000 ₫,5.0,117 Đã bán
Túi Đựng Đồ Dùng Chơi Game Dài Bằng Vải 700X300X3MM Cho Máy Tính Để Bàn Phong Cảnh Hoạt Hình Anime Siêu Lớn Cho Nam Chơi Game,https://www.lazada.vn/products/pdp-i2545076298.html,138.000 ₫,,"132 Đã bán
Hong Kong"
Bộ Bàn Phím Chuột Không Dây HP Wireless Bluetooth Có Thể Sạc Apple iPad Tablet Keyboard Nhỏ Gọn Cho Văn Phòng Màn Hình Tĩnh Âm Thanh Bộ Bàn Phím,https://www.lazada.vn/products/pdp-i2863772481.html,1.387.000 ₫,,
Thiết Bị Làm Mát CPU Máy Tính Để Bàn Thermaltake Tt Dragon A400P A500P A600P Đàn Hồi Nhiệt Ống Dẫn Nhiệt Làm Mát Bằng Không Khí Chốngồn,https://www.lazada.vn/products/pdp-i2830137876.html,533.000 ₫,5.0,13 Đã bán
Centrum | Viên Vitamin Đa Năng Cho Nam 100 Viên,https://www.lazada.vn/products/pdp-i3182512660.html,657.000 ₫,5.0,310 Đã bán
Quạt Tản Nhiệt Siêu Mỏng 15mm TF/XF/XT-12015 NO-12015-XT ARGB 8 9 12CM Cho Case Máy Tính Bằng Nhôm Hợp Kim Nhôm,https://www.lazada.vn/products/pdp-i2896665908.html,94.000 ₫,,"535 Đã bán
Hong Kong"
"Viên uống Iron 65mg Nature Made 365 viên của Mỹ bổ sung sắt, bổ máu, tăng cường hệ miễn dịch hàng Mỹ",https://www.lazada.vn/products/pdp-i3084347359.html,339.000 ₫,5.0,14 Đã bán
⚡ Bo mạch chủ chipset H81 Esonic Maiboard hàng mới 100% bảo hành chính hãng 24 tháng AVT,https://www.lazada.vn/products/pdp-i937608412.html,1.150.000 ₫,,
Bluetooth Numeric Keyboard 28 Keys Wireless for Laptop for Tablet PC Rechargeable Numpad Digital Portable Keyboard,https://www.lazada.vn/products/pdp-i3233441894.html,593.919 ₫,,
Hộp Combo Sâm Cúc Phương (Mẫu 1),https://www.lazada.vn/products/pdp-i3037314202.html,1.650.000 ₫,,
"Pin (Original) Xiaomi Mi Air 13.3"" Series Tablet R13B02W R13B01W",https://www.lazada.vn/products/pdp-i3086234885.html,795.000 ₫,,
Vitamin tổng hợp cho nam giới dưới 50 tuổi Centrum For Men 90 viên,https://www.lazada.vn/products/pdp-i2665111179.html,771.000 ₫,,
Bàn Phím Full Coverage A4 pro 1.2m 1.4m 1.6m 1.8m Bàn Phím Máy Tính Để Bàn Bằng Da PU Dày 3mm Bề Mặt Bằng Nhựa Chống Trượt,https://www.lazada.vn/products/pdp-i3224370084.html,1.281.000 ₫,,"384 Đã bán
China"
Phụ Kiện Máy Tính Không Dây Xiaomi M103 Bluetooth Wireless Mouse Redmi 6 pro Tablet Redmipad Mute Đồ Họa Quang Học Bảo Hành 1 Năm,https://www.lazada.vn/products/pdp-i2834878061.html,361.000 ₫,,"205 Đã bán
Hong Kong"
Viên uống bổ sung Magie Doctor's Best High Absorption Magnesium 120 viên và 240 viên.,https://www.lazada.vn/products/pdp-i2148328442.html,475.000 ₫,5.0,275 Đã bán
Foxconn Mini Itx Máy Tính Để Bàn Khung Xe Sử Dụng Tại Nhà Máy Chơi Game Di Động Diy Hộp Nhỏ Làm Mát Bằng Không Khí Chất Liệu Thép,https://www.lazada.vn/products/pdp-i2529028951.html,513.000 ₫,,"78 Đã bán
Hong Kong"
Vitamin C Đại Uy 1000 viên Bổ sung Vitamin C tăng sức đề kháng,https://www.lazada.vn/products/pdp-i1981560911.html,43.000 ₫,4.0,29 Đã bán
"Viên uống ORIHIRO BBB Best Beauty Body tăng kích thước và săn chắc ngực, 300 viên/hộp",https://www.lazada.vn/products/pdp-i2414200524.html,1.138.500 ₫,,
Viên Bổ Sung Vitamin B Tổng Hợp Ostrovit Vitamin B Complex 90 Viên,https://www.lazada.vn/products/pdp-i1576242524.html,279.000 ₫,5.0,31 Đã bán
Nhỏ Gọn Di Động Kim Loại Mini Itx Màn Hình Hiển Thị Hạt Nhân Vỏ Máy Tính Nhỏ Qiaomei Q31 Chất Liệu Thép Không K66 Khung Máy Tính Làm Mát Bằng Không Khí,https://www.lazada.vn/products/pdp-i2528930474.html,412.000 ₫,4.0,626 Đã bán
Thiết Bị Làm Mát CPU Bằng Đồng 6 Ống Máy Tính Để Bàn 12CM Quạt Ồn Ấp AMD Universal E5-X79X99(2011)I3I5I7 Thiết Bị Làm Mát CPU,https://www.lazada.vn/products/pdp-i2524418048.html,249.000 ₫,5.0,61 Đã bán
Dung dịch Vệ Sinh Màn Hình Macbook Kai.N Screen Cleaning Kit 200ml Kháng Khuẩn Điện Thoại Máy ảnh Đồng Hồ Laptop Tablet Ống kính Kèm Khăn Lau,https://www.lazada.vn/products/pdp-i2491840212.html,69.675 ₫,5.0,361 Đã bán
Vitamin tổng hợp cho nữ trên 50 tuổi Centrum Silver Womens 50+ của Mỹ hộp 275 viên,https://www.lazada.vn/products/pdp-i2660394717.html,940.000 ₫,,
Vitamin tổng hợp cho nam giới trên 50 tuổi Centrum Silver Men 50+ của Mỹ hộp 275viên,https://www.lazada.vn/products/pdp-i3079986522.html,940.000 ₫,,
Viên Uống Tiểu Đường Cao Cấp KingKao Chiết Xuất Dây Thìa Canh Hỗ Trợ Đường Huyết Mỡ Máu Ngăn Ngừa Biến Chứng Tiểu Đường,https://www.lazada.vn/products/pdp-i2419166428.html,920.000 ₫,,
"Bàn Phím không dây W200 nhỏ gọn - cho máy tính , Laptop , điện thoại , máy tính bảng",https://www.lazada.vn/products/pdp-i760010913.html,196.140 ₫,4.0,151 Đã bán
Phụ Kiện Máy Tính Elecom M-TM10BBBU Mouse Bluetooth Wireless Mỏng Dài Tuổi Thọ Sạc Phụ Kiện Máy Tính Phụ Kiện iPad,https://www.lazada.vn/products/pdp-i2866591951.html,424.000 ₫,,"240 Đã bán
Hong Kong"
"Vitamin tổng hợp Swisse Multivitamin, Úc (60v) bổ sung dinh dưỡng cho nam nữ dưới 50 và trên 50+ tuổi",https://www.lazada.vn/products/pdp-i2494724078.html,515.000 ₫,,
"[COMBO 2 THỤ THAI] BỔ TRỨNG, KHỎE TINH TRÙNG - 1 STAFAM và 1 HÀU BIỂN MACCA CHO CẶP VỢ CHỒNG HIẾM MUỘN",https://www.lazada.vn/products/pdp-i2419237096.html,1.299.500 ₫,,
Viên uống bổ sung sắt cho bà bầu Nature Made Iron 365 viên nhập khẩu,https://www.lazada.vn/products/pdp-i2665039243.html,702.000 ₫,,
pin chính hãng dùng cho may tinh bảng Fujitsu arrows Q704-q506-q507-Q508-Q509-Q738/39-775-736,https://www.lazada.vn/products/pdp-i3180777343.html,850.000 ₫,,
Viên sủi Plusssz Max vitamin C + kẽm vị chanh không đường Tuýp 20 viên - Hàng Nhập Khẩu,https://www.lazada.vn/products/pdp-i1523358414.html,49.000 ₫,4.0,416 Đã bán
"Bounty tự nhiên, Probiotic Acidophilus, 120 viên",https://www.lazada.vn/products/pdp-i2866177713.html,545.000 ₫,,
Bộ Điều Khiển Bằng Thủy Tinh Toàn Bộ Máy Tính Để Bàn Mini ITX Sea View Room White 240 Water Cooling Computer Case Micro-ATX,https://www.lazada.vn/products/pdp-i3222137129.html,539.000 ₫,,
"Llano V12 siêu ai máy tính xách tay Tấm làm mát với kiểm soát nhiệt độ thông minh chơi game đế máy tính xách tay cơ sở Lighting RGB gió cao, 2800rpm, quạt động cơ tua bin, điều khiển bằng cảm ứng 15.6-21""",https://www.lazada.vn/products/pdp-i3155486161.html,2.990.000 ₫,5.0,6 Đã bán
Bàn Phím Bluetooth Không Dây Rii I4 Mini Universal TV Projection Tablet Computer Bàn Phím Cảm Ứng Đa Năng Cho Điện Thoại Di Động,https://www.lazada.vn/products/pdp-i3147445450.html,704.000 ₫,,"6 Đã bán
China"
Bàn Phím Cơ Bluetooth Không Dây TK870 EWEADN Thiết Kế Tùy Chỉnh Cao Cấp Cho Máy Tính Xách Tay Laptop Tablet Bàn Phím Máy Tính Văn Phòng,https://www.lazada.vn/products/pdp-i3220260470.html,687.000 ₫,,"6 Đã bán
China"
"EWEADN | Bộ bàn phím và chuột không dây Bluetooth, Siêu mỏng nhẹ, Gõ êm, cho Tablet, Laptop, iPad",https://www.lazada.vn/products/pdp-i3195320130.html,502.000 ₫,4.0,
Lê Jie 7400 MOTHERBOARD M7600 M7450 7650 Brother 7360 Interface 7057 7060D 7470 7860 Đồ Họa Máy Tính Bảng USB Bộ Phận Thay Thế,https://www.lazada.vn/products/pdp-i2507500028.html,247.000 ₫,,"354 Đã bán
China"
Phụ Kiện Máy Tính Inphic DR6 Wireless Bluetooth Mouse Right-Handed Business Office Mobile Tablet No Driver Required,https://www.lazada.vn/products/pdp-i3036497765.html,362.000 ₫,,"222 Đã bán
China"
Swisse Beauty Collagen Glow 120 Viên,https://www.lazada.vn/products/pdp-i2270820719.html,977.000 ₫,,
COEP | Bộ Bàn Phím và Chuột Bluetooth Không Dây cho Điện Thoại Thông Minh và Máy Tính Bảng,https://www.lazada.vn/products/pdp-i3198328941.html,352.000 ₫,,
Quạt Máy Tính Noctua Nf-p12 Im Lặng 120mm Có Bộ Tản Nhiệt Làm Mát Bằng Nước Để Làm Mát Cpu Và Card Đồ Họa,https://www.lazada.vn/products/pdp-i2830286730.html,1.026.000 ₫,,
COEP | Bộ Bàn Phím và Chuột Bluetooth Không Dây cho Điện Thoại Thông Minh và Máy Tính Bảng,https://www.lazada.vn/products/pdp-i3198435861.html,352.000 ₫,,
CPU quạt tản nhiệt 2800 vòng/phút 3 tốc độ điều chỉnh màu đen 120mm hiệu quả trường hợp máy tính Quạt im lặng cho máy tính bảng cho Bộ định tuyến,https://www.lazada.vn/products/pdp-i3138537366.html,248.000 ₫,,
Combo Chuột Bàn Phím Bluetooth Không Dây Cho Máy Tính Bảng iPad Laptop Nữ Văn Phòng Chơi Game Di Động Tiện Dụng Thiết Kế Không Cơ Khí,https://www.lazada.vn/products/pdp-i2850014771.html,807.000 ₫,4.0,
New MQ20 DYNM04 Laptop Battery 7.6V 4801mAh 36.48Wh For Microsoft Surface Pro 9 2032 M1163985-018 Tablet PC,https://www.lazada.vn/products/pdp-i2519802596.html,1.190.000 ₫,,
€3 off every €20 (max €12) New MQ20 DYNM04 Laptop Battery 7.6V 4801mAh 36.48Wh For Microsoft Surface Pro 9 2032 M1163985-018 Tablet PC,https://www.lazada.vn/products/pdp-i2519832373.html,1.290.000 ₫,,
Vỏ Tản Nhiệt CPU Bằng Đồng 2011 Kim Cương Cho Máy Chủ Hai Đường X99 X79 Máy Tính Để Bàn Tản Nhiệt CPU 2066 Gió Tĩnh Âm Lượng Thấp,https://www.lazada.vn/products/pdp-i2529028216.html,237.000 ₫,5.0,
Motospeed Darmoshark Chuột 2.4G Không Dây Bt5.0 & Loại C Có Dây mỏng có thể sạc Slience chuột cho PC máy tính Notebook Với đầu thu dạng USB 4800 có thể điều chỉnh DPI Mức Độ siêu nhẹ,https://www.lazada.vn/products/pdp-i2290242322.html,1.116.109 ₫,5.0,16 Đã bán
New 2H2G4 Tablet Battery for Dell Venue 11 Pro 7140 21CP5/63/105 HFRC3 TXJ69. BẢO HÀNH 6 THÁNG LỖI ĐỔI MỚI,https://www.lazada.vn/products/pdp-i1860082595.html,1.090.000 ₫,,
COEP | Bộ Bàn Phím và Chuột Bluetooth Không Dây cho Điện Thoại Thông Minh và Máy Tính Bảng,https://www.lazada.vn/products/pdp-i3198467824.html,352.000 ₫,,
Vỏ Máy Tính Bằng Đồng CoolMoon ARGB Fan 2011 CPU Động Cơ Tản Nhiệt Mát Tản Nhiệt Viền Tĩnh Lặng 6 Ống Tản Nhiệt 1700amd,https://www.lazada.vn/products/pdp-i2524380449.html,589.000 ₫,,"24 Đã bán
Hong Kong"
COEP | Bộ Bàn Phím và Chuột Bluetooth Không Dây cho Điện Thoại Thông Minh và Máy Tính Bảng,https://www.lazada.vn/products/pdp-i3198422152.html,353.000 ₫,,
COEP | Bộ Bàn Phím và Chuột Bluetooth Không Dây cho Điện Thoại Thông Minh và Máy Tính Bảng,https://www.lazada.vn/products/pdp-i3198433728.html,352.000 ₫,,
COEP | Bộ Bàn Phím và Chuột Bluetooth Không Dây cho Điện Thoại Thông Minh và Máy Tính Bảng,https://www.lazada.vn/products/pdp-i3198438266.html,352.000 ₫,,
"Comica BoomX-D MI Micrô cho iPhone/ipad không dây2.4G, micrô ve áo Lavalier không dây có hai chế độ đầu vào bên trong và micro gắn ngoài, LAV Mic cho ghi âm phỏng vấn tiktok",https://www.lazada.vn/products/pdp-i2665640140.html,1.865.704 ₫,,
Nhôm Nguyên Chất Làm Mát Bằng Nước Tản Nhiệt Cho Máy Tính 120 240 360 480 Mm Cpu Tản Nhiệt Làm Đẹp Thiết Bị Làm Mát Phần Cứng,https://www.lazada.vn/products/pdp-i2529077627.html,211.000 ₫,,"84 Đã bán
Hong Kong"
Điều Hòa Máy Tính Mainboard Bảng ZGCE-75-2D GM459CZ002-B GM162CZ005-E Thích Hợp Cho ZhiGao PCB Bảng Mạch In Hoa Văn,https://www.lazada.vn/products/pdp-i2865977703.html,195.000 ₫,,"18 Đã bán
Hong Kong"
COEP | Bộ Bàn Phím và Chuột Không Dây Bluetooth cho Máy Tính Bảng Apple và Laptop Android,https://www.lazada.vn/products/pdp-i3198437882.html,353.000 ₫,,
Quạt tản nhiệt điện thoại sò lạnh pin SIDOTECH DLA5 không dây led gaming pin 1200mAh tránh giật lag khi chơi game,https://www.lazada.vn/products/pdp-i2425909919.html,641.700 ₫,,
Bộ Tản Nhiệt CPU Dạng Tháp Ống Dẫn Nhiệt 6 Yên Tĩnh AM4 Máy Tính Để Bàn AMD Quạt CPU Làm Mát Bằng Gió R3 R5 FM2,https://www.lazada.vn/products/pdp-i2524325747.html,405.000 ₫,,"246 Đã bán
Hong Kong"
Vktech idomise TEC1-12706 bán dẫn bộ làm mát nhiệt điện Peltier máy tính bảng DC12V 6A (5),https://www.lazada.vn/products/pdp-i3206809778.html,621.700 ₫,,
Smartdevil Ốp bàn phím có đèn nền với trackpad cho iPad Pro 11 inch (1st / 2nd / 3rd Gen) iPad Pro 12.9 inch（3rd / 4th / 5th Gen）iPad Air 5 Air 4 Air 3 iPad Mini 7 mini 6 iPad 10th / 9th / 8th / 7th Gen 10.9 / 10.2 / 10.5 / 8.3 inch từ vỏ Ốp ipad,https://www.lazada.vn/products/pdp-i2466952600.html,898.000 ₫,4.0,88 Đã bán
"[ CHÍNH HÃNG ] Viên uống Nutri Men Damode - Bổ sung vitamin, khoáng chất tăng sức đề kháng cho nam",https://www.lazada.vn/products/pdp-i2193972983.html,1.048.780 ₫,,
COEP | Bộ Bàn Phím và Chuột Bluetooth Không Dây cho Điện Thoại Thông Minh và Máy Tính Bảng,https://www.lazada.vn/products/pdp-i3198398912.html,353.000 ₫,,
Quạt tản nhiệt điện thoại sò lạnh pin SIDOTECH DLA5 không dây led gaming pin 1200mAh tránh giật lag khi chơi game,https://www.lazada.vn/products/pdp-i2489892615.html,641.000 ₫,,
COEP | Bộ Bàn Phím và Chuột Không Dây Bluetooth cho Máy Tính Bảng Apple và Laptop Android,https://www.lazada.vn/products/pdp-i3198480071.html,352.000 ₫,,
Caltrate(CALTRATE) | Canxi Vitamin D3 Canxi Carbonat Chondroitin Sulfat 200 Viên,https://www.lazada.vn/products/pdp-i3182574429.html,730.000 ₫,,"300 Đã bán
Nước ngoài"
[HCM]Thực Phẩm Bổ Sung Vitamin và Khoáng Chất Ostrovit Vit & Min 100% 90 Viên,https://www.lazada.vn/products/pdp-i750650543.html,249.000 ₫,5.0,Priority Instant
Combo Viên uống DHC ngừa mụn - mờ thâm 20 ngày (Vitamin C 40 viên và Kẽm 20 viên),https://www.lazada.vn/products/pdp-i2414260050.html,310.500 ₫,,
Giá ba chân điện thoại thông minh chủ K & F khái niệm máy tính bảng chủ có thể điều chỉnh lạnh Giày núi 1/4 lỗ ren áp dụng cho điện thoại thông minh/máy tính bảng/chân máy/Selfie Stick/máy ảnh tương thích với iPhone/Huawei/iPad không khí/iPad Mini,https://www.lazada.vn/products/pdp-i3195185410.html,506.100 ₫,,
Thực Phẩm Bảo Vệ Sức Khỏe Blackmores CoQ10 150mg 30 Viên,https://www.lazada.vn/products/pdp-i506764988.html,492.000 ₫,3.0,42 Đã bán
"7ryms iray DW20 Pro Hệ thống micro dây chuyền không dây, 2.4G dual-channel nhỏ gọn LAV mic với màn hình LCD sạc trường hợp, đạt được kiểm soát cho máy ảnh iPhone DSLR điện thoại thông minh máy tính bảng vlogging phát trực tiếp tiktok phỏng vấn",https://www.lazada.vn/products/pdp-i2041415573.html,3.277.500 ₫,5.0,22 Đã bán
"7Ryms Rimo S1 mic-rô không dây với sạc trường hợp đối với iPhone iPad Android máy tính xách tay, plug and play clip trên micro cài ve áo, chuyên nghiệp Micro Dây chuyền không dây với USB-C và sét giao diện cho cuộc phỏng vấn video podcast vlog bạn-Ống",https://www.lazada.vn/products/pdp-i2381237781.html,930.000 ₫,3.0,9 Đã bán
COEP | Bộ Bàn Phím và Chuột Bluetooth Không Dây với Điều Khiển Cảm Ứng Mỏng Nhẹ Nhàng Cho Văn Phòng Sạc cho Máy Tính Bảng Laptop,https://www.lazada.vn/products/pdp-i3198368848.html,347.000 ₫,,
"Bộ Bàn phím chuột không dây W609 có khe để điện thoại , máy tính bảng - kết nối bluetooth 5.0 + Usb 2.4g Pin sạc TypeC",https://www.lazada.vn/products/pdp-i956036579.html,361.350 ₫,5.0,12 Đã bán
Colorful GeForce GTX1050Ti Liquid Shark 4G Ví Dụ Về Thẻ Đồ Họa Tản Nhiệt Bằng Quạt Hoạt Động Êm Ái Cho Máy Tính Xách Tay Và Máy Tính Để Bàn,https://www.lazada.vn/products/pdp-i2524350711.html,122.000 ₫,4.0,187 Đã bán
COEP | Bộ Bàn Phím và Chuột Bluetooth Không Dây Sạc cho Máy Tính Bảng và Điện Thoại Thông Minh Apple,https://www.lazada.vn/products/pdp-i3198433645.html,434.000 ₫,,
Dán màn hình Paper-like cảm giác vẽ trên giấy Increase friction cho iPad 10 9 8 Mini Air 7 6 5 M2 M3 2025 Pro M4 11/13,https://www.lazada.vn/products/pdp-i2674055889.html,44.901 ₫,4.0,176 Đã bán
"COEP | Bàn Phím Bluetooth Không Dây Di Động cho Máy Tính Bảng, Điện Thoại Thông Minh và Máy Tính Xách Tay",https://www.lazada.vn/products/pdp-i3205153561.html,740.000 ₫,,
Quạt tản nhiệt điện thoại sò lạnh MEMO CX04 chơi game livestream làm mát nhanh chống ồn đèn led gaming - Hàng chính hãng,https://www.lazada.vn/products/pdp-i2425945238.html,172.500 ₫,,
GNC Bộ Dinh Dưỡng Dành Cho Phụ Nữ 50+ Hỗ Trợ Tâm Trạng,https://www.lazada.vn/products/pdp-i3048997097.html,999.000 ₫,,
Quạt tản nhiệt điện thoại sò lạnh nam châm SIDOTECH CXA3 làm mát sâu nhanh đèn led gaming chơi game mobile,https://www.lazada.vn/products/pdp-i2414201699.html,618.700 ₫,,
Viên uống Biotin mọc tóc 10000 Mcg Natrol Mỹ giúp giảm gãy rụng hiệu quả 100 viên,https://www.lazada.vn/products/pdp-i3084224963.html,289.000 ₫,5.0,20 Đã bán
"[COMBO 2 THỤ THAI] BỔ TRỨNG, KHỎE TINH TRÙNG - 1 STAFAM và 1 HÀU BIỂN MACCA CHO CẶP VỢ CHỒNG HIẾM MUỘN",https://www.lazada.vn/products/pdp-i2494510900.html,1.368.000 ₫,,
Saramonic lavmicro-l Clip-on Micro dây chuyền với cổng kết nối Lightning khử tiếng ồn micro cài ve áo để ghi âm vlogging phát trực tiếp Apple iPhone iPAd iOS Youtube tiktok,https://www.lazada.vn/products/pdp-i2554685302.html,705.000 ₫,,
Viên sủi điện giải NUUN Energy: tăng cường năng lượng,https://www.lazada.vn/products/pdp-i2479690926.html,199.000 ₫,4.0,23 Đã bán
[TPCN Nhập Khẩu] Viên uống Vitamin tổng hợp tăng cường sức khỏe đề kháng Doppelherz Aktiv A-Z Depot (Hộp 30 viên),https://www.lazada.vn/products/pdp-i2419195380.html,779.700 ₫,,
COEP | Bộ Bàn Phím và Chuột Bluetooth Không Dây cho Apple Android Huawei Xiaomi Máy Tính Bảng và Điện Thoại,https://www.lazada.vn/products/pdp-i3198418929.html,352.000 ₫,,
"BỔ TRỨNG TĂNG THỤ THAI STAFAM, Kích trứng, Điều hoà kinh nguyệt, Đa nang buồng trứng - gametix f, bổ trứng blackmores",https://www.lazada.vn/products/pdp-i2419149890.html,754.400 ₫,,
[TPCN Nhập Khẩu] Viên uống Vitamin tổng hợp tăng cường sức khỏe đề kháng Doppelherz Aktiv A-Z Depot (Hộp 30 viên),https://www.lazada.vn/products/pdp-i2414176263.html,779.700 ₫,,
Viên Uống Vitamin C 1000mg Korea Eundan 120 Viên,https://www.lazada.vn/products/pdp-i2494611619.html,920.000 ₫,,
Quạt tản nhiệt sò lạnh điện thoại SIDOTECH DLA7 làm mát nhanh led gaming version 2023 chơi game không giật lag nóng máy,https://www.lazada.vn/products/pdp-i2489957624.html,415.000 ₫,,
COEP | Bộ Bàn Phím và Chuột Bluetooth Không Dây cho Apple Android Huawei Xiaomi Máy Tính Bảng và Điện Thoại Im Lặng,https://www.lazada.vn/products/pdp-i3205572112.html,737.000 ₫,,
Pin Samsung (Original) Galaxy Tab S7 Tablet GH43-05028A AAaN422gD (EB-BT875ABY) Battery,https://www.lazada.vn/products/pdp-i1917938449.html,770.000 ₫,,
Viên uống bổ sung sắt giảm nguy cơ thiếu máu The Vitamin Shoppe Iron Complex 100 viên,https://www.lazada.vn/products/pdp-i1620464524.html,869.900 ₫,5.0,
Chuột không dây Newmen D500 2 chế độ kết nối Bluetooth 5.0 và 2.4Ghz - Hàng Chính Hãng,https://www.lazada.vn/products/pdp-i2206222920.html,538.000 ₫,5.0,
"[ 2 HỘP] BỔ TRỨNG TĂNG THỤ THAI HIỆU QUẢ STAFAM, đa nang buồng trứng, kích trứng, gametix f, femifortil, bổ trứng black",https://www.lazada.vn/products/pdp-i2494637571.html,1.495.000 ₫,,
MABIO,https://www.lazada.vn/products/pdp-i2338161444.html,345.000 ₫,4.0,24 Đã bán
Viên Uống Vitamin C Korea Eundan Tăng Cường Sức Đề Kháng - 120 viên,https://www.lazada.vn/products/pdp-i2664162441.html,303.000 ₫,5.0,123 Đã bán
COEP | Bàn Phím Bluetooth Không Dây Di Động cho Máy Tính Bảng và Điện Thoại Thông Minh,https://www.lazada.vn/products/pdp-i3205958406.html,395.000 ₫,,
Maidu Md32-4c4 Ống Dẫn Nhiệt Làm Mát Cpu Siêu Mỏng 115x 1700 1366 2011 E5 I7 I5 I3 Phần Cứng Máy Tính Làm Mát Bằng Không Khí Tản Nhiệt,https://www.lazada.vn/products/pdp-i2830225636.html,521.000 ₫,5.0,
Quạt tản nhiệt điện thoại sò lạnh MEMO CX04 chơi game livestream làm mát nhanh chống ồn đèn led gaming - Hàng chính hãng,https://www.lazada.vn/products/pdp-i2425493613.html,172.500 ₫,,
Quạt tản nhiệt điện thoại sò lạnh SIDOTECH CX01 gaming từ tính đèn led RGB quạt 9 cánh chống ồn làm mát nhanh,https://www.lazada.vn/products/pdp-i2425966118.html,641.700 ₫,,
"Viên uống Skin Detox Pharmalife hỗ trợ giảm mụn, giảm dầu nhờn giúp tăng cường đề kháng và dưỡng ẩm hộp 30",https://www.lazada.vn/products/pdp-i2494664433.html,755.000 ₫,,
"Hematoferol viên uống bổ sung sắt hữu cơ Acid folic cho bà bầu, trước và sau sinh | Nhập khẩu chính hãng Vương quốc Anh",https://www.lazada.vn/products/pdp-i3064916940.html,295.000 ₫,,
Combo Viên uống DHC Giảm Mụn - Nóng Trong 20 Ngày (Kẽm 20 viên & Rau Củ 80 viên),https://www.lazada.vn/products/pdp-i2419229248.html,586.500 ₫,,
Bộ mở rộng sóng Wi-Fi băng tần kép chuẩn AC1200Mbps TOTOLINK EX1200T_V2 Cục kích sóng wifi tốc độ cao Hãng phân phối chính thức,https://www.lazada.vn/products/pdp-i2281271142.html,499.000 ₫,5.0,32 Đã bán
Viên One A Day Men’s 50+ Complete Multivitamin Bayer bổ sung vitamin tổng hợp và các khoáng chất hộp 300 viên của Mỹ dành cho nam giới trên 50 tuổi,https://www.lazada.vn/products/pdp-i3082449364.html,880.000 ₫,,
Bể tản nhiệt nước dung tích lớn tản làm nóng nhanh CPU làm mát bằng nước an toàn không có rò rỉ nước để làm mát máy tính,https://www.lazada.vn/products/pdp-i3232108930.html,379.000 ₫,,
"Soulmate | Thẻ Chụp Video 4K cho Máy Ảnh DSLR, Máy Tính Bảng, Trò Chơi Di Động, PS4/Switch, Douyin",https://www.lazada.vn/products/pdp-i3195388905.html,8.423.000 ₫,,
Bàn Phím Bluetooth Gập Lại BOW Mini Pocket Keyboard Bàn Phím Di Động Thiết Bị Ngoại Vi Laptop Tablet Multimedia Keyboard,https://www.lazada.vn/products/pdp-i3139354780.html,1.175.000 ₫,,
"Natrol, 5-htp, thời gian phát hành, sức mạnh tối đa, 200 mg, 30 viên",https://www.lazada.vn/products/pdp-i2862099233.html,829.000 ₫,,
Quạt Tản Nhiệt Máy Tính Arctic P9 Max/PWM PST 9cm4 Chân Kiểm Soát Nhiệt Độ Máy Tính Tản Nhiệt Máy Tính Bằng Sợi Thủy Tinh Công Suất Cao,https://www.lazada.vn/products/pdp-i3173925621.html,223.000 ₫,,"54 Đã bán
China"
ThinkPad X1 Tablet Gen3 2nd Evo Adapter Laptop USB-C Power Adapter Type-C Charger 65W Power Cable 20V 3.25A Original Lenovo,https://www.lazada.vn/products/pdp-i3177159158.html,636.000 ₫,,"18 Đã bán
China"
Geyes GM606 Wireless Bluetooth Mini Mouse Sạc Đa Năng Cho Điện Thoại/Tablet Màn Hình Cỡ Nhỏ Mát Mẻ Đa Năng Thiết Kế Thoải Mái,https://www.lazada.vn/products/pdp-i2473620457.html,601.000 ₫,,"84 Đã bán
China"
"COEP | Bộ Bàn Phím & Chuột Bluetooth Không Dây có Sạc, Im Lặng, Khe Thẻ cho Máy Tính Bảng, Điện Thoại và Máy Tính",https://www.lazada.vn/products/pdp-i3198454497.html,657.000 ₫,,
Thiết Bị Làm Mát CPU Máy Chủ 6 Ống Nhiệt LGA4189 4U 2 Quạt Máy Tính Để Bàn 2U 1U Quạt Làm Mát Bằng Không Khí Phong Cách Bên Hông,https://www.lazada.vn/products/pdp-i3138963215.html,1.482.000 ₫,,"12 Đã bán
China"
Mới Asus B150-plus D3 Bo Mạch Chủ Bảng Máy Tính Rào Cản Pc Chất Lượng Cao Phần Và Phụ Kiện,https://www.lazada.vn/products/pdp-i2509096897.html,2.317.000 ₫,,"24 Đã bán
China"
COEP | Bộ Bàn Phím và Chuột Bluetooth Không Dây cho Điện Thoại Thông Minh và Máy Tính Bảng,https://www.lazada.vn/products/pdp-i3205024097.html,737.000 ₫,,
COD Điện thoại thông minh S23 ultra+ 12GB+512GB HD Điện thoại Android 5G 7.2 inch Dual SIM Chế độ chờ kép Bảo hành chính thức Điện thoại thông minh hoàn toàn mới Giải phóng mặt bằng tại kho rẻ nhất Tiền mặt khi giao hàng Trả góp Có sẵn,https://www.lazada.vn/products/pdp-i2577095552.html,1.363.565 ₫,,
"Vỏ Máy Tính Làm Mát Bằng Nước Mini HTPC Golden Field Dự Kiến sử Dụng Chất Liệu Thép N1, Vỏ Full Tower ATX Dành Cho Máy Tính Để Bàn",https://www.lazada.vn/products/pdp-i3221426121.html,1.419.000 ₫,,"24 Đã bán
China"
"[Điện Thoại Chính Hãng COD] S23 Ultra 5G 16GB+512GB Android 13.0 HD Camera Kép Thẻ SIM Điện Thoại Di Động 7,5 Inch Pin Lớn 7000mAh Điện Thoại Di Động Giá Rẻ Giải Phóng Mặt Bằng",https://www.lazada.vn/products/pdp-i2640754967.html,1.362.105 ₫,,
"COEP | Bàn Phím Bluetooth Không Dây Di Động cho Máy Tính Bảng, Điện Thoại Thông Minh và Laptop",https://www.lazada.vn/products/pdp-i3204787160.html,737.000 ₫,,
Chuột không dây Bluetooth có thể sạc lại tiếng ồn thấp cho máy tính và máy tính bảng Oneplus Pad 3,https://www.lazada.vn/products/pdp-i3229615855.html,425.400 ₫,,
"[COMBO 3 THỤ THAI] 3 hộp bổ trứng Stafam tăng chất lượng trứng, trứng khoẻ, điều hoà kinh cho người đa nang buồng trứng",https://www.lazada.vn/products/pdp-i2702650039.html,2.292.000 ₫,,
"COEP | Bàn Phím Bluetooth Không Dây Di Động cho Máy Tính Bảng, Điện Thoại Thông Minh và Máy Tính Xách Tay",https://www.lazada.vn/products/pdp-i3204988982.html,740.000 ₫,,
Chuột tiện dụng dọc Bluetooth không dây USB Nhấp chuột yên tĩnh cho PC Mac iPad,https://www.lazada.vn/products/pdp-i3228318003.html,491.000 ₫,,
"Bác Sĩ Cung Bổ Trứng Tăng Khả Năng Thụ Thai Femifortil - Vitamin Tổng Hợp, Điều Hòa Kinh Nguyệt, Nội Tiết Tố Nữ (60V)",https://www.lazada.vn/products/pdp-i2494606656.html,2.403.000 ₫,,
COEP | Bộ Bàn Phím và Chuột Bluetooth Không Dây cho Điện Thoại Thông Minh và Máy Tính Bảng,https://www.lazada.vn/products/pdp-i3205652379.html,737.000 ₫,,
COEP | Bộ Bàn Phím và Chuột Bluetooth Không Dây cho Apple Android Huawei Xiaomi Máy Tính Bảng Im Lặng,https://www.lazada.vn/products/pdp-i3205083452.html,737.000 ₫,,
Joe Siber Hp400s Cpu Lông Vũ Máy Làm Mát Áp Suất Itx Máy Tính Htpc Quạt Tích Hợp Làm Mát Bằng Gió Phần Cứng Một Mảnh Ống Nhiệt,https://www.lazada.vn/products/pdp-i2830275804.html,969.000 ₫,,
COEP | Bàn Phím và Chuột Bluetooth Không Dây cho Điện Thoại Thông Minh Máy Tính Bảng và Laptop,https://www.lazada.vn/products/pdp-i3205715292.html,737.000 ₫,,
COEP | Bộ Bàn Phím và Chuột Bluetooth Không Dây cho Điện Thoại Thông Minh và Máy Tính Bảng,https://www.lazada.vn/products/pdp-i3205151379.html,737.000 ₫,,
Viên uống cân bằng đường huyết Sugar Balance Blackmores Úc 90 viên giúp hỗ trợ rất tốt cho bệnh nhân tiểu đường,https://www.lazada.vn/products/pdp-i2494560886.html,805.000 ₫,,
COEP | Bộ Bàn Phím và Chuột Bluetooth Không Dây cho Apple Android Huawei Xiaomi Máy Tính Bảng và Điện Thoại,https://www.lazada.vn/products/pdp-i3205598762.html,737.000 ₫,,
Vitamin tổng hợp cho mẹ sau sinh Pregnacare Breast-feeding - Nội Địa Anh,https://www.lazada.vn/products/pdp-i2494569672.html,770.000 ₫,,
Thẻ không dây Card Wi-Fi 5G băng tần kép với ăng-ten cho máy tính cho nhà,https://www.lazada.vn/products/pdp-i3151910007.html,634.000 ₫,,
"Vitamin tổng hợp cho phụ nữ Women's Multivitamin Swisse, 120 viên - Hàng Úc",https://www.lazada.vn/products/pdp-i2597422745.html,850.000 ₫,,
ZealSound V3Pro Kết nối Lightning Micro cài áo không dây 2.4GHz Micrô ghi âm khử tiếng ồn cho TikTok Youtube Vlog Live Stream và Phỏng vấn cho Iphone Ipad,https://www.lazada.vn/products/pdp-i2806054630.html,1.476.245 ₫,,
"Bộ Tản Nhiệt CPU Kiểu Hạ Áp X36x47x53 Axp90 Limin, Quạt Vỏ Máy Nhỏ ITX, Máy Tính Màu Trắng, Làm Mát Bằng Gió.",https://www.lazada.vn/products/pdp-i2524361645.html,913.000 ₫,,
"[COD] Điện thoại di động chính hãng S23 Ultra 5G Điện thoại di động giá rẻ 7,5 inch 16GB + 512GB hai SIM ở chế độ chờ kép 6800mAh Điện thoại thông minh Android giá rẻ bán giải phóng mặt bằng điện thoại di động",https://www.lazada.vn/products/pdp-i2543637519.html,1.359.999 ₫,,
COEP | Bàn Phím và Chuột Bluetooth Không Dây cho Điện Thoại Thông Minh Máy Tính Bảng và Laptop,https://www.lazada.vn/products/pdp-i3205536720.html,737.000 ₫,,
COEP | Bộ Bàn Phím và Chuột Bluetooth Không Dây cho Điện Thoại Thông Minh và Máy Tính Bảng,https://www.lazada.vn/products/pdp-i3205069382.html,737.000 ₫,,
Đế Nâng Màn Hình LCD AOC 27 Inch Mới Có Thể Điều Chỉnh Được VESA Universal 4-5kg Đế Máy Tính Để Bàn Bằng Thép Không Gỉ,https://www.lazada.vn/products/pdp-i3227912534.html,861.000 ₫,,
JIALEMEIJIA | Tản Nhiệt Máy Tính Xách Tay Điều Chỉnh Được Bằng Hút Chân Không,https://www.lazada.vn/products/pdp-i3219637463.html,759.000 ₫,,
"[kem micro đôi] Vang cơ NEX FX9plus , VANG HÁT KARAOKE CHỐNG HÚ TẶNG KÈM DÂY CANON SANG CANON CANON SANG AV",https://www.lazada.vn/products/pdp-i1271026757.html,1.500.000 ₫,,
Vitamin tổng hợp dành cho nam Puritan’s Pride One Daily Men’s Multivitamin 100v nhập khẩu chính hãng tư Mỹ,https://www.lazada.vn/products/pdp-i2494643555.html,1.053.000 ₫,,
Bảng máy quay USB Micro tích hợp mô-đun máy ảnh máy quay USB cho máy tính,https://www.lazada.vn/products/pdp-i3169276294.html,809.000 ₫,,
CHARDRUSHRU có bàn di chuột Bàn phím Bluetooth Giá đỡ điện thoại PC Gấp lại Bàn phím có thể gập lại Không dây Bàn phím máy tính bảng Cho iOS/Android/Cửa sổ/Mac,https://www.lazada.vn/products/pdp-i3227006823.html,686.000 ₫,,
Smartdevil máy tính bảng Xiaomi Pad Vỏ bàn phím cho Xiaomi Pad 6 Xiaomi Pad 6S Pro Xiaomi Pad 5 Redmi Pad Pro Poco Pad Redmi Pad SE 11 / 12.4 / 10.6 / 12.1 inch giá đỡ bằng da bìa với rãnh để Bút vỏ máy tính bảng thông min,https://www.lazada.vn/products/pdp-i2652811453.html,598.000 ₫,3.0,8 Đã bán
Bộ Bàn Phím Chuột Không Dây Bluetooth 87 Cơ Học Chơi Game Cho Máy Tính Xách Tay Máy Tính Để Bàn Máy Tính Bảng Văn Phòng Im Lặng Cho Nam Và Nữ,https://www.lazada.vn/products/pdp-i3203004894.html,612.000 ₫,,
Bàn phím không dây Acer 2.4g 80 phím RGB Back Effect 19 phím Silent Wired Bluetooth Gaming Office Keyboard cho máy tính xách tay máy tính bảng,https://www.lazada.vn/products/pdp-i3104988311.html,233.492 ₫,1.0,
"Multi Vitamin Nutriversum, chứa 11 khoáng chất & 13 vitamin thiết yếu, 60 viên/30 servings",https://www.lazada.vn/products/pdp-i2414254392.html,4.599.998 ₫,,
COEP | Bàn Phím và Chuột Bluetooth Không Dây cho Điện Thoại Thông Minh Máy Tính Bảng và Laptop,https://www.lazada.vn/products/pdp-i3205320746.html,737.000 ₫,,
"[Điện thoại di động mới 2024] S23 ultra 16GB + 1TB 5G 7,5 inch thẻ SIM kép điện thoại di động rẻ nhất giải phóng mặt bằng trò chơi trả góp COD",https://www.lazada.vn/products/pdp-i2598042591.html,1.300.268 ₫,1.0,
Thiết bị mạng Wifi Bridge 300mbps chế độ AP Repeater Bridge không dây cho máy tính bảng,https://www.lazada.vn/products/pdp-i3190180453.html,760.000 ₫,,
B．O．W | Bàn Phím Bluetooth Gập 3 Lần Di Động Tương Thích iPad Pro,https://www.lazada.vn/products/pdp-i3198588704.html,735.000 ₫,4.0,
COEP | Bộ Bàn Phím và Chuột Bluetooth Không Dây cho Điện Thoại Thông Minh và Máy Tính Bảng,https://www.lazada.vn/products/pdp-i3205913792.html,737.000 ₫,,
COEP | Bộ Bàn Phím và Chuột Bluetooth Không Dây cho Điện Thoại Thông Minh và Máy Tính Bảng,https://www.lazada.vn/products/pdp-i3205782573.html,737.000 ₫,,
Trưởng Cầu Thủ 4000 Vòng/phút Bạo Lực Quạt Làm Mát Máy Tính Làm Mát Bằng Nước Gắn Luồng Không Khí Cao Rgb Dành Cho Máy Tính Để Bàn,https://www.lazada.vn/products/pdp-i2413911505.html,280.000 ₫,5.0,615 Đã bán
"COEP | Bàn Phím Bluetooth Không Dây Di Động cho Máy Tính Bảng, Điện Thoại Thông Minh và Máy Tính Xách Tay",https://www.lazada.vn/products/pdp-i3205734828.html,737.000 ₫,,
"Bác Sĩ Cung Viên Uống Vitamin Tổng Hợp Tăng Sức Đề Kháng AZ Depot - Vitamin Tổng Hợp, Kẽm, Tăng Cường Sức Khỏe (30V)",https://www.lazada.vn/products/pdp-i2494547792.html,779.000 ₫,,
COEP | Bàn Phím và Chuột Bluetooth Không Dây cho Điện Thoại Thông Minh Máy Tính Bảng và Máy Tính Xách Tay,https://www.lazada.vn/products/pdp-i3205610749.html,737.000 ₫,,
COEP | Bộ Bàn Phím và Chuột Bluetooth Không Dây cho Apple Android Huawei Xiaomi Máy Tính Bảng và Điện Thoại Im Lặng,https://www.lazada.vn/products/pdp-i3205074156.html,737.000 ₫,,
COEP | Bộ Bàn Phím và Chuột Bluetooth Không Dây cho Điện Thoại Thông Minh và Máy Tính Bảng,https://www.lazada.vn/products/pdp-i3205044252.html,738.000 ₫,,
COEP | Bộ Bàn Phím và Chuột Bluetooth Không Dây cho Điện Thoại Thông Minh và Máy Tính Bảng,https://www.lazada.vn/products/pdp-i3205618278.html,737.000 ₫,,
COEP | Bộ Bàn Phím và Chuột Bluetooth Không Dây cho Điện Thoại Thông Minh và Máy Tính Bảng,https://www.lazada.vn/products/pdp-i3205242811.html,737.000 ₫,,
Genecel Max - Tăng cường sức đề kháng,https://www.lazada.vn/products/pdp-i2656406736.html,500.000 ₫,,
"Combo 03 tuýp viên sủi bổ sung 21 Vitamin và khoáng chất Doppelherz A Z Fizz (03 Tuýp, 13 viên/tuýp)",https://www.lazada.vn/products/pdp-i2494616618.html,531.000 ₫,,
Saramonic lavmicro U1 ngưng Lavalier Clip-on micrô cho iPhone ios iPad sét phát trực tiếp ghi âm vlog,https://www.lazada.vn/products/pdp-i2655071758.html,408.355 ₫,,
COEP | Bộ Bàn Phím và Chuột Bluetooth Không Dây cho Điện Thoại Thông Minh và Máy Tính Bảng,https://www.lazada.vn/products/pdp-i3205294530.html,737.000 ₫,,
COEP | Bàn Phím và Chuột Bluetooth Không Dây cho Điện Thoại Thông Minh Máy Tính Bảng và Máy Tính Xách Tay,https://www.lazada.vn/products/pdp-i3204490837.html,737.000 ₫,,
"BOYA Hệ Thống Micrô Không Dây BY-XM6 S1 S2 2.4GHz Tín Hiệu TRS 3.5Mm Micrô Tích Hợp Với Màn Hình OLED Cho DSLR,Mirrorless, Máy Ảnh, Điện Thoại Thông Minh, iPhone,iPad, Máy Tính Xách Tay, Android, máy Tính, Video, Ghi Âm, Podcast,Vlog, Phát Trực Tiếp",https://www.lazada.vn/products/pdp-i1574063784.html,3.055.000 ₫,5.0,9 Đã bán
Máy Bơm Làm Mát Bằng Nước Tròn Bykski Máy Bơm Dụng Cụ Làm Đẹp Im Lặng Với Đầu 3m Và Tốc Độ Dòng Chảy 330L / H Để Làm Mát Phần Cứng Máy Tính,https://www.lazada.vn/products/pdp-i2850253273.html,1.040.000 ₫,,"6 Đã bán
Hong Kong"
COEP | Bộ Bàn Phím và Chuột Bluetooth Không Dây cho Điện Thoại Thông Minh và Máy Tính Bảng,https://www.lazada.vn/products/pdp-i3205680738.html,737.000 ₫,,
COEP | Bộ Bàn Phím và Chuột Bluetooth Không Dây cho iPad Pro và Thiết Bị Apple,https://www.lazada.vn/products/pdp-i3198489122.html,524.000 ₫,,
"PROJECT V Thực Phẩm Bảo Vệ Sức Khỏe CYBER LEGACY - Viên Sủi CYBERORANGE - Năng Lượng Của Những Chiến Thắng Hàng Ngày - Hộp 10 Viên Sủi Bọt - Xuất xứ Pháp, Hàng Chính Hãng",https://www.lazada.vn/products/pdp-i2627110117.html,1.200.000 ₫,,
BGA989 CPU Computer Chiller Bằng Đồng Tím PGA988 Tấm Làm Mát TEC 60 Chiều Dài Tản Nhiệt Bằng Đồng Tím Mới Cho Máy Tính Công Nghiệp,https://www.lazada.vn/products/pdp-i2940563858.html,648.000 ₫,,"6 Đã bán
Hong Kong"
"COEP | Bàn Phím Bluetooth Không Dây Di Động cho Máy Tính Bảng, Điện Thoại Thông Minh và Máy Tính Xách Tay",https://www.lazada.vn/products/pdp-i3205289462.html,737.000 ₫,,
Chuột Bluetooth không dây kèm USB 2.4GHz chống ồn WIWU Wimice Lite 2.4GHz WM102 cho iPad Laptop PC,https://www.lazada.vn/products/pdp-i1492105330.html,360.000 ₫,,
"WAVLINK USB C to Ethernet Adapter 5Gbps, RJ45 Gigabit LAN Ethernet Network Adapter for laptop, Computers and More, tương thích Thunderbolt 5/4/3, for MacBook Pro/Air, iPad Pro, Dell XPS",https://www.lazada.vn/products/pdp-i3175369800.html,485.100 ₫,,
COEP | Bàn Phím và Chuột Bluetooth Không Dây cho Điện Thoại Thông Minh Máy Tính Bảng và Máy Tính Xách Tay,https://www.lazada.vn/products/pdp-i3204855259.html,737.000 ₫,,
COEP | Bộ Bàn Phím và Chuột Bluetooth Không Dây cho Điện Thoại Thông Minh và Máy Tính Bảng,https://www.lazada.vn/products/pdp-i3205500843.html,737.000 ₫,,
Viên Uống Bổ Mắt Việt Quất DHC Blueberry Extract Cải Thiện Thị Lực gói 40 viên (20 Ngày),https://www.lazada.vn/products/pdp-i2419219272.html,540.500 ₫,,
COEP | Bộ Bàn Phím và Chuột Bluetooth Không Dây cho Điện Thoại Thông Minh và Máy Tính Bảng,https://www.lazada.vn/products/pdp-i3205288096.html,737.000 ₫,,
COEP | Bộ Bàn Phím và Chuột Bluetooth Không Dây cho Điện Thoại Thông Minh và Máy Tính Bảng,https://www.lazada.vn/products/pdp-i3204958392.html,737.000 ₫,,
"Combo Canxi sinh học Bestical X và Sắt hướng đích Bestifer - Bổ sung Canxi, D3K2, Sắt cho mẹ bầu, mẹ sau sinh",https://www.lazada.vn/products/pdp-i2803570787.html,679.140 ₫,,
Mạng Bộ chuyển đổi thẻ card Bộ chuyển đổi mạng Bộ chuyển đổi mạng bảng mạch chuyển đổi máy tính xách tay cho PCI-Express,https://www.lazada.vn/products/pdp-i3157347005.html,269.206 ₫,,
"Dầu Omega3 2200mg Đại Dương Phổ Rộng Số 1 Tại Mỹ, Krill Oil, Astaxanthin, Độ_n_g V_ật Phù Du Sports Research - SẢN PHẨM CHẤT LƯỢNG CAO, ĐƯỢC YÊU THÍCH SĂN ĐÓN TRÊN THỊ TRƯỜNG HIỆN NAY, HÀNG ĐẢM BẢO DÙNG SIÊU THÍCH MỜI KHÁCH YÊU TRẢI NGHIỆM",https://www.lazada.vn/products/pdp-i3104615184.html,2.249.900 ₫,,
Viên Uống Bổ Sung Magie Hỗ Trợ Cơ Bắp Ngăn Ngừa Chuột Rút Blackmores Bio Magnesium Lọ 100 Viên,https://www.lazada.vn/products/pdp-i2003582878.html,608.000 ₫,5.0,313 Đã bán
"Now Foods, gấp đôi sức mạnh L-Lysine, 1,000 mg, 100 viên/250 viên",https://www.lazada.vn/products/pdp-i2866256258.html,1.070.000 ₫,,
Microsoft Surface Book Pro7 Pro5 4K USB Network Card Expansion Docking Station Tablet Accessory Digital Electronics,https://www.lazada.vn/products/pdp-i3138905773.html,920.000 ₫,,"24 Đã bán
China"
Phụ Kiện Máy Tính Không Dây Bluetooth WELAIDE M800 3200dpi 10m 12 Tháng Bảo Hành Cho Macbook Air Laptop pro Tablet,https://www.lazada.vn/products/pdp-i3139583358.html,399.000 ₫,,
COEP | Bộ Bàn Phím & Chuột Bluetooth 3 Chế Độ Không Dây cho iPad & Laptop,https://www.lazada.vn/products/pdp-i3198414366.html,652.000 ₫,,
MOFII Bluetooth Wireless Keyboard Double Mode Cute Mini Keyboard for Women Compatible with Tablet iPad Universal Laptop,https://www.lazada.vn/products/pdp-i3152595563.html,864.000 ₫,,
Thảm Chuột Bằng Kính Sky Glide Bề Mặt Mịn Màng Dùng Cho Máy Tính Để Bàn Và Máy Tính Xách Tay Họa Tiết Hộp Mù Ngẫu Nhiên,https://www.lazada.vn/products/pdp-i3012952150.html,611.000 ₫,,"600 Đã bán
China"
Viên uống phục hồi và tăng cường sức khỏe sinh lý nam giới Powergra (Super Gold Magic) - Hộp 10 viên | GUNSHOP VIỆT NAM,https://www.lazada.vn/products/pdp-i2531354540.html,1.395.000 ₫,5.0,626 Đã bán
"Viên Uống Tảo Fucoidan Orihiro 90 Viên Hỗ Trợ Điều Trị Ung Thư Hiệu Quả, Tăng Cường Sức Đề Kháng",https://www.lazada.vn/products/pdp-i399116005.html,670.000 ₫,5.0,572 Đã bán
COEP | Bộ Bàn Phím và Chuột Bluetooth Không Dây cho Điện Thoại Thông Minh và Máy Tính Bảng,https://www.lazada.vn/products/pdp-i3205523390.html,737.000 ₫,,
⭐ Bộ Router Wifi 4A Xiaomi Quốc tế Bộ phát wifi router 4A Xiaomi băng tần kép 2.4G & 5G băng thông 1200Mbps BH 12 tháng ( Chính Hãng ) - Có Kèm Theo Hd Cài Đặt,https://www.lazada.vn/products/pdp-i1573884410.html,450.000 ₫,,
"Viên sủi điện giải tốt ƞhất thế giới Forbes bình chọn : ""NUUN Sport"" tăng cường hiệu suất thể thao",https://www.lazada.vn/products/pdp-i2427608882.html,199.000 ₫,5.0,238 Đã bán
"Viên Uống Tăng Cường Đề Kháng, Miễn Dịch Chiết Xuất Đông Trùng Hạ Thảo Seedcoms Nhật Bản",https://www.lazada.vn/products/pdp-i2733038506.html,190.000 ₫,5.0,35 Đã bán
CHUWI UBOOK pro 12.3 Inch Magnetic Attraction Keyboard 2-in-1 Detachable Keyboard Phụ Kiện Màn Hình Máy Tính Bảng,https://www.lazada.vn/products/pdp-i2840278939.html,1.046.000 ₫,,
"Viên Uống Blood Sugar Control Hỗ Trợ Ổn Định Đường Huyết Trong Máu, Đẩy Lùi Tiểu Đường Hộp 60 Viên",https://www.lazada.vn/products/pdp-i2419162776.html,851.000 ₫,,
Quạt tản nhiệt sò nóng lạnh GT29 công suất cao - Quạt sò lạnh hít nam châm cực mạnh dành cho điện thoại máy tính bảng,https://www.lazada.vn/products/pdp-i2490013148.html,848.000 ₫,,
Ống Giảm Xóc 26/27mm/30mm Dải Hướng Dẫn Cột Dưới Ống Nối Ba Điểm Đầu Máy Tính Bảng Nhỏ Món Đồ Chơi Golden Boy,https://www.lazada.vn/products/pdp-i2866155059.html,455.000 ₫,,"6 Đã bán
Hong Kong"
Quạt tản nhiệt điện thoại sò lạnh Memo DL05 gaming Led RGB dành cho game thủ PUBG Liên Quân Freefire COD FF,https://www.lazada.vn/products/pdp-i2547634722.html,701.000 ₫,,
"Viên uống Iron 65mg Nature Made 365 viên của Mỹ bổ sung sắt, bổ máu, tăng cường hệ miễn dịch",https://www.lazada.vn/products/pdp-i2414044796.html,1.184.500 ₫,,
"Khăn Lau Nano Ultra-Fiber Lau Màn Hình, Điện Thoại, Máy Tính Bảng, Laptop, Ống Kính",https://www.lazada.vn/products/pdp-i2588860688.html,24.900 ₫,5.0,123 Đã bán
Quạt tản nhiệt sò nóng lạnh GT29 công suất cao - Quạt sò lạnh hít nam châm cực mạnh dành cho điện thoại máy tính bảng,https://www.lazada.vn/products/pdp-i2425976060.html,816.500 ₫,,
Tản Nhiệt CPU Máy Tính Jonsbo CR1400 EVO ARGB Trắng Bộ Tản Nhiệt Quạt Tản Nhiệt Bằng Thép Không Gỉ 4 Ống Tản Nhiệt,https://www.lazada.vn/products/pdp-i3097064270.html,455.000 ₫,,"42 Đã bán
Hong Kong"
Lò Vi Tính Bằng Đồng Ice Hong CPU 1150 1151 1155 1156 1200 Giảm Nhiệt Máy Tính Để Bàn Gió Máy Tính Giảm Tiếng Ồn,https://www.lazada.vn/products/pdp-i2850258186.html,104.000 ₫,,"128 Đã bán
Hong Kong"
Quạt tản nhiệt sò lạnh cho điện thoại máy tính bảng GT29 công suất cao - Quạt sò lạnh hít nam châm GT29 LED RGB,https://www.lazada.vn/products/pdp-i2490028461.html,793.000 ₫,,
🔝 Bộ Phát Wifi Xiaomi Mi Router Gen 4A băng tần kép 2.4G & 5G băng thông 1200Mbps BH 12 tháng ( Chính Hãng ) - Có Kèm Theo Hd Cài Đặt ▄▀▄▀▄▀,https://www.lazada.vn/products/pdp-i1414730518.html,450.000 ₫,,
Quạt Tản Nhiệt Máy Tính Để Bàn Lìmin S12 ARGB 12cm 120MM CPU 5V3PIN Quạt Tản Nhiệt Bằng Không Khí Mới Bao Gồm Cả Nước,https://www.lazada.vn/products/pdp-i3009032958.html,764.000 ₫,,"48 Đã bán
Hong Kong"
[COMBO 4 TUÝP x 20 VIÊN] Vitamin Tổng Hợp Viên Sủi Pusssz Max Multivitamin Vị Cam Không Đường,https://www.lazada.vn/products/pdp-i1985548326.html,201.240 ₫,5.0,110 Đã bán
"Viên Uống Bổ Sung Vitamin Tổng Hợp Centrum, Centrum Advance & Centrum Advance 50+ hộp 100 viên",https://www.lazada.vn/products/pdp-i2494629434.html,609.000 ₫,,
Quạt tản nhiệt sò lạnh hít nam châm công suất lớn 27W - Tản nhiệt sò nóng lạnh X42 siêu lạnh dành cho máy tính bảng,https://www.lazada.vn/products/pdp-i2425973113.html,483.000 ₫,,
"Máy làm sữa hạt đa năng, máy xay cầm tay Inochi - Điều khiển cảm ứng với nhiều chức năng: sữa bắp, nước, đậu nành, bột",https://www.lazada.vn/products/pdp-i2581408123.html,1.533.000 ₫,,
Thermaltake Toughfan 12 14cm Làm Mát Bằng Nước Cpu Tản Nhiệt Quạt Cho Máy Tính Để Bàn Máy Tính Điều Khiển Nhiệt Độ Im Lặng Hoạt Động,https://www.lazada.vn/products/pdp-i2830329452.html,1.285.000 ₫,,
GEORG Chủ đề từ nữ sang nữ Chỉ báo lưu lượng nước Chủ đề G1/4 inch Chất liệu hợp Chỉ báo làm mát bằng nước Dễ dàng cài đặt Cánh quạt xanh Chỉ báo dòng chảy làm mát Dành cho hệ thống làm mát bằng nước máy tính,https://www.lazada.vn/products/pdp-i3232351276.html,239.000 ₫,,
COEP | Bộ Bàn Phím và Chuột Bluetooth Không Dây cho Apple Android Huawei Xiaomi Máy Tính Bảng và Điện Thoại Im Lặng,https://www.lazada.vn/products/pdp-i3205389310.html,737.000 ₫,,
"Ugreen USB C + Bộ chuyển đổi HDMI 2 đầu vào 1 đầu ra 4K60hz, nhôm HDMI + USB C Switcher 2 PC tương thích 3D HDR hdcp2.2 với máy tính xách tay, máy tính bảng, Macbook Air/Pro, điện thoại thông minh, sàn hơi nước, ps5/4, Xbox",https://www.lazada.vn/products/pdp-i3154837647.html,802.500 ₫,,
COEP | Bộ Bàn Phím và Chuột Bluetooth Không Dây cho Điện Thoại Thông Minh và Máy Tính Bảng,https://www.lazada.vn/products/pdp-i3205361446.html,737.000 ₫,,
COEP | Bộ Bàn Phím và Chuột Bluetooth Không Dây cho Apple Android Huawei Xiaomi Máy Tính Bảng và Điện Thoại,https://www.lazada.vn/products/pdp-i3205403191.html,737.000 ₫,,
Quạt tản nhiệt sò lạnh cho điện thoại máy tính bảng X65 công suất 24W - Quạt sò lạnh hít nam châm X65 LED RGB,https://www.lazada.vn/products/pdp-i2489820970.html,730.000 ₫,,
"Wavlink PD 100W USB-C gan nhanh sạc điện thoại, phổ sạc USB-C cho máy tính xách tay, máy tính bảng, điện thoại và nhiều hơn nữa, tương thích với MacBook, Chromebook, Lenovo, Dell, HP, ASUS, Huawei, Samsung, chuyển đổi, ps, Xbox",https://www.lazada.vn/products/pdp-i2328520886.html,628.375 ₫,,
Thiết Bị Làm Mát Bằng Nước Bằng Đồng 29 40 60mm Dày Phụ Kiện Máy Tính Thiết Bị Làm Mát Tản Nhiệt,https://www.lazada.vn/products/pdp-i2839968665.html,897.000 ₫,,"79 Đã bán
Hong Kong"
"NEEWER 67mm Phone Filter Kit, Bộ lọc sương mù đen khuếch tán 1/4 màu đen cho ống kính điện thoại, có kẹp giữ bộ lọc điện thoại đa năng 67mm, tương thích với điện thoại thông minh iPhone Samsung Xiaomi Android",https://www.lazada.vn/products/pdp-i3066389339.html,635.000 ₫,,
Miếng Dán Màn Hình Surface pro 9 Microsoft Anti-Glare 13 Inch Laptop Tablet Go3/2 Frosted Privacy Protection Screen Guard,https://www.lazada.vn/products/pdp-i2473667215.html,238.000 ₫,5.0,62 Đã bán
Bộ Khay Băng 900K Bộ Khay Băng IBM4915+ Tương Thích Với Máy in Bút Chì Realta BP3000 BP3000+ 3000XE BP3200 Phụ Kiện Máy Tính Văn Phòng,https://www.lazada.vn/products/pdp-i3175601096.html,71.000 ₫,,"6 Đã bán
China"
"Máy làm sữa hạt UNIE V9S PRO phiên bản nâng cấp 2024, máy xay nấu đa năng dung tích 1,75L, 8 chế độ xay nấu, thông báo bằng giọng nói độc quyền - Bảo hành động cơ đến 5 năm",https://www.lazada.vn/products/pdp-i2945745745.html,3.090.000 ₫,5.0,46 Đã bán
"Viên uống đẹp da chống lão hóa, cân bằng nội tiết Hanami Bcom Gung The Blossom Edition tặng thêm lượng viên",https://www.lazada.vn/products/pdp-i464772822.html,2.398.800 ₫,4.0,
Bàn Phím Gập Bluetooth Di Động Màu Sắc Tương Thích Với Apple Huawei iPad Điện Thoại Di Động Máy Tính Bảng Bàn Phím Đa Năng,https://www.lazada.vn/products/pdp-i3145591787.html,406.000 ₫,,
Miếng Dán Màn Hình Cường Lực iPad Air 2 12.9 Inch 9.7 Inch Mini 6 pro 10.5 Bảo Vệ Chống Ánh Sáng Xanh Mới 2020/2021,https://www.lazada.vn/products/pdp-i3211623994.html,101.000 ₫,,"54 Đã bán
China"
Miếng Dán Màn Hình Cường Lực 11 Inch Cho Máy Tính Bảng iPad pro 2020/2021/2021 plus Lớp Bảo Vệ Màn Hình Bằng Kính,https://www.lazada.vn/products/pdp-i3231583342.html,102.000 ₫,,"30 Đã bán
China"
COEP | Bộ Bàn Phím và Chuột Bluetooth Không Dây cho Điện Thoại Thông Minh và Máy Tính Bảng,https://www.lazada.vn/products/pdp-i3205421884.html,737.000 ₫,,
Thảm Chuột Máy Tính Bằng Cao Su Siêu Lớn Fuhulu Thảm Bàn Phím Máy Tính Chống Trượt Cho Học Sinh Chơi Game,https://www.lazada.vn/products/pdp-i3039804732.html,138.000 ₫,,"342 Đã bán
China"
Chuột Không Dây Bluetooth AI Gõ Bằng Giọng Nói Cho Nam Và Nữ Tương Thích Với iPad MacBook Xiaomi Lenovo Mac M-103 1600dpi Tương Thích Với Windows Và Mac,https://www.lazada.vn/products/pdp-i3160344028.html,370.000 ₫,,
SET 2 HỘP TẢO VÀNG SPIRULINA EX FAMILY NHẬT BẢN (MỖI LỌ 1000 VIÊN),https://www.lazada.vn/products/pdp-i2295305087.html,1.998.000 ₫,5.0,8 Đã bán
Cáp Sạc Nhanh Truyền Video ORICO TBZ4 TBW4 Thunderbolt 4 Type-C USB 4.0 100W PD 40Gbps 8K60HZ cho DELL IPAD MacBook Pro,https://www.lazada.vn/products/pdp-i1870376969.html,897.000 ₫,4.0,
Pin máy tính bảng Tablet Microsoft Surface Go 1824 1825 G16QA043H 26.12Wh,https://www.lazada.vn/products/pdp-i2493619848.html,855.000 ₫,,
Vitamin Tổng Hợp Cho Phụ Nữ Xtend-Life Total Balance Women’s (120v),https://www.lazada.vn/products/pdp-i1484570059.html,3.200.000 ₫,4.0,30 Đã bán
Tản nhiệt sò lạnh Led RGB TH06 PRo Ai Gaming siêu mát cho máy tính bảng,https://www.lazada.vn/products/pdp-i1298362092.html,400.000 ₫,5.0,
Ametonana mưa 7 chuột không dây chuột bluetooth mousemaster yên tĩnh chuột mỏng 65g có thể sạc lại tiết kiệm năng lượng độ chính xác cao Windows/Mac/CHROME/Android/bề mặt/iPad OS hỗ trợ (Màu Trắng),https://www.lazada.vn/products/pdp-i2856591648.html,712.500 ₫,5.0,
Thảm Chuột Da Afflatus Area Bằng Gỗ Lõi Mềm Cỡ Lớn Thiết Kế Đơn Giản Cho Văn Phòng Và Gia Đình Phụ Kiện Máy Tính Chất Lượng Cao,https://www.lazada.vn/products/pdp-i2982181382.html,511.000 ₫,,
"Booster C1000 - Viên sủi Vitamin C 1000mg giúp bổ sung Vitamin C cho cơ thể, hỗ trợ nâng cao sức đề kháng P049",https://www.lazada.vn/products/pdp-i1531938822.html,45.000 ₫,5.0,
bán phím+dook+sạc máy tính bảng Fujitsu arrows tap q506-507,https://www.lazada.vn/products/pdp-i2732084023.html,690.000 ₫,5.0,
Tabtop Chuột Bluetooth Không Dây chuột không dây chuột mỏng Bluetooth Yên Tĩnh Chuột Windows/MacBook/iPad/Android Tương Thích Chuột Không Dây 4 Nút Yên Tĩnh Chuột Đối Xứng chuột không dây siêu nhẹ chạy bằng pin Đen,https://www.lazada.vn/products/pdp-i3109670909.html,478.900 ₫,,
Chuột không dây thiết kế con vật hình mèo 2.4GHz chuột không dây USB Chuột không dây yên tĩnh chạy bằng pin đối xứng Kích thước L đối xứng nhẹ tương thích với máy tính/máy tính xách tay/máy tính/Macbook nhân vật mèo dễ thương (Màu Xám),https://www.lazada.vn/products/pdp-i3109694820.html,447.500 ₫,,
Khóa điện tử wifi Bộ chuyển đổi wifi cho máy tính băng tần kép USB 3.0 cho văn phòng,https://www.lazada.vn/products/pdp-i3190584781.html,287.000 ₫,3.0,
Dựng Máy Chuột Không Dây Bluetooth AI Gõ Bằng Giọng Nói Cho Mac Apple Laptop Máy Tính Để Bàn Xiaomi Phụ Kiện Phần Cứng Máy Tính,https://www.lazada.vn/products/pdp-i3160304302.html,370.000 ₫,,
[TPCN Nhập Khẩu] Viên uống Vitamin tổng hợp tăng cường sức khỏe đề kháng Doppelherz Aktiv A-Z Depot (Hộp 30 viên),https://www.lazada.vn/products/pdp-i2494727029.html,779.000 ₫,,
Vitamin tổng hợp cho nữ trên 50 tuổi One A Day Women's 50+!Complete Multivitamin bổ sung đa vitamin và các khoáng chất hộp 300 viên cũa Mỹ,https://www.lazada.vn/products/pdp-i3081842582.html,880.000 ₫,,
Quạt tản nhiệt điện thoại sò lạnh MEMO CXA3 nam châm từ tính led gaming livestream làm mát nhanh chơi game MOBA FPS,https://www.lazada.vn/products/pdp-i2598265261.html,523.000 ₫,,
COEP | Bộ Bàn Phím và Chuột Bluetooth Không Dây cho Điện Thoại Thông Minh và Máy Tính Bảng,https://www.lazada.vn/products/pdp-i3205829557.html,737.000 ₫,,
COEP | Bộ Bàn Phím và Chuột Bluetooth Không Dây cho Apple Android Huawei Xiaomi Máy Tính Bảng và Điện Thoại,https://www.lazada.vn/products/pdp-i3205429928.html,737.000 ₫,,
Viên One A Day Women's 50+ Complete Multivitamin Bayer bổ sung vitamin tổng hợp và các khoáng chất hộp 300 viên cũa Mỹ dành cho phụ nữ trên 50 tuổi,https://www.lazada.vn/products/pdp-i3081950096.html,880.000 ₫,,
"Pin sạc dự phòng Gopro 6, Gopro 7, Gopro 8, Gopro 9, Gopro 10, Gopro 11, cho laptop Dell USB C 65Wh - PW7018LC type C 18000mAh, pin dự phòng cho laptop, điện thoại, máy tính bảng",https://www.lazada.vn/products/pdp-i2115655796.html,2.890.000 ₫,5.0,
COEP | Bộ Bàn Phím và Chuột Bluetooth Không Dây cho Điện Thoại Thông Minh và Máy Tính Bảng,https://www.lazada.vn/products/pdp-i3205477964.html,737.000 ₫,,
Aiples | Bàn Phím Không Dây Bluetooth Siêu Mỏng và Im Lặng cho Văn Phòng và Mac/iPad,https://www.lazada.vn/products/pdp-i3217646397.html,1.510.000 ₫,,
Quạt Tản Nhiệt CPU Jonsbo CR1000EVO ARGB Desktop Tower Style CPU Cooler Quạt Tản Nhiệt Máy Tính Bằng Thép Không Gỉ,https://www.lazada.vn/products/pdp-i2866234906.html,589.000 ₫,,"6 Đã bán
Hong Kong"
COEP | Bộ Bàn Phím và Chuột Bluetooth Không Dây cho Điện Thoại Thông Minh và Máy Tính Bảng,https://www.lazada.vn/products/pdp-i3205493936.html,737.000 ₫,,
COEP | Bộ Bàn Phím và Chuột Bluetooth Không Dây cho Apple Android Huawei Xiaomi Máy Tính Bảng và Điện Thoại,https://www.lazada.vn/products/pdp-i3205481690.html,737.000 ₫,,
Quạt tản nhiệt sò lạnh cho điện thoại máy tính bảng X65 công suất 24W - Quạt sò lạnh hít nam châm X65 LED RGB,https://www.lazada.vn/products/pdp-i2425744920.html,724.500 ₫,,
Bộ tản nhiệt làm mát bằng nước làm mát bằng nước 18 ống 120mm/360mm bền cho tản nhiệt nước máy tính để bàn,https://www.lazada.vn/products/pdp-i3231404740.html,680.000 ₫,,
COEP | Bộ Bàn Phím và Chuột Bluetooth Không Dây cho Apple Android Huawei Xiaomi Máy Tính Bảng và Điện Thoại,https://www.lazada.vn/products/pdp-i3205785410.html,737.000 ₫,,
BLUEO | Bảo Vệ Màn Hình iPad Kính Cường Lực,https://www.lazada.vn/products/pdp-i3227799731.html,348.000 ₫,4.0,
ThinkPad Wireless Bluetooth Dual Mode Mouse Office Home Computer Tablet Universal MOBTM90 Optical Connecting Method Bluetooth,https://www.lazada.vn/products/pdp-i2838711966.html,601.000 ₫,,"384 Đã bán
Hong Kong"
Thực Phẩm Bảo Vệ Sức Khoẻ WELLMAN Tablets - Hỗ Trợ Tăng Cường Sức Khỏe Cho Phái Mạnh (30 Viên) - Thương Hiệu Vitabiotics,https://www.lazada.vn/products/pdp-i1267974863.html,472.000 ₫,5.0,34 Đã bán
Logitech MX Phím Nâng Cao bàn phím được chiếu sáng Không Dây Cho Máy tính để bàn Điện Thoại Máy Tính Bảng,https://www.lazada.vn/products/pdp-i2328995661.html,3.528.750 ₫,,
"Thực Phẩm Bảo Vệ Sức Khỏe Mắt Sharp Vision Fine Japan - Bổ Sung Lutein Ester 40mg, Vitamin B1/B6/B12, Hộp 60 Viên",https://www.lazada.vn/products/pdp-i2654302643.html,3.800.000 ₫,5.0,10 Đã bán
Saramonic xmic Z5 Máy tính để bàn USB Micro ngưng tụ cardioid Micro phòng thu cho chơi game ghi âm trực tuyến podcasting PC Máy tính bảng Android máy tính Youtube tiktok,https://www.lazada.vn/products/pdp-i2452609504.html,4.700.000 ₫,,
Thiết Bị Làm Mát CPU Máy Tính Quiet ARGB AX120 R SE Chai Nước ITX Thân Máy Laminar AK120 R SE Bảng Điều Khiển Phần Cứng Mới,https://www.lazada.vn/products/pdp-i3187284746.html,595.000 ₫,,
Miếng Dán Màn Hình Cường Lực Zoyu Cho iPad 10.2 Inch Air 3/2 pro 11/12.9 Mini 5/4/3/2 2018 2019 2020 Phụ Kiện Bảo Vệ Màn Hình,https://www.lazada.vn/products/pdp-i3213681784.html,128.000 ₫,,"60 Đã bán
China"
Màn hình máy tính Xiaomi 27inch IPS 1080p 100Hz A27i - Bảo hành 3 năm chính hãng,https://www.lazada.vn/products/pdp-i2577865298.html,2.390.000 ₫,5.0,
"Saramonic Blink500T2 Bộ Micro Không Dây Lavalier Bộ Phát Kép & 1 Micrô Ve Áo Cho Vlog Streaming YouTube Cho iPhone iPad Android Máy Ảnh DSLR Máy Tính Bảng Điện Thoại Thông Minh, Phạm Vi 328ft (100M), Có Thể Sạc Lại (Thời Gian Làm Việc 12 Giờ)",https://www.lazada.vn/products/pdp-i1980638465.html,4.700.000 ₫,3.0,7 Đã bán
DiagTool iBox iRepair BBox iPad23 Upgrade Small Board Purple Screen Interface Read Write without Disassembly DiagTool iBox,https://www.lazada.vn/products/pdp-i3168191288.html,219.000 ₫,,
Mi Pad 6 Tem Bảo Vệ Màn Hình Cường Lực Phủ Toàn Bộ Màn Hình Chống Ánh Sáng Xanh Cho Máy Tính Bảng 11 Inch 2023,https://www.lazada.vn/products/pdp-i3217439323.html,99.000 ₫,,"66 Đã bán
China"
Boya BY-WM3T mic-rô không dây Lavalier mic với 100m phạm vi khử tiếng ồn ve áo mic nhỏ cho vlogging podcast iPhone iPad Andriod điện thoại thông minh máy ảnh DSLR Youtube tiktok,https://www.lazada.vn/products/pdp-i2408710801.html,1.990.000 ₫,,
"Wavlink 2500 Mbps USB 3.0 Băng Tần Kép LAN AdapteType C Đến 2.5 Gigabit Network Thunderbolt Bộ Chuyển Đổi 3 RJ45 LAN 2.5Gbps, Tương Thích Với MacBook Pro MacBook Air iPad Pro Surface Pro 7 Windows",https://www.lazada.vn/products/pdp-i1403661057.html,432.665 ₫,5.0,32 Đã bán
BLUEO | Phim Bảo Vệ Chống Sốc HD cho Máy Tính Bảng 12.2 Inch,https://www.lazada.vn/products/pdp-i3195489816.html,562.000 ₫,4.0,
COEP | Bộ Bàn Phím và Chuột Bluetooth Không Dây cho Apple Android Huawei Xiaomi Máy Tính Bảng và Điện Thoại Im Lặng,https://www.lazada.vn/products/pdp-i3205386709.html,737.000 ₫,,
Máy làm sữa hạt đa năng SEKA E300 12 chức năng dung tích 1750ml bảng điều khiển tiếng việt - Hàng chính hãng,https://www.lazada.vn/products/pdp-i2437390382.html,1.830.400 ₫,,
"Wavlink 100W gan QC 3.0 PD sạc nhanh sạc USB-C phổ quát cho máy tính xách tay, máy tính bảng, điện thoại, vv Tương thích với MacBook, Chromebook, Lenovo, Dell, HP, ASUS, Huawei, Samsung, chuyển đổi, ps, Xbox",https://www.lazada.vn/products/pdp-i2328888206.html,703.746 ₫,3.0,
Kiểm soát appetrex GNC 60 mũ,https://www.lazada.vn/products/pdp-i2957820280.html,1.125.000 ₫,,
Jonson Cr1400evo Cpu 1700 Pin Làm Mát Bằng Gió 4 Ống Đồng Argb Quạt Cho Máy Tính Để Bàn Amd Nền Tảng Tình Trạng Mới,https://www.lazada.vn/products/pdp-i2830193914.html,501.000 ₫,,
COEP | Bàn Phím Không Dây Bluetooth Di Động cho iPad và Điện Thoại Thông Minh,https://www.lazada.vn/products/pdp-i3204742874.html,395.000 ₫,,
COEP | Bàn Phím Bluetooth Không Dây Di Động cho iPad và Điện Thoại Thông Minh,https://www.lazada.vn/products/pdp-i3205858858.html,395.000 ₫,,
Phức hợp men vi sinh GNC 25 tỷ CFUs 30 viên,https://www.lazada.vn/products/pdp-i2956291545.html,985.000 ₫,,
"Comica vimo S UC và mi Micro dây chuyền không dây cho Android và iPhone với khử tiếng ồn, phạm vi 656 ', theo dõi thời gian thực, mic-rô không dây mini cho máy tính xách tay iPad ghi video phỏng vấn vlog phát trực tiếp",https://www.lazada.vn/products/pdp-i2523005424.html,1.410.000 ₫,,
Thiết Bị Làm Mát CPU Bằng Đồng Nguyên Chất Ultra Quiet 1366 1356 Máy Tính Để Bàn Bộ Quạt Điều Khiển Tốc Độ 4 Chân X79,https://www.lazada.vn/products/pdp-i2830367102.html,215.000 ₫,,"24 Đã bán
Hong Kong"
Ấm đun nước điện SUPOR 600ML 304 Máy đun nước bằng thép không gỉ Dễ thương Thiết bị gia dụng tinh tế Portable Office Tea Kettle 220V,https://www.lazada.vn/products/pdp-i3083770934.html,1.803.000 ₫,,
Làm lạnh bán dẫn máy tính bảng 24V bán dẫn tản nhiệt cho thiết bị nhà cho linh kiện điện tử cho máy tính cho thiết bị điện tử,https://www.lazada.vn/products/pdp-i3160799068.html,568.000 ₫,,
Thiết Bị Làm Mát CPU Bằng Đồng Ultra Quiet Tower Style Cho Máy Tính Để Bàn Intel 2011 Bộ Quạt 1700i3i5 Thiết Bị Làm Mát CPU,https://www.lazada.vn/products/pdp-i2947025696.html,353.000 ₫,,"78 Đã bán
Hong Kong"
Bộ làm mát CPU G1/4 chủ đề nước làm mát máy tính tản nhiệt cho nước làm mát máy tính Hệ thống làm mát bằng nước,https://www.lazada.vn/products/pdp-i3205592030.html,666.000 ₫,,
"Nutrex Alpha-T (60 Viên) - Hỗ Trợ Tăng Testosterone Nam, Tăng Tổng Hợp Protein và Tăng Ham Muốn",https://www.lazada.vn/products/pdp-i3107204896.html,980.000 ₫,,
"TORRAS | Miếng Dán Kính Cường Lực Chống Ánh Sáng Xanh Thân Thiện Với Trẻ Em Cho iPad Pro 2025, Air 7, Mini 7, Thế Hệ 11, 2024 Inch, Thế Hệ 10, 10 Cái",https://www.lazada.vn/products/pdp-i3182237146.html,429.000 ₫,4.0,80 Đã bán
"Miếng Dán Màn Hình Cường Lực Huawei MatePad Air LRT-W20 LRTW30 LRTW00 Vỏ Bảo Vệ Cho Máy Tính Bảng 11,9 Inch LAERUMOUO",https://www.lazada.vn/products/pdp-i3228030679.html,98.000 ₫,,"54 Đã bán
China"
"Viên bổ bầu GS Mamavit Prefolin DHA EPA Hỗ Trợ Bổ Sung Dưỡng Chất, Vitamin Cho Bà Bầu Hộp 60 Viên",https://www.lazada.vn/products/pdp-i2494576824.html,1.104.000 ₫,,
"VIÊN UỐNG BỔ MẮT ,BỔ SUNG VITAMIN, CHẤT DINH DƯỠNG CHO MẮT OCUVITE ADULT 50+",https://www.lazada.vn/products/pdp-i2419073753.html,1.598.500 ₫,,
Đầu Làm Mát Bằng Nước Tím / Tím Violet / Tím Hoa Cà Máy Tính Mô-đun Phụ Bằng Đồng Intel Amd Cpu Chia Làm Mát Bộ Tản Nhiệt Làm Mát Bằng Phun Đường Nước Siêu Nhỏ,https://www.lazada.vn/products/pdp-i2830168777.html,349.000 ₫,,"12 Đã bán
Hong Kong"
ZZ-EYE Gấp lại Bàn phím Bluetooth Giá đỡ điện thoại PC có bàn di chuột Bàn phím máy tính bảng Không dây Bàn phím có thể gập lại Cho iOS/Android/Cửa sổ/Mac,https://www.lazada.vn/products/pdp-i3228341984.html,688.000 ₫,,
ME Micro Cài Áo Không Dây Dòng MIC-F Cho iPhone iPad Type-C Android Máy Ảnh DSLR Máy Quay Phim Mic Cắm Kèm Hộp Sạc Để Quay Video Podcast YouTube Facebook TikTok Phát Trực Tiếp,https://www.lazada.vn/products/pdp-i2026895453.html,2.820.000 ₫,,
Máy tính bảng dẫn 3G 4G LTE cơ sở hat với khe cắm thẻ Sim cho ec25 EC21,https://www.lazada.vn/products/pdp-i3143763148.html,489.000 ₫,,
Gnc Chromium Picolinate 200mcg 180 Viên chay,https://www.lazada.vn/products/pdp-i2956413113.html,833.000 ₫,,
Vitamin tổng hợp kết hợp tảo biển và các loại rau củ Nature's way Complete Daily Multivitamin With Antioxidants của Úc.,https://www.lazada.vn/products/pdp-i2494525813.html,457.000 ₫,,
Solakaka Sm800 Chuột chơi game không dây Trọng Lượng Nhẹ Tri-Chế Độ 2.4G USB-C Có Dây Bluetooth nút bấm có thể lập trình Paw3395 Cảm Biến 26000Dpi 7 Nút Cho PC Máy tính để bàn Laotop Máy Tính Xách Tay,https://www.lazada.vn/products/pdp-i2409403397.html,869.000 ₫,5.0,
Quạt tản nhiệt điện thoại sò lạnh MEMO CXA3 nam châm từ tính led gaming livestream làm mát nhanh chơi game MOBA FPS,https://www.lazada.vn/products/pdp-i2489117563.html,549.000 ₫,,
Sinloon PCIe 8x Card nâng PCI Express x8 Bảng đồ họa PCI-Express kiểm tra X8 bảo vệ thẻ PCI-Express X8 khe cắm PCIe Riser 90 độ cho máy tính nhỏ 1U / 2U khung máy chủ (PCIe X8 MF),https://www.lazada.vn/products/pdp-i3206832749.html,294.500 ₫,,
Care Skin Whitening Tablet Light Pills Dark Spots Treatment Baby Food Nutrition Supplement from China No Brand Registered,https://www.lazada.vn/products/pdp-i3168189181.html,955.000 ₫,,
Lò Vi Sóng Bằng Đồng Nguyên Chất Ice Blade 300 CPU 4 Ống Dẫn Nhiệt Máy Tính Để Bàn Đa Năng Quạt CPU 1200 1700 Giảm Tiếng Ồn,https://www.lazada.vn/products/pdp-i1832980825.html,168.000 ₫,4.0,490 Đã bán
"Pin sạc dự phòng laptop Dell USB C 65Wh - PW7018LC type C 18000mAh, pin dự phòng cho laptop, điện thoại, máy tính bảng (20021111)",https://www.lazada.vn/products/pdp-i1953167494.html,2.790.000 ₫,5.0,14 Đã bán
"Miếng Dán Màn Hình Cường Lực S30 Kehua Học Máy P30 Bao Phủ Toàn Bộ Màn Hình AI Gia Sư Máy Tính Bảng Học Sinh Độ Nét Cao 11,97 Inch",https://www.lazada.vn/products/pdp-i3215383804.html,105.000 ₫,,"36 Đã bán
China"
Miếng Dán Màn Hình Cường Lực Chống Ánh Sáng Xanh Cho iPad pro 11 Inch 2020 iPad Air 4 iPad 9.7 Inch 2020 iPad 10.2 Inch 2020,https://www.lazada.vn/products/pdp-i3213675851.html,96.000 ₫,,"90 Đã bán
China"
Miếng Dán Màn Hình Cường Lực Huawei MatePad 11 Inch 2023 Miếng Dán Toàn Bộ Màn Hình Honor Tablet 8 Ranh Mác Kính Bảo Vệ Mắt Chống Ánh Sáng Xanh,https://www.lazada.vn/products/pdp-i3218987462.html,124.000 ₫,,"54 Đã bán
China"
Tấm Chuột Bằng Kính Thủy Tinh Hữu Cơ Acrylic Cho Máy Tính Apple Mac Gamepad Micepad Thiết Bị Phụ Trợ Máy Tính,https://www.lazada.vn/products/pdp-i3144185342.html,114.000 ₫,,"66 Đã bán
China"
Miếng Dán Màn Hình Cường Lực Huawei MatePad SE Energy Version AGS6-W10 11 Inch Full Screen Glass Screen Cho Máy Tính Bảng Huawei MatePad SE 2024,https://www.lazada.vn/products/pdp-i3212655336.html,125.000 ₫,,"18 Đã bán
China"
Màn Năng Lẻt Rock Đơn Lẻ Chống Thấm Nước Màu Sắc Dán Điện Thoại Di Động Máy Tính iPad Thương Hiệu Màn Năng Mẫu MNTZ-GDYG003,https://www.lazada.vn/products/pdp-i3222688362.html,125.000 ₫,,"30 Đã bán
China"
"CPU Xeon E3 1220V3 sk 1150, chạy card vga rời, bộ xử lý Intel® Xeon® E3-1220 v3 8M bộ nhớ đệm, 3,10 GHz, cpu máy tính, - Tốp Bán Chạy",https://www.lazada.vn/products/pdp-i1430697869.html,695.000 ₫,,
"Viên sủi bổ sung Vitamin C, D, và Kẽm Redoxon Triple Action 10 viên",https://www.lazada.vn/products/pdp-i394150511.html,59.000 ₫,5.0,
"Thực phẩm bảo vệ sức khỏe NMI CENTRAVI tăng cường sức khỏe, tăng đề kháng cho cơ thể",https://www.lazada.vn/products/pdp-i1894414951.html,500.000 ₫,,
"COEP | Bàn Phím Bluetooth Siêu Mỏng Gấp Đượctiện Lợi Cho Máy Tính Bảng, iPads, Điện Thoại, Android, Apple - Sạc Im Lặng",https://www.lazada.vn/products/pdp-i3205954535.html,395.000 ₫,,
Boya BY-WM3T2 D1/D2 mic-rô không dây Micro cài ve áo tiếng ồn hủy bỏ phích cắm Micro & chơi mic nhỏ cho vlogging iPhone iPad được chứng nhận MFI Cổng kết nối Lightning,https://www.lazada.vn/products/pdp-i2446042317.html,1.190.000 ₫,,
"COEP | Bàn Phím Bluetooth Siêu Mỏng Gấp Đựng Dành Cho Máy Tính Bảng, iPads, Điện Thoại, Android, Apple - Sạc Im Lặng",https://www.lazada.vn/products/pdp-i3206041611.html,395.000 ₫,,
Viên sủi điện giải không đường Nuun Zero Sugar : Tuýp 10 viên,https://www.lazada.vn/products/pdp-i3069561688.html,220.000 ₫,5.0,30 Đã bán
Máy tính trao đổi nhiệt làm mát bằng nước ống 12 ống cho PC,https://www.lazada.vn/products/pdp-i3172621299.html,478.000 ₫,,
Quạt tản nhiệt sò lạnh cho điện thoại máy tính bảng X65 công suất 24W - Quạt sò lạnh hít nam châm X65 LED RGB,https://www.lazada.vn/products/pdp-i2414243047.html,724.500 ₫,,
Quạt tản nhiệt điện thoại sò lạnh MEMO CXA3 nam châm từ tính led gaming cho streamer livestream làm mát nhanh chiến game,https://www.lazada.vn/products/pdp-i2414311101.html,565.800 ₫,,
Litata chuột bluetooth cho iPad chuột bluetooth cho Macbook Air/Mac/MacBook Pro/Mini/iPad Pro/iMac/máy tính xách tay Chuột không dây có thể sạc cho Macbook Air/MacBook Pro Chromebook cho máy tính xách tay (Bạc),https://www.lazada.vn/products/pdp-i3109789361.html,939.600 ₫,,
Máy ảnh thể thao SJCAM Túi di động Phụ kiện máy ảnh Túi máy ảnh nhỏ lớn và trung bình Túi máy ảnh cưỡi xe máy Phụ kiện thể thao cho máy ảnh hành động C400 Series,https://www.lazada.vn/products/pdp-i3226846760.html,289.000 ₫,,
"Quạt Tản Nhiệt Máy Tính Bằng Khối Giữa Vũ Trụ Jungle Leopard V3 Mới 12cm, Đồng Bộ Đèn LED, Nút Bấm Một Lần Để Đảo Chiều",https://www.lazada.vn/products/pdp-i2840053920.html,306.000 ₫,,"84 Đã bán
Hong Kong"
Quạt tản nhiệt điện thoại máy tính bảng MEMO DL05 - Quạt tản nhiệt sò nóng lạnh có hiển thị nhiệt độ siêu lạnh LED RGB,https://www.lazada.vn/products/pdp-i2425939298.html,517.500 ₫,,
Quạt tản nhiệt điện thoại sò lạnh MEMO CXA3 nam châm từ tính led gaming cho streamer livestream làm mát nhanh chiến game,https://www.lazada.vn/products/pdp-i2488725444.html,547.000 ₫,,
"BLUEO | Miếng Dán Kính Cường Lực Chống Ánh Sáng Xanh cho iPad 9, iPad Pro 2022, iPad mini 6/5, iPad Air 4/3 12.9/11/9.7 inches",https://www.lazada.vn/products/pdp-i3193638213.html,351.000 ₫,4.0,
"Miếng dán màn hình Paperlike chống vân tay iPad Pro 11/ Pro 12.9/ Air 4/ Air 5/ Mini 5,6,7/ Ipad 10.2 phiên bản nâng cấp",https://www.lazada.vn/products/pdp-i1934177110.html,133.350 ₫,4.0,703 Đã bán
Gnc của phụ nữ vitamin tổng hợp 50 cộng với 60 mũ,https://www.lazada.vn/products/pdp-i2957952124.html,1.245.000 ₫,,
Bàn Phím Máy Tính Bằng Da PD. L. JOJO'S L. Bàn Đệm Chuột Bằng Silicon Có Cảm Giác Lỏng Lưng Bàn Phím Hỗ Trợ Bàn Đệm Tay,https://www.lazada.vn/products/pdp-i3126291216.html,233.000 ₫,,"78 Đã bán
China"
"VIÊN UỐNG COLLAGEN DÀNH CHO NAM YOUTHEORY MEN COLLAGEN ADVANCED FORMULA 390 VIÊN - SẢN PHẨM CHẤT LƯỢNG ĐƯỢC NGƯỜI DÙNG ĐÁNH GIÁ CAO, HÀNG HOT TRÊN THỊ TRƯỜNG HIỆN NAY",https://www.lazada.vn/products/pdp-i2059020599.html,949.900 ₫,,
Bàn phím số USB có dây Hub 3-cổng bus-powered mỏng 18-Key bảng Bàn phím số cho Mac USB-A kết nối với 3 USB2.0 cổng Mac bàn phím Bàn phím số PC/máy tính xách tay/Windows/iOS/Android Tương thích đa chức năng bên ngoài bàn phím số,https://www.lazada.vn/products/pdp-i3206824984.html,833.600 ₫,,
Quạt tản nhiệt điện thoại sò lạnh Memo DL05 gaming Led RGB dành cho game thủ PUBG Liên Quân Freefire COD FF,https://www.lazada.vn/products/pdp-i2489964492.html,701.000 ₫,,
Combo Viên uống DHC Ngừa mụn - Mờ thâm 60 Ngày (Kẽm 60 viên & Vitamin C 120 viên),https://www.lazada.vn/products/pdp-i2413914974.html,805.000 ₫,,
Quạt Kaka Lock S8A/S9A 8/9cm PWM Control Dòng Sách ARGB Mute Quạt Lò Vòm Máy Tính Bảng Màn Hình Phụ Kiện Mới,https://www.lazada.vn/products/pdp-i2528969352.html,240.000 ₫,,"90 Đã bán
Hong Kong"
Bộ Bàn Phím Chuột Máy Tính Bảng Bluetooth Có Thể Gập Lại Dành Cho iPad Apple Xiaomi Honor Huawei Phong Cách Doanh Nhân Bàn Phím Không Cơ,https://www.lazada.vn/products/pdp-i3223150696.html,1.200.000 ₫,,
Máy Tính Công Nghiệp Cpu Tản Nhiệt Chip Led Tím / Tím Violet / Tím Hoa Cà Bộ Tản Nhiệt Bằng Đồng Coonong Pga478 Bga479 Phần Cứng Phụ Tùng Và Phụ Kiện Máy Tính,https://www.lazada.vn/products/pdp-i2830344341.html,597.000 ₫,,"18 Đã bán
Hong Kong"
"6WVHD - Batería para portátil de 35.6 Wh, 4457 mAh, compatible con Dell Latitude 7230 Rugged Extreme Tablet / T06H T06H001 Series 0JM6CX JM6CX FNW8F 0VDDJY VDDJY 451-BDDY",https://www.lazada.vn/products/pdp-i3036593555.html,890.000 ₫,,
CPU máy tính làm mát bằng nước hiệu suất tốt hữu ích bền khối tản nhiệt nước cho máy tính để bàn văn phòng nhà,https://www.lazada.vn/products/pdp-i3062860126.html,412.000 ₫,,
Màn hình máy tính A27i 27 inch FHD/IPS/100Hz/6ms/HDMI ELA5345EU - Chính hãng Digiworld,https://www.lazada.vn/products/pdp-i2645055094.html,2.490.000 ₫,5.0,11 Đã bán
Quạt tản nhiệt sò lạnh hít nam châm công suất lớn 27W - Tản nhiệt sò nóng lạnh X42 siêu lạnh dành cho máy tính bảng,https://www.lazada.vn/products/pdp-i2489959582.html,487.000 ₫,,
Vitamin Tổng Hợp Hỗ Trợ Sức Khỏe Nam Giới Blackmores Multivitamin For Men Lọ 50 Viên,https://www.lazada.vn/products/pdp-i2003814374.html,511.000 ₫,5.0,
"Saramonic Blink900 B2 Hệ Thống Micro Không Dây Kênh Đôi 2.4GHz Giám Sát Thời Gian Thực Cho Máy Ảnh DSLR, Máy Quay Phim, iPhone, Điện Thoại Thông Minh Android Và Máy Tính Bảng Để Phỏng Vấn Vlog YouTube TikTok",https://www.lazada.vn/products/pdp-i1690667017.html,7.050.000 ₫,5.0,7 Đã bán
Saramonic blink500 ProX b2l hai kênh micro không dây rophone chuyên nghiệp Lavalier Micro cài ve áo với hiệu ứng Lighting RGB Micro không dây cho vlog ghi âm điện thoại thông minh Android DSLR máy ảnh máy tính bảng Youtube tiktok,https://www.lazada.vn/products/pdp-i2500624595.html,5.875.000 ₫,,
Bộ Điều Khiển Đồ Họa GTX 1070 Black Gold Supreme Edition GDDR5 8GB Bảng Chắn Khe Cắm Thẻ Đồ Họa Phụ Kiện Máy Tính,https://www.lazada.vn/products/pdp-i3138778546.html,2.306.000 ₫,,
Miếng Dán Màn Hình Cường Lực iPad 6 A1893 Bảo Vệ Toàn Bộ Màn Hình Macbook pro 2018 Chống Ánh Sáng Xanh Độ Nét Cao,https://www.lazada.vn/products/pdp-i3214453578.html,123.000 ₫,,"36 Đã bán
China"
"BOYA BY-BMM400 Loa Micro Hội Nghị Đa Hướng Để Bàn Với Đầu Nối USB Type-C TRRS 3.5Mm, Dành Cho IOS iPhone Android Điện Thoại Thông Minh Tablet PC Máy Tính Xách Tay Ghi Âm Mic Video Cuộc Gọi Hội Nghị Skype",https://www.lazada.vn/products/pdp-i1329971802.html,2.326.500 ₫,5.0,
Miếng Dán Bảo Vệ Màn Hình Cường Lực HD Cho Máy Tính Bảng Samsung Tab Active3/5 8 Inch SM-X300/X306B T570/T575 Kháng Nứt,https://www.lazada.vn/products/pdp-i3213680809.html,101.000 ₫,,"36 Đã bán
China"
Phụ Kiện Máy Tính Di Động EWEADN Q9 Wireless Bluetooth Mouse Translucent Office Tablet Female 5 Buttons 4000dpi Resolution,https://www.lazada.vn/products/pdp-i3226582581.html,601.000 ₫,,"24 Đã bán
China"
"Comica LINKFLEX AD2 XLR/ 6.35mm Audio Preamp Adapter with 48V Phantom Power, Real-time Monitoring, Guitar Interface Microphone Preamp for iPhone, IOS, Android, Tablet and DSLR Cameras",https://www.lazada.vn/products/pdp-i2035041431.html,1.228.350 ₫,5.0,
Phụ Kiện Máy Tính JOJO'S L. PD. Mousepad Bàn Phím Đệm Tay Cho Nữ Văn Phòng Đồ Dùng Thiết Yếu Bằng PU Đa Năng,https://www.lazada.vn/products/pdp-i3126342188.html,250.000 ₫,,
Màn hình máy tính Xiaomi Monitor A27i ELA5345EU - Chính hãng Digiworld,https://www.lazada.vn/products/pdp-i2559516463.html,2.490.000 ₫,5.0,5 Đã bán
TPBSSK Viên Uống Orihiro Bổ Sung Sắt Và Acid Folic Dạng Túi 120 Viên - ORIHIRO NHẬT BẢN CHÍNH HÃNG,https://www.lazada.vn/products/pdp-i369210231.html,150.000 ₫,5.0,651 Đã bán
"Máy xay sinh tố Honey's - H501P-500W - 1.6L - động cơ mạnh -siêu bền - 5 tốc độ, an toàn, cối xay bằng thủy tinh cao cấp, chịu lực cao, dễ vệ sinh, bảo hành 12 tháng",https://www.lazada.vn/products/pdp-i1465283323.html,1.105.000 ₫,,
Quạt tản nhiệt điện thoại sò lạnh MEMO DL16 gaming led rgb chống ồn chế độ AI nhân tạo làm mát nhanh tránh giật lag,https://www.lazada.vn/products/pdp-i2489994544.html,230.000 ₫,,
"PROJECT V | V Alphabet - Thực Phẩm Sức Khoẻ S+P+A - Sự Bình Tĩnh, Tiêu Hoá Khỏe & Chống Oxy Hoá - Xuất xứ Pháp, Hàng Chính Hãng",https://www.lazada.vn/products/pdp-i2542260729.html,3.270.000 ₫,,
Rocoren Ethernet Loại Bộ chuyển đổi C/USB 3.0 đến 1000 Mbps Gigabit Ethernet LAN RJ45 Adapter Mạng Bộ chuyển đổi Ethernet Tương thích cho máy tính xách tay TV Box iPad máy tính PC Mac OS Windows Linux Android,https://www.lazada.vn/products/pdp-i2952358810.html,163.300 ₫,5.0,70 Đã bán
[HÀNG CHÍNH HÃNG] VIÊN UỐNG BỔ MẮT LUTEIN DEFENCE - SẢN PHẨM RẤT ĐƯỢC ƯA CHUỘNG TRÊN THỊ TRƯỜNG KHÁCH YÊU TRẢI NGHIỆM THỬ NHÉ SẢN PHẨM TỐT CHẤT LƯỢNG CAO,https://www.lazada.vn/products/pdp-i2423136127.html,459.900 ₫,,
Quạt Tản Nhiệt Máy Tính Xách Tay Chính Hãng Mới 2022 Cho Lenovo Rescue R9000X Y9000X ARH7 82TF Quạt Tản Nhiệt Bằng Nhựa,https://www.lazada.vn/products/pdp-i2896846768.html,222.000 ₫,,"12 Đã bán
Hong Kong"
Quạt tản nhiệt điện thoại sò lạnh SIDOTECH CXA3 led gaming nam châm từ tính làm mát nhanh có gắn livestream chơi game,https://www.lazada.vn/products/pdp-i2490002577.html,558.000 ₫,,
Linh Kiện Máy Tính LIMIN ARGB FANHUB Khe Hở Điều Khiển Bằng Mạch Chủ SATA Đầu Vào Trực Tiếp Hộp Đựng Máy Tính,https://www.lazada.vn/products/pdp-i2897113016.html,206.000 ₫,,"73 Đã bán
Hong Kong"
Cyberplugs USB3.0 kết nối bảng điều khiển cho 3.5 bay 2 cổng cho bảng điều khiển phía trước kết nối với Bo mạch chủ pin tiêu đề 19pin cho máy tính để bàn,https://www.lazada.vn/products/pdp-i3206844777.html,731.100 ₫,3.5,
Tích Hợp Cpu Làm Mát Bằng Nước Bộ Tản Nhiệt Kính Cường Lực Ống Kính Chủ Đề Tcomas Sj-a080 360 Quạt Để Bàn Phần Cứng Máy Tính,https://www.lazada.vn/products/pdp-i2830277583.html,399.000 ₫,,
Aceirmc 4 cái máy dò bỏ phiếu kích hoạt sạc nhanh mồi nhử Loại C QC AFC pd2.0 pd3.0-DC USB-PD mô-đun bảng mạch Phụ kiện thay thế chạy bằng điện máy tính xách tay 5V 9V 12V 15V 20V Đầu Ra Điện áp cố định,https://www.lazada.vn/products/pdp-i3206819779.html,609.500 ₫,,
Jiaocha CPU máy tính khối tản nhiệt nước Waterblock Đế bằng đồng với micro kênh,https://www.lazada.vn/products/pdp-i3009976777.html,412.000 ₫,,
Viên Uống Tăng Khả Năng Thụ Thai - Bổ Trứng Blackmores Conceive Well Gold Của Úc (56 Viên),https://www.lazada.vn/products/pdp-i2494683285.html,1.377.000 ₫,,
Bộ Lọc Hệ thống làm mát bằng nước PC Nước Làm Mát Lọc Phổ 40 Lưới một mặt Lọc Cho PC Cho Máy Tính,https://www.lazada.vn/products/pdp-i3151927906.html,259.000 ₫,,
Bàn Phím Bluetooth Siêu Mỏng Di Động BOW HD305CL Tương Thích Với Máy Tính Xách Tay Máy Tính Bảng Điện Thoại Di Động Bàn Phím,https://www.lazada.vn/products/pdp-i3140951986.html,870.000 ₫,,
"Vitamin B1 Micro Ingredients Vitamin B1 Thiamine hỗ trợ thần kinh, cơ bắp, điện giải và chuyển hoá 180v USA - SẢN PHẨM ĐƯỢC YÊU THÍCH SĂN ĐÓN TRÊN THỊ TRƯỜNG HIỆN NAY, HÀNG DÙNG SIÊU THÍCH MỜI KHÁCH YÊU TRẢI NGHIỆM, SHOP CHỌN LỌC KĨ LƯỠNG!",https://www.lazada.vn/products/pdp-i3106257057.html,1.379.900 ₫,,
"VIÊN UỐNG BỔ SUNG MAGIE NATURE MADE MAGNESIUM 250MG HỘP 100 VIÊN - HỖ TRỢ XƯƠNG, RĂNG, THẦN KINH, CƠ BẮP",https://www.lazada.vn/products/pdp-i1583162393.html,279.000 ₫,5.0,125 Đã bán
Chuột Máy Tính Lenovo M300s Màu Trắng Băng Giá,https://www.lazada.vn/products/pdp-i3229651634.html,511.200 ₫,,
"[THƯƠNG HIỆU MỸ] SATECHI Bàn phím bluetooth 5.0 có đèn nền cho M2/ M1 MacBook Pro/Air, M2/ M1 iPad Pro/Air, M2 Mac Mini,",https://www.lazada.vn/products/pdp-i2584960096.html,1.790.000 ₫,5.0,
Quạt Tản Nhiệt CPU Máy Tính Để Bàn Phong Cách Ép 1155/1150/775/51 Lò Vi Sóng Lạnh Bằng Gió Pha Lê Quạt Tản Nhiệt CPU Máy Tính Để Bàn,https://www.lazada.vn/products/pdp-i3165389754.html,192.000 ₫,,
Quạt Tản Nhiệt Máy Tính Để Bàn LIMIN S12W 12cm ARGB RGB Đồng Bộ CPU Tản Nhiệt Bằng Gió Màu Trắng Mới Quạt Tản Nhiệt,https://www.lazada.vn/products/pdp-i2524386409.html,764.000 ₫,,"54 Đã bán
Hong Kong"
Van máy tính tinh tế làm mát bằng nước cho hệ thống làm mát bằng nước PC Máy tính công nghiệp,https://www.lazada.vn/products/pdp-i3085966893.html,201.000 ₫,,
"Bàn Phím Cơ Không Dây Dual Mode Newmen GM610 Layout 61 Phím Hotswap, Đa Chế Độ Kết Nối (Bluetooth 5.0/Wired/2.4ghz),1 Set Keycap Extra, Keycap PBT Dye Sub,Led RGB 20 Hiệu Ứng-Hàng Chính Hãng, Bảo Hành 24 Tháng, Dùng Cho Laptop, Mac, PC, Tablet",https://www.lazada.vn/products/pdp-i1350808998.html,1.496.000 ₫,4.0,344 Đã bán
Quạt Tản Nhiệt Máy Tính Xách Tay Hp Qetterlee Cho Bộ Tản Nhiệt Cpu Làm Mát Bằng Không Khí 9470 9480 9480m 9470m,https://www.lazada.vn/products/pdp-i2831974049.html,194.000 ₫,,"66 Đã bán
Hong Kong"
MOFii Wireless Bluetooth Mechanical Keyboard High Aesthetic Value for Women Portable for Office And iPad Multimedia Function Human Engineering,https://www.lazada.vn/products/pdp-i3153599873.html,864.000 ₫,,
Jonsbo Hp-400s Cpu Siêu Mỏng Làm Mát Bằng Không Khí Tản Nhiệt 9cm Quạt Xuống Áp 4 Ống Dẫn Nhiệt Thiết Bị Ngoại Vi Phần Cứng Máy Tính,https://www.lazada.vn/products/pdp-i2830178759.html,589.000 ₫,,"72 Đã bán
Hong Kong"
Phụ Kiện Máy Tính Wireless Bluetooth Mouse Có Thể Sạc Lại Cho Nam Và Nữ Văn Phòng Máy Tính Để Bàn Xiaomi Mac Sử Dụng Bằng Tiếng Nói,https://www.lazada.vn/products/pdp-i3160269601.html,370.000 ₫,,
Viên sủi điện giải NUUN Vitamin: 12 viên bổ sung vitamin khoáng chất,https://www.lazada.vn/products/pdp-i2427776008.html,199.000 ₫,5.0,12 Đã bán
"Viên sủi trái cây C-Happy Bổ Sung Vitamin C Tăng Cường Sức Đề Kháng, Nâng Cao Hệ Miễn Dịch ( Nhiều vị ) - Tuýp/ 20 viên",https://www.lazada.vn/products/pdp-i1960703295.html,33.000 ₫,5.0,
Bộ Bàn Phím Chuột Không Dây Bluetooth BOW Dành Cho Máy Tính Xách Tay Và Máy Tính Bảng Thiết Kế Cơ Học Dành Cho Nữ,https://www.lazada.vn/products/pdp-i3206363904.html,607.000 ₫,,
"BLUEO | Miếng Dán Kính Cường Lực Chống Sốc Độ Trong Suốt Cao cho iPad Pro 2022, Air 5/4, Mini 7/6, Máy Bảng 12.9-inch",https://www.lazada.vn/products/pdp-i3193679505.html,434.000 ₫,4.0,
Chuột Di Động Bluetooth Không Dây Double Flying Swallow FB10CS Có Thể Sạc Lại USB-C Dành Cho Nữ Laptop Smartphone Tablet,https://www.lazada.vn/products/pdp-i3228049186.html,458.000 ₫,,"72 Đã bán
China"
Quạt Tản Nhiệt FP-108EXM S1B 17238 110V 220V 17CM Bằng Kim Loại Cho Tủ Máy Tính Để Bàn USB Phụ Kiện Kỹ Thuật Số,https://www.lazada.vn/products/pdp-i3127042054.html,289.000 ₫,,"125 Đã bán
China"
Máy Tính Bảng Vi Xử Lý Nguyên Bản Audio Processing Chip NJU7313AL L Từ Máy Móc Đã Được Cài Đặt Mới Về,https://www.lazada.vn/products/pdp-i3178375311.html,49.000 ₫,,
Miếng Dán Màn Hình iPad pro 2021 11 Inch Air5/4 Mini6 Kente Paper Frosted Magnetic Detachable Drawing Anti-glare Fingerprint Resistant,https://www.lazada.vn/products/pdp-i3005720658.html,104.000 ₫,,"76 Đã bán
China"
Miếng Dán Màn Hình Cường Lực Siêu Mỏng Cho iPad 2018 9.7 Inch Air2/1 Arc Edge Chống Ánh Sáng Xanh Chống Nổ Miếng Dán Màn Hình Mini1/2/3,https://www.lazada.vn/products/pdp-i3213713660.html,130.000 ₫,,"36 Đã bán
China"
Miếng Dán Màn Hình Cường Lực iPad pro 10.5 Inch Full Screen Clear HD Blue Light Filter for iPad Air 4 Mini 5 2020 2021,https://www.lazada.vn/products/pdp-i3036900958.html,98.000 ₫,,
"Anker PowerPort 2 Elite (Sạc Nhanh USB 24W 2 Cổng) [Tuân Thủ Tiêu Chuẩn Kỹ Thuật PSE/Cài Đặt Power IQ/Cài Đặt Phích Cắm Gập Lại/Lý Tưởng Cho Du Lịch] iPhone / iPad / Galaxy S9 / Xperia XZ1, Tương Thích Android Khác (Màu Trắng)",https://www.lazada.vn/products/pdp-i2042838464.html,552.500 ₫,5.0,
Quạt tản nhiệt điện thoại máy tính bảng MEMO DL05 - Quạt tản nhiệt sò nóng lạnh có hiển thị nhiệt độ siêu lạnh LED RGB,https://www.lazada.vn/products/pdp-i2490019752.html,513.000 ₫,,
PCCooler Ocean R4000S CPU Áo Mát Tản Nhiệt Tản Nhiệt Máy Tính Bằng Thép Không Gỉ Nhựa ABS Vít Vít Tản Nhiệt Máy Lạnh,https://www.lazada.vn/products/pdp-i2524405151.html,777.000 ₫,,"174 Đã bán
Hong Kong"
Quạt tản nhiệt điện thoại sò lạnh Memo DL05 gaming Led RGB dành cho game thủ PUBG Liên Quân Freefire COD FF,https://www.lazada.vn/products/pdp-i2488744360.html,701.000 ₫,,
Máy Tính Công Nghiệp Tản Nhiệt Cpu Tec Tấm Làm Mát Chip Nhạc Cụ Led Tím / Tím Violet / Tím Hoa Cà Tản Nhiệt Bằng Đồng Cho Nền Tảng Intel Thương Hiệu Coonong,https://www.lazada.vn/products/pdp-i2971342722.html,394.000 ₫,,
Bàn Phím Máy Gõ Bluetooth Không Dây Retro Cho iPad Bàn Phím Máy Tính Để Bàn Phím Chữ Tròn Phụ Kiện Máy Tính Phong Cách Hiện Đại,https://www.lazada.vn/products/pdp-i3221421143.html,1.542.000 ₫,,"6 Đã bán
China"
Jiaocha CPU máy tính khối tản nhiệt nước Waterblock Đế bằng đồng với micro kênh,https://www.lazada.vn/products/pdp-i3093614878.html,590.364 ₫,,
Uxcell 80mm Bộ lọc quạt nướng bạc bằng thép không gỉ tone quạt máy tính Bộ lọc bụi trường hợp máy tính Vent máy tính xách tay mát 4 cái,https://www.lazada.vn/products/pdp-i3206803951.html,443.300 ₫,,
Viên uống chống nắng nội sinh BIO SUNPILL 60 viên Hàn Quốc dưỡng trắng da và chống nắng tuyệt đối,https://www.lazada.vn/products/pdp-i2414237219.html,1.377.700 ₫,,
Coolleo Yitian B60 Pure Màu Đen Edition Cpu Cooler 1700 Fan Máy Tính Để Bàn Làm Mát Bằng Không Khí Am5 Ống Dẫn Nhiệt Im Lặng 6 Ống Dẫn Nhiệt Phần Cứng Máy Tính,https://www.lazada.vn/products/pdp-i3011190488.html,781.000 ₫,,
"[ Hàng Chính Hãng ] An Cung Ngưu Hoàng Hoàn Samsung Hàn Quốc, Hộp Gỗ 60 Viên, Giúp Bổ Não, Ngăn Ngừa Biến, Đột Quỵ",https://www.lazada.vn/products/pdp-i2494610724.html,1.559.000 ₫,,
Antena Tần Sức Số Dải Rộng 470-860MHz Cấp Độ Tăng Thiện 22dBi Dùng Cho Máy Tính Bảng Đa Năng Trong Trời Và Trong Nhà Phong Cách Cổ,https://www.lazada.vn/products/pdp-i3187467163.html,622.000 ₫,,"54 Đã bán
China"
Bộ làm mát CPU Thermaltake TT cho máy tính để bàn Bộ tản nhiệt làm mát bằng nước RGB yên tĩnh với 4 ống dẫn nhiệt Lý tưởng cho các mẫu AM4 115X 1200 1700,https://www.lazada.vn/products/pdp-i2524364649.html,654.000 ₫,,
Phụ Kiện Máy Tính Bluetooth Không Dây Xiaomi Mac Đồ Chơi Văn Phòng Đồ Chơi Trò Chơi Đọc Tiếng Anh Đọc Bằng Giọng Nói Đồ Chơi Di Động,https://www.lazada.vn/products/pdp-i3162259100.html,370.000 ₫,,
Litata chuột bluetooth cho iPad chuột bluetooth cho Macbook Air/Mac/MacBook Pro/Mini/iPad Pro/iMac/máy tính xách tay Chuột không dây có thể sạc cho Macbook Air/MacBook Pro Chromebook cho Máy Tính Xách Tay PC (Màu Xám),https://www.lazada.vn/products/pdp-i3109752528.html,958.100 ₫,,
Quạt tản nhiệt điện thoại livestream SIDOTECH DL05 CX01 CX02 CXA2 DLA2 DLA3 DL06 DL07 sò lạnh streamer tránh giật lag,https://www.lazada.vn/products/pdp-i2414271071.html,434.700 ₫,,
Phụ Kiện Máy Tính Không Dây Bluetooth Máy Chuột Không Dây Có Thể Sạc Bằng Giọng Nói Cho Nam Tương Thích Với Mac Apple Xiaomi Air Lenovo,https://www.lazada.vn/products/pdp-i3160259635.html,369.000 ₫,,
Quạt Tản Nhiệt Máy Tính Cá Nhân Somreal 220V XY20060HBL 0.45A Quạt Máy Tính Cơ Học Bằng Kim Loại Ồn Ào Khi Hoạt Động,https://www.lazada.vn/products/pdp-i3127030151.html,276.000 ₫,,"12 Đã bán
China"
BLUEO | Miếng Dán Kính Cường Lực Bảo Vệ iPad Pro & Air 11/13/12.9 inch,https://www.lazada.vn/products/pdp-i3195389209.html,431.000 ₫,4.0,
Chất lượng cao van máy tính làm mát bằng nước cho hệ thống nước làm mát máy tính,https://www.lazada.vn/products/pdp-i3094266195.html,201.982 ₫,,
"Bàn Phím Cơ Không Dây Dual Mode Newmen GM610 Pro Layout 61 Phím Hotswap, Đa Chế Độ Kết Nối (Bluetooth 5.0/Wired/2.4ghz) -Hàng Chính Hãng, Bảo Hành 24 Tháng, Dùng Cho Laptop, Mac, PC, Tablet",https://www.lazada.vn/products/pdp-i1877572357.html,1.200.000 ₫,5.0,
"GUANBAINIAN | Phim Kính Cường Lực Chống Sốc Toàn Màn Hình cho iPad Air/7/6/5, iPad Pro 12.9, Mini 7, Thế Hệ 9 11, 8.3",https://www.lazada.vn/products/pdp-i3195424888.html,259.000 ₫,4.0,
"Bàn Phím Cơ Không Dây Dual Mode Newmen GM680,Layout 68 Phím Hotswap,Đa Chế Độ Kết Nối (Bluetooth 5.0/Wired/2.4ghz), Keycap PBT, Tặng Thêm Keycap Rồng Hổ,Led RGB 20 Hiệu Ứng-Hàng Chính Hãng, Bảo Hành 24 Tháng, Dùng Cho Laptop/Mac/PC/Tablet",https://www.lazada.vn/products/pdp-i1460777512.html,1.690.000 ₫,4.0,83 Đã bán
Miếng Dán Màn Hình Cường Lực Cho iPad pro 2024 Air 6 Chống Vân Tay Bảo Vệ Mắt Độ Sáng Cao 11 Inch Chống Ánh Sáng Xanh,https://www.lazada.vn/products/pdp-i2773618758.html,156.000 ₫,5.0,
Quạt tản nhiệt điện thoại sò lạnh MEMO CXA3 nam châm từ tính led gaming livestream làm mát nhanh chơi game MOBA FPS,https://www.lazada.vn/products/pdp-i2480953785.html,569.700 ₫,,
"Đầu Làm Mát CPU Máy Tính Freezemod POOC Màu Đen Chịu Nhiệt Độ Cao, Nắp Trên Bằng POM, Thiết Bị Làm Mát Nước",https://www.lazada.vn/products/pdp-i2969727015.html,667.000 ₫,,"54 Đã bán
Hong Kong"
Đầu Làm Mát Bằng Nước Cpu Đồng Nguyên Chất Dày Dặn Cho Intel 115x1700 Am4 Có Nắp Trên Quạt Làm Mát Phần Cứng Máy Tính,https://www.lazada.vn/products/pdp-i2830232825.html,552.000 ₫,,
Miếng Dán Màn Hình Cường Lực iPad 10.9 Inch A2696 Phiên Bản Mới 2022 Miếng Dán Bảo Vệ Màn Hình Máy Tính Bảng Bằng Kính,https://www.lazada.vn/products/pdp-i3005572586.html,102.000 ₫,,"84 Đã bán
China"
Bàn Phím Bluetooth Không Dây Có Bàn Đạp Cảm Ứng Ba Gập Di Động Cho Máy Tính Xách Tay iPad Bàn Phím Di Động Cho Điện Thoại Di Động,https://www.lazada.vn/products/pdp-i3221425074.html,906.000 ₫,,
Bộ Làm Mát Cpu Jonson Cr1000 Evo Làm Mát Bằng Gió 4 Ống Dẫn Nhiệt Ảo Tưởng Áo Vỏ Quạt Đồng Bộ Argb Thiết Bị Làm Mát Phần Cứng Máy Tính,https://www.lazada.vn/products/pdp-i2830156777.html,438.000 ₫,,
Cy Thẻ 5 Gbps 19 Pin 20 Pin USB 3.0 Mặt Trước Bảng Điều Khiển Kết Nối Để Máy Tính Board Pci-E 1 X Express Adapter,https://www.lazada.vn/products/pdp-i3206884033.html,922.400 ₫,3.0,
�� �� �� �� �� �� �� �� �� �� �� �� �� �� �� �� �� �� �� �� �� �� �� �� �� �� �� �� �� �� �� �� �� �� �� �� �� �� �� �� �� �� �� �� �� �� �� �� �� �� �� �� �� �� �� �� �� �� �� �� �� �� �� �� �� �� �� �� �� �� �� �� �� �� �� �� �� �� �� �� �� �� �� �� ��,https://www.lazada.vn/products/pdp-i3179168480.html,87.000 ₫,,
Miếng Dán Màn Hình Dell 14 Inch 2-in-1 Inspiron 5000 5410 11th Gen Máy Tính Bảng Phẳng Lì Chống Phản Chiếu Bảo Vệ,https://www.lazada.vn/products/pdp-i1633443671.html,141.000 ₫,,"13 Đã bán
China"
Miếng Dán Màn Hình Cường Lực Mạ Điện Bằng Kính Alumin Dày 0.3mm Cho iPad Mini7 Mini6 Màn Hình Không Lỗ Độ Nét Cao,https://www.lazada.vn/products/pdp-i3211694331.html,246.000 ₫,,"108 Đã bán
China"
[Bộ 2] Anker PowerPort Mini (Sạc USB 12W 2 Cổng) [Tương Thích Tiêu Chuẩn Kỹ Thuật PSE/Phích Cắm Có Thể Gập Lại/Power IQ/Kích Thước Siêu Nhỏ Gọn] Tương Thích Với iPhone iPad Android Màu Đen,https://www.lazada.vn/products/pdp-i2066505459.html,870.400 ₫,,
Màn Hình Bảo Vệ iPad pro 11 Inch Kent Apple Tương Thích Với iPad pro MagSafe AIR5 Tách Rời 9 Độ Nhám Phẳng 10 Độ Nét Mini6,https://www.lazada.vn/products/pdp-i2473567901.html,141.000 ₫,,"145 Đã bán
China"
Dựng Máy Tính Samsung S9 Ultra Wireless Bluetooth Mouse Office Silent Charging Desktop Tablet Computer Accessory GYSFONE PM9,https://www.lazada.vn/products/pdp-i3183942601.html,364.000 ₫,,
Quạt EBM TYP4580N 4650X 4650Z/N 4558N 4656X 4658N 12038 230V Quạt Tản Nhiệt Cho Máy Tính Bảng Và Máy Tính Xách Tay,https://www.lazada.vn/products/pdp-i3171370504.html,285.000 ₫,,
Phụ Kiện Máy Tính Phong Cách Điện Tử Anime Nam Bộ Phận Công Tác Xã Hội Màn Hình Chuột Bằng Cao Su Thiết Kế Tùy Chỉnh,https://www.lazada.vn/products/pdp-i3139013852.html,151.000 ₫,,
"Bàn Phím Bluetooth Gập Lại BOW Cho Điện Thoại Di Động, Máy Tính Bảng, Máy Tính Xách Tay, iPad, Bàn Phím Công Sở, Bàn Phím Không Dây, Bàn Phím Đa Phương Tiện",https://www.lazada.vn/products/pdp-i3139375666.html,601.000 ₫,,
"Miếng Dán Màn Hình iPad Air7 Pro11 10.2 9.7 10.9 Độ Bảo Vệ Toàn Diện Chống Trộm, Bảo Vệ Riêng Tư, Miếng Dán Màn Hình Máy Tính Bảng",https://www.lazada.vn/products/pdp-i2473644360.html,265.000 ₫,3.0,68 Đã bán
Sạc dự phòng Anker Zolo 20kmAh 45W | Tích hợp sẵn 2 cáp USB-C | 2 cổng 1C1A hỗ trợ sạc nhanh cho iPhone 15/16/iPad/Samsung/Airpods - A1681,https://www.lazada.vn/products/pdp-i3113175124.html,1.009.000 ₫,5.0,10 Đã bán
Phụ Kiện Làm Mát Bằng Nước Bykski CC-HR-X Bộ Chuyển Đổi G1/4 Thích Hợp Cho Các Thiết Bị Phần Cứng Máy Tính Phụ Kiện Khác,https://www.lazada.vn/products/pdp-i2524414118.html,414.000 ₫,,"186 Đã bán
Hong Kong"
Quạt tản nhiệt điện thoại sò lạnh MEMO CXA3 nam châm từ tính led gaming cho streamer livestream làm mát nhanh chiến game,https://www.lazada.vn/products/pdp-i2490057515.html,542.000 ₫,,
Các mạng không dây 2.4G 5G băng tần Kép 1200Mbps PCIe Card Wi-Fi cho máy tính để bàn,https://www.lazada.vn/products/pdp-i3151118697.html,258.000 ₫,,
"TPBSSK Viên Uống Bổ Sung Vitamin D, Axit Folic, Sắt Orihiro 120 Viên - ORIHIRO NHẬT BẢN CHÍNH HÃNG",https://www.lazada.vn/products/pdp-i508832301.html,165.000 ₫,5.0,295 Đã bán
Tản Nhiệt CPU Máy Tính Để Bàn Màu Trắng Cân Bằng Laminia AX120R SE White Cooling Fan Tản Nhiệt Cho Các Nền Tảng Đa Dạng Của Thermalright,https://www.lazada.vn/products/pdp-i2991195792.html,547.000 ₫,,"60 Đã bán
Hong Kong"
Tản nhiệt nước xe tăng bền tuổi thọ dài CPU làm mát bằng nước tốt tản làm nóng nhanh chịu nhiệt cho máy tính làm mát,https://www.lazada.vn/products/pdp-i3232125914.html,379.000 ₫,,
Chuột Di Động Không Dây Bluetooth Sạc Không Tiếng Ồn Tương Thích Với Huawei Apple Xiaomi Lenovo HP Stylus iPad,https://www.lazada.vn/products/pdp-i3166727572.html,531.000 ₫,,
UGREEN Chuột không dây Wireless Mouse Bluetooth 5.0 2.4G Dual Mode Chuột không 4000 DPI 15M Silent Clicking For MacBook Tablet Laptop Ipad PC Mice Mouse Model:90855,https://www.lazada.vn/products/pdp-i2365672161.html,446.200 ₫,4.0,579 Đã bán
"Giá Đỡ Viền Bằng Hợp Kim Nhôm Cho Thẻ Đồ Họa, Giá Đỡ Chống Cong, Lắp Đứng, Giá Đỡ Máy Tính Để Bàn, Giá Đỡ Tản Nhiệt",https://www.lazada.vn/products/pdp-i3176664341.html,224.000 ₫,,"6 Đã bán
China"
Đơn Màu Luna Nước Làm Mát Cho Máy Tính Để Bàn Máy Tính Cpu Tản Nhiệt 12cm 14cm 20cm Bền Giải Pháp Làm Mát Bằng Thermaltake,https://www.lazada.vn/products/pdp-i2830267760.html,463.000 ₫,,"12 Đã bán
Hong Kong"
Quạt Tản Nhiệt Bằng Nhôm Dài Cho Bộ Chuyển Đổi Bộ Định Tuyến Bộ Hộp Mèo Quang Học Bộ Hộp Áo Phần Cứng Máy Tính Có Thể Điều Chỉnh Tốc Độ Im Lặng,https://www.lazada.vn/products/pdp-i2844858995.html,648.000 ₫,,"132 Đã bán
Hong Kong"
Easycargo Bộ Tản Nhiệt Máy Tính Xách Tay M.2 mặt tản nhiệt bằng đồng mỏng + Miếng tản nhiệt 1mm 0.5mm máy tính xách tay làm mát M2 2280 SSD NVMe (1 gói),https://www.lazada.vn/products/pdp-i3206863323.html,302.000 ₫,,
Generic CPU làm mát bằng nước radiater cải thiện hiệu suất nhiệt bộ làm mát CPU cho máy tính cho máy điều hòa thiết bị bay hơi cho tủ điều khiển công nghiệp generic8mgu6sznd3,https://www.lazada.vn/products/pdp-i3232207841.html,398.000 ₫,,
Thiết Bị Làm Mát CPU Laminar AX120R SE White ARGB TL-S12-S Laminar Làm Mát Bằng Không Khí Ống Làm Mát Thiết Bị Làm Mát Máy Tính,https://www.lazada.vn/products/pdp-i3188190381.html,688.000 ₫,,
BLUEO | Kính Cường Lực Bảo Vệ Màn Hình Toàn Bộ HD cho iPad Pro 2022 12.9in 11in,https://www.lazada.vn/products/pdp-i3203105360.html,433.000 ₫,4.0,
"Bộ 4 Viên sủi bổ sung Vitamin C, D, và Kẽm Redoxon Triple Action 10 viên",https://www.lazada.vn/products/pdp-i1468752714.html,212.000 ₫,5.0,
LFFAN CPU Cooler 1151 1150 1155 Pin Máy Tính Bảng Hình Tròn 12V 4 Sợi Đàn Hồi Dụng Cụ Lò Vôi Mềm Mại,https://www.lazada.vn/products/pdp-i2969696038.html,255.000 ₫,,"12 Đã bán
Hong Kong"
Máy tính trao đổi nhiệt ống làm mát bằng nước đen cho PC,https://www.lazada.vn/products/pdp-i3181018014.html,478.000 ₫,,
九州风神ag500 Màn Hình Kỹ Thuật Số Máy Tính Cpu Làm Mát Bằng Không Khí Tản Nhiệt Ống Nhiệt Thế Hệ Thứ 14 Am5 Quạt Im Lặng 1700 Đa Nền Tảng,https://www.lazada.vn/products/pdp-i2830360365.html,717.000 ₫,,
Viên sủi Plusssz Max Multivitamin vị cam không đường – Tăng sức đề kháng + Viên Sủi Plusssz Max Vitamin C & Kẽm ZinC Vị Chanh Không Đường (COMBO 2 TUÝP X 20 VIÊN SỦI),https://www.lazada.vn/products/pdp-i1523374306.html,89.379 ₫,5.0,258 Đã bán
Màn Hình Bảo Vệ Nano Chống Vỡ Cho Định Vị U Na Zha 19/20 Màn Hình Mềm Cường Lực Chống Ánh Sáng Xanh Cho Máy Tính Bảng,https://www.lazada.vn/products/pdp-i3012709704.html,229.000 ₫,,
Viên Uống Hỗ Trợ Tăng Cường Đề Kháng CONDITION MULTI (Hộp 90 Viên),https://www.lazada.vn/products/pdp-i1268050487.html,360.000 ₫,5.0,36 Đã bán
Onefilm Có Thể Tháo Rời Giấy Giống Như Ipad Tấm Bảo Vệ Màn Hình Nano Hấp Thụ Từ Tính Miếng Dán Khung Độ Nét Cao Cho Ipad Air 5/6 Pro 2024 13 Inch,https://www.lazada.vn/products/pdp-i3025554789.html,381.000 ₫,,"54 Đã bán
China"
"BLUEO | Bộ Phim Bảo Vệ cho iPad Pro 2022, iPad Air 5, iPad Mini 6, iPad 9/10/8/2021/2020/2018 11 inch",https://www.lazada.vn/products/pdp-i3194109212.html,350.000 ₫,4.0,
PC CPU nước hệ thống làm mát bằng nước làm mát tích hợp máy bơm nước câm tích hợp thiết kế cho máy tính xách tay cho điện thoại,https://www.lazada.vn/products/pdp-i3060709296.html,775.000 ₫,,
Quạt Tản Nhiệt Trục Ngang F2E-320B-230 230V Cho Tủ Điện Và Tủ Máy Tính Bằng Kim Loại Phụ Kiện Kỹ Thuật Số USB,https://www.lazada.vn/products/pdp-i3126930465.html,394.000 ₫,,"102 Đã bán
China"
Keebik K20 Wireless Bluetooth Digital Mini Keyboard Tablet Mechanical Keyboard Hot Swappable Gasekt Multi-Mode Connectivity PBT Plastic,https://www.lazada.vn/products/pdp-i3153627609.html,807.000 ₫,,"276 Đã bán
China"
Acouto [khối tản nhiệt nước] Nhôm CPU Tản Nhiệt khối tản nhiệt nước Chất Lỏng làm mát bằng nước tản nhiệt Nội Bộ Dòng Chảy Đùn Đúc CPU khối tản nhiệt nước Cho Máy Tính Xách Tay (40 80 12Mm),https://www.lazada.vn/products/pdp-i3206831748.html,450.800 ₫,,
"BLUEO | Phim Bảo Vệ cho iPad Pro 2021, iPad Air 5/4/3, iPad 2020 9th Gen, iPad Mini 6",https://www.lazada.vn/products/pdp-i3193590780.html,433.000 ₫,4.0,
Xác thực Oyster oligopeptide máy tính bảng nam trưởng thành thể thao dinh dưỡng độ bền Tonic Taurine thực phẩm 60 viên/chai 60,https://www.lazada.vn/products/pdp-i2676378445.html,349.146 ₫,,
Máy Tính Bảng IR20153S EDC7 Chip Dễ Hỏng Thường Được Sử Dụng Drvier IC Cầu Điện Tử Thành Phần Phần Cứng Phần Cứng,https://www.lazada.vn/products/pdp-i3179413908.html,51.000 ₫,,
"[Cập nhật mới] iPad mini thế hệ thứ 6 Vỏ bàn phím từ tính xoay 360 iPad Pro 11/Air thứ 5 2020 2022/ Touchpad 7 màu bàn phím phát sáng có thể xoay mỏng Folio iPad Mini 6 vỏ bọc bàn phím, tương thích với iPad Pro 12.9 2022 2021 2020 2018",https://www.lazada.vn/products/pdp-i2266086723.html,1.234.134 ₫,,"5 Đã bán
China"
Tablet case for Masstel Tab 10.4 inch Tablet PC shockproof case soft silicone protective stand cover case,https://www.lazada.vn/products/pdp-i2694798688.html,70.551 ₫,,
Lò Vi Sóng Tản Nhiệt Bằng Đồng 6 Ống CPU I5 I7 E5 X58 X99 A10 AM4 R5 R7 1200 Quạt Tản Nhiệt Máy Tính Đa Nền Tảng Mới,https://www.lazada.vn/products/pdp-i3161587895.html,272.000 ₫,,"54 Đã bán
China"
"Cho Oppo Pad 3 / Pad 2 màu kẹo Bàn phím Bluetooth da trường hợp, các phím vuông với touchpad (Ánh sáng màu xanh lá cây)",https://www.lazada.vn/products/pdp-i3049187563.html,561.000 ₫,,
Miếng Dán Màn Hình Cường Lực iPad A16 11 Inch Mẫu Mới 2025 Bảo Vệ Màn Hình Chống Vỡ Cho Máy Tính Bảng Apple iPad pro 11 Inch,https://www.lazada.vn/products/pdp-i3153639454.html,129.000 ₫,,
Miếng Dán Bảo Vệ Màn Hình 7 Inch Độ Nét Cao Chống Vân Tay Cho Máy Đọc Sách Kobo Libra H2O Miếng Dán Màn Hình Máy Tính Bảng Giấy,https://www.lazada.vn/products/pdp-i3170730734.html,200.000 ₫,,
1,https://www.lazada.vn/products/pdp-i3055695734.html,941.823 ₫,5.0,
Miếng Dán Màn Hình Cường Lực Độ Nét Cao 12 Inch Cho Máy Tính Bảng Honor Pad8 HEY-W09 Miếng Dán Màn Hình Chống Nổ,https://www.lazada.vn/products/pdp-i3176129407.html,122.000 ₫,,
Bắc Kinh Tongrentang Nhân sâm Lubian Maca Huang Essence Oyster Peptide Tablets Nam Maca Essence Cửa hàng hàng đầu chính hãng 2BH,https://www.lazada.vn/products/pdp-i2701104380.html,523.345 ₫,,
Laptop Tablet Foldable Stand with Cooling Fan Heat Stand for Laptop Desktop Cooler Aluminum Notebook Holder,https://www.lazada.vn/products/pdp-i3123037615.html,779.113 ₫,,
192*117 192*116 Mét New 8 inch màn hình cảm ứng hsd080idw1 c00 A00 LCD cảm ứng Bảng điều chỉnh,https://www.lazada.vn/products/pdp-i2709437044.html,229.610 ₫,,
Knott. Rand Zinc Magie Tablets ZMA Vitamin Human Fitness Bổ sung Testosterone Zinc Tablets,https://www.lazada.vn/products/pdp-i2846106806.html,408.270 ₫,,
Ajazz ak820 Pro 75% Gasket gắn Bluetooth 5.1/2.4G không dây & Type-C có dây bàn phím cơ khí với màn hình TFT cho Mac/Win,https://www.lazada.vn/products/pdp-i2640607352.html,999.999 ₫,,
"Trackpad bàn phím cho máy tính Lenovo Xiaoxin Pad Pro 12.7 Inch 2025 Ý Tưởng Tab Pro 12.7 ""2025 Tb373Fu Tab P12 Yoga Tab Cộng Với 12.7 Pro Ai Bàn phím cảm ứng Trường Hợp Có Thể Tháo Rời Từ Bìa",https://www.lazada.vn/products/pdp-i3114478056.html,209.000 ₫,,
Cross-border Strictly Selected Exclusive Sale Maca Maca Capsule Male Nourishing Dietary Supplement Source Factory Production,https://www.lazada.vn/products/pdp-i3015339335.html,437.116 ₫,,
Laptop Tablet Foldable Stand with Cooling Fan Heat Stand for Laptop Desktop Cooler Aluminum Notebook Holder,https://www.lazada.vn/products/pdp-i3135582738.html,785.113 ₫,,
Meetion mi Shen btk001 Bàn phím gập Bluetooth điện thoại máy tính bảng máy tính xách tay mini bàn phím tiện lợi Bàn phím cơ bản,https://www.lazada.vn/products/pdp-i2951078078.html,616.270 ₫,,
Jonsbo Vỏ T8 PLUS Vỏ Máy Tính Xách Tay Mini ITX Khung Gầm Trong Suốt Bo Mạch Chủ ITX Nguồn ATX Bằng Nhôm Với Quạt ARGB 14CM,https://www.lazada.vn/products/pdp-i2017236123.html,2.159.827 ₫,5.0,
Mini Ice Breaking Table Trò chơi trên bàn Đồ chơi giáo dục tương tác cha mẹ-con YL308,https://www.lazada.vn/products/pdp-i3019588006.html,22.800 ₫,5.0,24 Đã bán
AQUILA LJL-2-01 Kính Viễn Vọng Thiên Văn 2 Phụ kiện bộ lọc màu bánh xe thủ công 1 inch 5 Máy tính bảng,https://www.lazada.vn/products/pdp-i3199209291.html,999.999 ₫,,
Power Adapter 3-12V Adjustable Voltage Power Adapter USB2.1A 30W Multi-Use Switching Power Supply,https://www.lazada.vn/products/pdp-i2639826427.html,135.356 ₫,,
Fafeicy 5MP 2K máy quay USB Mô-đun ov5640 USB OTG máy quay USB bảng Camera Cho Máy Tính Thiết Bị Công Nghiệp 160 Độ Rộng Góc Biến Dạng Cho WinXP,https://www.lazada.vn/products/pdp-i3195668712.html,836.000 ₫,,
Fafeicy 5MP 2K máy quay USB Mô-đun ov5640 USB OTG máy quay USB bảng Camera Cho Máy Tính Thiết Bị Công Nghiệp 160 Độ Rộng Góc Biến Dạng Cho WinXP,https://www.lazada.vn/products/pdp-i3195661897.html,837.000 ₫,,
Ljeish33 Creatine Chews tăng cường creatine monohydrate cải thiện khả năng hấp thụ. Máy tính bảng nhai ngon và thuận tiện,https://www.lazada.vn/products/pdp-i3030268844.html,447.018 ₫,,
Bộ Điều Hợp Wifi Không Dây PCI-E Băng Tần Kép 1200Mbps Card Mạng Wifi Intel 8265 8265NGW 802.11ac Bluetooth 4.2 Cho Máy Tính Để Bàn T,https://www.lazada.vn/products/pdp-i2625772961.html,316.808 ₫,4.2,
Hệ Thống Tản Nhiệt Bằng Kim Loại Hợp Kim Nhôm Cho Máy Tính Xách Tay Mini Mac Mini M4/M4 pro Phụ Kiện Máy Chủ Máy Tính Để Bàn,https://www.lazada.vn/products/pdp-i3005790858.html,302.000 ₫,5.0,487 Đã bán
Fafeicy 5MP 2K máy quay USB Mô-đun ov5640 USB OTG máy quay USB bảng Camera Cho Máy Tính Thiết Bị Công Nghiệp 160 Độ Rộng Góc Biến Dạng Cho WinXP,https://www.lazada.vn/products/pdp-i3195670347.html,836.000 ₫,,
Bộ Chuột Và Bàn Phím Bluetooth Không Dây Trong Suốt Doraemon Rock Dành Cho Nữ iPad Đồ Họa Đẹp Có Thể Sạc Ngày Lễ Tình Nhân,https://www.lazada.vn/products/pdp-i3151081259.html,1.411.000 ₫,,"90 Đã bán
China"
DEEPCOOL Quạt Tản Nhiệt CPU GAMMAXX AG500 V5 ARGB 5 Ống Dẫn Nhiệt Quạt Tản Nhiệt Làm Mát Bằng Không Khí Máy Vi Tính Intel LGA1700 115X 1200 AMD AM4 AM5,https://www.lazada.vn/products/pdp-i2101223853.html,779.486 ₫,,
TPBSSK Viên Uống Bổ Sung Sắt Và Acid Folic Orihiro Dạng Túi 120 Viên - ORIHIRO NHẬT BẢN CHÍNH HÃNG,https://www.lazada.vn/products/pdp-i1170470070.html,150.000 ₫,5.0,32 Đã bán
Kính Cường Lực Bảo Vệ Màn Hình Cho ipad pro M4 11 /13/10.9 /12.9 Gen 10 9 8 Mini Air M2 M3 7 6 5 4 2025,https://www.lazada.vn/products/pdp-i2602869477.html,97.000 ₫,4.0,487 Đã bán
Viên sủi vitamin tổng hợp Doppelherz A-Z Fizz Multivitamins and Minerals (Tuýp 13 viên),https://www.lazada.vn/products/pdp-i1855538357.html,89.000 ₫,5.0,
VIÊN TINH CHẤT HÀU TƯƠI ORIHIRO NHẬT BẢN (HỘP 120 VIÊN),https://www.lazada.vn/products/pdp-i2319276229.html,472.000 ₫,5.0,20 Đã bán
Màn Hình Quạt 3D Full HD Cầm Tay Holographic Holographic Projection Rotating LED Display Màn Hình Quảng Cáo Máy Tính Bảng,https://www.lazada.vn/products/pdp-i2880446781.html,5.248.000 ₫,,"151 Đã bán
Hong Kong"
[Mdjt] Chân đế chịu lực nặng Vỏ Ốp ipad Pro 11 2024 M4 a2836 2021 10.2 9th 8th 7th Gen 9.7 Air 3 4 5 10.9 10th mini 6 5 Smart Cover,https://www.lazada.vn/products/pdp-i2731602066.html,572.000 ₫,,
"Ccueel Khối Tích Hợp Tản nhiệt nước Câm Bơm, Tự Làm 800L/H Máy Tính Làm Mát Bằng Nước Hệ Thống Tiện Ích, Hỗ Trợ Pwm Điều Khiển Thông Minh Tốc Độ",https://www.lazada.vn/products/pdp-i2842700374.html,541.502 ₫,,
Làm mát bằng chất lỏng tản nhiệt hai lớp đồng đồng tản nhiệt tản nhiệt cho máy tính cho PC,https://www.lazada.vn/products/pdp-i3141969341.html,887.575 ₫,,
Máy tính PC công nghiệp van làm mát bằng nước máy tính Hệ thống làm mát bằng nước mịn,https://www.lazada.vn/products/pdp-i3163203815.html,207.000 ₫,,
Saramonic blink500 prox b2r mic-rô không dây với máy ghi âm tích hợp màn hình oled nhớ 8g micrô thu âm ve áo micro cho vlog phát trực tiếp điện thoại thông minh máy tính bảng máy tính máy quay phim dslr youtube tiktok,https://www.lazada.vn/products/pdp-i2611508416.html,5.875.000 ₫,,
"Miếng Dán Màn Hình Cường Lực Chống Vân Tay Cho Máy Tính Bảng 12,35 Inch C70pro Của Reading Boy, Chống Rơi, Chống Ánh Sáng Xanh",https://www.lazada.vn/products/pdp-i3213719545.html,123.000 ₫,,"30 Đã bán
China"
Nutriversum Multi Vitamin Mineral,https://www.lazada.vn/products/pdp-i2419150937.html,6.899.998 ₫,,
Phụ Kiện Máy Tính Không Dây WELAIDE M800 Bluetooth 3200dpi 10m 12 Tháng Bảo Hành 7 Nút Bàn Phím Chuột Di Động Android Mac iPad Matepad Xiaomi M6,https://www.lazada.vn/products/pdp-i3228019246.html,399.000 ₫,,
Bảng Chắn Viền Siêu Bạc 24GB D6 Sapphire RX 7900 XTX 94 Bảng Chắn Viền GPU Cho Máy Tính Xách Tay Và Máy Tính Để Bàn,https://www.lazada.vn/products/pdp-i3176664330.html,2.413.000 ₫,,"6 Đã bán
China"
Saramonic xmic Z3 USB Micro ngưng tụ cardioid Micro phòng thu cho chơi game ghi âm trực tuyến podcasting PC Máy tính bảng Android máy tính Youtube tiktok,https://www.lazada.vn/products/pdp-i2476078234.html,3.525.000 ₫,,
Bộ Bàn Phím Chuột Không Dây Bluetooth BOW Cho Máy Tính Xách Tay Và Máy Tính Bảng Chơi Game Esports Cảm Giác Cơ Học Bộ Bàn Phím USB,https://www.lazada.vn/products/pdp-i3206424107.html,607.000 ₫,,
Bộ Bàn Phím Chuột Bluetooth Không Dây Có Thể Sạc Cảm Giác Cơ Cho Máy Tính Xách Tay Điện Thoại Di Động Máy Tính Bảng,https://www.lazada.vn/products/pdp-i3223361234.html,986.000 ₫,,
Router WiFi Max-Stream™ AC2600 MU-MIMO LINKSYS EA8100 - Hãng Phân Phối Chính Thức,https://www.lazada.vn/products/pdp-i1177718701.html,3.299.000 ₫,5.0,7 Đã bán
"Thermalright TL-E12B-S V3 Quạt CPU mát, tốc độ cao 2000rpm, 120mm làm mát bằng quạt PWM, trường hợp máy tính quạt tản nhiệt argb (TL-E12B-S V3)",https://www.lazada.vn/products/pdp-i3206861028.html,408.300 ₫,,
"Bàn phím Bluetooth Logitech K580 - kết nối 2 thiết bị, mảnh gọn, phù hợp PC/ iPad/ Điện thoại",https://www.lazada.vn/products/pdp-i2087961735.html,1.190.000 ₫,,
P67b Armor Phiên Bản Làm Mát Bằng Nước Bơm nước làm mát máy tính Cho Nhỏ 4P Giao Diện,https://www.lazada.vn/products/pdp-i3179103257.html,841.000 ₫,,
Làm mát bằng nước CPU bể tản nhiệt nước tản làm nóng nhanh Điện trở nhiệt cho hộ gia đình cho máy tính,https://www.lazada.vn/products/pdp-i3154220819.html,476.000 ₫,,
7.57V 45.2Wh/5970MAh Chính Hãng DYNK01 G3HTA036H Pin Cho Microsoft Bề Mặt Laptop 1/2 Gen 1769 Pin Máy Tính Bảng: LỖI ĐỔI MỚI,https://www.lazada.vn/products/pdp-i1794784713.html,690.000 ₫,,
Combo 03 tuýp viên sủi bổ sung 21 Vitamin và khoáng chất Doppelherz A-Z Fizz Multivitamins and Minerals (Tuýp 13 viên),https://www.lazada.vn/products/pdp-i1296260037.html,267.000 ₫,4.0,803 Đã bán
Uxcell tản nhiệt tấm đồng Shim 2mm dày 20x20mm pad với dẫn nhiệt băng dính Máy tính để bàn GPU CPU làm mát vá 5 bộ,https://www.lazada.vn/products/pdp-i3206833393.html,402.200 ₫,,
"Bác Sĩ Cung Bổ Trứng Tăng Khả Năng Thụ Thai Femifortil - Vitamin Tổng Hợp, Điều Hòa Kinh Nguyệt, Nội Tiết Tố Nữ (60V)",https://www.lazada.vn/products/pdp-i2414310186.html,2.254.000 ₫,,
Quạt Tản Nhiệt Trục Ngang 230V Cho Tủ Điện Và Tủ Máy Tính AA F2E-260B/162B/320B-230 Phụ Kiện Kỹ Thuật Số USB Bằng Kim Loại,https://www.lazada.vn/products/pdp-i3126979308.html,400.000 ₫,,"120 Đã bán
China"
Quạt Tản Nhiệt Trục Chính SJ1738HA2 AC220V 17238 HA1 Khuếch Đại Tần Số Biến Đổi Bảng Điều Khiển Quạt Tản Nhiệt Máy Tính,https://www.lazada.vn/products/pdp-i3126950307.html,281.000 ₫,,"60 Đã bán
China"
K10SEQ Chủ đề từ nữ sang nữ Chỉ báo lưu lượng nước Chất liệu hợp Chủ đề G1/4 inch Chỉ báo đồng hồ đo lưu lượng Dễ dàng cài đặt Quan sát dòng chảy trực quan Chỉ báo làm mát bằng nước Dành cho hệ thống làm mát bằng nước máy tính,https://www.lazada.vn/products/pdp-i3233787014.html,241.000 ₫,,
PCIe Card Wi-Fi PCIe các mạng không dây băng tần kép 1800Mbps cho máy tính để bàn,https://www.lazada.vn/products/pdp-i3143120888.html,634.000 ₫,,
Quạt Tản Nhiệt Quạt Trục Ngang SJ1755HA2 220V 17055 Bằng Kim Loại Toàn Bộ Chịu Nhiệt Độ Cao Mới Từ Đài Loan Phụ Kiện Máy Tính,https://www.lazada.vn/products/pdp-i3163820847.html,368.000 ₫,,
Easycargo Bộ Tản Nhiệt M.2 cho máy tính xách tay Bộ Tản Nhiệt M.2 bằng đồng + Miếng tản nhiệt 1mm 0.5mm M.2 2280 SSD để làm mát máy tính xách tay (gói 4 chiếc),https://www.lazada.vn/products/pdp-i3206832663.html,619.300 ₫,,
"Bàn Phím Không Dây Bluetooth BOW M138BL Dành Cho Nữ, Bàn Phím Máy Tính Xách Tay, Bàn Phím iPad, Bàn Phím Máy Tính Để Bàn, Sạc Không Dây",https://www.lazada.vn/products/pdp-i3166273981.html,364.000 ₫,,
Thực Phẩm Bổ Sung Vitamin và Khoáng Chất Tổng Hợp One A Day Mens Multivitamin 300 Viên,https://www.lazada.vn/products/pdp-i1576412743.html,690.000 ₫,5.0,78 Đã bán
Miếng Dán Màn Hình Cường Lực iPad 7 Phiên Bản 2019 Miếng Dán Toàn Bộ Màn Hình Chống Vân Tay Trong Phòng Không Bụi,https://www.lazada.vn/products/pdp-i3015789617.html,223.000 ₫,,"6 Đã bán
China"
Snnozy USB-C hai chiều Switcher USB C Switcher 2 máy tính USB C công tắc KVM 8K @ 60Hz hỗ trợ HDR 10gbps truyền dữ liệu PD 100W sạc 2 USB-C cáp bao gồm kết nối điện thoại máy tính bảng màn hình,https://www.lazada.vn/products/pdp-i3209253228.html,941.000 ₫,,
Combo Tinh Dầu Hoa Anh Thảo Hỗ Trợ Cân Bằng Nội Tiết Tố Blackmores Evening Primrose Oil 190 Viên và Viên Uống Hỗ Trợ Bảo Vệ Phục Hồi Tế Bào Gan Blackmores Milk Thistle 42 Viên,https://www.lazada.vn/products/pdp-i2098255287.html,1.182.000 ₫,5.0,38 Đã bán
"[Chính hãng] FEMIFORTIL (60 VIÊN) –  BỔ TRỨNG TĂNG KHẢ NĂNG THỤ THAI - VITAMIN TỔNG HỢP, ĐIỀU HÒA KINH NGUYỆT, NỘI TIẾT",https://www.lazada.vn/products/pdp-i2494719084.html,2.277.000 ₫,,
Ốp Bao da máy tính bảng thời trang cho Redmi pad SE 8.7/ 11 Pro 12.1 Mi pad xiaomi pad 7 6 5,https://www.lazada.vn/products/pdp-i2615727928.html,99.000 ₫,4.0,246 Đã bán
Jiaocha CPU máy tính khối tản nhiệt nước Waterblock Đế bằng đồng với micro kênh,https://www.lazada.vn/products/pdp-i3162622688.html,485.000 ₫,,
Thiết Bị Làm Mát Máy Chủ Bằng Đồng Toàn Bộ MDTU-08 Bộ Làm Mát Tản Nhiệt Máy Tính AMD 3600/3700/3900X Bộ Quạt ITX,https://www.lazada.vn/products/pdp-i3160841999.html,705.000 ₫,,"12 Đã bán
China"
"[ 2 HỘP] BỔ TRỨNG TĂNG THỤ THAI HIỆU QUẢ STAFAM, đa nang buồng trứng, kích trứng, gametix f, femifortil, bổ trứng black",https://www.lazada.vn/products/pdp-i2419051922.html,1.449.000 ₫,,
XHr 9238B3H/2H/1H 9025 8025 9225 12025 12038 1225 1238 Fan Lò Hissing Mới 100% Cho Máy Tính Bảng Lắp Ráp Tại Nhà,https://www.lazada.vn/products/pdp-i3170041190.html,1.545.000 ₫,,
Bơm làm mát bằng nước Bìa Ổn Định Máy Tính Bơm Nước Bìa Cho Hệ thống làm mát bằng nước Vỏ máy tính Máy Tính Để Bàn,https://www.lazada.vn/products/pdp-i3163211699.html,977.000 ₫,,
Hssdtech Wifi 6E ăng ten wifi 2T 2R băng tần kép 2.4G/5G/6G Cho ASUS ROG Strix B560 B660 Z490 Z590 X570 H610 H670 M13H M12 M11 Antenna Bộ định tuyến Wi-Fi Cho PC Máy tính để bàn Với SMA Kết Nối,https://www.lazada.vn/products/pdp-i3206867404.html,650.400 ₫,,
Quạt Tản Nhiệt Cao Cấp DOSSY DS22580ABHL 100W 110V 220V 380V Laminar Chịu Nhiệt Độ Cao Bằng Sắt Phụ Kiện Máy Tính,https://www.lazada.vn/products/pdp-i3164041117.html,1.073.000 ₫,,
Jiaocha máy tính GPU làm mát bằng nước cục làm mát Đế bằng đồng POM bìa với đường thủy,https://www.lazada.vn/products/pdp-i3162645559.html,423.000 ₫,,
"Saramonic Blink500 RXUC Micro Không Dây 2.4 GHz Bộ Thu Kép USB-C Cho Điện Thoại Thông Minh, Máy Tính Bảng, Máy Tính Và Hơn Thế Nữa | Với Một Miếng Vải Làm Sạch Vi Sợi Lumintrail",https://www.lazada.vn/products/pdp-i1269697073.html,2.091.500 ₫,4.0,13 Đã bán
Viên nén củ cải đường hữu cơ Toplux - Bổ sung củ cải đường tăng cường nitric oxide 2040mg-801a9878,https://www.lazada.vn/products/pdp-i3197187717.html,738.351 ₫,,
2024 Semiconductors Magnetic Absorption Ice Cooling Mobile Phone Heat Sink Adjustable Levels Tablet Heat Sink Digital Accessories,https://www.lazada.vn/products/pdp-i3171371578.html,354.000 ₫,,
Luminous Wireless Keyboard Rechargeable Touchpad Keyboard Bluetooth Keypads for Phone PC Tablet Gaming,https://www.lazada.vn/products/pdp-i2908224585.html,381.033 ₫,,
Chính hãng nhập khẩu Mỹ dinh dưỡng và sức khỏe sản phẩm chăm sóc hiệu quả nhanh chóng của nam giới cung cấp 10 10,https://www.lazada.vn/products/pdp-i3049556874.html,476.136 ₫,,
Sexy Mông Anime Cô gái Chuột Pad Endless Big Chest Chuột Pad HD In Nsfw Nsfw Chuột Pad Kawaii Otaku Bảng Pad Bàn phím Máy tính Pad,https://www.lazada.vn/products/pdp-i2944180438.html,125.000 ₫,,
Màn Hình Bảo Vệ Bằng Kính Cường Lực iPad pro 2022 11 Inch Air5 Air4 Full Screen 2024 Air6 13 Inch 2023 Màn Hình Bảo Vệ Chất Lượng Cao,https://www.lazada.vn/products/pdp-i3211560357.html,246.000 ₫,,"72 Đã bán
China"
ZZZaw C1 tất cả nhôm Matx/Itx Trường Hợp Máy Tính Hỗ Trợ Bộ Nguồn máy tính ATX 240 làm mát bằng nước Mini Trò Chơi Máy Tính Để Bàn Chassis Nâng Cấp Phiên Bản,https://www.lazada.vn/products/pdp-i2524537171.html,1.992.040 ₫,,
35d955d 4/TK qua biên giới Hot 60 người đàn ông của viên nang mạnh mẽ thương mại nước ngoài nguồn bán trực tiếp tại nhà máy bán buôn hỗ trợ O em,https://www.lazada.vn/products/pdp-i3232654633.html,835.170 ₫,,
"Miếng Dán Màn Hình Cường Lực Flash Monster Cho iPad Air 6/5/4 pro Apple Tablet 2022 10,9 Inch Chống Vân Tay, Chống Phản Quang, Phủ Toàn Bộ",https://www.lazada.vn/products/pdp-i3141725743.html,702.000 ₫,,
Quạt Làm Mát 120mm ARGB PC Case 12V RGB 6 Pin Ra Quạt Tản Nhiệt Máy Tính Bằng Kim Loại Phụ Kiện Ổ Đĩa Cứng,https://www.lazada.vn/products/pdp-i3171422177.html,332.000 ₫,,
Zbt wifi6 Router 1800Mbps openwrt firmware DDR3 256Mb flash 16Mb 3 * Gigabit LAN WAN USB3.0 Wifi 6 802.11ax hotspot điểm truy cập,https://www.lazada.vn/products/pdp-i2364512953.html,1.365.000 ₫,,
Màn hình LCD 7 inch ek070tn83 v.0,https://www.lazada.vn/products/pdp-i2742459872.html,686.914 ₫,,
"INOVAGEN ACTTO B303/B305 (86 Phím, Không Có Ký Tự Hanguo) Bàn Phím Không Dây Bán Chạy Bàn Phím Máy Đánh Chữ Bluetooth 5.0 Cổ Điển Có Chân Đế Tích Hợp Cho Điện Thoại, Máy Tính Bảng, Hỗ Trợ Android/Windows/IOS",https://www.lazada.vn/products/pdp-i1874237482.html,817.127 ₫,5.0,10 Đã bán
Màn hình LCD TFT 5 inch 40 chân HD HJ050NA-01I 800x480 màn hình LCD,https://www.lazada.vn/products/pdp-i2327796288.html,459.903 ₫,,
"Mod Gamer tủ, DIY ITX mATX ATX PC trường hợp khung mở Rack, làm mát bằng nước máy tính để bàn chơi game Chassis Dọc Cá Tính",https://www.lazada.vn/products/pdp-i2413993383.html,1.055.000 ₫,,
【】 Bluetooth Mini Bàn phím gập gấp tiện lợi Bàn phím không dây cho iOS/Android/Windows máy tính bảng điện thoại di động bàn phím kẹo,https://www.lazada.vn/products/pdp-i2568822961.html,631.512 ₫,,
1PCS-3PCS Chính hãng WZSM MỚI CHO HP 15-AX 15-bc BẢNG ÂM THANH USB có cáp 856729 -001 DAG35TB2AB0 858975 -001,https://www.lazada.vn/products/pdp-i3052691769.html,999.999 ₫,,
Shancun Men's Compound Vitamin 80 Tablets vc Vitamin b Viên nén Multivitamin Biotin Kẽm Selenium Chứa nicotinamide Chính hãng,https://www.lazada.vn/products/pdp-i2670887103.html,456.049 ₫,,
Bàn phím Bluetooth Hebrew/Russia/Korea cho máy tính bảng điện thoại iPad macbook TV thông minh Bàn phím không dây có thể sạc lại,https://www.lazada.vn/products/pdp-i2571373144.html,700.512 ₫,,
Cam Pi ZERO 2 W 1GB RAM DDR4 Mini PC Allwinner h618 Orange Pi ZERO 2 W Wifi Bluetooth BLE SBC máy tính bảng zero2w,https://www.lazada.vn/products/pdp-i2557536977.html,793.204 ₫,,
Qwert Mới Hàng Tuần du lịch nhỏ gọn Hộp hộp đựng hình viên thuốc 7 Ngày Tổ Chức 14 Lưới Thuốc Container Lưu Trữ Máy Tính Bảng Vitamin Y Học Cá Dầu Polkm,https://www.lazada.vn/products/pdp-i2736434432.html,368.000 ₫,,
"EWIN Bàn phím Bluetooth không dây Bàn phím mini với JIS tiêu chuẩn Nhật Bản liên kết iOS Android Windows Mac đa hệ thống tương thích iPhone iPad PC điện thoại thông minh máy tính bảng tự do chuyển đổi giữa ba thiết bị nhẹ, siêu mỏng, Nhật Bản hướng dẫn sử",https://www.lazada.vn/products/pdp-i2319642750.html,886.368 ₫,,
"Wavlink USB Wifi 6 adapter, ax1800 USB 3.0 wifi thiết bị tiếp hợp cho máy tính để bàn, băng tần kép 5GHz (1201Mbps)+ 2.4GHz (574Mbps), MU-MIMO, Beamforming, wpa3 mã hóa, 4x3dbi ăng-ten, U điều khiển đĩa, hỗ trợ Windows 11/10",https://www.lazada.vn/products/pdp-i2419583447.html,643.556 ₫,4.0,
"[Konkdo] Rii K06 Bàn phím bluetooth mini, Backlit 2.4GHz Bàn phím không dây với IR học tập Touchpad Đầu giải mã TV Android, Mac, máy tính xách tay, cửa sổ",https://www.lazada.vn/products/pdp-i2676294037.html,774.000 ₫,,
Máy Tính Bảng Điện Dung Ceramic Chip 0402 9.1pF 10pF 11pF 12pF 13pF COG 50V ±5% Full Reel 10K Electronic Components Market,https://www.lazada.vn/products/pdp-i2901625260.html,190.000 ₫,,
2 gói đánh bóng vải cho Apple iPhone 1:1 nano-kết cấu màn hình làm sạch vải cho IPad MAC ipodwatch ống kính máy ảnh hiển thị Cleane,https://www.lazada.vn/products/pdp-i3115433038.html,282.101 ₫,,
Đức Vàng Đen Chỉ Nam chính hãng nguyên bản sản phẩm Nam 12 Nhân Sâm Hươu roi thuốc sản phẩm chăm sóc sức khỏe 德国黑金刚 男性原装正品男用品 12 人参鹿金丸保健品,https://www.lazada.vn/products/pdp-i3049442211.html,396.262 ₫,,
[Mdjt] 4.7-12.9 inch điện thoại máy tính bảng xe chủ cho Volvo BMW Audi Benz Chevrolet Hyundai Citroen xe TOYOTA khung phía trước đứng,https://www.lazada.vn/products/pdp-i2731517614.html,428.000 ₫,4.7,
Bàn Phím Cảm Ứng Chuột iPad 10 2024 pro 11 Air 5 a Bàn Phím Không Dây Đa Năng Cho iPhone 13 14 pro Max 13 Mini,https://www.lazada.vn/products/pdp-i3221346973.html,1.070.000 ₫,,
Dc 12V PC CPU Hệ thống làm mát bằng nước Công cụ-500l/h cho máy tính debtop máy tính máy tính xách tay hỗ trợ PMW G1/4 chủ đề,https://www.lazada.vn/products/pdp-i3212052697.html,573.000 ₫,,
Trắng Da Huỷ Nám Chống Nắng Mela For You,https://www.lazada.vn/products/pdp-i2419182538.html,540.500 ₫,,
Combo bổ sung vitamin tổng hợp tăng cường đề kháng Doppelherz A Z Depot (30 viên) + 02 tuýp sủi A Z Fizz (13 viên),https://www.lazada.vn/products/pdp-i2842412713.html,662.400 ₫,,
Bể Tản nhiệt nước chịu nhiệt tốt tản làm nóng nhanh CPU làm mát bằng nước cho máy tính làm mát,https://www.lazada.vn/products/pdp-i3155014783.html,410.000 ₫,,
Phụ Kiện Máy Tính AI Mouse Bluetooth Không Dây Có Thể Viết Bằng Giọng Nói Cho Máy Tính Để Bàn Và Máy Tính Xách Tay Văn Phòng Phổ Thông,https://www.lazada.vn/products/pdp-i3141804027.html,644.000 ₫,,
Battery Pin Laptop Dành Cho Microsoft Surface Pro X iFixit SQ1 3.0GHz Máy Tính Bảng 7.58V 38.2Wh,https://www.lazada.vn/products/pdp-i2554509424.html,980.000 ₫,,
Bộ Điều Khiển Nước Tản Nhiệt Máy Tính Bằng Thép Không Gỉ Mini ITX Sea View Room No Column Computer Case Full Side Transparent White,https://www.lazada.vn/products/pdp-i3221390519.html,910.000 ₫,,
Miếng Dán Màn Hình iPad 2020/2021 Lớp Giấy Mờ 11 Inch Vẽ Tay Mini6 Cường Lực Air4 Mềm TOMTOMMY Miếng Dán Màn Hình Máy Tính Bảng,https://www.lazada.vn/products/pdp-i3125288209.html,365.000 ₫,,"12 Đã bán
China"
Máy Tính Tản Nhiệt Máy Tính phổ thông Tản Nhiệt Cho Dụng Cụ Điện Tử Công Nghiệp Hệ thống làm mát bằng nước Cho PC Hệ thống làm mát bằng nước làm mát Bộ vi xử lý,https://www.lazada.vn/products/pdp-i3162690626.html,580.000 ₫,,
90mm PC trường hợp Fan 5V 2800rpm trường hợp máy tính fan hâm mộ chuyên nghiệp cho bảng điều khiển trò chơi,https://www.lazada.vn/products/pdp-i3142932042.html,214.000 ₫,,
Nhiệt Peltier lạnh tự làm mát hệ thống làm mát bằng nước cho máy tính bể cá lưu thông nước làm mát Kit,https://www.lazada.vn/products/pdp-i3120002140.html,925.000 ₫,,
"Bộ máy tính để bàn đồng bộ Dell optiplex 390 ( Core i7 / 4G / 500G ) Dell 21.5 Full HD - Wide - Led , Tặng Bà",https://www.lazada.vn/products/pdp-i1991783785.html,4.890.000 ₫,5.0,
Quạt Tản Nhiệt Bằng Kim Loại Toàn Bộ Papst TYP 4650 N 220/230V Quạt Tản Nhiệt 12cm 12038 Quạt Tản Nhiệt Máy Tính Đa Nền Tảng,https://www.lazada.vn/products/pdp-i3177048469.html,406.000 ₫,,"6 Đã bán
China"
Saramonic BlinkMe U2 Micrô không dây Mic thông minh có màn hình cảm ứng Giao diện Lightning Type-C được chứng nhận MFi Micrô cài áo chuyên nghiệp để ghi âm Vlog Phát trực tuyến iPhone Máy tính bảng Android Máy tính xách tay YouTube TikTok,https://www.lazada.vn/products/pdp-i2790040446.html,6.500.000 ₫,,
"[Chính Hãng] Micro AKG Lyra C44 USB - Mic Thu Âm Podcast Livestream, Radio, ASMR C44USB Microphone Phòng Thu Studio",https://www.lazada.vn/products/pdp-i2602371919.html,3.299.000 ₫,,
"Bảng Chắn Viền GPU MSI 6800 XT Dragon Card Blocker Không Phù Hợp Với Chân Trên, Dùng Được Cho Máy Tính Xách Tay Và Máy Tính Để Bàn",https://www.lazada.vn/products/pdp-i3160971159.html,2.306.000 ₫,,
"Saramonic blinkme B2 2.4G kép không dây Lavalier micrô cho iPhone/điện thoại Android/máy ảnh/máy tính xách tay, ve áo Clip-on ghi âm mic cho iPhone iPad Android máy ảnh phỏng vấn video podcast vlog livestream với màn hình cảm ứng 100m truyền",https://www.lazada.vn/products/pdp-i2250726341.html,6.500.000 ₫,1.0,
Papst 8412N/2GME N/2 N/37MI NH NGM N/2GH/37MI/2M/2GN/2GMLE/2H Fan Đạt Mức Chất Lượng Cao Cho Máy Tính Bảng,https://www.lazada.vn/products/pdp-i3169950760.html,707.000 ₫,,
Thiết Bị Làm Mát CPU Laminar AS/AX120R SE ARGB Đèn LED Làm Mát Bằng Không Khí Màu Trắng Cho Máy Tính Để Bàn Thiết Bị Làm Mát CPU,https://www.lazada.vn/products/pdp-i3187465195.html,472.000 ₫,,"156 Đã bán
China"
"Saramonic blinkme U2 2.4G không dây kép Lavalier microphone8gb được xây dựng trong lưu trữ cho Iphone/điện thoại Android/iPad/máy tính xách tay, ve Áo Clip-On Ghi Âm mic cho iPhone iPad Android Máy Ảnh Phỏng Vấn Video Podcast Vlog Livestream Với Màn Hình",https://www.lazada.vn/products/pdp-i2815784048.html,5.875.000 ₫,,
Saramonic xmic Z4 USB Micro ngưng tụ cardioid Micro phòng thu cho chơi game ghi âm trực tuyến podcasting PC Máy tính bảng Android máy tính Youtube tiktok,https://www.lazada.vn/products/pdp-i2453366450.html,3.525.000 ₫,,
Làm mát bằng chất lỏng tản nhiệt tiếng ồn thấp hai lớp đồng bảo vệ đồng tản nhiệt cho PC cho máy tính,https://www.lazada.vn/products/pdp-i3154355915.html,907.000 ₫,,
Battery DYNU01 G16TA047H G16QA047H Pin Laptop 7.66V 26.81Wh 3500MAh Cho Microsoft Surface Go 2 1901 1926 1927 Máy Tính Bảng,https://www.lazada.vn/products/pdp-i2550432816.html,890.000 ₫,,
120Mm CPU Tản nhiệt nước Fan 10 Ống CPU Nhiệt Hàng Tản Nhiệt Với Fan Trọng Lượng Nhẹ Cho CPU máy tính Làm Mát Bằng Nước,https://www.lazada.vn/products/pdp-i3162509675.html,445.000 ₫,,
Quạt máy tính Bộ Tản Nhiệt CPU CPU quạt tản nhiệt Tản nhiệt nước tản nhiệt cho ổ tần số thay đổi công nghiệp CPU máy tính làm mát bằng nước,https://www.lazada.vn/products/pdp-i3162532570.html,765.000 ₫,,
Làm mát bằng nước ống bền máy tính trao đổi nhiệt cho PC,https://www.lazada.vn/products/pdp-i3180940235.html,478.000 ₫,,
Tản Nhiệt CPU Bằng Đồng X79/X99 Bộ Đệm Ống Tản Nhiệt CPU 4/6 Lắp Ráp Máy Tính Để Bàn Tản Nhiệt CPU Đường Kính 6mm Đồ Họa,https://www.lazada.vn/products/pdp-i2981653403.html,407.000 ₫,,"26 Đã bán
Hong Kong"
Quạt Tản Nhiệt Quạt Trục Lớn KA1806HA2 18CM Mới Quạt Tản Nhiệt USB Bằng Kim Loại Quạt Tản Nhiệt Máy Tính Để Bàn USB,https://www.lazada.vn/products/pdp-i3127026105.html,369.000 ₫,,"36 Đã bán
China"
CPU Quạt làm mát GPU phù hợp cho L30894-001 máy tính xách tay CPU và quạt làm mát GPU yên tĩnh hiệu quả chống nứt mài mòn bằng chứng cho máy tính notebook,https://www.lazada.vn/products/pdp-i3150387777.html,820.000 ₫,,
Tooniu Bộ chia bộ điều khiển rgb máy tính 5v-3pin cho vỏ máy tính thiết bị đầu nối mở rộng quạt thiết bị đầu cuối Argb x 10 & quạt 4 chân bảng nhánh thiết bị đầu cuối x 8 cho bộ cấp nguồn sata Argb bộ bộ chuyển đổi đồng bộ 3 chân bộ điều khiển rgb RGB-LED,https://www.lazada.vn/products/pdp-i3206833620.html,769.000 ₫,,
Combo Viên uống DHC ngừa mụn - mờ thâm 20 ngày (Vitamin C 40 viên và Kẽm 20 viên),https://www.lazada.vn/products/pdp-i2414269380.html,310.500 ₫,,
Tản nhiệt nước Tản Nhiệt CPU làm mát bằng nước đồng đỏ Vây 14 Ống Cho Máy Tính Cho 12Cm Fan Cho PC,https://www.lazada.vn/products/pdp-i3152744993.html,972.000 ₫,,
Lọc nước tản nhiệt làm mát bằng nước làm mát bằng nước 120mm/360mm tích hợp cho tản nhiệt nước máy tính để bàn,https://www.lazada.vn/products/pdp-i3180832553.html,924.000 ₫,,
Nước chất lượng tốt làm mát đồng hồ đo lưu lượng đồng hồ đo lưu lượng nước cho hệ thống làm mát bằng nước máy tính để bàn máy tính công nghiệp,https://www.lazada.vn/products/pdp-i3181291234.html,904.000 ₫,,
"Liệu trình 03 tháng bổ sung vitamin tổng hợp và khoáng chất, tăng cường sức khỏe đề kháng Doppelherz Aktiv A-Z Depot (03 hộp, 30 viên/hộp)",https://www.lazada.vn/products/pdp-i1607241378.html,1.170.000 ₫,5.0,70 Đã bán
Tản nhiệt nước Đồng hồ đo lưu lượng báo động Bảng điều khiển hợp kim nhôm giám sát toàn diện chỉ báo lưu lượng nước làm mát kỹ thuật số cho máy tính,https://www.lazada.vn/products/pdp-i3145515362.html,725.000 ₫,,
Micro Thu Âm Không Dây Saramonic SmartMic5 Di - Kết Nối Điện Thoại IPhone / IPad / IOS - Bảo Hành 24 Tháng,https://www.lazada.vn/products/pdp-i2095738220.html,1.404.000 ₫,,
"Collagen Youtheory Men's Advanced 390 Viên: Giải Pháp Hoàn Hảo Cho Sức Khỏe và Vẻ Đẹp Nam Giới - SẢN PHẨM ĐƯỢC YÊU THÍCH TRÊN THỊ TRƯỜNG HIỆN NAY, DÙNG RẤT TỐT LUÔN Ạ, DÙNG RẤT THÍCH, KHÁCH YÊU TRẢI NGHIỆM ỦNG HỘ SHOP NHÉ",https://www.lazada.vn/products/pdp-i3109439539.html,1.149.900 ₫,,
Bàn phím không dây Baseus K01A Wireless Tri-Mode Keyboard cho Laptop Macbook iPad B00955503413-00,https://www.lazada.vn/products/pdp-i2408768587.html,995.000 ₫,5.0,36 Đã bán
Bộ Dưỡng Chất Cho Phụ Nữ Mang Thai & Cho Con Bú TPBVSK Pregnacare Plus và Osteocare Tablets - Vitabiotics,https://www.lazada.vn/products/pdp-i1538005512.html,843.000 ₫,5.0,8 Đã bán
"Chuột Không Dây Máy Tính Bluetooth Goojodoq DPI 2.4G Cho Laptop iPad Phím Tắt Tiếng Giảm Ồn, Pin Sạc Dùng 20 Ngày",https://www.lazada.vn/products/pdp-i2559916177.html,138.500 ₫,4.0,122 Đã bán
AULA Bàn Phím F3368 Bàn Phím Hotswap Tự Làm Bàn Phím Có Đèn Nền LED 68 Phím/Bluetooth/2.4G Cho MAC/I0S/ Android /Windows/Ipad,https://www.lazada.vn/products/pdp-i2055350374.html,1.059.000 ₫,4.0,9 Đã bán
"Bộ chuyển đổi VGA duttek, bộ chuyển đổi VGA 2 cổng, bộ chuyển đổi VGA 2 đầu vào 1 đầu ra cho màn hình máy tính, máy tính lớn, máy tính xách tay, Bộ Bộ chuyển đổi tín hiệu, bảng điều khiển trò chơi, TV, máy chiếu",https://www.lazada.vn/products/pdp-i3206829857.html,616.500 ₫,,
Asus Gtx1050ti 1060 1660 2060 Card Đồ Họa Rào Cản Bảng Giá Đỡ Hỗ Trợ Tia Card Phụ Kiện Linh Kiện Máy Tính,https://www.lazada.vn/products/pdp-i2834635116.html,2.306.000 ₫,,"600 Đã bán
Hong Kong"
Viên Uống Chống Nắng Nội Sinh Oenobiol Solaire Intensif Pháp 30 Viên,https://www.lazada.vn/products/pdp-i2414225420.html,1.035.000 ₫,,
Turbine Mát-xa Chính Hãng Ebmpapst 4650N-465 4656Z 220V19W 12CM Phụ Kiện Làm Mát Máy Tính Bề Mặt Làm Mát Bằng Kim Loại Trong Suốt,https://www.lazada.vn/products/pdp-i3171323914.html,406.000 ₫,,
Bàn phím ZAGG Universal Bluetooth - Dùng cho iPad/Tablet/Laptop | Kích thước 12 inch / Mid size / Full size | Bảo hành 1 năm,https://www.lazada.vn/products/pdp-i2440703772.html,699.000 ₫,5.0,13 Đã bán
Thực phẩm bảo vệ sức khỏe Mega We Care NAT C cung cấp Vitamin C cho cơ thể (Chai 30 viên),https://www.lazada.vn/products/pdp-i524126644.html,146.000 ₫,4.0,
Viên uống vitamin bầu Doppelherz Vital Pregna bổ sung vitamin và khoáng chất cho bà bầu (Hộp 30 viên),https://www.lazada.vn/products/pdp-i1240947685.html,373.000 ₫,4.0,
"Bộ đôi dưỡng thai bổ sung canxi, Vitamin tổng hợp, DHA cho mẹ bầu Doppelherz Vital Pregna + Mg Canxi D3 (02 hộp 30 viên)",https://www.lazada.vn/products/pdp-i2120104443.html,746.000 ₫,4.0,95 Đã bán
Bàn Phím Cơ Không Dây Bluetooth 87/104 Phím Cho Máy Tính Để Bàn Tablet Laptop Macbook pro Macbook Air Macbook Cross-border,https://www.lazada.vn/products/pdp-i3222112365.html,1.680.000 ₫,,
MIXER DIGITAL BEHRINGER X18 - ĐIỀU KHIỂN BẰNG MẤY TÍNH BẢNG -IPAD -ANDROI -ỨNG DỤNG CHO PHÒNG THU VÀ LIVE CHUYÊN NGHIỆP,https://www.lazada.vn/products/pdp-i2093424897.html,17.200.000 ₫,,
"MÁY TÍNH BẢNG Lenovo Legion Y700 Gen 4 (2025), fulllbox likenew Chip Snaρdragon 8 Elite, 8.8 inches 165Hz, Ram 12/256GB, Pin 7600mAh",https://www.lazada.vn/products/pdp-i3154515814.html,13.290.000 ₫,,
Bàn phím không dây Apple iPad Pro 11 2021 & Air 10.9 Smart Keyboard Folio,https://www.lazada.vn/products/pdp-i2473603594.html,5.990.000 ₫,,
Uxcell tản nhiệt tấm đồng shims 1mm dày 20x20mm pad với dẫn nhiệt băng dính Máy tính để bàn GPU CPU làm mát vá 5 bộ,https://www.lazada.vn/products/pdp-i3206819598.html,318.600 ₫,,
[Trả góp 0%]Comica BoomX-D (UC1 / UC2) - Micro Không Dây 2.4G Thu Âm Chất Lượng Cao Cho Smartphone Android Máy Tính Bảng Type-C,https://www.lazada.vn/products/pdp-i1304675649.html,2.530.000 ₫,,
SmallRig Lồng máy ảnh cho Sony A7R V / A7S III / A7 IV / A7R IV / A1 với Báng cầm pin VG-C4EM 3594,https://www.lazada.vn/products/pdp-i2748444812.html,2.839.000 ₫,,
bán phím máy tính bảng Fujitsu arrow q775k-q735-q736,https://www.lazada.vn/products/pdp-i3060151476.html,1.350.000 ₫,,
"Chuột vi tính không dây Razer Pro Click V2_Mới, hàng chính hãng",https://www.lazada.vn/products/pdp-i3129455449.html,2.999.000 ₫,,
Viên uống vitamin tổng hợp Doppelherz A-Z Depot hỗ trợ tăng cường sức khỏe và đề kháng (Hộp 30 viên),https://www.lazada.vn/products/pdp-i1240732124.html,390.000 ₫,5.0,
Phần mềm Microsoft 365 Family 01 năm 01 tài khoản 5 thiết bị - Giấy phép chia sẽ,https://www.lazada.vn/products/pdp-i2779542865.html,480.000 ₫,,
Viên uống Vitamin Tổng Hợp Cho Phụ Nữ Xtend-Life Total Balance Women’s 120 viên,https://www.lazada.vn/products/pdp-i2507478394.html,3.500.000 ₫,,
"Micro thu âm để bàn USB Saramonic Xmic Z4 - Dành thiết bị Android, máy tính bảng, laptop - Bảo hành chính hãng 24 tháng",https://www.lazada.vn/products/pdp-i2835867821.html,2.680.000 ₫,,
[Mã ELMS8 giảm 6% đơn 300K] Bộ máy tính để bàn đồng bộ Dell optiplex 390 ( Core i3 / 4G / 500G ) Dell 19 Wide - Led,https://www.lazada.vn/products/pdp-i1991812421.html,3.690.000 ₫,,
"Phim cho Kindle Fire7 2017 & 2019 [9H Độ cứng cao, tương đương với kính cường lực] Máy tính bảng dễ sử dụng, toàn bộ bề mặt dính, kháng khuẩn, chống vân tay, màng bảo vệ, chống chói, giảm phản xạ",https://www.lazada.vn/products/pdp-i3206871063.html,485.000 ₫,,
"Phim cho Kindle Oasis (2017/2019 thế hệ thứ 9/10) [độ cứng cao 9H, tương đương với kính cường lực] Máy tính bảng dễ sử dụng, độ bám dính toàn bộ bề mặt, kháng khuẩn, chống vân tay, màng bảo vệ, chống chói, giảm phản xạ",https://www.lazada.vn/products/pdp-i3206853422.html,485.000 ₫,,
"Bàn phím FL·Esports CMK75SAM Lake Placid Blue/Desert Grey_Mới, hàng chính hãng",https://www.lazada.vn/products/pdp-i2337898351.html,2.499.000 ₫,,
"Bộ máy tính để bàn đồng bộ Dell optiplex 390 ( Core i5 / 8G / 500G ) , Màn hình Dell 21.5 Full HD - Wide - Led , Tặng Bà",https://www.lazada.vn/products/pdp-i1991888374.html,4.760.000 ₫,,
"Viên uống D3 K2 Doppelherz Vitamin D3 + K2 hỗ trợ tăng cường hấp thu canxi, giảm nguy cơ loãng xương (Hộp 30 viên)",https://www.lazada.vn/products/pdp-i1529002335.html,389.000 ₫,5.0,349 Đã bán
"Màn hình Máy Tính DUAN 24inch BKY248 FULL HD IPS , Full Viền , 75Hz - INECO",https://www.lazada.vn/products/pdp-i2038799117.html,2.950.000 ₫,,
Saramonic blinkme mic-rô không dây Pro khử tiếng ồn màn hình cảm ứng mic-rô thông minh Lavalier ve áo Microphone cho vlogging iPhone iPad Android máy ảnh Youtube tiktok,https://www.lazada.vn/products/pdp-i2412798693.html,6.500.000 ₫,,
"Bộ máy tính để bàn đồng bộ Dell optiplex 390 ( Core i3 / 8G / 500G ) Dell 21.5 Full HD - Wide - Led Chuyên dùng cho văn phòng - học tập -làm việc, Hàng Nhật mới trên 90%",https://www.lazada.vn/products/pdp-i1991927202.html,4.690.000 ₫,,
"Màn hình máy tính 24 inch Tomko T2421F, T242AF 24 inch full viền IPS 75Hz hỗ trợ chuẩn VESA – Chính hãng Tomko – Bảo hành lên đến 36 tháng",https://www.lazada.vn/products/pdp-i2303607228.html,3.810.000 ₫,5.0,8 Đã bán
[Trả góp 0%]Comica BoomX-D (MI1 / MI2) - Micro Không Dây Cổng Lightning Thu Âm Cho Các Thiết Bị IPhone IPad IPod,https://www.lazada.vn/products/pdp-i1304781473.html,2.530.000 ₫,,
[sale] Kính cường lực cho iPad Air 1 / Air 2 / Pro 9.7inch - kính dán màn hình cường lực,https://www.lazada.vn/products/pdp-i101587975.html,29.000 ₫,4.0,134 Đã bán
BOYA BY-WM4 PRO K2 - Mic thu âm không dây cổng 3.5mm | Thu cho 2 người | Dành cho Điện thoại & Máy ảnh - Hàng Chính Hãng,https://www.lazada.vn/products/pdp-i1854180679.html,3.290.000 ₫,,
[HCM]Viên uống tinh chất hàu tươi orihiro nhật bản giúp hỗ trợ sinh lý 120 viên/hộp hỗ trợ tăng số lượng và cải thiện chất lượng tinh trùng giảm tỷ lệ dị tật tinh trùng tăng khả năng thụ thai,https://www.lazada.vn/products/pdp-i902188637.html,500.000 ₫,,
"Bộ máy tính để bàn đồng bộ Dell optiplex 3020 ( Core i5 - 4570 / 8GB / SSD 120GB ) Dell 21.5 Full HD - Wide - Led , Tặng Bàn phím chuột - Hàng Nhật 99%",https://www.lazada.vn/products/pdp-i1991875269.html,5.290.000 ₫,,
Màn hình máy tính HKC MB20S1 19.5inch Wide LED TN,https://www.lazada.vn/products/pdp-i835560197.html,1.566.000 ₫,,
Màn hình máy tính Xiaomi Monitor A27i 27inch FHD/IPS/100Hz/6ms/HDMI (ELA5345EU) - Hàng chính hãng,https://www.lazada.vn/products/pdp-i2559234477.html,2.390.000 ₫,,
Bộ máy tính để bàn đồng bộ Dell optiplex 390 ( Core i5 2400 / 8G / SSD 120G ) Dell 21.5 Full HD - Hàng mới 99% - Bảo hành 12 tháng,https://www.lazada.vn/products/pdp-i1991889406.html,6.996.000 ₫,,
Viên Uống Bổ Sung Acid Folic & Vitamin B Cho Mẹ Bầu | PERDAYS Preconception Activated Folate | Lọ 60 Viên,https://www.lazada.vn/products/pdp-i3109215115.html,850.000 ₫,5.0,
"Kính cường lực Gorilla cho iPad Air,Pro,Mini,9.7,10.2,10.5,11,10.9, Mini 1,2,3,4,5,6 (Trong suốt) (CLMTB)",https://www.lazada.vn/products/pdp-i143221051.html,89.000 ₫,4.0,66 Đã bán
"Viên uống đẹp da Doppelherz Belle Anti Aging hỗ trợ làm chậm quá trình lão hoá da, đẩy lùi nám da, nếp nhăn (Hộp 30v)",https://www.lazada.vn/products/pdp-i1277965862.html,383.000 ₫,4.0,766 Đã bán
Máy đọc sách Boox Go 10.3 Chính hãng,https://www.lazada.vn/products/pdp-i2985675196.html,10.990.000 ₫,,
"Jabra 750 MS - Micro Kèm Loa Hội Nghị Trực Tuyến Cho Nhóm 6 Người, Tích Hợp Microsoft Teams, Kết Nối Blutooth Trong 30m",https://www.lazada.vn/products/pdp-i1533408069.html,7.141.500 ₫,,
Máy đọc sách Boox Go 7 Chính hãng Akishop,https://www.lazada.vn/products/pdp-i3094821238.html,7.290.000 ₫,,Máy đọc sách Boox Go 7 Chính hãng Akishop
Samsung Galaxy A26 5G 8/128Gb Chính hãng,https://www.lazada.vn/products/pdp-i3083024421.html,5.970.000 ₫,,
Máy đọc sách Boox Note Max 13 inch Chính hãng Akishop,https://www.lazada.vn/products/pdp-i2973365950.html,19.390.000 ₫,,Máy đọc sách Boox Note Max 13 inch Chính hãng Akishop
Máy tính laptop cảm ứng Lenovo Ideapad Miix 520,https://www.lazada.vn/products/pdp-i2634369708.html,5.990.000 ₫,,
Máy đọc sách Boox Palma Chính hãng,https://www.lazada.vn/products/pdp-i2908975863.html,6.790.000 ₫,,
Máy đọc sách Boox Palma 2 Chính hãng,https://www.lazada.vn/products/pdp-i2934948721.html,8.190.000 ₫,,
Saramonic SR-BV1 năng động cardioid Micro hộp đựng bằng kim loại hoàn toàn máy tính để bàn phòng thu mic để ghi âm phát trực tiếp bodcasting podcasting Studio Youtube tiktok,https://www.lazada.vn/products/pdp-i2466739369.html,3.900.000 ₫,,
"Vang Cơ Tích Hợp Micro Acnos Mi30S, Nhỏ Gọn Và Nhẹ, Lớp Vỏ Phủ Sơn Sần Chống Bám Vân Tay, 2 Đường Mic Line Out Có Hiệu Ứng Effect, Chất Lượng Âm Thanh Tốt Hơn, Có HDMI ARC Truyền Nhạc, Nhập Đức, Bảo Hành 12 Tháng",https://www.lazada.vn/products/pdp-i2576281943.html,3.200.000 ₫,5.0,10 Đã bán
"Vang số chỉnh cơ chuẩn hãng P Acoustic X10 Plus hàng chuẩn hãng có reveb hay như vang số, dễ chỉnh âm sắc.",https://www.lazada.vn/products/pdp-i1785242873.html,2.180.000 ₫,,
Màn hình máy tính Dell E2020H 19.5 inch LED Chính Hãng,https://www.lazada.vn/products/pdp-i1134566285.html,1.995.000 ₫,5.0,
[Mã ELMS8 giảm 6% đơn 300K] Bộ máy tính để bàn đồng bộ Dell optiplex 390 ( Core i5 / 4G / SSD 120G ) Dell 19 Wide - Led,https://www.lazada.vn/products/pdp-i1991730605.html,6.912.000 ₫,,
"Kính cường lực cho iPad Air,Pro,Mini,9.7,10.2,10.5,11,10.9, Mini 1,2,3,4,5,6 (Trong suốt) (CLMTB)",https://www.lazada.vn/products/pdp-i143990819.html,49.000 ₫,5.0,148 Đã bán
[Trả góp 0%]Card âm thanh PreSonus AudioBox iTwo USB 2.0 & iPad/ 24-bit 96 kHz/MIDI I/O,https://www.lazada.vn/products/pdp-i136152595.html,4.090.000 ₫,5.0,
Màn hình máy tính Xiaomi Gaming Monitor G27i EU 27inch - Tần Số Quét 165Hz - Tấm Nền IPS - Chính Hãng,https://www.lazada.vn/products/pdp-i2644617597.html,3.290.000 ₫,,
Viên uống bổ sung DHA cho bà bầu Bioisland DHA For Pregnancy 60 viên đảm bảo sức khỏe cho mẹ và sự phát triển của bé,https://www.lazada.vn/products/pdp-i2364404458.html,815.000 ₫,5.0,207 Đã bán
Combo 2 lọ Bioisland DHA For Pregnancy 60 viên chăm sóc sức khỏe mẹ bầu và sự phát triển của bé,https://www.lazada.vn/products/pdp-i2356566999.html,1.630.000 ₫,5.0,20 Đã bán
Viên uống bổ sung sắt Doppelherz Haemo Vital hỗ trợ phòng ngừa thiếu máu (Hộp 30 viên),https://www.lazada.vn/products/pdp-i1240927022.html,395.000 ₫,5.0,652 Đã bán
"✅Máy xay sinh tố Philips HR2222/00 700W Cối xay sinh tố đa năng 1.5 lít làm bằng thuỷ tinh, trong suốt, dễ lau chùi, Lưỡi dao hình răng cưa làm bằng thép không gỉ - MOSACO - [HÀNG CHÍNH HÃNG]",https://www.lazada.vn/products/pdp-i1926459397.html,1.437.000 ₫,1.5,
Màn hình máy tính Viewsonic VA2732-H 27inch FullHD 5ms IPS 100Hz viền mỏng,https://www.lazada.vn/products/pdp-i870532791.html,3.383.000 ₫,,
Digital Mixer Behringer 16 input XR16,https://www.lazada.vn/products/pdp-i2222106184.html,10.940.000 ₫,,
Cam Pi ZERO 3 4GB RAM DDR4 Allwinner h618 Wifi Bluetooth PC Orange Pi zero3 ban phát triển SBC máy tính bảng,https://www.lazada.vn/products/pdp-i2792805787.html,993.944 ₫,,
300mbps Modem không dây 3G Sim Thẻ router 4G điểm phát sóng wifi ngoài trời LTE cầu ăng-ten bên ngoài Mạng RJ45 WAN/LAN lc113,https://www.lazada.vn/products/pdp-i2364532246.html,1.488.000 ₫,,
[Wfdress] Màn hình có thể điều chỉnh đứng chiều cao di động VESA Màn hình máy tính bảng chủ lên đến 24cm đứng Ốp nâng máy tính bảng để bàn cơ sở rộng hơn ✫✬✩,https://www.lazada.vn/products/pdp-i2731377728.html,456.000 ₫,,
Màn hình LCD công nghiệp 12.1 inch G121SN01V.4 V4 TM121 SDS01 G121STN01.0,https://www.lazada.vn/products/pdp-i3007070060.html,999.999 ₫,,
Jiugo daboxetine Hydrochloride viên 30mg * 12 viên/hộp sản phẩm chăm sóc sức khỏe nam giới Tác dụng nhanh 久tòa soạn 30mg * 12 片/速效男士健康保健品,https://www.lazada.vn/products/pdp-i2634736119.html,910.808 ₫,3.0,28 Đã bán
Cho Xiaomi Redmi Pad SE 11 inch a0n9-như kết cấu da cừu bao da bàn phím Bluetooth có đèn nền siêu mỏng có thể tháo rời với bàn di chuột (màu đen),https://www.lazada.vn/products/pdp-i3049260214.html,571.000 ₫,,
American Park Nuo T5 Epimedium Tribulus Maca Tablets Arginine Yuhengbin Compound Tablets Thể hình Nam giới Tự tin,https://www.lazada.vn/products/pdp-i2675613149.html,444.465 ₫,,
[Arrme] Mới 10.1 Inch Màn Hình Cảm Ứng 2.5D Cho Duoduogo G10 4G LTE máy tính bảng máy tính Điện Dung tấm màn hình cảm ứng Sửa Chữa Và Bộ phận thay thế ☆,https://www.lazada.vn/products/pdp-i2795762449.html,414.325 ₫,,
Màn hình Peg 4 inch TM040YDHG30 mới nguyên bản từ nhà máy,https://www.lazada.vn/products/pdp-i3007033822.html,999.999 ₫,,
Dsrjn 10.1inch cho Iget thông minh w202 máy tính bảng P/N YC-PG101-127-A1 SLR Điện dung màn hình cảm ứng số hóa cảm biến bên ngoài Bảng kính tdjnd,https://www.lazada.vn/products/pdp-i2611968395.html,449.762 ₫,,
[Jslf] mới 10.1 inch màn hình cảm ứng cho Microtech e-tab Wifi etw101gt/B máy tính bảng cảm biến màn hình cảm ứng số hóa điện dung bên ngoài bảng điều khiển ☆,https://www.lazada.vn/products/pdp-i2795501622.html,430.325 ₫,,
[Konkdo] Máy tính bảng mới vai tay áo túi đựng ipad Air Pro 11 12.9 không khí 10.9 máy tính bảng Samsung máy tính Notebook Túi đựng laptop Túi xách birefcase,https://www.lazada.vn/products/pdp-i2675717895.html,396.000 ₫,,
Power Train X300 Mini-ITX máy tính cầm tay trường hợp Glass Side trong suốt trường hợp 240 làm mát bằng nước mATX Nhỏ Để Bàn Máy chủ Máy tính để bàn vỏ bọc,https://www.lazada.vn/products/pdp-i2973662097.html,1.182.686 ₫,,
"Bút cảm ứng nhạy cho Xiaomi Redmi Pad 2 Pad2 11 ""2025 Pad 7 6 5 6S Pro Redmi Pad SE 4G 8.7 POCO Pad 5G 12.1 bút cảm ứng chạm cho IOS/điện thoại Android máy tính bảng",https://www.lazada.vn/products/pdp-i3105204744.html,33.000 ₫,5.0,
💡 Đảm Bảo Chất Lượng 💡Authentic Guarantee Super Jinlan Jinshi Capsule Indian God of War Silkworm Peptide Tablets Iron Independent Packaging 6 American Tiger King Generation,https://www.lazada.vn/products/pdp-i3099221179.html,400.532 ₫,,
NEW BRAND 7xin 14.8v 1590mAh 21. 9wh PC-AB8390A laptop Getac BP-13K2-41/1480 s 4icp5/44/62 tablet A CELL,https://www.lazada.vn/products/pdp-i2772978939.html,999.999 ₫,,
Apple Magic Mouse 2/3 Thế Hệ Đế Tối Ưu Dock Đế Rộng Bằng Nhựa Cho Phần Cứng Và Thiết Bị Ngoại Vi Máy Tính,https://www.lazada.vn/products/pdp-i2831529979.html,191.000 ₫,,"432 Đã bán
Hong Kong"
Tinh Chất màu vàng Oyster Peptide Deer Whip Tablet nuôi dưỡng dưa chuột biển Peptide cho nam giới,https://www.lazada.vn/products/pdp-i2989540915.html,180.448 ₫,,
Ulanzi u-pad II phổ máy tính bảng giá ba chân điện thoại thông minh gắn kết cho iPad Air Pro Mini với 1/4 vít lạnh giày cho Microphone đèn LED,https://www.lazada.vn/products/pdp-i2458252558.html,250.012 ₫,,
Jomaa con chuột có bi xoay Có Thể Sạc Lại 2.4G USB Không Dây & Bluetooth Ergonomic Chuột cho máy tính xách tay máy tính bảng máy tính Android,https://www.lazada.vn/products/pdp-i3090174325.html,744.354 ₫,5.0,
[Nam nuôi dưỡng] Sản phẩm bán chạy mạnh mẽ Anh Trai sức mạnh hàu tinh chất peptide máy tính bảng tăng cường Vua Đen Kong thép nhỏ pháo Tiger roi máy tính bảng 10 cái/hộp,https://www.lazada.vn/products/pdp-i3145386608.html,201.030 ₫,,
Wireless Bluetooth Keyboard Mini 78 Keys Gaming Office Rechargeable Keyboard Touchpad for Pad PC Tablet,https://www.lazada.vn/products/pdp-i2881043297.html,196.084 ₫,,
Lenovo Xiaoxin Pad Pro 2025 12.7 Inch Có Bàn Phím Có Thể Tháo Rời Vỏ Trạm Thông Minh TPU Chống Nước Chống Sốc Tương Thích Với Idea Tab Pro 12.7 Inch 2025,https://www.lazada.vn/products/pdp-i3198241370.html,425.850 ₫,,
Lenovo Leigon Y700 2025 tablet PC Metal Cooling Rack,https://www.lazada.vn/products/pdp-i2874217308.html,2.221.360 ₫,,
35d955d 4/nguồn nhà sản xuất xuyên biên giới Sản phẩm bán chạy Tongkat Ali viên nang 60 hạt dongge Ali viên nang hỗ trợ OE M,https://www.lazada.vn/products/pdp-i3232802221.html,835.170 ₫,,
Zzaw c2m tất cả nhôm mATX trường hợp Bộ Nguồn máy tính ATX 240 làm mát bằng nước Type-C giao diện Trò chơi lắp ráp máy chủ máy tính Máy tính để bàn khung gầm,https://www.lazada.vn/products/pdp-i2478832143.html,1.454.968 ₫,5.0,5 Đã bán
Màn hình LCD 7 inch TFT a070fw01 V1 480(RGB)* 234,https://www.lazada.vn/products/pdp-i2709345523.html,556.702 ₫,,
[P1589p] chim bồ câu Chlamydia sốt hô hấp mãn tính Chim Vẹt Chim bồ câu thuốc 60 viên,https://www.lazada.vn/products/pdp-i2728137343.html,860.262 ₫,,
Điện Train Nhỏ K E-Thể Thao Máy Tính Trường Hợp kiểu hở mặt kính Hỗ Trợ M-ATX MINI-ITX Mainboard 240 làm mát bằng nước Trò Chơi Khung Máy Tính Để Bàn Vỏ,https://www.lazada.vn/products/pdp-i2679100893.html,1.474.099 ₫,,
"Đèn Flash LED Mới Nhất Chất Lượng Cao, Ba Lô Máy Ảnh Dlsr Túi Chụp Ảnh Kỹ Thuật Số Ngoài Trời Dành Cho Tất Cả Nikon Sony Canon Fulji",https://www.lazada.vn/products/pdp-i811740007.html,711.513 ₫,4.0,116 Đã bán
Fancl bổ sung cho nam giới ở độ tuổi 30 và trên 15-30 ngày cung cấp (30 túi) bổ sung tuổi (vitamin C/Kẽm/Gaba) đóng gói riêng lẻ [Sản xuất tại Nhật Bản],https://www.lazada.vn/products/pdp-i2892082914.html,835.000 ₫,,
Wired Network Card Type-C to 3.0HUB 100M Network Card Mobile Phone Tablet Notebook Desktop RJ45,https://www.lazada.vn/products/pdp-i3117911165.html,153.400 ₫,,
2X Wired USB Japanese/English Bilingual Keyboard for Tablet/ PC/Laptop/IOS/Android,https://www.lazada.vn/products/pdp-i3039094118.html,357.267 ₫,,
[Arrme] Ốp cho Samsung Galaxy Tab S8 S7 11 'ốp Bàn phím không dây A8 10.5 'Ốp lưng S6 Ốp lưng tiếng Nga tiếng Tây Ban Nha bàn phím máy tính bảng Hàn Quốc ☆,https://www.lazada.vn/products/pdp-i2795957670.html,889.325 ₫,,
Wired Network Card Type-C to 3.0HUB 100M Network Card Mobile Phone Tablet Notebook Desktop RJ45,https://www.lazada.vn/products/pdp-i3120284339.html,161.400 ₫,,
Cam pi pc h3 1gb quad-core hỗ trợ android ubuntu linux và android pc ori3 debian hình ảnh máy tính bảng,https://www.lazada.vn/products/pdp-i2732607814.html,912.965 ₫,,
"Wireless mouse is suitable for mobile phones, tablets, silent mice, mini girls, cute computers, office Bluetooth mice",https://www.lazada.vn/products/pdp-i3188946139.html,90.629 ₫,,
Laptop Tablet Foldable Stand with Cooling Fan Heat Stand for Laptop Desktop Cooler Aluminum Notebook Holder,https://www.lazada.vn/products/pdp-i3139084926.html,785.113 ₫,,
Micro không dây KUKIHO cho iPhone iPad Android với hộp sạc âm thanh điện thoại thông minh,https://www.lazada.vn/products/pdp-i3164567027.html,999.999 ₫,,
"Ajazz-Chuột game không có ren, MP 139pro, 4K, 4000Hz, 26000 DPA, paw3395 dành cho máy tính xách tay, máy tính bảng, PC, quang học",https://www.lazada.vn/products/pdp-i2934138297.html,999.999 ₫,,
Bàn phím cảm ứng Cho máy tính bảng Xiaomi Pad 7 Siêu 2025 14Inch 6S Pro 12.4 Poco Pad 12.1 Cho Redmi Pad Pro 12.1 Pro 5G 12.1 giá đỡ Folio Trường Hợp Bluetooth có thể tháo rời Da Bìa,https://www.lazada.vn/products/pdp-i3132344346.html,218.000 ₫,,
Cooling Pad Foldable Laptop Stand Holder with Cooler Fan Tablet Mount Bracket Notebook Cooling Stand with Phone Holder,https://www.lazada.vn/products/pdp-i3192217619.html,298.007 ₫,,
"hỗ trợ tăng trưởng cơ, phục hồi mô và cải thiện sức mạnh, 120 viên nang. Không chứa gluten, không biến đổi gen",https://www.lazada.vn/products/pdp-i3174535317.html,76.681 ₫,,
# Nguyên Bản BOE (BOE)7 Inch TV070W-NM0 Màn Hình Máy Tính Bảng IPS Màn Hình LCD Góc Nhìn Đầy Đủ,https://www.lazada.vn/products/pdp-i2857091214.html,861.113 ₫,,
Mobile Phone Radiator 5V 2A Semiconductor Cooler Diy Tablet Laptop USB FAN Cooling Mute Heatsink,https://www.lazada.vn/products/pdp-i3029935539.html,935.746 ₫,,
Chính hãng nhập khẩu Mỹ dinh dưỡng và sức khỏe sản phẩm chăm sóc hiệu quả nhanh chóng của nam giới cung cấp 10 10,https://www.lazada.vn/products/pdp-i3135682211.html,449.544 ₫,,
35d955d 4/viên nang bán chạy nhất xuyên biên giới prostatehealth90capsules sức khỏe,https://www.lazada.vn/products/pdp-i3232681554.html,835.170 ₫,,
Bắc Kinh Tongrentang Oyster Tablets Tinh chất Maca Oyster Peptide Nhân sâm Lubian Nam Không chăm sóc sức khỏe Maca Nam 1WL,https://www.lazada.vn/products/pdp-i2670746527.html,421.185 ₫,,
Tono áo mới Chất lượng cao dung tích lớn 17.3 inch máy ảnh Ba lô máy tính xách tay ngoài trời DSLR nhiếp ảnh Túi đựng máy ảnh kỹ thuật số,https://www.lazada.vn/products/pdp-i2455484578.html,657.113 ₫,,
【】 Bàn phím kèm bàn di chuột Teclado Nga Ả Rập Norsk bluetooth không dây Bàn phím máy tính bảng Cho máy tính bảng Xiaomi Pad 5 Cho iPad Không Khí 4 2 Pro,https://www.lazada.vn/products/pdp-i2570590940.html,627.512 ₫,,
35d955d 4/ Hot Bán Tk Cross-Biên Giới Nam Người Đàn Ông Của Viên Nang Người Đàn Ông Mạnh Mẽ Thương Mại Nước Ngoài Nguồn bán hàng trực tiếp từ nhà máy Có Sẵn O Em,https://www.lazada.vn/products/pdp-i3232608773.html,835.170 ₫,,
Có thể gập lại BT Bàn phím kích thước bỏ túi xách tay mini BT Bàn phím kèm bàn di chuột cho Android Windows máy tính bảng,https://www.lazada.vn/products/pdp-i3155907358.html,640.000 ₫,,
[Mldp] điều khiển từ xa bằng giọng nói 2.4G Chuột bay T8 Plus Mini Bàn phím không dây 7 màu cảm ứng ngược sáng cho đầu giải mã TV Android T9 x96max T8,https://www.lazada.vn/products/pdp-i2731749527.html,798.325 ₫,,
Điều khiển bộ phận làm mát mb400l mATX trường hợp thép kính bảng điều khiển bên văn phòng eSports khung gầm nhỏ CPU giới hạn trên 166mm Mini-ITX Vỏ máy tính để bàn,https://www.lazada.vn/products/pdp-i2302706633.html,1.442.391 ₫,,
3.5 inch Màn hình LCD với màn hình cảm ứng td035sted3,https://www.lazada.vn/products/pdp-i2709205876.html,454.497 ₫,3.5,
【】 Bàn phím gập Bluetooth 87 phím phổ có thể gập lại bàn phím mềm bằng silicon không dây cho điện thoại/PC/Tablet Lap,https://www.lazada.vn/products/pdp-i2570698398.html,447.512 ₫,,
Chân máy có thể điều chỉnh cho nhiếp ảnh và video Viết Blog nhôm máy ảnh mở rộng Rod với điện thoại và gắn máy tính bảng,https://www.lazada.vn/products/pdp-i3231951239.html,491.000 ₫,,
Samsung CCD Camera BP70A Pin ES65 ES70 ST60 PL120 MV800 5X Đarga Bán Buôn Pin Máy Tính Bảng Thương Hiệu Shoulietu 740mAh,https://www.lazada.vn/products/pdp-i2493475637.html,172.000 ₫,5.0,
Thẻ Máy Tính Bảng Five Star Rare Hidden Card Vol.3 Battle Lion Camel Ridge Nezha Sun Wukong Thẻ Máy Tính Bảng Trò Chơi Máy Tính,https://www.lazada.vn/products/pdp-i3227014708.html,141.000 ₫,,"42 Đã bán
China"
[Shuo] Tây Ban Nha Pháp Bluetooth Bàn phím không dây Azerty Nga Hàn Quốc Cho iPad Mac máy tính bảng điện thoại di động Máy Tính Xách Tay Và Chuột Mini Với N,https://www.lazada.vn/products/pdp-i2722375270.html,622.000 ₫,,
"Foldable Laptop Stand with Cooling Fan, Cooler Pad for Tablet - Enhanced Cooling Support and Portable Design",https://www.lazada.vn/products/pdp-i3119381189.html,374.500 ₫,,
Tablet Holder for Tripod Mount Adapter for Tablet Black Tablet Holder for Monopod Tablet Attachment for Tripod,https://www.lazada.vn/products/pdp-i3072039229.html,130.100 ₫,,
Đức Vàng Đen Chỉ Nam chính hãng nguyên bản sản phẩm Nam 12 Nhân Sâm Hươu roi thuốc sản phẩm chăm sóc sức khỏe 德国黑金刚 男性原装正品男用品 12 人参鹿金丸保健品,https://www.lazada.vn/products/pdp-i3028297497.html,396.262 ₫,,
Magnetic Keyboard For iPad mini 6th 7th 8.3 Inch 10.2 7 8 9 th 10.5 ipad 10 11 A16 2025 Air 11/13 M3 2025pro 11 2018-2022 Air 4 5 6 10gen 10.9 Smart Cover Case Magnetic Separate Backlit Keyboard,https://www.lazada.vn/products/pdp-i2795117508.html,837.909 ₫,5.0,9 Đã bán
"Ba Lô Lớn Cổ Điển Selens, Túi Đựng Máy Ảnh SLR, Vải Không Thấm Nước Túi Đựng Ảnh Máy Tính Xách Tay 15 Inch Dành Cho Máy Ảnh Canon Nikon Fuji",https://www.lazada.vn/products/pdp-i485952105.html,1.035.681 ₫,5.0,27 Đã bán
"ACTTO B303/B305 (86 Phím, Không Có Ký Tự Hanguo) Bàn Phím Không Dây Bluetooth 5.0 Retro Bàn Phím Máy Đánh Chữ Có Chân Đế Tích Hợp Cho Điện Thoại, Máy Tính Bảng, Hỗ Trợ Android/Windows/IOS",https://www.lazada.vn/products/pdp-i1874238136.html,899.000 ₫,5.0,"8 Đã bán
China"
Byhealth By-Health Health OK Tablets Sản phẩm chức năng dành cho nam giới Epimedium Tribulus Tablets Testosterone Xiongfeng,https://www.lazada.vn/products/pdp-i3035336872.html,747.840 ₫,,
Lý tưởng hàng gia dụng cửa hàng meiqu bạc hà đường theanine máy tính bảng 90 viên nang năng lượng & tập trung hearlth,https://www.lazada.vn/products/pdp-i2931067656.html,764.012 ₫,,
"Orange Pi ZERO 3 4GB 5V3A Loại-C cung cấp điện, Orange Pi zero3 DDR4 Allwinner h618 Wifi BT BLE Mini PC SBC máy tính bảng",https://www.lazada.vn/products/pdp-i2605950565.html,983.261 ₫,,
Outmix mới xách tay mini ba bàn phím gập Bluetooth không dây có thể gập lại Touchpad Bàn phím cho IOS Windows iPad máy tính bảng,https://www.lazada.vn/products/pdp-i2364728563.html,668.000 ₫,,
Mobile Phone Radiator 5V 2A Semiconductor Cooler Diy Tablet Laptop USB FAN Cooling Mute Heatsink,https://www.lazada.vn/products/pdp-i3025386841.html,992.746 ₫,,
Lovingcool wholesale custom transparent tempered glass CPU RGB case Cabinet mid tower mATX White gaming PC casing with fan（Please contact the store for products worth 999999 Vietnamese dong）,https://www.lazada.vn/products/pdp-i2724537364.html,999.999 ₫,,
Tự vận hành Thuốc men và dược phẩm bổ sung tinh chất cho nam giới,https://www.lazada.vn/products/pdp-i2675604162.html,848.029 ₫,,
Zuoya gmk67 tùy chỉnh bàn phím cơ khí Kit hot-swappable bluetooth 2.4G không dây RGB Backlit Gasket cấu trúc bàn phím 3-Mod,https://www.lazada.vn/products/pdp-i2640710192.html,999.999 ₫,,
Đầy đủ mở khóa Mainboard Tab một T580 T585 Bo mạch chủ SM-T580 logic Board làm việc tốt mạch thẻ phí Flex Cáp tấm Mb,https://www.lazada.vn/products/pdp-i3031675976.html,999.999 ₫,3.0,
【】 Nga/Tây Ban Nha/Hàn Quốc Bàn phím không dây bluetooth cho máy tính bảng/lap/điện thoại thông minh q1jc,https://www.lazada.vn/products/pdp-i2568859828.html,639.512 ₫,,
"【】 Thái Lan Tiếng Anh Thái 78 phím Bàn phím Bluetooth không dây cho i-pad Lap Mac-Cuốn sách máy tính bảng máy tính nhãn dán điện thoại, vở ghi",https://www.lazada.vn/products/pdp-i2568822000.html,662.512 ₫,,
South African Drunk Eggplant Capsule Withania Somnifera capsule Men's Fulvic Acid Capsule Supplement,https://www.lazada.vn/products/pdp-i2974957437.html,384.450 ₫,,
New 7.6V 4920mAh máy tính xách tay Tablet PC pin cho zinox cạnh 8 pin 6 dây cắm,https://www.lazada.vn/products/pdp-i2417253970.html,836.013 ₫,,
Good price OEM Support CKD Mid-tower Pc Case Computer Towers Cpu Case Office case with CD（Please contact the store for products worth 999999 Vietnamese dong）,https://www.lazada.vn/products/pdp-i2721491853.html,999.999 ₫,,
35d955d 4/xuyên biên giới hot-bán Curcumin viên nang NGHỆ CURCUMIN viên nang nguồn bán trực tiếp tại nhà máy OE M,https://www.lazada.vn/products/pdp-i3232785263.html,835.170 ₫,,
35d955d 4/xuyên biên giới TK Sản phẩm mới bifi sức khỏe nguyên thủy pha trộn sức khỏe ban đầu hỗn hợp viên nang o em,https://www.lazada.vn/products/pdp-i3232732331.html,835.170 ₫,,
Usb-c Bộ chuyển đổi mạng Cổng kết nối Gigabit Ethernet tốc độ cao Type-C để Ethernet Adapter cho điện thoại di động và máy tính bảng Cắm và chơi Bộ chuyển đổi kết nối mạng USB Bộ chuyển đổi mạng 1000Mbps RJ45 Ethernet Adapter,https://www.lazada.vn/products/pdp-i3153615799.html,414.500 ₫,,
Vitamin C 500mg containing flavonoids easily absorbed 90 tablets of Thorne,https://www.lazada.vn/products/pdp-i3132374495.html,711.112 ₫,,
"LZD Inzhuo G2000PRO Tai Nghe Không Dây Có Dây Cho Trò Chơi Thể Thao Điện Tử Bluetooth 7.1 Máy Tính, Điện Thoại Di Động, Máy Tính Bảng",https://www.lazada.vn/products/pdp-i2609242074.html,682.723 ₫,,
INPHIC yuanchuang Jifeng chuột không dây trò chơi chế độ kép Bluetooth có thể sạc máy tính xách tay Máy tính để bàn máy tính bảng,https://www.lazada.vn/products/pdp-i3204988848.html,580.215 ₫,,
Fafeicy 5MP 2K máy quay USB Mô-đun ov5640 USB OTG máy quay USB bảng Camera Cho Máy Tính Thiết Bị Công Nghiệp 160 Độ Rộng Góc Biến Dạng Cho WinXP,https://www.lazada.vn/products/pdp-i3195635980.html,836.000 ₫,,
Sumreda MK67 Pro Bàn Phím Cơ 67 phím Bàn phím chơi game không dây có đèn nền RGB có thể tráo đổi nóng 2.4G bluetooth 3 chế độ có núm,https://www.lazada.vn/products/pdp-i2496581859.html,983.261 ₫,,
Máy Tính Bảng Vinh Quang Huawei Zhenke T5 6 7AGS2-W09 AGS3-W00E AGM3-AL09HN Pin AL00,https://www.lazada.vn/products/pdp-i2629528295.html,416.789 ₫,,
[Lodgq Aula f3261 RGB hiệu ứng USB Mini Bàn phím chơi game cơ công tắc Đỏ 61 phím có dây tách cáp có thể tháo rời cho Mac Windows ☆,https://www.lazada.vn/products/pdp-i2795805049.html,937.325 ₫,,
Fafeicy 5MP 2K máy quay USB Mô-đun ov5640 USB OTG máy quay USB bảng Camera Cho Máy Tính Thiết Bị Công Nghiệp 160 Độ Rộng Góc Biến Dạng Cho WinXP,https://www.lazada.vn/products/pdp-i3195786611.html,865.000 ₫,,
New 7.6V 6000mAh Chuwi ubook x 2-in-1 máy tính xách tay máy tính bảng PC pin 10 pin 7 dây cắm,https://www.lazada.vn/products/pdp-i2417381287.html,784.781 ₫,,
Fafeicy 5MP 2K máy quay USB Mô-đun ov5640 USB OTG máy quay USB bảng Camera Cho Máy Tính Thiết Bị Công Nghiệp 160 Độ Rộng Góc Biến Dạng Cho WinXP,https://www.lazada.vn/products/pdp-i3195705519.html,836.000 ₫,,
"Chuột Quang Không Dây ACTTO AWM-03; Thiết Kế Đèn LED Trực Quan, Kết Nối Không Dây 2.4GHz, 800/1200/1600 DPI, Hỗ Trợ Kết Nối Máy Tính/Máy Tính Xách Tay/Máy Tính Bảng/Điện Thoại Di Động",https://www.lazada.vn/products/pdp-i2111349359.html,399.000 ₫,,
Fafeicy 5MP 2K máy quay USB Mô-đun ov5640 USB OTG máy quay USB bảng Camera Cho Máy Tính Thiết Bị Công Nghiệp 160 Độ Rộng Góc Biến Dạng Cho WinXP,https://www.lazada.vn/products/pdp-i3195707487.html,836.000 ₫,,
Telesin Magnetic Bộ Tản Nhiệt điện thoại di động Cooler quạt tản nhiệt tản nhiệt cho điện thoại di động máy tính bảng Cooler cho phát trực tiếp gamming,https://www.lazada.vn/products/pdp-i2797254190.html,441.449 ₫,,
1,https://www.lazada.vn/products/pdp-i3202502615.html,33.000 ₫,,
Công Thức Dưỡng Trắng Da Left-Handed VC Freeze-Dried Tablet Của Thương Hiệu Yilou Có Tác Dụng Làm Sáng Màu Da Và Chống Lão Hóa,https://www.lazada.vn/products/pdp-i3213833588.html,142.000 ₫,,
T-Mobile Revvl Tab 2 10.1 Inch Vỏ Bảo Vệ Silicon Mềm Chống Rơi Vỏ Máy Tính Bảng Bền Cho Phụ Kiện Máy Tính Văn Phòng,https://www.lazada.vn/products/pdp-i3205980947.html,143.650 ₫,,
Điều khiển bộ phận làm mát Td500 Lưới Trường Hợp ATX Đèn trang trí máy tính Kính bảng điều khiển bên Masterbox Lưới Khung M-ATX E-ATX MINI-ITX Máy Tính Để Bàn Văn Phòng Trường Hợp,https://www.lazada.vn/products/pdp-i2324841076.html,2.875.483 ₫,,
Beijing Tongrentang Zinc Magie Tablets Selenium Men's Fitness Chức năng tình dục Bổ sung vitamin B không kích thích tinh hoàn Cửa hàng hàng đầu chính thức,https://www.lazada.vn/products/pdp-i2850188196.html,392.920 ₫,,
"Bàn phím máy đánh chữ văn phòng không dây AJAZZ AF84 75% 82 phím, bàn phím Bluetooth retro với giá đỡ tích hợp, cho iPad",https://www.lazada.vn/products/pdp-i3160504945.html,951.744 ₫,,
Chính hãng nhập khẩu Mỹ dinh dưỡng và sức khỏe sản phẩm chăm sóc hiệu quả nhanh chóng của nam giới cung cấp 10 10,https://www.lazada.vn/products/pdp-i3028371216.html,451.272 ₫,,
[9026] Colmi p71 gọi điện thoại thông minh đồng hồ thông minh Nam theo dõi sức khỏe IP68 không thấm nước thông báo trợ lý giọng nói Đồng hồ thông minh phụ nữ,https://www.lazada.vn/products/pdp-i2811446391.html,752.098 ₫,,
QiuzAim Quạt CPU Máy Tính Bộ Xử Lý 6 Ống Dẫn Nhiệt Làm Mát Bằng Không Khí Intel Lắp Đặt LGA775 115X1200 1700 1356 1366 AMD AM3 AM4 AM5 i5 i7,https://www.lazada.vn/products/pdp-i3095137132.html,372.881 ₫,,
JJC Hộp Đựng Pin AA AAA 18650 Nhiều Khe Hộp Đựng Pin Bằng Xốp EVA Mềm Chống Nước Kèm Máy Kiểm Tra Pin Chống Tĩnh Điện,https://www.lazada.vn/products/pdp-i2088928856.html,366.445 ₫,,
"Quạt làm mát từ tính/kẹp lưng 23W, quạt turbo lốc xoáy, 3 chế độ, tản nhiệt điện thoại cho Android iPad iPhone 15, làm mát game PUBG",https://www.lazada.vn/products/pdp-i3101810371.html,420.000 ₫,,
[Xuyon] 3 chế độ Chuột đứng không dây có dây Macro lập trình RGB Thái trò chơi mause 3200DPI USB quang Chuột cho máy tính để bàn máy tính xách tay Máy tính bảng,https://www.lazada.vn/products/pdp-i2721509954.html,368.000 ₫,,
"Genesis dinh dưỡng cỏ cho ăn gan bò, Reishi, đông trùng hạ thảo, nhân sâm, Rhodiola - 4500mg miễn dịch, năng lượng, giảm căng thẳng, sức khỏe gan, hormone,",https://www.lazada.vn/products/pdp-i2907613094.html,967.011 ₫,,
"Wavlink AC1900 băng tần kép không dây USB3.0 Adapter cho PC, 1900Mbps bộ điều hợp wifi với 2.4G/600Mbps và 5G/1300Mbps, 4x 3dBi khuếch đại cao ăng-ten bên ngoài, MU-MIMO. Card mạng cho máy tính để bàn, máy tính xách tay, PC, hỗ trợ Win10/8.1/8/7/XP, Mac O",https://www.lazada.vn/products/pdp-i2400285953.html,809.331 ₫,,
Fafeicy 5MP 2K máy quay USB Mô-đun ov5640 USB OTG máy quay USB bảng Camera Cho Máy Tính Thiết Bị Công Nghiệp 160 Độ Rộng Góc Biến Dạng Cho WinXP,https://www.lazada.vn/products/pdp-i3195628984.html,836.000 ₫,,
Qwert Dragon Ball Z jiren nhân vật hoạt hình GK thần Hủy Diệt bức tượng 23cm tượng bằng nhựa PVC Bộ sưu tập mô hình trang trí cậu bé quà tặng sinh nhật polkm,https://www.lazada.vn/products/pdp-i2736533732.html,677.000 ₫,,
Fafeicy 5MP 2K máy quay USB Mô-đun ov5640 USB OTG máy quay USB bảng Camera Cho Máy Tính Thiết Bị Công Nghiệp 160 Độ Rộng Góc Biến Dạng Cho WinXP,https://www.lazada.vn/products/pdp-i3195613951.html,836.000 ₫,,
Fafeicy 5MP 2K máy quay USB Mô-đun ov5640 USB OTG máy quay USB bảng Camera Cho Máy Tính Thiết Bị Công Nghiệp 160 Độ Rộng Góc Biến Dạng Cho WinXP,https://www.lazada.vn/products/pdp-i3195686398.html,836.000 ₫,,
"Chuột Quang Không Dây ACTTO ABM-03, Kết Nối Bluetooth 5.2, 800/1200/1600 DPI, Thiết Kế Đèn LED Trực Quan, Hỗ Trợ Kết Nối Máy Tính/Máy Tính Xách Tay/Máy Tính Bảng/Điện Thoại Di Động",https://www.lazada.vn/products/pdp-i2111273874.html,372.820 ₫,,
AIGO 120 240 360 làm mát bằng nước CPU máy tính Fan PC tản nhiệt nước tản nhiệt tích hợp làm mát bằng chất lỏng cho Intel,https://www.lazada.vn/products/pdp-i2635568262.html,917.012 ₫,,
"Chuột Quang Không Dây ACTTO AWM-03; Thiết Kế Đèn LED Trực Quan, Kết Nối Không Dây 2.4GHz, Hỗ Trợ Kết Nối PC/Laptop/Máy Tính Bảng/Điện Thoại Di Động, 800/1200/1600 DPI",https://www.lazada.vn/products/pdp-i2111243926.html,399.000 ₫,,
Giá Đỡ Máy Tính Bảng Sau Ghế Xe Hơi Gối Sau Giá Đỡ Điện Thoại Giá Đỡ Tựa Đầu Hỗ Trợ Cho Ipad 4-11 Inch Phụ Kiện Ô Tô,https://www.lazada.vn/products/pdp-i1921276788.html,214.007 ₫,,
Fafeicy 5MP 2K máy quay USB Mô-đun ov5640 USB OTG máy quay USB bảng Camera Cho Máy Tính Thiết Bị Công Nghiệp 160 Độ Rộng Góc Biến Dạng Cho WinXP,https://www.lazada.vn/products/pdp-i3195896148.html,836.000 ₫,,
Fenvi Wi-Fi 6E 5374Mbps AX210 cho bluetooth5.3 802.11ax 2.4G/5G/6Ghz không dây PCIe Adapter Mạng Card Wi-Fi hỗ trợ máy tính Win10/11 skol cửa hàng,https://www.lazada.vn/products/pdp-i2532913679.html,701.000 ₫,,
Fafeicy 5MP 2K máy quay USB Mô-đun ov5640 USB OTG máy quay USB bảng Camera Cho Máy Tính Thiết Bị Công Nghiệp 160 Độ Rộng Góc Biến Dạng Cho WinXP,https://www.lazada.vn/products/pdp-i3193687829.html,836.000 ₫,,
Fafeicy 5MP 2K máy quay USB Mô-đun ov5640 USB OTG máy quay USB bảng Camera Cho Máy Tính Thiết Bị Công Nghiệp 160 Độ Rộng Góc Biến Dạng Cho WinXP,https://www.lazada.vn/products/pdp-i3195678200.html,836.000 ₫,,
"NEW Brand Hi 12 For CHUWI Hi12 Dual System 64G For Chuwi HI10 plus CWI527 CW1527 10.8"" Tablet PC Bateira power",https://www.lazada.vn/products/pdp-i2680305781.html,984.928 ₫,,
2025 Vết Nứt K28 Trò Chơi Bàn Phím Cơ Có Dây RGB Bàn phím cơ không dây Bluetooth cho máy tính bảng và điện thoại chơi game Nga,https://www.lazada.vn/products/pdp-i3043109473.html,999.999 ₫,,
[MS] Xe Tăng Thời Lượng Pin 9CM Ống Đồng Kiểu Tháp Siêu Êm CPU Quạt 1700 Bộ Tản Nhiệt Máy Tính Để Bàn Điều Khiển Nhiệt Độ Máy Tính Làm Mát Bằng Không Khí,https://www.lazada.vn/products/pdp-i2809828028.html,320.535 ₫,,
"Wavlink Bộ chuyển đổi không dây AC1300, 1300mbps băng tần kép 2.4GHz/400Mbps 5GHz/866Mbps, khuếch đại cao Dual 3dBi anten Mạng Wifi, USB 3.0 cho máy tính để bàn laptop, hỗ trợ Windows XP/ Vista/ 7/ 8/ 8.1/ 10, MacOS 10.7-10.15",https://www.lazada.vn/products/pdp-i2399862392.html,491.426 ₫,3.0,
QiuzAim Làm Mát Máy Tính Quạt 120mm Am4 am5 4 Ống Dẫn Nhiệt CPU Làm Mát Bằng Không Khí Làm Mát Bộ Vi Xử Lý Lắp Đặt LGA2011 x79 x99 E5 2099 AMD,https://www.lazada.vn/products/pdp-i3030535775.html,292.671 ₫,,"6 Đã bán
China"
"Chân máy tính bảng mở rộng Ulanzi MT-16 với đế lạnh cho micro, đèn video LED, chân máy điện thoại thông minh và máy ảnh SLR",https://www.lazada.vn/products/pdp-i3009449842.html,743.483 ₫,,
# Thích Hợp Cho DJI AIR2/2S Bộ Túi Đeo Vai Vải Bố Xách Tay Có Thể Đóng Gói 3 Túi Đựng Pin,https://www.lazada.vn/products/pdp-i2848779304.html,462.860 ₫,,
[Lsdj] 30 taschen starke Klar Ant köder Pulver nützlich termiten ameisen medikament medizin effekte zerstören töten tổ kiến,https://www.lazada.vn/products/pdp-i2804455070.html,747.000 ₫,,
[MS] Bộ Xử Lý Lõi Tứ HD 8 Inch win11 Hệ Thống Core i7 Máy Tính Bảng Chống Cháy Nổ Đa Gia Cố Công Nghiệp,https://www.lazada.vn/products/pdp-i2809756232.html,967.011 ₫,,
Uyh đa-ftional Túi máy ảnh фоторюкзак Ba lô lưu trữ Crossbody Mang trường hợp Nylon chống thấm nước cho túi đựng máy ảnh DSLR Túi máy ảnh,https://www.lazada.vn/products/pdp-i2328908562.html,421.808 ₫,,
[Bbees] Razer Viper chuột mini chơi game có dây phiên bản đặc biệt 8500dpi cảm biến quang thiết bị ngoại vi cho máy tính cáp nhẹ cho game thủ,https://www.lazada.vn/products/pdp-i2730769088.html,902.000 ₫,,
[Bamf] Bàn Phím phát sáng 7 màu cho máy tính bảng Xiaomi Pad 6 Mi Pad 6 Pro 11 inch 2023 với kẹp giữ bút đứng bao gồm bàn phím tiếng Tây Ban Nha tiếng Nga tiếng Anh ✬✫✩,https://www.lazada.vn/products/pdp-i2838317154.html,724.000 ₫,,
"Chuột Quang Không Dây ACTTO ABM-03, Kết Nối Bluetooth 5.2, Hỗ Trợ Kết Nối PC/Laptop/Máy Tính Bảng/Điện Thoại Di Động, 800/1200/1600 DPI, Thiết Kế Đèn LED Trực Quan",https://www.lazada.vn/products/pdp-i2111363574.html,415.145 ₫,,
"Máy quét mã vạch eyoyo mini cầm tay mini 1D 2D, thông qua Bluetooth Màn hình hiển thị kỹ thuật số thông minh 2.4G không dây & có dây USB UPC QR code Đầu đọc Máy quét Tương thích với điện thoại Android, Iphone, ipad, máy tính xách tay",https://www.lazada.vn/products/pdp-i3133183694.html,999.000 ₫,,
Lovingcool new arrival tempered glass computer case black/white mid tower CPU cabinet PC gaming case for ITX/m-atx/ATX（Please contact the store for products worth 999999 Vietnamese dong）,https://www.lazada.vn/products/pdp-i2721543707.html,999.999 ₫,,
Đầu Ra Nhiệt Điện Lạnh Bằng Semiconductor Mới Cho Điện Thoại Di Động Đế Tản Nhiệt Cho Máy Tính Xách Tay Đồ Chơi Làm Mát Điện Tử,https://www.lazada.vn/products/pdp-i3150997742.html,241.000 ₫,,
Jonsbo D300 trường hợp Seaview phòng ITX toàn cảnh bên trong suốt không có trụ cột Khung máy tính 360 làm mát bằng nước ATX Hỗ trợ điện Vỏ máy tính để bàn,https://www.lazada.vn/products/pdp-i2518483821.html,2.191.058 ₫,,
Tất cả mở nhôm trong suốt trường hợp máy tính khung làm mát bằng nước ngang dọc ITX mATX ATX Máy tính để bàn khung gầm vỏ cket,https://www.lazada.vn/products/pdp-i2420503500.html,4.609.000 ₫,,
Bộ Tản Nhiệt Ổ Đĩa SSD 2242M.2 Bằng Đồng Tím Cho Máy Tính Xách Tay FinalCool TN Series 2023-07-05 Mới,https://www.lazada.vn/products/pdp-i3152648257.html,216.000 ₫,,
2X Ban Đầu Chính Bảng Giao Giấy Cảm Biến Báo Cho Máy Epson L300 L301 L303 L310 L313 L351 L353 L355 L358 L360 L363 L365 L110,https://www.lazada.vn/products/pdp-i2392666471.html,93.599 ₫,,
Quạt Vòng Không Khí Cân Bằng Tiếng Ồn Thấp Thermalright TL-N12-R5 12CM RPM 2000 RPM Quạt Làm Mát Khung Gầm Im Lặng Cho Vỏ Máy Tính,https://www.lazada.vn/products/pdp-i3156279919.html,277.000 ₫,,
[Heses] 3 cái/bộ sexy của phụ nữ quần lót lụa băng cảm thấy đồ lót không đường may cô gái Đồ lót thoáng khí Comfort briefspanties phụ nữ đồ lót,https://www.lazada.vn/products/pdp-i2731013247.html,522.000 ₫,,
Jonsbo T8 cộng với ITX trường hợp bằng nhôm để bàn side-thông qua hỗ trợ Bộ Nguồn máy tính ATX 270mm Card đồ họa trò chơi trên máy tính khung gầm,https://www.lazada.vn/products/pdp-i2414012125.html,2.403.000 ₫,,
[Nonen] Ugreen 100W 3 Mét loại USB C để USB C Dây cáp cho Macbook iPad Samsung Xiaomi PD nhanh chóng sạc dây Sạc 5A e-marker chip,https://www.lazada.vn/products/pdp-i2727870799.html,535.000 ₫,,
Màn hình kỹ thuật số MF 7 inch 30 chân mới và chính hãng 0701683002 Màn hình LCD cho máy tính bảng miễn phí vận chuyển,https://www.lazada.vn/products/pdp-i3007323433.html,549.576 ₫,,
[HOT ZZFHSHHIGHIO 527] Bộ Định Tuyến AP WIFI Không Dây Gắn Tường 4 Màu 300M Bảng Điều Khiển Máy Tính Ổ Cắm USB Ổ Cắm Sạc Tường Ổ Cắm Thông Minh WiFi Điện 5V 1000MA,https://www.lazada.vn/products/pdp-i2008612804.html,759.637 ₫,,
"[Iejin] akazien holz tablett, massivholz holz nachmittags TEE tablett, Obst tablett, coffeeshop einfache Snack tablett",https://www.lazada.vn/products/pdp-i2788795458.html,736.262 ₫,,
"WAVLINK USB C to Ethernet Adapter 5Gbps, RJ45 Gigabit LAN Ethernet Network Adapter for laptop, Computers and More, tương thích Thunderbolt 5/4/3, for MacBook Pro/Air, iPad Pro, Dell XPS",https://www.lazada.vn/products/pdp-i3175413593.html,451.780 ₫,,
Bộ theo dõi GPS phổ quát mới cho tự động iPad xe hơi OBD định vị GPS tìm thấy phù hợp của tôi cho Apple ứng dụng chính thức theo dõi thông minh,https://www.lazada.vn/products/pdp-i2333384401.html,933.000 ₫,,
GS Gấp lại Bàn phím Bluetooth có bàn di chuột Giá đỡ điện thoại PC Bàn phím có thể gập lại Da PU Bàn phím máy tính bảng Cho iOS/Android/Cửa sổ/Mac,https://www.lazada.vn/products/pdp-i3218962545.html,686.000 ₫,,
"32sgvgtskhv Huwei Mini gấp bàn phím không dây Tây Ban Nha Arabic Hebrew portugues Đức với đứng cho Windows, Android, máy tính bảng iOS điện thoại chơi Game bàn phím",https://www.lazada.vn/products/pdp-i2739611036.html,565.272 ₫,,
Ice Coorel máy tính xách tay Cooler nối ổn định có thể gập lại máy tính xách tay Riser máy tính bảng di động đứng 7 bánh răng máy tính xách tay có thể điều,https://www.lazada.vn/products/pdp-i2496336359.html,202.474 ₫,,
Hstnn db8r hto3xl l11119 855 Pin máy tính xách tay tiêu thụ điện năng thấp 46.2wh 4000mAh xả bằng chứng chống đoản mạch sạc nhanh cho HP Pavilion,https://www.lazada.vn/products/pdp-i3223316551.html,743.000 ₫,,
Jonsbo CR-1400 argb 4 ống dẫn nhiệt tháp 5V 3 Pin CPU Cooler ITX làm mát bằng không khí im lặng fan hâm mộ Bộ xử lý mát In lga1700 115x 1200 AM4,https://www.lazada.vn/products/pdp-i2609046378.html,664.000 ₫,,
Thermalright CORE MATRIX 360 tất cả-trong-một CPU Tản nhiệt nước tản nhiệt 12cm quạt máy tính làm mát bằng nước Intel lga1700 2011 AM5 AM4 tản nhiệt nước hệ thống,https://www.lazada.vn/products/pdp-i2440868696.html,3.086.137 ₫,,
Jrbas fenvi Wifi 6 Bộ chuyển đổi USB băng tần kép ax1800 2.4G/5GHz không dây Wi-Fi thẻ mạng Dongle USB 3.0 wifi6 Bộ chuyển đổi cho Windows 7/10/11 lswrc,https://www.lazada.vn/products/pdp-i2737672137.html,733.699 ₫,3.0,
Bộ làm mát CPU G1/4 chủ đề nước làm mát máy tính tản nhiệt cho nước làm mát máy tính Hệ thống làm mát bằng nước,https://www.lazada.vn/products/pdp-i3214621224.html,641.000 ₫,,
【Popular choice】 Bàn phím USB có dây Cho Sinh Viên Tìm Hiểu PC 104 Phím Kích Thước Đầy Đủ Ông Già Phong Cách phiên bản tiếng Anh Với Lớn Chữ Màu Vàng,https://www.lazada.vn/products/pdp-i2569012182.html,635.512 ₫,,
Máy tính phổ thông CPU nước khối chuyên nghiệp CPU khối tản nhiệt nước Máy tính CPU làm mát bằng nước khối với đồng đỏ cơ sở POM bìa cho AM4,https://www.lazada.vn/products/pdp-i3204618154.html,471.000 ₫,,
Dc 12V PC CPU Hệ thống làm mát bằng nước Công cụ-500l/h cho máy tính debtop máy tính máy tính xách tay hỗ trợ PMW G1/4 chủ đề,https://www.lazada.vn/products/pdp-i3192800505.html,577.000 ₫,,
HCVGBN SHOP Gấp lại Bàn phím Bluetooth Giá đỡ điện thoại PC có bàn di chuột Bàn phím có thể gập lại Chất lượng cao Da PU Bàn phím máy tính bảng Cho iOS/Android/Cửa sổ/Mac,https://www.lazada.vn/products/pdp-i3215514512.html,684.000 ₫,,
Ciciglow khối làm mát bằng nước khối bộ tản nhiệt chất lỏng làm mát bền cho tản nhiệt nước CPU máy tính (40x80mm),https://www.lazada.vn/products/pdp-i3194556463.html,143.000 ₫,,
Làm mát bằng chất lỏng tản nhiệt tiếng ồn thấp đồng tản nhiệt hai lớp đồng cho PC cho máy tính,https://www.lazada.vn/products/pdp-i3216135758.html,917.000 ₫,,
"Aternee yên tĩnh Mini Tản nhiệt nước bơm, 800l/h tản nhiệt 4pin PWM điều khiển tốc độ máy tính làm mát bằng nước hệ thống phụ kiện",https://www.lazada.vn/products/pdp-i3119200514.html,635.645 ₫,,
"Mặt Trăng bưởi 800l/h yên tĩnh Mini nước-làm mát bơm, DIY tản nhiệt PC làm mát bằng nước, máy tính để bàn mát hệ thống",https://www.lazada.vn/products/pdp-i2932970235.html,504.595 ₫,,
[Nineck] AIGO pado G12 máy tính trường hợp Fan ventoinha PC 120mm quạt RGB Kit làm mát bằng nước 4pin CPU PWM quạt tản nhiệt 3pin5v argb 12cm thông gió,https://www.lazada.vn/products/pdp-i2731149376.html,327.000 ₫,,
【】 Dk61 Bàn Phím Kit Bluetooth-Tương Thích 2.4G/Có Dây Ba Chế Độ 61 Phím Bố Trí Hot-Swappable Phổ đèn nền RGB Được Xây Dựng-Trong Silic,https://www.lazada.vn/products/pdp-i2570672380.html,953.512 ₫,,
Guorong 1700 tản nhiệt quạt CPU 1155 máy tính thế hệ thứ 12 máy tính để bàn 4 ống đồng làm mát bằng không khí xuống áp lực amd4 ống nhiệt i5,https://www.lazada.vn/products/pdp-i2319436241.html,234.121 ₫,,
Guorong sumond simeng i5-12400 CPU máy tính tản nhiệt bảng chính 5vargb Đồng Bộ 4 ống dẫn nhiệt quạt PWM,https://www.lazada.vn/products/pdp-i2319165777.html,420.105 ₫,,
Điều khiển bộ phận làm mát mb600l V2 trường hợp thép kính bảng điều khiển bên Đèn trang trí máy tính Chassis ATX mATX MINI-ITX máy tính trò chơi máy tính văn phòng trường hợp,https://www.lazada.vn/products/pdp-i2324820619.html,1.411.542 ₫,,
Máy tính bảng Samsung Galaxy Tab A9 (Wi-Fi) 4GB/64GB,https://www.lazada.vn/products/pdp-i2634308755.html,2.355.000 ₫,4.0,542 Đã bán
[TẶNG BÀN PHÍM] Máy Tính Bảng Honor Pad X9a | Bộ nhớ 6GB+128GB | Pin 8300mAh | Chip Snapdragon 685 | Bảo hành 18 Tháng,https://www.lazada.vn/products/pdp-i3121026996.html,5.890.000 ₫,5.0,34 Đã bán
Máy tính bảng 10 inch qua sử dụng MID tablet,https://www.lazada.vn/products/pdp-i3232558445.html,335.000 ₫,,
Máy tính bảng Lenovo Tab 4 10inch X504F ram 3G 32G - Android 7 tiếng Việt,https://www.lazada.vn/products/pdp-i3210059175.html,888.000 ₫,,
iPad A16 11 inch Wi-Fi 128GB,https://www.lazada.vn/products/pdp-i3067030249.html,10.490.000 ₫,,"61 Đã bán
Hồ Chí Minh"
iPad Air M3 11 inch WIFI 128GB Chính hãng,https://www.lazada.vn/products/pdp-i3040095195.html,18.490.000 ₫,,"23 Đã bán
Hà Nội"
"2024 Tab Pro 11 Máy tính bảng Màn hình 4K Full HD 10,8 inch 4G/5G Máy tính bảng Android 12.0 chính hãng RAM 12G ROM 512G Sinh viên Máy tính bảng chơi game giá rẻ Bao da miễn phí Giao hàng miễn phí COD",https://www.lazada.vn/products/pdp-i2501273595.html,1.080.000 ₫,4.0,570 Đã bán
"Máy tính bảng HUAWEI MatePad 11.5"" | HUAWEI Notes | Bàn Phím Rời",https://www.lazada.vn/products/pdp-i2986812216.html,8.830.000 ₫,4.0,108 Đã bán
Máy tính bảng Redmi Pad Pro | 8+128GB - Chính hãng bảo hành 24 tháng,https://www.lazada.vn/products/pdp-i2715867608.html,6.390.000 ₫,5.0,7 Đã bán
Máy tính bảng Huawei Mediapad M3 8.4 màn 2K loa Harman Kardon - Ram 4G Kirin 950,https://www.lazada.vn/products/pdp-i2274255931.html,1.048.000 ₫,4.0,15 Đã bán
Máy Tính Bảng SS ZA-668,https://www.lazada.vn/products/pdp-i2493106624.html,650.000 ₫,2.0,
"Máy tính bảng chính hãng X6 Pro RAM 16GB ROM 512GB Android 2023 Máy tính bảng mới nhất 10,8 inch Toàn màn hình Màn hình lớn Wifi 5G Dual SIM Máy tính bảng mới Máy tính bảng chơi game giá rẻ Bán thanh lý",https://www.lazada.vn/products/pdp-i2404203118.html,1.080.000 ₫,4.0,39 Đã bán
"Máy tính bảng samsung tap a chính hãng ,xem phim, youtube,học online, bảo hành 12 tháng",https://www.lazada.vn/products/pdp-i2612033044.html,939.000 ₫,3.0,7 Đã bán
Máy tính bảng Samsung galaxy Tab A 8.0 ( SM - P355 ),https://www.lazada.vn/products/pdp-i3205061999.html,350.000 ₫,,
Máy tính bảng Lenovo Tab 4 10 inch - chip xịn chạy siêu mượt,https://www.lazada.vn/products/pdp-i2614751155.html,1.099.000 ₫,5.0,7 Đã bán
Máy tính bảng Huawei MediaPad M5 Lite 8 inch - Ram 4G 128G Kirin 710 Android 9,https://www.lazada.vn/products/pdp-i3078942222.html,998.000 ₫,5.0,10 Đã bán
LAPTOP 2in1 KIÊM TABLET NEC VERSAPRO VKZ11 VKZ11T-1 10.1 inch CPU N3450 1.1GHz/4GB/ Windows 10 Bản Quyền,https://www.lazada.vn/products/pdp-i2126145186.html,890.000 ₫,5.0,20 Đã bán
Máy tính bảng Huawei MediaPad T3 7 inch Ram 2G 16G,https://www.lazada.vn/products/pdp-i3101188349.html,528.000 ₫,5.0,
Máy tính bảng Honor Pad 2 8.0inch màn FHD - Ram 3G 32G có 4G+WIFI,https://www.lazada.vn/products/pdp-i2834033738.html,788.000 ₫,5.0,
"Máy tính bảng samsung , chơi game, làm việc, giải trí ngon lành, máy chạy mạnh, mượt",https://www.lazada.vn/products/pdp-i2743565216.html,1.599.000 ₫,5.0,
Máy tính bảng Huawei MediaPad M2 màn 8.0 inch - Kirin 930 Ram 3G 64G,https://www.lazada.vn/products/pdp-i3101131650.html,748.000 ₫,4.0,
Máy Tính Bảng Luyện Nói Cho Bé Theo Chủ Đề Tiếng Việt Memocshop Ipad Biết Nói Cho Trẻ Em Giáo Dục Sớm,https://www.lazada.vn/products/pdp-i3146839899.html,474.600 ₫,,
Máy tính bảng Samsung Galaxy Tab E - wifi giá rẻ,https://www.lazada.vn/products/pdp-i2596893635.html,1.050.000 ₫,,
Máy tính bảng Huawei MediaPad M3 Lite 10 inch - Snaρ 435 có 4 loa harman/kardon,https://www.lazada.vn/products/pdp-i2532503730.html,1.248.000 ₫,5.0,13 Đã bán
Máy tính bảng Fujitsu ARROWS Tab Q508 chạy Window10 tặng kèm bút - intel Atom X7 Z8700 ram 4G 128G,https://www.lazada.vn/products/pdp-i2407553797.html,1.496.000 ₫,4.0,94 Đã bán
Máy tính Bảng samsung T285 dùng còn dùng,https://www.lazada.vn/products/pdp-i2362797006.html,350.000 ₫,3.0,
Cụm Máy tính bảng M50 Bản (6Gb/128Gb) Hàng Nội địa Trung Máy dùng mượt,https://www.lazada.vn/products/pdp-i3130501461.html,750.000 ₫,,
Cụm Máy Tính bảng Mobell Tab 10 còn Dùng Bản 16Gb,https://www.lazada.vn/products/pdp-i3085227009.html,285.000 ₫,4.0,
Cụm Máy tính bảng Huawei Mediapad T5 10.1 inch (3GB/32GB) sống zin hư màn hình,https://www.lazada.vn/products/pdp-i2407937533.html,280.000 ₫,,
Máy tính bảng Masstel Tab 10A 3GB 32GB Chính Hãng,https://www.lazada.vn/products/pdp-i2757554616.html,1.290.000 ₫,,
"Máy tính bảng Alcatel 3T8 Tab 2GB 32GB Chính Hãng - mỏng nhẹ 290g, đầy đủ phụ kiện",https://www.lazada.vn/products/pdp-i2677194919.html,1.488.000 ₫,5.0,16 Đã bán
Máy tính bảng Fujitsu arrows tap Q665.cpu.M5 5y10.ram 4.ssd 128g.man 11.6in cảm ứng ful HD.đô mới 90- 95%.kèm but Wacom,https://www.lazada.vn/products/pdp-i3182860419.html,690.000 ₫,,
"Máy tính bảng thông minh Tab X6 Pro Máy tính bảng chơi game 12GB + 512GB 2023 Chính hãng Khuyến mãi lớn Máy tính bảng thông minh dành cho trẻ em Màn hình 10,8 inch Thẻ SIM kép Android 5G 8800mah Lớp học trực tuyến Máy tính bảng giá rẻ",https://www.lazada.vn/products/pdp-i2388508666.html,1.284.780 ₫,5.0,26 Đã bán
Máy tính bảng nội địa nhật Fujitsu arrows tap Q506.ram 4.ssd 64g.máy không hỗ trợ bút wacom,https://www.lazada.vn/products/pdp-i3182783749.html,1.400.000 ₫,,
"2023 Máy tính bảng 5G giá rẻ mới X6 Pro 10,8 inch RAM 12GB + 512GB ROM Máy tính bảng mới Máy tính bảng thông minh Android Máy tính bảng hai SIM Máy tính bảng WIFI Máy tính bảng học tập hoàn toàn mới dành cho sinh viên Giải phóng mặt bằng",https://www.lazada.vn/products/pdp-i2399116175.html,980.000 ₫,4.0,65 Đã bán
Máy tính bảng Fujitsu Q507 Ram 4G SSD 128 màn 10.1 inches Pin 5h-7h chạy Windows10 64bit,https://www.lazada.vn/products/pdp-i2096891547.html,1.380.000 ₫,,
Máy tính bảng windows cảm ứng fujitsu arrows tap Q704. CPU i5 4200u.ram 4.ssd 128g,https://www.lazada.vn/products/pdp-i3182729948.html,690.000 ₫,,
"Huawei Mediapad T3 - Máy tính bảng 8 inch mạnh mẽ, học hành, giải trí ngon lành, game vừa phải, đời 2017 (đã qua sử dụng)",https://www.lazada.vn/products/pdp-i2570633010.html,850.000 ₫,,
Máy tính bảng Galaxy Tab S9 màn hình 11 inch Máy tính bảng chơi game 16GB + 512GB 8800mAh Android 12.0 4G/5G WIFI khe cắm thẻ SIM kép dành cho sinh viên chơi game máy tính bảng thông minh giảm giá lớn máy tính bảng giá rẻ,https://www.lazada.vn/products/pdp-i2480748521.html,1.580.000 ₫,3.0,28 Đã bán
Máy tính bảng 2in1 fujitsu arrows tap Q508.ram 4.ssd 64/128g.,https://www.lazada.vn/products/pdp-i3182946064.html,690.000 ₫,,
Galaxy Tab S9 máy tính bảng 16GB+512GB Android 12.0 11.6 inch siêu nét máy tính bảng thông minh 8800mAh pin siêu bền 4G/5G WIFI khe cắm thẻ SIM kép cho trẻ em học tập vẽ tranh máy tính bảng giá rẻ,https://www.lazada.vn/products/pdp-i2488358340.html,1.580.000 ₫,2.0,16 Đã bán
máy tính bảng samsung t296 rất đẹp,https://www.lazada.vn/products/pdp-i2270124295.html,1.300.000 ₫,,
Máy Tính Bảng Masstel Tab 8.1 (3gb/32gb),https://www.lazada.vn/products/pdp-i2493129523.html,799.000 ₫,,
Máy tính bảng màn hình lớn Fujitsu arrows tap Q738. i5 7300u.ram 4.ssd 128g.pin yếu dùng dưới 30p,https://www.lazada.vn/products/pdp-i3182873423.html,790.000 ₫,,
Máy Tính Bảng Teclast T50 PLUS 16GB(6+10)/256GB| FHD 11” | 8000mAh | 2 Nano Sim,https://www.lazada.vn/products/pdp-i2858770477.html,3.990.000 ₫,5.0,19 Đã bán
"Máy tính bảng Samsung 10.4"" Galaxy Tab S6 SM-P610 Lite 64GB (Wifi) mới, kèm bút, open box like new - 0401 0508",https://www.lazada.vn/products/pdp-i1898751640.html,4.390.000 ₫,5.0,24 Đã bán
"Máy tính bảng POCO Pad (8+256GB) | Màn hình 12,1"" 120Hz 2,5K | SD 7sGen2 | Pin 10000mAh + 33W",https://www.lazada.vn/products/pdp-i3014702023.html,6.990.000 ₫,5.0,103 Đã bán
2023 mới nhất Máy tính bảng Galaxy Tab S9 Màn hình 11 inch 16GB + 512GB máy tính bảng chơi game chạy cực rõ 8800mAh Android 12.0 4G/5G WIFI khe cắm thẻ SIM kép cho máy tính bảng học tập trực tuyến COD,https://www.lazada.vn/products/pdp-i2473463894.html,1.580.000 ₫,4.0,651 Đã bán
[ máy mới fullbox ] máy tính bảng Lenovo tap M10 Plus ( gen 3) màn 2K siêu nét pin 7700 mah dùng 10 tiếng liên tục,https://www.lazada.vn/products/pdp-i500810047.html,1.200.000 ₫,4.0,49 Đã bán
HP Elite x2 G4 Tablet Core i7 8665U 13-Inch cảm ứng tách rời (Xin đọc mô tả),https://www.lazada.vn/products/pdp-i3134108395.html,7.150.000 ₫,,
Lenovo Thinkpad X1 Tablet 3rd Gen i5 8250U 13-Inch QHD cảm ứng tách rời phím,https://www.lazada.vn/products/pdp-i2810930206.html,5.499.000 ₫,,
Máy Tính Bảng Teclast P30 10GB(4+6)/64GB| HD 11” | 6000mAh | 2 Loa Kép | Hàng Chính Hãng,https://www.lazada.vn/products/pdp-i2860212470.html,2.090.000 ₫,5.0,6 Đã bán
[HCM]Máy tính bảng Kindle Fire HD 10 - 2019 - đời mới nhất 9th - dung lượng 64GB tích hợp trợ lý ảo Alexa (All-New Fire HD 10 Tablet - 10.1 1080p full HD display 64GB - 9th generation),https://www.lazada.vn/products/pdp-i1258745354.html,2.890.000 ₫,,
Máy tính bảng Samsung tab T515 Ram 3GB bộ nhớ 32GB máy qua sự dụng zin đẹp 99% full chức năng kèm phụ kiện,https://www.lazada.vn/products/pdp-i3173067501.html,2.190.000 ₫,,
Bàn phím số không dây gấp bàn phím bluetooth omikamo với tiêu chuẩn JIS Nhật Bản không dây mỏng nhẹ kích thước đầy đủ ghép nối IOS/Windows/Mac/Google tương thích USB-C máy tính bảng Bàn phím máy tính có thể sạc lại cho Smartphon...,https://www.lazada.vn/products/pdp-i3206857561.html,1.860.000 ₫,,
"Máy tính bảng lenovo. màn hình siêu bự 10,1 inch, pin trâu, học tập, giải trí ngon lành",https://www.lazada.vn/products/pdp-i2644392109.html,1.199.000 ₫,,
"Bảng vẽ điện tử không dây Bluetooth Graphics Tablet 962 Seri 5N Wireless 10 inch, 8192 Levels, Android, cảm ứng nghiêng.Hàng chính hãng[Tem Bộ CA]",https://www.lazada.vn/products/pdp-i1813565932.html,2.100.000 ₫,,
"Máy tính bảng Verizon Asus P008 - wifi - màn 8 inch sắc nét, loa to học online, giải trí giá tốt",https://www.lazada.vn/products/pdp-i2474456730.html,995.000 ₫,,
máy tinh bảng Android huawei mediapad t5 Lite tặng kèm bao da.,https://www.lazada.vn/products/pdp-i3182862447.html,1.700.000 ₫,,
Máy tính bảng Lenovo Tab 4 8 Plus 8704N - Ram 4G 64G có 4G+WIFI Android 8.1,https://www.lazada.vn/products/pdp-i2992915360.html,1.198.000 ₫,,
Máy tính bảng Lenovo Tab3 8 Plus.,https://www.lazada.vn/products/pdp-i3185655603.html,1.180.000 ₫,,
Máy tính bảng Samsung Tab A 8.0 Knox bản Mỹ (Wifi+4G),https://www.lazada.vn/products/pdp-i2253829641.html,1.899.000 ₫,,
Máy tính bảng Amazon Fire Kindle HD 8,https://www.lazada.vn/products/pdp-i1784862934.html,1.020.000 ₫,5.0,134 Đã bán
"2023 Máy tính bảng Tab X6 Pro nguyên bản hoàn toàn mới 10,8 inch Toàn màn hình Màn hình lớn 16GB ROM + 512GB RAM Máy tính bảng Android12 Wifi 5G Máy tính bảng hai SIM dành cho sinh viên Máy tính bảng chơi game giá rẻ COD",https://www.lazada.vn/products/pdp-i2404231118.html,1.080.000 ₫,4.0,36 Đã bán
Máy tính bảng 2in1 NEC versapro vk902s.cpu core M3 .ram 4.ssd 64/128g.may kèm phím sạc zin.,https://www.lazada.vn/products/pdp-i3182888353.html,1.150.000 ₫,,
Máy tính bảng Lenovo Tab3 8inch/Ram 3Gb/ bộ nhớ 16Gb lắp sim 4G nghe gọi,https://www.lazada.vn/products/pdp-i2022313305.html,1.180.000 ₫,,
"Bộ phát Wifi Router Xiaomi AX3000T/AX1500 băng tần kép - Wifi 6 3000Mbps - hỗ trợ Mesh, NFC - kết nối 128 thiết bị",https://www.lazada.vn/products/pdp-i2437212543.html,929.000 ₫,5.0,
"Máy tính bảng samsung 10 inch, pin 7300 siêu trâu, máy đẹp như mới",https://www.lazada.vn/products/pdp-i2968162298.html,1.999.000 ₫,,
máy tính bảng Google Nexus 7 2013 ram 2GB (tặng kèm bao da),https://www.lazada.vn/products/pdp-i1590297912.html,790.000 ₫,4.0,136 Đã bán
Máy tính bảng Alcatel Tab 3T8 9032X MT8766(Like new),https://www.lazada.vn/products/pdp-i1974843602.html,2.990.000 ₫,,
Galaxy Tab S9 máy tính bảng 11 inch màn hình siêu nét 16GB + 512GB máy tính bảng chơi game 8800mAh Android 12.0 4G / 5G WIFI khe cắm thẻ SIM kép máy tính bảng học tập vẽ tranh giảm giá lớn thanh lý COD,https://www.lazada.vn/products/pdp-i2489985543.html,1.580.000 ₫,4.0,26 Đã bán
Máy tính bảng Masstel Tab10 4G có Wifi không sim,https://www.lazada.vn/products/pdp-i2435019831.html,1.227.150 ₫,4.0,5 Đã bán
Máy Tính Bảng Mobell Tab 8.1_ Hàng chính hãng,https://www.lazada.vn/products/pdp-i2916596007.html,1.390.000 ₫,,
Máy tính bảng Fujitsu Q584 4+128GB chạy Windows 10 Dualboot,https://www.lazada.vn/products/pdp-i2408089525.html,3.099.000 ₫,,
sale máy tính bảng 2in1 Fujitsu arrows tap Q738.i5 7300u.ram 4.ssd 128g.pin yếu,https://www.lazada.vn/products/pdp-i3182800655.html,1.750.000 ₫,,
"Máy tính bảng lenovo màn 8 inch. chạy nhanh, mượt, giải trí ok, hàng đã qua sử dụng",https://www.lazada.vn/products/pdp-i2854455495.html,829.000 ₫,5.0,
Máy tính bảng Teclast P85T mới FullBox - Ram 4G+64G màn 8 inch,https://www.lazada.vn/products/pdp-i3101229339.html,1.788.000 ₫,,
[2 Sim 4G - Học Online] Máy tính bảng Lenovo Tab3 8 Plus 8703 - 8 inch - RAM 3Gb - Loa kép Dolby Atmos - Android 10,https://www.lazada.vn/products/pdp-i1595831919.html,1.490.000 ₫,,
Máy tính bảng Lenovo Tab One Wifi 8.7 inch 4GB/128Gb (Xám) - ZAF00170VN - Bảo hành 24 tháng,https://www.lazada.vn/products/pdp-i3207563977.html,3.590.000 ₫,,
"Máy tính bảng lenovo. màn hình siêu bự 10,1 inch, pin trâu, học tập, giải trí ngon lành",https://www.lazada.vn/products/pdp-i2644533030.html,1.199.000 ₫,,
"Máy tính bảng M 2 (vỏ nhôm, màn hình 2K) ilistore",https://www.lazada.vn/products/pdp-i2901990156.html,2.300.000 ₫,,"Máy tính bảng M 2 (vỏ nhôm, màn hình 2K) ilistore"
Máy tính bảng Lenovo Tab M9 3GB/32GB (Frost Blue) (ZAC30191VN) - Bảo hành 24 tháng,https://www.lazada.vn/products/pdp-i2403694939.html,2.249.000 ₫,,
Máy tính bảng Lenovo Tab One Wifi 8.7 inch 4GB/128Gb (Xám) - ZAF00170VN - Bảo hành 24 tháng,https://www.lazada.vn/products/pdp-i3209377618.html,3.590.000 ₫,,
Máy tính bảng Doogee T10 Plus,https://www.lazada.vn/products/pdp-i3118561819.html,1.990.000 ₫,,
iPad Pro M4 11 inch Wi-Fi,https://www.lazada.vn/products/pdp-i2735002689.html,28.890.000 ₫,,"26 Đã bán
Hồ Chí Minh"
Máy tính bảng Samsung Galaxy Tab A9+ 5G 8GB/128GB,https://www.lazada.vn/products/pdp-i2634367395.html,6.603.000 ₫,5.0,18 Đã bán
HP Elite x2 G4 Tablet i7 8665U 13-Inch FHD cảm ứng tách rời phím có LTE(4G),https://www.lazada.vn/products/pdp-i2305896969.html,12.089.000 ₫,,
Máy tính bảng Xiaomi Pad 6S Pro (8GB/256GB) - Chính Hãng Bảo Hành 18 Tháng,https://www.lazada.vn/products/pdp-i2848944132.html,10.880.000 ₫,5.0,
"Google Pixel Tablet Chính Hãng, SonPixel",https://www.lazada.vn/products/pdp-i2389687308.html,10.699.500 ₫,5.0,
"Microsoft Surface Go Nhập Khẩu Mỹ ram 4GB , SSD 64+128GB , Tablet 2 trong 1 tẶNG kèm bàn phím và sạc chính hãng Microsoft tại Playmobile",https://www.lazada.vn/products/pdp-i1270441383.html,3.990.000 ₫,5.0,7 Đã bán
"Máy Tính Bảng Honor Pad GT2 Pro, Chip Snapdragon 8 Gen 3, Màn Hình 12.5 inches 165Hz, Ram 8/128G, Pin 10100 mAh. SonPixel",https://www.lazada.vn/products/pdp-i3210688455.html,17.300.000 ₫,,
HP Elite x2 G4 i7 8665U màn hình 13-Inch 3K Tablet cảm ứng tách rời phím,https://www.lazada.vn/products/pdp-i2450831940.html,12.089.000 ₫,,
Máy tính bảng Xiaomi Redmi Pad SE (6GB/128GB) Chính Hãng ĐMX,https://www.lazada.vn/products/pdp-i2415836535.html,3.900.000 ₫,,
Máy tính bảng Lenovo Tab 4G 10.1 inch 4GB/64Gb - Bảo hành 24 tháng,https://www.lazada.vn/products/pdp-i3209470314.html,4.090.000 ₫,,
MÁY TÍNH BẢNG PHỤC VỤ HỌC ONLINE L E N O V O TAB 4 8504F,https://www.lazada.vn/products/pdp-i1660270373.html,1.380.000 ₫,5.0,5 Đã bán
"Máy tính bảng Kindle Fire Hd 8 2022 12th 8inch HD CPU Hexa-core 2,0 6 nhân, Ram 2GB, 32GB thoải mái trải nghiệm online",https://www.lazada.vn/products/pdp-i2195846881.html,1.990.000 ₫,2.0,
"Máy tính bảng ram 4G , màn 10 inch học tập, giải trí ngon lành, hát karaoke siêu mượt, màn hình bự, pin trâu, dán cường lực sẵn",https://www.lazada.vn/products/pdp-i2685690701.html,999.000 ₫,4.0,
sale máy tinh bảng hp elitepad 900 g1.,https://www.lazada.vn/products/pdp-i2395973533.html,1.450.000 ₫,,
"Máy tính bảng viết dạy học trực tuyến Ugee S1060 Android, 10 inch, cảm ứng nghiêng, 8192 Levels, 5080 LPI.Hàng chính hãng[Tem Bộ CA]",https://www.lazada.vn/products/pdp-i1816773723.html,2.200.000 ₫,,
Máy tính bảng Surface Go 2 màn 10.5 inch Window 10 - Pentium Gold 4425Y ram 8G 128G SSD,https://www.lazada.vn/products/pdp-i2873801471.html,2.948.000 ₫,,"6 Đã bán
Nghệ An"
Máy tính bảng Dell Inspiron 12 (5280),https://www.lazada.vn/products/pdp-i566210457.html,7.900.000 ₫,4.0,
Máy tính bảng Lenovo Tab 4G 10.1 inch 4GB/64Gb - Bảo hành 24 tháng,https://www.lazada.vn/products/pdp-i3207654506.html,4.190.000 ₫,,
Máy Tính Bảng Teclast P30 10GB(4+6)/64GB| HD 11” | 6000mAh| 2 Loa Kép | Hàng Chính Hãng,https://www.lazada.vn/products/pdp-i3052396015.html,1.949.000 ₫,,
Máy tính bảng Fujitsu arrows tap Q507 kèm bao chống sốc,https://www.lazada.vn/products/pdp-i3182805652.html,2.150.000 ₫,,
Máy tính bảng Masstel Tab7 7in tặng kèm bao da mới Full box,https://www.lazada.vn/products/pdp-i467966243.html,1.490.000 ₫,,
"Máy tính bảng asus, chạy siêu nhanh, siêu mượt, màn 7 inch, ngoại hình còn mới đẹp 97-98%",https://www.lazada.vn/products/pdp-i2854404686.html,849.000 ₫,3.0,
Máy tính bảng Samsung Galaxy Tab 3 10.1 -16g/3g/wifi GT P5200 còn mới 94% giá tốt có hình thật,https://www.lazada.vn/products/pdp-i1636930076.html,1.350.000 ₫,,
Máy tính bảng Lenovo Tab M9 3GB/32GB (Frost Blue) (ZAC30191VN) - Bảo hành 24 tháng,https://www.lazada.vn/products/pdp-i2403679255.html,2.190.000 ₫,,
[HCM]MÁY TÍNH BẢNG FIRE HD 8 PLUS MỚI NĂM 2020 TẶNG BAO DA,https://www.lazada.vn/products/pdp-i880780503.html,2.750.000 ₫,5.0,5 Đã bán
Máy tính bảng Samsung Galaxy tab A8 màn 8.4 inch full HD (2020),https://www.lazada.vn/products/pdp-i2306014474.html,2.599.999 ₫,,
Máy Tính Bảng Samsung Galaxy Tab A7 Lite 3GB/32GB - Hàng Chính Hãng - BH 1 năm - Có Xuất VAT,https://www.lazada.vn/products/pdp-i2631138925.html,2.690.000 ₫,,
"Máy tính bảng Huawei Mediapad T5 10.1 inch cày game ngon, nghe nhạc đỉnh",https://www.lazada.vn/products/pdp-i2204834650.html,1.500.000 ₫,,
"[Mới 2025] Máy Tính Bảng Học Tập Joystar J6 – Chế Độ Trẻ Em An Toàn, Tặng 40 Ứng Dụng Miễn Phí",https://www.lazada.vn/products/pdp-i3102852016.html,2.990.000 ₫,,
Máy tính bảng samsung tap E T561,https://www.lazada.vn/products/pdp-i1101210939.html,1.150.000 ₫,3.0,
"[HÀNG ĐỘC] Laptop 2 trong 1 kiêm máy tính bảng Fujitsu Q665 Core M 5Y10C, 11.6 inch FullHD cảm ứng, 4gb Ram, 128gb SSD, Windows 10, tặng kèm bút cảm ứng",https://www.lazada.vn/products/pdp-i1932157360.html,3.390.000 ₫,,
MTB Masstel Tab 10 Edu 4G 3GB 32GB Chính hãng,https://www.lazada.vn/products/pdp-i3122600960.html,1.750.000 ₫,,
Máy tinh bảng Fujitsu arrows tap Q508 kèm dook mở rộng. cpu z8550. ram 4.ssd 64G,https://www.lazada.vn/products/pdp-i3182759916.html,2.450.000 ₫,,
"Máy tính bảng Lenovo Xiaoxin Pad Plus 2023 6/128GB, 4 Loa, 120Hz, mạnh mẽ mới 100%.",https://www.lazada.vn/products/pdp-i2978886468.html,3.990.000 ₫,,
Máy Tính Bảng Samsung Galaxy Tab A9 Wifi 4GB/64GB - Hàng Chính Hãng,https://www.lazada.vn/products/pdp-i2531962255.html,2.797.000 ₫,5.0,20 Đã bán
Máy tính bảng lenovo Xiaoxin pad P11,https://www.lazada.vn/products/pdp-i1559493867.html,3.299.000 ₫,5.0,
Máy tính bảng Kindle Fire HD 10 - 2021 Mới Nguyên Seal Bảo Hành 12 Tháng,https://www.lazada.vn/products/pdp-i1397245937.html,3.500.000 ₫,5.0,170 Đã bán
máy tính bảng Samsug t295,https://www.lazada.vn/products/pdp-i3054387553.html,1.350.000 ₫,,
Máy tính bảng Samsung Galaxy Tab A7 Lite T225 - Hàng chính hãng,https://www.lazada.vn/products/pdp-i1625398202.html,2.590.000 ₫,,
Máy tính bảng Fujitsu Arrows Tab Q508,https://www.lazada.vn/products/pdp-i3090055869.html,2.150.000 ₫,,
HUAWEI MATEPAD SE 11 6GB 128GB Chính hãng,https://www.lazada.vn/products/pdp-i3039264039.html,4.700.000 ₫,,
[Mới 2025] Máy tính bảng Samsung Galaxy Tab S11 Wifi 128GB Xám,https://www.lazada.vn/products/pdp-i3225472444.html,20.990.000 ₫,,
HP Elite x2 G4 Tablet i7 8665U 13-Inch FHD cảm ứng tách rời phím có LTE(4G) - Không có phím,https://www.lazada.vn/products/pdp-i2874341243.html,9.620.000 ₫,,
Máy tính bảng Lenovo Idea Tab 5G 11 inch 8GB/256Gb (Xám) - ZAFM0711VN - Bảo hành 24 tháng,https://www.lazada.vn/products/pdp-i3209540526.html,7.990.000 ₫,,
Máy tính bảng Chuwi hi10 Max,https://www.lazada.vn/products/pdp-i3187030140.html,11.050.000 ₫,,
"Máy Tính Bảng Honor Tablet GT Pro, Chip Snapdragon 8s Gen 3, Màn Hình 12.3 inches 144Hz, Ram 8/128G, Pin 10050 mAh. SonPixel",https://www.lazada.vn/products/pdp-i3210648721.html,9.999.900 ₫,,
Fujitsu ARROWS Tab Q738 | i5 8350U 1.7GHz | Ram 8 | SSD 128 | Màn cảm ứng 13.3 inch,https://www.lazada.vn/products/pdp-i3193803420.html,2.820.000 ₫,,
Máy tính bảng Samsung Galaxy Tab S9 Wifi 12GB_256GB,https://www.lazada.vn/products/pdp-i2382370888.html,21.990.000 ₫,3.0,25 Đã bán
Máy tính bảng Lenovo Idea Tab Wifi 11 inch - Bảo hành 24 tháng,https://www.lazada.vn/products/pdp-i3209544151.html,5.690.000 ₫,,
[HÀNG MỚI VỀ] Máy Tính Bảng Teclast M50 Plus Tablet 8GB/128GB | Màn hình 10.1inch | Chip MediaTek G85 |7000mAh,https://www.lazada.vn/products/pdp-i3064720979.html,2.979.000 ₫,,
"Máy tính bảng Kindle Fire HD 8 (10th / 12th) (Fire HD8) màn hình 8inch sắc nét, RAM 2GB, dung lượng 32GB",https://www.lazada.vn/products/pdp-i842556636.html,1.390.000 ₫,4.0,132 Đã bán
máy tính bảng samsung A8-t295,https://www.lazada.vn/products/pdp-i2577635507.html,1.250.000 ₫,,
"Máy Tính Bảng Lenovo Yoga Smart Tab 10.1 – Giải trí đỉnh cao, thiết kế độc đáo",https://www.lazada.vn/products/pdp-i3159621030.html,2.875.000 ₫,,
Máy tính bảng lai laptop 2in1 Lenovo Miix 325-10icr kèm Dock bàn phím,https://www.lazada.vn/products/pdp-i2550657516.html,1.515.000 ₫,5.0,
"Máy tính bảng kindle Fire HD 8 Plus 2022 12th, 8 inch HD CPU Hexa-core 2.0, RAM 3GB, Bộ nhớ trong 32GB",https://www.lazada.vn/products/pdp-i2195882692.html,2.580.000 ₫,2.0,
máy tính bảng samsung A8-t295,https://www.lazada.vn/products/pdp-i2365285018.html,1.350.000 ₫,,
máy tính bảng samsung tab A8,https://www.lazada.vn/products/pdp-i2241309929.html,1.200.000 ₫,,
"Máy tính bảng vẽ đồ họa Ugee Rainbow RB170 Dial bạc, 10 inch, 8192 Levels, Android.Hàng chính hãng[Tem Bộ CA]",https://www.lazada.vn/products/pdp-i1813567932.html,2.750.000 ₫,,
bán máy tinh bảng Fujitsu kèm dook model q555k,https://www.lazada.vn/products/pdp-i2332361090.html,2.250.000 ₫,,
Máy tính bảng laptop Surface 3 4G/128Gb bản wifi+4g,https://www.lazada.vn/products/pdp-i1055198786.html,2.150.000 ₫,4.0,56 Đã bán
máy tinh bảng Microsoft suface go 1824.cpu pentium 4415y.ram 4.ssd 64g.hinh thức đẹp 90%,https://www.lazada.vn/products/pdp-i3182931142.html,2.650.000 ₫,,
[Mới 2025] Máy tính bảng Samsung Galaxy Tab S11 Ultra 5G 256GB Xám,https://www.lazada.vn/products/pdp-i3225532307.html,34.990.000 ₫,,
Máy tinh bảng Hp elite x2 1012 g1. cpu M5 6Y54. ram 4.ssd 128g.hinh thức đẹp 90%,https://www.lazada.vn/products/pdp-i3182843504.html,2.750.000 ₫,,
Máy tính bảng Tmobile REVVL TAB 5G ram 6G 128G - Dimensity 700 màn 10 inch có 4G LTE,https://www.lazada.vn/products/pdp-i3078862486.html,2.558.000 ₫,5.0,
[Mới 2025] Máy tính bảng Samsung Galaxy Tab S11 Wifi 128GB Bạc,https://www.lazada.vn/products/pdp-i3225492477.html,20.990.000 ₫,,
máy tính bảng samsung T385,https://www.lazada.vn/products/pdp-i2486867454.html,1.500.000 ₫,,
[Mới 2025] Máy tính bảng Samsung Galaxy Tab S11 Ultra 5G 256GB Bạc,https://www.lazada.vn/products/pdp-i3225424458.html,34.990.000 ₫,,
Máy tính bảng Lenovo Tab Plus Wifi 11.5 inch 8GB/256Gb (Xám) - ZADX0130VN - Bảo hành 24 tháng,https://www.lazada.vn/products/pdp-i3209270428.html,7.990.000 ₫,,
"Máy Tính Bảng Lenovo Xiaoxin Pad 2024 – Tablet Quốc Dân, Mượt Mà, Giá Nhẹ Nhàng!",https://www.lazada.vn/products/pdp-i3151750054.html,3.392.500 ₫,,
Máy tính bảng Redmi Pad SE (6GB/256GB) - Chính hãng bảo hành 18 tháng,https://www.lazada.vn/products/pdp-i2825919504.html,4.290.000 ₫,,
Tablet Chuwi Hi9 Pro,https://www.lazada.vn/products/pdp-i256027602.html,2.150.000 ₫,5.0,
Máy tính bảng Verizon Ellipsis 8 inch wifi cấu hình khủng giá rẻ,https://www.lazada.vn/products/pdp-i402934331.html,1.990.000 ₫,5.0,6 Đã bán
Máy tính bảng Mediapad T3 pad 8.0 wifi,https://www.lazada.vn/products/pdp-i522970584.html,2.199.000 ₫,5.0,
Máy tính bảng Lenovo Tab M10 - Gen 2(Like new),https://www.lazada.vn/products/pdp-i1986228516.html,5.190.000 ₫,,
[HỌC ONLINE - Wifi + 4G] Máy tính bảng Google Nexus 9 Wifi/4G - Màn hình 2K 8.9inch - 2 loa siêu lớn - Sim 4G LTE,https://www.lazada.vn/products/pdp-i1599076476.html,1.790.000 ₫,5.0,5 Đã bán
[Mới 2025] Máy tính bảng Samsung Galaxy Tab S10 Lite Wifi 128GB Bạc,https://www.lazada.vn/products/pdp-i3225290617.html,8.990.000 ₫,,
Máy tính bảng kiêm laptop 2in1 Ram4GB SSD128GB pin trâu 6h màn cảm ứng VKZ11T VKF11U4,https://www.lazada.vn/products/pdp-i2890488039.html,1.550.000 ₫,5.0,
Máy tính bảng Lenovo Tab Wifi 10.1 inch 4GB/64Gb - Bảo hành 24 tháng,https://www.lazada.vn/products/pdp-i3207621645.html,3.489.000 ₫,,
Máy Tính Bảng Redmi Pad SE 8.7 Wifi 4GB/128GB,https://www.lazada.vn/products/pdp-i2759659500.html,3.500.000 ₫,,
"Máy tính bảng Lenovo Legion Y700 Gaming Phần mềm Quốc tế, Tiếng Việt Google đầy đủ cấu hình khủng chơi game 12/256GB Snapdragon 870 Màn 2K 120HZ Playmobile",https://www.lazada.vn/products/pdp-i1541900148.html,4.822.512 ₫,4.0,170 Đã bán
iPad A16 11 inch Wi-Fi 256GB,https://www.lazada.vn/products/pdp-i3066872955.html,12.990.000 ₫,,"5 Đã bán
Hồ Chí Minh"
iPad A16 11 inch WIFI 5G 128GB Chính hãng,https://www.lazada.vn/products/pdp-i3040481869.html,15.490.000 ₫,,"14 Đã bán
Hà Nội"
Máy Tính Bảng Xiaomi Redmi Pad Pro Wifi 6GB 128GB Chính Hãng BH 18 Tháng,https://www.lazada.vn/products/pdp-i3193992483.html,6.360.000 ₫,,
Máy tính bảng Lenovo Tab Plus Wifi 11.5 inch 8GB/256Gb (Xám) - ZADX0130VN - Bảo hành 24 tháng,https://www.lazada.vn/products/pdp-i3210007885.html,7.790.000 ₫,,
"Samsung Galaxy Tab A9+ Wifi, 4GB/64GB Chính Hãng",https://www.lazada.vn/products/pdp-i2666961787.html,4.200.000 ₫,,
Máy tính bảng Lenovo ideapad Miix 720 mới 98%,https://www.lazada.vn/products/pdp-i1842489436.html,6.590.000 ₫,,
[Mới 2025] Máy tính bảng Samsung Galaxy Tab S10 Lite Wifi 128GB Xám,https://www.lazada.vn/products/pdp-i3225526350.html,8.990.000 ₫,,
Máy tính bảng lenovo Miix 520 (mới 98%),https://www.lazada.vn/products/pdp-i1992843001.html,6.690.000 ₫,,
Máy Tính bảng Microsoft Surface 3 Nhập Khẩu Mỹ || Win 10 Pro 64Bit || Kèm bàn phím & sạc cáp chính hãng Microsoft tại Playmobile,https://www.lazada.vn/products/pdp-i835780323.html,1.990.000 ₫,4.0,108 Đã bán
Điện Thoại Xiaomi Pad 5 Chip Snapdragon 860 Ram 6/128GB. Máy Tính Bảng Màn Hình 2K Siêu Mượt. SONPIXEL,https://www.lazada.vn/products/pdp-i3210776591.html,9.000.000 ₫,,
"Máy tính bảng Masstel Tab 8.3 (3GB/32GB) - Hàng chính hãng - Màn hình lớn 8.0 inch, Pin 5000mAh, Hệ điều hành Android, RAM 3GB, Bộ nhớ trong 32GB",https://www.lazada.vn/products/pdp-i2824691042.html,1.049.000 ₫,5.0,
[Mới 2025] Máy tính bảng Samsung Galaxy Tab S10 FE+ Wifi 128GB Xám,https://www.lazada.vn/products/pdp-i3225505437.html,15.700.000 ₫,,
Máy tính bảng X6 Pro Máy tính bảng màn hình 10.8 inch 4k 12GB+512GB 24MP+48MP Camera 8800mAh Tốt để chơi tại nhà Trò chơi Android Trò chơi mô phỏng trò chơi Poker trực tuyến miễn phí cho Android,https://www.lazada.vn/products/pdp-i2403823362.html,1.080.000 ₫,4.0,31 Đã bán
[Mới 2025] Máy tính bảng Samsung Galaxy Tab S10 FE Wifi 128GB Xám,https://www.lazada.vn/products/pdp-i3225524353.html,11.780.000 ₫,,
[Mới 2025] Máy tính bảng Samsung Galaxy Tab S10 FE Wifi 128GB Xanh,https://www.lazada.vn/products/pdp-i3225424457.html,11.780.000 ₫,,
[Mới 2025] Máy tính bảng Samsung Galaxy Tab S10 FE+ Wifi 128GB Bạc,https://www.lazada.vn/products/pdp-i3225446472.html,15.700.000 ₫,,
"Máy Tính Bảng Honor Magic Pad 3, Chip Snapdragon 8 Gen 3, Màn Hình 13.3 inches 165Hz, Ram 8/256GB, Pin 12450mAh. SonPixel",https://www.lazada.vn/products/pdp-i3210660767.html,16.200.000 ₫,,
"Máy Tính Bảng REALME PAD 2021 – GIÁ MỀM, MÀN TO, PIN TRÂU CHO MỌI NHU CẦU",https://www.lazada.vn/products/pdp-i3151340606.html,3.392.500 ₫,,
Máy tính bảng Samsung Tab E 9.6inch ram 1.5GB bộ nhớ 8G,https://www.lazada.vn/products/pdp-i1990558989.html,1.900.000 ₫,,
Máy tính bảng Masstel Tab 10A(Like new),https://www.lazada.vn/products/pdp-i1986135889.html,3.790.000 ₫,,
[Mới 2025] Máy tính bảng Samsung Galaxy Tab S10 FE+ Wifi 128GB Xanh,https://www.lazada.vn/products/pdp-i3225568183.html,15.700.000 ₫,,
Máy tính bảng Lenovo Tab Wifi 10.1 inch 4GB/64Gb - Bảo hành 24 tháng,https://www.lazada.vn/products/pdp-i3209379699.html,3.490.000 ₫,,
"Máy tính bảng MID K107 LCD 10.6 inch, Ram 4GB gắn Sim ĐT, Andoid 7.0",https://www.lazada.vn/products/pdp-i245407677.html,3.190.000 ₫,5.0,15 Đã bán
[ giảm thêm 300k ] máy tính bảng lpad air 1 bản 4G wifi sài sim 16GB zin đẹp pin cao,https://www.lazada.vn/products/pdp-i2178989679.html,2.099.000 ₫,5.0,6 Đã bán
"Máy tính bảng kiêm Laptop 2in1 NEC VersaPro Core m3-7Y30 Ram4GB SSD128GB 12inch mỏng nhẹ hơn Dell, Surface,VK111,Fujitsu",https://www.lazada.vn/products/pdp-i2850129241.html,2.650.000 ₫,,
[Trả góp 0%]Máy tính bảng Lenovo Miix 510 chip core i5-6200U Ram 8GB ổ cứng 256GB kèm bàn phím,https://www.lazada.vn/products/pdp-i1319308179.html,3.999.000 ₫,,
"Máy Tính Bảng HONOR PAD X8 – MỎNG NHẸ THANH LỊCH, GIẢI TRÍ CỰC ĐÃ, GIÁ CỰC YÊU!",https://www.lazada.vn/products/pdp-i3151694431.html,2.932.500 ₫,,
Máy tính bảng Alldocube KPAD,https://www.lazada.vn/products/pdp-i2037429669.html,3.800.000 ₫,,
máy tính bảng Fujitsu arrow Q507 kèm dook. z8550. ram 4. Ssd 64g,https://www.lazada.vn/products/pdp-i2646808955.html,2.350.000 ₫,,
"[New 100%] Máy tính bảng Kindle Fire HD 8 12th màn hình 8inch sắc nét, RAM 2GB, dung lượng 32GB",https://www.lazada.vn/products/pdp-i2138053707.html,1.890.000 ₫,5.0,5 Đã bán
Máy Tính Bảng Teclast T50 PLUS 16GB(6+10)/256GB| FHD 11” | 8000mAh | Sạc Nhanh 18W | 2 Nano Sim,https://www.lazada.vn/products/pdp-i3052113930.html,3.949.000 ₫,,
Máy tính bảng Lenovo Idea Tab Pro Wifi 12.7 inch 8GB/ 256Gb (Xám) - ZAE40190VN - Bảo hành 24 tháng,https://www.lazada.vn/products/pdp-i3210079844.html,11.790.000 ₫,,
Smart1688 Tablet màn hình cong Moocis M5 10.1inch Android 6.0 tặng thẻ nhớ 32gb,https://www.lazada.vn/products/pdp-i344666699.html,4.594.468 ₫,,
Máy tính bảng tab Docomo pro max 4G kèm bao da bàn phím chuột bluetooth,https://www.lazada.vn/products/pdp-i2193712923.html,3.420.200 ₫,,
"Máy Tính bảng Microsoft Surface 3 Ram 4G, 4G LTE || Win 10 Pro 64Bit || hỗ trợ Sim 4G",https://www.lazada.vn/products/pdp-i1786328825.html,2.790.000 ₫,5.0,16 Đã bán
Máy Tính Bảng Xiaomi Pad 6 Pro Mới nguyên Seal 8/128GB Snapdragon 8+ Gen 1 | Bảo hành 12 tháng Tại Playmobile,https://www.lazada.vn/products/pdp-i2660065192.html,9.790.000 ₫,5.0,
Máy tính bảng Redmi Pad 2 Wi-Fi (6GB+128GB) - Bảo hành chính hãng 18 tháng,https://www.lazada.vn/products/pdp-i3141468933.html,5.160.000 ₫,,"5 Đã bán
Hà Nội"
"Máy Tính Bảng Alldocube kPad – MÀN 10.4″ 2K, DUAL‑SIM & PIN TRÂU",https://www.lazada.vn/products/pdp-i3151124372.html,3.162.500 ₫,,
Máy tính bảng TCL TAB 10 5G màn 10 inch FHD - ram 4G 32G có 4G LTE,https://www.lazada.vn/products/pdp-i3078848497.html,1.798.000 ₫,4.0,
Máy tính bảng Chuwi Hipad Air,https://www.lazada.vn/products/pdp-i1838829673.html,2.280.000 ₫,5.0,
Máy tính bảng SAMSUNG Galaxy Tab S10 Ultra 5G 1TB - Hàng chính hãng,https://www.lazada.vn/products/pdp-i2809973230.html,39.990.000 ₫,,
iPad Air M3 11 inch WIFI 1TB Chính Hãng,https://www.lazada.vn/products/pdp-i3040016975.html,31.990.000 ₫,,
Máy tính bảng Samsung Galaxy Tab A9 Wifi SM-X110 4GB/64GB 8GB/128GB - Hàng chính hãng,https://www.lazada.vn/products/pdp-i2480626674.html,2.790.000 ₫,5.0,5 Đã bán
iPad Air M3 13 inch WIFI 128GB Chính Hãng,https://www.lazada.vn/products/pdp-i3040229456.html,23.990.000 ₫,,
Máy Tính Bảng Xiaomi Redmi Pad Pro 8GB 128GB Chính Hãng BH 18 Tháng,https://www.lazada.vn/products/pdp-i3193992486.html,6.799.000 ₫,,
Máy tính bảng Xiaomi Redmi Pad Pro Wifi 8GB/128GB - Bảo hành 18 tháng,https://www.lazada.vn/products/pdp-i3118656419.html,6.990.000 ₫,,
Máy tính bảng Samsung Galaxy Tab S6 Lite (2024) (LTE),https://www.lazada.vn/products/pdp-i2820810554.html,8.990.000 ₫,,"7 Đã bán
Hồ Chí Minh"
Máy tính bảng Samsung Galaxy Tab A9+ 5G 8GB/128GB,https://www.lazada.vn/products/pdp-i2492761013.html,6.603.159 ₫,,
Máy tính bảng Oneplus pad 2 pro ( Oneplus pad 3) Wifi 13.2 inches pin 12100mah Snaρ 8 Elite fullbox likenew,https://www.lazada.vn/products/pdp-i3184418525.html,12.500.000 ₫,,
Máy Tính Bảng BLACKVIEW ACTIVE 8 PRO – Bền vượt chuẩn|Cấu hình mạnh|Pin siêu trâu,https://www.lazada.vn/products/pdp-i3151662701.html,6.612.500 ₫,,
Máy tính bảng Oppo PAD màn 11 inch 2K 120Hz - Snaρdragon 870 5G,https://www.lazada.vn/products/pdp-i3102591398.html,4.698.000 ₫,,
"Máy tính bảng Samsung Galaxy Tab A9+ Wifi - Hàng chính hãng - Màn hình TFT LCD 11 inch, Camera sau 8MP, Pin 7040 mAh",https://www.lazada.vn/products/pdp-i2581344538.html,4.129.000 ₫,5.0,15 Đã bán
Euro Quality Tablet 11.6inch Tràn viền 2022 Sherlock Kid Ram 8G 256gb,https://www.lazada.vn/products/pdp-i1298384160.html,4.421.756 ₫,,
Máy tính bảng Amazon Fire HD10 bản 32/64GB,https://www.lazada.vn/products/pdp-i1643137164.html,3.490.000 ₫,,
"Máy Tính Bảng BLACKVIEW TAB 12 – MỎNG NHẸ THANH LỊCH, GIẢI TRÍ GỌN TRONG TẦM TAY",https://www.lazada.vn/products/pdp-i3151273686.html,3.392.500 ₫,,
Máy Tính Bảng Iris Ohyama LUCA TM101N2-GY - Hàng Chính Hãng - BH 1 Năm - Có Xuất VAT,https://www.lazada.vn/products/pdp-i2659270309.html,3.690.000 ₫,,
"Smart Store Tablet siêu mỏng, màn hình 2K QuadCore Ram 4G, 64GB data",https://www.lazada.vn/products/pdp-i427078940.html,3.526.284 ₫,,
Máy tính bảng Xiaomi Pad 6 màn 11 inch 2.8K 144Hz - Snaρdragon 870 5G,https://www.lazada.vn/products/pdp-i3149791507.html,5.788.000 ₫,,
Máy tính bảng siêu bền HOTWAV R8(Android 14 10.1 '' HD+ 10800mAh IPad 5MP + 13MP Camera 12(4 + 8)GB + 128GB ),https://www.lazada.vn/products/pdp-i2951685881.html,4.495.000 ₫,,
Máy tính bảng Lenovo Idea Tab Wifi 11 inch - Bảo hành 24 tháng,https://www.lazada.vn/products/pdp-i3208168827.html,5.790.000 ₫,,
[Trả góp 0%]Tablet Chuwi Hi10x tặng kính cường lực và bộ PK,https://www.lazada.vn/products/pdp-i136281623.html,3.590.000 ₫,4.0,40 Đã bán
MÁY TÍNH BẢNG LENOVO XIAOXIN PAD P11 2024 MỚI 100%,https://www.lazada.vn/products/pdp-i1703120741.html,3.690.000 ₫,5.0,13 Đã bán
Máy tính bảng Masstel Tab 10S(Like new),https://www.lazada.vn/products/pdp-i1986085761.html,4.390.000 ₫,,
Máy tính bảng Samsung Galaxy Tab S8 / S8 Plus - Hàng Chính Hãng - Nguyên Seal,https://www.lazada.vn/products/pdp-i1824949179.html,10.990.000 ₫,5.0,11 Đã bán
"Máy Tính Bảng Xiaomi Redmi Pad SE 8.7"" 4GB/128GB Bản Wifi - Chính Hãng Xiaomi Bảo Hành 18 Tháng",https://www.lazada.vn/products/pdp-i2826869086.html,3.890.000 ₫,,
Máy tính bảng AlldoCube iPlay 70 mini Pro,https://www.lazada.vn/products/pdp-i2403159066.html,4.500.000 ₫,5.0,19 Đã bán
Tablet Moocis M5 plus màn hình cong 5D 10inch Android 6.0 MTK6592 2019 (Black),https://www.lazada.vn/products/pdp-i274120401.html,4.420.164 ₫,5.0,
Máy tính bảng Kindle Fire HD 10 7th 9th (Fire HD10) Tặng kèm Kính cường lực,https://www.lazada.vn/products/pdp-i1076692340.html,2.090.000 ₫,5.0,53 Đã bán
"Máy Tính Bảng REDMI PAD SE – MÀN LỚN GIẢI TRÍ ĐỈNH, PIN TRÂU CẢ NGÀY, THIẾT KẾ SANG TRỌNG",https://www.lazada.vn/products/pdp-i3151109521.html,4.197.500 ₫,,
Máy Tính Bảng Blackview Active 12 Pro – Khi rạp phim và công trường hòa làm một!,https://www.lazada.vn/products/pdp-i3167845140.html,18.975.000 ₫,,
Máy tính bảng Xiaomi Pad 6 rom quốc tế RAM 6/128GB chip Snapdragon 870 5G màn 144Hz 2.8K pin 8840 mAh,https://www.lazada.vn/products/pdp-i2891664149.html,6.098.000 ₫,,
Máy tính bảng Kindle Fire HD 10 - 2021 Phiên Bản Nâng Cấp Mới 2021 Mới Nguyên Seal Bảo Hành 12 Tháng,https://www.lazada.vn/products/pdp-i2001196402.html,4.500.000 ₫,,
Máy tính bảng Lenovo Miix 510 chip core i5-6200U/i5-7200U Ram 8GB ổ cứng 256GB kèm bàn phím,https://www.lazada.vn/products/pdp-i374438420.html,5.190.000 ₫,4.0,
Máy tính bảng Samsung Galaxy Tab S8+ (8GB/128GB) - Hàng Chính Hãng,https://www.lazada.vn/products/pdp-i1975895984.html,25.990.000 ₫,,
Máy tính bảng Vivo PAD màn 11 inch 2K 120Hz - Snaρdragon 870 5G,https://www.lazada.vn/products/pdp-i3102704296.html,5.298.000 ₫,,
Máy Tính Bảng Xiaomi Redmi Pad SE 2023,https://www.lazada.vn/products/pdp-i2394151207.html,3.690.000 ₫,5.0,
"Máy tính bảng Kindle Fire HD 8 32GB, 8 Plus 32/64GB",https://www.lazada.vn/products/pdp-i1639279852.html,2.190.000 ₫,5.0,6 Đã bán
Máy tính bảng kiêm laptop Fujitsu Q616 siêu mạnh cho bé học tập tấm kính màn hình bị bẩn nhẹ tình trạng hình ảnh đẹp nguyên zin mạnh hơn Q507 Vkz11 Vk11 Nec VK111,https://www.lazada.vn/products/pdp-i2350974185.html,1.000.000 ₫,4.0,17 Đã bán
"Máy Tính Bảng REALME PAD X – MÀN TO SẮC NÉT, PIN TRÂU, GIẢI TRÍ MƯỢT MÀ",https://www.lazada.vn/products/pdp-i3151093685.html,4.427.500 ₫,,
Máy Tính Bảng Redmi Pad SE 8.7 4G 6GB/128GB-Chính hãng,https://www.lazada.vn/products/pdp-i2759787188.html,4.990.000 ₫,5.0,
iPad Air M3 11 inch WIFI 5G 1TB Chính Hãng,https://www.lazada.vn/products/pdp-i3040360621.html,35.990.000 ₫,,"6 Đã bán
Hà Nội"
[HCM]Máy tính bảng Fire HD 8 mới năm 2020 sản phẩm tốt độ bền cao cam kết sản phẩm nhận được như hình và mô tả,https://www.lazada.vn/products/pdp-i880766868.html,2.120.000 ₫,5.0,11 Đã bán
iPad Air (Gen 6) M2 11 inch WIFI 512GB Chính hãng,https://www.lazada.vn/products/pdp-i2895448255.html,24.990.000 ₫,,"5 Đã bán
Hà Nội"
"Máy tính bảng Ulefone Armor Pad (Chống nước,chống bụi,Ram 4Gb,Rom 64Gb,Màn hình 8 inch, Hệ điều hành Android 12, CPU: Lõi Octa(8),pin 7650 mAh)",https://www.lazada.vn/products/pdp-i2222404848.html,5.990.000 ₫,5.0,
Máy tính bảng Huawei media pad M5 lite 10 hàng khủng giá rẻ,https://www.lazada.vn/products/pdp-i1373114751.html,6.000.000 ₫,4.0,
"Máy tính bảng OUKITEL RT2 chắc chắn (chống nước,chống va đập ,pin xài lâu,Pin 20.000Mah, Màn hình 10,1 inch,Ram 8GB,Rom 128 GB, lõi tám nhân,Máy ảnh 16MP,Android 12,sạc nhanh 33W)",https://www.lazada.vn/products/pdp-i2051118507.html,8.990.000 ₫,5.0,
"Máy tính bảng Lenovo Legion Y700 Gaming Phần mềm Quốc tế, Tiếng Việt Google đầy đủ | Tại Playmobile",https://www.lazada.vn/products/pdp-i2056115051.html,5.290.000 ₫,4.0,144 Đã bán
[Tặng Bao Da] Máy tính bảng Samsung Galaxy Tab S9 FE+ (12.4 Inch) - Hàng chính hãng,https://www.lazada.vn/products/pdp-i2514841513.html,9.990.000 ₫,5.0,9 Đã bán
Máy Tính Bảng Xiaomi Pad 6 (8GB/128GB) Màn Hình 2.8K 144Hz Siêu Mượt Chip Snapdragon 870 Mạnh Mẽ Pin 8840mAh. Sonpixel,https://www.lazada.vn/products/pdp-i2848957519.html,6.478.500 ₫,5.0,
"Máy Tính Bảng Lenovo Legion Y700 ram 8G ROM 128+256GB Phần mềm Quốc tế, Tiếng Việt Google đầy đủ ,Tablet Gaming , Snapdragon 870 Playmobile",https://www.lazada.vn/products/pdp-i2265580225.html,5.290.000 ₫,4.0,33 Đã bán
Máy tính bảng Lenovo Tab P11 bản quốc tế 4GB/64GB/Màn hình 2K,https://www.lazada.vn/products/pdp-i1974437744.html,4.390.000 ₫,,
"Máy Tính Bảng Samsung Galaxy Tab S4 10.5 Lắp sim 4G LTE . Ram 4/64GB Mở khóa Khuôn mặt , thiết bị giải trí Tại PlayMobile",https://www.lazada.vn/products/pdp-i410308204.html,4.190.000 ₫,5.0,17 Đã bán
Smart1688 Máy tính bảng 10.1inch 4Gb/64gb Tặng thẻ nhớ 32gb,https://www.lazada.vn/products/pdp-i344638659.html,3.525.018 ₫,5.0,6 Đã bán
"Máy tính bảng Samsung Galaxy Tab A9+ Wifi - Hàng chính hãng - Màn hình TFT LCD 11 inch, Camera sau 8MP, Pin 7040 mAh",https://www.lazada.vn/products/pdp-i2581291878.html,4.129.000 ₫,5.0,
Máy Tính Bảng Samsung Galaxy Tab A9 Wifi 4GB/64GB - Hàng Chính Hãng,https://www.lazada.vn/products/pdp-i2531961248.html,2.839.000 ₫,5.0,8 Đã bán
máy tinh bảng Fujitsu arrows Q507. atom x5 z8550. ram 4.ssd 64g màn 10.1in ful HD,https://www.lazada.vn/products/pdp-i2417034554.html,2.850.000 ₫,5.0,
"Máy tính bảng Samsung Galaxy Tab A7 Lite (3GB/32GB) - Hàng chính hãng - Màn hình 8.7inch TFT LCD, Camera sau 8MP, Pin 5100mAh",https://www.lazada.vn/products/pdp-i1346013558.html,2.879.000 ₫,4.0,140 Đã bán
Máy tính bảng Samsung Galaxy Tab S6 Lite 2022 SM-P619 Hàng chính hãng,https://www.lazada.vn/products/pdp-i791502432.html,6.350.000 ₫,5.0,43 Đã bán
Máy Tính bảng Huawei MediaPad M3 8.4 Quốc tế ram 4G bộ nhớ 32GB | Full Google CH Play | Playmobile,https://www.lazada.vn/products/pdp-i1508846244.html,3.390.000 ₫,5.0,8 Đã bán
Máy tính bảng Redmi Pad Pro 8GB/128GB - Chính hãng,https://www.lazada.vn/products/pdp-i2714160067.html,7.430.000 ₫,5.0,10 Đã bán
"Máy Tính bảng Microsoft Surface Pro 2, Core i5 4300U, Ram 4G, SSD 128G || Win 10 Pro 64Bit || Máy & sạc cáp chính hãng Microsoft (tặng kèm bút cảm ứng), không bàn phím",https://www.lazada.vn/products/pdp-i1618430497.html,5.300.000 ₫,,
"Máy Tính Bảng Kindle Fire HD 8 Plus 3Gb Ram Thế Hệ 10th Màn hình 8"" Inch - Hàng Chính Hãng - Có Xuất VAT",https://www.lazada.vn/products/pdp-i1786623220.html,2.450.000 ₫,4.0,22 Đã bán
"Máy tính bảng bền chắc HOTWAV Tab R8 (IP68/IP69K, 4GB+128GB, 10,1 inch Android 14 Unisoc T606 Octa Core 4G,Google Play)",https://www.lazada.vn/products/pdp-i2951744419.html,4.490.000 ₫,5.0,
Máy tính bảng OPPO PAD 2 rom tiếng Việt fullbox 8/256GB (Dimensity 9000 - Pin 9600mah) kèm sạc 67W likenew,https://www.lazada.vn/products/pdp-i2409993397.html,7.100.000 ₫,5.0,
"[New 100%] Máy tính bảng Kindle Fire HD 8 PLUS 12th màn hình 8inch sắc nét, RAM 2GB, dung lượng 32GB",https://www.lazada.vn/products/pdp-i2138156165.html,2.190.000 ₫,5.0,7 Đã bán
Máy Tính bảng Microsoft Surface 3 Nhập Khẩu Mỹ Ram 4GB . 64+128gb || WIN 10 Pro || Kèm bàn phím & sạc Microsoft chính hãng tại Playmobile,https://www.lazada.vn/products/pdp-i1603934283.html,3.590.000 ₫,5.0,8 Đã bán
"Máy tính bảng Lenovo Legion Y700 Gaming Ram 8G bộ nhớ 128+256GB Phần mềm Quốc tế, Tiếng Việt Google đầy đủ Playmobile",https://www.lazada.vn/products/pdp-i2219615633.html,5.290.000 ₫,4.0,15 Đã bán
"Máy tính bảng Xiaomi Redmi Pad (3GB/64GB) - Hàng chính hãng - Hiệu năng mạnh mẽ, khả năng sạc nhanh 18W, màn hình lớn",https://www.lazada.vn/products/pdp-i2090125583.html,4.089.000 ₫,,
"Máy tính bảng Xiaomi Mipad 5 Pro 6/128GB, Mi Pad 5 Pro [Giá rẻ, BH 3 tháng - Tặng kèm sạc 67W, ốp lưng]",https://www.lazada.vn/products/pdp-i2098521645.html,5.750.000 ₫,5.0,12 Đã bán
Máy tính bảng Kindle Fire HD10 Plus 2021,https://www.lazada.vn/products/pdp-i1643133370.html,4.190.000 ₫,,
Máy tính bảng Xiaomi Pad 6 (8GB/256GB) - Chính hãng,https://www.lazada.vn/products/pdp-i2654994823.html,10.750.000 ₫,5.0,
"Bộ phát Wifi Router Xiaomi AC2350 AIoT hỗ trợ 128 thiết bị - 2 băng tần 2,4GHz và 5GHz",https://www.lazada.vn/products/pdp-i1231955087.html,1.999.000 ₫,5.0,17 Đã bán
Máy tính bảng Samsung Galaxy Tab S8 Ultra (8GB/128GB) - Hàng Chính Hãng,https://www.lazada.vn/products/pdp-i1966349953.html,30.990.000 ₫,,
Máy tính bảng Fujitsu arrow tap Q736 13.3in. i5 6200.ram 4.ssd 128,https://www.lazada.vn/products/pdp-i2529339936.html,3.250.000 ₫,,
"Máy tính bảng BlackView TAB 8 (Ram 4Gb,Rom 64Gb ,màn hình 10.1 inch,Pin 6.580mAh,8 nhân, học online)",https://www.lazada.vn/products/pdp-i1567647539.html,3.790.000 ₫,,
Máy Tính Bảng Lenovo Qititan Tab K11 Pro – Cỗ Máy Giải Trí Toàn Diện Trong Tầm Tay!,https://www.lazada.vn/products/pdp-i3151728049.html,5.002.500 ₫,,
Máy tính bảng Dell Inspiron 12 (5280),https://www.lazada.vn/products/pdp-i3112746864.html,4.900.000 ₫,,
Máy tính bảng Amazon Fire Max 11,https://www.lazada.vn/products/pdp-i2407805519.html,5.490.000 ₫,,
"Máy tính bảng Samsung Galaxy Tab S9,Tặng bao da",https://www.lazada.vn/products/pdp-i2397660052.html,14.590.000 ₫,5.0,20 Đã bán
Máy tính bảng Samsung Galaxy Tab S7 FE 4G (4GB / 64GB) - Hàng Chính Hãng,https://www.lazada.vn/products/pdp-i1975993339.html,13.990.000 ₫,,
Máy Tính Bảng Ipad Pro M4 11inch WiFi+Cellular 256GB/512GB [Hàng Chính Hãng Futureworld_AAR],https://www.lazada.vn/products/pdp-i2691114826.html,37.259.000 ₫,,"5 Đã bán
Hồ Chí Minh"
iPad Air M3 11 inch WIFI 5G 512GB Chính Hãng,https://www.lazada.vn/products/pdp-i3040309763.html,30.490.000 ₫,,"6 Đã bán
Hà Nội"
[Tặng bao da] Máy tính bảng Samsung Galaxy Tab S9 - Hàng chính hãng,https://www.lazada.vn/products/pdp-i2419640715.html,14.590.000 ₫,,
Máy Tính Bảng Apple iPad Air 6 M2 11inch WiFi+Cellular 128GB/256GB/512GB/1TB [Hàng chính hãng Futureworld,https://www.lazada.vn/products/pdp-i2691107468.html,21.944.000 ₫,,
Máy tính bảng Samsung Galaxy Tab S9 FE Wifi SM-X510 8GB/128GB và 12GB/256GB - Hàng chính hãng,https://www.lazada.vn/products/pdp-i2499297837.html,7.990.000 ₫,,
Máy tính bảng 2in1 Dell latitude 5290.may kèm phím+but,https://www.lazada.vn/products/pdp-i3182726918.html,6.950.000 ₫,,
iPad Mini 7 WIFI 5G 256GB Chính hãng,https://www.lazada.vn/products/pdp-i2985665712.html,20.690.000 ₫,,
"Máy tính bảng Samsung Galaxy Tab A11 Wifi (8GB/128GB) - Hàng chính hãng - LCD 8.7 inch, MediaTek Helio G99, Pin 5100mAh",https://www.lazada.vn/products/pdp-i3210854564.html,4.990.000 ₫,,
iPad Air M3 11 inch WIFI 512GB Chính Hãng,https://www.lazada.vn/products/pdp-i3040025701.html,26.490.000 ₫,,
Máy tính bảng Lenovo Idea Tab 5G 11 inch 8GB/256Gb (Xám) - ZAFM0711VN - Bảo hành 24 tháng,https://www.lazada.vn/products/pdp-i3208242147.html,8.190.000 ₫,,
"Máy tính bảng Xiaomi Redmi Pad SE 11"" Wifi (4GB/128GB) - Hàng chính hãng - Hiển thị rộng, sắc nét tần số quét 90Hz mượt mà, kết nối mạng mọi lúc, mọi nơi không cần Wi-Fi, dung lượng lớn dùng lâu hỗ trợ sạc nhanh",https://www.lazada.vn/products/pdp-i3038692047.html,3.490.000 ₫,,
"Máy Tính Bảng Blackview Active 8 12G(6+6)/128GB Pin 22000 Mah Siêu Trâu ,Chống Nước Bụi IP69K Siêu Bền | 2 sim nghe gọi",https://www.lazada.vn/products/pdp-i2695488351.html,5.090.000 ₫,,
Máy tính bảng Samsung Galaxy Tab S8 (8GB/128GB) - Hàng Chính Hãng,https://www.lazada.vn/products/pdp-i1975889925.html,20.990.000 ₫,,
"Máy tính bảng Samsung Galaxy Tab A11 Wifi (8GB/128GB) - Hàng chính hãng - LCD 8.7 inch, MediaTek Helio G99, Pin 5100mAh",https://www.lazada.vn/products/pdp-i3210849700.html,4.990.000 ₫,,
Máy tính bảng Fujitsu arrow tap Q775k. i5. ram 4. ssd 128.13.3in full hd,https://www.lazada.vn/products/pdp-i2594179911.html,3.950.000 ₫,,
Máy tính bảng Lenovo Tab M11 ZADB0134VN (4GB/64GB) - Chính hãng,https://www.lazada.vn/products/pdp-i2680303031.html,5.180.000 ₫,,
"Máy tính bảng Samsung Galaxy Tab S6 Lite 10.4'' chính hãng Tặng kèm phụ kiện , thiết bị chơi game giải trí| Playmobile",https://www.lazada.vn/products/pdp-i2529331427.html,4.890.000 ₫,,
Máy tính bảng Xiaomi Pad 7 Pro (8GB/256GB) - Bảo hành 18 tháng,https://www.lazada.vn/products/pdp-i3116529203.html,13.990.000 ₫,,
[Trả góp 0%]Smart Store tablet11.6inch Tràn viền 2022 Sherlock Kid Ram 8G 256gb,https://www.lazada.vn/products/pdp-i1298357254.html,4.419.625 ₫,,
Máy tinh bảng 2in1 Dell latitude 5285.cpu i5 7200.ram 8.ssd 256g.may kèm phím +sạc tybe c,https://www.lazada.vn/products/pdp-i3182769840.html,6.250.000 ₫,,
"Máy tính bảng Samsung Galaxy Tab A11 LTE (8GB/128GB) - Hàng chính hãng - LCD 8.7 inch, MediaTek Helio G99, Pin 5100mAh",https://www.lazada.vn/products/pdp-i3210860297.html,6.490.000 ₫,,
"8849 TANK PAD Máy tính bảng chắc chắn (có tích hợp máy chiếu,10,95 inch 120Hz Ram32GB(16+16),rom 512GB,pin 21000mAh,camera 50MP,sạc nhanh 66W,Điện thoại,chống sốc,chống nước)",https://www.lazada.vn/products/pdp-i2929725011.html,19.590.000 ₫,,
"Máy Tính Bảng Blackview OSCAL Pad 16 mới fullbox 16GB/256GB 2 Sim nghe gọi | Kèm bút và bao da , màn 10,5''",https://www.lazada.vn/products/pdp-i2952851819.html,5.590.000 ₫,5.0,
"Máy Tính Bảng Xiaomi Redmi Pad SE 8.7"" Lắp Sim 4G 6GB/128GB - Chính Hãng Xiaomi Bảo Hành 18 Tháng",https://www.lazada.vn/products/pdp-i2827099018.html,5.490.000 ₫,,
"Máy tính bảng Xiaomi Redmi Pad SE 11"" Wifi (4GB/128GB) - Hàng chính hãng - Hiển thị rộng, sắc nét tần số quét 90Hz mượt mà, kết nối mạng mọi lúc, mọi nơi không cần Wi-Fi, dung lượng lớn dùng lâu hỗ trợ sạc nhanh",https://www.lazada.vn/products/pdp-i3038554354.html,3.490.000 ₫,,
"Máy Tính Bảng LENOVO XIAOXIN PAD PRO 2022 – MÀN OLED 2K ĐẸP MÊ, HIỆU NĂNG CỰC KHỎE, GIÁ CỰC MỀM!",https://www.lazada.vn/products/pdp-i3151645530.html,6.267.500 ₫,,
Máy tính bảng Microsoft Surface Go 3 | core i3-10100Y|8GB|128GB|10.5 inch| Keyboard,https://www.lazada.vn/products/pdp-i3162667983.html,9.500.000 ₫,,
Máy tính bảng SAMSUNG Galaxy Tab S10 Ultra 5G 256GB - Hàng chính hãng,https://www.lazada.vn/products/pdp-i2809976181.html,29.561.000 ₫,,
Máy tính bảng SAMSUNG Galaxy Tab S10 FE+ 5G 128GB - Special package,https://www.lazada.vn/products/pdp-i3077103261.html,18.990.000 ₫,5.0,7 Đã bán
"Máy Tính Bảng Lenovo Legion Y700 ram 12G ROM 256GB Mới Fullbox Phần mềm Quốc tế, Tiếng Việt Google đầy đủ ,Tablet Gaming , Snapdragon 870 Playmobile",https://www.lazada.vn/products/pdp-i2469260268.html,7.790.000 ₫,,
iPad A16 11 inch WIFI 512GB Chính Hãng,https://www.lazada.vn/products/pdp-i3040660114.html,19.490.000 ₫,,
Máy Tính Bảng Samsung Galaxy Tab S8 Plus 5G,https://www.lazada.vn/products/pdp-i2666847909.html,5.489.000 ₫,,
Máy tính bảng Samsung Galaxy Tab S9 FE WIFI / 5G 128GB / 256GB - Hàng chính hãng New 100% nguyên hộp,https://www.lazada.vn/products/pdp-i2810656804.html,7.590.000 ₫,,
Máy Tính Bảng Xiaomi Redmi Pad 2 Pro 6/128GB - 8/256GB - Bản Quốc Tế Chính Hãng - Bảo Hành 18 Tháng,https://www.lazada.vn/products/pdp-i3225204939.html,7.990.000 ₫,,
"Máy tính bảng chắc chắn oukitel RT3 (chống nước,chống va đập,Ram 4Gb,Rom 64 Gb,màn hình 8 inch,pin 5150 mAh)",https://www.lazada.vn/products/pdp-i2317524765.html,4.990.000 ₫,,
iPad Air M3 11 inch WIFI 256GB Chính Hãng,https://www.lazada.vn/products/pdp-i3039988686.html,20.990.000 ₫,,
Máy tính bảng Samsung Galaxy Tab S8 Ultra 5G,https://www.lazada.vn/products/pdp-i2630649023.html,16.390.000 ₫,,
iPad Mini 7 WIFI 5G 128GB Chính hãng,https://www.lazada.vn/products/pdp-i2902522618.html,18.290.000 ₫,,
iPad Air M3 13 inch WIFI 5G 128GB Chính Hãng,https://www.lazada.vn/products/pdp-i3040403238.html,27.990.000 ₫,,
iPad Air (Gen 6) M2 11 inch WIFI 5G 512GB Chính hãng,https://www.lazada.vn/products/pdp-i2895286799.html,28.990.000 ₫,,
Máy Tính Bảng Ipad Pro M4 11inch WiFi 256GB/512GB [Hàng Chính Hãng Futureworld_AAR],https://www.lazada.vn/products/pdp-i2691129763.html,31.319.000 ₫,,"10 Đã bán
Hồ Chí Minh"
iPad Air M3 13 inch WIFI 512GB Chính Hãng,https://www.lazada.vn/products/pdp-i3040440142.html,31.990.000 ₫,,
Bàn phím cơ merdia 68 phím không dây 2.4G kết nối 3 thiết bị có thể được kết nối cho điện thoại thông minh máy tính bảng chúng tôi mảng màu xanh trục màu trắng và màu xanh dương,https://www.lazada.vn/products/pdp-i3109677812.html,1.690.400 ₫,,
iPad Mini 7 WIFI 5G 512GB Chính hãng,https://www.lazada.vn/products/pdp-i3105612917.html,26.690.000 ₫,,
Samsung Galaxy Tab S10 FE Wifi 8GB/128GB Chính Hãng,https://www.lazada.vn/products/pdp-i3083097907.html,9.200.000 ₫,,
"Máy tính bảng chắc chắn Ulefone Armor Pad 2(màn hình 11"" ,2K, pin 18600 mAh, IP68/IP69K, Android 13, NFC ,GPS, 4G, Ram 16GB(8gb+8gb),rom 256GB)",https://www.lazada.vn/products/pdp-i2475040840.html,7.990.000 ₫,,
"Máy tính bảng Xiaomi Redmi Pad Pro (8GB/128GB) - Hàng chính hãng - Màn hình lớn 12.1"" 2.5K, Chip Snapdragon 7s Gen 2, Pin 10.000mAh 35W",https://www.lazada.vn/products/pdp-i3148595652.html,7.049.000 ₫,,
Máy tính bảng Xiaomi Pad 7 (8GB/128GB) - Bảo hành 18 tháng,https://www.lazada.vn/products/pdp-i3118531723.html,9.459.000 ₫,,
"Máy tính bảng Samsung Galaxy Tab A9+ 5G - Hàng chính hãng - Kết nối: 5G, có nghe gọi, màn hình: TFT LCD 11"", dung lượng pin: 7040 mAh, sạc nhanh 15W",https://www.lazada.vn/products/pdp-i2677385896.html,5.990.000 ₫,,
iPad Air M3 13 inch WIFI 256GB Chính Hãng,https://www.lazada.vn/products/pdp-i3040383158.html,26.490.000 ₫,,
Máy tính bảng Xiaomi Pad 7 (8GB/128GB) - Bảo hành 18 tháng,https://www.lazada.vn/products/pdp-i3118677443.html,10.390.000 ₫,,
Máy tính bảng Lenovo Idea Tab Pro Wifi 12.7 inch 8GB/ 256Gb (Xám) - ZAE40190VN - Bảo hành 24 tháng,https://www.lazada.vn/products/pdp-i3209353544.html,12.390.000 ₫,,
Máy tính bảng Samsung Galaxy Tab S9 5G 12GB_256GB,https://www.lazada.vn/products/pdp-i2382395887.html,17.425.637 ₫,,
Samsung Galaxy Tab S10 FE 5G 8GB/128GB Chính Hãng,https://www.lazada.vn/products/pdp-i3083129706.html,13.990.000 ₫,,
Máy tính bảng Samsung Galaxy Tab A9 LTE SM-X115 4GB/64GB và 8GB/128GB - Hàng chính hãng,https://www.lazada.vn/products/pdp-i2480680316.html,4.690.000 ₫,,
"NEWSEAL 100% | Máy tính bảng Kindle Fire MAX 11 13th 2023 chính hãng nhập khẩu USA, Japan",https://www.lazada.vn/products/pdp-i2396340305.html,5.500.000 ₫,,
Máy tính bảng 2in1 Dell latitude 5290.i5/ram 8/SSD 256g.kem phím+bút cảm ứng+sac zin,https://www.lazada.vn/products/pdp-i2696615843.html,6.950.000 ₫,,
Máy Tính Bảng Samsung Galaxy Tab A8 ( 2022 ) - Hàng Chính Hãng,https://www.lazada.vn/products/pdp-i1941877331.html,8.490.000 ₫,,
Máy tính bảng SAMSUNG Galaxy Tab S10 Ultra Wifi 256GB - Hàng chính hãng,https://www.lazada.vn/products/pdp-i2809960242.html,25.316.545 ₫,,
"Máy tính bảng Blackview Active 10 Pro 5G SIÊU BỀN (Pin 30000mAh,Camera 108MP Ram 12GB,Rom 256GB,màn hình 10,95 inch, Android 14,CPU Dimensity 7300 Octa Core)",https://www.lazada.vn/products/pdp-i3011575823.html,10.995.000 ₫,,
"Ulefone Armor Pad 4 Ultra Máy tính bảng chắc chắn(IP68/IP69K, Đèn LED,pin 11800mAh, sạc nhanh,RAM 16Gb(8GB + RAM 8GB),ROM 256GB,50MP, 5G",https://www.lazada.vn/products/pdp-i2825175076.html,9.495.000 ₫,,
Samsung Galaxy Tab S6 10.5 6/128GB KÈM BÀN PHÍM VÀ BÚT CHÍNH HÃNG Snapdragon 855 màn Amoled 2K+ | Playmobile,https://www.lazada.vn/products/pdp-i2641299992.html,7.690.000 ₫,,
Máy tính bảng Samsung Galaxy Tab S9 FE+ Wifi SM-X610 8GB/128GB và 12GB/256GB - Hàng chính hãng,https://www.lazada.vn/products/pdp-i2499383603.html,11.990.000 ₫,,
Máy tính bảng Xiaomi Pad 7 8GB/128GB - Chính hãng (Nguyên Seal Chưa Active),https://www.lazada.vn/products/pdp-i3029001196.html,9.960.000 ₫,,
12.9-inch iPad Pro Wi‑Fi 128GB/256GB - Space Grey/Silver [Futureworld- APR],https://www.lazada.vn/products/pdp-i2110520606.html,30.397.000 ₫,,"5 Đã bán
Hồ Chí Minh"
"Máy tính bảng Samsung Galaxy Tab A9+ 5G - Hàng chính hãng - Kết nối: 5G, có nghe gọi, màn hình: TFT LCD 11"", dung lượng pin: 7040 mAh, sạc nhanh 15W",https://www.lazada.vn/products/pdp-i2677383989.html,6.190.000 ₫,,
"Máy Tính Bảng Blackview Oscal Spider 8 16G(8+8)/128GB Pin 13000 Mah Siêu Trâu ,Chống Nước Bụi IP69K Siêu Bền| 2 Sim Nghe Gọi",https://www.lazada.vn/products/pdp-i2695489435.html,5.090.000 ₫,,
"Máy tính bảng bền bỉ Ulefone Armor Pad 4 Ultra T 5G(camera tầm nhiệt,Ram 16Gb(8+8GB),Rom 256GB,màn hình 10,36 inch,NFC,Android 14,MediaTek Dimensity 6300 Octa Core ,5G Network)",https://www.lazada.vn/products/pdp-i2842160018.html,11.990.000 ₫,,
"Máy tính bảng HOTWAV R9 Pro 2024 Android 14 chắc chắn (màn hình 11 inch,pin 20080mAh,Ram 20GB(6Gb+14Gb ảo),rom 256GB,2TB, Camera 64MP + 16MP,IP68 & IP69K / SIM kép 4G / 5G WiFi / Face ID, GPS / OTG / Đèn lồng cắm trại",https://www.lazada.vn/products/pdp-i2940389254.html,6.490.000 ₫,,
"Máy Tính Bảng Blackview Active 10 Pro – Máy Tính Bảng Siêu Bền, Siêu Trâu Cho Người Chuộng Độ Bền!",https://www.lazada.vn/products/pdp-i3151633943.html,10.292.500 ₫,,
"Máy tính bảng chắc chắn oukitel RT5 (chống nước,chống va đập,pin 11.000mAh,Màn hình 10.1 inch FHD, Ram 14Gb,Rom 256Gb, CPU : Mediatek 8788,lõi 8, lên đến 2.0 GHz, Camera Trước,sau 16 MP)",https://www.lazada.vn/products/pdp-i2364613641.html,7.490.000 ₫,2.0,
"Máy tính bảng Samsung Galaxy Tab A11 LTE (8GB/128GB) - Hàng chính hãng - LCD 8.7 inch, MediaTek Helio G99, Pin 5100mAh",https://www.lazada.vn/products/pdp-i3210825652.html,6.490.000 ₫,,
iPad A16 11 inch WIFI 5G 256GB Chính hãng,https://www.lazada.vn/products/pdp-i3040636309.html,17.990.000 ₫,,
"Máy tính bảng bền chắc Blackview Active 10 Pro (5G,MTK 7300, Màn hình 11"" FHD+, 12GB 512GB, Pin 30000mAh, Camera 108MP)",https://www.lazada.vn/products/pdp-i3011325867.html,10.990.000 ₫,,
Máy Tính Bảng Samsung Galaxy Tab S6 Lite LTE 2024 (SM-P625) - Hàng Chính Hãng,https://www.lazada.vn/products/pdp-i1218082439.html,8.190.000 ₫,,
"Máy tính bảng Huawei MatePad 11.5""S (8GB/256GB) - Chính hãng",https://www.lazada.vn/products/pdp-i2839371768.html,14.630.000 ₫,,
"Ulefone Armor Pad 3 Pro Máy tính bảng chắc chắn(Pin 33280 mAh,chống nước, RAM 16GB (8+8), ROM 256GB ,camera 50MP,Màn hình 10.36 Inch)",https://www.lazada.vn/products/pdp-i2654493959.html,9.995.000 ₫,,
Máy Tính Bảng Lenovo Pad Pro 2021 Snapdragon 870 8/256GB & 6/128GB FULL Quốc tế Tiếng việt và Google Likenew 99% | Playmobile,https://www.lazada.vn/products/pdp-i2498116943.html,5.890.000 ₫,,
Máy tính bảng Samsung Galaxy Tab A9+ Wifi SM-X210 4GB/64GB 8GB/128GB - Hàng chính hãng,https://www.lazada.vn/products/pdp-i2480626475.html,4.390.000 ₫,,
"Máy tính bảng Xiaomi Redmi Pad Pro (8GB/128GB) - Hàng chính hãng - Màn hình lớn 12.1"" 2.5K, Chip Snapdragon 7s Gen 2, Pin 10.000mAh 35W",https://www.lazada.vn/products/pdp-i3148584824.html,6.899.000 ₫,,
VANG SỐ ACNOS MI30S V2 VER2024 – THIẾT BỊ KARAOKE CHUYÊN NGHIỆP CHO LIVE STREAM,https://www.lazada.vn/products/pdp-i3039660476.html,1.950.000 ₫,,
Dell XPS 9315 2 in 1 i7 1250U màn hình 3K cảm ứng tách rời phím,https://www.lazada.vn/products/pdp-i2425829209.html,24.750.000 ₫,,
Sanko Tablet bàn để gậy selfie clhcman3,https://www.lazada.vn/products/pdp-i3195111961.html,881.300 ₫,,
Hệ thống Wi-Fi Mesh Velop AX4200 LINKSYS MX12600 (3 pack),https://www.lazada.vn/products/pdp-i1991704065.html,15.999.000 ₫,,
"Creatorpad [Thiết bị thuận tay trái/thiết bị một tay] để minh họa, Video, chỉnh sửa hình ảnh, sản xuất 3D, sản xuất nhạc Windows/Mac/Bàn phím iPad phím tắt Type-C có thể tùy chỉnh kết nối có dây (tuyết trắng-không được đánh dấu)",https://www.lazada.vn/products/pdp-i3109710673.html,7.414.500 ₫,,
Aesno 24 Màn hình chơi game FHD 180Hz Màn hình máy tính IPS Bảng Điều Chỉnh 98% RGB Rộng Màu Gam 1MS (GTG) Freesync An Toàn Với Vesa (Được Xây Dựng Trong Loa),https://www.lazada.vn/products/pdp-i3206849443.html,6.640.900 ₫,,
Bộ phát Wifi ASUS XT8 W-2-PK ZenWiFi 6 Chuẩn AX6600,https://www.lazada.vn/products/pdp-i2491643293.html,12.190.000 ₫,,
Máy tính bảng Samsung Galaxy Tab S9 FE 5G SM-X516 6GB/128GB 8GB/256GB - Hàng Chính Hãng - BH 12 Tháng,https://www.lazada.vn/products/pdp-i2499552149.html,9.990.000 ₫,,
"Bộ Phát WiFi LINKSYS Atlas Pro 6 Dual-Band Mesh WiFi System MX5501 / MX5502 / MX5503, Chuẩn Wifi AX, Tốc độ 5400Mbps - Hãng phân phối chính thức",https://www.lazada.vn/products/pdp-i2141739569.html,4.509.000 ₫,,
Bộ phát Wifi Router Xiaomi AX9000/ Xiaomi AX6000 AIoT băng tần kép - Wifi 6 6000Mbps - hỗ trợ Mesh - kết nối 248 thiết bị,https://www.lazada.vn/products/pdp-i2433734232.html,3.732.400 ₫,,
"Máy tính bảng Samsung Galaxy Tab S9 Ultra,Tặng bao da",https://www.lazada.vn/products/pdp-i2397626255.html,21.990.000 ₫,,
"Máy tính bảng Lenovo Legion Y700 ( 2023) Snapdragon 8+ Gen 1 12/256GB & 16/512GB Mới nguyên fullbox | Hỗ trợ cài Google ,Tiếng Việt tại Playmobile",https://www.lazada.vn/products/pdp-i2469211452.html,10.490.000 ₫,,
Máy tính bảng Lenovo Xiaoxin Pad Pro 12.7'' ( 2023) 8/128GB Snapdragon 870 Mới fullbox Có tiếng việt và google | Tại Playmobile,https://www.lazada.vn/products/pdp-i2469352005.html,7.390.000 ₫,,"5 Đã bán
Hà Nội"
"Máy tính bảng Oukitel RT1 (chống nước,chống va đập , pin khủng,pin 10.000mAh,màn hình 10,1 inch,Ram 4Gb,Rom 64Gb,tám nhân)",https://www.lazada.vn/products/pdp-i1644558807.html,6.990.000 ₫,,
Máy tính bảng Samsung Galaxy Tab A9+ 5G SM-X216 4GB/64GB và 8GB/128GB - Hàng chính hãng,https://www.lazada.vn/products/pdp-i2480618665.html,6.690.000 ₫,,
"Máy tính bảng siêu bền Oukitel RT6 (chống nước,chống va đập,pin 20000mAh,Ram 16Gb(8GB+8Gb),Rom 256GB,Màn hình 10.1"" ,FHD,Android 13,CPU MTK8788 ,Camera 16MP,sạc nhanh 33W)",https://www.lazada.vn/products/pdp-i2391177810.html,9.990.000 ₫,,
Rapoo mt560 chuột không dây bluetooth không dây yên tĩnh nhỏ gọn 7 cấp DPI có thể chuyển đổi lên đến 6 thiết bị pin sạc với con lăn bên thiết kế công thái học tương thích với PC/Macbook/máy tính bảng Tím,https://www.lazada.vn/products/pdp-i3206441388.html,1.679.300 ₫,,
Elecom làm mát bảng cho máy tính xách tay Bộ Tản Nhiệt Máy Tính SX-CL03MSV mát,https://www.lazada.vn/products/pdp-i3154902057.html,2.076.700 ₫,,
Bộ phát wifi LINKSYS EA7500S Max-Stream AC1900 Mu-Mimo,https://www.lazada.vn/products/pdp-i275684567.html,1.779.000 ₫,5.0,
Bộ phát Wifi Router Xiaomi Redmi AX6S băng tần kép - Wifi 6 3200Mbps - hỗ trợ Mesh - kết nối 248 thiết bị,https://www.lazada.vn/products/pdp-i1941352922.html,1.999.000 ₫,5.0,12 Đã bán
Wifi di động hotspot Nano Sim khe cắm thẻ 4G Bộ định tuyến Wi-Fi 300Mbps cho điện thoại máy tính bảng PC,https://www.lazada.vn/products/pdp-i3056537576.html,871.000 ₫,,
Rapoo mt560 chuột không dây bluetooth không dây yên tĩnh nhỏ gọn 7 cấp DPI có thể chuyển đổi lên đến 6 thiết bị pin sạc với con lăn bên thiết kế công thái học tương thích với PC/Macbook/máy tính bảng màu đen,https://www.lazada.vn/products/pdp-i3206409834.html,1.679.300 ₫,,
"( MẪU MỚI 2025) Vang số X-7G Model 2025 Sẵn Phần Mềm , Tích Hợp EQ Số Chip Xử Lý Công Nghệ Mới 64 Bit , Chống Hú Tốt, ECHO Reveb Mượt Mà Âm Thanh Hay - Cổng Usb , Octical , Bluetooth , SUB Riêng Biệt , Điều Chỉnh Bằng Tay Hoặc Qua Máy Tính",https://www.lazada.vn/products/pdp-i2554698014.html,2.259.000 ₫,5.0,105 Đã bán
"Dual-channel USB để có thể chuyển đổi, bát kép pi4/pi3b +/Pi3/Pi Zero(W)/jetson nano/bảng Tinker/bất kỳ SBC/máy tính để bàn và máy tính xách tay có thể hỗ trợ Windows, linux và MAC OS.",https://www.lazada.vn/products/pdp-i3206835888.html,3.929.200 ₫,,
Bộ phát Wifi Router Xiaomi Redmi AX5400 - AX5400 Gaming băng tần kép - Wifi 6 - Mesh - 248 thiết bị - Chuyên cho Game,https://www.lazada.vn/products/pdp-i1941521054.html,1.999.000 ₫,5.0,10 Đã bán
MÁY TÍNH BẢNG L E N O V O TB- 8703X RAM 3G,https://www.lazada.vn/products/pdp-i1663366133.html,1.780.000 ₫,,
Boya BY-V10 USB-C không dây pin Microphone - 360 ° omni-directional omni-directional âm thanh omni-directional có thể sạc lại 10.5g Thiết kế gọn nhẹ-100m ổn định truyền 9 giờ hoạt động liên tục-iphone15 16/iPad/Android loại-C Tương thích-...,https://www.lazada.vn/products/pdp-i3108501715.html,1.639.700 ₫,,
Elecom Bộ định tuyến Wi-Fi mạng LAN không dây mạng LAN không dây Wi-Fi6 ax3000 2402 + 574Mbps 11ax/11AC IPv6 tương thích (IPoE) nhỏ gọn nhà ở Beamforming Z [iPhone iPad Bộ chuyển đổi Nintendo ps5 tương thích] WRC-X3000GS3-B,https://www.lazada.vn/products/pdp-i3154894003.html,3.135.000 ₫,,
"Alseye X12 Trường Hợp Fan Argb Pwm Máy Tính Làm Mát Bằng Không Khí PC Hiệu Suất Cao hoạt động yên tĩnh 120Mm RGB Đảo Ngược Lưỡi (Ngộ Không Màu Đen, Quạt hút)",https://www.lazada.vn/products/pdp-i3206836611.html,1.428.300 ₫,,
Linksys EA7500S AC1900 MAX-STREAM MU-MIMO - Bộ phát Wi-Fi Phân phối chính hãng,https://www.lazada.vn/products/pdp-i2746469527.html,1.691.800 ₫,,
"Elecom tk-fbm118skbk Bàn phím không dây, Bluetooth, yên tĩnh, kháng khuẩn, có bàn phím số, 3 đơn vị, tương thích nhiều cặp, ipad/MacBook/bề mặt/Chromebook, màu đen",https://www.lazada.vn/products/pdp-i3154892081.html,1.752.900 ₫,,
Router Xiaomi Wifi 6 wifi mesh AX5 AX3600 AX3000 Hỗ trợ tối đa 128 thiết bị | hỗ trợ băng tần kép 2.4GHz và 5GHz | vi xử lý 5 nhân Qualcomm,https://www.lazada.vn/products/pdp-i1263628117.html,1.039.000 ₫,4.0,47 Đã bán
"Bộ phát wifi TP-Link Archer AX10 (Wi-Fi 6, AX1500), CPU 3 nhân",https://www.lazada.vn/products/pdp-i2266889808.html,980.000 ₫,5.0,5 Đã bán
Máy xay sinh tố Cuchen CM-PS100S - Hàng Chính Hãng,https://www.lazada.vn/products/pdp-i1675297283.html,1.900.000 ₫,,
Cụm Máy tính bảng ifivemini máy nguyên cây bị mk pin kém,https://www.lazada.vn/products/pdp-i2966530070.html,165.000 ₫,,
Mainboard Gigabyte B760M GAMING DDR4 trải nghiệm chơi game tuyệt vời,https://www.lazada.vn/products/pdp-i2338818168.html,3.300.000 ₫,,
Rapoo mt560 chuột không dây bluetooth không dây yên tĩnh nhỏ gọn 7 bước DPI chuyển đổi hầu hết 6 thiết bị pin sạc với con lăn bên thiết kế công thái học tương thích với trà sữa PC/MacBook/Tablet,https://www.lazada.vn/products/pdp-i3206464032.html,1.679.300 ₫,,
"[GIAO 2H]Máy xay sinh tố, máy xay đa năng Hafele HSB-0621FS/ 535.43.277 - công suất 600 W, 3 cối xay thủy tinh, lưỡi dao 6 cánh băng thép không gỉ - hàng chính hãng, bảo hành 12 tháng",https://www.lazada.vn/products/pdp-i1849392115.html,1.590.000 ₫,,
"Alseye X12 Trường Hợp Fan Argb Pwm Máy Tính Làm Mát Bằng Không Khí PC Hiệu Suất Cao hoạt động yên tĩnh 120Mm RGB Ngược Lưỡi (Không Có. Iiro, quạt hút)",https://www.lazada.vn/products/pdp-i3206868126.html,1.437.400 ₫,,
"Máy xay sinh tố Toshiba BL-70GS1PV 1.5 lít - Điều khiển cảm ứng - Cối thủy tinh - Dao 6 lưỡi, 3 lớp bằng thép không gỉ - Công suất 700W - Hàng chính hãng bảo hành 12 tháng chất lượng Nhật Bản",https://www.lazada.vn/products/pdp-i2357789391.html,2.065.000 ₫,5.0,13 Đã bán
[HCM][CHÍNH HÃNG] ROCKET PLUS THÁI DƯƠNG -LẺ 1 VIÊN- VIÊN ROCKET+ UỐNG TĂNG CƯỜNG SINH LÝ PHÁI MẠNH BỔ THẬN TRÁNG DƯƠNG CƯỜNG LỰC CHÍNH HÃNG,https://www.lazada.vn/products/pdp-i1290909917.html,30.000 ₫,4.0,
Hệ thống Wi-Fi Mesh Velop AX4200 LINKSYS MX12600,https://www.lazada.vn/products/pdp-i1362304506.html,15.799.000 ₫,,
Thùng Máy Thermaltake K36 Bằng Kính ARGB Top 360 Water Cooling Trong Suốt Đen Trắng Cho Máy Tính Để Bàn ATX,https://www.lazada.vn/products/pdp-i3233503314.html,1.255.000 ₫,,
Surface Pro 7 i7 1065G7 16G 512G 12.3 Inch cảm ứng tách rời phím,https://www.lazada.vn/products/pdp-i2603008862.html,13.750.000 ₫,,
"Swfoto PC-03 Ốp nâng máy tính bảng kim loại kẹp cố định ARCA-SWISS dovetail dovetail tripod-cụ thể chụp khung, phù hợp với 103-310mm rộng máy tính bảng máy tính xách tay giá để điện thoại",https://www.lazada.vn/products/pdp-i3195129886.html,1.659.200 ₫,,
Viên Uống Sâm Nhung Bổ Thận Gold Đông TRùng Hạ Thảo Nhung Hươu Nhân Sâm Giảm Đau Lưng Giúp Bổ Thận Tráng Dương Tăng Cường Sinh Lý Mỏi Gối Tiểu Đêm nhiều Thận yếu Tóc Bạc Sớm Dùng Cho Cả Nam và Nữ - Hộp 30 Viên,https://www.lazada.vn/products/pdp-i2051018973.html,69.000 ₫,4.0,
3E [Tương thích với điện thoại thông minh/máy tính bảng] Bàn phím không dây [Bluetooth/Android/IOS/Win] gấp loại plier (tiếng Anh bố trí 60 phím/Đen) 3e-bky6-bk,https://www.lazada.vn/products/pdp-i3206832531.html,4.555.000 ₫,,
[Chính Hãng] Soundcard Presonus Studio 24C - Sound Card Bộ Thu Âm Thanh và Livestream Audio Interface 24 C,https://www.lazada.vn/products/pdp-i2602394946.html,3.799.000 ₫,,
"Combo 3 hộp Viên uống tăng cường sinh lý Mãnh Lực Cordycep Plus- Hàu biển, Nhung hươu, nhân sâm, đông trùng hạ thảo giúp bổ thận tráng dương, giảm đau lưng mỏi gối - Hộp 30 viên chuẩn GMP Bộ y tế",https://www.lazada.vn/products/pdp-i1688948307.html,110.000 ₫,4.0,207 Đã bán
Bộ phát wifi TP-Link Archer AX11000 - TỐC ĐỘ CAO - GIẢM THIỂU ĐỘ TRỄ,https://www.lazada.vn/products/pdp-i2266934601.html,14.300.000 ₫,,
MÁY XAY CẦM TAY ĐA NĂNG BOSCH MSM66150,https://www.lazada.vn/products/pdp-i245948745.html,1.750.000 ₫,5.0,22 Đã bán
Mainboard ASUS-EX-B760M-V5 DDR4 2 khe RAM,https://www.lazada.vn/products/pdp-i2338732734.html,2.900.000 ₫,,
Bộ Phát WiFi 6 EasyMesh Băng Tần Kép LINKSYS E9450 - Hãng Phân Phối Chính Thức,https://www.lazada.vn/products/pdp-i1216894752.html,4.259.000 ₫,,
"Mainboard Gigabyte B760 GAMING X DDR4 Nâng tầm khả năng làm mát, gia tăng tính ổn định",https://www.lazada.vn/products/pdp-i2338734703.html,4.950.000 ₫,,
[2 in 1] Laptop Ezpad go pro lai máy tính bảng sang trọng window 10 cực mượt mà,https://www.lazada.vn/products/pdp-i3144239028.html,2.670.000 ₫,,
"Bộ phát Wifi ASUS TUF-AX6000 Wifi 6 802.11ax, AiMesh WIFI Mesh, MU-MIMO, AiProtection Pro, RGB Aura",https://www.lazada.vn/products/pdp-i2491679128.html,4.990.000 ₫,,
Màn hình máy tính Xiaomi G27i IPS/1080p/165Hz/1ms/250nits Chuẩn Vesa ELA5375EU - Chính hãng Digiworld,https://www.lazada.vn/products/pdp-i2559559438.html,3.390.000 ₫,,
"Bộ phát Wifi Router Xiaomi 10000 (BE10000) - AX9000 AIoT, Wifi 7, 3 băng tần, Router chịu tải 1000 thiết bị",https://www.lazada.vn/products/pdp-i1941476558.html,6.999.000 ₫,5.0,19 Đã bán
"Bộ Phát WiFi LINKSYS Atlas Pro 6 Dual-Band Mesh WiFi System MX5501 / MX5502 / MX5503, Chuẩn Wifi AX, Tốc độ 5400Mbps - Hãng phân phối chính thức",https://www.lazada.vn/products/pdp-i2139105628.html,8.499.000 ₫,,
Dell Latitude 7210 2 in 1 Core i7 10610U 12.3-Inch Full HD cảm ứng tách rời phím,https://www.lazada.vn/products/pdp-i2316146282.html,10.989.000 ₫,5.0,
"Bộ Phát WiFi LINKSYS Atlas Pro 6 Dual-Band Mesh WiFi System MX5501 / MX5502 / MX5503, Chuẩn Wifi AX, Tốc độ 5400Mbps - Hãng phân phối chính thức",https://www.lazada.vn/products/pdp-i2141735797.html,4.479.000 ₫,5.0,
"Alseye X12 Trường Hợp Fan Argb Pwm Máy Tính Làm Mát Bằng Không Khí PC Hiệu Suất Cao hoạt động yên tĩnh 120Mm RGB Ngược Lưỡi (Ngộ Không Vàng, quạt hút)",https://www.lazada.vn/products/pdp-i3206877004.html,1.437.400 ₫,,
Bộ Phát WiFi Max-Stream™ AC1900 LINKSYS EA7500S - Hãng Phân Phối Chính Thức,https://www.lazada.vn/products/pdp-i277008002.html,1.799.000 ₫,5.0,
Mainboard Gigabyte B760M DS3H DDR4 Giải pháp tản nhiệt cao cấp,https://www.lazada.vn/products/pdp-i2338796299.html,3.190.000 ₫,,
Máy nhắc chữ 10 inch cho máy tính bảng và điện thoại - FeelWorld TP10,https://www.lazada.vn/products/pdp-i2026263571.html,1.740.000 ₫,,
MÁY TÍNH BẢNG LENOVO P11 2022 CHIP SNAP 680 4/128GB NGUYÊN SEAL,https://www.lazada.vn/products/pdp-i1944822146.html,3.990.000 ₫,4.0,12 Đã bán
[Trả góp 0%]Sound Card USB Thu Âm Chuyên Nghiệp - Steinberg UR44,https://www.lazada.vn/products/pdp-i286256570.html,9.000.000 ₫,,
"Alseye X12 Trường Hợp Fan Argb Pwm Máy Tính Làm Mát Bằng Không Khí PC Hiệu Suất Cao hoạt động yên tĩnh 120Mm RGB Ngược Lưỡi (Ngộ Không Vàng, Quạt hút)",https://www.lazada.vn/products/pdp-i3206876009.html,1.428.300 ₫,,
"Portable Tripod,Extendable Tripod Support Mount Height Adjustable 20 to 60 Inch for All 4.7-12.9 Inch Tablets and Phone",https://www.lazada.vn/products/pdp-i2836977718.html,421.958 ₫,4.7,
Vesiri rasp Pi ZERO 2 W Nhật Bản chứng nhận kỹ thuật Raspberry Pi ZERO W2S RAM Công suất 512Mb CPU tốc độ 1GHz Quad-core 64-bit cánh tay CPU loại Cortex-A53 máy tính bảng mạch phát triển mâm xôi Pi ZERO 2 W,https://www.lazada.vn/products/pdp-i3206847699.html,1.162.600 ₫,,
Thermaright TL-B12 cực mát Quạt CPU loại công nghiệp fan hâm mộ tốc độ cao 3150rpm 120mm quạt PWM làm mát 3 lần năng động cân bằng trường hợp máy tính quạt tản nhiệt,https://www.lazada.vn/products/pdp-i3206833381.html,1.747.000 ₫,,
USB-C Switcher USB C sang HDMI công tắc KVM 2-đầu vào/1-đầu ra 4 cổng USB 2.0 (3 USB-A + 1 USB-C) màn hình chia sẻ trạm nối màn hình HDMI 4K6 0Hz với 2 máy tính chia sẻ màn hình/bàn phím/chuột/cửa sổ bảng điều khiển/Mac/2 máy tính/Mac Mini/sàn...,https://www.lazada.vn/products/pdp-i3206836720.html,1.340.900 ₫,2.0,
"Alseye X12 Trường Hợp Fan Argb Pwm Máy Tính Làm Mát Bằng Không Khí PC Hiệu Suất Cao hoạt động yên tĩnh 120Mm RGB Đảo Ngược Lưỡi (Ngộ Không Đen, quạt hút)",https://www.lazada.vn/products/pdp-i3206815881.html,1.428.300 ₫,,
"Tản nhiệt nước tản nhiệt G1/4 chủ đề, 360mm Máy tính hợp kim nhôm tản nhiệt 18 ống làm mát bằng nước cho CPU máy tính tản nhiệt",https://www.lazada.vn/products/pdp-i3154858255.html,1.922.000 ₫,,
Saramonic smartrig + 2-kênh Mic & giao diện Guitar Preamplifier Đầu chuyển âm thanh mixer cho DSLR Máy quay Máy ảnh iPhone iPad Youtube tiktok,https://www.lazada.vn/products/pdp-i2447834676.html,1.645.000 ₫,5.0,
"Loại Bìa 7 6 5 4 3 Touchpad Bàn phím máy tính bảng cho Microsoft surface Pro thế hệ 7 +, xách tay mỏng Bàn phím không dây với 7 màu đèn nền (bạch kim, đèn nền)",https://www.lazada.vn/products/pdp-i3206848633.html,2.751.100 ₫,,
"Alseye X12 Trường Hợp Fan Argb Pwm Máy Tính Làm Mát Bằng Không Khí PC Hiệu Suất Cao hoạt động yên tĩnh 120Mm RGB Ngược Lưỡi (Trắng, quạt hút)",https://www.lazada.vn/products/pdp-i3206833641.html,1.437.400 ₫,,
"Vitamin tổng hợp và khoáng chất, sắt, kẽm, đồng, magie, canxi, zinc Phamagel Plus tăng cường sức khỏe, tăng đề kháng, bồi bổ cơ thể - 100 viên",https://www.lazada.vn/products/pdp-i1691957249.html,92.000 ₫,5.0,
"Loại Bìa 7 6 5 4 3 Touchpad Bàn phím máy tính bảng cho Microsoft surface Pro thế hệ 7 +, xách tay mỏng Bàn phím không dây với 7 màu đèn nền (màu đỏ Anh Túc, đèn nền)",https://www.lazada.vn/products/pdp-i3206819969.html,2.742.500 ₫,,
Wacom bút máy tính bảng tùy chọn chuột intuos4 Intuos5 Intuos Pro Chuột KC-100,https://www.lazada.vn/products/pdp-i3154899046.html,2.334.500 ₫,,
"Tăng cường sinh lý nam giới Strong Men 1H chiết xuất thảo dược, chống xuất tinh sớm, kéo dài thời gian quan hệ",https://www.lazada.vn/products/pdp-i2360460095.html,179.000 ₫,,"5 Đã bán
Hà Nội"
"IO dữ liệu điện thoại thông minh máy tính bảng DVD Xem/CD nhập khẩu Wi-Fi mô hình iOS/Android/ ""DVD mireru"" Saturday và chủ nhật Hỗ trợ/DVRP-W8AI",https://www.lazada.vn/products/pdp-i3206809955.html,4.594.200 ₫,,
Boya Blobby Pro Hội Nghị Loa Ngoài Microphone Với USB Bluetooth 3.5Mm âm thanh TRS Kết Nối micro để bàn Cho Hội Nghị Hội Nghị Các Cuộc Họp Trực Tuyến Lớp Học phát trực tiếp Máy Tính Xách Tay Máy Tính Bảng Điện Thoại,https://www.lazada.vn/products/pdp-i2617562115.html,2.500.000 ₫,,
"Natrol, 5-htp, thời gian phát hành, chắc chắn hơn, 100 mg, 45 viên",https://www.lazada.vn/products/pdp-i2863993013.html,798.000 ₫,,
Viên uống giảm mụn bổ sung L - lysine 1000mg và zinc 30mg 60 viên DATE 2/2026,https://www.lazada.vn/products/pdp-i3128987081.html,79.000 ₫,,
"Bàn phím không dây mỏng di động có nắp loại, bàn di chuột bàn phím máy tính bảng cho Microsoft surface Pro 8, 9, 10 hoặc x (màu đen, đèn nền)",https://www.lazada.vn/products/pdp-i3206817983.html,2.946.700 ₫,,
"Now Foods Sports, L-Citrulline, 1,200 mg, 120 Tablets",https://www.lazada.vn/products/pdp-i1911598830.html,968.000 ₫,5.0,9 Đã bán
"[HCM]Hỗ trợ thể thao, NOW Foods, Sports, Tribulus, 1,000 mg, 180 Tablets, Date 02/2027",https://www.lazada.vn/products/pdp-i834758123.html,768.000 ₫,5.0,14 Đã bán
Túi Đeo Vai Túi máy ảnh llano [Túi hoạt động sau khi chụp] Túi Đeo Vai Túi đựng máy ảnh đeo vai với giá đỡ ba chân/ngăn phân cách có thể điều chỉnh/ngăn đựng máy tính bảng/EVERYDAY nhẹ hoàn thiện chống thấm nước/chuyến công tác/túi du lịch 6L Xanh sê-ri S,https://www.lazada.vn/products/pdp-i3195145657.html,2.597.900 ₫,,
Wifi di động hotspot 4G Bộ định tuyến Wi-Fi 300Mbps WPA WPA2 mã hóa cho điện thoại máy tính bảng PC,https://www.lazada.vn/products/pdp-i3168329632.html,852.000 ₫,,
"[ Combo 3 Lọ 90 Viên ] Viên Uống Bổ Sung Kẽm, Viên uống kẽm Good Men hỗ trợ sức khỏe",https://www.lazada.vn/products/pdp-i3067776498.html,130.000 ₫,5.0,
Viên uống bổ sung Magiê Nature Made Magnesium 400mg 180 viên Của Mỹ,https://www.lazada.vn/products/pdp-i1831395111.html,510.000 ₫,5.0,
"Loại Bìa 7 6 5 4 3 Touchpad Bàn phím máy tính bảng cho Microsoft surface Pro thế hệ 7 +, xách tay mỏng Bàn phím không dây với 7 màu đèn nền (Xanh băng tuyết, đèn nền)",https://www.lazada.vn/products/pdp-i3206817982.html,2.759.700 ₫,,
Rapoo mt760pro chuột không dây nearlink + Bluetooth 5.0 đa thiết bị 12K dpi 2K bỏ phiếu thiết kế công thái học 11 nút bấm có thể lập trình bộ nhớ trên tàu với con lăn bên yên tĩnh nhấp chuột PC/Macbook/máy tính bảng tương thích 120 ngày Tuổi thọ pin màu x,https://www.lazada.vn/products/pdp-i3206451257.html,2.374.300 ₫,5.0,
"Bộ chuyển đổi mạng PoE binardat, bộ chuyển đổi IEEE802.3af/at PoE sang Type-C, đầu ra USB C 5V/3A hoặc 9V/2.22a tự động thích ứng, Ethernet, 10/100Mbps, mạng có dây và sạc PD cho điện thoại thông minh/máy tính bảng",https://www.lazada.vn/products/pdp-i3206877073.html,1.553.800 ₫,,
"[Hoả Tốc HCM] Viên sủi bổ sung vitamin, khoáng chất Berocca Performance 10 viên",https://www.lazada.vn/products/pdp-i2787908088.html,75.000 ₫,5.0,201 Đã bán
"Loại Bìa 7 6 5 4 3 Touchpad Bàn phím máy tính bảng cho Microsoft surface Pro thế hệ 7 +, xách tay mỏng Bàn phím không dây với 7 màu đèn nền (màu xanh, đèn nền)",https://www.lazada.vn/products/pdp-i3206864367.html,2.742.500 ₫,,
"Loại Bìa 7 6 5 4 3 Touchpad Bàn phím máy tính bảng cho Microsoft surface Pro thế hệ 7 +, xách tay mỏng Bàn phím không dây với 7 màu đèn nền (màu đỏ, đèn nền)",https://www.lazada.vn/products/pdp-i3206824983.html,2.742.500 ₫,,
"Bàn phím máy tính bảng cảm ứng loại 7 6 5 4 3 cho Microsoft surface Pro thế hệ 7 +, Bàn phím không dây mỏng cầm tay có đèn nền 7 màu (đen, đèn nền)",https://www.lazada.vn/products/pdp-i3206860390.html,2.742.500 ₫,,
Tăng Sinh Lý Nam | Vitamin Tổng Hợp Tăng Sinh Lý Nam Swanson Multi Men Prime [90 Viên] - Chính Hãng,https://www.lazada.vn/products/pdp-i1535405823.html,390.000 ₫,,
"Viên sủi Mivolis Đức Bổ sung Vitamin hỗ trợ tăng Đề kháng, ống 20 viên",https://www.lazada.vn/products/pdp-i3034040983.html,36.900 ₫,5.0,53 Đã bán
"Viên Uống Vitamin Tổng Hợp Nature’s Way Complete Daily Multivitamin Tăng Cường Đề Kháng, Bổ Sung Năng Lượng (200 viên/lọ)",https://www.lazada.vn/products/pdp-i2830370016.html,249.000 ₫,5.0,82 Đã bán
Bộ tản nhiệt làm mát nước mugast Trọng lượng nhẹ và độ bền cao Bộ tản nhiệt trao đổi nhiệt cho CPU máy tính 18 ống làm mát bằng nước hệ thống với quạt làm mát bằng nước,https://www.lazada.vn/products/pdp-i3206860399.html,2.074.200 ₫,,
"Llano Túi máy ảnh Túi Đeo Vai Túi đựng máy ảnh đeo Vai Túi Đeo Vai 2way đặc điểm kỹ thuật Trọng lượng nhẹ trường hợp máy ảnh áp dụng cho máy ảnh SLR, etc. Tripod chủ bao gồm/chia điều chỉnh/ngăn đựng máy tính bảng/Chống thấm nước chế biến hàng ngày/chuyến",https://www.lazada.vn/products/pdp-i3195184017.html,2.457.900 ₫,,
Mambasnake + ziyoulang M87 Bàn phím chơi game bluetooth không dây/2.4Ghz 80% 87 phím màng số không cần chìa khóa bàn phím nhỏ gọn kết nối nhanh lên đến 3 thiết bị đa ghép nối hỗ trợ yên tĩnh nhẹ không dây iPad nhỏ Windows Mac IOS Android Nâu,https://www.lazada.vn/products/pdp-i3109752507.html,1.940.800 ₫,,
"Vitamin tổng hợp và khoáng chất, sắt, kẽm, đồng, magie, canxi, zinc Phamagel Plus tăng cường sức khỏe, tăng đề kháng, bồi bổ cơ thể - 30 viên",https://www.lazada.vn/products/pdp-i1691970079.html,36.200 ₫,4.0,590 Đã bán
GAT Sport Men Multi + Test - 150 viên,https://www.lazada.vn/products/pdp-i3121865270.html,650.000 ₫,,
Fosa mặt tản nhiệt bằng đồng tản nhiệt nước làm mát máy tính chất lỏng trao đổi nhiệt bộ tản nhiệt làm mát nước Bộ Tản Nhiệt trao đổi nhiệt làm mát (240mm),https://www.lazada.vn/products/pdp-i3206871074.html,2.283.800 ₫,,
"Viên kẽm zinc gluconate, vitamin C, B, PP giúp tăng cường sức đề kháng, tăng cường sức khỏe - Hộp 100 viên",https://www.lazada.vn/products/pdp-i1852014084.html,69.700 ₫,5.0,809 Đã bán
Bộ Định Tuyến Router wifi Xiaomi Mi AIoT AC2350 - CPU QCA9563 - Core 775MHz - 3 Cổng LAN Hỗ Trợ 2 Băng Tần 2.4Ghz - 5.0Ghz RAM 16MB ROM - 128MB,https://www.lazada.vn/products/pdp-i1255937230.html,1.650.000 ₫,,
Router Wifi Max-Stream™ AC1900 LINKSYS EA7500S - Hãng Phân Phối Chính Thức,https://www.lazada.vn/products/pdp-i275590418.html,1.799.000 ₫,,
"Viên kẽm zinc gluconate, vitamin C, B, PP giúp tăng cường sức đề kháng, tăng cường sức khỏe - Hộp 100 viên",https://www.lazada.vn/products/pdp-i1851888756.html,69.700 ₫,5.0,
Viên Uống Minh Men Tăng Cường Sinh Lý Nam Giới Hỗ Trợ Bổ Thận Tráng Dương Tăng Cường Sinh Lực Phái Mạnh An Toàn Sức Khỏe,https://www.lazada.vn/products/pdp-i2802428899.html,1.090.000 ₫,,
Vitamin tổng hợp Nature Choice Multivitamin bổ sung 33 vitamin và khoáng chất | Nhập khẩu chính hãng Mỹ,https://www.lazada.vn/products/pdp-i3175930543.html,330.000 ₫,,
Viên uống TRIVITAMIN 3B Đại Uy Bổ sung vitamin nhóm B cho cơ thể Hộp 100 viên nén,https://www.lazada.vn/products/pdp-i3166144904.html,20.000 ₫,5.0,
Tri-Foldable Wireless Touchpad Keyboard Tri-Foldable Bluetooth Touchpad Keyboard Rechargable Portable Wireless Keyboard for PC Laptop Tablet,https://www.lazada.vn/products/pdp-i3180805277.html,967.643 ₫,,
Chân ba tablet nhỏ - Joby GorillaPod Stand - JB01328-BWW,https://www.lazada.vn/products/pdp-i2028696361.html,480.000 ₫,,
Bàn phím máy tính bảng Baseus Brilliance - Bảo hành 12 tháng,https://www.lazada.vn/products/pdp-i3163775491.html,2.090.000 ₫,,
# B h81a PC bảng chính hỗ trợ SATA3.0 Sata 2.0 NVMe M.2 Máy tính để bàn mainboa,https://www.lazada.vn/products/pdp-i2327919833.html,986.000 ₫,2.0,
Bao da Magnetic kèm bàn phím dành cho iPad 10.9 Rebound ESR,https://www.lazada.vn/products/pdp-i2473510748.html,2.850.000 ₫,,
Màn Hình Cường Lực Bảo Vệ Cho iPad Air 7 Fullscreen 11 Inch Độ Nét Cao Chống Ánh Sáng Xanh Bảo Vệ Mắt,https://www.lazada.vn/products/pdp-i3211617163.html,106.000 ₫,,"144 Đã bán
China"
"23.8 màn hình di động, 1080P Màn hình di động 120Hz FHD HDR HDMI cắm là chạy IPS di động hiển thị loa kép du lịch màn hình bên ngoài cho PC, máy tính bảng, Mac, Xbox, PS3/4/5",https://www.lazada.vn/products/pdp-i3206864225.html,11.310.400 ₫,,
"Bác sĩ tốt nhất, nhai đầy đủ hoạt động B12, sô cô la bạc hà, 1,000 mcg, 60 viên",https://www.lazada.vn/products/pdp-i2783862978.html,520.000 ₫,,
Viên uống giảm mụn Shiratori Spot Remover (Hộp 30 gói/ Mỗi gói 3 viên),https://www.lazada.vn/products/pdp-i1945848671.html,600.000 ₫,5.0,24 Đã bán
Vang số chỉnh cơ tích hợp Bluetooth & Mic không dây UHF ACNOS MI30S,https://www.lazada.vn/products/pdp-i2339122333.html,1.950.000 ₫,,
"15.6 màn hình di động, Màn hình máy tính xách tay du lịch màn hình chơi game, HDR FHD Plug and Play Loa kép, màn hình bên ngoài cho PC, máy tính bảng, Mac, Xbox, PS3/4/5",https://www.lazada.vn/products/pdp-i3206866154.html,3.894.500 ₫,,
Gnc Pro Performance L-Carnitine 60 Tablets.jpg,https://www.lazada.vn/products/pdp-i2387283893.html,1.167.000 ₫,,
Thế Kỷ 21 canxi magiê kẽm + D3 90 viên,https://www.lazada.vn/products/pdp-i2664332032.html,497.000 ₫,,
( che tên) Hộp 10 viên loại thái cho nam_Thanh Mai 2 Pharmacy,https://www.lazada.vn/products/pdp-i3107471662.html,380.000 ₫,,
Eviciv Màn Hình Di Động màn hình cảm ứng 15.6 FHD1080P Không Lóa IPS Bảng Điều Chỉnh mỏng nhẹ Di Động Màn Hình VESA Tương Thích Bảo Vệ Bìa loại USB/Mini cổng HDMI Máy Tính Bảng/Win/PC Vv. Tương Thích Telecommute Từ Xa Làm Việc EVC-1506T,https://www.lazada.vn/products/pdp-i3206851440.html,5.262.000 ₫,,
Micro kẹp không dây WM-10 ulanzi cho điện thoại thông minh/máy tính bảng 3319,https://www.lazada.vn/products/pdp-i3108635168.html,949.900 ₫,,
Tản nhiệt nước bể bơm 800l/h tốc độ cao tản nhiệt nguồn điện đèn LED máy tính bơm bơm đầu PC hệ thống làm mát bằng chất lỏng (Trắng 17cm),https://www.lazada.vn/products/pdp-i3206857092.html,2.626.500 ₫,,
Vitamin C Jeju Hàn Quốc 500g,https://www.lazada.vn/products/pdp-i757862368.html,500.000 ₫,,
Vesiri mâm xôi Pi ZERO 2W Nhật Bản trình độ kỹ thuật mâm xôi Pi ZERO 2W 32GB thẻ lập trình máy tính bảng mạch phát triển bộ chuyển đổi Bộ cấp nguồn micro USB cáp sạc với chuyển đổi PSE chứng nhận/trường hợp bảo vệ Acrylic trong suốt/Đầu đọc thẻ USB/h...,https://www.lazada.vn/products/pdp-i3206861215.html,2.478.800 ₫,,
"Viên Uống Vitamin Tổng Hợp Nature’s Way Complete Daily Multivitamin Tăng Cường Đề Kháng, Bổ Sung Năng Lượng (200 viên/lọ)",https://www.lazada.vn/products/pdp-i3113016888.html,389.000 ₫,4.0,5 Đã bán
Combo tăng cân: Tảo Mặt Trời Earthrise Spirulina Gold Plus + Men vi sinh Bifina R Nhật bản 60 gói,https://www.lazada.vn/products/pdp-i2075285906.html,2.248.000 ₫,5.0,6 Đã bán
Combo 2 Hộp PROJECT V Classic Hit - Thực Phẩm Sức Khỏe MGR - Phép màu magie(Chính hãng),https://www.lazada.vn/products/pdp-i3171873222.html,860.000 ₫,,
Bao da Magnetic kèm bàn phím dành cho iPad Air 5/4/Pro 11 Rebound ESR,https://www.lazada.vn/products/pdp-i2473709081.html,2.800.000 ₫,,
Viên uống Vitamin B tổng hợp Swanson Vitamin B-125 Complex - Higher Potency 100 Tabs,https://www.lazada.vn/products/pdp-i3113073857.html,1.100.000 ₫,,
BOYA BY-BMM400 - Hàng Chính Hãng - Mic thu âm Hội nghị dành cho Smartphones/Tablets/PC,https://www.lazada.vn/products/pdp-i1825926647.html,2.290.000 ₫,,
"Thermalright Aqua Elite 120 V3 AIO bộ làm mát CPU, 120 làm mát bằng chất lỏng hàng, argb PWM quạt làm mát, LGA1150/1151/1155/1156/1200/2011/ 1700 cho Intel, AMD:AM4/AM5, bộ tản nhiệt máy tính AIO",https://www.lazada.vn/products/pdp-i3206829515.html,2.762.500 ₫,,
"Chuwi ubook x cho bàn phím, máy tính bảng 2 trong 1 ubook x Bàn phím chuyên dụng",https://www.lazada.vn/products/pdp-i2657851020.html,763.000 ₫,,
"Thermalright Aqua Elite 120 V3 thiết bị làm mát CPU bằng chất lỏng, 120 làm mát hàng kích thước, 120 mét quạt PWM, S-FDB vòng bi, cho AMD/AM4/AM5, intel LGA1150/1151/1155/1156/1200/2011/ 1700/1851, CPU Máy tính để bàn mát AIO",https://www.lazada.vn/products/pdp-i3206853152.html,2.725.400 ₫,,
Bổ mắt Blackmores Macu Vision 150 viên,https://www.lazada.vn/products/pdp-i2497710524.html,700.000 ₫,,
"Viên uống sinh lý nam mãnh hổ plus bổ thận cường dương, cải thiện sức khỏe, giảm đau lưng, mỏi gối, tiểu đêm nhiều, hiếm muộn, hiệu quả nhanh chóng được chiết xuất 100% từ dược liệu thiên nhiên 5 viên x 6 hộp-BsViet",https://www.lazada.vn/products/pdp-i1706479317.html,2.000.000 ₫,,
Máy Xay Nấu Đa Năng OLIVO CB20 - Độ Ồn Thấp Nhất - Chống Trào Tuyệt Đối - Vệ Sinh Khử Khuẩn - Chống Dính Gốm,https://www.lazada.vn/products/pdp-i2841548769.html,2.658.000 ₫,,
Fosa mặt tản nhiệt bằng đồng tản nhiệt nước làm mát máy tính chất lỏng trao đổi nhiệt bộ tản nhiệt làm mát nước Bộ Tản Nhiệt trao đổi nhiệt làm mát (360mm),https://www.lazada.vn/products/pdp-i3206815891.html,2.919.300 ₫,,
"Bảng điều khiến Tiếng Việt Máy làm sữa hạt chống ồn 1.75 lít, xay nấu đa năng làm sữa hạt, tự xấy khuấy, nấu cháo chậm",https://www.lazada.vn/products/pdp-i2630103820.html,1.584.000 ₫,,
"Linovision PoE Để chuyển đổi USB-C, dữ liệu và sạc với một cáp, IEEE802.3af/tại PoE Để loại USB C, 10/100Mbps Ethernet, 9V/2.22a hoặc 5V/2A đầu ra, áp dụng cho điện thoại và máy tính Bảng di động",https://www.lazada.vn/products/pdp-i3206873115.html,2.176.800 ₫,,
Micro thu âm cài áo không dây Synco G1T,https://www.lazada.vn/products/pdp-i1865318652.html,2.190.000 ₫,,
Máy làm sữa hạt đa năng SEKA E300 12 chức năng dung tích 1750ml bảng điều khiển tiếng việt - Hàng chính hãng,https://www.lazada.vn/products/pdp-i2630264052.html,1.745.000 ₫,,
Vitamin Bầu Elevit Của Úc Hộp 100 Viên chính hãng,https://www.lazada.vn/products/pdp-i3148876812.html,1.485.000 ₫,,
?? ⚡ SẢN PHẨM CHÍNH HÃNG Viên Bổ Mắt Vitamin A Health Of Eye Hàn Quốc Hộp 120 viên ?? ⚡,https://www.lazada.vn/products/pdp-i1028220790.html,469.000 ₫,,
"Vitamin tổng hợp Swisse Multivitamin, Úc (60v) bổ sung dinh dưỡng cho nam nữ dưới 50 và trên 50+ tuổi",https://www.lazada.vn/products/pdp-i2082082202.html,265.000 ₫,5.0,18 Đã bán
"Vitamin tổng hợp cho nam Men's Multivitamin Swisse, 120 viên - Hàng Úc",https://www.lazada.vn/products/pdp-i2597530128.html,850.000 ₫,,
[Hoàn tiền 10%]Viên Uống Bổ Sung Vitamin B Giảm Stress Blackmores Executive B Stress Formula 62 viên,https://www.lazada.vn/products/pdp-i1838988763.html,490.000 ₫,,
Ngành công nghiệp 2025 mô hình mới】 Pin mic không dây iPhone/iPad/Android/PC tương thích 2 người sử dụng đồng thời kết nối tức thời Bộ sưu tập âm thanh 360 ° vedcpel mic-rô không dây ghi âm 24 giờ sử dụng với hộp sạc 50m truyền...,https://www.lazada.vn/products/pdp-i3108486780.html,2.418.300 ₫,,
Bao da Magnetic kèm bàn phím dành cho iPad Pro 12.9 Rebound ESR,https://www.lazada.vn/products/pdp-i2473732047.html,3.250.000 ₫,,
"Svpro 5MP 30fps Máy quay USB Mô-đun với M12 ống kính, 120 độ góc rộng, imx335 cảm biến, ánh sáng thấp máy tính tầm nhìn Bảng Máy ảnh công nghiệp cho PC, Raspberry Pi, jeston Nano",https://www.lazada.vn/products/pdp-i3206866224.html,2.922.000 ₫,,
"Alseye X12 Trường Hợp Fan Argb Pwm Máy Tính Làm Mát Bằng Không Khí PC Hiệu Suất Cao hoạt động yên tĩnh 120Mm RGB Ngược Lưỡi (Trắng, Quạt hút)",https://www.lazada.vn/products/pdp-i3206815880.html,1.437.400 ₫,,
Âm thanh-technica AT-UMX3 WH âm thanh USB Mixer giao tiếp âm thanh thiết bị phân phối DTM sản xuất âm nhạc loại USB điện thoại thông minh/máy tính bảng tương thích PS4 ps5 [hạn chế Màu] Trắng,https://www.lazada.vn/products/pdp-i3108556587.html,6.517.000 ₫,,
Intehill Di Động Màn Hình 2-Màn Hình 4K ba màn hình 13.4 Không Lóa Bảng Điều Chỉnh IGZO 3840x240 0 màn hình có thể gập lại HDR Hỗ Trợ Srgb100 % Rộng Màu Gam 500nits độ sáng cao MacBook/Máy Tính Xách Tay Tương Thích hiển thị thời gian kép Lr13u,https://www.lazada.vn/products/pdp-i3206861239.html,20.912.500 ₫,,
Khuôn Máy Tính SKTC Q1 Bằng Nhôm Mini ITX 17*17 Tản Nhiệt Bằng Nước Máy Tính Chơi Game Bằng Kính ATX Nguồn Cung Cấp,https://www.lazada.vn/products/pdp-i3222081430.html,1.089.000 ₫,,
"[Trả góp 0%] Bàn phím Apple iPad Magic Keyboard 11"" (M4) Chính hãng (ZA/A) [Viettel Store]",https://www.lazada.vn/products/pdp-i1480086719.html,8.690.000 ₫,5.0,12 Đã bán
Màn hình di động yamazen 18.5 màn hình di động 1080P Full HD IPS Panel 16.7 triệu màu thiết kế Nhật Bản Type-C/hdmi-mini Chế Độ Giảm Đèn xanh dương chế độ chơi game (tương thích ps5/Xbox/Switch/PC/Tablet) mỏng và nhẹ với QMM-185 loa tích hợp,https://www.lazada.vn/products/pdp-i3206819571.html,9.302.900 ₫,,
"Svpro 1080p 120fps USB tốc độ cao máy ảnh, 12 Megapixel 4k gloof rung Webcam lấy nét bằng tay với 3x zoom quang học, công nghiệp lightburn cam UVC Plug and play cho máy tính máy tính xách tay Raspberry Pi",https://www.lazada.vn/products/pdp-i3206819893.html,5.651.700 ₫,,
🚀Nhận gói miễn phí🚀DANYCASE Ốp bàn phím có đèn nền ma thuật cho máy tính bảng Xiaomi Pad 6/6pro 11inch Mipad 5 & 5 Pro 11inch vải bluetooth không dây tương thích có thể tháo rời Bàn phím cảm ứng Bìa,https://www.lazada.vn/products/pdp-i2565303056.html,706.900 ₫,5.0,36 Đã bán
"Newsoul di động màn hình OLED 16 OLED di động hiển thị 2.8K 120Hz di động màn hình 100000:1 màn hình phụ Tỷ lệ tương phản 500 nits Màn hình phụ độ sáng 100% gam màu DCI-P3 tiêu chuẩn VESA lỗ MiniHDMI/chức năng đầy đủ cổng TypeC máy tính bảng/PC/MAC, v. v.",https://www.lazada.vn/products/pdp-i3206866237.html,14.602.500 ₫,,
HDMI USB máy ảnh rabbitroom 4K 60fps Webcam USB3.0 10x Zoom quang học 5-50mm lấy nét bằng tay camera thu phóng 2X webcam thu phóng kỹ thuật số Webcam Camera cho máy tính máy ảnh Telephoto phát trực tuyến Webcam Video hội nghị/lớp học Youtube Tương thích v,https://www.lazada.vn/products/pdp-i3206867400.html,7.630.600 ₫,,
Router WiFi Max-Stream™ AC2600 MU-MIMO Linksys EA8100,https://www.lazada.vn/products/pdp-i1362473921.html,2.999.000 ₫,,
"Miếng Dán Màn Hình Kính cường lực iPad Pro 11"" 2021 M1 & M2 JCPal",https://www.lazada.vn/products/pdp-i2473515711.html,450.000 ₫,,
Bao da iPad mini 5 Smart Cover,https://www.lazada.vn/products/pdp-i2473497747.html,1.299.000 ₫,,
bán phím+dook+sạc máy tính bảng Fujitsu arrows tap Q506-507-Q508-Q509,https://www.lazada.vn/products/pdp-i3182768801.html,650.000 ₫,,
"Bàn phím gập Bluetooth TARGUS kháng khuẩn AKF003 dùng cho Windows, MacOS, Android, iOS, iPad chính hãng bảo hành 3 năm",https://www.lazada.vn/products/pdp-i1981765407.html,1.300.000 ₫,,
Bút cảm ứng thông minh SURFACE PEN chính hãng cho máy tính bảng Microsoft Surface,https://www.lazada.vn/products/pdp-i565060733.html,2.300.000 ₫,,
Pin Samsung (Original) Galaxy Tab S7 Tablet GH43-05028A AAaN422gD (EB-BT875ABY) Battery,https://www.lazada.vn/products/pdp-i1917889416.html,780.000 ₫,,
BOYA BY-BMM300 - Mic thu âm Hội nghị Đa hướng dành cho Smartphones/Tablets/Laptop,https://www.lazada.vn/products/pdp-i1920588844.html,2.990.000 ₫,,
Thực phẩm bổ sung Omega 3 cho mắt với EPA và DHA - VisiVite Dry Eye Relief Quench,https://www.lazada.vn/products/pdp-i3175433123.html,600.000 ₫,,
Bàn phím USB có dây C cao cấp macally có cổng USB-Kết nối tối đa 3 thiết bị-(cổng 2 x USB-A 1 USB-C)-Bàn phím có dây cho Mac Mini/Pro iMac MacBook iPad PC-Bàn phím Loại C kích thước đầy đủ,https://www.lazada.vn/products/pdp-i3109798260.html,2.648.400 ₫,,
"Thermalright đông lạnh lăng kính 360 trắng argb lỏng CPU làm mát bằng nước với 120mm argb quạt PWM, 360 Trắng lạnh hàng Spec, máy tính làm mát bằng nước cho AMD/AM4/AM5, Intel 1700/1150/ 1151/1200/2011/1851",https://www.lazada.vn/products/pdp-i3206803948.html,4.392.000 ₫,,
Apple USB-C Charge Cable (1M)- Hàng Chính Hãng [Futureworld- APR],https://www.lazada.vn/products/pdp-i308678948.html,602.000 ₫,5.0,6 Đã bán
Thermaltake TT Pro MATX Máy Tính Để Bàn Mặt Kính Thép Làm Mát Bằng Không Khí Giữa Tháp Khung Xe Cho Bo Mạch Chủ M-ATX Nhỏ Gọn,https://www.lazada.vn/products/pdp-i2529032209.html,1.135.000 ₫,,"6 Đã bán
Nước ngoài"
"Dính Nó bao Bọc ống kính/máy ảnh/PC/máy tính bảng/bảo vệ đồng hồ túi bên trong đặc trưng trong phần trứng bùng nổ của tờ báo buổi tối Asahi shimbun. (XL(580x580), họa tiết chấm hải quân)",https://www.lazada.vn/products/pdp-i3195134636.html,1.192.400 ₫,,
"Dính Nó bao Bọc ống kính/máy ảnh/PC/máy tính bảng/bảo vệ đồng hồ túi bên trong đặc trưng trong cột trứng bùng nổ báo buổi tối Asahi shimbun. (L (470x470), Ngựa vằn)",https://www.lazada.vn/products/pdp-i3195155498.html,956.600 ₫,,
10 màn hình nhỏ eyoyo Raspberry Pi màn hình cảm ứng nhẹ 1024x600 16:9 178 ° đầy đủ Trường nhìn RAS Pi hiển thị 5 điểm cảm ứng IPS Bảng điều khiển RAS pi/máy tính xách tay/PC/Máy Trò chơi áp dụng tự làm màn hình máy tính tích hợp-trong vỏ bảo vệ loa bao gồ,https://www.lazada.vn/products/pdp-i3206836553.html,3.588.700 ₫,,
"Tinh chất hàu tươi, tỏi, nghệ Orihiro - thải độc gan, bổ dương - 180 viên Nhật bản",https://www.lazada.vn/products/pdp-i1507797200.html,500.000 ₫,,
"Máy xay sinh tố Philips HR2222/00 - Hàng chính hãng - Công suất 700W, lưỡi dao bằng thép không gỉ an toàn sức khỏe, 5 chế độ xay đặt sẵn",https://www.lazada.vn/products/pdp-i783296035.html,1.290.000 ₫,,
"Bàn phím không dây Logitech K480 Màu đen (Bluetooth, kết nối đa thiết bị Mac/ PC/ Laptop/Tablet) vanphongstar",https://www.lazada.vn/products/pdp-i1924934808.html,990.000 ₫,,
"Màn hình di động alolg 15.6 màn hình chơi game hiển thị di động 1920x1080fhd với loa tích hợp IPS bảng điều khiển LCD vỏ bảo vệ HDMI tiêu chuẩn mỏng và nhẹ (tương thích với điện thoại thông minh/PC/MAC/PS4/5/XBox/Switch/Steam/máy tính xách tay, v. v.)",https://www.lazada.vn/products/pdp-i3206819809.html,4.342.000 ₫,,
"Miếng dán cường lực iPad Gen 10 10.9"" 2022 JCPal",https://www.lazada.vn/products/pdp-i2473520696.html,450.000 ₫,,
"[TẶNG QUÀ] Combo Sắt Canxi DHA Avisure cho bà bầu thế hệ mới cho phụ nữ trước mang thai, mang thai, cho con bú",https://www.lazada.vn/products/pdp-i2823149381.html,809.000 ₫,,
"Chuột chơi game không dây với vỏ trong suốt, BT 5.0/2.4G 2 chế độ RGB Chuột máy tính với nhiều hiệu ứng, có thể sạc lại Slient chuột cho máy tính bảng (Màu Tím)",https://www.lazada.vn/products/pdp-i3154837759.html,1.119.900 ₫,5.0,
"Holland Barrett Viên Dưỡng Mắt Việt Quất 60 Viên Giảm Mỏi Mắt, Bổ Sung Dinh Dưỡng Anh",https://www.lazada.vn/products/pdp-i3163078876.html,379.000 ₫,,"450 Đã bán
Nước ngoài"
PCCooler da360 Pro argb Thiết bị làm mát CPU bằng chất lỏng kỹ thuật số 360mm tản nhiệt 270 ° xoay màn hình LCD 3 yên tĩnh argb người hâm mộ cho Intel/AMD Dễ dàng cài đặt cho Máy tính chơi Game đen,https://www.lazada.vn/products/pdp-i3206831408.html,6.338.300 ₫,,
Waypondev X1 bảng mạch phát triển n5105 Mini SBC/máy tính Bo mạch đơn 0/64G/128G/256G EMMC 4G/8G/16G LPDDR4 Windows10/11 Linux Debian/Ubuntu wifi5/6 bảng định tuyến (16GB),https://www.lazada.vn/products/pdp-i3206878108.html,6.775.000 ₫,,
"Sắt Ferrolip Cho Bà Bầu - Hỗ Trợ Giảm Nguy Cơ Thiếu Máu, Thiếu Sắt (Hộp 20 Gói)",https://www.lazada.vn/products/pdp-i2593767462.html,318.000 ₫,5.0,
"21.5 màn hình di động, 1080P Màn hình di động 120Hz FHD HDR HDMI cắm là chạy IPS di động hiển thị loa kép du lịch màn hình bên ngoài cho PC, máy tính bảng, Mac, Xbox, PS3/4/5",https://www.lazada.vn/products/pdp-i3206812947.html,8.012.200 ₫,,
"Yamazen di động màn hình 15.6 hiển thị 1080p Thiết kế Nhật bản Type-C/hdmi-mini IPS Bảng điều chỉnh tương thích với ps5/Xbox/Switch/PC/Tablet, vv được xây dựng trong loa mỏng, trọng lượng nhẹ với từ bảo vệ Bìa QMMP-156",https://www.lazada.vn/products/pdp-i3206856084.html,7.146.300 ₫,,
"Bàn phím Bluetooth không dây xách tay, Mini Bàn Phím Nhỏ Gọn 78-key, cho Ipad, Mac, Android, Arabic/Tây Ban Nha/Pháp/Hàn Quốc/Nga/Thái Bàn phím (Arabic)",https://www.lazada.vn/products/pdp-i3109629934.html,700.900 ₫,,
Viên sủi vitamin tổng hợp Mivolis nội địa Đức đủ loại vị trái cây tăng đề kháng - Tuýp 20 viên,https://www.lazada.vn/products/pdp-i1520494165.html,59.500 ₫,5.0,
Bàn phím không dây bluetooth Goojodoq Có Đèn LED Cho Laptop Android Windows IOS Máy Tính Bảng Trong Suốt,https://www.lazada.vn/products/pdp-i2559932187.html,345.100 ₫,5.0,51 Đã bán
Card Wi-Fi các mạng không dây 300Mbps cho máy tính bảng cho máy tính xách tay,https://www.lazada.vn/products/pdp-i3160759463.html,286.000 ₫,,
Binardat 8-Cổng 10 Gigabit SFP + Công tắc chuyển đổi 1G/10G SFP + Mô-đun Hỗ Trợ 160Gbps Băng Tần Web/Cli L3 Quản Lý Kim Loại Không Quạt Sợi mạng máy tính để bàn Chuyển Đổi,https://www.lazada.vn/products/pdp-i3206835709.html,5.564.000 ₫,,
Vuông flowmeter 5V giao hưởng của đèn làm mát bằng nước Đồng hồ tốc độ cho máy tính,https://www.lazada.vn/products/pdp-i3122349412.html,420.000 ₫,,
Accsoon | Màn Hình Không Dây 4K HDMI HD Máy Chiếu Camera Điện Thoại DSLR Switch Tablet APP Viewer,https://www.lazada.vn/products/pdp-i3219722401.html,3.031.000 ₫,,
4G 5G Bộ định tuyến băng tần kép khe cắm thẻ Sim 110-240V Wifi 6 Router Cho Điện Thoại Di Động máy tính điện thoại,https://www.lazada.vn/products/pdp-i3190236945.html,4.618.000 ₫,,
Thiên nhiên làm canxi 600 mg với vitamin D3 220 máy tính bảng,https://www.lazada.vn/products/pdp-i2962321798.html,855.000 ₫,,
"Elecom Wifi mạng LAN không dây mạng LAN không dây Repeater Wi-Fi 6 tương thích 11ax/AC/N/A/g/B 2402 + 574Mbps [chế độ từ xa/cổng mạng LAN có dây được cài đặt/Bộ chuyển đổi Ethernet/Chùm hình thành Z] [Iphone, ipad, thiết bị đầu cuối Android, PS 3 / 4/5, B",https://www.lazada.vn/products/pdp-i3154812820.html,4.099.100 ₫,,
CPU khối nước làm mát bằng nước Bộ tản nhiệt làm mát máy tính cho Intel AMD + Vít,https://www.lazada.vn/products/pdp-i2957654742.html,412.000 ₫,,
"Tất cả các cách CD-R 700MB 1-52x 10 CD để ghi dữ liệu và nhạc trên máy tính, trong trường hợp trục chính, có thể in rộng bằng máy in phun alcr52x10pw",https://www.lazada.vn/products/pdp-i3206830700.html,465.400 ₫,,
Bao da iPad Mini 8.3 2021 Smart Folio,https://www.lazada.vn/products/pdp-i2473721055.html,1.729.000 ₫,,
Bộ tản nhiệt nhôm hệ thống làm mát bằng nước cho máy tính thiết bị làm đẹp Hệ thống làm mát bằng nước S,https://www.lazada.vn/products/pdp-i3052661658.html,422.559 ₫,,
Maple Cửa Hàng Nhật Bản Mảng Đầy Đủ Bàn Phím lên đến 3 Cặp 2.4G USB Không Dây 1 Bluetooth 2 Có Thể Chuyển Đổi Bàn phím không dây Với Bìa vỏ bọc chống bụi iPad Mac PC IOS Android Tương Thích Đầy Đủ Bàn Phím Khô Di Động chạy bằng pin AAA Nhiều Kết Nối,https://www.lazada.vn/products/pdp-i3109707749.html,1.368.500 ₫,,
"Miếng Dán Màn Hình Kính cường lực iPad Air 10.9"" 2022 M1 JCPal",https://www.lazada.vn/products/pdp-i2473734009.html,450.000 ₫,,
Viên uống bổ sung vitamin tổng hợp cho nam giới THE VITAMIN SHOPPE One Daily Men’s 60/180 viên,https://www.lazada.vn/products/pdp-i1690481582.html,769.900 ₫,,
Viên uống bổ sung kẽm Blackmore 84 viên,https://www.lazada.vn/products/pdp-i1806946922.html,345.000 ₫,,
Bluetooth & 2.4GHz chuột không dây không dây với đèn LED hỗ trợ 3 kết nối đồng thời (BT1/BT2/USB) 4-cách di chuyển yên tĩnh & có thể sạc lại chuột mỏng gấp bánh xe máy tính xách tay/PC/Tablet/Điện thoại tương thích,https://www.lazada.vn/products/pdp-i3206867366.html,1.078.300 ₫,,
Viên Sủi Usazol Bù Nước Và Điện Giải Cơ Thể - Hộp 10 viên,https://www.lazada.vn/products/pdp-i2083442749.html,25.000 ₫,4.0,92 Đã bán
Viên Uống Bổ Thận Tráng Dương Tinh Chất Hàu Tươi Tỏi Nghệ Orihiro (180 Viên/Lọ),https://www.lazada.vn/products/pdp-i1950817086.html,490.000 ₫,,
Router Wifi Xiaomi AX6 hỗ trợ Wifi 6 wifi Mesh - tối đa 248 thiết bị 2 băng tần 2.4GHz và 5 GHz tốc độ 2976Mbps,https://www.lazada.vn/products/pdp-i1263712595.html,1.389.000 ₫,5.0,9 Đã bán
𝐁𝐨̂̉ 𝐦𝐚̆́𝐭 𝐬𝐨̂́ 𝟏 𝐜𝐮̉𝐚 𝐔́𝐜,https://www.lazada.vn/products/pdp-i2254230553.html,420.000 ₫,,
Airia anaconda Peltier yếu tố quạt tản nhiệt cho máy tính bảng với hiển thị nhiệt độ và nút nguồn SD-COOLG4,https://www.lazada.vn/products/pdp-i3206828791.html,1.145.400 ₫,,
Viên Uống bổ mắt Eyevit Vitamin Mineralhộp 30 viên,https://www.lazada.vn/products/pdp-i1978530742.html,475.000 ₫,,
Miếng dán cường lực iPad Gen 10 Mipow Kingbull HD Premium Protector,https://www.lazada.vn/products/pdp-i2473638302.html,490.000 ₫,,
"Wifi 6 thẻ không dây, mt7921k NGFF M.2 băng tần kép 2.4GHz 5GHz Card Wi-Fi với Bluetooth 5.2, cho máy tính xách tay, độ trễ cực thấp, cho 10, cho 11",https://www.lazada.vn/products/pdp-i3206819680.html,804.300 ₫,,
Quạt tản nhiệt điện thoại gaming sò lạnh pin không dây MEMO DLA5 làm mát nhanh chơi game mobile Liên Quân FF COD,https://www.lazada.vn/products/pdp-i2630159819.html,629.000 ₫,,
"Bàn phím số không dây, 29-Key số máy tính, xách tay 2.4 GHz kế Toán Tài Chính Bàn Phím Số, năng lượng mặt trời sạc và hoạt động bằng pin, cho máy tính xách tay, PC, máy tính để bàn",https://www.lazada.vn/products/pdp-i3206833570.html,1.434.300 ₫,2.4,
"Vitamin tổng hợp bổ sung dinh dưỡng cho nam nữ dưới 50 và trên 50+ tuổi Swisse Multivitamin, Úc (60v)",https://www.lazada.vn/products/pdp-i2082100256.html,225.000 ₫,5.0,356 Đã bán
Roadom 10.1 Raspberry Pi màn hình với trường hợp IPS Bảng điều chỉnh 1024x600 màn hình cảm ứng với 178 ° đầy đủ lĩnh vực xem màn hình di động với loa tích hợp màn hình nhỏ gọn máy tính xách tay/PC/Raspberry Pi 4/3/2/1 Xbox PS4/5 Áp dụng phụ tự làm tisplay,https://www.lazada.vn/products/pdp-i3206848588.html,4.211.100 ₫,,
Bao da iPad Gen 10 Smart Folio,https://www.lazada.vn/products/pdp-i2473620532.html,2.190.000 ₫,,
Mainboard ASROCK B760M-HDV/M.2 D4 - 2 khe RAM,https://www.lazada.vn/products/pdp-i2338748677.html,2.640.000 ₫,,
"Tiểu Đường Chaga Bestics - Hỗ Trợ Giảm Đường Huyết, Giảm Biến Chứng Do Đái Tháo Đường, Nấm Chaga Nhập Khẩu Nga.",https://www.lazada.vn/products/pdp-i2730171662.html,450.000 ₫,5.0,11 Đã bán
Hai Lớp CPU làm mát bằng nước Bộ Tản Nhiệt Máy Tính cho thiết bị công nghiệp cho hệ thống nước làm mát máy tính,https://www.lazada.vn/products/pdp-i3086066419.html,997.000 ₫,,
Quạt tản nhiệt điện thoại sò lạnh Memo DL05 / DL06 / DL07 / FL01/ FL05 / FL06 / FL07 chơi game mobile PUBG FF Liên Quân,https://www.lazada.vn/products/pdp-i2630062913.html,362.000 ₫,,
Router wifi chuẩn AC2600 2 băng tần LINKSYS EA8100 - Hãng Phân Phối Chính Thức,https://www.lazada.vn/products/pdp-i1217163082.html,2.999.000 ₫,,
Aqtaq ăng ten wifi 6E ăng ten ba băng tần Wifi 6Ghz 5Ghz 2.4GHz Ăng ten RP-SMA đế nam châm WLAN với Bo mạch chủ Bluetooth 2m/6.6ft Cáp nối PC Bộ định tuyến Wifi 6 Camera máy tính để bàn,https://www.lazada.vn/products/pdp-i3206868294.html,1.040.600 ₫,,
Trắng Cpu Harpy Wh06 Tản Nhiệt Làm Mát Bằng Không Khí 6 Ống Dẫn Nhiệt Bằng Đồng Nguyên Chất 1700 Nền Tảng Kép Argb Pwm Trắng Phần Cứng Máy Tính Trường Vàng,https://www.lazada.vn/products/pdp-i3005708649.html,652.000 ₫,,
Viên Uống dành cho Da Mụn BB Chocola Nhật,https://www.lazada.vn/products/pdp-i2633250384.html,280.000 ₫,5.0,
Quạt tản nhiệt điện thoại sò lạnh Memo DL05 gaming Led RGB dành cho game thủ PUBG Liên Quân Freefire COD FF,https://www.lazada.vn/products/pdp-i2630257123.html,638.000 ₫,,
Quạt tản nhiệt điện thoại sò lạnh MEMO DL05/DL16/DL10/DLA5/CX07/X12 Pro Max/S3/X65/X60 Ultra/X29/X15 Pro Max/X76/X100,https://www.lazada.vn/products/pdp-i2630162766.html,328.000 ₫,,
