title,url,price,rating,shop
HUAWEI | Đồng Hồ Thông Minh Thể Thao Chuyên Nghiệp WATCH FIT 4 Pro Kính Sapphire,https://www.lazada.vn/products/pdp-i3225516531.html,3.357.900 ₫,5.0,
Đồng Hồ Thông Minh | HUAWEI WATCH FIT 4 Series | Mỏng Nhẹ | Thể Thao & Sức Khỏe | Lên Đến 10 Ngày Sử Dụng| ECG,https://www.lazada.vn/products/pdp-i3230559543.html,3.172.260 ₫,4.0,
Đồng Hồ Thông Minh | HUAWEI WATCH FIT 4 Series | Mỏng Nhẹ | Thể Thao & Sức Khỏe | Lên Đến 10 Ngày Sử Dụng| ECG,https://www.lazada.vn/products/pdp-i3225770061.html,2.325.344 ₫,5.0,
Đồng Hồ Thông Minh | HUAWEI WATCH FIT 4 Series | Mỏng Nhẹ | Thể Thao & Sức Khỏe | Lên Đến 10 Ngày Sử Dụng| ECG,https://www.lazada.vn/products/pdp-i3225478929.html,2.325.344 ₫,5.0,
Huawei | Đồng Hồ Thông Minh Siêu Mỏng Màn Hình Lớn Thời Trang Thể Thao với Chức Năng Theo Dõi Giấc Ngủ,https://www.lazada.vn/products/pdp-i3209077086.html,2.325.344 ₫,5.0,Cam Kết Giá Tốt
2025 New For Huawei Smart Watch Men Full Touch Screen Sport Fitness Watch IP67 Waterproof Bluetooth For Android ios smartwatch Men+,https://www.lazada.vn/products/pdp-i2644227205.html,399.231 ₫,4.0,64 Đã bán
HUAWEI | Đồng Hồ Thông Minh Thể Thao Nâng Cao Dài Lâu với Gọi Bluetooth và Theo Dõi Sức Khỏe Chuyên Nghiệp,https://www.lazada.vn/products/pdp-i3222426446.html,3.172.260 ₫,5.0,Cam Kết Giá Tốt
"Đồng Hồ Thông Minh Nam Nữ T800 Pro Max, Smatwatch Nghe gọi Không Lắp Sim Theo Dõi Sức Khỏe",https://www.lazada.vn/products/pdp-i2855132836.html,157.932 ₫,4.0,192 Đã bán
HUAWEI | Đồng Hồ Thông Minh Thể Thao Chuyên Nghiệp Kính Sapphire Vỏ Titanium,https://www.lazada.vn/products/pdp-i3221604548.html,3.357.900 ₫,5.0,Cam Kết Giá Tốt
Lige Đồng hồ thông minh GPS Người Đàn Ông màn hình cảm ứng trọn bộ thể thao ngoài trời Vòng Đeo Tay Thể Dục Huyết Áp Đồng Hồ Ip68 Không Thấm Nước Thông Minh Đồng Hồ iOS Android + Hộp,https://www.lazada.vn/products/pdp-i3074710553.html,999.000 ₫,5.0,10 Đã bán
Awei Đồng hồ thông minh Đồng hồ thông minh GPS chống nước tỷ lệ 2ATM nhiều chế độ thể thao Màn hình 1.38 inch cho nam nữ,https://www.lazada.vn/products/pdp-i2455852975.html,1.643.081 ₫,5.0,
Awei Dòng đồng hồ thông minh 18,https://www.lazada.vn/products/pdp-i3077808001.html,3.399.000 ₫,5.0,51 Đã bán
Vòng Đeo Tay Thông Minh Xiaomi Band 9 Pro Chính Hãng Bản Quốc Tế Tiếng Việt - Bảo Hành 12 Tháng,https://www.lazada.vn/products/pdp-i2928591196.html,1.890.000 ₫,5.0,9 Đã bán
"Đồng Hồ Thông Minh Kết Nối Bluetooth PK D13 D20 Y68 Theo Dõi Sức Khỏe, Đổi hình nền",https://www.lazada.vn/products/pdp-i2414738093.html,65.000 ₫,,
Đồng hồ đeo tay thông minh 116 PLUS D13 Đo Nhịp tim Huyết áp,https://www.lazada.vn/products/pdp-i3100658460.html,195.000 ₫,,
Đồng hồ thông minh GT2 Classic đẹp keng cho anh em trải nghiệm,https://www.lazada.vn/products/pdp-i2612347812.html,1.690.000 ₫,,
Đồng Hồ Thông Minh Theo Dõi Sức Khỏe,https://www.lazada.vn/products/pdp-i3220527528.html,1.514.000 ₫,4.0,
"Đồng Hồ Thông Minh Đo Glucose Máu, Huyết Áp, SpO2, ECG, Nhiệt Độ, Thở, Tấn Công Tim, Đột Quỵ, Báo Động Từ Xa, Y Học Cổ Truyền, Theo Dõi Người Già",https://www.lazada.vn/products/pdp-i3234253987.html,15.905.000 ₫,,
LIGE Mới cuộc gọi Bluetooth Thông Minh Đồng hồ nam màn hình cảm ứng trọn bộ thể dục thể thao Đồng Hồ IP67 Không Thấm Nước Cho iOS Android + Hộp,https://www.lazada.vn/products/pdp-i2800591259.html,349.000 ₫,4.0,78 Đã bán
"Đồng Hồ Đo Huyết Áp Bằng Bơm với Đo Nhịp Tim Chính Xác Cao, Phát Hiện Oxy Máu, Theo Dõi Sức Khỏe 24 Giờ, Theo Dõi Giấc Ngủ, Theo Dõi Tập Luyện, Kết Nối Bluetooth Thông Minh",https://www.lazada.vn/products/pdp-i3213032423.html,3.423.000 ₫,4.0,
Đồng Hồ Thông Minh Bluetooth cho Công Việc & Mặc Thường Ngày Hộp Quà Tặng Tùy Chỉnh,https://www.lazada.vn/products/pdp-i3231962982.html,63.628.000 ₫,,
"Đồng hồ thông minh Maimo Watch, bản quốc tế, có 2 dây đêo",https://www.lazada.vn/products/pdp-i3198356174.html,590.000 ₫,,
Awei H29/H30 Đồng hồ thông minh Điện thoại trẻ em Đồng hồ thông minh gọi Video định vị chính xác GPS mạng 4G chống nước IP67 Pin siêu dài cho bé trai bé gái trẻ em,https://www.lazada.vn/products/pdp-i2610401736.html,949.000 ₫,4.0,51 Đã bán
Đồng hồ H99 RAM 8+256GB lắp sim nghe gọi + kết nối bluetooth với điện thoại camera xoay 180 độ tải ứng dụng chơi game xem video AHAI STORE,https://www.lazada.vn/products/pdp-i3012344024.html,1.950.000 ₫,5.0,10 Đã bán
LIGE 2023 Full Màn Hình Cảm Ứng Đồng Hồ Thông Minh Unisex IP67 Chống Nước Gọi Bluetooth Nghe Nhạc Trợ Lý Đồng Hồ Đeo Tay Cho Nam Và Nữ Smart Watch,https://www.lazada.vn/products/pdp-i2353398314.html,530.000 ₫,,
"Đồng hồ thông minh kospet Tank X2 Ultra Nam với GPS & la bàn, Bộ theo dõi sức khỏe chế độ thể thao 170 + và tuổi thọ pin dài 60 ngày",https://www.lazada.vn/products/pdp-i2828056558.html,2.513.412 ₫,5.0,
Đồng Hồ Định Vị GPS & Beidou Phòng Mất Lạc Cho Người Cao Tuổi,https://www.lazada.vn/products/pdp-i3231639312.html,1.290.000 ₫,,
Đồng hồ thông minh Xiaomi Watch 2 | Wear OS by Google | Được hỗ trợ bởi Snapdragon® W5+ Gen 1 | Thời lượng pin lên đến 65 giờ với bộ nhớ dung lượng lớn 32 GB,https://www.lazada.vn/products/pdp-i3080091914.html,2.910.000 ₫,5.0,12 Đã bán
Đồng hồ Samsung Galaxy Watch8 Bluetooth (Small 40mm),https://www.lazada.vn/products/pdp-i3133238285.html,6.699.000 ₫,5.0,
Đồng Hồ Thông Minh Chống Nước Huyết Áp Cho Nam D18 Đồng Hồ Thông Minh Thể Thao Máy Theo Dõi Nhịp Tim Đồng Hồ Theo Dõi Sức Khỏe Cho Nữ IOS Android,https://www.lazada.vn/products/pdp-i3140992178.html,51.800 ₫,5.0,
SHENGZHISEN | Đồng Hồ Thông Minh 5G với WiFi & Định Vị GPS cho Người Lớn & Học Sinh,https://www.lazada.vn/products/pdp-i3220092456.html,1.372.000 ₫,4.0,
"Đồng Hồ Thông Minh GPS Theo Dõi Nhịp Tim & Oxy Máu cho Hoạt Động Ngoài Trời, Chống Nước, Bơi Lội, Chạy Bộ, Đạp Xe, Thể Dục, Đếm Bước",https://www.lazada.vn/products/pdp-i3178492606.html,2.232.000 ₫,,
"ddong HỒ THÔNG MINH SMARTWATCH đầy đầy đủ chức năng-nghe gọi thông báo, theo dõi nhịp tim...",https://www.lazada.vn/products/pdp-i2239536680.html,135.000 ₫,,
"ZHIXIANSHANG | Đồng Hồ Theo Dõi Sức Khỏe Thông Minh với Đo Đường Huyết, Acid Uric, Cholesterol, Huyết Áp, ECG, Nhịp Tim, Nhiệt Độ, Hô Hấp, HRV, Stress, Gọi Bluetooth, Chăm Sóc Từ Xa và Báo Động SOS",https://www.lazada.vn/products/pdp-i3220817241.html,5.546.000 ₫,4.0,
Đồng Hồ GPS Thông Minh với Đo Nhịp Tim và Oxy,https://www.lazada.vn/products/pdp-i3178616551.html,2.354.000 ₫,,
Đồng hồ thông minh chính hãng LIGE dành cho nam giới Đồng hồ đeo tay đa chức năng Vòng đeo tay Nhịp tim Theo dõi huyết áp Thể thao Theo dõi thể dục Không thấm nước,https://www.lazada.vn/products/pdp-i1428047534.html,499.000 ₫,4.0,782 Đã bán
"Đồng Hồ Thông Minh Maimo Chính Hãng – Viền Thép Sang Trọng, Nhận Thông Báo, Theo Dõi Sức Khỏe, Chống Nước 5ATM, Có GPS",https://www.lazada.vn/products/pdp-i3147125616.html,495.000 ₫,,
SHENGZHISEN | Đồng Hồ Thông Minh Màn Hình Tròn Mỏng Hệ Thống Đôi với Tải Video App và WiFi,https://www.lazada.vn/products/pdp-i3219827294.html,1.798.000 ₫,4.0,
Vòng tay thông minh Galaxy Fit 3,https://www.lazada.vn/products/pdp-i2580289589.html,836.000 ₫,4.0,258 Đã bán
Vòng Đeo Tay Thông Minh HUAWEI Band 10 | Khung Hợp Kim Nhôm Tinh Tế | Phân Tích Giấc Ngủ Chuyên Nghiệp | Trợ Lý Sức Khỏe Cảm Xúc,https://www.lazada.vn/products/pdp-i3014421301.html,780.000 ₫,5.0,
Đồng hồ thông minh định vị trẻ em Q12 nghe gọi 2 chiều lắp sim 4G chống nước Ip68 có tiếng việ,https://www.lazada.vn/products/pdp-i1322706504.html,250.000 ₫,4.0,823 Đã bán
"Đồng Hồ Thông Minh Q12 Q12B Q19 Cho Bé - Dò Vị Trí LBS, Nghe Gọi Có Sim, 1.44 Inch, Chống Mất, Chống Nước - Cáp Sạc Nam Châm - Chức Năng Gọi Thoại",https://www.lazada.vn/products/pdp-i2594860509.html,189.000 ₫,4.0,16 Đã bán
Đồng Hồ Thông Minh Gọi Điện Bluetooth Dành Cho Nam Đồng Hồ Thông Minh Thể Thao Màn Hình Cong HD 2.01” Với Chức Năng Theo Dõi Sức Khỏe ECG+PPG Tương Thích Với Android Và iOS,https://www.lazada.vn/products/pdp-i3230062886.html,233.100 ₫,,"28 Đã bán
China"
"Đồng hồ thôn mình T800 mới nhất 2023, có nghe gọi , chơi game , định vị",https://www.lazada.vn/products/pdp-i2494219093.html,159.000 ₫,4.0,46 Đã bán
"Đồng Hồ Thông Minh trẻ em Q12 Lắp Sim 4G Nghe Gọi Nhắn Tin 2 Chiều Như Điện Thoại Chống nước IP67, Định Vị LBS,",https://www.lazada.vn/products/pdp-i3176103715.html,177.414 ₫,5.0,10 Đã bán
"Đồng hồ thông minh t800 pro max, đồng hồ theo dõi sức khỏe đầy đủ chức năng, thể dục, gọi điện thoại",https://www.lazada.vn/products/pdp-i3225661652.html,145.000 ₫,,
Silicone Trẻ Em Đồng Hồ Thông Minh Trẻ Em Smartband Cho Cô Gái Chàng Trai Thể Thao Đồng Hồ Kỹ Thuật Số Sinh Viên Không Thấm Nước Đồng Hồ Đeo Tay Trẻ Em Bé Vòng Đeo Tay Thông Minh,https://www.lazada.vn/products/pdp-i1788588076.html,59.000 ₫,4.0,141 Đã bán
"Đồng hồ thông minh thể thao chống nước 10m KS với màn hình nhịp tim & bước, nhiều tùy chọn màu, dây đeo PVC, màn hình vuông",https://www.lazada.vn/products/pdp-i3094840573.html,14.000 ₫,,"20 Đã bán
China"
"Taidu bền D18 Đồng hồ thông minh-Tính năng đo nhịp tim, theo dõi bước và màn hình TFT tròn kiểu dáng đẹp cho lối sống năng động",https://www.lazada.vn/products/pdp-i3121964033.html,69.300 ₫,5.0,36 Đã bán
Đồng Hồ Đeo Tay Sức Khỏe Theo Dõi Nhịp Tim M5 Đồng Hồ Thông Minh Thể Thao Vòng Đeo Tay Bluetooth Chống Nước,https://www.lazada.vn/products/pdp-i1656858679.html,128.236 ₫,4.0,39 Đã bán
"Đồng Hồ Thông Minh Lắp Sim Trẻ Em Q15, nghe gọi 2 chiều, định vị toàn quốc, mạng 4G, App kết nối phụ huynh theo dõi con",https://www.lazada.vn/products/pdp-i3129068684.html,240.000 ₫,4.0,46 Đã bán
【Hỗ trợ cuộc gọi/Tiếng Việt】hoco Y35 Đồng hồ thông minh Màn hình tròn 1.46 inch màn hình TFT hiển thị độ nét cao Bluetooth 5.3 hỗ trợ gọi nhịp tim khi ngủ giám sát 250mAh Đồng hồ thông minh đa chức năng chống nước Đồng hồ nam và nữ,https://www.lazada.vn/products/pdp-i3192033911.html,509.000 ₫,5.0,
"Đồng hồ thông minh cho nam màn hình cảm ứng toàn phần, gọi điện Bluetooth, chống nước, theo dõi sức khỏe, đồng hồ thông minh cho nữ + hộp",https://www.lazada.vn/products/pdp-i2490155001.html,269.000 ₫,4.0,362 Đã bán
"Đồng Hồ Thông Minh POSHI Màn Hình Cảm Ứng Trọn Bộ Đồng Hồ Thông Minh Cho Nam, Đồng Hồ Thông Minh Đo Huyết Áp 2023 Đồng Hồ Thể Thao Cho Nữ, Chống Nước, Thương Hiệu Chính Hãng, Vòng Đeo Tay Theo Dõi Sức Khỏe Nhịp Tim",https://www.lazada.vn/products/pdp-i2190528877.html,109.000 ₫,5.0,15 Đã bán
Đồng hồ thông minh GOOJODOQ 2.01 Màn hình HD IP67 có dây đeo Theo dõi huyết áp/Trợ lý AI giọng nói,https://www.lazada.vn/products/pdp-i3136803659.html,429.000 ₫,5.0,36 Đã bán
"[❤️RẺ VÔ ĐỊCH❤️] Đồng Hồ Thông Minh Y68 Thay Được Hình Nền, Kết Nối Điện THoại Nhận Thông Báo Cuộc Gọi Facebook , Zalo, đo nhịp tim Nam Nữ Đeo Được Đủ màu",https://www.lazada.vn/products/pdp-i1559066093.html,65.960 ₫,4.0,
LIGE Đồng Hồ Series 8 2022 Đồng Hồ Thông Minh Gọi Bluetooth Đồng Hồ Thông Minh Chống Nước Theo Dõi Giấc Ngủ Theo Dõi Sức Khỏe Thể Thao Thời Trang Bằng Giọng Nói Android IOS + Hộp,https://www.lazada.vn/products/pdp-i2112326381.html,275.000 ₫,4.0,115 Đã bán
Lige Đồng hồ thông minh Cho Phụ Nữ màn hình cảm ứng trọn bộ cuộc gọi Bluetooth đồng hồ chống thấm nước theo dõi thể dục thể thao Thông Minh Đồng hồ nam + Hộp,https://www.lazada.vn/products/pdp-i2376853589.html,269.000 ₫,4.0,212 Đã bán
"Đồng hồ thông minh GOOJODOQ 4G Lắp SIM Nghe Gọi, Chơi Game, Camera Xoay 180°, Định vị GPS,Bảo Hành 12 Tháng",https://www.lazada.vn/products/pdp-i2979056769.html,1.548.300 ₫,5.0,31 Đã bán
Đồng hồ thông minh T800 PRM Nghe gọi Chơi game Nhận thông báo sức khỏe Chống nước Cho Nam Nữ,https://www.lazada.vn/products/pdp-i2901712541.html,160.025 ₫,5.0,7 Đã bán
"Đồng Hồ Thông Minh T800 Promax Bản 5.0 Kết Nối Bluetooth , Nghe Gọi, Nhận Thông Báo , Hỗ Trợ Thể Thao",https://www.lazada.vn/products/pdp-i3225026542.html,180.000 ₫,5.0,
"Seastina Đồng hồ thông minh t500ultra với theo dõi sức khỏe và thể chất, máy theo dõi nhịp tim và điều khiển camera từ xa",https://www.lazada.vn/products/pdp-i3163592298.html,100.000 ₫,,
"LIGE Đồng hồ nam màn hình màu 1.69 inch cảm ứng thông minh chống nước, theo dõi thể dục bluetooth, gọi điện cho Android iOS + hộp",https://www.lazada.vn/products/pdp-i1453390993.html,239.000 ₫,4.0,633 Đã bán
LIGE 360 AMOLED Màn hình HD đồng hồ cho Mens Bluetooth gọi la bàn thể thao Heart Rate tập thể dục huyết áp Tracker doanh nhân không thấm nước GT4+ Hộp,https://www.lazada.vn/products/pdp-i2652285924.html,349.000 ₫,4.0,33 Đã bán
"ĐỒNG HỒ THÔNG MINH LẮP SIM S9 Ultra5G hỗ trợ lắp sim độc lập, camera xoay 180 độ, tải apps, nghe gọi, chơi game, BH 12T",https://www.lazada.vn/products/pdp-i2968644672.html,939.000 ₫,4.0,32 Đã bán
Lige 2025 Đồng hồ thông minh người đàn ông 1000mAh pin thể thao chống nước Vòng Đeo Tay Thể Dục Đèn pin Led sức khỏe quân sự Smartwatch,https://www.lazada.vn/products/pdp-i3109405072.html,749.000 ₫,5.0,9 Đã bán
Đồng hồ Bluetooth thông minh POSHI dành cho bé trai bé gái điện tử led kỹ thuật số thể thao hàng chính hãng,https://www.lazada.vn/products/pdp-i1055800630.html,123.102 ₫,4.0,251 Đã bán
【E-WOITD】 Ngoài trời thể thao người đàn ông thông minh đồng hồ bluetooth nói chuyện thể thao Heart Rate Monitor Đồng hồ thông minh đa chức năng đèn pin thông minh đồng hồ,https://www.lazada.vn/products/pdp-i3149751718.html,130.081 ₫,,
"Đồng Hồ Thông Minh Xiaomi Redmi Watch 5 ACTIVE / Watch 5 LITE (Chọn phân loại) – Phiên Bản Quốc Tế, Bảo Hành Chính Hãng 12 Tháng",https://www.lazada.vn/products/pdp-i2725254098.html,650.000 ₫,5.0,498 Đã bán
Lige 2024 Đồng hồ thông minh Nam Giới Và Phụ Nữ cuộc gọi Bluetooth Đa-Chức Năng Nhịp Tim theo dõi sức khỏe Thể Thao IP68 Đồng hồ chống nước,https://www.lazada.vn/products/pdp-i2878009383.html,719.000 ₫,,
Đồng hồ thông minh Samsung Galaxy Watch Active 2 40mm LTE (esim) bản thép,https://www.lazada.vn/products/pdp-i646984382.html,1.250.000 ₫,4.0,33 Đã bán
"Đồng Hồ Bluetooth Thông Minh Đo Nồng Độ Oxy Máu và Tần Số Tim Chính Xác cho Người Cao Tuổi, Theo Dõi Sức Khỏe Tim Mạch và Tập Luyện Ngủ",https://www.lazada.vn/products/pdp-i3182082694.html,2.992.000 ₫,4.0,
"Đồng Hồ Thông Minh Maimo Watch Flow Chính Hãng Có GPS Độc Lập- Theo Dõi Sức Khỏe, Hỗ Trợ Tập Luyện, Thông Báo Nhanh",https://www.lazada.vn/products/pdp-i3191493274.html,500.000 ₫,,
LIGE Đồng hồ thông minh nam chính hãng Cuộc gọi Bluetooth Theo dõi thể dục thể thao không thấm nước,https://www.lazada.vn/products/pdp-i2194206831.html,869.000 ₫,4.0,52 Đã bán
Seastina Đồng hồ thông minh unisex thời trang có máy theo dõi nhịp tim và đèn ban đêm,https://www.lazada.vn/products/pdp-i3163530486.html,29.000 ₫,5.0,
Đồng hồ thông minh REDMI Watch 5 Active | Màn hình lớn LCD 2” | Giảm tiếng ồn bằng micrô kép và nghe gọi qua Bluetooth® | Thời lượng pin lên đến 18 ngày,https://www.lazada.vn/products/pdp-i3080295150.html,650.000 ₫,4.0,237 Đã bán
"Đồng hồ H500 PROMAX Ram8+256GB lắp sim + kết nối bluetooth, Android 13, Kho mặt đồng hồ, Google Asitant, AHAI STORE",https://www.lazada.vn/products/pdp-i3162286218.html,1.950.000 ₫,,"6 Đã bán
Quảng Ninh"
Đồng Hồ Thông Minh Y68 / D20 Fitpro Chống Nước 1.44,https://www.lazada.vn/products/pdp-i2494177630.html,59.000 ₫,4.0,78 Đã bán
Lige mới đồng hồ thông minh người đàn ông 1000mAh dung tích lớn Pin đèn pin ngoài trời cuộc gọi Bluetooth thể dục thể thao không thấm nước Đồng hồ thông minh cho Android IOS,https://www.lazada.vn/products/pdp-i3136664754.html,899.000 ₫,5.0,
"Đồng Hồ Thông Minh GOOJODOQ giám sát sức khỏe, chống nước , kết nối điện thoại nhận tin nhắn, gọi điện, 178 + Chế độ thể thao Cho Android IOS",https://www.lazada.vn/products/pdp-i2734352901.html,474.000 ₫,4.0,132 Đã bán
SADA tiểu học sinh viên trường học Thiên Tài trẻ em Đồng hồ thông minh kiêm điện thoại 5G tất cả netcom định vị video xem quà tặng cho cả bé trai và bé gái không thấm nước,https://www.lazada.vn/products/pdp-i3166955677.html,494.000 ₫,4.0,8 Đã bán
Đồng Hồ Thông Minh BW9 Pro Có Thẻ SIM Độc Lập Gọi CPU Lõi Kép 2D Tăng Cường Đồ Họa Thời Lượng Pin 400mAh Cho Android Wear,https://www.lazada.vn/products/pdp-i3202802133.html,395.250 ₫,,"68 Đã bán
China"
Trẻ Em 4G Đồng hồ thông minh Sos định vị GPS Video Cuộc Gọi Thẻ Sim Cho Đồng hồ thông minh trẻ em Máy Ảnh Đồng hồ chống nước Cho nam nữ,https://www.lazada.vn/products/pdp-i2923345546.html,254.000 ₫,4.0,138 Đã bán
SADA Thiên Tài trẻ em Đồng hồ thông minh kiêm điện thoại 5g Beidou định vị Card Wi-Fi tiểu học không thấm nước học sinh trung học,https://www.lazada.vn/products/pdp-i3162733306.html,755.000 ₫,,"6 Đã bán
China"
"Vòng đeo tay thể thao theo dõi nhịp tim, máy đo nhịp tim thông minh cho phụ nữ và nam giới, tự kỷ luật, chạy bộ, đa chức năng, máy đếm bước",https://www.lazada.vn/products/pdp-i3066216480.html,147.540 ₫,,
"(GIẢM SỐC 50%) Đồng Hồ Thông Minh Y36 Lắp Sim Nghe Gọi Video , Định Vị Cảnh Báo Chống Nước Có Tiếng Việt",https://www.lazada.vn/products/pdp-i3147788379.html,431.000 ₫,5.0,5 Đã bán
{CALL VIDEO } Đồng Hồ Thông Minh Y36 Lắp Sim Nghe Gọi - Định Vị Cảnh Báo Nguy Hiểm Chống Nước PX7 Có Tiếng Việt - Bảo hành Lỗi 1 Đổi 1,https://www.lazada.vn/products/pdp-i2793812463.html,456.000 ₫,3.0,15 Đã bán
Đồng hồ S16 PROGEN2 Ram4/64GB lắp sim nghe gọi độc lập camera xoay 180 độ tải ứng dụng chơi game AHAI STORE,https://www.lazada.vn/products/pdp-i2906679210.html,1.300.000 ₫,4.0,24 Đã bán
"Đồng hồ thông minh T800 Pro Max T800 pro max - Giá Tốt, Miễn Phí Vận Chuyển, Đủ Loại Đồng hồ thông minh T800, Nghe Gọi Chơi game Nhận thông báo sức khỏe Cho Nam Nữ",https://www.lazada.vn/products/pdp-i3113251024.html,185.000 ₫,4.0,11 Đã bán
"Đồng Hồ Thông Minh Chính Hãng GOOJODOQ 2024 WATCH Bluetooth Màn Hình Cảm Ứng HD 1.83 inch,Đo Nhịp Tim,IP67 chống nước thể dục theo dõi cuộc gọi",https://www.lazada.vn/products/pdp-i2739727623.html,304.400 ₫,4.0,156 Đã bán
"Đồng Hồ Y36 Trẻ Em Nghe Gọi 2 Chiều, Gọi Video, Định Vị GPS, Hàng Mới 100%",https://www.lazada.vn/products/pdp-i3167799708.html,433.000 ₫,5.0,22 Đã bán
"Đồng hồ thông minh lắp sim Q22, nghe gọi 2 chiều, video call hình ảnh, định vị toàn quốc, mạng 4G",https://www.lazada.vn/products/pdp-i3170266602.html,390.000 ₫,5.0,23 Đã bán
Lunashine Đồng hồ thông minh unisex thời trang có máy theo dõi nhịp tim và đèn ban đêm,https://www.lazada.vn/products/pdp-i3163524566.html,27.000 ₫,,"5 Đã bán
China"
Lunashine Vòng đeo tay thông minh Vòng đeo tay theo dõi sức khỏe đa chức năng nhịp tim/huyết áp/ngủ/đếm bước hỗ trợ hiển thị thời tiết theo dõi thể thao,https://www.lazada.vn/products/pdp-i3070505526.html,64.000 ₫,5.0,6 Đã bán
"Đồng Hồ Thông Minh Y68 Thay Được Hình Nền, Kết Nối Điện THoại Nhận Thông Báo Cuộc Gọi Facebook , Zalo Nam Nữ Đeo Được Đủ màu",https://www.lazada.vn/products/pdp-i1432944139.html,50.000 ₫,4.0,
Đồng hồ thông minh trẻ em lắp sim nghe gọi định vị A28(Q12) hỗ trợ tiếng việt,https://www.lazada.vn/products/pdp-i2016909893.html,199.000 ₫,4.0,
Đồng Hồ Thông Minh Thể Thao Theo Dõi Nhịp Tim Huyết Áp Chống Thấm Nước Màn Hình Cảm Ứng POSHI Cho Nam Và Nữ-INTL,https://www.lazada.vn/products/pdp-i1049182380.html,99.000 ₫,4.0,176 Đã bán
Đồng Hồ Thông Minh Bluetooth Không Thấm Nước Tập Thể Dục Huyết Áp Tracker Máy Theo Dõi Nhịp Tim Đồng Hồ Thông Minh Cho iPhone Android,https://www.lazada.vn/products/pdp-i975866487.html,92.352 ₫,3.0,233 Đã bán
LIGE 1.85 ''Màn hình cảm ứng đầy đủ Cuộc gọi Bluetooth Đồng hồ nam thông minh Chống nước Theo dõi oxy trong máu/Theo dõi áp suất Đồng hồ nữ thể dục + Hộp,https://www.lazada.vn/products/pdp-i2679359970.html,379.000 ₫,4.0,67 Đã bán
LIGE Đồng Hồ Thông Minh Nữ Chính Hãng Đồng Hồ Thông Minh Màn Hình Cảm Ứng Toàn Màn Hình Gọi Điện Bluetooth Đồng Hồ Chống Nước Mặt Số Đa Chức Năng Thể Thao Thời Trang + Hộp,https://www.lazada.vn/products/pdp-i2114840741.html,297.000 ₫,4.0,121 Đã bán
"Đồng Hồ Định Vị Trẻ Em Y36 Lắp Sim Nghe Gọi 2 Chiều , Smartwatch Trẻ Em Định Vị Chụp Ảnh , Call Video , Gọi Điện Video - Bảo hành Lỗi 1 Đổi 1 Tại Minh Khai Store",https://www.lazada.vn/products/pdp-i2793793237.html,430.000 ₫,5.0,17 Đã bán
T800 Siêu Loạt Đồng hồ thông minh 1.99-Inch màn hình cảm ứng trọn Bộ Bluetooth-Tương Thích Cuộc Gọi Không Dây Sạc Đồng Hồ,https://www.lazada.vn/products/pdp-i2534044896.html,135.948 ₫,,
Đồng Hồ Định Vị Trẻ Em W11 Gọi Video Call- Chống Nước - Thông Minh - Định Vị Trẻ Em - An Toàn Cho Bé - Bảo hành 1 đổi 1 trong 3 tháng,https://www.lazada.vn/products/pdp-i2147189768.html,289.000 ₫,5.0,399 Đã bán
Vòng đeo tay thông minh HONOR Band 9 - Chính hãng,https://www.lazada.vn/products/pdp-i2907532965.html,490.000 ₫,4.0,40 Đã bán
"Đồng hồ thông minh S10 Ultra 5g Ram 4GB/64GB lắp sim nghe gọi, màn hình Super Amoled, tải mọi game, Mạng xh, camera 180 độ, cảm ứng đa điểm, pin 1300mah Smartwatch - Tặng 1 dây thép bạc/đen, 1 dây sili đen, 1 dán màn, 1 ốp bạc, 1 củ sạc",https://www.lazada.vn/products/pdp-i2825361686.html,1.599.000 ₫,5.0,48 Đã bán
"Đồng Hồ Y36 Định Vị Bé Có Chế Độ Lớp Học, Gọi Video, Kết Nối Điện Thoại Phụ Huynh",https://www.lazada.vn/products/pdp-i3167778788.html,431.000 ₫,3.0,10 Đã bán
POSHI Đồng Hồ Thông Minh Trẻ Em Đồng Hồ Kỹ Thuật Số Thể Thao Trẻ Em Cho Bé Trai Bé Gái Đồng Hồ Thông Minh Chống Nước Màn Hình Cảm Ứng Mặt Số Tự Làm Đồng Hồ Thông Minh Trẻ Em Jam Tangan Kanak Kanak,https://www.lazada.vn/products/pdp-i1965976448.html,89.000 ₫,4.0,91 Đã bán
Lige cuộc gọi bluetooth theo dõi thể dục thể thao IP68 Đồng hồ thông minh chống thấm nước đèn pin đồng hồ nam giới và phụ nữ,https://www.lazada.vn/products/pdp-i3125069431.html,399.000 ₫,5.0,
Awei H36 Đồng hồ thông minh IP68 Không Thấm Nước Hợp kim kẽm Quay Số Siêu tuổi thọ pin dài SmartWatchs Cho Bơi Ngoài Trời Thể Thao,https://www.lazada.vn/products/pdp-i2413912637.html,769.000 ₫,5.0,25 Đã bán
Y68 Đồng Hồ Thông Minh Thể Thao Ban Nhạc Bluetooth Dây Đeo Tay Màn Hình Theo Dõi Máu Màn Hình Đồng Hồ Thông Minh Smartwatch Nam Nữ lazbaoo057,https://www.lazada.vn/products/pdp-i3075927966.html,50.000 ₫,4.0,13 Đã bán
Goojodoq Đồng hồ thông minh WATCH IP68 chống nước thể dục theo dõi cuộc gọi Bluetooth cho nam và nữ chống nước hoàn toàn,https://www.lazada.vn/products/pdp-i2669050081.html,304.400 ₫,4.0,91 Đã bán
"Lige mới thông minh Đồng hồ nam 2.01 ""Màn hình HD thể thao cuộc gọi Bluetooth đồng hồ thông minh cho nam giới 4GB Bộ nhớ 400mAh pin theo dõi nhịp tim Đồng hồ nam cho IOS Android",https://www.lazada.vn/products/pdp-i3138657430.html,739.000 ₫,,
Smartwatch 4 In 1 T20 Ultra 2 Full Screen 49mm Wireless Waterproof With 4 Bands,https://www.lazada.vn/products/pdp-i2838079701.html,139.000 ₫,,
LIGE thông minh Đồng hồ nữ Nam mới Cuộc gọi Bluetooth Trợ lý giọng nói Đồng hồ kỹ thuật số Bộ nhớ 1G Âm nhạc cục bộ Đồng hồ thời tiết cho Android iOS + Hộp,https://www.lazada.vn/products/pdp-i2274624367.html,319.000 ₫,4.0,102 Đã bán
LIGE Smart Men Watch Outdoor Sport Fitness Bluetooth Call Waterproof Bracelet Heart Rate Tracker Smartwatch + Box,https://www.lazada.vn/products/pdp-i2645581401.html,519.000 ₫,5.0,11 Đã bán
Đồng hồ thông minh Đồng hồ đeo tay trẻ em 4G chính hãng HOCO y104 cho trẻ em,https://www.lazada.vn/products/pdp-i2965714138.html,709.000 ₫,4.0,57 Đã bán
"Đồng thông minh T900 ultra 2 Max, đồng hồ Bluetooth, vòng đeo tay Smartwatch & Fitness Trackers",https://www.lazada.vn/products/pdp-i3148992596.html,318.439 ₫,,
Đồng hồ lắp sim nghe gọi video call C90 ( bản mới 2024) dành cho HS cấp 2 Smartwatch Đồng Hồ Thông Minh,https://www.lazada.vn/products/pdp-i2828065664.html,544.500 ₫,,
Đồng Hồ Thông Minh Trẻ Em AMA Watch Q12B Hàng nhập khẩu,https://www.lazada.vn/products/pdp-i2389723038.html,220.000 ₫,5.0,232 Đã bán
Phổ biến nhất M7 Đo Nhịp Tim Huyết Áp Vòng Tay M7 Đồng Hồ Thông Minh Dây Đeo Thông Minh Thể Thao Theo Dõi Sức Khỏe dành cho Nam Nữ,https://www.lazada.vn/products/pdp-i3141002116.html,43.000 ₫,5.0,
Lige 2023 Bluetooth nguyên bản gọi Smart Watch nữ âm thanh khỏe mạnh thời tiết calo thể thao chống nước nam Android iOS + hộp,https://www.lazada.vn/products/pdp-i2430668245.html,299.000 ₫,4.0,8 Đã bán
Đồng hồ thông minh đa chức năng t500s sr7 nghe gọi,https://www.lazada.vn/products/pdp-i2239389578.html,129.000 ₫,,
Lunashine Smartwatch với máy theo dõi nhịp tim và Bộ đếm bước chân cho những người đam mê thể dục,https://www.lazada.vn/products/pdp-i3163483636.html,16.000 ₫,5.0,5 Đã bán
Smartwatch với máy theo dõi nhịp tim và Bộ đếm bước chân cho những người đam mê thể dục,https://www.lazada.vn/products/pdp-i3063975303.html,20.000 ₫,3.0,18 Đã bán
POSHI Đồng Hồ Thông Minh Chính Hãng Đồng Hồ Thông Minh Theo Dõi Sức Khỏe Theo Dõi Nhịp Tim Cho Nam Đồng Hồ Thông Minh Đo Huyết Áp Cho Nữ Đồng Hồ Đeo Tay Chống Nước Thể Thao Cho Nam,https://www.lazada.vn/products/pdp-i1982269305.html,99.000 ₫,4.0,52 Đã bán
"Thiết kế cổ điển Đồng hồ nam kỹ thuật số LED, đồng hồ thép",https://www.lazada.vn/products/pdp-i2529200179.html,11.000 ₫,4.0,
"YONUO Trẻ em thông minh xem với các cuộc gọi video, GPS và ứng dụng học tập",https://www.lazada.vn/products/pdp-i3085748469.html,167.000 ₫,5.0,39 Đã bán
COVIEEZB Trẻ em Người lớn Ngoài trời Không thấm nước Quà tặng Chất lượng cao Đồng hồ thông minh Đồng hồ điện tử Đồng hồ đeo tay thể thao Đồng hồ led,https://www.lazada.vn/products/pdp-i3193262383.html,58.700 ₫,,
"Đồng hồ thông minh Taidu T500Ultra với theo dõi sức khỏe và thể chất, máy theo dõi nhịp tim và điều khiển camera từ xa",https://www.lazada.vn/products/pdp-i3125842359.html,84.000 ₫,5.0,5 Đã bán
"Đồng hồ thông minh Maimo Watch Flow, màn AMOLED, GPЅ độc lập, đo nhịp tim, SPO2, giấc ngủ, chu kỳ kinh nguyệt",https://www.lazada.vn/products/pdp-i3202244607.html,480.000 ₫,,
Đồng Hồ Trẻ Em Đồng Hồ Điện Tử Cho Bé Trai Đồng Hồ Báo Thức Thể Thao Chống Nước Đa Chức Năng,https://www.lazada.vn/products/pdp-i2529039768.html,11.600 ₫,5.0,
Thiết bị định vị GPS định vị chính xác trẻ em thú cưng Ôto Xe máy Smart Tag IP iOS Find My App,https://www.lazada.vn/products/pdp-i3173500405.html,88.000 ₫,5.0,22 Đã bán
Đồng Hồ Thông Minh Chống Nước Theo Dõi Nhịp Tim với Gọi Bluetooth và Tuổi Thọ Pin Dài,https://www.lazada.vn/products/pdp-i3220180103.html,2.572.000 ₫,4.0,
Đồng hồ Galaxy ULTRA 5G LTE lắp sim độc lập+ kết nối bluetooth nhận thông báo tải ứng dụng chơi game AHAI STORE,https://www.lazada.vn/products/pdp-i3180369094.html,1.950.000 ₫,5.0,
"Đồng Hồ Thông Minh Lắp Sim Trẻ Em Q20, nghe gọi 2 chiều, định vị toàn quốc, mạng 4G, App kết nối phụ huynh theo dõi con",https://www.lazada.vn/products/pdp-i3129129459.html,280.000 ₫,5.0,25 Đã bán
"Đồng hồ lắp sim định vị Y58C bản mới 2024 Wi fi, tik tok, f, tải z.a l, y t, vi deo call Đồng Hồ Thông Minh Smartwatch ( tặng kèm dây, đã dán cường lực )",https://www.lazada.vn/products/pdp-i2827918545.html,744.232 ₫,,
"Đồng Hồ Thông Minh Nam Nữ T800 Pro Max, Smatwatch Nghe gọi Không Lắp Sim Theo Dõi Sức Khỏe.......",https://www.lazada.vn/products/pdp-i3169245323.html,185.000 ₫,,
"Đồng Hồ Thông Minh Nghiên Cứu Glucose, Huyết Áp, Mỡ Máu Bluetooth Theo Dõi Nhịp Tim, Oxy, Sức Khỏe, Ngủ",https://www.lazada.vn/products/pdp-i3179087211.html,3.417.000 ₫,4.0,
Đồng Hồ Thông Minh Y68 Chống Nước Kết Nối Bluetooth Hỗ Trợ Theo Dõi Sức Khỏe,https://www.lazada.vn/products/pdp-i1627790756.html,59.000 ₫,4.0,13 Đã bán
Đồng hồ thông minh hình vuông Màn hình hiển thị kỹ thuật Số bóng Led mới jiashi có máy theo dõi nhịp tim cho Cặp Đôi và học sinh,https://www.lazada.vn/products/pdp-i3099339153.html,58.000 ₫,5.0,14 Đã bán
Đồng Hồ Thông Minh Y68 Kết Nối Bluetooth Hỗ Trợ Theo Dõi Sức Khỏe,https://www.lazada.vn/products/pdp-i2239675232.html,59.000 ₫,5.0,11 Đã bán
Định vị không dây nghe gọi GF-07 siêu nhỏ tiên lợi và nhiều tính năng nổi bật (LBS Tracker),https://www.lazada.vn/products/pdp-i2466454819.html,135.432 ₫,3.0,14 Đã bán
"Đồng Hồ Thông Minh Trẻ Em Y36, Kháng Nước, Định Vị. Lắp Sim Nghe Gọi Video, Chụp Ảnh, Độ Bền Cao - Lỗi 1 Đổi 1",https://www.lazada.vn/products/pdp-i2794103803.html,430.000 ₫,5.0,15 Đã bán
"Lunashine Đồng hồ thông minh t500ultra với theo dõi sức khỏe và thể chất, máy theo dõi nhịp tim và điều khiển camera từ xa",https://www.lazada.vn/products/pdp-i3163596293.html,94.000 ₫,,
Lige NFC Thông Minh Đồng hồ nam TWS 2-Trong 1 Tai Nghe cuộc gọi Bluetooth Nhịp Tim Huyết Áp Sức Khỏe Tai nghe phòng thu Chơi Âm Nhạc Đồng hồ thông minh Cho Nam Giới + Hộp,https://www.lazada.vn/products/pdp-i3060530188.html,859.000 ₫,5.0,
Taidu Đồng hồ thông minh s10pro huaqiang Bắc 2025 Đồng hồ bluetooth mới NFC thanh toán đầy đủ chức năng iwatchs10,https://www.lazada.vn/products/pdp-i3154610182.html,226.800 ₫,,
"(GỌI VIDEO) Đồng Hồ Định vị Trẻ Em Cao Cấp Y36 (bản 2024), Nghe Gọi Video 4G, Định Vị, chống nước IP67, Camera, sử dụng Tiếng Việt",https://www.lazada.vn/products/pdp-i2706962615.html,425.600 ₫,4.0,118 Đã bán
Đồng hồ thông minh T900ultra2 Đồng hồ thể thao cuộc gọi bluetooth T900ultra dành cho nam và nữ,https://www.lazada.vn/products/pdp-i3136086052.html,168.000 ₫,,
"New kospet Tank T3 Đồng hồ thông minh cho phong cách quân sự cho nam gồ ghề 1.46 ""AMOLED chống nước tập thể dục đồng hồ điện tử",https://www.lazada.vn/products/pdp-i2609104490.html,2.031.040 ₫,,
"Đồng Hồ Thông Minh Y68 Kết Nối Điện Thoại,Phù Hợp Nam Nữ, Thay Được Hình Nền , Nhận Thông Báo",https://www.lazada.vn/products/pdp-i2807908553.html,59.000 ₫,4.0,57 Đã bán
"Đồng hồ thông minh Xiaomi Watch S4 | Màn hình AMOLED 1,43” với độ sáng vượt trội | Thiết kế khung viền hoán đổi mới | Núm vặn kiểu cổ điển cho cảm giác thuận tiện khi sử dụng",https://www.lazada.vn/products/pdp-i3080150951.html,3.490.000 ₫,5.0,22 Đã bán
"Đồng hồ thông minh ARMODD Squarz 12 Pro kết nối điện thoại, đọc tin nhắn",https://www.lazada.vn/products/pdp-i3160277416.html,489.000 ₫,,
Đồng hồ thông minh T8 Android Samsung có bluetooth,https://www.lazada.vn/products/pdp-i3100702368.html,160.000 ₫,,
LIGE Đồng Hồ Thông Minh Gọi Bluetooth Mới Đồng Hồ Thể Dục Thể Thao Màn Hình Cảm Ứng Toàn Bộ Cho Nam Đồng Hồ Thông Minh Chống Nước Đa Động Cho Android Ios + Hộp,https://www.lazada.vn/products/pdp-i1953963872.html,699.000 ₫,4.0,299 Đã bán
"Đồng Hồ Thông Minh Nam Nữ T800 Pro Max, Smatwatch Nghe gọi Không Lắp Sim Theo Dõi Sức Khỏe",https://www.lazada.vn/products/pdp-i3035327052.html,168.000 ₫,,
"Đồng hồ thông minh Y68 ,thay hình nền đo nhịp tim,nhắc cuộc gọi",https://www.lazada.vn/products/pdp-i2494107687.html,39.008 ₫,4.0,83 Đã bán
Đồng Hồ Thông Minh Trẻ Em Lắp Sim Y92 Và Q12 Định Vị Nghe Gọi Nhắn Tin Chống Nước Có Tiếng Việt.Bao,https://www.lazada.vn/products/pdp-i1980303015.html,195.000 ₫,4.0,97 Đã bán
[Hỗ trợ cho cuộc gọi] Đồng hồ thể thao thông minh HOCO Y20 Đồng hồ nam 1.53inch IP67 chống nước BT 5.1 đồng hồ cơ phát hiện hỗ trợ nhịp tim 22 Ngôn ngữ thể thao đồng hồ tập luyện cho IOS Android tất cả điện thoại thông minh đồng hồ thể thao phổ thông,https://www.lazada.vn/products/pdp-i2582305211.html,688.000 ₫,5.0,21 Đã bán
【Hỗ trợ tiếng Việt】HOCO Y104 Đồng hồ thông minh trẻ em 4G SIM1.69-inch 2.5D Màn hình GPS LBS WIFI Địa điểm Cuộc gọi video IP65 Không thấm nước Trẻ em Đồng hồ thông minh Quà tặng phổ quát cho tất cả điện thoại thông minh,https://www.lazada.vn/products/pdp-i3028064108.html,714.230 ₫,4.0,26 Đã bán
Taidu thời trang unisex Smartwatch với máy theo dõi nhịp tim và đèn ban đêm,https://www.lazada.vn/products/pdp-i3104631125.html,36.750 ₫,5.0,
"[Mới][Thay hình nền] Đồng hồ thông minh watch 7 Max Đo Nhịp tim, calo tiêu thụ, Kháng nước, Nghe gọi",https://www.lazada.vn/products/pdp-i2893322375.html,299.000 ₫,5.0,5 Đã bán
"Đồng hồ thông minh thể thao nam và nữ với màn hình lớn y56 2023 để theo dõi nhịp tim, giấc ngủ, oxy trong máu, đo lượng calo, gợi ý thông tin về cuộc gọi, đồng hồ thông minh đa chức năng, điện thoại Android",https://www.lazada.vn/products/pdp-i3140901883.html,58.900 ₫,,197 Đã bán
Đồng Hồ Thông Minh D20 Theo Dõi Nhịp Tim Huyết Áp 1.3 inch Chống Thấm Nước Y68,https://www.lazada.vn/products/pdp-i3100523412.html,62.000 ₫,5.0,
LIGE Đồng Hồ Thông Minh Nam Mới Đồng Hồ Nam đồng hồ chống nước Cảm Ứng Hoàn Toàn đồng hồ chống nước tuyệt đối Gọi Điện Trả Lời Cho Android IOS + Hộp,https://www.lazada.vn/products/pdp-i2057381836.html,699.000 ₫,4.0,31 Đã bán
E-WOITD Đồng hồ thông minh cho trẻ em Đồng hồ thông minh cho bé gái Đồng hồ thông minh cho trẻ em tuổi 4-12 tuổi,https://www.lazada.vn/products/pdp-i3179333346.html,152.993 ₫,,
Vòng Đeo Tay Thông Minh M7 Nhịp Tim Huyết Áp Bluetooth Bước Âm Nhạc Thời Tiết Theo Dõi Giấc Ngủ Vòng Đeo Tay Thể Thao Thông Minh M7,https://www.lazada.vn/products/pdp-i3066296067.html,114.000 ₫,,
Đồng hồ thông minh ZL02D đo nhịp tim huyết áp giám sát sức khỏe cá tính cho nam,https://www.lazada.vn/products/pdp-i2496903917.html,335.000 ₫,5.0,12 Đã bán
"Đồng hồ thông minh BIKA dành cho nam nữ (Trả lời / Gọi) Đồng hồ theo dõi sức khỏe 1.28 ""HD với 30 chế độ thể thao Nhịp tim / SpO2 / Màn hình giấc ngủ IP68 Chống nước cho iPhone Android",https://www.lazada.vn/products/pdp-i3108559975.html,411.226 ₫,,
Lige Mới cuộc gọi Bluetooth đồng hồ thông minh Người Đàn Ông Bằng Giọng Nói Trợ Lý thể dục thể thao Vòng Đeo Tay Với Đèn Pin Thể Thao Không Thấm Nước Đồng hồ thông minh Phụ Nữ Cho iOS Android + Hộp,https://www.lazada.vn/products/pdp-i2655133433.html,529.000 ₫,3.0,19 Đã bán
Đồng hồ thông minh Y68 đen bạc thay được hình nền cá nhân,https://www.lazada.vn/products/pdp-i1653231255.html,82.000 ₫,,
"Đồng Hồ Thông Minh Y68 PHÙ HỢP CẢ NAM VÀ NỮ Nhiều Màu Thay Được Hình Nền ,Đo Nhịp Tim,Kết nối với điện thoại.",https://www.lazada.vn/products/pdp-i1665852302.html,67.000 ₫,4.0,841 Đã bán
"Vòng Tay Thông Minh, Đồng Hồ Thông Minh Band M7 - chống nước IP67",https://www.lazada.vn/products/pdp-i1383878792.html,89.000 ₫,,
"Đồng hồ thông minh WONLEX 4G CT01 , định vị GPS , gọi video",https://www.lazada.vn/products/pdp-i1957453384.html,945.000 ₫,5.0,24 Đã bán
Đồng Hồ Đeo Tay Thông Minh 119 Plus Chống Nước Hỗ Trợ Theo Dõi Sức Khỏe Kèm Phụ Kiện Chất Lượng Cao,https://www.lazada.vn/products/pdp-i3100573843.html,99.000 ₫,,
"Đồng hồ đeo tay thông minh smartwatch - Theo dõi sức khỏe, đo nhịp tim",https://www.lazada.vn/products/pdp-i3100761156.html,89.000 ₫,,
Lige Thông Minh Đồng hồ nam đèn pin ngoài trời đồng hồ quân đội nhịp tim không thấm nước Thể Thao Đồng hồ thể dục cuộc gọi Bluetooth đồng hồ thông minh Nam Giới Cho IOS Android,https://www.lazada.vn/products/pdp-i2881481990.html,419.000 ₫,4.0,50 Đã bán
( HÀNG LOẠI 1 ) Đồng Hồ Thông Minh Trẻ Em Smartwatch Cho Bé Yêu Đồng Hồ Đeo Tay Gắn Sim Nghe Gọi 2 Chiều Đinh Vị Trẻ Em Q12-Hỗ Trợ Camera Tiếng Việt Lượng Pin 400mah Chống Nước IP67 SOS Cuộc Gọi Khẩn Cấp. Bảo Hành 1Năm.,https://www.lazada.vn/products/pdp-i1757571990.html,270.691 ₫,5.0,
Bộ vòng tay thông minh ID115 kết nối Bluetooth theo dõi sức khỏe,https://www.lazada.vn/products/pdp-i3100372674.html,79.000 ₫,,
"( SALE 50% ) Đồng Hồ Thông Minh Cho Trẻ Em, Học sinh, Sinh Viên Định Vị Wifi Gọi Điện Thoại, Video Call Watch C90 Hàng Nhập Khẩu.",https://www.lazada.vn/products/pdp-i3187481202.html,900.000 ₫,,
Đồng hồ thông minh Smart watch Y68,https://www.lazada.vn/products/pdp-i1627896879.html,25.000 ₫,5.0,11 Đã bán
Đồng hồ định vị trẻ em Q12 lắp sim nghe gọi định vị chống nước IP6,https://www.lazada.vn/products/pdp-i1322045796.html,289.000 ₫,4.0,
Đồng Hồ Thông Minh 4G Dành Cho Trẻ Em Với Cuộc Gọi Video Và Máy Ảnh Vị Trí GPS SOS - Thẻ Sim Đồng Hồ Thông Minh Tương Thích Dành Cho Bé Trai Và Bé Gái,https://www.lazada.vn/products/pdp-i3187517020.html,891.000 ₫,,
Đồng Hồ Điện Tử M3 Thể Thao và Theo Dõi Sức Khỏe- Đo Huyêt Áp -Đếm Bước Chạy- Chống Nước - Dùng Trên IOS Và Andr,https://www.lazada.vn/products/pdp-i3100655806.html,98.010 ₫,,
Lige không có màn hình đồng hồ thông minh Nam Giới Và Phụ Nữ Nhịp Tim Và Huyết Áp Đa-Chức Năng thể dục sức khỏe 1ATM Không Thấm Nước 100 + Thể Thao Chế Độ Vòng Đeo Tay Cho Unisex,https://www.lazada.vn/products/pdp-i2975114172.html,499.000 ₫,5.0,6 Đã bán
Đồng Hồ Thông Minh 119 Plus Theo Dõi Sức Khỏe Kèm Phụ Kiện Chất Lượng Cao,https://www.lazada.vn/products/pdp-i3100451922.html,135.771 ₫,,
"Đồng Hồ Thông Minh Xiaomi Redmi Watch 5 LITE #Màu Gold – Phiên Bản Quốc Tế, Bảo Hành Chính Hãng 12 Tháng",https://www.lazada.vn/products/pdp-i2834984531.html,1.170.000 ₫,5.0,101 Đã bán
Đa chức năng trẻ em xem dây đeo silicone wifi Waterproof Watch Chức năng gọi cho bé gái tf-uss-vn,https://www.lazada.vn/products/pdp-i3172119137.html,31.000 ₫,,
Đồng hồ thông minh Smartwatch,https://www.lazada.vn/products/pdp-i2576921587.html,270.000 ₫,,
"GỌI VIDEO CALL Đồng hồ thông minh Nghe Gọi định vị trẻ em cao cấp Y36 nghe gọi video. chống nước IP67, tiếng việt",https://www.lazada.vn/products/pdp-i2492787502.html,185.000 ₫,5.0,31 Đã bán
Đồng Hồ Thông Minh Trẻ Em Y92 Lắp Sim Nghe Gọi Định Vị Nhắn Tin Chống Nước Có Tiếng Việt Bảo Hành 12 Tháng,https://www.lazada.vn/products/pdp-i1920808937.html,380.000 ₫,4.0,180 Đã bán
Đồng Hồ Thông Minh 115plus Chống Thấm Nước Hỗ Trợ Theo Dõi Nhịp Tim Huyết Áp Kèm Phụ Kiện,https://www.lazada.vn/products/pdp-i3105728259.html,140.000 ₫,,
"Đồng hồ thông minh Maimo Watch Flow, màn AMOLED, GPS độc lập",https://www.lazada.vn/products/pdp-i3201725374.html,539.000 ₫,,
WATCH 6 - Đồng hồ thông minh Samsung Galaxy WATCH6 - Bluetooth/Lte - 40mm/44mm - Hàng chính hãng,https://www.lazada.vn/products/pdp-i3068186211.html,2.890.000 ₫,,
2024 Thiết Kế Cơ Khí Kim Cương Smartwatch AW47 Đồng hồ thạch anh Bt Cuộc Gọi Theo Dõi Sức Khỏe Android Màn hình AMOLED Đồng Hồ Cho Nam Giới,https://www.lazada.vn/products/pdp-i2648349552.html,999.999 ₫,,
Đồng hồ thể thao sinh viên tối giản xu hướng khí chất cá nhân cảm ứng phát sáng gương màn hình đồng hồ vuông phong cách Ins,https://www.lazada.vn/products/pdp-i2545533423.html,28.600 ₫,5.0,813 Đã bán
Đồng hồ thông minh Haylou RS5 - 150 chế độ thể thao - Màn hình Amoled 2.01 inch - Cuộc gọi bluetooth,https://www.lazada.vn/products/pdp-i2667701080.html,990.000 ₫,5.0,
LIGE Smart Men Watch Health Monitoring Bracelet Outdoor Flashlight Smart Bluetooth Call Watch Men For Android iOS + Box,https://www.lazada.vn/products/pdp-i2874424061.html,749.000 ₫,5.0,10 Đã bán
"Đồng hồ thông minh Kieslect Actor Leading - Màn hình LTPO 1,6"" - Theo dõi sức khỏe 24H - Hơn 150 chế độ thể thao",https://www.lazada.vn/products/pdp-i2969842838.html,1.790.000 ₫,1.6,
Lige 1.85 ''Màn hình cảm ứng trọn bộ cuộc gọi bluetooth thông minh Đồng hồ nam không thấm nước oxy máu giám sát/giám sát áp suất nữ thể hình đồng hồ + Hộp,https://www.lazada.vn/products/pdp-i2679490710.html,379.000 ₫,4.0,25 Đã bán
Đồng hồ thông minh cao cấp PUTOCA U8 thế hệ mới,https://www.lazada.vn/products/pdp-i3100742035.html,109.000 ₫,,
"Đồng hồ thông minh trẻ em định vị chống nước Z19 lắp sim nghe gọi 2 chiều có tiếng việt, camera, nghe lén từ xa, màn hình cảm ứng, có đèn pin(đồng hồ hot, đồng hồ đeo tay cho bé)",https://www.lazada.vn/products/pdp-i1310761481.html,325.000 ₫,4.0,
"Đồng hồ thông minh Z7 Ultra dành cho nam, thể thao ngoài trời, màn hình lớn 1,46 inch, gọi điện Bluetooth, theo dõi sức",https://www.lazada.vn/products/pdp-i2893234846.html,345.000 ₫,5.0,13 Đã bán
LIGE Đồng Hồ Nam thông minh mới Đồng hồ thể dục dây đeo tay thông minh IP68 đồng hồ Nữ chống nước Máy theo dõi thể thao Play âm nhạc Vòng đeo tay + Hộp,https://www.lazada.vn/products/pdp-i1315894325.html,229.000 ₫,3.0,34 Đã bán
POSHI Đồng Hồ Thể Thao Nam Mới Đồng Hồ Kỹ Thuật Số Thông Minh Đồng Hồ Thông Minh Chống Nước Đo Huyết Áp Nhịp Tim Màn Hình Màu Cho Nữ Cho Nam Giới Mứt Tangan Lelaki,https://www.lazada.vn/products/pdp-i1800347877.html,129.000 ₫,2.0,7 Đã bán
E-WOITD Ngoài trời thể thao người đàn ông thông minh đồng hồ bluetooth nói chuyện thể thao Heart Rate Monitor Đồng hồ thông minh đa chức năng đèn pin thông minh đồng hồ,https://www.lazada.vn/products/pdp-i3186336834.html,123.139 ₫,,
Trái Cây Sao⭐New M7 Vòng đeo tay thông minh thời trang không thấm nước điều khiển bằng cảm ứng Đồng hồ LED cho thể thao,https://www.lazada.vn/products/pdp-i3191927843.html,19.000 ₫,,
"Trẻ Em Thể Thao Đồng Hồ Chống Thấm Nước, Đồng Hồ Điện Tử, Đèn Ngủ Đa Năng Cho Học Sinh Thanh Thiếu Niên Đồng Hồ Báo Thức",https://www.lazada.vn/products/pdp-i2450187024.html,32.000 ₫,4.0,139 Đã bán
"VINTLOOK Đồng hồ thông minh T500Ultra với theo dõi sức khỏe, đo nhịp tim và điều khiển camera từ xa",https://www.lazada.vn/products/pdp-i3126478805.html,129.000 ₫,5.0,
Taidu thời trang unisex Smartwatch với máy theo dõi nhịp tim và đèn ban đêm,https://www.lazada.vn/products/pdp-i3165010644.html,71.000 ₫,5.0,
Đồng hồ thông minh thể thao M4 chống nước kết nối Bluetooth,https://www.lazada.vn/products/pdp-i3100721159.html,59.880 ₫,,
Đồng hồ thông minh Realme DIZO Watch D - Hàng mới 100% FULLBOX,https://www.lazada.vn/products/pdp-i3105086224.html,348.000 ₫,5.0,
"Đồng Hồ Thông Minh Trẻ Em Y36 Gọi Video Bản 2023 Hỗ Trợ Kháng Nước, Định Vị. Lắp Sim Nghe Gọi, Chụp Ảnh, Độ Bền Cao",https://www.lazada.vn/products/pdp-i2484057068.html,518.700 ₫,4.0,838 Đã bán
Đồng hồ thông minh Y68 chống nước kết nối bluetooth hỗ trợ theo dõi sức khỏe,https://www.lazada.vn/products/pdp-i2494266143.html,59.000 ₫,5.0,
"Đồng hồ thông minh t800 Pro Max, Đồng hồ thông minh cao cấp - Theo dõi sức khỏe đầy đủ chức năng",https://www.lazada.vn/products/pdp-i3075831150.html,229.000 ₫,5.0,11 Đã bán
Đồng Hồ Thông Minh T500 maxx Theo Dõi Sức Khỏe. KẾT NỐI 5.0 .BẢO HÀNH 6 THÁNG. 1 ĐỔI 1 TRONG 2 THÁNG,https://www.lazada.vn/products/pdp-i2533662511.html,145.000 ₫,5.0,
Đồng hồ Thông minh Chống nước IP67 Dành cho Trẻ em nhuẩn AMA Watch Q16S,https://www.lazada.vn/products/pdp-i2389645241.html,420.000 ₫,5.0,169 Đã bán
[HOT]Đồng Hồ Thông Minh Y68 Bluetooth D20 Theo Dõi Sức Khỏe,https://www.lazada.vn/products/pdp-i2378172112.html,49.000 ₫,4.0,34 Đã bán
ĐỒNG HỒ M6 ĐEO TAY THÔNG MINH KẾT NỐI BLUETOOTH ĐA CHỨC NĂNG,https://www.lazada.vn/products/pdp-i2239583985.html,59.000 ₫,,
Đồng Hồ Thông Minh D20s Y68 D20 / Y68 Theo Dõi Sức Khỏe Kèm Phụ Kiện,https://www.lazada.vn/products/pdp-i2378491827.html,63.000 ₫,5.0,5 Đã bán
Nghe gọi trực tiếp trên đồng hồ - Đồng Hồ Thông Minh M26 Kết Nối Bluetooth Chống Nước Cho Android IOS -dc3313,https://www.lazada.vn/products/pdp-i1383970295.html,159.000 ₫,,
[ ĐỊNH VỊ GPS ] Đồng Hồ Thông Minh Định Vị Trẻ Em C90 WATCH LUXURY | Lắp Sim Nghe Gọi Độc Lập | Video Call Cho Bé,https://www.lazada.vn/products/pdp-i3187313681.html,900.000 ₫,,
Đồng hồ thông minh thể thao M3 chống nước kết nối Bluetooth,https://www.lazada.vn/products/pdp-i3100715107.html,79.000 ₫,,
"Đồng Hồ Định Vị Trẻ Em Q12 Chống Nước, Gọi 2 Chiều, Video Call, SOS Khẩn Cấp – Theo Dõi Vị Trí Qua App – Màn Hình Cảm Ứng – An Toàn Cho Bé – Kết Nối 4G – Camera Selfie – Pin Lâu",https://www.lazada.vn/products/pdp-i3133497176.html,249.000 ₫,5.0,14 Đã bán
"Lunashine Smartwatch với nhịp tim, huyết áp và theo dõi giấc ngủ",https://www.lazada.vn/products/pdp-i3167919543.html,48.000 ₫,,
"[Sim 4G][Hàng Mới nhất] Đồng hồ thông minh cho bé D17 - Nghe gọi, định vị, video call, sức khoẻ nhịp tim bước chân",https://www.lazada.vn/products/pdp-i2487599480.html,579.000 ₫,5.0,
[HCM]Đồng hồ thông minh hỗ trợ sim điện thoại Smartwatch DZ09 (trắng) + Tặng tai nghe mini 155tuyetKU,https://www.lazada.vn/products/pdp-i1664742358.html,387.030 ₫,,
"ĐỒNG HỒ THÔNG MINH T-Watch X 45mm- SMART WATCH SERI 8 -Thay được hình nền tùy ý - Gọi điện nghe nhạc trực tiếp - Chơi Game -Thiết kế smart watch seri 8 tổ ong , Chống nước - 100% Tiếng Việt- Thông báo tin nhắn",https://www.lazada.vn/products/pdp-i2862787695.html,246.510 ₫,5.0,28 Đã bán
Bika 2024 Mới Đồng Hồ Thông Minh IP67 Chống Nước Bluetooth Nam Nữ Toàn Màn Hình Cảm Ứng Thể Thao Đồng Hồ Cho Android IOS Đồng Hồ Thông Minh Nam,https://www.lazada.vn/products/pdp-i3108647640.html,408.835 ₫,,
Đồng Hồ Thông Minh D20s Y68 D20 / Y68 Theo Dõi Sức Khỏe Kèm Phụ Kiện,https://www.lazada.vn/products/pdp-i2378508648.html,63.000 ₫,,
Đồng Hồ Thông Minh Y68 Bluetooth D20 Theo Dõi Sức Khỏe,https://www.lazada.vn/products/pdp-i2378561146.html,45.000 ₫,4.0,36 Đã bán
Đồng hồ Thông minh Trẻ em W11 định vị lắp sim nghe gọi video call 2 chiều tích hợp sim 4G,https://www.lazada.vn/products/pdp-i1907641746.html,499.000 ₫,4.0,
KINGWEAR Smartwatch KW22 Metal Square Screen IP68 Không thấm nước Huyết áp Ngủ Nhịp tim Theo dõi sức khỏe Bluetooth Sport Watch,https://www.lazada.vn/products/pdp-i2890214663.html,179.000 ₫,5.0,
Lige Đồng hồ thông minh cho nữ cuộc gọi bluetooth kết nối điện thoại thể dục thể thao nhạc vòng đeo tay theo dõi giấc ngủ 1.83inch phụ nữ Smartwatch + Hộp,https://www.lazada.vn/products/pdp-i2366117537.html,339.000 ₫,4.0,93 Đã bán
"Vòng Đeo Tay Thông Minh Skmei BOZLUN M4, Vòng Đeo Tay Thể Thao Thông Minh Bluetooth Theo Dõi Sức Khỏe, Đo Nhịp Tim, Huyết Áp, Tương Thích Với IOS Android",https://www.lazada.vn/products/pdp-i955948295.html,101.000 ₫,4.0,50 Đã bán
Đồng hồ thông minh M5 plus vòng đeo tay sức khỏe đo nhịp tim,https://www.lazada.vn/products/pdp-i3100520374.html,99.000 ₫,,
Đồng Hồ Thông Minh Y68 / D20 Fitpro IP67 Chống Thấm Nước 1.44,https://www.lazada.vn/products/pdp-i3100316862.html,49.000 ₫,,
Đồng hồ thông minh 115PLUS thể thao có thể đo nhịp tim,https://www.lazada.vn/products/pdp-i1628012295.html,90.000 ₫,,
đồng hồ thông minh chống nước theo dõi sức khoẻ smart bracelet,https://www.lazada.vn/products/pdp-i2239640861.html,79.000 ₫,,
Đồng hồ thông minh chống thấm nước 116 Plus hỗ trợ theo dõi sức khỏe,https://www.lazada.vn/products/pdp-i2494176683.html,59.000 ₫,,
Đồng hồ định vị trẻ em Z66 nghe gọi lắp sim định vị gọi cấp cứu chống nước bảo hành 3 tháng,https://www.lazada.vn/products/pdp-i1322059466.html,325.000 ₫,4.0,
Đồng hồ thông minh samusng Galaxy Watch 6 gọi điện thoại qua bluetooth sạc không dây cho Android và IOS Smartwatch VS Hello Watch HK9 Ultra H11 H12 H13 Ultra2 HK9 hk8 Pro Max Ultra,https://www.lazada.vn/products/pdp-i2554305379.html,358.000 ₫,3.0,108 Đã bán
"SADA trẻ em giáo dục đồng hồ: 5g, cuộc gọi video, nhiều định vị, alipay, xiaodu trợ lý, không thấm nước-màu hồng",https://www.lazada.vn/products/pdp-i3076026008.html,344.000 ₫,3.0,7 Đã bán
Đồng Hồ Thông Minh 4G Dành Cho Trẻ Em Với Cuộc Gọi Video Và Máy Ảnh Vị Trí GPS SOS - Thẻ Sim Chống Nước Đồng Hồ Thông Minh Tương Thích Dành Cho Bé Trai Và Bé Gái,https://www.lazada.vn/products/pdp-i2950036284.html,130.000 ₫,4.0,58 Đã bán
"Đồng Hồ Thông Minh Thế Hệ Mới , Nghe Gọi Kết Nối Điện Thoại Nhận Thông Báo không cần lắp sim- Đo nhịp tim, Chống nước *",https://www.lazada.vn/products/pdp-i2974683586.html,250.000 ₫,,
Đồng Hồ Thông Minh D18 Theo Dõi Sức Khỏe Kèm Phụ Kiện,https://www.lazada.vn/products/pdp-i3100496379.html,59.000 ₫,,
POSHI Đồng Hồ Thông Minh Màn Hình Cảm Ứng Toàn Bộ Cho Nữ Đồng Hồ Thông Minh Thể Dục Chống Nước Mẫu Mới 2022 Chính Hãng Đồng Hồ Thể Thao Thời Trang Cho Nam Jam Tangan Wanita,https://www.lazada.vn/products/pdp-i1984786177.html,99.000 ₫,3.0,13 Đã bán
Smart Watch Sport Tracker Stainless Steel Sturdy Material Band Color Screen for Men Women Gifts TF-Hom-VN,https://www.lazada.vn/products/pdp-i2973247326.html,27.000 ₫,5.0,5 Đã bán
"(SALE 50%) Đồng Hồ Thông Minh Trẻ Em Y36 Hỗ Trợ Nghe Gọi 2 Chiều, Định Vị Chính Xác, Bảo Vệ Bé Mọi Lúc",https://www.lazada.vn/products/pdp-i3161404185.html,430.000 ₫,5.0,
Đồng hồ điện thoại thông minh A1 kiểu dáng hiện đại gắn sim thẻ,https://www.lazada.vn/products/pdp-i1628006222.html,145.000 ₫,2.0,
Đồng Hồ Thông Minh 115 Plus / M3 Hỗ Trợ Theo Dõi Sức Khỏe Kèm Phụ Kiện,https://www.lazada.vn/products/pdp-i2244203082.html,72.532 ₫,,
"Đồng Hồ Thông Minh Đo Glucose Máu, Huyết Áp, Bão Hoà Oxy, Theo Dõi Nhịp Tim 24 Giờ, Nghiên Cứu Sức Khỏe, Thể Thao, Theo Dõi Giấc Ngủ",https://www.lazada.vn/products/pdp-i3178339930.html,2.148.000 ₫,,
2024 Original S8 Ultra Smart Watch Series 8 1.44 inch Men Women Bluetooth Call Waterproof Sport Fitness SmartWatch For SAMSUNG HUAWEI XIAOMI Android Ios,https://www.lazada.vn/products/pdp-i2838286210.html,89.000 ₫,,
Đồng hồ thông minh thể thao M4 chống nước kết nối Bluetooth,https://www.lazada.vn/products/pdp-i3100626914.html,65.000 ₫,,
"Đồng hồ thông minh T700S tràn viền khung thép cao cấp, Đồng hồ Smartwatch đầy đủ chức năng dành cho mọi độ tuổi",https://www.lazada.vn/products/pdp-i2654664752.html,155.000 ₫,5.0,
Đồng hồ thông minh TAGG Verve NEO Smartwatch,https://www.lazada.vn/products/pdp-i3154971238.html,389.000 ₫,,
"ĐỒNG HỒ THEO DÕI Đồng Hồ Định Vị Trẻ Em Y7 SMART-Màn Hình Cảm Ứng. Đồng hồ thông minh mỏng đẹp, đo nhịp tim. Gắn SIM gọi điện, màn hình cảm ứng,Tuổi Thọ Pin 400 mAh Cao, Nghe Gọi 2 Chiều nhắn tin, Hiển Thị Rõ",https://www.lazada.vn/products/pdp-i2005703005.html,560.000 ₫,4.0,68 Đã bán
Đồng hồ Thônh minh Mặt tròn lắp Sim 4G Nghe gọi có Chplay Kết nối Wifi 4G bluetooth Tải ứng dụng Định vị Google Map Model 2024 AMA Smart Watch H10,https://www.lazada.vn/products/pdp-i2546820085.html,1.992.000 ₫,5.0,173 Đã bán
"Vòng đeo tay thông minh M4 thế hệ mới. Kết nối bluetooth, chống nước. Hỗ trợ chăm sóc theo dõi sức khoẻ và luyện tập thể thao. Nhận thông báo cuộc gọi, tin nhắn//T5H3",https://www.lazada.vn/products/pdp-i1804976207.html,72.000 ₫,,
Vintlook Vòng đeo tay thông minh Đa-Chức Năng Theo Dõi Sức Khỏe Nhịp Tim/Huyết Áp/Ngủ/đếm bước Hỗ Trợ hiển thị thời tiết Thể Thao Theo Dõi Vòng Đeo Tay,https://www.lazada.vn/products/pdp-i3071122214.html,71.000 ₫,,
"❤Cod❤S8ultra Smartwatch tập thể dục bước, nhịp tim, huyết áp, oxy máu, Vòng Đeo Tay Bluetooth 1.44inch",https://www.lazada.vn/products/pdp-i2383371650.html,149.000 ₫,,
2025New V99 1.85-inch Ultra HD Smart Watch NFC GPS sensing Bluetooth Call 710 Mah Large Battery Sports Fitness IP68 smartwatch,https://www.lazada.vn/products/pdp-i3088836291.html,999.736 ₫,,
TAIDU Đồng Hồ Thông Minh với Chức Năng Theo Dõi Nhịp Tim và Đếm Bước Đi Cho Người Yêu Thể Thao,https://www.lazada.vn/products/pdp-i3125734891.html,27.300 ₫,5.0,22 Đã bán
֎Đồng hồ Smart Watch hoco Y3 (160g) Bảo hành 12 tháng,https://www.lazada.vn/products/pdp-i2658850152.html,367.000 ₫,5.0,
Lige GPS Và La Bàn Đồng hồ thông minh IP68 Không Thấm Nước Ngoài Trời Thể Thao Đèn pin Led Quân Đồng Hồ Thông Minh Người Đàn Ông Cho IOS Android,https://www.lazada.vn/products/pdp-i3186624673.html,899.000 ₫,,
"Lige Mới 1.47 ""HD màn hình cong Đồng hồ thông minh Nam Giới cuộc gọi Bluetooth Ai Bằng Giọng Nói Bộ theo dõi sức khỏe Thông Minh Đồng hồ nữ Cho iOS Android + Hộp",https://www.lazada.vn/products/pdp-i3059800048.html,589.000 ₫,,
"Đồng Hồ Thông Minh Y68 PHÙ HỢP CẢ NAM VÀ NỮ Nhiều Màu Thay Được Hình Nền ,Đo Nhịp Tim,Kết nối với điện thoại, BẢO HÀNH 12 THÁNG",https://www.lazada.vn/products/pdp-i1679882402.html,65.000 ₫,4.0,188 Đã bán
"Vòng Tay Thông Minh, Đồng Hồ Thông Minh Band M3 - Chống Nước IP67",https://www.lazada.vn/products/pdp-i3100798537.html,150.000 ₫,,
Bika 2024 Mới Đồng Hồ Thông Minh IP67 Chống Nước Bluetooth Nam Nữ Toàn Màn Hình Cảm Ứng Thể Thao Đồng Hồ Cho Android IOS Đồng Hồ Thông Minh Nam,https://www.lazada.vn/products/pdp-i3108722536.html,376.200 ₫,5.0,
Đồng Hồ Thông Minh D13 Chống Nước Ip67 Kết Nối Bluetooth Có Chức Năng Theo Dõi Nhịp Tim/Đếm Bước Chân,https://www.lazada.vn/products/pdp-i3100833081.html,120.360 ₫,,
"Đồng Hồ Thông Minh Y68 Kết Nối Điện Thoại,Phù Hợp Nam Nữ, Thay Được Hình Nền , Nhận Thông Báo Cuộc Gọi, Tin Nhắn",https://www.lazada.vn/products/pdp-i2296968548.html,55.000 ₫,4.0,33 Đã bán
Zgo Đồng hồ thông minh Cho Nam Nữ Đa Chức Năng Theo Dõi Sức Khỏe thể dục thể thao Vòng Đeo Tay Ánh Sáng Pedometer không thấm nước 660x,https://www.lazada.vn/products/pdp-i3170563578.html,126.857 ₫,,
"Vòng đeo tay thông minh Xiaomi Smart Band 9 Active | Màn hình TFT 1,47'', tần số quét cao 60Hz | Thời lượng pin lên đến 18 ngày, khả năng chống nước 5ATM* | Theo dõi giấc ngủ và sức khỏe toàn diện nâng cấp*",https://www.lazada.vn/products/pdp-i3080380085.html,490.000 ₫,5.0,128 Đã bán
"Đồng hồ thông minh DTNO.1 DT108, nghe gọi điện thoại, đọc thông báo, chống nước",https://www.lazada.vn/products/pdp-i3152756341.html,489.000 ₫,5.0,
"Đồng Hồ, Vòng Đeo Tay Thông Minh Xiaomi Mi BAND 10, BAND 9, Watch 5 Active / Lite - Phiên Bản Quốc Tế, Bảo Hành Chính Hãng 12 Tháng",https://www.lazada.vn/products/pdp-i2725137048.html,530.000 ₫,5.0,798 Đã bán
Lige AMOLED Màn hình HD cuộc gọi bluetooth Đồng hồ thông minh Nam 600mAh pin lớn 100 + theo dõi thể dục thể thao không thấm nước Đồng hồ thông minh phụ nữ + hộp,https://www.lazada.vn/products/pdp-i2304078518.html,939.000 ₫,4.0,16 Đã bán
Đồng hồ S16 PROGEN2 Ram 2/32GB lắp sim nghe gọi độc lập camera xoay 180 độ tải ứng dụng chơi game AHAI STORE,https://www.lazada.vn/products/pdp-i2906556756.html,1.180.000 ₫,5.0,19 Đã bán
Đồng hồ thông minh I9 Đồng hồ thông minh kỹ thuật số dành cho nam Smartwatch Bluetooth,https://www.lazada.vn/products/pdp-i3202286379.html,183.750 ₫,,
VÒNG TAY ĐỒNG HỒ THÔNG MINH THEO DÕI SỨC KHỎE M4 (FULL BOX),https://www.lazada.vn/products/pdp-i534504404.html,145.000 ₫,,
"Đồng Hồ Thông Minh Picom P60 - Lắp Sim Nghe Gọi Độc Lập, Định vị, Video call",https://www.lazada.vn/products/pdp-i3030080839.html,450.000 ₫,5.0,13 Đã bán
"đồng hồ điện tử thông minh dành cho trẻ em với các nhân vật hoạt hình nổi tiếng như heo con, Doraemon, Pikachu và dâu tây. Đồng hồ có thiết kế thời trang, năng động, phù hợp với lứa tuổi học sinh.",https://www.lazada.vn/products/pdp-i3191751088.html,17.600 ₫,,
Đồng Hồ Thông Minh GT5 Pro Dành Cho Nam Màn Hình AMOLED GPS Máy Đo Nhịp Tim Bluetooth Chống Nước Cuộc Gọi Theo Dõi Sức Khỏe Đồng Hồ Có Quỹ Đạo Chuyển Động,https://www.lazada.vn/products/pdp-i3199752966.html,303.750 ₫,3.0,
Smartwatch với máy theo dõi nhịp tim và Bộ đếm bước chân cho những người đam mê thể dục,https://www.lazada.vn/products/pdp-i3159319900.html,13.000 ₫,,
Đồng hồ thông minh chống nước Q12 smart watch cảm ứng lắp sim nghe gọi điện thoại kiểu dáng màu sắc dễ thương cute,https://www.lazada.vn/products/pdp-i2494223341.html,169.000 ₫,1.0,5 Đã bán
LIGE gốc đồng hồ thông minh nam màn hình cảm ứng đầy đủ Cuộc gọi Bluetooth Thể thao Theo dõi sức khỏe Thông điệp xã hội thời tiết I67 không thấm nước đồng hồ thông minh + hộp,https://www.lazada.vn/products/pdp-i2091204895.html,586.000 ₫,4.0,58 Đã bán
"Đồng hồ thông minh t800 pro max, đồng hồ theo dõi sức khỏe đầy đủ chức năng, thể dục, gọi điện thoại",https://www.lazada.vn/products/pdp-i3209678539.html,148.876 ₫,,
"JIFANPAUL | Đồng Hồ Thông Minh Đa Năng Cho Trẻ Em với Chức Năng Nghe Nhạc, Hát, Kể Chuyện và Đọc Thơ",https://www.lazada.vn/products/pdp-i3197594612.html,60.000 ₫,4.0,
"Đồng Hồ Thông Minh Y68 Kết Nối Điện Thoại,Phù Hợp Nam Nữ, Thay Được Hình Nền , Nhận Thông Báo Cuộc Gọi, Tin Nhắn",https://www.lazada.vn/products/pdp-i2854759835.html,19.900 ₫,3.0,46 Đã bán
"Đồng Hồ Thông Minh Y68,Thời Trang Nam Nữ, Nhận Thông Báo Cuộc Gọi, Tin Nhắn, Đổi Hình Nền, Hỗ Trợ Theo Dõi Sức Khỏe",https://www.lazada.vn/products/pdp-i2494104782.html,29.000 ₫,3.0,95 Đã bán
Vòng Đeo Tay Thông Minh M7 Smart Band Theo Dõi Sức Khỏe Tập Luyện Thể Thao Phân Tích Giấc Ngủ Chuyên Nghiệp,https://www.lazada.vn/products/pdp-i3075768986.html,129.000 ₫,2.0,8 Đã bán
Đồng hồ thông minh chống nước Y68 Đồng hồ thông minh Bluetooth cho nữ Đồng hồ điện tử cho trẻ em,https://www.lazada.vn/products/pdp-i2792557423.html,59.000 ₫,3.0,36 Đã bán
Đồng Hồ Thông Minh trẻ em Y31 Lắp Sim Nghe Gọi - Định Vị Cảnh Báo Nguy Hiểm Cho Bé Chống Nước IPX7,https://www.lazada.vn/products/pdp-i2492831263.html,200.000 ₫,3.0,12 Đã bán
"Đồng Hồ Thông Minh Y68 Thay Được Hình Nền Phù Hợp Nam Nữ Đủ Màu Kết Nối Với Điện Thoại, Bảo Hành 1 Năm",https://www.lazada.vn/products/pdp-i1704780807.html,69.000 ₫,3.0,134 Đã bán
Lige Đồng hồ thông minh Nam Giới 1.90 Inch Màn hình HD Chuyên Nghiệp Vòng đeo tay thông minh thể thao theo dõi đường huyết Nhiệt Độ Đồng hồ thông minh Cho Nam Giới + Hộp,https://www.lazada.vn/products/pdp-i2372256596.html,739.000 ₫,4.0,39 Đã bán
Đồng Hồ Thể Thao Thông Minh Chống Nước Bluetooth 5.0 Đo Nhịp Tim Đếm Số Bước Theo Dõi Giấc Ngủ Hỗ Trợ Android iOS,https://www.lazada.vn/products/pdp-i3094736169.html,88.300 ₫,1.0,
Đồng hồ thông minh T700 promax - khung viền thép - màn tràn viền - nghe gọi - nút xoay được - sạc không dây. BH6 THÁNG,https://www.lazada.vn/products/pdp-i2533474817.html,160.000 ₫,,
HUAWEI | Đồng Hồ Thể Thao Thông Minh Mỏng & Màn Hình Lớn,https://www.lazada.vn/products/pdp-i3221573762.html,12.938.000 ₫,5.0,
"( XẢ KHO) Đồng hồ đeo tay thông minh M5 pro vòng đeo tay sức khỏe đo nhịp tim, bước chân, calo, giấc ngủ",https://www.lazada.vn/products/pdp-i2026905459.html,120.000 ₫,,
Lige Đồng hồ thông minh Người Đàn Ông La Bàn quân đội ngoài trời đồng hồ thể thao 2.01 ''Màn Hình IP68 cuộc gọi Bluetooth Thể Thao Không Thấm Nước Thông Minh Đồng hồ nam + Hộp,https://www.lazada.vn/products/pdp-i2878126256.html,579.000 ₫,5.0,12 Đã bán
Lacepulse丨 Đồng hồ thông minh unisex thời trang có máy theo dõi nhịp tim và đèn ban đêm,https://www.lazada.vn/products/pdp-i3104476719.html,35.000 ₫,5.0,6 Đã bán
Đồng hồ đeo tay thông minh M26 cho Android và IOS Kết nối bluetooth tiết kiệm pin màn hình cảm ứng điện dung mượt mà (Bản Chuẩn),https://www.lazada.vn/products/pdp-i2597425093.html,154.800 ₫,,
"Lige thông minh đồng hồ nam 1.85 ""Màn hình cảm ứng trọn Bộ 1000mAh pin lớn IP68 theo dõi tập thể dục không thấm nước cuộc gọi Bluetooth Heart Rate Đồng hồ thông minh đối với phụ nữ IOS Android + Hộp",https://www.lazada.vn/products/pdp-i3067993265.html,669.000 ₫,,
"Đồng Hồ Thông Minh, Chạy Bộ Theo Dõi Đếm Bước ,Tính Lượng Calo Dành Cho Nam Nữ Trẻ Em",https://www.lazada.vn/products/pdp-i3140921747.html,42.200 ₫,,
"Xả hàng - Vòng Đeo Tay thông minh Smart Band M3, Đo Nhịp Tim Kết Nối Bluetooth Chống Nước Theo Dõi Sức Khỏe dc3284",https://www.lazada.vn/products/pdp-i2612317399.html,39.000 ₫,1.0,8 Đã bán
Vòng đeo tay thông minh M3 kết nối Bluetooth theo dõi nhịp tim và vận động chất lượng cao,https://www.lazada.vn/products/pdp-i3100838089.html,89.000 ₫,,
Bản Quốc Tế Có Tiếng Việt - Đồng Hồ Thông Minh Xiaomi Redmi Watch 5 Lite BHR9409GL -BH 12T Chính Hãng,https://www.lazada.vn/products/pdp-i3137784170.html,599.000 ₫,5.0,5 Đã bán
"Đồng Hồ Thông Minh POSHI M6, Đồng Hồ Thông Minh 6 Dây Thông Minh Chính Hãng Chống Nước Cho Nam Nữ Trẻ Em Vòng Tay Thể Thao Theo Dõi Nhịp Tim 2021 Dành Cho Đồng Hồ Android Ios",https://www.lazada.vn/products/pdp-i1346596176.html,99.000 ₫,4.0,148 Đã bán
"( SALE 10.10 ) Đồng Hồ Định Vị Trẻ Em Y36 Lắp Sim Nghe Gọi 2 Chiều, Smartwatch Trẻ Em Định Vị Chụp Ảnh, Call Video - Bảo Vệ Bé 24/7",https://www.lazada.vn/products/pdp-i2819418192.html,455.000 ₫,5.0,5 Đã bán
"Vòng Đeo Tay Thông Minh Xiaomi Mi Smart Band 10 / AMOLED 1.72"" / Chống Nước 5ATM – Phiên Bản Quốc Tế, Bảo Hành 12 Tháng",https://www.lazada.vn/products/pdp-i3131646213.html,1.040.000 ₫,5.0,91 Đã bán
"Đồng hồ thể thao thông minh HW16- Màn hình lớn, viền mỏng, nghe gọi điện 2 chiều",https://www.lazada.vn/products/pdp-i2205296564.html,290.000 ₫,,
"Đồng hồ Thông minh Gắn sim Gọi Video call cho Trẻ em Tiểu học THCS, THPT Model AMA Watch HW13 phiên bản GPS, Wifi",https://www.lazada.vn/products/pdp-i2389519862.html,1.277.000 ₫,5.0,
MENGMIAN | Đồng Hồ Kỷ Luật Cá Nhân,https://www.lazada.vn/products/pdp-i3206665043.html,59.000 ₫,,
"Lige Mới Đồng hồ thông minh Người Đàn Ông 2.01 ""Màn hình HD cuộc gọi Bluetooth Bằng Giọng Nói Trợ Lý Đồng Hồ 1000MAh cực lớn Pin 3ATM Chuyên Nghiệp Không Thấm Nước thể thao ngoài trời Thông Minh Đồng hồ nam Cho IOS Android",https://www.lazada.vn/products/pdp-i3136670834.html,699.000 ₫,,
Thể thao chống nước Vòng đeo tay thông minh Hifi Music Play smartwatch với màn hình oxy máu cho văn phòng du lịch nhà trong nhà tf-uss-vn,https://www.lazada.vn/products/pdp-i3145838422.html,80.000 ₫,,
Đồng hồ thông minh X.i.a.o.m.i 70mai Maimo Watch R,https://www.lazada.vn/products/pdp-i3202427999.html,519.500 ₫,,
Đồng Hồ Thông Minh GOOJODOQ cho trẻ em -chống nước IPX7-kết nối mạng 4G,https://www.lazada.vn/products/pdp-i3177572453.html,975.800 ₫,1.0,
Đồng hồ thông minh T800 Nghe gọi Nhận thông báo sức khỏe Chống nước thời trang Cho Nam Nữ,https://www.lazada.vn/products/pdp-i2968760022.html,139.000 ₫,4.0,19 Đã bán
"Vòng Tay Thông Minh, Đồng Hồ Thông Minh Band M3 - Chống Nước IP67",https://www.lazada.vn/products/pdp-i1627954241.html,82.000 ₫,,
"Đồng hồ thông minh lắp sim nghe gọi nhắn tin DZ09, màn hình cảm ứng nhạy, dể sử dụng cho việc quản lý, mẫu mới 2021",https://www.lazada.vn/products/pdp-i1129050259.html,349.000 ₫,5.0,
"Đồng Hồ Thông Minh Trẻ Em Y36 Gọi Video, Định Vị, Chống Nước, Hỗ Trợ 4G Thiết Kế Siêu Mỏng, Pin Trâu",https://www.lazada.vn/products/pdp-i3147356465.html,430.000 ₫,,"7 Đã bán
Hà Nội"
"Lacepulse 丨 Đồng hồ thông minh D18 Bền-Tính năng đo nhịp tim, theo dõi bước và màn hình TFT tròn kiểu dáng đẹp cho lối sống năng động",https://www.lazada.vn/products/pdp-i3121774660.html,81.000 ₫,,
SADA Đồng hồ thông minh Bluetooth gọi điện thoại Heart Rate huyết áp chơi trò chơi người đàn ông của S10 Đồng hồ thông minh,https://www.lazada.vn/products/pdp-i3167059159.html,245.000 ₫,5.0,
"Xiaozhubangchu phong cách đồng hồ t500ultra với đếm bước, theo dõi giấc ngủ, gọi điện thoại Bluetooth và nhiều hơn nữa-Nhiều tùy chọn màu có sẵn",https://www.lazada.vn/products/pdp-i3075854826.html,175.000 ₫,5.0,8 Đã bán
"Trẻ em Giáo dục sớm Đồ chơi Đồng hồ thông minh Học hát Sing StoryTellingearly Giáo dục Toy cho trẻ em, Đồng hồ quà tặng, Đồng hồ thông minh, Hát, Kể chuyện, Touchs 3D Màn hình TF-AIS-VN",https://www.lazada.vn/products/pdp-i3148160289.html,27.000 ₫,,
Lige Đồng hồ thông minh Phụ Nữ 3D màn hình cong cuộc gọi Bluetooth Heart Rate Mnitor thể thao chống nước đồng hồ thông minh thể thao Nam Giới Android và IOS,https://www.lazada.vn/products/pdp-i3077026900.html,399.000 ₫,5.0,
"Đồng hồ thông minh thể thao ngoài trời xiaozhubangchu: D18 với dây đeo bằng chất liệu TPU theo dõi nhịp tim, Bộ đếm bước chân và thoải mái trong màu sắc rực rỡ",https://www.lazada.vn/products/pdp-i3085592635.html,166.000 ₫,5.0,24 Đã bán
Disney | Đồng Hồ Thông Minh Chống Nước Mới 2025 cho Bé Trai,https://www.lazada.vn/products/pdp-i3220415608.html,514.000 ₫,4.0,
"Đồng Hồ Thông Minh Đa Chức Năng với Định Vị Toàn Cầu, Chống Nước Khi Bơi, Theo Dõi Nhịp Tim và Nhận Cuộc Gọi",https://www.lazada.vn/products/pdp-i3177280499.html,3.847.000 ₫,4.0,
LIGE Đồng Hồ Thông Minh Cho Nữ Đồng Hồ Thông Minh Màn Hình Cảm Ứng Toàn Màn Hình Gọi Bluetooth Đồng Hồ Thể Thao Chống Nước Theo Dõi Sức Khỏe Bằng Thép Không Gỉ + Hộp,https://www.lazada.vn/products/pdp-i2114812868.html,408.000 ₫,4.0,19 Đã bán
LIGE New Bluetooth Call Smart Watch Men Full Touch Screen Sports Fitness Watch IP67 Waterproof For Android ios +Box,https://www.lazada.vn/products/pdp-i1052222499.html,699.000 ₫,4.0,379 Đã bán
Electronic Digital Watch Minimalist Easy Read Dial Date Month Settings Smartwatch Unisex Use for Time Organizing TF-Hom-VN,https://www.lazada.vn/products/pdp-i2999289393.html,21.000 ₫,5.0,7 Đã bán
Đồng hồ thông minh Mibro Lite 3 - Màn hình Amoled 1.3 inch - Hơn 100 chế độ thể thao - Cuộc gọi Bluetooth - Smartwatch,https://www.lazada.vn/products/pdp-i2863209852.html,1.190.000 ₫,1.3,
[New] Xiaomi Smart Band 10 Glimmer Edition Glimmer Gold & Xiaomi Smart band 10 & Xiaomi Smart Band 10 Ceramic Edition Pearl White,https://www.lazada.vn/products/pdp-i3130707924.html,1.070.000 ₫,4.0,339 Đã bán
"(BH 6 THÁNG) Đồng Hồ Thông Minh Trẻ em C95 Sóng 4G, Gọi VIDEO ᴄall.Sinh viên Định vị Lắp Sim, gọi thoại 2 chiều",https://www.lazada.vn/products/pdp-i2533594535.html,425.000 ₫,,
Đồng Hồ Thông Minh Thể Thao M5 Vòng Đeo Tay Bluetooth Chống Nước Vòng Đeo Tay Theo Dõi Sức Khỏe Nhịp Tim,https://www.lazada.vn/products/pdp-i1640945658.html,165.845 ₫,4.0,10 Đã bán
"Đồng hồ thông minh S10 Pro Gen 5 5G (Ram 4gb/64) lắp sim nghe gọi, màn Super Amoled, Android tải mọi game, Mxh, camera 180 độ, cảm ứng đa điểm, pin 1300mah Smartwatch - Tặng 1 dây thép, 1 dây sili đen, 1 dán màn và 1 củ sạc",https://www.lazada.vn/products/pdp-i2917350659.html,1.599.000 ₫,5.0,93 Đã bán
Đồng hồ điện thoại thông minh cho trẻ em chống nước Q Phiên bản tiếng Việt Cảm ứng + Kiểu Nút Bấm,https://www.lazada.vn/products/pdp-i3064217091.html,308.000 ₫,5.0,12 Đã bán
Đồng Hồ Thông Minh HUAWEI WATCH GT6 Series | Tập Luyện Nâng Cao | Theo Dõi Sức Khỏe,https://www.lazada.vn/products/pdp-i3194163243.html,4.990.000 ₫,5.0,486 Đã bán
LIGE Đồng Hồ Nữ Mới Thời Trang Đồng Hồ Đa Năng Theo Dõi Tập Thể Dục Chống Nước Toàn Màn Hình Bluetooth Gọi Điện Cho Nữ Chính Hãng+quà tặng,https://www.lazada.vn/products/pdp-i1660227819.html,339.000 ₫,4.0,613 Đã bán
ROGBID TANK S2 Smartwatch 1.83 Inch 450mAh 5ATM Three-Proof Sports Smartwatch Digital Accessories Mobile Phone Protective Case,https://www.lazada.vn/products/pdp-i3232532268.html,1.861.000 ₫,,
Kebidumei Đồng hồ thông minh Nam Nữ Đồng hồ thông minh Bluetooth Vòng đeo tay thông minh cảm ứng vòng đeo tay thể dục đồng hồ được kết nối cho OS Android,https://www.lazada.vn/products/pdp-i2593379870.html,122.797 ₫,4.0,49 Đã bán
Vòng Đeo Tay Thông Minh Vòng Đeo Tay Thể Thao Đếm Nhịp Dành Cho Chơi Thể Thao Thiết Bị Nhắc Việc Có Bluetooth Nhịp Tim Huyết Áp,https://www.lazada.vn/products/pdp-i3140904869.html,50.000 ₫,5.0,396 Đã bán
Đồng hồ Thông Minh Garmin Venu Sq 2 (Music/Non Music) (Shadow Gray/White/Cool Mint) - Hàng Chính Hãng,https://www.lazada.vn/products/pdp-i2661556033.html,3.925.000 ₫,5.0,17 Đã bán
"Đồng Hồ Thông Minh Trẻ Em định vị Q19 Z66 - Định Vị,Lắp Sim,Nghe Gọi 2 Chiều,Chống Nước,Camera Chụp Hình",https://www.lazada.vn/products/pdp-i1321850980.html,325.000 ₫,4.0,
Lige 1000MAh pin lớn Đồng hồ thông minh Nam Giới Và Phụ Nữ Wirless Cuộc Gọi Và Âm Nhạc Đồng hồ thể thao chống nước Nhịp Tim Thiết bị theo dõi sức khỏe tập luyện Android và IOS,https://www.lazada.vn/products/pdp-i3078048381.html,559.000 ₫,5.0,
"Đồng Hồ Thông Minh Nam Nữ T800 Pro Max, Smatwatch Nghe gọi Không Lắp Sim Theo Dõi Sức Khỏe",https://www.lazada.vn/products/pdp-i3186992537.html,239.000 ₫,,
Đồng Hồ Thông Minh BeU PT2 51mm Đen - Hồng Kèm Sạc Hàng Trưng Bày Không Hộp Giá Rẻ Xả Kho,https://www.lazada.vn/products/pdp-i3098531495.html,250.000 ₫,,
Jiashi D18 Đồng hồ thông minh Bộ theo dõi sức khỏe với theo dõi nhịp tim và thiết kế chống thấm nước thể thao ngoài trời sinh viên đo nhịp tim bước,https://www.lazada.vn/products/pdp-i3064538132.html,121.000 ₫,,"7 Đã bán
China"
Đồng Hồ Định Vị Thông Minh Z6 Dành Cho Trẻ Em Định Vị LBS Kid Có Sim Nghe Gọi Tiện Lợi,https://www.lazada.vn/products/pdp-i3100620258.html,199.000 ₫,,
[HCM]( HÀNG CHÍNH HÃNG ) Mẫu Đồng Hồ Thông Minh Cho Người Lớn Trẻ Em Bán Chạy Hiện Nay - Đồng Hồ Thông Minh Sx6 Lắp Sim Nghe Gọi Màn Hình Cảm Ứng Cong Phù Hợp Với Mọi Lứa Tuổi Hàng Cao Cấp Bảo Hành 12 Thang,https://www.lazada.vn/products/pdp-i1252785626.html,389.562 ₫,4.0,42 Đã bán
"Đồng Hồ Thông Minh | GOOJODOQ FB051 | Thể Thao & Sức Khỏe | Màn hình 1.28"" | Lên Đến 10 Ngày Sử Dụng | IP67 chống nước",https://www.lazada.vn/products/pdp-i3218150878.html,345.100 ₫,,
LIGE Đồng hồ thông minh thể thao nam 2.01 inch HD màn hình lớn tùy chỉnh mặt số đồng hồ đeo tay thể thao đa chức năng đồng hồ thể dục cuộc gọi Bluetooth chống nước đồng hồ thông minh nữ đồng hồ + hộp,https://www.lazada.vn/products/pdp-i2985822786.html,279.000 ₫,5.0,6 Đã bán
Đồng Hồ Thông Minh Trẻ Em Q12 Chống Nước Thương hiệu AMA,https://www.lazada.vn/products/pdp-i2389617348.html,230.000 ₫,4.0,239 Đã bán
M7 Đo Nhịp Tim Huyết Tay,https://www.lazada.vn/products/pdp-i3140994142.html,77.000 ₫,,30 Đã bán
"Haylou Đồng hồ thông minh Solar Pro Đồng hồ thông minh gọi điện thoại Bluetooth Màn hình AMOLED 1.43 ""Đồng hồ thể dục chống nước IP68 Màn hình 128Mb",https://www.lazada.vn/products/pdp-i2838564260.html,1.032.232 ₫,,
Đồng hồ thông minh chống nước cao cấp T18,https://www.lazada.vn/products/pdp-i3100467533.html,295.000 ₫,,
Đồng hồ Kospet Tank T3 Ultra GPS 49mm Bluetooth (Vỏ Thép Dây Silicon) - Bảo hành 12 tháng,https://www.lazada.vn/products/pdp-i2862592533.html,1.937.000 ₫,5.0,7 Đã bán
Lige New ECG Theo Dõi Sức Khỏe Thông Minh Người Đàn Ông Đồng Hồ cuộc gọi Bluetooth Bộ điều khiển phát nhạc Vòng Đeo Tay Thể Thao đồng hồ sức khỏe thông minh Cho IOS Android,https://www.lazada.vn/products/pdp-i2785113973.html,389.000 ₫,4.0,13 Đã bán
"Đồng hồ thông minh Smart Watch 116 plus chống nước, nhận thông báo cuộc gọi, theo dõi vận động hỗ trợ theo dõi sức khỏe",https://www.lazada.vn/products/pdp-i2026933263.html,109.000 ₫,,
"Hót 2024 Đồng Hồ Thông Minh Nam Nữ T800 Pro Max, Smatwatch Nghe gọi Không Lắp Sim Theo Dõi Sức Khỏe",https://www.lazada.vn/products/pdp-i2912580073.html,180.000 ₫,,
Đồng Hồ Thông Minh Fd68/Y56 Chống Thấm Nước Có Chức Năng Cảm Ứng/ Bluetooth/ Đo Nhịp Tim/ Thể Thao Cho Nam Và Nữ,https://www.lazada.vn/products/pdp-i3140902896.html,52.900 ₫,,727 Đã bán
Đồng Hồ Thông Minh T900 Ultra 49mm NFC GPS Gọi Bluetooth BT Âm Nhạc Sạc Không Dây 2024 Mẫu Mới Dành Cho Nam Và Nữ,https://www.lazada.vn/products/pdp-i3096225659.html,135.200 ₫,,"45 Đã bán
Nước ngoài"
Mới 2025 Vòng Tay Đồng Hồ Thông Minh Cho GT Series Nam Nữ HDScreen Cuộc Gọi Bluetooth GPS Theo Dõi Nhịp Tim Chống Thấm Nước Theo Dõi Sức Khỏe,https://www.lazada.vn/products/pdp-i2894003108.html,312.000 ₫,4.0,93 Đã bán
"Đồng Hồ Thông Minh 2024 Dành Cho Nữ, Nam, Tương Thích Với Điện Thoại Android, Màn Hình Màu 1.44'', Gọi Bluetooth, Đo Oxy Máu & Huyết Áp, Theo Dõi Thể Dục",https://www.lazada.vn/products/pdp-i2775768887.html,117.000 ₫,4.0,361 Đã bán
Bw9 Pro hỗ trợ đồng hồ thông minh 4G Thẻ Sim mạng di động chế độ thể thao xem ứng dụng tải xuống đồng hồ thông minh Bluetooth,https://www.lazada.vn/products/pdp-i3106725520.html,514.000 ₫,4.0,24 Đã bán
Đồng Hồ Thông Minh Smartwatch Watch 5 Pro Màn Hình AMOLED Mới Theo Dõi GPS BT Gọi IP68 Đồng Hồ Thông Minh Thể Dục Dành Cho Nam Giới Có Nhịp Tim & Theo Dõi Giấc Ngủ,https://www.lazada.vn/products/pdp-i3086288635.html,293.250 ₫,4.0,34 Đã bán
♥Sản Phẩm Chính Hãng 100% + Giao Hàng Miễn Phí + COD♥Đồng Hồ Thông Minh Bluetooth DZ09 Đồng Hồ Thông Minh Hỗ Trợ Thẻ SIM TF Android Đồng Hồ Đeo Tay Gọi Điện Thoại Cho Android,https://www.lazada.vn/products/pdp-i2164159222.html,196.495 ₫,4.0,37 Đã bán
Đồng Hồ Thông Minh Huawei WATCH GT 5 Pro Dành Cho Nam NFC Trợ Lý Sức Khỏe Thể Thao Chức Năng Gọi Bluetooth Đa Chức Năng Theo Dõi Nhịp Tim 24 Giờ,https://www.lazada.vn/products/pdp-i2993098979.html,697.600 ₫,4.0,37 Đã bán
LIGE Đồng Hồ Thông Minh Cho Nam Nữ Vòng Tay Theo Dõi Sức Khỏe Đồng Hồ Thông Minh Thể Thao Đa Năng đồng hồ nam nữ đồng hồ đeo tay nữ,https://www.lazada.vn/products/pdp-i1541116530.html,499.000 ₫,4.0,81 Đã bán
Aolon đồng hồ thông minh gt5pro đồng hồ thông minh nam 1.6 inch toàn màn hình hd bluetooth cuộc gọi 100 thể thao theo dõi thể dục đồng hồ thông minh chống,https://www.lazada.vn/products/pdp-i2880148184.html,798.046 ₫,1.6,
"Đồng Hồ Thông Minh Cho Trẻ Em Với Định Vị, Gọi Video HD và Chống Nước",https://www.lazada.vn/products/pdp-i3198045006.html,1.374.000 ₫,4.0,
Đồng hồ định vị trẻ em Y31 lắp được sim,https://www.lazada.vn/products/pdp-i2309741082.html,385.000 ₫,5.0,
2023 S8 Ultra Max smartwatch cho nam nữ tập thể dục NFC 1:1 ban đầu IWO loạt 8 BT thông minh gọi Đồng hồ với miễn phí vận chuyển và,https://www.lazada.vn/products/pdp-i2434773694.html,344.612 ₫,,
Đồng Hồ Thông Minh D20 Pro Đồng Hồ Thể Thao Chống Nước Theo Dõi Sức Khỏe Bluetooth Y68 Vòng Đeo Tay Thông Minh Theo Dõi Nhịp Tim Cho Nam Nữ Dành Cho Android IOS,https://www.lazada.vn/products/pdp-i3009740706.html,52.971 ₫,4.0,177 Đã bán
Đồng Hồ Thông Minh Y68 Phù Hợp Cả Nam Và Nữ Nhiều Màu Thay Được Hình Nền Đo Nhịp Tim Kết Nối Với Điện Thoại Bh 12 Tháng,https://www.lazada.vn/products/pdp-i1784314894.html,61.000 ₫,4.0,78 Đã bán
Đồng hồ thông minh 2025 S10pro công nghệ đen đa chức năng thanh toán kép NFC Bluetooth Smartwatch & Fitness Trackers,https://www.lazada.vn/products/pdp-i3148907005.html,382.311 ₫,,
"Zeblaze Vibe 7 Pro Smart Watch 1.43'' AMOLED Display, Hi-Fi Bluetooth Phone Calls, Military-grade Toughness",https://www.lazada.vn/products/pdp-i2135863469.html,885.811 ₫,4.0,253 Đã bán
"Đồng hồ thao thông minh Fitbit Inspire Hr Fiess Tracker, theo dõi thể thao, chống nước, đo nhịp tim, tương thích với iOS và Android",https://www.lazada.vn/products/pdp-i3129429111.html,985.000 ₫,5.0,
BK03 Không Xâm đường huyết Đồng hồ thông minh Máu Lipid Uric kiểm soát nhiệt độ Cơ Thể Đồng Hồ Thông Minh Cho Nam Nữ cuộc gọi Bluetooth Vòng đeo tay không thấm nước Thể Thao Cho Huawei Xiaomi điện thoại Android IOS,https://www.lazada.vn/products/pdp-i2782701355.html,819.000 ₫,5.0,16 Đã bán
"[Gọi video - Sim 4G] Đồng hồ Thông minh Định Vị C80 Gọi Video Call gắn Sim Độc lập, Đồng Hồ Trẻ Em Ngôn ngữ Tiếng Việt C80 Nghe Gọi Video Call, Đồng Hồ Lắp Sim 4G Định Vị Trẻ Em Mới, Màn Hình Tràn Viền Sắc Nét, Thời Lượng Pin Cao.",https://www.lazada.vn/products/pdp-i3065249804.html,700.000 ₫,5.0,20 Đã bán
"ĐỒNG HỒ ĐỊNH VỊ TRẺ EM DIGIWATCH DW28 NGHE GỌI HAI CHIỀU, ĐỊNH VỊ TƯƠNG ĐỐI CHÍNH XÁC, CHỐNG NƯỚC IP67",https://www.lazada.vn/products/pdp-i1206356545.html,295.000 ₫,5.0,
"[Hỗ trợ cuộc gọi] đồng hồ thông minh cho trẻ hoco y101 hỗ trợ màn hình 1.83 inch 2,5g vị trí định vị gps lbs wifi 4g cuộc gọi video 680mah hỗ trợ chống nước hỗ trợ chụp ảnh sos đồng hồ theo dõi thông minh quà tặng trẻ em",https://www.lazada.vn/products/pdp-i2728143323.html,999.000 ₫,5.0,21 Đã bán
Đồng Hồ Thông Minh 8 Ultra Bluetooth Có Chức Năng Theo Dõi Sức Khỏe NFC S8 Chống Thấm Nước. BH 6T .1 ĐỔI 1 TRONG 2 THÁNG,https://www.lazada.vn/products/pdp-i2658608150.html,225.000 ₫,,
LIGE Thời trang mới Đồng Hồ Nam thông minh có cuộc gọi Bluetooth Màn hình cảm ứng đầy đủ Thể thao thể dục Đồng Hồ Nam cho Android IOS + Hộp,https://www.lazada.vn/products/pdp-i1444618427.html,699.000 ₫,4.0,62 Đã bán
[SĂN SALE GIỮ CHUỖI 4.11] Đồng hồ đeo tay thông minh Samsung Galaxy Watch FE 2024,https://www.lazada.vn/products/pdp-i2671702934.html,2.750.000 ₫,5.0,970 Đã bán
Đồng hồ thông minh Haylou RS5 - 150 chế độ thể thao - Màn hình Amoled 2.01 inch - Cuộc gọi bluetooth,https://www.lazada.vn/products/pdp-i2667387961.html,861.000 ₫,5.0,6 Đã bán
"Vòng Đeo Tay Thông Minh Xiaomi Mi Band 10, Band 9 Pro, Band 9 Active - Phiên Bản Quốc Tế, Bảo Hành 12 Tháng",https://www.lazada.vn/products/pdp-i2725070263.html,1.040.000 ₫,5.0,619 Đã bán
"Đồng hồ thông minh ToKerNew 115Plus: Theo dõi thể dục thể thao chống nước IP68 cho nam & nữ, theo dõi nhịp tim/huyết áp",https://www.lazada.vn/products/pdp-i3151690951.html,107.577 ₫,,
Đồng hồ thông minh theo dõi sức khỏe BT57 Heroband,https://www.lazada.vn/products/pdp-i3100649885.html,149.000 ₫,,
"Đồng hồ thông minh T800, Smatwatch Nghe Gọi Chơi game Nhận thông báo sức khỏe Cho Nam Nữ QIIEN",https://www.lazada.vn/products/pdp-i2912414748.html,180.000 ₫,,
"Đồng Hồ Thông Minh Định vị trẻ em Q12 dành cho trẻ em, Chống nước IP67, Định Vị LBS, Gọi SOS khẩn cấp",https://www.lazada.vn/products/pdp-i1321079363.html,289.000 ₫,4.0,
Thể thao chống nước Thể thao thông minh theo dõi nhịp tim thông minh cho việc chạy bộ đường dài ngoài trời TF-AIS-VN,https://www.lazada.vn/products/pdp-i3140898350.html,69.000 ₫,,
Vòng Đeo Tay Thông Minh M5 Kết Nối Bluetooth Theo Dõi Sức Khỏe Kèm Phụ Kiện,https://www.lazada.vn/products/pdp-i1403712405.html,130.000 ₫,,
Lige 2025 IPS màn hình HD đồng hồ thông minh nam giới và phụ nữ cuộc gọi Bluetooth 100 + Thể Thao multifuntional Bộ theo dõi sức khỏe,https://www.lazada.vn/products/pdp-i3063271619.html,469.000 ₫,,
Lige 2023 Amoled Màn hình HD cuộc gọi Bluetooth đồng hồ thông minh cho nữ Nam 600MAh Pin Lớn 100 + theo dõi thể dục thể thao IP68 Đồng Hồ Thông Minh Không Thấm Nước Người Đàn Ông,https://www.lazada.vn/products/pdp-i2278513908.html,839.000 ₫,4.0,302 Đã bán
Bluetooth Vòng Đeo Tay Thông Minh Đồng Hồ Thông Minh Theo Dõi Nhịp Tim Huyết Áp Cho Nam Nữ Dây Đeo Cổ Tay Theo Dõi Sức Khỏe Android IOS Thể Thao Không Thấm Nước SmartWatch,https://www.lazada.vn/products/pdp-i1055712543.html,129.000 ₫,,"6 Đã bán
China"
"Đồng Hồ Thông Minh Trẻ Em Q12 Lắp Sim Nghe Gọi 2 Chiều,Nhắn Tin, Định Vị LBS, Chống Nước IP67, cuộc goi SOS khẩn cấp",https://www.lazada.vn/products/pdp-i3157166602.html,205.000 ₫,,
"Nhẫn đo huyết áp, oxy, chức năng tập luyện, có NFC một chạm cửa từ thang máy, xe điện",https://www.lazada.vn/products/pdp-i3115632008.html,599.000 ₫,,
"Đồng Hồ Thông Minh - Vòng Đeo Tay Theo Dõi Sức khỏe, Đo nhịp tim, kết nối Bluetooth, - IP67",https://www.lazada.vn/products/pdp-i3100767421.html,289.000 ₫,,
Đồng hồ thông minh Haylou RS4 Max,https://www.lazada.vn/products/pdp-i2678788174.html,690.000 ₫,5.0,
"Đồng hồ thông minh HOCO Y17 dây da Smart watch hỗ trợ Nghe Gọi, Theo Dõi Sức Khỏe, chuyên Thể Thao, Chống Nước IP67 (đen) Nhat Tin Authorised Store",https://www.lazada.vn/products/pdp-i2540985845.html,485.000 ₫,,
"[ CHÍNH HÃNG ] Đồng Hồ Thông Minh Trẻ Em Y96 Full Tính Năng Lắp Sim Nghe Gọi - Đồng Hồ Định Vị Cho Bé Cao Cấp Chống Nước Gọi Video Call, Chụp Ảnh, Nghe Gọi Giám Sát Bé Cao Cấp.",https://www.lazada.vn/products/pdp-i2503015350.html,1.500.000 ₫,5.0,36 Đã bán
SADA Q12/Q19 5 thế hệ 6 thế hệ định vị thông minh ảnh không thấm nước Đồng hồ điện thoại trẻ em smartwatchkid,https://www.lazada.vn/products/pdp-i3162723483.html,327.000 ₫,5.0,
"[ Hót Sale 50%] Đồng Hồ Thông Minh Trẻ Em Y36 Lắp Sim Nghe Gọi 2 Chiều, Đồng Hồ Định Vị Trẻ Em Y36 Chống Nước Có Tiếng Việt. Đồng Hồ Thông Minh Smart Watch Lắp Sim Độc Lập Cho Trẻ, Có Camera, Chat Voice, Sóng Khoẻ ,Pin Trâu.",https://www.lazada.vn/products/pdp-i2513239780.html,650.000 ₫,4.0,54 Đã bán
Laxasfit 2025 nam mới Đồng hồ thông minh thể thao ngoài trời AMOLED cuộc gọi Bluetooth tin nhắn cảnh báo chế độ multisport Smartwatch itmus48-CB,https://www.lazada.vn/products/pdp-i3230484060.html,458.408 ₫,,
LIGE Đồng Hồ Thông Minh NFC 2022 Cho Nữ Đồng Hồ Thông Minh Chống Nước IP68 Thời Tiết Mới Hỗ Trợ Cuộc Gọi Bluetooth Ghi Âm Cho Android IOS + Hộp,https://www.lazada.vn/products/pdp-i2027085578.html,299.000 ₫,4.0,57 Đã bán
Đồng Hồ Lắp Sim Nghe Gọi Định Vị Chống Nước - Thông Minh - An Toàn Cho Bé Trai Bé Gái / Đồng Hồ Trẻ Em Y36,https://www.lazada.vn/products/pdp-i2107874934.html,450.000 ₫,5.0,27 Đã bán
SHENGZHISEN | Đồng Hồ Thông Minh 5G Cao Cấp với NFC và Camera,https://www.lazada.vn/products/pdp-i3219372329.html,957.000 ₫,4.0,
Awei H37 NFC Bluetooth đồng hồ không minh không dây hợp kim kẽm IP65 thể thao chống nước smartwatchs cho Nam Nữ ngoài trời,https://www.lazada.vn/products/pdp-i2667253416.html,620.584 ₫,5.0,6 Đã bán
Lige đường huyết Và Nhiệt Độ Cơ Thể Đồng Hồ Nam Và Phụ Nữ Ips Cảm Ứng Đầy Đủ Sceen cuộc gọi Bluetooth Không Thấm Nước Nhịp Tim Thể Thao 100 + Đồng Hồ,https://www.lazada.vn/products/pdp-i2912486659.html,469.000 ₫,5.0,8 Đã bán
"Đồng Hồ Định Vị Trẻ Em, Nghe Gọi, Nhắn Tin, Định Vị, Chặn Số Người Lạ",https://www.lazada.vn/products/pdp-i3187096288.html,183.200 ₫,,
Aigo Smart Watch Bluetooth Waterproof Smartwatch Touchscreen Wrist Fitness for iPhone Android,https://www.lazada.vn/products/pdp-i3149361450.html,918.391 ₫,,
"Đồng Hồ Thông Minh Trẻ Em Y36 Phiên Bản Lắp Sim Mẫu Mới Nhất, Đồng Hồ Thông Minh Smart Watch Lắp Sim Nghe Gọi 2 Chiều, Định Vị Cảnh Báo Nguy Hiểm, Chống Nước PX7 Có Tiếng Việt, Sóng Khoẻ ,Pin Trâu",https://www.lazada.vn/products/pdp-i3078372183.html,643.500 ₫,5.0,37 Đã bán
Đồng Hồ Thông Minh | HUAWEI WATCH FIT 4 Series | Mỏng Nhẹ | Thể Thao & Sức Khỏe | Lên Đến 10 Ngày Sử Dụng| ECG,https://www.lazada.vn/products/pdp-i3085896052.html,2.737.000 ₫,5.0,Cam Kết Giá Tốt
Lige Vòng đeo tay thông minh đo sức khỏe cho nam nữ Máy theo dõi nhịp tim Thiết bị theo dõi hoạt động thể dục các cặp vợ chồng ban nhạc thể thao không thấm nước Đồng hồ thông minh cho IOS Android,https://www.lazada.vn/products/pdp-i3064752335.html,579.000 ₫,,
"Đồng hồ thông minh REDMI Watch 5 Lite | Màn hình AMOLED 1,96'' | GNSS năm hệ thống tích hợp | Giảm tiếng ồn bằng micrô kép và nghe gọi qua Bluetooth®",https://www.lazada.vn/products/pdp-i3080384032.html,1.170.000 ₫,5.0,66 Đã bán
Đồng Hồ Thông Minh Đo Huyết Áp Glucose Tần Số Tim SpO2 Đôi Lõi Cao Cấp,https://www.lazada.vn/products/pdp-i3182094741.html,2.182.000 ₫,,
"TAGG Verve NEO Smartwatch - Đồng Hồ Thông Minh Màu Xám Siêu Nhẹ, Pin 10 Ngày",https://www.lazada.vn/products/pdp-i3189911620.html,270.000 ₫,,
Đồng hồ thông minh TAGG Verve MAX TAGGV32 màn hình Hi-Res 1.78 inch cực lớn ( Hàng Amazon ),https://www.lazada.vn/products/pdp-i2122822467.html,410.000 ₫,,
"Vòng Đeo Tay Thông Minh Xiaomi Smart Band 9 Active – Phiên Bản Quốc Tế, Bảo Hành 12 Tháng",https://www.lazada.vn/products/pdp-i2911079865.html,530.000 ₫,5.0,67 Đã bán
Đồng hồ thông minh Smart Watch A1 Plus + (loại mới) giá rẻ bèo kengs D2201,https://www.lazada.vn/products/pdp-i2133091620.html,158.000 ₫,,
"( ĐỒNG HỒ THÔNG MINH) Đồng Hồ Trẻ Em Y36 Gắn SIM 4G Theo Dõi Qua App, Gọi Video, Báo Động SOS",https://www.lazada.vn/products/pdp-i3167823670.html,432.000 ₫,,
Lige thông minh nguyên bản xem người đàn ông 700mAh pin lớn màn hình cảm ứng trọn bộ cuộc gọi Bluetooth được xây dựng trong loa và mic Thiết bị theo dõi sức khỏe tập luyện Vòng tay thể thao không thấm nước,https://www.lazada.vn/products/pdp-i3057335639.html,799.000 ₫,5.0,
Aigo GPS Map Running Pace Smart Watch Altitude AOD Display Amoled Screen Smartwatch For Men,https://www.lazada.vn/products/pdp-i3149396284.html,1.148.103 ₫,,
"Đồng hồ thông minh giá rẻ DZ9 Pro - Màn Amoled, hỗ trợ AI, Chế độ thể thao",https://www.lazada.vn/products/pdp-i2655569431.html,350.000 ₫,,
Aigo Electronic watch High Quality Silicone Waterproof Sports Smartwatch Men Women Game Bluetooth,https://www.lazada.vn/products/pdp-i3149283881.html,688.678 ₫,,
Đồng hồ đeo tay thông minh T8 bluetooth 3.0 chất lượng cao kèm phụ kiện,https://www.lazada.vn/products/pdp-i3100688410.html,229.999 ₫,3.0,
Lige Mới Đồng hồ thông minh GPS Ngoài Trời 3ATM Không Thấm Nước Được Xây Dựng-Trong Chatgpt Ai Trợ Lý la bàn độ cao Phong Vũ Biểu Đồng hồ thông minh thể thao Nam Giới,https://www.lazada.vn/products/pdp-i3148799365.html,959.000 ₫,5.0,
"Đồng Hồ Thông Minh W03 Pro, đồng hồ thể thao điện tử theo dõi sức khoẻ, công nghệ cao bảo hành 12 tháng",https://www.lazada.vn/products/pdp-i2749084849.html,784.000 ₫,,
Awei 1.38 Inch HD looking glass đồng hồ thông minh IP68 Không Thấm Nước Hỗ Trợ cuộc gọi bluetooth 100 + Thể Thao Mô Hình Áp Lựu-Oxy theo dõi giấc ngủ Smartwatchs Cho thể thao sức khỏe,https://www.lazada.vn/products/pdp-i3014222592.html,782.757 ₫,,
"Vòng đeo tay thông minh M4 thế hệ mới. Kết nối bluetooth, chống nước. Hỗ trợ chăm sóc theo dõi sức khoẻ và luyện tập thể thao. Nhận thông báo cuộc gọi, tin nhắn//T5H3",https://www.lazada.vn/products/pdp-i1804889827.html,95.000 ₫,,
Đồng hồ thông minh Xiaomi Smart Watch 5 Active bản Tiếng Việt - Chính hãng bảo hành 12 tháng,https://www.lazada.vn/products/pdp-i2825854372.html,790.000 ₫,5.0,36 Đã bán
Đồng hồ thông minh (hw22) sr6,https://www.lazada.vn/products/pdp-i2239586570.html,220.000 ₫,,
"Đồng Hồ Thông Minh cho nữ HW52( GT3 pro ), Cảm Biến Màn Hình, Kết Nối Bluetooth Nghe Gọi, chống nước, kiểm soát sức khoẻ",https://www.lazada.vn/products/pdp-i2893136648.html,395.000 ₫,,
Đồng hồ thông minh acuff T8 kết nối Bluetooth đếm bước chân,https://www.lazada.vn/products/pdp-i3100799219.html,206.240 ₫,,
116Plus Smart Watch 1.44 Inch Touch Screen Fitness Smart Watch Heart Rate Monitor Sports Watch For Men Women,https://www.lazada.vn/products/pdp-i2503725146.html,58.000 ₫,,
Đồng hồ thông minh HW Ultra 2 Call android+sim+youtube+FB khuyến mãi,https://www.lazada.vn/products/pdp-i2788803849.html,499.000 ₫,,
Aigo Smart Watch Bluetooth Call Waterproof Sports Fitness Health Monitoring Smartwatch Men Women,https://www.lazada.vn/products/pdp-i3149333520.html,688.678 ₫,,
"Aigo Smartwatch 1.47"" TFT Display Smart Watch Digital Waterproof Android Phone Bluetooth Call",https://www.lazada.vn/products/pdp-i3149296638.html,734.621 ₫,,
Đồng Hồ Thông Minh Đo Glucose Máu Áp Điện Tim Nghiên Cứu Bluetooth Điện Thoại Oxy Máu Tần Số Tim Theo Dõi Sức Khỏe Tập Luyện Ngủ,https://www.lazada.vn/products/pdp-i3182276327.html,3.417.000 ₫,4.0,
"Đồng Hồ Thông Minh Gọi Điện S9 ULTRA MAX, Phiên Bản Cao Cấp S9 ULTRA, Cảm Biến Con Lăn Thông Minh",https://www.lazada.vn/products/pdp-i3055502264.html,1.390.000 ₫,5.0,
"Đồng Hồ Thông Minh Đa Năng cho Trẻ Em với Tính Năng Nghe Nhạc, Hát, Kể Chuyện và Đọc Thơ",https://www.lazada.vn/products/pdp-i3231139492.html,70.000 ₫,,
Đồng hồ thông minh taidu với máy theo dõi nhịp tim và Bộ đếm bước chân cho những người đam mê thể dục,https://www.lazada.vn/products/pdp-i3125744857.html,27.300 ₫,5.0,9 Đã bán
"[SĂN SALE GIỮ CHUỖI 4.11] Đồng hồ Samsung Galaxy Fit3, Màn hình AMOLED 1,6"", Pin 13 ngày, Luyện ngủ ngon, Cảnh báo té ngã",https://www.lazada.vn/products/pdp-i2579333011.html,1.390.000 ₫,5.0,
Đồng Hồ Thông Minh Theo Dõi GPS Cho Thiếu Niên Gọi Video Chống Nước,https://www.lazada.vn/products/pdp-i3178445083.html,2.566.000 ₫,4.0,
"Đồng hồ thông minh 100% chính hãng Hoco y106 Đồng hồ điện thoại 1,83 inch 4G có hỗ trợ thẻ Sim mạng: FDD-LTE, TDD-LTE, theo dõi vị trí GSM cho trẻ em đồng hồ quà tặng trẻ em",https://www.lazada.vn/products/pdp-i3138978719.html,725.000 ₫,4.0,7 Đã bán
LIGE Đồng hồ thông minh thời trang nam và nữ Bluetooth Sports Vòng đeo tay thể dục đa chức năng không thấm nước,https://www.lazada.vn/products/pdp-i1657720933.html,609.000 ₫,4.0,114 Đã bán
[Phiên bản cuộc gọi] Đồng hồ thông minh HOCO Y23 Ultra 2.02 inch Màn hình cảm ứng toàn màn hình Đồng hồ thể thao siêu thông minh Đồng hồ thể thao siêu thông minh IP67 Bluetooth chống nước 5.3 Phổ biến cho iOS Android Tất cả điện thoại thông minh Đồng hồ p,https://www.lazada.vn/products/pdp-i2849091217.html,516.780 ₫,5.0,18 Đã bán
Lige thông minh cho trẻ em xem học sinh Tuổi Teen Đồng hồ trẻ em đồng hồ thể thao thói quen theo dõi và ghi âm Smartwatch quà tặng bé trai và nữ,https://www.lazada.vn/products/pdp-i3077182379.html,439.000 ₫,,
Lige Đồng hồ thông minh cuộc gọi bluetooth ban đầu và Vòng tay thể thao không thấm nước đèn pin nhịp tim cho nam và nữ,https://www.lazada.vn/products/pdp-i3058552354.html,539.000 ₫,,
Đồng Hồ Thông Minh P9 Chống Nước Hỗ Trợ Theo Dõi Sức Khỏe,https://www.lazada.vn/products/pdp-i3100491638.html,139.000 ₫,,
LIGE Đồng Hồ Thông Minh Cho Nam đồng hồ nam cá tính Màn Hình Cảm Ứng Toàn Bộ Chống Nước IP67 Kết Nối Bluetooth đồng hồ thể thao Cho Android Ios,https://www.lazada.vn/products/pdp-i1043682095.html,771.000 ₫,4.0,40 Đã bán
(xả)Đồng Hồ Thông Minh M26 Kết Nối Bluetooth Chống Nước Cho Android Ios -Dc3313,https://www.lazada.vn/products/pdp-i1051386905.html,152.600 ₫,3.0,
Đồng hồ Thông minh AMA Watch H99 RAM 8+256GB lắp sim nghe gọi độc lập + kết nối bluetooth với điện thoại nhận thông báo camera xoay tải ứng dụng chơi game Hàng Chính Hãng,https://www.lazada.vn/products/pdp-i3073407119.html,1.900.000 ₫,1.0,
Đồng hồ Định Vị Trẻ Em ( Đồng Hồ Thông Minh Trẻ Em) Định Vị Z02 Có Thể Lắp Sim Nghe Gọi Chống Nước Tích Hợp Sim 4G.,https://www.lazada.vn/products/pdp-i2422186489.html,1.500.000 ₫,5.0,45 Đã bán
XIAOXUN | Đồng Hồ Thông Minh có WeChat 5MP Camera & Theo Dõi Vị Trí cho Học Sinh Tiểu Học,https://www.lazada.vn/products/pdp-i3177078528.html,3.293.000 ₫,4.0,
Lige Đồng hồ thông minh mới cho phụ nữ Màn hình AMOLED Đồng hồ IP68 không thấm nước Máy theo dõi nhịp tim phụ nữ Đồng hồ thông minh cho Android IOS,https://www.lazada.vn/products/pdp-i3135232425.html,919.000 ₫,,
Lige 1.85inch màn hình HD đồng hồ thông minh người đàn ông Đèn pin cuộc gọi bluetooth 730mAh pin lớn Đèn Led thể thao ngoài trời đồng hồ thông minh ES cho nam giới + Hộp,https://www.lazada.vn/products/pdp-i2932674957.html,959.000 ₫,5.0,6 Đã bán
"Đồng hồ thông minh trẻ em R1c | Nghe gọi video 4G, Định vị GPS | Hàng Cao cấp Chống nước | myFirst Fone R1c nhập khẩu Singapore",https://www.lazada.vn/products/pdp-i3063032559.html,1.970.100 ₫,5.0,80 Đã bán
Aigo Ultra Smartwatch Digital Waterproof IP68 Android Phone Bluetooth Call Heart Rate Monitoring,https://www.lazada.vn/products/pdp-i3149401142.html,734.621 ₫,,
Lige Mới Thông Minh Đồng hồ nam 100 + Thiết bị theo dõi sức khỏe thể thao cuộc gọi bluetooth Spo2 Theo Dõi Sức Khỏe Đồng hồ thông minh Nam Giới Cho IOS Android,https://www.lazada.vn/products/pdp-i2877553477.html,739.000 ₫,,
Lige thể thao mới đồng hồ thông minh Nam Nữ 1.47-inch cảm ứng đầy đủ bộ theo dõi sức khỏe IP67 Đồng hồ thông minh không thấm nước + Hộp,https://www.lazada.vn/products/pdp-i2274199919.html,729.000 ₫,,
Lige Đồng hồ thông minh Phụ Nữ cuộc gọi bluetooth thể dục thể thao Nam Giới Đồng Hồ Nhịp Tim theo dõi sức khỏe Smartwatch Phụ Nữ Cho iOS Android + Hộp,https://www.lazada.vn/products/pdp-i3059626473.html,459.000 ₫,,
"Đồng Hồ Thông Minh Cho Người Trẻ, Hỗ Trợ Gọi, Thẻ SIM, Theo Dõi GPS và Chống Nước",https://www.lazada.vn/products/pdp-i3178839701.html,2.574.000 ₫,,
Lige Đồng hồ thông minh Phụ Nữ Người Đàn Ông theo dõi sức khỏe Màn Hình cuộc gọi bluetooth thể thao ngoài trời Đồng hồ thể dục Không Thấm Nước Đồng hồ thông minh + Hộp,https://www.lazada.vn/products/pdp-i2651664634.html,399.000 ₫,,
Awei dòng đồng hồ thông minh H52 1.43inch amoeled smartwatchs cho nam nữ,https://www.lazada.vn/products/pdp-i3194223821.html,1.960.738 ₫,,
Đồng Hồ Thông Minh Chống Thất lạc với 5GPS,https://www.lazada.vn/products/pdp-i3232120039.html,2.052.000 ₫,,
Lige newsmart Đồng hồ nam TWS 2-in-1 Tai nghe NFC Heart Rate oxy máu Bộ theo dõi sức khỏe đồng hồ thể thao cuộc gọi bluetooth SmartWatch Nam cho IOS Android,https://www.lazada.vn/products/pdp-i3148128784.html,969.000 ₫,5.0,
"( BẢO HÀNH 1 NĂM ) Đồng Hồ Thông Minh K10 - Bản Nâng Cấp Hoàn Hảo, Lắp Sim Nghe Gọi, Nhắn Tin, Lắp Thẻ Nhớ, Giao Diện Tổ Ong Cực Mượt, Hỗ Trợ Sức Khỏe, Thể Thao, 285- Tiếng Việt 100%",https://www.lazada.vn/products/pdp-i2093667257.html,550.000 ₫,,
Aigo New Smart Watch Compass HD Bluetooth Call Heart Rate Smartwatch Waterproof Men's Bluetooth Watch,https://www.lazada.vn/products/pdp-i3149343362.html,918.391 ₫,,
[Khuyến mãi đặc biệt] Vòng đeo tay thông minh Xiaomi Mi Band 9 Blue | Nâng cấp khả năng theo dõi giấc ngủ toàn diện* | Cải thiện khả năng theo dõi nhịp tim và SpO₂* | Hỗ trợ hơn 150 chế độ thể thao,https://www.lazada.vn/products/pdp-i3085514801.html,950.000 ₫,4.0,420 Đã bán
Lige Đồng hồ thông minh unisex AMOLED siêu mỏng màn hình cong cuộc gọi không dây máy theo dõi nhịp tim IP68 không thấm nước Đồng hồ thông minh thể thao nam giới cho Android và IOS,https://www.lazada.vn/products/pdp-i3141615035.html,799.000 ₫,,
"Đồng hồ thông minh BIKA dành cho nam nữ (Trả lời / Gọi) Đồng hồ theo dõi sức khỏe 1.28 ""HD với 30 chế độ thể thao Nhịp tim / SpO2 / Màn hình giấc ngủ IP68 Chống nước cho iPhone Android",https://www.lazada.vn/products/pdp-i3108790809.html,411.226 ₫,,
Bika 2024 Mới Đồng Hồ Thông Minh IP67 Chống Nước Bluetooth Nam Nữ Toàn Màn Hình Cảm Ứng Thể Thao Đồng Hồ Cho Android IOS Đồng Hồ Thông Minh Nam,https://www.lazada.vn/products/pdp-i3108654710.html,408.835 ₫,,
LIGE Đồng Hồ Nam Thông Minh Cuộc Gọi Bluetooth Vòng Tay Nghe Nhạc Bluetooth Chống Nước Cảm Ứng Hoàn Toàn Đồng Hồ Thông Minh Mặt Số Tùy Chỉnh Cho Nữ + Hộp,https://www.lazada.vn/products/pdp-i1911710904.html,549.000 ₫,4.0,16 Đã bán
SKMEI BOZLUN Y68S 2021 Cho Nam Nữ Đồng Hồ Thông Minh Thể Thao Chống Nước Thời Trang Dành Cho Android IOS,https://www.lazada.vn/products/pdp-i1434883488.html,106.000 ₫,3.0,21 Đã bán
Đồng hồ nữ Crnaira LT36 4G Cảm ứng thông minh cho cả Bé trai-gái Cuộc gọi video WIFI 4G gọi SOS Theo dõi vị trí dây đeo silicon,https://www.lazada.vn/products/pdp-i2465917056.html,889.000 ₫,5.0,9 Đã bán
Đồng Hồ Thông Minh T900 Pro Max L Watch 8 Fitpro IWO7 T900pro Max L 2023 Series 8. BH 6 THÁNG.1 ĐỔI 1 TRONG 2 THÁNG,https://www.lazada.vn/products/pdp-i2533595546.html,205.000 ₫,,
"Đồng Hồ Thông Minh Y68 Kết Nối Điện Thoại Thay Hình nền, Phù Hợp Cả Nam và Nữ, Lỗi 1 Đổi 1",https://www.lazada.vn/products/pdp-i3212778180.html,61.250 ₫,,
Aigo Smartwatch Women Men's Round Waterproof with Fitness Tracker with Bluetooth Male PK X8 FD68,https://www.lazada.vn/products/pdp-i3149389403.html,734.621 ₫,,
"Kospet Tank M3 Đồng hồ thông minh Gồ Ghề Cho Nam Giới 100M Không Thấm Nước 60 Ngày Extra-Pin dài 1.96 ""Amoled Luôn Always-On Hiển Thị cuộc gọi Bluetooth 100 + Chế độ thể thao Ngủ/Máu giám sát áp suất",https://www.lazada.vn/products/pdp-i2622017773.html,2.031.040 ₫,5.0,
"Đồng Hồ Nghiên Cứu Huyết Áp, Glucose, Tim Mạch, Cholesterol Kết Nối Bluetooth với Đo Nhịp Tim và Theo Dõi Giấc Ngủ",https://www.lazada.vn/products/pdp-i3182184751.html,2.394.000 ₫,4.0,
"Đồng Hồ Thông Minh Kiểm Tra Mạch, Nhịp Tim, Oxy Máu Chính Xác",https://www.lazada.vn/products/pdp-i3178628093.html,4.272.000 ₫,4.0,
2025 Hoco Y29 Đồng hồ thông minh 1.5inch ban đầu bluetooth 5.3 hỗ trợ được xây dựng trong GPS Điện thoại bluetooth cuộc gọi đồng hồ thông minh thể thao cho nam giới,https://www.lazada.vn/products/pdp-i3021020461.html,620.000 ₫,,
Chống nước mới người đàn ông Smartwatch Màn hình AMOLED cuộc gọi Bluetooth đồng hồ thông minh Đèn pin LED Đồng Hồ thể thao nhịp tim theo dõi giấc ngủ itmus48-CB,https://www.lazada.vn/products/pdp-i3230458130.html,271.000 ₫,,
Đồng hồ chống thấm nước Bộ đếm bước chân nam nữ Smartwatch Màn hình màu nhịp tim/huyết áp/Máy đo độ bão hoà ôxi trong máu để hỗ trợ Android 4.4/IOS8.0 trở lên,https://www.lazada.vn/products/pdp-i2278301787.html,341.000 ₫,4.0,49 Đã bán
LIGE Đồng Hồ Thông Minh Đồng Hồ Thông Minh Nam GT3 Pro AMOLED 390*390 Màn Hình HD Gọi Bluetooth Chống Nước + Hộp,https://www.lazada.vn/products/pdp-i2146350507.html,739.000 ₫,5.0,7 Đã bán
Đồng Hồ Thông Minh cho Trẻ Em với Định Vị và Cuộc Gọi Video HD,https://www.lazada.vn/products/pdp-i3198325467.html,2.885.000 ₫,4.0,
Đồng Hồ Thông Minh Cho Người Lớn Có Theo Dõi Nhịp Tim Và Gọi Điện Qua Bluetooth,https://www.lazada.vn/products/pdp-i3220965156.html,1.513.000 ₫,4.0,
Đồng Hồ Thông Minh Thể Thao Pro Dây Silicone 46mm,https://www.lazada.vn/products/pdp-i3234326889.html,132.000 ₫,,
"Đồng Hồ Thông Minh Đo Glucose Máu, Huyết Áp, SpO2, Gọi Bluetooth, Theo Dõi Nhịp Tim, Nghiên Cứu Sức Khỏe Ngủ",https://www.lazada.vn/products/pdp-i3179003378.html,2.568.000 ₫,,
Đồng Hồ Thông Minh HD Call Theo Dõi Nhịp Tim NFC Đa Chức Năng Nghiên Cứu Sức Khỏe,https://www.lazada.vn/products/pdp-i3198290040.html,3.000.000 ₫,,
Đồng hồ thông minh trẻ em myFirst Fone S3c | Định vị GPS | Gọi thoại Video 4G,https://www.lazada.vn/products/pdp-i3063113218.html,2.000.000 ₫,5.0,85 Đã bán
"Đồng Hồ Thông Minh Theo Dõi Sức Khỏe với Áp Xuất Máu, Đường Huyết, Cholesterol, Acid Uric, ECG, Bão Hòa Oxy, Nhịp Tim, Theo Dõi Giấc Ngủ",https://www.lazada.vn/products/pdp-i3177950488.html,2.564.000 ₫,4.0,
"[Hàng chất] Đồng hồ thông minh C40Pro chống thấm nước, thể thao sức khoẻ, Bluetooth Nhịp Tim Huyết Áp Giấc ngủ",https://www.lazada.vn/products/pdp-i3112329227.html,235.000 ₫,,
VÒNG TAY ĐỒNG HỒ THÔNG MINH M3,https://www.lazada.vn/products/pdp-i2235296791.html,99.000 ₫,,
Đồng hồ thông minh Colmi S9 Plus,https://www.lazada.vn/products/pdp-i1916216303.html,399.000 ₫,,
"Lige 1.96 """" thông minh Độ nét cao Đồng hồ nam cuộc gọi Bluetooth với trợ lý giọng nói cập nhật thời tiết hàng ngày đồng hồ theo dõi sức khỏe và thể chất thông minh không thấm nước Đồng hồ nam + Hộp",https://www.lazada.vn/products/pdp-i2647585063.html,859.000 ₫,4.0,
"Đồng hồ thông minh T500 PROMAX tràn viền viền thép sang trọng, Đồng hồ Smartwatch đo nhịp tim, thể dục thể thao",https://www.lazada.vn/products/pdp-i2654538532.html,155.000 ₫,,
Lige Đồng hồ thông minh người đàn ông ngoài trời mới quân sự cuộc gọi Bluetooth thông minh GPS thể thao không thấm nước Ftiness Tracker xem + Hộp,https://www.lazada.vn/products/pdp-i2637214358.html,579.000 ₫,5.0,
La bàn Nam Đồng hồ thông minh NFC mới Màn hình HD luôn hiển thị thời gian cuộc gọi Bluetooth GPS Chống thấm nước SmartWatch + Hộp,https://www.lazada.vn/products/pdp-i2522130837.html,899.000 ₫,,
Lige Series 8 Đồng Hồ Thông Minh Men cuộc gọi Bluetooth Heart Rate huyết áp thông minh đồng hồ nữ + Hộp,https://www.lazada.vn/products/pdp-i2522124562.html,529.000 ₫,,
"Lige Đồng hồ thông minh thời trang Phụ Nữ 1.85 ""Màn hình HD Tùy Chỉnh Xem Mặt theo dõi sức khỏe Đồng Hồ cuộc gọi Bluetooth Thể Thao Thông Minh Đồng hồ nam + Hộp",https://www.lazada.vn/products/pdp-i2998461416.html,519.000 ₫,,
hoco Y17 Đồng hồ Smart Watch 2.03 inch 300mAh nghe gọi bluetooth,https://www.lazada.vn/products/pdp-i2836496476.html,512.000 ₫,,
"Đồng Hồ Thông Minh GT5 MAX, Đồng Hồ Thông Minh Mặt Tròn, Tặng Dây Da Đi Kèm.Xem thông báo tin nhắn",https://www.lazada.vn/products/pdp-i2539719702.html,575.000 ₫,5.0,13 Đã bán
Lige 1000MAh Pin Đồng hồ thông minh Nam không thấm nước thể dục thể thao Vòng Đeo Tay Đèn pin Led Sức Khỏe Quân Đội Smartwatch,https://www.lazada.vn/products/pdp-i3192335890.html,749.000 ₫,,
"(BẢN MỚI NHẤT 2024) Đồng Hồ Thông Minh Trẻ Em D36, Lắp Sim Nghe Gọi - Có Rung Định Vị Cảnh Báo Nguy Hiểm, Chống Nước IPX7 Có Tiếng Việt.",https://www.lazada.vn/products/pdp-i2598916437.html,1.500.000 ₫,4.0,54 Đã bán
"Lige thể thao quân sự mới đồng hồ thông minh nam giới 1.77 ""la bàn Đèn pin Led IP68 Bluetooth không thấm nước thông minh gọi đồng hồ thông minh ES cho nam giới IOS Android + Hộp",https://www.lazada.vn/products/pdp-i3061464429.html,599.000 ₫,,
Aigo Smart Watch Original Men Sports Waterproof Fitness Tracker Bluetooth Call ECG Health Monitor,https://www.lazada.vn/products/pdp-i3149410048.html,734.621 ₫,,
"Đồng Hồ Thông Minh Cho Sức Khỏe Toàn Diện - Chống Nước IP67, Kết Nối Điện Thoại Cho Nam và Nữ",https://www.lazada.vn/products/pdp-i2508019719.html,246.000 ₫,,
Lige Đồng hồ thông minh Cho Nam Giới thể thao ngoài trời Vòng đeo tay thông minh Bộ theo dõi sức khỏe Màn hình AMOLED Không Thấm Nước Thông Minh Phụ Nữ Vòng Đeo Tay Cho IOS Android,https://www.lazada.vn/products/pdp-i2836745038.html,399.000 ₫,,
"Đồng Hồ Thông Minh Theo Dõi Huyết Áp, Glucose, Cholesterol, Axit Uric",https://www.lazada.vn/products/pdp-i3177885750.html,3.417.000 ₫,4.0,
Lige thể thao đồng hồ thông minh nam không thấm nước cuộc gọi Bluetooth sức khỏe giám sát 100 + thể thao đồng hồ thông minh cho Nam Đồng hồ thông minh + Hộp,https://www.lazada.vn/products/pdp-i2528974086.html,639.000 ₫,,
"Đồng Hồ Thông Minh Giá Rẻ Y68 Đồng Hồ Thời Trang Nam Nữ, Đồng Hồ Thể Thao .Đồng Hồ Thông Minh Đồng Hồ Đeo Tay Theo Dõi Sức Khỏe",https://www.lazada.vn/products/pdp-i2049091487.html,51.891 ₫,4.0,250 Đã bán
Vòng đeo tay thông minh Xiaomi Mi Band 9 - Bản Quốc Tế - Bảo Hành 12 Tháng Chính Hãng,https://www.lazada.vn/products/pdp-i3155760602.html,990.000 ₫,,
hoco Y7 Đồng hồ Smart Watch 1.32 inch 330mAh,https://www.lazada.vn/products/pdp-i2836712021.html,640.000 ₫,,
Đồng hồ Thông Minh Y95 Lắp Sim định vị trẻ em,https://www.lazada.vn/products/pdp-i2007825648.html,200.000 ₫,4.0,59 Đã bán
Đồng Hồ Thông Minh QS8 Ultra Cao Cấp Full Box sạc không dây hỗ trợ tiếng việt nghe gọi trực tiếp chống nước IPX68,https://www.lazada.vn/products/pdp-i2078169605.html,450.000 ₫,,
"Đồng hồ thể thao thông minh HW16- Màn hình lớn, viền mỏng, nghe gọi điện 2 chiều",https://www.lazada.vn/products/pdp-i2235303330.html,290.000 ₫,,
JTKE Đồng Hồ Thông Minh Đồng Hồ Bluetooth Thể Dục Thể Thao Cho Nam Nữ Vòng Đeo Tay Thông Minh Theo Dõi Giấc Ngủ Hỗ Trợ Thẻ SIM,https://www.lazada.vn/products/pdp-i1902812719.html,201.000 ₫,4.0,61 Đã bán
POSHI Đồng Hồ Thông Minh Gọi Bluetooth Mới Cho Nam Đồng Hồ Thể Dục Thể Thao Cảm Ứng Hoàn Toàn Chính Hãng Chống Nước Đồng Hồ Thông Minh Theo Dõi GPS Huyết Áp Nhịp Tim Cho Nữ Đồng Hồ Thông Minh Jam Tangan Lelaki,https://www.lazada.vn/products/pdp-i2173681498.html,299.000 ₫,,
[Hỗ trợ cho cuộc gọi] Đồng hồ thông minh Bluetooth HOCO Y22 AMOLED đồng hồ thể thao thể thao chống nước IP67 đồng hồ nam 1.43inch đồng hồ tập luyện pin 200mAh hỗ trợ nhịp tim kiểm tra oxy trong máu 22 ngôn ngữ dây đeo kép cho ios android tất cả điện thoại,https://www.lazada.vn/products/pdp-i2713518875.html,670.000 ₫,4.0,37 Đã bán
"Đồng hồ thông minh Samsung Galaxy Watch 7,Hàng chính hãng,Đo huyết áp",https://www.lazada.vn/products/pdp-i2947700088.html,4.590.000 ₫,,
"Đồng Hồ Thông Minh Theo Dõi Đường Huyết, Huyết Áp với Theo Dõi Giấc Ngủ, Theo Dõi Nhịp Tim, SpO2 và Chức Năng Gọi",https://www.lazada.vn/products/pdp-i3192573005.html,2.012.000 ₫,4.0,
Đồng Hồ Thông Minh cho Bé Trai và Bé Gái 11x4G Toàn Mạng,https://www.lazada.vn/products/pdp-i3193707896.html,1.377.000 ₫,4.0,
"Đồng hồ thông minh t500ultra với theo dõi sức khỏe và thể chất, máy theo dõi nhịp tim và điều khiển camera từ xa",https://www.lazada.vn/products/pdp-i3121793150.html,103.000 ₫,,
"Dây Đeo Thông Minh Theo Dõi Nhịp Tim, Oxy Máu, Giấc Ngủ Chính Xác Cao Gọi Bluetooth SOS Trend",https://www.lazada.vn/products/pdp-i3181280118.html,2.991.000 ₫,4.0,
LIGE đồng hồ đeo tay nam Minh Gọi Bluetooth Mới Cho Nam Đồng Hồ Thể Dục Thể Thao Cảm Ứng Hoàn Toàn đồng hồ nam dây da nam đồng hồ thể thao Android IOS + Hộp,https://www.lazada.vn/products/pdp-i1826308919.html,699.000 ₫,4.0,40 Đã bán
LIGE Đồng Hồ Nam thông minh thời trang Màn hình cảm ứng đầy đủ Nhịp tim Huyết áp Thể thao đa chức năng Đồng hồ nữ chống nước cho Android IOS + Hộp,https://www.lazada.vn/products/pdp-i1306518604.html,459.000 ₫,4.0,130 Đã bán
Đồng hồ thông minh Amazfit T-Rex 3 - Hàng chính hãng - Bảo hành 12 tháng,https://www.lazada.vn/products/pdp-i2809423519.html,5.690.000 ₫,5.0,51 Đã bán
Định vị vị trí Hoco/Borofone được yêu thích,https://www.lazada.vn/products/pdp-i2788769992.html,186.000 ₫,,
"đồng hồ thể thao ksc 1134 HUADAI mới bluetooth( phiên bản gọi ) ip67 chống nước, sạc không dây",https://www.lazada.vn/products/pdp-i3090246425.html,480.000 ₫,,
Lige nam mới Đồng hồ thông minh cuộc gọi Bluetooth nhắc nhở đầy đủ cảm ứng vòng đeo tay không thấm nước nhịp tim Đồng hồ thông minh thể thao cho IOS Android + Hộp,https://www.lazada.vn/products/pdp-i2417403010.html,499.000 ₫,,
Đồng hồ đeo tay thông minh Honor Band 9 |Màn hình 1.57” | Pin dài 14 ngày| Kháng nước 5ATM | 96 chế độ thể thao | Bảo hành 12 tháng Hàng chính hãng.,https://www.lazada.vn/products/pdp-i2849487494.html,599.000 ₫,5.0,796 Đã bán
Đồng hồ Thông Minh Garmin Forerunner 55 GPЅ (Black/Monterra Grey) - Hàng Chính Hãng,https://www.lazada.vn/products/pdp-i2661547153.html,2.880.000 ₫,5.0,Priority Instant
Lige Mới Thông Minh Đồng hồ nam Với Máy Ảnh Ghi Video Đồng Bộ máy ảnh của điện thoại Bộ nhớ lớn Năng Động Video Quay Số Âm Nhạc cuộc gọi Bluetooth đồng hồ thông minh Cho Nam Giới IOS Android,https://www.lazada.vn/products/pdp-i3065025215.html,939.000 ₫,,
"Đồng hồ thông minh Honor CHOICE Watch 2i| Màn hình 1.85 "" AMOLED, Pin 14 ngày, Nghe gọi Bluetooth",https://www.lazada.vn/products/pdp-i3048945292.html,1.290.000 ₫,4.0,72 Đã bán
"(Tặng TÚI MÙ) Đồng hồ Thông Minh Trẻ Em P60, Nghe Gọi Video call, Định Vị từ Xa, Game Trò chơi Trí Tuệ Cho Bé, Chống nước IP67 Smartwatch",https://www.lazada.vn/products/pdp-i3015658369.html,545.000 ₫,,
"Đồng Hồ Thông Minh LIGE, Đồng Hồ Nam Tập Thể Dục Thể Thao Bằng Thép Không Gỉ Chống Nước IP67 Cuộc Gọi Bluetooth Thời Trang Mới Dành Cho Android IOS",https://www.lazada.vn/products/pdp-i1477275137.html,752.000 ₫,4.0,266 Đã bán
Đồng Hồ Thông Minh Thể Thao Mới Phù Hợp Với Pixel Smartwatch Nhịp Tim Ngủ Gọi Bluetooth Cho Nữ,https://www.lazada.vn/products/pdp-i3060294798.html,635.765 ₫,,
[HCM]Đồng Hồ Thông Minh Gọi Bluetooth T500 Đồng Hồ 5 Thông Minh Đồng Hồ Theo Dõi Nhịp Tim Nam Nữ Theo Dõi Hoạt Động VS W56 T600 F8 W34 W46,https://www.lazada.vn/products/pdp-i1126582930.html,799.000 ₫,,
Đồng hồ thông minh myFirst Fone R1s Gọi Video 4G|Đo Nhịp Tim | Định Vị GPS |Chống nước,https://www.lazada.vn/products/pdp-i3063115160.html,2.960.100 ₫,5.0,5 Đã bán
Lige 420MAh Màn hình HD Đồng hồ thông minh GPS Nam Giới cuộc gọi Bluetooth La Bàn Đồng hồ thể thao Chống Thấm Nước Cho Phụ Nữ,https://www.lazada.vn/products/pdp-i3069081284.html,739.000 ₫,5.0,
"Đồng Hồ Thông Minh Định Vị Trẻ Em Y36 Mẫu Mới, Đồng Hồ Thông Minh Y36 Lắp Sim Nghe Gọi 2 Chiều, Gắn Sim Như Điện Thoại Di Động Lắp Sim Nghe Gọi - Định Vị Cảnh Báo Nguy Hiểm, Chống Nước PX7 Có Tiếng Việt.",https://www.lazada.vn/products/pdp-i2417121154.html,650.000 ₫,4.0,48 Đã bán
Đồng hồ thông minh unisex thời trang màu hồng với máy theo dõi nhịp tim và đèn ban đêm,https://www.lazada.vn/products/pdp-i3173593807.html,37.000 ₫,,
Đồng hồ thông minh Samsung Gear S3 Frontier,https://www.lazada.vn/products/pdp-i528794450.html,1.250.000 ₫,5.0,38 Đã bán
NORTH EDGE ET570 ai sức khỏe phân tích dữ liệu Micro Vật Lý kiểm tra ECG Đồng hồ thông minh huyết áp oxy máu đường huyết tương thích hệ thống IOS Android IP68 không thấm nước 1.96-inch vuông màn hình cảm ứng trọn bộ,https://www.lazada.vn/products/pdp-i2677877334.html,947.102 ₫,4.0,
"Đồng hồ thông minh định vị trẻ em bản cao cấp KidsPlus C80. 4G.nghe gọi video , định vị GPS chính xác , chống nước IPX7 ( BH 1 ĐỔI 1 )",https://www.lazada.vn/products/pdp-i3026042583.html,900.000 ₫,,
Taidu Đồng hồ thông minh M9 Đa-Chức Năng Kết Nối Bluetooth Không Xâm Xâm Xâm Xâm Xâm XOanh Không Có Kim Huyết Áp đường huyết Uric Axit theo dõi giấc ngủ Cross-Biên Giới,https://www.lazada.vn/products/pdp-i3154539760.html,205.800 ₫,,
"( MẪU MỚI ) Đồng Hồ Thông Minh Định vị trẻ em C80 Nắp Sim 4G Chống nước IP67, Nghe Gọi 2 Chiều Như Điện Thoại, Định Vị GPS, Cuộc Gọi Khẩn Cấp.",https://www.lazada.vn/products/pdp-i2446611200.html,800.000 ₫,5.0,35 Đã bán
[HCM][ XẢ KHO LỚN SALE 50%] Đồng Hồ Thông Minh Cho Người Lớn Trẻ Em - Đồng Hồ Thông Minh Sx6 Màn Hình Cảm Ứng Cong Phù Hợp Với Mọi Lứa Tuổi Hàng Cao Cấp Bảo Hành 12 Tháng.,https://www.lazada.vn/products/pdp-i1252919886.html,620.000 ₫,,
Đồng hồ thông minh chống nước IP68 Chống nước ngoài trời đồng hồ thông minh cuộc gọi Bluetooth + theo dõi thể dục thể thao nhịp tim cho nam Lige,https://www.lazada.vn/products/pdp-i3224565312.html,569.000 ₫,,
Đồng Hồ Thông Minh AMA Q19 Camera Kép Xoay 360 Chống thấm nước Chuẩn IP 67 Hàng chính hãng,https://www.lazada.vn/products/pdp-i2302576379.html,470.000 ₫,,"13 Đã bán
Hà Nội"
hoco Y16 Đồng hồ Smart Watch 1.39 inch 260mAh nghe gọi bluetooth,https://www.lazada.vn/products/pdp-i2836478333.html,614.000 ₫,,
Đồng hồ thông minh GOOJODOQ IP68 Chống nước Cuộc gọi Bluetooth Theo dõi sức khỏe Quản lý thể dục Thể thao Nam Nữ,https://www.lazada.vn/products/pdp-i3215433199.html,336.400 ₫,,
SHENGZHISEN | Đồng Hồ Thông Minh Chống Nước Đa Năng với Theo Dõi Nhịp Tim và Huyết Áp,https://www.lazada.vn/products/pdp-i3215205685.html,728.000 ₫,,
Lige mới HD Sceen ECG + PPG thông minh đồng hồ nam thể thao ngoài trời cuộc gọi Bluetooth ai Y Tế Đồng hồ thông minh Vòng đeo tay không thấm nước cho nam giới + Hộp,https://www.lazada.vn/products/pdp-i2648313087.html,959.000 ₫,4.0,9 Đã bán
"Đồng Hồ Thông Minh Theo Dõi Sức Khỏe Gọn Nhẹ với Chức Năng Đo Đường Huyết, Huyết Áp, Nhịp Tim và Bão Hòa Oxy",https://www.lazada.vn/products/pdp-i3203791907.html,3.419.000 ₫,4.0,
Đồng hồ đeo tay Lige Cho Đồng hồ thông minh cho nữ Phụ Nữ cuộc gọi Bluetooth Smartwatch Người Đàn Ông Hỗ Trợ 120 đồng hồ dùng trong thể thao Phát lại nhạc Phím Xoay + Hộp,https://www.lazada.vn/products/pdp-i2364649721.html,649.000 ₫,,
"Đồng Hồ Thông Minh Smart Watch GT8 Nghe Gọi Bluetooth, Đồng Hồ Thể Thao,Theo Dõi Sức Khỏe, Bảo Hành 12 Tháng GAGAY",https://www.lazada.vn/products/pdp-i2749108670.html,449.000 ₫,,
QITE | Đồng Hồ Bàn Học Sinh Thông Minh Đẹp Mắt,https://www.lazada.vn/products/pdp-i3217602850.html,168.000 ₫,4.0,
"Đồng Hồ Thông Minh Đo Glucose Máu, Huyết Áp, ECG với Dây Đeo Theo Dõi SpO2 và Tần Số Tim Cao Độ Chính Xác",https://www.lazada.vn/products/pdp-i3182228771.html,2.142.000 ₫,4.0,
Đồng Hồ Thông Minh cho Trẻ Em Hỗ Trợ Nhiều Mạng,https://www.lazada.vn/products/pdp-i3194107820.html,2.523.000 ₫,4.0,
【Hỗ trợ cho cuộc gọi】hoco Y29 100% thông minh Nguyên bản đồng hồ thể thao thể thao phát hiện hỗ trợ Nhịp Tim Chống nước Màn hình tròn 1.5 inch cho iOS & Android tất cả điện thoại thông minh thông dụng,https://www.lazada.vn/products/pdp-i3018704328.html,516.780 ₫,5.0,7 Đã bán
"( GỌI VIDEO ) Đồng Hồ Định Vị Thông Minh Trẻ Em Y96, Đồng Hồ Định Vị Thông Minh Y96 Lắp Sim Nghe Gọi Hai Chiều Chức Năng Call Video Đồng Hồ Định Vị Trẻ Em Công Nghệ Mới Có Camera Giám Sát Bảo Vệ Trẻ Em.",https://www.lazada.vn/products/pdp-i2502816856.html,1.500.000 ₫,5.0,12 Đã bán
"Đồng hồ thông minh LIGE cho nam nữ, màn hình cảm ứng đầy đủ, đồng hồ thể thao, chống nước IP67, Bluetooth cho Android IOS, đồng hồ thông minh cho nam",https://www.lazada.vn/products/pdp-i3232526711.html,198.892 ₫,,
Lige cuộc gọi Bluetooth đồng hồ thông minh nam giới 730 mAh Đèn pin Led thể dục thể thao Vòng đeo tay đồng hồ huyết áp cuộc sống hàng ngày không thấm nước Đồng hồ thông minh IOS Android + Hộp,https://www.lazada.vn/products/pdp-i3074789643.html,989.000 ₫,5.0,
"YONUO Trẻ em SmartWatch với theo dõi GPS và các cuộc gọi điện thoại, không thấm nước và máy ảnh",https://www.lazada.vn/products/pdp-i3089326278.html,317.000 ₫,5.0,
[Hỗ trợ cuộc gọi] Đồng hồ thể thao thông minh HOCO y24 AMOLED Bluetooth không thấm nước Đồng hồ nam 1.43inch Đồng hồ tập luyện thể thao 5.3 IP67 chống nước hỗ trợ phát lại video/đẩy thông tin 22 ngôn ngữ cho tất cả điện thoại thông minh IOS Android thông,https://www.lazada.vn/products/pdp-i2852163927.html,663.300 ₫,4.0,18 Đã bán
Lige Đồng hồ đeo tay trẻ em sinh viên theo dõi hoạt động đồng hồ thông minh Nam Nữ ghi âm nghiên cứu Thẻ âm thanh cuốn sách câu đố Game Boy Đồng hồ thông minh cô gái Quà Tặng,https://www.lazada.vn/products/pdp-i3067723620.html,559.000 ₫,5.0,
"Đồng hồ thông minh KUMI KU2 Pro - kết nối bluetooth điện thoại nghe gọi , chống nước IP67, luyện tập thể thao",https://www.lazada.vn/products/pdp-i2513776507.html,450.000 ₫,,
Đồng hồ vòng đeo tay thông minh theo dõi sức khỏe FitPro,https://www.lazada.vn/products/pdp-i3100696350.html,173.250 ₫,,
Jiashi Y13 Đồng hồ thông minh 1.83-inch Vòng đeo tay thể thao Bluetooth gọi Heart Rate H13 Vòng đeo tay thông minh,https://www.lazada.vn/products/pdp-i3067865290.html,249.000 ₫,5.0,8 Đã bán
"Đồng Hồ Thông Minh Đo Huyết Áp, Đường Huyết và Tần Số Tim",https://www.lazada.vn/products/pdp-i3182179965.html,2.566.000 ₫,4.0,
Lige IPS Màn hình HD 400mAh pin lớn đồng hồ thông minh nam và nữ cuộc gọi Bluetooth IP68 máy theo dõi Nhịp Tim Chống nước 100 + theo dõi thể dục thể thao,https://www.lazada.vn/products/pdp-i2567830752.html,774.000 ₫,5.0,7 Đã bán
Lige Đồng hồ thông minh Mới Phụ Nữ cuộc gọi bluetooth theo dõi thể dục thể thao Đồng Hồ theo dõi sức khỏe Thời Trang Phụ Nữ Đồng hồ thông minh Cho Nam Giới + Hộp,https://www.lazada.vn/products/pdp-i3040663375.html,429.000 ₫,,
Đồng hồ Smart Watch AWEI H21 TFT 2.01 inch 240x296P 230mAh (Đen),https://www.lazada.vn/products/pdp-i2836512571.html,394.000 ₫,,
Thời trang không thấm nước Vòng đeo tay thông minh M7 mới điều khiển bằng cảm ứng đồng hồ Led thể thao,https://www.lazada.vn/products/pdp-i3065427494.html,21.000 ₫,4.0,36 Đã bán
"Đồng Hồ Trẻ Em, Đồng Hồ Điện Tử Cho Bé Tập Xem Giờ Có Hình Con Vật Dễ Thương. Làm Quà Tặng Cho Bé",https://www.lazada.vn/products/pdp-i2371272900.html,27.900 ₫,4.0,116 Đã bán
Đồng hồ thông minh P8 nhịp tim hyết áp,https://www.lazada.vn/products/pdp-i1067556979.html,579.000 ₫,,
"Đồng hồ thông minh Maimo Watch Flow, màn AMOLED, GPЅ độc lập, đo nhịp tim, SPO2, giấc ngủ, chu kỳ kinh nguyệt",https://www.lazada.vn/products/pdp-i3202259397.html,480.000 ₫,,
Lige 2025 Đồng hồ thông minh Nam Nữ cuộc gọi Bluetooth huyết áp thể thao chống nước Bộ theo dõi sức khỏe unisex Đồng hồ thông minh cho Android và IOS,https://www.lazada.vn/products/pdp-i3144118149.html,449.000 ₫,,
S10 Đồng hồ thông minh Bluetooth gọi điện thoại đa chức năng siêu mới mỏng hàng đầu với ultra3 khỏe mạnh nhịp tim máu,https://www.lazada.vn/products/pdp-i3151458249.html,225.000 ₫,,
"Đồng hồ thông minh mới [Phiên bản cao cấp GT3 Pro] Bluetooth gọi điện, theo dõi nhịp tim, huyết áp, giấc ngủ, thể thao cho người lớn",https://www.lazada.vn/products/pdp-i3067803245.html,602.911 ₫,,
Lige thời trang mới Thông Minh Đồng hồ nữ cuộc gọi Bluetooth Huyết Áp Vòng đeo tay thể thao Không Thấm Nước Tự Làm Tùy Chỉnh Quay Số Đồng hồ thông minh Phụ Nữ + Hộp,https://www.lazada.vn/products/pdp-i2624362550.html,899.000 ₫,5.0,
Thông Minh Theo dõi thể Thao Theo dỉi ĐA Chức,https://www.lazada.vn/products/pdp-i3152595021.html,36.000 ₫,,
(Bản Tiếng Việt) Đồng Hồ Thông Minh Y31 Lắp Sim Nghe Gọi - Định Vị Cảnh Báo Nguy Hiểm Cho Bé Chống Nước,https://www.lazada.vn/products/pdp-i2078548834.html,449.000 ₫,,
"ZHIXIANSHANG | Đồng Hồ Thông Minh Điều Trị Bằng Laser Y Khoa với Chức Năng Theo Dõi Glucose, Lipid và Acid Uric Không Xâm Lấn",https://www.lazada.vn/products/pdp-i3219980582.html,9.342.000 ₫,4.0,
【Hỗ trợ tiếng Việt】HOCO Y106 Đồng hồ thông minh trẻ em Boy Girl Universal 4G SIM 1.83 inch LBS+WiFi Video Call Đồng hồ trẻ em GPS Tracker IP67 Đồng hồ thông minh trẻ em không thấm nước Quà tặng trẻ em,https://www.lazada.vn/products/pdp-i3119977354.html,714.780 ₫,5.0,
Đồng hồ thông minh HW Ultra 2 Call android+sim+youtube+FB bán chạy,https://www.lazada.vn/products/pdp-i2788948069.html,499.000 ₫,,
Disney | Đồng Hồ Thông Minh Chỉ Hiển Thị Giờ Chống Nước cho Học Sinh Tiểu Học,https://www.lazada.vn/products/pdp-i3203964204.html,556.000 ₫,4.0,
hoco Y2 Pro Đồng hồ Smart Watch 1.28 inch 260mAh nghe gọi bluetooth,https://www.lazada.vn/products/pdp-i2836703080.html,569.000 ₫,,
Lige cuộc gọi Bluetooth Ban Đầu Với TWS Tai Nghe Và NFC Đồng hồ thông minh Người Đàn Ông Nhịp Tim Thiết bị theo dõi sức khỏe tập luyện chế độ thể thao Đồng Hồ,https://www.lazada.vn/products/pdp-i3073307530.html,739.000 ₫,,
[HCM]Đồng Hồ Thông Minh T500 Plus Cho Nam Nữ Đồng Hồ Thông Minh ## TẶNG NGAY VÒNG TỲ HƯU 2 ĐẦU PHONG THỦY LÀM ĂN #BẢO HÀNG 6 THÁNG BẰNG HÓA ĐƠN MUA HÀNG,https://www.lazada.vn/products/pdp-i1126610708.html,715.000 ₫,,
"[ Hót Sale 50%] Đồng Hồ Thông Minh Smart Watch Lắp Sim Độc Lập Cho Trẻ Em Y92 Mẫu Mới, Đồng Hồ Trẻ Em Lắp Sim Nghe Gọi 2 Chiều, Hỗ Trợ Tiếng Việt, Kháng Nước IP67 , Định Vị LPS, 4G/WIFI, Sóng Khoẻ , Pin Trâu. Bh 12 Tháng.",https://www.lazada.vn/products/pdp-i2513349526.html,650.000 ₫,5.0,40 Đã bán
Đồng Hồ Sport Watch Thông Minh theo dỗi tình trạng tập thể dục 1971,https://www.lazada.vn/products/pdp-i1962702758.html,179.000 ₫,,
Vòng đeo tay thông minh Xiaomi Smart Band 9 Active bản Tiếng Việt - Màu Đen - BH 12T Chính hãng,https://www.lazada.vn/products/pdp-i3189909732.html,599.000 ₫,,
Lige Ngoài Trời Quân Sự Đồng hồ thông minh Người Đàn Ông Nhịp Tim Đa-Thể Thao Chế Độ cuộc gọi Bluetooth Không Thấm Nước Thông Minh Đồng hồ nam Cho IOS Android,https://www.lazada.vn/products/pdp-i2654459599.html,789.000 ₫,,
Đồng hồ thông minh X6 màn hình cong Cao cấp có ngôn ngữ tiếng việt chống thấm nước,https://www.lazada.vn/products/pdp-i1133454636.html,299.000 ₫,,
"Lige 500MAh pin lớn 1.95 ""Ips Màn hình HD thông minh nguyên bản Đồng Hồ Nam cuộc gọi Bluetooth Và Điện Tử Nóng Smartwatch thể thao ngoài trời Đồng Hồ",https://www.lazada.vn/products/pdp-i3126169401.html,699.000 ₫,,
Đồng Hồ Đo Huyết Áp Thông Minh với Dây Sạc và Đế,https://www.lazada.vn/products/pdp-i3206230493.html,217.000 ₫,4.0,
Đồng Hồ Thông Minh HUAWEI WATCH Ultimate Vật Liệu Kim Loại Lỏng | Tập Luyện Chuyên Nghiệp,https://www.lazada.vn/products/pdp-i2803382898.html,17.660.000 ₫,5.0,53 Đã bán
Lige ECG Và Đồng hồ thông minh đo huyết áp Cho Unisex cuộc gọi Bluetooth Với Tai Nghe Và Nhiệt Độ Cơ Thể Người Đàn Ông Smartwatch thể dục thể thao không thấm nước Vòng Đeo Tay Cho Phụ Nữ,https://www.lazada.vn/products/pdp-i3134033511.html,499.000 ₫,,
"2025 Mới Galaxy Watch 7 Ultra SmartWatch Đàn ông 32GB Bộ nhớ NFC 1.5 ""Màn hình AMOLED Fiess Tracker Đồng hồ thông minh sức khỏe cho Samsung",https://www.lazada.vn/products/pdp-i3228567471.html,1.409.950 ₫,1.5,
"KOSPET TANK T3 ULTRA 2 GPS Đồng hồ thông minh dành cho nam/nữ, 100M không thấm, pin cực dài, la bàn, đồng hồ thông minh ngoài trời thể thao gồ ghề",https://www.lazada.vn/products/pdp-i3225414615.html,3.044.200 ₫,,
"Đồng Hồ Thông Minh Chống Nước Cho Trẻ Em với Định Vị, WiFi, Đôi Camera HD, Gọi Video, 4G",https://www.lazada.vn/products/pdp-i3198334480.html,3.222.000 ₫,4.0,
"( SALE 50% ) Đồng Hồ Thông Minh Định Vị Trẻ Em D36, Đồng Hồ Thông Minh Cho Bé Có Camera, Chống Nước IP67, Gắn Sim, Nghe Gọi, Đồng Hồ Trẻ Em.",https://www.lazada.vn/products/pdp-i2598828874.html,1.500.000 ₫,5.0,30 Đã bán
Defasilk | Đồng Hồ Thông Minh Xả Điện Tĩnh Mùa Đông,https://www.lazada.vn/products/pdp-i3221577234.html,350.000 ₫,,
Lige Đồng hồ thông minh Người Đàn Ông 2.01 Inch IPS Màn hình HD 1000 MAh pin lớn cuộc gọi Bluetooth Bằng Giọng Nói Trợ Lý Đồng Hồ Thể Thao chống nước tập thể dục Đồng Hồ Đeo Tay,https://www.lazada.vn/products/pdp-i3119028949.html,699.000 ₫,5.0,
Lige Đồng hồ thông minh nam nữ Ban đầu cuộc gọi Bluetooth và nhịp tim không thấm nước đa chức năng đồng hồ đeo tay thể thao,https://www.lazada.vn/products/pdp-i3116701958.html,409.000 ₫,,
"Lige Mới 1.47 ""Thiết bị theo dõi sức khỏe thể Thao Vòng đeo tay thông minh đồng hồ nam Heart Rate Máy đo độ bão hoà ôxi trong máu cuộc gọi Bluetooth đồng hồ thông minh Cho Phụ Nữ",https://www.lazada.vn/products/pdp-i3167375319.html,479.000 ₫,,
REMAX Watch12 Đồng hồ Smart Watch 1.43 inch pin 470mAh chống nước IP68,https://www.lazada.vn/products/pdp-i2836261685.html,755.000 ₫,,
"XIAOXUN | Đồng Hồ Thông Minh cho Trẻ Em có Điện Thoại, Định Vị, Chức Năng WeChat dành cho Học Sinh Tiểu Học và Trung Học",https://www.lazada.vn/products/pdp-i3177201893.html,2.138.000 ₫,4.0,
"Đồng hồ thông minh trẻ em CT04 4G GPS , gọi video HD WIFI , SOS",https://www.lazada.vn/products/pdp-i2057804867.html,985.000 ₫,5.0,68 Đã bán
"Đồng Hồ Theo Dõi Glucose Máu Thông Minh với Đo Huyết Áp Không Xâm Lấn, ECG, SpO2, Nhiệt Độ, Tần Số Tim, Hô Hấp, rung Nhĩ, Nhồi Máu Cơ Tim, Sức Khỏe Người Già, Báo Động Ngáy",https://www.lazada.vn/products/pdp-i3234305314.html,4.704.000 ₫,,
LIGE Đồng Hồ Thông Minh Nữ 1.9 Inch Vòng Tay Cảm Ứng Đầy Đủ Nhiều Đồng Hồ Thể Thao Chống Nước Cuộc Gọi Thoại Đồng Hồ Thông Minh Nam + Hộp,https://www.lazada.vn/products/pdp-i2303958904.html,629.000 ₫,5.0,
Lige Ban Đầu Smartwatch Cho Người Đàn Ông 100 + thể thao ngoài trời màn hình lớn 340 MAh Batterry cuộc gọi Bluetooth IP68 theo dõi tập thể dục không thấm nước,https://www.lazada.vn/products/pdp-i2678256570.html,409.000 ₫,,
Đồng hồ thông minh d28 chống nước IP67 kết nối Bluetooth theo dõi sức khỏe,https://www.lazada.vn/products/pdp-i1066062209.html,399.000 ₫,,
Lige Mới Thông Minh Đồng hồ nữ Vàng Sang Trọng Đồng hồ nữ có kim cương Đồng hồ nữ 24H Thiết bị theo dõi giấc ngủ nhịp tim Bộ theo dõi sức khỏe đồng hồ thông minh Phụ Nữ Quà Tặng Cho IOS Android,https://www.lazada.vn/products/pdp-i2881645156.html,969.000 ₫,,
Rìa phía Bắc Nl99 Đồng hồ thông minh Bluetooth Gọi màn hình lớn 2.1-Inch theo dõi giấc ngủ Calorie Theo Dõi Đa Chức Năng Đồng hồ tập luyện,https://www.lazada.vn/products/pdp-i2503578620.html,626.000 ₫,2.1,
LIGE Đồng Hồ Nam Thông Minh Vòng Tay Cảm Ứng Toàn Bộ 1.6 Inch Đồng Hồ Thể Thao Theo Dõi Sức Khỏe Đồng Hồ Thông Minh Gọi Bluetooth Cho Nam + Hộp,https://www.lazada.vn/products/pdp-i2145330956.html,959.000 ₫,1.6,
Olevs Đồng hồ thông minh thể thao IP67 phát hiện giấc ngủ nhịp tim GPS Silicone thêm thời gian chờ đợi lâu siêu màn hình trong suốt với hộp,https://www.lazada.vn/products/pdp-i3002977324.html,649.000 ₫,,
Đồng hồ thông minh Hoco Y17 Bán chạy,https://www.lazada.vn/products/pdp-i2783877590.html,444.000 ₫,,
Lige Mới theo dõi GPS Thông Minh Đồng hồ nam đèn pin LED 1.96Inch Màn hình HD La Bàn cuộc gọi bluetooth Đồng hồ thông minh thể thao Chống Thấm Nước Cho IOS Android,https://www.lazada.vn/products/pdp-i3149155428.html,899.000 ₫,,
"Ban Đầu Kospet T3 siêu thông minh Đồng Hồ Cho Nam Giới GPS 1.43 ""Amoled 100M Không Thấm Nước Gồ Ghề Quân Sự cuộc gọi Bluetooth Câu Trả Lời/Quay Số Thiết bị theo dõi sức khỏe thể thao Huyết Áp/theo dõi giấc ngủ 60 Ngày Tuổi thọ Pin Đồng Hồ Cho Android",https://www.lazada.vn/products/pdp-i2609132038.html,2.538.800 ₫,5.0,17 Đã bán
Lige AMOLED Đồng hồ thông minh unisex ban đầu cuộc gọi bluetooth thể thao Thiết bị theo dõi sức khỏe tập luyện IOS Android Đồng hồ chống thấm nước + Hộp,https://www.lazada.vn/products/pdp-i3135281950.html,709.000 ₫,,
LIGE Đồng Hồ Thông Minh Màn Hình AMOLED HD 360 Đồng Hồ Thông Minh Gọi Bluetooth Cho Nam Dây Đeo Thông Minh Thời Trang Doanh Nhân + Hộp,https://www.lazada.vn/products/pdp-i2114930785.html,749.000 ₫,4.0,7 Đã bán
"{ Bản 2024 } Đồng Hồ Thông Minh Định Vị Trẻ Em Y36 Phiên Bản Lắp Sim Mẫu Mới, Đồng Hồ Thông Minh Gắn Sim – Định Vị, Gọi Điện, Chụp Ảnh Từ Xa. Nghe gọi đàm thoại 2 chiều, Cảnh Báo Nguy Hiểm, Chống Nước ,Có Tiếng Viêt.",https://www.lazada.vn/products/pdp-i2421099738.html,650.000 ₫,5.0,58 Đã bán
Bộ vòng tay thông minh ID115 kết nối Bluetooth theo dõi sức khỏe,https://www.lazada.vn/products/pdp-i1627955512.html,79.000 ₫,,
BOZLUN Đồng Hồ Thông Minh 2022 Đồng Hồ Thông Minh Theo Dõi Sức Khỏe Cảm Ứng Toàn Bộ Máy Đo Nhịp Tim Huyết Áp Đồng Hồ Thông Minh Chống Nước Thể Thao Cho Android IOS,https://www.lazada.vn/products/pdp-i2126410513.html,339.000 ₫,,
Đối với Galaxy Watch 7 Đồng hồ thông minh nam giới phụ nữ AMOLED màn hình HD La bàn nhịp tim Fiess thể thao không thấm nước Bluetooth Call Smartwatch,https://www.lazada.vn/products/pdp-i3228215048.html,1.263.765 ₫,,
Lige PPG + ECG Đồng hồ thông minh nam giới thể thao ngoài trời Vòng đeo tay thể dục không thấm nước IP68 nhạc Bluetooth Heart Rate tracke Đồng hồ thông minh cho nam giới + Hộp,https://www.lazada.vn/products/pdp-i2416527707.html,779.000 ₫,,
"Đồng hồ thông minh Huaqiangbei S88, vòng đeo tay thông minh, theo dõi giấc ngủ, nhịp tim, đường huyết, Bluetooth, đồng hồ thể thao nam",https://www.lazada.vn/products/pdp-i3060167959.html,275.685 ₫,,
"Đồng hồ thông minh ViSmart lắp sim 4G nghe gọi độc lập, có Camera chụp hình, chức năng theo dõi sức khỏe",https://www.lazada.vn/products/pdp-i1856344707.html,450.000 ₫,5.0,6 Đã bán
Đồng hồ thông minh HW Ultra 2 Call android+sim+youtube+FB được yêu thích,https://www.lazada.vn/products/pdp-i2788838674.html,499.000 ₫,,
Lige Đồng hồ thông minh thời trang Cho Phụ Nữ cuộc gọi bluetooth thể thao chống nước đồng hồ thể dục oxy máu Khỏe Mạnh Đồng hồ nam Thông Minh,https://www.lazada.vn/products/pdp-i2836389785.html,699.000 ₫,,
Đồng hồ X100 PROMAX Ram8+256GB lắp sim độc lập điều khiển giọng nói chat GPT tải ứng dụng chơi game AHAI STORE,https://www.lazada.vn/products/pdp-i3180180760.html,1.680.000 ₫,,
115plus Vòng Đeo Tay Thông Minh Bluetooth Thể Thao Không Thấm Nước Nhịp Tim Oxy Máu Người Lớn Huyết Áp Vòng Đeo Tay Điện Tử Theo Dõi Nam Và Nữ,https://www.lazada.vn/products/pdp-i3065980906.html,120.715 ₫,,
"Đồng hồ thông minh M26, kết nối bluetooth",https://www.lazada.vn/products/pdp-i1627930637.html,95.000 ₫,,
FIT3 - Thiết bị đeo Thông Minh Samsung Galaxy Fit 3 SM-R390 - Hàng Chính Hãng - TECHLIVEVN,https://www.lazada.vn/products/pdp-i2806626308.html,890.000 ₫,5.0,10 Đã bán
New SKMEI Đồng Hồ Thông Minh Người Đàn Ông Thể Thao Máy Đo Lượng Calo Đồng Hồ Bluetooth Camera Từ Xa Đồng Hồ Đeo Tay Chống Thấm Nước 1301,https://www.lazada.vn/products/pdp-i1041413000.html,266.000 ₫,4.0,18 Đã bán
"[SĂN SALE GIỮ CHUỖI 4.11] Đồng hồ thông minh Samsung Galaxy Watch8 Classic, Galaxy AI, Vòng xoay bezel vật lý, 46mm",https://www.lazada.vn/products/pdp-i3141474220.html,12.990.000 ₫,5.0,36 Đã bán
YONUO Smartwatch với máy theo dõi nhịp tim và Bộ đếm bước chân cho những người đam mê thể dục,https://www.lazada.vn/products/pdp-i3064001292.html,24.000 ₫,,"19 Đã bán
China"
"Đồng Hồ Thông Minh Theo Dõi Sức Khỏe với Đo Glucose, Huyết Áp, Mỡ Máu, và Acid Uric, Theo Dõi Giấc Ngủ, Đo Nhịp Tim, Gọi, Chống Nước, NFC",https://www.lazada.vn/products/pdp-i3213897071.html,3.844.000 ₫,4.0,
"Đồng Hồ Thông Minh cho Trẻ Em với Định Vị, Camera kép HD, Gọi Video và Pin Dài",https://www.lazada.vn/products/pdp-i3194139610.html,2.872.000 ₫,4.0,
"XIAOYOU | Đồng Hồ Thông Minh Đa Thể Thao với Đo Nhịp Tim, Giấc Ngủ và Oxy Máu",https://www.lazada.vn/products/pdp-i3220786994.html,1.290.000 ₫,,
Xiaozhubangchu Q12/Q19 5 thế hệ 6 thế hệ định vị thông minh ảnh không thấm nước Đồng hồ điện thoại trẻ em smartwatchkid,https://www.lazada.vn/products/pdp-i3162689971.html,376.000 ₫,,
LIGE đồng hồ nam đẹp ngầu 2024 đồng hồ đeo tay nữ Chống Nước Gọi Bluetooth Màn Hình Cảm Ứng Toàn Bộ Thiết Bị Theo Dõi Sức Khỏe đồng hồ cho bé gái + Hộp,https://www.lazada.vn/products/pdp-i2111050453.html,275.000 ₫,4.0,49 Đã bán
"Đồng hồ thông minh d13 chống nước theo dõi nhịp tim , theo dõi sức khỏe",https://www.lazada.vn/products/pdp-i3100530613.html,121.000 ₫,,
Lige Thông Minh Đồng hồ nữ Thể Thao Đồng hồ tập luyện thân chống thấm nước Nhiệt Độ máy theo dõi nhịp tim Đồng Hồ Thông Minh Người Đàn Ông Bracele + Hộp,https://www.lazada.vn/products/pdp-i2651622875.html,549.000 ₫,,
Đồng Hồ Thông Minh Đo Huyết Áp Chính Xác Giám Sát Đường Huyết Không Xâm Lấn ECG SpO2 Nhịp Tim Nhiệt Độ Gọi Điện Thẻ Cắm Định Vị Liệu Pháp Laser Hạ Áp,https://www.lazada.vn/products/pdp-i3234842056.html,6.417.000 ₫,,
Đồng Hồ Thông Minh Theo Dõi Sức Khỏe 24/7 Cho Người Già Tương Thích iOS và Android,https://www.lazada.vn/products/pdp-i3234706215.html,5.943.000 ₫,,
Đồng hồ Smart Watch AWEI H8 (Đen),https://www.lazada.vn/products/pdp-i2836693261.html,484.000 ₫,,
"Đồng Hồ Thông Minh Giám Sát Huyết Áp & Bão Hoà Oxy với AI ECG, Tần Số Tim, Phát Hiện Nhịp Tim Không Đều, Theo Dõi Giấc Ngủ, Chống Nước",https://www.lazada.vn/products/pdp-i3234830021.html,3.853.000 ₫,,
Phụ kiện thuận lợi - Đồng hồ thông minh SmartWatch! Theo dõi sức khỏe! Ngon - Bổ - Rẻ (Bản quốc tế - Tiếng Anh),https://www.lazada.vn/products/pdp-i330596556.html,1.155.088 ₫,,
Đồng hồ Thông minh DT21 Mini cho trẻ em định vị có cuộc gọi Video call,https://www.lazada.vn/products/pdp-i2700041218.html,790.000 ₫,,
"Đồng hồ thông minh trẻ em Y96 Định Vị LBS+Wifi, Gọi Video, Kết nối mạng 4G kiểu dáng SR7, mỏng nhẹ",https://www.lazada.vn/products/pdp-i2427359165.html,715.000 ₫,,
Đồng Hồ Thông Minh Hình Tròn Galaxy Watch7 Mẫu Mới 1:1 Biểu Tượng Khởi Động Cuộc Gọi Bluetooth Smartwatch7,https://www.lazada.vn/products/pdp-i3069706237.html,636.120 ₫,,
Lige thông minh nguyên bản xem cho nam giới cuộc gọi Bluetooth đa chức năng theo dõi sức khỏe đồng hồ thể thao chống nước ngoài trời,https://www.lazada.vn/products/pdp-i2592563432.html,475.000 ₫,,
"Đồng hồ thông minh Xiaomi Smart Band 10 - Màn hình Amoled 1.72"" - Bluetooth 5.4 - Kháng nước 5ATM - Pin lên đến 21 ngày",https://www.lazada.vn/products/pdp-i3125937125.html,1.170.000 ₫,5.0,
Lige 1.39 Inch IPS màn hình cảm ứng trọn Bộ Thể Thao Đồng hồ thông minh Người Đàn Ông cuộc gọi Bluetooth & Heart Rate Đa Chức Năng theo dõi sức khỏe Phụ Nữ,https://www.lazada.vn/products/pdp-i2721982709.html,752.000 ₫,,
"{Siêu phẩm mới} Đồng hồ thông minh Đa Năng S50 Theo Dõi Sức Khỏe Kèm Phụ Kiện/ kết nối Bluetooth 5.0 với màn hình 1,3 inch",https://www.lazada.vn/products/pdp-i1562301872.html,336.000 ₫,5.0,
Vòng đeo tay thông minh Xiaomi Redmi Smart Band 2 BHR6926GL đa chức năng Đo Nhịp Tim Theo Dõi Hoạt Động,https://www.lazada.vn/products/pdp-i2078172684.html,679.000 ₫,,
Đồng hồ thông minh DT3 PRO MAX,https://www.lazada.vn/products/pdp-i2733601359.html,950.000 ₫,,
"Đồng hồ thông minh REDMI Watch 5 | Màn hình AMOLED viền siêu mỏng 2,07” | Thời lượng pin dài lên đến 24 ngày* | Động cơ tuyến tính cho phản hồi xúc giác tốt hơn",https://www.lazada.vn/products/pdp-i3080200682.html,2.190.000 ₫,4.0,77 Đã bán
Lige 2023 IPS Màn hình HD 420mAh pin đồng hồ thông minh nam giới và phụ nữ cuộc gọi Bluetooth 100 + Thể Thao multifuntional Bộ theo dõi sức khỏe,https://www.lazada.vn/products/pdp-i2862847573.html,641.000 ₫,,
LIGE đồng hồ đeo tay nữ AMOLED Mới Đồng Hồ Thông Minh Thể Thao Chống Nước Mặt Số Tùy Chỉnh Tự Làm Gọi Bluetooth đồng hồ nữ sang chảnh + Hộp,https://www.lazada.vn/products/pdp-i2148157442.html,919.000 ₫,5.0,11 Đã bán
LIGE Đồng Hồ Thông Minh NFC Mới Cho Nam Đồng Hồ Thông Minh Nam Có Màn Hình 390*390 Luôn Hiển Thị Giờ Gọi Bluetooth Nghe Nhạc Cục Bộ Cho IOS Android + Hộp,https://www.lazada.vn/products/pdp-i2093216804.html,953.000 ₫,5.0,
NORTH EDGE Đồng Hồ Thông Minh NL50 Đồng Hồ Nam Nữ Chống Nước IP67 Đồng Hồ Người Yêu Gọi Bluetooth Theo Dõi Chế Độ Ngủ Hỗ Trợ Quay Số Tùy Chỉnh Điều Khiển Nhạc Tương Thích Android IOS,https://www.lazada.vn/products/pdp-i2105618813.html,608.000 ₫,,
"Đồng Hồ Thông Minh F8 - Cảm Ứng Đa Điểm, Theo Dõi Sức Khỏe - Đồng Hồ Thông Minh Thể thao",https://www.lazada.vn/products/pdp-i1133416332.html,579.000 ₫,,
Đồng Hồ Thông Minh Theo Dõi GPS cho Người Cao Tuổi với Chức Năng Rung và Theo Dõi Nhịp Tim,https://www.lazada.vn/products/pdp-i3231662075.html,949.000 ₫,,
LIGE Đồng Hồ Thông Minh Thời Trang Mới 2023 Vòng Tay Thể Thao Mặt Số Tùy Chỉnh Tự Làm Đẩy Tin Nhắn Cho Nữ Đồng Hồ Thông Minh Nam Chống Nước Cho Android IOS,https://www.lazada.vn/products/pdp-i2148336602.html,599.000 ₫,4.0,19 Đã bán
Đồng Hồ Thông Minh NORTH EDGE NL02 2022 Mặt Số Tùy Chỉnh Cảm Ứng Hoàn Toàn Đồng Hồ Cặp Đôi Nam Nữ Chống Nước IP67 Đồng Hồ Sức Khỏe Chính Hãng Đồng Hồ Thể Thao Đa Chức Năng Bluetooth Cho Android IOS,https://www.lazada.vn/products/pdp-i2106375812.html,539.000 ₫,,
Lige thông minh nguyên bản Đồng Hồ Cho Nam Giới cuộc gọi Bluetooth Màn hình cảm ứng trọn bộ Đa-Chức Năng Nhịp Tim IP68 thể thao chống nước Smartwatch + Hộp,https://www.lazada.vn/products/pdp-i3059699538.html,539.000 ₫,,
Smart Watch,https://www.lazada.vn/products/pdp-i2401938287.html,286.000 ₫,,
Đồng hồ thông minh Hoco Y9 Bán chạy,https://www.lazada.vn/products/pdp-i2783875619.html,676.000 ₫,,
LIGE Đồng Hồ Thông Minh Gọi Bluetooth Mới Đồng Hồ Theo Dõi Sức Khỏe Thể Thao Màn Hình Cảm Ứng Toàn Bộ Cho Nữ đồng hồ đeo tay nữ+ Hộp,https://www.lazada.vn/products/pdp-i2110328472.html,408.000 ₫,,
Lige thông minh nguyên bản xem người đàn ông màn hình cảm ứng trọn bộ cuộc gọi Bluetooth xem thể thao không thấm nước Vòng đeo tay Thiết bị theo dõi sức khỏe tập luyện,https://www.lazada.vn/products/pdp-i3071560991.html,589.000 ₫,,
Đồng hồ thông minh hình cầu Annie với máy theo dõi nhịp tim và Bộ đếm bước chân cho những người đam mê thể dục,https://www.lazada.vn/products/pdp-i3216938486.html,15.000 ₫,,
Lige đường huyết Đồng hồ thông minh cho nam giới ban đầu cuộc gọi Bluetooth Heart Rate IP67 Đồng hồ thể thao chống thấm nước,https://www.lazada.vn/products/pdp-i2673056541.html,364.000 ₫,5.0,
"2025 nam mới IP67 thể thao ngoài trời rực rỡ màu thở ánh sáng theo dõi sức khỏe 1.96 ""BT thông minh gọi Đồng hồ P6 itmus48-CB",https://www.lazada.vn/products/pdp-i3230394208.html,456.408 ₫,,
【100% gốc】Đồng hồ thông minh chống nước IP67 Bộ theo dõi sức khỏe thể thao cho nam phiên bản cuộc gọi Bluetooth 5.3 Hoco Y23 nhịp tim khi ngủ giám sát cho tất cả điện thoại thông minh thông dụng,https://www.lazada.vn/products/pdp-i3012469838.html,502.920 ₫,,
Lige Đồng hồ thông minh cho nam giới và phụ nữ cuộc gọi bluetooth Đèn pin nhịp tim Thiết bị theo dõi sức khỏe tập luyện không thấm nước 100 + Chế độ thể thao đồng hồ,https://www.lazada.vn/products/pdp-i3049197317.html,369.000 ₫,5.0,
Men Women Smart Watch T800 Ultra-Series 8 Bluetooth-compatible Call Health Monitoring Fitness Bracelet,https://www.lazada.vn/products/pdp-i2510998346.html,150.151 ₫,,
Lige thông minh Nguyên bản đồng hồ cho nam giới 370mAh pin cuộc gọi bluetooth Đèn pin không thấm nước nhiều chế độ thể thao đồng hồ sức khỏe,https://www.lazada.vn/products/pdp-i2815469830.html,375.000 ₫,5.0,
LIGE Đồng Hồ Thông Minh 2022 Cho Nữ Đồng Hồ Nữ Chống Nước Thể Thao Theo Dõi Sức Khỏe Toàn Bộ Vòng Đeo Tay Mới Cho Android IOS + Box,https://www.lazada.vn/products/pdp-i1743829191.html,519.000 ₫,4.0,62 Đã bán
LIGE Đồng Hồ Thông Minh Gọi Bluetooth Mới Nhất 2022 Đồng Hồ Thể Dục Thể Thao Thời Trang Màn Hình Cảm Ứng Tràn Viền Cho Nam Bluetooth Android Ios Cho Nữ,https://www.lazada.vn/products/pdp-i1938051165.html,652.000 ₫,5.0,18 Đã bán
"Trẻ em Giáo dục sớm Toy Đồng hồ thông minh Học tập Sing StoryTellingToy, theo dõi thông minh Giáo dục đồ chơi cho trẻ em, quà tặng, ca hát, kể chuyện, 3D Touchs Màn hình TF-HOM-VN",https://www.lazada.vn/products/pdp-i3148120410.html,27.000 ₫,,
"Lige Mới 1.39 ""cuộc gọi Bluetooth đồng hồ thông minh Nam Giới thể thao ngoài trời Tập Thể Dục Nhịp Tim Sức Khỏe Giám Sát Đồng hồ thông minh Cho Nam Giới + Hộp",https://www.lazada.vn/products/pdp-i2609931303.html,809.000 ₫,5.0,
Đồng Hồ Thông Minh T800 Seri 8 Pro Max Bản 6.0 - đồng hồ bluetooth Smart Watch Viền Thép Đo Sức Khỏe Nghe Gọi Nhận Thông Báo,https://www.lazada.vn/products/pdp-i3091011993.html,185.975 ₫,,
SKMEI Đồng Hồ Thông Minh Đồng Hồ Bluetooth Cho Nam Đồng Hồ Thể Thao Kỹ Thuật Số Chống Nước Cho Nam 1629,https://www.lazada.vn/products/pdp-i1857024080.html,700.817 ₫,4.0,23 Đã bán
Đồng Hồ Smart GT08 Xài Sim,https://www.lazada.vn/products/pdp-i1502836247.html,312.000 ₫,,
Đồng Hồ Điện Tử Đồng Hồ Đeo Tay Kỹ Thuật Số Thể Thao LED Chống Nước,https://www.lazada.vn/products/pdp-i3140944585.html,21.700 ₫,5.0,
Đồng Hồ Thông Minh Thời Trang - Đồng Hồ Thông Minh Đeo Tay Trẻ Em Thời Trang Và Sành Điệu Chống Nước LO-VN,https://www.lazada.vn/products/pdp-i3019607011.html,13.000 ₫,5.0,
"Đồng Hồ Thông Minh D33 Lắp SIM 4G, Gọi Video Gọi Thường Nhắn Tin 2 Chiều, Định Vị, Chống Lạc Hỗ Trợ Tiếng Việt",https://www.lazada.vn/products/pdp-i3147826865.html,490.000 ₫,,
[FREESHIP] THIẾT BỊ ĐỊNH VỊ GPS MINI SMART TAG PHANTOM S1/S2/S3 HỖ TRỢ TRÊN i.OS (KO DÙNG CHO ANDROID),https://www.lazada.vn/products/pdp-i3082416109.html,169.900 ₫,,
"Đồng hồ thông minh W8 theo dõi sức khoẻ,chống nước",https://www.lazada.vn/products/pdp-i1067564868.html,379.000 ₫,,
Đồng hồ thông minh W34 kết nối Bluetooth - cảm ứng theo dõi sức khỏe,https://www.lazada.vn/products/pdp-i1133566233.html,479.000 ₫,,
Đồng hồ định Vị Z02 có cuộc gọi Video Call Dành cho trẻ cấp 1,https://www.lazada.vn/products/pdp-i2414527191.html,690.000 ₫,,
Đồng Hồ Thông Minh T83 Pro Phong Cách Doanh Nhân Với Chức Năng Gọi Thẻ SIM Thông Báo Tin Nhắn Đồng Hồ Đeo Tay Điện Tử Để Sử Dụng Hàng Ngày,https://www.lazada.vn/products/pdp-i3209317820.html,383.350 ₫,,"801 Đã bán
Nước ngoài"
"Đồng Hồ Thông Minh Trẻ Em C90 bản 4G, Nghe Gọi 2 Chiều, Hỗ Trợ Định Vị, Video ᴄall. BẢO HÀNH 6 THÁNG. 1 ĐỔI 1 TRONG 2T",https://www.lazada.vn/products/pdp-i2436859354.html,425.000 ₫,,
Disney | Đồng Hồ Điện Tử Chức Năng Dopamine cho Nữ,https://www.lazada.vn/products/pdp-i3199519701.html,726.000 ₫,4.0,
Đồng hồ thông minh Hoco Y19 Bán chạy,https://www.lazada.vn/products/pdp-i2783902499.html,599.000 ₫,,
"Đồng Hồ Thông Minh Định Vị Trẻ Em Y85, Đồng Hồ Thông Minh Cho Bé Có Camera, Chống Nước IP67, Gắn Sim, Nghe Gọi, Chụp Hình Cao Cấp.",https://www.lazada.vn/products/pdp-i2422227525.html,650.000 ₫,5.0,20 Đã bán
đồng hồ thể thao lai đồng hồ thông minh (sports smart watch),https://www.lazada.vn/products/pdp-i2348013722.html,499.000 ₫,,
NORTH EDGE NL94 2023 Amoled Đồng hồ thông minh thời trang Thể Thao Và Tập Thể Dục Cụ Thể Chạy Calo oxy máu đồng hồ thông minh đếm nhịp tim Tùy Chỉnh Và Có Thể Thay Thế Quay Số IP67 Không Thấm Nước cuộc gọi Bluetooth Phát lại nhạc,https://www.lazada.vn/products/pdp-i2412124144.html,819.000 ₫,,
NORTH EDGE Đồng Hồ Thông Minh NL54 Đồng Hồ Nam Chống Nước IP67 Đồng Hồ Nữ Đồng Hồ Tình Nhân Đồng Hồ Điều Khiển Nhạc Gọi Bluetooth Màn Hình 1.83 Inch Tương Thích Tùy Chỉnh IOS Android,https://www.lazada.vn/products/pdp-i2105901201.html,575.000 ₫,,
"Đồng hồ thông minh Haylou LS19 Theo dõi oxy trong máu 150+ Chế độ thể thao Màn hình HD Ultra AMOLED 2.01"" Đồng hồ báo thức Cuộc gọi Bluetooth",https://www.lazada.vn/products/pdp-i3089045687.html,1.039.000 ₫,,
"Đồng hồ thông minh S9 Ultra 5G - lăp sim nghe gọi độc lập, tải ứng dụng, chơi game, tích hợp camera",https://www.lazada.vn/products/pdp-i3029413398.html,959.000 ₫,5.0,
Đồng hồ thông minh S12,https://www.lazada.vn/products/pdp-i2745496306.html,399.000 ₫,,
NORTH EDGE Đồng Hồ Thông Minh NL54 MAX Đồng Hồ Nam Chống Nước IP67 Đồng Hồ Nữ Đồng Hồ Cặp Đồng Hồ Máy Tính Đồng Hồ Màn Hình 1.83 Inch Gọi Bluetooth Điều Khiển Nhạc Mặt Số Tương Thích Tùy Chỉnh IOS Android,https://www.lazada.vn/products/pdp-i2163861873.html,584.000 ₫,,
SHENGZHISEN | Đồng Hồ Thông Minh Nhỏ Chống Nước Theo Dõi Nhịp Tim Thể Thao,https://www.lazada.vn/products/pdp-i3208894775.html,378.000 ₫,,
"LIGE Đèn pin đồng hồ cho người đàn ông 2.02 ""Màn hình cảm ứng đầy đủ bộ theo dõi sức khỏe cuộc gọi Bluetooth đồng hồ thể thao La bàn đồng hồ thông minh",https://www.lazada.vn/products/pdp-i2648025047.html,775.000 ₫,5.0,5 Đã bán
Đồng Hồ Thông Minh Zl54c Bán Chạy Xuyên Biên Giới Thương Mại Điện Tử Bùng Nổ Theo Dõi Nhịp Tim Huyết Áp Thể Thao Ngoài Trời Đồng Hồ Thông Minh,https://www.lazada.vn/products/pdp-i3060316653.html,309.443 ₫,4.0,
Đồng hồ thông mình Viền thép sạc không dây chống nước tuyệt đối,https://www.lazada.vn/products/pdp-i2050971100.html,129.000 ₫,5.0,12 Đã bán
Awei H25 Đồng hồ thông minh 1.83-inch màn hình 100 + Chế độ thể thao một chạm cuộc gọi Bluetooth không thấm nước tỷ lệ IP67 nhịp tim/huyết áp/oxy máu cho cặp vợ chồng nam nữ,https://www.lazada.vn/products/pdp-i2451555683.html,653.195 ₫,5.0,8 Đã bán
Đồng Hồ Thông Minh Smart Watch Uwatch DZ09,https://www.lazada.vn/products/pdp-i1383897689.html,169.000 ₫,5.0,
Đồng Hồ Thông Minh Y68 / D20 Fitpro Chống Nước 1.44,https://www.lazada.vn/products/pdp-i2239644734.html,59.000 ₫,5.0,13 Đã bán
Đồng Hồ Trẻ Em D36 Bản 2024 Nghe Gọi Video Call Định Vị Khoanh Vùng An Toàn,https://www.lazada.vn/products/pdp-i2687741820.html,769.000 ₫,5.0,10 Đã bán
Đồng hồ thông minh định vị thông minh Q12/Q19 5 thế hệ 6 Thế Hệ ảnh không thấm nước trẻ em,https://www.lazada.vn/products/pdp-i3164233578.html,351.000 ₫,,
Lige cuộc gọi Bluetooth đồng hồ thông minh nam giới và phụ nữ 1000 mAh pin lớn Đèn pin Led thể thao đồng hồ tập luyện Đồng hồ đeo tay không thấm nước,https://www.lazada.vn/products/pdp-i3126931259.html,639.000 ₫,5.0,
Xiaozhubangchu DZ09 Đồng hồ thông minh 1.44 cảm ứng thẻ màn hình đồng hồ gọi điện thể thao nhịp Tim Huyết Áp giấc ngủ,https://www.lazada.vn/products/pdp-i3166967632.html,341.000 ₫,5.0,8 Đã bán
QITE | Đồng Hồ Định Thời Tiếng Nói Điện Tử Thông Minh,https://www.lazada.vn/products/pdp-i3217653036.html,347.000 ₫,4.0,
West Biking | Đồng Hồ Đo Vận Tốc GPS Không Dây Thông Minh cho Xe Đạp Núi và Đường Phố với Khóa Nhanh,https://www.lazada.vn/products/pdp-i3212706287.html,428.000 ₫,4.0,
Đồng hồ thể thao GPS thông minh Amazfit T-Rex 3 - Hàng chính hãng BH 12 tháng,https://www.lazada.vn/products/pdp-i3148705961.html,6.090.000 ₫,5.0,
XIAOXUN | Đồng Hồ Thông Minh Định Vị Thân Thiện Với Trẻ Em Cho Học Sinh Tiểu Học 4G,https://www.lazada.vn/products/pdp-i3177216956.html,1.755.000 ₫,4.0,
LIGE đồng hồ đeo tay nam AMOLED Thời gian đợi lâu Vòng đeo tay thể thao cuộc gọi bluetooth IP68 Đồng hồ chống nước Nam Đồng hồ thông minh cho Android IOS,https://www.lazada.vn/products/pdp-i2278723257.html,842.000 ₫,4.0,45 Đã bán
Đồng hồ thông minh nữ Lige Đồng hồ thông minh Nam cuộc gọi không dây thể thao chống nước Bộ theo dõi sức khỏe theo dõi giấc ngủ nhịp tim,https://www.lazada.vn/products/pdp-i3145234568.html,486.000 ₫,,
Đồng hồ Smart Watch Nhật,https://www.lazada.vn/products/pdp-i2389040783.html,850.000 ₫,,
Đồng hồ thông minh W10 mini - size nhỏ cho nữ - màn hình AOD tràn viền - cài hình nền - cài mật khẩu,https://www.lazada.vn/products/pdp-i3219280815.html,750.000 ₫,,
Đồng Hồ Thông Minh Màn Hình Cảm Ứng Xuyên Biên Giới Douyin Thể Thao Chống Thấm Nước Đa Chức Năng Phát Hiện Nhịp Tim Đồng Hồ Điện Thoại Bluetooth Động,https://www.lazada.vn/products/pdp-i3060222935.html,365.705 ₫,,
Đồng hồ thông minh smart watch T02,https://www.lazada.vn/products/pdp-i3125827217.html,249.000 ₫,,
"Đồng Hồ Thông Minh 4G C90 Cho Trẻ em Chính Hãng, Học Sinh, Sinh Viên Định Vị Wifi Lắp Sim Nghe Gọi 2 Chiều, Video Call Watch, Đo Áp Huyết, Nhịp Tim Cho Bé.",https://www.lazada.vn/products/pdp-i3016401738.html,1.000.000 ₫,5.0,15 Đã bán
Vòng đeo tay thông minh Xiaomi Smart Band 9 Pro | Nâng cấp khả năng theo dõi giấc ngủ toàn diện* | Theo dõi nồng độ oxy trong máu và nhịp tim cải tiến* | Động cơ tuyến tính cho phản hồi xúc giác tốt hơn,https://www.lazada.vn/products/pdp-i3080176577.html,1.560.000 ₫,4.0,54 Đã bán
NORTH EDGE T80 Metal Case Fashion Men's Watch Business Style Blood Glucose Blood Pressure Blood Oxygen Temperature Measurement Bluetooth Call Smart Watch Sleep Monitoring,https://www.lazada.vn/products/pdp-i2412194050.html,897.000 ₫,,
Đồng Hồ Thông Minh Remax Watch 9. Với thiết kế hiện đại 2 tùy chọn dây Kim Loại và Silicone phong cách thể thao lịch lãm,https://www.lazada.vn/products/pdp-i2843028039.html,840.436 ₫,,
LIGE Mới Nguyên bản Đồng hồ thông minh dành cho nam giới Màn hình 390 * 390 Luôn hiển thị thời gian Gọi qua Bluetooth Nhạc địa phương Các môn thể thao Không thấm nước SmartWatch + Hộp,https://www.lazada.vn/products/pdp-i2057807139.html,759.000 ₫,5.0,75 Đã bán
Miband 8 Quốc Tế - Vòng Đeo Tay Thông Minh Xiaomi Mi Band 8 Quốc Tế Full Tiếng Việt - Màn Hình AMOLED 1.62'' - 150 Chế Độ Tập Luyện Thể Thao - Vòng Tay Theo Dõi Sức Khỏe Miband 8,https://www.lazada.vn/products/pdp-i2411769309.html,799.000 ₫,5.0,10 Đã bán
Đồng hồ thông minh smart watch Hoco Y3 thiết kế trẻ trung - pin dùng siêu trâu lến đến 3 ngày (đen) Nhat Tin Authorised Store,https://www.lazada.vn/products/pdp-i2249406150.html,399.000 ₫,,
Đồng hồ thông minh Hoco Y9Trọng Phú store,https://www.lazada.vn/products/pdp-i2784943717.html,676.000 ₫,,Đồng hồ thông minh Hoco Y9Trọng Phú store
Đồng Hồ Thông Minh Trẻ Em Chính Hãng Có Định Vị Cảm Ứng Chống Nước Nghe Gọi 2 Chiều Có Tiếng Việt -WIFi và 4G ( HÀNG CHÍNH HÃNG DÙNG SIM VIETTEL ),https://www.lazada.vn/products/pdp-i1839256960.html,549.000 ₫,4.0,61 Đã bán
"Lige IPS 1.85 ""TFT Màn hình HD cuộc gọi Bluetooth đồng hồ thông minh nam và nữ oxy máu Nhịp tim và 100 + chế độ thể thao đồng hồ",https://www.lazada.vn/products/pdp-i2700221953.html,452.000 ₫,,
"Đồng hồ thông minh trẻ em Đo nhịp tim, Định vị GPS, Gọi thoại Video 4G - myFirst Fone S3",https://www.lazada.vn/products/pdp-i3063127350.html,2.850.000 ₫,4.0,97 Đã bán
Lige 2023 Đồng hồ thông minh Unisex Tùy Chỉnh Xem Mặt IP67 thể thao chống nước Sức Khỏe Và Phụ Nữ Của Chu Kỳ Thiết bị theo dõi Android và IOS,https://www.lazada.vn/products/pdp-i2420773740.html,641.000 ₫,,
LIGE Đồng Hồ Thông Minh Cuộc Gọi Bluetooth Đồng Hồ Nam 1.85Inch Hỗ Trợ Giọng Nói 100 + Thể Thao Mới Mặt Số Tùy Chỉnh Nhiệt Độ Cơ Thể Cho Nữ Đồng Hồ Thông Minh Cho IOS Android,https://www.lazada.vn/products/pdp-i2233056691.html,586.000 ₫,5.0,6 Đã bán
Blessu Hồ Điện Tử Màn Hình Cảm Ứng Có Đèn led Chống Thấm Nước Cho Nam Và Nữ,https://www.lazada.vn/products/pdp-i3208202344.html,203.630 ₫,,
Rìa phía Bắc 2.1Inch Màn hình AMOLED Smartwatch 401 * 520px vỏ kim loại 30M Không Thấm Nước cuộc gọi Bluetooth huyết áp oxy máu Đồng hồ nam Đồng hồ nữ Đồng hồ nam tập thể dục thể thao Tập Thể Dục Calo Bước J126,https://www.lazada.vn/products/pdp-i2484465894.html,878.000 ₫,,
"( MẪU MỚI ) Đồng Hồ Thông Minh Trẻ Em Q12S Lắp Sim Nghe Gọi 2 Chiều,Nhắn Tin, Định Vị LBS, Chống Nước IP67, Cuộc Goi SOS Khẩn Cấp",https://www.lazada.vn/products/pdp-i2693418806.html,650.000 ₫,5.0,18 Đã bán
Đồng Hồ Thông Minh Y68 Kết Nối Bluetooth Chống Thấm Nước Kiểu Dáng Thể Thao Cho IPhone Xiaomi,https://www.lazada.vn/products/pdp-i3208245200.html,296.257 ₫,,
"Đồng hồ Thông minh Android lắp sim 4G nghe gọi độc lập Định vị Google map Màn hình tròn có Chplay Tải App Camera Kép 5.0 Model AMA H10 2024 cho Nam, Trẻ em Học sinh Sinh viên Người lớn",https://www.lazada.vn/products/pdp-i2531302577.html,1.992.000 ₫,4.0,183 Đã bán
SKMEI & bozlun Smartwatch Đồng hồ thể thao đa chức năng đồng hồ tập luyện thông minh theo dõi sức khỏe không thấm nước,https://www.lazada.vn/products/pdp-i2790863140.html,852.341 ₫,,
Haylou Solar 5 Smartwatch 1.58 Amoled Bluetooth 5.3 Watchs,https://www.lazada.vn/products/pdp-i3101806213.html,999.000 ₫,,
"Đồng hồ thông minh X.i.a.o.m.i Black Shark S1 Pro, có chɑt GPT",https://www.lazada.vn/products/pdp-i3202480247.html,909.500 ₫,,
Đồng Hồ Thông Minh SMART WATCH AWEI H8,https://www.lazada.vn/products/pdp-i2778329686.html,710.551 ₫,,
"Đồng Hồ Thông Minh T5 MAX Ul.tra - H10 Pro Ultra - Nghe Gọi, Nhận Tin Nhắn, Theo Dõi Sức Khỏe",https://www.lazada.vn/products/pdp-i2552756471.html,699.000 ₫,,
Đồng hồ thông minh DT4 MATE,https://www.lazada.vn/products/pdp-i2736877123.html,850.000 ₫,,
Đồng hồ thông minh Hoco Y17Trọng Phú store,https://www.lazada.vn/products/pdp-i2784943721.html,444.000 ₫,,Đồng hồ thông minh Hoco Y17Trọng Phú store
Lige đồng hồ thông minh nam với đèn pin hd cuộc gọi bluetooth thể thao không thấm nước theo dõi sức khỏe đồng hồ thông minh đồng hồ nam,https://www.lazada.vn/products/pdp-i2651887422.html,879.000 ₫,,
