avg_rating,total_reviews,avg_sentiment_score,positive_reviews,negative_reviews,active_days,positive_sentiment_pct,negative_sentiment_pct,sentiment_category,review_density,positive_ratio,global_product_id,source_platform_std
4.830641878138146,7369,0.0,0,0,1,0.0,0.0,negative,3684.5,0.0,tiki_3014291,tiki
4.710576142818502,3697,0.0,0,0,1,0.0,0.0,negative,1848.5,0.0,tiki_19419738,tiki
4.773141486810552,2085,0.0,0,0,1,0.0,0.0,negative,1042.5,0.0,tiki_359484,tiki
4.899233942251032,1697,0.0,0,0,1,0.0,0.0,negative,848.5,0.0,tiki_104769768,tiki
4.829545454545454,1496,0.0,0,0,1,0.0,0.0,negative,748.0,0.0,tiki_3054369,tiki
4.864805290227774,1361,0.0,0,0,1,0.0,0.0,negative,680.5,0.0,tiki_62445418,tiki
4.912568306010929,1098,0.0,0,0,1,0.0,0.0,negative,549.0,0.0,tiki_53080935,tiki
4.840823970037453,1068,0.0,0,0,1,0.0,0.0,negative,534.0,0.0,tiki_110791834,tiki
4.5706051873198845,1041,0.0,0,0,1,0.0,0.0,negative,520.5,0.0,tiki_32933095,tiki
4.924550898203592,835,0.0,0,0,1,0.0,0.0,negative,417.5,0.0,tiki_138481685,tiki
4.856345885634589,717,0.0,0,0,1,0.0,0.0,negative,358.5,0.0,tiki_4061101,tiki
4.86731843575419,716,0.0,0,0,1,0.0,0.0,negative,358.0,0.0,tiki_58964517,tiki
4.741428571428571,700,0.0,0,0,1,0.0,0.0,negative,350.0,0.0,tiki_54626520,tiki
4.669128508124077,677,0.0,0,0,1,0.0,0.0,negative,338.5,0.0,tiki_112087792,tiki
4.429967426710098,614,0.0,0,0,1,0.0,0.0,negative,307.0,0.0,tiki_556556,tiki
4.797716150081566,613,0.0,0,0,1,0.0,0.0,negative,306.5,0.0,tiki_52004412,tiki
4.622489959839357,498,0.0,0,0,1,0.0,0.0,negative,249.0,0.0,tiki_15677446,tiki
4.628509719222462,463,0.0,0,0,1,0.0,0.0,negative,231.5,0.0,tiki_73681047,tiki
4.80058651026393,341,0.0,0,0,1,0.0,0.0,negative,170.5,0.0,tiki_566322,tiki
4.819018404907975,326,0.0,0,0,1,0.0,0.0,negative,163.0,0.0,tiki_274467128,tiki
4.733128834355829,326,0.0,0,0,1,0.0,0.0,negative,163.0,0.0,tiki_91190227,tiki
4.620253164556962,316,0.0,0,0,1,0.0,0.0,negative,158.0,0.0,tiki_199828,tiki
4.866666666666666,315,0.0,0,0,1,0.0,0.0,negative,157.5,0.0,tiki_561924,tiki
4.818181818181818,297,0.0,0,0,1,0.0,0.0,negative,148.5,0.0,tiki_10113725,tiki
4.093425605536332,289,0.0,0,0,1,0.0,0.0,negative,144.5,0.0,tiki_125838628,tiki
4.878472222222222,288,0.0,0,0,1,0.0,0.0,negative,144.0,0.0,tiki_74907707,tiki
4.484210526315789,285,0.0,0,0,1,0.0,0.0,negative,142.5,0.0,tiki_25487999,tiki
4.818840579710145,276,0.0,0,0,1,0.0,0.0,negative,138.0,0.0,tiki_9948023,tiki
4.492481203007519,266,0.0,0,0,1,0.0,0.0,negative,133.0,0.0,tiki_51845073,tiki
3.8714859437751006,249,0.0,0,0,1,0.0,0.0,negative,124.5,0.0,tiki_45620327,tiki
4.890688259109312,247,0.0,0,0,1,0.0,0.0,negative,123.5,0.0,tiki_54672660,tiki
4.546938775510204,245,0.0,0,0,1,0.0,0.0,negative,122.5,0.0,tiki_53970712,tiki
4.574380165289257,242,0.0,0,0,1,0.0,0.0,negative,121.0,0.0,tiki_4688897,tiki
4.583690987124464,233,0.0,0,0,1,0.0,0.0,negative,116.5,0.0,tiki_120364526,tiki
4.762557077625571,219,0.0,0,0,1,0.0,0.0,negative,109.5,0.0,tiki_514927,tiki
4.743119266055046,218,0.0,0,0,1,0.0,0.0,negative,109.0,0.0,tiki_440757,tiki
4.467592592592593,216,0.0,0,0,1,0.0,0.0,negative,108.0,0.0,tiki_80959641,tiki
4.7,210,0.0,0,0,1,0.0,0.0,negative,105.0,0.0,tiki_30709407,tiki
4.671428571428572,210,0.0,0,0,1,0.0,0.0,negative,105.0,0.0,tiki_14293329,tiki
4.7711442786069655,201,0.0,0,0,1,0.0,0.0,negative,100.5,0.0,tiki_78496225,tiki
4.866666666666666,195,0.0,0,0,1,0.0,0.0,negative,97.5,0.0,tiki_561953,tiki
4.583783783783784,185,0.0,0,0,1,0.0,0.0,negative,92.5,0.0,tiki_127695415,tiki
4.752747252747253,182,0.0,0,0,1,0.0,0.0,negative,91.0,0.0,tiki_9381544,tiki
4.72289156626506,166,0.0,0,0,1,0.0,0.0,negative,83.0,0.0,tiki_112287571,tiki
4.807692307692308,156,0.0,0,0,1,0.0,0.0,negative,78.0,0.0,tiki_10387236,tiki
4.858064516129033,155,0.0,0,0,1,0.0,0.0,negative,77.5,0.0,tiki_78993740,tiki
4.909090909090909,154,0.0,0,0,1,0.0,0.0,negative,77.0,0.0,tiki_8281099,tiki
4.766666666666667,150,0.0,0,0,1,0.0,0.0,negative,75.0,0.0,tiki_176898787,tiki
4.882758620689655,145,0.0,0,0,1,0.0,0.0,negative,72.5,0.0,tiki_51286890,tiki
4.654929577464789,142,0.0,0,0,1,0.0,0.0,negative,71.0,0.0,tiki_57647463,tiki
4.935251798561152,139,0.0,0,0,1,0.0,0.0,negative,69.5,0.0,tiki_163914808,tiki
4.639705882352941,136,0.0,0,0,1,0.0,0.0,negative,68.0,0.0,tiki_38055957,tiki
4.7368421052631575,133,0.0,0,0,1,0.0,0.0,negative,66.5,0.0,tiki_75075591,tiki
4.661157024793388,121,0.0,0,0,1,0.0,0.0,negative,60.5,0.0,tiki_157511267,tiki
4.783333333333333,120,0.0,0,0,1,0.0,0.0,negative,60.0,0.0,tiki_41257992,tiki
4.428571428571429,119,0.0,0,0,1,0.0,0.0,negative,59.5,0.0,tiki_54770214,tiki
4.9491525423728815,118,0.0,0,0,1,0.0,0.0,negative,59.0,0.0,tiki_132189382,tiki
4.61864406779661,118,0.0,0,0,1,0.0,0.0,negative,59.0,0.0,tiki_36331816,tiki
4.803418803418803,117,0.0,0,0,1,0.0,0.0,negative,58.5,0.0,tiki_37130044,tiki
4.0701754385964914,114,0.0,0,0,1,0.0,0.0,negative,57.0,0.0,tiki_248492611,tiki
4.684684684684685,111,0.0,0,0,1,0.0,0.0,negative,55.5,0.0,tiki_71156902,tiki
4.907407407407407,108,0.0,0,0,1,0.0,0.0,negative,54.0,0.0,tiki_179981048,tiki
4.392523364485982,107,0.0,0,0,1,0.0,0.0,negative,53.5,0.0,tiki_361787,tiki
4.466019417475728,103,0.0,0,0,1,0.0,0.0,negative,51.5,0.0,tiki_271088208,tiki
4.5,100,0.0,0,0,1,0.0,0.0,negative,50.0,0.0,tiki_120782190,tiki
4.68,100,0.0,0,0,1,0.0,0.0,negative,50.0,0.0,tiki_72689407,tiki
4.58,100,0.0,0,0,1,0.0,0.0,negative,50.0,0.0,tiki_2902221,tiki
2.68,100,0.0,0,0,1,0.0,0.0,negative,50.0,0.0,tiki_28068292,tiki
4.76,100,0.0,0,0,1,0.0,0.0,negative,50.0,0.0,tiki_201308561,tiki
4.69,100,0.0,0,0,1,0.0,0.0,negative,50.0,0.0,tiki_71898409,tiki
4.41,100,0.0,0,0,1,0.0,0.0,negative,50.0,0.0,tiki_74907707,tiki
4.2,100,0.0,0,0,1,0.0,0.0,negative,50.0,0.0,tiki_13984365,tiki
4.58,100,0.0,0,0,1,0.0,0.0,negative,50.0,0.0,tiki_710902,tiki
4.57,100,0.0,0,0,1,0.0,0.0,negative,50.0,0.0,tiki_3237483,tiki
4.34,100,0.0,0,0,1,0.0,0.0,negative,50.0,0.0,tiki_707881,tiki
4.48,100,0.0,0,0,1,0.0,0.0,negative,50.0,0.0,tiki_7067673,tiki
4.76,100,0.0,0,0,1,0.0,0.0,negative,50.0,0.0,tiki_123548222,tiki
4.85,100,0.0,0,0,1,0.0,0.0,negative,50.0,0.0,tiki_32592999,tiki
4.3,100,0.0,0,0,1,0.0,0.0,negative,50.0,0.0,tiki_704169,tiki
4.61,100,0.0,0,0,1,0.0,0.0,negative,50.0,0.0,tiki_10090769,tiki
4.58,100,0.0,0,0,1,0.0,0.0,negative,50.0,0.0,tiki_6915413,tiki
4.51,100,0.0,0,0,1,0.0,0.0,negative,50.0,0.0,tiki_68985833,tiki
3.6,100,0.0,0,0,1,0.0,0.0,negative,50.0,0.0,tiki_2799693,tiki
4.9,100,0.0,0,0,1,0.0,0.0,negative,50.0,0.0,tiki_14100920,tiki
4.54,100,0.0,0,0,1,0.0,0.0,negative,50.0,0.0,tiki_68526612,tiki
4.65,100,0.0,0,0,1,0.0,0.0,negative,50.0,0.0,tiki_68360730,tiki
4.82,100,0.0,0,0,1,0.0,0.0,negative,50.0,0.0,tiki_141673064,tiki
4.01,100,0.0,0,0,1,0.0,0.0,negative,50.0,0.0,tiki_32933095,tiki
4.39,100,0.0,0,0,1,0.0,0.0,negative,50.0,0.0,tiki_75075591,tiki
4.75,100,0.0,0,0,1,0.0,0.0,negative,50.0,0.0,tiki_67991573,tiki
4.55,100,0.0,0,0,1,0.0,0.0,negative,50.0,0.0,tiki_109267785,tiki
4.71,100,0.0,0,0,1,0.0,0.0,negative,50.0,0.0,tiki_67930401,tiki
4.48,100,0.0,0,0,1,0.0,0.0,negative,50.0,0.0,tiki_67907870,tiki
4.59,100,0.0,0,0,1,0.0,0.0,negative,50.0,0.0,tiki_176899932,tiki
4.54,100,0.0,0,0,1,0.0,0.0,negative,50.0,0.0,tiki_3345493,tiki
4.68,100,0.0,0,0,1,0.0,0.0,negative,50.0,0.0,tiki_174599595,tiki
4.41,100,0.0,0,0,1,0.0,0.0,negative,50.0,0.0,tiki_67812945,tiki
4.77,100,0.0,0,0,1,0.0,0.0,negative,50.0,0.0,tiki_104272493,tiki
4.72,100,0.0,0,0,1,0.0,0.0,negative,50.0,0.0,tiki_67245899,tiki
4.4,100,0.0,0,0,1,0.0,0.0,negative,50.0,0.0,tiki_104261141,tiki
4.33,100,0.0,0,0,1,0.0,0.0,negative,50.0,0.0,tiki_6711831,tiki
4.23,100,0.0,0,0,1,0.0,0.0,negative,50.0,0.0,tiki_66758390,tiki
4.78,100,0.0,0,0,1,0.0,0.0,negative,50.0,0.0,tiki_14348194,tiki
4.84,100,0.0,0,0,1,0.0,0.0,negative,50.0,0.0,tiki_65008052,tiki
4.13,100,0.0,0,0,1,0.0,0.0,negative,50.0,0.0,tiki_6478415,tiki
4.84,100,0.0,0,0,1,0.0,0.0,negative,50.0,0.0,tiki_6431175,tiki
4.39,100,0.0,0,0,1,0.0,0.0,negative,50.0,0.0,tiki_6376015,tiki
4.34,100,0.0,0,0,1,0.0,0.0,negative,50.0,0.0,tiki_63511644,tiki
4.62,100,0.0,0,0,1,0.0,0.0,negative,50.0,0.0,tiki_6332871,tiki
4.89,100,0.0,0,0,1,0.0,0.0,negative,50.0,0.0,tiki_34612056,tiki
4.36,100,0.0,0,0,1,0.0,0.0,negative,50.0,0.0,tiki_10860173,tiki
4.67,100,0.0,0,0,1,0.0,0.0,negative,50.0,0.0,tiki_188685608,tiki
4.63,100,0.0,0,0,1,0.0,0.0,negative,50.0,0.0,tiki_12020488,tiki
4.02,100,0.0,0,0,1,0.0,0.0,negative,50.0,0.0,tiki_62231649,tiki
4.89,100,0.0,0,0,1,0.0,0.0,negative,50.0,0.0,tiki_10930944,tiki
3.69,100,0.0,0,0,1,0.0,0.0,negative,50.0,0.0,tiki_9679994,tiki
4.84,100,0.0,0,0,1,0.0,0.0,negative,50.0,0.0,tiki_2732719,tiki
4.46,100,0.0,0,0,1,0.0,0.0,negative,50.0,0.0,tiki_35278834,tiki
4.22,100,0.0,0,0,1,0.0,0.0,negative,50.0,0.0,tiki_180912,tiki
4.77,100,0.0,0,0,1,0.0,0.0,negative,50.0,0.0,tiki_112937202,tiki
4.57,100,0.0,0,0,1,0.0,0.0,negative,50.0,0.0,tiki_5908851,tiki
4.58,100,0.0,0,0,1,0.0,0.0,negative,50.0,0.0,tiki_2462825,tiki
3.99,100,0.0,0,0,1,0.0,0.0,negative,50.0,0.0,tiki_24453956,tiki
3.87,100,0.0,0,0,1,0.0,0.0,negative,50.0,0.0,tiki_35369594,tiki
3.97,100,0.0,0,0,1,0.0,0.0,negative,50.0,0.0,tiki_35390547,tiki
4.66,100,0.0,0,0,1,0.0,0.0,negative,50.0,0.0,tiki_144803533,tiki
4.59,100,0.0,0,0,1,0.0,0.0,negative,50.0,0.0,tiki_24416554,tiki
4.79,100,0.0,0,0,1,0.0,0.0,negative,50.0,0.0,tiki_35473618,tiki
4.19,100,0.0,0,0,1,0.0,0.0,negative,50.0,0.0,tiki_206231163,tiki
4.54,100,0.0,0,0,1,0.0,0.0,negative,50.0,0.0,tiki_14520200,tiki
4.28,100,0.0,0,0,1,0.0,0.0,negative,50.0,0.0,tiki_58448882,tiki
4.77,100,0.0,0,0,1,0.0,0.0,negative,50.0,0.0,tiki_58134526,tiki
4.92,100,0.0,0,0,1,0.0,0.0,negative,50.0,0.0,tiki_57913615,tiki
3.93,100,0.0,0,0,1,0.0,0.0,negative,50.0,0.0,tiki_57759987,tiki
4.46,100,0.0,0,0,1,0.0,0.0,negative,50.0,0.0,tiki_57705006,tiki
4.77,100,0.0,0,0,1,0.0,0.0,negative,50.0,0.0,tiki_57523356,tiki
4.58,100,0.0,0,0,1,0.0,0.0,negative,50.0,0.0,tiki_573697,tiki
4.45,100,0.0,0,0,1,0.0,0.0,negative,50.0,0.0,tiki_57307532,tiki
4.72,100,0.0,0,0,1,0.0,0.0,negative,50.0,0.0,tiki_202793622,tiki
4.55,100,0.0,0,0,1,0.0,0.0,negative,50.0,0.0,tiki_2782635,tiki
4.34,100,0.0,0,0,1,0.0,0.0,negative,50.0,0.0,tiki_75082841,tiki
4.61,100,0.0,0,0,1,0.0,0.0,negative,50.0,0.0,tiki_36007224,tiki
4.58,100,0.0,0,0,1,0.0,0.0,negative,50.0,0.0,tiki_201437397,tiki
4.82,100,0.0,0,0,1,0.0,0.0,negative,50.0,0.0,tiki_57003467,tiki
4.8,100,0.0,0,0,1,0.0,0.0,negative,50.0,0.0,tiki_14683301,tiki
3.59,100,0.0,0,0,1,0.0,0.0,negative,50.0,0.0,tiki_75551911,tiki
4.17,100,0.0,0,0,1,0.0,0.0,negative,50.0,0.0,tiki_127695415,tiki
4.64,100,0.0,0,0,1,0.0,0.0,negative,50.0,0.0,tiki_27676319,tiki
4.61,100,0.0,0,0,1,0.0,0.0,negative,50.0,0.0,tiki_361279,tiki
4.62,100,0.0,0,0,1,0.0,0.0,negative,50.0,0.0,tiki_759024,tiki
3.67,100,0.0,0,0,1,0.0,0.0,negative,50.0,0.0,tiki_36189773,tiki
4.49,100,0.0,0,0,1,0.0,0.0,negative,50.0,0.0,tiki_566309,tiki
3.97,100,0.0,0,0,1,0.0,0.0,negative,50.0,0.0,tiki_56608719,tiki
4.63,100,0.0,0,0,1,0.0,0.0,negative,50.0,0.0,tiki_76062253,tiki
4.6,100,0.0,0,0,1,0.0,0.0,negative,50.0,0.0,tiki_110791834,tiki
4.24,100,0.0,0,0,1,0.0,0.0,negative,50.0,0.0,tiki_10784603,tiki
4.07,100,0.0,0,0,1,0.0,0.0,negative,50.0,0.0,tiki_56197070,tiki
4.83,100,0.0,0,0,1,0.0,0.0,negative,50.0,0.0,tiki_21143106,tiki
4.22,100,0.0,0,0,1,0.0,0.0,negative,50.0,0.0,tiki_56196502,tiki
4.65,100,0.0,0,0,1,0.0,0.0,negative,50.0,0.0,tiki_162772687,tiki
4.91,100,0.0,0,0,1,0.0,0.0,negative,50.0,0.0,tiki_561953,tiki
4.81,100,0.0,0,0,1,0.0,0.0,negative,50.0,0.0,tiki_561879,tiki
3.98,100,0.0,0,0,1,0.0,0.0,negative,50.0,0.0,tiki_23808768,tiki
4.37,100,0.0,0,0,1,0.0,0.0,negative,50.0,0.0,tiki_113568856,tiki
4.45,100,0.0,0,0,1,0.0,0.0,negative,50.0,0.0,tiki_37130044,tiki
4.3,100,0.0,0,0,1,0.0,0.0,negative,50.0,0.0,tiki_262792654,tiki
4.68,100,0.0,0,0,1,0.0,0.0,negative,50.0,0.0,tiki_55523366,tiki
4.77,100,0.0,0,0,1,0.0,0.0,negative,50.0,0.0,tiki_23490593,tiki
4.39,100,0.0,0,0,1,0.0,0.0,negative,50.0,0.0,tiki_3716571,tiki
4.4,100,0.0,0,0,1,0.0,0.0,negative,50.0,0.0,tiki_550442,tiki
4.75,100,0.0,0,0,1,0.0,0.0,negative,50.0,0.0,tiki_8288935,tiki
4.57,100,0.0,0,0,1,0.0,0.0,negative,50.0,0.0,tiki_82861299,tiki
4.78,100,0.0,0,0,1,0.0,0.0,negative,50.0,0.0,tiki_274101262,tiki
4.44,100,0.0,0,0,1,0.0,0.0,negative,50.0,0.0,tiki_54393385,tiki
4.68,100,0.0,0,0,1,0.0,0.0,negative,50.0,0.0,tiki_764581,tiki
4.0,100,0.0,0,0,1,0.0,0.0,negative,50.0,0.0,tiki_53970712,tiki
4.45,100,0.0,0,0,1,0.0,0.0,negative,50.0,0.0,tiki_536965,tiki
4.69,100,0.0,0,0,1,0.0,0.0,negative,50.0,0.0,tiki_134364129,tiki
4.19,100,0.0,0,0,1,0.0,0.0,negative,50.0,0.0,tiki_192977208,tiki
4.68,100,0.0,0,0,1,0.0,0.0,negative,50.0,0.0,tiki_53545646,tiki
4.76,100,0.0,0,0,1,0.0,0.0,negative,50.0,0.0,tiki_193177952,tiki
4.66,100,0.0,0,0,1,0.0,0.0,negative,50.0,0.0,tiki_52674338,tiki
4.85,100,0.0,0,0,1,0.0,0.0,negative,50.0,0.0,tiki_52665707,tiki
4.6,100,0.0,0,0,1,0.0,0.0,negative,50.0,0.0,tiki_52297100,tiki
4.54,100,0.0,0,0,1,0.0,0.0,negative,50.0,0.0,tiki_7718737,tiki
4.13,100,0.0,0,0,1,0.0,0.0,negative,50.0,0.0,tiki_51971799,tiki
4.27,100,0.0,0,0,1,0.0,0.0,negative,50.0,0.0,tiki_8378816,tiki
4.83,100,0.0,0,0,1,0.0,0.0,negative,50.0,0.0,tiki_515871,tiki
4.38,100,0.0,0,0,1,0.0,0.0,negative,50.0,0.0,tiki_515550,tiki
4.86,100,0.0,0,0,1,0.0,0.0,negative,50.0,0.0,tiki_390304,tiki
4.86,100,0.0,0,0,1,0.0,0.0,negative,50.0,0.0,tiki_86267527,tiki
4.77,100,0.0,0,0,1,0.0,0.0,negative,50.0,0.0,tiki_514927,tiki
4.71,100,0.0,0,0,1,0.0,0.0,negative,50.0,0.0,tiki_51286890,tiki
3.9,100,0.0,0,0,1,0.0,0.0,negative,50.0,0.0,tiki_23046907,tiki
3.77,100,0.0,0,0,1,0.0,0.0,negative,50.0,0.0,tiki_23010613,tiki
4.87,100,0.0,0,0,1,0.0,0.0,negative,50.0,0.0,tiki_179981013,tiki
4.21,100,0.0,0,0,1,0.0,0.0,negative,50.0,0.0,tiki_151564798,tiki
4.7,100,0.0,0,0,1,0.0,0.0,negative,50.0,0.0,tiki_1938895,tiki
4.15,100,0.0,0,0,1,0.0,0.0,negative,50.0,0.0,tiki_19408798,tiki
4.68,100,0.0,0,0,1,0.0,0.0,negative,50.0,0.0,tiki_4061101,tiki
4.5,100,0.0,0,0,1,0.0,0.0,negative,50.0,0.0,tiki_112287571,tiki
3.9,100,0.0,0,0,1,0.0,0.0,negative,50.0,0.0,tiki_26242002,tiki
4.14,100,0.0,0,0,1,0.0,0.0,negative,50.0,0.0,tiki_50456405,tiki
4.9,100,0.0,0,0,1,0.0,0.0,negative,50.0,0.0,tiki_179980981,tiki
4.22,100,0.0,0,0,1,0.0,0.0,negative,50.0,0.0,tiki_408131,tiki
4.33,100,0.0,0,0,1,0.0,0.0,negative,50.0,0.0,tiki_194458001,tiki
4.0,100,0.0,0,0,1,0.0,0.0,negative,50.0,0.0,tiki_15366901,tiki
4.36,100,0.0,0,0,1,0.0,0.0,negative,50.0,0.0,tiki_855600,tiki
4.15,100,0.0,0,0,1,0.0,0.0,negative,50.0,0.0,tiki_8077988,tiki
4.94,100,0.0,0,0,1,0.0,0.0,negative,50.0,0.0,tiki_74346170,tiki
4.99,100,0.0,0,0,1,0.0,0.0,negative,50.0,0.0,tiki_74345320,tiki
4.96,100,0.0,0,0,1,0.0,0.0,negative,50.0,0.0,tiki_74344538,tiki
4.34,100,0.0,0,0,1,0.0,0.0,negative,50.0,0.0,tiki_26602007,tiki
4.42,100,0.0,0,0,1,0.0,0.0,negative,50.0,0.0,tiki_89637523,tiki
4.83,100,0.0,0,0,1,0.0,0.0,negative,50.0,0.0,tiki_12300814,tiki
4.6,100,0.0,0,0,1,0.0,0.0,negative,50.0,0.0,tiki_73744564,tiki
4.0,100,0.0,0,0,1,0.0,0.0,negative,50.0,0.0,tiki_12204837,tiki
3.5,100,0.0,0,0,1,0.0,0.0,negative,50.0,0.0,tiki_90082542,tiki
4.69,100,0.0,0,0,1,0.0,0.0,negative,50.0,0.0,tiki_73666130,tiki
4.78,100,0.0,0,0,1,0.0,0.0,negative,50.0,0.0,tiki_112734786,tiki
4.78,100,0.0,0,0,1,0.0,0.0,negative,50.0,0.0,tiki_88778074,tiki
4.46,100,0.0,0,0,1,0.0,0.0,negative,50.0,0.0,tiki_2901371,tiki
4.58,100,0.0,0,0,1,0.0,0.0,negative,50.0,0.0,tiki_12276970,tiki
4.47,100,0.0,0,0,1,0.0,0.0,negative,50.0,0.0,tiki_30709407,tiki
4.87,100,0.0,0,0,1,0.0,0.0,negative,50.0,0.0,tiki_74689093,tiki
4.45,100,0.0,0,0,1,0.0,0.0,negative,50.0,0.0,tiki_174593840,tiki
4.65,100,0.0,0,0,1,0.0,0.0,negative,50.0,0.0,tiki_73165085,tiki
4.13,100,0.0,0,0,1,0.0,0.0,negative,50.0,0.0,tiki_105513634,tiki
4.19,100,0.0,0,0,1,0.0,0.0,negative,50.0,0.0,tiki_90597884,tiki
4.65,100,0.0,0,0,1,0.0,0.0,negative,50.0,0.0,tiki_91190227,tiki
4.85,100,0.0,0,0,1,0.0,0.0,negative,50.0,0.0,tiki_72744612,tiki
4.74,100,0.0,0,0,1,0.0,0.0,negative,50.0,0.0,tiki_10113725,tiki
4.47,100,0.0,0,0,1,0.0,0.0,negative,50.0,0.0,tiki_10651230,tiki
4.69,100,0.0,0,0,1,0.0,0.0,negative,50.0,0.0,tiki_42832894,tiki
4.6,100,0.0,0,0,1,0.0,0.0,negative,50.0,0.0,tiki_10379317,tiki
4.71,100,0.0,0,0,1,0.0,0.0,negative,50.0,0.0,tiki_275909699,tiki
4.8,100,0.0,0,0,1,0.0,0.0,negative,50.0,0.0,tiki_10671551,tiki
4.89,100,0.0,0,0,1,0.0,0.0,negative,50.0,0.0,tiki_74486743,tiki
4.32,100,0.0,0,0,1,0.0,0.0,negative,50.0,0.0,tiki_154706046,tiki
4.57,100,0.0,0,0,1,0.0,0.0,negative,50.0,0.0,tiki_3014291,tiki
4.56,100,0.0,0,0,1,0.0,0.0,negative,50.0,0.0,tiki_22631108,tiki
4.38,100,0.0,0,0,1,0.0,0.0,negative,50.0,0.0,tiki_49241132,tiki
4.28,100,0.0,0,0,1,0.0,0.0,negative,50.0,0.0,tiki_154835064,tiki
4.72,100,0.0,0,0,1,0.0,0.0,negative,50.0,0.0,tiki_19772753,tiki
4.35,100,0.0,0,0,1,0.0,0.0,negative,50.0,0.0,tiki_4889007,tiki
4.92,100,0.0,0,0,1,0.0,0.0,negative,50.0,0.0,tiki_155463025,tiki
4.81,100,0.0,0,0,1,0.0,0.0,negative,50.0,0.0,tiki_126131828,tiki
4.5,100,0.0,0,0,1,0.0,0.0,negative,50.0,0.0,tiki_48314948,tiki
4.31,100,0.0,0,0,1,0.0,0.0,negative,50.0,0.0,tiki_15677446,tiki
4.21,100,0.0,0,0,1,0.0,0.0,negative,50.0,0.0,tiki_418556,tiki
4.58,100,0.0,0,0,1,0.0,0.0,negative,50.0,0.0,tiki_418574,tiki
4.38,100,0.0,0,0,1,0.0,0.0,negative,50.0,0.0,tiki_10971007,tiki
4.67,100,0.0,0,0,1,0.0,0.0,negative,50.0,0.0,tiki_418620,tiki
4.44,100,0.0,0,0,1,0.0,0.0,negative,50.0,0.0,tiki_8209696,tiki
4.9,100,0.0,0,0,1,0.0,0.0,negative,50.0,0.0,tiki_15686499,tiki
4.54,100,0.0,0,0,1,0.0,0.0,negative,50.0,0.0,tiki_419320,tiki
4.33,100,0.0,0,0,1,0.0,0.0,negative,50.0,0.0,tiki_419322,tiki
4.64,100,0.0,0,0,1,0.0,0.0,negative,50.0,0.0,tiki_275601556,tiki
4.64,100,0.0,0,0,1,0.0,0.0,negative,50.0,0.0,tiki_422323,tiki
4.23,100,0.0,0,0,1,0.0,0.0,negative,50.0,0.0,tiki_4688897,tiki
4.67,100,0.0,0,0,1,0.0,0.0,negative,50.0,0.0,tiki_422325,tiki
4.58,100,0.0,0,0,1,0.0,0.0,negative,50.0,0.0,tiki_85255282,tiki
4.8,100,0.0,0,0,1,0.0,0.0,negative,50.0,0.0,tiki_275703607,tiki
4.72,100,0.0,0,0,1,0.0,0.0,negative,50.0,0.0,tiki_15972213,tiki
3.9,100,0.0,0,0,1,0.0,0.0,negative,50.0,0.0,tiki_10000461,tiki
4.18,100,0.0,0,0,1,0.0,0.0,negative,50.0,0.0,tiki_4252075,tiki
4.57,100,0.0,0,0,1,0.0,0.0,negative,50.0,0.0,tiki_459201,tiki
4.83,100,0.0,0,0,1,0.0,0.0,negative,50.0,0.0,tiki_45908520,tiki
3.61,100,0.0,0,0,1,0.0,0.0,negative,50.0,0.0,tiki_79887552,tiki
4.22,100,0.0,0,0,1,0.0,0.0,negative,50.0,0.0,tiki_106503541,tiki
4.73,100,0.0,0,0,1,0.0,0.0,negative,50.0,0.0,tiki_81613252,tiki
4.49,100,0.0,0,0,1,0.0,0.0,negative,50.0,0.0,tiki_16308170,tiki
4.755102040816326,98,0.0,0,0,1,0.0,0.0,negative,49.0,0.0,tiki_4200865,tiki
4.714285714285714,98,0.0,0,0,1,0.0,0.0,negative,49.0,0.0,tiki_58973346,tiki
4.775510204081633,98,0.0,0,0,1,0.0,0.0,negative,49.0,0.0,tiki_179688143,tiki
4.428571428571429,98,0.0,0,0,1,0.0,0.0,negative,49.0,0.0,tiki_63818025,tiki
4.697916666666667,96,0.0,0,0,1,0.0,0.0,negative,48.0,0.0,tiki_550446,tiki
4.557894736842106,95,0.0,0,0,1,0.0,0.0,negative,47.5,0.0,tiki_11874937,tiki
4.91578947368421,95,0.0,0,0,1,0.0,0.0,negative,47.5,0.0,tiki_195357774,tiki
4.361702127659575,94,0.0,0,0,1,0.0,0.0,negative,47.0,0.0,tiki_11233172,tiki
4.531914893617022,94,0.0,0,0,1,0.0,0.0,negative,47.0,0.0,tiki_771419,tiki
4.623655913978495,93,0.0,0,0,1,0.0,0.0,negative,46.5,0.0,tiki_26129328,tiki
4.815217391304348,92,0.0,0,0,1,0.0,0.0,negative,46.0,0.0,tiki_208374393,tiki
4.391304347826087,92,0.0,0,0,1,0.0,0.0,negative,46.0,0.0,tiki_50330205,tiki
4.423913043478261,92,0.0,0,0,1,0.0,0.0,negative,46.0,0.0,tiki_8271204,tiki
4.923913043478261,92,0.0,0,0,1,0.0,0.0,negative,46.0,0.0,tiki_85560172,tiki
4.813186813186813,91,0.0,0,0,1,0.0,0.0,negative,45.5,0.0,tiki_123548187,tiki
4.853932584269663,89,0.0,0,0,1,0.0,0.0,negative,44.5,0.0,tiki_2210143,tiki
4.865168539325842,89,0.0,0,0,1,0.0,0.0,negative,44.5,0.0,tiki_192833921,tiki
4.820224719101123,89,0.0,0,0,1,0.0,0.0,negative,44.5,0.0,tiki_2120375,tiki
4.738636363636363,88,0.0,0,0,1,0.0,0.0,negative,44.0,0.0,tiki_88796546,tiki
3.909090909090909,88,0.0,0,0,1,0.0,0.0,negative,44.0,0.0,tiki_7117761,tiki
4.465909090909091,88,0.0,0,0,1,0.0,0.0,negative,44.0,0.0,tiki_2528827,tiki
4.850574712643678,87,0.0,0,0,1,0.0,0.0,negative,43.5,0.0,tiki_174593834,tiki
4.816091954022989,87,0.0,0,0,1,0.0,0.0,negative,43.5,0.0,tiki_9845151,tiki
3.7906976744186047,86,0.0,0,0,1,0.0,0.0,negative,43.0,0.0,tiki_7180509,tiki
4.726190476190476,84,0.0,0,0,1,0.0,0.0,negative,42.0,0.0,tiki_53202261,tiki
4.357142857142857,84,0.0,0,0,1,0.0,0.0,negative,42.0,0.0,tiki_470891,tiki
4.761904761904762,84,0.0,0,0,1,0.0,0.0,negative,42.0,0.0,tiki_35473655,tiki
4.759036144578313,83,0.0,0,0,1,0.0,0.0,negative,41.5,0.0,tiki_10858345,tiki
4.469879518072289,83,0.0,0,0,1,0.0,0.0,negative,41.5,0.0,tiki_48430140,tiki
4.843373493975903,83,0.0,0,0,1,0.0,0.0,negative,41.5,0.0,tiki_195357776,tiki
4.710843373493976,83,0.0,0,0,1,0.0,0.0,negative,41.5,0.0,tiki_14935723,tiki
4.481927710843373,83,0.0,0,0,1,0.0,0.0,negative,41.5,0.0,tiki_59180100,tiki
4.914634146341464,82,0.0,0,0,1,0.0,0.0,negative,41.0,0.0,tiki_165852603,tiki
4.827160493827161,81,0.0,0,0,1,0.0,0.0,negative,40.5,0.0,tiki_26341756,tiki
4.530864197530864,81,0.0,0,0,1,0.0,0.0,negative,40.5,0.0,tiki_514991,tiki
4.222222222222222,81,0.0,0,0,1,0.0,0.0,negative,40.5,0.0,tiki_10186846,tiki
4.025,80,0.0,0,0,1,0.0,0.0,negative,40.0,0.0,tiki_13626136,tiki
4.425,80,0.0,0,0,1,0.0,0.0,negative,40.0,0.0,tiki_116725239,tiki
4.6875,80,0.0,0,0,1,0.0,0.0,negative,40.0,0.0,tiki_114591368,tiki
4.810126582278481,79,0.0,0,0,1,0.0,0.0,negative,39.5,0.0,tiki_271626236,tiki
4.717948717948718,78,0.0,0,0,1,0.0,0.0,negative,39.0,0.0,tiki_550407,tiki
4.82051282051282,78,0.0,0,0,1,0.0,0.0,negative,39.0,0.0,tiki_58207084,tiki
4.910256410256411,78,0.0,0,0,1,0.0,0.0,negative,39.0,0.0,tiki_193411736,tiki
4.974025974025974,77,0.0,0,0,1,0.0,0.0,negative,38.5,0.0,tiki_74689093,tiki
4.727272727272728,77,0.0,0,0,1,0.0,0.0,negative,38.5,0.0,tiki_120760546,tiki
4.5131578947368425,76,0.0,0,0,1,0.0,0.0,negative,38.0,0.0,tiki_48873341,tiki
3.763157894736842,76,0.0,0,0,1,0.0,0.0,negative,38.0,0.0,tiki_23146403,tiki
3.5921052631578947,76,0.0,0,0,1,0.0,0.0,negative,38.0,0.0,tiki_642002,tiki
4.52,75,0.0,0,0,1,0.0,0.0,negative,37.5,0.0,tiki_80859833,tiki
4.783783783783784,74,0.0,0,0,1,0.0,0.0,negative,37.0,0.0,tiki_72659473,tiki
4.864864864864865,74,0.0,0,0,1,0.0,0.0,negative,37.0,0.0,tiki_67991573,tiki
4.391891891891892,74,0.0,0,0,1,0.0,0.0,negative,37.0,0.0,tiki_10000461,tiki
4.5479452054794525,73,0.0,0,0,1,0.0,0.0,negative,36.5,0.0,tiki_422325,tiki
4.315068493150685,73,0.0,0,0,1,0.0,0.0,negative,36.5,0.0,tiki_112249487,tiki
4.835616438356165,73,0.0,0,0,1,0.0,0.0,negative,36.5,0.0,tiki_174609283,tiki
4.777777777777778,72,0.0,0,0,1,0.0,0.0,negative,36.0,0.0,tiki_1699261,tiki
4.619718309859155,71,0.0,0,0,1,0.0,0.0,negative,35.5,0.0,tiki_109601744,tiki
4.873239436619718,71,0.0,0,0,1,0.0,0.0,negative,35.5,0.0,tiki_566359,tiki
4.929577464788732,71,0.0,0,0,1,0.0,0.0,negative,35.5,0.0,tiki_142238727,tiki
4.842857142857143,70,0.0,0,0,1,0.0,0.0,negative,35.0,0.0,tiki_108423866,tiki
4.628571428571429,70,0.0,0,0,1,0.0,0.0,negative,35.0,0.0,tiki_49655206,tiki
4.579710144927536,69,0.0,0,0,1,0.0,0.0,negative,34.5,0.0,tiki_371139,tiki
4.852941176470588,68,0.0,0,0,1,0.0,0.0,negative,34.0,0.0,tiki_99998451,tiki
4.691176470588236,68,0.0,0,0,1,0.0,0.0,negative,34.0,0.0,tiki_15972401,tiki
4.661764705882353,68,0.0,0,0,1,0.0,0.0,negative,34.0,0.0,tiki_7067793,tiki
4.82089552238806,67,0.0,0,0,1,0.0,0.0,negative,33.5,0.0,tiki_114789403,tiki
4.818181818181818,66,0.0,0,0,1,0.0,0.0,negative,33.0,0.0,tiki_262059424,tiki
4.121212121212121,66,0.0,0,0,1,0.0,0.0,negative,33.0,0.0,tiki_12147426,tiki
4.742424242424242,66,0.0,0,0,1,0.0,0.0,negative,33.0,0.0,tiki_114386076,tiki
4.606060606060606,66,0.0,0,0,1,0.0,0.0,negative,33.0,0.0,tiki_21382011,tiki
4.681818181818182,66,0.0,0,0,1,0.0,0.0,negative,33.0,0.0,tiki_42832894,tiki
4.4393939393939394,66,0.0,0,0,1,0.0,0.0,negative,33.0,0.0,tiki_95196302,tiki
4.818181818181818,66,0.0,0,0,1,0.0,0.0,negative,33.0,0.0,tiki_4679003,tiki
4.848484848484849,66,0.0,0,0,1,0.0,0.0,negative,33.0,0.0,tiki_104261141,tiki
4.830769230769231,65,0.0,0,0,1,0.0,0.0,negative,32.5,0.0,tiki_33543687,tiki
4.276923076923077,65,0.0,0,0,1,0.0,0.0,negative,32.5,0.0,tiki_17904891,tiki
4.1692307692307695,65,0.0,0,0,1,0.0,0.0,negative,32.5,0.0,tiki_15173854,tiki
4.953846153846154,65,0.0,0,0,1,0.0,0.0,negative,32.5,0.0,tiki_135608188,tiki
3.9846153846153847,65,0.0,0,0,1,0.0,0.0,negative,32.5,0.0,tiki_10868001,tiki
3.8125,64,0.0,0,0,1,0.0,0.0,negative,32.0,0.0,tiki_594139,tiki
4.75,64,0.0,0,0,1,0.0,0.0,negative,32.0,0.0,tiki_764198,tiki
4.296875,64,0.0,0,0,1,0.0,0.0,negative,32.0,0.0,tiki_560425,tiki
4.7936507936507935,63,0.0,0,0,1,0.0,0.0,negative,31.5,0.0,tiki_924313,tiki
4.7936507936507935,63,0.0,0,0,1,0.0,0.0,negative,31.5,0.0,tiki_51833340,tiki
4.7936507936507935,63,0.0,0,0,1,0.0,0.0,negative,31.5,0.0,tiki_475373,tiki
4.82258064516129,62,0.0,0,0,1,0.0,0.0,negative,31.0,0.0,tiki_11224055,tiki
4.290322580645161,62,0.0,0,0,1,0.0,0.0,negative,31.0,0.0,tiki_43851316,tiki
4.725806451612903,62,0.0,0,0,1,0.0,0.0,negative,31.0,0.0,tiki_79847161,tiki
4.32258064516129,62,0.0,0,0,1,0.0,0.0,negative,31.0,0.0,tiki_23378036,tiki
4.852459016393443,61,0.0,0,0,1,0.0,0.0,negative,30.5,0.0,tiki_119257538,tiki
4.95,60,0.0,0,0,1,0.0,0.0,negative,30.0,0.0,tiki_72742726,tiki
4.616666666666666,60,0.0,0,0,1,0.0,0.0,negative,30.0,0.0,tiki_35283819,tiki
4.9,60,0.0,0,0,1,0.0,0.0,negative,30.0,0.0,tiki_135078386,tiki
4.316666666666666,60,0.0,0,0,1,0.0,0.0,negative,30.0,0.0,tiki_157215759,tiki
4.866666666666666,60,0.0,0,0,1,0.0,0.0,negative,30.0,0.0,tiki_82913308,tiki
4.25,60,0.0,0,0,1,0.0,0.0,negative,30.0,0.0,tiki_33762008,tiki
4.633333333333334,60,0.0,0,0,1,0.0,0.0,negative,30.0,0.0,tiki_104311425,tiki
4.8,60,0.0,0,0,1,0.0,0.0,negative,30.0,0.0,tiki_139307800,tiki
4.716666666666667,60,0.0,0,0,1,0.0,0.0,negative,30.0,0.0,tiki_89402956,tiki
4.233333333333333,60,0.0,0,0,1,0.0,0.0,negative,30.0,0.0,tiki_17978848,tiki
4.85,60,0.0,0,0,1,0.0,0.0,negative,30.0,0.0,tiki_74219914,tiki
4.533333333333333,60,0.0,0,0,1,0.0,0.0,negative,30.0,0.0,tiki_263354473,tiki
4.864406779661017,59,0.0,0,0,1,0.0,0.0,negative,29.5,0.0,tiki_70692010,tiki
4.8474576271186445,59,0.0,0,0,1,0.0,0.0,negative,29.5,0.0,tiki_165165209,tiki
4.932203389830509,59,0.0,0,0,1,0.0,0.0,negative,29.5,0.0,tiki_145279028,tiki
4.016949152542373,59,0.0,0,0,1,0.0,0.0,negative,29.5,0.0,tiki_66792707,tiki
4.457627118644068,59,0.0,0,0,1,0.0,0.0,negative,29.5,0.0,tiki_71094027,tiki
4.52542372881356,59,0.0,0,0,1,0.0,0.0,negative,29.5,0.0,tiki_114680946,tiki
4.473684210526316,57,0.0,0,0,1,0.0,0.0,negative,28.5,0.0,tiki_54925075,tiki
4.56140350877193,57,0.0,0,0,1,0.0,0.0,negative,28.5,0.0,tiki_22474176,tiki
4.631578947368421,57,0.0,0,0,1,0.0,0.0,negative,28.5,0.0,tiki_459248,tiki
4.947368421052632,57,0.0,0,0,1,0.0,0.0,negative,28.5,0.0,tiki_11211353,tiki
4.821428571428571,56,0.0,0,0,1,0.0,0.0,negative,28.0,0.0,tiki_58268220,tiki
4.803571428571429,56,0.0,0,0,1,0.0,0.0,negative,28.0,0.0,tiki_8105929,tiki
4.375,56,0.0,0,0,1,0.0,0.0,negative,28.0,0.0,tiki_3159873,tiki
4.714285714285714,56,0.0,0,0,1,0.0,0.0,negative,28.0,0.0,tiki_1450513,tiki
4.875,56,0.0,0,0,1,0.0,0.0,negative,28.0,0.0,tiki_58699617,tiki
4.607142857142857,56,0.0,0,0,1,0.0,0.0,negative,28.0,0.0,tiki_561075,tiki
3.618181818181818,55,0.0,0,0,1,0.0,0.0,negative,27.5,0.0,tiki_23068549,tiki
4.836363636363636,55,0.0,0,0,1,0.0,0.0,negative,27.5,0.0,tiki_139307770,tiki
4.727272727272728,55,0.0,0,0,1,0.0,0.0,negative,27.5,0.0,tiki_198126604,tiki
4.9818181818181815,55,0.0,0,0,1,0.0,0.0,negative,27.5,0.0,tiki_85560907,tiki
4.709090909090909,55,0.0,0,0,1,0.0,0.0,negative,27.5,0.0,tiki_77030279,tiki
4.163636363636364,55,0.0,0,0,1,0.0,0.0,negative,27.5,0.0,tiki_32427956,tiki
4.62962962962963,54,0.0,0,0,1,0.0,0.0,negative,27.0,0.0,tiki_14770658,tiki
4.777777777777778,54,0.0,0,0,1,0.0,0.0,negative,27.0,0.0,tiki_154186090,tiki
4.888888888888889,54,0.0,0,0,1,0.0,0.0,negative,27.0,0.0,tiki_149467412,tiki
4.811320754716981,53,0.0,0,0,1,0.0,0.0,negative,26.5,0.0,tiki_248432028,tiki
4.679245283018868,53,0.0,0,0,1,0.0,0.0,negative,26.5,0.0,tiki_58900258,tiki
4.377358490566038,53,0.0,0,0,1,0.0,0.0,negative,26.5,0.0,tiki_78943220,tiki
4.60377358490566,53,0.0,0,0,1,0.0,0.0,negative,26.5,0.0,tiki_74215680,tiki
4.433962264150943,53,0.0,0,0,1,0.0,0.0,negative,26.5,0.0,tiki_1082280,tiki
4.622641509433962,53,0.0,0,0,1,0.0,0.0,negative,26.5,0.0,tiki_32837009,tiki
4.865384615384615,52,0.0,0,0,1,0.0,0.0,negative,26.0,0.0,tiki_174038541,tiki
4.846153846153846,52,0.0,0,0,1,0.0,0.0,negative,26.0,0.0,tiki_67930401,tiki
4.653846153846154,52,0.0,0,0,1,0.0,0.0,negative,26.0,0.0,tiki_55994870,tiki
4.596153846153846,52,0.0,0,0,1,0.0,0.0,negative,26.0,0.0,tiki_105513634,tiki
4.807692307692308,52,0.0,0,0,1,0.0,0.0,negative,26.0,0.0,tiki_90572910,tiki
4.807692307692308,52,0.0,0,0,1,0.0,0.0,negative,26.0,0.0,tiki_275601638,tiki
4.865384615384615,52,0.0,0,0,1,0.0,0.0,negative,26.0,0.0,tiki_1998347,tiki
4.509803921568627,51,0.0,0,0,1,0.0,0.0,negative,25.5,0.0,tiki_109821,tiki
4.490196078431373,51,0.0,0,0,1,0.0,0.0,negative,25.5,0.0,tiki_23464541,tiki
4.294117647058823,51,0.0,0,0,1,0.0,0.0,negative,25.5,0.0,tiki_409421,tiki
4.431372549019608,51,0.0,0,0,1,0.0,0.0,negative,25.5,0.0,tiki_11387359,tiki
4.96078431372549,51,0.0,0,0,1,0.0,0.0,negative,25.5,0.0,tiki_179980900,tiki
4.686274509803922,51,0.0,0,0,1,0.0,0.0,negative,25.5,0.0,tiki_20700692,tiki
4.862745098039215,51,0.0,0,0,1,0.0,0.0,negative,25.5,0.0,tiki_204237269,tiki
4.921568627450981,51,0.0,0,0,1,0.0,0.0,negative,25.5,0.0,tiki_10191440,tiki
4.28,50,0.0,0,0,1,0.0,0.0,negative,25.0,0.0,tiki_16303736,tiki
4.56,50,0.0,0,0,1,0.0,0.0,negative,25.0,0.0,tiki_205293596,tiki
4.88,50,0.0,0,0,1,0.0,0.0,negative,25.0,0.0,tiki_3529957,tiki
3.82,50,0.0,0,0,1,0.0,0.0,negative,25.0,0.0,tiki_11265263,tiki
4.82,50,0.0,0,0,1,0.0,0.0,negative,25.0,0.0,tiki_54717885,tiki
4.82,50,0.0,0,0,1,0.0,0.0,negative,25.0,0.0,tiki_57900120,tiki
4.12,50,0.0,0,0,1,0.0,0.0,negative,25.0,0.0,tiki_28364239,tiki
4.74,50,0.0,0,0,1,0.0,0.0,negative,25.0,0.0,tiki_68526612,tiki
4.36,50,0.0,0,0,1,0.0,0.0,negative,25.0,0.0,tiki_7152321,tiki
4.78,50,0.0,0,0,1,0.0,0.0,negative,25.0,0.0,tiki_7766082,tiki
3.98,50,0.0,0,0,1,0.0,0.0,negative,25.0,0.0,tiki_31826266,tiki
4.54,50,0.0,0,0,1,0.0,0.0,negative,25.0,0.0,tiki_48519235,tiki
4.04,50,0.0,0,0,1,0.0,0.0,negative,25.0,0.0,tiki_23476161,tiki
4.84,50,0.0,0,0,1,0.0,0.0,negative,25.0,0.0,tiki_11336478,tiki
4.48,50,0.0,0,0,1,0.0,0.0,negative,25.0,0.0,tiki_118795959,tiki
4.84,50,0.0,0,0,1,0.0,0.0,negative,25.0,0.0,tiki_68544776,tiki
4.62,50,0.0,0,0,1,0.0,0.0,negative,25.0,0.0,tiki_1935009,tiki
4.32,50,0.0,0,0,1,0.0,0.0,negative,25.0,0.0,tiki_24998257,tiki
4.7,50,0.0,0,0,1,0.0,0.0,negative,25.0,0.0,tiki_88073058,tiki
4.28,50,0.0,0,0,1,0.0,0.0,negative,25.0,0.0,tiki_684054,tiki
4.26,50,0.0,0,0,1,0.0,0.0,negative,25.0,0.0,tiki_153821917,tiki
4.76,50,0.0,0,0,1,0.0,0.0,negative,25.0,0.0,tiki_26119079,tiki
4.54,50,0.0,0,0,1,0.0,0.0,negative,25.0,0.0,tiki_91944159,tiki
4.653061224489796,49,0.0,0,0,1,0.0,0.0,negative,24.5,0.0,tiki_113911986,tiki
4.755102040816326,49,0.0,0,0,1,0.0,0.0,negative,24.5,0.0,tiki_273217798,tiki
4.448979591836735,49,0.0,0,0,1,0.0,0.0,negative,24.5,0.0,tiki_1445117,tiki
4.224489795918367,49,0.0,0,0,1,0.0,0.0,negative,24.5,0.0,tiki_55990648,tiki
4.63265306122449,49,0.0,0,0,1,0.0,0.0,negative,24.5,0.0,tiki_47469938,tiki
3.673469387755102,49,0.0,0,0,1,0.0,0.0,negative,24.5,0.0,tiki_11514547,tiki
4.755102040816326,49,0.0,0,0,1,0.0,0.0,negative,24.5,0.0,tiki_47469934,tiki
4.979591836734694,49,0.0,0,0,1,0.0,0.0,negative,24.5,0.0,tiki_277619147,tiki
4.479166666666667,48,0.0,0,0,1,0.0,0.0,negative,24.0,0.0,tiki_5849479,tiki
4.8125,48,0.0,0,0,1,0.0,0.0,negative,24.0,0.0,tiki_275163472,tiki
3.9583333333333335,48,0.0,0,0,1,0.0,0.0,negative,24.0,0.0,tiki_30035133,tiki
4.604166666666667,48,0.0,0,0,1,0.0,0.0,negative,24.0,0.0,tiki_260685661,tiki
4.617021276595745,47,0.0,0,0,1,0.0,0.0,negative,23.5,0.0,tiki_4330189,tiki
4.872340425531915,47,0.0,0,0,1,0.0,0.0,negative,23.5,0.0,tiki_155635824,tiki
4.9361702127659575,47,0.0,0,0,1,0.0,0.0,negative,23.5,0.0,tiki_173475017,tiki
4.148936170212766,47,0.0,0,0,1,0.0,0.0,negative,23.5,0.0,tiki_43369992,tiki
4.23404255319149,47,0.0,0,0,1,0.0,0.0,negative,23.5,0.0,tiki_161249996,tiki
4.51063829787234,47,0.0,0,0,1,0.0,0.0,negative,23.5,0.0,tiki_24782424,tiki
4.382978723404255,47,0.0,0,0,1,0.0,0.0,negative,23.5,0.0,tiki_57865797,tiki
4.957446808510638,47,0.0,0,0,1,0.0,0.0,negative,23.5,0.0,tiki_11178335,tiki
4.782608695652174,46,0.0,0,0,1,0.0,0.0,negative,23.0,0.0,tiki_138359591,tiki
4.630434782608695,46,0.0,0,0,1,0.0,0.0,negative,23.0,0.0,tiki_19696332,tiki
4.733333333333333,45,0.0,0,0,1,0.0,0.0,negative,22.5,0.0,tiki_16878549,tiki
4.822222222222222,45,0.0,0,0,1,0.0,0.0,negative,22.5,0.0,tiki_207952268,tiki
4.911111111111111,45,0.0,0,0,1,0.0,0.0,negative,22.5,0.0,tiki_177548270,tiki
4.822222222222222,45,0.0,0,0,1,0.0,0.0,negative,22.5,0.0,tiki_566314,tiki
4.488888888888889,45,0.0,0,0,1,0.0,0.0,negative,22.5,0.0,tiki_645669,tiki
5.0,45,0.0,0,0,1,0.0,0.0,negative,22.5,0.0,tiki_10752432,tiki
4.8,45,0.0,0,0,1,0.0,0.0,negative,22.5,0.0,tiki_186649692,tiki
3.844444444444445,45,0.0,0,0,1,0.0,0.0,negative,22.5,0.0,tiki_125380080,tiki
4.568181818181818,44,0.0,0,0,1,0.0,0.0,negative,22.0,0.0,tiki_54856711,tiki
4.613636363636363,44,0.0,0,0,1,0.0,0.0,negative,22.0,0.0,tiki_48341654,tiki
4.863636363636363,44,0.0,0,0,1,0.0,0.0,negative,22.0,0.0,tiki_407337,tiki
4.977272727272728,44,0.0,0,0,1,0.0,0.0,negative,22.0,0.0,tiki_107409162,tiki
4.72093023255814,43,0.0,0,0,1,0.0,0.0,negative,21.5,0.0,tiki_763594,tiki
4.697674418604652,43,0.0,0,0,1,0.0,0.0,negative,21.5,0.0,tiki_201569238,tiki
4.883720930232558,43,0.0,0,0,1,0.0,0.0,negative,21.5,0.0,tiki_114078635,tiki
4.5813953488372094,43,0.0,0,0,1,0.0,0.0,negative,21.5,0.0,tiki_100947100,tiki
4.790697674418604,43,0.0,0,0,1,0.0,0.0,negative,21.5,0.0,tiki_66952514,tiki
4.651162790697675,43,0.0,0,0,1,0.0,0.0,negative,21.5,0.0,tiki_11652752,tiki
4.642857142857143,42,0.0,0,0,1,0.0,0.0,negative,21.0,0.0,tiki_253397539,tiki
4.642857142857143,42,0.0,0,0,1,0.0,0.0,negative,21.0,0.0,tiki_107020747,tiki
4.119047619047619,42,0.0,0,0,1,0.0,0.0,negative,21.0,0.0,tiki_137527486,tiki
4.880952380952381,42,0.0,0,0,1,0.0,0.0,negative,21.0,0.0,tiki_69107168,tiki
4.380952380952381,42,0.0,0,0,1,0.0,0.0,negative,21.0,0.0,tiki_115129026,tiki
4.738095238095238,42,0.0,0,0,1,0.0,0.0,negative,21.0,0.0,tiki_19928605,tiki
4.476190476190476,42,0.0,0,0,1,0.0,0.0,negative,21.0,0.0,tiki_68132909,tiki
4.439024390243903,41,0.0,0,0,1,0.0,0.0,negative,20.5,0.0,tiki_55486145,tiki
4.634146341463414,41,0.0,0,0,1,0.0,0.0,negative,20.5,0.0,tiki_3716361,tiki
4.609756097560975,41,0.0,0,0,1,0.0,0.0,negative,20.5,0.0,tiki_21709688,tiki
4.658536585365853,41,0.0,0,0,1,0.0,0.0,negative,20.5,0.0,tiki_169489699,tiki
4.048780487804878,41,0.0,0,0,1,0.0,0.0,negative,20.5,0.0,tiki_41371714,tiki
4.975609756097561,41,0.0,0,0,1,0.0,0.0,negative,20.5,0.0,tiki_69177749,tiki
4.975609756097561,41,0.0,0,0,1,0.0,0.0,negative,20.5,0.0,tiki_212142932,tiki
4.390243902439025,41,0.0,0,0,1,0.0,0.0,negative,20.5,0.0,tiki_27891623,tiki
4.853658536585366,41,0.0,0,0,1,0.0,0.0,negative,20.5,0.0,tiki_123547565,tiki
4.243902439024391,41,0.0,0,0,1,0.0,0.0,negative,20.5,0.0,tiki_53454114,tiki
4.975609756097561,41,0.0,0,0,1,0.0,0.0,negative,20.5,0.0,tiki_1998345,tiki
4.878048780487805,41,0.0,0,0,1,0.0,0.0,negative,20.5,0.0,tiki_113078398,tiki
4.7560975609756095,41,0.0,0,0,1,0.0,0.0,negative,20.5,0.0,tiki_19823687,tiki
4.75,40,0.0,0,0,1,0.0,0.0,negative,20.0,0.0,tiki_2229715,tiki
4.85,40,0.0,0,0,1,0.0,0.0,negative,20.0,0.0,tiki_4678991,tiki
4.55,40,0.0,0,0,1,0.0,0.0,negative,20.0,0.0,tiki_196201409,tiki
4.225,40,0.0,0,0,1,0.0,0.0,negative,20.0,0.0,tiki_4757629,tiki
4.95,40,0.0,0,0,1,0.0,0.0,negative,20.0,0.0,tiki_195801647,tiki
4.4,40,0.0,0,0,1,0.0,0.0,negative,20.0,0.0,tiki_407335,tiki
4.9,40,0.0,0,0,1,0.0,0.0,negative,20.0,0.0,tiki_213673179,tiki
4.375,40,0.0,0,0,1,0.0,0.0,negative,20.0,0.0,tiki_4048581,tiki
4.0,40,0.0,0,0,1,0.0,0.0,negative,20.0,0.0,tiki_10127938,tiki
4.825,40,0.0,0,0,1,0.0,0.0,negative,20.0,0.0,tiki_147175803,tiki
4.25,40,0.0,0,0,1,0.0,0.0,negative,20.0,0.0,tiki_356793,tiki
4.8,40,0.0,0,0,1,0.0,0.0,negative,20.0,0.0,tiki_17587170,tiki
4.8,40,0.0,0,0,1,0.0,0.0,negative,20.0,0.0,tiki_12121958,tiki
3.375,40,0.0,0,0,1,0.0,0.0,negative,20.0,0.0,tiki_26264809,tiki
4.225,40,0.0,0,0,1,0.0,0.0,negative,20.0,0.0,tiki_25734700,tiki
4.974358974358975,39,0.0,0,0,1,0.0,0.0,negative,19.5,0.0,tiki_249789888,tiki
4.410256410256411,39,0.0,0,0,1,0.0,0.0,negative,19.5,0.0,tiki_86573041,tiki
4.717948717948718,39,0.0,0,0,1,0.0,0.0,negative,19.5,0.0,tiki_221267660,tiki
4.666666666666667,39,0.0,0,0,1,0.0,0.0,negative,19.5,0.0,tiki_136981450,tiki
4.564102564102564,39,0.0,0,0,1,0.0,0.0,negative,19.5,0.0,tiki_55563718,tiki
4.666666666666667,39,0.0,0,0,1,0.0,0.0,negative,19.5,0.0,tiki_102766392,tiki
4.717948717948718,39,0.0,0,0,1,0.0,0.0,negative,19.5,0.0,tiki_52980205,tiki
4.230769230769231,39,0.0,0,0,1,0.0,0.0,negative,19.5,0.0,tiki_1028655,tiki
4.973684210526316,38,0.0,0,0,1,0.0,0.0,negative,19.0,0.0,tiki_66233031,tiki
4.526315789473684,38,0.0,0,0,1,0.0,0.0,negative,19.0,0.0,tiki_59473869,tiki
4.657894736842105,38,0.0,0,0,1,0.0,0.0,negative,19.0,0.0,tiki_14379439,tiki
4.7105263157894735,38,0.0,0,0,1,0.0,0.0,negative,19.0,0.0,tiki_7941024,tiki
4.131578947368421,38,0.0,0,0,1,0.0,0.0,negative,19.0,0.0,tiki_35221940,tiki
4.526315789473684,38,0.0,0,0,1,0.0,0.0,negative,19.0,0.0,tiki_720399,tiki
4.7368421052631575,38,0.0,0,0,1,0.0,0.0,negative,19.0,0.0,tiki_418581,tiki
4.052631578947368,38,0.0,0,0,1,0.0,0.0,negative,19.0,0.0,tiki_554918,tiki
4.918918918918919,37,0.0,0,0,1,0.0,0.0,negative,18.5,0.0,tiki_123673067,tiki
5.0,37,0.0,0,0,1,0.0,0.0,negative,18.5,0.0,tiki_89065883,tiki
4.675675675675675,37,0.0,0,0,1,0.0,0.0,negative,18.5,0.0,tiki_20357620,tiki
4.027027027027027,37,0.0,0,0,1,0.0,0.0,negative,18.5,0.0,tiki_938207,tiki
4.837837837837838,37,0.0,0,0,1,0.0,0.0,negative,18.5,0.0,tiki_75146872,tiki
4.486486486486487,37,0.0,0,0,1,0.0,0.0,negative,18.5,0.0,tiki_54487878,tiki
4.675675675675675,37,0.0,0,0,1,0.0,0.0,negative,18.5,0.0,tiki_48166624,tiki
4.583333333333333,36,0.0,0,0,1,0.0,0.0,negative,18.0,0.0,tiki_1732971,tiki
4.388888888888889,36,0.0,0,0,1,0.0,0.0,negative,18.0,0.0,tiki_108685377,tiki
4.694444444444445,36,0.0,0,0,1,0.0,0.0,negative,18.0,0.0,tiki_6376489,tiki
4.861111111111111,36,0.0,0,0,1,0.0,0.0,negative,18.0,0.0,tiki_71353273,tiki
4.833333333333333,36,0.0,0,0,1,0.0,0.0,negative,18.0,0.0,tiki_13379271,tiki
4.638888888888889,36,0.0,0,0,1,0.0,0.0,negative,18.0,0.0,tiki_172833589,tiki
4.111111111111111,36,0.0,0,0,1,0.0,0.0,negative,18.0,0.0,tiki_46242612,tiki
4.416666666666667,36,0.0,0,0,1,0.0,0.0,negative,18.0,0.0,tiki_422323,tiki
4.972222222222222,36,0.0,0,0,1,0.0,0.0,negative,18.0,0.0,tiki_67825118,tiki
4.371428571428571,35,0.0,0,0,1,0.0,0.0,negative,17.5,0.0,tiki_278004800,tiki
4.971428571428572,35,0.0,0,0,1,0.0,0.0,negative,17.5,0.0,tiki_121242752,tiki
4.771428571428571,35,0.0,0,0,1,0.0,0.0,negative,17.5,0.0,tiki_101548454,tiki
4.971428571428572,35,0.0,0,0,1,0.0,0.0,negative,17.5,0.0,tiki_173890255,tiki
4.742857142857143,35,0.0,0,0,1,0.0,0.0,negative,17.5,0.0,tiki_20700684,tiki
4.457142857142857,35,0.0,0,0,1,0.0,0.0,negative,17.5,0.0,tiki_84107995,tiki
4.6,35,0.0,0,0,1,0.0,0.0,negative,17.5,0.0,tiki_10752045,tiki
4.8,35,0.0,0,0,1,0.0,0.0,negative,17.5,0.0,tiki_16301033,tiki
4.885714285714286,35,0.0,0,0,1,0.0,0.0,negative,17.5,0.0,tiki_211936081,tiki
4.457142857142857,35,0.0,0,0,1,0.0,0.0,negative,17.5,0.0,tiki_533008,tiki
4.914285714285715,35,0.0,0,0,1,0.0,0.0,negative,17.5,0.0,tiki_168231604,tiki
4.6,35,0.0,0,0,1,0.0,0.0,negative,17.5,0.0,tiki_427529,tiki
4.8,35,0.0,0,0,1,0.0,0.0,negative,17.5,0.0,tiki_206560759,tiki
4.828571428571428,35,0.0,0,0,1,0.0,0.0,negative,17.5,0.0,tiki_71898421,tiki
4.857142857142857,35,0.0,0,0,1,0.0,0.0,negative,17.5,0.0,tiki_19824298,tiki
4.970588235294118,34,0.0,0,0,1,0.0,0.0,negative,17.0,0.0,tiki_213564093,tiki
4.941176470588236,34,0.0,0,0,1,0.0,0.0,negative,17.0,0.0,tiki_21317020,tiki
4.647058823529412,34,0.0,0,0,1,0.0,0.0,negative,17.0,0.0,tiki_859139,tiki
4.764705882352941,34,0.0,0,0,1,0.0,0.0,negative,17.0,0.0,tiki_74741874,tiki
3.735294117647059,34,0.0,0,0,1,0.0,0.0,negative,17.0,0.0,tiki_276515204,tiki
4.588235294117647,34,0.0,0,0,1,0.0,0.0,negative,17.0,0.0,tiki_110150680,tiki
4.588235294117647,34,0.0,0,0,1,0.0,0.0,negative,17.0,0.0,tiki_41619801,tiki
4.617647058823529,34,0.0,0,0,1,0.0,0.0,negative,17.0,0.0,tiki_271626224,tiki
4.470588235294118,34,0.0,0,0,1,0.0,0.0,negative,17.0,0.0,tiki_278075734,tiki
4.676470588235294,34,0.0,0,0,1,0.0,0.0,negative,17.0,0.0,tiki_68237610,tiki
4.794117647058823,34,0.0,0,0,1,0.0,0.0,negative,17.0,0.0,tiki_201691932,tiki
4.787878787878788,33,0.0,0,0,1,0.0,0.0,negative,16.5,0.0,tiki_106390176,tiki
4.727272727272728,33,0.0,0,0,1,0.0,0.0,negative,16.5,0.0,tiki_277485404,tiki
4.666666666666667,33,0.0,0,0,1,0.0,0.0,negative,16.5,0.0,tiki_68585264,tiki
4.848484848484849,33,0.0,0,0,1,0.0,0.0,negative,16.5,0.0,tiki_145420744,tiki
4.03030303030303,33,0.0,0,0,1,0.0,0.0,negative,16.5,0.0,tiki_13643843,tiki
4.515151515151516,33,0.0,0,0,1,0.0,0.0,negative,16.5,0.0,tiki_168226110,tiki
4.727272727272728,33,0.0,0,0,1,0.0,0.0,negative,16.5,0.0,tiki_277497521,tiki
4.121212121212121,33,0.0,0,0,1,0.0,0.0,negative,16.5,0.0,tiki_23972219,tiki
4.545454545454546,33,0.0,0,0,1,0.0,0.0,negative,16.5,0.0,tiki_8105301,tiki
4.757575757575758,33,0.0,0,0,1,0.0,0.0,negative,16.5,0.0,tiki_271966725,tiki
4.636363636363637,33,0.0,0,0,1,0.0,0.0,negative,16.5,0.0,tiki_6535523,tiki
4.787878787878788,33,0.0,0,0,1,0.0,0.0,negative,16.5,0.0,tiki_59384196,tiki
4.484848484848484,33,0.0,0,0,1,0.0,0.0,negative,16.5,0.0,tiki_55511065,tiki
4.90625,32,0.0,0,0,1,0.0,0.0,negative,16.0,0.0,tiki_113670559,tiki
4.625,32,0.0,0,0,1,0.0,0.0,negative,16.0,0.0,tiki_209163201,tiki
4.875,32,0.0,0,0,1,0.0,0.0,negative,16.0,0.0,tiki_51198858,tiki
4.78125,32,0.0,0,0,1,0.0,0.0,negative,16.0,0.0,tiki_273095637,tiki
4.78125,32,0.0,0,0,1,0.0,0.0,negative,16.0,0.0,tiki_76182673,tiki
4.3125,32,0.0,0,0,1,0.0,0.0,negative,16.0,0.0,tiki_54489835,tiki
4.46875,32,0.0,0,0,1,0.0,0.0,negative,16.0,0.0,tiki_111460989,tiki
4.78125,32,0.0,0,0,1,0.0,0.0,negative,16.0,0.0,tiki_566374,tiki
4.71875,32,0.0,0,0,1,0.0,0.0,negative,16.0,0.0,tiki_38056210,tiki
4.71875,32,0.0,0,0,1,0.0,0.0,negative,16.0,0.0,tiki_200804529,tiki
4.5,32,0.0,0,0,1,0.0,0.0,negative,16.0,0.0,tiki_5537789,tiki
4.78125,32,0.0,0,0,1,0.0,0.0,negative,16.0,0.0,tiki_169640939,tiki
3.7096774193548394,31,0.0,0,0,1,0.0,0.0,negative,15.5,0.0,tiki_22885271,tiki
4.129032258064516,31,0.0,0,0,1,0.0,0.0,negative,15.5,0.0,tiki_2774909,tiki
4.967741935483871,31,0.0,0,0,1,0.0,0.0,negative,15.5,0.0,tiki_22884842,tiki
4.741935483870968,31,0.0,0,0,1,0.0,0.0,negative,15.5,0.0,tiki_7011087,tiki
4.032258064516129,31,0.0,0,0,1,0.0,0.0,negative,15.5,0.0,tiki_108684689,tiki
4.870967741935484,31,0.0,0,0,1,0.0,0.0,negative,15.5,0.0,tiki_185232569,tiki
4.580645161290323,31,0.0,0,0,1,0.0,0.0,negative,15.5,0.0,tiki_290995,tiki
4.870967741935484,31,0.0,0,0,1,0.0,0.0,negative,15.5,0.0,tiki_210143772,tiki
4.870967741935484,31,0.0,0,0,1,0.0,0.0,negative,15.5,0.0,tiki_54777422,tiki
4.806451612903226,31,0.0,0,0,1,0.0,0.0,negative,15.5,0.0,tiki_76664325,tiki
4.516129032258065,31,0.0,0,0,1,0.0,0.0,negative,15.5,0.0,tiki_47273267,tiki
4.225806451612903,31,0.0,0,0,1,0.0,0.0,negative,15.5,0.0,tiki_33519536,tiki
4.433333333333334,30,0.0,0,0,1,0.0,0.0,negative,15.0,0.0,tiki_8159990,tiki
4.766666666666667,30,0.0,0,0,1,0.0,0.0,negative,15.0,0.0,tiki_41882039,tiki
4.866666666666666,30,0.0,0,0,1,0.0,0.0,negative,15.0,0.0,tiki_11213621,tiki
4.866666666666666,30,0.0,0,0,1,0.0,0.0,negative,15.0,0.0,tiki_197536580,tiki
3.2333333333333334,30,0.0,0,0,1,0.0,0.0,negative,15.0,0.0,tiki_15514958,tiki
4.566666666666666,30,0.0,0,0,1,0.0,0.0,negative,15.0,0.0,tiki_104254876,tiki
4.433333333333334,30,0.0,0,0,1,0.0,0.0,negative,15.0,0.0,tiki_173425949,tiki
4.766666666666667,30,0.0,0,0,1,0.0,0.0,negative,15.0,0.0,tiki_3602035,tiki
4.7,30,0.0,0,0,1,0.0,0.0,negative,15.0,0.0,tiki_86540950,tiki
4.689655172413793,29,0.0,0,0,1,0.0,0.0,negative,14.5,0.0,tiki_149964632,tiki
3.8620689655172415,29,0.0,0,0,1,0.0,0.0,negative,14.5,0.0,tiki_43815075,tiki
4.620689655172414,29,0.0,0,0,1,0.0,0.0,negative,14.5,0.0,tiki_50742511,tiki
4.758620689655173,29,0.0,0,0,1,0.0,0.0,negative,14.5,0.0,tiki_273217833,tiki
4.827586206896552,29,0.0,0,0,1,0.0,0.0,negative,14.5,0.0,tiki_408524,tiki
4.551724137931035,29,0.0,0,0,1,0.0,0.0,negative,14.5,0.0,tiki_408179,tiki
4.896551724137931,29,0.0,0,0,1,0.0,0.0,negative,14.5,0.0,tiki_69107158,tiki
4.896551724137931,29,0.0,0,0,1,0.0,0.0,negative,14.5,0.0,tiki_69107166,tiki
5.0,29,0.0,0,0,1,0.0,0.0,negative,14.5,0.0,tiki_69322723,tiki
4.862068965517241,29,0.0,0,0,1,0.0,0.0,negative,14.5,0.0,tiki_212214200,tiki
4.241379310344827,29,0.0,0,0,1,0.0,0.0,negative,14.5,0.0,tiki_70631732,tiki
4.862068965517241,29,0.0,0,0,1,0.0,0.0,negative,14.5,0.0,tiki_179372235,tiki
4.517241379310345,29,0.0,0,0,1,0.0,0.0,negative,14.5,0.0,tiki_11600095,tiki
4.896551724137931,29,0.0,0,0,1,0.0,0.0,negative,14.5,0.0,tiki_207270188,tiki
4.896551724137931,29,0.0,0,0,1,0.0,0.0,negative,14.5,0.0,tiki_96403483,tiki
4.689655172413793,29,0.0,0,0,1,0.0,0.0,negative,14.5,0.0,tiki_8347237,tiki
4.896551724137931,29,0.0,0,0,1,0.0,0.0,negative,14.5,0.0,tiki_107798671,tiki
4.689655172413793,29,0.0,0,0,1,0.0,0.0,negative,14.5,0.0,tiki_20700682,tiki
4.103448275862069,29,0.0,0,0,1,0.0,0.0,negative,14.5,0.0,tiki_191620753,tiki
4.620689655172414,29,0.0,0,0,1,0.0,0.0,negative,14.5,0.0,tiki_10736184,tiki
4.655172413793103,29,0.0,0,0,1,0.0,0.0,negative,14.5,0.0,tiki_54445418,tiki
4.551724137931035,29,0.0,0,0,1,0.0,0.0,negative,14.5,0.0,tiki_52664719,tiki
4.482758620689655,29,0.0,0,0,1,0.0,0.0,negative,14.5,0.0,tiki_178724799,tiki
4.724137931034483,29,0.0,0,0,1,0.0,0.0,negative,14.5,0.0,tiki_418936,tiki
4.655172413793103,29,0.0,0,0,1,0.0,0.0,negative,14.5,0.0,tiki_150377233,tiki
4.689655172413793,29,0.0,0,0,1,0.0,0.0,negative,14.5,0.0,tiki_205379874,tiki
4.103448275862069,29,0.0,0,0,1,0.0,0.0,negative,14.5,0.0,tiki_183554709,tiki
4.964285714285714,28,0.0,0,0,1,0.0,0.0,negative,14.0,0.0,tiki_111688766,tiki
4.25,28,0.0,0,0,1,0.0,0.0,negative,14.0,0.0,tiki_23303505,tiki
4.964285714285714,28,0.0,0,0,1,0.0,0.0,negative,14.0,0.0,tiki_20342347,tiki
4.714285714285714,28,0.0,0,0,1,0.0,0.0,negative,14.0,0.0,tiki_144748032,tiki
4.714285714285714,28,0.0,0,0,1,0.0,0.0,negative,14.0,0.0,tiki_169206834,tiki
4.821428571428571,28,0.0,0,0,1,0.0,0.0,negative,14.0,0.0,tiki_50448609,tiki
4.785714285714286,28,0.0,0,0,1,0.0,0.0,negative,14.0,0.0,tiki_34743855,tiki
4.785714285714286,28,0.0,0,0,1,0.0,0.0,negative,14.0,0.0,tiki_95064707,tiki
4.535714285714286,28,0.0,0,0,1,0.0,0.0,negative,14.0,0.0,tiki_67269548,tiki
4.535714285714286,28,0.0,0,0,1,0.0,0.0,negative,14.0,0.0,tiki_138831256,tiki
4.964285714285714,28,0.0,0,0,1,0.0,0.0,negative,14.0,0.0,tiki_13856038,tiki
4.714285714285714,28,0.0,0,0,1,0.0,0.0,negative,14.0,0.0,tiki_101891086,tiki
4.142857142857143,28,0.0,0,0,1,0.0,0.0,negative,14.0,0.0,tiki_132340643,tiki
4.785714285714286,28,0.0,0,0,1,0.0,0.0,negative,14.0,0.0,tiki_263697457,tiki
4.857142857142857,28,0.0,0,0,1,0.0,0.0,negative,14.0,0.0,tiki_74309855,tiki
4.892857142857143,28,0.0,0,0,1,0.0,0.0,negative,14.0,0.0,tiki_20555379,tiki
4.857142857142857,28,0.0,0,0,1,0.0,0.0,negative,14.0,0.0,tiki_135754578,tiki
4.178571428571429,28,0.0,0,0,1,0.0,0.0,negative,14.0,0.0,tiki_125803989,tiki
4.296296296296297,27,0.0,0,0,1,0.0,0.0,negative,13.5,0.0,tiki_39146110,tiki
4.148148148148148,27,0.0,0,0,1,0.0,0.0,negative,13.5,0.0,tiki_48873331,tiki
4.851851851851852,27,0.0,0,0,1,0.0,0.0,negative,13.5,0.0,tiki_47510162,tiki
4.481481481481482,27,0.0,0,0,1,0.0,0.0,negative,13.5,0.0,tiki_275263463,tiki
4.481481481481482,27,0.0,0,0,1,0.0,0.0,negative,13.5,0.0,tiki_124089282,tiki
4.296296296296297,27,0.0,0,0,1,0.0,0.0,negative,13.5,0.0,tiki_9949242,tiki
4.814814814814815,27,0.0,0,0,1,0.0,0.0,negative,13.5,0.0,tiki_93878483,tiki
3.814814814814815,27,0.0,0,0,1,0.0,0.0,negative,13.5,0.0,tiki_90088838,tiki
4.25925925925926,27,0.0,0,0,1,0.0,0.0,negative,13.5,0.0,tiki_47824458,tiki
4.444444444444445,27,0.0,0,0,1,0.0,0.0,negative,13.5,0.0,tiki_10651230,tiki
4.518518518518518,27,0.0,0,0,1,0.0,0.0,negative,13.5,0.0,tiki_71548903,tiki
4.25925925925926,27,0.0,0,0,1,0.0,0.0,negative,13.5,0.0,tiki_222707075,tiki
5.0,27,0.0,0,0,1,0.0,0.0,negative,13.5,0.0,tiki_115869784,tiki
4.481481481481482,27,0.0,0,0,1,0.0,0.0,negative,13.5,0.0,tiki_54639986,tiki
4.666666666666667,27,0.0,0,0,1,0.0,0.0,negative,13.5,0.0,tiki_181120107,tiki
4.653846153846154,26,0.0,0,0,1,0.0,0.0,negative,13.0,0.0,tiki_73914995,tiki
4.576923076923077,26,0.0,0,0,1,0.0,0.0,negative,13.0,0.0,tiki_15972578,tiki
4.961538461538462,26,0.0,0,0,1,0.0,0.0,negative,13.0,0.0,tiki_271804234,tiki
4.923076923076923,26,0.0,0,0,1,0.0,0.0,negative,13.0,0.0,tiki_195103768,tiki
4.6923076923076925,26,0.0,0,0,1,0.0,0.0,negative,13.0,0.0,tiki_104070115,tiki
4.153846153846154,26,0.0,0,0,1,0.0,0.0,negative,13.0,0.0,tiki_108684816,tiki
4.807692307692308,26,0.0,0,0,1,0.0,0.0,negative,13.0,0.0,tiki_93931233,tiki
4.269230769230769,26,0.0,0,0,1,0.0,0.0,negative,13.0,0.0,tiki_31513982,tiki
4.6923076923076925,26,0.0,0,0,1,0.0,0.0,negative,13.0,0.0,tiki_15686495,tiki
4.807692307692308,26,0.0,0,0,1,0.0,0.0,negative,13.0,0.0,tiki_59258217,tiki
4.807692307692308,26,0.0,0,0,1,0.0,0.0,negative,13.0,0.0,tiki_88792256,tiki
4.6923076923076925,26,0.0,0,0,1,0.0,0.0,negative,13.0,0.0,tiki_85255282,tiki
4.923076923076923,26,0.0,0,0,1,0.0,0.0,negative,13.0,0.0,tiki_36061934,tiki
4.6923076923076925,26,0.0,0,0,1,0.0,0.0,negative,13.0,0.0,tiki_177526513,tiki
2.3846153846153846,26,0.0,0,0,1,0.0,0.0,negative,13.0,0.0,tiki_111152877,tiki
4.6923076923076925,26,0.0,0,0,1,0.0,0.0,negative,13.0,0.0,tiki_50249362,tiki
4.076923076923077,26,0.0,0,0,1,0.0,0.0,negative,13.0,0.0,tiki_27905317,tiki
4.84,25,0.0,0,0,1,0.0,0.0,negative,12.5,0.0,tiki_177999486,tiki
4.2,25,0.0,0,0,1,0.0,0.0,negative,12.5,0.0,tiki_33478376,tiki
4.56,25,0.0,0,0,1,0.0,0.0,negative,12.5,0.0,tiki_6081021,tiki
3.84,25,0.0,0,0,1,0.0,0.0,negative,12.5,0.0,tiki_27943820,tiki
4.28,25,0.0,0,0,1,0.0,0.0,negative,12.5,0.0,tiki_131907817,tiki
4.6,25,0.0,0,0,1,0.0,0.0,negative,12.5,0.0,tiki_1402715,tiki
4.96,25,0.0,0,0,1,0.0,0.0,negative,12.5,0.0,tiki_106225670,tiki
4.68,25,0.0,0,0,1,0.0,0.0,negative,12.5,0.0,tiki_2405235,tiki
4.8,25,0.0,0,0,1,0.0,0.0,negative,12.5,0.0,tiki_573491,tiki
4.64,25,0.0,0,0,1,0.0,0.0,negative,12.5,0.0,tiki_248761700,tiki
4.4,25,0.0,0,0,1,0.0,0.0,negative,12.5,0.0,tiki_274638659,tiki
4.64,25,0.0,0,0,1,0.0,0.0,negative,12.5,0.0,tiki_8337495,tiki
4.64,25,0.0,0,0,1,0.0,0.0,negative,12.5,0.0,tiki_1057432,tiki
5.0,25,0.0,0,0,1,0.0,0.0,negative,12.5,0.0,tiki_3529961,tiki
4.583333333333333,24,0.0,0,0,1,0.0,0.0,negative,12.0,0.0,tiki_35277311,tiki
4.791666666666667,24,0.0,0,0,1,0.0,0.0,negative,12.0,0.0,tiki_89045707,tiki
4.625,24,0.0,0,0,1,0.0,0.0,negative,12.0,0.0,tiki_101732085,tiki
4.875,24,0.0,0,0,1,0.0,0.0,negative,12.0,0.0,tiki_114447971,tiki
4.75,24,0.0,0,0,1,0.0,0.0,negative,12.0,0.0,tiki_104465374,tiki
4.875,24,0.0,0,0,1,0.0,0.0,negative,12.0,0.0,tiki_26061584,tiki
4.625,24,0.0,0,0,1,0.0,0.0,negative,12.0,0.0,tiki_56267522,tiki
4.625,24,0.0,0,0,1,0.0,0.0,negative,12.0,0.0,tiki_176213226,tiki
4.958333333333333,24,0.0,0,0,1,0.0,0.0,negative,12.0,0.0,tiki_34957247,tiki
4.791666666666667,24,0.0,0,0,1,0.0,0.0,negative,12.0,0.0,tiki_179509249,tiki
3.7916666666666665,24,0.0,0,0,1,0.0,0.0,negative,12.0,0.0,tiki_13579555,tiki
4.875,24,0.0,0,0,1,0.0,0.0,negative,12.0,0.0,tiki_20029832,tiki
4.458333333333333,24,0.0,0,0,1,0.0,0.0,negative,12.0,0.0,tiki_155764001,tiki
4.416666666666667,24,0.0,0,0,1,0.0,0.0,negative,12.0,0.0,tiki_428856,tiki
4.875,24,0.0,0,0,1,0.0,0.0,negative,12.0,0.0,tiki_11502559,tiki
4.173913043478261,23,0.0,0,0,1,0.0,0.0,negative,11.5,0.0,tiki_12113473,tiki
4.782608695652174,23,0.0,0,0,1,0.0,0.0,negative,11.5,0.0,tiki_207256595,tiki
4.434782608695652,23,0.0,0,0,1,0.0,0.0,negative,11.5,0.0,tiki_250055371,tiki
4.826086956521739,23,0.0,0,0,1,0.0,0.0,negative,11.5,0.0,tiki_162593187,tiki
4.652173913043479,23,0.0,0,0,1,0.0,0.0,negative,11.5,0.0,tiki_566338,tiki
4.869565217391305,23,0.0,0,0,1,0.0,0.0,negative,11.5,0.0,tiki_1694141,tiki
4.130434782608695,23,0.0,0,0,1,0.0,0.0,negative,11.5,0.0,tiki_151532597,tiki
4.782608695652174,23,0.0,0,0,1,0.0,0.0,negative,11.5,0.0,tiki_54425410,tiki
4.913043478260869,23,0.0,0,0,1,0.0,0.0,negative,11.5,0.0,tiki_195660422,tiki
4.565217391304348,23,0.0,0,0,1,0.0,0.0,negative,11.5,0.0,tiki_417859,tiki
4.043478260869565,23,0.0,0,0,1,0.0,0.0,negative,11.5,0.0,tiki_880512,tiki
4.173913043478261,23,0.0,0,0,1,0.0,0.0,negative,11.5,0.0,tiki_13607807,tiki
4.652173913043479,23,0.0,0,0,1,0.0,0.0,negative,11.5,0.0,tiki_59463514,tiki
4.391304347826087,23,0.0,0,0,1,0.0,0.0,negative,11.5,0.0,tiki_73368859,tiki
4.391304347826087,23,0.0,0,0,1,0.0,0.0,negative,11.5,0.0,tiki_464218,tiki
4.913043478260869,23,0.0,0,0,1,0.0,0.0,negative,11.5,0.0,tiki_75143930,tiki
4.608695652173913,23,0.0,0,0,1,0.0,0.0,negative,11.5,0.0,tiki_36044335,tiki
3.5217391304347827,23,0.0,0,0,1,0.0,0.0,negative,11.5,0.0,tiki_42352283,tiki
4.608695652173913,23,0.0,0,0,1,0.0,0.0,negative,11.5,0.0,tiki_271791656,tiki
4.913043478260869,23,0.0,0,0,1,0.0,0.0,negative,11.5,0.0,tiki_226552005,tiki
5.0,22,0.0,0,0,1,0.0,0.0,negative,11.0,0.0,tiki_183535545,tiki
4.5,22,0.0,0,0,1,0.0,0.0,negative,11.0,0.0,tiki_25625724,tiki
4.636363636363637,22,0.0,0,0,1,0.0,0.0,negative,11.0,0.0,tiki_174673994,tiki
4.227272727272728,22,0.0,0,0,1,0.0,0.0,negative,11.0,0.0,tiki_533014,tiki
4.636363636363637,22,0.0,0,0,1,0.0,0.0,negative,11.0,0.0,tiki_275174880,tiki
4.5,22,0.0,0,0,1,0.0,0.0,negative,11.0,0.0,tiki_19297933,tiki
4.909090909090909,22,0.0,0,0,1,0.0,0.0,negative,11.0,0.0,tiki_504743,tiki
4.0,22,0.0,0,0,1,0.0,0.0,negative,11.0,0.0,tiki_32833167,tiki
4.954545454545454,22,0.0,0,0,1,0.0,0.0,negative,11.0,0.0,tiki_106225707,tiki
4.181818181818182,22,0.0,0,0,1,0.0,0.0,negative,11.0,0.0,tiki_52663949,tiki
4.863636363636363,22,0.0,0,0,1,0.0,0.0,negative,11.0,0.0,tiki_73437505,tiki
4.818181818181818,22,0.0,0,0,1,0.0,0.0,negative,11.0,0.0,tiki_50475523,tiki
4.545454545454546,22,0.0,0,0,1,0.0,0.0,negative,11.0,0.0,tiki_117399207,tiki
4.7727272727272725,22,0.0,0,0,1,0.0,0.0,negative,11.0,0.0,tiki_198224201,tiki
4.809523809523809,21,0.0,0,0,1,0.0,0.0,negative,10.5,0.0,tiki_58699493,tiki
4.571428571428571,21,0.0,0,0,1,0.0,0.0,negative,10.5,0.0,tiki_136820109,tiki
4.238095238095238,21,0.0,0,0,1,0.0,0.0,negative,10.5,0.0,tiki_90524995,tiki
4.666666666666667,21,0.0,0,0,1,0.0,0.0,negative,10.5,0.0,tiki_31207496,tiki
4.9523809523809526,21,0.0,0,0,1,0.0,0.0,negative,10.5,0.0,tiki_193994147,tiki
4.714285714285714,21,0.0,0,0,1,0.0,0.0,negative,10.5,0.0,tiki_186242839,tiki
4.428571428571429,21,0.0,0,0,1,0.0,0.0,negative,10.5,0.0,tiki_192986165,tiki
4.523809523809524,21,0.0,0,0,1,0.0,0.0,negative,10.5,0.0,tiki_193005797,tiki
5.0,21,0.0,0,0,1,0.0,0.0,negative,10.5,0.0,tiki_173971776,tiki
2.8095238095238093,21,0.0,0,0,1,0.0,0.0,negative,10.5,0.0,tiki_17452921,tiki
4.666666666666667,21,0.0,0,0,1,0.0,0.0,negative,10.5,0.0,tiki_214928785,tiki
4.619047619047619,21,0.0,0,0,1,0.0,0.0,negative,10.5,0.0,tiki_33543719,tiki
4.142857142857143,21,0.0,0,0,1,0.0,0.0,negative,10.5,0.0,tiki_179911051,tiki
4.904761904761905,21,0.0,0,0,1,0.0,0.0,negative,10.5,0.0,tiki_198925135,tiki
4.476190476190476,21,0.0,0,0,1,0.0,0.0,negative,10.5,0.0,tiki_97539286,tiki
3.4761904761904763,21,0.0,0,0,1,0.0,0.0,negative,10.5,0.0,tiki_9344611,tiki
4.9523809523809526,21,0.0,0,0,1,0.0,0.0,negative,10.5,0.0,tiki_20700687,tiki
4.9523809523809526,21,0.0,0,0,1,0.0,0.0,negative,10.5,0.0,tiki_70894746,tiki
5.0,21,0.0,0,0,1,0.0,0.0,negative,10.5,0.0,tiki_191314537,tiki
4.809523809523809,21,0.0,0,0,1,0.0,0.0,negative,10.5,0.0,tiki_271312499,tiki
4.285714285714286,21,0.0,0,0,1,0.0,0.0,negative,10.5,0.0,tiki_276111530,tiki
4.8,20,0.0,0,0,1,0.0,0.0,negative,10.0,0.0,tiki_172369953,tiki
4.8,20,0.0,0,0,1,0.0,0.0,negative,10.0,0.0,tiki_381549,tiki
5.0,20,0.0,0,0,1,0.0,0.0,negative,10.0,0.0,tiki_93211090,tiki
4.8,20,0.0,0,0,1,0.0,0.0,negative,10.0,0.0,tiki_2825521,tiki
4.9,20,0.0,0,0,1,0.0,0.0,negative,10.0,0.0,tiki_53348016,tiki
4.65,20,0.0,0,0,1,0.0,0.0,negative,10.0,0.0,tiki_26739673,tiki
4.7,20,0.0,0,0,1,0.0,0.0,negative,10.0,0.0,tiki_19904122,tiki
4.85,20,0.0,0,0,1,0.0,0.0,negative,10.0,0.0,tiki_107355310,tiki
4.7,20,0.0,0,0,1,0.0,0.0,negative,10.0,0.0,tiki_262386218,tiki
3.7,20,0.0,0,0,1,0.0,0.0,negative,10.0,0.0,tiki_8183978,tiki
4.9,20,0.0,0,0,1,0.0,0.0,negative,10.0,0.0,tiki_6201975,tiki
4.55,20,0.0,0,0,1,0.0,0.0,negative,10.0,0.0,tiki_144201636,tiki
4.5,20,0.0,0,0,1,0.0,0.0,negative,10.0,0.0,tiki_191375629,tiki
4.7,20,0.0,0,0,1,0.0,0.0,negative,10.0,0.0,tiki_129710044,tiki
4.55,20,0.0,0,0,1,0.0,0.0,negative,10.0,0.0,tiki_816856,tiki
3.7,20,0.0,0,0,1,0.0,0.0,negative,10.0,0.0,tiki_20027310,tiki
4.05,20,0.0,0,0,1,0.0,0.0,negative,10.0,0.0,tiki_108684893,tiki
4.7,20,0.0,0,0,1,0.0,0.0,negative,10.0,0.0,tiki_91419389,tiki
4.75,20,0.0,0,0,1,0.0,0.0,negative,10.0,0.0,tiki_72639901,tiki
4.75,20,0.0,0,0,1,0.0,0.0,negative,10.0,0.0,tiki_480044,tiki
4.85,20,0.0,0,0,1,0.0,0.0,negative,10.0,0.0,tiki_275263278,tiki
4.65,20,0.0,0,0,1,0.0,0.0,negative,10.0,0.0,tiki_21368119,tiki
4.9,20,0.0,0,0,1,0.0,0.0,negative,10.0,0.0,tiki_201359203,tiki
4.9,20,0.0,0,0,1,0.0,0.0,negative,10.0,0.0,tiki_263513296,tiki
5.0,20,0.0,0,0,1,0.0,0.0,negative,10.0,0.0,tiki_214186188,tiki
4.0,20,0.0,0,0,1,0.0,0.0,negative,10.0,0.0,tiki_11251770,tiki
4.631578947368421,19,0.0,0,0,1,0.0,0.0,negative,9.5,0.0,tiki_2126451,tiki
4.947368421052632,19,0.0,0,0,1,0.0,0.0,negative,9.5,0.0,tiki_275425047,tiki
4.368421052631579,19,0.0,0,0,1,0.0,0.0,negative,9.5,0.0,tiki_16729928,tiki
4.7368421052631575,19,0.0,0,0,1,0.0,0.0,negative,9.5,0.0,tiki_122163415,tiki
4.894736842105263,19,0.0,0,0,1,0.0,0.0,negative,9.5,0.0,tiki_275946564,tiki
4.7368421052631575,19,0.0,0,0,1,0.0,0.0,negative,9.5,0.0,tiki_97057251,tiki
4.684210526315789,19,0.0,0,0,1,0.0,0.0,negative,9.5,0.0,tiki_275576583,tiki
4.894736842105263,19,0.0,0,0,1,0.0,0.0,negative,9.5,0.0,tiki_16686228,tiki
4.7368421052631575,19,0.0,0,0,1,0.0,0.0,negative,9.5,0.0,tiki_514184,tiki
4.105263157894737,19,0.0,0,0,1,0.0,0.0,negative,9.5,0.0,tiki_6086647,tiki
4.7368421052631575,19,0.0,0,0,1,0.0,0.0,negative,9.5,0.0,tiki_99983818,tiki
4.7368421052631575,19,0.0,0,0,1,0.0,0.0,negative,9.5,0.0,tiki_213491413,tiki
4.2631578947368425,19,0.0,0,0,1,0.0,0.0,negative,9.5,0.0,tiki_52481908,tiki
4.526315789473684,19,0.0,0,0,1,0.0,0.0,negative,9.5,0.0,tiki_174942957,tiki
4.789473684210527,19,0.0,0,0,1,0.0,0.0,negative,9.5,0.0,tiki_41668123,tiki
4.2631578947368425,19,0.0,0,0,1,0.0,0.0,negative,9.5,0.0,tiki_113264542,tiki
4.7368421052631575,19,0.0,0,0,1,0.0,0.0,negative,9.5,0.0,tiki_14379221,tiki
4.578947368421052,19,0.0,0,0,1,0.0,0.0,negative,9.5,0.0,tiki_271584453,tiki
5.0,19,0.0,0,0,1,0.0,0.0,negative,9.5,0.0,tiki_157345827,tiki
4.842105263157895,19,0.0,0,0,1,0.0,0.0,negative,9.5,0.0,tiki_160906816,tiki
3.842105263157895,19,0.0,0,0,1,0.0,0.0,negative,9.5,0.0,tiki_23014144,tiki
4.0,19,0.0,0,0,1,0.0,0.0,negative,9.5,0.0,tiki_8142537,tiki
4.789473684210527,19,0.0,0,0,1,0.0,0.0,negative,9.5,0.0,tiki_23405315,tiki
4.388888888888889,18,0.0,0,0,1,0.0,0.0,negative,9.0,0.0,tiki_466179,tiki
4.611111111111111,18,0.0,0,0,1,0.0,0.0,negative,9.0,0.0,tiki_128676965,tiki
4.944444444444445,18,0.0,0,0,1,0.0,0.0,negative,9.0,0.0,tiki_112944555,tiki
4.722222222222222,18,0.0,0,0,1,0.0,0.0,negative,9.0,0.0,tiki_59470895,tiki
4.277777777777778,18,0.0,0,0,1,0.0,0.0,negative,9.0,0.0,tiki_143937259,tiki
4.166666666666667,18,0.0,0,0,1,0.0,0.0,negative,9.0,0.0,tiki_6069755,tiki
4.555555555555555,18,0.0,0,0,1,0.0,0.0,negative,9.0,0.0,tiki_119024677,tiki
4.555555555555555,18,0.0,0,0,1,0.0,0.0,negative,9.0,0.0,tiki_50249394,tiki
4.388888888888889,18,0.0,0,0,1,0.0,0.0,negative,9.0,0.0,tiki_63837859,tiki
4.444444444444445,18,0.0,0,0,1,0.0,0.0,negative,9.0,0.0,tiki_9530987,tiki
5.0,18,0.0,0,0,1,0.0,0.0,negative,9.0,0.0,tiki_179980871,tiki
4.722222222222222,18,0.0,0,0,1,0.0,0.0,negative,9.0,0.0,tiki_35790754,tiki
4.555555555555555,18,0.0,0,0,1,0.0,0.0,negative,9.0,0.0,tiki_57512265,tiki
4.944444444444445,18,0.0,0,0,1,0.0,0.0,negative,9.0,0.0,tiki_164213695,tiki
4.666666666666667,18,0.0,0,0,1,0.0,0.0,negative,9.0,0.0,tiki_57333108,tiki
4.722222222222222,18,0.0,0,0,1,0.0,0.0,negative,9.0,0.0,tiki_22634353,tiki
4.5,18,0.0,0,0,1,0.0,0.0,negative,9.0,0.0,tiki_209129024,tiki
4.444444444444445,18,0.0,0,0,1,0.0,0.0,negative,9.0,0.0,tiki_117775885,tiki
4.388888888888889,18,0.0,0,0,1,0.0,0.0,negative,9.0,0.0,tiki_1403933,tiki
4.666666666666667,18,0.0,0,0,1,0.0,0.0,negative,9.0,0.0,tiki_188080564,tiki
4.166666666666667,18,0.0,0,0,1,0.0,0.0,negative,9.0,0.0,tiki_101887706,tiki
5.0,18,0.0,0,0,1,0.0,0.0,negative,9.0,0.0,tiki_277777809,tiki
4.555555555555555,18,0.0,0,0,1,0.0,0.0,negative,9.0,0.0,tiki_24998121,tiki
4.166666666666667,18,0.0,0,0,1,0.0,0.0,negative,9.0,0.0,tiki_270974477,tiki
4.944444444444445,18,0.0,0,0,1,0.0,0.0,negative,9.0,0.0,tiki_31517821,tiki
4.333333333333333,18,0.0,0,0,1,0.0,0.0,negative,9.0,0.0,tiki_90115521,tiki
4.888888888888889,18,0.0,0,0,1,0.0,0.0,negative,9.0,0.0,tiki_191322209,tiki
4.111111111111111,18,0.0,0,0,1,0.0,0.0,negative,9.0,0.0,tiki_26735584,tiki
4.333333333333333,18,0.0,0,0,1,0.0,0.0,negative,9.0,0.0,tiki_275588109,tiki
4.666666666666667,18,0.0,0,0,1,0.0,0.0,negative,9.0,0.0,tiki_109088549,tiki
4.5,18,0.0,0,0,1,0.0,0.0,negative,9.0,0.0,tiki_871690,tiki
4.333333333333333,18,0.0,0,0,1,0.0,0.0,negative,9.0,0.0,tiki_11227917,tiki
3.5,18,0.0,0,0,1,0.0,0.0,negative,9.0,0.0,tiki_42932264,tiki
4.888888888888889,18,0.0,0,0,1,0.0,0.0,negative,9.0,0.0,tiki_81790995,tiki
4.388888888888889,18,0.0,0,0,1,0.0,0.0,negative,9.0,0.0,tiki_79458016,tiki
4.777777777777778,18,0.0,0,0,1,0.0,0.0,negative,9.0,0.0,tiki_81790991,tiki
4.444444444444445,18,0.0,0,0,1,0.0,0.0,negative,9.0,0.0,tiki_275913708,tiki
4.777777777777778,18,0.0,0,0,1,0.0,0.0,negative,9.0,0.0,tiki_16440469,tiki
4.833333333333333,18,0.0,0,0,1,0.0,0.0,negative,9.0,0.0,tiki_81613252,tiki
4.055555555555555,18,0.0,0,0,1,0.0,0.0,negative,9.0,0.0,tiki_44121461,tiki
4.0588235294117645,17,0.0,0,0,1,0.0,0.0,negative,8.5,0.0,tiki_273916258,tiki
4.764705882352941,17,0.0,0,0,1,0.0,0.0,negative,8.5,0.0,tiki_52850326,tiki
4.941176470588236,17,0.0,0,0,1,0.0,0.0,negative,8.5,0.0,tiki_175413559,tiki
4.882352941176471,17,0.0,0,0,1,0.0,0.0,negative,8.5,0.0,tiki_201567874,tiki
4.941176470588236,17,0.0,0,0,1,0.0,0.0,negative,8.5,0.0,tiki_38494724,tiki
4.764705882352941,17,0.0,0,0,1,0.0,0.0,negative,8.5,0.0,tiki_58971680,tiki
4.529411764705882,17,0.0,0,0,1,0.0,0.0,negative,8.5,0.0,tiki_9383944,tiki
4.764705882352941,17,0.0,0,0,1,0.0,0.0,negative,8.5,0.0,tiki_23142193,tiki
4.647058823529412,17,0.0,0,0,1,0.0,0.0,negative,8.5,0.0,tiki_405664,tiki
4.235294117647059,17,0.0,0,0,1,0.0,0.0,negative,8.5,0.0,tiki_198231345,tiki
4.294117647058823,17,0.0,0,0,1,0.0,0.0,negative,8.5,0.0,tiki_128615836,tiki
4.764705882352941,17,0.0,0,0,1,0.0,0.0,negative,8.5,0.0,tiki_190657950,tiki
4.705882352941177,17,0.0,0,0,1,0.0,0.0,negative,8.5,0.0,tiki_20028305,tiki
4.0,17,0.0,0,0,1,0.0,0.0,negative,8.5,0.0,tiki_9791368,tiki
5.0,17,0.0,0,0,1,0.0,0.0,negative,8.5,0.0,tiki_185191998,tiki
4.352941176470588,17,0.0,0,0,1,0.0,0.0,negative,8.5,0.0,tiki_35448476,tiki
4.235294117647059,17,0.0,0,0,1,0.0,0.0,negative,8.5,0.0,tiki_44764337,tiki
4.235294117647059,17,0.0,0,0,1,0.0,0.0,negative,8.5,0.0,tiki_127776665,tiki
4.941176470588236,17,0.0,0,0,1,0.0,0.0,negative,8.5,0.0,tiki_83878709,tiki
4.647058823529412,17,0.0,0,0,1,0.0,0.0,negative,8.5,0.0,tiki_50248646,tiki
4.705882352941177,17,0.0,0,0,1,0.0,0.0,negative,8.5,0.0,tiki_9966450,tiki
3.941176470588236,17,0.0,0,0,1,0.0,0.0,negative,8.5,0.0,tiki_203898025,tiki
4.882352941176471,17,0.0,0,0,1,0.0,0.0,negative,8.5,0.0,tiki_257847342,tiki
4.588235294117647,17,0.0,0,0,1,0.0,0.0,negative,8.5,0.0,tiki_14374557,tiki
4.647058823529412,17,0.0,0,0,1,0.0,0.0,negative,8.5,0.0,tiki_31547542,tiki
4.941176470588236,17,0.0,0,0,1,0.0,0.0,negative,8.5,0.0,tiki_187622818,tiki
4.647058823529412,17,0.0,0,0,1,0.0,0.0,negative,8.5,0.0,tiki_101778693,tiki
4.470588235294118,17,0.0,0,0,1,0.0,0.0,negative,8.5,0.0,tiki_66528840,tiki
4.647058823529412,17,0.0,0,0,1,0.0,0.0,negative,8.5,0.0,tiki_179981262,tiki
4.705882352941177,17,0.0,0,0,1,0.0,0.0,negative,8.5,0.0,tiki_55433759,tiki
4.764705882352941,17,0.0,0,0,1,0.0,0.0,negative,8.5,0.0,tiki_191719735,tiki
4.647058823529412,17,0.0,0,0,1,0.0,0.0,negative,8.5,0.0,tiki_72713759,tiki
4.75,16,0.0,0,0,1,0.0,0.0,negative,8.0,0.0,tiki_19274773,tiki
4.75,16,0.0,0,0,1,0.0,0.0,negative,8.0,0.0,tiki_7377711,tiki
4.875,16,0.0,0,0,1,0.0,0.0,negative,8.0,0.0,tiki_55672160,tiki
4.875,16,0.0,0,0,1,0.0,0.0,negative,8.0,0.0,tiki_11259255,tiki
4.8125,16,0.0,0,0,1,0.0,0.0,negative,8.0,0.0,tiki_179573066,tiki
4.875,16,0.0,0,0,1,0.0,0.0,negative,8.0,0.0,tiki_35349864,tiki
4.25,16,0.0,0,0,1,0.0,0.0,negative,8.0,0.0,tiki_933261,tiki
4.875,16,0.0,0,0,1,0.0,0.0,negative,8.0,0.0,tiki_272111582,tiki
4.9375,16,0.0,0,0,1,0.0,0.0,negative,8.0,0.0,tiki_146274149,tiki
3.5625,16,0.0,0,0,1,0.0,0.0,negative,8.0,0.0,tiki_13307528,tiki
4.9375,16,0.0,0,0,1,0.0,0.0,negative,8.0,0.0,tiki_133676032,tiki
4.1875,16,0.0,0,0,1,0.0,0.0,negative,8.0,0.0,tiki_159646259,tiki
3.6875,16,0.0,0,0,1,0.0,0.0,negative,8.0,0.0,tiki_574037,tiki
4.625,16,0.0,0,0,1,0.0,0.0,negative,8.0,0.0,tiki_2076085,tiki
4.9375,16,0.0,0,0,1,0.0,0.0,negative,8.0,0.0,tiki_179981121,tiki
3.8125,16,0.0,0,0,1,0.0,0.0,negative,8.0,0.0,tiki_75640644,tiki
4.5,16,0.0,0,0,1,0.0,0.0,negative,8.0,0.0,tiki_248689989,tiki
4.875,16,0.0,0,0,1,0.0,0.0,negative,8.0,0.0,tiki_19740306,tiki
4.6875,16,0.0,0,0,1,0.0,0.0,negative,8.0,0.0,tiki_66576238,tiki
3.625,16,0.0,0,0,1,0.0,0.0,negative,8.0,0.0,tiki_1535105,tiki
3.9375,16,0.0,0,0,1,0.0,0.0,negative,8.0,0.0,tiki_96088765,tiki
4.8125,16,0.0,0,0,1,0.0,0.0,negative,8.0,0.0,tiki_39270528,tiki
4.5625,16,0.0,0,0,1,0.0,0.0,negative,8.0,0.0,tiki_117074375,tiki
4.8125,16,0.0,0,0,1,0.0,0.0,negative,8.0,0.0,tiki_275197306,tiki
4.9375,16,0.0,0,0,1,0.0,0.0,negative,8.0,0.0,tiki_262662802,tiki
4.4375,16,0.0,0,0,1,0.0,0.0,negative,8.0,0.0,tiki_54815283,tiki
4.875,16,0.0,0,0,1,0.0,0.0,negative,8.0,0.0,tiki_185500892,tiki
4.75,16,0.0,0,0,1,0.0,0.0,negative,8.0,0.0,tiki_217439540,tiki
4.875,16,0.0,0,0,1,0.0,0.0,negative,8.0,0.0,tiki_151597435,tiki
4.4375,16,0.0,0,0,1,0.0,0.0,negative,8.0,0.0,tiki_36831833,tiki
4.9375,16,0.0,0,0,1,0.0,0.0,negative,8.0,0.0,tiki_72886104,tiki
4.75,16,0.0,0,0,1,0.0,0.0,negative,8.0,0.0,tiki_52286599,tiki
4.5625,16,0.0,0,0,1,0.0,0.0,negative,8.0,0.0,tiki_2809369,tiki
4.733333333333333,15,0.0,0,0,1,0.0,0.0,negative,7.5,0.0,tiki_147762404,tiki
4.2,15,0.0,0,0,1,0.0,0.0,negative,7.5,0.0,tiki_52065093,tiki
4.8,15,0.0,0,0,1,0.0,0.0,negative,7.5,0.0,tiki_58134516,tiki
3.1333333333333333,15,0.0,0,0,1,0.0,0.0,negative,7.5,0.0,tiki_21405896,tiki
4.933333333333334,15,0.0,0,0,1,0.0,0.0,negative,7.5,0.0,tiki_96556462,tiki
4.866666666666666,15,0.0,0,0,1,0.0,0.0,negative,7.5,0.0,tiki_19789825,tiki
4.4,15,0.0,0,0,1,0.0,0.0,negative,7.5,0.0,tiki_45869161,tiki
4.666666666666667,15,0.0,0,0,1,0.0,0.0,negative,7.5,0.0,tiki_223956658,tiki
4.533333333333333,15,0.0,0,0,1,0.0,0.0,negative,7.5,0.0,tiki_3014007,tiki
4.666666666666667,15,0.0,0,0,1,0.0,0.0,negative,7.5,0.0,tiki_103379146,tiki
4.733333333333333,15,0.0,0,0,1,0.0,0.0,negative,7.5,0.0,tiki_191655887,tiki
4.8,15,0.0,0,0,1,0.0,0.0,negative,7.5,0.0,tiki_272227021,tiki
4.866666666666666,15,0.0,0,0,1,0.0,0.0,negative,7.5,0.0,tiki_170490704,tiki
4.866666666666666,15,0.0,0,0,1,0.0,0.0,negative,7.5,0.0,tiki_20700678,tiki
4.533333333333333,15,0.0,0,0,1,0.0,0.0,negative,7.5,0.0,tiki_262454759,tiki
5.0,15,0.0,0,0,1,0.0,0.0,negative,7.5,0.0,tiki_195660419,tiki
4.933333333333334,15,0.0,0,0,1,0.0,0.0,negative,7.5,0.0,tiki_188686488,tiki
4.933333333333334,15,0.0,0,0,1,0.0,0.0,negative,7.5,0.0,tiki_275171088,tiki
4.933333333333334,15,0.0,0,0,1,0.0,0.0,negative,7.5,0.0,tiki_110151473,tiki
4.666666666666667,15,0.0,0,0,1,0.0,0.0,negative,7.5,0.0,tiki_50091717,tiki
4.866666666666666,15,0.0,0,0,1,0.0,0.0,negative,7.5,0.0,tiki_56267572,tiki
4.466666666666667,15,0.0,0,0,1,0.0,0.0,negative,7.5,0.0,tiki_35289782,tiki
4.533333333333333,15,0.0,0,0,1,0.0,0.0,negative,7.5,0.0,tiki_52671291,tiki
4.866666666666666,15,0.0,0,0,1,0.0,0.0,negative,7.5,0.0,tiki_95225506,tiki
3.533333333333333,15,0.0,0,0,1,0.0,0.0,negative,7.5,0.0,tiki_7820704,tiki
4.666666666666667,15,0.0,0,0,1,0.0,0.0,negative,7.5,0.0,tiki_1028327,tiki
4.133333333333334,15,0.0,0,0,1,0.0,0.0,negative,7.5,0.0,tiki_91272444,tiki
4.466666666666667,15,0.0,0,0,1,0.0,0.0,negative,7.5,0.0,tiki_198542089,tiki
5.0,15,0.0,0,0,1,0.0,0.0,negative,7.5,0.0,tiki_106225722,tiki
4.857142857142857,14,0.0,0,0,1,0.0,0.0,negative,7.0,0.0,tiki_55284984,tiki
4.785714285714286,14,0.0,0,0,1,0.0,0.0,negative,7.0,0.0,tiki_25552398,tiki
4.5,14,0.0,0,0,1,0.0,0.0,negative,7.0,0.0,tiki_263450978,tiki
3.928571428571429,14,0.0,0,0,1,0.0,0.0,negative,7.0,0.0,tiki_165226391,tiki
4.642857142857143,14,0.0,0,0,1,0.0,0.0,negative,7.0,0.0,tiki_205968146,tiki
3.4285714285714284,14,0.0,0,0,1,0.0,0.0,negative,7.0,0.0,tiki_605432,tiki
3.571428571428572,14,0.0,0,0,1,0.0,0.0,negative,7.0,0.0,tiki_10074412,tiki
4.714285714285714,14,0.0,0,0,1,0.0,0.0,negative,7.0,0.0,tiki_360136,tiki
3.2142857142857144,14,0.0,0,0,1,0.0,0.0,negative,7.0,0.0,tiki_14612949,tiki
4.5,14,0.0,0,0,1,0.0,0.0,negative,7.0,0.0,tiki_1357543,tiki
4.857142857142857,14,0.0,0,0,1,0.0,0.0,negative,7.0,0.0,tiki_1007804,tiki
4.571428571428571,14,0.0,0,0,1,0.0,0.0,negative,7.0,0.0,tiki_23207679,tiki
4.571428571428571,14,0.0,0,0,1,0.0,0.0,negative,7.0,0.0,tiki_278679494,tiki
4.285714285714286,14,0.0,0,0,1,0.0,0.0,negative,7.0,0.0,tiki_568807,tiki
4.714285714285714,14,0.0,0,0,1,0.0,0.0,negative,7.0,0.0,tiki_39546767,tiki
4.071428571428571,14,0.0,0,0,1,0.0,0.0,negative,7.0,0.0,tiki_847445,tiki
4.714285714285714,14,0.0,0,0,1,0.0,0.0,negative,7.0,0.0,tiki_25272684,tiki
4.714285714285714,14,0.0,0,0,1,0.0,0.0,negative,7.0,0.0,tiki_38073019,tiki
3.5,14,0.0,0,0,1,0.0,0.0,negative,7.0,0.0,tiki_955408,tiki
4.357142857142857,14,0.0,0,0,1,0.0,0.0,negative,7.0,0.0,tiki_190702798,tiki
4.714285714285714,14,0.0,0,0,1,0.0,0.0,negative,7.0,0.0,tiki_152856683,tiki
4.928571428571429,14,0.0,0,0,1,0.0,0.0,negative,7.0,0.0,tiki_274927641,tiki
4.857142857142857,14,0.0,0,0,1,0.0,0.0,negative,7.0,0.0,tiki_275511413,tiki
4.5,14,0.0,0,0,1,0.0,0.0,negative,7.0,0.0,tiki_120034141,tiki
4.714285714285714,14,0.0,0,0,1,0.0,0.0,negative,7.0,0.0,tiki_93248723,tiki
4.5,14,0.0,0,0,1,0.0,0.0,negative,7.0,0.0,tiki_177942308,tiki
4.928571428571429,14,0.0,0,0,1,0.0,0.0,negative,7.0,0.0,tiki_6964171,tiki
5.0,14,0.0,0,0,1,0.0,0.0,negative,7.0,0.0,tiki_260811306,tiki
4.071428571428571,14,0.0,0,0,1,0.0,0.0,negative,7.0,0.0,tiki_109405411,tiki
4.928571428571429,14,0.0,0,0,1,0.0,0.0,negative,7.0,0.0,tiki_193372628,tiki
4.642857142857143,14,0.0,0,0,1,0.0,0.0,negative,7.0,0.0,tiki_55502712,tiki
4.285714285714286,14,0.0,0,0,1,0.0,0.0,negative,7.0,0.0,tiki_274919416,tiki
4.714285714285714,14,0.0,0,0,1,0.0,0.0,negative,7.0,0.0,tiki_50325821,tiki
5.0,14,0.0,0,0,1,0.0,0.0,negative,7.0,0.0,tiki_41549130,tiki
3.642857142857143,14,0.0,0,0,1,0.0,0.0,negative,7.0,0.0,tiki_85626454,tiki
4.857142857142857,14,0.0,0,0,1,0.0,0.0,negative,7.0,0.0,tiki_5812985,tiki
4.857142857142857,14,0.0,0,0,1,0.0,0.0,negative,7.0,0.0,tiki_566390,tiki
4.928571428571429,14,0.0,0,0,1,0.0,0.0,negative,7.0,0.0,tiki_260811341,tiki
4.857142857142857,14,0.0,0,0,1,0.0,0.0,negative,7.0,0.0,tiki_566384,tiki
4.428571428571429,14,0.0,0,0,1,0.0,0.0,negative,7.0,0.0,tiki_206944800,tiki
3.5,14,0.0,0,0,1,0.0,0.0,negative,7.0,0.0,tiki_55387101,tiki
4.928571428571429,14,0.0,0,0,1,0.0,0.0,negative,7.0,0.0,tiki_170727266,tiki
4.769230769230769,13,0.0,0,0,1,0.0,0.0,negative,6.5,0.0,tiki_65589313,tiki
4.230769230769231,13,0.0,0,0,1,0.0,0.0,negative,6.5,0.0,tiki_2066635,tiki
4.461538461538462,13,0.0,0,0,1,0.0,0.0,negative,6.5,0.0,tiki_205696307,tiki
4.846153846153846,13,0.0,0,0,1,0.0,0.0,negative,6.5,0.0,tiki_205685296,tiki
4.846153846153846,13,0.0,0,0,1,0.0,0.0,negative,6.5,0.0,tiki_33368669,tiki
4.615384615384615,13,0.0,0,0,1,0.0,0.0,negative,6.5,0.0,tiki_3556169,tiki
4.153846153846154,13,0.0,0,0,1,0.0,0.0,negative,6.5,0.0,tiki_1082282,tiki
4.6923076923076925,13,0.0,0,0,1,0.0,0.0,negative,6.5,0.0,tiki_16829399,tiki
4.0,13,0.0,0,0,1,0.0,0.0,negative,6.5,0.0,tiki_16314115,tiki
4.923076923076923,13,0.0,0,0,1,0.0,0.0,negative,6.5,0.0,tiki_43123016,tiki
4.615384615384615,13,0.0,0,0,1,0.0,0.0,negative,6.5,0.0,tiki_4740451,tiki
4.076923076923077,13,0.0,0,0,1,0.0,0.0,negative,6.5,0.0,tiki_275195798,tiki
4.538461538461538,13,0.0,0,0,1,0.0,0.0,negative,6.5,0.0,tiki_275178744,tiki
4.769230769230769,13,0.0,0,0,1,0.0,0.0,negative,6.5,0.0,tiki_50301619,tiki
4.6923076923076925,13,0.0,0,0,1,0.0,0.0,negative,6.5,0.0,tiki_5119899,tiki
4.384615384615385,13,0.0,0,0,1,0.0,0.0,negative,6.5,0.0,tiki_53453865,tiki
4.307692307692308,13,0.0,0,0,1,0.0,0.0,negative,6.5,0.0,tiki_55124565,tiki
4.307692307692308,13,0.0,0,0,1,0.0,0.0,negative,6.5,0.0,tiki_56313671,tiki
4.6923076923076925,13,0.0,0,0,1,0.0,0.0,negative,6.5,0.0,tiki_57243159,tiki
4.6923076923076925,13,0.0,0,0,1,0.0,0.0,negative,6.5,0.0,tiki_106225697,tiki
3.3076923076923075,13,0.0,0,0,1,0.0,0.0,negative,6.5,0.0,tiki_59383466,tiki
4.076923076923077,13,0.0,0,0,1,0.0,0.0,negative,6.5,0.0,tiki_271121025,tiki
4.846153846153846,13,0.0,0,0,1,0.0,0.0,negative,6.5,0.0,tiki_26460606,tiki
4.538461538461538,13,0.0,0,0,1,0.0,0.0,negative,6.5,0.0,tiki_78021198,tiki
4.307692307692308,13,0.0,0,0,1,0.0,0.0,negative,6.5,0.0,tiki_81292073,tiki
4.076923076923077,13,0.0,0,0,1,0.0,0.0,negative,6.5,0.0,tiki_26114420,tiki
5.0,13,0.0,0,0,1,0.0,0.0,negative,6.5,0.0,tiki_83878787,tiki
4.769230769230769,13,0.0,0,0,1,0.0,0.0,negative,6.5,0.0,tiki_13379255,tiki
4.769230769230769,13,0.0,0,0,1,0.0,0.0,negative,6.5,0.0,tiki_91251969,tiki
4.923076923076923,13,0.0,0,0,1,0.0,0.0,negative,6.5,0.0,tiki_131960857,tiki
4.846153846153846,13,0.0,0,0,1,0.0,0.0,negative,6.5,0.0,tiki_189169406,tiki
4.923076923076923,13,0.0,0,0,1,0.0,0.0,negative,6.5,0.0,tiki_2267779,tiki
5.0,13,0.0,0,0,1,0.0,0.0,negative,6.5,0.0,tiki_196851813,tiki
4.769230769230769,13,0.0,0,0,1,0.0,0.0,negative,6.5,0.0,tiki_1015858,tiki
4.615384615384615,13,0.0,0,0,1,0.0,0.0,negative,6.5,0.0,tiki_198792003,tiki
4.846153846153846,13,0.0,0,0,1,0.0,0.0,negative,6.5,0.0,tiki_1998419,tiki
5.0,13,0.0,0,0,1,0.0,0.0,negative,6.5,0.0,tiki_210510114,tiki
4.538461538461538,13,0.0,0,0,1,0.0,0.0,negative,6.5,0.0,tiki_201580891,tiki
4.333333333333333,12,0.0,0,0,1,0.0,0.0,negative,6.0,0.0,tiki_42686970,tiki
4.416666666666667,12,0.0,0,0,1,0.0,0.0,negative,6.0,0.0,tiki_847433,tiki
5.0,12,0.0,0,0,1,0.0,0.0,negative,6.0,0.0,tiki_76310047,tiki
4.833333333333333,12,0.0,0,0,1,0.0,0.0,negative,6.0,0.0,tiki_171232872,tiki
4.916666666666667,12,0.0,0,0,1,0.0,0.0,negative,6.0,0.0,tiki_273084814,tiki
4.583333333333333,12,0.0,0,0,1,0.0,0.0,negative,6.0,0.0,tiki_26354025,tiki
4.166666666666667,12,0.0,0,0,1,0.0,0.0,negative,6.0,0.0,tiki_59470906,tiki
4.916666666666667,12,0.0,0,0,1,0.0,0.0,negative,6.0,0.0,tiki_151597201,tiki
5.0,12,0.0,0,0,1,0.0,0.0,negative,6.0,0.0,tiki_263697509,tiki
4.666666666666667,12,0.0,0,0,1,0.0,0.0,negative,6.0,0.0,tiki_42839184,tiki
5.0,12,0.0,0,0,1,0.0,0.0,negative,6.0,0.0,tiki_119446361,tiki
5.0,12,0.0,0,0,1,0.0,0.0,negative,6.0,0.0,tiki_170165701,tiki
4.833333333333333,12,0.0,0,0,1,0.0,0.0,negative,6.0,0.0,tiki_13379335,tiki
4.666666666666667,12,0.0,0,0,1,0.0,0.0,negative,6.0,0.0,tiki_10695982,tiki
4.916666666666667,12,0.0,0,0,1,0.0,0.0,negative,6.0,0.0,tiki_59198833,tiki
4.833333333333333,12,0.0,0,0,1,0.0,0.0,negative,6.0,0.0,tiki_77447638,tiki
3.583333333333333,12,0.0,0,0,1,0.0,0.0,negative,6.0,0.0,tiki_1938013,tiki
4.5,12,0.0,0,0,1,0.0,0.0,negative,6.0,0.0,tiki_45034280,tiki
4.583333333333333,12,0.0,0,0,1,0.0,0.0,negative,6.0,0.0,tiki_209307301,tiki
4.916666666666667,12,0.0,0,0,1,0.0,0.0,negative,6.0,0.0,tiki_136191161,tiki
4.083333333333333,12,0.0,0,0,1,0.0,0.0,negative,6.0,0.0,tiki_45833650,tiki
4.75,12,0.0,0,0,1,0.0,0.0,negative,6.0,0.0,tiki_46825660,tiki
4.333333333333333,12,0.0,0,0,1,0.0,0.0,negative,6.0,0.0,tiki_58627849,tiki
4.833333333333333,12,0.0,0,0,1,0.0,0.0,negative,6.0,0.0,tiki_242715477,tiki
4.5,12,0.0,0,0,1,0.0,0.0,negative,6.0,0.0,tiki_275624210,tiki
4.083333333333333,12,0.0,0,0,1,0.0,0.0,negative,6.0,0.0,tiki_11965164,tiki
4.666666666666667,12,0.0,0,0,1,0.0,0.0,negative,6.0,0.0,tiki_102513019,tiki
4.916666666666667,12,0.0,0,0,1,0.0,0.0,negative,6.0,0.0,tiki_179980929,tiki
4.5,12,0.0,0,0,1,0.0,0.0,negative,6.0,0.0,tiki_275381161,tiki
4.5,12,0.0,0,0,1,0.0,0.0,negative,6.0,0.0,tiki_110647591,tiki
4.916666666666667,12,0.0,0,0,1,0.0,0.0,negative,6.0,0.0,tiki_24012824,tiki
4.666666666666667,12,0.0,0,0,1,0.0,0.0,negative,6.0,0.0,tiki_110447684,tiki
3.8333333333333335,12,0.0,0,0,1,0.0,0.0,negative,6.0,0.0,tiki_11313176,tiki
4.666666666666667,12,0.0,0,0,1,0.0,0.0,negative,6.0,0.0,tiki_277497609,tiki
4.916666666666667,12,0.0,0,0,1,0.0,0.0,negative,6.0,0.0,tiki_15479179,tiki
3.0,12,0.0,0,0,1,0.0,0.0,negative,6.0,0.0,tiki_23451950,tiki
4.916666666666667,12,0.0,0,0,1,0.0,0.0,negative,6.0,0.0,tiki_15271640,tiki
4.916666666666667,12,0.0,0,0,1,0.0,0.0,negative,6.0,0.0,tiki_341292,tiki
5.0,12,0.0,0,0,1,0.0,0.0,negative,6.0,0.0,tiki_192462641,tiki
4.666666666666667,12,0.0,0,0,1,0.0,0.0,negative,6.0,0.0,tiki_167350134,tiki
4.666666666666667,12,0.0,0,0,1,0.0,0.0,negative,6.0,0.0,tiki_183484134,tiki
4.666666666666667,12,0.0,0,0,1,0.0,0.0,negative,6.0,0.0,tiki_54497610,tiki
4.75,12,0.0,0,0,1,0.0,0.0,negative,6.0,0.0,tiki_71099236,tiki
4.666666666666667,12,0.0,0,0,1,0.0,0.0,negative,6.0,0.0,tiki_193116253,tiki
4.833333333333333,12,0.0,0,0,1,0.0,0.0,negative,6.0,0.0,tiki_212213559,tiki
4.75,12,0.0,0,0,1,0.0,0.0,negative,6.0,0.0,tiki_19898501,tiki
4.25,12,0.0,0,0,1,0.0,0.0,negative,6.0,0.0,tiki_123929019,tiki
3.6666666666666665,12,0.0,0,0,1,0.0,0.0,negative,6.0,0.0,tiki_689936,tiki
3.583333333333333,12,0.0,0,0,1,0.0,0.0,negative,6.0,0.0,tiki_68656523,tiki
3.5,12,0.0,0,0,1,0.0,0.0,negative,6.0,0.0,tiki_276308169,tiki
4.833333333333333,12,0.0,0,0,1,0.0,0.0,negative,6.0,0.0,tiki_87967204,tiki
5.0,12,0.0,0,0,1,0.0,0.0,negative,6.0,0.0,tiki_202961491,tiki
4.5,12,0.0,0,0,1,0.0,0.0,negative,6.0,0.0,tiki_412742,tiki
4.333333333333333,12,0.0,0,0,1,0.0,0.0,negative,6.0,0.0,tiki_42309404,tiki
4.916666666666667,12,0.0,0,0,1,0.0,0.0,negative,6.0,0.0,tiki_197628463,tiki
4.583333333333333,12,0.0,0,0,1,0.0,0.0,negative,6.0,0.0,tiki_252390163,tiki
4.363636363636363,11,0.0,0,0,1,0.0,0.0,negative,5.5,0.0,tiki_20064093,tiki
3.8181818181818175,11,0.0,0,0,1,0.0,0.0,negative,5.5,0.0,tiki_75767504,tiki
4.727272727272728,11,0.0,0,0,1,0.0,0.0,negative,5.5,0.0,tiki_185174097,tiki
3.909090909090909,11,0.0,0,0,1,0.0,0.0,negative,5.5,0.0,tiki_31238288,tiki
4.636363636363637,11,0.0,0,0,1,0.0,0.0,negative,5.5,0.0,tiki_1939921,tiki
4.818181818181818,11,0.0,0,0,1,0.0,0.0,negative,5.5,0.0,tiki_181977398,tiki
4.727272727272728,11,0.0,0,0,1,0.0,0.0,negative,5.5,0.0,tiki_173562980,tiki
4.909090909090909,11,0.0,0,0,1,0.0,0.0,negative,5.5,0.0,tiki_48304269,tiki
4.636363636363637,11,0.0,0,0,1,0.0,0.0,negative,5.5,0.0,tiki_215462171,tiki
4.909090909090909,11,0.0,0,0,1,0.0,0.0,negative,5.5,0.0,tiki_1315603,tiki
4.818181818181818,11,0.0,0,0,1,0.0,0.0,negative,5.5,0.0,tiki_42561582,tiki
3.636363636363636,11,0.0,0,0,1,0.0,0.0,negative,5.5,0.0,tiki_172904611,tiki
4.909090909090909,11,0.0,0,0,1,0.0,0.0,negative,5.5,0.0,tiki_56267690,tiki
4.909090909090909,11,0.0,0,0,1,0.0,0.0,negative,5.5,0.0,tiki_179936865,tiki
4.545454545454546,11,0.0,0,0,1,0.0,0.0,negative,5.5,0.0,tiki_262384684,tiki
4.818181818181818,11,0.0,0,0,1,0.0,0.0,negative,5.5,0.0,tiki_12515513,tiki
3.909090909090909,11,0.0,0,0,1,0.0,0.0,negative,5.5,0.0,tiki_206996344,tiki
4.454545454545454,11,0.0,0,0,1,0.0,0.0,negative,5.5,0.0,tiki_274841797,tiki
4.454545454545454,11,0.0,0,0,1,0.0,0.0,negative,5.5,0.0,tiki_96470884,tiki
5.0,11,0.0,0,0,1,0.0,0.0,negative,5.5,0.0,tiki_63199309,tiki
4.545454545454546,11,0.0,0,0,1,0.0,0.0,negative,5.5,0.0,tiki_193925997,tiki
4.454545454545454,11,0.0,0,0,1,0.0,0.0,negative,5.5,0.0,tiki_273715111,tiki
4.727272727272728,11,0.0,0,0,1,0.0,0.0,negative,5.5,0.0,tiki_74244053,tiki
4.454545454545454,11,0.0,0,0,1,0.0,0.0,negative,5.5,0.0,tiki_16686227,tiki
4.636363636363637,11,0.0,0,0,1,0.0,0.0,negative,5.5,0.0,tiki_74197330,tiki
4.363636363636363,11,0.0,0,0,1,0.0,0.0,negative,5.5,0.0,tiki_20498084,tiki
4.909090909090909,11,0.0,0,0,1,0.0,0.0,negative,5.5,0.0,tiki_55047877,tiki
4.454545454545454,11,0.0,0,0,1,0.0,0.0,negative,5.5,0.0,tiki_49715357,tiki
4.909090909090909,11,0.0,0,0,1,0.0,0.0,negative,5.5,0.0,tiki_54919590,tiki
3.636363636363636,11,0.0,0,0,1,0.0,0.0,negative,5.5,0.0,tiki_37939667,tiki
4.727272727272728,11,0.0,0,0,1,0.0,0.0,negative,5.5,0.0,tiki_546605,tiki
3.8181818181818175,11,0.0,0,0,1,0.0,0.0,negative,5.5,0.0,tiki_13692833,tiki
4.909090909090909,11,0.0,0,0,1,0.0,0.0,negative,5.5,0.0,tiki_270505040,tiki
5.0,11,0.0,0,0,1,0.0,0.0,negative,5.5,0.0,tiki_590929,tiki
4.363636363636363,11,0.0,0,0,1,0.0,0.0,negative,5.5,0.0,tiki_127052711,tiki
4.727272727272728,11,0.0,0,0,1,0.0,0.0,negative,5.5,0.0,tiki_208234887,tiki
4.454545454545454,11,0.0,0,0,1,0.0,0.0,negative,5.5,0.0,tiki_44579109,tiki
5.0,11,0.0,0,0,1,0.0,0.0,negative,5.5,0.0,tiki_185232573,tiki
4.636363636363637,11,0.0,0,0,1,0.0,0.0,negative,5.5,0.0,tiki_91998881,tiki
4.818181818181818,11,0.0,0,0,1,0.0,0.0,negative,5.5,0.0,tiki_119357179,tiki
4.545454545454546,11,0.0,0,0,1,0.0,0.0,negative,5.5,0.0,tiki_21078304,tiki
4.545454545454546,11,0.0,0,0,1,0.0,0.0,negative,5.5,0.0,tiki_122641533,tiki
4.363636363636363,11,0.0,0,0,1,0.0,0.0,negative,5.5,0.0,tiki_108092486,tiki
4.818181818181818,11,0.0,0,0,1,0.0,0.0,negative,5.5,0.0,tiki_263070152,tiki
4.181818181818182,11,0.0,0,0,1,0.0,0.0,negative,5.5,0.0,tiki_177767447,tiki
4.454545454545454,11,0.0,0,0,1,0.0,0.0,negative,5.5,0.0,tiki_13623645,tiki
4.909090909090909,11,0.0,0,0,1,0.0,0.0,negative,5.5,0.0,tiki_159058916,tiki
4.454545454545454,11,0.0,0,0,1,0.0,0.0,negative,5.5,0.0,tiki_36615457,tiki
4.545454545454546,11,0.0,0,0,1,0.0,0.0,negative,5.5,0.0,tiki_51488099,tiki
4.818181818181818,11,0.0,0,0,1,0.0,0.0,negative,5.5,0.0,tiki_48216135,tiki
4.636363636363637,11,0.0,0,0,1,0.0,0.0,negative,5.5,0.0,tiki_50476908,tiki
4.8,10,0.0,0,0,1,0.0,0.0,negative,5.0,0.0,tiki_565355,tiki
3.9,10,0.0,0,0,1,0.0,0.0,negative,5.0,0.0,tiki_275249317,tiki
4.5,10,0.0,0,0,1,0.0,0.0,negative,5.0,0.0,tiki_14709260,tiki
4.4,10,0.0,0,0,1,0.0,0.0,negative,5.0,0.0,tiki_55709852,tiki
4.7,10,0.0,0,0,1,0.0,0.0,negative,5.0,0.0,tiki_273936761,tiki
4.8,10,0.0,0,0,1,0.0,0.0,negative,5.0,0.0,tiki_106390658,tiki
4.6,10,0.0,0,0,1,0.0,0.0,negative,5.0,0.0,tiki_78974744,tiki
3.7,10,0.0,0,0,1,0.0,0.0,negative,5.0,0.0,tiki_147771876,tiki
4.2,10,0.0,0,0,1,0.0,0.0,negative,5.0,0.0,tiki_274872973,tiki
4.9,10,0.0,0,0,1,0.0,0.0,negative,5.0,0.0,tiki_114431615,tiki
4.8,10,0.0,0,0,1,0.0,0.0,negative,5.0,0.0,tiki_205388179,tiki
4.9,10,0.0,0,0,1,0.0,0.0,negative,5.0,0.0,tiki_106362272,tiki
4.9,10,0.0,0,0,1,0.0,0.0,negative,5.0,0.0,tiki_25737485,tiki
4.8,10,0.0,0,0,1,0.0,0.0,negative,5.0,0.0,tiki_74818356,tiki
4.6,10,0.0,0,0,1,0.0,0.0,negative,5.0,0.0,tiki_746431,tiki
4.3,10,0.0,0,0,1,0.0,0.0,negative,5.0,0.0,tiki_171992172,tiki
4.5,10,0.0,0,0,1,0.0,0.0,negative,5.0,0.0,tiki_176588665,tiki
4.8,10,0.0,0,0,1,0.0,0.0,negative,5.0,0.0,tiki_33219771,tiki
4.0,10,0.0,0,0,1,0.0,0.0,negative,5.0,0.0,tiki_26743521,tiki
4.3,10,0.0,0,0,1,0.0,0.0,negative,5.0,0.0,tiki_108684644,tiki
4.7,10,0.0,0,0,1,0.0,0.0,negative,5.0,0.0,tiki_136545538,tiki
4.5,10,0.0,0,0,1,0.0,0.0,negative,5.0,0.0,tiki_136676515,tiki
4.8,10,0.0,0,0,1,0.0,0.0,negative,5.0,0.0,tiki_260847306,tiki
4.0,10,0.0,0,0,1,0.0,0.0,negative,5.0,0.0,tiki_251392865,tiki
4.8,10,0.0,0,0,1,0.0,0.0,negative,5.0,0.0,tiki_2100771,tiki
4.8,10,0.0,0,0,1,0.0,0.0,negative,5.0,0.0,tiki_260813888,tiki
4.6,10,0.0,0,0,1,0.0,0.0,negative,5.0,0.0,tiki_105663864,tiki
4.2,10,0.0,0,0,1,0.0,0.0,negative,5.0,0.0,tiki_262346692,tiki
4.8,10,0.0,0,0,1,0.0,0.0,negative,5.0,0.0,tiki_20700694,tiki
4.0,10,0.0,0,0,1,0.0,0.0,negative,5.0,0.0,tiki_726450,tiki
4.4,10,0.0,0,0,1,0.0,0.0,negative,5.0,0.0,tiki_7237933,tiki
5.0,10,0.0,0,0,1,0.0,0.0,negative,5.0,0.0,tiki_276525618,tiki
4.7,10,0.0,0,0,1,0.0,0.0,negative,5.0,0.0,tiki_37158784,tiki
4.3,10,0.0,0,0,1,0.0,0.0,negative,5.0,0.0,tiki_25487922,tiki
3.6,10,0.0,0,0,1,0.0,0.0,negative,5.0,0.0,tiki_207335374,tiki
4.8,10,0.0,0,0,1,0.0,0.0,negative,5.0,0.0,tiki_166094346,tiki
4.2,10,0.0,0,0,1,0.0,0.0,negative,5.0,0.0,tiki_41259963,tiki
3.4,10,0.0,0,0,1,0.0,0.0,negative,5.0,0.0,tiki_68108047,tiki
4.6,10,0.0,0,0,1,0.0,0.0,negative,5.0,0.0,tiki_93963284,tiki
5.0,10,0.0,0,0,1,0.0,0.0,negative,5.0,0.0,tiki_142775457,tiki
4.8,10,0.0,0,0,1,0.0,0.0,negative,5.0,0.0,tiki_94278037,tiki
4.9,10,0.0,0,0,1,0.0,0.0,negative,5.0,0.0,tiki_254184852,tiki
4.6,10,0.0,0,0,1,0.0,0.0,negative,5.0,0.0,tiki_41556207,tiki
4.7,10,0.0,0,0,1,0.0,0.0,negative,5.0,0.0,tiki_4164993,tiki
4.9,10,0.0,0,0,1,0.0,0.0,negative,5.0,0.0,tiki_272857450,tiki
4.9,10,0.0,0,0,1,0.0,0.0,negative,5.0,0.0,tiki_181681023,tiki
4.2,10,0.0,0,0,1,0.0,0.0,negative,5.0,0.0,tiki_66116304,tiki
4.9,10,0.0,0,0,1,0.0,0.0,negative,5.0,0.0,tiki_273024112,tiki
4.2,10,0.0,0,0,1,0.0,0.0,negative,5.0,0.0,tiki_96367806,tiki
4.8,10,0.0,0,0,1,0.0,0.0,negative,5.0,0.0,tiki_6090215,tiki
4.9,10,0.0,0,0,1,0.0,0.0,negative,5.0,0.0,tiki_260813303,tiki
4.5,10,0.0,0,0,1,0.0,0.0,negative,5.0,0.0,tiki_7959066,tiki
4.7,10,0.0,0,0,1,0.0,0.0,negative,5.0,0.0,tiki_59448094,tiki
4.5,10,0.0,0,0,1,0.0,0.0,negative,5.0,0.0,tiki_59320325,tiki
3.7,10,0.0,0,0,1,0.0,0.0,negative,5.0,0.0,tiki_2468389,tiki
4.6,10,0.0,0,0,1,0.0,0.0,negative,5.0,0.0,tiki_119988687,tiki
4.6,10,0.0,0,0,1,0.0,0.0,negative,5.0,0.0,tiki_58903209,tiki
4.5,10,0.0,0,0,1,0.0,0.0,negative,5.0,0.0,tiki_125803516,tiki
4.9,10,0.0,0,0,1,0.0,0.0,negative,5.0,0.0,tiki_108685218,tiki
4.0,10,0.0,0,0,1,0.0,0.0,negative,5.0,0.0,tiki_79458026,tiki
5.0,10,0.0,0,0,1,0.0,0.0,negative,5.0,0.0,tiki_257186445,tiki
4.3,10,0.0,0,0,1,0.0,0.0,negative,5.0,0.0,tiki_146926036,tiki
3.8,10,0.0,0,0,1,0.0,0.0,negative,5.0,0.0,tiki_76473280,tiki
4.0,10,0.0,0,0,1,0.0,0.0,negative,5.0,0.0,tiki_10294713,tiki
4.9,10,0.0,0,0,1,0.0,0.0,negative,5.0,0.0,tiki_566420,tiki
4.2,10,0.0,0,0,1,0.0,0.0,negative,5.0,0.0,tiki_564839,tiki
4.888888888888889,9,0.0,0,0,1,0.0,0.0,negative,4.5,0.0,tiki_116972244,tiki
4.555555555555555,9,0.0,0,0,1,0.0,0.0,negative,4.5,0.0,tiki_25687615,tiki
5.0,9,0.0,0,0,1,0.0,0.0,negative,4.5,0.0,tiki_79129136,tiki
3.888888888888889,9,0.0,0,0,1,0.0,0.0,negative,4.5,0.0,tiki_85816750,tiki
3.555555555555556,9,0.0,0,0,1,0.0,0.0,negative,4.5,0.0,tiki_77626391,tiki
4.888888888888889,9,0.0,0,0,1,0.0,0.0,negative,4.5,0.0,tiki_262590123,tiki
4.444444444444445,9,0.0,0,0,1,0.0,0.0,negative,4.5,0.0,tiki_77231777,tiki
3.7777777777777777,9,0.0,0,0,1,0.0,0.0,negative,4.5,0.0,tiki_76544586,tiki
5.0,9,0.0,0,0,1,0.0,0.0,negative,4.5,0.0,tiki_76062253,tiki
4.666666666666667,9,0.0,0,0,1,0.0,0.0,negative,4.5,0.0,tiki_7598511,tiki
5.0,9,0.0,0,0,1,0.0,0.0,negative,4.5,0.0,tiki_73516875,tiki
5.0,9,0.0,0,0,1,0.0,0.0,negative,4.5,0.0,tiki_136753150,tiki
3.6666666666666665,9,0.0,0,0,1,0.0,0.0,negative,4.5,0.0,tiki_1042770,tiki
4.444444444444445,9,0.0,0,0,1,0.0,0.0,negative,4.5,0.0,tiki_271128271,tiki
4.777777777777778,9,0.0,0,0,1,0.0,0.0,negative,4.5,0.0,tiki_271381019,tiki
5.0,9,0.0,0,0,1,0.0,0.0,negative,4.5,0.0,tiki_271726119,tiki
3.0,9,0.0,0,0,1,0.0,0.0,negative,4.5,0.0,tiki_94341857,tiki
5.0,9,0.0,0,0,1,0.0,0.0,negative,4.5,0.0,tiki_272556012,tiki
3.333333333333333,9,0.0,0,0,1,0.0,0.0,negative,4.5,0.0,tiki_143341823,tiki
4.777777777777778,9,0.0,0,0,1,0.0,0.0,negative,4.5,0.0,tiki_106225665,tiki
4.222222222222222,9,0.0,0,0,1,0.0,0.0,negative,4.5,0.0,tiki_9673196,tiki
4.333333333333333,9,0.0,0,0,1,0.0,0.0,negative,4.5,0.0,tiki_59320319,tiki
4.666666666666667,9,0.0,0,0,1,0.0,0.0,negative,4.5,0.0,tiki_59072144,tiki
4.888888888888889,9,0.0,0,0,1,0.0,0.0,negative,4.5,0.0,tiki_58992212,tiki
3.2222222222222223,9,0.0,0,0,1,0.0,0.0,negative,4.5,0.0,tiki_14490514,tiki
5.0,9,0.0,0,0,1,0.0,0.0,negative,4.5,0.0,tiki_106225671,tiki
3.888888888888889,9,0.0,0,0,1,0.0,0.0,negative,4.5,0.0,tiki_14520097,tiki
4.333333333333333,9,0.0,0,0,1,0.0,0.0,negative,4.5,0.0,tiki_5806761,tiki
4.555555555555555,9,0.0,0,0,1,0.0,0.0,negative,4.5,0.0,tiki_11307221,tiki
4.888888888888889,9,0.0,0,0,1,0.0,0.0,negative,4.5,0.0,tiki_189885445,tiki
3.4444444444444446,9,0.0,0,0,1,0.0,0.0,negative,4.5,0.0,tiki_108685180,tiki
5.0,9,0.0,0,0,1,0.0,0.0,negative,4.5,0.0,tiki_56067238,tiki
4.888888888888889,9,0.0,0,0,1,0.0,0.0,negative,4.5,0.0,tiki_147247860,tiki
3.555555555555556,9,0.0,0,0,1,0.0,0.0,negative,4.5,0.0,tiki_55200860,tiki
4.888888888888889,9,0.0,0,0,1,0.0,0.0,negative,4.5,0.0,tiki_273978785,tiki
4.666666666666667,9,0.0,0,0,1,0.0,0.0,negative,4.5,0.0,tiki_55047980,tiki
4.444444444444445,9,0.0,0,0,1,0.0,0.0,negative,4.5,0.0,tiki_54014120,tiki
4.666666666666667,9,0.0,0,0,1,0.0,0.0,negative,4.5,0.0,tiki_23209128,tiki
4.777777777777778,9,0.0,0,0,1,0.0,0.0,negative,4.5,0.0,tiki_148908342,tiki
5.0,9,0.0,0,0,1,0.0,0.0,negative,4.5,0.0,tiki_274544634,tiki
4.444444444444445,9,0.0,0,0,1,0.0,0.0,negative,4.5,0.0,tiki_53469448,tiki
3.4444444444444446,9,0.0,0,0,1,0.0,0.0,negative,4.5,0.0,tiki_53450996,tiki
4.222222222222222,9,0.0,0,0,1,0.0,0.0,negative,4.5,0.0,tiki_14980232,tiki
4.888888888888889,9,0.0,0,0,1,0.0,0.0,negative,4.5,0.0,tiki_274877962,tiki
4.555555555555555,9,0.0,0,0,1,0.0,0.0,negative,4.5,0.0,tiki_151576619,tiki
4.888888888888889,9,0.0,0,0,1,0.0,0.0,negative,4.5,0.0,tiki_151794732,tiki
4.444444444444445,9,0.0,0,0,1,0.0,0.0,negative,4.5,0.0,tiki_275207839,tiki
4.444444444444445,9,0.0,0,0,1,0.0,0.0,negative,4.5,0.0,tiki_2298327,tiki
5.0,9,0.0,0,0,1,0.0,0.0,negative,4.5,0.0,tiki_229803323,tiki
5.0,9,0.0,0,0,1,0.0,0.0,negative,4.5,0.0,tiki_122314687,tiki
3.7777777777777777,9,0.0,0,0,1,0.0,0.0,negative,4.5,0.0,tiki_17967585,tiki
4.333333333333333,9,0.0,0,0,1,0.0,0.0,negative,4.5,0.0,tiki_17960273,tiki
3.888888888888889,9,0.0,0,0,1,0.0,0.0,negative,4.5,0.0,tiki_4749523,tiki
4.666666666666667,9,0.0,0,0,1,0.0,0.0,negative,4.5,0.0,tiki_196142106,tiki
2.7777777777777777,9,0.0,0,0,1,0.0,0.0,negative,4.5,0.0,tiki_10152406,tiki
4.555555555555555,9,0.0,0,0,1,0.0,0.0,negative,4.5,0.0,tiki_160356757,tiki
4.777777777777778,9,0.0,0,0,1,0.0,0.0,negative,4.5,0.0,tiki_275945830,tiki
3.888888888888889,9,0.0,0,0,1,0.0,0.0,negative,4.5,0.0,tiki_21730993,tiki
4.888888888888889,9,0.0,0,0,1,0.0,0.0,negative,4.5,0.0,tiki_197584725,tiki
4.888888888888889,9,0.0,0,0,1,0.0,0.0,negative,4.5,0.0,tiki_103404651,tiki
4.333333333333333,9,0.0,0,0,1,0.0,0.0,negative,4.5,0.0,tiki_107411431,tiki
4.666666666666667,9,0.0,0,0,1,0.0,0.0,negative,4.5,0.0,tiki_166525097,tiki
4.0,9,0.0,0,0,1,0.0,0.0,negative,4.5,0.0,tiki_170333337,tiki
4.111111111111111,9,0.0,0,0,1,0.0,0.0,negative,4.5,0.0,tiki_31129176,tiki
4.888888888888889,9,0.0,0,0,1,0.0,0.0,negative,4.5,0.0,tiki_205293656,tiki
4.777777777777778,9,0.0,0,0,1,0.0,0.0,negative,4.5,0.0,tiki_12222090,tiki
4.888888888888889,9,0.0,0,0,1,0.0,0.0,negative,4.5,0.0,tiki_2066643,tiki
5.0,9,0.0,0,0,1,0.0,0.0,negative,4.5,0.0,tiki_82835506,tiki
4.777777777777778,9,0.0,0,0,1,0.0,0.0,negative,4.5,0.0,tiki_185655667,tiki
4.333333333333333,9,0.0,0,0,1,0.0,0.0,negative,4.5,0.0,tiki_84719996,tiki
4.125,8,0.0,0,0,1,0.0,0.0,negative,4.0,0.0,tiki_25487924,tiki
4.0,8,0.0,0,0,1,0.0,0.0,negative,4.0,0.0,tiki_11856448,tiki
4.875,8,0.0,0,0,1,0.0,0.0,negative,4.0,0.0,tiki_260811338,tiki
4.25,8,0.0,0,0,1,0.0,0.0,negative,4.0,0.0,tiki_111092914,tiki
4.75,8,0.0,0,0,1,0.0,0.0,negative,4.0,0.0,tiki_91773860,tiki
4.75,8,0.0,0,0,1,0.0,0.0,negative,4.0,0.0,tiki_17960157,tiki
4.375,8,0.0,0,0,1,0.0,0.0,negative,4.0,0.0,tiki_276068614,tiki
4.875,8,0.0,0,0,1,0.0,0.0,negative,4.0,0.0,tiki_199549686,tiki
4.875,8,0.0,0,0,1,0.0,0.0,negative,4.0,0.0,tiki_26029237,tiki
4.5,8,0.0,0,0,1,0.0,0.0,negative,4.0,0.0,tiki_13379290,tiki
3.75,8,0.0,0,0,1,0.0,0.0,negative,4.0,0.0,tiki_9976580,tiki
4.75,8,0.0,0,0,1,0.0,0.0,negative,4.0,0.0,tiki_154490410,tiki
4.5,8,0.0,0,0,1,0.0,0.0,negative,4.0,0.0,tiki_277175913,tiki
5.0,8,0.0,0,0,1,0.0,0.0,negative,4.0,0.0,tiki_102133546,tiki
3.625,8,0.0,0,0,1,0.0,0.0,negative,4.0,0.0,tiki_270837635,tiki
3.0,8,0.0,0,0,1,0.0,0.0,negative,4.0,0.0,tiki_87055685,tiki
5.0,8,0.0,0,0,1,0.0,0.0,negative,4.0,0.0,tiki_100023508,tiki
4.25,8,0.0,0,0,1,0.0,0.0,negative,4.0,0.0,tiki_98822350,tiki
4.75,8,0.0,0,0,1,0.0,0.0,negative,4.0,0.0,tiki_454291,tiki
4.25,8,0.0,0,0,1,0.0,0.0,negative,4.0,0.0,tiki_137976895,tiki
4.875,8,0.0,0,0,1,0.0,0.0,negative,4.0,0.0,tiki_22472272,tiki
4.0,8,0.0,0,0,1,0.0,0.0,negative,4.0,0.0,tiki_218761991,tiki
5.0,8,0.0,0,0,1,0.0,0.0,negative,4.0,0.0,tiki_13667670,tiki
4.5,8,0.0,0,0,1,0.0,0.0,negative,4.0,0.0,tiki_2100205,tiki
4.875,8,0.0,0,0,1,0.0,0.0,negative,4.0,0.0,tiki_67245899,tiki
4.125,8,0.0,0,0,1,0.0,0.0,negative,4.0,0.0,tiki_67318898,tiki
4.375,8,0.0,0,0,1,0.0,0.0,negative,4.0,0.0,tiki_10906349,tiki
3.75,8,0.0,0,0,1,0.0,0.0,negative,4.0,0.0,tiki_187597928,tiki
5.0,8,0.0,0,0,1,0.0,0.0,negative,4.0,0.0,tiki_68392351,tiki
3.875,8,0.0,0,0,1,0.0,0.0,negative,4.0,0.0,tiki_164231323,tiki
3.5,8,0.0,0,0,1,0.0,0.0,negative,4.0,0.0,tiki_2066641,tiki
4.625,8,0.0,0,0,1,0.0,0.0,negative,4.0,0.0,tiki_183743642,tiki
4.375,8,0.0,0,0,1,0.0,0.0,negative,4.0,0.0,tiki_26353028,tiki
3.625,8,0.0,0,0,1,0.0,0.0,negative,4.0,0.0,tiki_104069812,tiki
4.875,8,0.0,0,0,1,0.0,0.0,negative,4.0,0.0,tiki_26351068,tiki
4.5,8,0.0,0,0,1,0.0,0.0,negative,4.0,0.0,tiki_88778118,tiki
4.625,8,0.0,0,0,1,0.0,0.0,negative,4.0,0.0,tiki_155602526,tiki
4.875,8,0.0,0,0,1,0.0,0.0,negative,4.0,0.0,tiki_184304614,tiki
5.0,8,0.0,0,0,1,0.0,0.0,negative,4.0,0.0,tiki_179993492,tiki
3.375,8,0.0,0,0,1,0.0,0.0,negative,4.0,0.0,tiki_13368065,tiki
4.375,8,0.0,0,0,1,0.0,0.0,negative,4.0,0.0,tiki_3972885,tiki
5.0,8,0.0,0,0,1,0.0,0.0,negative,4.0,0.0,tiki_78622503,tiki
4.875,8,0.0,0,0,1,0.0,0.0,negative,4.0,0.0,tiki_148908859,tiki
4.5,8,0.0,0,0,1,0.0,0.0,negative,4.0,0.0,tiki_20498178,tiki
4.75,8,0.0,0,0,1,0.0,0.0,negative,4.0,0.0,tiki_20676975,tiki
4.75,8,0.0,0,0,1,0.0,0.0,negative,4.0,0.0,tiki_566311,tiki
4.5,8,0.0,0,0,1,0.0,0.0,negative,4.0,0.0,tiki_54084845,tiki
5.0,8,0.0,0,0,1,0.0,0.0,negative,4.0,0.0,tiki_262659973,tiki
4.875,8,0.0,0,0,1,0.0,0.0,negative,4.0,0.0,tiki_129198595,tiki
4.5,8,0.0,0,0,1,0.0,0.0,negative,4.0,0.0,tiki_174096489,tiki
4.375,8,0.0,0,0,1,0.0,0.0,negative,4.0,0.0,tiki_52629555,tiki
5.0,8,0.0,0,0,1,0.0,0.0,negative,4.0,0.0,tiki_52319333,tiki
5.0,8,0.0,0,0,1,0.0,0.0,negative,4.0,0.0,tiki_153922884,tiki
4.75,8,0.0,0,0,1,0.0,0.0,negative,4.0,0.0,tiki_181927774,tiki
4.375,8,0.0,0,0,1,0.0,0.0,negative,4.0,0.0,tiki_212937554,tiki
4.25,8,0.0,0,0,1,0.0,0.0,negative,4.0,0.0,tiki_150877532,tiki
4.875,8,0.0,0,0,1,0.0,0.0,negative,4.0,0.0,tiki_30156556,tiki
4.75,8,0.0,0,0,1,0.0,0.0,negative,4.0,0.0,tiki_23028871,tiki
5.0,8,0.0,0,0,1,0.0,0.0,negative,4.0,0.0,tiki_276430702,tiki
4.5,8,0.0,0,0,1,0.0,0.0,negative,4.0,0.0,tiki_475795,tiki
4.125,8,0.0,0,0,1,0.0,0.0,negative,4.0,0.0,tiki_42647775,tiki
5.0,8,0.0,0,0,1,0.0,0.0,negative,4.0,0.0,tiki_23608266,tiki
4.75,8,0.0,0,0,1,0.0,0.0,negative,4.0,0.0,tiki_147341594,tiki
5.0,8,0.0,0,0,1,0.0,0.0,negative,4.0,0.0,tiki_11384022,tiki
5.0,8,0.0,0,0,1,0.0,0.0,negative,4.0,0.0,tiki_127032828,tiki
4.5,8,0.0,0,0,1,0.0,0.0,negative,4.0,0.0,tiki_221233126,tiki
4.875,8,0.0,0,0,1,0.0,0.0,negative,4.0,0.0,tiki_116086671,tiki
3.625,8,0.0,0,0,1,0.0,0.0,negative,4.0,0.0,tiki_108863673,tiki
4.375,8,0.0,0,0,1,0.0,0.0,negative,4.0,0.0,tiki_50336644,tiki
4.875,8,0.0,0,0,1,0.0,0.0,negative,4.0,0.0,tiki_207268438,tiki
4.125,8,0.0,0,0,1,0.0,0.0,negative,4.0,0.0,tiki_924309,tiki
4.571428571428571,7,0.0,0,0,1,0.0,0.0,negative,3.5,0.0,tiki_169770964,tiki
5.0,7,0.0,0,0,1,0.0,0.0,negative,3.5,0.0,tiki_117374831,tiki
5.0,7,0.0,0,0,1,0.0,0.0,negative,3.5,0.0,tiki_253226670,tiki
3.571428571428572,7,0.0,0,0,1,0.0,0.0,negative,3.5,0.0,tiki_31832067,tiki
2.2857142857142856,7,0.0,0,0,1,0.0,0.0,negative,3.5,0.0,tiki_10914102,tiki
4.714285714285714,7,0.0,0,0,1,0.0,0.0,negative,3.5,0.0,tiki_85919825,tiki
4.142857142857143,7,0.0,0,0,1,0.0,0.0,negative,3.5,0.0,tiki_75774448,tiki
4.714285714285714,7,0.0,0,0,1,0.0,0.0,negative,3.5,0.0,tiki_532273,tiki
4.857142857142857,7,0.0,0,0,1,0.0,0.0,negative,3.5,0.0,tiki_274704359,tiki
4.285714285714286,7,0.0,0,0,1,0.0,0.0,negative,3.5,0.0,tiki_87960846,tiki
5.0,7,0.0,0,0,1,0.0,0.0,negative,3.5,0.0,tiki_106360925,tiki
4.714285714285714,7,0.0,0,0,1,0.0,0.0,negative,3.5,0.0,tiki_19257726,tiki
5.0,7,0.0,0,0,1,0.0,0.0,negative,3.5,0.0,tiki_13379245,tiki
5.0,7,0.0,0,0,1,0.0,0.0,negative,3.5,0.0,tiki_106225740,tiki
4.0,7,0.0,0,0,1,0.0,0.0,negative,3.5,0.0,tiki_23398053,tiki
3.7142857142857135,7,0.0,0,0,1,0.0,0.0,negative,3.5,0.0,tiki_5506061,tiki
4.571428571428571,7,0.0,0,0,1,0.0,0.0,negative,3.5,0.0,tiki_191824376,tiki
4.428571428571429,7,0.0,0,0,1,0.0,0.0,negative,3.5,0.0,tiki_278278564,tiki
4.428571428571429,7,0.0,0,0,1,0.0,0.0,negative,3.5,0.0,tiki_2298753,tiki
5.0,7,0.0,0,0,1,0.0,0.0,negative,3.5,0.0,tiki_200780127,tiki
4.714285714285714,7,0.0,0,0,1,0.0,0.0,negative,3.5,0.0,tiki_559147,tiki
4.857142857142857,7,0.0,0,0,1,0.0,0.0,negative,3.5,0.0,tiki_11364940,tiki
3.857142857142857,7,0.0,0,0,1,0.0,0.0,negative,3.5,0.0,tiki_173243640,tiki
4.714285714285714,7,0.0,0,0,1,0.0,0.0,negative,3.5,0.0,tiki_270898296,tiki
4.142857142857143,7,0.0,0,0,1,0.0,0.0,negative,3.5,0.0,tiki_194502963,tiki
4.714285714285714,7,0.0,0,0,1,0.0,0.0,negative,3.5,0.0,tiki_127635139,tiki
4.857142857142857,7,0.0,0,0,1,0.0,0.0,negative,3.5,0.0,tiki_194960093,tiki
4.714285714285714,7,0.0,0,0,1,0.0,0.0,negative,3.5,0.0,tiki_120966306,tiki
4.857142857142857,7,0.0,0,0,1,0.0,0.0,negative,3.5,0.0,tiki_146932254,tiki
5.0,7,0.0,0,0,1,0.0,0.0,negative,3.5,0.0,tiki_11493611,tiki
4.0,7,0.0,0,0,1,0.0,0.0,negative,3.5,0.0,tiki_102410209,tiki
4.857142857142857,7,0.0,0,0,1,0.0,0.0,negative,3.5,0.0,tiki_24005291,tiki
3.2857142857142856,7,0.0,0,0,1,0.0,0.0,negative,3.5,0.0,tiki_155092969,tiki
4.0,7,0.0,0,0,1,0.0,0.0,negative,3.5,0.0,tiki_273564888,tiki
4.571428571428571,7,0.0,0,0,1,0.0,0.0,negative,3.5,0.0,tiki_58130482,tiki
3.7142857142857135,7,0.0,0,0,1,0.0,0.0,negative,3.5,0.0,tiki_4818989,tiki
4.0,7,0.0,0,0,1,0.0,0.0,negative,3.5,0.0,tiki_48049114,tiki
4.714285714285714,7,0.0,0,0,1,0.0,0.0,negative,3.5,0.0,tiki_4732439,tiki
4.285714285714286,7,0.0,0,0,1,0.0,0.0,negative,3.5,0.0,tiki_15750305,tiki
2.857142857142857,7,0.0,0,0,1,0.0,0.0,negative,3.5,0.0,tiki_5852513,tiki
4.714285714285714,7,0.0,0,0,1,0.0,0.0,negative,3.5,0.0,tiki_46837052,tiki
4.714285714285714,7,0.0,0,0,1,0.0,0.0,negative,3.5,0.0,tiki_243093587,tiki
5.0,7,0.0,0,0,1,0.0,0.0,negative,3.5,0.0,tiki_173789184,tiki
4.571428571428571,7,0.0,0,0,1,0.0,0.0,negative,3.5,0.0,tiki_846443,tiki
4.857142857142857,7,0.0,0,0,1,0.0,0.0,negative,3.5,0.0,tiki_273291730,tiki
3.571428571428572,7,0.0,0,0,1,0.0,0.0,negative,3.5,0.0,tiki_589689,tiki
4.857142857142857,7,0.0,0,0,1,0.0,0.0,negative,3.5,0.0,tiki_203645556,tiki
5.0,7,0.0,0,0,1,0.0,0.0,negative,3.5,0.0,tiki_59203466,tiki
5.0,7,0.0,0,0,1,0.0,0.0,negative,3.5,0.0,tiki_129642389,tiki
4.857142857142857,7,0.0,0,0,1,0.0,0.0,negative,3.5,0.0,tiki_273197766,tiki
5.0,7,0.0,0,0,1,0.0,0.0,negative,3.5,0.0,tiki_63564850,tiki
4.285714285714286,7,0.0,0,0,1,0.0,0.0,negative,3.5,0.0,tiki_1750827,tiki
5.0,7,0.0,0,0,1,0.0,0.0,negative,3.5,0.0,tiki_215560792,tiki
4.714285714285714,7,0.0,0,0,1,0.0,0.0,negative,3.5,0.0,tiki_66529625,tiki
4.428571428571429,7,0.0,0,0,1,0.0,0.0,negative,3.5,0.0,tiki_272565737,tiki
5.0,7,0.0,0,0,1,0.0,0.0,negative,3.5,0.0,tiki_185226882,tiki
5.0,7,0.0,0,0,1,0.0,0.0,negative,3.5,0.0,tiki_107211604,tiki
4.857142857142857,7,0.0,0,0,1,0.0,0.0,negative,3.5,0.0,tiki_272558597,tiki
5.0,7,0.0,0,0,1,0.0,0.0,negative,3.5,0.0,tiki_106225657,tiki
4.285714285714286,7,0.0,0,0,1,0.0,0.0,negative,3.5,0.0,tiki_111556188,tiki
4.571428571428571,7,0.0,0,0,1,0.0,0.0,negative,3.5,0.0,tiki_21381427,tiki
4.714285714285714,7,0.0,0,0,1,0.0,0.0,negative,3.5,0.0,tiki_94886859,tiki
4.285714285714286,7,0.0,0,0,1,0.0,0.0,negative,3.5,0.0,tiki_19773149,tiki
4.571428571428571,7,0.0,0,0,1,0.0,0.0,negative,3.5,0.0,tiki_40981422,tiki
4.857142857142857,7,0.0,0,0,1,0.0,0.0,negative,3.5,0.0,tiki_197964595,tiki
5.0,7,0.0,0,0,1,0.0,0.0,negative,3.5,0.0,tiki_16440463,tiki
3.2857142857142856,7,0.0,0,0,1,0.0,0.0,negative,3.5,0.0,tiki_174575967,tiki
3.142857142857143,7,0.0,0,0,1,0.0,0.0,negative,3.5,0.0,tiki_39131664,tiki
4.0,7,0.0,0,0,1,0.0,0.0,negative,3.5,0.0,tiki_21342252,tiki
4.857142857142857,7,0.0,0,0,1,0.0,0.0,negative,3.5,0.0,tiki_17780391,tiki
5.0,7,0.0,0,0,1,0.0,0.0,negative,3.5,0.0,tiki_38427013,tiki
5.0,7,0.0,0,0,1,0.0,0.0,negative,3.5,0.0,tiki_185226875,tiki
4.857142857142857,7,0.0,0,0,1,0.0,0.0,negative,3.5,0.0,tiki_174378779,tiki
5.0,7,0.0,0,0,1,0.0,0.0,negative,3.5,0.0,tiki_21262528,tiki
4.857142857142857,7,0.0,0,0,1,0.0,0.0,negative,3.5,0.0,tiki_69443039,tiki
4.857142857142857,7,0.0,0,0,1,0.0,0.0,negative,3.5,0.0,tiki_181928208,tiki
4.285714285714286,7,0.0,0,0,1,0.0,0.0,negative,3.5,0.0,tiki_107471624,tiki
4.857142857142857,7,0.0,0,0,1,0.0,0.0,negative,3.5,0.0,tiki_188189727,tiki
4.857142857142857,7,0.0,0,0,1,0.0,0.0,negative,3.5,0.0,tiki_140921779,tiki
4.857142857142857,7,0.0,0,0,1,0.0,0.0,negative,3.5,0.0,tiki_7021465,tiki
4.142857142857143,7,0.0,0,0,1,0.0,0.0,negative,3.5,0.0,tiki_1826661,tiki
5.0,7,0.0,0,0,1,0.0,0.0,negative,3.5,0.0,tiki_249910849,tiki
4.571428571428571,7,0.0,0,0,1,0.0,0.0,negative,3.5,0.0,tiki_190755666,tiki
3.857142857142857,7,0.0,0,0,1,0.0,0.0,negative,3.5,0.0,tiki_36475923,tiki
4.857142857142857,7,0.0,0,0,1,0.0,0.0,negative,3.5,0.0,tiki_727155,tiki
4.857142857142857,7,0.0,0,0,1,0.0,0.0,negative,3.5,0.0,tiki_168774212,tiki
3.7142857142857135,7,0.0,0,0,1,0.0,0.0,negative,3.5,0.0,tiki_270757022,tiki
4.428571428571429,7,0.0,0,0,1,0.0,0.0,negative,3.5,0.0,tiki_277284444,tiki
5.0,7,0.0,0,0,1,0.0,0.0,negative,3.5,0.0,tiki_277286085,tiki
4.571428571428571,7,0.0,0,0,1,0.0,0.0,negative,3.5,0.0,tiki_344518,tiki
4.571428571428571,7,0.0,0,0,1,0.0,0.0,negative,3.5,0.0,tiki_72850637,tiki
3.7142857142857135,7,0.0,0,0,1,0.0,0.0,negative,3.5,0.0,tiki_12380805,tiki
4.714285714285714,7,0.0,0,0,1,0.0,0.0,negative,3.5,0.0,tiki_73579430,tiki
4.428571428571429,7,0.0,0,0,1,0.0,0.0,negative,3.5,0.0,tiki_209572630,tiki
3.857142857142857,7,0.0,0,0,1,0.0,0.0,negative,3.5,0.0,tiki_89314052,tiki
4.166666666666667,6,0.0,0,0,1,0.0,0.0,negative,3.0,0.0,tiki_141606134,tiki
5.0,6,0.0,0,0,1,0.0,0.0,negative,3.0,0.0,tiki_108924121,tiki
4.833333333333333,6,0.0,0,0,1,0.0,0.0,negative,3.0,0.0,tiki_175413989,tiki
4.166666666666667,6,0.0,0,0,1,0.0,0.0,negative,3.0,0.0,tiki_176165823,tiki
4.833333333333333,6,0.0,0,0,1,0.0,0.0,negative,3.0,0.0,tiki_3105743,tiki
4.666666666666667,6,0.0,0,0,1,0.0,0.0,negative,3.0,0.0,tiki_33457207,tiki
3.6666666666666665,6,0.0,0,0,1,0.0,0.0,negative,3.0,0.0,tiki_35724635,tiki
3.5,6,0.0,0,0,1,0.0,0.0,negative,3.0,0.0,tiki_3579423,tiki
4.5,6,0.0,0,0,1,0.0,0.0,negative,3.0,0.0,tiki_3718011,tiki
3.6666666666666665,6,0.0,0,0,1,0.0,0.0,negative,3.0,0.0,tiki_375348,tiki
3.8333333333333335,6,0.0,0,0,1,0.0,0.0,negative,3.0,0.0,tiki_38411003,tiki
5.0,6,0.0,0,0,1,0.0,0.0,negative,3.0,0.0,tiki_42561588,tiki
4.0,6,0.0,0,0,1,0.0,0.0,negative,3.0,0.0,tiki_43238907,tiki
2.333333333333333,6,0.0,0,0,1,0.0,0.0,negative,3.0,0.0,tiki_44044894,tiki
4.166666666666667,6,0.0,0,0,1,0.0,0.0,negative,3.0,0.0,tiki_487022,tiki
5.0,6,0.0,0,0,1,0.0,0.0,negative,3.0,0.0,tiki_110461345,tiki
3.5,6,0.0,0,0,1,0.0,0.0,negative,3.0,0.0,tiki_51429701,tiki
4.666666666666667,6,0.0,0,0,1,0.0,0.0,negative,3.0,0.0,tiki_516519,tiki
5.0,6,0.0,0,0,1,0.0,0.0,negative,3.0,0.0,tiki_534790,tiki
4.833333333333333,6,0.0,0,0,1,0.0,0.0,negative,3.0,0.0,tiki_179981173,tiki
4.666666666666667,6,0.0,0,0,1,0.0,0.0,negative,3.0,0.0,tiki_57307532,tiki
4.333333333333333,6,0.0,0,0,1,0.0,0.0,negative,3.0,0.0,tiki_58391174,tiki
5.0,6,0.0,0,0,1,0.0,0.0,negative,3.0,0.0,tiki_58591544,tiki
5.0,6,0.0,0,0,1,0.0,0.0,negative,3.0,0.0,tiki_58839857,tiki
4.833333333333333,6,0.0,0,0,1,0.0,0.0,negative,3.0,0.0,tiki_180851234,tiki
3.1666666666666665,6,0.0,0,0,1,0.0,0.0,negative,3.0,0.0,tiki_111485870,tiki
4.166666666666667,6,0.0,0,0,1,0.0,0.0,negative,3.0,0.0,tiki_64468615,tiki
4.666666666666667,6,0.0,0,0,1,0.0,0.0,negative,3.0,0.0,tiki_68721491,tiki
5.0,6,0.0,0,0,1,0.0,0.0,negative,3.0,0.0,tiki_181927736,tiki
5.0,6,0.0,0,0,1,0.0,0.0,negative,3.0,0.0,tiki_181928189,tiki
4.833333333333333,6,0.0,0,0,1,0.0,0.0,negative,3.0,0.0,tiki_71072215,tiki
5.0,6,0.0,0,0,1,0.0,0.0,negative,3.0,0.0,tiki_72214499,tiki
4.833333333333333,6,0.0,0,0,1,0.0,0.0,negative,3.0,0.0,tiki_72225420,tiki
4.833333333333333,6,0.0,0,0,1,0.0,0.0,negative,3.0,0.0,tiki_74035977,tiki
4.0,6,0.0,0,0,1,0.0,0.0,negative,3.0,0.0,tiki_80563211,tiki
4.833333333333333,6,0.0,0,0,1,0.0,0.0,negative,3.0,0.0,tiki_81509771,tiki
4.5,6,0.0,0,0,1,0.0,0.0,negative,3.0,0.0,tiki_86423758,tiki
4.0,6,0.0,0,0,1,0.0,0.0,negative,3.0,0.0,tiki_187036472,tiki
4.666666666666667,6,0.0,0,0,1,0.0,0.0,negative,3.0,0.0,tiki_89701597,tiki
4.166666666666667,6,0.0,0,0,1,0.0,0.0,negative,3.0,0.0,tiki_90220517,tiki
4.666666666666667,6,0.0,0,0,1,0.0,0.0,negative,3.0,0.0,tiki_91272435,tiki
4.833333333333333,6,0.0,0,0,1,0.0,0.0,negative,3.0,0.0,tiki_187859837,tiki
5.0,6,0.0,0,0,1,0.0,0.0,negative,3.0,0.0,tiki_94887131,tiki
5.0,6,0.0,0,0,1,0.0,0.0,negative,3.0,0.0,tiki_189954755,tiki
4.833333333333333,6,0.0,0,0,1,0.0,0.0,negative,3.0,0.0,tiki_190469543,tiki
4.0,6,0.0,0,0,1,0.0,0.0,negative,3.0,0.0,tiki_192977208,tiki
5.0,6,0.0,0,0,1,0.0,0.0,negative,3.0,0.0,tiki_114894157,tiki
4.5,6,0.0,0,0,1,0.0,0.0,negative,3.0,0.0,tiki_195961665,tiki
5.0,6,0.0,0,0,1,0.0,0.0,negative,3.0,0.0,tiki_115126767,tiki
4.833333333333333,6,0.0,0,0,1,0.0,0.0,negative,3.0,0.0,tiki_196045541,tiki
4.5,6,0.0,0,0,1,0.0,0.0,negative,3.0,0.0,tiki_19788258,tiki
4.333333333333333,6,0.0,0,0,1,0.0,0.0,negative,3.0,0.0,tiki_197924673,tiki
4.333333333333333,6,0.0,0,0,1,0.0,0.0,negative,3.0,0.0,tiki_198509409,tiki
5.0,6,0.0,0,0,1,0.0,0.0,negative,3.0,0.0,tiki_202344187,tiki
4.833333333333333,6,0.0,0,0,1,0.0,0.0,negative,3.0,0.0,tiki_121242478,tiki
3.333333333333333,6,0.0,0,0,1,0.0,0.0,negative,3.0,0.0,tiki_21007952,tiki
5.0,6,0.0,0,0,1,0.0,0.0,negative,3.0,0.0,tiki_213977315,tiki
4.833333333333333,6,0.0,0,0,1,0.0,0.0,negative,3.0,0.0,tiki_124698347,tiki
5.0,6,0.0,0,0,1,0.0,0.0,negative,3.0,0.0,tiki_217723942,tiki
4.833333333333333,6,0.0,0,0,1,0.0,0.0,negative,3.0,0.0,tiki_10398307,tiki
5.0,6,0.0,0,0,1,0.0,0.0,negative,3.0,0.0,tiki_225911226,tiki
4.333333333333333,6,0.0,0,0,1,0.0,0.0,negative,3.0,0.0,tiki_23171759,tiki
5.0,6,0.0,0,0,1,0.0,0.0,negative,3.0,0.0,tiki_2386467,tiki
5.0,6,0.0,0,0,1,0.0,0.0,negative,3.0,0.0,tiki_129937250,tiki
4.0,6,0.0,0,0,1,0.0,0.0,negative,3.0,0.0,tiki_24842862,tiki
4.5,6,0.0,0,0,1,0.0,0.0,negative,3.0,0.0,tiki_24857288,tiki
4.5,6,0.0,0,0,1,0.0,0.0,negative,3.0,0.0,tiki_13073220,tiki
4.833333333333333,6,0.0,0,0,1,0.0,0.0,negative,3.0,0.0,tiki_13177080,tiki
4.666666666666667,6,0.0,0,0,1,0.0,0.0,negative,3.0,0.0,tiki_25320080,tiki
5.0,6,0.0,0,0,1,0.0,0.0,negative,3.0,0.0,tiki_260811353,tiki
4.833333333333333,6,0.0,0,0,1,0.0,0.0,negative,3.0,0.0,tiki_262589850,tiki
4.666666666666667,6,0.0,0,0,1,0.0,0.0,negative,3.0,0.0,tiki_26411182,tiki
4.833333333333333,6,0.0,0,0,1,0.0,0.0,negative,3.0,0.0,tiki_269791529,tiki
4.5,6,0.0,0,0,1,0.0,0.0,negative,3.0,0.0,tiki_270238386,tiki
5.0,6,0.0,0,0,1,0.0,0.0,negative,3.0,0.0,tiki_270249612,tiki
4.833333333333333,6,0.0,0,0,1,0.0,0.0,negative,3.0,0.0,tiki_13767413,tiki
5.0,6,0.0,0,0,1,0.0,0.0,negative,3.0,0.0,tiki_271223047,tiki
4.833333333333333,6,0.0,0,0,1,0.0,0.0,negative,3.0,0.0,tiki_271964759,tiki
5.0,6,0.0,0,0,1,0.0,0.0,negative,3.0,0.0,tiki_272138822,tiki
5.0,6,0.0,0,0,1,0.0,0.0,negative,3.0,0.0,tiki_142711436,tiki
4.333333333333333,6,0.0,0,0,1,0.0,0.0,negative,3.0,0.0,tiki_273309458,tiki
4.833333333333333,6,0.0,0,0,1,0.0,0.0,negative,3.0,0.0,tiki_273384614,tiki
5.0,6,0.0,0,0,1,0.0,0.0,negative,3.0,0.0,tiki_273404610,tiki
4.833333333333333,6,0.0,0,0,1,0.0,0.0,negative,3.0,0.0,tiki_273452284,tiki
4.666666666666667,6,0.0,0,0,1,0.0,0.0,negative,3.0,0.0,tiki_273656129,tiki
5.0,6,0.0,0,0,1,0.0,0.0,negative,3.0,0.0,tiki_106225718,tiki
4.166666666666667,6,0.0,0,0,1,0.0,0.0,negative,3.0,0.0,tiki_106225731,tiki
5.0,6,0.0,0,0,1,0.0,0.0,negative,3.0,0.0,tiki_148910909,tiki
2.833333333333333,6,0.0,0,0,1,0.0,0.0,negative,3.0,0.0,tiki_149460648,tiki
5.0,6,0.0,0,0,1,0.0,0.0,negative,3.0,0.0,tiki_274638430,tiki
5.0,6,0.0,0,0,1,0.0,0.0,negative,3.0,0.0,tiki_274797037,tiki
5.0,6,0.0,0,0,1,0.0,0.0,negative,3.0,0.0,tiki_274925295,tiki
4.333333333333333,6,0.0,0,0,1,0.0,0.0,negative,3.0,0.0,tiki_106390639,tiki
5.0,6,0.0,0,0,1,0.0,0.0,negative,3.0,0.0,tiki_275378015,tiki
4.666666666666667,6,0.0,0,0,1,0.0,0.0,negative,3.0,0.0,tiki_275599902,tiki
4.833333333333333,6,0.0,0,0,1,0.0,0.0,negative,3.0,0.0,tiki_158494774,tiki
4.833333333333333,6,0.0,0,0,1,0.0,0.0,negative,3.0,0.0,tiki_160094829,tiki
4.833333333333333,6,0.0,0,0,1,0.0,0.0,negative,3.0,0.0,tiki_275749277,tiki
4.666666666666667,6,0.0,0,0,1,0.0,0.0,negative,3.0,0.0,tiki_160814552,tiki
5.0,6,0.0,0,0,1,0.0,0.0,negative,3.0,0.0,tiki_160922292,tiki
3.333333333333333,6,0.0,0,0,1,0.0,0.0,negative,3.0,0.0,tiki_161461364,tiki
4.833333333333333,6,0.0,0,0,1,0.0,0.0,negative,3.0,0.0,tiki_162258895,tiki
4.333333333333333,6,0.0,0,0,1,0.0,0.0,negative,3.0,0.0,tiki_275941085,tiki
5.0,6,0.0,0,0,1,0.0,0.0,negative,3.0,0.0,tiki_164318521,tiki
5.0,6,0.0,0,0,1,0.0,0.0,negative,3.0,0.0,tiki_164318603,tiki
5.0,6,0.0,0,0,1,0.0,0.0,negative,3.0,0.0,tiki_165345530,tiki
4.666666666666667,6,0.0,0,0,1,0.0,0.0,negative,3.0,0.0,tiki_276381342,tiki
5.0,6,0.0,0,0,1,0.0,0.0,negative,3.0,0.0,tiki_276386509,tiki
2.333333333333333,6,0.0,0,0,1,0.0,0.0,negative,3.0,0.0,tiki_16747481,tiki
4.166666666666667,6,0.0,0,0,1,0.0,0.0,negative,3.0,0.0,tiki_108207080,tiki
4.166666666666667,6,0.0,0,0,1,0.0,0.0,negative,3.0,0.0,tiki_169545360,tiki
4.5,6,0.0,0,0,1,0.0,0.0,negative,3.0,0.0,tiki_171791601,tiki
4.833333333333333,6,0.0,0,0,1,0.0,0.0,negative,3.0,0.0,tiki_277737595,tiki
3.5,6,0.0,0,0,1,0.0,0.0,negative,3.0,0.0,tiki_171850591,tiki
3.8333333333333335,6,0.0,0,0,1,0.0,0.0,negative,3.0,0.0,tiki_108684817,tiki
4.833333333333333,6,0.0,0,0,1,0.0,0.0,negative,3.0,0.0,tiki_173469202,tiki
2.833333333333333,6,0.0,0,0,1,0.0,0.0,negative,3.0,0.0,tiki_108685221,tiki
4.5,6,0.0,0,0,1,0.0,0.0,negative,3.0,0.0,tiki_173943855,tiki
4.8,5,0.0,0,0,1,0.0,0.0,negative,2.5,0.0,tiki_173391003,tiki
5.0,5,0.0,0,0,1,0.0,0.0,negative,2.5,0.0,tiki_72851630,tiki
4.2,5,0.0,0,0,1,0.0,0.0,negative,2.5,0.0,tiki_7306941,tiki
4.8,5,0.0,0,0,1,0.0,0.0,negative,2.5,0.0,tiki_104541109,tiki
4.6,5,0.0,0,0,1,0.0,0.0,negative,2.5,0.0,tiki_74533026,tiki
4.0,5,0.0,0,0,1,0.0,0.0,negative,2.5,0.0,tiki_7532597,tiki
5.0,5,0.0,0,0,1,0.0,0.0,negative,2.5,0.0,tiki_76071642,tiki
5.0,5,0.0,0,0,1,0.0,0.0,negative,2.5,0.0,tiki_262812983,tiki
3.8,5,0.0,0,0,1,0.0,0.0,negative,2.5,0.0,tiki_165997249,tiki
4.4,5,0.0,0,0,1,0.0,0.0,negative,2.5,0.0,tiki_26267640,tiki
4.8,5,0.0,0,0,1,0.0,0.0,negative,2.5,0.0,tiki_262462541,tiki
5.0,5,0.0,0,0,1,0.0,0.0,negative,2.5,0.0,tiki_77627186,tiki
4.8,5,0.0,0,0,1,0.0,0.0,negative,2.5,0.0,tiki_135076265,tiki
2.0,5,0.0,0,0,1,0.0,0.0,negative,2.5,0.0,tiki_26230723,tiki
4.2,5,0.0,0,0,1,0.0,0.0,negative,2.5,0.0,tiki_10136405,tiki
4.4,5,0.0,0,0,1,0.0,0.0,negative,2.5,0.0,tiki_134670126,tiki
5.0,5,0.0,0,0,1,0.0,0.0,negative,2.5,0.0,tiki_82386857,tiki
5.0,5,0.0,0,0,1,0.0,0.0,negative,2.5,0.0,tiki_191825332,tiki
3.8,5,0.0,0,0,1,0.0,0.0,negative,2.5,0.0,tiki_134557769,tiki
5.0,5,0.0,0,0,1,0.0,0.0,negative,2.5,0.0,tiki_38075009,tiki
4.6,5,0.0,0,0,1,0.0,0.0,negative,2.5,0.0,tiki_82412758,tiki
4.8,5,0.0,0,0,1,0.0,0.0,negative,2.5,0.0,tiki_190708088,tiki
4.8,5,0.0,0,0,1,0.0,0.0,negative,2.5,0.0,tiki_86024235,tiki
4.4,5,0.0,0,0,1,0.0,0.0,negative,2.5,0.0,tiki_8709729,tiki
4.8,5,0.0,0,0,1,0.0,0.0,negative,2.5,0.0,tiki_186881226,tiki
4.8,5,0.0,0,0,1,0.0,0.0,negative,2.5,0.0,tiki_251465386,tiki
4.8,5,0.0,0,0,1,0.0,0.0,negative,2.5,0.0,tiki_189677269,tiki
3.8,5,0.0,0,0,1,0.0,0.0,negative,2.5,0.0,tiki_25059375,tiki
4.2,5,0.0,0,0,1,0.0,0.0,negative,2.5,0.0,tiki_108685004,tiki
4.2,5,0.0,0,0,1,0.0,0.0,negative,2.5,0.0,tiki_13115240,tiki
2.8,5,0.0,0,0,1,0.0,0.0,negative,2.5,0.0,tiki_248901461,tiki
4.6,5,0.0,0,0,1,0.0,0.0,negative,2.5,0.0,tiki_13068571,tiki
4.6,5,0.0,0,0,1,0.0,0.0,negative,2.5,0.0,tiki_200013705,tiki
4.0,5,0.0,0,0,1,0.0,0.0,negative,2.5,0.0,tiki_13060147,tiki
4.0,5,0.0,0,0,1,0.0,0.0,negative,2.5,0.0,tiki_172176145,tiki
5.0,5,0.0,0,0,1,0.0,0.0,negative,2.5,0.0,tiki_129937248,tiki
4.6,5,0.0,0,0,1,0.0,0.0,negative,2.5,0.0,tiki_119719065,tiki
4.8,5,0.0,0,0,1,0.0,0.0,negative,2.5,0.0,tiki_175846952,tiki
5.0,5,0.0,0,0,1,0.0,0.0,negative,2.5,0.0,tiki_177998498,tiki
5.0,5,0.0,0,0,1,0.0,0.0,negative,2.5,0.0,tiki_41258304,tiki
4.2,5,0.0,0,0,1,0.0,0.0,negative,2.5,0.0,tiki_203717602,tiki
4.8,5,0.0,0,0,1,0.0,0.0,negative,2.5,0.0,tiki_276070213,tiki
4.4,5,0.0,0,0,1,0.0,0.0,negative,2.5,0.0,tiki_20648174,tiki
4.6,5,0.0,0,0,1,0.0,0.0,negative,2.5,0.0,tiki_42561566,tiki
4.4,5,0.0,0,0,1,0.0,0.0,negative,2.5,0.0,tiki_205899763,tiki
4.0,5,0.0,0,0,1,0.0,0.0,negative,2.5,0.0,tiki_42662455,tiki
3.8,5,0.0,0,0,1,0.0,0.0,negative,2.5,0.0,tiki_176270662,tiki
4.8,5,0.0,0,0,1,0.0,0.0,negative,2.5,0.0,tiki_197653924,tiki
5.0,5,0.0,0,0,1,0.0,0.0,negative,2.5,0.0,tiki_437353,tiki
4.2,5,0.0,0,0,1,0.0,0.0,negative,2.5,0.0,tiki_437507,tiki
5.0,5,0.0,0,0,1,0.0,0.0,negative,2.5,0.0,tiki_101089453,tiki
5.0,5,0.0,0,0,1,0.0,0.0,negative,2.5,0.0,tiki_277614251,tiki
5.0,5,0.0,0,0,1,0.0,0.0,negative,2.5,0.0,tiki_173904566,tiki
4.8,5,0.0,0,0,1,0.0,0.0,negative,2.5,0.0,tiki_32527265,tiki
3.2,5,0.0,0,0,1,0.0,0.0,negative,2.5,0.0,tiki_46427479,tiki
5.0,5,0.0,0,0,1,0.0,0.0,negative,2.5,0.0,tiki_275662684,tiki
4.6,5,0.0,0,0,1,0.0,0.0,negative,2.5,0.0,tiki_199916805,tiki
5.0,5,0.0,0,0,1,0.0,0.0,negative,2.5,0.0,lazada_3204704241,lazada
4.6,5,0.0,0,0,1,0.0,0.0,negative,2.5,0.0,tiki_4688899,tiki
4.6,5,0.0,0,0,1,0.0,0.0,negative,2.5,0.0,tiki_32593270,tiki
4.2,5,0.0,0,0,1,0.0,0.0,negative,2.5,0.0,tiki_215456892,tiki
4.0,5,0.0,0,0,1,0.0,0.0,negative,2.5,0.0,tiki_275613461,tiki
5.0,5,0.0,0,0,1,0.0,0.0,negative,2.5,0.0,tiki_124045045,tiki
4.8,5,0.0,0,0,1,0.0,0.0,negative,2.5,0.0,tiki_47965212,tiki
4.2,5,0.0,0,0,1,0.0,0.0,negative,2.5,0.0,tiki_481722,tiki
4.2,5,0.0,0,0,1,0.0,0.0,negative,2.5,0.0,tiki_15621056,tiki
5.0,5,0.0,0,0,1,0.0,0.0,negative,2.5,0.0,tiki_155880585,tiki
3.2,5,0.0,0,0,1,0.0,0.0,negative,2.5,0.0,tiki_4819049,tiki
4.6,5,0.0,0,0,1,0.0,0.0,negative,2.5,0.0,tiki_275417332,tiki
4.8,5,0.0,0,0,1,0.0,0.0,negative,2.5,0.0,tiki_48279670,tiki
4.0,5,0.0,0,0,1,0.0,0.0,negative,2.5,0.0,tiki_11661093,tiki
4.2,5,0.0,0,0,1,0.0,0.0,negative,2.5,0.0,tiki_32802129,tiki
5.0,5,0.0,0,0,1,0.0,0.0,negative,2.5,0.0,tiki_275407262,tiki
5.0,5,0.0,0,0,1,0.0,0.0,negative,2.5,0.0,tiki_208643937,tiki
5.0,5,0.0,0,0,1,0.0,0.0,negative,2.5,0.0,tiki_155675049,tiki
5.0,5,0.0,0,0,1,0.0,0.0,negative,2.5,0.0,tiki_11594750,tiki
3.8,5,0.0,0,0,1,0.0,0.0,negative,2.5,0.0,tiki_275274580,tiki
4.6,5,0.0,0,0,1,0.0,0.0,negative,2.5,0.0,tiki_49352274,tiki
4.6,5,0.0,0,0,1,0.0,0.0,negative,2.5,0.0,tiki_49858431,tiki
4.2,5,0.0,0,0,1,0.0,0.0,negative,2.5,0.0,tiki_33762361,tiki
4.8,5,0.0,0,0,1,0.0,0.0,negative,2.5,0.0,tiki_4995519,tiki
3.4,5,0.0,0,0,1,0.0,0.0,negative,2.5,0.0,tiki_179750204,tiki
4.6,5,0.0,0,0,1,0.0,0.0,negative,2.5,0.0,tiki_275221336,tiki
4.8,5,0.0,0,0,1,0.0,0.0,negative,2.5,0.0,tiki_177145547,tiki
3.8,5,0.0,0,0,1,0.0,0.0,negative,2.5,0.0,tiki_153046667,tiki
5.0,5,0.0,0,0,1,0.0,0.0,negative,2.5,0.0,tiki_208061873,tiki
4.0,5,0.0,0,0,1,0.0,0.0,negative,2.5,0.0,tiki_502041,tiki
5.0,5,0.0,0,0,1,0.0,0.0,negative,2.5,0.0,tiki_217720306,tiki
5.0,5,0.0,0,0,1,0.0,0.0,negative,2.5,0.0,tiki_3237479,tiki
4.4,5,0.0,0,0,1,0.0,0.0,negative,2.5,0.0,tiki_50301417,tiki
5.0,5,0.0,0,0,1,0.0,0.0,negative,2.5,0.0,lazada_3197213519,lazada
4.0,5,0.0,0,0,1,0.0,0.0,negative,2.5,0.0,tiki_274986401,tiki
4.8,5,0.0,0,0,1,0.0,0.0,negative,2.5,0.0,tiki_169277279,tiki
4.8,5,0.0,0,0,1,0.0,0.0,negative,2.5,0.0,tiki_274951994,tiki
5.0,5,0.0,0,0,1,0.0,0.0,negative,2.5,0.0,tiki_106390567,tiki
4.6,5,0.0,0,0,1,0.0,0.0,negative,2.5,0.0,tiki_34683178,tiki
4.0,5,0.0,0,0,1,0.0,0.0,negative,2.5,0.0,tiki_22092320,tiki
5.0,5,0.0,0,0,1,0.0,0.0,negative,2.5,0.0,tiki_274925098,tiki
4.4,5,0.0,0,0,1,0.0,0.0,negative,2.5,0.0,tiki_51197092,tiki
5.0,5,0.0,0,0,1,0.0,0.0,negative,2.5,0.0,tiki_179981076,tiki
5.0,5,0.0,0,0,1,0.0,0.0,negative,2.5,0.0,tiki_52865765,tiki
3.8,5,0.0,0,0,1,0.0,0.0,negative,2.5,0.0,tiki_53023106,tiki
5.0,5,0.0,0,0,1,0.0,0.0,negative,2.5,0.0,tiki_110670613,tiki
4.2,5,0.0,0,0,1,0.0,0.0,negative,2.5,0.0,tiki_176071891,tiki
5.0,5,0.0,0,0,1,0.0,0.0,negative,2.5,0.0,lazada_3191319854,lazada
4.8,5,0.0,0,0,1,0.0,0.0,negative,2.5,0.0,tiki_54624882,tiki
4.6,5,0.0,0,0,1,0.0,0.0,negative,2.5,0.0,tiki_273962176,tiki
4.2,5,0.0,0,0,1,0.0,0.0,negative,2.5,0.0,tiki_147662361,tiki
2.6,5,0.0,0,0,1,0.0,0.0,negative,2.5,0.0,tiki_35362751,tiki
4.2,5,0.0,0,0,1,0.0,0.0,negative,2.5,0.0,tiki_22361465,tiki
3.6,5,0.0,0,0,1,0.0,0.0,negative,2.5,0.0,tiki_273930440,tiki
4.8,5,0.0,0,0,1,0.0,0.0,negative,2.5,0.0,tiki_273909925,tiki
5.0,5,0.0,0,0,1,0.0,0.0,negative,2.5,0.0,tiki_14714433,tiki
4.8,5,0.0,0,0,1,0.0,0.0,negative,2.5,0.0,tiki_147118945,tiki
4.6,5,0.0,0,0,1,0.0,0.0,negative,2.5,0.0,tiki_22478949,tiki
4.6,5,0.0,0,0,1,0.0,0.0,negative,2.5,0.0,tiki_273690198,tiki
4.4,5,0.0,0,0,1,0.0,0.0,negative,2.5,0.0,tiki_569586,tiki
4.2,5,0.0,0,0,1,0.0,0.0,negative,2.5,0.0,tiki_273634098,tiki
4.2,5,0.0,0,0,1,0.0,0.0,negative,2.5,0.0,tiki_273623525,tiki
5.0,5,0.0,0,0,1,0.0,0.0,negative,2.5,0.0,tiki_179981224,tiki
5.0,5,0.0,0,0,1,0.0,0.0,negative,2.5,0.0,tiki_277942561,tiki
4.4,5,0.0,0,0,1,0.0,0.0,negative,2.5,0.0,tiki_225937626,tiki
4.6,5,0.0,0,0,1,0.0,0.0,negative,2.5,0.0,tiki_106225674,tiki
5.0,5,0.0,0,0,1,0.0,0.0,negative,2.5,0.0,tiki_58530502,tiki
4.6,5,0.0,0,0,1,0.0,0.0,negative,2.5,0.0,tiki_225960182,tiki
4.4,5,0.0,0,0,1,0.0,0.0,negative,2.5,0.0,tiki_58903227,tiki
4.8,5,0.0,0,0,1,0.0,0.0,negative,2.5,0.0,tiki_273271980,tiki
4.6,5,0.0,0,0,1,0.0,0.0,negative,2.5,0.0,tiki_59392915,tiki
5.0,5,0.0,0,0,1,0.0,0.0,negative,2.5,0.0,tiki_277063012,tiki
4.8,5,0.0,0,0,1,0.0,0.0,negative,2.5,0.0,tiki_273256240,tiki
3.4,5,0.0,0,0,1,0.0,0.0,negative,2.5,0.0,tiki_100276049,tiki
4.2,5,0.0,0,0,1,0.0,0.0,negative,2.5,0.0,tiki_59401904,tiki
4.8,5,0.0,0,0,1,0.0,0.0,negative,2.5,0.0,tiki_59428911,tiki
3.8,5,0.0,0,0,1,0.0,0.0,negative,2.5,0.0,tiki_60082892,tiki
3.4,5,0.0,0,0,1,0.0,0.0,negative,2.5,0.0,tiki_276962508,tiki
3.0,5,0.0,0,0,1,0.0,0.0,negative,2.5,0.0,tiki_14381174,tiki
3.8,5,0.0,0,0,1,0.0,0.0,negative,2.5,0.0,tiki_602609,tiki
4.6,5,0.0,0,0,1,0.0,0.0,negative,2.5,0.0,tiki_64451967,tiki
5.0,5,0.0,0,0,1,0.0,0.0,negative,2.5,0.0,tiki_106225658,tiki
4.6,5,0.0,0,0,1,0.0,0.0,negative,2.5,0.0,tiki_272400934,tiki
3.6,5,0.0,0,0,1,0.0,0.0,negative,2.5,0.0,tiki_36145468,tiki
4.4,5,0.0,0,0,1,0.0,0.0,negative,2.5,0.0,tiki_29820812,tiki
4.8,5,0.0,0,0,1,0.0,0.0,negative,2.5,0.0,tiki_208061123,tiki
5.0,5,0.0,0,0,1,0.0,0.0,negative,2.5,0.0,tiki_68591568,tiki
3.6,5,0.0,0,0,1,0.0,0.0,negative,2.5,0.0,tiki_698152,tiki
4.8,5,0.0,0,0,1,0.0,0.0,negative,2.5,0.0,tiki_271504573,tiki
5.0,5,0.0,0,0,1,0.0,0.0,negative,2.5,0.0,tiki_71072216,tiki
4.8,5,0.0,0,0,1,0.0,0.0,negative,2.5,0.0,tiki_202242036,tiki
4.8,5,0.0,0,0,1,0.0,0.0,negative,2.5,0.0,tiki_277924131,tiki
4.2,5,0.0,0,0,1,0.0,0.0,negative,2.5,0.0,tiki_7152321,tiki
4.6,5,0.0,0,0,1,0.0,0.0,negative,2.5,0.0,tiki_138463774,tiki
4.6,5,0.0,0,0,1,0.0,0.0,negative,2.5,0.0,tiki_23028879,tiki
4.4,5,0.0,0,0,1,0.0,0.0,negative,2.5,0.0,tiki_270790556,tiki
4.8,5,0.0,0,0,1,0.0,0.0,negative,2.5,0.0,tiki_116406684,tiki
4.4,5,0.0,0,0,1,0.0,0.0,negative,2.5,0.0,tiki_137998563,tiki
4.8,5,0.0,0,0,1,0.0,0.0,negative,2.5,0.0,tiki_177616745,tiki
4.2,5,0.0,0,0,1,0.0,0.0,negative,2.5,0.0,tiki_16754604,tiki
