title,url,price,rating,shop
Bộ máy tính PC Thiết kế đồ Họa Chơi Game Ram 8GB Ổ Cứng SSD Vga HD 7000 series,https://www.lazada.vn/products/pdp-i1991380203.html,1.562.000 ₫,4.0,17 Đã bán
Thùng PC Máy bộ Hp 600G3 sff siêu bền Core i3 7100 Ram8g ssd 120gb,https://www.lazada.vn/products/pdp-i3157615943.html,1.679.000 ₫,,
Máy tính để bàn chơi game AMD R7 Ram 8GB SSD 120GB bảo hành 12 tháng,https://www.lazada.vn/products/pdp-i2623881707.html,2.099.000 ₫,,
Cây Máy Tính Dell Để Bàn Vostro 3268 Tích Hợp Sẵn Wifi Core i3 6100 Ram 8GB DDR4 Ổ Cứng SSD 256GB,https://www.lazada.vn/products/pdp-i3174461290.html,3.005.000 ₫,,
"Trọn Bộ Máy Tính Chơi Game Core i5 Ram 8GB Ổ Cứng SSD 128GB, VGA 2GB Chơi Mượt Mọi Game Liên minh, fifa 4, cs...",https://www.lazada.vn/products/pdp-i2523845883.html,2.720.000 ₫,5.0,
Bộ máy tính để bàn Nami Core i5 Ram 8GB SSD Có card rời chuyên game,https://www.lazada.vn/products/pdp-i2467477620.html,3.711.000 ₫,5.0,12 Đã bán
Cây Máy Tính Dell Để Bàn Vostro 3268 Core i5 7500 Ram 16GB DDR4 Ổ Cứng SSD 256GB Tích Hợp Sẵn Wifi,https://www.lazada.vn/products/pdp-i3175887248.html,3.547.000 ₫,,
[Bán chạy] Cây máy tính để bàn Dell OptiPlex 7060 Core i7 8700 RAM 16GB Ổ Cứng SSD 512GB +HDD 1TB Bảo Hành 12 Tháng,https://www.lazada.vn/products/pdp-i2602382535.html,5.275.000 ₫,,
"MÁY TÍNH DELL OPTIPLEX 3070 SFF, I5 9400, RAM4 16GB, SSD 256GB NVME - Bao hành 12 tháng",https://www.lazada.vn/products/pdp-i2381964060.html,5.690.000 ₫,,
Cây Máy Tính Dell Để Bàn Vostro 3268 Core i7 6700 Ram 16GB DDR4 Ổ Cứng SSD 256GB Tích Hợp Sẵn Wifi,https://www.lazada.vn/products/pdp-i3174405798.html,4.071.000 ₫,,
Cây máy tinh để bàn Dell Optiplex 3070/5070 SFF Core i5 9400 Ram 8GB Ổ Cứng SSD 256GB Bảo hành 12 tháng kèm quà tặng,https://www.lazada.vn/products/pdp-i2507337036.html,4.992.000 ₫,,
"Bộ máy tính để bàn làm việc cho văn phòng, trường học Dell Optiplex 3020 + Màn hình 19 inch Provision Cấu hình core i7 4770 Ram 4GB, 8GB, 16GB, SSD 120GB/240GB + Quà Tặng bàn phím chuột dell",https://www.lazada.vn/products/pdp-i1856757534.html,4.810.000 ₫,,
"Máy tính TYNI Dell Optiplex 3050 SFF core i5,ram 8GB SSD 256GB nvme siêu nhanh cho văn phòng",https://www.lazada.vn/products/pdp-i2375417868.html,3.990.000 ₫,5.0,
"Bộ Máy Tính Để Bàn Chơi Game Core i5 4570 Ram 16GB SSD 128GB+HDD 500GB, Card Màn Hình 750TI 4GB Tặng Bộ Phím Chuột Game",https://www.lazada.vn/products/pdp-i2540421386.html,6.066.000 ₫,,
"Bộ Máy Tính Để Bàn Chơi Game Core i5 6500 Ram 16GB SSD 128GB+HDD 500GB, Card Màn Hình 750TI 4GB, Màn Hình 24 Inch Cong Full Viền Tặng Bộ Phím Chuột Game. Bảo HÀNH 12 Tháng",https://www.lazada.vn/products/pdp-i2541422175.html,6.825.000 ₫,,
Máy Tính Để Bàn Dell Precision 3420 SFF Core i7 7700 Ram 16GB DDR4 Ổ Cứng SSD 512GB Bảo Hành 12 Tháng,https://www.lazada.vn/products/pdp-i2491201374.html,4.665.000 ₫,,
"Bộ Máy Tính Để Bàn Chơi Game Core i3 i5 i7 Ram 8GB SSD 256GB, VGA 4GB, Màn Hình 24 inch Gaming CHƠI FIFA,LOL,ĐỘT KÍCH,PUG.. Chiến Mọi Game - Bảo Hành 12 Tháng",https://www.lazada.vn/products/pdp-i2277049644.html,5.520.000 ₫,,
Máy tính TYNI Dell Optiplex 3050 SFF core i7 7700 ổ SSD Nvme tốc độ cao cho Văn Phòng,https://www.lazada.vn/products/pdp-i2375492608.html,5.350.000 ₫,5.0,
"Máy Tính Chơi Game Core i5 | RAM 16GB | SSD 240GB | PC Giá Rẻ Chuyên Liên Minh, FIFA, Valorant, Đột Kích, GTA 5",https://www.lazada.vn/products/pdp-i2948714686.html,5.415.000 ₫,,
"Máy tính All In One G33 I7- 4TH Ram 16GB SSD 256GB, Màn hình 24 inch - AOC bảo hành 2 năm",https://www.lazada.vn/products/pdp-i3174395627.html,6.800.000 ₫,,
Bộ máy tính G41 III thanh lý văn phòng giá rẻ TẶNG PHÍM mini MỚI + CHUỘT,https://www.lazada.vn/products/pdp-i2233568635.html,1.499.000 ₫,,
Trọn bộ máy tính văn phòng DELL 3050 Core i5-6500 kèm màn hình 20inch. Bảo hành 12 tháng 1 đổi 1. Tặng kèm USB thu Wifi và miếng lót chuột,https://www.lazada.vn/products/pdp-i3060295462.html,3.295.000 ₫,,
"Bộ Máy Tính Để Bàn Chơi Game Core i3 i5 i7 Ram 16GB SSD 128GB+HDD 500GB, Card Màn Hình 730 4GB Tặng Bộ Phím Chuột Game",https://www.lazada.vn/products/pdp-i2522583886.html,4.855.000 ₫,,
"FULL Bộ Máy Tính Để Bàn DELL i5 4570 Ram 4GB SSD 120GB và Màn Hình Máy Tính 19 inch. Tặng Kèm Bàn Phím, Chuột DELL Chính Hãng, Usb Wifi Và Bàn Di Chuột.Hàng Nhập Khẩu - Bảo Hành 12 Tháng",https://www.lazada.vn/products/pdp-i1759305470.html,3.598.000 ₫,,
Bộ Máy tính văn phòng Giá Rẻ - HP Pro 6300 Core I7 kèm màn hình 20inch Bảo hành 12 tháng 1 đổi 1Tặng kèm USB thu Wifi và miếng lót chuột,https://www.lazada.vn/products/pdp-i3060394008.html,2.950.000 ₫,,
"Máy Tính Bộ Để Bàn Dell Optiplex 7050MT Cho Văn Phòng Core i3 6100 Ram 8GB DDR4, Ổ Cứng SSD 120GB Tặng USB Thu Wifi, Lót Chuột, Bảo Hành 12 Tháng Lỗi 1 Đổi 1",https://www.lazada.vn/products/pdp-i2545581561.html,2.946.000 ₫,,
Mini pc Intel NUC7i7BNH core i7 RAM 8GB SSD 256GB- bật 24/7 giá chỉ 4390k,https://www.lazada.vn/products/pdp-i2522046993.html,4.390.000 ₫,5.0,
"Mini PC REATAN S6 Intel Core i5-12450H Bosgame P2 Gen 12 – Nhỏ Gọn, Hiệu Năng Cao, Tiết Kiệm Điện",https://www.lazada.vn/products/pdp-i3202269417.html,6.390.000 ₫,,
Mini PC đồng bộ Dell Optiplex 7080 3080 10500T i3-10305T nhỏ gọn,https://www.lazada.vn/products/pdp-i3160660343.html,5.500.000 ₫,,
Máy tính mini PC để bàn Lenovo Thinkcentre M700 / M900 - Đẳng cấp doanh nhân - HÀNG CHÍNH HÃNG,https://www.lazada.vn/products/pdp-i2205595208.html,2.690.000 ₫,5.0,48 Đã bán
Máy Tính Bàn Chơi Game Nguyên Bộ Core i5 RAM 16GB SSD 240GB Màn Hình Full HD 22 Inch Phím Chuột LED Giá Rẻ,https://www.lazada.vn/products/pdp-i2949008274.html,5.415.000 ₫,,
Máy bộ Dell Vostro 3671MT Core i3 i5 i7 9700 renew như mới Bảo hành 12 tháng...,https://www.lazada.vn/products/pdp-i2269170060.html,5.150.000 ₫,,
Cây Máy Tính Để Bàn Dell Optiplex 3060 SFF Core i3 8100 Ram 8GB DDR4 Ổ Cứng SSD 128GB Bảo Hành 12 Tháng Lỗi 1 Đổi 1,https://www.lazada.vn/products/pdp-i2506414559.html,3.765.000 ₫,,
PC Core i5 RAM 8GB SSD 120GB Có Card Rời - Máy Tính Gaming Giá Rẻ,https://www.lazada.vn/products/pdp-i2948927152.html,4.479.000 ₫,,
"Mini PC M3 Intel N150, Thế Hệ 12, Ram 8GB, SSD 512GB, Window 11 Giải Pháp Hoàn Hảo Cho Công Việc - BH 3 Năm",https://www.lazada.vn/products/pdp-i3175247423.html,6.500.000 ₫,5.0,
Nguyên bộ máy tính core i5 ram 8gb ssd có card rời chơi game,https://www.lazada.vn/products/pdp-i2465538524.html,2.575.000 ₫,4.0,34 Đã bán
Máy đồng bộ Dell Optiplex 390 SFF Desktop + 01 card đồ họa Asus 730 2G DDR5,https://www.lazada.vn/products/pdp-i2346202487.html,1.500.000 ₫,,
Bộ Máy Tính PC Gaming chuyên Đồ họa Corel cấu hình cao,https://www.lazada.vn/products/pdp-i1994585295.html,2.192.000 ₫,4.0,76 Đã bán
"Bộ máy tính văn phòng, chơi game giá rẻ (Ram 4GB, Card 2gb) tùy cấu hình +Tặng USB wifi",https://www.lazada.vn/products/pdp-i2332290669.html,1.389.000 ₫,5.0,
Máy Tính Đồng Bộ Dell Optiplex 3020/7020/9020 [ThanhBinhPC] Bộ Máy Tính Bàn - Bảo Hành 12 Tháng - Tặng USB thu Wifi,https://www.lazada.vn/products/pdp-i1679149461.html,1.250.000 ₫,5.0,133 Đã bán
"Cây máy tính H81 CPU Core I5 4460, Ram 8GB, SSD 240GB Tặng USB wifi",https://www.lazada.vn/products/pdp-i2039994719.html,1.300.000 ₫,5.0,8 Đã bán
"ACEMAGIC | Máy Tính Để Bàn Mini AI Cao Cấp Cho Văn Phòng, Trò Chơi, Gia Đình",https://www.lazada.vn/products/pdp-i3183946244.html,11.614.000 ₫,4.0,
"Máy tính Dell OptiPlex 5260 AIO core i3 gen 8, ram 8gb, ổ ssd 256GB, wifi cho văn phòng",https://www.lazada.vn/products/pdp-i2375487124.html,8.500.000 ₫,,
Cây máy tinh để bàn Dell Optiplex 5070 SFF Core i7 9700 Ram 16GB Ổ Cứng SSD 512GB Bảo hành 12 tháng kèm quà tặng,https://www.lazada.vn/products/pdp-i2507173956.html,7.105.000 ₫,,
[SALE OFF 30%] Bộ máy tính để bàn All in One 24''CORE i3 6100T,https://www.lazada.vn/products/pdp-i2151943370.html,7.900.000 ₫,,
"Cây máy tính HP Core i7,i5,i3 | Ram 8GB | SSD256 chính hãng 6300SFF| ổn định,bền bỉ,nhỏ gọn .Tặng USB thu WIFI",https://www.lazada.vn/products/pdp-i3059441946.html,1.850.000 ₫,,
"Bộ máy tính để bàn làm việc cho văn phòng, trường học + Màn hình 24 inch Provision Cấu hình core i3, i5 i7 Ram 4GB, SSD 120GB + Quà Tặng bàn phím chuột chuyên Game LED",https://www.lazada.vn/products/pdp-i1802566209.html,3.952.000 ₫,,
"Máy PC Gaming Core i7 8700 / Ram 16GB / Nvme 512GB / RX580 8G chiến Pubg, Gata5, Fo4, làm đồ hoạ, Render Video,...",https://www.lazada.vn/products/pdp-i3176038602.html,5.150.000 ₫,,
"Máy trạm Dell Precision T1700 SFF Cấu Hình Core i3 4130 Ram 4GB SSD 240GB Tặng USB Thu Wifi Và Bàn Di Chuột, Case Máy Tính Để Bàn, Máy Tính Đồng Bộ Dell, Máy Tính Văn Phòng, Học Tập, Live Stream. Bảo Hành Chính Hãng",https://www.lazada.vn/products/pdp-i1775045507.html,2.240.000 ₫,,
"Dell đồng bộ Dell Core i7 6700/ Ram 16GB / SSD 256GB. Máy đẹp 99%, zin 100%, còn box.",https://www.lazada.vn/products/pdp-i2200267405.html,4.650.000 ₫,4.0,8 Đã bán
"Bộ PC Gaming Core i5 RAM 8GB SSD 120GB Card Rời Giá Tốt Chuyên Game Online Liên Minh, FIFA, GTA 5, Đột Kích",https://www.lazada.vn/products/pdp-i2948921122.html,4.479.000 ₫,,
[Trả góp 0%]Máy tính văn phòng Dell 7010 core i3 core i5 Bảo Hành 12 tháng nhập khẩu,https://www.lazada.vn/products/pdp-i1111408924.html,1.350.000 ₫,,
MÁY TÍNH ĐỒNG (ALL IN ONE) - HP 600G2 CORE I5 6500 RAM 8G SSD 256G 21.5INCH FHD,https://www.lazada.vn/products/pdp-i2770625226.html,6.460.000 ₫,,
"Bộ máy tính để bàn AIO All-in-one Yunsi Y240N-7700 23.8 inch, hỗ trợ 5G, 16GB - Kèm sạc + chuột + bàn phím",https://www.lazada.vn/products/pdp-i3123047419.html,8.999.000 ₫,,
"Máy trạm Dell Precision T1700 SFF Cấu Hình Core i7 4770 Ram 16GB SSD 240GB + HDD 500GB , Tặng USB Thu Wifi Và Bàn Di Chuột, Case Máy Tính Để Bàn, Máy Tính Đồng Bộ Dell, Máy Tính Văn Phòng, Học Tập, Live Stream. Bảo Hành Chính Hãng",https://www.lazada.vn/products/pdp-i1775454926.html,3.088.000 ₫,,
"PC LENOVO V530 mạnh mẽ, ngoại hình đẹp, học tập, giải trí mượt, hàng đã sử dụng",https://www.lazada.vn/products/pdp-i3042035723.html,1.625.462 ₫,,
"Bộ máy tính để bàn PC Gaming + Màn hình 22inch FULL viền cấu hình core i7, i5, ram 8GB SSD 120GB Card VGA 2GB chiến game PUBG mobile, PUBG lite, LOL, CF đột kích, Fifa, Cs + Quà Tặng bàn phím chuột chuyên Game LED",https://www.lazada.vn/products/pdp-i1525904868.html,6.862.000 ₫,,
[Trả góp 0%]Máy tính Dell optiplex 990 Core i7 - Ram 8gb - Hdd 2tb(2000gb ) - Hàng nhập khẩu CM 990.,https://www.lazada.vn/products/pdp-i200032766.html,5.805.500 ₫,,
Bộ máy tính HP Core i5 Ram 4GB SSD 128GB tốc độ cao siêu nhanh _APGaming,https://www.lazada.vn/products/pdp-i2126740487.html,2.383.000 ₫,5.0,16 Đã bán
Mini Pc cấu hình cao Nuc11 i5 RAM 16GB bật 24/7- GIÁ CHỈ 6.99 TRIỆU,https://www.lazada.vn/products/pdp-i2989162037.html,6.990.000 ₫,,
Máy tính Mini PC Dell Optiplex 3060 Micro Core i3 i5 8100T/8500T | RAM 8GB/16GB | NVMe 128/256/512GB | Wifi/Bluetooth | Bảo hành 3 tháng,https://www.lazada.vn/products/pdp-i2109572764.html,4.039.000 ₫,5.0,13 Đã bán
PC Gaming Thùng PC mạnh mẽ sẵn nhiều game hay,https://www.lazada.vn/products/pdp-i2328499413.html,9.800.900 ₫,,
Máy tính để bàn All in one Dell Inspiron 3277.cpu i3 7100.ram 8.ssd 128+500g.hang cũ hình thức đẹp 90%,https://www.lazada.vn/products/pdp-i3181076210.html,6.950.000 ₫,,
Bộ máy tính Mới 100%...Core i5 9400F + Ram 16G + RX 580-8GB + Màn hình 24in FHD,https://www.lazada.vn/products/pdp-i2667842736.html,9.300.000 ₫,,
"Cây máy tính đồng bộ DELL CPU Core i7, ram 8GB, ổ cứng SSD 240GB. Tặng Phím Chuột. Hàng Nhập Khẩu",https://www.lazada.vn/products/pdp-i2063291592.html,3.900.000 ₫,,
"Bộ Máy Tính Để Bàn Chơi Game Core i5 12400F Ram 16GB Ổ Cứng SSD 256GB, VGA 1060 3GB DDR5 + Màn hình 24 inch K-Vision Cong Full Viền 75Hz/IPS/VGA/HDMI Tặng Kèm Bàn Phím Chuột Game Led",https://www.lazada.vn/products/pdp-i2408519597.html,8.260.000 ₫,,
Máy tính để bàn DELL Core i7 4770 Optiplex 3020/7020/9020 | Ram 16GB | SSD240 |Tặng USB WIFI,https://www.lazada.vn/products/pdp-i2214006862.html,2.290.000 ₫,5.0,60 Đã bán
Cây máy tính H110 Core I3 | Ram 8GB | SSD 240GB,https://www.lazada.vn/products/pdp-i2427709894.html,1.600.000 ₫,,
"máy Dell đồng bộ văn phòng Core i5 ( 4 nhân, 4 luồng 3,40GHZ)Ram 4GB, Ổ cứng 500GB, mới 99%",https://www.lazada.vn/products/pdp-i2659674157.html,2.040.000 ₫,,
"Bộ máy tính chơi game Liên Minh, Pubg, Fifa online 4 Ram 4GB, SSD, Vga HD 7000 series",https://www.lazada.vn/products/pdp-i1988954656.html,2.263.000 ₫,5.0,8 Đã bán
"Máy tính Workstation Dell Precision 3420 SFF core i3 i5 i7 gen 6, Ram 8GB ổ SSD 256GB - bảo hành 12 tháng lỗi 1 đổi 1",https://www.lazada.vn/products/pdp-i2408221795.html,2.995.000 ₫,,
Cây Máy Tính Dell Để Bàn Optiplex 3050 SFF Core i5 6500 Ram 8GB DDR4 SSD 256GB Bảo Hành 12 Tháng- Tặng USB thu Wifi,https://www.lazada.vn/products/pdp-i3059547541.html,2.290.000 ₫,,
Mini Pc cấu hình cao Nuc 10 i7 RAM 16GB bật 24/7- GIÁ CHỈ 6.99 TRIỆU,https://www.lazada.vn/products/pdp-i2989144043.html,6.990.000 ₫,,
"PC Core i5 12400 / Ram 16GB / SSD 512GB làm việc văn phòng, học tập, xem phim, nghe nhạc - Máy mới 100% BH 24T",https://www.lazada.vn/products/pdp-i3183937407.html,8.500.000 ₫,,
Máy Tính Bàn Chơi Game Nguyên Bộ Core i5 RAM 8GB SSD 120GB Màn Hình Full HD 22 Inch Phím Chuột LED Giá Rẻ,https://www.lazada.vn/products/pdp-i2949001338.html,4.478.000 ₫,,
[Trả góp 0%]Máy tính chơi game i5-3470S Ram 8GB Card RX 560 4GB Case led như hình,https://www.lazada.vn/products/pdp-i380560094.html,7.650.000 ₫,,
"{ FULL } Bộ máy tính game, Bộ máy tính để bàn TDCGaming intel core i7 2600/ Ram 8gb/ Hdd 1000gb , Màn hình LG 20 inch. Tặng phím chuột giả cơ chuyên game, Bảo hành 24 tháng 1 đôi 1.",https://www.lazada.vn/products/pdp-i217424933.html,8.850.000 ₫,,
Máy tính để bàn All in one Asus v230ic.cpu i7 6700t.ram 8.ssd 256g,https://www.lazada.vn/products/pdp-i3060256171.html,8.550.000 ₫,,
[HCM][Trả góp 0%]Máy tính chơi game i5-3570 Ram 8GB Card GTX 1050 2GB,https://www.lazada.vn/products/pdp-i380526477.html,6.200.000 ₫,,
"Máy tính Đồng Bộ HP 8100 Core i7. core I5 .core I3 , Ram 4GB , SSD 120GB. Tặng kèm usb wifi + Bàn di chuột",https://www.lazada.vn/products/pdp-i2329189160.html,1.599.000 ₫,,
"Máy bộ Dell OPTILEX 7040 nhỏ gọn, Ram 8G, Window 11",https://www.lazada.vn/products/pdp-i3046229974.html,2.450.000 ₫,,
"Máy tính trạm Workstation Dell Presicion 3420 Xeon E3-1225V5, 16gb ram, 256gb SSD + 1TB HDD, nhập khẩu nguyên chiếc",https://www.lazada.vn/products/pdp-i2294831321.html,4.990.000 ₫,,
"Trọn bộ cây máy tính để bàn Core I7 DELL 3020/7020/9020 kèm màn hình DELL 20inch - Bảo hành 12 tháng lỗi 1 đổi 1. Tặng kèm USB thu Wifi, bộ bàn phím chuột văn phòng chính hãng và miếng lót chuột",https://www.lazada.vn/products/pdp-i3051774069.html,3.050.000 ₫,,
"[Trả góp 0%]Máy tính PC Game LED CPU G2020 / i7-2600 / Ram 4GB-8GB / SSD 120 - 240GB / VGA 1GB - 2GB chơi PUBG mobile, PUBG lite, LOL, CF đột kích, Fifa, Cs Go, GTA 5 ... + [QÙA TẶNG: Phím chuột Game + bàn di chuột]",https://www.lazada.vn/products/pdp-i1925108129.html,2.887.000 ₫,,
Máy tính để bàn DELL Core i7 4770 Optiplex 3020/7020/9020 | Ram 8GB | SSD256GB |Tặng USB WIFI,https://www.lazada.vn/products/pdp-i3059765090.html,2.090.000 ₫,,
Máy tính PC Mini HP EliteDesk 800 G4/G5 | i5-8500T | Ram 16GB | SSD 256GB | WIFI + Bluetooth | LikeNew - Bảo hành 12T,https://www.lazada.vn/products/pdp-i3058591110.html,4.890.000 ₫,,
Máy tính đồng bộ HP Core i5 3470 /Ram 8GB / SSD 128GB. Máy like new đẹp 99%. Máy chính hãng.,https://www.lazada.vn/products/pdp-i2124655851.html,2.150.000 ₫,,
"Máy tính Đồng Bộ , Máy tính để bàn Dell Optiplex (Core i7 2600 3.8GHZ ) BH12",https://www.lazada.vn/products/pdp-i1991782324.html,2.700.000 ₫,,
CHUWI | Máy Tính Để Bàn Mini Cao Cấp AMD Ryzen 5 6600H Truy Rọi Tia,https://www.lazada.vn/products/pdp-i3197039998.html,13.586.000 ₫,,
"Bộ máy tính CORE i5 Mạnh Siêu nhanh chơi game Liên Minh, Đột Kích ,Free Fire ,Truy Kích, Audition MỚI 95% Window 10, Màn 19 Ich",https://www.lazada.vn/products/pdp-i1779951712.html,4.550.000 ₫,,
"Máy tính đồng bộ Dell 3020 SFF intel Core i3, SSD 120 tốc độ cao cho văn phòng",https://www.lazada.vn/products/pdp-i2241456297.html,1.990.000 ₫,,
Máy tính bàn có kết nối internet Wifi win 10 ram 4gb màn hình 17inch tặng kèm bàn phím chuột - giao mẫu ngẫu nhiên,https://www.lazada.vn/products/pdp-i2634429514.html,1.970.000 ₫,,
"[RẺ NHÂT] Máy Tính Doanh Nhân, Máy tính Đồng Bộ Dell 🎁Âu Cơ Store🎁 Case PC - Đồng Bộ Dell - Dell Optiplex 7040 CPU Core i3 6th/ 16 Gb/ SSD 256 GB - Bảo hành 12T",https://www.lazada.vn/products/pdp-i2045371855.html,2.690.000 ₫,5.0,117 Đã bán
"Máy Tính All in One (i7 7700HQ, Ram 16G, Màn hình 24inch) chiến Fifa, Liên Minh, Photoshop New Box Bảo hành 12 Tháng",https://www.lazada.vn/products/pdp-i3099871587.html,5.310.000 ₫,,
"máy Dell đồng bộ văn phòng Core i5 ( 4 nhân, 4 luồng 3,40GHZ)Ram 4GB, Ổ cứng 500GB, mới 99%",https://www.lazada.vn/products/pdp-i2455686082.html,1.990.000 ₫,,
"Bộ máy tính PC Gaming Core I5 10400F Ram 16Gb, Card GTX 750Ti 4G Chơi Game GATA5, Liên Minh, Fifa",https://www.lazada.vn/products/pdp-i3153531658.html,9.060.000 ₫,,
Bộ máy tính HP Nhỏ gọn sử dụng cho văn phòng học tập và giải trí Game nhẹ,https://www.lazada.vn/products/pdp-i1111428263.html,1.325.000 ₫,,
Máy tính đồng bộ HP 8100/8300 pro small form factor i5| 8GB | SSD120GB giá rẻ,https://www.lazada.vn/products/pdp-i2454121025.html,1.350.000 ₫,,
[HCM]Máy tính để bàn G2030 - Ram 4G,https://www.lazada.vn/products/pdp-i101031173.html,890.000 ₫,4.0,161 Đã bán
Combo H61 Giga - Asuz kèm I5 2xxx Ram 4G,https://www.lazada.vn/products/pdp-i2221369062.html,490.000 ₫,5.0,19 Đã bán
Bộ máy tính văn phòng CPU 4 nhân 4 luồng - SSD 120GB - Ram 4GB,https://www.lazada.vn/products/pdp-i2005042487.html,1.847.000 ₫,5.0,7 Đã bán
Thùng máy tính bàn - Học tập _ H61- i5 2400S- Ram 8G - SSD 128,https://www.lazada.vn/products/pdp-i2302253307.html,1.250.000 ₫,5.0,12 Đã bán
[HCM]Máy tính bàn G2030- Ram 4gb,https://www.lazada.vn/products/pdp-i329946187.html,1.250.000 ₫,5.0,
Máy Tính PC WK-02 | I5 11400F | 16GB Ram | VGA GTX 1650 / RTX 3050 / RX 6600 Mới BH 36T,https://www.lazada.vn/products/pdp-i1935620076.html,11.200.000 ₫,5.0,164 Đã bán
"Máy Dell đồng bộ Core i7 4770 /Ram 8GB /SSD 128GB. Máy like new đẹp 99%, zin nguyên bản.",https://www.lazada.vn/products/pdp-i2659719174.html,2.950.000 ₫,,
"Bộ Máy Tính Đồng Bộ Dell - MH K-Vision 24 inch - Dell Optiplex 7040, CPU Core i7 6700/16Gb/SSD 240G , K- ViSION 24 IPS - BH 12T 🎁Âu Cơ Store🎁 Case PC - Đồng Bộ Dell",https://www.lazada.vn/products/pdp-i2021194841.html,4.900.000 ₫,4.0,93 Đã bán
"Bộ máy tính Core i5 6500 / 16GB Ram chơi Game, học tập, lướt net, xem phim - Màn hình 24inch New Box",https://www.lazada.vn/products/pdp-i2306219318.html,6.350.000 ₫,1.0,
[HCM]Máy tính để bàn chơi game core i5 2400 Ram 4GB Hdd 250GB (hàng chính hiệu VietNet Bảo hành 12 tháng),https://www.lazada.vn/products/pdp-i100424458.html,4.999.099 ₫,4.0,105 Đã bán
Bộ máy tính Mới 100% Core i3 12100F + GTX 1060 6Gb,https://www.lazada.vn/products/pdp-i2724507416.html,11.500.000 ₫,,
"Máy trạm workstation nhỏ gọn hiệu năng cao Lenovo Thinkstation P300 SFF, Chạy CPU Intel 4th, 4 khe Ram, nhiều cấu hình",https://www.lazada.vn/products/pdp-i3176580383.html,1.600.000 ₫,,
"Máy vi tính Nhật Fujitsu all in one màn hình 17 inch tích hợp sáng đẹp gọn ram 4Gb Win 10, Wifi Pc văn phòng học online",https://www.lazada.vn/products/pdp-i2634596306.html,1.799.000 ₫,,
Máy tính Dell workstation Precision T5810 cpu 14 core vga Quadro 4gb chuyên đồ họa,https://www.lazada.vn/products/pdp-i2375360549.html,11.550.000 ₫,,
Máy Tính Đồng Bộ Dell 💟ThanhBinhPC💟 Dell Optiplex 3050/5050 SFF ( CPU Pentium G4400 - RAM 8G- SSD 120GB - HDD 500G ) - BH 12T,https://www.lazada.vn/products/pdp-i2043081131.html,2.215.000 ₫,,
Máy tính Mini PC Asus NUC 14 Essential Mill Canyon N150 RNUC14MNK1500000 - Hàng Chính Hãng,https://www.lazada.vn/products/pdp-i3194358520.html,5.050.000 ₫,,
"ACEMAGIC | Máy Tính Mini Intel Core i9-13900HK Thế Hệ 13 Siêu Yên Tĩnh, Treo Tường Được",https://www.lazada.vn/products/pdp-i3186190313.html,12.037.000 ₫,4.0,
Máy tính để bàn nhỏ gọn ThinkCentre LENOVO ( Core i7 - 4th / Ram 8Gb / SSd 256GB ) - máy chạy Siêu nhanh - Nhỏ Gọn - Hàng chính hãng,https://www.lazada.vn/products/pdp-i2069790245.html,2.590.000 ₫,,
"Mini PC Lenovo ThinkCentre M70q Gen 5 Tiny Core i5-14400T, DDR5 5600, M.2 2280 PCIe®, Wifi 6",https://www.lazada.vn/products/pdp-i3227247112.html,10.990.000 ₫,,
"Máy tính Dell OptiPlex 5260 AIO core i7 gen 8, ram 16gb, ổ ssd 512GB, wifi cho văn phòng",https://www.lazada.vn/products/pdp-i2375413315.html,11.690.000 ₫,,
"Bộ PC Gaming trắng mới, cấu hình cao, phù hợp giải trí Game online, học tập làm việc...",https://www.lazada.vn/products/pdp-i3145851918.html,10.500.000 ₫,,
"PC Gaming i5 11400f / RTX 3060 / ram 32G / SSD 512G Case Gaming, Máy tính chơi game Giá rẻ nhất",https://www.lazada.vn/products/pdp-i3075795077.html,10.934.880 ₫,,
"máy Dell đồng bộ văn phòng Core i5, Ram 8GB, Ổ cứng 500GB, mới 99%",https://www.lazada.vn/products/pdp-i2659595437.html,2.200.000 ₫,,
Mini PC nội địa Nhật hãng EPSON Endeavor i5-10500T/Ram 16GB/SSD 256GB i3-10100T,https://www.lazada.vn/products/pdp-i2951501609.html,4.600.000 ₫,5.0,
Máy Tính Dell Optiplex 3020/7020/9020 ( I5 4570/8G/240G ) [ThanhBinhPC] PC Đồng Bộ - Cây Máy Tính Cũ - Bảo Hành 12 Tháng - Tặng USB thu Wifi,https://www.lazada.vn/products/pdp-i1679410039.html,2.350.000 ₫,5.0,33 Đã bán
Bộ máy tính Core i5 4690 + GTX 750ti 2GB/ Màn hình 22in FHD mới/tặng phím chuột led + loa âm thanh led như hình,https://www.lazada.vn/products/pdp-i2011878880.html,6.000.000 ₫,,
"MÁY TÍNH ĐỂ BÀN VSP ALL IN ONE VA221-610H/21.45""/FULL HD/60HZ",https://www.lazada.vn/products/pdp-i2648574241.html,6.664.000 ₫,,
Máy tính để bàn Tyni Dell optiplex 3050 Core i7 / i5 - Nhiều Cấu hình,https://www.lazada.vn/products/pdp-i2403759365.html,2.500.000 ₫,,
"Thùng máy tính CPU Core I5 4570 / I3 4130 giá rẻ, Ram 8G, SSD 120G",https://www.lazada.vn/products/pdp-i803826902.html,1.800.000 ₫,5.0,11 Đã bán
Thùng mày tính PC CPU HP I3 8gb Ram văn phòng siêu bền,https://www.lazada.vn/products/pdp-i2939126847.html,1.250.000 ₫,,
Máy Tính Đồng Bộ Dell 💟ThanhBinhPC💟 Dell Optiplex 3050/5050 SFF ( CPU Core i5 6500 -RAM 16GB-SSD 240GB ) - Bảo Hành 12 Tháng.,https://www.lazada.vn/products/pdp-i2043045245.html,3.290.000 ₫,,
Máy Tính Đồng Bộ Dell 💟ThanhBinhPC💟 Dell Optiplex 3050/5050 SFF ( CPU Core i3 6100 -RAM 16GB-SSD 240GB ) - Bảo Hành 12 Tháng.,https://www.lazada.vn/products/pdp-i2042984418.html,2.670.000 ₫,,
Máy Tính Để Bàn | Máy Tính PC Gaming | Máy Tính Full Bộ Giá Rẻ,https://www.lazada.vn/products/pdp-i1353115562.html,2.670.000 ₫,,
MÁY TÍNH DELL ALL IN ONE 7440 Core i7 6700T | RAM 8GB | SSD 512GB | Màn hình 24 INCH -Tấm nền IPS - FULL HD,https://www.lazada.vn/products/pdp-i2164944170.html,5.871.000 ₫,5.0,6 Đã bán
"Máy tính liền màn All In One HP Core i5 Ram 8G SSD màn 23"" Full HD đủ phím chuột webcam loa mic wifi, sẵn cắm là dùng",https://www.lazada.vn/products/pdp-i3166344230.html,3.250.000 ₫,,
"Cây máy tính đồng bộ DELL CPU Core i5, i3, Ram 8GB, Ổ cứng SSD 240GB, Tặng usb Wifi",https://www.lazada.vn/products/pdp-i2039998648.html,1.300.000 ₫,5.0,23 Đã bán
Combo H81 ASUS- i3 4130- ram 8g,https://www.lazada.vn/products/pdp-i2558944447.html,650.000 ₫,4.0,52 Đã bán
"Bộ máy tính H61 cũ chiến game, văn phòng,.. cực mượt TẶNG phím + chuột + Usb wifi",https://www.lazada.vn/products/pdp-i2094701728.html,890.000 ₫,,
"Thùng máy vi tính bàn đầy đủ phụ kiện Ram 4Gb sử dụng văn phòng làm việc, học tập",https://www.lazada.vn/products/pdp-i2634712008.html,970.000 ₫,,
Máy tính bộ PC Dell OptiPlex 7010 SFF Core i7-2600 | RAM 8GB | SSD 256GB - FullBox Bảo hành 12 tháng,https://www.lazada.vn/products/pdp-i3075684542.html,1.860.000 ₫,,
"Máy Dell đồng bộ Core i5 3470 /Ram 8GB /SSD 128GB. Máy like new đẹp 99%, zin nguyên bản.",https://www.lazada.vn/products/pdp-i2659549657.html,2.450.000 ₫,,
Mini pc Asus Chromebox 3 core i7 8550u Win11- bật 24/7- GIÁ CHỈ 3.8 TRIỆU,https://www.lazada.vn/products/pdp-i2660365434.html,3.890.000 ₫,3.8,
"Dell đồng bộ Dell Core i5 6400/ Ram 16GB / SSD 256GB. Máy đẹp, zin 100%, còn box.",https://www.lazada.vn/products/pdp-i2200230675.html,3.700.000 ₫,5.0,
"Thùng PC Plus-06 Core i7 6700, Ram 16GB RGB, VGA RX 5600XT / GTX 1660S (BH 36T)",https://www.lazada.vn/products/pdp-i2437824122.html,6.200.000 ₫,5.0,11 Đã bán
"Mini PC ASUS ExpertCenter PB63 – Intel 13 đến 14th Gen DDR5, 2x M.2, Wi-Fi 6E, VESA, Mỏng chắc",https://www.lazada.vn/products/pdp-i3185753085.html,9.990.000 ₫,,
"Máy PC Gaming i5 9400F / 750TI 4G New + Màn Hình 24"" Full HD chiến Game, Đồ Họa BH 12 Tháng",https://www.lazada.vn/products/pdp-i1662496148.html,10.470.000 ₫,5.0,
"Máy tính bàn tất cả trong một ( all one) i3 đời 3, ram 4gb, ssd 120gb có sẵn loa và Webcam",https://www.lazada.vn/products/pdp-i1467829284.html,3.700.000 ₫,5.0,
"Máy PC Core i7 / Ram 16GB / VGA 750Ti 4G chiến Liên Minh, Audition, Valorant,... Photoshop, Đồ hoạ",https://www.lazada.vn/products/pdp-i2789103002.html,6.200.000 ₫,5.0,
Bộ máy tính Mới 100% Core i3 10105F + GTX 1650-4GB DR6+ Màn hình 27in full HD,https://www.lazada.vn/products/pdp-i2631164268.html,12.800.000 ₫,,
"Máy PC Gaming Core i7 / Ram 16GB chiến mượt Liên Minh, Fifa, Audition, CF, làm Photoshop,... Bảo hành 12 Tháng",https://www.lazada.vn/products/pdp-i1457284914.html,7.100.000 ₫,1.0,
"Bộ máy tính G41 thanh lý văn phòng cũ dùng để học tập, văn phòng TẶNG phím + chuột +Tặng USB wifi",https://www.lazada.vn/products/pdp-i984846091.html,1.599.000 ₫,1.0,
Máy tính mini - HP ProDesk 600 G4 Mini (T1),https://www.lazada.vn/products/pdp-i2603723331.html,4.200.000 ₫,,
Máy Dell i7 Dell Optiplex 3020/7020/9020 ( I7 4770/8G/240G) [ThanhBinhPC] Cây Máy Tính Đồng Bộ Dell Core i7 - Bảo Hành 12 Tháng - Tặng USB thu Wifi,https://www.lazada.vn/products/pdp-i1679305434.html,3.050.000 ₫,4.0,50 Đã bán
"Bộ máy tính văn phòng G31 giá rẻ dùng học tập, văn phòng cực mượt - Tặng USB wifi",https://www.lazada.vn/products/pdp-i984852006.html,1.699.000 ₫,3.0,26 Đã bán
Máy tính Mini PC Dell Optiplex 7060 Micro 35/65W - Bảo hành 12 tháng.,https://www.lazada.vn/products/pdp-i2410568129.html,4.936.000 ₫,5.0,10 Đã bán
"Bộ Máy Vi Tính Core i5 Chiến Game Online, Học Tập, Đồ Hoạ Siêu Ngon, Bổ, Rẻ !",https://www.lazada.vn/products/pdp-i2277706597.html,3.300.000 ₫,,
"Bộ PC i3 7100 ,Ram 8G DR4 , SSD 120G + HDD 500G , màn hình 24in full HD",https://www.lazada.vn/products/pdp-i1541975345.html,8.000.000 ₫,5.0,
Mini pc Intel NUC7I7DNFE i7-8650U 8GB-GIÁ CHỈ 4.8 TRIỆU,https://www.lazada.vn/products/pdp-i2991946668.html,4.800.000 ₫,4.8,
Nguyên bộ máy vi tính văn phòng chơi game nhẹ core i3 4160 ram 8g ssd 120g + tặng kèm màn hình 17in vuông + tặng phím chuột mới new bảo hành chu đáo 1 tháng,https://www.lazada.vn/products/pdp-i2271870755.html,2.450.000 ₫,,
Máy tính bộ Mini PC Dell Optiplex 7040 Micro CPU Intel Gen 6 | Wifi/BT/Sạc,https://www.lazada.vn/products/pdp-i2212085385.html,2.425.000 ₫,,"5 Đã bán
Hồ Chí Minh"
máy tính để bàn All in one Fujitsu esprimo k558.24in.cpu i5 8500t.ram 8.ssd 512g,https://www.lazada.vn/products/pdp-i3060168453.html,11.900.000 ₫,,
Máy tính Mini PC chuyên dụng làm Proxy - intel N150 4 cổng LAN tản nhiệt không quạt,https://www.lazada.vn/products/pdp-i3210048365.html,3.198.000 ₫,,
"Máy PC LED gaming 2696 V2 (12 nhân 24 luồng) Quadro K2000 chuyên đồ họa, chơi Game Online mượt mà BH 12T",https://www.lazada.vn/products/pdp-i2393134007.html,5.600.000 ₫,,
Bộ máy tính đồng bộ core i5 + Ram 8Gb + SSD 120Gb CŨ giá rẻ chất lượng tốt +Tặng USB wifi,https://www.lazada.vn/products/pdp-i2313670356.html,2.489.000 ₫,,
Máy tính để bàn all in one Fujitsu esprimo k558.cpu i5 8500t.ram 8.ssd 256g.hinh thức đẹp 95%,https://www.lazada.vn/products/pdp-i3060217402.html,11.500.000 ₫,,
Cây máy tính Lenovo ThinkCentre Tiny Core i3-Ram 4GB-SSD 128GB. Máy chính hãng zin đẹp 97 98%. Thuộc dòng máy mini siêu nhỏ nhưng hiệu năng cao.,https://www.lazada.vn/products/pdp-i1864921273.html,2.750.000 ₫,,
Máy bộ Lenovo SFF M900 I5 6500 8g SSD 256G,https://www.lazada.vn/products/pdp-i2065733877.html,3.200.000 ₫,,
[HCM]Máy tính để bàn A4-6300K Ram 8GB VGA HD 7480D Onboard 4GB HDD 250GB,https://www.lazada.vn/products/pdp-i380528450.html,3.100.000 ₫,,
"Bộ máy tính All In One AOC A66 I5, I7 8TH RAM 16GB , SSD 512GB Màn hình 23.8 Inch - Bảo hành 3 năm",https://www.lazada.vn/products/pdp-i2911498649.html,11.500.000 ₫,5.0,271 Đã bán
Bộ máy tính văn phòng CPU Q9400 4 nhân mạnh như i5 - SSD 120GB - Ram 4GB,https://www.lazada.vn/products/pdp-i2005120448.html,820.000 ₫,4.0,7 Đã bán
MÁY TÍNH RUNZON RZ 817 FULL BOX,https://www.lazada.vn/products/pdp-i2418439047.html,131.000 ₫,,
"Trọn bộ máy tính học online, xem phim, đọc báo giá rẻ, case máy tính",https://www.lazada.vn/products/pdp-i1799547539.html,1.400.000 ₫,4.0,24 Đã bán
máy tính 570,https://www.lazada.vn/products/pdp-i2618914554.html,100.000 ₫,,
Cây máy tính để bàn LENOVO H81 CORE I5 4570 | RAM 8GB | SSD 128GB. Hàng thanh lý FPT,https://www.lazada.vn/products/pdp-i215688194.html,1.316.000 ₫,5.0,18 Đã bán
[Xả Hàng Tồn] Bộ máy tính chơi game liên minh - đột kích Ram 6GB H81 thế hệ 4,https://www.lazada.vn/products/pdp-i2340476317.html,1.287.000 ₫,4.0,15 Đã bán
"Bộ Máy Tính Để Bàn Chơi Game Core i7 4770 Ram 16GB SSD 128GB+HDD 500GB, Card Màn Hình 750TI 4GB Tặng Bộ Phím Chuột Game Bảo Hành 12 Tháng",https://www.lazada.vn/products/pdp-i2540256868.html,6.065.000 ₫,,
"[Trả góp 0%]Máy tính PC Game LED CPU G2020 / i7-2600 / Ram 4GB-8GB / SSD 120 - 240GB / VGA 1GB - 2GB chơi PUBG mobile, PUBG lite, LOL, CF đột kích, Fifa, Cs Go, GTA 5 ... + [QÙA TẶNG: Phím chuột Game + bàn di chuột]",https://www.lazada.vn/products/pdp-i1925061493.html,2.889.000 ₫,,
"Máy Tính Đồng Bộ Dell 💟ThanhBinhPC💟 Máy Tính Để Bàn - Dell Optiplex 3050/5050 SFF ( Core i3, i5, i7 ) - Bảo Hành 12 Tháng.",https://www.lazada.vn/products/pdp-i2042993893.html,2.970.000 ₫,,"5 Đã bán
Hà Nội"
"Bộ máy tính chơi Game Core i7 4770 | SSD 512GB | VGA rời 4GB | RAM 8GB và Màn hình 22 inch NEW - FULL BOX - FULL viền - Tần số 75hz. Chơi game LOL, FIFA, GTA, CF ...",https://www.lazada.vn/products/pdp-i744248278.html,5.830.000 ₫,5.0,
Máy tính để bàn chơi game H81 | Core i5 4570 | RAM 16GB | VGA GTX 1050Ti | SSD 120GB + HDD 500GB. Tặng kèm bàn phím chuột G21 chuyên game.,https://www.lazada.vn/products/pdp-i2212065888.html,3.545.000 ₫,5.0,
Bộ máy tính bàn Mới 100%...Core i5 12400F + GTX 1650-4GB D6,https://www.lazada.vn/products/pdp-i2714256532.html,14.900.000 ₫,,
"Máy tính để bàn Fujitsu Esprimo D556 core i5, ssd tốc độ cao - HÀNG NHẬT CHÍNH HÃNG SIÊU BỀN",https://www.lazada.vn/products/pdp-i3023663916.html,2.225.659 ₫,,
Bộ máy tính G41 III thanh lý văn phòng cũ dùng học tập văn phòng TẶNG phím + chuột + Usb wifi,https://www.lazada.vn/products/pdp-i1583254066.html,1.599.000 ₫,,
"AOC E99 All In One Desktop Computer Intel Core i5-12450H 16GB RAM 512GB SSD 23.8"" Screen with UPS",https://www.lazada.vn/products/pdp-i2665892107.html,15.500.000 ₫,5.0,54 Đã bán
[Trả góp 0%]Máy tính pc chơi game pc gaming VNgame 52X0 i5 2400 card rời VGA Ram 8GB Hdd 250GB chuyên lol Free fire fifa pubg,https://www.lazada.vn/products/pdp-i396030513.html,3.997.550 ₫,5.0,5 Đã bán
[HCM][Trả góp 0%]Máy tính chơi game LMHT audition VLTK Ram 8GB VGA HD 7480D share 4GB HDD 250GB case led như hình màn hình 22in phím chuột,https://www.lazada.vn/products/pdp-i280414151.html,3.100.000 ₫,,
Máy tính để bàn Lenovo ThinkCentre Neo 50t Gen 5 (12UB0004VA) i5-14400/8GB/512GB – OEM,https://www.lazada.vn/products/pdp-i3188902910.html,16.500.000 ₫,,
máy tính để bàn all in one Toshiba dynabook 513,https://www.lazada.vn/products/pdp-i3060063660.html,4.950.000 ₫,,
Máy tính để bàn chơi game Fifa online 4 AMD R7 Ram 8GB SSD 120GB,https://www.lazada.vn/products/pdp-i2624909341.html,2.099.000 ₫,5.0,
[Trả góp 0%]Máy tính đồng bộ Fujitsu D583 chipset B85 made in Japan cực bền bỉ hỗ trợ chơi GAME,https://www.lazada.vn/products/pdp-i1111430502.html,1.850.000 ₫,5.0,
Máy tính đồng bộ HP 8100/8300 pro small form factor i5| 8GB | SSD120GB giá rẻ,https://www.lazada.vn/products/pdp-i2434056462.html,1.350.000 ₫,5.0,
[HCM]Máy tính khủng PC Gaming intel i5 6400 H110 RAM 32GB Hdd 1TB VietNet,https://www.lazada.vn/products/pdp-i130173064.html,19.750.000 ₫,,
"Mini PC ASRock X300 (Barebone) (chưa bao gồm CPU, Ram, Ổ cứng SSD/ HDD) _ Hàng chính hãng",https://www.lazada.vn/products/pdp-i2898028815.html,4.704.000 ₫,,
[HCM][Trả góp 0%]Máy tính chơi game A8-7600 Ram 8GB Card RX560 4GB 128bit Case led như hình,https://www.lazada.vn/products/pdp-i380542406.html,6.100.000 ₫,,
"Máy tính đồng bộ Dell 3020 9020 Core i3 4150, Ram 4GB, Ổ cứng 320GB, máy nguyên bản, đẹp 98%.",https://www.lazada.vn/products/pdp-i1617936918.html,2.050.000 ₫,5.0,
[Trả góp 0%]Case Máy tính đồng bộ Dell Optiplex 7020 SFF CPU intel core i7 4770 Ram 8GB Ổ cứng SSD 240GB HDD 500GB. Tặng Bàn Di Chuột và USB Thu Wifi.,https://www.lazada.vn/products/pdp-i450710463.html,3.527.750 ₫,,
"Cây máy tính để bàn mini Fujitsu Esprimo Q556 Core i5-7500, 16gb ram, 512gb SSD, nhập khẩu từ Nhật Bản",https://www.lazada.vn/products/pdp-i3066433197.html,2.500.000 ₫,,
[Trả góp 0%]Máy tính Mini PC Dell OptiPlex 5060 Micro - Core i5 8500T | 8/16GB | 256/512GB NVMe | Wifi/BT | BH 3 tháng.,https://www.lazada.vn/products/pdp-i2255373168.html,3.885.000 ₫,,
[Trả góp 0%]Máy tính đồng bộ Dell Optiplex 3020 nhỏ gọn bền bỉ hình thức đẹp core i3 core i5 BẢO HÀNH 12 THÁNG Tặng kèm USB WIFI,https://www.lazada.vn/products/pdp-i1111442173.html,1.400.000 ₫,,
Máy tính mini HP Elitedesk 800 G3 35W Cpu Intel Core i5 i7 Windows 10/11 Bản Quyền - Bảo hành 12 tháng,https://www.lazada.vn/products/pdp-i2155775971.html,3.018.000 ₫,5.0,8 Đã bán
"Bộ máy tính All In One AOC A99 N95 i5 i7 RAM 16GB , SSD 512GB Màn hình 23.8 Inch - Bảo hành 3 năm",https://www.lazada.vn/products/pdp-i2911347136.html,12.000.000 ₫,5.0,246 Đã bán
"Bộ máy tính All In One AOC E66 i5, i7-8th RAM 16GB DDR4, SSD 512GB Màn hình 23.8 Inch",https://www.lazada.vn/products/pdp-i2647415501.html,10.900.000 ₫,5.0,203 Đã bán
Máy tính để bàn Mini PC HP Pro Mini 400 G9 73D16PA (Intel Core i3-12100T| 4 GB DDR4-3200| 256 GB SSD | Intel UHD Graphics 770| Windows 11 Home),https://www.lazada.vn/products/pdp-i2654484377.html,12.550.000 ₫,,
Bộ máy tính văn phòng chơi game Ram 8GB SSD 128GB Win 10 Siêu mạnh,https://www.lazada.vn/products/pdp-i2485094513.html,1.598.000 ₫,,
"Máy tính chơi game core i5 ram 8g ssd 120g vga 8g chơi full các loại game hiện nay, giá cực tốt bh chu đáo",https://www.lazada.vn/products/pdp-i2061014348.html,3.200.000 ₫,,
"Combo main h61, ram , chip core i, ổ, nguồn ( full 1 bộ, sẵn win)",https://www.lazada.vn/products/pdp-i653618004.html,700.000 ₫,4.0,86 Đã bán
H61 GiGa/ Asuz -I3 3220- kèm fan,https://www.lazada.vn/products/pdp-i2368338415.html,320.000 ₫,4.0,8 Đã bán
[Mã 157ELSALE hoàn 7% đơn 300K] Màn hình hp L1506 cũ thanh lý văn phòng giá rẻ,https://www.lazada.vn/products/pdp-i1424902854.html,499.000 ₫,4.0,19 Đã bán
Combo H61 - I3 2xxx- Ram 8g,https://www.lazada.vn/products/pdp-i2542728088.html,420.000 ₫,4.0,24 Đã bán
"Trọn bộ máy tính học online, xem phim, đọc báo giá rẻ",https://www.lazada.vn/products/pdp-i2043542442.html,1.400.000 ₫,5.0,
"Full Bộ PC New Box i5 12400F / Ram 16GB / VGA 1660 Super 6G New Box chiến mọi Game, Làm đồ họa cực VIP BH 36 tháng",https://www.lazada.vn/products/pdp-i2257766716.html,16.800.000 ₫,5.0,
"Full bộ PC ES1 KingDom chiến Game cực mượt (Thùng máy + Màn hình 24"" + Phím chuột + Tai Nghe)",https://www.lazada.vn/products/pdp-i2033360424.html,9.430.000 ₫,5.0,
Máy Tính Đồng Bộ Dell 💟ThanhBinhPC💟 Dell Optiplex 3050/5050 SFF ( CPU Pentium G4400-RAM 8GB-SSD 120GB ) - Bảo Hành 12 Tháng.,https://www.lazada.vn/products/pdp-i2042908668.html,2.095.000 ₫,5.0,
"Barebone Dell 3010 7010 máy chính hãng, zin đẹp 98 99%",https://www.lazada.vn/products/pdp-i1904558133.html,1.650.000 ₫,5.0,
Máy tính để bàn nhỏ gọn ThinkCentre LENOVO ( Core i7 - 4th / Ram 8Gb / SSd 256GB ) - máy chạy Siêu nhanh - Nhỏ Gọn - Hàng chính hãng,https://www.lazada.vn/products/pdp-i1978756957.html,2.590.000 ₫,5.0,39 Đã bán
Bộ Máy Tính Chơi Game LMHT Giá Rẻ | Cấu Hình H61 PCN61,https://www.lazada.vn/products/pdp-i892612617.html,1.600.000 ₫,4.0,32 Đã bán
"Bộ máy tính PC Gaming WK-03 I3 10105F, VGA GTX 1060/1660Ti/1660S, 8GB Ram (BH 36 Tháng)",https://www.lazada.vn/products/pdp-i1960574782.html,7.500.000 ₫,5.0,37 Đã bán
Nguyên bộ máy vi tính core i5 3470 ram 8g ssd120g + màn hình 19in led giá chỉ 2800k,https://www.lazada.vn/products/pdp-i2372387468.html,2.800.000 ₫,5.0,
[HCM]PC máy bộ văn phòng i5 650 Ram 4GB SSD 120GB,https://www.lazada.vn/products/pdp-i1026400649.html,2.100.000 ₫,,
"Dell Optiplex 3020 I3 4150, 4G, SSD 120G BH 3 THÁNG",https://www.lazada.vn/products/pdp-i1760134976.html,1.700.000 ₫,5.0,
"Dell Optiplex 3040, CPU Core i7-6700/ RAM 16 Gb/ SSD 256 GB - Bảo hành 12T- Máy Tính Đồng Bộ Dell _ Âu Cơ Store _ Case PC - Đồng Bộ Dell",https://www.lazada.vn/products/pdp-i2033380875.html,2.490.000 ₫,4.0,13 Đã bán
"Máy PC Core i5 12400F , VGA RTX 3050 6G , Case Led Gaming chiến GATA5, PUGB, Đồ Hoạ Cao Cấp",https://www.lazada.vn/products/pdp-i2324752937.html,15.670.000 ₫,,
"Máy tính để bàn đồng bộ HP 600G1/ H81 Core i7 4th | Ram 16GB | SSD240 Minh Công ổn định,bền bỉ,nhỏ gọn | Tặng USB WIFI",https://www.lazada.vn/products/pdp-i2214315303.html,2.390.000 ₫,5.0,45 Đã bán
"Nguyên bộ máy tính văn phòng core i3, i5, i7 cấu hình cao màn hình 19in wide bảo hành 3thang-6thang giá rẻ",https://www.lazada.vn/products/pdp-i2113999801.html,2.400.000 ₫,,
PC Dell Optiplex 3000 SFF/i5-12500/8Gb/256Gb NVMe/KM/Ubuntu/Non DVD/3YPro-SNS - Hàng Chính Hãng,https://www.lazada.vn/products/pdp-i2663017582.html,15.200.000 ₫,,
"Máy tính All in One Dell Optiplex 3050 Aio Core i5-7500T, 8gb ram, 256gb SSD, màn 20inch nhập khẩu",https://www.lazada.vn/products/pdp-i2167961949.html,3.990.000 ₫,,
Dell 3050 SFF i3 7100 8G 256G A1,https://www.lazada.vn/products/pdp-i3074291285.html,4.100.000 ₫,,
Máy vi tính chơi game văn phòng chipset h81 core i5 4570 ram 8g vga rời gtx750 ssd 120g case nguồn led như hình giá 3450k,https://www.lazada.vn/products/pdp-i2257470809.html,3.450.000 ₫,,
Máy tính PC All In One AOC E99 i5-12450H i7-13620H RAM 16GB 512GB Màn hình 23.8 Inch Pin UPS tháo rời,https://www.lazada.vn/products/pdp-i2646844109.html,11.500.000 ₫,5.0,130 Đã bán
máy tính de bàn all in one Nec 22in,https://www.lazada.vn/products/pdp-i3060080759.html,3.950.000 ₫,,
Bộ PC Gaming New Core i3 9100F/Ram 8G/SSD 256G/GTX 1060 3G,https://www.lazada.vn/products/pdp-i2367151727.html,8.500.000 ₫,,
Lenovo thinkcentre M72e Core i3 3220T Ram 4GB SSD 128GB giá rẻ,https://www.lazada.vn/products/pdp-i2007767742.html,2.500.000 ₫,,
Cây Máy Tính Dell Cũ Dell Optiplex 3020/7020/9020 ( I7 4770/4G/120G ) [ThanhBinhPC] Máy Bộ Văn Phòng Giá Rẻ - Bảo Hành 12 Tháng - Tặng USB thu Wifi,https://www.lazada.vn/products/pdp-i1679357248.html,2.890.000 ₫,5.0,67 Đã bán
"Cây máy tính Lenovo ThinkStation P320 tiny Core i5-7400, 16gb ram, 512gb SSD, bản full nhập khẩu nguyên chiếc",https://www.lazada.vn/products/pdp-i2090743218.html,3.500.000 ₫,,
[Trả Góp 0%] Mini PC HP Elitedesk 800 G2 35W || CPU i5 6500T/6600T || 8/16GB RAM || 128/256/512GB NVMe || Wifi/Bluetooth,https://www.lazada.vn/products/pdp-i2153723765.html,3.550.000 ₫,,
"Máy Bộ Dell Optiplex Cho Văn Phòng Core i7 7700 Ram 16GB DDR4, Ổ Cứng SSD 512GB Tặng USB Thu Wifi, Bảo Hành 12 Tháng",https://www.lazada.vn/products/pdp-i2546356736.html,4.665.000 ₫,,
Máy tính mini pc HP Elitedesk 800 G2 65W - Core i5 6500 Wifi/BT/Adapter,https://www.lazada.vn/products/pdp-i1932289283.html,2.587.000 ₫,,
PC Intel NUC6CAY J3455 4g 120g wifi,https://www.lazada.vn/products/pdp-i2502933296.html,2.000.000 ₫,,
"Bộ máy tính để bàn Dell Core i7 intel 4th máy tính đồng bộ dùng dự án văn phòng, học tập, giải trí sản phẩm trọn bộ đầy đủ",https://www.lazada.vn/products/pdp-i2285516498.html,2.750.000 ₫,,"5 Đã bán
Hà Nội"
Máy Tính Ảo Thin Client Dell Wyse 3030 LT N06D - Đồ Cũ Nội Bài,https://www.lazada.vn/products/pdp-i3207050578.html,399.000 ₫,,
Máy tính nhúng Orange Pi Zero 3 RAM 1/2/4GB,https://www.lazada.vn/products/pdp-i2635519540.html,810.000 ₫,,
iMac 24 inches 2024 4.5K M4 - Hàng Chính Hãng,https://www.lazada.vn/products/pdp-i2907905218.html,44.990.000 ₫,,85 Đã bán
Máy tính PC Mini HP Thin Client T630| Chip AMD GX-420GI | RAM 8GB DDR4| SSD 128GB M.2 NVMe | Bảo hành 12 tháng,https://www.lazada.vn/products/pdp-i3058571450.html,1.950.000 ₫,,
"Máy sấy tóc Philips HP8132 công suất 1800W, 6 chế độ sấy, công nghệ ThermoProtect bảo vệ tóc, bảo hành 2 năm",https://www.lazada.vn/products/pdp-i3194551635.html,658.000 ₫,4.0,22 Đã bán
"Case Máy Tính Để Bàn, Máy Tính Văn Phòng HP ProDesk 400G3 Cấu Hình Core i7 6700 Ram 4GB SSD 240GB + HDD 500GB, Máy Tính Đồng Bộ, Bộ Máy Tính Cho Văn Phòng, Học Tập, Live Stream Tặng USB thu Wifi và bàn di chuột, Bảo hành 12 tháng",https://www.lazada.vn/products/pdp-i1742963536.html,3.983.000 ₫,5.0,
Máy Pha Cà Phê Hạt Mini Tự Động Tương Thích với Nespresso,https://www.lazada.vn/products/pdp-i3213839226.html,2.627.000 ₫,4.0,
"PC Gaming Core i5 RAM 16GB SSD 240GB Card Rời Chơi Liên Minh, Valorant, FIFA, GTA 5",https://www.lazada.vn/products/pdp-i2949007184.html,5.415.000 ₫,,
"Bộ PC Gaming Xenon 12 nhân 24 luồng /Ram 16G/VGA 4G / chơi mượt tất cả các Game online, đồ họa ,Corel...",https://www.lazada.vn/products/pdp-i2374825592.html,6.000.000 ₫,,
Mini PC NAS Aoostar WTR Pro Ryzen 7 5825U 144TB ⇾ 152GB | Bộ Lưu Trữ Hiệu Năng Cao AMD R7,https://www.lazada.vn/products/pdp-i3202257084.html,11.690.000 ₫,,
"Bộ PC Gaming WK-05 Core i5 13400 , Ram 16GB, VGA 1070 /2060 /3060, NVMe 500GB Mới (BH 36T)",https://www.lazada.vn/products/pdp-i2012423400.html,18.900.000 ₫,,
Máy trạm HP Z2 G9 SFF | Core i7-12700 | RAM DDR5 | SSD NVMe | Windows 11 Pro,https://www.lazada.vn/products/pdp-i3184740454.html,18.000.000 ₫,,
"Bộ PC Gaming trắng i5 13400F + RTX 3050-8GB cấu hình mạnh, chiến tất cả các Game online... học tập, làm việc quá chất",https://www.lazada.vn/products/pdp-i3154843168.html,18.700.000 ₫,,
"Máy trạm Workstation HP Z2 mini G3 Xeon E3-1225V5, 16gb Ram, 256gb SSD+500gb HDD, vga Nvidia Quadro M620, hàng nhập nguyên chiếc từ Nhật Bản",https://www.lazada.vn/products/pdp-i2824615717.html,4.500.000 ₫,,
"Mini PC ASUS INTEL NUC 13 PRO Desk Edition /I5-1340P /2x DDR4-3200/ 3xNVMe,M2 Sata/2 x HDMI 2.1 /WIFI 6E / Bluetooth 5.3 / Bạc - Hàng Chính Hãng",https://www.lazada.vn/products/pdp-i2655310545.html,15.600.000 ₫,2.1,
[Trả Góp 0%] Máy tính Mini PC Lenovo Thinkcentre M900 Tiny|| Core i5 6500T || 8/16GB RAM || 128/256/512GB NVMe || Wifi/Bluetooth/Adapter,https://www.lazada.vn/products/pdp-i2154765720.html,2.906.400 ₫,,
PC Mini Intel Nuc5P N3700 4g ssd 120g wifi,https://www.lazada.vn/products/pdp-i1956935784.html,2.300.000 ₫,,
Máy Tính PC COLOR 02 | i5 12400f | Ram 16GB RGB | VGA RTX 3050/ RTX 3060/ RTX 4060 Mới BH 36T,https://www.lazada.vn/products/pdp-i2662140713.html,15.900.000 ₫,,
"Máy tính all in one Nec Lavie GD224T Core i5-5200U, 8gb ram, 256gb SSD, màn 22inch Full HD IPS siêu sắc nét",https://www.lazada.vn/products/pdp-i2142774737.html,4.200.000 ₫,,
"Bộ PC Gaming New 100% .Core i3 10105F + GTX 1060 3GB GDDR5 thế hệ cao, văn phòng,học tập,giải trí Game online...v.v",https://www.lazada.vn/products/pdp-i2350204056.html,10.500.000 ₫,,
BỘ MÁY TÍNH HIỆU NEC i5-8400/ RAM 8G/SSD 256G ( CHƯA BAO GỒM MÀN HÌNH),https://www.lazada.vn/products/pdp-i3108970069.html,2.950.000 ₫,,
Máy tính All in one 15.6 ci3 - nhỏ gọn - thời trang văn phòng - thanh lý cũ dùng tốt,https://www.lazada.vn/products/pdp-i2341267774.html,2.800.000 ₫,,
Máy tính mini pc HP 800 G1/400 G1 MINI XEON E3 1265L V3 4X8 CORE/I3 4130T MÁY TÍNH BỘ NHỎ GỌN VĂN PHÒNG/HỌC ONLINE,https://www.lazada.vn/products/pdp-i2197522846.html,2.690.000 ₫,4.0,39 Đã bán
"máy tính Dell optilex 3050 Core i3 7100/Ram 8G DR4/ ổ cứng SSD 256G/kết nối VGA, HDMI,display port, tích hợp wifi - Bluetooth.Hàng renew đẹp như mới có hộp đầy đủ",https://www.lazada.vn/products/pdp-i2581218262.html,2.650.000 ₫,,
"Thùng PC ASTRO 02 | Ryzen 7 7700, 32GB DDR5, VGA RTX 3060 /4060/ 5060 Mới BH 36T",https://www.lazada.vn/products/pdp-i3113801691.html,26.600.000 ₫,,
"Máy tính PC Gaming WK-12 I5 12400F, VGA RTX 2060/3060, Ram 32GB siêu mạnh (BH 36 Tháng)",https://www.lazada.vn/products/pdp-i2297472729.html,20.100.000 ₫,,
[HCM][Trả góp 0%]Bộ máy tính bàn - cpu 3.0ghz - ram 4g - card vga 128 bit,https://www.lazada.vn/products/pdp-i246316217.html,1.650.000 ₫,3.0,15 Đã bán
Máy Tính Đồng Bộ Dell 🎁Âu Cơ Store🎁 Case PC - Đồng Bộ Dell - Dell Optiplex 3040 (CPU Core i5-6500/ RAM 8 Gb/ SSD 256 GB /Card đồ họa HD Intel® 530 )- Bảo hành 12T,https://www.lazada.vn/products/pdp-i2059510017.html,2.950.000 ₫,5.0,58 Đã bán
USB Wired Multi-Touch Trackpad Touchpad Mouse Slim Design for Notebook/Laptop/Desktop Computer PC Black,https://www.lazada.vn/products/pdp-i3223322689.html,856.058 ₫,,
ACEMAGIC | Máy Tính Mini Văn Phòng & Gaming Cao Cấp với Tần Số Làm Mới 8K và Mở Rộng OCuLink,https://www.lazada.vn/products/pdp-i3181718956.html,14.591.000 ₫,,
Kingston Fury con thú DDR4 RAM máy tính để bàn 4GB 8GB 16GB 2133MHz 2400MHz 2666MHz 3200MHz DIMM Trò chơi bộ nhớ DIMM 288pin,https://www.lazada.vn/products/pdp-i2394310675.html,263.000 ₫,,
Lò vi sóng cơ 20L Roler RM-3213,https://www.lazada.vn/products/pdp-i2145781231.html,999.000 ₫,5.0,95 Đã bán
CASE máy tính để bàn DELL OPTIPLEX core i7 6700 - i5 - i3 | RAM DDR4 16GB | SSD 512GB. Hàng Nhập Khẩu - Bảo hành 12 tháng lỗi 1 đổi 1.Quà Tặng xịn sò,https://www.lazada.vn/products/pdp-i200237883.html,2.486.000 ₫,4.0,299 Đã bán
"Máy rửa chén 6 bộ ( 12 chén, 6 đĩa, 6 tô...) nội địa Nhật PANASONIC inverter, có ECO tiết kiệm điện và nước, rửa nước nóng 80 độ không cần xà bông, cam kết chính hãng dùng cực kỳ bền.",https://www.lazada.vn/products/pdp-i2225819083.html,3.330.600 ₫,4.0,42 Đã bán
"Thùng máy bộ HP PRO MT đẹp, mạnh SSD 512GB, Wifi 5G, hàng đã qua sử dụng",https://www.lazada.vn/products/pdp-i3039040310.html,2.356.987 ₫,,
Mini PC Minisforum UM790 PRO Máy tính Gaming AMD Ryzen 9 R9 7940HS R7 7840HS,https://www.lazada.vn/products/pdp-i2624469604.html,10.880.100 ₫,5.0,12 Đã bán
"FULL Bộ Máy Tính Để Bàn Chơi Game core i5 chơi mượt mọi game Liên minh, fifa 4, csgo đồ họa ngon",https://www.lazada.vn/products/pdp-i2523961172.html,2.720.000 ₫,,
Máy tính Mini PC Intel NUC 6 WIFI BT,https://www.lazada.vn/products/pdp-i1594892024.html,2.100.000 ₫,3.0,7 Đã bán
"Mini PC AooStar GEM 12 Pro Max R7 8845HS 8745HS Gem12 Màn LCD, Oculink AMD Radeon 780M Tiện Dụng",https://www.lazada.vn/products/pdp-i3202069600.html,10.190.000 ₫,,
Huawei máy tính mini máy tính mini Windows 7 mini nhỏ để bàn máy tính xách tay mini CPU Linux máy chủ,https://www.lazada.vn/products/pdp-i2395069070.html,577.971 ₫,,
HuaWei Mini PC Windows XP Mini Computer Windows 7 Mini Desktop Mini Laptop Mini CPU Linux Server,https://www.lazada.vn/products/pdp-i2395033134.html,522.511 ₫,5.0,19 Đã bán
HP T620 Mini PC Windows XP Mini Computer Windows 7 Mini Desktop Mini Laptop Mini CPU Linux Server,https://www.lazada.vn/products/pdp-i3000362515.html,999.998 ₫,5.0,
"[Bán chạy Top 1] Máy tính Dell 🎁Âu Cơ Store🎁 Case PC - Đồng Bộ Dell Optiplex 7040, CPU Core i5 6500, DDR4 8Gb, SSD 240G , Hàng nhập khẩu, - Bảo hành 24 tháng",https://www.lazada.vn/products/pdp-i2065798537.html,3.990.000 ₫,,
Mini PC GMKtec K12 Ryzen 7 H-255 – 8 nhân 16 luồng | GPU Radeon 780M | USB4 & OCuLink,https://www.lazada.vn/products/pdp-i3202378067.html,10.790.000 ₫,,
[Trả góp 0%]Bộ máy tính chơi Game MÀN HÌNH 27 IN CONG Chip intel core i5 6500 - i5 9500 trên B365 H310 ram 32G ổ SSD card rời vga GTX 1050 ti rời cực mạnh pc gaming siêu đẹp giá siêu tốt thùng led gaming chơi game gata 5 fifa 4 pupg siêu mượt max seting,https://www.lazada.vn/products/pdp-i765328467.html,6.988.250 ₫,5.0,6 Đã bán
MINI PC ASUS INTEL NUC 11 Essential/ Celeron® N5105/ 2xDDR4-2933/1xNVMe/ 1x DP/ 1xHDMI/ BNUC11ATKC40000/ 90AB1ATK-MB3100 - Hàng Chính Hãng,https://www.lazada.vn/products/pdp-i2655699807.html,5.040.000 ₫,,
Máy vi tính đồ họa chơi game đồ hoạ chippet h110 ram 16g cpu core i5 6400 ssd 120g vga gtx750ti 2g ddr5 case nguồn led như hình,https://www.lazada.vn/products/pdp-i2596792313.html,4.050.000 ₫,,
Máy lạnh LG Inverter 1.5 HP IEC12G1 - Bảo hành 24 tháng HÀNG TRƯNG BÀY LIKENEW - CHƯA BAO GỒM CÔNG LẮP BH 24 THÁNG,https://www.lazada.vn/products/pdp-i3116715293.html,6.899.000 ₫,1.5,
Máy tính All In One AOC A99 N95 8GB 512GB SSD Màn hình 23.8 Inch Pin UPS tháo rời,https://www.lazada.vn/products/pdp-i2911446426.html,12.000.000 ₫,5.0,122 Đã bán
Máy trạm đồ hoạ HP Z2 Mini G4 Workstation,https://www.lazada.vn/products/pdp-i2951537341.html,6.750.000 ₫,,
"Full Bộ PC Gaming BLACK SHAD chiến mọi Game Online, GATA 5, Render Video, Photoshop",https://www.lazada.vn/products/pdp-i2141764837.html,8.750.000 ₫,5.0,
Tủ đông kháng khuẩn Kangaroo 90 lít KGFZ150NG1 - 1 ngăn 1 cánh,https://www.lazada.vn/products/pdp-i3130450988.html,4.790.000 ₫,,
"Máy Tính Đồng Bộ Dell -Âu Cơ Store- Case PC - Đồng Bộ Dell - Dell Optiplex 7040, CPU Core i5-6500-16Gb-SSD 240G - Bảo hành 12T",https://www.lazada.vn/products/pdp-i2013467749.html,2.200.000 ₫,5.0,50 Đã bán
"🔥 PC X7 GAMING Core i5 9400F Chiến Game GATA5, PUGB, FIFA, LOL, VALORANT, Đồ Họa Vi Vu",https://www.lazada.vn/products/pdp-i2675022768.html,8.470.000 ₫,,
[Lắp đặt 0Đ HCM/HN] Máy lạnh Casper Inverter ProAir 1 chiều JC-18IU36 2HP,https://www.lazada.vn/products/pdp-i3203654196.html,10.390.000 ₫,,
[Trả góp 0%][Nâng cấp] Thùng máy tính FAN LED chuyên game đồ họaedit video livestream game hiệu năng cao tối ưu trong tầm giá chơi mượt thiết lập maxsetting full hd 2k 4k các game,https://www.lazada.vn/products/pdp-i428532254.html,4.689.000 ₫,,
"Thùng PC AURA 04 | Ryzen 5 7600X, 16GB Ram | VGA RTX 3050/ RX 6600/ RTX 4060 Mới BH 36T",https://www.lazada.vn/products/pdp-i2927033186.html,18.600.000 ₫,,
"Máy lạnh TCL Inverter 1 HP TEP-10CSD/F1I - Làm Lạnh Nhanh, Tiết Kiệm Điện, Hoạt Động Êm Ái",https://www.lazada.vn/products/pdp-i3206087329.html,4.667.000 ₫,,
Máy trạm Dell workstation Precision T5810 intel xeon 12 core vga quadro 1gb chuyên đồ họa,https://www.lazada.vn/products/pdp-i2241419613.html,8.280.000 ₫,,
"Bộ máy tính chơi Game CORE I7-4770 Và Màn hình Tomko 27 inch NEW - Chơi game LOL, FIFA, GTA,GIÁ RẺ ÂU CƠ CHÍNH HÃNG",https://www.lazada.vn/products/pdp-i2266402169.html,7.290.600 ₫,,
"Máy điều hòa mini di động thông minh Fujihome PAC03 Tích hợp Làm lạnh , hút ẩm , quạt mát, sưởi",https://www.lazada.vn/products/pdp-i3050577556.html,4.635.000 ₫,,
"Máy Tính Mini Gaming GM6 Ryzen 5 6600H 4.5Ghz DDR5 6400 cấu hình mạnh , hỗ trợ xuất hình 4K60hz",https://www.lazada.vn/products/pdp-i688132790.html,8.900.000 ₫,5.0,
[Trả góp 0%]Bộ máy gaming VNGame 53X2 core i5 3470 card GTX950 Ram 8GB Hdd 500GB có màn hình 19inch (chơi Liên Minh máy tính chơi game fifa 4 máy tính chơi pupg máy tính chơi game max seting máy chơi game liên minh game lol),https://www.lazada.vn/products/pdp-i378056851.html,6.990.099 ₫,,
Máy trạm Dell workstation Precision T5810 intel xeon 12 core vga quadro 1gb chuyên đồ họa,https://www.lazada.vn/products/pdp-i2375394406.html,8.280.000 ₫,,
"Máy tinh Mini PC HP Elitedesk 800 G4 65W CPU Gen 8 (i3 8100, i5 8500) Wifi Bluetooth Adapter - BH 12 tháng",https://www.lazada.vn/products/pdp-i2082242262.html,3.187.000 ₫,5.0,7 Đã bán
[Trả Góp 0%]Máy tính Z2 mini G4 Workstation | CPU Core i7 8700 | Card rời MXM Quadro P600/P1000 4GB,https://www.lazada.vn/products/pdp-i2240319719.html,10.187.000 ₫,5.0,
Thùng cây máy tính để bàn DELL 5050 SFF Core i7 6700 | RAM 32GB | ổ cứng SSD NVME 256GB và HDD 1TB( Lưu trữ dữ liệu rộng lớn ). Hàng Nhập Khẩu. Bảo hành 24 tháng 1 đổi 1,https://www.lazada.vn/products/pdp-i200033822.html,5.469.000 ₫,4.0,13 Đã bán
"[HCM]Máy Bộ HP EliteDesk 800 G3 Mini, Core i7-6700T, Ram 8GB, SSD 256GB, FULL Wifi",https://www.lazada.vn/products/pdp-i2446254223.html,3.500.000 ₫,,
[HCM][Trả góp 0%]Máy tính chơi Game Pubg PC – Fifa4 – Pubg mobile – LMHT A8 7600K – Ram 8G – SSD 60G- Hdd 250G – Vga rời 4G 128bit ddr5 – Case Led như hình,https://www.lazada.vn/products/pdp-i277194576.html,5.250.000 ₫,,
"Bộ Mini PC ASUS Intel NUC12 PRO Tall NUC12WSHI3 / NUC12WSHI7 (2xDDR4-3200 / 3xNVMe, SATA/ 2x HDMI 2.1/2x DP 1.4a )",https://www.lazada.vn/products/pdp-i3057162267.html,13.664.000 ₫,2.1,
Máy tính mini HP Elitedesk 800 G3 65W CPU Intel i5 i7 Gen 6/7 Wifi Bluetooth Adapter,https://www.lazada.vn/products/pdp-i2082002524.html,2.677.000 ₫,5.0,15 Đã bán
Máy lạnh TCL Inverter 1.5 HP TEP-13CSD/F1I - Bảo hành 36 tháng,https://www.lazada.vn/products/pdp-i3081335565.html,6.479.000 ₫,1.5,
Mini PC Asus NUC 14 Pro Plus RNUC14RVSU700001I ( Intel Core Ultra 7 155H/ Arc Graphics/ VESA Mount/ Trắng),https://www.lazada.vn/products/pdp-i3060563433.html,22.560.000 ₫,,
"Bộ máy tính PC Gaming Tản nhiệt nước Core I7 Ram 16Gb, Card 1060 New, Màn 24” inch, Chơi Game Liên Minh, Fifa, Đột Kích",https://www.lazada.vn/products/pdp-i3156299302.html,7.030.000 ₫,,
[HCM][Trả góp 0%]Máy tính chơi Game Pubg PC – Fifa4 – Pubg mobile – LMHT i3 4150 – Ram 8G – SSD 60G- Hdd 250G – Vga rời 4G 128bit ddr5 – Case Led như hình,https://www.lazada.vn/products/pdp-i277214606.html,6.000.000 ₫,,
PC PV Gaming Apollo E007-3 (Intel Core i3-12100F/ Radeon RX 6500 XT/ 1 x 8GB/ 500GB SSD/ Free DOS) - Bảo hành 36 tháng,https://www.lazada.vn/products/pdp-i3179285568.html,11.079.000 ₫,,
"Ổ Cứng Di Động Western 18TB/ 14TB/12TB/ 8TB/ 6TB/ 4TB/ 3TB Desktop 3.5 ( My Book, Elements, D10 Black )",https://www.lazada.vn/products/pdp-i2369540920.html,7.720.000 ₫,5.0,7 Đã bán
máy làm lạnh nước trái cây 1 ngăn dạng xoay,https://www.lazada.vn/products/pdp-i3092451405.html,5.500.000 ₫,,
[Trả góp 0%]Bộ máy tính chơi Game thùng LED chơi game pc gaming lol cf pubg mobi fifa online... màn 22 inch full hd linh kiện đời cao intel H81 ram 8g ổ SSD sản phẩm trọn bộ cắm điện là chơi game,https://www.lazada.vn/products/pdp-i430570636.html,5.295.099 ₫,5.0,7 Đã bán
"Thùng máy tính PC Gaming và Làm Việc PLUS-04, Core i3 9100F, VGA 1060/1660S/2060, 16GB Ram, SSD 500GB",https://www.lazada.vn/products/pdp-i2319962990.html,7.400.000 ₫,5.0,5 Đã bán
"Máy Tính Đồng Bộ Dell 🎁Âu Cơ Store🎁 Case PC - Đồng Bộ Dell - Dell Optiplex 7040, CPU Core i5-6500/16Gb/SSD 240G - Bảo hành 12T",https://www.lazada.vn/products/pdp-i2013623154.html,3.560.000 ₫,5.0,11 Đã bán
[Trả góp 0%]Bộ máy tính chơi game PUBG PC thiết lập Full HD cao cấp 22 inch (Trọn bộ tặng bộ bàn phím + chuột LED giả cơ hoặc tặng Bộ loa mini + USB wifi),https://www.lazada.vn/products/pdp-i376780466.html,5.969.000 ₫,4.0,18 Đã bán
[Trả góp 0%]Bộ máy tính chơi Game MÀN HÌNH 27 IN CONG Chip intel core i7 6700 - i7 9700 trên main B365 H110 Ram đến 32G ổ SSD 240GB card rời vga GTX 1660 1650 rời cực mạnh pc gaming siêu đẹp thùng led gaming chơi game gata 5 fifa 4 pupg max seting siêu mư,https://www.lazada.vn/products/pdp-i769050348.html,26.988.000 ₫,5.0,8 Đã bán
PC Văn Phòng Giá Rẻ Dell Optiplex 7020 (I5 4570/8G/500G ) [ThanhBinhPC] Case️ Máy Tính Văn Phòng Giá Rẻ - Bảo Hành 12 Tháng - Tặng USB thu Wifi,https://www.lazada.vn/products/pdp-i1679270763.html,2.180.000 ₫,5.0,25 Đã bán
Máy tính bàng Teclast HD8 4G Ram 4G/64GB máy mới fullbox 2 sim nghe gọi 1. Tặng kèm 1 bộ bao da bàn phím chuột blutooth,https://www.lazada.vn/products/pdp-i2397580210.html,1.950.000 ₫,5.0,
"Máy tính Đồng Bộ Dell Optiplex 790 / 990 Core i7. core I5 .core I3 , Hàng Nhập Khẩu , Bảo hành 12 tháng",https://www.lazada.vn/products/pdp-i1991901338.html,1.790.000 ₫,5.0,41 Đã bán
Tủ lạnh 2 ngăn 118 lít thương hiệu làm lạnh nhanh ngăn đá và ngăn lạnh giữ đồ luôn tươi mới,https://www.lazada.vn/products/pdp-i664542701.html,2.450.000 ₫,4.0,475 Đã bán
"PC Gaming i5 12400f / RTX 3060ti / ram 32G / SSD 512G Case Gaming, Máy tính chơi game Giá rẻ nhất",https://www.lazada.vn/products/pdp-i3075618954.html,12.133.880 ₫,,
irmafreda | Máy Pha Cà Phê Công Nghiệp với Máy Xay 1 Bộ,https://www.lazada.vn/products/pdp-i3217005682.html,17.845.000 ₫,4.0,
Pc Game Văn Phòng Nhẹ I5 3470 Ram 16g Vga Roi Gtx750 Ssd 120g Case Nguồn Léd Nhu Hình Ban Giá 3250k,https://www.lazada.vn/products/pdp-i2256882658.html,3.250.000 ₫,5.0,
Máy Tính Mini Học Sinh Màu Pastel Cực Xinh | Máy Tính Bỏ Túi Dễ Thương Tiện Lợi - Minkeyshop,https://www.lazada.vn/products/pdp-i3210967086.html,18.000 ₫,,Máy Tính Mini Học Sinh Màu Pastel Cực Xinh | Máy Tính Bỏ Túi Dễ Thương Tiện Lợi - Minkeyshop
ACEMAGIC | Máy Tính Mini Doanh Nghiệp Hiệu Suất Cao Intel Core i9-13900HK Thế Hệ 13,https://www.lazada.vn/products/pdp-i3195307840.html,12.893.000 ₫,4.0,
Mini PC Gaming AtomMan G7 PT Mini PC Gaming AMD AI R9 7945HS Radeon RX 7600M Minisforum Ryzen 9,https://www.lazada.vn/products/pdp-i3139942566.html,29.650.500 ₫,5.0,
Ổ Cứng Di Động Seagate Expansion Desktop 6TB 8TB 12TB 14TB 16TB,https://www.lazada.vn/products/pdp-i2475204464.html,5.962.327 ₫,5.0,
Máy tinh xach tay DELL Vostro 3568.cpu i5 7200u.ram 8g.ssd 256g.Hàng cũ hinh thức đẹp 95%,https://www.lazada.vn/products/pdp-i3180745385.html,5.950.000 ₫,,
[LẮP ĐẶT MIỄN PHÍ] Máy lọc nước Kangaroo Hydrogen Infinity nóng lạnh 9 lõi KG09N8,https://www.lazada.vn/products/pdp-i3038798034.html,6.390.000 ₫,5.0,
Máy Sấy Thực Phẩm SGE GE-Black Công Suất Cao Sấy Được Mọi Thực Phẩm Tiết Kiệm Điện Vỏ Máy Inox - Nhiều Kích Cỡ Lực Chọn,https://www.lazada.vn/products/pdp-i2023177449.html,5.895.000 ₫,,
"Máy trạm Dell Precision T3600 Renew đẹp, CPU Xeon 8 nhân 16 luồng Ram 32Gb SSD chạy win và HDD lưu data, VGA rời",https://www.lazada.vn/products/pdp-i3168195968.html,4.200.000 ₫,,
Ổ Cứng Di Động 8TB/ 12TB/ 14TB/ 18TB WD Easystore Desktop 3.5,https://www.lazada.vn/products/pdp-i2522675293.html,6.020.000 ₫,3.5,Ổ Cứng Di Động 8TB/ 12TB/ 14TB/ 18TB WD Easystore Desktop 3.5
Máy Lạnh Comfee 1 HP CFS-10FWFF-V - Bảo hành 12 tháng,https://www.lazada.vn/products/pdp-i3081970978.html,4.990.000 ₫,,
[LẮP 0Đ HCM/HN] Máy lạnh/ Điều hòa Casper PrimeAir Inverter 1 chiều 1.5HP QC-12IU36A - Chính hãng - Bảo hành 3 năm,https://www.lazada.vn/products/pdp-i2911492792.html,7.190.000 ₫,,
[HCM][Trả góp 0%]Máy tính chơi Game Pubg PC – Fifa4 – Pubg mobile – LMHT i7 3770 – Ram 8G – SSD 60G- Hdd 250G – Vga rời 4G 128bit ddr5 – Case Led như hình,https://www.lazada.vn/products/pdp-i277192877.html,7.500.000 ₫,,
Mini PC ASUS NUC ROG RNUC14SRKU710001I (Ultra 7 155H | GeForce RTX™ 4060 6GB | DOS) - Non ROG Logo - Hàng Chính Hãng,https://www.lazada.vn/products/pdp-i3050898843.html,40.440.000 ₫,,
"Nồi nấu đa năng, nồi lẩu điện đa năng, nồi hấp cao cấp 28cm, 3.8L, bảo hành 1 năm",https://www.lazada.vn/products/pdp-i2075101237.html,99.000 ₫,4.0,
Thùng máy tính lenovo mini i3 6100T/8g/ssd 128g,https://www.lazada.vn/products/pdp-i3212502462.html,1.700.000 ₫,,
USB di động Mini Bladeless Halter Fan,https://www.lazada.vn/products/pdp-i2535752197.html,22.000 ₫,4.0,
GUDGA Memory Ram DDR4 8GB/16GB/32GB 2666 3200 3600 4000mhz 1.2V/1.35V 288Pin DIMM For Desktop Computer,https://www.lazada.vn/products/pdp-i3085374347.html,5.016.240 ₫,5.0,23 Đã bán
"Tủ lạnh 2 ngăn cao cấp tiết kiện điện, ngăn đá và ngăn làm mát tách biệt, để đồ ăn, đồ trang điểm tiện lợi,BH 1 năm M07",https://www.lazada.vn/products/pdp-i3093489008.html,1.800.000 ₫,5.0,11 Đã bán
Card màn hình Colorful RTX 3060 NB DUO 12G V4 12GB GDDR6 - Bảo hành 36 tháng,https://www.lazada.vn/products/pdp-i3143674789.html,7.990.000 ₫,5.0,7 Đã bán
"Bộ máy tính để bàn PC Gaming + Màn hình 24inch FULL HD core i7, i5, i3 ram 8GB SSD 120GB, Card 2GB chiến game PUBG mobile, PUBG lite, LOL, CF đột kích, Fifa, Cs + Quà Tặng bàn phím chuột chuyên Game LED",https://www.lazada.vn/products/pdp-i1802530345.html,6.178.000 ₫,,
[GIAO TẠI HCM] TEP-13CSD/F1I - Máy lạnh TCL Inverter 1.5 HP TEP-13CSD/F1I,https://www.lazada.vn/products/pdp-i3105067581.html,5.750.000 ₫,1.5,
"Thùng PC Gaming NEW-02 Core I3 10105F, Ram 16GB, VGA RX 580/ GTX 1650 / RTX 3050 Mới (BH 36T)",https://www.lazada.vn/products/pdp-i2599890252.html,9.700.000 ₫,,
"ASUS ROG NUC 970 Mini PC Intel Core Ultra 9 185H, RTX 4070 14 Performance NUC14SRK RNUC14SRKU9189A0I",https://www.lazada.vn/products/pdp-i3124357990.html,39.990.000 ₫,,
Thùng máy chơi game lmht fifo4 đồ họa photoshop corel core i5 6500 ram ddr4 8g ssd 120g hdd 250g vga gtx1060 3g nguồn 500w giá 4950k,https://www.lazada.vn/products/pdp-i2284068381.html,4.950.000 ₫,,
Mini PC ASUS NUC ROG RNUC14SRKU7168A1I (Ultra 7 155H/16GB/512GB/RTX™ 4060 6GB/Win 11) - Hàng Chính Hãng,https://www.lazada.vn/products/pdp-i3050523845.html,49.800.000 ₫,,
[Lắp đặt 0Đ HCM/HN] Máy lạnh/ Điều hòa Casper Inverter ProAir 1 chiều 1HP JC-09IU36 - Chính hãng - Bảo hành 3 năm,https://www.lazada.vn/products/pdp-i3203616613.html,5.890.000 ₫,,
"Dàn âm thanh karaoke YAMAHA CAO CẤP CHUYÊN KARAOKE VÀ NGHE NHẠC COMBO LOA ĐỨNG 25 ĐÔI, ÂMPLI 12 SÒ LỚN VÀ 2 CÂY MICRO",https://www.lazada.vn/products/pdp-i2709264754.html,5.800.000 ₫,,
Case máy tính để bàn DELL Optiplex 5050 SFF i5 7500 | RAM 8GB | ổ cứng SSD 240GB. Hàng Nhập Khẩu. Bảo hành 1 đổi 1 trong 12 tháng.,https://www.lazada.vn/products/pdp-i2272843388.html,3.268.100 ₫,5.0,8 Đã bán
"PC Gaming i3 12100f / RTX 3060 / ram 32G / SSD 512G Case Gaming, Máy tính cây chơi game Giá rẻ nhất",https://www.lazada.vn/products/pdp-i3075743423.html,9.997.480 ₫,,
Quạt USB có thể sạc lại ký túc xá sinh viên di động đầu giường di động máy tính để bàn văn phòng năng lượng gió cao quạt điện nhỏ tắt tiếng quạt kẹp Không có pin,https://www.lazada.vn/products/pdp-i2622195282.html,25.000 ₫,4.0,
"Máy PC Bể Cá Tản nhiệt nước Core i5 12400F / Ram 16GB chiến Game, Đồ Họa, Livestream",https://www.lazada.vn/products/pdp-i2541363719.html,11.900.000 ₫,,
Máy bộ Mini PC Dell Optiplex 7050 Micro - CPU Intel Gen 6 (i5 6500T/i5 6600T) Wifi Bluetooth Adapter,https://www.lazada.vn/products/pdp-i2201142863.html,2.425.000 ₫,5.0,14 Đã bán
Thùng máy tính để bàn DELL optiplex 3050 / 5050 SFF core i7 6700 - I5 6500 - I3 6100 | ram 16GB | ổ cứng SSD 512GB. Bảo hành 12 tháng 1 đổi 1,https://www.lazada.vn/products/pdp-i308200860.html,3.214.000 ₫,5.0,53 Đã bán
Điều hòa LaCasper Inverter 2 chiều 9300BTU XH-09IF35 - Chính hãng - Bảo hành 36 tháng,https://www.lazada.vn/products/pdp-i2911457853.html,8.690.000 ₫,,
Máy lạnh Comfee Inverter 1 HP CFS-10VGP - Bảo hành 24 tháng,https://www.lazada.vn/products/pdp-i3048983139.html,6.090.000 ₫,5.0,
Máy in màu cũ đa năng canon MG 6120 6230 máy in 6 màu màu có in wifi in 2 mặt tự động photocopy scan INECO,https://www.lazada.vn/products/pdp-i2038639395.html,3.200.000 ₫,,
Card màn hình/ VGA Gigabyte GeForce RTX 3060 GAMING OC 12G (rev. 2.0) (N3060GAMING OC-12GD V2) - Bảo hành 36 tháng,https://www.lazada.vn/products/pdp-i3065881477.html,9.389.000 ₫,2.0,"6 Đã bán
Hồ Chí Minh"
Máy lạnh Comfee Inverter 1.5 HP CFS-13VGP - Bảo hành 24 tháng,https://www.lazada.vn/products/pdp-i3049029126.html,7.190.000 ₫,5.0,
[Giao tại HCM] Tủ lạnh Casper Inverter 458 lít Side By Side RS-460PG - Bảng điều khiển cảm ứng bên ngoài cửa tủ - Làm lạnh nhanh - Đèn LED chiếu sáng,https://www.lazada.vn/products/pdp-i3033583080.html,9.000.000 ₫,,
Dàn karaoke gia đình PRO - 8500 Sử dụng 16 sò cao cấp,https://www.lazada.vn/products/pdp-i2114724600.html,8.450.000 ₫,,
Card màn hình Colorful RTX 5060 Ultra W DUO OC 8GB-V 8GB GDDR7 - Bảo hành 36 tháng,https://www.lazada.vn/products/pdp-i3160093060.html,10.490.000 ₫,,
New Desktop Microphone Holder Adjustable Mic Cantilever Stand Suspension Boom Scissor Arm for Live Streaming,https://www.lazada.vn/products/pdp-i3157193952.html,418.061 ₫,5.0,5 Đã bán
"[ĐẠT 3 CHUẨN] Quạt hơi nước phun sương để bàn, Quạt làm mát không khí, Quạt điều hòa, Quạt tuần hoàn, Quạt mini, quạt điện 3 tốc độ gió siêu mát mẻ 5 vòi phun sương có đèn Led 7 màu Bảo hành 1 đổi 1",https://www.lazada.vn/products/pdp-i2297049964.html,89.000 ₫,4.0,467 Đã bán
JIFANPAUL | Nồi Điện Mini Đa Năng Để Nấu Mì,https://www.lazada.vn/products/pdp-i3197842666.html,146.000 ₫,4.0,9 Đã bán
"[HÀNG TỐT] Nồi Chiên Không Dầu CAMEL/ZODAN dung tích 7- 12L - BẢO HÀNH 1 NĂM, noi chien không dầu, nôi chiên không dầu, nôi chien không dầu, noi chien ko dầu, air fryer, lò chiên không dầu, nồi chien không dầu, lò nướng không dầu",https://www.lazada.vn/products/pdp-i2391412581.html,469.858 ₫,4.0,
Nồi chiên không dầu 10.5L Nine Shield KB-8002 - Thiết kế mặt kính độc đáo - Thế hệ mới 2022 - Bảo hành 12 tháng,https://www.lazada.vn/products/pdp-i2247912102.html,494.480 ₫,4.0,823 Đã bán
"Cốc Tự Khuấy, Cốc Pha Đồ Uống Tự Động Giữ Nhiệt Đa Năng - Pha Cafe ,Trà, Ngủ Cốc Dễ Dàng",https://www.lazada.vn/products/pdp-i2593200574.html,18.600 ₫,4.0,
thùng máy tính mini i3 6100t/8g/ssd 128g,https://www.lazada.vn/products/pdp-i3218316586.html,1.600.000 ₫,,
Quạt mini cầm tay GOOJODOQ kiểu dáng dễ thương .....Nhiều màu sắc,https://www.lazada.vn/products/pdp-i2543780563.html,27.400 ₫,4.0,
Thùng PC Core i5 12400F + RTX 3050-8GB + Ram 16GB+ SSD M2 512GB,https://www.lazada.vn/products/pdp-i3065692348.html,13.300.000 ₫,,
[GIAO TẠI HCM] TEP-10CSD/F1I - Máy lạnh TCL Inverter 1 HP TEP-10CSD/F1I,https://www.lazada.vn/products/pdp-i3104933871.html,4.750.000 ₫,,
Tủ hấp bánh bao có bánh xe di chuyển và có chức năng sấy mới nhất năm 2023,https://www.lazada.vn/products/pdp-i2164032616.html,5.200.000 ₫,,
"Máy Tính Đồng Bộ HP, Case Máy Tính Để Bàn, Máy Tính Văn Phòng HP ProDesk 400G3 Cấu Hình Core i3 6100 Ram 16GB SSD 240GB, Máy Tính Đồng Bộ, Bộ Máy Tính Cho Văn Phòng, Học Tập, Live Stream Tặng USB thu Wifi và bàn di chuột, Bảo hành 12 tháng",https://www.lazada.vn/products/pdp-i1801997237.html,2.693.000 ₫,,
"Máy đồng bộ Dell Precision T1650 Workstation i5 3470,Ram 16gb,ssd 120gb,HDD 240Gb,card màn hình rời NVIDIA quadro K2000,2Gb",https://www.lazada.vn/products/pdp-i2096480376.html,3.290.000 ₫,,
"Máy tính chơi game core i7 2600 ram 16g ssd 120g hdd 250g vga roi rx580 8g choi game, đo hoa cao",https://www.lazada.vn/products/pdp-i2320915117.html,4.200.000 ₫,,
"PC Lenovo thế hệ 8-9 mạnh mẽ, dễ nâng cấp, thay thế, học tập, giải trí nhanh mượt",https://www.lazada.vn/products/pdp-i3042297036.html,1.599.231 ₫,,
"Thùng máy tính đồng bộ DELL Vostro 270s i7 3770 / i5 / i3 / G2030, ram 8GB, SSD 240GB tích hợp Wifi, HDMI.",https://www.lazada.vn/products/pdp-i3024557002.html,1.650.000 ₫,,
sale all in one dell inspiron 3264 hàng lướt nhập nhật,https://www.lazada.vn/products/pdp-i3060059734.html,5.350.000 ₫,,
Card màn hình GIGABYTE GeForce RTX 3060 WINDFORCE OC 12G - Bảo hành 36 tháng,https://www.lazada.vn/products/pdp-i3074879681.html,8.550.000 ₫,,
"Máy xay hạt và pha cà phê Espresso Winci EM5212, bảo hành 1 năm.",https://www.lazada.vn/products/pdp-i2719239781.html,8.290.000 ₫,5.0,18 Đã bán
Bộ Điều Khiển Máy Tính Để Bàn Mini S9 White 240 Water Cooling Side Transparent Handheld Desktop Computer Case Metalfish,https://www.lazada.vn/products/pdp-i2837920497.html,747.000 ₫,4.0,
DX01 Thin Mini ITX Desktop Computer Chassis Spare Parts Thin Half Height Computer Chassis Portable Desktop Computer Case,https://www.lazada.vn/products/pdp-i2929463055.html,320.636 ₫,,
2.5-inch HDD công tắc điện Sata chuyển đổi cho PC cho máy tính để bàn nhà,https://www.lazada.vn/products/pdp-i3085943636.html,440.000 ₫,2.5,
Quạt thông minh Xiaomi Mi Smart Standing Fan 2 Lite (PYV4007GL) - Bảo hành 12 tháng,https://www.lazada.vn/products/pdp-i2632875651.html,1.039.000 ₫,4.0,205 Đã bán
3D Hologram Fan 224 LED hạt 2000x22 4 máy chiếu ba chiều fan hâm mộ cho cửa hàng,https://www.lazada.vn/products/pdp-i2486101101.html,999.000 ₫,5.0,32 Đã bán
Máy Sấy Tóc 2 Chiều Nóng Lạnh Công Suất Lớn 3500W (Bảo hành lỗi 1 đổi 1),https://www.lazada.vn/products/pdp-i2440719875.html,39.000 ₫,4.0,
"PC Gaming i5 13400f / RTX 3060ti / ram 32G / SSD 512G Case Gaming, Máy tính chơi game Giá rẻ nhất",https://www.lazada.vn/products/pdp-i3075775147.html,14.026.120 ₫,,
VGA Zotac RTX 2060 6GB GDDR6 GAMING (Cũ),https://www.lazada.vn/products/pdp-i2171333124.html,3.990.000 ₫,5.0,
Card màn hình/ VGA MSI GeForce RTX 3060 VENTUS 2X 12G OC - Bảo hành 36 tháng,https://www.lazada.vn/products/pdp-i2739383182.html,8.490.000 ₫,,
"Máy pha cà phê Tự Động Winci EM 4212 20 Bar,Tay cầm 51mm, Pha Espresso, Latte, Capuchino bảo hành 1 năm",https://www.lazada.vn/products/pdp-i2669607103.html,4.350.000 ₫,5.0,51 Đã bán
VGA GIGABYTE GeForce RTX 3060 GAMING OC 12G (GV-N3060GAMING OC-12GD),https://www.lazada.vn/products/pdp-i2959148279.html,9.500.000 ₫,,
Máy Hút Ẩm Công Nghiệp Kosmen KM-150S Phù hợp diện tích phòng 120-200m2 - Hàng Chính Hãng BH 24 Tháng,https://www.lazada.vn/products/pdp-i2040506777.html,17.442.000 ₫,,
Bộ dàn âm thanh gia đình PRO - 5555 cao cấp karaoke,https://www.lazada.vn/products/pdp-i2111868348.html,10.300.000 ₫,,
"Máy PC Gaming Core i7 6700 / VGA RX580 8G Case ES1 Full Led Chiến Liên Minh, Fifa, Gata5, Pubg,...",https://www.lazada.vn/products/pdp-i2395155532.html,9.900.000 ₫,5.0,
"PC Gaming i5 14400f / RTX 3060ti / ram 32G / SSD 512G Case Gaming, Máy tính chơi game Giá rẻ nhất",https://www.lazada.vn/products/pdp-i3075702648.html,14.819.640 ₫,,
(HPKF) USB Adapter Connector PC Internal Motherboard 9Pin to USB2.0 Type A Female Converter for Desktop Computer,https://www.lazada.vn/products/pdp-i2857196939.html,25.800 ₫,5.0,
Jonsbo N3 ITX mini Trường hợp tất cả-trong-một nhôm NAS để bàn văn phòng nhỏ Chassis 8 ổ cứng vị trí hai 100mm người hâm mộ Máy tính để bàn vỏ bọc,https://www.lazada.vn/products/pdp-i2392014380.html,3.572.717 ₫,5.0,12 Đã bán
"Tủ lạnh mini, tủ lạnh mini có ngăn đá dung tích 48L, 68L tiết kiệm điện chính hãng - bảo hành 12 tháng",https://www.lazada.vn/products/pdp-i2647768892.html,2.095.000 ₫,5.0,13 Đã bán
"Thùng máy bộ vi tính HP văn phòng đồ hoạ nhẹ chạy core i5 3470 3.2g ram 8g ssd 120g , máy cài sẵn win10 pro 64bit office van phòng giá chi 1480k bh 3thang",https://www.lazada.vn/products/pdp-i2821992655.html,1.480.000 ₫,,
"Tủ sấy chén bát 128L khử khuẩn tia UV, ozone FUJIHOME Nhập Khẩu, Máy sấy bát đĩa khử trùng đa năng sấy nóng 75 độ C",https://www.lazada.vn/products/pdp-i2737256052.html,2.105.000 ₫,5.0,5 Đã bán
COMBO PC CORE I5 12400F Tray + ASUS B760M-k + VGA ASUS 3060 12GB DR6 + 16GB Bus 3200MHz + Apacer 512GB + Xigmatek X-POWER III 650,https://www.lazada.vn/products/pdp-i3013859638.html,15.300.000 ₫,,
"Máy Dell đồng bộ Core i7 4770/Ram 16GB /SSD 128GB/HDD 500GB. Máy like new đẹp 99%, zin nguyên bản.",https://www.lazada.vn/products/pdp-i2659709218.html,3.300.000 ₫,5.0,5 Đã bán
Bộ PC GAMING ROG Core i5 11400F + RX 580-8GB + Ram 16G DR4... Hàng mới Bảo hành 12 Tháng,https://www.lazada.vn/products/pdp-i2218661042.html,12.300.000 ₫,,
MÁY MAY JUKI DDL-7000A-7 CÔNG NGHIỆP NHẬT LIKENEW,https://www.lazada.vn/products/pdp-i2890842220.html,6.500.000 ₫,,
"Máy Lọc Nước ChungHo TINY 300UV CHP-2321D – Uống Trực Tiếp, Bảo Hành 24 Tháng, MIỄN PHÍ Lắp Đặt Hà Nội & HCM",https://www.lazada.vn/products/pdp-i3159858584.html,8.900.000 ₫,,
VGA INNO3D GEFORCE RTX 3050 6GB TWIN X2,https://www.lazada.vn/products/pdp-i2959018830.html,6.132.000 ₫,,
"Thùng PC Gaming Elite 2 | I3 12100F, Ram 16 GB, VGA RTX 3050/ 3060Full New (BH 36T)",https://www.lazada.vn/products/pdp-i2855859909.html,11.550.000 ₫,,
CPU SK 1700 Intel Core i5-12400F tray 6 Nhân 12 Luồng BH 36 Tháng,https://www.lazada.vn/products/pdp-i2932532207.html,3.590.000 ₫,5.0,10 Đã bán
"[Chính hãng] Ổ cứng gắn ngoài WD Elements Desktop USB 3.0 4TB, 6TB, 8TB, 10TB, 12TB, 14TB, 16TB, 18TB, 20TB 22TB 0401",https://www.lazada.vn/products/pdp-i2138006021.html,15.900.000 ₫,5.0,10 Đã bán
Máy PC Dual Xeon chạy 2 con 2699 V3 / Mainboard X99 2 CPU / Ram 64GB / SSD 512GB Nvme,https://www.lazada.vn/products/pdp-i2328823737.html,12.990.000 ₫,5.0,
"Máy tính bảng Fujitsu Arrows Tab Q738 Core i5-8350U, 8gb ram, 256gb SSD, 13.3” Full HD IPS cảm ứng đa điểm",https://www.lazada.vn/products/pdp-i2421257475.html,2.650.000 ₫,4.0,37 Đã bán
Máy PC Dual Xeon Chạy GIẢ LẬP - MÁY ẢO - RENDER (Dual Xeon 2696 V2 / 2673 V3 / 2680 V4 / 2686 V4 / 2699 V3),https://www.lazada.vn/products/pdp-i2495660182.html,10.090.000 ₫,5.0,
Thùng PC Gaming Làm Việc WK-10 I5 6500 | VGA GTX 750Ti /RX 550 /RX 580,https://www.lazada.vn/products/pdp-i2162131148.html,6.300.000 ₫,5.0,
Máy lọc nước nóng lạnh nguội 10 lõi SUNHOUSE SHR76210CK (Nguyên đai nguyên kiện mới 100% bảo hành 24 tháng lắp đặt miễn phí trên toàn quốc),https://www.lazada.vn/products/pdp-i1192480302.html,4.999.000 ₫,5.0,
[Trả góp 0%]Bộ Máy Tính Chơi Game pc gaming Live Stream LOL CHƠI PUBG PC FIFA 4 PUBG MOBILE CF core i5 Ram 8GB SSd 120GB màn hình 22 inch màn hình 24 inch,https://www.lazada.vn/products/pdp-i428930434.html,8.180.000 ₫,4.0,15 Đã bán
VGA INNO3D GEFORCE RTX 3050 6GB TWIN X2,https://www.lazada.vn/products/pdp-i2959211551.html,5.407.250 ₫,,
[HCM][Trả góp 0%]PC chơi game nguyên bộ A8 7600/ 8G/ Vga Radeon R7 4G ssd 120g Màn hình 19inch,https://www.lazada.vn/products/pdp-i459884125.html,3.800.000 ₫,5.0,7 Đã bán
[HCM][Trả góp 0%]PC chơi game A6 5400k 3.6Ghz/ Ram 8G/ Vga 4G/ Hdd 250G/ Case nguồn/ phím chuột LED (như hình),https://www.lazada.vn/products/pdp-i380532588.html,3.550.000 ₫,5.0,
Benbo | Quạt Để Bàn Mini Chạy Êm,https://www.lazada.vn/products/pdp-i3195250800.html,641.000 ₫,4.0,24 Đã bán
-M28W ATX Power Board Computer Supply Adapter Module 24Pin 5A USB Interface for Desktop Computer PC with Case,https://www.lazada.vn/products/pdp-i3170777904.html,79.000 ₫,,
Cây nước nóng để bàn,https://www.lazada.vn/products/pdp-i2976815803.html,239.000 ₫,5.0,15 Đã bán
Desk Extension Board Computer Desktop Extension Board No Punching Extension Extended Board Keyboard Bracket Widening Folding Bracket,https://www.lazada.vn/products/pdp-i2396915823.html,268.960 ₫,5.0,5 Đã bán
BEAR | Máy Pha Cà Phê & Trà Tự Động Mini,https://www.lazada.vn/products/pdp-i3194153571.html,631.000 ₫,4.0,10 Đã bán
BEAR | Nồi Hấp Trứng Tự Động có Đồng Hồ và Tắt Tự Động 2 Tầng,https://www.lazada.vn/products/pdp-i3194617193.html,622.000 ₫,5.0,5 Đã bán
"Nồi Lẩu Mini Đa Năng 1,8L nấu Lẩu, Hấp, Luộc, Xào 2 Tầng Vật Liệu Chống Dính An Toàn",https://www.lazada.vn/products/pdp-i2013016719.html,70.000 ₫,4.0,
"Quạt Tích Điện Kẹp Bàn Mini 5 Mức Gió Có Đèn LED, Cao Cấp Đa Năng Màu Ngẫu Nhiên Cao Cấp",https://www.lazada.vn/products/pdp-i3090693790.html,54.398 ₫,4.0,177 Đã bán
Amoi Computer Bluetooth Speaker Wired Desktop Home Use High Quality Sound Subwoofer Laptop Active Bass Cannon Multimedia Speaker,https://www.lazada.vn/products/pdp-i2794323339.html,195.000 ₫,,
"Stainless Steel Instant Noodle Bowl, Fast Food Cup, Cartoon Duck Portable Bento Lunch Box, For Teenagers And Workers At School, Canteen",https://www.lazada.vn/products/pdp-i3140886991.html,49.700 ₫,5.0,
CHIGO | Nồi Điện Mini Đa Năng Để Nấu Mì,https://www.lazada.vn/products/pdp-i3220945546.html,1.376.000 ₫,4.0,
Intel G4930 3900 3930 4400 4560 5400 4900 5420 5500 CPU Mới 6 Nhân 2MB L2 Cache 4MB L3 Cache 2.9GHz 14nm Desktop TDP 65W,https://www.lazada.vn/products/pdp-i2969335895.html,67.230 ₫,5.0,
VGA Asus DUAL RTX 4060 OC 8GB (DUAL-RTX4060-O8G) 90YV0JC0-M0NA00 - Hàng Chính Hãng,https://www.lazada.vn/products/pdp-i2651311788.html,9.074.000 ₫,,
Card màn hình/ VGA Gigabyte GeForce RTX 3060 GAMING OC 12G (rev. 2.0) (N3060GAMING OC-12GD V2) - Bảo hành 36 tháng,https://www.lazada.vn/products/pdp-i3065772863.html,9.450.000 ₫,2.0,
"[BẢO HÀNH 12 THÁNG] nồi cơm điện mini CUCKOO CR388 1L / 1,2L / 2,2 LÍT dùng cho từ 1 tới 5 người ăn ,nồi cơm điện giá rẻ giữ ấm lâu, nấu chín nhanh ,nồi cơm điện giá rẻ",https://www.lazada.vn/products/pdp-i2310726093.html,295.000 ₫,4.0,
Máy vi tính máy bộ hp Nhật Thùng máy bộ Nhật siêu bền hp6200 i7 2600 ram 16g không ssd giá 1900k bh 1thang,https://www.lazada.vn/products/pdp-i2839289885.html,1.900.000 ₫,3.0,
QUẠT TÍCH ĐIỆN CẦM TAY SẠC ĐIỆN PIN TRÂU 5 CẤP ĐỘ GIÓ CÓ MÀN HÌNH LED HIỂN THỊ KÈM DÂY ĐEO CỔ TIỆN LỢI - QUẠT ĐIỆN MINI ĐỂ BÀN GẤP GỌN XOAY LINH HOẠT 90 ĐỘ CÓ GIÁ ĐỠ ĐIỆN THOẠI TIỆN DỤNG,https://www.lazada.vn/products/pdp-i3077308194.html,59.000 ₫,4.0,437 Đã bán
"(Đã lắp đặt sẵn ) Máy lọc nước Ro Aqua 1 , 2 , 3 chức năng Nóng Lạnh Nguội 9 cấp lọc Hàng chính hãng bảo hành 2 năm",https://www.lazada.vn/products/pdp-i2673669582.html,2.200.000 ₫,,
[BẢO HÀNH 1 NĂM LỖI ĐỔI MỚI]TỦ SẤY QUẦN ÁO CÓ ĐIỀU KHIỂN TỪ XA HÀNG CHÍNH HÃNG,https://www.lazada.vn/products/pdp-i873732588.html,295.000 ₫,4.0,94 Đã bán
"NỒI CHIÊN KHÔNG DẦU NINESHIELD , CAMEL CAO CẤP 7-8-10-12-15L BẢO HÀNH CHÍNH HÃNG 12 THÁNG",https://www.lazada.vn/products/pdp-i2472414980.html,498.630 ₫,4.0,91 Đã bán
"Máy đánh trứng cầm tay , bằng điện , nhiều đầu tiện dụng , dành cho gia đình",https://www.lazada.vn/products/pdp-i2519407671.html,53.200 ₫,4.0,
"ASD | Nồi Áp Suất Điện Đa Năng ASD 5L, Mẫu Mới 2024, Tích Hợp Chức Năng Nấu Cơm, Hàng Chính Hãng",https://www.lazada.vn/products/pdp-i3216519683.html,1.407.000 ₫,4.0,8 Đã bán
QUẠT TÍCH ĐIỆN MINI 5 TỐC ĐỘ GIÓ CÓ ĐÈN LED TIỆN LỢI - QUẠT KẸP XE ĐẨY SIÊU MÁT CHO BÉ - QUẠT ĐỂ BÀN TÍCH HỢP ĐÈN NGỦ DUNG LƯỢNG PIN KHỦNG ĐẾN 5000MAH,https://www.lazada.vn/products/pdp-i3066533382.html,77.000 ₫,4.0,376 Đã bán
"HELLOLEIBOO | Súng Hút Bụi & Làm Sạch Máy Tính Để Bàn, Công Cụ Làm Sạch Máy Tính Mini Bàn Tay",https://www.lazada.vn/products/pdp-i3175424124.html,221.000 ₫,4.0,13 Đã bán
AM3/AM3+ Mainboard FM1/FM2 FM2+ Graphics Card 938 Pins 905 904 906DDR3 Standard Desktop Computer AMD CPU Interface A68H,https://www.lazada.vn/products/pdp-i2429947933.html,202.000 ₫,,"150 Đã bán
Hong Kong"
Lightweight Mini D5-D9 Desktop Computer Case Nuclear Display Small One U FELE D6 D8 ITX Chassis Steel Material Bottom Power Supply,https://www.lazada.vn/products/pdp-i2528937481.html,319.000 ₫,5.0,620 Đã bán
Microlab M100 Speaker Bluetooth 2.1 Subwoofer Desktop Computer Laptop Sound Box Wood Material for Home Use,https://www.lazada.vn/products/pdp-i2839946302.html,1.087.000 ₫,2.1,"518 Đã bán
Hong Kong"
SATA chuyển đổi 2.5-inch HDD công tắc điện cho PC cho máy tính để bàn,https://www.lazada.vn/products/pdp-i3093612577.html,526.731 ₫,2.5,
[Thu thập VC 10% tối đa 1tr ở trạm voucher]Tủ lạnh Casper Inverter 458 lít Side By Side RS-460PG,https://www.lazada.vn/products/pdp-i2614547766.html,9.790.000 ₫,5.0,Cam Kết Giá Tốt
Segotep Xingguo Zhaoling3 Mini Computer Case Glass Side Transparent White Compact Tower Desktop Computer Case Matx,https://www.lazada.vn/products/pdp-i2615226914.html,1.198.000 ₫,,"168 Đã bán
Hong Kong"
[LẮP 0Đ HCM/HN] Tủ lạnh Side by Side Casper 458L RS-460PG - Tiết kiệm điện - Chính hãng - Bảo hành 2 năm,https://www.lazada.vn/products/pdp-i2911601380.html,8.790.000 ₫,,
Nguyên bộ máy vi tính HP 6200 chip core i5 2400 ram 8g ssd 120g + màn hình máy tính 19in wide gia chi 1850k tặng phím chuột bh chu đáo 1thang tại shop,https://www.lazada.vn/products/pdp-i3143033868.html,1.850.000 ₫,,
Thùng PC GAMING Core i5 12400F/Ram 16GB DR4/SSD M2 512GB/VGA RTX 3050-6GB...New,https://www.lazada.vn/products/pdp-i3021380147.html,14.900.000 ₫,,
[HCM][Trả góp 0%]Máy tính chơi game LMHT CF Audition gta5 chip cpu AMD X4 760K Ram 8GB Card GTX650 up 4G Case new,https://www.lazada.vn/products/pdp-i441196688.html,3.950.000 ₫,,
Mainboard Gigabyte Z790 UD AX DDR5,https://www.lazada.vn/products/pdp-i2202007659.html,6.110.000 ₫,,
Máy lọc nước RO để bàn PHILIPS ADD6901 - Công Nghệ Aquaporin Inside®,https://www.lazada.vn/products/pdp-i2625170328.html,9.490.000 ₫,5.0,
[NC] Desktop DAC/AMP SMSL D-6S | DAC ESS ES9039Q2M | Âm Ly Để Bàn | Desk Amplifier,https://www.lazada.vn/products/pdp-i2614883991.html,4.469.000 ₫,,
Vga Gigabyte RTX 5060 GAMING OC 8GB (N5060GAMING OC-8GD) - Hàng Chính Hãng,https://www.lazada.vn/products/pdp-i3194227765.html,11.910.000 ₫,,
Đồ Chơi 3D in Minecraft Game World Warden Prisoner Desktop Decoration Gift Gaming Collectible Figures Đồ Chơi Mô Hình,https://www.lazada.vn/products/pdp-i3213154196.html,144.000 ₫,,"90 Đã bán
China"
VGA Colorful iGame GeForce RTX 4060 Ti Ultra W OC 8GB-V,https://www.lazada.vn/products/pdp-i3015814393.html,13.940.000 ₫,,
"Máy Pha Cà Phê Espresso Winci EM56, hệ thống 3 boiler độc lập, bảo hành 1 năm",https://www.lazada.vn/products/pdp-i2669538530.html,9.600.000 ₫,4.0,76 Đã bán
Full Bộ PC Vip Gaming i5 14400F / 13400F / 12400F / VGA 1060 6G Case Leopard LCD 5.5inch tuỳ chỉnh Bảo hành 36 Tháng,https://www.lazada.vn/products/pdp-i3202305947.html,16.050.000 ₫,,
Tấm Dán Màn Hình Chống Nhìn Trộm Cho PC/Desktop/Máy Tính Bàn Bảo Mật Chống Trày Cao Cấp 18/19/20/24/27 inch Dễ Lắp Đặt,https://www.lazada.vn/products/pdp-i2428657195.html,1.152.465 ₫,5.0,17 Đã bán
Black Stone Tower RGB Effect Mini Full Side Transparent White Gaming Desktop Computer Small Case DIY USB30 Office Business,https://www.lazada.vn/products/pdp-i2529116371.html,209.000 ₫,,"398 Đã bán
Hong Kong"
[jwerlyday]DX01 Thin Mini ITX Desktop Computer Chassis Replacement Thin Half Height Computer Chassis Portable Desktop Computer Case,https://www.lazada.vn/products/pdp-i3218643586.html,549.000 ₫,,
Green Union S6 Desktop Charging Station Multi-Function USB Plug Board for Dormitory Use with Multiple Ports Desktop Charger,https://www.lazada.vn/products/pdp-i2997342622.html,232.800 ₫,,"19 Đã bán
China"
DC-DC Converter Desktop Computer Power Supply Non-modular 180W Passive PFC for Desktop Computers New Condition,https://www.lazada.vn/products/pdp-i2524320718.html,321.000 ₫,4.0,615 Đã bán
Crystal Wireless Microphone Stand KTV BBS Mic Seat Night Market Desktop Microphone Holder Ornament Metal Material,https://www.lazada.vn/products/pdp-i2406480874.html,150.000 ₫,4.0,186 Đã bán
【UIN】-New B75 Desktop Computer Motherboard with M.2 Interface LGA-1155 Pin DDR3 Memory Supports 2/3 Generation CPU,https://www.lazada.vn/products/pdp-i2861539952.html,500.319 ₫,,
【Hàng Có Sẵn】kiprun Bình Nước Điện Tự Động Bơm Bình Nước Uống Sạc USB Cho Gia Đình Nhà Bếp Văn Phòng Dã Ngoại Ngoài Trời,https://www.lazada.vn/products/pdp-i1730194413.html,104.412 ₫,4.0,91 Đã bán
【High-quality】 ITX Computer Case MX02 Gamer Cabinet Mini Desktop Case C04 Industrial Control HTPC Case Server Case,https://www.lazada.vn/products/pdp-i3108257142.html,714.278 ₫,5.0,
"[GIAO TẠI HCM] CFS-10VGPF - Máy lạnh Comfee Inverter 1 HP CFS-10VGPF, follow me - chức năng cài đặt nhiệt độ tại vị trí remote, chế độ tự làm sạch Active Clean, chức năng hút ẩm - [NGOÀI HCM TÍNH PHÍ]",https://www.lazada.vn/products/pdp-i3025350746.html,5.500.000 ₫,,
"Thùng máy chơi game cf,lmht đột kích cpu A8 5600k 3.6ghz ram 8g ssd 120g new, case new",https://www.lazada.vn/products/pdp-i1785049311.html,2.950.000 ₫,,
Tủ Lạnh Mini 2 Ngăn 68 Lít Nhập Khẩu Hiệu Vịt Nhỏ Siêu Tiết Kiệm Điện Nhanh Ngăn Lạnh Giữ Đồ Luôn Tươi Mới Siêu Nhỏ Gọn,https://www.lazada.vn/products/pdp-i2746713802.html,2.050.000 ₫,4.0,40 Đã bán
Mainboard MSI PRO Z690-P DDR4,https://www.lazada.vn/products/pdp-i2055832126.html,5.136.000 ₫,,
Thung máy bộ lenovo văn phòng học tập game nhẹ core i5 4570 ram 8g ssd 120g bảo hành chu đáo 3thang tại shop,https://www.lazada.vn/products/pdp-i2267410842.html,1.650.000 ₫,,
"Thùng PC Gaming Elite 1 | I5 12400F, Ram 32GB, VGA RTX 3050/ 3060/ 4060 Full New (BH 36T)",https://www.lazada.vn/products/pdp-i2855909003.html,16.150.000 ₫,,
"Tủ lạnh mini 2 ngăn cao cấp tiết kiện điện, ngăn đá và ngăn làm mát tách biệt, để đồ ăn, đồ trang điểm tiện lợi,BH 1 năm",https://www.lazada.vn/products/pdp-i3085519565.html,1.800.000 ₫,,
"Máy Rửa Chén Để Bàn KOCHI C400 - Không Cần Lắp Đặt - Đổ Nước Trực Tiếp 5L - Dung Tích 4 Bộ - 5 Chương Trình Rửa - Sấy Nóng & Khử Trùng - Lưu Trữ 73H - Tiết Kiệm Điện & Nước - Thiết Kế Nhỏ Gọn, Tiện Lợi",https://www.lazada.vn/products/pdp-i2655156060.html,5.490.000 ₫,5.0,32 Đã bán
[NC] Desktop Speaker AMP FOSI ZA3 | Âm Ly Để Bàn | Desk Amplifier,https://www.lazada.vn/products/pdp-i2723379197.html,3.000.000 ₫,,
"LEBI Máy tính để bàn, màn hình nâng cao, máy tính để bàn văn phòng, kệ lưu trữ, đế nâng, giá đỡ, kệ nâng",https://www.lazada.vn/products/pdp-i2545487065.html,324.000 ₫,5.0,10 Đã bán
Ultra Large Size Gaming Mousepad Anime Keyboard Office Desktop High Definition Memory Foam Mouse Mat for Boys And Gamers,https://www.lazada.vn/products/pdp-i3167480425.html,47.600 ₫,,"14 Đã bán
China"
Jasminestyle USB Quạt điện nhỏ có thể sạc lại ký túc xá sinh viên để bàn văn phòng quạt gió cao,https://www.lazada.vn/products/pdp-i3050697431.html,135.000 ₫,4.0,392 Đã bán
Intel Xeon E5-2673V2 CPU 6 Core 2.9GHz 95W LGA2011 Desktop Computer Hardware Components Processor Intel Xeon E5-2687W,https://www.lazada.vn/products/pdp-i2448824477.html,210.000 ₫,4.0,22 Đã bán
Intel I3 4130 4150 4160 4170 CPU I5 4430 4460 4570 4590 22nm Desktop Processor Skylake New Original Chip Computer Hardware,https://www.lazada.vn/products/pdp-i2412128456.html,121.000 ₫,4.0,
UGREEN Bộ điều hợp không dây AX900 USB WiFi 6 Dongle Wireless Adapter with External Antenna for Desktop PC 5G 2.4G WiFi Dongle Mini Wireless USB Computer Network Adapter Compatible with Windows 11 10 Linux Model：35265,https://www.lazada.vn/products/pdp-i2885351763.html,357.800 ₫,5.0,22 Đã bán
[beauty] 300Mbps Mini USB Wireless Wifi Adapter Wi fi Network LAN Card 802.11b g n RTL8188 Adaptor Network Card for PC Desktop Computer,https://www.lazada.vn/products/pdp-i3107765787.html,41.717 ₫,5.0,21 Đã bán
[Chất lượng cao nhất!] MiaXia Joy quạt senko đã sẵn sàng để giao hàng!Quạt sạc USB giường ký túc xá sinh viên im lặng máy tính để bàn văn phòng gió lớn quạt kẹp để bàn quạt nhỏ quạt tích điện quạt tích điện mini,https://www.lazada.vn/products/pdp-i1629163618.html,100.000 ₫,4.0,
"Thùng CPU Dell optiplex 990 ( Core i5 2400 / 8G / 500G ) Tặng usb thu wifi , bàn di chuột , Bảo hành 24 tháng - Hàng nhập khẩu (Xám)",https://www.lazada.vn/products/pdp-i1924467053.html,1.990.000 ₫,,
"Nồi Lẩu Mini Đa Năng 1,8L nấu Lẩu, Hấp, Luộc, Xào 2 Tầng Vật Liệu Chống Dính An Toàn",https://www.lazada.vn/products/pdp-i2074453076.html,70.000 ₫,4.0,435 Đã bán
"Máy sấy tóc Philips BHD378/05 công suất 2100W, đầu sấy cánh hoa độc đáo, công nghệ Ion âm, 6 chế độ sấy",https://www.lazada.vn/products/pdp-i3193665653.html,700.000 ₫,4.0,33 Đã bán
"Lò Vi Sóng Toshiba MW2-MM20P, 20Lit - 700w, Núm Cơ Dễ Sử Dụng, Hàng Chính Hãng",https://www.lazada.vn/products/pdp-i2612718017.html,1.349.000 ₫,5.0,67 Đã bán
"Card Wifi 6/ Bluetooth 5.4 Model: AX918B Dành Cho PC/ Desktop/ Máy Tính Bàn 2 Râu, Siêu Tốc Độ 900Mbps",https://www.lazada.vn/products/pdp-i3151239642.html,174.800 ₫,,
Tủ lạnh mini 90l [ lh / zl 0966717185 ] để đặt hàng nhanh chóng,https://www.lazada.vn/products/pdp-i2684078924.html,1.400.000 ₫,5.0,25 Đã bán
"Quạt Turbo Siêu Gió 5000mAh Dung Lượng Lớn Dùng 5 Tiếng, 100 Cấp Độ Gió Lạnh, Quạt Cầm Tay Động Cơ 3 Pha Tốc Độ Gấp 10x",https://www.lazada.vn/products/pdp-i3094380242.html,100.000 ₫,4.0,296 Đã bán
Máy pha cà phê cầm tay 120ml Máy pha cà phê mini cầm tay nhỏ gọn ngoài trời USB Máy Mini 2600Mah 60 ly cà phê,https://www.lazada.vn/products/pdp-i3084662683.html,516.000 ₫,4.0,79 Đã bán
"XIAMILI | Máy sấy tóc 2400W ion âm công suất lớn, sấy khô siêu tốc, ít ồn, dây dài 1.5m, dùng cho gia đình và salon",https://www.lazada.vn/products/pdp-i3194657869.html,315.000 ₫,4.0,13 Đã bán
Máy Tính Để Bàn Bộ Nhớ DDR4 4GB 8GB 16GB RAM 32GB 2666MHZ 3200MHZ Máy Tính RAM 1.2V Nhiều Màu Sắc RAM,https://www.lazada.vn/products/pdp-i2339377990.html,485.577 ₫,5.0,
"Quạt Tích Điện Mini Super Fan, Để Bàn Văn Phòng Gấp Gọn Có Thể Kéo Dài 3 Tốc Độ Gió Xoay 360 Độ Cổng sạc USB",https://www.lazada.vn/products/pdp-i2535083203.html,32.300 ₫,4.0,Cam Kết Giá Tốt
"Máy massage cầm tay 4 đầu 6 chế độ - massage nhức mỏi vai gáy, đau giãn cơ - Máy đấm lưng đa năng",https://www.lazada.vn/products/pdp-i2649065375.html,146.185 ₫,4.0,396 Đã bán
Intel G4930 3900 3930 4400 4560 5400 4900 5420 5500 CPU Mới 6 Nhân 2MB L2 Cache 4MB L3 Cache 2.9GHz 14nm Desktop TDP 65W,https://www.lazada.vn/products/pdp-i2744352398.html,67.230 ₫,5.0,
"[BH 1 NĂM] Nồi Lẩu Điện Mini, Nấu Mì 2 Tầng Kèm Giá Hấp Đa Năng Nướng, Luộc, Chiên Chống Dính Vấn Đá Tiện Lợi",https://www.lazada.vn/products/pdp-i2842979780.html,69.000 ₫,4.0,
Máy tính để bàn hộp lưu trữ dễ thương nhựa ngăn kéo Máy tính để bàn hộp lưu trữ Hộp Mỹ phẩm dung tích lớn cho văn phòng nhà,https://www.lazada.vn/products/pdp-i3162159734.html,106.000 ₫,4.0,11 Đã bán
"Quạt Tích Điện Mini Super Fan, Để Bàn Văn Phòng Gấp Gọn Có Thể Kéo Dài 3 Tốc Độ Gió Xoay 360 Độ Cổng sạc USB",https://www.lazada.vn/products/pdp-i3213615192.html,45.000 ₫,5.0,24 Đã bán
(VUBC) DDR2 RAM Memory 4GB 800Mhz Desktop RAM Memoria PC2-6400 240 Pin for AMD RAM Memory,https://www.lazada.vn/products/pdp-i3027986655.html,274.600 ₫,,
Nguyên bộ máy vi tính văn phòng chơi game nhẹ core i5 4440 ram 8g ssd 120g màn hình 17in bảo hành chu đáo 3 thang tặng phím chuột new bh chu dao 1thang,https://www.lazada.vn/products/pdp-i2271119751.html,2.850.000 ₫,,
[NC] Desktop Bluetooth Speaker DAC/AMP FOSI ZD3 | Âm Ly Để Bàn | Desktop DAC Preamplifier,https://www.lazada.vn/products/pdp-i2896819792.html,3.800.000 ₫,5.0,
Bộ compo máy tính chơi game văn phòng main b75 4khe ram 16g cpu core i7 3770 3.4ghz 4core8theat giá chỉ 1990k,https://www.lazada.vn/products/pdp-i2319957842.html,1.990.000 ₫,,
OVL | Máy Massage Gua Sha Điện Tử cho Massage Bụng và Kích Thích Kinh Mạch,https://www.lazada.vn/products/pdp-i3207020380.html,871.000 ₫,4.0,
Lò Vi Sóng Toshiba MW2-MM20P(BK) - Dung Tích 20 lít - Công Suất 700W - Bảo hành chính hãng 12 tháng,https://www.lazada.vn/products/pdp-i3179288376.html,1.299.000 ₫,,
"Quạt mini, quạt kẹp bàn super 3 tốc độ gió điều chỉnh tiện lợi sạc tích điện, sạc pin usb tiện dụng xoay 720 độ, hoạt động êm ái",https://www.lazada.vn/products/pdp-i2535192038.html,39.000 ₫,4.0,
Computer Small Speaker E-1078 Desktop Computers and Laptop Speaker usb Multimedia Home Subwoofer,https://www.lazada.vn/products/pdp-i2759606029.html,210.637 ₫,,
Tủ lạnh LG Side by Side GR-B256BL 519L Inverter màu đen,https://www.lazada.vn/products/pdp-i2614511899.html,15.290.000 ₫,5.0,
"💖FREE Shipping+COD💖 TWS Speaker,Wireless Speaker, OPPO Mini Speaker, Bluetooth Speaker, Outdoor Speaker",https://www.lazada.vn/products/pdp-i2481617695.html,100.300 ₫,4.0,219 Đã bán
WHUEAL 5W Small Cooling Fan E27 Screw Home Ceiling Fan Desktop Electric Fan For Kitchen Bedroom Dormitory Living Room Study Table Fans,https://www.lazada.vn/products/pdp-i3140679744.html,50.409 ₫,,
"Chân kẹp Microphone MK02 Vip kẹp mic thu âm, livestream, hát karaoke để bàn loại cao cấp",https://www.lazada.vn/products/pdp-i3150503879.html,100.000 ₫,,
PC Phong Vũ Gaming Cupid M007 (Intel Core i5-12400F/1x16GB/512GB SSD/GeForce RTX 3060/Free DOS) - Bảo hành 36 tháng,https://www.lazada.vn/products/pdp-i3081473568.html,18.179.000 ₫,,
PC Gaming PV Apollo M003 (i5-12400F/RTX 3060/1x16GB/512GB SSD/Free DOS) - Bảo hành 36 tháng,https://www.lazada.vn/products/pdp-i3030605005.html,18.419.000 ₫,,
"Stainless Steel Instant Noodle Bowl, Fast Food Cup, Cartoon Duck Portable Bento Lunch Box, For Teenagers And Workers At School, Canteen",https://www.lazada.vn/products/pdp-i2526172866.html,74.900 ₫,4.0,Cam Kết Giá Tốt
Mainboard Gigabyte Z790 GAMING X AX DDR5,https://www.lazada.vn/products/pdp-i2211800065.html,8.813.000 ₫,,
Card màn hình VGA Asus Dual GeForce RTX 4060 OC Edition 8GB GDDR6 (BH 36T),https://www.lazada.vn/products/pdp-i2563971063.html,9.937.500 ₫,5.0,10 Đã bán
"Pc gaming i5 3470s ram 8g ssd 120g vga rời gtx750 chơi lmht, fifa,cf quá ok giá chỉ 2777k",https://www.lazada.vn/products/pdp-i2238254391.html,2.777.777 ₫,4.0,14 Đã bán
"[FREESHIP] Tủ lạnh Toshiba Inverter 249 lít GR-RT325WE-PMV(06)-MG - Inverter tiết kiệm năng lượng, Ngăn đông mềm trữ thịt cá không cần rã đông, Lấy nước bên ngoài - Hàng chính hãng bảo hành 2 năm",https://www.lazada.vn/products/pdp-i1923491654.html,9.390.000 ₫,,"46 Đã bán
Hồ Chí Minh"
Nguyên bộ máy vi tính văn phòng học tập online core 2 8400 ram 4g ssd 120g man hình 17in vuông giá chỉ 1tr.100k,https://www.lazada.vn/products/pdp-i2356069152.html,1.100.000 ₫,4.0,
"Máy rửa chén bát HÀNG CAO CẤP nội địa Nhật PANASONIC inverter NP-TH1,NP-TH2, NP-TA1, NP-TA2,NP-TH3, NP-TH4 inverter, ECO tiết kiệm điện và nước, rửa được cho gia đình 6 người ăn: 12 chén, 6 tô, 6 đĩa, và muỗng, đũa, ly...",https://www.lazada.vn/products/pdp-i2225701598.html,7.422.321 ₫,5.0,6 Đã bán
"Đẩy công suất liền vang liền micro PK acoustic Model K 2500, 1000w, 16 sò to, có chống hú, có 2 micro sáng tiếng đi kèm.",https://www.lazada.vn/products/pdp-i2041082856.html,3.880.000 ₫,5.0,9 Đã bán
"BẾP TỪ CẢM ỨNG KAILER KL– SIÊU TỐC, SIÊU AN TOÀN, SIÊU THÔNG MINH(HH)",https://www.lazada.vn/products/pdp-i3164185843.html,949.000 ₫,,
VGA Colorful iGame GeForce RTX 4060 Ti Ultra W DUO OC 8GB-V,https://www.lazada.vn/products/pdp-i3015892261.html,14.343.000 ₫,,
Máy vi tính văn phòng học tập văn phòng game nhẹ i3 2100 ram 6g màn hình 19in 1366x768 tặng phím chuột,https://www.lazada.vn/products/pdp-i1741949710.html,2.950.000 ₫,,
Máy Rửa Chén Để Bàn 6 Bộ Bosch SKS62E38EU - Series 4 (55cm) - Hàng chính hãng,https://www.lazada.vn/products/pdp-i3036364308.html,17.486.279 ₫,5.0,15 Đã bán
Máy làm đá viên TAKAIPRO 68kg/ngày 44 viên đá/mẻ- bản 2023 nâng cấp 2 nguồn cấp nước- bảng điều khiển tiếng anh,https://www.lazada.vn/products/pdp-i1276143876.html,9.500.000 ₫,5.0,28 Đã bán
【original】 EVA Carrying Case Shockproof Waterproof Portable Game Console Storage Bags New Hard Anti-Drop Protective Cover for ROG Ally,https://www.lazada.vn/products/pdp-i2825249776.html,118.012 ₫,,
Mini PC Workstation Server Minisforum MS01 SFP+ 10Gbps RTX A2000 MS-01 băng thông 10GB Máy trạm / chủ,https://www.lazada.vn/products/pdp-i3201991560.html,13.890.000 ₫,,
LÒ VI SÓNG ÂM TỦ TOMATE TOM 241. Hàng Chính Hãng (Hotline: 0899.167.587),https://www.lazada.vn/products/pdp-i2407050147.html,2.750.000 ₫,,
Belle Anime Model Toy Sexy Bé Gái Desktop Case Car Decorations Static Collectible Figures 14+ Years Old Apply for,https://www.lazada.vn/products/pdp-i3206049313.html,294.000 ₫,,"78 Đã bán
China"
Chủ Đề Mini Compact Computer Case Handheld ITX Motherboard DIY Shell Desktop Computer Miniature Host Box New Condition,https://www.lazada.vn/products/pdp-i3221398398.html,739.000 ₫,,"44 Đã bán
China"
Mini Computer Case Aluminum Alloy ITX Motherboard External DC Adapter HTPC Desktop Industrial Control Computer Case,https://www.lazada.vn/products/pdp-i3221409242.html,1.401.000 ₫,,
Bộ Điều Khiển Chủ Máy Tính Gigabyte B85M-D3V H81 Z87 H97 1150 Pin Bộ Nhớ RAM DDR3 M-ATX Compact Desktop Computer,https://www.lazada.vn/products/pdp-i2841571033.html,1.012.000 ₫,5.0,443 Đã bán
SATA chuyển đổi SATA ổ đĩa chuyển đổi nhựa + kim loại HDD công tắc điện cho máy tính để bàn nhà cho PC,https://www.lazada.vn/products/pdp-i3139180573.html,445.000 ₫,,
Edifier Halo Soundbar Bluetooth Desktop Computer Gaming Bass Home Audio Speaker Powerful Bass Multimedia Speakers for PC Gaming,https://www.lazada.vn/products/pdp-i3170746469.html,1.489.000 ₫,,
Acrylic Material Transparent Mini Computer Case ITX Workstation Case Modification Integrated Machine 17*17cm Desktop Case,https://www.lazada.vn/products/pdp-i2529022209.html,213.000 ₫,5.0,109 Đã bán
"GUDGA Ổ cứng thể rắn SSD M2 Nvme 512GB 1TB 2TB 4TB 7200MB/giây PCIe4.0x4 cho máy tính xách tay PS5, máy tính để bàn",https://www.lazada.vn/products/pdp-i3056864251.html,4.898.951 ₫,5.0,9 Đã bán
Máy vi tính máy bộ hp Nhật Thùng máy bộ Nhật siêu bền hp6200 i7 2600 ram 8g ssd 120g giá 1800k bh 1thang,https://www.lazada.vn/products/pdp-i2272828159.html,1.800.000 ₫,5.0,
Defasilk | Mạng Sấy Thực Phẩm & Khay Sấy Thực Phẩm,https://www.lazada.vn/products/pdp-i3208302874.html,661.000 ₫,,
"CHIP TRAY - CPU Intel Core i5 12400F (Up To 4.40GHz, 6 Nhân 12 Luồng,18MB Cache, Socket 1700, Alder Lake)",https://www.lazada.vn/products/pdp-i3217099535.html,3.091.000 ₫,,
Vga Gigabyte RTX 5060 GAMING OC 8GB (N5060GAMING OC-8GD) - Hàng Chính Hãng,https://www.lazada.vn/products/pdp-i3194228731.html,11.910.000 ₫,,
Niye | Loa Desktop Có Dây Đa Phương Tiện với Bass Sâu Mẫu Mới 2024,https://www.lazada.vn/products/pdp-i3206591765.html,137.000 ₫,4.0,
Thùng máy vi tính hp core i5 4570 ram 8g ssd 120g có usb wifi kem theo kết nối vga-DisplayPort giá chỉ 1950k,https://www.lazada.vn/products/pdp-i2451845918.html,1.950.000 ₫,5.0,
[ammoon]quà bí mật MS-12 Mini Foldable Desktop Tabletop Tripod Microphone Mic Stand Holder,https://www.lazada.vn/products/pdp-i2362270530.html,142.316 ₫,5.0,6 Đã bán
MSI B250M RO-V LGA1151 CPUDDR4 V5 V6 V7 V8 V9 Support M-ATX Compact Structure Dual Channel Memory 32GB Max Desktop Computer Motherboard,https://www.lazada.vn/products/pdp-i2391087540.html,1.232.000 ₫,4.0,619 Đã bán
Bluetooth WiFi6 Dongle USB Wireless Adapter Two-in-One Audio Lossless Transmission Module Desktop Laptop Host Receiver Transmitter,https://www.lazada.vn/products/pdp-i3141739281.html,113.000 ₫,,"600 Đã bán
China"
Mini Metal ITX Casing D1F SFX Power Supply Gaming Desktop Case K77S5E15 Upper Position Steel Material Computer Case,https://www.lazada.vn/products/pdp-i2528892812.html,625.000 ₫,5.0,109 Đã bán
RQZN | Đế Đỡ Điện Thoại Từ Tính Dual Ring Magsafe Mặt Sau Siêu Mỏng Gập Được Cả Hai Mặt Chắc Chắn Mới Hỗ Trợ Quay Desktop Giá Đỡ Ô Tô,https://www.lazada.vn/products/pdp-i3191553994.html,114.000 ₫,4.0,10 Đã bán
[QUẠT 220V] Quạt cây 5 cánh lõi đồng- Quạt điện - quạt bàn - Quạt đứng lỡ - BẢO HÀNH ĐỘNG CƠ 12 THÁNG,https://www.lazada.vn/products/pdp-i2277810317.html,200.000 ₫,4.0,
Intel Xeon E7-4809 V2 CPU 2.9GHz 22nm LGA 2011 Computer Hardware Desktop Computer Components CPU Processor Intel Xeon E7-4820,https://www.lazada.vn/products/pdp-i2830267606.html,200.000 ₫,,"25 Đã bán
Hong Kong"
"GUDGA SSD SATA SATAII 2.5 "" SSD 256GB Internal Solid State Hard Drive Disk TLC HDD For Laptop Desktop Computer",https://www.lazada.vn/products/pdp-i2924853792.html,1.235.954 ₫,2.5,
QUẠT LỒNG SẮT MINI ĐỂ BÀN SIÊU KHỎE TẠO LUỒNG GIÓ MÁT LIÊN TỤC XOAY 360 ĐỘ SẠC USB TIỆN LỢI,https://www.lazada.vn/products/pdp-i3085550059.html,49.000 ₫,4.0,47 Đã bán
Máy lạnh AQUA Inverter 2.5 HP AQA-RV24QA2 - Màn hình hiển thị nhiệt độ trên dàn lạnh - Sleep Mode - Công nghệ tự làm sạch dàn lạnh Self Clean,https://www.lazada.vn/products/pdp-i2602341321.html,14.350.000 ₫,2.5,
Ổ cứng HDD PC 3.5 inch 500GB 1TB 2TB 3TB tháo máy sức khỏe 100%,https://www.lazada.vn/products/pdp-i2962377549.html,149.900 ₫,4.0,127 Đã bán
Bộ nhớ RAM Casper DDR3 4GB 8GB 1066/1333/1600MHz cho Desktop Gaming,https://www.lazada.vn/products/pdp-i2836311229.html,149.999 ₫,5.0,35 Đã bán
【Wireless】 Musical Desktop Calculator 12-Digits LCD Display Electronic Calculator Counter Big Buttons with Music Piano Play Time Date,https://www.lazada.vn/products/pdp-i3151145683.html,259.145 ₫,,
"Ổ CỨNG SSD GIÁ RẺ 120GB - 250GB - 500GB, hàng tháo máy SK thấp , bảo hành 6 tháng",https://www.lazada.vn/products/pdp-i3152891059.html,199.000 ₫,5.0,9 Đã bán
"Bộ thu tín hiệu mạng WiFi 6 286Mbps, Thẻ mạng không dây 2.4G, Bộ chuyển đổi Wi-Fi USB mini, LAN Dongle cho PC Desktop Không cần trình điều khiển",https://www.lazada.vn/products/pdp-i3014400663.html,65.000 ₫,5.0,43 Đã bán
【E-WOITD】 4TB 2TB 1TBGB di động đĩa cứng Loại C USB3.1 xách tay SSD ổ đĩa trạng thái rắn,https://www.lazada.vn/products/pdp-i2871736341.html,148.193 ₫,4.0,95 Đã bán
"ORICO SSD 2.5 ""SSD 128GB 256GB 512GB 1TB ổ cứng lưu trữ thể rắn/tốc độ cao SSD SATA III cho Máy tính để bàn máy tính xách tay",https://www.lazada.vn/products/pdp-i2699673575.html,2.931.000 ₫,4.0,
High Speed NAS Xi - ... HDD 1TB 2TB 3TB 4TB 6TB SATA3.0 Desktop Mechanical Hard Disk,https://www.lazada.vn/products/pdp-i2739417108.html,919.734 ₫,,
VGA LEADTEK NVIDIA Quadro T1000,https://www.lazada.vn/products/pdp-i1660078696.html,12.882.000 ₫,,
Vườn Thiền Để Bàn Zen Garden Giảm Stress - Decor Desktop,https://www.lazada.vn/products/pdp-i2972470032.html,199.000 ₫,,
VGA Gigabyte GeForce RTX 3060 WINDFORCE OC 12GB (N3060WF2OC-12GD),https://www.lazada.vn/products/pdp-i2959156289.html,9.150.000 ₫,,
CAROTE | Nồi Điện Đơn Phục Vụ Di Động,https://www.lazada.vn/products/pdp-i3220449025.html,1.135.000 ₫,4.0,10 Đã bán
"[BH 1NĂM] Nồi Cơm Điện Mini Chống Dính ZODAN/CHIGO C889, Nấu Hầm Súp Cháo Đa Năng, Dung Tích 1,2L",https://www.lazada.vn/products/pdp-i2842994635.html,181.000 ₫,4.0,Cam Kết Giá Tốt
Quạt Mini Quạt phản lực cầm tay có thể sạc lại Gió mạnh 100Gear Tốc độ gió Màn hình kỹ thuật số Quạt,https://www.lazada.vn/products/pdp-i3094701749.html,30.000 ₫,4.0,228 Đã bán
Tủ lạnh Aqua Inverter 469 lít Multi Door AQR-M536XA(GB) - Freeship toàn quốc - Bảo hành 2 năm,https://www.lazada.vn/products/pdp-i3004294160.html,17.990.000 ₫,5.0,213 Đã bán
"ASD | Máy Xay Thịt Đa Năng 3L, Cối Inox 304 Bền Bỉ, Xay Rau Củ Gia Vị, Hàng Chính Hãng",https://www.lazada.vn/products/pdp-i3220909217.html,571.000 ₫,4.0,
[okoogee]Foldable Desktop Microphone Tripod Stand 5/8 Inch Threaded Mount Microphone Desktop Support Rotatable Mic Holder for Live Stream Conferences Lectures Meetings,https://www.lazada.vn/products/pdp-i2412560650.html,81.000 ₫,5.0,
sale máy để bàn all in one Lenovo c470,https://www.lazada.vn/products/pdp-i3060096777.html,4.250.000 ₫,,
Ổ cứng gắn trong Toshiba P300 Desktop PC 3.5inch Chính Hãng,https://www.lazada.vn/products/pdp-i986540416.html,2.240.000 ₫,4.0,22 Đã bán
Mini Amplifier HiFi 2.0 12V Power Source Desktop Computer Car Use Bookshelf Speakers HiFi Amplifier Machine AEJE Model TA8251C,https://www.lazada.vn/products/pdp-i3141051184.html,347.000 ₫,2.0,"372 Đã bán
China"
Intel I3 4130 4150 4160 4170 CPU I5 4430 4460 4570 4590 22nm Desktop Processor Skylake New Original Chip Computer Hardware,https://www.lazada.vn/products/pdp-i2524350738.html,121.000 ₫,5.0,
Xpay Intel E3-1240 V2 CPU 3.0GHz 6-Core LGA 1150 Desktop Computer Components CPU Intel E3-1230 V2 1245 E3 1265L V2 1225 1280 1275,https://www.lazada.vn/products/pdp-i2839891530.html,423.000 ₫,,"176 Đã bán
Hong Kong"
Bộ Điều Khiển OptiPlex 330 360 380 Dell 780 980 790 7010 9010 Motherboard G41 LGA775 Compact Desktop Computer Hardware,https://www.lazada.vn/products/pdp-i2524428015.html,379.000 ₫,4.0,133 Đã bán
"XMDS💖 Máy tính để bàn Màn hình cao kệ, máy tính để bàn kệ lưu trữ, kệ sách bàn, Màn hình máy tính xách tay đứng",https://www.lazada.vn/products/pdp-i2428938930.html,180.000 ₫,5.0,23 Đã bán
Bộ Điều Khiển Máy Tính Bằng Thép Không Gỉ Màu Trắng Mini-ITX Wall-Mounted Half-High CPU Integrated Black White DX-D3 Desktop Computer Case,https://www.lazada.vn/products/pdp-i2830181737.html,729.000 ₫,,
Hộp Đựng Cáp Orico Desktop Power Strip Router Cable Organizer Box Dây Nguồn Hộp Đựng Dây Cáp Phụ Kiện Máy Tính,https://www.lazada.vn/products/pdp-i2951526485.html,296.000 ₫,5.0,380 Đã bán
AData DDR3 1600 4GB Memory Stick Desktop Computer Hardware New Single Stick 1333 1600 2G 4G 8G Game Dragon,https://www.lazada.vn/products/pdp-i2524391400.html,118.000 ₫,4.0,
Computer Desk Threading Hole Cover Plate Rice-shaped Round Desk Hole Desktop Opening Wire Buckle Cover Plastic Decorative Cover,https://www.lazada.vn/products/pdp-i3218263165.html,65.000 ₫,,
Smart WIFI Weather Station Clock DIY Cute GIF Animations Desktop Decoration Electronic Album Function MINI Clock,https://www.lazada.vn/products/pdp-i2545795475.html,307.300 ₫,,
【Popular choice】 DDR3 2GB 4GB 8GB Desktop Memory Ram 1066 1333 1600Mhz PC3 8500 10600 12800 1.5V 240Pins Computer Non-ECC DIMM Memories Ram,https://www.lazada.vn/products/pdp-i3101195250.html,298.478 ₫,,
ATK 99G Series Mouse Pad Super Large Desktop Equalization Pad E-sports game office,https://www.lazada.vn/products/pdp-i2931291451.html,231.500 ₫,,
Thùng máy vi tính hp core i5 4570 ram 8g ssd 240g có usb wifi kem theo kết nối vga-DisplayPort giá chỉ 2100k,https://www.lazada.vn/products/pdp-i2499909708.html,2.100.000 ₫,,
Thùng máy i3 thế hệ 6 i3 6100 ram 8g ssd 120g hdd 250g vga roi 8g rx570 nguồn 550w case led như hình giá 3500k,https://www.lazada.vn/products/pdp-i2336909101.html,3.500.000 ₫,5.0,
G.SKILL 16GB DDR4 2400 2666 2133 Desktop Computer Memory Stick Single Channel Desktop Memory Stick New Condition,https://www.lazada.vn/products/pdp-i2528931477.html,1.120.000 ₫,,"25 Đã bán
Hong Kong"
Hot Chart Pattern Mouse Pad Thị trường chứng khoán Forex Bitcoin Trader Desktop Pad Nhà đầu tư Quà tặng Candle Holder Pattern Art Keypad,https://www.lazada.vn/products/pdp-i3016804360.html,125.000 ₫,5.0,
"Máy lọc không khí Honeywell Desktop Air KJ205F – Nhỏ gọn & hiệu quả, lọc 360° bụi siêu mịn, khử mùi",https://www.lazada.vn/products/pdp-i3215030771.html,3.890.000 ₫,,
{hot} Essager 75W GaN Desktop Charger Quick Charge 65W USB Type C Fast Charging Station For MacBook iPhone Xiaomi iPad Samsung Laptop,https://www.lazada.vn/products/pdp-i3075800887.html,607.393 ₫,,
"Monster M2MAX Wireless Bluetooth Vertical Mouse, 4000 DPI Silent Mouse with 7 Adjustable DPI Levels, 2.4GHz Optical Mouse, 6 Buttons Wireless Mouse for Laptop, Desktop, PC, MacBook",https://www.lazada.vn/products/pdp-i3101342271.html,568.407 ₫,,
[Lắp đặt 0Đ HCM/ HN] Máy lạnh/ Điều hòa Casper Inverter ProAir 1 chiều 1HP GC-09IB36 - Bảo hành 3 năm,https://www.lazada.vn/products/pdp-i3202323280.html,5.890.000 ₫,5.0,
[Trả góp 0%] - [HÀNG CHÍNH HÃNG] Máy Lọc Nước Để Bàn RO Philips ADD6910,https://www.lazada.vn/products/pdp-i602072169.html,10.490.000 ₫,4.0,24 Đã bán
Comfast | Bộ Adapt Bluetooth cho PC USB Desktop 5.3 Tai Nghe Không Dây,https://www.lazada.vn/products/pdp-i3206713067.html,216.000 ₫,4.0,
[MIỄN PHÍ LẮP ĐẶT] Máy Lọc Nước Kangaroo Hydrogen Infinity Nóng Lạnh 10 Lõi KG10N6,https://www.lazada.vn/products/pdp-i3038667307.html,6.190.000 ₫,5.0,11 Đã bán
"Ổ Cứng để bàn HDD Western Digital WD My Book 4TB- 3.5"" USB 3.0 Desktop - WDBBGB0040HBK",https://www.lazada.vn/products/pdp-i2280563804.html,3.996.000 ₫,3.5,
[Thu thập VC 10% tối đa 1tr ở trạm voucher]Máy sấy thông hơi 7 kg Toshiba TD-H80SEV(SK) - Mới 2024,https://www.lazada.vn/products/pdp-i2770882540.html,6.390.000 ₫,5.0,18 Đã bán
Mini Eye Massager Máy Rung Bộ Sạc Pin Cao Tần Máy Làm Đẹp Mắt Thiết Bị Chăm Sóc Cá Nhân Thiết Bị Chăm Sóc Sức Khỏe Thiết Bị Mát-xa,https://www.lazada.vn/products/pdp-i3214553791.html,123.930 ₫,,"155 Đã bán
China"
【CHANGXIANG3】 120mm PC Case Fan 12V Big 4p And 3p 1200rpm RGB Desktop Computer Heat Dissipation Colorful Luminous 12cm Chassis Ventilador,https://www.lazada.vn/products/pdp-i3192837822.html,59.335 ₫,,
Quạt để bàn USB di động có thể sạc lại KS với tốc độ có thể điều chỉnh và dao động tự động,https://www.lazada.vn/products/pdp-i3085979453.html,161.000 ₫,,
INRT | Máy Massage Huyệt Bấm Silicone,https://www.lazada.vn/products/pdp-i3204664246.html,117.000 ₫,,
XINGHEC2 Máy tính để bàn Màn hình máy tính đứng máy tính để bàn Màn hình máy tính nâng cao Riser PC máy tính xách tay Máy tính để bàn màn hình đứng bàn lưu trữ tổ chức,https://www.lazada.vn/products/pdp-i3001642508.html,100.422 ₫,5.0,
SADA trò chơi bàn phím có dây Punk hai màu cơ dạ quang cảm thấy máy tính kinh doanh Bàn phím chơi game,https://www.lazada.vn/products/pdp-i2772639940.html,111.000 ₫,,
Sumtax Iron Man Mini Computer Case M-ATX Desktop Tower Thickened 0.8 Steel Material Computer Hardware Display Case,https://www.lazada.vn/products/pdp-i2797672466.html,216.000 ₫,0.8,"148 Đã bán
Hong Kong"
The Primitive | Bếp Điện Dùng Để Pha Trà và Nướng Thức Ăn Trong Nhà,https://www.lazada.vn/products/pdp-i3219642170.html,308.000 ₫,4.0,
"Deadline Smart AI Xiaomi LazMall Máy Massage Gun OSK-802 ( 4 Đầu, 6 Chế Độ ) Máy Massage Cầm Tay Mini Giảm Đau Cơ Massage Toàn Thân Giảm Căng Cơ, Nhức Mỏi Vai Gáy Giúp Lưu Thông Máu Hiệu Quả",https://www.lazada.vn/products/pdp-i2919397975.html,216.000 ₫,4.0,Cam Kết Giá Tốt
Edon | Quạt Để Bàn Mini Di Động Pin Dài,https://www.lazada.vn/products/pdp-i3191674533.html,463.000 ₫,4.0,
Bộ nhớ RAM Casper DDR5 16GB 32GB 4800/5200/5600/6000MHz cho Desktop PC,https://www.lazada.vn/products/pdp-i2836248048.html,960.000 ₫,,
Máy tính all in one Nec,https://www.lazada.vn/products/pdp-i3060149344.html,3.950.000 ₫,,
"[GIAO TẠI HCM] CFS-10VGDF - Máy lạnh Comfee Inverter 1 HP CFS-10VDGF-V - chỉ làm mát, không làm lạnh",https://www.lazada.vn/products/pdp-i3069151466.html,5.550.000 ₫,,
[HCM][Trả góp 0%]PC chơi game A8 7600k 3.8Ghz/ Ram 8G/ Vga 4G/ Hdd 250G/ Case nguồn như hình,https://www.lazada.vn/products/pdp-i380566138.html,3.150.000 ₫,,
Ram PC DDR4 Kingbank 8GB 16GB Bus 3200,https://www.lazada.vn/products/pdp-i2601172182.html,435.000 ₫,,
"Máy chủ Dell PowerEDGE R610, Rack 1U, CPU socket 1366, nhiều cấu hình tuỳ chọn",https://www.lazada.vn/products/pdp-i2125399506.html,2.200.000 ₫,5.0,
【Clearance Markdowns】 DDR3 2GB 4GB 8GB Desktop Memory Ram 1066 1333 1600Mhz PC3 8500 10600 12800 1.5V 240Pins Computer Non-ECC DIMM Memories Ram,https://www.lazada.vn/products/pdp-i3149943861.html,314.446 ₫,,
"(RẺ VÔ ĐỐI) Tông Đơ Cắt Tóc Không Dây Chính Hãng KM-232, Tông Đơ Hớt Chấn Viền Tóc Gia Đình, Tăng Đơ Cắt Tóc Chuyên Nghiệp Kiểu Dáng Mini Gọn Nhẹ Màn Hình LCD Sạc Pin Tiện Dụng",https://www.lazada.vn/products/pdp-i2496339233.html,209.000 ₫,4.0,
RamaxeL DDR3L 1600MHz 4G 8G 1600MHz Low Voltage Memory Stick for Laptop Computer Memory Bar Ramaxel Memory Technology,https://www.lazada.vn/products/pdp-i2529206123.html,210.000 ₫,5.0,601 Đã bán
Ấm Siêu Tốc Thủy Tinh Cao Cấp 2.0 Lít CUCKDD Model GD-ST16 - Bình Siêu Tốc Có Đèn Led - Tự Ngắt Khi Sôi,https://www.lazada.vn/products/pdp-i2585087521.html,117.094 ₫,4.0,
Quạt Cầm Tay 100 Tốc Độ Turbo Tốc Độ Cao Quạt Mini Màn Hình Led Hiển Thị Dung Lượng Pin Lớn 5000MAH Cấp Độ Gió Mạnh,https://www.lazada.vn/products/pdp-i3057054165.html,64.929 ₫,4.0,173 Đã bán
2Pc Full Size Russian Keyboard Stickers Letter Alphabet Layout Sticker Key for Laptop Desktop PC Russian -Orange Letters,https://www.lazada.vn/products/pdp-i3039662765.html,64.600 ₫,5.0,
"Combo main h61. chip i5, ram. ổ, nguồn",https://www.lazada.vn/products/pdp-i1532053113.html,2.500.000 ₫,,
Hoa Quả Nordic Sea Grass Wicker Handheld Picnic Basket Decorative Desktop Decoration Floral Basket Storage Basket,https://www.lazada.vn/products/pdp-i2830811698.html,102.000 ₫,5.0,
Acrylic Dustproof Display Box Lego Figure Stand Desktop Decoration Toy Building Blocks Accessories Universal for Boys And Bé Gáis,https://www.lazada.vn/products/pdp-i3214672621.html,108.000 ₫,,"85 Đã bán
China"
The Primitive | Lò Nướng Di Động Gấp Được,https://www.lazada.vn/products/pdp-i3219360241.html,743.000 ₫,4.0,
Mini-ITX Case DREAM D21 D21-PRO K39 U1 T40 D01 Steel Material Desktop Computer Case Wind Cooling New Condition,https://www.lazada.vn/products/pdp-i2011519540.html,445.000 ₫,4.0,316 Đã bán
M.2 Để Bộ chuyển đổi SATA Nhẹ Thuận Tiện Ngff M.2 Để SATA Thực Tế Cắm Và Chơi Cho Máy tính để bàn,https://www.lazada.vn/products/pdp-i3005434188.html,112.000 ₫,5.0,
Ultra Quiet North Bridge South Bridge CPU Chip Heatsink 4CM Fan Desktop Computer Universal Mainboard Fan,https://www.lazada.vn/products/pdp-i2524383452.html,88.000 ₫,5.0,362 Đã bán
Sahara Air Box A3 Mini Desktop Computer Gaming Host M-ATX Small Air Case Steel Material Top Power Supply Compatible Motherboard,https://www.lazada.vn/products/pdp-i3166743468.html,628.000 ₫,,
CPU Intel Core i7-2600S K7-2600K K7-2700K I7-3770 i7-3770S i7-3770T 3.1GHz 22nm 65W Quad-Core Desktop Computer Hardware,https://www.lazada.vn/products/pdp-i3138785664.html,1.215.000 ₫,,
AMD Athlon II X4 CPU Socket FM2 32nm 4-Core 2.8GHz 4MB L2 Cache Desktop Computer Processor New Unboxed 65W TDP,https://www.lazada.vn/products/pdp-i2524402258.html,83.000 ₫,5.0,732 Đã bán
Green Union S6 GaN 20W Fast Charge Multi-Function Portable Mini Desktop Charging Station for Apple 15 Phone Tablet iPad,https://www.lazada.vn/products/pdp-i2997419245.html,248.000 ₫,5.0,9 Đã bán
ATX Power Supply 300W 400W 650W 500W 600W 750W X79 Dual Channel Desktop Computer Power Supply Non-modular Active PFC Gold Certified,https://www.lazada.vn/products/pdp-i2524273931.html,373.000 ₫,,"24 Đã bán
Hong Kong"
Kebidumei USB 3.0 WiFi Adapter 1300Mbps For Dual Band 2.4G/5GHz Bluetooth 4.2 USB Network Card Wireless Wi Fi Receiver For Desktop Laptop,https://www.lazada.vn/products/pdp-i2720124595.html,218.568 ₫,4.0,251 Đã bán
"Máy Massage Cầm Tay Mini Giảm Đau Cơ Okila - Súng Massage Cầm Tay Fascia Gun KH-720 Phiên Bản Mini 4 Đầu 6 Chế Độ Massage Toàn Thân Giảm Căng Cơ, Nhức Mỏi Vai Gáy Giúp Lưu Thông Máu Hiệu Quả -Bảo Hành 12 Tháng Toàn Quốc",https://www.lazada.vn/products/pdp-i2649099213.html,146.185 ₫,4.0,192 Đã bán
"FREESHIP MAX-Ấm đun siêu tốc, Bình đun nước siêu tốc 2.3L - Bảo Hành 1 Năm - An toàn cho mọi gia đình, ấm đun nước siêu tốc, âm nước siêu tốc thái lan, bình đun nước giữ nhiệt, am sieu toc giá rẻ, bình nấu nước siêu tốc",https://www.lazada.vn/products/pdp-i2074241627.html,95.000 ₫,4.0,
"Bộ Nguồn Máy Tính IWONGOU RM 450W Màu Đen, Chuẩn ATX, Dành Cho Chơi Game, Với Quạt 120mm Êm Ái, Không Phải Mô-đun, 110V/220V, Dùng Cho BTC",https://www.lazada.vn/products/pdp-i2759635375.html,368.250 ₫,4.0,24 Đã bán
"Ấm đun siêu tốc, Bình đun nước siêu tốc 2.2L - Bảo Hành 1 Năm - Ấm đun siêu tốc- An toàn cho mọi gia đình, ấm đun nước siêu tốc, âm nước siêu tốc thái lan, bình đun nước giữ nhiệt, am sieu toc giá rẻ, bình nấu nước siêu tốc, ấm điệ",https://www.lazada.vn/products/pdp-i2277700967.html,69.000 ₫,4.0,511 Đã bán
Intel I5-2300 CPU 2.8GHz 4-Core LGA 1155 Desktop Processor TDP 95W 6MB L2 Cache 6MB L3 Cache New Computer Hardware,https://www.lazada.vn/products/pdp-i2528954405.html,446.000 ₫,,
Mini Computer Case Pink Mini Desktop Office Computer Case M-ATX Assembly Case Compact Steel Material Wind Cooling Case,https://www.lazada.vn/products/pdp-i2412111576.html,344.000 ₫,5.0,119 Đã bán
Máy giặt Toshiba Inverter 9.5 kg TW-T21BU105UWV(MG),https://www.lazada.vn/products/pdp-i2585766925.html,8.490.000 ₫,5.0,39 Đã bán
Nút Nguồn Máy Tính Để Bàn Net Cafe Desktop Switch Externally Mounted Power Button for Desktop Computers Net Bar Power Key,https://www.lazada.vn/products/pdp-i2947139025.html,150.000 ₫,,
"Cây nước nóng lạnh mini để bàn nhập khẩu FUJIHOME WD5510E, máy nước uống nóng lạnh bình lọc, tự động ngắt tiết kiệm điện, Bảo hành 1 năm",https://www.lazada.vn/products/pdp-i1352989580.html,1.035.000 ₫,4.0,143 Đã bán
Quạt cầm tay USB di động 5000-6000mAh Quạt điện mini tốc độ cao 100 Điều chỉnh tốc độ làm mát,https://www.lazada.vn/products/pdp-i3152997509.html,68.000 ₫,4.0,91 Đã bán
"Ram 4GB DDR3 bus 1600 cho PC, Desktop - Ram 4GB DDR3 1600",https://www.lazada.vn/products/pdp-i659712091.html,93.700 ₫,5.0,20 Đã bán
W9Plush Pillow Phone Tablet Bracket Desktop Stand Adjustable Length Angle for Video Chat Lazy Tablet Holder,https://www.lazada.vn/products/pdp-i3151857093.html,532.448 ₫,,
Bộ chia cáp USB High Speed 4 Port USB 3.0 Multi Hub Splitter Expansion Desktop PC Laptop Adapter,https://www.lazada.vn/products/pdp-i2080906414.html,36.521 ₫,4.0,57 Đã bán
"Quạt bàn mini Lifan B106( hàng chính hãng, mới 100%)",https://www.lazada.vn/products/pdp-i1944293449.html,165.000 ₫,5.0,27 Đã bán
Benbo | Quạt Để Bàn Mini Đứng Êm Ái,https://www.lazada.vn/products/pdp-i3195345358.html,518.000 ₫,4.0,20 Đã bán
Quạt Sắt Thủ Công Bằng Thép Không Gỉ Có Thể Gập Lại Quạt Công Chúa Gió Cổ Điển Quạt Phòng Thủ Quạt Sắt Tặng Quà Cho Mọi Người,https://www.lazada.vn/products/pdp-i3223590566.html,1.027.000 ₫,,"30 Đã bán
China"
[Sẵn hàng miền Bắc] [Trả góp 0%] Tủ lạnh Kháng Khuẩn Panasonic Inverter Ngăn Đá Trên 170L NR-BA190PUS9 - Bảo Hành 2 Năm - Hàng chính hãng,https://www.lazada.vn/products/pdp-i2081200725.html,6.300.000 ₫,5.0,363 Đã bán
"[CÔNG SUẤT LỚN, HÀNG CHUẨN] QUẠT KẸP BÀN TÍCH ĐIỆN 5 MỨC ĐỘ GIÓ , 3 MỨC ĐỘ ĐÈN PIN - QUẠT MINI KẸP BÀN CÔNG SUẤT LỚN, PIN KHỦNG 5000MAH - QUẠT TÍNH ĐIỆN THÔNG MINH SIÊU BỀN SIÊU MÁT",https://www.lazada.vn/products/pdp-i3147206316.html,96.810 ₫,4.0,64 Đã bán
Lucky 13 Action Figure Model DIY Doll Dummy 3D Printed Multi-Jointed Movable Robot Toys Boys Gifts Desktop Decoration,https://www.lazada.vn/products/pdp-i2634427992.html,73.500 ₫,,"484 Đã bán
China"
"ALLTOU Máy Xay Sinh Tố Công Nghiệp hai cốc,Công Suất 4500W Máy xay sinh tố đa năng, thích hợp để dễ dàng làm rau, trái cây, sinh tố và sữa,máy xay đa năng,máy xay sinh",https://www.lazada.vn/products/pdp-i2712384175.html,349.000 ₫,4.0,931 Đã bán
Bộ Nhớ RAM DDR3L 4GB Cho Máy Tính Xách Tay Áp Suất Thấp Bộ Nhớ Máy Tính Xách Tay 1600MHz 8GB 3rd Gen Bảo Hành 1 Năm,https://www.lazada.vn/products/pdp-i2524404154.html,116.640 ₫,5.0,
"Bầu lạnh cây lọc nước sunhouse kaganroo karofi loại 0,6lit - 0,8lit hàng chính hãng",https://www.lazada.vn/products/pdp-i2080855707.html,400.000 ₫,,
【TOP SALE】Magnetic Cardle K3 Desktop Phone Holder Stand Universal Adjustable Foldable Portable Tablet Mobile Cell Phone Holder Stand—Q3BA-6395,https://www.lazada.vn/products/pdp-i2585996521.html,160.387 ₫,,"13 Đã bán
China"
CANAMEK Cartoon Capybara Plush Keychain Bag Pendant Hanging Decoration Cute Stuffed Doll Toy Desktop Doll Ornament Car Keyring Kids Gifts,https://www.lazada.vn/products/pdp-i3192106310.html,28.928 ₫,,"10 Đã bán
China"
[Top] cantilever kẹp giá ôm chống trượt giá đỡ bằng nhựa Clip C hình dạng máy tính để bàn kẹp giữ cho micro đèn bàn vòng,https://www.lazada.vn/products/pdp-i2746015714.html,37.400 ₫,5.0,
Giá Để Đĩa CD Bằng Gỗ PS4 Game Disc Display Stand Storage Box Desktop Organizer Wood Material 36 Slots Family Storage Tools,https://www.lazada.vn/products/pdp-i3148259569.html,355.000 ₫,,
QUẠT 4 CÁCH LỒNG SẮT CẮM TRỰC TIẾP CỔNG USB ĐƯỜNG KÍCH 13CM - QUẠT MINI ĐỂ BÀN LÀM VIỆC SIÊU MÁT - CÁCH KIM LOẠI CỰC CHẮC CHẮN,https://www.lazada.vn/products/pdp-i1338029349.html,50.700 ₫,5.0,55 Đã bán
[HCM]QUẠT BÀN LIFAN B-106 GN-4 HOMI 14W mát êm dịu sử dụng văn phòng phòng ngủ,https://www.lazada.vn/products/pdp-i1331631524.html,160.000 ₫,4.0,359 Đã bán
Benbo | Quạt Bàn & Sàn Yên Tĩnh & Mạnh Mẽ với Chức Năng Quay,https://www.lazada.vn/products/pdp-i3195380214.html,533.000 ₫,4.0,19 Đã bán
BEAR | Quạt Để Bàn Mini Di Động Pin Dài và Tự Đảo,https://www.lazada.vn/products/pdp-i3195345560.html,2.080.000 ₫,4.0,120 Đã bán
Lò Nướng Điện Đa Năng Comet CM6510 10L 10 Lít - Hàng Chính Hãng (Bảo Hành 12 Tháng),https://www.lazada.vn/products/pdp-i1526736860.html,599.000 ₫,5.0,141 Đã bán
"Ổ Cứng Xraydisk SSD128GB 120GB 240GB 256GB 480GB 512GB HDD Disk Ổ Ssd Dành Cho Máy Tính Để Bàn,Máy Tính Xách Tay Có Giao Diện Sata3",https://www.lazada.vn/products/pdp-i2870629761.html,298.000 ₫,4.0,159 Đã bán
Sturdy Card Stand Lightweight Desktop Card Display Transparent For Corporate Gifting Business Events Office Desk Organizer,https://www.lazada.vn/products/pdp-i3110503004.html,14.000 ₫,5.0,26 Đã bán
The Primitive | Lò Nướng BBQ Di Động Trong Nhà Inox,https://www.lazada.vn/products/pdp-i3219842919.html,743.000 ₫,4.0,
QUẠT ĐIỆN 220V XOAY 180 SIÊU MÁT 20W CAO 35CM | HÌNH THÚ DỄ THƯƠNG,https://www.lazada.vn/products/pdp-i1873959896.html,131.567 ₫,4.0,203 Đã bán
"Ổ cứng máy bàn camera 1TB 2TB 3TB 4TB 500GB 320GB 250GB 160GB 80GB HDD PC 4T 3T 2T 1T 500G 250G 160G 80G HDD PC 3.5"" inch ổ cứng 1TB hdd 500GB hdd 4tb",https://www.lazada.vn/products/pdp-i1308087310.html,524.720 ₫,4.0,70 Đã bán
"Bếp hồng ngoại Sunhouse SHD6017 cảm ứng, Hàng chính hãng, Tặng kèm vỉ nướng",https://www.lazada.vn/products/pdp-i2909590946.html,355.892 ₫,4.0,304 Đã bán
Chuột Pad Phụ kiện chơi game máy tính xách tay Bàn phím Chuột Pad Máy tính Anime L Lord Ring Game Cabinet Desktop Mouse Pad XXL Thảm,https://www.lazada.vn/products/pdp-i2930909285.html,162.000 ₫,,
NẮP VẶN PHÍCH RẠNG ĐÔNG DÒNG 2035N1,https://www.lazada.vn/products/pdp-i3084280564.html,17.999 ₫,,
Hộp Đựng Vỏ Trong Suốt LazaraSport Cho Beaglebone,https://www.lazada.vn/products/pdp-i2417666816.html,34.120 ₫,,
Mini Quạt 15000 mAh Turbo Jet Sạc Tốc Độ Cao Cầm Tay Sạc nhanh 199cấp độh Type-C,https://www.lazada.vn/products/pdp-i3062029840.html,197.010 ₫,4.0,243 Đã bán
Đế sạc nhanh không dây tích hợp quạt hút tản nhiệt Baseus Whirlwind Desktop cho Apple iPhone/ Samsung (Qi Wireless,https://www.lazada.vn/products/pdp-i2501983482.html,438.900 ₫,,
"QUẠT ĐIỆN ĐỂ BÀN HÌNH MÈO, CHÓ, DOREMON SIÊU DỄ THƯƠNG VỚI 3 TỐC ĐỘ QUẠT SIÊU MÁT - QUẠT ĐỂ BÀN THIẾT KẾ NHỎ GỌN KO CHIẾM DIỆN TÍCH - CAM KẾT HÀNG CHẤT LƯỢNG TỐT",https://www.lazada.vn/products/pdp-i3086074334.html,125.000 ₫,,
"Ổ cứng 1TB HDD 1TB máy bàn 1T 3.5"" inch 1000GB desktop 1000G camera bảo hành tận nhà 1 đổi 1",https://www.lazada.vn/products/pdp-i1308149067.html,510.000 ₫,5.0,19 Đã bán
"Sharp Quạt sạc điện mini,quạt để bàn，uạt điều hòa, Quạt tuần hoàn không khí，quạt tích điện để bàn cỡ lớn pin trâu, quạt mini cầm tay, quạt tuần hoàn không khí 4 chế độ gió không",https://www.lazada.vn/products/pdp-i2728152042.html,539.370 ₫,4.0,48 Đã bán
Mainboard Dell Optiplex 3020 MT Mini Tower 1155 Motherboard 40DDP MIH81R 12124-1M,https://www.lazada.vn/products/pdp-i211346579.html,650.000 ₫,,
Nintendo Switch Original Game Card Holder Multi-Function Desktop Placement Game Card Bracket Accessories Storage Organizer,https://www.lazada.vn/products/pdp-i3211953021.html,116.000 ₫,,
All tool store-External USB 3.0 CD/DVD Drive Player CD/DVD-ROM+ /-RW CD Writer for 11/10/8/7 Linux Burner for Laptop Desktop,https://www.lazada.vn/products/pdp-i3213080708.html,466.575 ₫,3.0,
Magnet Resin Sakura Flower Fridge Magnet Message Board Small Desktop Lamp Decoration Fresh Style Card Paper Photo Holder,https://www.lazada.vn/products/pdp-i3211602032.html,51.000 ₫,,"48 Đã bán
Hong Kong"
QIUWU Clear Acrylic Cell Phone Stand Desk Dock Holder For Smartphone Universal Desktop Charger Support Telephone Mount,https://www.lazada.vn/products/pdp-i3142460278.html,17.509 ₫,,
Intel Xeon E5 2696V3 CPU 2.3GHz 22nm LGA2011-V3 20-Core 140W Desktop Computer Processor Chip Intel Xeon E5-2686V4 E5-2676V4,https://www.lazada.vn/products/pdp-i3149165926.html,551.000 ₫,,"54 Đã bán
China"
Delta SFX 250W CPU8P Matx ITX Power Supply Silent Miniature Desktop Computer Hardware Non-Modular Passive PFC Cuong Thanh,https://www.lazada.vn/products/pdp-i2830149864.html,419.000 ₫,,"222 Đã bán
Hong Kong"
Pure Brass Handheld Bell Wooden Handle Buddhist Altar School Decorative Piece Modern Simple Style Desktop Decoration Bell,https://www.lazada.vn/products/pdp-i2218087235.html,200.070 ₫,5.0,79 Đã bán
Jiashi quá khổ chuột Pad Anime hai chiều trò chơi thể thao điện tử Máy tính văn phòng bàn phím miếng lót để bàn dày may viền quảng cáo Pad,https://www.lazada.vn/products/pdp-i2920929710.html,52.000 ₫,5.0,26 Đã bán
Green Union Multi-Function USB Power Strip Desktop Computer Notebook Lamp Power Socket High Quality Durable Fast Charging,https://www.lazada.vn/products/pdp-i2997301743.html,556.000 ₫,,"438 Đã bán
China"
SADA Máy nước nóng lạnh mini mới Máy tính để bàn Máy gia đình nhỏ Máy sưởi thông minh Máy nước nóng Máy tính để bàn Trường học,https://www.lazada.vn/products/pdp-i1699809234.html,358.000 ₫,5.0,714 Đã bán
Intel Core I3 G1820 G1840 G3220 G3240 G3250 G3260 CPU 1150pin Intel LGA 1150 22nm 2.8GHz TDP 53W Desktop Computer Parts And Accessories,https://www.lazada.vn/products/pdp-i2524414080.html,60.000 ₫,,"605 Đã bán
Hong Kong"
Intel I7-4790 CPU 3.6GHz 4-Core LGA 1150 4MB L3 Cache 8MB L2 Cache 35W TDP Desktop Computer Hardware Display Computer Peripherals,https://www.lazada.vn/products/pdp-i3138722634.html,1.703.000 ₫,,
Tủ lạnh Sharp Inverter 362 lít Multi Door SJ-FX420V-SL,https://www.lazada.vn/products/pdp-i2614619373.html,12.890.000 ₫,5.0,47 Đã bán
E-WOITD Wifi 6 dual-band USB Adapter ax900 2.4G 5G Card mạng không dây cho máy tính để bàn PC,https://www.lazada.vn/products/pdp-i3128596525.html,116.650 ₫,,
Tấm Nền Nguồn Cung Cấp Cho Máy Tính Để Bàn Mới 300W 400W 500W 600W 700W Hộp Máy Chủ Tấm Nền Cho Thẻ Đồ Họa PC Desktop,https://www.lazada.vn/products/pdp-i2407617850.html,445.000 ₫,4.0,
"WAVLINK USB Hub, 7-IN-1 USB-C Hub with USB-C to A Adapter, 5Gbps USB3.0, 6*480Mbps USB2.0, USB Splitter Plug & Play for iMac/iPad Pro/iPhone 15, Compatible with Windows/Mac/Android/Chrome OS/Linux",https://www.lazada.vn/products/pdp-i2944281758.html,95.000 ₫,5.0,9 Đã bán
Ổ cắm tường Sticker Fixer chống đột biến điện dính Ổ cắm điện để bàn Fixer nhiều mục đích cho nhà,https://www.lazada.vn/products/pdp-i3060512003.html,19.000 ₫,4.0,8 Đã bán
Máy Xay Sinh Tố Đa Năng KAW SILVER CREST SC-1589 Máy Xay Công Nghiệp 2 Cối Xay Công Suất 4500W,https://www.lazada.vn/products/pdp-i1572923563.html,279.000 ₫,4.0,
Chân Micro Để Bàn Soundking DD032B – Chính Hãng,https://www.lazada.vn/products/pdp-i3104629026.html,575.000 ₫,,
Ổ SSD NVMe 256GB cho Máy Tính Để Bàn và Laptop,https://www.lazada.vn/products/pdp-i3197075635.html,646.000 ₫,,
Điện cho card đồ họa kết nối GPU Bộ chuyển đổi điện Board 600W 12V hpwr 180 độ cho máy tính để bàn,https://www.lazada.vn/products/pdp-i3075533955.html,186.179 ₫,,
"UGREEN 100W GAN Charger Desktop Power Strip Smart Socket Sạc nhanh Bộ chuyển đổi AC DC 7 trong 1 Bộ sạc nhanh cho điện thoại di động, máy tính xách tay Model：60167",https://www.lazada.vn/products/pdp-i1942229439.html,3.136.400 ₫,5.0,6 Đã bán
Ổ đĩa quang Dell DW316 External USB Slim DVD R/W,https://www.lazada.vn/products/pdp-i133691911.html,1.090.000 ₫,5.0,40 Đã bán
BEAR | Quạt Bàn Có Chức Năng Quay Cho Ký Túc Xá Sinh Viên,https://www.lazada.vn/products/pdp-i3204855898.html,1.807.000 ₫,4.0,34 Đã bán
"[BẢO HÀNH 12 THÁNG] Bình lọc nước nóng lạnh KAW, Máy nước văn phòng, Máy nước để bàn, Cây nước nóng lạnh mini KAW, dễ dàng sử dụng - Bảo hành chính hãng 1 đổi 1",https://www.lazada.vn/products/pdp-i2593925773.html,744.952 ₫,4.0,31 Đã bán
"[2 CỐI] Máy xay sinh tố đa năng, máy xay sinh tố cầm tay mini dung tích 300ml, công suất 40w, có 6 lưỡi dao bằng thép không rỉ, giá rẻ hơn máy xay philip, osaka, máy xay sinh tố công nghiệp",https://www.lazada.vn/products/pdp-i2277703956.html,98.010 ₫,4.0,208 Đã bán
E-WOITD Đa chức năng 2 mét led ánh sáng máy tính để bàn chuyển đổi điện pc bo mạch chủ bên ngoài bắt đầu power on off nút cáp mở rộng,https://www.lazada.vn/products/pdp-i3113149535.html,43.722 ₫,,
Ruột bút nhũ vẽ trên vải túi 100 ngòi,https://www.lazada.vn/products/pdp-i2420107671.html,60.000 ₫,4.0,16 Đã bán
Vintage Microphone mô hình với đế chắc chắn phong cách cổ điển mic Bộ đạo cụ cho studio chụp ảnh (màu đen),https://www.lazada.vn/products/pdp-i3077813566.html,141.466 ₫,,
64Gbps M.2 SSD NVME to PCIE 4.0 X1/X4/X8/X16 Converter Adapter with Heatsink PCI Express Expansion Card for Desktop PC,https://www.lazada.vn/products/pdp-i3151783852.html,172.162 ₫,5.0,
"Earise | Hub Mở Rộng Bàn Làm Việc Tốc Độ Cao Đầy Đủ Chức Năng với Thunderbolt 4, Gigabit Ethernet, USB3.0, USB4, HDMI",https://www.lazada.vn/products/pdp-i3198491984.html,1.043.000 ₫,4.0,
Russian Letters Keyboard Sticker for Notebook Laptop Desktop PC Keyboard Covers Russia Sticker,https://www.lazada.vn/products/pdp-i3151595670.html,25.800 ₫,,
OOKAS quạt đứng quạt máy quạt cây đứng quạt cắm điện 220V Quạt tuần hoàn,https://www.lazada.vn/products/pdp-i2737109196.html,352.330 ₫,4.0,64 Đã bán
"Quạt Điện Tản Gió Quạt Hộp Để Bàn MIDEA KYT30-15A, Hàng Chính Hãng 12 Tháng Trên Toàn Quốc, Tự Ngắt Khi Quạt Đổ , Nghiêng, Mẫu Mã Thời Trang, An Toàn Lhi Sử Dụng",https://www.lazada.vn/products/pdp-i2289551430.html,650.000 ₫,4.0,11 Đã bán
Ấm Đun Nước Siêu Tốc Cuckoo 2.5L Inox 304 Vỏ Nhựa - Ấm đun nước siêu tốc,https://www.lazada.vn/products/pdp-i2218183645.html,90.655 ₫,4.0,
E-WOITD Microphone đứng máy tính để bàn có thể điều chỉnh nâng mic chủ di động bảng Bracket chống sốc mic đứng cho sống Trọng lượng nhẹ Bracket,https://www.lazada.vn/products/pdp-i3131563605.html,23.309 ₫,,
Chuột không dây BOW universal 1200dpi cho laptop và desktop,https://www.lazada.vn/products/pdp-i3178634793.html,113.000 ₫,4.0,
Băng Keo Nhiệt Silicon Ice Man MTG5 Cho CPU Card Đồ Họa Laptop Desktop Máy Tính Để Bàn Băng Keo Tản Nhiệt Chất Dán Keo,https://www.lazada.vn/products/pdp-i2493566428.html,49.000 ₫,4.0,357 Đã bán
Anime Girl Shaving High School Student Original Sa Handmade Collectible Figure Desktop Computer Case Anime Model Toy,https://www.lazada.vn/products/pdp-i2901880599.html,158.000 ₫,,
Snow Queen Collectible PVC 1/6 Scale Adult Figure High Quality Domestic Gk Model Desktop Decoration for Men And Women,https://www.lazada.vn/products/pdp-i3211962414.html,404.000 ₫,,"600 Đã bán
China"
Giá Đỡ Máy Tính Xách Tay Bằng Hợp Kim Nhôm MacMini Mini Stand Vertical Dock Notebook Stand Desktop Storage Macbook Stand,https://www.lazada.vn/products/pdp-i1646809066.html,128.000 ₫,4.0,792 Đã bán
TAIDU quạt sạc điện mini quạt usb văn phòng quạt điện nhỏ để bàn quạt điện nhỏ quạt tích điện quạt mini cầm tay,https://www.lazada.vn/products/pdp-i1875457885.html,103.000 ₫,4.0,
Jiashi Máy tính để bàn Quạt USB sinh viên cầm tay ký túc xá fan hâm mộ có thể sạc lại văn phòng nhà cửa,https://www.lazada.vn/products/pdp-i2955760002.html,156.000 ₫,4.0,73 Đã bán
Bull | Quạt Mini Để Bàn Sạc Điện Dài Lâu,https://www.lazada.vn/products/pdp-i3205324758.html,471.000 ₫,4.0,
Quạt Sạc Làm Mát Không Khí Có Thể Gập Lại Mini Cầm Tay 3600mAh Pin 100 Tốc Độ Vô Cấp Turbo Wind Cho Du Lịch Ngoài Trời,https://www.lazada.vn/products/pdp-i3079472217.html,182.500 ₫,4.0,
Comfast | Thẻ Mạng Không Dây Dual Band 5G WiFi 6 & Bluetooth 5.4 PCIe cho Máy Tính Để Bàn,https://www.lazada.vn/products/pdp-i3195278299.html,302.000 ₫,4.0,9 Đã bán
"Hagibis | Ổ Cứng Mở Rộng M.2 Type-C Thunderbolt 4/3 cho MacBook Pro, Desktop, Mac Mini",https://www.lazada.vn/products/pdp-i3194382948.html,2.867.000 ₫,4.0,
Hamrol 3.5 inch Desktop HDD 6TB/4TB/2TB/1TB Internal HDD PC CCTV,https://www.lazada.vn/products/pdp-i2751337830.html,1.666.697 ₫,3.5,
"Tủ lạnh, thiết kế đẹp, thích hợp cho tủ lạnh ô tô và gia đình, đa năng, để làm mát mỹ phẩm, tủ lạnh nhỏ, cách nhiệt, dung tích lớn 6L Tủ Đông Mini Đứng Đèn pro Bảo quản nội tạng Tủ gương làm lạnh nhanh",https://www.lazada.vn/products/pdp-i3227051226.html,439.000 ₫,,
【Worth-Buy】 Keyboard For Spanish Portuguese Korean French Hebrew Japanese Laptop PC Desktop Letter Alphabet Layout,https://www.lazada.vn/products/pdp-i3097971398.html,96.545 ₫,,
"Ca Giữ Nhiệt Matsu 750ml – Nhựa Duy Tân Chính Hãng, Bền Đẹp & An Toàn",https://www.lazada.vn/products/pdp-i3148647965.html,31.300 ₫,4.0,31 Đã bán
[DP SIÊU MÁT] QUẠT SẠC CAO CẤP CẢM ỨNG DP 7626 CÓ ĐÈN LED CAO 31 CM,https://www.lazada.vn/products/pdp-i1283656539.html,183.000 ₫,4.0,928 Đã bán
JIFANPAUL | Giá Đỡ Màn Hình Ti vi Cao Bàn Phím,https://www.lazada.vn/products/pdp-i3196108272.html,157.000 ₫,,
[Lắp đặt 0Đ HCM/ HN] Máy lọc nước RO Casper WR-E6K1 - Lõi RO Hàn Quốc - 10 lõi 10 cấp lọc - Chính hãng,https://www.lazada.vn/products/pdp-i3202345480.html,2.290.000 ₫,,
Quạt Để Bàn Mini Tốc Độ Cao Bộ Tuần Hoàn Không Khí Để Bàn Di Động Có Thể Sạc Lại USB Để Sử Dụng Tại Văn Phòng Và Gia Đình Quạt Điện Nhỏ,https://www.lazada.vn/products/pdp-i3184860191.html,134.250 ₫,,
TAFIQ | Quạt Điều Chỉnh Tần Số Treo Tường Tiếng Êm Lưu Lượng Khí Cao Dài Lâu Thiết Bị Làm Mát Hè,https://www.lazada.vn/products/pdp-i3198572830.html,484.000 ₫,4.0,29 Đã bán
"Bàn Chải Điện Mifan Sonic X5 Model 2024 - Bàn chải đánh răng máy sóng âm công nghệ Đức - Pin sạc USB, chống nước IPX7 - Tặng kèm 3 đầu bàn chải",https://www.lazada.vn/products/pdp-i1486934095.html,109.000 ₫,4.0,
Store YUEQIN3 E-Thể Thao USB Có Dây Chuột Đầy Màu Sắc LED Chuột Chơi Game 5000 Dpi Có Dây Chuột Quang Có Dây Gamer Chuột Cho Máy Tính Để Bàn Máy Tính Xách Tay PC Máy Tính,https://www.lazada.vn/products/pdp-i3010200866.html,29.606 ₫,5.0,37 Đã bán
PC PV Gaming Cupid M014 (Intel Core i5-12400F/ GeForce RTX 3060/ 1 x 16GB/ 512GB SSD/ Free DOS) - Bảo hành theo thời gian từng linh kiện,https://www.lazada.vn/products/pdp-i3179307232.html,18.829.000 ₫,,
Benbo | Quạt Để Bàn Nhỏ Yên Tĩnh Hỗ Trợ Lưu Thông Không Khí,https://www.lazada.vn/products/pdp-i3195309645.html,641.000 ₫,4.0,6 Đã bán
"PHỤ KIỆN CHO ROBOT HÚT BỤI PROBOT NELSON A3,A3S,A3 CAMERA,A3 WIFI",https://www.lazada.vn/products/pdp-i3070869018.html,69.000 ₫,,
【XZsunflower 】3Pcs Adjustable Desk Edge Hooks Punch-Free Household School Office Desktop Edge Bag Hanging Metal Hook Student Backpack Earphone Storage Hook,https://www.lazada.vn/products/pdp-i2678083488.html,31.428 ₫,5.0,12 Đã bán
Acer | Máy Tính Xách Tay Văn Phòng Đứng Thẳng Không Dây Bluetooth Êm Ái Ergonomic,https://www.lazada.vn/products/pdp-i3196343306.html,559.000 ₫,4.0,
Intel G1820 3260 I3 4130 4170 I5 4460 4590 E3-1230V3 CPU Bộ Vi Xử Lý Intel Core I3 I5 I7 Desktop LGA 1150 22nm 2MB,https://www.lazada.vn/products/pdp-i2524375522.html,66.000 ₫,5.0,146 Đã bán
Bàn Phím CỔNG PS2 /Usb,https://www.lazada.vn/products/pdp-i363690543.html,50.000 ₫,4.0,64 Đã bán
{UU61} Alien Stage Freedom Stage Series Cute Collectible PVC Figurine Gift Blind Box Contemporary Art Desktop Decoration Collectibles,https://www.lazada.vn/products/pdp-i3118242124.html,262.277 ₫,,
Retro Desktop Cassette Recorder Player With Am Fm Sw Radio Portable Auto Stop Tape Player With Usb/TF Card,https://www.lazada.vn/products/pdp-i2657853184.html,590.764 ₫,,
A01 Aluminum Mini-ITX HTPC Desktop Computer Chassis Black Tempered Glass HTPC Mini ITX DIY PC Cases,https://www.lazada.vn/products/pdp-i2951563820.html,889.855 ₫,,
Loa Bluetooth Không Dây Cao Cấp 2025 Huaqiang North Manhattan Glass 5.1 Smart Speaker Home Desktop Wireless Bluetooth Speaker,https://www.lazada.vn/products/pdp-i3180182573.html,149.400 ₫,5.0,7 Đã bán
ITX Computer Case TX02 Mini Desktop Case Industrial Control HTPC Case,https://www.lazada.vn/products/pdp-i3215705266.html,628.000 ₫,,
USB Speakers Usb Powered Surround Sound Wooden Speakers Desktop Wired Loudspeakers Bass Stereo Subwoofer For Laptop PC Computer,https://www.lazada.vn/products/pdp-i2606150010.html,282.267 ₫,,
"[HATELI] Aquarium Set Sáng Tạo Tre Và Gỗ Sinh Thái Chiến Đấu Fish Tank Desktop Mini Fish Tank Aquarium ((Bao Gồm Cả Bìa, Đèn, Cát Dưới, Vách Ngăn Giữa)",https://www.lazada.vn/products/pdp-i863436501.html,476.375 ₫,4.0,64 Đã bán
"Bộ nhớ RAM Casper DDR5 PC Gaming Desktop 16GB 32GB 64GB 5200/5600/6000MHz với tản nhiệt Màu trắng/đen, Bộ kênh đôi (Dual Channel Kit)",https://www.lazada.vn/products/pdp-i2945281994.html,1.000.000 ₫,,
A07 Mini ITX Computer Case Chassis HTPC Host Case USB3.0 ITX Enclosure Personal Computer Chassis Desktop Box,https://www.lazada.vn/products/pdp-i2792688699.html,853.061 ₫,,
Wireless Bluetooth keyboard with phone holder for iPad tablet 2.4g wireless gaming keyboard for PC desktop laptop work keypad（Please contact the store for products worth 999999 Vietnamese dong）,https://www.lazada.vn/products/pdp-i2724323799.html,459.999 ₫,,
"[YJ] Tủ Lạnh Mini Cho Carro, Tủ Đông Portátil De Alimentos E Bebidas, Tủ Lạnh Pequeno, 4 Litros, Aparello Cho Cosméticos Cho Carros, Cuidados Com A Pele",https://www.lazada.vn/products/pdp-i1325212156.html,315.509 ₫,3.0,39 Đã bán
Thùng máy HP pavilion chip Intel h270 cpu i3 7100 ram 8g ssd 120g có dvd wifi mạnh mẽ giá chỉ 1850k bảo hành chu đáo 1thang,https://www.lazada.vn/products/pdp-i2825850392.html,1.850.000 ₫,,
Ổ cứng SSD 64GB128GB 256GB Zif CE Interface cho bo mạch logic iPod thế hệ 6/7 Classic,https://www.lazada.vn/products/pdp-i3186612208.html,999.999 ₫,,
ToyTrek Trọng lực bất chấp động lực đồ chơi động lực nghệ thuật điều hành Bàn đồ chơi chống trọng lực khối xây dựng cho máy tính để bàn nhà trang trí xoay spinner với bóng nổi để giữ tập trung và giảm căng thẳng,https://www.lazada.vn/products/pdp-i3029024996.html,147.021 ₫,5.0,
"I know 12 Digit Dual Powered Desktop Calculator,Large Display for Clear View and Easy Readability",https://www.lazada.vn/products/pdp-i1902495989.html,164.428 ₫,5.0,8 Đã bán
VGA GIGABYTE GeForce RTX 3060 GAMING OC 12G (GV-N3060GAMING OC-12GD),https://www.lazada.vn/products/pdp-i2959138820.html,9.500.000 ₫,,
4 Có Thể Điều Chỉnh Micro Kẹp Giá Đỡ Kẹp Cho Máy Tính Để Bàn & Tầng Đứng Micro Đứng Nhựa Chân Đế Mic Kẹp,https://www.lazada.vn/products/pdp-i3182152261.html,115.000 ₫,,
(PZMO) 1 Piece B85 Motherboard LAG 1150 DDR3 16G Placa Mae SATA3.0 USB3.0 2.0 NVME M.2 SSD Desktop Mainboard PC Computer Motherboard Plastic Computer Motherboard,https://www.lazada.vn/products/pdp-i2710944284.html,798.319 ₫,2.0,
M06 Mini Desktop Case MINI-ITX PC Chassis Versatile and Efficient Industrial Control Case with Foot Stand Easy Install Easy to Use,https://www.lazada.vn/products/pdp-i2756879542.html,473.164 ₫,,
Máy pha cà phê Espresso Tiross TS621 - Bảo hành 12 tháng,https://www.lazada.vn/products/pdp-i113741.html,1.029.000 ₫,4.0,
MÁY HÚT MÙI KÍNH CONG SUNHOUSE SHB72042_Màu đen,https://www.lazada.vn/products/pdp-i2771461284.html,2.799.000 ₫,5.0,
[Loại Tốt] Chân Micro Lùn Để Bàn Dr.Mic DM101S - Giá Đỡ Đế Kẹp Mic Stand Thu Âm Livestream Microphone DM101 DM-101S,https://www.lazada.vn/products/pdp-i2602414305.html,120.000 ₫,,
BEAR | Máy Phun Sương Điều Khiển Giọng Nói Cho Nhà và Phòng Ngủ với Dung Lượng Lớn,https://www.lazada.vn/products/pdp-i3195426476.html,2.703.000 ₫,4.0,20 Đã bán
Philips 35/67W Gallium Nitride Desktop Quick-charge Socket One Turn Porous Feature USB Charger Strip GaN Charger Charging Socket,https://www.lazada.vn/products/pdp-i2891604151.html,547.222 ₫,,
Cute Cartoon Capybara Pendant Plush Toy Doll Bag Hanging Ornaments Cute Kapila Keychain Doll Car Pendant Desktop Doll Ornaments,https://www.lazada.vn/products/pdp-i2941810004.html,55.800 ₫,4.0,12 Đã bán
(WVCG) Mini ITX Computer Case HTPC Host Chassis USB2.0 ITX Enclosure Industrial Control Chassis for Office Business Easy Install Easy to Use,https://www.lazada.vn/products/pdp-i3203187208.html,508.164 ₫,,
BEAR | Nồi Điện Đa Năng Di Động,https://www.lazada.vn/products/pdp-i3198759290.html,1.405.000 ₫,4.0,13 Đã bán
Tản Nhiệt CPU AMD Chính Hãng AM4 Nhựa Đồng Tản Nhiệt Máy Tính Để Bàn Gió Máy Tính Im Lặng PWM Fan Intel Fan Tản Nhiệt CPU AMD,https://www.lazada.vn/products/pdp-i2528947415.html,356.000 ₫,5.0,197 Đã bán
Bộ Máy Tính SKTC Iron Aluminum Mini Tower HTPC Desktop Power Supply No Graphics Card Support CPU Cooling Method Wind Cooling,https://www.lazada.vn/products/pdp-i2874228875.html,874.000 ₫,5.0,16 Đã bán
"Tủ lạnh mini đựng mỹ phẩm dung tích 6L điều chỉnh nhiệt độ nóng lạnh, giúp tiết kiệm điện - tủ mát mini, hai chiều nóng lạnh dùng cả trong nhà, trên oto, xe hơi Cao cấp,Tủ lạnh mini 2 chế độ nóng",https://www.lazada.vn/products/pdp-i2417891358.html,499.000 ₫,5.0,883 Đã bán
CAROTE | Nồi Luộc Trứng Tự Động Đa Năng,https://www.lazada.vn/products/pdp-i3205665696.html,399.000 ₫,4.0,5 Đã bán
"Quạt cầm tay mini tích điện 5 chế độ,độ gió mạnh,nhỏ gọn tiện lợi ,dễ mang theo khi đi choi ,đi du lịch nhỉ gọn",https://www.lazada.vn/products/pdp-i3129555235.html,69.000 ₫,4.0,183 Đã bán
Máy Khâu Điện Mini Tự Động Đa Năng,https://www.lazada.vn/products/pdp-i3196375711.html,724.000 ₫,4.0,
Salt Block Natural Rose Salt Himalayan Salt Block Raw Material for Purifying Air Creative Desktop Decoration Orange Color,https://www.lazada.vn/products/pdp-i3015752645.html,127.000 ₫,,"87 Đã bán
China"
Ổ cứng SEAGATE Desktop HDD Model STR009 hàng tháo máy si Nhật đã qua sử dụng,https://www.lazada.vn/products/pdp-i2397771110.html,450.000 ₫,,
Mini Line Doggie Cute Collectible PVC Animal Figurine Creative Desktop Decoration Party Series Blind Box White Color Gift,https://www.lazada.vn/products/pdp-i3211630142.html,110.000 ₫,,"271 Đã bán
Hong Kong"
Power Supply Micro Box Mini Silent Computer Power Supply Source of Thunder God 750W 650W 600W Desktop Support Multi 12V,https://www.lazada.vn/products/pdp-i2840385312.html,398.000 ₫,5.0,140 Đã bán
Vimite Desktop Long Arm Led Table Lamp USB Plug Three-Color Adjustable Learning Desk Telescopic Desk Folding Lamp For Students Learning Eye Care,https://www.lazada.vn/products/pdp-i2417178477.html,229.000 ₫,4.0,56 Đã bán
Green Alliance S6 Magic Box Socket Extension Lead with USB Multi-Function Desktop Charging Station Gallium Nitride Fast Charge,https://www.lazada.vn/products/pdp-i2997443259.html,291.000 ₫,5.0,250 Đã bán
[HCM][Tặng Thêm 1 Quà] Combo 2 Matxa Mát Cầm Tay 102 Nhỏ Gọn (Tặng Kèm 1 Món Ngẫu Nhiên) - Bút Matxa Mắt Mini Cầm Tay Combo Máy massage cơ thể - Massage mặt massage mắt mini cầm tay tiện dụng - Máy Mát Xa Mặt Bằng Điện AA - EMassage Pen,https://www.lazada.vn/products/pdp-i926616584.html,92.000 ₫,4.0,189 Đã bán
Hộp Đựng Tài Liệu Nhựa Trong Suốt A4 A3 Hộp Đựng Giấy Hộp Đựng Hồ Sơ Văn Phòng Hộp Đựng Bằng Cấp Hộp Đựng Đồ Dùng Mỹ Thuật,https://www.lazada.vn/products/pdp-i3156429345.html,101.650 ₫,5.0,
BEAR | Quạt Bàn Mini Ít Ồn có Tính Năng Lọc Ion Âm,https://www.lazada.vn/products/pdp-i3193606394.html,576.000 ₫,,
Bộ Đệm Gigabyte GA-H81M-DS2 S1 D2 S2PH 1150 Pin Cho Máy Tính Để Bàn DDR3 M-ATX Compact Intel CPU Interface VGA Support,https://www.lazada.vn/products/pdp-i1329771676.html,399.000 ₫,5.0,237 Đã bán
BEAR | Nồi Điện Đa Năng Nhỏ cho Sinh Viên và Văn Phòng,https://www.lazada.vn/products/pdp-i3196182223.html,487.000 ₫,4.0,
BEAR | Nồi Điện Đa Năng Có Chức Năng Hấp Và Bếp,https://www.lazada.vn/products/pdp-i3193666946.html,537.000 ₫,4.0,12 Đã bán
"Máy đánh trứng đa năng 7 Tốc độ ZODAN - Bảo hành 12 tháng - máy đánh bọt cà phê, máy trộn bột, cây đánh trứng, máy nhồi bột, máy đánh kem trộn, máy trộn kem, cây đánh trứng cầm tay",https://www.lazada.vn/products/pdp-i1987802355.html,75.000 ₫,4.0,
Lò vi sóng cơ TOSHIBA 20L MWP-MM20P(WH) - Bảo hành 12 tháng,https://www.lazada.vn/products/pdp-i2975188209.html,1.349.000 ₫,5.0,51 Đã bán
"[BH 1 NĂM] Ấm đun siêu tốc, Bình đun nước siêu tốc 2.3L - Bảo Hành 1 Năm",https://www.lazada.vn/products/pdp-i2531847264.html,96.000 ₫,4.0,
"(Bảo hành 12 tháng) Nồi Cơm Điện mini GUCKOO. CR387, CR388, CR389- Dung tích 1L- 1L2 - 1L8",https://www.lazada.vn/products/pdp-i2847705785.html,241.335 ₫,4.0,130 Đã bán
"Ram máy tính Lexar Ares RGB DDR4 32GB ( 2x16GB) Bus 3600, tốc độ nhanh, đồng bộ RGB",https://www.lazada.vn/products/pdp-i2729196164.html,1.690.000 ₫,,
FLASH SALE Máy sấy tóc Gaabor GHD-N1000D công suất 1000W sấy nhanh 2 chiều nóng lạnh 3 chế độ gió ánh sáng xanh bảo vệ tóc - Bảo hành 12 tháng 1 đổi 1,https://www.lazada.vn/products/pdp-i2314735949.html,182.000 ₫,4.0,
Chinese Style Minimalist Wooden Tissue Box Suitable for Removable Tissue Home Living Room Bedroom Office Desktop Organizing Tool,https://www.lazada.vn/products/pdp-i3142367421.html,398.338 ₫,5.0,
Miniature Gongsfu Knife Outdoor Creative High-quality Desktop Ornaments Home Decoration Metal Retro Nostalgic Style,https://www.lazada.vn/products/pdp-i2828953946.html,582.000 ₫,5.0,73 Đã bán
Máy tính để bàn Bo mạch chủ ITX khai thác Mainboard 6 USB2.0 M.2 NVMe NGFF LGA 1155 kênh đôi H61 Hỗ trợ VGA với 100M NIC cho nhà,https://www.lazada.vn/products/pdp-i3212319693.html,747.000 ₫,,
"JRK-OT1201 - Lò nướng điện Jenniferoom 220 V~, 50 Hz, 1000 W, 12 L",https://www.lazada.vn/products/pdp-i3160640906.html,1.716.000 ₫,4.0,16 Đã bán
DDR4 envinda Bộ nhớ máy tính để bàn 8GB 16GB 3200MHz diamm không hỗ trợ Bo mạch chủ AMD,https://www.lazada.vn/products/pdp-i2892961124.html,222.947 ₫,,
Mini Wireless Three Mode Mouse 2.4G Bluetooth High-Precision Portable Optical Mute Small Office Mice For Laptop And Desktop,https://www.lazada.vn/products/pdp-i3133408630.html,448.768 ₫,,
【Best value】 WLAN WWLAN 4G- LTE Module M2 USB3.0 Adapter DW5811e DW5816E EM7455 L860-GL WWan for Desktop/Laptop PC Dropship,https://www.lazada.vn/products/pdp-i2837517411.html,118.012 ₫,,
QUẠT TRẦN MINI SIZE LỚN ĐƯỜNG KÍNH 75CM 85CM 1MÉT,https://www.lazada.vn/products/pdp-i2321418703.html,134.304 ₫,4.0,288 Đã bán
Miếng dán phím chữ ngôn ngữ Tiếng Anh (chuẩn US),https://www.lazada.vn/products/pdp-i247692434.html,49.000 ₫,5.0,13 Đã bán
CAROTE | Nồi Điện Đa Năng,https://www.lazada.vn/products/pdp-i3206032354.html,602.000 ₫,4.0,
"Máy Xay Sinh Tố Cầm Tay Mini Ostmars Sạc Tích Điện, Máy Xay Mini Cầm Tay Đa Năng Nhỏ Gọn Dung Tích 500ml",https://www.lazada.vn/products/pdp-i3090145220.html,243.719 ₫,4.0,298 Đã bán
"NỒI CƠM CUCKOO F03 ĐA NĂNG, NỒI CƠM ĐIỆN TỬ ĐA NĂNG (BẢO HÀNH 12 THÁNG) LỖI 1 ĐỔI 1, Uy Tín Chất Lượng Tại CLEVEN HCM SHOP.",https://www.lazada.vn/products/pdp-i2164121730.html,741.510 ₫,4.0,216 Đã bán
Máy tạo kiểu tóc thông minh Dyson Airwrap i.d.™ Straight+Wavy (Ceramic pink/Rose gold),https://www.lazada.vn/products/pdp-i3199236534.html,15.990.000 ₫,5.0,12 Đã bán
AData XPG Game Dragon DDR4 2400 2666 8GB 4GB 2133 Desktop Memory Stick Đèn LED Đồ Chơi Cho Máy Tính Để Bàn,https://www.lazada.vn/products/pdp-i2529021241.html,709.000 ₫,5.0,
E-WOITD PC tham khảo bàn phím Phím tắt Sticker dính cho PC máy tính xách tay Máy tính để bàn,https://www.lazada.vn/products/pdp-i3113012869.html,8.269 ₫,,
[MIỄN PHÍ VẬN CHUYỂN] Tủ Lạnh Samsung Ngăn Đông Dưới với Optimal Fresh Zone 285L màu Đen RB27N4010BU/SV,https://www.lazada.vn/products/pdp-i1445418615.html,7.843.000 ₫,5.0,42 Đã bán
OVL | Dụng Cụ Uốn Tóc Tự Động 32mm Không Hư Tổn Duy Trì Lâu,https://www.lazada.vn/products/pdp-i3204002971.html,1.037.000 ₫,4.0,10 Đã bán
DIY Mini Desktop Saw Mô hình chính xác 3 inch Mini Desktop Saw Cutter,https://www.lazada.vn/products/pdp-i2524211921.html,688.050 ₫,4.0,30 Đã bán
Ultra Large Size Anime Mousepad Office Desk Mat Computer Keyboard Wrist Rest Mat Anti-Slip Desktop Edge Lock Mouse Pad,https://www.lazada.vn/products/pdp-i2856307780.html,31.350 ₫,,
KS máy tính nâng cao đứng Màn hình máy tính để bàn hỗ trợ đứng bàn phím lưu trữ Màn hình Pad nâng cao để bàn văn phòng giá,https://www.lazada.vn/products/pdp-i3058122806.html,129.150 ₫,5.0,30 Đã bán
Vimite LED Bar Table Lamp Night Lighting Desktop Light USB Rechargeable Wireless Touch Restaurant Bar Bedroom Decorative Atmosphere Lights,https://www.lazada.vn/products/pdp-i2203863045.html,152.187 ₫,4.0,176 Đã bán
"JIASHI Nước Quả, Máy Nước Nhỏ Để Bàn Máy Nước Nóng Để Bàn Mới",https://www.lazada.vn/products/pdp-i1245278152.html,358.000 ₫,5.0,779 Đã bán
Pure Solid Wood Display Shelf Desktop Storage Rack Figure Model Toy Blind Box Doll Green Plant Step Succulent Flower Stand,https://www.lazada.vn/products/pdp-i2877392381.html,99.000 ₫,,
YEYA Hộp lưu trữ sách trong suốt dung lượng lớn cho bàn làm việc tại nhà và văn phòng,https://www.lazada.vn/products/pdp-i3140912636.html,164.000 ₫,5.0,38 Đã bán
Hộp Đựng Đồ Zakka Retro Simple Wall Mounted Storage Box Wood Grid Desktop Organizer Hộp Đựng Đồ Dùng Gia Đình Hộp Đựng Đồ Dùng,https://www.lazada.vn/products/pdp-i3005745665.html,416.000 ₫,,
"Quạt chạy pin Makita 8 inch, có 2 cấp độ gió, có đảo chiều, chân pin phổ thông 4cm",https://www.lazada.vn/products/pdp-i3006932995.html,237.520 ₫,4.0,267 Đã bán
"Máy lạnh Casper 2 HP Inverter GC-18IS33 - Tính năng Smart Air với điều hướng thông minh, Công nghệ i Saving giúp giảm điện năng tiêu thụ xuống chỉ còn 0,3W, Bền bỉ cùng dàn tản nhiệt đồng mạ vàng, Làm lạnh nhanh",https://www.lazada.vn/products/pdp-i2377563866.html,10.350.000 ₫,,
E-WOITD Acrylic bàn phím máy tính đứng 78-Keys Bàn phím Riser nâng khay Non-Slip trong suốt bàn phím máy tính để bàn chủ vật tư văn phòng,https://www.lazada.vn/products/pdp-i3113011913.html,89.102 ₫,5.0,
"Ấm đun siêu tốc, Bình đun nước thủy tinh siêu tốc 1.8L - Bảo Hành 1 Năm - Ấm đun siêu tốc- An toàn cho mọi gia đình, ấm đun nước siêu tốc, âm nước siêu tốc thái lan, bình đun nước giữ nhiệt, am sieu toc giá rẻ",https://www.lazada.vn/products/pdp-i2007253507.html,140.000 ₫,4.0,
Liên Minh Huyền Thoại LOL Endless Anime Gaming Mouse Pad Desktop Mouse Pad Prime Gaming XXL Gaming Phụ Kiện Bàn Phím,https://www.lazada.vn/products/pdp-i2843762209.html,125.000 ₫,,
"Bộ Thu Phát Âm Thanh M8 Kết Nối NFC , Bluetooth 5.0 Giao Diện AUX/RCA/Coaxial/Optical/USB/TF Card Tích Hợp Pin 500mAh",https://www.lazada.vn/products/pdp-i2202371161.html,345.000 ₫,5.0,
"Android TV Box,Bluetooth tần số đôi kết nối wifi internet 5G,độ phân giải 4K,8G+128GB,Hỗ trợ điều khiển bằng giọng nói",https://www.lazada.vn/products/pdp-i2932952565.html,445.500 ₫,5.0,21 Đã bán
POP MART Skullpanda Sound Series Blind Box PVC ABS Magnetic Figurine Dream Eater Animal Desktop Decorations Gifts,https://www.lazada.vn/products/pdp-i2947668442.html,142.000 ₫,5.0,41 Đã bán
1Pc Full Size Russian Keyboard Stickers Letter Alphabet Layout Sticker Key for Laptop Desktop PC Russian,https://www.lazada.vn/products/pdp-i3185083478.html,28.800 ₫,,
E-WOITD Từ siêu mỏng có thể gập lại điện thoại di động chủ Bracket kim loại máy tính để bàn điện thoại di động Stander điện thoại hỗ trợ chân đế phổ 2023,https://www.lazada.vn/products/pdp-i3113212201.html,15.382 ₫,5.0,5 Đã bán
[okoogee]Mini Desktop Microphone Stand + Shock Mount Mic Holder + Pop Filter Kit for Studio Recording Online Broadcasting Chatting Singing Meeting,https://www.lazada.vn/products/pdp-i1550872911.html,104.000 ₫,5.0,9 Đã bán
【CHANGXIANG3】 Dual boong máy tính màn hình tăng chủ PC màn hình đứng khung máy tính để bàn bàn phím chuột máy tính xách tay lưu trữ tổ chức Riser kệ,https://www.lazada.vn/products/pdp-i3122977871.html,101.808 ₫,,
Tầm Nhìn Máy Tính Để Bàn Hộp Lưu Trữ Với Đục Hội Đồng Quản Trị bút văn phòng Hộp bút để bàn giá lưu trữ Ký Túc Xá Văn Phòng Phẩm hộp phân loại,https://www.lazada.vn/products/pdp-i2957443431.html,250.900 ₫,,
Quạt điện tuabin di động mới | sạc USB | Quạt cầm tay màn hình kỹ thuật số tốc độ cao | Gió mạnh ngoài trời,https://www.lazada.vn/products/pdp-i3215180950.html,45.000 ₫,5.0,15 Đã bán
BIGHSM Halloween Claw Bookmark Terrifying Devil Claw Office Desktop Decoration Resin Craft Ornament Halloween Home Decoration Gift,https://www.lazada.vn/products/pdp-i3204421149.html,48.476 ₫,,
Kun Portable Handheld Fan Rechargeable Mini Desktop Fan 105mm with Powerful Blade for Home and Travel,https://www.lazada.vn/products/pdp-i2394269285.html,39.000 ₫,,
"(Chỉ 25-29.10)Nồi áp suất Elmich PCE-1805 thể tích 2,5L",https://www.lazada.vn/products/pdp-i1757211059.html,1.072.000 ₫,5.0,Cam Kết Giá Tốt
Máy mɑssage 720 4 Đầu và Máy mɑssage Chữ T Nhiều Màu--Máy mɑssage cầm tay mini - 4 đầu 6 chế độ,https://www.lazada.vn/products/pdp-i2718357590.html,129.255 ₫,4.0,280 Đã bán
Ấm siêu tốc thủy tinh gd-st13 dung tích 2.5 lít có vạch chia công suất 1500W,https://www.lazada.vn/products/pdp-i3196960521.html,159.000 ₫,2.5,
"Hòm Phiếu Mica, Thùng Phiếu Mica Nắp Mở Có Khóa , Acrylic",https://www.lazada.vn/products/pdp-i2602498724.html,168.000 ₫,5.0,
"ASD | Nồi Áp Suất Điện Tử Đa Năng ASD, Tùy Chọn Dung Tích 4L/5L/6L, Nấu Cơm Hầm Súp Tiện Lợi, Hàng Chính Hãng",https://www.lazada.vn/products/pdp-i3216614415.html,1.502.000 ₫,4.0,
20g kem mặt axit axit azelaic với axit hyaluronic và niacinamide để chăm sóc da nhạy cảm TF-UNI-VN,https://www.lazada.vn/products/pdp-i3203134827.html,46.000 ₫,,
New Product X5 Live Broadcast Sound Card Set Black ABS Convenient Desktop Live Broadcast,https://www.lazada.vn/products/pdp-i2780231890.html,252.720 ₫,,
[LẮP 0Đ HCM/HN] Máy lọc không khí Casper AP-500MAI - True HEPA Lọc bụi mịn PM0.3 - 60m2 - Bảo hành 3 năm,https://www.lazada.vn/products/pdp-i2911662045.html,1.790.000 ₫,5.0,10 Đã bán
Universal Intel 115X 1700 X79 1200-Tương thích Ghost Ramp Giá đỡ hỗ trợ Intel có khóa kim loại,https://www.lazada.vn/products/pdp-i2524378464.html,176.000 ₫,,"40 Đã bán
Hong Kong"
MMLUCK Có thể tháo rời Bộ sắp xếp nghiêng cho bàn làm việc Phim hoạt hình Dung tích lớn Hộp đựng cọ vẽ Đa chức năng Chia tay Giá đỡ bút nghiêng Kho lưu trữ vật liệu nghệ thuật,https://www.lazada.vn/products/pdp-i3109381127.html,98.000 ₫,,
NECA Pacific Rim 2 Eureka Red Machine Glowing Double Blade Dangerous Wanderer Figurine Model PVC Collection Desktop Decoration,https://www.lazada.vn/products/pdp-i2519167537.html,291.000 ₫,5.0,
Kebidumei AX900 WiFi Adapter 2.4G&5GHz Dual Band Wireless Network Card Mini WiFi USB Ethernet for PC Laptop Desktop,https://www.lazada.vn/products/pdp-i2695184618.html,94.855 ₫,4.0,47 Đã bán
"Ổ Cứng Di Động Gắn Ngoài UnionSine HDD 2.5"" 250GB/320GB/500GB/1TB USB3.0 Tương Thích Thích Cho Máy Tính MAC Desktop MacBook",https://www.lazada.vn/products/pdp-i2434538526.html,604.000 ₫,4.0,52 Đã bán
WHPHous 2026 Simple Style English Mini Desk Calendar Desktop Display Solid Color Portable Small Desk Calendar Desktop Decoration,https://www.lazada.vn/products/pdp-i3183741675.html,18.642 ₫,5.0,12 Đã bán
Intel Core i7-2600K CPU 3.4GHz 6MB L3 Cache 8MB L2 Cache 22nm LGA1155 Quad-Core Desktop Processor Intel CPU,https://www.lazada.vn/products/pdp-i3149238572.html,239.000 ₫,,
Philips Bluetooth Wireless Speaker Light Desktop Small Speaker Home Small Portable Heavy Subwoofer,https://www.lazada.vn/products/pdp-i2804260302.html,547.667 ₫,4.0,
Creative Dragon Line Ceramic Incense Burner Tea Ceremony Aromatherapy Desktop Decoration Miniature Dragon King Incense Holder,https://www.lazada.vn/products/pdp-i3215356030.html,82.000 ₫,,"12 Đã bán
Hong Kong"
Công cụ tổ chức thùng có tay xách cắm trại hộp công cụ hộp sắt chống trượt dụng Cụ Ngoài Trời tổ chức Phụ Kiện Cắm trại,https://www.lazada.vn/products/pdp-i2802548032.html,376.000 ₫,,
"Quạt mini cầm tay siêu mạnh, quạt tích điện mini 4000 mAh, quạt mini sạc điện sạc nhanh 1.5h, màn hình kỹ thuật số, thích hợp đi du lịch, hoạt động ngoài trời",https://www.lazada.vn/products/pdp-i3163591294.html,99.000 ₫,4.0,120 Đã bán
MaxgePC Sáng Tạo ít gấu lợn Ngân Hàng Trong suốt đồng xu giấy tiền tiết kiệm hộp dễ thương an toàn hộp ký gửi trẻ em kỳ nghỉ quà tặng trang trí máy tính để bàn,https://www.lazada.vn/products/pdp-i3058628302.html,21.255 ₫,,
[CHÍNH HÃNG]_Bật Lửa Gas Cao Cấp DERUI SZ-2108 Dùng Gas Đá Viên Vàng Chữ D Cao Cấp [Full Box].,https://www.lazada.vn/products/pdp-i2116472780.html,270.000 ₫,4.0,287 Đã bán
Compo máy tính chơi game h81 cpu core i5 4570 3.4ghz ram 8g fan ko led đẹp bảo hành chu đáo 1thang,https://www.lazada.vn/products/pdp-i2304801153.html,1.350.000 ₫,5.0,
"🔥 PC GAMING NEW BOX 100% Core i5 Gen 12 / Tản nhiệt nước 2 Fan / Chiến Game, Đồ Họa Vi Vu / Bảo hành 36 Tháng",https://www.lazada.vn/products/pdp-i2673069948.html,13.470.000 ₫,,
"Compo máy vi tính chơi game, văn phòng core i3 6100 ram 8g ddr4 fan led main h110 msi giá 1350k bảo hành chu đáo 1thang tại shop",https://www.lazada.vn/products/pdp-i2272654960.html,1.350.000 ₫,5.0,10 Đã bán
[Trả góp 0%]Bộ máy tính chơi Game Chip intel core i7 6700 - i7 9700 trên main B365 H110 Ram đến 32G ổ SSD 240GB card rời vga GTX 1660 1650 rời cực mạnh pc gaming siêu đẹp thùng led gaming chơi game gata 5 fifa 4 pupg max seting siêu m,https://www.lazada.vn/products/pdp-i1222134538.html,19.330.000 ₫,5.0,8 Đã bán
"Thùng PC Gaming cấu hình cao WK-11 I5 12400F, 16GB Ram, VGA RTX 2060/3060 (BH 36T)",https://www.lazada.vn/products/pdp-i2210200858.html,15.100.000 ₫,,
Thùng pc máy tính văn phòng game nhẹ- main chip sét h61 ram 4g ssd 90g cpu i3 2120 ram4g case nguồn mới như hình bán giá 1350k bảo hành 1thang,https://www.lazada.vn/products/pdp-i2250350748.html,1.350.000 ₫,,
Compo máy tính chơi game i5 3470s ram 8g main chipset h61 chơi game ok,https://www.lazada.vn/products/pdp-i2075834819.html,1.300.000 ₫,5.0,16 Đã bán
Thùng máy game core i7 2600 ram 16g ssd 120g hdd 250g vga rời rx570 8g ddr5 256b led như hình đang bảo hành chu đáo 3thang tại shop,https://www.lazada.vn/products/pdp-i2353515362.html,3.650.000 ₫,,
Máy vắt sổ gia đình JUKI MO-313 Nhật mới 85%,https://www.lazada.vn/products/pdp-i2657444809.html,2.200.000 ₫,5.0,
"CPU i5 3570 up to 3,6 Ghz socket 1155 + Tặng keo tản nhiệt",https://www.lazada.vn/products/pdp-i2215092987.html,345.000 ₫,3.6,
"[Mới 2025]Quạt cầm tay mini Goojodoq tốc độ cao, điều chỉnh vô hạn 100 cấp độ.",https://www.lazada.vn/products/pdp-i3210640992.html,95.000 ₫,5.0,8 Đã bán
"Haier | Bàn Là Hơi Nước Đứng Chuyên Dụng HY-GD2005L2, Tích Hợp Cầu Là, Công Suất 2000W, 3 Chế Độ Ủi",https://www.lazada.vn/products/pdp-i3194499786.html,1.193.000 ₫,,
Tấm Lót Chuột Hình Hoa Kawaii - Eevee Moon Pokemon Anime Gaming Desktop Mat Cao Su Chống Trượt Phụ Kiện Bàn Phím Chống Nước Với Nhiều Kích Cỡ,https://www.lazada.vn/products/pdp-i3228572927.html,117.600 ₫,,"15 Đã bán
China"
Large Size Office Desk Protector Mat PU Leather Waterproof Mouse Pad XXL Desktop Gaming Mouse Pad PC Accessories Free Shipping,https://www.lazada.vn/products/pdp-i1572876070.html,58.339 ₫,4.0,
LivingLuxe Dopamine Portable Adjustable Desk Edge Hook Desktop Bag Hooks Strong Load-Bearing Home School Gaming Headset Water Bottle Hanging Hooks,https://www.lazada.vn/products/pdp-i3179002302.html,18.314 ₫,5.0,
Jonsbo TK-0 Ốp phòng tầm nhìn ra biển ITX Ốp lưng máy tính để bàn khung gầm nhỏ trong suốt hình chữ U mặt kính cường lực máy tính để bàn USB chơi game Type-C,https://www.lazada.vn/products/pdp-i2719294437.html,4.093.062 ₫,,
Hot New 2230 M.2 NVMe Solid State Mobile Hard Disk Write Protection JMS583 Laptop Desktop Computer,https://www.lazada.vn/products/pdp-i2900942598.html,383.969 ₫,,
"JJT [Miễn Phí Vận Chuyển]Máy tính để bàn Màn hình cao kệ, máy tính để bàn kệ lưu trữ, kệ sách bàn, Màn hình máy tính xách tay đứng",https://www.lazada.vn/products/pdp-i2424582400.html,228.000 ₫,4.0,43 Đã bán
HP IPM87-MP H87 1150 Motherboard 707825-003 785304-001 LGA1150 Chipset H87 Compact M-ATX Desktop Intel CPU DDR3 VGA,https://www.lazada.vn/products/pdp-i3146445484.html,576.000 ₫,,"7 Đã bán
China"
Máy tính bảng đơn Orange Pi Zero 2W 1GB RAM Zero2 W DDR4 Allwinner H618 WiFi-BT Orange Pi Zero 2 W,https://www.lazada.vn/products/pdp-i3183625827.html,593.944 ₫,,
"Tự làm máy tính để bàn Gamer tủ cho ITX mATX ATX EATX Vertical PC trường hợp khung mở, Mod Tản nhiệt nước Khung máy tính Rack, đen trắng",https://www.lazada.vn/products/pdp-i2412875185.html,676.000 ₫,,
Warm Flowers Pot Purple Clay Miniature Bowl Double Line Shorter Green Plant Flower Vase Simple Style Desktop Decoration,https://www.lazada.vn/products/pdp-i2170346354.html,79.000 ₫,4.0,65 Đã bán
Bykski CF-AP3000EX-X Computer Cooling Fan Water-Cooled Double Ball Bearing 3000RPM High Airflow 105 for Desktop PC Case,https://www.lazada.vn/products/pdp-i2524366596.html,368.000 ₫,5.0,560 Đã bán
"Quạt Bàn Casidov Có Đầu Gật Ngùi, Quạt Điện Yên Tĩnh, Quạt Làm Mát Máy Tính Văn Phòng, Quạt Không Chổi Than, Quạt Mạnh, Quạt Dùng Trong Gia Đình",https://www.lazada.vn/products/pdp-i3221697135.html,302.000 ₫,,"6 Đã bán
China"
"Quạt Tích Điện Lồng Sắt Đế Pin Makita 21V Phổ Thông Kích Thước 8 Inch,Với 2 Mức Gió, Có Thể Xoay, An Toàn Tiện Lợi Cho Mọi Gia Đình",https://www.lazada.vn/products/pdp-i3032690314.html,264.017 ₫,4.0,246 Đã bán
"[GIAO TẠI HCM] Máy Lạnh LG Inverter 1.5 HP IEC12G1 - Tự điều chỉnh nhiệt độ, Thổi gió dễ chịu, Làm lạnh nhanh tức thì, Công nghệ làm lạnh Jet Cool, Hẹn giờ tắt bật máy, Điều khiển bằng điện thoại, có wifi - [NGOÀI HCM TÍNH PHÍ]",https://www.lazada.vn/products/pdp-i3025279836.html,8.350.000 ₫,1.5,
Shadow Hunter DDR4 16GB 2400 Asgard 4G 8GB bộ nhớ máy tính để bàn Bộ nhớ máy tính,https://www.lazada.vn/products/pdp-i3070897802.html,298.408 ₫,,
[3-year warranty]【Quà Tặng Miễn Phí】Ram Beast Mới DDR4 16GB 8GB 2400 2666Mhz 3200 MHz 288-Pin 1.2V PC4-19200 21300 25600 DIMM Bộ nhớ máy tính để bàn,https://www.lazada.vn/products/pdp-i2399845033.html,455.885 ₫,3.0,
TX06 Desktop Mini ITX Case Mini Game Computer Chassis HTPC Chassis for MINI-ITX Ultra-Thin Motherboard,https://www.lazada.vn/products/pdp-i3200334942.html,538.959 ₫,,
Quạt Để Bàn Mini Cầm Tay Có Thể Gập Lại Sạc USB Độ Ồn Thấp Thời Lượng Cao Quạt Điện Nhỏ Có Thể Thu Vào Để Sử Dụng Tại Nhà,https://www.lazada.vn/products/pdp-i2759861901.html,77.350 ₫,4.0,89 Đã bán
"【Special Promotion】 With Gag,Gear ,Role Play Hood Padded , For Couples, Harness SM Products",https://www.lazada.vn/products/pdp-i3145644896.html,283.378 ₫,,
"Meat Slicer Cleaver, Meat Slicer for Fresh Raw Meat, Kitchen Set For Meat Slicing Shredding, Manual Fresh Meat Cutter Food Slicer For Beef Pork Mutton, Ho",https://www.lazada.vn/products/pdp-i2938848094.html,999.999 ₫,,
Store YUEQIN3 Máy tính trong suốt trường hợp máy tính để bàn PC bìa cho M-ATX MINI-ITX HDD x 2 + SSD x 2 USB 3.0 325mm Card đồ họa GPU chiều dài 165mm Chiều cao CPU,https://www.lazada.vn/products/pdp-i3120553316.html,459.813 ₫,3.0,
(SNMI) M06 Mini Desktop Case MINI-ITX PC Chassis Versatile and Efficient Industrial Control Case with Foot Stand Easy Install Easy to Use,https://www.lazada.vn/products/pdp-i3207152604.html,525.959 ₫,,
"2.5 ""SATA3 500GB HDD Cho Laptop Notebook Bên Trong Ổ Đĩa Cứng 5400-7200 Vòng/phút Máy Chủ Máy Chủ NAS Lưu Trữ Nâng Cấp",https://www.lazada.vn/products/pdp-i3211436051.html,487.050 ₫,2.5,
Aayang mặt bàn bằng gỗ Tủ ngực với ngăn kéo hộp lưu trữ tiết kiệm không gian cho văn phòng Nguồn cung cấp mạnh mẽ với khe cắm đa chức năng,https://www.lazada.vn/products/pdp-i2897754858.html,517.490 ₫,,"6 Đã bán
China"
Home Organizer Adjustable TV Screen Top Shelf Rack Computer Monitor Desktop Display Stand TV Rack Router Storage Rack Holder,https://www.lazada.vn/products/pdp-i2664230702.html,49.205 ₫,,
ziyi Desktop Lamp Stained Glass Cat Light 3d Animal-themed Led Night Light for Bedroom Decor Soft Warm Glow Stained Glass Cat Lamp Perfect,https://www.lazada.vn/products/pdp-i3195122897.html,310.000 ₫,,
Shark Figurine Tungtungsahur Figure Funny Doll Desktop Decoration Tralalero Tralala Figure Articulated Movable 3D Printed Toy,https://www.lazada.vn/products/pdp-i3115542032.html,162.182 ₫,,
A07 Mini ITX Computer Case Chassis HTPC Host Case USB3.0 ITX Enclosure Personal Computer Chassis Desktop Box,https://www.lazada.vn/products/pdp-i2644274361.html,822.061 ₫,5.0,
"Hộp đựng bút, Hộp đựng mĩ phẩm nhiều ngăn, có ông đựng bút xoay 360 độ tiện lợi thông,hộp lưu trữ máy tính để bàn,Ống đựng cọ trang điểm,Kệ để bàn trang điểm đựng mỹ phẩm lzb034",https://www.lazada.vn/products/pdp-i2773081330.html,68.800 ₫,4.0,57 Đã bán
Ngực lớn Sexy Beauty Mông lớn Chuột Pad Desktop Pad Máy tính xách tay Phụ kiện trò chơi văn phòng Bàn phím Thảm Homeman Nhỏ Anime Chuột Pad,https://www.lazada.vn/products/pdp-i3066379823.html,66.000 ₫,,
【Hot New Release】 Hm55b Pga988 Desk Pc Mainboard Ddr3 Sata Ii Mini Itx Motherboard For Mini Host/htpc/ / Advertising Machine,https://www.lazada.vn/products/pdp-i2738780668.html,864.712 ₫,,
BEAR | Máy Sưởi Mini cho Văn Phòng và Nhà ở,https://www.lazada.vn/products/pdp-i3193660140.html,1.487.000 ₫,5.0,44 Đã bán
"Giá Đỡ Máy Tính Để Bàn Hai Tầng, Đế Màn Hình Văn Phòng, Hộp Đựng Đồ, Vật Dụng Gia Dụng, Sản Xuất Tại Trung Quốc",https://www.lazada.vn/products/pdp-i3198316955.html,134.250 ₫,,
GUDGA MSATA SSD SATA 128gb 256gb 512gb Mini SATAIII Internal Solid State Hard Drive Disk for Desktop Laptop Computer,https://www.lazada.vn/products/pdp-i2916607472.html,1.117.205 ₫,5.0,14 Đã bán
GlowingGrace 5W Small Cooling Fan E27 Screw Home Ceiling Fan Desktop Electric Fan For Kitchen Bedroom Dormitory Living Room Study Table Fans,https://www.lazada.vn/products/pdp-i3147475071.html,52.148 ₫,,
Atom Photovolta Glass Mouse Pad Tempered csgo Nâng cấp mượt mà FPS Gaming Desktop Pad Trang chủ Pad,https://www.lazada.vn/products/pdp-i2827102782.html,145.262 ₫,,
Desktop Ice Bucket Stand Cooler Stand Beerbarrel Rack Wine Bucket Stand for Outdoor Cocktail Parties Cooking,https://www.lazada.vn/products/pdp-i2846476211.html,338.720 ₫,,
(Chỉ 25-29.10)Bếp điện từ Elmich ICE 3879,https://www.lazada.vn/products/pdp-i2423900603.html,1.090.000 ₫,4.0,
Trạm kết nối SSD Acasis Thunderbolt 4 40Gbps | Vỏ M.2 NVMe 8TB & Cổng HDMI/DP 4K kép | Sạc PD 100W + 2x USB 10Gbps cho Văn phòng tại nhà nhiều thiết bị,https://www.lazada.vn/products/pdp-i2485840323.html,2.916.400 ₫,5.0,
"LazMall Siêu Sale Quạt Xiaomi Tích Điện ,Quạt Tích Điện USB Desktop FAN KY-903 ,Quạt Sạc Bàn Tích Điện Xoay 210 Độ ,Thiết Kế Đẹp Mắt Chắc Chắn ,Động Cơ Không Tiếng Ồn 3 Chế Độ Làm Mát Hoạt Động Mạnh Mẽ, Êm Ái Tạo Ra Luồng Gió Vô Cùng Mát Mẻ ,Tặng Kèm Pin",https://www.lazada.vn/products/pdp-i2664477442.html,168.000 ₫,5.0,46 Đã bán
FinalCool NB02 Laptop Tản Nhiệt Đồng Nguyên Chất Graphen Mát Cho DDR5 DDR4 DDR3 2 Bộ Nhớ Hệ Thống Làm Mát,https://www.lazada.vn/products/pdp-i3126832701.html,47.450 ₫,5.0,9 Đã bán
Tủ lạnh Hitachi Inverter 464 lít Multi Door HR4N7520DSWDXVN,https://www.lazada.vn/products/pdp-i2809789082.html,20.090.000 ₫,5.0,Cam Kết Giá Tốt
Roblox Game Toy Display Model Virtual World Doll Building Blocks Collectible Figures Creative Desktop Decorations Children's Room,https://www.lazada.vn/products/pdp-i1619235292.html,239.000 ₫,5.0,240 Đã bán
Xiaomi Desktop Speaker,https://www.lazada.vn/products/pdp-i3125627493.html,1.170.000 ₫,5.0,9 Đã bán
Green Union S6 Cube Multi-Function Desktop Charging Station Multi-Purpose Power Strip USB Converter with Multiple Ports,https://www.lazada.vn/products/pdp-i2997323743.html,310.000 ₫,,"66 Đã bán
China"
"Máy nóng nước tức thời nhiều chế độ nhiệt, nhỏ gọn tiện lợi, để bàn văn phòng pha trà, pha cafe",https://www.lazada.vn/products/pdp-i3155286194.html,535.400 ₫,4.0,18 Đã bán
Bộ bàn phím chuột không dây BOW cơ học có đèn chơi game cho laptop và desktop,https://www.lazada.vn/products/pdp-i3178782324.html,706.000 ₫,4.0,
"Quạt Tĩch Điện Pin 10 Cell Dùng Liên Tục 8H, Quạt Pin Makita Tích Điện 2 Cấp Độ Gió Siêu Mát ZDS",https://www.lazada.vn/products/pdp-i2998354037.html,184.140 ₫,4.0,184 Đã bán
"Aquarium Fish Tank, Acrylic Small Desktop Fish Bowls, Ultra Clear Filter Aquarium Fish Tank, Mute Aquarium Accessories For Betta Fish, Shrimp",https://www.lazada.vn/products/pdp-i2688155117.html,403.528 ₫,,
Quạt Lửng Công Nghiệp LCN400 Fanti - Cao 1M - Công Suất 43W - Cánh 40CM.,https://www.lazada.vn/products/pdp-i2593975317.html,206.000 ₫,4.0,582 Đã bán
"Bàn chải điện Brushie Ultra Plus 5 chế độ, bàn chải phù hợp cho cả người niềng răng - Hàng chính hãng",https://www.lazada.vn/products/pdp-i2475817299.html,627.000 ₫,5.0,
"Máy Xay Sinh Tố Cầm Tay Đa Năng OSTMARS Dung Tích 500ML 10 Lưỡi Dao Sắc Bén, Máy Xay Sạc Pin Tích Điện 2IN1 Kiêm Bình Nước Tặng Kèm Dây Đeo Tiện Lợi",https://www.lazada.vn/products/pdp-i2645171561.html,199.000 ₫,4.0,
Quạt tay cầm tay M11 mới 120 cấp tốc độ cao usb mini ngoại trời di động không cánh,https://www.lazada.vn/products/pdp-i3136618747.html,44.550 ₫,5.0,65 Đã bán
"Haier | Bàn Là Hơi Nước Đứng HY-GD2005L, Công Suất 2000W, Hơi Nước 35g/phút, 9 Chế Độ Ủi",https://www.lazada.vn/products/pdp-i3194486723.html,935.000 ₫,4.0,
OVL | Dụng Cụ Uốn Tóc Không Dây Với I-on Âm Cho Đỉnh Đầu Cao Và Thể Tích Tóc,https://www.lazada.vn/products/pdp-i3210202612.html,1.035.000 ₫,4.0,
"[MIỄN PHÍ VẬN CHUYỂN] Lò vi sóng SAMSUNG MS20A3010AL/SV Cửa kính toàn phần 20L, Màu Đen",https://www.lazada.vn/products/pdp-i2683362565.html,1.284.000 ₫,5.0,45 Đã bán
Thiết Bị Làm Mát CPU Máy Tính Để Bàn Bằng Đồng Đôi Tháp 1700AMD20115X 775/1366/1200 Máy Tính Để Bàn Máy Tính Xách Tay Máy Tính,https://www.lazada.vn/products/pdp-i2830185796.html,281.000 ₫,5.0,67 Đã bán
"Mainboard JGINYUE B760M-HD WIFI BLUETOOTH Main B760M HD Socket 1700, M-ATX, Bo mạch chủ B760 DDR4",https://www.lazada.vn/products/pdp-i2844967872.html,2.249.000 ₫,,
⚡Pin [ZIN] laptop HP 430 G8 440 G8 440 G9 440 G10 450 G8 450 G9 450 G10 455 G8 630 G8 640 G8 RH03XL,https://www.lazada.vn/products/pdp-i3163528007.html,635.000 ₫,,
Lò vi sóng cơ TOSHIBA 20L MWP-MM20P(WH) - Bảo hành 12 tháng,https://www.lazada.vn/products/pdp-i2975158230.html,1.379.000 ₫,4.0,112 Đã bán
RUỘT MÁY BẬT LỬA ZIPPO CHÍNH HÃNG USA CAO CẤP,https://www.lazada.vn/products/pdp-i1777587998.html,79.999 ₫,4.0,453 Đã bán
PANGXIEXIANSHENG | Ấm Đun Nước Ô Tô Điện 12v24v,https://www.lazada.vn/products/pdp-i3196149944.html,392.000 ₫,4.0,
[Voucher 15%] Bếp điện từ đơn Kangaroo KGIC20S3ME (tặng kèm nồi) - công suất 2000W,https://www.lazada.vn/products/pdp-i3001368571.html,766.000 ₫,5.0,Cam Kết Giá Tốt
Hộp Đựng Bút / Mỹ Phẩm Để Bàn Dễ Thương Tiện Dụng Cho Văn Phòng,https://www.lazada.vn/products/pdp-i2433615979.html,79.000 ₫,4.0,170 Đã bán
Loa Bluetooth L20 LED Intelligent Creative Gift Subwoofer Harman Kardon 4th Generation Card Insertion Desktop HiFi Sound System,https://www.lazada.vn/products/pdp-i3138971089.html,882.000 ₫,,
Quạt Để Bàn GOOJODOQ 4000MAh Im Lặng Với Màn Hình Hiển Thị Kỹ Thuật Số Có Thể Treo Tường 100 Tốc Độ Điều Chỉnh Quạt Lưu Thông Không Khí Cho Gia Đình,https://www.lazada.vn/products/pdp-i3114240830.html,473.000 ₫,5.0,21 Đã bán
Máy Làm Sữa Hạt OSTMARS - Xay Sinh Tố Cối Thuỷ Tinh Bản Tiếng Việt Đa Chức Năng Nấu Dung Tích 1L,https://www.lazada.vn/products/pdp-i3144021990.html,475.000 ₫,4.0,186 Đã bán
"LazMall TOSHIBA (HÀNG CHÍNH HÃNG) Máy Hút Bụi Không Dây JAPAN ,LazMall Chính Hãng Máy Hút Bụi Ô Tô TOSHIBA Tamashio HL-107 Japan 3IN1 Hút Sạch Mọi Bụi Bẩn Công Suất Lớn Lực Hút Siêu Khoẻ Bụi Ô Tô, Giường Nệm ,SOFA ,Lông Chó Mèo,...",https://www.lazada.vn/products/pdp-i3123377598.html,210.000 ₫,4.0,220 Đã bán
[HCM]Bộ chuyển đổi VGA sang HDMI gắn từ máy tính cổng Vga sang màn hình cổng HDMI mẫu ngầu nhiên,https://www.lazada.vn/products/pdp-i549900915.html,63.900 ₫,5.0,10 Đã bán
E-WOITD Từ Người Giữ Điện Thoại Kim Loại Tự Dính Điện Thoại Chân Đế Khung Siêu Mỏng invisivle Có Thể Gập Lại Máy Tính Để Bàn Điện Thoại Di Động Chủ,https://www.lazada.vn/products/pdp-i3102425749.html,28.016 ₫,,
GUDGA Memory Ram DDR4 8GB/16GB/32GB 2666 3200 3600 4000mhz 1.2V/1.35V 288Pin DIMM For Desktop Computer,https://www.lazada.vn/products/pdp-i3085884160.html,808.457 ₫,4.0,118 Đã bán
Christmas Tree Paper Foldable Creative Decoration Festive Decorations Desktop Decoration Storage Christmas Ornaments,https://www.lazada.vn/products/pdp-i2472168174.html,294.000 ₫,5.0,61 Đã bán
UGREEN USB Desktop Microphone Computer Desktop 60dB Noise Reduction Live Microphone Game Online Class Meeting Recording USB External Mic,https://www.lazada.vn/products/pdp-i1978757795.html,660.900 ₫,4.0,51 Đã bán
Smart Socket Extension Panel with 2USB Multi-Position Multi-Socket Desktop Multi-Function Extension Cord for Home Dormitory Use,https://www.lazada.vn/products/pdp-i2997574081.html,118.000 ₫,,"216 Đã bán
China"
Philips TAS2909 Bluetooth Wireless Speaker Smart Alarm Clock Card Multi-function Desktop Speaker,https://www.lazada.vn/products/pdp-i2804145735.html,477.791 ₫,5.0,
Ultra-Thin 1U Desktop Computer Heat Sink 115X1700 1200 CPU Silent Copper Heat Pipe OPS Temperature Control Computer Hardware,https://www.lazada.vn/products/pdp-i2830375188.html,411.000 ₫,,"96 Đã bán
Hong Kong"
Essager Adapters Type C USB to 3.5mm External Sound Card Listening Speaking For Desktop PC Laptop PS4/PS5 Swittch For Headset Speaker Microphone 3.5mm Jack Audio Cables Earphone Headphone Adapter Support Windows7/8/8.1/10/11 MacOS Linux Android,https://www.lazada.vn/products/pdp-i2747293068.html,81.034 ₫,4.0,564 Đã bán
POPMART Bubbles Momo Lucky Star Series Small Doll Trendy Ornaments Gifts PVC Material Office Desktop Car Decorations Static,https://www.lazada.vn/products/pdp-i2880544604.html,71.000 ₫,,"295 Đã bán
Hong Kong"
Máy photocopy Fuji Xerox DC-IV2060 | 3060 | 3065 - Máy bày mẫu - 35 bản in/phút - COPY - IN - SCAN,https://www.lazada.vn/products/pdp-i1572931138.html,23.990.000 ₫,,
Bộ Nhớ DDR5 Chơi Game với Đèn LED RGB,https://www.lazada.vn/products/pdp-i3220071212.html,3.165.000 ₫,4.0,
[NC] Desktop DAC/AMP FIIO K11 R2R | DAC R2R 24bit | DAC/AMP Để Bàn,https://www.lazada.vn/products/pdp-i2730823240.html,4.439.000 ₫,,
Sonn Angel Cherry Blossom Series Hanami Edition Blind Box Mini Figure Collectible Desktop Decor For Kids Birthday Gift,https://www.lazada.vn/products/pdp-i3228930175.html,151.450 ₫,,"121 Đã bán
China"
Quạt Vỏ Hiệu Suất Cao ARCTIC P12 Pro PST 120mm Với Công Nghệ Chia Sẻ PWM Chất Lỏng Chịu Lực Động 400-3000 Vòng / Phút,https://www.lazada.vn/products/pdp-i3170677729.html,524.800 ₫,,"10 Đã bán
China"
QUẠT ĐỂ BÀN MINI ĐIỀU CHỈNH CHIỀU CAO 3 TẤC ĐỘ DUNG LƯỢNG PIN 7200mAh,https://www.lazada.vn/products/pdp-i2078123954.html,590.000 ₫,,
[Thu thập VC 10% tối đa 1tr ở trạm voucher]Điều hòa di động Casper 1 chiều PC-09TL33 8.800BTU,https://www.lazada.vn/products/pdp-i2624433532.html,4.490.000 ₫,4.0,65 Đã bán
Tủ Lạnh 4 Cánh Xiaomi Mijia Refrigerator Cross Door 510L | Siêu Mỏng | Dung Tích Lớn | Kết Nối App Thông Minh | Bảo Hành 24 Tháng,https://www.lazada.vn/products/pdp-i3200214563.html,15.990.000 ₫,,
[Hafele] HC-I2712A 536.61.716 – Bếp Từ 2 Vùng Nấu – Bảo Hành 3 Năm – Inverter – Chính Hãng,https://www.lazada.vn/products/pdp-i3170506676.html,7.776.400 ₫,,
9IMOD 1/64 Drift Car KF20 Mini Desktop Racing Car 4WD 2.4GHZ Simulation Racing Model Desktop Remote Control Car Toy Gift,https://www.lazada.vn/products/pdp-i3028776738.html,333.865 ₫,,
VGA Colorful iGame GeForce RTX 4060 Ti Ultra W DUO OC 8GB-V,https://www.lazada.vn/products/pdp-i3015723508.html,14.056.000 ₫,,
Leather Material Portable Laptop Stand Adjustable Holder Support for MacBook Air Pro Samgsung Lenovo Tablet Desktop Accessories,https://www.lazada.vn/products/pdp-i2890780812.html,126.487 ₫,5.0,
Máy Rửa Chén Bát HDW-T5531B Hafele 538.21.350,https://www.lazada.vn/products/pdp-i2407829090.html,8.190.000 ₫,5.0,31 Đã bán
Mini Bookmarks Chinese Calligraphy Style Desktop Atmosphere Decoration Artistic Handmade Paper Reading Index Cards Geometric Shape,https://www.lazada.vn/products/pdp-i3174755923.html,24.700 ₫,5.0,601 Đã bán
Orico Ổ SSD Dữ Liệu Ngoại Vi,https://www.lazada.vn/products/pdp-i3196658261.html,1.354.000 ₫,4.0,7 Đã bán
Cấu hình máy tính văn phòng game nhẹ HP chipset core i5 650 ram 4g ssd 120g + màn hình 17in hp vuông giá chỉ 1250k tron bộ,https://www.lazada.vn/products/pdp-i2457724833.html,1.250.000 ₫,2.0,
"Box NVME, chuyển SSD M2 NVME Gen 3 / Gen 4 sang USB 3.0 / Type C.",https://www.lazada.vn/products/pdp-i2417440397.html,269.850 ₫,5.0,5 Đã bán
Bộ Làm Mát CPU AM4 Desktop 6 Heat Pipe 12th Gen I7 I5 Three Silent Fans 1200 115X Mô Hỏng PMT-P96 Bộ Làm Mát Tản Nhiệt CPU Mới,https://www.lazada.vn/products/pdp-i2524318754.html,282.000 ₫,5.0,27 Đã bán
[Tặng quà] Bếp từ đôi Kangaroo KGIC38D1C - Tổng công suất 3800W,https://www.lazada.vn/products/pdp-i3140703472.html,2.990.000 ₫,5.0,5 Đã bán
Quạt Để Bàn Di Động Casidov Sạc USB Với Tuổi Thọ Pin Dài Dao Động Quạt Đầu Bàn Nhỏ Đầu Giường Để Sử Dụng Văn Phòng,https://www.lazada.vn/products/pdp-i3152108647.html,104.250 ₫,5.0,
[BH 1 Năm] Lò chiên không dầu 15 lít Kangaroo KG15AF3A - Hàng chính hãng,https://www.lazada.vn/products/pdp-i2059295101.html,1.990.000 ₫,4.0,Cam Kết Giá Tốt
"Bộ nhớ RAM Casper DDR4 RGB PC Gaming Desktop 16GB 32GB 64GB 2666/3200MHz với tản nhiệt Màu trắng/đen, Bộ kênh đôi (Dual Channel Kit)",https://www.lazada.vn/products/pdp-i2846020639.html,350.000 ₫,5.0,6 Đã bán
BEAR | Nồi Điện Nhỏ Đa Năng cho Nhà và Ký Túc Xá,https://www.lazada.vn/products/pdp-i3200500115.html,1.119.000 ₫,4.0,
[Thu thập VC 10% tối đa 1tr ở trạm voucher]Tủ lạnh Toshiba Inverter 596 lít Side By Side GR-RS775WI-PMV(06)-MG,https://www.lazada.vn/products/pdp-i2646538788.html,16.290.000 ₫,5.0,15 Đã bán
AMD A4 5300 6300 4000 7300 A6 5400 6400 7400 A6 7480 FM2 CPU Socket FM2 TDP 100W 4 Core 36GHz 32 Nanometer Desktop Computer Hardware,https://www.lazada.vn/products/pdp-i3005467745.html,147.000 ₫,,"379 Đã bán
China"
Quạt điện để bàn Thunlit xoay đầu tự động 5000mAh có thể sạc lại 4 tốc độ gió chạy êm,https://www.lazada.vn/products/pdp-i1299226725.html,359.000 ₫,4.0,
ORICO Power Strip with 4 AC Outlets 5 USB-A Ports Smart Charging Desktop Surge Protector for Almost Phones [US Plug],https://www.lazada.vn/products/pdp-i3139759335.html,277.800 ₫,4.0,20 Đã bán
[Thu thập Voucher 14% tối đa 2tr ở trạm voucher] Máy giặt Casper Inverter 9.5 kg WF-95VG5 - Mới 2024,https://www.lazada.vn/products/pdp-i2847443484.html,6.190.000 ₫,5.0,Cam Kết Giá Tốt
Thermalright C12C Series 12CM 1550RPM S-FDB Bearing Silent Computer Case Fan Desktop CPU Cooling Fan High Quality New Part,https://www.lazada.vn/products/pdp-i2896602941.html,122.000 ₫,,
Kens Rattan Woven Coffee Table Storage Basket Living Room TV Cabinet Drawer Organizer Tray Desktop Snack Storage Wicker Basket,https://www.lazada.vn/products/pdp-i1924708235.html,317.000 ₫,4.0,
(OQKZ) Professional GTX1050TI 1GB DDR5 Graphics Card 128Bit DVI VGA -Compatible GPU Game Video Card for Computer Gaming,https://www.lazada.vn/products/pdp-i2867676987.html,826.886 ₫,,
Bộ Chuyển Đổi USB Bull Gaming Desktop Invisible Multi-hole Power Strip Surge Protector Overload Protection Computer Extension Cord,https://www.lazada.vn/products/pdp-i2997288825.html,508.000 ₫,,"42 Đã bán
China"
"Quạt Cầm tay Mini N68 Mẫu Mới 100 Cấp Độ Gió , Quạt Tích Điện Mini pin Cao Cấp màn hình hiển thị pin, hiển thị đèn led, sử dụng lâu, di động, gió mạnh Quạt Tubor gió mạnh",https://www.lazada.vn/products/pdp-i3132150739.html,107.910 ₫,4.0,36 Đã bán
Tapple English Word Game Kids Gift Fast-Paced Quick Thinking Letter Pressing Family Desktop Board Game,https://www.lazada.vn/products/pdp-i3181410497.html,214.000 ₫,,
Hộp Đựng Bút Để Bàn Nhiều Ngăn Trong Suốt Đa Năng,https://www.lazada.vn/products/pdp-i2740469154.html,69.838 ₫,5.0,
RAM3 LAPTOP DDR3 - DDR3L 4GB - 8GB/1333/1600,https://www.lazada.vn/products/pdp-i2199095787.html,130.000 ₫,5.0,
Mini Blue And White Porcelain Vase Home Living Room Decorative Items Ceramic Flower Pot Traditional Chinese Style Desktop Decoration,https://www.lazada.vn/products/pdp-i1705613474.html,51.000 ₫,4.0,514 Đã bán
(BH 1 năm) Tủ lạnh mini 2 chế độ nóng lạnh 4 lít cho gia đình và trên ô tô,https://www.lazada.vn/products/pdp-i2389999631.html,499.000 ₫,5.0,19 Đã bán
"NẮP VẶN PHÍCH RẠNG ĐÔNG DÒNG 3,2 LÍT 3245N1.E",https://www.lazada.vn/products/pdp-i3084107925.html,13.000 ₫,3.2,
Tản Nhiệt CPU PCCooler Shark pro 3 down Pressure Computer Desktop Máy Tính Để Bàn Tản Nhiệt CPU Tản Nhiệt Bằng Không Khí,https://www.lazada.vn/products/pdp-i2524259995.html,166.000 ₫,,
ZTOYL 2026 Simple Style English Mini Desk Calendar Desktop Display Solid Color Portable Small Desk Calendar Desktop Decoration,https://www.lazada.vn/products/pdp-i3193216145.html,22.598 ₫,5.0,
SHANCHUN | Bàn Chân Sưởi Ấm cho Bàn Làm Việc,https://www.lazada.vn/products/pdp-i3196005932.html,648.000 ₫,4.0,
[Thu thập VC 10% tối đa 1tr ở trạm voucher]HỎA TỐC HN - Tủ lạnh Funiki 120 lít FR-125CI.1 - Hàng chính hãng - Bảo hành 24 tháng,https://www.lazada.vn/products/pdp-i2815090499.html,4.190.000 ₫,5.0,13 Đã bán
AUX | Bình Đun Điện Bền,https://www.lazada.vn/products/pdp-i3210181563.html,291.000 ₫,4.0,
"Máy sấy tóc Philips gấp gọn công suất cao, công nghệ Ion âm sấy khô nhanh, nhiều chế độ gió và nhiệt, phù hợp du lịch",https://www.lazada.vn/products/pdp-i3193639016.html,870.000 ₫,4.0,12 Đã bán
"Portable Foldable iPad Stand Compatible 4""-11""Tablet Phone Desktop Plastic Holder For Xiaomi Samsung Huawei Phone Tablet Stand",https://www.lazada.vn/products/pdp-i2261875040.html,36.210 ₫,4.0,
"[Tặng kèm Phụ kiện] Khung ảnh decor để bàn in ảnh theo yêu cầu làm quà tặng, kỉ niệm, chất liệu gỗ thông, có thể xoay",https://www.lazada.vn/products/pdp-i3146237993.html,225.000 ₫,,
GUDGA SSD 2242 M2 NGFF SATA 128GB 256GB Drive Internal Solid State Hard Drive for Laptop Notebook Desktop,https://www.lazada.vn/products/pdp-i2916515549.html,1.117.205 ₫,5.0,6 Đã bán
BEAR | Nồi Sức Khỏe Đa Năng Nhỏ,https://www.lazada.vn/products/pdp-i3186236422.html,900.000 ₫,4.0,6 Đã bán
Máy hút bụi không dây Dyson Micro,https://www.lazada.vn/products/pdp-i2578415938.html,8.990.000 ₫,5.0,80 Đã bán
JEYI M.2 NVME SSD Adapter Thẻ PCIe X1 2280 Mở Rộng Tốc Độ Tối Đa SK1 Cho Máy Tính Để Bàn PCI-E GEN4 16Gbps Tương Thích,https://www.lazada.vn/products/pdp-i2434596481.html,93.600 ₫,4.0,207 Đã bán
【24H Shipping】Crucial DDR3 RAM 4GB 8GB Desktop Memory 1333MHz 1600MHz 1866MHz PC3-10600 12800 14900 DIMM Non ECC 240Pin 1.5V DDR3L 1.35V PC Gaming Memory,https://www.lazada.vn/products/pdp-i2849798906.html,144.000 ₫,5.0,
Trạm Sạc GaN Green Union S6 Multi-port Fast Charge Desktop Charging Station USB Socket Multi-function Portable Extension Board Mini for iPhone 15 Tablet iPad,https://www.lazada.vn/products/pdp-i2997392355.html,252.000 ₫,,"6 Đã bán
China"
"Supor | Máy Sưởi Để Bàn, an toàn, dễ dùng, làm nóng nhanh, tiết kiệm không gian/năng lượng",https://www.lazada.vn/products/pdp-i3195393276.html,710.000 ₫,4.0,
Bộ Đệm Đường Viền Hai Kênh DDR4 AM4 Hỗ Trợ AMD Ryzen 4000 Series Và 5000 Series B350M Ti A520M-H Mainboard Mini ITX,https://www.lazada.vn/products/pdp-i2528933472.html,1.616.000 ₫,4.0,188 Đã bán
1 Set Creative Retro Wooden Frame Glass Vases Green Ivy Plant Flower Hydroponic Vessel Home Balcony Desktop Decoration Object,https://www.lazada.vn/products/pdp-i3142216553.html,317.382 ₫,5.0,
Shark Figurine Tungtungsahur Figure Desktop Decoration Articulated Tralalero Tralala Figure Ornament Funny Doll 3D Printed Toy,https://www.lazada.vn/products/pdp-i3090577267.html,73.000 ₫,4.0,61 Đã bán
Store HHDKE3 Giá đỡ máy tính để bàn có thể gập lại hình chữ L giá đỡ tấm mở rộng máy tính để bàn tiết kiệm không gian miễn phí nặng phụ kiện phần cứng,https://www.lazada.vn/products/pdp-i3143740547.html,48.854 ₫,,
Di Động Điện Máy Thổi Khí 300000PRM Turbo Phản Lực Quạt Động Cơ Không Chổi Than Tốc Độ Cao Mini Có Thể Điều Chỉnh Gió Bạo Lực Máy Thổi Để Vệ Sinh Máy Tính,https://www.lazada.vn/products/pdp-i3093490257.html,390.000 ₫,4.0,247 Đã bán
Ultra Large Naruto Blind Box Tùy Chọn Naruto Uzumaki Và Sasuke Uchiha Naruto Shippuden Desktop Display Gift,https://www.lazada.vn/products/pdp-i2930284626.html,190.000 ₫,,"69 Đã bán
China"
Edifier MR4 Desktop Speaker Stand HiFi Audio Storage Bracket Bookshelf Subwoofer Base Đồ Dùng Phụ Kiện Âm Thanh,https://www.lazada.vn/products/pdp-i3138882935.html,737.000 ₫,,
Deadly Palace Ring Ne Figure New Release Early Morning Strawberry Devil Ver Desktop Decoration Anime PVC Collectible Model 18+,https://www.lazada.vn/products/pdp-i3215599292.html,357.000 ₫,,"6 Đã bán
China"
Resin Sculpture Black Myth Wukong Handmade Game Anime Ornament Desktop Resin Ancient Style Home Decoration Gift,https://www.lazada.vn/products/pdp-i3069895372.html,270.371 ₫,5.0,
Tom And Jerry Figurine Cheese Cat And Jerry Car Decorative Desktop Cake Decorations PVC Material Collectible Toys for Ages 8+,https://www.lazada.vn/products/pdp-i3211966311.html,193.000 ₫,,"600 Đã bán
China"
RODE Microphone Stand Desktop Large Diaphragm Microphone Suspension Arm Stand Mounting Bracket Adjustable NT USB MINI,https://www.lazada.vn/products/pdp-i1333370081.html,792.000 ₫,4.0,292 Đã bán
EVA First-Run Anime Model Toy Desktop Decoration Head Sculpture Robot Toy New Century Evangelion Anime Collectible Figures,https://www.lazada.vn/products/pdp-i3216578255.html,186.000 ₫,,"12 Đã bán
China"
"Thùng Rác Mini Để Bàn Mẫu Hoạt Hình Có Nắp Đậy/ Hộp Đựng Đồ, Cắm Bút Trang Trí Bàn(tặng kèm sticker)-HAUSE",https://www.lazada.vn/products/pdp-i2549703513.html,44.000 ₫,5.0,90 Đã bán
Rock | Giá Đỡ Điện Thoại Quay Được Cho iPad,https://www.lazada.vn/products/pdp-i3174061125.html,130.000 ₫,4.0,
CPU Cooler Snowman Ice Man 6/8 Heat Pipe Dual Tower CPU Cooler 1700 Wind Cooling X99 Desktop 2011 Silent AM4 AM5 Fan,https://www.lazada.vn/products/pdp-i2830230813.html,762.000 ₫,,"6 Đã bán
Hong Kong"
"Khay Đựng Trái Cây, Khay Đựng Trái Cây, Khay Đựng Cà Phê Phòng Khách, Khay Đựng Đồ Ăn Vặt, Khay Đựng Trái Cây Để Bàn Nhiều Tầng",https://www.lazada.vn/products/pdp-i3141827200.html,200.400 ₫,,
Delta Flex Power 500W Desktop Small 1U Power Gold Full Modular Electric Suitable for ITX Cool Fish S3 K39 Đèn Pin Máy Tính,https://www.lazada.vn/products/pdp-i2866967082.html,1.110.000 ₫,5.0,15 Đã bán
Acrylic Display Stand with Solar Light Easy to Use Automatic Rotating Platform for Living Room Desktop Decoration TF-Uss-VN,https://www.lazada.vn/products/pdp-i3005314606.html,72.000 ₫,,
Vision Nordic Style Cosmetic Storage Box Desktop Skin Care Products Stationery Storage Box Dressing Table Lipstick Shelf Large Capacity Makeup Organizer with Waterproof Dustproof Design Save Space Home Jewelry Dressing Case,https://www.lazada.vn/products/pdp-i858182098.html,450.799 ₫,4.0,68 Đã bán
"V8 Multifunction Laptop and Desktop PC Card Universal Post Diagnostic Test Card Support PCI,PCI-E,LPC,Mini,MSATA",https://www.lazada.vn/products/pdp-i2364853308.html,766.002 ₫,,
VGA Gigabyte Radeon RX 570 Gaming 4GB (Hàng 2nd),https://www.lazada.vn/products/pdp-i3165763178.html,1.490.000 ₫,,
"4 Ports PCI SATA Raid Controller Internal Expansion Card with Two Sata Cables, for Desktop PC,Support SATA Hard Drive",https://www.lazada.vn/products/pdp-i2327743412.html,209.162 ₫,,
mainboad B85M-G CŨ - bảo hành 3 tháng - full chức năng,https://www.lazada.vn/products/pdp-i3058653260.html,500.000 ₫,,
3D máy chiếu ba chiều 3D Hologram Fan Wifi ứng dụng cho các cửa hàng kinh doanh,https://www.lazada.vn/products/pdp-i3205687461.html,721.561 ₫,,
【support】 1200Mbps Wireless Adapter Bluetooth 4.2 AC7265 Wifi 802.11ac 2.4G/5GHz Desktop Express Adapter For PC,https://www.lazada.vn/products/pdp-i2837546108.html,244.478 ₫,4.2,
GUDGA DDR3 4GB 8GB RAM Desktop Memory Ram 1600 Mhz 1.5V 240Pin For Desktop Dimm PC DDR3 Memoria Ram Ddr3 8gb 4gb Desktop RAM,https://www.lazada.vn/products/pdp-i2919036265.html,447.460 ₫,5.0,53 Đã bán
"QUẠT KẸP TÍCH ĐIỆN YOOBAO F8 CÓ ĐÈN CHIẾU SÁNG, KIÊM SẠC DỰ PHÒNG 3IN1 PIN 8000mAh",https://www.lazada.vn/products/pdp-i2629525942.html,365.000 ₫,4.0,868 Đã bán
"FLASH SALE Nồi điện đa năng dung tích 1,5L Gaabor GR-N15A công suất 600W 2 mức nhiệt tặng kèm xửng hấp - Bảo hành 12 tháng 1 đổi 1",https://www.lazada.vn/products/pdp-i2239704386.html,225.000 ₫,4.0,
OVL | Dụng Cụ Uốn Tóc Tự Động Nhiều Chức Năng Ion Âm,https://www.lazada.vn/products/pdp-i3203771968.html,1.313.000 ₫,4.0,7 Đã bán
RAM Laptop DDR4 Crucial 16GB Bus 3200 Mhz New 100%. RAM Crucial DDR4,https://www.lazada.vn/products/pdp-i2680623008.html,950.000 ₫,,
MẶT C VỎ LAPTOP Hp Probook 650 G1,https://www.lazada.vn/products/pdp-i3052948883.html,180.000 ₫,,
Thẻ Mở Rộng PCIe 4.0 X16 Đến 4xNVME M.2 Cho Bo Mạch Chủ PC Gen4 SSD Cho 2230 2242 2260 2280 X1 X4 X8 X16 Mở Rộng,https://www.lazada.vn/products/pdp-i3198319104.html,401.000 ₫,5.0,24 Đã bán
FLASH SALE Máy hút bụi cầm tay tháo lắp 2in1 Gaabor GVCW-M15AS lực hút 16000PA siêu mạnh chổi quét 90 độ hút bụi gia đình - Bảo hành 12 tháng 1 đổi 1,https://www.lazada.vn/products/pdp-i1657987434.html,445.000 ₫,4.0,
Gấu Fan f8x xách tay nhỏ sạc USB học sinh nhỏ câm gấp cầm tay Kitten Fan,https://www.lazada.vn/products/pdp-i2583164074.html,68.460 ₫,,
CANAMEK 1Pc Wizard Ghost Pumpkin House Figurines Resin Ornaments Halloween Decorations Micro Landscape Ornament DIY Desktop Decor,https://www.lazada.vn/products/pdp-i3187196061.html,16.784 ₫,,
"VGA - Card đồ họa MSI GTX 1070 tiGaming 8GB chính hãng, giá rẻ, bảo hành 2 tháng",https://www.lazada.vn/products/pdp-i2234505518.html,2.300.000 ₫,5.0,
GUDGA M2 2280 SSD M.2 SATA 256gb 128gb NGFF 2280mm Internal Solid State Drive for Desktop Laptop,https://www.lazada.vn/products/pdp-i2916615030.html,404.710 ₫,5.0,60 Đã bán
Heavy Tank IS1 JS1 World of Tanks Desktop Decoration Finished Model Toy Resin Material No Scene Suitable for 14 Years And above,https://www.lazada.vn/products/pdp-i3217540160.html,214.000 ₫,,
HỘP ĐỰNG HỒ SƠ TÀI LIỆU ĐỂ BÀN TRONG SUỐT PHONG CÁCH HÀN QUỐC TRANG TRÍ BÀN HỌC DECOR BÀN LÀM VIỆC SIZE 22X8cm,https://www.lazada.vn/products/pdp-i3133825002.html,45.500 ₫,,
"[MỚI] Máy Rửa Bát Mini Electrolux 8 bộ EFC3862MS Tự động mở cửa, diệt khuẩn bằng hơi nước, Giao Lắp 0Đ",https://www.lazada.vn/products/pdp-i2927771797.html,8.329.000 ₫,5.0,Cam Kết Giá Tốt
"Sharp Quạt Sạc Tích Điện - Quạt Điều Hòa - quạt lưu thông không khí，Sân thượng/mặt đất/tường ba mục đích，Quạt Mini Fan Để Bàn Xoay 180 Độ,Quạt Tích Điện Để Bàn Nhỏ Gọn Cực Mát，2400mAh,Type-c Sạc",https://www.lazada.vn/products/pdp-i2580289341.html,605.000 ₫,4.0,102 Đã bán
Massage Súng 16，24 Đầu Máy Mát Xa Cầm Tay Bộ Gõ Máy Mát Xa Mô Sâu Độ Rung Cao Chuyên Nghiệp Fascia Súng(BH 24 tháng),https://www.lazada.vn/products/pdp-i3014000379.html,649.500 ₫,4.0,135 Đã bán
"Quạt thông gió inox GEER FD150–FD300 – motor lõi đồng siêu bền, quạt hút mùi, thông khí nhà bếp, thông gió nhà xưởng, hoạt động êm và bền",https://www.lazada.vn/products/pdp-i3177808836.html,350.000 ₫,,
BEAR | Nồi Hấp Điện Đa Năng Inox Gia Đình,https://www.lazada.vn/products/pdp-i3210290402.html,904.000 ₫,4.0,
【COD】V1 Transparent Mecha Card Insertion Small Steel Cannon Wireless Bluetooth Mini Speaker Outdoor Portable Internet Celebrity Small Desktop Speaker,https://www.lazada.vn/products/pdp-i3049434018.html,119.000 ₫,5.0,19 Đã bán
"Quạt cây đứng Xi-aomi Qcooker tăng hiệu suất làm mát với thiết kế 7 cánh sử dụng motor bạc đạn, 3 tốc độ gió- Bảo hành 12 tháng",https://www.lazada.vn/products/pdp-i3081235251.html,619.000 ₫,5.0,558 Đã bán
WHPHous 20pcs Color Triangle Clip Bill Clip Book Paper Corner Clip For Desk Storage Shelf Stationery Office Desktop Organizer Clip,https://www.lazada.vn/products/pdp-i3136033332.html,27.317 ₫,5.0,9 Đã bán
Quạt Mini Để Bàn Có Thể Sạc Lại Quạt Tuần Hoàn Nhỏ Treo Tường Với Thời Lượng Pin Dài Để Sử Dụng Tại Nhà Và Ký Túc Xá Chất Liệu Nhựa,https://www.lazada.vn/products/pdp-i3192029247.html,141.750 ₫,5.0,
Giả răng giả bộ răng giả hoàn hảo nụ cười răng veneers để sử dụng hàng ngày và chính thức,https://www.lazada.vn/products/pdp-i3145811869.html,54.000 ₫,,
"🔹 Cây Nước Nóng Lạnh Mini Để Bàn FujiE WD579E – Nhỏ Gọn, Tiện Lợi, Đa Năng Cho Mọi Không Gian",https://www.lazada.vn/products/pdp-i3123192301.html,1.035.500 ₫,,
[LẮP 0Đ HCM/HN] Điều hòa di động Casper PC-09TL33 - Chính hãng - Bảo hành 3 năm,https://www.lazada.vn/products/pdp-i2911594440.html,3.790.000 ₫,5.0,
Samsung DDR2 máy tính xách tay Bộ nhớ SODIMM Memoria không ECC unbuffered RAM 2GB 4GB 667MHz PC2-5300S 800MHz PC2-6400S 1.8V CL5 cho máy tính xách tay,https://www.lazada.vn/products/pdp-i3051891992.html,487.516 ₫,,
Ram Laptop DDR4 4GB 2133/2400/2666Mhz,https://www.lazada.vn/products/pdp-i2674482308.html,175.000 ₫,,
CANAMEK Mini Halloween Ornament Cartoon Witch Ghost Pumpkin Figurine Micro Landscape Dollhouse Model Car Interior Desktop Decoration,https://www.lazada.vn/products/pdp-i3187183090.html,5.620 ₫,,
"( Mẫu Mới ) Máy May Mini Có Vắt Sổ - Thiết Kế Nhỏ Gọn, Độ Bền Cao - Dễ Sử Dụng - Hoạt Động Êm Ái Dễ Dàng Thao Tác Sử Dụng May Vá Riêng Cho Các Mẹ Tại Nhà - Bảo Hành 12 Tháng",https://www.lazada.vn/products/pdp-i2602155091.html,155.987 ₫,4.0,82 Đã bán
Bộ Xử Lý CPU Intel Xeon E5-2680 V3 2.5GHz 12 Nhân 24 Luồng LGA 2011-3 Dành Cho Máy Chủ DDR4 Hỗ Trợ PCIe 3.0,https://www.lazada.vn/products/pdp-i2893995202.html,268.500 ₫,5.0,
Quạt Thông Minh Xiaomi Mi Smart Standing Fan 2 LITE EU | Điều Khiển Thông Minh Bằng Giọng Nói | Bảo Hành 12 Tháng,https://www.lazada.vn/products/pdp-i3040648642.html,990.000 ₫,5.0,31 Đã bán
"WAVLINK USB WiFi Adapter for PC, AX5400 Tri-band 2.4/5/6GHz Wireless Network Adapter with 4 High Gain 5dBi Antennas for Desktop, Laptop, Supports Windows 10/11",https://www.lazada.vn/products/pdp-i2763349317.html,738.288 ₫,5.0,21 Đã bán
"Cây nước nóng lạnh để bàn nhập khẩu mini Fujihome WD03E, máy nước uống nóng lanh tự động ngắt, tiết kiệm điện",https://www.lazada.vn/products/pdp-i2367524310.html,961.000 ₫,4.0,39 Đã bán
"Máy Sưởi Mini Để Bàn BEAR DNQ-D04X1, Nhỏ Gọn Không Gây Tiếng Ồn, Phù Hợp Cho Dân Văn Phòng-Bảo Hành 12 Tháng-CONVEENIENCE Shop",https://www.lazada.vn/products/pdp-i2786087714.html,560.000 ₫,,
GUDGA Hard Drives SSD hdd 2.5 SATA3 SSD 120gb 240gb 480gb 128GB 256G 1TB 2TB Internal Solid State for Laptop Hard Disk Desktop,https://www.lazada.vn/products/pdp-i2873728151.html,1.093.455 ₫,5.0,17 Đã bán
"Tủ Sấy Quần Áo Cao Cấp SOWUN SW869S Cảm Ứng 1 Chạm, Công Nghệ Ion Âm Khử Khuẩn Và Sấy Tối Đa 30kg Quần Áo",https://www.lazada.vn/products/pdp-i1203901762.html,750.000 ₫,4.0,67 Đã bán
BEAR | Quạt Đứng Lưu Thông Khí Với Điều Khiển Giọng Nói và Tinh Dầu,https://www.lazada.vn/products/pdp-i3192454275.html,2.237.000 ₫,4.0,
"Dây cáp chuyển đổi HDMI sang VGA, HDMI to VGA dây dài 1.8 mét độ phân giải FullHD 1080P cho tivi màn hình máy chiếu",https://www.lazada.vn/products/pdp-i2612313733.html,35.000 ₫,4.0,41 Đã bán
AUX | Ấm Điện Isolat Sưởi Ấm Sữa Bột Cho Bé Thông Minh,https://www.lazada.vn/products/pdp-i3217001998.html,627.000 ₫,4.0,
USB Sound Card Cao Cấp 5Hv2 7.1,https://www.lazada.vn/products/pdp-i1724285106.html,44.600 ₫,5.0,
"（Hỏa Tốc）truyền hình trực tiếp trên mạng,Giá đỡ điện thoại di động đa chức năng, điều chỉnh nâng và hạ máy tính để bàn,",https://www.lazada.vn/products/pdp-i3143354616.html,116.901 ₫,5.0,
"Quạt cầm tay mini gấp,Quạt mini tốc độ cao,Màn Hình Led Thông Minh Sạc Nhanh Tốc Độ Gió Siêu Mạnh",https://www.lazada.vn/products/pdp-i3212705218.html,72.800 ₫,,"7 Đã bán
Hồ Chí Minh"
MẶT C VỎ LAPTOP HP Probook 640 G4,https://www.lazada.vn/products/pdp-i3055424289.html,120.000 ₫,,
Chuột không dây BOW đa năng thoải mái cho laptop desktop,https://www.lazada.vn/products/pdp-i3178807017.html,129.000 ₫,4.0,
Duohanzi cảm hứng PBT thăng hoa Keycaps Bàn Phím Cơ Keycaps xda chiều cao tùy chỉnh DIY cá nhân Keycaps,https://www.lazada.vn/products/pdp-i3179152451.html,184.000 ₫,,
mainboad MSI B85-E45 CŨ - bảo hành 3 tháng - full chức năng,https://www.lazada.vn/products/pdp-i3058473930.html,600.000 ₫,5.0,
(Chỉ 25-29.10)Nồi cơm điện Elmich 1.2L RCE-9126,https://www.lazada.vn/products/pdp-i2747485425.html,699.000 ₫,4.0,
Essager Bộ sạc không dây 4 trong 1 desktop15w Bộ sạc không giá gập sạc nhanh bộ sạc thiết bị sạc không dây di động đa năng thiết kế đèn ban đêm điều chỉnh độ sáng Ba cấp cho iPhone16-12 AirPods Apple Watch Earbuds Tai nghe Bluetooth,https://www.lazada.vn/products/pdp-i3147832453.html,781.016 ₫,5.0,
"Cây nước để bàn Nagakawa NAG1107, 2 chế độ nóng - lạnh, dạng úp bình, làm lạnh nhanh, khóa trẻ em",https://www.lazada.vn/products/pdp-i1805814120.html,999.000 ₫,4.0,86 Đã bán
Mac Mini M4 2024 Desktop Expansion Dock Stand 3D Printed Mars Rover Design Heat Dissipation Heightened Computer Docking Station,https://www.lazada.vn/products/pdp-i3053729086.html,381.000 ₫,,
Vimite 3-Color LED Desktop Lamp 32cm USB Charging Remote Controls Brightness And Angle Adjustable Learning Light Night Light For Bedside Desk Office Table,https://www.lazada.vn/products/pdp-i2345588977.html,137.474 ₫,4.0,415 Đã bán
KUULAA Universal Phone Holder Stand Tablet Desktop Holder Telescopic Desktop Stand Adjustable Mobile Phone Support For iPhone iPad Huawei Tablet Computer Standable Phone Desk Holder Cellphone Holder,https://www.lazada.vn/products/pdp-i2009628029.html,59.455 ₫,4.0,116 Đã bán
GUDGA SSD Nvme M2 256GB 128GB Pci-e 3.0x4 Heatsink Internal Solid State Hard Drive 2280 for Desktop Laptop Computer,https://www.lazada.vn/products/pdp-i2916750271.html,737.208 ₫,5.0,27 Đã bán
UGREEN Bluetooth 5.0 Vertical Mouse 4000DPI 2.4G for MacBook Tablet Laptop Computer Desktop PC Model:25444,https://www.lazada.vn/products/pdp-i2505199204.html,675.580 ₫,5.0,554 Đã bán
Vertical Laptop Stand For Macbook Air Pro Desktop Aluminum Stand With Adjustable Dock Size For All-kind Tablet Notebook Stand,https://www.lazada.vn/products/pdp-i2220998688.html,265.500 ₫,5.0,69 Đã bán
Quạt Sàn B4 SanKyo Chính Hãng Đường Kính 40cm Ba Tốc Độ Động Cơ Dây Đồng,https://www.lazada.vn/products/pdp-i2795138107.html,450.000 ₫,5.0,136 Đã bán
M.2 Bộ chuyển đổi sang SATA SFF-8654 để M2 NVME công cụ chuyển đổi SSD 22pin SATA để M2 bo mạch mở rộng cho PC bo mạch chủ Máy tính để bàn,https://www.lazada.vn/products/pdp-i2897535385.html,357.000 ₫,,
JustLiving 1 Hộp Đựng Ngăn Kéo Để Bàn Chống Bụi Tủ Đựng Hồ Sơ Văn Phòng Bằng Nhựa Hông Hộp Sắp Xếp Mỹ Phẩm Có Thể Xếp Chồng Lên Nhau,https://www.lazada.vn/products/pdp-i1673420538.html,141.353 ₫,,
BEAR | Bình Đun Nước Điện Có Tính Năng Cách Nhiệt Dành Cho Gia Đình,https://www.lazada.vn/products/pdp-i3195028521.html,407.000 ₫,4.0,13 Đã bán
"Máy Massage Cầm Tay Mini Cao Cấp Modeco - Công Nghệ AI Cảm Biến Lực Nhấn Giúp Giảm Đau Mỏi, Giãn Cơ Sau Tập Luyện",https://www.lazada.vn/products/pdp-i2281871261.html,299.000 ₫,5.0,
Nồi hầm dưỡng sinh Kangaroo KG3SC1 - 3 Lít - Công suất 790W - 8 chế độ nấu - Hàng chính hãng,https://www.lazada.vn/products/pdp-i1288112679.html,919.000 ₫,4.0,109 Đã bán
RAM DESKTOP TEAMGROUP VULCAN Z (TLZRD48G3200HC16F01) 8GB (1X8GB) DDR4 3200MHZ,https://www.lazada.vn/products/pdp-i3217103450.html,589.000 ₫,,
Quạt nhỏ tuabin có thể sạc lại di động | Quạt để bàn cầm tay mới | Các mô hình nhập khẩu xuyên biên giới phổ biến,https://www.lazada.vn/products/pdp-i3212573470.html,25.000 ₫,5.0,
"VGA - Card đồ họa MSI GTX 1050 2GD5 hai fan, chính hãng, giá rẻ, bảo hành 2 tháng",https://www.lazada.vn/products/pdp-i2234539249.html,1.200.000 ₫,4.0,11 Đã bán
BEAR | Máy Sưởi Điện Tiết Kiệm Năng Lượng Bằng Graphene,https://www.lazada.vn/products/pdp-i3195383224.html,2.272.000 ₫,4.0,5 Đã bán
Bộ Nhớ Máy Chủ Ddr4 Clean_title 2400 Mhz 8gb 16gb 260 chân Laptop Notbook Bộ Nhớ Ram Cho Máy Tính Để Bàn Hệ Thống Máy Tính,https://www.lazada.vn/products/pdp-i2756103233.html,909.600 ₫,,"100 Đã bán
China"
Chuột Máy Tính Có Dây Deiog DY-F0,https://www.lazada.vn/products/pdp-i2932217727.html,73.000 ₫,5.0,
Lò vi sóng Toshiba 20 lít MW2-MM20P(BK),https://www.lazada.vn/products/pdp-i2385519113.html,1.890.000 ₫,5.0,
Dock Surface chính hãng–HUB mở rộng-Surface Dock Statiom-Bộ chia cổng chuyển-MICROSOFT SURFACE DOCKING,https://www.lazada.vn/products/pdp-i3129427797.html,327.000 ₫,,
Chuột Máy Tính Có Dây Deiog DY-F0,https://www.lazada.vn/products/pdp-i2932286493.html,73.000 ₫,,
Aigo V13 Case PC Desktop Host Water Cooling Side Transparent White High Aesthetic Value DIY Compact Type Steel Material,https://www.lazada.vn/products/pdp-i2391025695.html,811.000 ₫,,
"Cây nước nóng lạnh mini nhập khẩu FUJIHOME WD03E, máy nước uống nóng lạnh bình lọc, tự động ngắt tiết kiệm điện",https://www.lazada.vn/products/pdp-i2383225519.html,1.102.000 ₫,5.0,33 Đã bán
RAM PC Kingston 8GB DDR3 Bus 1600MHz NEW,https://www.lazada.vn/products/pdp-i3118093579.html,350.000 ₫,,
"Lò vi sóng Toshiba MWP-MM20P(WH)/MWP-MM20P(BK) - Dung tích 20 lít, 5 mức công suất, Kết hợp chống thấm 3 lớp, Kháng khuẩn bên trong lò - Hàng chính hãng bảo hành 12 tháng, chất lượng Nhật Bản",https://www.lazada.vn/products/pdp-i2030892525.html,1.850.000 ₫,5.0,10 Đã bán
"Máy sưởi gốm mini để bàn Fujihome FH600, Quạt sưởi ấm Ceramic không khô da 2 chế độ, an toàn tiết kiệm điện",https://www.lazada.vn/products/pdp-i3217935342.html,420.000 ₫,,
"Cây nước nóng mini SYNTEX SD55 – Cây nước làm nóng nhanh, tiết kiệm điện, cài đặt nhiệt độ tự động",https://www.lazada.vn/products/pdp-i3150908809.html,939.000 ₫,,
"KUULAA 3 in 1 Mag/netic Charging Station for Apple Devices iPhone 15/Airpods/Watch, MagSafe Wireless Charger for iPhone 15/14/13, 3-in-1 Power Strip Desktop Charger with Night Light Indoor Outdoor Decorative Lighting",https://www.lazada.vn/products/pdp-i2586616076.html,999.999 ₫,5.0,115 Đã bán
Đèn sưởi âm trần nhà tắm OPPLE F-20G02,https://www.lazada.vn/products/pdp-i2122720940.html,990.000 ₫,,
BEAR | Máy Sưởi Tiết Kiệm Năng Lượng Đèn Sưởi Diện Rộng,https://www.lazada.vn/products/pdp-i3194186775.html,3.011.000 ₫,5.0,8 Đã bán
Mini Hầm Điện cup Chuột máy tính tiện lợi đa năng mini xách tay Cốc điện cho văn phòng,https://www.lazada.vn/products/pdp-i3079023430.html,597.000 ₫,,
Hệ thống âm thanh thụ động violon điện tử cho hiệu suất nâng cao chất lượng âm thanh với đầu ra 6.35mm tiêu chuẩn và giắc cắm tai nghe 3.5mm dễ cài đặt nguyên liệu cao cấp,https://www.lazada.vn/products/pdp-i3204375371.html,348.595 ₫,,
Phụ Kiện Máy Tính Hellokitty Gradual Superior Size Lớn Cho Bàn Làm Việc Gaming Office Keyboard Dành Cho Nữ Dormitory Desktop Mat,https://www.lazada.vn/products/pdp-i3167464427.html,39.500 ₫,,
"Máy hút ẩm lọc không khí KAW, Máy hút ẩm tủ quần áo, phòng ngủ cao cấp công suất lớn, chống nồm, chống ẩm mốc không gây ổn, tiết kiệm điện",https://www.lazada.vn/products/pdp-i2401233273.html,611.040 ₫,5.0,
"Hộp Đựng Đồ Để Bàn Vision, Hộp Nhựa Nhiều Lớp Có Ngăn Kéo, Đựng Tài Liệu Văn Phòng, Kệ Sắp Xếp, Hộp Đựng Mỹ Phẩm",https://www.lazada.vn/products/pdp-i849064111.html,104.255 ₫,5.0,
Thiết Bị Làm Mát CPU Máy Tính X600 Jack Frost 6 Ống Đồng Kiểm Soát Nhiệt Độ ARGB Màu Sắc Huyền Diệu AMD 1700 Máy Tính Để Bàn,https://www.lazada.vn/products/pdp-i2830175759.html,308.000 ₫,,
"Wavlink USB2.0 Network Máy Chủ In, LAN Print Share Server Cho Máy In USB, Giao Thức In LPR 10/100Mbps Máy Tính Máy Chủ In Bộ Chuyển Đổi Cho Windows 7/8/8.1/XP/10/11/Vista, MacOS 10.7 Trở Lên",https://www.lazada.vn/products/pdp-i2178901735.html,612.623 ₫,5.0,
Apple Mac Mini M1 M2 Vertical Stand Desktop Computer Host Storage Base New Model Cooling Base Bracket Accessories,https://www.lazada.vn/products/pdp-i3147489485.html,91.000 ₫,,"64 Đã bán
China"
"IMELON quả tặng miễn phí TOÀN CỬA HÀNG Màn hình máy tính để bàn kệ cao, kệ lưu trữ máy tính để bàn, kệ sách, giá đỡ màn hình máy tính xách tay",https://www.lazada.vn/products/pdp-i2423995033.html,193.000 ₫,5.0,41 Đã bán
Anime Rem Blind Box Sexy Model Doll Collectible Figures Anime Themed Gift Bag Desktop Decorations for Girls Creative Home Decor,https://www.lazada.vn/products/pdp-i3012975269.html,310.000 ₫,,
2024 New 3D Printed Dummy13 Super Cool Multi-Joint Assembly Doll Model Stress Relief Toy Gift Desktop Display Unisex,https://www.lazada.vn/products/pdp-i2947601823.html,219.000 ₫,,
Acrylic Whiteboard Translucent Erasable Message Board Fridge Magnet Home Use Desktop Memo Board Kitchen Organizer,https://www.lazada.vn/products/pdp-i3200835841.html,184.000 ₫,5.0,13 Đã bán
Vimite LED Simple Energy-saving USB Plug-in Round Base Touch Control Bedroom Bedside Lamp Desktop Decoration Night Light,https://www.lazada.vn/products/pdp-i2653008772.html,96.344 ₫,5.0,7 Đã bán
Artificial Butterfly Orchid Potted Bonsai Fake Plants Ornament Home Garden Balcony Desktop Bedroom Living Room Decoration,https://www.lazada.vn/products/pdp-i2487821166.html,38.909 ₫,,
MMLUCK Doraemon. Giá đỡ bút Đồ trang trí Mèo Dingdang Hộp đựng bút chì Dễ thương Đa chức năng Dụng cụ sắp xếp văn phòng phẩm Trang trí bàn làm việc,https://www.lazada.vn/products/pdp-i3099574865.html,65.000 ₫,5.0,
JJT [Miễn Phí Vận Chuyển]Gương gương để bàn Retro Kính kép Gương trang điểm gương công chúa trong ký túc xá phòng ngủ Máy tính để bàn xoay gương trang điểm,https://www.lazada.vn/products/pdp-i2807475436.html,43.000 ₫,,"6 Đã bán
China"
Bộ Khuếch Đại Âm Thanh Không Nguồn B & O Harman HiFi Two-Way Passive Speaker Office Home Desktop Sound DIY Mới,https://www.lazada.vn/products/pdp-i2850120360.html,348.000 ₫,,
DC Unassembled Batman Joker 3.75 Inch Jointed Action Figure Shark King Killer Croc Bain Robin PVC Collectible Desktop Decoration,https://www.lazada.vn/products/pdp-i2305302623.html,158.000 ₫,4.0,130 Đã bán
Bull | Bộ Đa Năng Để Bàn,https://www.lazada.vn/products/pdp-i3196946216.html,444.000 ₫,4.0,
"Cốc Starbuck, Ống Hút Thủy Tinh Đánh Dấu Bảng Tên Chuyển Sắc Phnom Penh Nữ Thần Màu Xanh Đậm Mới Cốc Nước Cách Nhiệt Đi Kèm",https://www.lazada.vn/products/pdp-i1486625870.html,711.000 ₫,2.0,
DC Superhero Batman Superman Robin Wonder Woman Joker Toy Pen Cap Display Toy Loose Goods PVC Material Desktop Decoration,https://www.lazada.vn/products/pdp-i3188744681.html,59.000 ₫,,"6 Đã bán
Hong Kong"
MMLUCK Kiểu ngăn kéo Sắp xếp văn phòng phẩm để bàn 4 ô Tiết kiệm không gian Hộp đựng bút kim loại Đa chức năng Sức chứa lớn Giá đựng bút chì Dành cho văn phòng,https://www.lazada.vn/products/pdp-i3095982028.html,123.000 ₫,,
Sidande TOFU light accessories Clip Soft light cover Diffuser desktop tripod cold boot connector For TOFU Light,https://www.lazada.vn/products/pdp-i2656552915.html,49.225 ₫,5.0,13 Đã bán
Vimite Mini Portable Clip Fan 24000mAh TYPE-C có thể sạc lại tiếng ồn thấp Clip Fan Student Hostel Trang chủ ngoài trời Silent Trolley Fan Bàn xoay 180 °,https://www.lazada.vn/products/pdp-i2658585701.html,155.474 ₫,4.0,
"Cay loc nuoc nong lanh, Cây nước nóng lạnh mini Huastar làm nước nóng lạnh cực nhanh ⭐ tiết kiệm điện, dễ dàng sử dụng, vô cùng tiện ích bán tại VINEMART SG",https://www.lazada.vn/products/pdp-i2381214234.html,939.000 ₫,,
KUULAA Kẹp cáp silicone linh hoạt có độ bền cao Giá đỡ dây gọn gàng Cáp sạc Cáp tai nghe Chuột Aux Kẹp cáp Hai kiểu để lựa chọn asd,https://www.lazada.vn/products/pdp-i2166086970.html,94.895 ₫,5.0,40 Đã bán
M.2 2280 SSD Heat Sink for Dell Laptop G15 5510 5511 5515 M.2 Interface SSD Hard Drive Heat Sink,https://www.lazada.vn/products/pdp-i2363320823.html,173.800 ₫,5.0,7 Đã bán
"Khay Chia Ngăn Kéo Trong Suốt Vân Sọc, Khay Đựng Mỹ Phẩm Xếp Chồng Tiện Lợi Để Bàn - ALLIN",https://www.lazada.vn/products/pdp-i3147041343.html,14.400 ₫,5.0,18 Đã bán
Xách tay cao su Poker Desktop Mat Hộp đựng giảm tiếng ồn Poker Game Mat,https://www.lazada.vn/products/pdp-i2647784012.html,180.000 ₫,5.0,9 Đã bán
[HCM]Hub 2 CPU ra 1 VGA,https://www.lazada.vn/products/pdp-i327278894.html,56.500 ₫,4.0,8 Đã bán
RAM3 LAPTOP DDR3 - DDR3L 4GB - 8GB/1333/1600,https://www.lazada.vn/products/pdp-i2180226992.html,175.000 ₫,,
Miếng Lót Chuột Cỡ Lớn miếng lót quảng cáo may viền dày miếng lót để bàn Bàn phím máy tính văn phòng trò chơi thể thao điện tử hai chiều hoạt hình,https://www.lazada.vn/products/pdp-i3058271172.html,61.950 ₫,,
HONGMEITIANYI | Bàn Chân Sưởi Ấm Mùa Đông,https://www.lazada.vn/products/pdp-i3217744642.html,650.000 ₫,4.0,
[MIỄN PHÍ VẬN CHUYỂN] Tủ Lạnh Samsung Ngăn Đông Trên với Digital Inverter 243L màu Nâu Starry RT22M4032BY/SV,https://www.lazada.vn/products/pdp-i1449723025.html,5.444.000 ₫,4.0,192 Đã bán
AVC 6 Ống Đồng Làm Mát CPU Cho Máy Tính Để Bàn 6 Ống Dẫn Nhiệt Đa Năng Tương Thích Với AMD 1155 1700 Quạt Tản Nhiệt,https://www.lazada.vn/products/pdp-i3183406385.html,288.150 ₫,,"14 Đã bán
Nước ngoài"
Bộ Làm Mát CPU Aigo RGB Với 6 Ống Dẫn Nhiệt Quạt Tản Nhiệt Im Lặng 3PIN RGB Cho Intel/AMD 1150 1155 1156 1366 AM2/AM3/AM4 - Hệ Thống Làm Mát PC,https://www.lazada.vn/products/pdp-i2436006449.html,136.500 ₫,4.0,96 Đã bán
POP MART Disney Pixar Harry Potter POP CUBE1-2-3 Series Collectible Blind Box PVC ABS Magnets 45cm Desktop Decoration,https://www.lazada.vn/products/pdp-i3012923335.html,221.000 ₫,,"36 Đã bán
China"
BMPEIC Desktop Makeup Mirror Solid Color PU Leather Simple Portable Handheld Makeup Mirror Foldable Student Compact Cute Pocket Mirror,https://www.lazada.vn/products/pdp-i3137905189.html,19.297 ₫,,
Intel Xeon E5-2697V2 6-Core 2.9GHz 3MB L3 Cache 512KB L2 Cache Intel LGA2011 Interface Desktop CPU TDP 130W,https://www.lazada.vn/products/pdp-i2413843896.html,456.000 ₫,4.0,292 Đã bán
AMD Ryzen R3 1200 1300X R5 1400 1500X 1600 1600X R7 1700 1800X CPU Desktop Processor 3.1GHz 6-Core 14nm AM4 Interface,https://www.lazada.vn/products/pdp-i2391008774.html,675.000 ₫,,"205 Đã bán
Hong Kong"
Lò vi sóng điện tử LG 20L MS2032GAS/ MS2032GIK - Bảo hành 24 tháng,https://www.lazada.vn/products/pdp-i2988396504.html,2.374.000 ₫,,
[Jettingbuy] hộp đựng máy tính để bàn bán nhanh hộp đựng búp bê nhựa acrylic trưng bày mô hình hộp đựng trưng bày mô hình đồ chơi mô hình trong suốt chống bụi Hộp đựng đồ chơi mô hình động đứng,https://www.lazada.vn/products/pdp-i2303357503.html,18.607 ₫,,"15 Đã bán
China"
WHPHous Nhựa hộp lưu trữ Hộp y tế tổ chức đa chức năng y học di động Tủ gia đình khẩn cấp Kit hộp với xử lý,https://www.lazada.vn/products/pdp-i2771616633.html,17.018 ₫,3.0,112 Đã bán
Vimite đèn học để bàn sạc pin Desktop Long Arm Led Table Lamp USB Plug Three-Color Adjustable đèn đọc sách Telescopic Desk Folding Lamp For Students Learning Eye Care,https://www.lazada.vn/products/pdp-i2351472465.html,238.446 ₫,4.0,134 Đã bán
"【GOOJODOQ x Nailoong 】Quạt Goojodoq Quạt cầm tay có thể sạc lại với 4000mAh, sạc nhanh 1.5h,cho sử dụng ngoài trời",https://www.lazada.vn/products/pdp-i3173842657.html,405.200 ₫,5.0,29 Đã bán
Hộp lưu trữ hộp nhựa trong suốt trên bàn sắp xếp hộp lưu trữ phân loại hộp lưu trữ thẻ bưu thiếp hình chữ nhật chơi bài,https://www.lazada.vn/products/pdp-i3155793619.html,9.000 ₫,,"7 Đã bán
China"
Kingspec M.2 NVMe 512GB 256GB 1TB 2TB PCIe3.0 2280 Ổ cứng lưu trữ thể rắn nội bộ gen3x4 3D TLC flash NAND M.2 PCIe NVMe SSD NVMe 1.4 giao diện cho máy tính xách tay và máy Máy tính để bàn,https://www.lazada.vn/products/pdp-i1758215351.html,1.230.000 ₫,4.0,
LOA COLORFUL Soundbar CSP-5201 Desktop Speaker,https://www.lazada.vn/products/pdp-i2665605324.html,476.000 ₫,5.0,
Kebidumei Network Card 10M/100M/1000Mbps Gigabit Ethernet PCI Express Network Card 1Gbps RJ45 LAN Adapter PCIe Converter for Desktop PC,https://www.lazada.vn/products/pdp-i2345591652.html,126.814 ₫,5.0,121 Đã bán
GOOJODOQ Quạt để bàn Quạt lưu thông không khí 4000mAh có thể điều chỉnh tốc độ im lặng 100 tốc độ với màn hình kỹ thuật số có thể treo tường,https://www.lazada.vn/products/pdp-i2677332451.html,345.100 ₫,4.0,
Comfast | Bộ chuyển mạng không dây WiFi6 Plug-and-Play USB AX5400 cho Laptop Desktop Bộ thu phát tín hiệu WiFi,https://www.lazada.vn/products/pdp-i3206718908.html,604.000 ₫,4.0,
Quạt Sắt Để Bàn Nhỏ Gọn Xoay 360 Độ Tiện Dụng Cổng Sạc USB Không Cần Ổ Cắm Tạo Không Khí Thoáng Mát Tiết Kiệm Điện Năng,https://www.lazada.vn/products/pdp-i1994822216.html,99.000 ₫,4.0,508 Đã bán
WEILINXIAOWEI | Máy Hút Chân Không Bảo Quản Thực Phẩm Kích Thước Nhỏ,https://www.lazada.vn/products/pdp-i3220005024.html,886.000 ₫,4.0,
"Quạt Cầm Tay Sò Lạnh HANDHELD FAN - JF138 199 Cấp Gió, Màn HÌnh Led Có Dây Đeo Và Đèn Pin, Pin 4000mAh",https://www.lazada.vn/products/pdp-i3046416713.html,219.000 ₫,5.0,421 Đã bán
New Chinese Zen Waterproof Tea Mat Restaurant Chinese Tea Towel Tea Table Towel Table Runner,https://www.lazada.vn/products/pdp-i2552717260.html,147.376 ₫,4.0,53 Đã bán
"[FREESHIPMAX] Ram ddr4 cho laptop và desktop all one, ram 16gb ddr4, 8gb ddr4, 4gb ddr4_BKcomputer",https://www.lazada.vn/products/pdp-i2061284611.html,650.000 ₫,,
"Cây nước nóng lạnh để bàn mini FUJIHOME WD5510E làm lạnh bằng chip điện tử, làm nóng nhanh, để bàn nhỏ gọn, tiết kiệm điện, bảo hành toàn quốc 24 tháng",https://www.lazada.vn/products/pdp-i2399867244.html,1.185.000 ₫,,
RAM laptop kingbank 8GB DDR4-2666/2400/2133 DDR3-1600,https://www.lazada.vn/products/pdp-i2581437060.html,290.000 ₫,,
"Nồi lẩu điện Kangaroo KG45EH1 dung tích 4,5L- Nồi diện nấu đa năng, lòng nồi chống dính, công suất 1300W, nắp kính tháo rời.",https://www.lazada.vn/products/pdp-i2804210521.html,690.000 ₫,4.0,41 Đã bán
[DP SIÊU MÁT] QUẠT SẠC CAO CẤP DP7627 CÓ ĐÈN LED CAO 38 CM| DUNG LƯỢNG PIN 4000Mah,https://www.lazada.vn/products/pdp-i2213552244.html,222.300 ₫,5.0,102 Đã bán
Lò vi sóng Cuckoo 20L CMW-A201D- màu trắng - Nhỏ gọn cao cấp thời trang dễ sử dụng và vệ sinh - Công suất 1050W - Hàng chính hãng Cuckoo Vina,https://www.lazada.vn/products/pdp-i1435508111.html,1.350.000 ₫,4.0,
[DEAL SỐC] Nồi lẩu điện Kangaroo KG40EH1 dung tích 4Lit,https://www.lazada.vn/products/pdp-i2804124538.html,650.000 ₫,4.0,525 Đã bán
"🌳🌳 Trang chủ Wall Mount Clock 3D LED, Desktop TN828 Đồng hồ thông minh [Tặng pin]",https://www.lazada.vn/products/pdp-i3142115315.html,105.000 ₫,,
(BẢO HIỂM CHỐNG NỔ) Bếp Ga Mini Inox Chống Rỉ MS-3800SP - Công Suất Khủng 2900W | Thiết Kế Vòng Chắn Gió | Bảo Hành 12 Tháng | Hàng Chính Hãng,https://www.lazada.vn/products/pdp-i700836421.html,369.000 ₫,4.0,
Llano Battery Charger for Insta360 Ace Pro Digital Display Fast Charge Dual Charging Box Sports Camera Accessories 360 acepro,https://www.lazada.vn/products/pdp-i2996070865.html,639.009 ₫,,
BEAR | Đèn Sưởi Dưới Bàn Cho Chân và Đùi,https://www.lazada.vn/products/pdp-i3193593437.html,1.541.000 ₫,4.0,51 Đã bán
OVL | Dụng Cụ Uốn Tóc Di Động 2 Chức Năng Ion Âm,https://www.lazada.vn/products/pdp-i3211040791.html,980.000 ₫,4.0,
Lẩu điện mini đa năng Sunhouse SHD4516/SHD4517 - Đa năng 4in1 - Lòng nồi inox 304 - Tích hợp tay cầm - Gia nhiệt trực tiếp,https://www.lazada.vn/products/pdp-i3137618869.html,399.000 ₫,5.0,51 Đã bán
"ASD | Nồi Lẩu Điện Đa Năng 5L Chống Dính, Mẫu Mới 2024, Nấu Hấp Hầm Tiện Lợi, Làm Nóng Nhanh",https://www.lazada.vn/products/pdp-i3220742056.html,1.578.000 ₫,,
Ram Desktop Kingston Fury Beast 8GB DDR4 3200MHz (KF432C16BB/8) Mới - Bảo hành 36 tháng 1 đổi 1,https://www.lazada.vn/products/pdp-i2563920135.html,700.000 ₫,,
"Kệ Nhựa 6 Ngăn Đựng Bút, Mỹ Phẩm, Đồ Trang Điểm, Hộp Ống Cắm Bút 6 Ngăn,Tặng Kèm Sticker Dễ Thương-NIEVE",https://www.lazada.vn/products/pdp-i2654309806.html,40.000 ₫,5.0,49 Đã bán
Aigo AS12 120MM ARGB Quạt Cho Vỏ PC Nối Không Dây CPU Nước Làm Mát Chơi Game Làm Mát Bộ RGB Tích Hợp Với Chất Lỏng Chịu Lực,https://www.lazada.vn/products/pdp-i3110527076.html,381.000 ₫,5.0,284 Đã bán
SẠC LAPTOP DELL VOSTRO 3450 3550 3750,https://www.lazada.vn/products/pdp-i354690312.html,185.000 ₫,,
[NC] Desktop Speaker AMP FOSI MC101 | Âm Ly Để Bàn | Desk Amplifier,https://www.lazada.vn/products/pdp-i2723273683.html,2.140.000 ₫,,
WHPHous Cute Vertical Bucket Tea Cup Pencil Case Student Large Capacity Stationery Storage Bag Handheld Portable Pen Pouch Storage Box,https://www.lazada.vn/products/pdp-i3125877098.html,45.387 ₫,,
BEAR | Máy Sưởi Tiết Kiệm Năng Lượng Mini Để Bàn,https://www.lazada.vn/products/pdp-i3185070333.html,2.389.000 ₫,4.0,79 Đã bán
KS Máy tính để bàn lưu trữ hộp bàn kệ sách lưu trữ nhựa A4 tập tin cuốn sách bàn làm việc giá,https://www.lazada.vn/products/pdp-i2719068515.html,82.950 ₫,,"22 Đã bán
China"
WHPHous Versatile Stationery Cosmetics Storage Box Desktop Organizer Pen Holder Drawer Type Multiple Compartments Dust Prevention Shelves,https://www.lazada.vn/products/pdp-i3178675923.html,39.716 ₫,,
Xiaozhubangchu Matcha PBT thăng hoa Keycaps Bàn Phím Cơ Keycaps xda chiều cao tự làm Keycaps cá nhân,https://www.lazada.vn/products/pdp-i2477525267.html,285.000 ₫,5.0,387 Đã bán
Tủ lạnh Toshiba Inverter 180 lít GR-RT234WE-PMV(52),https://www.lazada.vn/products/pdp-i2646759501.html,5.390.000 ₫,5.0,42 Đã bán
Máy Tính MiniPC Beelink Ser 9 Pro AMD Ryzen AI 9 HX 370 / 365 RAM Ser9 Radeon 890M,https://www.lazada.vn/products/pdp-i3230776162.html,22.590.000 ₫,,
Bảo Hành 24 Tháng-Bàn Ủi Hơi Nước Cầm Tay Hộc Nước 120mL Công suất lớn 1200W gấp gọn du lịch tiện lợi- Bảo Hành 1 Đổi 1,https://www.lazada.vn/products/pdp-i3108614105.html,229.827 ₫,4.0,105 Đã bán
"Roborock QR 798 robot hút bụi lau nhà |Lực hút 10000PA|Tự động đổ rác, giặt giẻ | Bảo hành 24 tháng",https://www.lazada.vn/products/pdp-i3005978399.html,10.990.000 ₫,5.0,14 Đã bán
Điều Hòa Thông Minh COMFEE 05 Sao Mới CFS-13VGD Miễn phí giao lắp TOÀN QUỐC,https://www.lazada.vn/products/pdp-i3020743811.html,9.202.000 ₫,,
Máy tính All In One AOC A99 i5 - 12450H 16GB 512GB SSD Màn hình 23.8 Inch Pin UPS tháo rời,https://www.lazada.vn/products/pdp-i2911328884.html,17.000.000 ₫,5.0,40 Đã bán
Crucial P310 1TB PCIe Gen4 NVMe 2230 M.2 SSD-CT1000P310SSD2- Hàng chính hãng,https://www.lazada.vn/products/pdp-i2775771750.html,3.790.000 ₫,5.0,
"Máy pha cà phê tự động WINCI VEGA - X, Thiết kế sang trọng hiện đại, Bảo hành toàn quốc 1 năm",https://www.lazada.vn/products/pdp-i2669616013.html,12.900.000 ₫,5.0,26 Đã bán
Máy Rửa Bát Junger Leopard DWJ-133-MS Dung tích 13 bộ Máy Rửa Chén Junger Sạch Khô Tuyệt Đối Bảo Hành 7 năm,https://www.lazada.vn/products/pdp-i3163033378.html,16.290.000 ₫,,"6 Đã bán
Hồ Chí Minh"
[Lắp đặt 0Đ HCM/HN] Máy lạnh Casper Inverter ProAir 1 chiều 1.5HP JC-12IU36 - Chính hãng - Bảo hành 3 năm,https://www.lazada.vn/products/pdp-i3202334273.html,6.890.000 ₫,5.0,
Máy giặt Toshiba Inverter 10 kg AW-DM1100PV(KK),https://www.lazada.vn/products/pdp-i2860151821.html,9.390.000 ₫,4.0,39 Đã bán
Tủ đông kháng khuẩn Kangaroo 90 lít KG090C1N - 1 ngăn 1 cánh,https://www.lazada.vn/products/pdp-i3130593233.html,3.890.000 ₫,5.0,5 Đã bán
MÁY VẮT SỔ SIRUBA 2 KIM 4 CHỈ XÀI BÀN MINI TIỆN LỢI,https://www.lazada.vn/products/pdp-i2655713778.html,2.680.000 ₫,,
"Dàn Loa Karaoke SIÊU TIẾT KIỆM - loa 3 tấc đơn Maxtin, Đẩy 9300, Micro đầu UGX82, Vang cơ lai số T6000 Plus, Sub 835 Phù hợp cho karaoke gia đình, sân khấu chuyên nghiệp",https://www.lazada.vn/products/pdp-i2859877380.html,18.100.000 ₫,,
Bếp Ga Mini 2 Chiều Maxsun MS-3800LPG A - Công Suất 2900W | Phủ Sứ Cao Cấp | Bảo Hiểm Chống Nổ | Bảo Hành 12 Tháng,https://www.lazada.vn/products/pdp-i2406276373.html,379.000 ₫,4.0,53 Đã bán
BEAR | Máy Sưởi Điện Tiết Kiệm Năng Lượng Đun Nhanh,https://www.lazada.vn/products/pdp-i3194385886.html,535.000 ₫,4.0,
Mainboard Gigabyte B760M GAMING PLUS WIFI DDR4 -Bảo hành 36 tháng,https://www.lazada.vn/products/pdp-i3030029760.html,3.292.000 ₫,,
Fahasa - Sách - Phụ Nữ Độc Lập Tài Chính,https://www.lazada.vn/products/pdp-i3187292975.html,161.100 ₫,,
Ổ Cắm Bàn Làm Việc Gắn Tường Đa Năng Có Cảm Biến Không Dây Sạc Nhanh 5 Lỗ Kiểu C Ẩn Bên Hông Để Bàn Làm Việc,https://www.lazada.vn/products/pdp-i2997588027.html,343.000 ₫,,
BEAR | Ấm Điện Không Gỉ Tự Ngắt Chống Đun Khô,https://www.lazada.vn/products/pdp-i3193613613.html,454.000 ₫,,
"Chuột Chơi Game Không Dây Bluetooth Lenovo Rescue M600 Cho Máy Tính Xách Tay Office Gaming Có Thể Sạc, Độ Phân Giải 1600dpi",https://www.lazada.vn/products/pdp-i2841524623.html,593.000 ₫,,"6 Đã bán
Hong Kong"
"Giá Đỡ Máy Tính Mac Mini M1 M2 Mac Studio Apple Desktop Chống Bụi, Đế Tản Nhiệt Màu Trắng, Phụ Kiện Máy Tính Mới",https://www.lazada.vn/products/pdp-i3147449428.html,223.000 ₫,,"12 Đã bán
China"
ORICO Power Strip with 6 AC Outlets Smart Charging Desktop Surge Protector Power Strip 3/5M for Household Use [EU Plug],https://www.lazada.vn/products/pdp-i3139720227.html,231.800 ₫,5.0,10 Đã bán
Mini Portable Compact Desktop White Hand Drawn Water Cooling ITX Case Open Structure Steel Aluminum Hybrid Material,https://www.lazada.vn/products/pdp-i2529055010.html,631.000 ₫,5.0,121 Đã bán
Vỏ Bảo Vệ Mac Mini M1 M2 M4 Máy Chủ Máy Tính Có Chân Đế Chống Bụi Vỏ Da Giả Cầm Tay Phụ Kiện Kỹ Thuật Số,https://www.lazada.vn/products/pdp-i3178815887.html,282.000 ₫,,"18 Đã bán
China"
"Bình nóng lạnh gián tiếp Rossi Blanc Vuông (15/20/30 Lít) - Chính hãng, Bảo Hành 20 năm",https://www.lazada.vn/products/pdp-i2856197265.html,2.079.000 ₫,5.0,25 Đã bán
Gigabyte H81M-DS2 B85 Z97 LGA1150 Motherboard Original New Computer Parts Desktop CPU Motherboard Gigabyte,https://www.lazada.vn/products/pdp-i3151718528.html,576.000 ₫,,"48 Đã bán
China"
Classic Portable Electronic Guitar Amplifier Retrospective Bass Treble Adjustable Mini My Amp USB Powered Desktop Speaker,https://www.lazada.vn/products/pdp-i3014451889.html,280.000 ₫,,"34 Đã bán
China"
Vimite Portable Mini Fan Small Super Silent Detachable Flexible Tripod Desktop Camping Octopus Fan Swinging Baby stroller 270 ° Rotating Night Fan,https://www.lazada.vn/products/pdp-i2596689387.html,247.126 ₫,4.0,23 Đã bán
Máy sấy quần áo Toshiba 7 kg TD-H80SEV(SK),https://www.lazada.vn/products/pdp-i2863058496.html,7.490.000 ₫,5.0,10 Đã bán
"【ACASIS】Dock Thunderbolt 3/4 & USB4 8 TRONG 1 40Gbps - Hỗ Trợ SSD NVMe ĐẾN 8TB, 2 Cổng HDMI 4K@60Hz, Sạc Nhanh PD Thông Minh, Quạt Tản Nhiệt - Cắm & Chạy, Không Cần Driver",https://www.lazada.vn/products/pdp-i2792623272.html,3.054.500 ₫,,
Điều hòa 1 chiều CASPER Inverter GC-09IB36 9.000 BTU,https://www.lazada.vn/products/pdp-i3060415332.html,7.090.000 ₫,5.0,10 Đã bán
"eufy Robot Vacuum Omni C20 with All-in-One Station, Auto Emptying, Mop Washing and Drying for Hands-Free Cleaning, 7,000 Pa Powerful Suction, 3.35-Inch Ultra-Slim Body, Robot Vacuum and Mop Combo",https://www.lazada.vn/products/pdp-i3217075893.html,6.190.000 ₫,,
Máy lọc không khí CF-8116 cho phòng 20-25 m² Hafele 537.82.710,https://www.lazada.vn/products/pdp-i2027366103.html,2.789.000 ₫,,
[Thu thập VC 10% tối đa 1tr ở trạm voucher]SHIP HỎA TỐC HN - Tủ Lạnh Funiki Hòa Phát FR-135CD.1 130 lít - Hàng chính hãng - Bảo hành 24 tháng - Tủ lạnh giá rẻ,https://www.lazada.vn/products/pdp-i2765147591.html,4.590.000 ₫,5.0,57 Đã bán
Loa Bluetooth để bàn Xiaomi Desktop Speaker | Đèn đổi màu RGB | Nhiều chế độ âm thanh | Bảo hành 12 tháng,https://www.lazada.vn/products/pdp-i3040596889.html,1.138.500 ₫,5.0,5 Đã bán
Bộ nhớ RAM PC G.Skill Trident Z5 RGB DDR5 32GB (16GBx2) 5600MHz (F5-5600J3636C16GX2-TZ5RK) - Hàng Chính Hãng,https://www.lazada.vn/products/pdp-i2494211501.html,3.190.000 ₫,,
"【Buy 1 Get 30% OFF】Rocoren 150W Desktop Laptop Fast Charger 6 in 1 Adapter For Computer,Tablet and Mobile Phones",https://www.lazada.vn/products/pdp-i2509907738.html,736.100 ₫,5.0,14 Đã bán
Ổ SSD Di Động Có Thể Mở Rộng Magnetic cho MacBook và iPhone,https://www.lazada.vn/products/pdp-i3205313492.html,3.608.000 ₫,4.0,
Tản Nhiệt SSD JEYI M.2 2280 NVME Với Bộ Làm Mát PC Hợp Kim Nhôm Turbofan Im Lặng Với Miếng Đệm Nhiệt Silicon Bộ Tản Nhiệt Hiệu Quả,https://www.lazada.vn/products/pdp-i2726539789.html,300.000 ₫,5.0,18 Đã bán
Laptop Memory RAM 8GB DDR3L 1600 MHz PC3L-12800 SODIMM 204 pin Unbuffered,https://www.lazada.vn/products/pdp-i274698038.html,279.000 ₫,4.0,39 Đã bán
(MIỄN PHÍ LẮP ĐẶT) Máy lạnh Reetech 1 HP RT9/RC9-TA-BT,https://www.lazada.vn/products/pdp-i2908668755.html,7.190.000 ₫,4.0,40 Đã bán
BEAR | Quạt Sưởi Mini Chân cho Văn Phòng và Nhà ở,https://www.lazada.vn/products/pdp-i3193641186.html,590.000 ₫,,
(Chỉ 25-29.10)Ấm đun nước siêu tốc Smartcook ICS-3859,https://www.lazada.vn/products/pdp-i1686680854.html,341.000 ₫,4.0,
Death Note Death God Night God Desktop Ornaments Sulphur Death Ama Model Gifts Note Anime Themed Collectible Figures,https://www.lazada.vn/products/pdp-i3228623149.html,97.000 ₫,,"12 Đã bán
China"
"Hộp nhựa Mini 9 Ngăn Để Bàn, Kệ Nhựa Đựng Đồ Decor Bàn Học",https://www.lazada.vn/products/pdp-i2822816408.html,35.000 ₫,5.0,8 Đã bán
ZTOYL 1PC tài liệu tổ chức hộp hộ gia đình giấy chứng nhận tập tin A4 hộp thông tin quan trọng đăng ký cuốn sách bụi bằng chứng lưu trữ trường hợp,https://www.lazada.vn/products/pdp-i3133966225.html,16.420 ₫,,
Xiaozhubangchu cảm hứng PBT thăng hoa Keycaps Bàn Phím Cơ Keycaps xda chiều cao tùy chỉnh Tự làm cá nhân Keycaps,https://www.lazada.vn/products/pdp-i2477495593.html,288.000 ₫,5.0,240 Đã bán
WHPHous Desktop Pen Holder Case Office Supplies Storage Box Big Capacity Pencil Box Plastic Pencil Case For Boys Girls Students,https://www.lazada.vn/products/pdp-i3183809436.html,30.637 ₫,,
ZTOYL 5pcs phòng thí nghiệm di động ABS nhựa kính hiển vi Slide chủ lưu trữ hộp Dispenser hộp nhựa kính hiển vi trượt hộp đóng gói,https://www.lazada.vn/products/pdp-i2746501768.html,11.621 ₫,,
CHENJ Có thể gập lại Hộp sách sinh viên ký túc xá Lớp Học Cuốn Sách sắp xếp trong suốt không thấm nước hộ gia đình cuốn sách tổ chức hộp lưu trữ,https://www.lazada.vn/products/pdp-i3149082590.html,27.042 ₫,,
"Giá Treo Quần Áo Có Thể Thu Vào Không Cần Đục Lỗ Hiện Vật, Giá Treo Tường Tiết Kiệm Không Gian Ban Công",https://www.lazada.vn/products/pdp-i3141752887.html,32.000 ₫,,
Cartoon Mini Tumbler Children's Educational Toys Desktop Decompression Shaking Head Tumbler Ornaments YL059,https://www.lazada.vn/products/pdp-i2654131380.html,14.100 ₫,5.0,132 Đã bán
Collect Book Nhám Bốn Ngôi Sao Sổ Đựng Thẻ Card Hàn Quốc Nhiều Mẫu Dễ Thương Midi Corner,https://www.lazada.vn/products/pdp-i3180849068.html,43.000 ₫,4.0,
"Bếp Từ 2 Vùng Nấu Hafele HC-I3732A 536.61.736 – Bảo Hành 3 Năm, Inverter, Chính Hãng - BST",https://www.lazada.vn/products/pdp-i3170501891.html,9.362.100 ₫,,
Mini Mirror Portable Folding Handheld Standup Makeup Mirror Student Dormitory Desktop Convenient Carry Personal Grooming Tool,https://www.lazada.vn/products/pdp-i3213901142.html,49.000 ₫,,"601 Đã bán
China"
Self-Adhesive Desktop Socket Fixer Durable Plastic Socket Stand for Bathroom Office Bedroom JS-018-VN,https://www.lazada.vn/products/pdp-i2955448654.html,9.000 ₫,,
"Thùng PC Gaming / Render Color 03 | I5 12600KF, 16GB Ram, VGA RTX 3060/4060/4060 Ti (Mới, BH 36T)",https://www.lazada.vn/products/pdp-i2862532888.html,22.400.000 ₫,,
Mini Tank Military Series Full Set Assembly Model Children's Desktop Game Toy Display MOC Blocks Đồ Chơi Lắp Ráp Mô Hình Xe Tăng,https://www.lazada.vn/products/pdp-i2901861468.html,80.000 ₫,,"18 Đã bán
Hong Kong"
"Vi xử lý (CPU) Core i5 6500 , socket 1151 , Dùng cho máy tính bàn, Hàng chính hãng - Tặng keo tản nhiệt",https://www.lazada.vn/products/pdp-i1991788421.html,1.290.000 ₫,,
"Cây nước nóng lạnh Nhập Khẩu Fujihome WD606C, bình lọc máy lọc nước nóng lạnh mini uống tiết kiệm điện",https://www.lazada.vn/products/pdp-i2261538277.html,1.408.000 ₫,4.0,182 Đã bán
"Quạt sưởi mini QCOOKER 1500W, làm nóng nhanh chỉ trong 1 giây, không gây khô da, chống lật an toàn,có điều khiển từ xa",https://www.lazada.vn/products/pdp-i2924766907.html,315.000 ₫,5.0,404 Đã bán
Bộ bàn phím chuột không dây BOW K601-M138 cho laptop desktop gõ im lặng,https://www.lazada.vn/products/pdp-i3178651893.html,572.000 ₫,4.0,
"Cây nước nóng lạnh để bàn mini nhập khẩu FUJIHOME WD03E làm lạnh điện tử, làm nóng nhanh, tiết kiệm điện, bảo hành điện tử toàn quốc 12 tháng",https://www.lazada.vn/products/pdp-i2377542641.html,1.133.000 ₫,5.0,168 Đã bán
VỎ LAPTOP Dell Inspiron 14 3442 3443 3441 MẶT A,https://www.lazada.vn/products/pdp-i2061423408.html,100.000 ₫,,
Iron Man Action Figure Alien Dog Kyle Long Elder Lone Wolf Collectible Desktop Decoration PVC Material Joint Movability,https://www.lazada.vn/products/pdp-i2838623998.html,518.000 ₫,,"27 Đã bán
Hong Kong"
ORICO M.2 NVMe SSD 256GB Ổ Cứng Thể Rắn Bên Trong PCIe 3.0X4 1700 MB/giây M Key 2280 Dành Cho Người Sử Dụng Văn Phòng Sinh Viên Laptop Máy Tính Để Bàn,https://www.lazada.vn/products/pdp-i2948600764.html,1.530.000 ₫,,"9 Đã bán
Nước ngoài"
[SALE SỐC] Tủ lạnh ngăn đá trên AQR-T160FA(BS) - Màu đen - Bảo hành 2 năm - Freeship toàn quốc,https://www.lazada.vn/products/pdp-i2602375117.html,5.890.000 ₫,4.0,128 Đã bán
"Kệ sách gấp gọn trong suốt chống nước | Chất liệu PVC bền bỉ, chống trầy xước, lý tưởng để lưu trữ sách và truyện tranh tại nhà. Vẻ ngoài trong suốt và có thể gấp gọn để tiết kiệm không gian lưu trữ.",https://www.lazada.vn/products/pdp-i3121015483.html,29.900 ₫,,
BEAR | Máy Sưởi Điện Gia Dụng Di Động,https://www.lazada.vn/products/pdp-i3216204425.html,2.591.000 ₫,4.0,18 Đã bán
Tủ lạnh Aqua 130 lít AQR-T160FA(BS),https://www.lazada.vn/products/pdp-i2902560817.html,4.289.000 ₫,4.0,Cam Kết Giá Tốt
Large Size Office Desk Protector Mat PU Leather Waterproof Mouse Pad Desktop Keyboard Desk Pad Gaming Mousepad PC Accessories,https://www.lazada.vn/products/pdp-i2295188538.html,109.800 ₫,5.0,287 Đã bán
(Chỉ 25-29.10)Bếp nướng lẩu đa năng Elmich HE-3908,https://www.lazada.vn/products/pdp-i2534158948.html,946.000 ₫,4.0,Cam Kết Giá Tốt
Công tắc chia sẻ UGREEN USB3.0 5Gbps Shared Switcher 2 in 7 out Includes DC power supply + desktop control + USB 3.2 Gen1 OTG adapter for keyboard Mouse Harddisk Printer U Disk Webcam Model:75086,https://www.lazada.vn/products/pdp-i3177498742.html,2.057.800 ₫,3.2,
Baseus Velcro Straps Cable Organizer for Charging Data Cable Network Cable Winder Cable Clip Office Desktop Management,https://www.lazada.vn/products/pdp-i577816900.html,95.000 ₫,4.0,291 Đã bán
Vention Cáp RCA Dây AV Âm Thanh 3.5mm Jack Để 2 RCA Audio Cable for Phone Speaker PC Power Amplifier Home Stereo Laptop Desktop DVD 3 5mm Male to 2 Male RCA Jack Aux Cord,https://www.lazada.vn/products/pdp-i473260901.html,99.000 ₫,4.0,
WHPHous Lật hộp lưu trữ trong suốt hộp lưu trữ máy tính để bàn dẫn đèn pha Hộp bao bì mặc Đèn pha hộp nhựa,https://www.lazada.vn/products/pdp-i2932154567.html,11.958 ₫,5.0,97 Đã bán
Nước Tản Nhiệt Silicon Thermalright TF9 1.5g Coefficient 14 Laptop Desktop Card Đồ Họa Nút Cạo Kèm Theo Tản Nhiệt CPU,https://www.lazada.vn/products/pdp-i3138670960.html,201.000 ₫,,"198 Đã bán
China"
Tủ lạnh Toshiba Inverter 568 lít Side By Side GR-RS755WIA-PGV(22)-XK,https://www.lazada.vn/products/pdp-i2665853860.html,23.690.000 ₫,,
WHPHous Pp lưu trữ hộp trong suốt Máy tính để bàn Tổ Chức Công suất lớn dán Hộp Bút Chì subpackage chủ Máy tính để bàn văn phòng phẩm lưu trữ hộp,https://www.lazada.vn/products/pdp-i2926848259.html,12.899 ₫,5.0,
[Thu thập VC 10% tối đa 1tr ở trạm voucher]Tủ lạnh Funiki 90 lít FR-91CD - Mới 2024,https://www.lazada.vn/products/pdp-i2761428924.html,2.990.000 ₫,4.0,32 Đã bán
"NAS AOOSTAR WTR MAX – AMD Ryzen 7 PRO 8845HS 8C16T, 11 bay lưu trữ, DDR5-5600, OCuLink/USB4",https://www.lazada.vn/products/pdp-i3224376911.html,23.690.000 ₫,,
AMD A6 8570 9500E A8 9600 A10 8770 9700 A12 8870 9800E 3000G CPU AMD Ryzen 3 3000G Desktop Processor 7nm 4-Core 4-Thread,https://www.lazada.vn/products/pdp-i3169074843.html,122.000 ₫,,"66 Đã bán
China"
"Quạt mini cầm tay không tiếng ồn - Quạt kẹp bàn nhỏ gọn, phù hợp cho văn phòng, ký túc xá, xe đẩy em bé và các hoạt động ngoài trời, có thể sạc điện.",https://www.lazada.vn/products/pdp-i3204847302.html,84.000 ₫,,
Tủ Lạnh Toshiba Inverter 555 Lít GR-RS696WI-PMV(60)-AG - FREESHIP HCM,https://www.lazada.vn/products/pdp-i3033561331.html,11.950.000 ₫,,"5 Đã bán
Hồ Chí Minh"
"Máy tính All In One AOC A99 Master Intel Core i7-13620H RAM 16GB DDR4, 256GB SSD 23.8 Inch Pin UPS 2600mAh",https://www.lazada.vn/products/pdp-i2911569821.html,20.500.000 ₫,5.0,111 Đã bán
Máy lạnh Toshiba Inverter 1HP/1.5HP/2HP/2.5HP RAS-H10S5KCV2G-V / RAS-H13S5KCV2G-V / RAS-H18S5KCV2G / RAS-H24S5KCV2G - Bảo hành chính hãng 2 năm,https://www.lazada.vn/products/pdp-i3102699553.html,14.691.000 ₫,,
Robot hút bụi lau nhà Ecovacs Deebot N30 Pro Omni 2025 - Lực hút siêu mạnh 10.000Pa - Trạm sạc OMNI,https://www.lazada.vn/products/pdp-i2831814302.html,11.600.000 ₫,5.0,70 Đã bán
Máy hút bụi lau nhà khô và ướt Roborock F25 Series,https://www.lazada.vn/products/pdp-i3059940072.html,5.890.000 ₫,5.0,7 Đã bán
"Robot Hút Bụi Lau Nhà Xiaomi Robot Vacuum X20+ | Lực Hút Mạnh 6000Pa | Lau xoay siêu tốc | Tự Động Giặt Giẻ | Chính Hãng, Bảo Hành 12 tháng",https://www.lazada.vn/products/pdp-i3040772067.html,8.580.000 ₫,5.0,25 Đã bán
Máy lạnh/ Điều hòa Panasonic Inverter CU/CS-LU9AKH-8 - 1HP - Một chiều - Eco AI - Lọc sạch không khí NanoeX - Wifi,https://www.lazada.vn/products/pdp-i2278334540.html,12.390.000 ₫,4.0,Cam Kết Giá Tốt
VGA Asrock Phantom Gaming Radeon RX 550 4GB,https://www.lazada.vn/products/pdp-i2691014263.html,2.576.000 ₫,5.0,
Máy tính NEC Mate MKM22C | Core i5-9500T | RAM 8–16GB | SSD NVMe | Windows 11 Pro | Mini PC doanh nghiệp Nhật Bản,https://www.lazada.vn/products/pdp-i3183990650.html,2.700.000 ₫,,
"Dàn Karaoke Xịn Cho Gia Đình - [ Cặp Loa 4112 Bass 3 Tấc, Mixer F9 Pro, Sub Nhật Bass 3 Tấc ] - Kèm 2 Micro Không Dây và 3 Chân Loa Cao Cấp",https://www.lazada.vn/products/pdp-i2478395054.html,21.345.000 ₫,,
Quạt Treo Tường Mini Athena 8 Cánh Quạt Âm Thanh Nhỏ Chống Ồn Kèm Miếng Dán. Ledkhaian,https://www.lazada.vn/products/pdp-i3088811343.html,159.000 ₫,5.0,82 Đã bán
"Quạt mini GOOJODOQ cầm tay với 4000mAh,5 bánh răng gió mạnh,điều chỉnh mức 100 Level,Tiếng ồn nhỏ,có thể gập lại",https://www.lazada.vn/products/pdp-i2871595253.html,146.100 ₫,4.0,
"Bảo hành 24 tháng-Máy xay sinh tố năng 6 lưỡi dao, pin sạc 3000mAh, công suất 50W, hình cốc, xay được 480ml đá viên-Máy xay cầm tay",https://www.lazada.vn/products/pdp-i3109106578.html,248.018 ₫,4.0,111 Đã bán
CX FUTURE Chassis Fan Hub Bộ Điều Khiển ARGB & PLC 8 Cổng Kép Có Điều Khiển Từ Xa Cho Hệ Thống Làm Mát PC,https://www.lazada.vn/products/pdp-i3126803835.html,218.000 ₫,5.0,
VGA RX570 4GB 256 BIT - chơi LMHT siêu mượt - FIFA ONLINE GTA5 PUBG,https://www.lazada.vn/products/pdp-i2036633732.html,1.290.000 ₫,5.0,8 Đã bán
NEW Round desktop electric height-adjustable table Mechanical structure manual height-adjustable table With wheels USB,https://www.lazada.vn/products/pdp-i3112928737.html,2.100.000 ₫,,
"Quạt Đeo Cổ Quạt Điện Mini Đeo Cổ Không Ồn Đa Năng Hiển Thị Lượng Pin,Đèn LED Quạt Điện Mini Quạt Đeo Cổ Mini",https://www.lazada.vn/products/pdp-i3049193699.html,139.000 ₫,4.0,288 Đã bán
Hagibis Metal Notebook Stand Vertical Gaming Laptop Support Base Mac Mini Desktop Storage Rack Heat Dissipation pro Models,https://www.lazada.vn/products/pdp-i3005373298.html,656.000 ₫,4.0,602 Đã bán
Bàn ủi khô Philips HD1172/01 - Công suất 1000W - Mặt đế nhôm,https://www.lazada.vn/products/pdp-i3014087540.html,289.000 ₫,4.0,102 Đã bán
Andoer 54-inch Extendable Selfie Stick Tripod Stand Aluminum Alloy with Detachable Desktop Tripod Phone Holder Sports Camera Mount Adapter Remote Shutter Compatible with iPhone and Android Phones for Selfie Group Photo Live Video,https://www.lazada.vn/products/pdp-i2036167606.html,399.113 ₫,5.0,9 Đã bán
UGREEN giá đỡ điện thoại Phone Stand 180° Adjustable Freely Aluminum Alloy Mobile phone desktop folding stand for iPhone17 16 15 14 13 Pro Max Samsung Galaxy S25 S24 S23 S22 Ultra Model: 15608,https://www.lazada.vn/products/pdp-i3165866621.html,284.000 ₫,5.0,7 Đã bán
Nồi lẩu đa năng 3L Bear DRG-F30H1 (kèm xửng hấp) - Hàng Chính Hãng - Bảo Hành 18 Tháng,https://www.lazada.vn/products/pdp-i2890286948.html,629.000 ₫,5.0,61 Đã bán
Xiaozhubangchu Mario Keycap Phụ kiện ban đầu Chiều cao PBT Vật liệu 124 Keycap thăng hoa thích ứng Bàn Phím Cơ cap phụ kiện,https://www.lazada.vn/products/pdp-i2474197403.html,189.000 ₫,5.0,314 Đã bán
Quạt đứng động cơ mạ đồng cao cấp Hanvina - Inox Xuân Mai,https://www.lazada.vn/products/pdp-i3111827263.html,215.000 ₫,4.0,64 Đã bán
"Tủ Lạnh Đựng Mỹ Phẩm Mini, Tủ Để Ô Tô Dung Tích Lớn 4 Lít, Tiết Kiệm Điện Làm Lạnh Nhanh",https://www.lazada.vn/products/pdp-i3155344225.html,511.200 ₫,,
FLASH SALE Quạt điện đứng 5 cánh 3 tốc độ Gaabor FM430M-WH05A đảo gió 90 độ tuần hoàn tùy chỉnh tiết kiệm điện - Bảo hành 12 tháng 1 đổi 1,https://www.lazada.vn/products/pdp-i2428192530.html,480.000 ₫,4.0,520 Đã bán
"Máy hút ẩm không khí KAW, máy hút ẩm phòng ngủ chống nồm ẩm, dung tích chứa 1L không gây ồn, tiết kiệm điện năng",https://www.lazada.vn/products/pdp-i2417923979.html,636.000 ₫,5.0,
Tủ Lạnh Mini Tủ Lạnh Xe Hơi 7.5 Lít Tiện Dụng Trên Ô Tô Khi Đi Xa và Dùng Cho Văn Phòng Nhỏ. SP Được Bảo Hành,https://www.lazada.vn/products/pdp-i850936237.html,423.450 ₫,4.0,182 Đã bán
"Simplus Nồi chiên không dầu 4L, Nồi chiên không dầu đa năng không dầu mỡ bếp chiên không dầu dung tích lớn, sang trọng tiết kiệm thời gian KQZG007- Bảo hành 1 năm 1 đổi 1",https://www.lazada.vn/products/pdp-i2385511099.html,619.000 ₫,5.0,769 Đã bán
FLASH SALE Ấm đun siêu tốc 2L INOX 304 nguyên khối Gaabor EK20M-WH01A bình đun nước siêu tốc màu trắng nhựa cách nhiệt an toàn sôi nhanh - Bảo hành 12 tháng 1 đổi 1,https://www.lazada.vn/products/pdp-i1832534155.html,350.000 ₫,4.0,
QUẠT SẠC SIÊU MÁT USB DP7605 - 3 TỐC ĐỘ GIÓ - ĐÈN LED,https://www.lazada.vn/products/pdp-i438834466.html,181.060 ₫,4.0,616 Đã bán
[BH 1 Năm] Bếp gas dương đôi Kangaroo KG8G1C - Mặt kính chịu lực - Hệ thống đánh lửa Magneto - Hàng chính hãng,https://www.lazada.vn/products/pdp-i1327390355.html,690.000 ₫,4.0,845 Đã bán
"(FREESHIP) LazMall Siêu Sale Quạt Xiaomi Tích Điện ,Quạt Tích Điện USB Desktop FAN KY-903 ,Quạt Sạc Bàn Tích Điện Xoay 210 Độ ,Thiết Kế Đẹp Mắt Chắc Chắn ,Động Cơ Không Tiếng Ồn 3 Chế Độ Làm Mát Hoạt Động Mạnh Mẽ, Êm Ái Tạo Ra Luồng Gió Vô Cùng Mát Mẻ ,Tặ",https://www.lazada.vn/products/pdp-i3060103542.html,339.589 ₫,5.0,6 Đã bán
Aigo ICE RGB CPU Cooler 90mm Im Lặng Quạt Với 6 Ống Dẫn Nhiệt Cho Intel 1700/1150/1156/1366/1155 AMD LGA 775-1700 Tương Thích 3PIN Tản Nhiệt,https://www.lazada.vn/products/pdp-i3022206515.html,210.000 ₫,5.0,21 Đã bán
Quạt cầm tay mini tích điện pin 6000mah tặng chân đế để bàn nhỏ gọn 5 tốc độ gió Gutek N9,https://www.lazada.vn/products/pdp-i2603405624.html,78.000 ₫,4.0,
"Cáp UGREEN USB C đến DP1.4 - Chấm dứt 8K 60Hz, Hỗ trợ VVR, 3D HDR, Dolby-Tương thích với Laptop, Desktop, Màn hình-Bảo hành 18 tháng model：25158",https://www.lazada.vn/products/pdp-i3074726100.html,400.900 ₫,5.0,14 Đã bán
TISHRIC Nhiệt Pad Hiệu Suất Cao 6.0 W/mK Dẫn Điện Silicon Cho GPU CPU Tản Nhiệt Làm Mát 0.5/1.0/1.5/2.0mm Tùy Chọn,https://www.lazada.vn/products/pdp-i2862963100.html,28.200 ₫,5.0,59 Đã bán
FLASH SALE Nồi chiên không dầu 2L GAABOR AF20M-YE01A tự động ngắt điện khay chống dính làm nóng nhanh - Tiết kiệm điện - Bảo hành 12 tháng 1 đổi 1,https://www.lazada.vn/products/pdp-i2345156451.html,470.000 ₫,4.0,Cam Kết Giá Tốt
Kingston 128GB Gaming M.2 2230 PCIe NVMe SSD Cho Stream Deck Laptop & Desktop Ổ Cứng Thể Rắn Bên Trong Tương Thích Với Máy Tính Để Bàn Và Máy Tính Xách Tay,https://www.lazada.vn/products/pdp-i3191392917.html,650.000 ₫,5.0,47 Đã bán
[RẺ VÔ ĐỊCH] Ram Corsair Vengeance LPX 16GB 3200MHz DDR4 WHITE - Tản TRẮNG mới 100% - Bảo hành 36 tháng,https://www.lazada.vn/products/pdp-i2393032746.html,1.799.000 ₫,,
"[BH 1 năm] Nồi lẩu điện Kangaroo KG50EH1 dung tích 5Lit- công suất 1500W, đa chức năng nấu, lòng nồi chống dính.",https://www.lazada.vn/products/pdp-i2804180240.html,750.000 ₫,5.0,47 Đã bán
AMD Ryzen 1600 Six Core 3.2GHz 65W CPU AM4 Desktop Processor R3 1200 R5 1500X R5 1600 R5 1600X R7 1700 R7 1700X,https://www.lazada.vn/products/pdp-i3138711680.html,804.000 ₫,,
Quạt Để Bàn Mini Có Màn Hình Kỹ Thuật Số Turbo Clip-On USB Có Thể Sạc Lại Bằng Nhựa Văn Phòng Ký Túc Xá Sinh Viên Quạt Gia Dụng,https://www.lazada.vn/products/pdp-i3165708503.html,206.000 ₫,5.0,6 Đã bán
LLANO S30 Phone Stand 360° Adjustment Desktop Bracket Universal Mobile Phone Holder Live Video Mount for 4.7-12.9 Inch,https://www.lazada.vn/products/pdp-i3001323711.html,159.000 ₫,4.7,
BEAR | Nồi Cháo Đa Năng Tự Động Áp Suất Nhỏ,https://www.lazada.vn/products/pdp-i3194871307.html,951.000 ₫,4.0,
Intel AX200 9260AC AX210 Wireless Network Card Adapter Antenna,https://www.lazada.vn/products/pdp-i2624235149.html,68.000 ₫,4.0,22 Đã bán
"Fan quạt tản nhiệt Desktop HP EliteDesk 705 G5, 800 G3, 800 G4, 800 G5, 405 G4",https://www.lazada.vn/products/pdp-i1469844013.html,295.000 ₫,,
Ram PC - 8GB DDR3 các hãng Kingston Samsung Bus 1600Mhz PC3 12800MHz 1.5V Udimm Dùng Cho Máy Tính Để Bàn Desktop,https://www.lazada.vn/products/pdp-i1035430223.html,400.000 ₫,,
ARGB M.2 SSD Heatsink with Build-in 20mm PWM Fan 5V 3-Pin ARGB Sync High-Performance SSD Cooler for M.2 2280,https://www.lazada.vn/products/pdp-i3171153601.html,734.356 ₫,,
"UGREEN AX1800 USB WiFi 6 Adapter with Amplifier 5G 2.4G Dual Band USB 3.0 1800Mbps WiFi Dongle for Desktop PC Mini Wireless Computer Network Adapter Compatible with Windows 11/10/8.1/8/7, MacOS 10.11 Above, Linux Model: 25226",https://www.lazada.vn/products/pdp-i2542380062.html,1.444.000 ₫,5.0,5 Đã bán
Wall Mounted Desktop Bracket for Mini Protective Case Cooling Vertical Stand Holder Table Bottom Stander,https://www.lazada.vn/products/pdp-i3190376382.html,181.396 ₫,,
"Bảng menu mica trong suốt chống trầy xước | Có sẵn các khổ A4, A5 và A6, hiển thị mã QR rõ nét. Bền bỉ và chống trầy xước, bảng menu có thể sử dụng lâu dài trong nhà hàng mà không bị hao mòn.",https://www.lazada.vn/products/pdp-i2768658698.html,18.000 ₫,,
Ram Máy Tính Silicon Power Zenith RGB DDR4 8Gb /16GB 3200Mhz Black - Hàng Chính Hãng,https://www.lazada.vn/products/pdp-i3192100156.html,826.000 ₫,,
Máy hút bụi không dây Dyson V8 Slim Fluffy,https://www.lazada.vn/products/pdp-i1331855981.html,10.190.000 ₫,4.0,824 Đã bán
【New and Improved】 X99-E8i Computer Motherboard Atx Lga2011-3 V3/v4 Desk Computer Mainboard Pci-E 16x 4x Graphic Slot Gigabit Network,https://www.lazada.vn/products/pdp-i2732511721.html,215.178 ₫,5.0,
Foldable Storage Basket Cotton Linen storage organizer box Desktop Cosmetic Sundries Storage Bakul Serbaguna,https://www.lazada.vn/products/pdp-i2523799753.html,21.060 ₫,5.0,10 Đã bán
Skibidi Toilet Cameraman Speakerman Titan TV Man Compatible with LEGO building blocks Titan Monitor Man Compatible Lego building block 2023 Toilet Man Audio Man Desktop Toy Boy Peerless God of War,https://www.lazada.vn/products/pdp-i3113150429.html,249.157 ₫,,
new Muzzle EDC Fidget Slider Zinc Alloy Fidget Toys ADHD Concentration Toys Office Desktop Toys for Relieving Stress & RelaxingFree Shipping,https://www.lazada.vn/products/pdp-i3037587020.html,861.800 ₫,,
【Support-Cod】 A4 Sized Suspension Folder Hanging File Holder Frame Documents Holders Organizer Desktop Supplies Stationery,https://www.lazada.vn/products/pdp-i3112384351.html,262.878 ₫,5.0,5 Đã bán
Zzaw B1 tất cả nhôm ITX trường hợp nhỏ SFX cung cấp điện bên minh bạch máy tính mini khung máy tính để bàn,https://www.lazada.vn/products/pdp-i2414123309.html,1.956.000 ₫,,
2.4G Wireless Bluetooth Keyboard with Number Touchpad Mouse Card Slot Numeric Keypad for Android IOS Desktop Laptop PC TV Box,https://www.lazada.vn/products/pdp-i2204429533.html,246.710 ₫,4.0,70 Đã bán
Desktop Tissue Box Creative Figurine Storage Display Box Dust-proof Bubble Mart Doll Drawer Blind Box Display Tissue Storage Box Integrated,https://www.lazada.vn/products/pdp-i3181531324.html,351.984 ₫,,
Hot Sale Labubu Sitting Party 2nd Blind Box Cartoon Cute Anime Action Model Desktop Decoration Christmas Gifts,https://www.lazada.vn/products/pdp-i2858363599.html,161.133 ₫,,
Professional GTX1050TI 1GB DDR5 Graphics Card 128Bit DVI VGA -Compatible GPU Game Video Card for Computer Gaming,https://www.lazada.vn/products/pdp-i2867815409.html,813.886 ₫,,
Desktop Engine Model Kit Realistic Detail Miniature Size Assembly Kit Car Engine Metal Material DIY Engine Build for Home Display Engineering Enthusiast STEM Learning Collector's Item Interactive Gift,https://www.lazada.vn/products/pdp-i2761520229.html,117.000 ₫,,
Metalfish S6 Máy Tính Nhỏ Gọn màu Trắng trường hợp máy tính chơi Game Chassis hỗ trợ 31cm Chiều dài GPU mATX Mainboard ATX/SFX PSU đèn trang trí máy tính mát,https://www.lazada.vn/products/pdp-i2412837592.html,1.435.000 ₫,,
Takoyaki Chảo nướng điện bóng bạch tuộc mini bề mặt không dính cho sân vườn cho gia đình,https://www.lazada.vn/products/pdp-i3174262705.html,543.000 ₫,,
"ITLY D2 Màn Hình Máy Tính Nâng Đứng Đa Năng Có Thể Gập Lại Để Bàn Tổ Chức Với Đế Lưu Trữ Cho Laptop 10 ""-20""",https://www.lazada.vn/products/pdp-i3101215372.html,699.000 ₫,5.0,8 Đã bán
JAIYORL Gối Massage Cổ Vai Gáy Gối Mát Xa Đa Chức Năng Với Hệ Thống Sưởi Ấm Và Mát Xa Cổ Vai Gáy Eo Lưng Chuyên Nghiệp Điều Khiển Bằng 6 Nút Thông Minh Phù Hợp Sử Dụng Trên Xe ô Tô Và Tại Nhà,https://www.lazada.vn/products/pdp-i3081057764.html,347.900 ₫,4.0,9 Đã bán
1PC 4 Inch Full Range Speaker 4 8 Ohm 30W Hifi Treble Mediant Bass Desktop Bookshelf Music Sound Tweeter Subwoofer Loudspeaker DIY,https://www.lazada.vn/products/pdp-i2697364364.html,878.061 ₫,,
E5UDQS86H Di động Cốc điện cắm vào thép không gỉ 11cm Máy hâm cà phê Đa năng Ấm đun nước điện mini Du lịch cắm trại,https://www.lazada.vn/products/pdp-i3205942199.html,165.000 ₫,,
One Piece Ship Figure Luffy Thousand Sunny Ship Going Merry Boat Zoro Assembled Model Desktop Decorate Kid Birthday Gift,https://www.lazada.vn/products/pdp-i2809069415.html,121.430 ₫,,
Hot baseus 65W gan charger desktop fast charger 4 in 1 laptop phone charger adapter for iPhone 15 14 13 Pro Max Samsung,https://www.lazada.vn/products/pdp-i2811634470.html,794.763 ₫,,
Công Thái Học Màn Hình Nâng Bàn Sắp Xếp Có Bàn Phím Lưu Trữ - Bàn Máy Tính Bằng Nhựa Phụ Kiện Để Sử Dụng Tại Nhà Và Văn Phòng,https://www.lazada.vn/products/pdp-i3192850381.html,156.800 ₫,,
DDR4 Test Card RAM Memory Slot Out LED Desktop Motherboard Repair Analyzer Tester,https://www.lazada.vn/products/pdp-i2712446873.html,189.000 ₫,,
Book Display Stand Textbook Stands Metal Bookstand Easel Display Holder Reading Stand for Desktop,https://www.lazada.vn/products/pdp-i3033505965.html,73.000 ₫,5.0,
SomnAmbulist 2.5 sata3 ssd 120gb 128gb 240gb 256gb 480gb 512Gb Internal Hard Disk Desktop and Laptop Solid State Drive,https://www.lazada.vn/products/pdp-i2302911031.html,215.000 ₫,2.5,
Máy Tạo Độ Ẩm Không Khí Wifi Tuya Smart 500ML Máy Khuếch Tán Tinh Dầu Không Dây Với Ứng Dụng Alexa Google Home Điều Khiển Máy Tạo Sương Mù Máy Khuếch Tán Nước Hoa Hương Liệu,https://www.lazada.vn/products/pdp-i3226777531.html,457.600 ₫,,"5 Đã bán
Nước ngoài"
Shark Figurine Tungtungsahur Figure Desktop Decoration Articulated Tralalero Tralala Figure Ornament Funny Doll 3D Printed ToySh,https://www.lazada.vn/products/pdp-i3118924875.html,82.292 ₫,,
Jonsbo D30 M-ATX trường hợp vỏ nhôm Side trong suốt ATX để bàn văn phòng khung gầm nhỏ dài Video Card hỗ trợ máy tính để bàn vỏ bọc,https://www.lazada.vn/products/pdp-i2419053224.html,2.076.463 ₫,,
Animal Table Lamp Dyed Resin Elephant Lamp Desktop Night Light Table Night Light 3D Stained Animal Night Light Lamp Easy Install,https://www.lazada.vn/products/pdp-i3025403496.html,208.800 ₫,,
X99LGA2011-3 Desktop Motherboard Micro-ATX Support for Intel Xeon 2011 E5 V3/V4 CPU,https://www.lazada.vn/products/pdp-i2416972566.html,939.470 ₫,,
BM600 Rechargeable Gaming Mouse USB 2.4G Wireless RGB Light Honeycomb Gaming Mouse Desktop PC Computers Notebook Laptop Mice,https://www.lazada.vn/products/pdp-i2433886323.html,290.525 ₫,,
"Bộ Xử Lý Intel Xeon E5-2690 V3 2.6Ghz 12 Nhân 30MB LGA 2011-3 Cho Máy Tính Để Bàn, Hỗ Trợ DDR4, Hệ Thống Làm Mát Không Bao Gồm",https://www.lazada.vn/products/pdp-i2730420354.html,508.000 ₫,,
Mini ITX Vỏ Máy Tính M06 Máy Tính Để Bàn Vỏ Hợp Kim Nhôm Acrylic Hỗ Trợ 2.5 Inch HD 17X17Cm Bo Mạch Chủ Lắp Đặt,https://www.lazada.vn/products/pdp-i2732037965.html,577.000 ₫,2.5,
Máy Tính Mini 3.5 Inch Màn Hình Phụ IPS USB C Cho CPU GPU RAM HDD Màn Hình Hiển Thị LCD Tự Do AIDA64 Tương Thích Máy Tính Để Bàn Màn Hình LCD,https://www.lazada.vn/products/pdp-i3206847876.html,525.300 ₫,3.5,"35 Đã bán
China"
(VCNB) Desktop Graphics Card Graphics Card Small Chassis Graphics Card GT610 1GB DDR3 64Bit Video Card VGA+HD+DVI Desktop Office Game,https://www.lazada.vn/products/pdp-i2936240135.html,782.694 ₫,,
Acer 2.4G Chuột không dây MBluetooth 5.0 Sạc 1600DPI 7 Nút 3D Con lăn Im lặng Chuột Ergonomic Desktop Laptop Văn phòng Chuột,https://www.lazada.vn/products/pdp-i2553697968.html,229.000 ₫,5.0,49 Đã bán
[KWA Store] SelectedMini ITX Computer Case HTPC Chassis with 4XUSB Support 1U PSU Compatible with MINI-ITX Motherboard,https://www.lazada.vn/products/pdp-i3219903609.html,912.000 ₫,,
AMD Ryzen 7 AM4 A6-8570 9500 A8 9600 A10 8770 9700 A12 9800 200GE 970 CPU Core I7 I5 I3 Athlon Sempron Box Pack,https://www.lazada.vn/products/pdp-i2529103346.html,122.000 ₫,4.0,711 Đã bán
Quạt USB để bàn xách tay thời trang với ba điều chỉnh tốc độ cho du lịch và văn phòng,https://www.lazada.vn/products/pdp-i3120405826.html,34.000 ₫,,
DDR3 8GB 4GB 16GB RAM máy tính xách tay 1066 1333 1600 MHZ PC3 8500 10600 12800 1.5V 2RX8 DDR3L 204pin Sodimm RAM máy tính xách tay,https://www.lazada.vn/products/pdp-i3052167198.html,304.386 ₫,,
"Quạt Thông Gió Hút Mùi Đa Năng SUZUME, Tăng Áp Ống, Công Tắc, Phù Hợp Phòng Ngủ/Phòng Tắm/Nhà Bếp, Động Cơ Đôi - Hàng Phục Vụ Hà Nội",https://www.lazada.vn/products/pdp-i2652003325.html,371.000 ₫,5.0,119 Đã bán
"Mixer Cơ, Mixer Số | Bộ Trộn Âm Thanh - Mixer Yamaha G4/G4b-Pro Kèm 2 Micro Karaoke, Sử Dụng Cho Karaoke Gia Đình Dàn Âm Thanh Mini Chuyên Nghiệp Và Phát Livestream Trên Facebook Youtube , Bigo …. G4 Có Nhiều Hiệu Chỉnh Về Âm Thanh",https://www.lazada.vn/products/pdp-i2355112105.html,1.159.950 ₫,4.0,317 Đã bán
Tự động thiết lập lều không thấm nước sức chứa lớn lều chống mưa cho cắm trại ngoài trời đi du lịch,https://www.lazada.vn/products/pdp-i3203176231.html,364.000 ₫,,
Anya Spy Vs Family PVC Action Figure Home Decor Desktop Decoration Fairy Ib Gift for Birthday Anime Gaming Collectible Toy,https://www.lazada.vn/products/pdp-i3217531205.html,467.000 ₫,,"18 Đã bán
China"
[Mới] Lọ Cắm bút hình Cây Viết Chì màu đơn sắc (8.5x6.5x10.5 cm),https://www.lazada.vn/products/pdp-i2159917703.html,15.000 ₫,5.0,28 Đã bán
Ekleva Chất Lượng Cao Máy Tính Để Bàn Máy Tính Bảng Chủ Bảng Di Động Có Thể Gập Lại Mở rộng Hỗ Trợ Bàn Di Động Có Thể Điều Chỉnh Giá để điện thoại Đứng,https://www.lazada.vn/products/pdp-i2759032588.html,62.392 ₫,5.0,20 Đã bán
Vention Jack 3 5 Ra 2 Đầu AV Dây Âm Thanh HiFi Cáp RCA to 3.5mm cho PC Speaker Power Amplifier Laptop Cellphone Desktop MP3 3.5mm Sang 2 RCA Adapter Cable,https://www.lazada.vn/products/pdp-i997424853.html,52.388 ₫,4.0,691 Đã bán
UGREEN chuột không dây Bluetooth 2.4G Wireless Ergonomic Silent Mouse 4000DPI for MacBook Tablet Laptop Computer Desktop PC Model with Battery Model：35900,https://www.lazada.vn/products/pdp-i2834323788.html,468.700 ₫,5.0,12 Đã bán
1pc Mini Cartoon Tumbler Children's Educational Desktop Toy Gift Prize YL230,https://www.lazada.vn/products/pdp-i2658444528.html,13.000 ₫,5.0,21 Đã bán
"Máy lọc không khí Nhật bãi inverter Sharp ion 7000, hàng nội địa Nhật có bù ẩm, khử mùi, diệt khuẩn, lọc bụi mịn PM2.5, kháng khuẩn, kháng virus...",https://www.lazada.vn/products/pdp-i2223380118.html,1.378.800 ₫,4.0,563 Đã bán
"Máy cán mực khô, máy cán khô mực 8CM-10CM-13CM-20CM",https://www.lazada.vn/products/pdp-i1785726118.html,595.000 ₫,4.0,71 Đã bán
"Máy hút bụi giường nệm diệt khuẩn UV kép JETZT PRO cầm tay, hàng chính hãng",https://www.lazada.vn/products/pdp-i1785488778.html,784.000 ₫,4.0,
COMBO MAIN AMD FM2 + A8 6500K+8G + FAN + CHẮN MAIN.,https://www.lazada.vn/products/pdp-i2368261657.html,750.000 ₫,,
"Súng Massage Cầm Tay Cao Cấp KINGTECH MAX 1S - Máy Massage Dùng Động Cơ Không Chổi Than, Hỗ Trợ Mát Xa Chuyên Sâu Giúp Thư Giãn Phục Hồi Cơ Bắp Cho Gymer, Người Chạy Bộ, Vận Động Viên - Quà Tặng Nam Nữ, Sếp, Doanh Nghiệp",https://www.lazada.vn/products/pdp-i2065854451.html,2.500.000 ₫,4.0,132 Đã bán
RAM Laptop ddr3 4GB BUS 1600,https://www.lazada.vn/products/pdp-i1358914335.html,165.000 ₫,4.0,31 Đã bán
Hagibis | Giá đỡ máy tính bảng bằng kim loại gấp 360 độ có thể xoay được tương thích với iPad MacMini M4Pro Stand Desktop Holder Phone Gaming,https://www.lazada.vn/products/pdp-i3180054329.html,746.000 ₫,,
Tủ Lạnh Kháng Khuẩn Panasonic Inventer 251L NR-PB251CPSV - Cấp Đông Mềm - Siêu Tiết Kiệm - Ngăn Đá Dưới,https://www.lazada.vn/products/pdp-i2427294952.html,10.050.000 ₫,4.0,Cam Kết Giá Tốt
[DEAL SỐC] Máy Xay Nấu Đa Năng Kangaroo 1.35 Lít KGNM135B01 - ĐỘC QUYỀN,https://www.lazada.vn/products/pdp-i2909735998.html,1.090.000 ₫,4.0,Cam Kết Giá Tốt
GUDGA M.2 NVMe SSD 256GB PCIe4.0 Internal Solid State Drive 3500MB 3D NAND TLC M2 2242 For Laptop/Desktop PC,https://www.lazada.vn/products/pdp-i3056847621.html,556.708 ₫,,
Nồi chiên không dầu Philips 6.2 lit NA130/00 - Bảo hành 24 tháng,https://www.lazada.vn/products/pdp-i3164992537.html,1.479.000 ₫,5.0,9 Đã bán
[NC] Desktop DAC/AMP Kiêm Dongle DAC/AMP FOSI SK02 | Âm Ly Để Bàn | Desk Amplifier | Dongle DAC,https://www.lazada.vn/products/pdp-i2628723947.html,2.385.000 ₫,5.0,
DomeDecor 6Inch USB Động Cơ 3/5 Lưỡi Không Chổi Than Động Cơ Quạt DC5V-9V Động Cơ Quạt Máy Tính Để Bàn Fan Core Với Cánh Quạt Cao Khối Lượng Không Khí,https://www.lazada.vn/products/pdp-i3006411323.html,28.863 ₫,5.0,35 Đã bán
UGREEN 2.4G Wireless Ergonomic Silent Mouse 1600DPI for MacBook Tablet Laptop Computer Desktop PC Model: 45012,https://www.lazada.vn/products/pdp-i2665994521.html,334.300 ₫,5.0,49 Đã bán
Máy tạo kiểu tóc thông minh Dyson Airwrap i.d. ™ HS08 Straight+Wavy (Ceramic Patina Orange Topaz),https://www.lazada.vn/products/pdp-i3005351378.html,14.190.000 ₫,5.0,Cam Kết Giá Tốt
GUDGA 512GB 1TB SSD PCIe NVME Internal Solid State Drive 2280 PCIe 3.0 3000MB/S 3D NAND TLC High Speed for Laptop Desktop,https://www.lazada.vn/products/pdp-i2925047288.html,737.208 ₫,3.0,
"Máy Massage Cầm Tay Đa Năng KINGTECH KT-1768, Máy Đấm Lưng Toàn Thân 6 Đầu Massage 10 Cấp Độ Chuyên Sâu Cổ, Vai Gáy, Chân, Lưng, Eo - Quà Tặng Nam Nữ, Sếp, Doanh Nghiệp - Chính Hãng",https://www.lazada.vn/products/pdp-i1974095439.html,589.000 ₫,5.0,
Quạt Sưởi Halogen Povena PVN-Sh28,https://www.lazada.vn/products/pdp-i579500621.html,350.000 ₫,5.0,
BEAR | Máy Sưởi Tiết Kiệm Năng Lượng Đứng Làm Nóng Nhanh Khu Vực Rộng,https://www.lazada.vn/products/pdp-i3193593808.html,2.860.000 ₫,4.0,
Cáp Sạc Đa Năng Baseus Traction Series Retractable 3-in-1 Fast Charging Cable Desktop Organizer (Type-C to M+L+C 100W 1.7m),https://www.lazada.vn/products/pdp-i2139035043.html,109.000 ₫,5.0,44 Đã bán
Máy làm sữa hạt OSTMARS 1200ml Bản Tiếng Việt,https://www.lazada.vn/products/pdp-i3159068198.html,529.000 ₫,5.0,141 Đã bán
ic công suất tiêng TEA 2025 giá 10 con,https://www.lazada.vn/products/pdp-i1873213986.html,90.000 ₫,5.0,
[LẮP 0Đ HCM/HN] Máy giặt cửa ngang ProWash 9.5KG WF-D95VGR1 - Chính hãng - Bảo hành 2 năm,https://www.lazada.vn/products/pdp-i3004501298.html,5.790.000 ₫,5.0,9 Đã bán
"Ấm điện cổ ngỗng pha cà phê siêu tốc Jenniferoom Drip kettle 1350W, 0.8L JRK-KT0801",https://www.lazada.vn/products/pdp-i3160745079.html,1.073.000 ₫,,"5 Đã bán
Hồ Chí Minh"
"Lò vi sóng Toshiba MW2-AG24PC(BK) 24L -Nấu, Hâm, Rã đông, Nướng, Cửa lò kính cường lực, Tay nắm nhựa cách nhiệt, Vỏ ngoài kim loại sơn tĩnh điện. Hàng chính hãng bảo hành 12 tháng, chất lượng Nhật Bản",https://www.lazada.vn/products/pdp-i1351880158.html,3.267.000 ₫,5.0,66 Đã bán
Giá đỡ điện thoại và máy tính bảng xếp gọn Baseus Foldable Metal Desktop Holder (Universal Holder Stand) LUKP000013,https://www.lazada.vn/products/pdp-i2369154170.html,257.230 ₫,4.0,100 Đã bán
Xe Điều Khiển Từ Xa Mini Desktop Alloy Drift Siêu Nhỏ 1:64 Quà Tặng Sinh Nhật Cho Bé Trai Xe Đồ Chơi Bằng Hợp Kim Xe Mô Hình Tĩnh,https://www.lazada.vn/products/pdp-i3219459353.html,363.000 ₫,,"7 Đã bán
China"
Romoss Quạt cầm tay quạt sạc tích điện Mới cầm tay Clip Desktop Fan USB sạc ánh sáng ban đêm cắm trại ngoài trời Mini Fan cầm tay Baby Cart Silent Electric Fan 3000/6000mah Độ bền kéo dài quạt tích điện quạt để bàn văn phòng quạt bàn quạt kẹp bàn,https://www.lazada.vn/products/pdp-i2583754560.html,189.000 ₫,4.0,
"Acasis 2 cổng USB 2.0 Displayport công tắc KVM Màn hình kép với phím nóng, HDMI 2.0 4K60hz 2 máy tính chia sẻ 2 màn hình bàn phím chuột máy in và nhiều hơn nữa",https://www.lazada.vn/products/pdp-i2515686672.html,1.529.235 ₫,5.0,11 Đã bán
Quạt lửng Sharp PJ-L40RV-DG/WH/LG - Bảo hành 12 tháng,https://www.lazada.vn/products/pdp-i2787561068.html,1.059.000 ₫,4.0,62 Đã bán
[Trả góp 0%] Tủ lạnh Panasonic Inverter Mặt Gương Ngăn đông mềm diệt khuẩn 420L NR-BX471WGM9 - Bảo Hành 2 Năm,https://www.lazada.vn/products/pdp-i2000593483.html,19.630.000 ₫,5.0,95 Đã bán
【Miễn Phí Lắp Đặt Cơ Bản Toàn Quốc】Máy giặt sấy TCL Care Aura 10.5KG - Động Cơ DD Inverter Cao Cấp - TCL TWD105-P122DG - Máy Giặt Sấy Cửa Trước,https://www.lazada.vn/products/pdp-i3175150815.html,8.495.000 ₫,5.0,19 Đã bán
"Kệ Nhựa 6 Ngăn Đựng Bút, Mỹ Phẩm, Đồ Trang Điểm, Hộp Ống Cắm Bút 6 Ngăn,Tặng Kèm Sticker Dễ Thương-HAUSE",https://www.lazada.vn/products/pdp-i2484110740.html,40.000 ₫,5.0,428 Đã bán
Hộp Đựng Bút Hình Bánh Macaron Phong Cách Muji Đơn Giản Sức Chứa Lớn Đa Năng Ốp,https://www.lazada.vn/products/pdp-i2547451245.html,28.000 ₫,,
[MỚI] Máy sấy Electrolux 8kg UltimateCare 300 EDV804H3WC - Free Giao lắp,https://www.lazada.vn/products/pdp-i2819699559.html,9.761.000 ₫,5.0,25 Đã bán
"Giá Đỡ điện thoại/ Ipad Baseus Desktop Biaxial Foldable Metal Stand dạng gập, chắc chắn [HÀNG CHÍNH HÃNG] - LUSZ000013",https://www.lazada.vn/products/pdp-i2117585660.html,389.250 ₫,4.0,122 Đã bán
"GUDGA DDR3 1600 Cho Máy Tính Xách Tay 12800U Thẻ Nhớ Để Bàn, Hạt Hai Mặt, Bộ Nhớ Máy Tính Để Bàn Tương Thích RAM 4GB 8GB",https://www.lazada.vn/products/pdp-i2258446384.html,262.962 ₫,5.0,103 Đã bán
Tản Nhiệt CPU ARGB 4 Ống Dẫn Nhiệt TDP 150W Cho Intel LGA 1366 1155 1151 1200 1700 2011 X79 X99 AM3 AM4 AM5 - Quạt Làm Mát 120mm,https://www.lazada.vn/products/pdp-i3222025827.html,313.600 ₫,,"11 Đã bán
Nước ngoài"
Robot hút bụi lau nhà Roborock Qrevo 5AE - Lực hút 12000Pa - Chống rối,https://www.lazada.vn/products/pdp-i3034888820.html,14.790.000 ₫,5.0,6 Đã bán
RAM Laptop 8GB/ 16GB/ 32GB Samsung DDR4 3200Mhz (M471A1K43EB1-CWE / M471A2K43DB1-CWE / M471A4G43AB1-CWE),https://www.lazada.vn/products/pdp-i1637459729.html,950.000 ₫,,
MẶT D VỎ LAPTOP ACER E1- 470,https://www.lazada.vn/products/pdp-i2050636259.html,120.000 ₫,,
Quạt hộp mini SenKo BD230 (GIAO MÀU NGẪU NHIÊN),https://www.lazada.vn/products/pdp-i1448380172.html,217.360 ₫,4.0,238 Đã bán
Robot lau sàn hút bụi tự làm sạch thông minh Dreame Bot L10s Ultra Gen 2/ L10 Ultra/ D20 Ultra/ L10s Ultra Gen 3- Bảo hành 24 tháng,https://www.lazada.vn/products/pdp-i1970335915.html,11.790.000 ₫,4.0,549 Đã bán
Máy tính All in one Lenovo ThinkCentre M910z,https://www.lazada.vn/products/pdp-i305506940.html,29.800.000 ₫,,
"RUNVEX Quạt điện mi ni cầm tay quạt để bàn tích điện USB 100 Tốc Độ 2000mAh siêu mạnh Quạt Di Động Handheld Fan có màn hình kỹ thuật số LED,cho sử dụng đi học/ngoài trời/văn phòng",https://www.lazada.vn/products/pdp-i3107093930.html,52.500 ₫,4.0,
LAPTOP MEMORY RAM DDR4 4GB BUS 2133 3 year warranty,https://www.lazada.vn/products/pdp-i1057772871.html,175.000 ₫,5.0,11 Đã bán
GUDGA 2.5 inch SATA3 III SSD cho máy tính để bàn máy tính xách tay tốc độ đọc 550MB/S,https://www.lazada.vn/products/pdp-i2313462055.html,1.421.690 ₫,5.0,
Tản Nhiệt CPU 6 Ống Dẫn Nhiệt Cho Intel LGA 1700 1200 1150/1151/1155 2011 X79 X99 1366 AM5 AM4 - Tản Nhiệt Tháp 4Pin PWM Với Đồng Nguyên Chất,https://www.lazada.vn/products/pdp-i3151445306.html,548.000 ₫,,
Mainboard Gigabyte B760M D DDR4,https://www.lazada.vn/products/pdp-i2724808177.html,2.920.000 ₫,,
WAVLINK Bộ Chuyển Đổi USB WiFi 1900Mbps Dual Band USB3.0 WiFi Adapter USB bộ thu sóng WiFi Cho PC Laptop Desktop,https://www.lazada.vn/products/pdp-i3102701531.html,828.000 ₫,,
Cáp USB máy in Ugreen 10350 20846 20847 10351 10352 US135 ( USB A-USB B 480Mpbs đầu Mạ Vàng),https://www.lazada.vn/products/pdp-i2818392226.html,47.000 ₫,5.0,87 Đã bán
Đồ Chơi Xe Điều Khiển Từ Xa Mini Metal Monster RC Off-Road Car Drift Racing Toy Four-Wheel Drive Desktop Xe Chơi Với Độ Tuổi Từ 3-100,https://www.lazada.vn/products/pdp-i3216561378.html,322.000 ₫,,
LED DÂY RGB 7 MÀU 5050 5M/300LED/CUỘN,https://www.lazada.vn/products/pdp-i521894340.html,105.000 ₫,4.0,390 Đã bán
Ram Laptop Kingston DDR4 4GB 3200MHz (4GB / 8GB / 16GB) - KVR32S22S8,https://www.lazada.vn/products/pdp-i2167667131.html,488.000 ₫,,
GUDGA Industry msata ssd SATA 3 TLC 32GB 64GB 128gb hd ssd Internal Solid State ssd hard disk for Desktop Laptop Computer,https://www.lazada.vn/products/pdp-i2327474026.html,762.672 ₫,4.0,20 Đã bán
Bật Lửa Zippo Mỹ Đời 2005 Mẫu Trắng Bạc 1935 Bản Lề Ngoài Vân Nhỏ Kẻ Dọc (Tặng Kèm Chai Xăng + Hộp).,https://www.lazada.vn/products/pdp-i2290939929.html,120.000 ₫,4.0,201 Đã bán
【ELITE】Máy Lạnh 1.5 ngựa - TCL TAC-13CSD/XAB1I - AI Inverter tiết kiệm điện - Làm lạnh nhanh 30s - Bảo Hành Máy Nén 5 Năm,https://www.lazada.vn/products/pdp-i2384502041.html,5.790.000 ₫,4.0,Cam Kết Giá Tốt
Vention chuyển đổi HDMI 1 in 4 out 4k 60Hz HDMI Splitter cho Desktop Laptop Box PS5 PS4 sang Projector TV HD 3D HDMI Switch Adapter,https://www.lazada.vn/products/pdp-i378712376.html,489.000 ₫,4.0,116 Đã bán
Vention USB-C + USB-A để đầu chuyển HDMI hỗ trợ 1080p cho máy tính để bàn máy tính xách tay để theo dõi Máy Chiếu TV Cáp HDMI chuyển đổi Adapter,https://www.lazada.vn/products/pdp-i2361196357.html,255.000 ₫,5.0,19 Đã bán
Quạt Lửng Gia Dụng 36 Sankyo - Động Cơ Motor Dây Đồng - Cỡ Lớn 16 Inch,https://www.lazada.vn/products/pdp-i2182724612.html,389.000 ₫,5.0,513 Đã bán
Essager tốc độ cao cầm tay người hâm mộ 4000mAh 100 Tốc độ màn hình hiển thị kỹ thuật số đèn pin loại C phí làm mát gió quạt để bàn có thể gập lại lạnh đứng Fan xách tay bàn mini lạnh cao quạt tốc độ,https://www.lazada.vn/products/pdp-i3078943174.html,401.980 ₫,4.0,
Pacific Rim 2 Eureka Red Storm Robot Model Action Figure Pacific Rim Series PVC Material 16cm Size Collectible Desktop Decoration,https://www.lazada.vn/products/pdp-i3039490272.html,656.000 ₫,,"7 Đã bán
Hong Kong"
"Quạt đeo thắt lưng GOOJODOQ 3600mAh GFS011 với tốc độ gió 11m / s, thời gian chạy 9 giờ, 360° Có thể điều chỉnh",https://www.lazada.vn/products/pdp-i3163977777.html,327.800 ₫,4.0,144 Đã bán
"Quạt Turbo Siêu Gió Dung Lượng Lớn, 100 Cấp Độ Gió Lạnh, dung lượng pin lớn có màn hình LED,không khí nhỏ cho gia đình",https://www.lazada.vn/products/pdp-i3131646201.html,168.000 ₫,,
Simplus Nồi chiên không dầu Mẫu mới Gia dụng Cửa sổ trong suốt toàn cảnh Dung tích 3.5L Bản cảm ứng Đa chức năng Nồi chiên bằng điện thông minh- Bảo hành 1 năm 1 đổi 1,https://www.lazada.vn/products/pdp-i2583367913.html,889.000 ₫,5.0,377 Đã bán
Hộp lưu trữ để bàn kiểu ngăn kéo 3 tầng - Công cụ sắp xếp dung lượng lớn cho đồ dùng văn phòng Trang sức Mỹ phẩm,https://www.lazada.vn/products/pdp-i3211135463.html,24.000 ₫,,
NỒI CHIÊN KHÔNG DẦU 6.5L SUNHOUSE SHD4030 - Công nghệ hiện đại - Tiết kiệm điện - Dung tích lớn - Bảo hành 12 tháng,https://www.lazada.vn/products/pdp-i2426317131.html,1.249.000 ₫,5.0,Cam Kết Giá Tốt
UGREEN chuột Bluetooth 2.4G chuột không dây Wireless Mouse Ergonomic Silent Mouse 4000DPI for MacBook Tablet Laptop Computer Desktop PC Model: 90855,https://www.lazada.vn/products/pdp-i1798736260.html,306.200 ₫,4.0,
"Bồn Ngâm Chân Massage Cao Cấp KINGTECH BM-400, 22 Con Lăn Kết Hợp Nhiệt Hồng Ngoại, Sục Khí Giúp Giảm Đau Mỏi, Cải Thiện Giấc Ngủ, Thư Giãn - Quà Tặng Nam Nữ",https://www.lazada.vn/products/pdp-i2280880310.html,950.000 ₫,4.0,292 Đã bán
"Nồi kho hầm chuyên dụng UNIE USC208 dung tích 2L, 8 chức năng kho hầm tiện lợi, lòng nồi gốm Ceramic hầm chậm giữ trọn dưỡng chất - Bảo hành 12 tháng",https://www.lazada.vn/products/pdp-i2490641229.html,769.000 ₫,5.0,165 Đã bán
"[SP MỚI] Nồi chiên hơi nước Kalite STEAM FUSION PRO ột phá công nghệ 4-in-1: Chiên giòn, hấp mềm, nướng thơm, rã đông nhanh, Dải nhiệt 30 – 250°C, 128 chế độ nấu,dung 20 lít, bảo hành 24 tháng",https://www.lazada.vn/products/pdp-i3073407251.html,5.390.000 ₫,5.0,16 Đã bán
"Nồi chiên hơi nước Kalite Steam 7, dung tích 7L, công suất 1700W, công nghệ chiên hấp 2 trong 1 tiện hợp với 9 chế độ nấu setup sẵn sàng, bảo hành 12 tháng",https://www.lazada.vn/products/pdp-i1537298300.html,1.990.000 ₫,4.0,156 Đã bán
"Máy nướng bánh mì Electrolux E2TS1-100W - 7 chế độ điều chỉnh độ giòn phù hợp, nơi cất dây nguồn gọn gàng",https://www.lazada.vn/products/pdp-i2064324329.html,550.000 ₫,5.0,376 Đã bán
Bàn Ủi Khô Philips HD1172/01 - Hàng Chính Hãng,https://www.lazada.vn/products/pdp-i2426832938.html,385.000 ₫,5.0,
"Máy nấu sữa hạt Nineshield hàng Nhật KB-115, máy làm sữa hạt siêu mịn đa năng, công suất 600W - Bảo Hành 12 Tháng",https://www.lazada.vn/products/pdp-i2314923480.html,538.000 ₫,4.0,394 Đã bán
Lò Vi Sóng Điện Tử BlueStone MOB-7815 - Dung tích 20L - Công suất 1100W - Bảng điều khiển điện tử- 8 chế độ nấu - Bảo hành 2 năm - Hàng chính hãng,https://www.lazada.vn/products/pdp-i360800590.html,1.890.000 ₫,4.0,
"Máy tăm nước không dây Lock&Lock - 4 chế độ phun, Sạc đầy dùng trong 20 ngày, phù hợp răng niềng - 2 dung tích - ENR156BLU / ENR166GRY",https://www.lazada.vn/products/pdp-i1187930408.html,727.000 ₫,4.0,Cam Kết Giá Tốt
StoreSkill SODIMM DDR4 Laptop Bộ Nhớ RAM 16GB/8GB/4GB 3200/2133/2400/2666 MHz 1.2V Tương Thích Với 17000/19200/21300 Mẫu,https://www.lazada.vn/products/pdp-i3086356783.html,2.887.000 ₫,5.0,
Máy Sấy Tóc Dyson Supersonic HD08 Lite (Đen/Xám),https://www.lazada.vn/products/pdp-i2578485319.html,7.990.000 ₫,4.0,Cam Kết Giá Tốt
Bếp âm từ đôi Hafele HC-I2712A (536.61.716),https://www.lazada.vn/products/pdp-i2247338876.html,7.699.000 ₫,5.0,128 Đã bán
FLASH SALE Ấm siêu tốc Gaabor EK20M-WH02A dung tích 2L lòng ấm inox 201 vỏ 2 lớp cách nhiệt an toàn sử dụng - Bảo hành 12 tháng 1 đổi 1,https://www.lazada.vn/products/pdp-i1657930237.html,280.000 ₫,4.0,
[ Hỏa tốc HN - HCM ] Máy lọc không khí Xiaomi Mi Air Purifier Gen 4 / 4 Lite / 4 Pro / 4 Compact - Bản quốc tế kết nối App Mihome,https://www.lazada.vn/products/pdp-i2072287766.html,1.590.000 ₫,5.0,
"Cây nước nóng lạnh nhập khẩu FUJIHOME WD2002E làm lạnh điện tử, làm nóng nhanh, có ngăn để cốc chén, tiết kiệm điện năng, bảo hành điện tử toàn quốc 12 tháng",https://www.lazada.vn/products/pdp-i2377573438.html,1.133.000 ₫,4.0,422 Đã bán
Bull | Ổ Cắm Đa Cổng 86 Type,https://www.lazada.vn/products/pdp-i3217592466.html,167.000 ₫,4.0,
[BH 1 Năm] Nồi lẩu điện Kangaroo KG40EH2 dung tích 4L - HÀNG CHÍNH HÃNG,https://www.lazada.vn/products/pdp-i2725637051.html,590.000 ₫,5.0,127 Đã bán
Kingspec M.2 Nvme 2280 128GB 256GB 512GB 1Tb M.2 Nội Bộ SSD Ổ cứng lưu trữ thể rắn Cho Máy Tính Xách Tay Và PC,https://www.lazada.vn/products/pdp-i1260499588.html,470.000 ₫,4.0,
Nồi Chiên Không Dầu SUNHOUSE SHD4022 - Dung tích lớn - Công nghệ Rapid Air 360 độ làm nóng nhanh - Tiết kiệm điện - Bảo hành 12 tháng,https://www.lazada.vn/products/pdp-i2533068755.html,1.090.000 ₫,5.0,
Quạt Treo Tường Remote Sankyo - Động Cơ Motor Dây Đồng - Điều Khiển Từ Xa - Hẹn Giờ - Đèn LED - Cỡ Lớn 16 Inch,https://www.lazada.vn/products/pdp-i1283434243.html,484.000 ₫,4.0,Cam Kết Giá Tốt
Máy uốn tóc uốn tóc tự động Xuất,https://www.lazada.vn/products/pdp-i3199804976.html,146.000 ₫,,
[SALE SỐC] Tủ lạnh Aqua 90 lít AQR-D100FA(BS) - Freeship toàn quốc - Bảo hành 2 năm,https://www.lazada.vn/products/pdp-i2654977695.html,4.590.000 ₫,4.0,98 Đã bán
"Cây nước nóng lạnh mini 2 vòi để bàn Nhập Khẩu FujiE WD579E, Máy nước lọc tiện lợi mát lạnh an toàn Water Dispenser",https://www.lazada.vn/products/pdp-i3152128350.html,981.000 ₫,,
"Quạt Treo Tường Remote Senko TR1683 (Có Remote) / TR1628 (Có Điều Khiển Từ Xa) - Quạt T1682 / T1680 ( 1 Dây Điều Khiển Tốc Độ, Không Có Điều Khiển Từ Xa) - Hàng Chính Hãng - Bảo Hành 24 Tháng - Quạt Treo Tường Senko Có Remote TR1628 (Tương tự mã TR1683)",https://www.lazada.vn/products/pdp-i2168931635.html,353.100 ₫,4.0,
Nồi hấp điện đa năng Gilux - Dung tích 24L - 3 tầng hấp tiện lợi - Hàng chính hãng - Bảo hành 12 tháng,https://www.lazada.vn/products/pdp-i2366194594.html,699.000 ₫,4.0,
"Quạt di động mini GOOJODOQ GFS007 5 cấp độ gió,4000mAh,Đèn LED Hiển Thị,cường độ gió tăng cường 10x, Sử Dụng Lên Đến 12H",https://www.lazada.vn/products/pdp-i3028067195.html,227.800 ₫,4.0,452 Đã bán
"Quạt để bàn GOOJODOQ 2025 Quạt tốc độ cao để bàn- Im lặng turbo gió 100 tốc độ ,Màn hình kỹ thuật số LED ,Có thể treo tường ,Đèn chiếu sáng RGB",https://www.lazada.vn/products/pdp-i3061715223.html,342.700 ₫,4.0,Cam Kết Giá Tốt
Túi Hộp Đựng Bút Đồ Dùng Cá Nhân Bằng Hình Chú Mèo Xinh Xắn Nhiều Màu Sắc Deli Sức Chứa Lớn - BC172,https://www.lazada.vn/products/pdp-i2210924497.html,173.000 ₫,5.0,15 Đã bán
Imitation Wood Christmas Tree Candlestick Base European Home Christmas Living Room Desktop Christmas Decoration Candle Resin Ornament,https://www.lazada.vn/products/pdp-i3181529425.html,336.638 ₫,,
Thiết bị chia mạng TP-Link TL-SG108 8-Port Gigabit Desktop,https://www.lazada.vn/products/pdp-i1353156186.html,534.400 ₫,5.0,17 Đã bán
Hộp Bút Văn Phòng O.LiFE S-357E Đa Năng Hình Trụ,https://www.lazada.vn/products/pdp-i270784608.html,48.750 ₫,,
[HCM] Kệ đựng bút ống đựng bút 4 ngăn basic hộp cắm bút để bàn nhiều ngăn đa năng Joyee810,https://www.lazada.vn/products/pdp-i2391374788.html,10.000 ₫,5.0,116 Đã bán
"2025 Mới Quạt Turbo Siêu Gió Dung Lượng Lớn Dùng 12 Tiếng, 100 Cấp Độ Gió Lạnh, dung lượng pin lớn có màn hình LED",https://www.lazada.vn/products/pdp-i3071779031.html,178.000 ₫,5.0,49 Đã bán
Vimite Màn hình LED 13500mAh Quạt nhỏ cầm tay 100 tốc độ Pháo gió nhỏ tốc độ cao Quạt turbo cực êm ngoài trời hợp kim nhôm sạc USB Quạt điện ngoài trời gió mạnh,https://www.lazada.vn/products/pdp-i2709368251.html,230.474 ₫,4.0,689 Đã bán
"WAVLINK Dual 4K Display Hub, 10-in-1 USB C 10G Laptop Docking Station, Multiport Adapter with Dual 4K HDMI, 100W PD IN, 10Gbps USB-A/C 3.2, 5Gbps USB-A, USB2.0, Gigabit RJ45, for Mac/Dell/HP/Lenovo",https://www.lazada.vn/products/pdp-i2936721141.html,1.492.479 ₫,3.2,
Bóng cân bằng đầy màu sắc Palm Labyrinth Puzzle Desktop Game Trẻ em sớm dạy giải nén đồ chơi hộp quà,https://www.lazada.vn/products/pdp-i3051559421.html,120.000 ₫,,
Bull | Bảng Chuyển Đổi ổ Cắm Không Dây Đa Năng Đa Cổng,https://www.lazada.vn/products/pdp-i3194572488.html,228.000 ₫,4.0,
HNKMP Máy tính để bàn hướng dương trang điểm gương sáng tạo ký túc xá Máy tính để bàn giá trị cao phòng ngủ gương trang trí nội thất gương,https://www.lazada.vn/products/pdp-i3014828104.html,13.557 ₫,5.0,8 Đã bán
Máy sưởi gốm Kangaroo KGAH06G,https://www.lazada.vn/products/pdp-i2909713989.html,1.590.000 ₫,5.0,
CPU Intel Core i5-11400F TRAY (No Fan),https://www.lazada.vn/products/pdp-i1400161500.html,2.499.000 ₫,5.0,
"WAVLINK 40Gbps PCIe NVMe SSD Enclosure, USB4 External Hard Drive Enclosure, for 2230/2242/2260/2280 B+M/M-Key PCIe SSD, Tool-Free Installation, Compatible with TBT4/TBT3/USB4/USB3.2 and more",https://www.lazada.vn/products/pdp-i2662813282.html,1.805.102 ₫,4.0,54 Đã bán
"Máy Massage Cầm Tay Đa Năng KINGTECH LUX-450, Máy Mát Xa Toàn Thân Pin Sạc, Thư Giãn Cho Lưng, Cổ, Vai, Gáy, Cánh Tay, Chân - Quà Tặng Nam Nữ, Sếp, Khách Hàng, Doanh Nghiệp - Chính Hãng",https://www.lazada.vn/products/pdp-i1970829747.html,935.000 ₫,4.0,161 Đã bán
[Sản phẩm mới 2025] Máy Giặt Cửa Trước Panasonic Inverter 8.2KG NA-164JF1BVT - Bảo Hành 2 năm,https://www.lazada.vn/products/pdp-i3093104224.html,8.450.000 ₫,5.0,Cam Kết Giá Tốt
Hộp Đựng Name Card S-810 (Đế Xoay),https://www.lazada.vn/products/pdp-i270938066.html,90.000 ₫,,
CPU hấp dẫn thuận lợi cấu trúc vững chắc nghề thủ công tốt cho ngoài trời,https://www.lazada.vn/products/pdp-i3163300172.html,328.000 ₫,,
[ VI TÍNH VINH GAMING ]CPU I7 - CPU Intel i7 4790 RENEW-BH 12 Tháng,https://www.lazada.vn/products/pdp-i2236908629.html,950.000 ₫,,
"Ấm Đun Siêu Tốc by Moah - 1,7L - Màn hình Led cảm ứng - 7 chế độ nhiệt tuỳ chỉnh",https://www.lazada.vn/products/pdp-i3136675901.html,1.290.000 ₫,,
"Quạt Đứng Bán Công Nghiệp TADAHOME-ST22M1 Sử Dụng Không Gian Rộng, Quán Cà Phê, Sân Vườn",https://www.lazada.vn/products/pdp-i2589606192.html,1.990.000 ₫,5.0,
"[FREESHIP] Máy giặt Toshiba 7 Kg AW-L805AV(SG) - Xuất xứ Thái Lan - Chức năng tự cân chỉnh tiết kiệm nước, Khóa trẻ em, Lồng giặt ngôi sao pha lê - Hàng chính hãng bảo hành 2 năm.",https://www.lazada.vn/products/pdp-i1923387357.html,5.406.000 ₫,4.0,200 Đã bán
Màn Hình Văn Phòng Dell E2020H 19.5 Inch Led,https://www.lazada.vn/products/pdp-i1203433910.html,1.995.000 ₫,,
"Trạm Sạc Nhanh Đa Năng | Điều Chỉnh Dòng Điện, Bảo Vệ Toàn Diện, Tương Thích Smartphone, Laptop, Các Thiết Bị Văn Phòng | PISEN PRO Aurora Desktop Magstation | KF27 | Bảo Hành 18 Tháng (Kích Hoạt PCARE + 6 Tháng) | Bảo Hiểm 2 Triệu Đô Toàn Cầu",https://www.lazada.vn/products/pdp-i3122580833.html,3.439.900 ₫,5.0,
"Bình lọc nước nóng lạnh, Cây nước nóng lạnh mini KAW, thiết kế 2 vòi và 2 công tắc nóng lạnh, BH uy tín",https://www.lazada.vn/products/pdp-i2385919005.html,945.000 ₫,5.0,603 Đã bán
Bull | Thanh Điện Trượt,https://www.lazada.vn/products/pdp-i3193515185.html,1.441.000 ₫,4.0,
"Dock Dell D6000 - Dock Displaylink D6000 mở rộng 3 màn 4k 60hz cho các dòng Laptop chạy MacOS, Windows, Chrome OS, Ubuntu",https://www.lazada.vn/products/pdp-i1433171327.html,1.500.000 ₫,5.0,14 Đã bán
Bàn Ủi Đứng Cao Cấp Đa Năng All-In-One Philips AIS8540/80|OptimalTEMP không cháy| ván ủi đa góc| ngăn nước 2.1lit|Có bánh xe|BH 2 năm - Hàng Phân Phối Chính Hãng,https://www.lazada.vn/products/pdp-i2626584708.html,9.299.000 ₫,4.0,145 Đã bán
Quạt Tản Nhiệt CPU 9cm Có Ống Đồng Dành Cho Máy Tính Để Bàn AMD 1150 1700 Phụ Kiện Thiết Bị Làm Mát Xe Máy Fox T4 9 Đuôi,https://www.lazada.vn/products/pdp-i3194814728.html,228.650 ₫,,
"Switch TP-Link 8-Port Gigabit Desktop Switch TL-SG108 - Hàng chính hãng - Thiết kế kim loại bền, hoạt động êm ái, 8 cổng Gigabit tốc độ cao, cắm là chạy & tiết kiệm điện năng",https://www.lazada.vn/products/pdp-i3074588068.html,559.000 ₫,,
Goldenfir Ổ Cứng Thể Rắn Gắn Trong SSD 2.5 Inch Ổ Đĩa SSD 120GB 128GB 240GB 256GB 480GB 500GB 512GB 360GB 720GB Cho Máy Tính Để Bàn Máy Tính Xách Tay,https://www.lazada.vn/products/pdp-i2009068390.html,370.811 ₫,4.0,
RAM Laptop Lexar DDR4 16GB 3200MHz - (LD4AS016-B3200GSST),https://www.lazada.vn/products/pdp-i2055529314.html,1.150.000 ₫,,
Máy Lọc Không Khí Philips AC0650/10 - Lọc Khí Phòng 44M2 - Bộ Lọc Hepa - Kết Nối App Air - Hàng Phân Phối Chính Hãng,https://www.lazada.vn/products/pdp-i2309163287.html,2.499.000 ₫,4.0,748 Đã bán
"Quạt tuần hoàn không khí Lock&Lock Bianco Desktop circulation fan Màu ngà ENF156IVY điều chỉnh 90 độ, ít tiếng động",https://www.lazada.vn/products/pdp-i2399442775.html,923.000 ₫,4.0,155 Đã bán
Vention USB Sound Card USB 2.0 External Stereo Sound Adapter 15cm With Volume Control Sound Card for Laptop Desktop PS4 Earphone Headset Speaker USB External Sound Card Adapter,https://www.lazada.vn/products/pdp-i1325012484.html,224.204 ₫,4.0,616 Đã bán
Apple iMac M1 2021 24 inch with Retina 4.5K display (8‑core CPU and 8‑core GPU),https://www.lazada.vn/products/pdp-i2240649659.html,31.890.000 ₫,,"11 Đã bán
Hà Nội"
Quạt mini GOOJODOQ Quạt cầm tay siêu nhanh 6000mah 3 trong 1 Turbo tốc độ cực cao có màn hình LED Hai vòi phun gió,https://www.lazada.vn/products/pdp-i3102480601.html,429.000 ₫,4.0,297 Đã bán
【50% OFF Voucher】KUULAA Phone Stand for Desk Cell Phone Holder Fully Foldable&Portable Phone Holder Stand Compatible for iPhone 14/13/12/Smartphones Desktop Desk Stand,https://www.lazada.vn/products/pdp-i2313836016.html,117.446 ₫,5.0,750 Đã bán
QUẠT ĐỨNG SENKO Model - DR1608 (GIAO MÀU NGẪU NHIÊN),https://www.lazada.vn/products/pdp-i2364412307.html,815.760 ₫,5.0,17 Đã bán
Quạt bàn mini 2 tấc Senko B102 (GIAO MÀU NGẪU NHIÊN),https://www.lazada.vn/products/pdp-i1448224402.html,237.120 ₫,4.0,133 Đã bán
Ống Cắm Bút Lưới Dễ Thương Họa Tiết Capybara - Kệ Bút Decor Bàn Học Bàn Làm Việc Xinh Xắn,https://www.lazada.vn/products/pdp-i3077943038.html,15.435 ₫,5.0,13 Đã bán
Giá đỡ điện thoại/ tablet để bàn tích hợp sạc nhanh không dây Baseus Literary Youth Desktop Bracket SUWY-D0S,https://www.lazada.vn/products/pdp-i2392376398.html,530.000 ₫,,
"【FRESH IN - CAO CẤP】Máy Lạnh 1 ngựa - TCL TAC-10CSD/FBI, - AI Inverter tiết kiệm điện - Lọc bụi mịn PM2.5 - Lọc Khí Tươi 2 Chiều Trực Tiếp",https://www.lazada.vn/products/pdp-i2641459151.html,10.995.000 ₫,5.0,10 Đã bán
"Quạt Sạc Tích Điện Honjianda FL 301 1/2 Bình, Có Đèn Led và Cổng Sạc USB",https://www.lazada.vn/products/pdp-i2364408385.html,650.104 ₫,4.0,107 Đã bán
Quạt Dyson Cool™ CF1 AM12 (Trắng/Bạc),https://www.lazada.vn/products/pdp-i3199217976.html,7.090.000 ₫,,
"Máy Masage Cổ Vai Gáy KINGTECH S6, Masage Shiatsu 3D, Nhiệt Hồng Ngoại, Tích Điện, Matxa Nhiều Vị Trí - Chính Hãng",https://www.lazada.vn/products/pdp-i2873881677.html,940.000 ₫,5.0,162 Đã bán
(Chỉ 25-29.10)Máy sấy tóc Elmich HDE 1823,https://www.lazada.vn/products/pdp-i2463854337.html,372.000 ₫,4.0,Cam Kết Giá Tốt
Vention Micro B Cable USB 3.0 A to Micro B Cable Male to Male 3A Fast Charging Cord Wire with Dual USB Power Supply 0.5m 1m for Laptop Desktop Camera hard drive USB to Micro B USB Cable Cord,https://www.lazada.vn/products/pdp-i1297441269.html,69.000 ₫,5.0,25 Đã bán
Bull | Ổ Cắm Bàn Sạc USB,https://www.lazada.vn/products/pdp-i3193457361.html,389.000 ₫,4.0,
"Lò vi sóng để bàn Electrolux 23L - EMM23K22B - 5 chương trình cài đặt sẵn, dễ sử dụng - Bảo hành 2 năm toàn quốc",https://www.lazada.vn/products/pdp-i2106431381.html,1.687.000 ₫,4.0,354 Đã bán
"MÁY TÍNH CASE PC MINI DELL OPTIPLEX 3060 CORE I5 8400T RAM 8G SSD 256G WIFI, HDMI",https://www.lazada.vn/products/pdp-i2524913572.html,4.500.000 ₫,5.0,
PC Router Mikrotik Beikong G48S G31F N100 DDR5 6x LAN 2.5GB Linux Ubuntu Nas Pppoe Proxy Pve Pfsense RouterOS,https://www.lazada.vn/products/pdp-i2781684356.html,2.960.100 ₫,5.0,5 Đã bán
"Tủ lạnh mini Electrolux UltimateTaste 300 94 lít - EUM0930AD-VN - Nhỏ gọn, làm lạnh trực tiếp, ngăn đá riêng biệt",https://www.lazada.vn/products/pdp-i2052408472.html,3.863.000 ₫,4.0,106 Đã bán
Vention USB 3.0 2 Trong 1 Đầu Đọc Thẻ Nhớ USB A Type C to SD TF Micro SD Bộ Chuyển Đổi cho Laptop OTG Smart Phone Tablet Desktop All in One Memory SD Card Reader,https://www.lazada.vn/products/pdp-i1905902313.html,89.000 ₫,4.0,195 Đã bán
Mouse Pad For Office Working /Gaming PU Leather Double-side Waterproof Desktop Protector Mat Non-slip MousePad For Laptop Desk PC,https://www.lazada.vn/products/pdp-i2353335246.html,25.075 ₫,4.0,296 Đã bán
TỦ LẠNH THÔNG MINH GR-RS696WI-PMV(60)-AG - Cấp Đông Siêu Tốc - Origin Inverter - Kết Nối Từ Xa - Theo Dõi Bằng AI,https://www.lazada.vn/products/pdp-i2922495002.html,16.390.000 ₫,5.0,12 Đã bán
"Giá đỡ máy tính bảng UGREEN Đế giữ máy tính bảng di động có thể điều chỉnh Tương thích cho iPad 10,2 iPad Pro 11 inch iPad 9,7 iPad Mini 6 5 4 3 2 iPad Air iPhone 14 Plus/iPhone 14 Pro Max 13 12 Pro Max 11 XS XR",https://www.lazada.vn/products/pdp-i913136500.html,276.700 ₫,4.0,224 Đã bán
Bàn là hơi SUNHOUSE SHD2063P màu tím - Đa dạng chế độ - Làm nóng nhanh - Tiết kiệm điện - Bảo hành 12 tháng - Hàng chính hãng,https://www.lazada.vn/products/pdp-i310962544.html,275.000 ₫,4.0,
Card Mạng Không Dây Intel AX210 Wifi 6 Bộ Thu WiFi Máy Tính Xách Tay Bluetooth 5.2 AX210NGW 5G Thẻ Wlan WiFi M.2 NGFF,https://www.lazada.vn/products/pdp-i1620494743.html,325.975 ₫,4.0,724 Đã bán
"Ấm siêu tốc SUNHOUSE Happy Time HTD1088 - Dung tích 1,8L - Công suất 1500W - Bảo hành 12 tháng - Hàng Chính Hãng",https://www.lazada.vn/products/pdp-i1415997551.html,175.000 ₫,4.0,
[BH 1 năm] Nồi cơm điện Kangaroo 1 lít KGRC10M1BE - công suất 400w,https://www.lazada.vn/products/pdp-i2963302979.html,515.000 ₫,5.0,Cam Kết Giá Tốt
"Máy Làm Đá Viên Mini Fujihome IM1218 - Nhanh, Sạch, Tiện Lợi, Bảo Hành 24 Tháng",https://www.lazada.vn/products/pdp-i3123119905.html,2.293.000 ₫,5.0,12 Đã bán
mainboard gigabyte b150m_d3v ram DDR3,https://www.lazada.vn/products/pdp-i2238203352.html,550.000 ₫,,
"Máy hút bụi giường nệm diệt khuẩn UV, lọc bụi mịn Dreame D20 Pro- Bản quốc tế - Bảo hành 24 tháng",https://www.lazada.vn/products/pdp-i2615135913.html,2.990.000 ₫,5.0,125 Đã bán
"Bàn Ủi Hơi Nước Cầm Tay Philips Series 1000 STH1000/10 - Thiết Kế Nhỏ Gọn Nhẹ, Công Suất Mạnh, Khoang Chứa Nước 85ML - Hàng Phân Phối Chính Hãng",https://www.lazada.vn/products/pdp-i1922478151.html,789.000 ₫,4.0,
Bull | Thanh ổ cắm không dây đa cổng,https://www.lazada.vn/products/pdp-i3196639044.html,102.000 ₫,4.0,
Bộ Sạc Nhanh Iphone 13 12 Pro Max Samsung Laptop Baseus Desktop Charger 100w Gan3 Pro 4 In 1 - TopLink,https://www.lazada.vn/products/pdp-i1812342854.html,721.243 ₫,5.0,28 Đã bán
QUẠT BÀN TÍCH ĐIỆN CÓ ĐÈN CAO CẤP SCOSTI - WATASHI,https://www.lazada.vn/products/pdp-i3212586137.html,849.000 ₫,,
Vention DVI Cable 24+1 HD 2K DVI to DVI Cable with Magnetic ring for Laptop Desktop Tower PC GPU to Monitor Projector TV DVI Male to Male Cable,https://www.lazada.vn/products/pdp-i1397182382.html,125.000 ₫,4.0,65 Đã bán
"Quạt mini Goojodoq Quạt cầm tay có thể sạc lại với 4000mAh, sạc nhanh 1.5h, điều chỉnh mức 100 Level ,cho sử dụng ngoài trời mini fan turbo",https://www.lazada.vn/products/pdp-i2653638503.html,146.100 ₫,4.0,
Vention Bô chia âm thanh dây kết nối âm thanh Audio Splitter Jack 3.5mm to Earphone Extension Cable cho Laptop Speaker tai nghe PC Tablet Phone MP3 Desktop cáp 3 5mm đực sang 2 cái,https://www.lazada.vn/products/pdp-i585064789.html,63.902 ₫,4.0,
"Quạt sưởi KAW K3000, Máy sưởi mùa đông gia đình cao cấp, công suất 1500W không gây hại da, tiết kiệm điện năng, góc quay 90° tự động ngắt khi đổ quạt",https://www.lazada.vn/products/pdp-i2485404441.html,517.750 ₫,5.0,
Vention Bộ chia cổng HDMI 1 trong 2 ra 4K 60Hz 3D HDMI Splitter với cung cấp điện Loại kim loại cho Desktop PC Xbox Amplifier to TV Projector Monitor HDCP HDMI Switch Adapter,https://www.lazada.vn/products/pdp-i422254767.html,399.000 ₫,4.0,119 Đã bán
"Quạt mini GOOJODOQ GFS006 cầm tay siêu mạnh, Có thể chườm đá,100 tốc độ gió màn hình kỹ thuật số có thể điều chỉnh quạt",https://www.lazada.vn/products/pdp-i2873605232.html,319.000 ₫,4.0,Cam Kết Giá Tốt
Bếp Nướng Điện SUNHOUSE SHD4607 - Công Suất 1500W - Bề Mặt Vân Đá Hoa Cương - Chống Dính Whitford (USA) Bảo hành 12 tháng trên toàn quốc,https://www.lazada.vn/products/pdp-i1500096837.html,299.000 ₫,,
Simplus Nồi Hấp Điện 2 Tầng Gia dụng Dung tích lớn 12L Làm nóng nhanh 1200W Nồi hấp đa năng 3 Mức nhiệt Cảm ứng Màn hình kỹ thuật số Lồng hấp quan sát bên trong Hẹn giờ 24 tiếng DZEG004- Bảo hành 1 năm 1 đổi 1,https://www.lazada.vn/products/pdp-i2484212411.html,829.000 ₫,4.0,765 Đã bán
Quạt năng lượng mặt trời tốc độ cao GOOJODOQ 4000mAh Turbo 100 Quạt cầm tay có thể gập lại 180°,https://www.lazada.vn/products/pdp-i3182841380.html,232.600 ₫,5.0,28 Đã bán
Máy hút ẩm 20L/ngày Fujihome DH20W Kết nối wifi thông minh - Công suất 20 lít/ngày - phù hợp phòng 20 đến 50m2 - Nhập khẩu chính hãng - Bảo hành toàn quốc 24 tháng,https://www.lazada.vn/products/pdp-i2071105344.html,3.735.000 ₫,4.0,70 Đã bán
[New Arrival] Simplus Nồi Hấp Trứng Nồi Hấp Đa Năng 7 Chế Độ Hẹn Giờ 24 Tiếng Điều Khiển Cảm Ứng Hấp Trứng Làm Sữa Chua DZEG006,https://www.lazada.vn/products/pdp-i2885507151.html,309.000 ₫,5.0,83 Đã bán
SSD CRUCIAL E100 NVMe 480GB – CT480E100SSD8,https://www.lazada.vn/products/pdp-i2996168305.html,1.190.000 ₫,,
Quạt sò gấp gọn thông minh LK-99 có đến 100 cấp độ gió. Bảo hành 180 ngày,https://www.lazada.vn/products/pdp-i3106030934.html,279.000 ₫,5.0,6 Đã bán
Nồi chiên không dầu Masuto MSChef 6L 1500W đa năng dễ vệ sinh an toàn trong quá trình sử dụng,https://www.lazada.vn/products/pdp-i2455411267.html,1.190.000 ₫,5.0,87 Đã bán
"Quạt sạc điện gấp gọn Jenniferoom Foldable fan 5V, 2A, 8W, 8000mAh - Màu be JRL-FF085COM",https://www.lazada.vn/products/pdp-i3160754008.html,1.699.000 ₫,5.0,
"Máy Làm Sữa Hạt Masuto 1,2L Thủy Tinh Chống Ồn Cường Lực Xay Hạt Nhuyễn Mịn Chống Trào 12 Chế Độ Nấu Bảo Hành 12 Tháng",https://www.lazada.vn/products/pdp-i2497093675.html,1.286.000 ₫,4.0,95 Đã bán
"Muji Hộp Mica Có Nắp Đựng Phụ Kiện/ Mỹ Phẩm17,5x13x9,5cm",https://www.lazada.vn/products/pdp-i1954205540.html,441.000 ₫,5.0,11 Đã bán
Nồi Hấp Vifiba - Nồi hấp điện Vifiba 2 Tầng - Hàng Chính Hãng - Bảo Hành 25 Tháng - Công suất 800W,https://www.lazada.vn/products/pdp-i2085075370.html,899.000 ₫,4.0,
Máy sưởi gốm Rapido RCH2000-D,https://www.lazada.vn/products/pdp-i2437760896.html,1.350.000 ₫,,
"Bàn Chải Điện Brushie Promax phiên bản nâng cấp 2025 với 15 chế độ làm sạch, tích hợp máy rửa mặt 2in1 - Hàng chính hãng",https://www.lazada.vn/products/pdp-i2506536137.html,750.000 ₫,5.0,
"Máy Pha Cà Phê Nhỏ Giọt Winci CM1142, Dung Tích 1.25L, Bảo hành 12 tháng",https://www.lazada.vn/products/pdp-i2669498588.html,499.000 ₫,5.0,64 Đã bán
Nguồn Máy Tính COOLERPLUS S750 600W/ S650/ GX550/ GX450/ GX400 - Hàng Chính Hãng,https://www.lazada.vn/products/pdp-i3115232674.html,406.000 ₫,5.0,5 Đã bán
aodoran | Bảng ổ cắm chuẩn UK 20A 13A,https://www.lazada.vn/products/pdp-i3192584504.html,87.000 ₫,4.0,
Simplus Máy xay trái cây cầm tay Dễ mang đi Xay được đá 10 Lưỡi dao Một lần xay 10 cốc Tuổi thọ pin dài ZZJH008FZ - Bảo Hành 1 Năm 1 Đổi 1,https://www.lazada.vn/products/pdp-i2400762309.html,379.000 ₫,4.0,
"[Hàng Chính Hãng] Máy Lọc Nước RO để bàn NÓNG-LẠNH Philips ADD6912, Trải Nghiệm Công Nghệ Lọc RO-Aquaporin Inside®",https://www.lazada.vn/products/pdp-i2636435384.html,17.663.000 ₫,5.0,
Máy hút bụi không dây Dyson V12 Origin,https://www.lazada.vn/products/pdp-i2726009500.html,14.090.000 ₫,5.0,68 Đã bán
"Máy pha cà phê Espresso, Capuchino, Latte Winci EM3110, bảo hành 12 tháng",https://www.lazada.vn/products/pdp-i2669423981.html,3.500.000 ₫,4.0,60 Đã bán
"Wavlink 2024 New be8800 Wifi 7 PCIe Card mạng cho máy tính để bàn, Tri-Band be200 Bộ chuyển đổi không dây với Bluetooth 5.4, MU-MIMO, wpa3, cho Windows 10/11(64bit), không phải cho bo mạch chủ AMD",https://www.lazada.vn/products/pdp-i2745022323.html,1.104.422 ₫,5.0,
"Máy cắt sắt bàn HUKAN G2-MCS1800, Công suất 1800w Lưỡi cắt 180mm, Góc cắt 45 độ, 7700v/p",https://www.lazada.vn/products/pdp-i3177940532.html,1.339.000 ₫,,
"Robot hút bụi lau nhà thông minh Ecovacs Y1 Pro / Y1 Pro Plus - Lực hút 6500Pa - Chống va chạm, chống rơi - Hoạt động 180 phút",https://www.lazada.vn/products/pdp-i2597696325.html,7.700.000 ₫,4.0,310 Đã bán
Máy uốn tóc làm xoăn tự động SeeMee lớp phủ gốm sứ bảo vệ tóc khi tạo kiểu đường kính uốn 32mm Bảo hành 365 ngày 1 đổi 1 - Hàng chính hãng,https://www.lazada.vn/products/pdp-i2492434230.html,369.000 ₫,4.0,
"[ VI TÍNH VINH GAMING ] - CPU Intel core i5 6500 TRAY (3.90GHz, 3M) socket1151-BẢO HÀNH 12 Tháng",https://www.lazada.vn/products/pdp-i2217751301.html,790.000 ₫,5.0,
COMFEE Điều hòa Châu Âu Inverter CFS-10VCB1,https://www.lazada.vn/products/pdp-i2916251647.html,9.790.000 ₫,,
Nồi Chiên Không Dầu cảm ứng Philips NA230/00 - 13trong1 |6.2L|RapidAir Chín đều không lật trở- BH 2 năm - Hàng Phân Phối Chính Hãng,https://www.lazada.vn/products/pdp-i2658687151.html,2.399.000 ₫,5.0,
"Quạt đa chức năng tốc độ cao GOOJODOQ 4000mah 10X Quạt mini,có đèn pin LED và Khóa kim loại",https://www.lazada.vn/products/pdp-i3099724293.html,236.900 ₫,5.0,247 Đã bán
Quạt lửng Asiavina VY358291,https://www.lazada.vn/products/pdp-i2654221061.html,698.000 ₫,5.0,773 Đã bán
"Quạt Bàn Mini Cao Cấp Senko B102 - Công Suất 28w - Chiều Cao 40cm - Nhỏ Gọn, Tiện Lợi, Không Tiếng Ồn - Hàng Chính Hãng - Bảo Hành 24 Tháng",https://www.lazada.vn/products/pdp-i2199983143.html,268.400 ₫,4.0,306 Đã bán
Rocoren PD 160W 6-Ports Smart Fast Desktop Charger 3C+3A USB Type C Travel Multi Plug Charging Station Laptop Power Adapter Simultaneous Power Supply 6 Ports for iPhone 16 15 Huawei MacBook Air,https://www.lazada.vn/products/pdp-i2884568238.html,673.200 ₫,4.0,308 Đã bán
Kingspec DDR4 8GB 16GB Memoria RAM DDR4 3200/2666 Bộ nhớ máy tính để bàn Tản nhiệt Ram Bộ nhớ DDR4 3200MHz DIMM có bộ tản nhiệt XMP cho PC,https://www.lazada.vn/products/pdp-i1725458425.html,720.000 ₫,4.0,
"Dàn Karaoke Cao Cấp Cặp Loa 4112, Cặp Loa 301, Sub Điện, Đẩy Liền Vang 279Pro, Dây Kết Nối Đi Kèm 3 Chân Loa Sang Trọng Miễn Phí Lắp Đặt Tận Nhà Bán Kính 100km",https://www.lazada.vn/products/pdp-i2487112198.html,33.750.000 ₫,,
Bàn Ủi Hơi Nước Philips DST5040/80 - Công Suất 2600W - Hơi Phun 45G/Phút - Tăng Cường 200G/Phút - Mặt Đế SteamGlide Plus Chống Xước - Hàng Phân Phối Chính Hãng,https://www.lazada.vn/products/pdp-i2309100947.html,1.699.000 ₫,4.0,464 Đã bán
Roborock F25 | F25 ACE | F25 RT máy hút bụi lau sàn | Lực hút 20.000Pa | Công nghệ gập sát sàn | Bảo hành 24 tháng,https://www.lazada.vn/products/pdp-i2874223043.html,5.990.000 ₫,4.0,46 Đã bán
"Xác Barebone Đồng Bộ Dell Optiplex 3020/7020 / 9020 chạy full CPU SK 1150 , Nguyên bản 100% , mới 99% , Full Box",https://www.lazada.vn/products/pdp-i1991870159.html,1.450.000 ₫,,
PCI-E 3.0 M.2 M-key to Oculink SFF-8612 Host Adapter for 2022-2023 ThinkBook 16+ External Graphics Card & SSD,https://www.lazada.vn/products/pdp-i2926505018.html,440.800 ₫,3.0,
Ram Desktop CT16G56C46U5 Crucial UDIMM DDR5 5600MHz 16GB CL46 (16Gbit),https://www.lazada.vn/products/pdp-i3011452248.html,2.190.000 ₫,,
ORICO DDR4 vest mô-đun bộ nhớ RAM 8GB 16GB 3200MHz CL16 CL18 1.35V được thiết kế cho trò chơi ly kỳ tản nhiệt nhôm cứng dày 5mm cho máy tính để bàn (H400),https://www.lazada.vn/products/pdp-i3069040558.html,1.218.000 ₫,,
*Giá Hủy Diệt* RAM Desktop Máy bàn DDR4 PC4 3200 / 2666 / 2400 / 2133 Mhz Bảo Hành 3 năm Hãng Samsung,https://www.lazada.vn/products/pdp-i2080827685.html,720.000 ₫,5.0,26 Đã bán
Máy trộn đa năng Philips Hr7915,https://www.lazada.vn/products/pdp-i3194614014.html,1.199.000 ₫,,
"Lò vi sóng để bàn tích hợp nướng đối lưu Electrolux 23L - EMG23K22B - Chức năng vi sóng, nướng , hâm nóng & làm giòn món chiên - Bảo hành 2 năm toàn quốc",https://www.lazada.vn/products/pdp-i2177266823.html,1.900.000 ₫,5.0,105 Đã bán
[ Sale ] Bầu nóng 1L máy lọc nước Kangaroo chính hãng - Tặng kèm dây phi 6 - Ecobn0025,https://www.lazada.vn/products/pdp-i1553701601.html,250.000 ₫,4.0,166 Đã bán
Quạt sưởi gốm để bàn FUJIHOME FH1000 Nhỏ gọn - Làm ấm nhanh - 2 chế độ sưởi - Tiết kiệm điện - Bảo hành toàn quốc,https://www.lazada.vn/products/pdp-i2134077268.html,620.000 ₫,5.0,8 Đã bán
"Tủ lạnh mini bar Electrolux 45 lít - EUM0500AD-VN - Ngăn lạnh riêng biệt, tiết kiệm điện , nhãn năng lượng 5 sao - Bảo hành 2 năm toàn quốc",https://www.lazada.vn/products/pdp-i2055824811.html,3.025.000 ₫,4.0,67 Đã bán
"Nồi lẩu hấp đa năng Unie UE668 dung tích 10L 2 tầng tháo rời, đa dạng chức năng hấp - hầm - lẩu, điều chỉnh công suất linh hoạt - Bảo hành 12 tháng",https://www.lazada.vn/products/pdp-i2687513115.html,1.319.000 ₫,5.0,40 Đã bán
"Máy Massage Chân KINGTECH G8 - Chức Năng Nhiệt, Rung, Day Ấn – Giảm Đau Gót Chân, Gan Bàn Chân - Quà Tặng Cao Cấp",https://www.lazada.vn/products/pdp-i3143091400.html,1.950.000 ₫,5.0,24 Đã bán
Máy thần thánh không tích điện / Máy thần thánh chỉnh số _ DCPX Uyen Nguyen,https://www.lazada.vn/products/pdp-i2259409999.html,580.000 ₫,,
"Bếp nướng điện Kangaroo KG18EG3- công suất 1800W, nướng nhanh không tạo khói bếp.",https://www.lazada.vn/products/pdp-i2804104993.html,659.000 ₫,4.0,13 Đã bán
Bộ nhớ RAM PC G.Skill Ripjaws V DDR4 8GB 3200MHz/ 3600MHz (F4-3200C16S-8GVKB/ F4-3600C18S-8GVK) - Hàng Chính Hãng,https://www.lazada.vn/products/pdp-i2494137663.html,520.000 ₫,,
RAM Laptop Lexar DDR4 8GB 3200MHz - (LD4AS008-B3200GSST),https://www.lazada.vn/products/pdp-i2055506352.html,700.000 ₫,,
COMFEE Điều hòa Châu Âu Inverter CFS-13VCB1,https://www.lazada.vn/products/pdp-i2916431475.html,10.770.000 ₫,,
Nồi Chiên Không Dầu Philips NA120/00 12 trong 1 |4.2L |RapidAir Chín đều không lật trở - BH 2 năm - Hàng Phân Phối Chính Hãng,https://www.lazada.vn/products/pdp-i2720863504.html,1.599.000 ₫,4.0,689 Đã bán
Mini PC ASUS INTEL NUC 12 Enthusiast/Intel® Core™ i7-12700H Processor/ 2xDDR4-3200 1.2V SO-DIMM/3xNVMe/2x Thunderbolt™ 4 | HDMI (4K60) | 2x DP 1.4 Cert - Hàng Chính Hãng,https://www.lazada.vn/products/pdp-i2655723594.html,27.990.000 ₫,1.4,
Máy làm sữa hạt đa năng Gilux GLJ16 + TẶNG sách công thức - 8 chức năng nấu tự động - Công suất 1000W - Dung tích 1.5L - Bảo hành 12 tháng,https://www.lazada.vn/products/pdp-i2366403447.html,999.000 ₫,4.0,318 Đã bán
Máy sấy tóc Dyson Supersonic HD15 (Xám/Vàng Đồng),https://www.lazada.vn/products/pdp-i2391126270.html,9.990.000 ₫,5.0,144 Đã bán
Thớt gấp cao cấp Joseph Joseph Chop2Pot Plus Large (2022) - Green - 005080,https://www.lazada.vn/products/pdp-i2965578650.html,599.000 ₫,,
"【ELITE PRO】Máy Lạnh 1.5 ngựa, TCL TEP-13CSD/F1I - AI Inverter tiết kiệm điện - Bộ lọc không khí 6 trong 1- Bảo Hành Máy Nén 12 Năm - Mới 2025",https://www.lazada.vn/products/pdp-i3077024115.html,6.095.000 ₫,5.0,42 Đã bán
"Hafele HC-I7326B 533.09.989 - Bếp Từ 2 Vùng Nấu, Nhập Khẩu Đức, Miễn Phí Lắp Đặt - BST",https://www.lazada.vn/products/pdp-i3170521562.html,16.887.400 ₫,,
Quạt Sạc Tích Điện dạng hộp AC&DC 10 inch Honjianda FL223/FL213 - có đèn LED hỗ trợ cúp điện,https://www.lazada.vn/products/pdp-i3090768032.html,830.000 ₫,5.0,6 Đã bán
Máy lạnh 1.5HP Inverter TCL BreezIN PRO TBIP-13CSD/TPHI - Điều Hoà 1.5 Ngựa - Tiết Kiệm Điện - Bảo Hành 12 Năm Máy Nén- MỚI 2025,https://www.lazada.vn/products/pdp-i3077035082.html,7.945.000 ₫,4.0,8 Đã bán
SSD Western Digital Blue SN5000 WDS500G4B0E 500Gb (NVMe PCIe/ Gen4x4 M2.2280),https://www.lazada.vn/products/pdp-i2868048944.html,1.430.000 ₫,,
RadianceRetail Desktop Makeup Mirror Solid Color PU Leather Simple Portable Handheld Makeup Mirror Foldable Student Compact Cute Pocket Mirror,https://www.lazada.vn/products/pdp-i3193098549.html,11.087 ₫,,
"Trạm sạc để bàn đa năng 4 trong 1 - PISEN PRO Desktop MagStation KF25 - Hàng chính hãng, bảo hành 24 tháng",https://www.lazada.vn/products/pdp-i2729495483.html,1.296.635 ₫,4.0,16 Đã bán
"Quạt Mini Đa Năng GOOJODOQ 4000mAh 10X Có Đèn LED, Màn Hình Kỹ Thuật Số, Khóa Kim Loại, Tốc Độ Cao, Tăng Áp",https://www.lazada.vn/products/pdp-i3099626571.html,236.900 ₫,5.0,162 Đã bán
"Goojodoq Quạt mini cầm tay siêu mạnh, quạt tích điện mini 4000 mAh, quạt mini sạc điện sạc nhanh 1.5h, màn hình kỹ thuật số, thích hợp đi du lịch, hoạt động ngoài trời",https://www.lazada.vn/products/pdp-i3132099723.html,211.165 ₫,,"7 Đã bán
Hồ Chí Minh"
Quạt Mini Đeo Thắt Lưng Tirek F17 - Động Cơ Không Chổi Than - Quạt Làm Mát Lưng. Chạy 12-32h. Sạc Dự Phòng 15000mAh,https://www.lazada.vn/products/pdp-i3055331789.html,469.000 ₫,5.0,Cam Kết Giá Tốt
Quạt Đứng Cao Cấp 47W Senko DH1600 (Có chế độ hẹn giờ) - Quạt L1638 (Thân nhựa) - Quạt LS1630 (Thân Sắt) - Hàng chính hãng - Bảo Hành 24 Tháng -Tiện Lợi,https://www.lazada.vn/products/pdp-i2155951275.html,381.170 ₫,4.0,657 Đã bán
Máy Lọc Không Khí Và Quạt 2 Trong 1 Philips AMF765/30 - Lọc Không Khí Tới 70M2 - Tốc Độ Phân Phối Không Khí Sạch (Cadr) 270 M3/Giờ - Bộ Lọc Hepa & Than Hoạt Tính - Kết Nối Ứng Dụng Air,https://www.lazada.vn/products/pdp-i2207491926.html,9.499.000 ₫,4.0,321 Đã bán
"Vỏ, tản cpu, khay ổ cứng cho case máy tính Dell 780 SFF",https://www.lazada.vn/products/pdp-i1629274749.html,40.000 ₫,4.0,16 Đã bán
[MỚI] Electrolux Bộ Đôi Máy giặt 10kg UltimateCare 500 EWF1023P5SC và Máy sấy bơm nhiệt 8kg UltimateCare 300 EDH803J5SC - Free Giao lắp,https://www.lazada.vn/products/pdp-i2833843056.html,33.362.182 ₫,,
Ống Heo trang trí - Animal Figurine Cion Bank (Money bank) Desktop Decor,https://www.lazada.vn/products/pdp-i2091611998.html,199.000 ₫,5.0,
Ram PC Lexar DDR4 8GB-3200 (LD4AU008G-B3200GSST),https://www.lazada.vn/products/pdp-i2947174778.html,500.000 ₫,,
RAM DDR4 PC 16GB Bus 3200 KINGSTON FURY BEAST Black,https://www.lazada.vn/products/pdp-i2723331660.html,850.000 ₫,,
"Súng Massage Cầm Tay Đa Năng Cao Cấp KINGTECH KH-720 - Máy Massage Toàn Thân 20 Cấp Độ Xoa Bóp Chuyên Sâu Cổ Vai Gáy, Chân, Tay, Đùi - Quà Tặng Nam Nữ, Sếp, Doanh Nghiệp - Chính Hãng",https://www.lazada.vn/products/pdp-i1976496904.html,1.410.000 ₫,5.0,773 Đã bán
[20H 6/7 - 9.7 Nhập 77LAZSOCIAL80K Voucher giảm 12% đơn từ 250K tối đa 80K]˂PATECH˃ Quạt PISEN Car Desktop Fan - (JC-FA01) - Hàng chính hãng,https://www.lazada.vn/products/pdp-i1294480673.html,279.000 ₫,,
"[ Miễn Phí Lắp Đặt 100KM ] Dàn Karaoke Gia Đình Siêu Đẳng Cấp Đẩy Liền Vang 279 Pro + 4 Loa 3 Tấc 4112, Âm Thanh Mạnh Mẻ",https://www.lazada.vn/products/pdp-i2653466891.html,30.500.000 ₫,,
Ổ CỨNG - SSD SATA HIKSEMI 512GB - 256GB - 128GB SATA 2.5inch - BH 36 Tháng.,https://www.lazada.vn/products/pdp-i3070751753.html,530.000 ₫,5.0,10 Đã bán
KHUNG ẢNH TREO TƯỜNG ĐỂ BÀN MẶT MIKA KÍNH MÃ 2812,https://www.lazada.vn/products/pdp-i2483457450.html,29.000 ₫,5.0,
RAM APACER TEX DDR4 8GB 3200,https://www.lazada.vn/products/pdp-i2039549755.html,550.000 ₫,,
"CPU - Bộ xử lý Intel core i3 i5 thế hệ 6,7 socket 1151, i3-6100, i3-6100T, i3-7100, i5 6500 BH 6 tháng",https://www.lazada.vn/products/pdp-i2587667165.html,299.000 ₫,5.0,5 Đã bán
"Nồi Chiên Không Dầu Philips NA342/00 cảm ứng 16 trong 1|7.2L|RapidAir Plus Mới, Giòn hơn - Hàng Chính Hãng",https://www.lazada.vn/products/pdp-i2984179426.html,4.099.000 ₫,4.0,92 Đã bán
*Lagihitech* RAM Desktop DDR3L BUS 1600Mhz Chính Hãng Samsung/Hynix 4GB / 8GB - Bảo Hành 3 năm,https://www.lazada.vn/products/pdp-i2081085111.html,380.000 ₫,5.0,13 Đã bán
Quạt không cánh Dyson Cool AM07 (Trắng/Bạc),https://www.lazada.vn/products/pdp-i2530313983.html,7.490.000 ₫,4.0,480 Đã bán
Kingspec M.2 2230 SSD 512GB 1Tb NVMe Giao Thức Pcie 3.0/Pcie4.0 Đọc Ghi Tốc Độ 3000 MB/giây/5000 MB/giây M.2 Ổ cứng lưu trữ thể rắn Cho Bàn Hơi Nước Máy Tính Xách Tay Máy Tính Để Bàn,https://www.lazada.vn/products/pdp-i2241451150.html,1.300.000 ₫,5.0,46 Đã bán
"WAVLINK 2024 New BE8800 WiFi 7 PCIe Network Card, Tri-Band BE200 Wireless Adapter with Bluetooth 5.4, MU-MIMO, WPA3, Low-Profile Bracket, Heat Sink, for Windows 10/11 Desktop PC",https://www.lazada.vn/products/pdp-i2745978146.html,989.999 ₫,4.0,24 Đã bán
GUDGA DDR4 8GB 16GB Bộ nhớ máy tính để bàn DDR4 3600/3200/2666 có tản nhiệt DDR4 3200MHz DIMM có tản nhiệt Thanh chuyên dụng Intel cho PC,https://www.lazada.vn/products/pdp-i3115353659.html,1.080.385 ₫,5.0,116 Đã bán
"Ấm đun siêu tốc Toshiba KT-17SH2NV - 1.7L - Inox 304 - Hàng chính hãng, bảo hành 12 tháng, chất lượng Nhật Bản",https://www.lazada.vn/products/pdp-i1352985763.html,645.000 ₫,4.0,658 Đã bán
"Panasonic Máy Sưởi Quạt Sưởi Máy Sưởi Điện Năng Lượng Nhỏ Để Bàn Gia Đình Tiết Kiệm làm nóng tức thì khi bật, vận hành dễ dàng và không phải lo lắng hơn Bán phá giá tự động ngắt kết nối điện",https://www.lazada.vn/products/pdp-i2640907869.html,454.974 ₫,4.0,74 Đã bán
"Củ Sạc Siêu Nhanh 100w Gan 3 Pro Baseus Desktop Power Ship Tích Hợp AC – Type C – USB Cho Máy Tính, Laptop, Điện Thoại - Phân phối bởi TopLink",https://www.lazada.vn/products/pdp-i2066536649.html,926.426 ₫,,"23 Đã bán
Hà Nội"
Máy lạnh TCL Inverter 2 HP TEP-18CSD/F1I - Điều hoà 18000BTU - Máy lạnh 2 Ngựa Tiết Kiệm Điện - Bảo Hành 12 Năm Máy Nén- Mới 2025,https://www.lazada.vn/products/pdp-i3076989220.html,9.295.000 ₫,5.0,13 Đã bán
NEW - Muống canh Joseph Joseph Duo (Opal) - 006407,https://www.lazada.vn/products/pdp-i2965537726.html,189.000 ₫,,
Robot Vừa Hút Bụi Vừa Lau Philips XU6500/82 Lực Hút 2700PA - Hàng Chính Hãng,https://www.lazada.vn/products/pdp-i2426844709.html,13.199.000 ₫,4.0,164 Đã bán
Quạt Sàn Công Nghiệp B5 Sankyo - Động Cơ Motor Dây Đồng - Cỡ Lớn 18 Inch,https://www.lazada.vn/products/pdp-i2347607613.html,544.500 ₫,5.0,395 Đã bán
"Quạt Cầm Tay mini Sạc điện Xách tay mini fan với 5 bánh răng gió mạnh, jisulife 5000mAh, có thể gập lại, cầm tay, có thể sạc lại quạt mini cầm tay gấp gọn",https://www.lazada.vn/products/pdp-i3090697528.html,559.000 ₫,4.0,
"Quạt Hút Tường Thông Gió Senko H250, H200, H150, H100 – Giải Pháp Không Gian Trong Lành! - Bảo Hành 24 Tháng Chính Hãng",https://www.lazada.vn/products/pdp-i2183653559.html,214.830 ₫,5.0,482 Đã bán
"Goojodoq Quạt mini cầm tay siêu mạnh, quạt tích điện mini 4000 mAh, quạt mini sạc điện sạc nhanh 1.5h, màn hình kỹ thuật số, thích hợp đi du lịch, hoạt động ngoài trời",https://www.lazada.vn/products/pdp-i2635125113.html,146.100 ₫,4.0,
Quạt Điện Senko Để Bàn Tiện Lợi Cao Cấp B3/B4 - B1216 (40w) - B1213 (40W) - B1210 (40W) - B1616 (47W) - B1612 (47W) - Hàng Chính Hãng - Bảo Hành 24 Tháng,https://www.lazada.vn/products/pdp-i2155792915.html,314.019 ₫,5.0,
"quạt mini sạc điện GOOJODOQ quạt cầm tay mini tích điện sạc USB,tiện lợi, quạt usb,Thích hợp cho công việc và trường học",https://www.lazada.vn/products/pdp-i2597937297.html,76.900 ₫,4.0,944 Đã bán
"Quạt tháp điều hòa nhập khẩu FUJIHOME TF-13E Màn led hiển thị, 3 chế độ gió, remote từ xa, lọc không khí ionizer, bảo hành điện tử toàn quốc 24 tháng",https://www.lazada.vn/products/pdp-i2697053266.html,940.000 ₫,5.0,33 Đã bán
Máy Uốn Tóc Tự Động MIORI PERFECT CURL 360 đường kính 32mm - Tăng cường ION ÂM bảo vệ tóc - Bảo Hành 365 Ngày 1 Đổi 1,https://www.lazada.vn/products/pdp-i2705799916.html,88.500 ₫,4.0,518 Đã bán
Máy hút ẩm 20L/ngày Fujihome DH20W Kết nối wifi thông minh - Công suất 20 lít/ngày - phù hợp phòng 20 đến 50m2 - Nhập khẩu chính hãng - Bảo hành toàn quốc 24 tháng,https://www.lazada.vn/products/pdp-i2409053705.html,2.610.000 ₫,4.0,644 Đã bán
Máy Xay Thịt Philips HR1502/00 2 Lít|500W| Cối nhựa chất lượng- Hàng Chính Hãng,https://www.lazada.vn/products/pdp-i3194969920.html,899.000 ₫,5.0,28 Đã bán
Lò Hấp Nướng Thông Minh Toshiba MS3-STQ20SE(BK) 20L - Hấp Nướng Đa Năng - Món Ăn Thăng Hạng,https://www.lazada.vn/products/pdp-i3156031231.html,10.239.000 ₫,,
Quạt sưởi gốm để sàn nhập khẩu FUJIHOME FH3000 Điều khiển từ xa - Màn LCD hiển thị - Làm ấm cực nhanh - - Bảo hành điện tử toàn quốc,https://www.lazada.vn/products/pdp-i2133983944.html,1.212.000 ₫,5.0,14 Đã bán
Máy hút bụi Xiaomi Vacuum Cleaner G20 Lite,https://www.lazada.vn/products/pdp-i2725061318.html,1.850.000 ₫,5.0,142 Đã bán
"Eight in One USB C Laptop Docking Station Stand USB C Hub Adjustable 10-17in Laptop Stand Portable Design for PC,Tablet",https://www.lazada.vn/products/pdp-i2906657998.html,851.838 ₫,5.0,
Quạt sưởi gốm tạo ẩm nhập khẩu FUJIHOME FH6000 - Làm ấm nhanh - Không đốt oxy - Bảo hành điện tử toàn quốc 2 năm,https://www.lazada.vn/products/pdp-i2497017076.html,1.212.000 ₫,5.0,18 Đã bán
"[BH 1 năm] Máy Xay Sinh Tố, Thịt, Hạt Khô Đa Năng Kangaroo KG3B6M - lưỡi dao 4 cánh thép không gỉ - Hàng chính hãng",https://www.lazada.vn/products/pdp-i1288265106.html,590.000 ₫,4.0,213 Đã bán
Quạt sưởi gốm Ceramic để sàn FujiE CH-2200 Máy sưởi ấm đứng không khô da - Không đốt oxy - Bảo hành điện tử toàn quốc 12 tháng,https://www.lazada.vn/products/pdp-i2082548663.html,1.790.000 ₫,5.0,210 Đã bán
[ƯU ĐÃI 2 TẦNG VOUCHER] Máy ép chậm SUNHOUSE SHD5515 - Làm kem mịn Công suất mạnh Ép kiệt bã - Bảo hành 12 tháng,https://www.lazada.vn/products/pdp-i2348725035.html,1.390.000 ₫,4.0,
"Nồi Chiên Không Dầu Philips NA322/00 4.2L|cảm ứng 16 trong 1|RapidAir Plus| Mới, Giòn hơn - Hàng Chính Hãng",https://www.lazada.vn/products/pdp-i3094124821.html,2.399.000 ₫,4.0,62 Đã bán
Máy làm sữa hạt đa năng Gilux + TẶNG sách công thức sữa hạt - Máy 15 chức năng nấu tự động - Công suất 1900W - Dung tích 1.75L - Bảo hành 12 tháng,https://www.lazada.vn/products/pdp-i2361310929.html,1.445.000 ₫,5.0,Cam Kết Giá Tốt
Lò vi sóng có nướng SHARP R-G222VN-S/R-G223VN-SM/R-G225VN-BK/R-G227VN-M/R-G228VN-SL 20 lít - Hàng chính hãng,https://www.lazada.vn/products/pdp-i2087404874.html,2.133.700 ₫,5.0,20 Đã bán
Nồi kho hầm đa năng UNIE USC308 dung tích 3L lòng nồi gốm tử sa nấu chậm giữ vẹn dưỡng chất,https://www.lazada.vn/products/pdp-i2666657416.html,1.099.000 ₫,4.0,148 Đã bán
"Nồi Áp Suất Điện Tử Philips HD2136/66, 5 Lít-Ngon Hơn, Tốn Ít Thời Gian Hơn-Lòng Nồi Hợp Kim Nhôm Bền Giúp Dẫn Nhiệt Hiệu Quả Hơn.-Hàng Phân Phối Chính Hãng",https://www.lazada.vn/products/pdp-i326342400.html,2.299.000 ₫,4.0,
[New] Bếp từ đôi Hafele HS-I5521FG 536.66.850,https://www.lazada.vn/products/pdp-i2732626651.html,4.040.000 ₫,4.0,30 Đã bán
"Máy Massage Cầm Tay Đa Năng KINGTECH KH-320, Máy Đấm Lưng Toàn Thân, Giảm Đau Cơ, Cứng Khớp, Phù Hợp Với Lưng, Chân, Tay, Cổ Vai Gáy, Đùi - Quà Tặng Nam Nữ, Doanh Nghiệp",https://www.lazada.vn/products/pdp-i1975168056.html,530.000 ₫,5.0,
Máy may cơ Brother JA1400,https://www.lazada.vn/products/pdp-i1119068749.html,3.006.000 ₫,5.0,146 Đã bán
"Bàn Ủi Hơi Nước Philips DST8041/80 Azure 8000 Series - Công Suất Mạnh Mẽ 3000W, Optimaltemp Không Cháy, Khoang Chứa Nước 350ML, Hơi Phun 80G/Phút, Dynamiq Cảm Biến Hơi Phun Tự Động - Hàng Ph",https://www.lazada.vn/products/pdp-i2001198057.html,3.799.000 ₫,4.0,690 Đã bán
[MIỄN PHÍ GIAO LẮP] Máy Lạnh Toshiba Inverter 1 HP RAS-H10E2KCVG-V | 1.5 HP RAS-H13E2KCVG-V - Hybrid Inverter - Siêu Tiết Kiệm Điện,https://www.lazada.vn/products/pdp-i3036233284.html,16.119.000 ₫,1.5,
"Quạt Đứng Philips CX1220/00 |6 cánh|- Độ Ồn Thấp, Hoạt Động Yên Tĩnh | tiết kiệm điện| BH 2 năm- Hàng Chính Hãng",https://www.lazada.vn/products/pdp-i3094067749.html,1.199.000 ₫,5.0,65 Đã bán
AULA F3261 RGB Hotswap Keyboard 61 Keys wired Mechanical Gaming Keyboard ergonomic adjustable support For PC Desktop computer Laptop Office games,https://www.lazada.vn/products/pdp-i2100781529.html,579.000 ₫,4.0,816 Đã bán
Robot hút bụi thông minh Ecovacs Deebot Mini - Lực hút 9000Pa - Dung lượng pin 3200mAh - Hoạt động 150 phút,https://www.lazada.vn/products/pdp-i3108490388.html,9.395.000 ₫,5.0,9 Đã bán
Kingspec DDR4 CL15 SODIMM chơi game máy tính xách tay RAM DDR4 RAM tác động 8G/16G 2666MHz,https://www.lazada.vn/products/pdp-i1268215096.html,680.000 ₫,4.0,552 Đã bán
Máy Vắt Sổ - Máy May Gia Đình 12 Kiểu May - May Được Hầu Hết Các Loại Vải - Dùng Được Cả Pin Lẫn Cắm Trực Tiếp - Đường May Đẹp Có Đèn May Ban Đêm - Bảo Hành Toàn Quốc,https://www.lazada.vn/products/pdp-i2071857605.html,750.000 ₫,5.0,60 Đã bán
"Gối Massage Cao Cấp KINGTECH KP-315, Máy Matxa 4 Bi Kết Hợp Nhiệt Hồng Ngoại, Chuyên Sâu Cổ Vai Gáy, Lưng, Chân, Tay - Bảo Hành 12 Tháng",https://www.lazada.vn/products/pdp-i1976787230.html,760.000 ₫,5.0,922 Đã bán
Bộ Sạc nhanh 4 Trong 1 65W GaN3 Sạc Nhanh Máy Tính Củ Sạc Bộ Chuyển Đổi 4 Trong 1 Cho Máy Tính Bảng Xiaomi Samsung Iphone Huawei,https://www.lazada.vn/products/pdp-i2610672482.html,659.000 ₫,5.0,86 Đã bán
Máy Làm Sữa Hạt OLIVO CB400 PRO – Máy Xay Nấu Đa Năng – Nắp Inox 304 – Lưỡi Dao 10 Cánh – Dung Tích 600ML – Công Suất 750W,https://www.lazada.vn/products/pdp-i2207644284.html,1.190.000 ₫,4.0,82 Đã bán
222 Small Item Repair/Out of Stock Replenishment Link After-sales service,https://www.lazada.vn/products/pdp-i3129585270.html,1.000 ₫,4.0,12 Đã bán
"(0 Đồng phí vận chuyển)Quạt tích điện,quạt năng lượng mặt trời ,Solar Fan JD-118F dạng nằm chân quỳ,động cơ không chổi than chạy êm gió mạnh bền gấp đôi động cơ thường,phần trăm hiển thị pin, 12 Chế Độ Gió,Tấm Pin Dây Dài gần 5M,Củ Sạc Điện 22 0",https://www.lazada.vn/products/pdp-i1473506690.html,1.100.000 ₫,4.0,551 Đã bán
Bàn Ủi Khô Philips DST0520/20 - Hàng Phân Phối Chính Hãng,https://www.lazada.vn/products/pdp-i2598579797.html,287.100 ₫,5.0,637 Đã bán
"[ NEW 2023 ] Bộ Trộn Âm Thanh Mixer F4, Mixer Yamaha F4 Pro 16 Vang Số Chuyên Nghiệp - Chuyển Đổi Thành Soundcard Livestream, Có Bluetooth, ɡhép Dàn Âm Thanh, Loa Kéo,Hát Live, Kết Hợp Được Với Mọi Loa Kéo, Amply, Dàn Karaoke Gia Đình.",https://www.lazada.vn/products/pdp-i2463942494.html,1.056.000 ₫,5.0,240 Đã bán
Quạt Điện Đứng Senko L1638 - Công Suất 47w - Hàng Chính Hãng - Bảo Hành 24 Tháng - Tiện Lợi,https://www.lazada.vn/products/pdp-i2155935218.html,389.961 ₫,4.0,984 Đã bán
"Quạt điện cầm tay GOOJODOQ GFS006 Quạt Tốc Độ Làm Mát Nhanh,mạnh mẽ điều chỉnh mức 100 Level,4000mAh Tuổi thọ pin dài 15 giờ",https://www.lazada.vn/products/pdp-i2985774503.html,327.100 ₫,4.0,
[Giá chỉ 324K] Ổ cứng SSD Acer FA100 M.2 NVMe PCIe Gen3 Tốc độ tối đa 3300 MB/s - Hàng chính hãng bảo hành 5 năm | Ổ cứng gắn trong SSD 128GB | 256GB | 512GB,https://www.lazada.vn/products/pdp-i2017441855.html,525.000 ₫,4.0,398 Đã bán
"Quạt đứng Toshiba F-LSA20(H)VN 60W - Màu xám - Điều khiển từ xa - 5 cánh - Hẹn giờ tắt/mở - Màn LED hiển thị - Chế độ gió thông minh - Hàng chính hãng, bảo hành 12 tháng, chất lượng Nhật Bản",https://www.lazada.vn/products/pdp-i1359445698.html,1.737.000 ₫,5.0,
Quạt lửng SenKo LTS1636 (GIAO MÀU NGẪU NHIÊN),https://www.lazada.vn/products/pdp-i1448310080.html,480.000 ₫,5.0,
BEAR | Máy Sưởi Mini Để Bàn,https://www.lazada.vn/products/pdp-i3197928950.html,2.155.000 ₫,4.0,18 Đã bán
[ Hỏa tốc HN - HCM ] Quạt tích điện để bàn 12h Xiaomi Solove F5,https://www.lazada.vn/products/pdp-i2071362988.html,379.000 ₫,4.0,
"Máy Massage Cầm Tay Đa Năng KINGTECH LUX-900, Máy Mát Xa Toàn Thân Pin Sạc, Thư Giãn Cho Lưng, Cổ, Vai, Gáy, Cánh Tay, Chân - Quà Tặng Nam Nữ, Sếp, Khách Hàng, Doanh Nghiệp - Chính Hãng",https://www.lazada.vn/products/pdp-i1970977958.html,1.150.000 ₫,4.0,291 Đã bán
"Máy Xay Nấu Sữa Hạt Fujihome SM836 – Xay Mịn, Đun Sôi, 10 Chức Năng, Giữ Ấm Tự Động - Bảo hành điện tử toàn quốc",https://www.lazada.vn/products/pdp-i3130091493.html,935.000 ₫,,
"Máy sưởi gốm nhập khẩu FUJIHOME, quạt sưởi ấm mini ceramic không khô da, có điều khiển từ xa màn LCD hiển thị nhiệt độ tự ngắt an toàn tiết kiệm điện",https://www.lazada.vn/products/pdp-i2085289488.html,760.000 ₫,4.0,131 Đã bán
"Máy May Mini Gia Đình 12 Kiểu Có Hỗ Trợ May Vắt Sổ Không Kén Vải Tặng Kèm Cuộn Chỉ,Con Suốt,Kim Máy May - Hàng Chính Hãng SDGOD",https://www.lazada.vn/products/pdp-i1936987955.html,996.000 ₫,4.0,177 Đã bán
Ram Laptop Crucial 16GB DDR5-5600 SODIMM,https://www.lazada.vn/products/pdp-i2658548547.html,2.190.000 ₫,,
Nồi Chiên Không Dầu cảm ứng Philips NA220/00 - 13trong1 |4.2L|RapidAir Chín đều không lật trở- BH 2 năm - Hàng Phân Phối Chính Hãng,https://www.lazada.vn/products/pdp-i2658625475.html,2.099.000 ₫,4.0,367 Đã bán
"Bếp Đôi Điện Từ SUNHOUSE SHB81032-EC mặt kính cao cấp, chịu lực, chịu nhiệt tốt - Làm nóng nhanh Tiết kiệm điện - Bảo hành 36 tháng - Hàng Chính Hãng",https://www.lazada.vn/products/pdp-i1310144903.html,3.099.000 ₫,4.0,Cam Kết Giá Tốt
RAM ADATA XPG SPECTRIX D50 DDR4 RGB 3200MHZ 8GB/16GB - Hàng Chính Hãng,https://www.lazada.vn/products/pdp-i2479995749.html,1.490.000 ₫,5.0,14 Đã bán
NEW - Bộ 3 thớt treo tường kháng khuẩn tiện dụng Folio Slim (Mcolor) - 009934,https://www.lazada.vn/products/pdp-i2965706314.html,2.359.000 ₫,,
Bàn Ủi Hơi Nước Philips DST2020/80 | 2000W| mặt đế ceramic - Hàng Chính Hãng,https://www.lazada.vn/products/pdp-i2798611440.html,699.000 ₫,4.0,70 Đã bán
"Bàn trải điện ORAL B series 5 &4 - Made in Germany, nhập USA, hàng mới full box",https://www.lazada.vn/products/pdp-i3111668682.html,3.165.000 ₫,,
"Nồi Áp Suất Đa Năng 5L Philips HD2151/66 - Công Suất 1090W, Công Nghệ Xả Áp Nhanh 7 Phút, Hệ Thống Kiểm Soát Hương Vị Độc Đáo, 35 Chương Trình Cài Đặt Sẵn - Hàng Phân Phối Ch",https://www.lazada.vn/products/pdp-i1922411695.html,3.999.000 ₫,4.0,677 Đã bán
Rocoren 100W GaN Charger 6 Ports USB Type C PD Fast Charger Quick Charge 4.0 3.0 USB Desktop Charger For iPhone 14 13 Pro Xiaomi,https://www.lazada.vn/products/pdp-i2069811884.html,518.100 ₫,4.0,879 Đã bán
"Wavlink USB 3.0 Universal Laptop Docking Station, 13-in-1 USB-C Hub Dual Monitor for M1/M2 Mac, Windows, Thunderbolt 3&4, USB4 (Dual Video: HDMI and DVI/VGA/HDMI, Gigabit Ethernet, Audio, Mic, 6 USB Ports)",https://www.lazada.vn/products/pdp-i2849645275.html,2.100.000 ₫,3.0,
Bàn Ủi Hơi Nước Philips DST3030/70-Công Suất 2400W-Hơi Phun Mạnh Mẽ Ủi Phẳng Mọi Nếp Nhăn-Hàng Phân Phối Chính Hãng,https://www.lazada.vn/products/pdp-i1566800149.html,1.099.000 ₫,4.0,960 Đã bán
Khay chia ngăn kéo phân loại tiết kiệm không gian Joseph Joseph DrawerStore,https://www.lazada.vn/products/pdp-i2965752137.html,819.000 ₫,,
"MOFT Multifunctional Desk Mat Water-resistant PU Leather, Multi-angle Laptop Tablet Stand Desktop Organizer Adjustable Display Board",https://www.lazada.vn/products/pdp-i2398413114.html,690.000 ₫,5.0,9 Đã bán
"Nồi Áp Suất Điện Philips HD2103/66 (5L)-14 Công Thức Nấu Ăn-Lồng Nồi Bền, Chống Dính-Hàng Phân Phối Chính Hãng",https://www.lazada.vn/products/pdp-i348516358.html,1.899.000 ₫,4.0,
"Đệm Massage Lưng Cao Cấp KINGTECH KC-300 - Nệm Mát Xa 12, Đầu Công Nghệ Shiatsu 2D, 3D Kết Hợp Tính Năng Nhiệt Hồng Ngoại - Quà Tặng Dành Cho Nam Nữ, Sếp, Doanh Nghiệp",https://www.lazada.vn/products/pdp-i2051286016.html,1.575.000 ₫,4.0,205 Đã bán
Bếp Hồng Ngoại Đơn SUNHOUSE SHD6011/SHD6012A - Công suất 2000W - Phù hợp với mọi loại nồi - Kinh cường lực chịu nhiệt - Bảo hành 12 tháng - Hàng Chính Hãng,https://www.lazada.vn/products/pdp-i774372.html,649.000 ₫,4.0,Cam Kết Giá Tốt
ORICO 2.5 inch ổ SSD SATA 120GB 240GB 450Mb/S Ổ cứng SSD SATA trong ổ đĩa thể rắn,https://www.lazada.vn/products/pdp-i2896747463.html,372.000 ₫,5.0,40 Đã bán
"Máy Xay Sinh Tố Đa Năng Masuto Chuyên Gia Say Món Healthy Eatclean 2 Cối 0,6L Kèm Ống Hút",https://www.lazada.vn/products/pdp-i1540873050.html,647.000 ₫,5.0,663 Đã bán
Nồi Chiên Không Dầu Philips 2 ngăn NA150/00 - 7L - Hàng Chính Hãng,https://www.lazada.vn/products/pdp-i3094276088.html,3.899.000 ₫,5.0,12 Đã bán
[Không hộp da] Máy Sấy Tóc Dyson Supersonic Nural HD16 (Ceramic Pink/Rose Gold),https://www.lazada.vn/products/pdp-i3064195711.html,11.190.000 ₫,5.0,Cam Kết Giá Tốt
Bộ 4 thớt kèm 1 dao Joseph Joseph Folio Icon Regular Plus nhiều màu w/Chef Knife (Mcolor) - 008593,https://www.lazada.vn/products/pdp-i2965700410.html,1.899.000 ₫,,
Máy Xay Sinh Tố Philips HR2221/00 - 700W - Công Nghệ Problend Crush - Bộ 2 Cối - Dung Tích Cối Lớn 1.5L - Hàng Phân Phối Chính Hãng,https://www.lazada.vn/products/pdp-i764106210.html,1.299.000 ₫,4.0,
"Máy Say Sinh Tố BB-450S, Cối thủy tinh 1.5L, 450W.",https://www.lazada.vn/products/pdp-i2337166233.html,650.000 ₫,5.0,7 Đã bán
