title,url,price,rating,shop
laptop đời cao i5 ko lên nguồn,https://www.lazada.vn/products/pdp-i3058707851.html,399.999 ₫,5.0,
"Thanh lý Laptop Acer 722, Cpu core 2 duo, ram 2G, ô cứng 320G, Màn 12 inh"", giá 1,5 triệu",https://www.lazada.vn/products/pdp-i2539681715.html,1.000.000 ₫,5.0,5 Đã bán
laptop toshiba z35 cực mạnh - i5 6200U U Ram 16GB SSD 256G,https://www.lazada.vn/products/pdp-i2590786738.html,2.900.000 ₫,4.0,210 Đã bán
Laptop Dell Latitude 7270 CPU I5 Gen 6 Ram 8Gb SSD 256Gb Màn hình 12.5Inch HD BH Dài Hạn,https://www.lazada.vn/products/pdp-i2968549891.html,3.990.000 ₫,,
Máy Tính Xách Tay Laptop Samsung Galaxy Chromebook Go XE310XDA N4500/4GB/32GB/ChromeOS - Hàng Chính Hãng,https://www.lazada.vn/products/pdp-i2835015376.html,4.990.000 ₫,5.0,10 Đã bán
laptop Toshiba Z930 siêu mỏng - i5 3337u Ram 10GB SSD 256G,https://www.lazada.vn/products/pdp-i1926374288.html,2.599.000 ₫,4.0,170 Đã bán
"Laptop 2 trong 1 kiêm máy tính bảng Fujitsu Arrows Q507 Atom X5-Z8550, 4gb Ram 128gb SSD, màn 10.1inch Full HD cảm ứng",https://www.lazada.vn/products/pdp-i1070358366.html,1.350.000 ₫,4.0,106 Đã bán
asus factory laptop Mini 100% mới 14.1 Inch intel J4105 RAM 6GB SSD 256GB máy tính xách tay Windows 10 Pro & MS Office Notebook Lenovo factory Bảo hành 3 năm,https://www.lazada.vn/products/pdp-i2420326077.html,6.899.998 ₫,4.0,44 Đã bán
CHUWI | Máy Tính Xách Tay Intel Thế Hệ 12 Màn Hình Lớn 15.6 Inch,https://www.lazada.vn/products/pdp-i3197161309.html,6.251.000 ₫,4.0,
Laptop Lenovo Thinkpad X1 Carbon Gen 7/ GEN 6 / GEN 5/ Core i7 / Core i5 / 14 FHD SIÊU MỎNG - SIÊU NHANH - HÀNG CHÍNH HÃNG,https://www.lazada.vn/products/pdp-i1983102364.html,4.399.000 ₫,4.0,236 Đã bán
"Laptop Asus X44H core i3 - thanh lý - giải trí, văn phòng",https://www.lazada.vn/products/pdp-i3190757292.html,1.200.000 ₫,,
LaptopLENOVO THINKPAD X1 Carbon Gen 7 X1 Carbon Gen 6 X1 Carbon Gen 5 X1 Carbon X1 Carbon Gen 4 Core i5-8250U RAM 16GB SSD 512GB 14 inPin&gt;4h,https://www.lazada.vn/products/pdp-i2241051870.html,4.988.500 ₫,5.0,160 Đã bán
"CHUWI | Laptop Gaming Mỏng Nhẹ Cao Cấp Intel Core Thế Hệ 12, 6 Nhân 8 Luồng, 14 inch 2K",https://www.lazada.vn/products/pdp-i3197230140.html,9.452.000 ₫,4.0,
CHUWI | Máy Tính Xách Tay 2-trong-1 Màn Hình Cảm Ứng 2K Intel Thế Hệ 12,https://www.lazada.vn/products/pdp-i3197128340.html,8.599.000 ₫,4.0,
Laptop To-shi-ba core i5 Ổ Cứng Ssd 128Gb Windows 11 bảo hành 1 năm,https://www.lazada.vn/products/pdp-i2070656319.html,3.990.000 ₫,,
Laptop HP Elitebook 840 G7 Core i5-10210U ram 16 SSD 512 14 inch Full HD Nhôm nguyên khối,https://www.lazada.vn/products/pdp-i3229568633.html,7.450.000 ₫,,
Laptop xách tay Giá rẻ DELL LATITUDE E5250 I5-5300U / RAM 4GB / SSD 128GB / MÀN 12.5 LED / VGA INTEL HD GRAPHIC 5500 pin 70%,https://www.lazada.vn/products/pdp-i2298303645.html,5.000.000 ₫,,
laptop cũ dell giá rẻ,https://www.lazada.vn/products/pdp-i1625249468.html,1.850.000 ₫,,
Laptop Lenovo 4G Ssd 128Gb Học Tập Làm Việc Giải Trí Bảo Hành 1 Năm,https://www.lazada.vn/products/pdp-i3061369131.html,2.000.000 ₫,,
"Laptop Cũ Rẻ Các Hãng Core i7 / i5 / Ram 8gb / Màn hình 14 - 15.6inch / Làm Văn Phòng, Học Tập Mượt Mà",https://www.lazada.vn/products/pdp-i2412244652.html,4.500.000 ₫,4.0,138 Đã bán
Máy tính xách tay giá rẻ Laptop Lenovo V330-15IKB Intel Core i3-7130U Ram 8gb SSD128gb+ HDD 500 pin 4-6h,https://www.lazada.vn/products/pdp-i2294073804.html,3.960.000 ₫,,
"Laptop Dell Latitude 3540 dùng cho học tập, giải trí, công việc v.v... đầy đủ phần mềm cơ bản",https://www.lazada.vn/products/pdp-i2040398453.html,4.990.000 ₫,,
Laptop Hp Ultrabook 840 G1/ I5 4300U/ 4G/ SSD128-500G/ 14in/ Win 10/ Like New/ Giá rẻ,https://www.lazada.vn/products/pdp-i1891107900.html,4.500.000 ₫,,
"Laptop Acer Aspire 4349 dùng cho học tập, giải trí, công việc v.v... đầy đủ phần mềm cơ bản",https://www.lazada.vn/products/pdp-i2040435463.html,4.590.000 ₫,,
"Laptop Hp Elitebook 840 G3, I5 6300U 8G SSD256G Full HD Finger Pin Lâu Giá rẻ",https://www.lazada.vn/products/pdp-i1891148712.html,5.990.000 ₫,,
"Laptop Giá Rẻ Dell Latitude 3560 15.6 Inches (Core I5-5200U, Ram 4GB, SSD 128) Mỏng, Nhẹ, Đẹp Thời Trang. Pin85%",https://www.lazada.vn/products/pdp-i2294495996.html,5.000.000 ₫,5.0,
"Laptop Dell vostro 3468 Core i5 7200U, chạy nhanh mượt, học tập, làm việc ngon",https://www.lazada.vn/products/pdp-i3069723457.html,3.699.120 ₫,,
Laptop văn phòng chiến game nhẹ tốt giá rẻ đời cao,https://www.lazada.vn/products/pdp-i984838169.html,2.550.000 ₫,5.0,
"Laptop Lenovo Thinkpad X20 dùng cho học tập, giải trí, công việc v.v... đầy đủ phần mềm cơ bản",https://www.lazada.vn/products/pdp-i2040491240.html,3.990.000 ₫,,
"Laptop Gaming ACER intel i5 giá rẻ bảo hành 12 tháng-văn phòng, học tập, làm việc",https://www.lazada.vn/products/pdp-i3136044991.html,3.500.000 ₫,,
"Laptop màn hình lớn Toshiba AZ27 Core i3-6100U/8gb ram, 256gb SSD, màn 17.3inch HD sắc nét",https://www.lazada.vn/products/pdp-i2121963678.html,3.700.000 ₫,,
"Laptop HP Probook 640, màn hình 14'' RAM 4GB SSD 128GB chip Intel Core i5-4210M chuyền văn phòng giá rẻ (WIFI)",https://www.lazada.vn/products/pdp-i2342224614.html,2.499.000 ₫,,
laptop asus giá rẻ cũ,https://www.lazada.vn/products/pdp-i1939363200.html,1.700.000 ₫,,
laptop dell latitude giá rẻ,https://www.lazada.vn/products/pdp-i1939335184.html,1.990.000 ₫,,
Laptop Giá Rẻ Lenovo ThinkPad E590/ Core i7- 8665U Ram 16gb SSD 512gb Pin&gt;4h,https://www.lazada.vn/products/pdp-i3160144826.html,5.200.000 ₫,,
THINKPAD T440P CORE I5 4200M RAM 8G SSD 256G 14INCH GIÁ RẺ,https://www.lazada.vn/products/pdp-i2198282302.html,3.135.000 ₫,5.0,5 Đã bán
Laptop Xách Tay 4G Học Tập Làm Việc Giải Trí Tốt BH 9/2025,https://www.lazada.vn/products/pdp-i2784832275.html,2.000.000 ₫,,
Laptop 2in1 Lenovo Yoga Thinkpad 260 ram 8GB ổ SSD 256GB chip intel Core i5-6300U kèm bút cảm ứng chuyên văn phòng,https://www.lazada.vn/products/pdp-i2313262547.html,4.499.000 ₫,,
laptop i3 siêu đẹp,https://www.lazada.vn/products/pdp-i1160774992.html,1.299.999 ₫,2.0,9 Đã bán
laptop 11in Stream hàng nhập khẩu giá rẻ cho học sinh full box,https://www.lazada.vn/products/pdp-i252708632.html,1.557.000 ₫,,
Máy tính laptop cấu hình đời cao chip I3 siêu khoẻ giá ưu đãi trong 7 ngày,https://www.lazada.vn/products/pdp-i2605474115.html,1.299.999 ₫,4.0,15 Đã bán
DELL INSPIRON 5558 INTEL 3205U RAM 8G SSD 256G 15.6INCH,https://www.lazada.vn/products/pdp-i2377645140.html,3.800.000 ₫,5.0,
"Laptop HP 4530s i5 , SSD256 siêu bền giá rẻ Giá Thì Ai Củng Mua Được bh 12thang ( Hàng Nhập Khẩu Japan)",https://www.lazada.vn/products/pdp-i251075573.html,1.998.000 ₫,5.0,28 Đã bán
"Laptop 2 trong 1 Sony Vaio Pro PA Core i7-8500Y, 16gb ram, 512gb SSD, màn 12.5inch cảm ứng tháo rời bàn phím",https://www.lazada.vn/products/pdp-i2656327043.html,3.900.000 ₫,4.0,
"HP Probook 430G1 Core i7-4500U, 8gb ram, 256gb SSD, màn 13.3inch HD nhập khẩu nguyên chiếc",https://www.lazada.vn/products/pdp-i2255034846.html,3.300.000 ₫,,
LAPTOP HỌC SINH CẤP 3 ĐẦY ĐỦ PHỤ KIỆN CHÍNH HÃNG (BẢO HÀNH 1 NẮM),https://www.lazada.vn/products/pdp-i2634393664.html,1.999.000 ₫,,
Laptop Surface Go cực kì mỏng nhẹ sang trọng cho văn phòng,https://www.lazada.vn/products/pdp-i3199841332.html,3.870.000 ₫,,
Laptop Dell Latitude 7200 2-in-1 Cảm Ứng Tháo Rời Màn Hình,https://www.lazada.vn/products/pdp-i1989015819.html,7.290.000 ₫,5.0,14 Đã bán
DELL GAMING 7447 CORE I5 4210H RAM 8G SSD 128G + 1T 14INCH GTX 850 4GB,https://www.lazada.vn/products/pdp-i2158523035.html,4.900.000 ₫,5.0,
[Trả góp 0%]Dell Latitude E6510 Core i7 Ram 8G SSD 128G 15.6inch,https://www.lazada.vn/products/pdp-i527520479.html,3.500.000 ₫,4.0,68 Đã bán
"Laptop Nec Lavie LL750T Core i7-4710QM, 8gb ram, 256gb SSD, 15.6” Full HD IPS cảm ứng, vỏ sơn Piano sáng bóng",https://www.lazada.vn/products/pdp-i2091596221.html,4.900.000 ₫,5.0,
Laptop siêu di động Dell Latitude E7280 Core i5-7300/ ram 8gb/ ssd 256gb/ 12.5 inch - Hàng xách tay USA,https://www.lazada.vn/products/pdp-i1520443797.html,4.250.000 ₫,5.0,10 Đã bán
[Trả góp 0%]Laptop FUJITSU LifeBook S904 Core i5-4300U 4gb Ram 128gb SSD 13.3inch Full HD pin 6 giờ vỏ nhôm siêu nhẹ,https://www.lazada.vn/products/pdp-i519368325.html,3.590.000 ₫,5.0,
"LAPTOP DELL 5437 I3 I5 MÀN 14IN 4210U/8G/SSD 256G + VGA 2G VỎ NHÔM TOÀN THÂN = 3 MÀU XÁM , ĐỎ, ĐEN",https://www.lazada.vn/products/pdp-i1765134766.html,4.870.000 ₫,4.0,40 Đã bán
"Laptop Toshiba M50-A, Core i5-4200U, 4gb ram,620gb HDD, vga rời GT740M, 15.6inch HD vỏ nhôm sang trọng",https://www.lazada.vn/products/pdp-i1823725495.html,5.800.000 ₫,,
"Laptop Toshiba Kira V832 Core i7, 8gb ram, 256gb SSD, 13.3” 2K HD , vỏ nhôm siêu mỏng",https://www.lazada.vn/products/pdp-i1905317358.html,4.600.000 ₫,,
Laptop Dell Latitude 5290 2in1 Cảm Ứng Core i5-8350U RAM 8GB SSD 256GB 12.5inch FHD touch,https://www.lazada.vn/products/pdp-i2247823995.html,5.800.000 ₫,5.0,12 Đã bán
[Mới 99%] laptop Dell Latitude 3390 2 in 1 | Core I5-8300U | 16GB | 256GB | Màn hình 13.3 inch FHD IPS Cảm ứng xoay gập 360 độ,https://www.lazada.vn/products/pdp-i2250707379.html,6.320.000 ₫,4.0,61 Đã bán
CHUWI | Máy Tính Xách Tay Chơi Game Mỏng Nhẹ 14 Inch Màn Hình 2K,https://www.lazada.vn/products/pdp-i3197555964.html,9.449.000 ₫,,
"Thanh lý Laptop LENOVO G460, Cpu core I3, ram 2G, ô cứng 350G, Màn 14"", Giá bán 1,5 Triệu",https://www.lazada.vn/products/pdp-i2362772157.html,1.500.000 ₫,1.5,
"Laptop 2 trong 1 Toshiba D83 Core i7-8550U, 8gb ram, 512gb SSD, màn 13.3” Full HD cảm ứng bàn phím tháo rời",https://www.lazada.vn/products/pdp-i2541136792.html,4.600.000 ₫,5.0,8 Đã bán
Máy tính laptop giá rẻ nhiều mã nhiều cấu hình phân khúc 1.5 triệu đến 3.5 triệu,https://www.lazada.vn/products/pdp-i2494058595.html,1.500.000 ₫,1.5,
Laptop giá rẻ Dell Latitude E7280 Core i5-7200U RAM 8Gb SSD 256Gb Màn 12.5 inch HD Bảo Hành 12 Tháng PIN90%,https://www.lazada.vn/products/pdp-i2218205744.html,5.000.000 ₫,5.0,
Laptop xách tay giá rẻ HP Probook 450 G3 Core i5-6100U / RAM 8GB / SSD 256GB / Màn 15.6 inch HD Pin 100%,https://www.lazada.vn/products/pdp-i2240703690.html,6.000.000 ₫,,
Laptop xách tay giá rẻ LENOVO THINKPAD T580 I5 8350 RAM 8GB SSD 256GB 99%,https://www.lazada.vn/products/pdp-i2663040781.html,7.100.000 ₫,,
LAPTOP DELL LATITUDE E7470 CẢM ỨNG i5-6300 I7-6600U | RAM 8G | Ổ SSD 256G | MÀN HÌNH 14″ QHD 2K(2560x1440),https://www.lazada.vn/products/pdp-i1765170856.html,5.120.000 ₫,4.0,173 Đã bán
LAPTOP MỎNG BỀN ĐẸP (PHIÊN BẢN MÀN FULL HD + CẢM ỨNG )HP EliteBook 820 G3 I intel Core i5 6300U I DDR4 8Gb M2 256 I Màn hình 12.5 NHỎ GỌN TIỆN LỢI,https://www.lazada.vn/products/pdp-i1988225362.html,5.120.000 ₫,4.0,92 Đã bán
"Laptop Sony Vaio VJPF11 intel Core i5-8250U, 8gb ram, 256gb SSD, màn Full HD IPS 11inch, nhập nhật màu trắng siêu đẹp",https://www.lazada.vn/products/pdp-i2479973063.html,4.990.000 ₫,5.0,
"Máy tính Dell Latitude 7300 Core i5 8th, Ram 8, SSD 256, 13,3inch Full HD",https://www.lazada.vn/products/pdp-i2010034530.html,6.000.000 ₫,5.0,110 Đã bán
laptop hp giá rẻ cũ,https://www.lazada.vn/products/pdp-i1939363050.html,1.700.000 ₫,,
Laptop Dell Latiitude 5310 I5 Gen 10 Ram 8Gb SSD 256Gb Màn hình 13.3Inch FHD hàng US,https://www.lazada.vn/products/pdp-i2997674489.html,6.790.000 ₫,,
Laptop Dell Latitude E7470 Intel Core i7 6600U/Ram 8Gb/SSD 256 Gb,https://www.lazada.vn/products/pdp-i2391492050.html,5.990.000 ₫,5.0,
laptop toshiba i7 2630QM/8g/ssd 128g,https://www.lazada.vn/products/pdp-i3211280986.html,1.900.000 ₫,,
Laptop asus cũ i3 giá rẻ giá học sinh,https://www.lazada.vn/products/pdp-i3210798786.html,2.100.000 ₫,,
"Laptop Dell XPS 13 9360 Core i5-7200U, 8gb ram, 512gb ssd màn hình 13.3” Full HDD hàng nhập khẩu Nhật Bản đã qua sử dụng",https://www.lazada.vn/products/pdp-i3061726534.html,5.990.000 ₫,,
"Laptop Dell Inspiron 7548 Core i7 giá tốt dành cho sinh viên, văn phòng, Ram 8gb, ổ cứng SSD 256gb, Màn hình 15.6inch HD, laptop zin lướt 99%",https://www.lazada.vn/products/pdp-i2473163159.html,5.000.000 ₫,5.0,5 Đã bán
"Laptop HP Elitebook 840G5 Core i5-8350U, 16gb Ram, 512gb SSD, 14” Full HD Cảm ứng, vỏ nhôm hàng nhập khẩu",https://www.lazada.vn/products/pdp-i1640698344.html,5.900.000 ₫,5.0,19 Đã bán
Laptop Dell Latitude E5470/ i7 6600HQ – RAM 8GB – SSD 256GB – MH 14″ FULL HD,https://www.lazada.vn/products/pdp-i1765105659.html,4.380.000 ₫,4.0,51 Đã bán
Laptop bỏ túi Onemix GPD 7 inch ram 8GB chip lõi tứ màn hình cảm ứng cực kỳ nhỏ gọn,https://www.lazada.vn/products/pdp-i2138708138.html,6.970.000 ₫,5.0,69 Đã bán
"Thanh lý Laptop DELL N4110, Cpu core I3 ram 4G, ô cứng 120G, Màn 14"". Giá bán 1,5 Triệu",https://www.lazada.vn/products/pdp-i2362812031.html,1.500.000 ₫,5.0,
"Máy tính 2 trong 1 Dell Latitude 7210 Core i7-10610U, 16gb ram, 512gb SSD, màn hình 12.3” Full HD cảm ứng phím tháo rời hàng nhập khẩu Nhật Bản qua sử dụng",https://www.lazada.vn/products/pdp-i2993639763.html,6.500.000 ₫,,
[Trả góp 0%]XẢ HÀNG Thinkpad X250 Core i5 5200U Ram 8G SSD 256G 12.5inch GIÁ RẺ,https://www.lazada.vn/products/pdp-i1216542221.html,3.300.000 ₫,4.0,45 Đã bán
"Máy tính Laptop Core i3 Học Tập, Làm Việc, Giải Trí, rất tiện lợi",https://www.lazada.vn/products/pdp-i3058418642.html,2.000.000 ₫,,
Laptop Toshiba màn 12” Cấu hình cao giá tốt,https://www.lazada.vn/products/pdp-i2242840152.html,1.850.000 ₫,,
Laptop Dell cũ giá rẻ CHÍNH HÃNG,https://www.lazada.vn/products/pdp-i2109939702.html,2.400.000 ₫,,
Laptop Cũ i5 RAM 6Gb ROM 265Gb Màn Hình 14-15.6 Inch Chính Hãng (Giao hãng ngẫu nhiên),https://www.lazada.vn/products/pdp-i2634466284.html,2.200.000 ₫,5.0,
LAPTOP MINI THINKPAD X270 CORE I5 6300U RAM 8G SSD 256G 12.5INCH,https://www.lazada.vn/products/pdp-i2624439677.html,3.610.000 ₫,5.0,14 Đã bán
[Cấu hình cao-Pin trâu] Laptop Panasonic Let’s note CF-SV7 (i7 8550U/ 8GBGB/ SSD 256GB/ FHD+) HÀNG NỘI ĐỊA NHẬT siêu bền,https://www.lazada.vn/products/pdp-i3180911897.html,4.900.000 ₫,,
Laptop Panasonic CF-NX4/SX4,https://www.lazada.vn/products/pdp-i1266793386.html,3.590.000 ₫,,
Laptop giá rẻ Dell Latitude E7490 i5 – 8350U| RAM 8GB| SSD 256GB| 14.0 FHD| CARD ON Pin 90%,https://www.lazada.vn/products/pdp-i2240895780.html,6.076.900 ₫,5.0,16 Đã bán
bán laptop chuẩn nhật Fujitsu lifebook s936. I5 6200u. Ram 8.ssd 128 màn 13.3in fulHD.,https://www.lazada.vn/products/pdp-i3060062881.html,4.550.000 ₫,,
Laptop giá rẻ DELL LATITUDE 7290 I5-7300U/ 8GB/ SSD256GB/ 12.5HD Pin&gt;3-5h,https://www.lazada.vn/products/pdp-i2347006751.html,4.590.000 ₫,5.0,17 Đã bán
laptop HP 830 g5 full nhôm màn cảm ứng,https://www.lazada.vn/products/pdp-i2769280965.html,5.990.000 ₫,,
Bán laptop nhật Fujitsu AH77. cpu i5 7200u.ram 8.ssd 256g. hàng cũ hinh thức đẹp 90%,https://www.lazada.vn/products/pdp-i3060115661.html,5.250.000 ₫,,
Laptop Dell Latitude 7390 Core i7-8650U RAM 16GB SSD 256GB 13.3inch IPS FHD Pin 4-6H,https://www.lazada.vn/products/pdp-i2498613555.html,6.421.999 ₫,4.0,35 Đã bán
Laptop Dell Latitude 5400 CPU Core I5 Gen 8 Ram 16Gb SSD 512Gb 14Inch FHD Pin 4H Xách Tay Cực Đẹp | Hữu Laptop,https://www.lazada.vn/products/pdp-i2515699230.html,6.190.000 ₫,,
Laptop Dell Latitude 5410 Core i7-10610/ ram 8gb/ ssd 256gb/14 inch Full HD xách tay USA,https://www.lazada.vn/products/pdp-i3064847818.html,7.250.000 ₫,,
Laptop xách tay giá rẻ DELL LATITUDE 7380 core I5-7300U RAM 8G SSD 256G 13.3 INCH FULL HD,https://www.lazada.vn/products/pdp-i2414214979.html,5.700.000 ₫,,
LAPTOP A1466 CORE I5 RAM 8G SSD 256G 13INCH PIN 5H DATE 2014,https://www.lazada.vn/products/pdp-i2806060839.html,5.700.000 ₫,,
"✨🔥 [Qua sử dụng nhưng còn như mới] HP 430 G6 – “NGỌC TRINH” CỦA GIỚI LAPTOP, GIÁ CHỈ 3.690.000₫ 🔥✨",https://www.lazada.vn/products/pdp-i3082848739.html,3.390.000 ₫,,
Laptop Dell Latitude 3470 màn 14 inch - Core i5 6200u Ram 8G 256G SSD,https://www.lazada.vn/products/pdp-i3195788740.html,3.348.000 ₫,,
"Laptop Fujitsu NF70Y dùng cho học tập, giải trí, công việc v.v... đầy đủ phần mềm cơ bản",https://www.lazada.vn/products/pdp-i2040462224.html,2.700.000 ₫,,
MUA 1 TẶNG 3 Laptop Dell Latitude 5510 i5-10310U Ram 8GB hoặc 16GB SSD 256GB màn 15.6inch FHD - Máy Cũ Đẹp - BH 3 tháng,https://www.lazada.vn/products/pdp-i3076078222.html,6.990.000 ₫,,
CHUWI | Máy Tính Xách Tay Siêu Nhẹ Mini 2-trong-1,https://www.lazada.vn/products/pdp-i3197225767.html,10.294.000 ₫,4.0,
"Laptop Fujitsu LifeBook AH53/S Core i7-4712QM, 16gb Ram, 256gb SSD, 15.6inch Full HD",https://www.lazada.vn/products/pdp-i2148024570.html,4.990.000 ₫,,
"Laptop Nec VersaPro VKT25 Core i5-7200U, 8gb ram, 256gb SSD, 15.6” HD hàng nhập khẩu Nhật Bản",https://www.lazada.vn/products/pdp-i2070131587.html,3.900.000 ₫,,
"[HCM]LAPTOP Lenovo Thinkpad T440p, Core i5 4210U, Ram 8GB, SSD 256GB, Màn 14inch",https://www.lazada.vn/products/pdp-i2446088838.html,3.700.000 ₫,,
HP PROBOOK 650 G4 I5 7200U/ RAM 8GB/ SSD 256GB/ 15.6INCH/ MÀU BẠC TRẮNG/ CHUYÊN VĂN PHÒNG/ GIÁ RẺ,https://www.lazada.vn/products/pdp-i2781335930.html,6.800.000 ₫,,
laptop Dell Precision M6800 core i7 4800QM 16Gb SSD128+1000Gb K4100M 15.6FullHD,https://www.lazada.vn/products/pdp-i824814267.html,6.699.000 ₫,,
"Laptop Fujitsu U727 Core i5-7300U, 32gb ram, 512gb SSD, 12.5” HD IPS, windows 11 bản quyền, vỏ nhôm siêu mỏng nhẹ chỉ 1.1kg",https://www.lazada.vn/products/pdp-i1902615859.html,4.990.000 ₫,,
CHUWI | Máy Tính Xách Tay Chơi Game Màn Hình Lớn Mỏng & Di Động 16GB+512GB,https://www.lazada.vn/products/pdp-i3195272812.html,10.736.000 ₫,,
"Hp EliteBook 840 G3 sang trọng, mạnh mẽ i5-6300U | 8GB | SSD 256GB | 14""",https://www.lazada.vn/products/pdp-i2231153439.html,4.500.000 ₫,,
DELL LATITUDE RUGGED 5414 CORE I5 6300U RAM 8GB SSD 256GB 14INCH,https://www.lazada.vn/products/pdp-i2528214777.html,6.800.000 ₫,,
"Laptop cũ dùng cho giải trí, văn phòng, xem video v.v...",https://www.lazada.vn/products/pdp-i1974701580.html,2.200.000 ₫,,
[Mượt] Laptop panasonic SZ6,https://www.lazada.vn/products/pdp-i2675361192.html,3.590.000 ₫,5.0,
[Made in Japan] Laptop panasonic LX5,https://www.lazada.vn/products/pdp-i1635832558.html,3.790.000 ₫,,
Dell Latitude 5290 dòng máy 2 in 1 Nhật zin,https://www.lazada.vn/products/pdp-i2494150811.html,5.720.000 ₫,,
[Gaming] Laptop Dell inspiron 7559 7557 core i7 6700HQ đồ họa độc lập GTX 960M 4GB mạnh mẽ cho game thủ,https://www.lazada.vn/products/pdp-i3162426713.html,5.470.000 ₫,,
Túi Đựng Laptop Chống Nước – Túi Lót Màu Trơn Có In Logo Theo Yêu Cầu,https://www.lazada.vn/products/pdp-i2524413345.html,16.000 ₫,4.0,
"Thanh lý Laptop Asus , 1 triệu, mới 95%.",https://www.lazada.vn/products/pdp-i2181418060.html,1.000.000 ₫,3.0,17 Đã bán
"Laptop 2 trong 1 HP Elite X2-210G2 Atom x5-8350, 2gb ram, 32gb SSD, màn 10.1” HD cảm ứng bàn phím tháo rời",https://www.lazada.vn/products/pdp-i2372393276.html,1.700.000 ₫,4.0,24 Đã bán
"Thanh lý Laptop Asus MỚI, Cpu core I3 ram 4G, ô cứng 350G, Màn 14"". Giá bán 1,5 Triệu",https://www.lazada.vn/products/pdp-i2362790225.html,1.500.000 ₫,5.0,
(free ship) laptop cũ giá rẻ,https://www.lazada.vn/products/pdp-i1160626496.html,1.199.999 ₫,4.0,38 Đã bán
"Máy tính Laptop Dell Laititude 7490 Core i5, Ram 8, SSD 256, 14inch Full HD",https://www.lazada.vn/products/pdp-i2010015724.html,5.300.000 ₫,5.0,173 Đã bán
"Laptop Toshiba R73 Nhật Bản Chính Hãng - Chip Core i5 Thế hệ 7, Ram 8GB, Bộ Nhớ SSD 128GB",https://www.lazada.vn/products/pdp-i2938453768.html,2.750.000 ₫,5.0,
"Thanh lý Laptop Lenovo, Pentum (R), Giá bán 1,1 triệu",https://www.lazada.vn/products/pdp-i2281060212.html,1.100.000 ₫,5.0,18 Đã bán
"Laptop HP 4730S i7 , SSD120G , 4G Hàng Nhập Khẩu Japan Giá sinh viên Tặng kèm box 250G",https://www.lazada.vn/products/pdp-i251082398.html,2.870.000 ₫,5.0,
(XẢ HÀNG) THINKPAD X270 CORE I5 6300U RAM 8G SSD 256G 12.5INCH,https://www.lazada.vn/products/pdp-i2275643878.html,3.515.000 ₫,4.0,84 Đã bán
Laptop xách tay giá rẻ LENOVO THINKPAD E495 Ryzen3-3200U RAM 8GB SSD256GB 99%,https://www.lazada.vn/products/pdp-i2663496213.html,5.500.000 ₫,5.0,
"Laptop 2in1 Asus T100, Nhỏ gọn thích hợp văn phòng làm việc",https://www.lazada.vn/products/pdp-i1532345151.html,2.399.000 ₫,5.0,6 Đã bán
"Laptop Dell 2022 inspiron 1420 ram 4Gb ổ cứng 120Gb Windows 8 bảo hành 7 tháng làm việc văn phòng, học tập ok",https://www.lazada.vn/products/pdp-i2070763255.html,1.990.000 ₫,4.0,26 Đã bán
LapTop xách tay Microsoft surface pro 6 Core i5 8250U Ram 8gb SSD 128gb Màn touch 2k pin&gt; 4h,https://www.lazada.vn/products/pdp-i2576929336.html,7.999.999 ₫,,"5 Đã bán
Hà Nội"
"Laptop Core i3, i5 Ram 4gb - 8gb SSD 128gb Màn hình 14 - 15.6in nhiều hãng",https://www.lazada.vn/products/pdp-i2653982967.html,2.699.000 ₫,,
HP ELITEBOOK X360 1030 G3 CORE I7 8550U RAM 16G SSD 256G 13.3ICNH TOUCH 120HZ,https://www.lazada.vn/products/pdp-i3028838888.html,8.500.000 ₫,,
[Sale] Laptop Panasonic CF-SX3/NX3,https://www.lazada.vn/products/pdp-i1983440180.html,2.990.000 ₫,,
"Laptop HP EliteBook 820 G2 Core i7-5500U, 16gb ram, 256gb SSD, màn 12.5inch HD, vỏ nhôm siêu bền gọn nhẹ",https://www.lazada.vn/products/pdp-i2234906090.html,2.450.000 ₫,,
Laptop cũ dưới 2 triệu giá rẻ,https://www.lazada.vn/products/pdp-i2227557017.html,2.400.000 ₫,,
"Laptop Ram 6G Văn Phòng, Học Tập, Làm Việc Online Bảo Hành 12 Tháng",https://www.lazada.vn/products/pdp-i3116294647.html,2.700.000 ₫,,
Laptop Acer Aspire Lite 15 AL15-41P-R3U5 (Ryzen 7 5700U/ Onboard graphics/ 16GB/ 512GB/ Windows 11) - Bảo hành 12 tháng,https://www.lazada.vn/products/pdp-i3113091391.html,13.090.000 ₫,5.0,6 Đã bán
Laptop sang bền đẹp nhẹ Nhật Bản,https://www.lazada.vn/products/pdp-i2767546019.html,4.200.000 ₫,,
"Laptop 2 trong 1 HP Elite X2 1012 G1 Core M3-6Y30, 4gb ram, 128gb SSD, 12inch Full HP cảm ứng đa điểm",https://www.lazada.vn/products/pdp-i2495134895.html,2.500.000 ₫,,
DELL LATITUDE 5400 CORE I7 8665U RAM 16G SSD 512G 14INCH FHD IPS,https://www.lazada.vn/products/pdp-i3094020658.html,6.990.000 ₫,5.0,
[Pin Trâu] Laptop Panasonic CF-SX4/NX4,https://www.lazada.vn/products/pdp-i1983450028.html,3.590.000 ₫,5.0,
Laptop Asus Vivobook Go 14 E1404FA-EB482W (Ryzen 5 7520U/ Onboard graphics/ 16GB/ 512GB/ Windows 11) - Bảo hành 24 tháng,https://www.lazada.vn/products/pdp-i3179770567.html,11.450.000 ₫,5.0,
"Thanh Lý Laptop HP, Cpu core I3. Giá bán 1,5 triệu",https://www.lazada.vn/products/pdp-i2514799391.html,1.500.000 ₫,1.5,
"LapTop Dell Latitude 3520 (70251603) | Intel Tiger Lake Core i3 1115G4 | 4GB | 256GB SSD PCIe | 15.6 inch HD | FreeDos | Hàng New 100%, Chính Hãng Dell Việt Nam",https://www.lazada.vn/products/pdp-i1387073742.html,9.999.000 ₫,,"15 Đã bán
Hồ Chí Minh"
"Laptop HP Probook 4420s (Core i3 390M, RAM 2GB, HDD 320GB, Intel HD Graphics, 14 inch) bảo hành 1 năm",https://www.lazada.vn/products/pdp-i2178403611.html,2.990.000 ₫,,
Asus E402S Celeron N3050 Ram 4G SSD 128G 14INCH,https://www.lazada.vn/products/pdp-i449024810.html,2.500.000 ₫,,
Laptop đồ hoạ Zbook 15G3 Core i7 6820HQ/ Ram 16Gb/ SSD 256Gb + HDD 500Gb/ VGA M2000M/ 15.6 inch Full HD,https://www.lazada.vn/products/pdp-i3089184363.html,6.750.000 ₫,,
"Laptop NEC VersaPro win8 ram 4g dùng cho học tập, giải trí, văn phòng v.v... bao mượt, tốt, bền",https://www.lazada.vn/products/pdp-i2116638590.html,3.290.000 ₫,,
LAPTOP DELL INSPIRON 3567 CORE I5 7200U RAM 8G SSD 128G+500G 15.6ICNH GIÁ RẺ,https://www.lazada.vn/products/pdp-i2658899736.html,4.800.000 ₫,,
[Made in Japan] Laptop panasonic LX3,https://www.lazada.vn/products/pdp-i2675355071.html,2.990.000 ₫,,
"Laptop Dell Latitude 5480 màn 14'' Full HD, Ram 8GB SSD 256GB chip Intel Core i5-6300U chuyên văn phòng (WIFI)",https://www.lazada.vn/products/pdp-i2342113726.html,3.699.000 ₫,,
DELL 7390 core i5 8300 ram 8G ssd 256G. Man hình 14 FULL HD SIÊU MƯỢT SIÊU MỎNG NHẸ GIÁ TỐT NTT,https://www.lazada.vn/products/pdp-i1940836636.html,5.890.000 ₫,4.0,25 Đã bán
[Cấu hình cao-Pin trâu] Laptop Panasonic Let’s note CF-SV7 (i7 8550U/ 8GBGB/ SSD 256GB/ FHD+) HÀNG NỘI ĐỊA NHẬT siêu bền,https://www.lazada.vn/products/pdp-i3182241113.html,4.900.000 ₫,,
ASUS ROG GL553VD CORE I7 7700HQ RAM 16GB SSD 256GB+1T 15.6INCH FHD VGA,https://www.lazada.vn/products/pdp-i2248305079.html,7.590.500 ₫,,"5 Đã bán
Hồ Chí Minh"
"Laptop Emachines D525 core 2 duo T6570 ram 3Gb ổ 320Gb windows 10 đầy đủ phụ kiện, BH 7 tháng",https://www.lazada.vn/products/pdp-i2634287900.html,1.990.000 ₫,,
[Cảm ứng kèm bút] Laptop panasonic CF-MX5,https://www.lazada.vn/products/pdp-i2689066521.html,3.900.000 ₫,,
Laptop cấu hình cao chip i5 siêu mạnh,https://www.lazada.vn/products/pdp-i2645656444.html,1.599.999 ₫,4.0,13 Đã bán
Laptop HP mini 10 inch Win 8 đầy đủ phụ kiện phần mềm cơ bản,https://www.lazada.vn/products/pdp-i2634425367.html,1.700.000 ₫,,
"Laptop Nec VersaPro VH-4 , Chip Core m3 thế hệ 8 8100y,màn full hd, Chính Hãng",https://www.lazada.vn/products/pdp-i3172189730.html,2.200.000 ₫,,
Laptop Lenovo V14 IIL (82C400W3VN8GB) Core™ i5 _ 1035G1 | 8GB | 256GB SSD PCIe | VGA INTEL| Hàng Chính Hãng,https://www.lazada.vn/products/pdp-i2119263992.html,10.950.000 ₫,5.0,9 Đã bán
Laptop HP Elitebook Folio G1 Core M5-6Y54/8gb Ram/256gb SSD/12.5inch Full HD vỏ nhôm khối siêu mỏng nhẹ,https://www.lazada.vn/products/pdp-i1053478775.html,3.300.000 ₫,,
VUA VĂN PHÒNG Laptop Lenovo ThinkPad L590/ Core i7- 8565U Ram 16gb SSD 512gb Pin&gt;4h,https://www.lazada.vn/products/pdp-i2313161026.html,3.902.599 ₫,4.0,53 Đã bán
LAPTOP HỌC SINH CẤP 2 ĐẦY ĐỦ PHỤ KIỆN CHÍNH HÃNG (BẢO HÀNH 1 NĂM),https://www.lazada.vn/products/pdp-i2634423542.html,1.999.000 ₫,,
"Laptop thinkpad X270 -Chip core i5 thế hệ 7, mạnh mẽ, siêu mỏng , máy nhật mới likenew",https://www.lazada.vn/products/pdp-i2622458068.html,2.890.000 ₫,,
LAPTOP xách tay giá rẻ DELL PRECISION 5540 I7 9850H RAM 16gb SSD 512gb,https://www.lazada.vn/products/pdp-i2656655480.html,15.300.000 ₫,,"16 Đã bán
Hà Nội"
"Laptop Dell Vostro V3450 Core i7, 8gb Ram, 256gb SSD,vga rời AMD radeon HD6700M, 14inch HD, vỏ nhôm siêu bền",https://www.lazada.vn/products/pdp-i1436847520.html,3.590.000 ₫,4.0,32 Đã bán
Laptop giá xách tay giá rẻ DELL latitude 5500 I5-8265U RAM 8GB SSD 256GB,https://www.lazada.vn/products/pdp-i2645178251.html,7.500.000 ₫,,
"Laptop cũ văn phòng, giá rẻ, i3 i5 i7 Ram 4gb 8gb",https://www.lazada.vn/products/pdp-i2654022625.html,2.699.000 ₫,,
LapTop Lenovo Thinkpad T480s core i5 8250U Ram 8GB SSD 256GB Màn Hình FullHD (14inch) Pin&gt;4h,https://www.lazada.vn/products/pdp-i2578031851.html,5.300.000 ₫,,
DEII 5420 Laptop Cũ i7 Gen 11 RAM 16GB SSD 256GB Full HD - Bảo Hành 12 Tháng,https://www.lazada.vn/products/pdp-i3121100041.html,9.800.000 ₫,,
"Laptop 2 trong 1 HP Elite X2 G4 Core i5-8265U, 8gb ram, 256gb SSD, màn cảm ứng 13” Full HD hàng Nhật Bản",https://www.lazada.vn/products/pdp-i2674640008.html,6.950.000 ₫,,
Laptop xách tay giá rẻ HP Probook 430 G3 - Intel Core i5 6200U Ram 8GB/ SSD 256GB/ PIN 99%. Nhập nguyên chiếc NHẬT Bản,https://www.lazada.vn/products/pdp-i2579702555.html,4.700.000 ₫,,
Laptop xách tay giá rẻ DELL LATITUDE E7480 I7-7600U RAM 8G SSD 256G 14 INCH FULL HD IPS Pin 80%,https://www.lazada.vn/products/pdp-i2298286711.html,6.700.000 ₫,,
Laptop HP Pavilion G4 core i3 M390 ram 4g hdd 320gb windows 8 tặng kèm cặp loa vi tính có bộ nguồn theo máy BH 7 tháng,https://www.lazada.vn/products/pdp-i2634437367.html,2.290.000 ₫,,
"Laptop Panasonic Net’note CF-LX3 Core i5-4300U, 8gb ram, 256gb SSD, màn 13.3” Full HD IPS cảm ứng, vỏ nhôm magie siêu nhẹ",https://www.lazada.vn/products/pdp-i2294800327.html,3.990.000 ₫,,
Dell Latitude 7390 màn cảm ứng Core i5 8350U 1.70GHz/8 GB/256 GB(SSD),https://www.lazada.vn/products/pdp-i3052762327.html,5.000.000 ₫,,
"Laptop Nec HZ550LBA Core i7-8550U, 8gb ram, 256gb SSD nvme, 13.3” Full HD IPS cảm ứng soay 360 độ, vỏ nhôm magie siêu mỏng nhẹ 800gram",https://www.lazada.vn/products/pdp-i2068608512.html,6.500.000 ₫,,
Laptop HP 6560b sang trọng vỏ nhôm thời trang đẹp SSD nhanh xé gió,https://www.lazada.vn/products/pdp-i336730110.html,3.390.000 ₫,,
"laptop hp Folio siêu mỏng, siêu nhẹ i5-3473U ram 10gb ssd 128gb",https://www.lazada.vn/products/pdp-i2111106330.html,4.199.000 ₫,4.0,50 Đã bán
"Laptop AOC NoteBook giá rẻ 15.6 inch, Intel N5095, Ram 16GB, SSD 512GB, Win 11 - Bảo hành 2 năm",https://www.lazada.vn/products/pdp-i3034004269.html,9.000.000 ₫,4.0,34 Đã bán
"Laptop Dell Inspiron N4030 Core i3-370M, RAM 2GB, HDD 500GB, Intel HD Graphics, 14 inch, FreeDOS bảo hành 1 năm",https://www.lazada.vn/products/pdp-i2178508251.html,2.990.000 ₫,,
Dell Precision 7520 Nhật zin,https://www.lazada.vn/products/pdp-i2495772947.html,9.620.000 ₫,,
"Laptop MSI Phiên Bản Nội Địa Nhật - eX.Computer N1422K - Thiết Kế Full Nhôm Cực Đẹp - Siêu Mỏng , Gọn , Nhẹ * i7 10510U / Ram 16G / SSD 512G Nvme / Màn 14in FHD IPS / Pin 4-5h / Sạc Zin / Phím Led / Full Chức Năng …",https://www.lazada.vn/products/pdp-i3107063981.html,8.900.000 ₫,,
"Laptop 2 trong 1 Panasonic CF-XZ6 Core i5-7300U, 8gb ram, 256gb SSD, 12” cảm ứng 2K IPS tháo rời phím thành máy tính bảng siêu mỏng nhẹ",https://www.lazada.vn/products/pdp-i2040884505.html,4.500.000 ₫,5.0,12 Đã bán
"Laptop Dell Vostro 5468, Core i5-7200U, Ram 8GB, SSD 256GB, VGA, 14inch FHD, led phím, Windows 10, tặng chuột không dây, lót chuột, cặp laptop 2 ngăn",https://www.lazada.vn/products/pdp-i2654594121.html,6.900.000 ₫,,
Laptop xách tay core i5 ram 6gb bảo hành 12/2025,https://www.lazada.vn/products/pdp-i2725411654.html,2.700.000 ₫,,
laptop fujitsu floral kiss ch75,https://www.lazada.vn/products/pdp-i3060245067.html,5.150.000 ₫,,
"Dell Latitude 3590 – Laptop Nội Địa Nhật Siêu Bền, Cấu Hình Mạnh – Giá Chưa Đến 5 Triệu! 🔥",https://www.lazada.vn/products/pdp-i3039451644.html,4.890.000 ₫,,
"Laptop Toshiba Z30-B mỏng, bền đẹp",https://www.lazada.vn/products/pdp-i2222924261.html,3.499.000 ₫,,
Lenovo IdeaPad Slim 3 Ryzen 5 7520U RAM 8GB SSD 256GB 15.6 inch - Hàng Chính Hãng - BH 1 Năm - Có Xuất VAT,https://www.lazada.vn/products/pdp-i2928868681.html,11.200.000 ₫,,
Laptop Toshiba Dynabook BJ65/FS | Core i5/i7 | RAM 8–16GB | SSD 256–512GB | Màn hình 15.6” | Windows 10 Pro | Chuẩn doanh nhân Nhật Bản,https://www.lazada.vn/products/pdp-i3184649418.html,4.500.000 ₫,,
LAPTOP xách tay giá rẻ LENOVO YOGA X370 X380 X390 I5 RAM 16gb,https://www.lazada.vn/products/pdp-i2664953712.html,7.000.000 ₫,,
"Laptop Dell Latitude 5289 mô tả: Cpu I7 thế hệ 7 7600U, Ram 16G, SSD 256G, Cảm Ứng Xoay Gập 360.(2 in 1)",https://www.lazada.vn/products/pdp-i2409568664.html,6.520.000 ₫,4.0,47 Đã bán
"Laptop Dell Latitude 5310 Core™ i5-10310U Ram 16gb SSD 512 Màn hình 13,3 Inch FullHD IPS Pin&gt;90%",https://www.lazada.vn/products/pdp-i2576767744.html,7.500.000 ₫,,
Laptop Chuyên Văn Phòng Giải Trí Giá Rẻ Emachines D725,https://www.lazada.vn/products/pdp-i984818563.html,1.799.000 ₫,,
[Gaming] Laptop Dell G3 3579 corre i5 8300H đồ họa rời GTX 1050 4GB Vram chuyên cho game và đồ họa,https://www.lazada.vn/products/pdp-i3209551796.html,6.570.000 ₫,,
Laptop Lenovo ThinkBook 16 G8 IRL 21SH0093VA | Core 5 210H | 16GB | 512GSSD | 16″ WUXGA | NoOS | Arctic Grey | Hàng chính hãng,https://www.lazada.vn/products/pdp-i3187380521.html,19.999.000 ₫,,"7 Đã bán
Hồ Chí Minh"
"Thanh lý Laptop HP 8440p, Core I5, ram 6 gb, giá 1,4 triệu",https://www.lazada.vn/products/pdp-i2283458197.html,1.400.000 ₫,4.0,28 Đã bán
Laptop Dell inspiron 3168 3152 3147 8GB SSD màn cảm ứng chip lõi tứ window 10 mỏng nhẹ cực đẹp,https://www.lazada.vn/products/pdp-i2098626409.html,2.970.000 ₫,5.0,14 Đã bán
"Laptop Dell Latitude 3301 Core i7-8565U, 16gb ram, 512gb SSD, màn 13.3inch Full HD bản cao cấp cho doanh nhân",https://www.lazada.vn/products/pdp-i2630757924.html,4.200.000 ₫,,
[Game] Laptop Asus X455LJ X455LN core i5 ram 8GB văn phòng đồ họa giải trí mạnh mẽ,https://www.lazada.vn/products/pdp-i3200005954.html,2.970.000 ₫,,
"Laptop Panasonic CF-SZ6 Core i5-7200U, 8gb ram, 256gb ssd, 12.5inch Full HD vỏ nhôm magie siêu bên nhẹ dưới 1kg",https://www.lazada.vn/products/pdp-i2427288523.html,3.600.000 ₫,,
Laptop HP 15-fd0304TU - A2NL5PA (i3-1315U/ Onboard graphics/ 8GB/ 512GB/ Windows 11) - Bảo hành 12 tháng,https://www.lazada.vn/products/pdp-i3086505473.html,10.490.000 ₫,,
"Laptop Dell Inspiron 3501 cấu hình cao, Core i5 1135G7, Ram 16GB, SSD 512GB,VGA, màn hình 15.6inch Full HD, laptop lướt zin, tặng kèm bộ quà cao cấp",https://www.lazada.vn/products/pdp-i2622021789.html,11.100.000 ₫,,
laptop dell màu đen chạy ssd 120gb win 10 đã qua sử dụng - laptop văn phòng giá rẻ - laptop siêu bền siêu nhanh,https://www.lazada.vn/products/pdp-i2634368667.html,3.000.000 ₫,,
Laptop Cũ Giá Rẻ | Laptop Dell Latitude 5320/ i5-1135G7/ 16GB/ 256GB,https://www.lazada.vn/products/pdp-i3134120031.html,6.800.000 ₫,,
Laptop xách tay giá rẻ DELL LATITUDE 3301 RAM 8 SSD 256,https://www.lazada.vn/products/pdp-i2644426122.html,6.400.000 ₫,,
Laptop xách tay giá rẻ DELL 5590 I5 8250U RAM 8GB SSD 256GB,https://www.lazada.vn/products/pdp-i2662668885.html,6.600.000 ₫,,
"[Trả góp 0%]Dell Latitude 7480 Core i5-7300U/ 8GB /256G SSD/ 14"" FullHD/ Win 10 Pro hàng nhập, đẹp 95%",https://www.lazada.vn/products/pdp-i1279361308.html,5.790.000 ₫,,
"Laptop Cũ Rẻ Các Hãng Ram 8Gb/SSD Core i5 - i7: Dell, HP, Asus,.. Máy Đẹp Đủ Sạc,..Dùng Full Chức Năng",https://www.lazada.vn/products/pdp-i2634378679.html,3.573.000 ₫,,
HP PAVILION LAPTOP 14 CORE I3 7100U RAM 8G SSD 256G 14INCH FHD,https://www.lazada.vn/products/pdp-i3135094665.html,4.500.000 ₫,5.0,
"Laptop Nhật Bản Fujitsu SH90/M Core i5-4300U, 10gb ram, 256gb SSD, 13.3: 2K HD cảm ứng, vỏ nhôm siêu bền siêu nhẹ",https://www.lazada.vn/products/pdp-i1748085936.html,3.600.000 ₫,5.0,
Laptop Dell Latitude 7490 - CPU Intel core i7 thê hệ 8,https://www.lazada.vn/products/pdp-i2659620958.html,6.800.000 ₫,,
Laptop thinkpad T480s i5 8250u ram 8gb ssd 256gb 14.1 inch FULLHD 1920*1080,https://www.lazada.vn/products/pdp-i2699994847.html,5.599.000 ₫,,
laptop Panasonic CF-SZ5 Core i5-6200U Ram8GB/SSD 256GB/màn 12.5inh ips chống loá/nhẹ800gram,https://www.lazada.vn/products/pdp-i2286642860.html,4.899.000 ₫,,
Laptop Panasonic Let's note CF-SZ6 (i5 7300U/ 8GB/ SSD 256GB/FHD) [Cấu hình cao - Pin trâu] HÀNG NỘI ĐỊA NHẬT siêu bền - BẢO HÀNH 06 THÁNG,https://www.lazada.vn/products/pdp-i2893979315.html,5.100.000 ₫,,
Laptop Gaming Core i5 8300H + VGA GTX 1050 4G DR5 / Ram 16G / SSD 256G / Màn 15.6in FHD / Pin 3-4h / Sạc Zin / Phím Led / Máy Đẹp Full Chức Năng ……,https://www.lazada.vn/products/pdp-i3052211989.html,8.050.000 ₫,,
HP PAVILION X360 CORE I5 8250U RAM 8G SSD 256G 14INCH FHD TOUCH 360,https://www.lazada.vn/products/pdp-i3193922564.html,7.500.000 ₫,,
Laptop Xiaomi Redmibook 15 JYU4506AP i5-11300H /8GB/512GB SSD/15.6FHD/WiFi5/BT5/46Whr/ĐEN/W11SL - Hàng chính hãng DGW,https://www.lazada.vn/products/pdp-i2033980815.html,12.490.000 ₫,,
Laptop xách tay HP core i7 ram 6G ổ SSD Win 10 chính hãng (đã sử dụng) BH 1 năm,https://www.lazada.vn/products/pdp-i2138682441.html,9.990.000 ₫,,
Laptop Dell Latitude E7250 ram 8GB ổ SSD 128GB chip intel core i5-5200U chuyên văn phòng giá rẻ (Wifi),https://www.lazada.vn/products/pdp-i2313369154.html,2.999.000 ₫,,
"Laptop Toshiba Dynabook T75/CB Core i7-7500U, 8gb ram, 256gb SSD, 15,6” HD, vỏ piano rất đẹp",https://www.lazada.vn/products/pdp-i2072877692.html,5.500.000 ₫,,
[Qua sử dụng] Laptop DELL LATITUDE 7290 | Core i3 Gen 8 | RAM 8GB | SSD 256GB | Full HD | Gọn Nhẹ | Pin Tốt | Đầy Đủ Cổng Kết Nối,https://www.lazada.vn/products/pdp-i3073801511.html,3.390.000 ₫,,
Laptop Lenovo ThinkPad L15 Gen 2 | Core i5/i7 Gen 11 | RAM 8–64GB | SSD NVMe | Màn hình 15.6” FHD | Chuẩn doanh nhân,https://www.lazada.vn/products/pdp-i3184104173.html,6.800.000 ₫,,
Dell Latitude E7270 Core i5 6300U Ram 8G SSD 256G 12.5inch GIÁ RẺ,https://www.lazada.vn/products/pdp-i2811903479.html,4.600.000 ₫,,
LAPTOP HP 15 CORE I7 8550U RAM 8G SSD 128G+1T 15.6INCH FHD VGA,https://www.lazada.vn/products/pdp-i2654099524.html,6.800.000 ₫,,
HP Spectre X360 CORE I7 7500U RAM 16G SSD 128G13.3INCH FHD TOUCH 360,https://www.lazada.vn/products/pdp-i2676698114.html,7.410.000 ₫,,
"Laptop HP EliteBook 850 G5 Core i7-8550U, 16gb ram, 512gb SSD, màn hình 15.6” Full HD mẫu cao cấp",https://www.lazada.vn/products/pdp-i3064689653.html,5.900.000 ₫,,
Laptop HP Pavilion X360 Convertible | Intel Core i5-6200U | Ram 6GB | SSD 500GB | 15.6 inch HD (qua sử dụng),https://www.lazada.vn/products/pdp-i2667926280.html,6.050.000 ₫,,
"Laptop Dell 7480 giá tốt, zin 99%,màn hình 14 FullHD, Core i5, i7, Ram 8gb, ổ cứng SSD 256, máy tính xách tay giá rẻ.",https://www.lazada.vn/products/pdp-i3147688511.html,5.500.000 ₫,,
Laptop Giá Rẻ HP 250G7 I5 8250U Ram 8GB SSD 256gb hàng Nhật giá tốt,https://www.lazada.vn/products/pdp-i3159451713.html,6.400.000 ₫,,
"laptop hp 430g3 i5 6200U, 8GB, SSD 256GB, màn hình 13.3 inch",https://www.lazada.vn/products/pdp-i2665416961.html,3.989.000 ₫,,
"Laptop 2020/mới 95-96% Dell Latitude 5300 i5 8365U vPro/ 8GB/ 256GB SSD/ 13.3"" / Win 10Pro/ Pin3-5h",https://www.lazada.vn/products/pdp-i2578363062.html,5.499.999 ₫,,
Laptop lenovo thinkpad t480s Core i7-8650U l Ram 8GB l SSD 256GB l Màn 14' FHD IPS,https://www.lazada.vn/products/pdp-i2680493951.html,6.000.000 ₫,,
"🔥 DELL LATITUDE 5300 – NHỎ MÀ CÓ VÕ, GIÁ CHỈ TẦM 4 TRIỆU! 🔥",https://www.lazada.vn/products/pdp-i2994747747.html,4.450.000 ₫,,
"Laptop 2trong 1 Nec Lavie HZ750 Core i7-7500U, 8gb ram, 512gb SSD NVME, 13.3"" Full HD IPS cảm ứng đa điểm gập 360 độ, vỏ nhôm Magie siêu mỏng nhẹ 850gram",https://www.lazada.vn/products/pdp-i1970224621.html,5.900.000 ₫,,
"Laptop 2 trong 1 NEC Versa Pro VK90 Core M5-6y54, 8gb Ram, 256gb SSD, 12 inch Full HD IPS cảm ứng",https://www.lazada.vn/products/pdp-i1075970335.html,1.500.000 ₫,4.0,54 Đã bán
"Laptop siêu nhẹ Fujitsu Lifebook U939 Core i7-8565U, 8gb ram, 512gb SSD, màn hình Full HD vỏ nhôm Magie cao cấp siêu mỏng nhẹ chỉ 800Gram",https://www.lazada.vn/products/pdp-i2914105244.html,3.900.000 ₫,,
Laptop Asus Vivobook Go 14 E1404FA-NK177W,https://www.lazada.vn/products/pdp-i3129162090.html,11.890.000 ₫,,"6 Đã bán
Hà Nội"
"Laptop Asus VivoBook S Flip 14 TP3402 Core i7-12700H, 24gb Ram, 1tb SSD NVME, màn 14inch Full HD cảm ứng gập 360 độ",https://www.lazada.vn/products/pdp-i2262489281.html,8.500.000 ₫,5.0,8 Đã bán
KHO LAPTOP GIÁ RẺ CORE I3 CORE I5 BẢO HÀNH 1 NĂM,https://www.lazada.vn/products/pdp-i2634298791.html,2.190.000 ₫,,
Máy tính xách tay/ Laptop HP 15-fc0086AU - A6VV9PA (AMD Ryzen 5-7430U) (Bạc) - Bảo hành 12 tháng,https://www.lazada.vn/products/pdp-i2962231790.html,13.190.000 ₫,,"9 Đã bán
Hồ Chí Minh"
[Đẹp như mới]⚡ SURFACE LAPTOP GO 2 16/256/i5th11– BẢN MỸ CAO CẤP ⚡,https://www.lazada.vn/products/pdp-i3139852280.html,10.990.000 ₫,,
"Thanh lý Laptop ACER 4750, Cpu core I3 ram 4G, ô cứng 350G, Màn 14"" . Giá bán 1,9 triệu",https://www.lazada.vn/products/pdp-i2362807043.html,1.900.000 ₫,1.9,
Laptop 2 Triệu (Bảo Hành 1 Năm) KHSPT,https://www.lazada.vn/products/pdp-i2634373636.html,2.000.000 ₫,,
Laptop HP Pavilion 15-eg3099TU 8C5M0PA Bạc,https://www.lazada.vn/products/pdp-i3153235888.html,11.590.000 ₫,,
Laptop xách tay giá rẻ TOSHIBA DYANABOOK VC72/M 2in1 I5-8250U RAM 16GB SSD 256GB,https://www.lazada.vn/products/pdp-i2649249062.html,6.000.000 ₫,,
Laptop xách tay gái rẻ lenovo T590 I5-8265U RAM 8GB SSD 256GB,https://www.lazada.vn/products/pdp-i2646707977.html,7.100.000 ₫,,
"Laptop Nhật Bản Fujitsu U9310 Core i5-10310U, 8gb ram, 512gb SSD, màn hình 13.3” Full HD IPS hàng nhập khẩu nhật bản đã qua sử dụng",https://www.lazada.vn/products/pdp-i2985696661.html,6.000.000 ₫,,
Laptop Dell Latitude 7400 2in1 - Core i7-8665U RAM 16G SSD 512G Màn 14 Inch FHD Touch ( Bảo Hành 3 đến 12 Tháng ),https://www.lazada.vn/products/pdp-i2461549336.html,8.300.000 ₫,,
"Laptop Fujitsu SH75/B3 core i7-7550U, 20gb ram, 512gb SSD, màn 13.3” 2K IPS siêu sắc nét, vỏ nhôm cao cấp",https://www.lazada.vn/products/pdp-i2525486358.html,4.990.000 ₫,,
Dell Precision M3800,https://www.lazada.vn/products/pdp-i2394599446.html,5.720.000 ₫,,
Dell XPS 9365 Nhật zin,https://www.lazada.vn/products/pdp-i2497003622.html,6.760.000 ₫,,
"Dell Latitude 7200 i7-8665U, màn cảm ứng RAM 16GB-CHỈ 5.99 TRIỆU",https://www.lazada.vn/products/pdp-i2994756803.html,5.990.000 ₫,,
"Laptop Fujitsu Lifebook U937 Core i5-7200U, 8gb ram, 256gb SSD, 13.3inch Full HD vỏ nhôm siêu mỏng nhẹ 800gram",https://www.lazada.vn/products/pdp-i2106535598.html,5.900.000 ₫,,
LAPTOP HP ELITEBOOK 840 G5 i7 8650U/ RAM 8GB/ SSD 256GB/ 14IN FACE ID/ MÀU BẠC/ BỀN BỈ DOANH NHÂN CAO CẤP/ GIÁ RẺ,https://www.lazada.vn/products/pdp-i2393755927.html,8.990.000 ₫,,
ASUS VIVOBOOK X509FA CORE I3 8145U RAM 8G SSD 256G 15.6INCH FHD VIỀN MỎNG,https://www.lazada.vn/products/pdp-i2824154280.html,4.990.000 ₫,,
laptop 840 core i7 5500u ram 16 gb SSD 256 gb siêu mạnh,https://www.lazada.vn/products/pdp-i2665660584.html,4.500.000 ₫,,
HP LAPTOP 15S CORE I5 10210U RAM 16G SSD 256G 15.6INCH FHD VGA,https://www.lazada.vn/products/pdp-i3081106181.html,6.900.000 ₫,,
Laptop Panasonic CF-XZ6 (i5 7200U/ 8GB/ SSD 256GB/ 2K Touch) [Cấu hình cao - Pin trâu] HÀNG NỘI ĐỊA NHẬT siêu bền nhẹ,https://www.lazada.vn/products/pdp-i2893761851.html,6.990.000 ₫,,
"Laptop 2 trong 1 Fujitsu U9310X Core i7-10610U, 16gb ram, 512gb SSD, màn cảm ứng 13.3” Full HD gập 360 độ, siêu mỏng nhẹ 800gram",https://www.lazada.vn/products/pdp-i3084164833.html,5.500.000 ₫,5.0,
Laptop DELL Latitude 5420 / I7 1185G7 / 8GB RAM / 256GB SSD / Màn 14 inch FHD/ Cũ,https://www.lazada.vn/products/pdp-i3075980579.html,7.500.000 ₫,,
HP Elitebook 840 G8 Core i7-1185G7 / RAM 16GB / SSD 512GB / Màn 14.0 inch FHD 1920x1080,https://www.lazada.vn/products/pdp-i3104425927.html,9.225.000 ₫,,
LAPTOP DELL E6410 CORE I7 RAM 8G SSD 256G 14INCH ĐÈN PHÍM,https://www.lazada.vn/products/pdp-i2628747455.html,3.610.000 ₫,5.0,9 Đã bán
HP PROBOOK 640 G5 CORE I5 8365U RAM 16G SSD 256G 14INCH FHD ĐÈN PHÍM,https://www.lazada.vn/products/pdp-i3078137209.html,5.300.000 ₫,,
Laptop Gaming Acer i7 6G SSD Bảo Hành 12 Tháng,https://www.lazada.vn/products/pdp-i3057261365.html,3.700.000 ₫,,
"Laptop siêu nhẹ NEC VJT10 Core i5-10210Y, 8gb ram, 512gb SSD, màn 12.5” Full HD trọng lượng 900gram siêu nhẹ",https://www.lazada.vn/products/pdp-i2719206803.html,4.990.000 ₫,,
Laptop Fujitsu Lifebook S937/T. cpu i5 7300.ram 8.ssd 128+330g hdd,https://www.lazada.vn/products/pdp-i3060250082.html,5.350.000 ₫,,
LAPTOP HP PROBOOK 430 G3 CORE I5-6100U | RAM 8G | SSD 256G | MÀN 13.3' cực mạnh,https://www.lazada.vn/products/pdp-i2665228506.html,3.499.000 ₫,,
"Laptop HP ProBook 440 G7 i5-10310U, Ram 8G, 256GB, 14inch IPS Mới 99%",https://www.lazada.vn/products/pdp-i2680568568.html,10.900.000 ₫,,
"Dell Latitude 7490 Core i7-8650U 16 GB- MÀN CẢM ỨNG, CHỈ 5.99 TRIỆU",https://www.lazada.vn/products/pdp-i2954525663.html,5.990.000 ₫,,
"Laptop 2 trong 1 kiêm máy tính bảng Panasonic CF-AX3 Core i5-4300U, 4gb ram, 256gb SSD, 11.6” Full HD cảm ứng gập 360 độ, vỏ nhôm siêu nhẹ",https://www.lazada.vn/products/pdp-i2114387507.html,4.400.000 ₫,,
"[HCM]LAPTOP Lenovo ThinkPad X1 Carbon Gen 4, Core i7 6600U, Ram 8GB, SSD 256GB, 14Inch",https://www.lazada.vn/products/pdp-i2446252243.html,5.600.000 ₫,,
bảo hành 3 năm Dell Factory 2024 Model Gaming Laptop Intel Core i5/ i7 Processor Notebook Original Windows 10/11 & Microsoft Office máy tính xách tay,https://www.lazada.vn/products/pdp-i2662179947.html,10.499.999 ₫,,"9 Đã bán
Hồ Chí Minh"
Dell Latitude 5330 core i7 1265U 16G/256G,https://www.lazada.vn/products/pdp-i2925118018.html,6.990.000 ₫,,
Laptop 15.6 inch HP Probook 450 G5 - Intel Core i5-7200U Ram 8gb SSD 256 Pin&gt;4h,https://www.lazada.vn/products/pdp-i2579316692.html,4.500.000 ₫,,
Thành lý máy tính sách tay laptop học tập sử dụng văn phòng văn bản giải trí,https://www.lazada.vn/products/pdp-i2273037387.html,999.999 ₫,2.0,24 Đã bán
"THINKPAD X230 CORE I5 3230M RAM 8GB SSD 256GB 12.5INCH /SẠC, CHUỘT/TÚI",https://www.lazada.vn/products/pdp-i2146937201.html,2.755.000 ₫,5.0,12 Đã bán
Laptop Hp 8440p i5 CARD RỜI - HÀNG NHẬP XỊN - SIÊU BỀN,https://www.lazada.vn/products/pdp-i907162173.html,1.790.000 ₫,5.0,16 Đã bán
Laptop văn phòng nguyên bản mọi chức năng đều tốt,https://www.lazada.vn/products/pdp-i984854036.html,1.589.000 ₫,3.0,6 Đã bán
"Thanh lý Laptop DELL 6220 Cpu core I5 ram 4G, ô cứng 120G, Màn 12,"". Giá bán 1,5 Triệu",https://www.lazada.vn/products/pdp-i2362753403.html,1.500.000 ₫,1.5,
LAPTOP GAMING ACER NITRO 5 CORE I7 8750H RAM 16GB SSD 256GB+500G 15.6INCH FHD VGA GTX 1050TI,https://www.lazada.vn/products/pdp-i2658522933.html,8.360.000 ₫,5.0,
Máy tính xách tay/ Laptop HP 15-fc0086AU - A6VV9PA (AMD Ryzen 5-7430U) (Bạc) - Bảo hành 12 tháng,https://www.lazada.vn/products/pdp-i2962358838.html,12.390.000 ₫,,"6 Đã bán
Hồ Chí Minh"
Laptop Asus Vivobook Go 14 E1404FA-EB482W (Ryzen 5 7520U/ Onboard graphics/ 16GB/ 512GB/ Windows 11) - Bảo hành 24 tháng,https://www.lazada.vn/products/pdp-i3179749937.html,11.450.000 ₫,5.0,
"Laptop 2 trong 1 Panasonic CF-QV8 Core i5-8365U, 8gb ram, 1tb SSD, màn 12inch 3K cảm ứng gập 360 độ, vỏ nhôm magie nhẹ 900 gram",https://www.lazada.vn/products/pdp-i2510764482.html,6.900.000 ₫,5.0,
"Thanh lý Laptop SONY PCG 71811M, Cpu core I3, ram 4G, ô cứng 350G, Màn 14"". Giá bán 1,5 Triệu",https://www.lazada.vn/products/pdp-i2362809172.html,1.500.000 ₫,1.5,
Laptop xách tay giá rẻ lenovo Thinkpad X390 | I5 – 8265U | Ram 8GB | SSD 256GB 13.3inch FHD Pin 90%,https://www.lazada.vn/products/pdp-i2656503459.html,6.000.000 ₫,,
"Laptop Giá rẻ DELL LATITUDE E5280 12.5 INCHE, I5 7200U, 8Gb Ram DDR4, 256Gb SSD Pin 90%",https://www.lazada.vn/products/pdp-i3159410499.html,6.499.998 ₫,,
Laptop xách tay giá rẻ DELL XPS 13 9380 I5–8265U | Ram 8GB | SSD 256GB | 13.3″ HD | Card On Pin 90%,https://www.lazada.vn/products/pdp-i2634584435.html,8.500.000 ₫,,
laptop Dell latitude 7280.cpu i5 7200u.ram 8.ssd 256g.hàng cũ độ mới 90%,https://www.lazada.vn/products/pdp-i3060236302.html,5.650.000 ₫,,
Dell Latitude 7450 CPU Intel Core I5 Ram 8Gb SSD 256Gb Màn hình 14Inch,https://www.lazada.vn/products/pdp-i2833167249.html,4.790.000 ₫,,
Laptop giá rẻ nhẹ nhất thế giới FUJITSU U938/T made in japan (700gr) Celeron (3965u) Ram 8GB/ SSD 256 Pin90% Sạc Zin theo máy,https://www.lazada.vn/products/pdp-i2579723723.html,6.300.000 ₫,,
DELL LATITUDE 7390 – SIÊU PHẨM CHO SINH VIÊN & DÂN VĂN PHÒNG! ✨,https://www.lazada.vn/products/pdp-i3017082028.html,4.980.000 ₫,,
"Laptop 2 trong 1 Toshiba Dynabook VC72 Core i5-8250U, 8gb ram, 256gb SSD, màn 12.5inch Full HD cảm ứng gập 360 độ vỏ nhôm magie siêu mỏng nhẹ",https://www.lazada.vn/products/pdp-i2644712430.html,5.200.000 ₫,,
"Laptop Dell Latitude 5310 Core™ i5-10310U Ram 16gb SSD 512 Màn hình 13,3 Inch FullHD IPS Pin&gt;90%",https://www.lazada.vn/products/pdp-i2533999248.html,8.600.000 ₫,,
Laptop Dell Inspiron 5548 I5 /5200u/4GB/500GB giá rẻ full box zin - bảo hành 12 tháng,https://www.lazada.vn/products/pdp-i251082400.html,3.585.000 ₫,,
"Laptop Fujitsu E744 Core i5-4300M, 8gb ram, 256gb SSD, 14”HD, nhập khẩu Nhật Bản",https://www.lazada.vn/products/pdp-i1566842121.html,3.990.000 ₫,,
HP PROBOOK 440 G5 CORE I5 7200U RAM 8G SSD 256G 14INCH FHD,https://www.lazada.vn/products/pdp-i2763379240.html,5.300.000 ₫,,
"Laptop Nec VersaPro VKT13/H Core i7-8500Y, 8gb ram, 512gb SSD, màn 12.5inch Full HD IPS siêu mỏng nhẹ",https://www.lazada.vn/products/pdp-i2139930526.html,4.700.000 ₫,,
LENOVO IDEAPAD S145 CORE I3 1005G1 RAM 8G SSD 256G 15.6INCH FHD VIỀN MỎNG,https://www.lazada.vn/products/pdp-i2436978128.html,5.800.000 ₫,,
LAPTOP ASUS X512 AMD RYZEN 5 RAM 8G SSD 256G 15.6INCH FHD MỎNG,https://www.lazada.vn/products/pdp-i2608985100.html,6.500.000 ₫,,
"[HCM]LAPTOP Dell Latitude 7280, Core i5 7300U, RAM 8GB, SSD 256GB, Màn 12.5inch",https://www.lazada.vn/products/pdp-i2442451542.html,4.800.000 ₫,,
Dell Latitude 5490 i5-8250U / Ram 8GB / SSD 256GB / Màn 14″ FullHD / VGA 2Gb - Laptop Cũ,https://www.lazada.vn/products/pdp-i3075927603.html,4.000.000 ₫,,
DELL 7480 i5 i7 7600U 8G 256G MÀN HINH 14 in CẢM ỨNG FULL HD MỎNG NHẸ THUẬN TIỆN DI CHUYỂN,https://www.lazada.vn/products/pdp-i1988174728.html,5.670.000 ₫,4.0,66 Đã bán
"Laptop HP 17-CN0445NR 17,3"" HD+, Intel Celeron N4120 1,1 GHz, RAM 4 GB, SSD 256 GB - Hàng Chính Hãng - BH 1 Năm - Có Xuất VAT",https://www.lazada.vn/products/pdp-i2925038359.html,6.990.000 ₫,1.1,
Laptop Lenovo Thinkpad T480 Core i7 l Ram 8GB l SSD 256GB l Màn 14 inch FHD Mới 99%,https://www.lazada.vn/products/pdp-i2680645097.html,6.800.000 ₫,,
laptop cảm ứng Fujitsu lifebook s90. 13.3 in. cpu i5. Ram 8.ssd 128g,https://www.lazada.vn/products/pdp-i3060249117.html,5.150.000 ₫,,
"Laptop Dell Latitude 5470, E5470 , Core i5, i7, Màn 14 FHD, Ram 8gb, ổ cứng SSD 256gb, máy tính xách tay giá rẻ lướ",https://www.lazada.vn/products/pdp-i3147658754.html,4.200.000 ₫,,
HP PROBOOK 430 G5 CORE I7 8550U RAM 16G SSD 256G 13.3INCH,https://www.lazada.vn/products/pdp-i3207388496.html,6.460.000 ₫,,
"LAPTOP DELL LATITUDE E5400 MỎNG, NHẸ, ĐẸP",https://www.lazada.vn/products/pdp-i3060361344.html,4.900.000 ₫,,
"🔥 Dell Latitude 5330 – Laptop Doanh Nhân Mỏng Nhẹ, Cấu Hình Mạnh, Giá Cực Tốt! 🔥",https://www.lazada.vn/products/pdp-i3040637176.html,8.940.000 ₫,,
"Laptop Workstation Fujitsu Celcius H780 Core i7-8850H, 64gb ram, 512gb SSD, vga Quadro P1000M, màn 15.6” Full HD vỏ nhôm sang trọng",https://www.lazada.vn/products/pdp-i2357542748.html,6.800.000 ₫,5.0,
Laptop CHUWI Lapbook SE siêu mỏng,https://www.lazada.vn/products/pdp-i2978912409.html,9.000.000 ₫,,
Thinkpad X1 Carbon Gen 2 Core i7 4600U Ram 8GB SSD 256GB 14inch HD+,https://www.lazada.vn/products/pdp-i1520671606.html,5.800.000 ₫,,
LAPTOP CŨ LENOVO T480S ĐẸP 99%,https://www.lazada.vn/products/pdp-i3152736520.html,5.800.000 ₫,,
"Dell Latitude 5300 2in1 Core i7-8665U/Ram 8GB/SSD 256GB/13.3""FHD cảm ứng - Cũ",https://www.lazada.vn/products/pdp-i3075846907.html,6.150.000 ₫,,
"LAPTOP HP 4540S I5 , Ram 4GB , HDD 1000GB HÀNG NHẬP KHẨU JAPAN SIÊU BỀN tặng chuột và balo",https://www.lazada.vn/products/pdp-i251075553.html,1.857.000 ₫,4.0,13 Đã bán
Thanh lý laptops 2in1 Microsoft suface pro 3.cpu i5 4200u.ram 4g.ssd 128g. máy đẹp. loi bị liệt 1/4 màn hình cảm ứng,https://www.lazada.vn/products/pdp-i3180752502.html,1.400.000 ₫,,
"Thanh lý Laptop Asus, Core I7, ram 4GB, pin 3h, Màn hình 15,5 in. Giá bán 1,9 triệu",https://www.lazada.vn/products/pdp-i2755905913.html,1.900.000 ₫,1.9,
"Thanh lý Laptop Acer 4743, ram 4G, Giá bán 1,9",https://www.lazada.vn/products/pdp-i2292336836.html,1.900.000 ₫,1.9,
Laptop HP 15-fd0304TU - A2NL5PA (i3-1315U/ Onboard graphics/ 8GB/ 512GB/ Windows 11) - Bảo hành 12 tháng,https://www.lazada.vn/products/pdp-i3086495508.html,10.890.000 ₫,,
"Laptop Dell Vostro 14-5459 | Intel Core i5-6200U | Ram 4GB | SSD 256GB | VGA: NVIDIA GeForce 930M | 14"" HD (1366 x 768)",https://www.lazada.vn/products/pdp-i2633400918.html,4.070.000 ₫,,
HÀNG MỚI VỀ DELL LATITUDE 7490 CORE I5 8350U RAM 16GB SSD 512GB 14INCH FULLHD,https://www.lazada.vn/products/pdp-i2079298516.html,5.320.000 ₫,4.0,51 Đã bán
"Laptop Nhật Sony Vaio VJPG11C11N - Chip Core i5 Thế hệ 7 7200u, Ram 8GB, Bộ Nhớ SSD 256GB",https://www.lazada.vn/products/pdp-i3172163786.html,2.999.000 ₫,,
[Bỏ túi] Laptop pocket OneMix A1 Engineer cực kỳ nhỏ nhẹ với nhiều cổng cho văn phòng và kỹ sư hiện trường 2nd,https://www.lazada.vn/products/pdp-i3200034459.html,9.070.000 ₫,,
DELL PRECISION M4800 CORE I7 4800MQ RAM 32GB SSD 256GB 15.6INCH FULLHD VGA,https://www.lazada.vn/products/pdp-i2214933506.html,5.800.000 ₫,5.0,8 Đã bán
Laptop Cũ HP Elitebook 830 G5 i5 8250U RAM 8GB SSD 256GB 13.3 inch,https://www.lazada.vn/products/pdp-i2399398586.html,7.100.000 ₫,,
Laptop giá rẻ HP Probook 650 G1 Core i5-4300M (i5-4200M) RAM 4GB SSD 128GB Màn 15.6inch HD 1366x768,https://www.lazada.vn/products/pdp-i2241411153.html,6.000.000 ₫,,
"Notebook Máy tính, Laptop Gaming Thinkpad Ryzen 7, R7 Ram 16GB/ SSD512GB/ 15.6""",https://www.lazada.vn/products/pdp-i1957636997.html,14.900.000 ₫,,
Laptop Gaming - Lenovo Legion Y520-15IKB - Giá Siêu Êm Cho Anh Em Cần …. * Core i7 7700HQ / Ram 16G / SSD 256G + HDD 500G / Màn 15.6in FHD IPS / Pin 4-5h / Led Phím Đỏ US / VGA Nvidia Geforce GTX 1050Ti / Sạc Zin / Máy Đẹp Full Chức Năng ….,https://www.lazada.vn/products/pdp-i3001816841.html,9.000.000 ₫,,
Dell XPS 13 9380 i5 8265U/ RAM 8GB/ SSD 256GB/ 13inch/ Full HD IPS/ Tràn Viền/ Đẳng Cấp Doanh Nhân,https://www.lazada.vn/products/pdp-i2641017589.html,9.500.000 ₫,,
[LAPTOP SIÊU NHẸ] Panasonic CF-SZ5 Core i5 6200U Ram 8G SSD 256G 12.5” FHD,https://www.lazada.vn/products/pdp-i2379966624.html,4.600.000 ₫,,
"Thanh lý Laptop SONY VPCCWW1FX ( MỚI ), Cpu core I3, ram 4G, ô cứng 350G, Màn 14"". Giá bán 1,9 Triệu",https://www.lazada.vn/products/pdp-i2362759602.html,1.900.000 ₫,1.9,
"Laptop Sony Vaio VJS151 Core i5-6300HQ, 8gb Ram, 256gb SSD, 15,6inch Full HD IPS",https://www.lazada.vn/products/pdp-i1376968300.html,5.500.000 ₫,4.0,6 Đã bán
Laptop Lenovo Thinkpad X280 i5 8250U RAM 8GB SSD 256GB 12.5 inch Pin 90%,https://www.lazada.vn/products/pdp-i2298439873.html,5.700.000 ₫,4.0,7 Đã bán
"Laptop xách tay Dell Xps 13-9360 i7 7560U/ 8GB/ 256GB PCIe/ 13.3"" FHD/ Win 10 Pin90%",https://www.lazada.vn/products/pdp-i2580834085.html,6.999.999 ₫,,
💻 HP Spectre 13-af0xx - Dòng Ultrabook Mỏng Nhất Thế Giới - Siêu Đẹp - Cấu Hình Cực Ngon - Đáp Ứng Tốt Các Nhu Cầu Sử Dụng …. 👉 i7 8550U / Ram 16G / SSD 512G Nvme / Màn 13.3in UHD 4K Cảm Ứng / Pin 3h / Sạc Zin / Phím Led / Full Chức Năng …..,https://www.lazada.vn/products/pdp-i3168227138.html,7.800.000 ₫,,
"Laptop Dell Latitude 7420 dùng cho văn phòng, sinh viên, Core i7-1185G7, Ram 16GB, SSD 512GB, Màn hình 14inch Full HD, tặng kèm bộ quà tặng cao cấp",https://www.lazada.vn/products/pdp-i2614431306.html,11.350.000 ₫,,
"Laptop Workstation HP Zbook 17 G1 Core i7-4800QM, 32gb ram, 256gb SSD+1tb HDD, vga Quadro K4100M, màn 17.3inch Full HD IPS",https://www.lazada.vn/products/pdp-i2230863928.html,7.500.000 ₫,,
"Laptop Lenovo Thinkpad X390 Core i5-8265U, 16gb ram, 512gb SSD, 13.3inch Full HD IPS vỏ carbon siêu mỏng siêu cứng siêu nhẹ",https://www.lazada.vn/products/pdp-i2112437324.html,4.500.000 ₫,,
"[Freeship] Laptop Acer TravelMate B3 TMB311-31-P49D (NX.VNFSV.005) (Pentium N5030/4GB RAM/256GB SSD/11.6 inch/Win 11/Đen) (2021) -MEI Tech Official- MEI33 Chính Hãng, Giá Tốt, Mỏng Nhẹ Cho Văn Phòng",https://www.lazada.vn/products/pdp-i1691317888.html,5.290.000 ₫,,
"[Trả góp 0%]Surface 3 Atom X7-Z8700 Ram 4G SSD 64G 10.8"" Full HD Touch",https://www.lazada.vn/products/pdp-i1225209592.html,4.800.000 ₫,,
[SALE] HP Elitebook 840 G8 Core i5-1135G7 / RAM 16GB / SSD 256GB / Màn 14.0 inch FHD 1920x1080,https://www.lazada.vn/products/pdp-i3104664329.html,8.990.009 ₫,,
ACER SWIFT 3 SF315 52G i3 8130U/ RAM 8GB/ SSD 256GB/ 15IN FHD VIỀN MỎNG/ MÀU VÀNG GOLD/ CHUYÊN VĂN PHÒNG SIÊU BỀN/ GIÁ RẺ,https://www.lazada.vn/products/pdp-i2685307713.html,7.490.000 ₫,,
DELL LATIUTDE 5490 CORE I5 8250U RAM 8G SSD 256G 14INCH FHD ĐÈN PHÍM,https://www.lazada.vn/products/pdp-i2398682595.html,5.900.000 ₫,,
DELL PRECISION 7520 CORE I7 7820HQ RAM 16G SSD 512G 15.6INCH FHD VGA M2200,https://www.lazada.vn/products/pdp-i2391408440.html,8.500.000 ₫,5.0,28 Đã bán
Laptop HP Elitebook 840 G5,https://www.lazada.vn/products/pdp-i2002569206.html,9.100.000 ₫,,
"Laptop Dell Precision 3520, Core i7-7820HQ, ram 8GB, SSD 256GB, VGA, 15.6inch Full HD, tặng tấm lót chuột, chuột không dây, cặp laptop cao cấp",https://www.lazada.vn/products/pdp-i2647823508.html,6.100.000 ₫,5.0,
GAMING LENOVO 730 CORE I7 8550U RAM 16G SSD 256G 15.6INCH FHD IPS VGA GTX 1050 4GB,https://www.lazada.vn/products/pdp-i2841045336.html,7.500.000 ₫,,
"[HCM]LAPTOP Lenovo Thinkpad A485, AMD Ryzen 5 Pro 2500, Ram 8GB, SSD 256GB, Màn 14inch",https://www.lazada.vn/products/pdp-i2446051916.html,4.800.000 ₫,,
"Máy tính xách tay Lenovo Thinkpad E15 G2 Core i7-1165G7, 16gb ram, 512gb SSD, màn 15.6” Full HD vỏ nhôm cao cấp hàng nhập Nhật Bản",https://www.lazada.vn/products/pdp-i3120789068.html,6.500.000 ₫,,
"[HCM]LAPTOP Lenovo ThinkPad X1 Carbon Gen 3, Core i7-5600U, Ram 8GB, Ssd 256Gb, Màn 14inch",https://www.lazada.vn/products/pdp-i2446263176.html,4.900.000 ₫,,
Lenovo V14 IIL (82C400W3VN) | Intel® Core™ i5 _ 1035G1 | 4GB | 256GB SSD PCIe | VGA INTEL | 14 inch HD,https://www.lazada.vn/products/pdp-i2306102763.html,10.350.000 ₫,,
DELL LATITUDE E5440 CORE I5 4200U RAM 8G SSD 256G 14INCH,https://www.lazada.vn/products/pdp-i2276887016.html,3.500.000 ₫,5.0,16 Đã bán
DELL LATITUDE 3470 CORE I7 6500U RAM 16G SSD 256G 14INCH FHD VGA,https://www.lazada.vn/products/pdp-i2838875158.html,5.600.000 ₫,,
Laptop Asus VivoBook A515EA/ Core i3 1115G4/ Ram 8GB/ SSD 512GB/ VGA Intel UHD/ LCD 15.6 inch LED,https://www.lazada.vn/products/pdp-i2054509264.html,7.300.000 ₫,,
"Thanh lý Laptop -Core 2 dual, 1triệu",https://www.lazada.vn/products/pdp-i2181384300.html,1.000.000 ₫,5.0,
"Laptop xách tay giá rẻ Dell Latitude 7390 2 in 1 Core i5-8250U RAM 8GB SSD 256GB 13.3"" FHD Touch Win 10Pro Key_led Pin 90%",https://www.lazada.vn/products/pdp-i2241340482.html,8.100.000 ₫,5.0,11 Đã bán
Laptop Dell Inspiron 15 3530 N5I5407W1-Black (i5-1334U) (Đen) - Bảo hành 12 tháng,https://www.lazada.vn/products/pdp-i3161438176.html,15.790.000 ₫,,"6 Đã bán
Hồ Chí Minh"
"Laptop Dell Latitude 7400 2 in 1 Core i5 8th, Ram 8, SSD 256",https://www.lazada.vn/products/pdp-i2044973244.html,9.000.000 ₫,5.0,103 Đã bán
DELL LATITUDE 5520 CORE I7 1185G7 RAM 16G SSD 512G 15.6INCH FHD IPS,https://www.lazada.vn/products/pdp-i2926212501.html,9.975.000 ₫,,
[Voucher Discount 15% Max 3000k ] Laptop HP Pavilion 15 eg2058TU (6K788PA) | Intel® Alder Lake Core™ i5 _ 1240P | 8GB | 256GB SSD PCIe | Intel® Iris® Xe Graphics | 15.6 inch Full HD IPS | Win 11| Hàng Chính Hãng,https://www.lazada.vn/products/pdp-i2062128661.html,14.899.000 ₫,5.0,40 Đã bán
[Bỏ túi] Laptop pocket mini 8 inch Onemix 3 3s 3pro màn hình cảm ứng cực kỳ nhỏ gọn cho người hay di chuyển Like new,https://www.lazada.vn/products/pdp-i3203996347.html,8.970.000 ₫,,
"Thanh lý Laptop DELL Cpu core I5 ram 8G, ô cứng 500GB, Màn 15 inh, pin 3h. Giá bán 2 Triệu",https://www.lazada.vn/products/pdp-i2422782692.html,2.000.000 ₫,5.0,5 Đã bán
HP PROBOOK 440 G2 CORE I5 5200U RAM 8G SSD 128G 14INCH FINGER,https://www.lazada.vn/products/pdp-i2805107116.html,3.325.000 ₫,5.0,5 Đã bán
GAMING ACER NITRO 5 CORE I7 11800H RAM 16GB SSD 512GB VGA RTX 3050TI 15.6INCH 144HZ,https://www.lazada.vn/products/pdp-i2817850051.html,18.049.999 ₫,,"8 Đã bán
Hồ Chí Minh"
LapTop xách tay Microsoft surface pro 6 Core i5 8250U Ram 8gb SSD 128gb Màn touch 2k pin&gt; 4h,https://www.lazada.vn/products/pdp-i2457877782.html,8.000.000 ₫,5.0,
Máy tính xách tay/ Laptop Acer Aspire 5 A514-56P-35X7 (NX.KHRSV.001) (i3-1315U) (Xám) - Bảo hành 12 tháng,https://www.lazada.vn/products/pdp-i2413412570.html,10.690.000 ₫,,
"Laptop Lenovo Thinkpad X1 Carbon Core i7-7500U, 16gb ram, 512gb SSD NVmE, 14inch Full HD vỏ carbon cao cấp siêu nhẹ siêu bền",https://www.lazada.vn/products/pdp-i2212735288.html,7.500.000 ₫,,
HP LAPTOP 14 PENTIUM N5030 RAM 8G SSD 128G 14INCH VIỀN MỎNG,https://www.lazada.vn/products/pdp-i2930514803.html,3.500.000 ₫,,
Laptop Thinkpad X1 Carbon Gen 5 i7-7600U RAM 16GB Màn 14' QHD 2K,https://www.lazada.vn/products/pdp-i2680647098.html,6.900.000 ₫,,
MÁY TRẠM - DELL PRECISION 7530 CORE I7 8750H RAM 64G SSD 256G+1T 15.6INCH FHD VGA,https://www.lazada.vn/products/pdp-i2410034272.html,12.900.000 ₫,,
"Laptop Lenovo ThinkBook G2 Core i5-1135G7, 16gb ram, 512gb SSD, màn 15.6inch Full HD",https://www.lazada.vn/products/pdp-i2649937032.html,8.500.000 ₫,,
LENOVO IDEAPAD 1I-15 CORE I5 1235U RAM 16G SSD 256G 15.6INCH FHD IPS VỎ NHÔM,https://www.lazada.vn/products/pdp-i2879826577.html,8.549.050 ₫,,
Laptop ThinkPad X390 Core i7-8665U l i5-8365U l RAM 16GB l SSD 256GB l Màn 14inch FHD [BẢO HÀNH 3 - 12 THÁNG] MỚI 99%,https://www.lazada.vn/products/pdp-i1983094552.html,8.100.000 ₫,,
Laptop Fujitsu Lifebook S937.i5 7200u.ram 8.ssd 128g.hang lượt do mới trên 94%,https://www.lazada.vn/products/pdp-i3060073948.html,4.550.000 ₫,,
LENOVO THINKPAD T14 CORE I7 10510URAM 16G SSD 512G 14INCH FHD IPS,https://www.lazada.vn/products/pdp-i2751075158.html,8.550.000 ₫,,
Laptop Lenovo Thinkpad Yoga 260 | Intel Core i5-6300U | Ram 8GB | SSD 256GB | 12.5″ FHD Touch screen,https://www.lazada.vn/products/pdp-i2605164018.html,6.600.000 ₫,,
HP PROBOOK 450 G5 CORE I5 8250U RAM 8G SSD 256G 15.6INCH GIÁ TỐT,https://www.lazada.vn/products/pdp-i3065405391.html,5.800.000 ₫,,
"Laptop Dell Latitude 7490, E7490 màn hình 14inch FHD cảm ứng cao cấp nguyên zin 99%, Core i7, Ram 8gb, ổ cứng SSD 256gb, máy tính xách tay giá tốt",https://www.lazada.vn/products/pdp-i2455245196.html,7.050.000 ₫,5.0,12 Đã bán
Lenovo Thinkpad X13 gen 1 Core i5-10310U RAM 8/256GB,https://www.lazada.vn/products/pdp-i3052682660.html,5.800.000 ₫,,
Laptop Lenovo ThinkPad X1 Carbon Gen 5 - Core i7-7600U RAM 16G SSD 512G Màn 14 Inch FHD IPS ( Bảo Hành 3 đến 12 Tháng ),https://www.lazada.vn/products/pdp-i2462243387.html,6.900.000 ₫,,
LENOVO THINKPAD T495S RYZEN 5 PRO 3500U/ RAM 16GB/ 14INCH FHD/ AMD RADEON/ HỖ TRỢ LẬP TRÌNH ĐỒ HỌA/ GIÁ RẺ,https://www.lazada.vn/products/pdp-i3199909722.html,7.990.000 ₫,,
"Laptop AOC mỏng nhẹ N141M31 - Intel ADL-N100, RAM 8GB 512 SSD, Màn hình 14.1 inch FHD IPS - Bảo hành 3 năm",https://www.lazada.vn/products/pdp-i3164409528.html,7.900.000 ₫,,
Laptop Asus Vivobook 15 X1502VA-BQ886W (i7-13620H) (Bạc) - Bảo hành 24 tháng,https://www.lazada.vn/products/pdp-i3063858785.html,16.490.000 ₫,5.0,
laptop Acer 4752 - thanh lý,https://www.lazada.vn/products/pdp-i2500344066.html,1.400.000 ₫,,
MÁY TRẠM - DELL PRECISION M6700 CORE I7 3740QM RAM 16G SSD 256G+500G 17.3INCH FHD K3000,https://www.lazada.vn/products/pdp-i2763110532.html,6.500.000 ₫,,
Sale laptop noi địa nhật Fujitsu lifebook sh90 . CPU i5 4200u.ram 8.ssd 128g,https://www.lazada.vn/products/pdp-i3060234337.html,4.650.000 ₫,,
"Thanh lý Laptop Acer 4736, Pentum Dual Core, ram 3G, Giá bán 1,4 triệu.",https://www.lazada.vn/products/pdp-i2296567974.html,1.400.000 ₫,1.4,
Laptop máy trạm DELL Precision M5510 Core i7/Xeon E3 32gb Ram 512gb SSD Quadro M1000M 15.6inch Full HD cảm ứng tràn viền,https://www.lazada.vn/products/pdp-i1139942767.html,8.990.000 ₫,,
"Thanh lý Laptop Dell, core I5, ram 4G, ô cứng 300G, Giá bán 1,9 triệu",https://www.lazada.vn/products/pdp-i2251177653.html,1.900.000 ₫,1.9,
"Thanh lý Laptop Lenovo- Core I5, mới 98%, siêu mỏng, pin 3,5 tiếng, full chức năng, đủ phụ kiện, giá 3,5 triệu. Có ship tỉnh. Điện thoai: 0986435142",https://www.lazada.vn/products/pdp-i2101930578.html,3.500.000 ₫,3.5,
Laptop HP 520 Ram 4Gb màn hình 14 inch win 7,https://www.lazada.vn/products/pdp-i2634599584.html,1.999.000 ₫,,
DELL VOSTRO 3568 CORE I5 7200U RAM 8GB SSD 256G 15.6INCH,https://www.lazada.vn/products/pdp-i2192567038.html,5.300.000 ₫,5.0,
Thinkpad A275 (X270) AMD PRO A12-8830B Ram 8G SSD 256G 12.5 FULLHD ĐÈN PHÍM GIÁ RẺ,https://www.lazada.vn/products/pdp-i3024198406.html,3.900.000 ₫,5.0,7 Đã bán
"Laptop Acer Aspire 4733Z sử dụng cho học tập, văn phòng, giải trí (Used)",https://www.lazada.vn/products/pdp-i2007042425.html,2.400.000 ₫,,
[Trả góp 0%] BẢO HÀNH LÊN ĐẾN 36 THÁNG Bộ máy tính chơi Game MÀN HÌNH 27 IN CONG 24 IN CONG Pc gaming siêu đẹp giá rẻ thùng led gaming - Chip intel core i5 i7 đời cao ram 8G ổ SSD điện tử vga rời cực mạnh,https://www.lazada.vn/products/pdp-i692170718.html,4.775.714 ₫,4.0,210 Đã bán
"Laptop 2020/mới 95-96% Dell Latitude 5300 i5 8265U vPro/ 8GB/ 256GB SSD/ 13.3"" / Win 10Pro/ Pin3-5h",https://www.lazada.vn/products/pdp-i2305157286.html,3.853.200 ₫,5.0,85 Đã bán
Laptop DEll 6430 I5/Ram8G/1000G Hàng nhập khẩu Nhật full box zin all bao tét 30 ngày,https://www.lazada.vn/products/pdp-i251074715.html,1.827.000 ₫,3.0,31 Đã bán
"Laptop 2 trong 1 Fujitsu U939X Core i7-8665U, 16gb ram, 512gb SSD, màn 13.3” Full HD cảm ứng gập 360 độ, vỏ nhôm magie siêu cứng siêu nhẹ 800gram.",https://www.lazada.vn/products/pdp-i2983706532.html,3.900.000 ₫,,
Laptop mini Lenovo YB1-X91 lai máy tính bảng siêu siêu mỏng nhẹ cảm ứng mượt mà cho người hay di chuyển,https://www.lazada.vn/products/pdp-i2155793537.html,3.170.000 ₫,4.0,16 Đã bán
Laptop HP x2 210 G2 laptop lai máy tính bảng cảm ứng window 10 siêu mỏng nhẹ,https://www.lazada.vn/products/pdp-i2665213457.html,2.370.000 ₫,,
Laptop mini Lenovo Miix 320 310 210 D330 D335 window 10 lai máy tính bảng ổ cứng SSD màn hình cảm ứng cực mượt,https://www.lazada.vn/products/pdp-i2036076685.html,2.970.000 ₫,4.0,37 Đã bán
[Game] Laptop Lenovo Ideapad 310s i5/AMD/i3 cấu hình cao card đồ họa rời 2GB chiến game siêu mỏng đẹp cho văn phòng giải trí,https://www.lazada.vn/products/pdp-i3199830273.html,3.170.000 ₫,,
"Laptop Dell XPS 9380 - Core i7-8565U RAM 16G SSD 512G Màn 13,3 Inch FHD IPS ( Bảo Hành 3 đến 12 Tháng )",https://www.lazada.vn/products/pdp-i2435636982.html,11.400.000 ₫,,
[Bỏ túi] Laptop pocket mini 8.9 inch GPD p2 màn hình cảm ứng cực kỳ nhỏ gọn cho người hay di chuyển Like new,https://www.lazada.vn/products/pdp-i3199028003.html,11.700.000 ₫,,
Laptop xách tay Lenovo Thinkpad L480 Core I5 8350U Ram 8GB SSD 256GB 14inch Card On Pin trên 4H,https://www.lazada.vn/products/pdp-i2610825082.html,6.500.000 ₫,,
"Laptop Giá rẻ DELL LATITUDE E5280 12.5 INCHE I5 7200U 8Gb Ram DDR4 256Gb SSD Pin 90% Laptop văn phòng, độ hoàn thiện cao, mạnh mẽ bền bỉ",https://www.lazada.vn/products/pdp-i2294343463.html,5.700.000 ₫,,
Laptop xách tay giá rẻ model 2023 DELL 5520 I5-1145G7 RAM 8GB SSD 256GB,https://www.lazada.vn/products/pdp-i2964798921.html,11.300.000 ₫,,
HP ZBOOK 17 G2 CORE I7 4710MQ RAM 32G SSD 512G 17.3INCH FHD VGA K3100 4G,https://www.lazada.vn/products/pdp-i3002962254.html,5.990.000 ₫,,
ASUS VIVOBOOK S430FA CORE I3 8145U RAM 8G SSD 128G+500G 14INCH FHD ĐÈN PHÍM,https://www.lazada.vn/products/pdp-i3065515544.html,5.200.000 ₫,,
[Trả góp 0%]HP Elitebook 8560p Core i5 2520M Ram 4G 500GB - 15.6inch,https://www.lazada.vn/products/pdp-i827926569.html,4.300.000 ₫,5.0,35 Đã bán
"Laptop xách tay giá rẻ Dell Latitude 7390 2 in 1 Core i5-8250U RAM 8GB SSD 256GB 13.3"" FHD Touch Win 10Pro Key_led Pin 90%",https://www.lazada.vn/products/pdp-i2580005799.html,7.999.999 ₫,,
Laptop máy Dell XPS 15 9550 Core i7-6820HQ 32gb Ram512gb SSD 15.7inch 4K cảm ứng siêu nét.,https://www.lazada.vn/products/pdp-i840286608.html,8.990.000 ₫,,
"Dell Latitude 7390 Core i7-8650U, màn cảm ứng RAM 16GB- CHỈ 5.99 TRIỆU",https://www.lazada.vn/products/pdp-i3035618111.html,5.990.000 ₫,,
LAPTOP DELL 5470/ I5-6440U/ RAM 8G/ SSD 256G,https://www.lazada.vn/products/pdp-i3119264201.html,3.950.000 ₫,,
LAPTOP HP PROBOOK 650G2/ CHIP I5-6200U/ RAM 8G/ SSD 256G / AMD M7 465 2G,https://www.lazada.vn/products/pdp-i3211756900.html,3.850.000 ₫,,
DELL VOSTRO 3568 CORE I3 7100U RAM 8G SSD 256G 15.6INCH,https://www.lazada.vn/products/pdp-i3065491044.html,3.900.000 ₫,,
"Laptop Lenovo - Thinkpad X1 Carbon I5 Gen 7, Core i5 8365U, RAM 8GB, SSD 256GB 14″ FHD.Sonpixel",https://www.lazada.vn/products/pdp-i3215479198.html,6.440.000 ₫,,
Laptop Thinkpad X1 Carbon Gen 7 l i7-8665U l RAM 16GB l SSD 512G l Màn 14' QHD 2K,https://www.lazada.vn/products/pdp-i2680564596.html,9.700.000 ₫,,
"Laptop HP ProBook 4540S Core i7, 8gb ram, 256gb SSD, nàm 15,6inch HD",https://www.lazada.vn/products/pdp-i2219781921.html,3.500.000 ₫,,
Laptop Xiaomi Redmibook 15 JYU4505AP i3-1115G4 /8GB/256GB SSD/15.6FHD/WiFi5/BT5/46Whr/ĐEN/W11SL - Hàng chính hãng,https://www.lazada.vn/products/pdp-i2034193288.html,9.990.000 ₫,,
ASUS VIVOBOOK X542UF CORE I5 8250U RAM 8G SSD 256G 15.6INCH FHD VGA,https://www.lazada.vn/products/pdp-i3129768978.html,6.500.000 ₫,5.0,
[BẢO HÀNH 12 THÁNG] Laptop Lenovo Thinkpad T470 (Core I7 7600U/ Ram 16GB/ SSD 256GB/ FHD) - Máy nhập nguyên Zin nguyên kiện - Hàng đẹp 99% - Hàng nhập từ Mỹ,https://www.lazada.vn/products/pdp-i2893762449.html,7.949.000 ₫,,
HP ELITEBOOK 840 G6 CORE I5 8350U RAM 8G SSD 256G 14INCH FHD TRÀN VIỀN IPS,https://www.lazada.vn/products/pdp-i2358063716.html,6.175.000 ₫,5.0,
"Dell Precision M4700 Core i7 3720QM Ram 8G SSD 120G + 500G 15.6inch Full HD, VGA K2100M 2GB Chuyên Game Và Đồ Họa",https://www.lazada.vn/products/pdp-i1261657680.html,4.900.000 ₫,,
Laptop xách tay giá rẻ HP Probook 430 G3 - Intel Core i5 6200U Ram 8GB/ SSD 256GB/ PIN 99%. Nhập nguyên chiếc NHẬT Bản,https://www.lazada.vn/products/pdp-i2258940674.html,5.200.000 ₫,,
Microsoft Surface Laptop 3 Hồng Phiên bản Ram 8 GB Hiệu Năng Cao l Chip i5 l SSD 256Gb l FULLBOX MỚI 97-98%,https://www.lazada.vn/products/pdp-i3153287854.html,8.990.000 ₫,,
"Laptop Asus Vivobook S431 Core i7-10510U, 16gb Ram, 512gb SSD, nvidia MX250, 14” Full HD sRGB hàng nhập khẩu",https://www.lazada.vn/products/pdp-i1461944091.html,8.500.000 ₫,4.0,25 Đã bán
"Laptop Dell Inspiron Gaming 7567 Core i7-7700HQ, 32gb ram, 256gb SSD+1TB HDD, VGa rời RTX1050, màn 15.6inch Full HD, màu đỏ hiếm sang trọng",https://www.lazada.vn/products/pdp-i3070967788.html,9.400.000 ₫,,
"Laptop ASUS TUF Gaming FX505DT-AL003T | AMD Ryzeb R7-3750H | Ran 16GB | SSD 512GB | VGA GTX 1650 4GB | 15.6"" FHD 120Hz | Win 10",https://www.lazada.vn/products/pdp-i2898636466.html,9.350.000 ₫,,
LAPTOP DELL 3157 2 IN 1 N3050 RAM 8G SSD 256G 11.6INCH TOUCH 360 ĐỘ,https://www.lazada.vn/products/pdp-i2745541007.html,3.600.000 ₫,,
LENOVO IDEAPAD S340 CORE I3 8145U RAM 8G SSD 256G 15.6INCH FHD VIỀN MỎNG,https://www.lazada.vn/products/pdp-i2423923098.html,5.225.000 ₫,,
Microsoft Surface Laptop 3 | Core i7-1065G7 | RAM 16GB | SSD 256GB | 13.5’’ 2k Touch screen,https://www.lazada.vn/products/pdp-i2282252001.html,11.550.000 ₫,,
[Gaming] Laptop HP Omen Core i5 8300H card đồ họa rời GTX 1050Ti 4GB cực kì mạnh mẽ chiến tất cả các game,https://www.lazada.vn/products/pdp-i3204221848.html,10.070.000 ₫,,
Lenovo Thinkpad X280 core i5 7300U ram 8GB SSd 256GB màn hình FHD Cũ,https://www.lazada.vn/products/pdp-i3075393050.html,4.449.000 ₫,,
ART BOX | Lenovo IdeaPad Slim5 16IRL Vi Mi kháng khuẩn cho máy tính xách tay,https://www.lazada.vn/products/pdp-i3228096559.html,495.000 ₫,,
Dell Inspiron 5620 (N5620-I5P165W11SLU) Core i5 _ 1240P | 16GB | 512GB SSD PCIe| 16.0 inch Full HD+ | Win 11 _ Office 2021 | Finger | LED KEY| Hàng Chính Hãng,https://www.lazada.vn/products/pdp-i2055672835.html,18.799.000 ₫,,"12 Đã bán
Hồ Chí Minh"
Laptop bỏ túi Onemix GPD 7 inch ram 8GB chip lõi tứ màn hình cảm ứng cực kỳ nhỏ gọn,https://www.lazada.vn/products/pdp-i2665204878.html,6.970.000 ₫,5.0,
Laptop Dell Latitude E5280 màn 12.5 inch - Core i5 7300u 8G 256G SSD,https://www.lazada.vn/products/pdp-i2479684785.html,3.588.000 ₫,4.0,8 Đã bán
"Laptop Giá rẻ Dell Latitude 3590 Core™ i5 | Core™ i3 | 8250U | Ram 8G | SSD 256G | HD Graphics 620 |MH 15.6 "" Pin&gt; 4h",https://www.lazada.vn/products/pdp-i2556168712.html,3.458.000 ₫,5.0,74 Đã bán
HP PROBOOK 450 G5 CORE I5 7200U RAM 8G SSD 256G 15.6INCH GIÁ RẺ,https://www.lazada.vn/products/pdp-i2607392511.html,4.560.000 ₫,5.0,17 Đã bán
"Laptop Dell XPS 9500 - Core i7-10750H RAM 16G SSD 512G VGA GTX 1650Ti Màn 15,6 Inch FHD IPS ( Bảo Hành 3 đến 12 Tháng )",https://www.lazada.vn/products/pdp-i2436324623.html,17.900.000 ₫,,
Laptop HP 8460 (Core i5 Win 10) pin 2h,https://www.lazada.vn/products/pdp-i2994044237.html,1.700.000 ₫,,
SURFACE LAPTOP GO 2 INTEL CORE I5 1135G7 RAM 16G SSD 256G 12.4INCH FHD IPS TOUCH,https://www.lazada.vn/products/pdp-i2690976206.html,9.386.000 ₫,5.0,9 Đã bán
"Asus TUF Gaming FA507RC-HN051W, Ryzen 7-6800H, Ram 8GB, SSD 512GB, Card RTX 3050,màn 15.6inch FHD",https://www.lazada.vn/products/pdp-i2951197508.html,16.600.000 ₫,,
Laptop Lenovo Thinkpad X270 i5 7200U RAM 8GB SSD 256GB 12.5 inch HD Pin 90%,https://www.lazada.vn/products/pdp-i2592373502.html,4.081.500 ₫,5.0,
Laptop xách tay giá rẻ DELL latitude 7490 I5 RAM8 SSD 256GB PIN 95%,https://www.lazada.vn/products/pdp-i2661994692.html,6.700.000 ₫,,
"Laptop giá rẻ Thinkpad X1 Carbon gen 4 Core i5 - 6300U RAM 8G SSD 256G 14"" Full HD Ips pin 90%",https://www.lazada.vn/products/pdp-i2241261971.html,6.000.000 ₫,,
Laptop xách tay giá rẻ DELL LAITUTDE 5491 i5-8400H RAM 8 SSD 256GB,https://www.lazada.vn/products/pdp-i2644998368.html,6.800.000 ₫,,
Laptop xách tay giá rẻ DELL 5310 I5-10210U RAM 8 SSD 256GB,https://www.lazada.vn/products/pdp-i2671568021.html,8.600.000 ₫,,
"Laptop Xách Tay Giá Rẻ HP ProBook 470 G5 (2019) 17,3 inch i5 8250U SSD128+HDD 500GB VGA 930MX pin 4H",https://www.lazada.vn/products/pdp-i2293969605.html,9.200.000 ₫,5.0,
"Laptop Asus Zenbook UX425EA Core i7-1165G7, 16gb Ram, 1tb SSD, 14inch Full HD vỏ nhôm siêu mỏng nhẹ, hàng nhập khẩu",https://www.lazada.vn/products/pdp-i1685080035.html,8.300.000 ₫,4.0,12 Đã bán
"Laptop cao cấp Sony Vaio VJPK11 Core i5-8265U, 8gb ram, 512gb SSD, 13.3” Full HD, màu siêu hiếm siêu đẹp",https://www.lazada.vn/products/pdp-i2091607925.html,8.900.000 ₫,,
"Surface Laptop Go Core i5-10310U, 8gb ram, 128gb SSD, 13.3” cảm ứng, nguyên hộp",https://www.lazada.vn/products/pdp-i2540174859.html,8.500.000 ₫,,
LENOVO THINKPAD T14S CORE I7 10610U RAM 16G SSD 512G 14INCH FHD IPS,https://www.lazada.vn/products/pdp-i2793436183.html,8.500.000 ₫,4.0,
"Máy tính xách tay ASUS Vivobook Max X441MA CPU Intel N5000, Ram 4GB, SSD 240GB, 14 inch mỏng nhẹ",https://www.lazada.vn/products/pdp-i2008041668.html,4.980.000 ₫,,
"Laptop Fujitsu Lifebook UH75/H Core i5, 8gb ram, 256gb SSD, 14” HD vỏ nhôm rất đẹp",https://www.lazada.vn/products/pdp-i2012378060.html,3.900.000 ₫,,
"Laptop Dell Latitude 7420 | Intel Core i5 - 1145G7 | Ram 8GB | SSD 256GB | 14.0"" FHD (1920x1080) An ti-glare, WVA, 250 nits, HD RGB Cam | Fiber Carbon",https://www.lazada.vn/products/pdp-i3208187812.html,8.690.000 ₫,,
Máy tính xách tay/ Laptop HP 15-fc0086AU - A6VV9PA (AMD Ryzen 5-7430U) (Bạc) - Bảo hành 12 tháng,https://www.lazada.vn/products/pdp-i2963161505.html,13.390.000 ₫,,
LAPTOP DELL LATITUDE 7400 i7 8665U/ RAM 8GB/ SSD 256GB/ 14INCH FHD/ LAPTOP VĂN PHÒNG SIÊU BỀN/ GIÁ RẺ,https://www.lazada.vn/products/pdp-i2450843714.html,9.500.000 ₫,,
"Thanh lý Laptop SONY VPCCWW1FX ( MỚI ), Cpu core I3, ram 4G, ô cứng 350G, Màn 14"". Giá bán 2,9",https://www.lazada.vn/products/pdp-i2363040864.html,2.900.000 ₫,2.9,
HP PROBOOK 650 G4 CORE I5 7200U RAM 8G SSD 256G 15.6INCH VỎ NHÔM,https://www.lazada.vn/products/pdp-i3026921350.html,4.900.000 ₫,,
"LAPTOP Màu xanh , Màu trẻ trung DELL 5547 I5-4210U MÀU XANH bảo hành 12thang ,60 ngày 1 đổi 1",https://www.lazada.vn/products/pdp-i281588880.html,3.427.000 ₫,,
ASUS VIVOBOOK S330 CORE I3 8130U RAM 4G SSD 256G 13.3INCH FHD,https://www.lazada.vn/products/pdp-i2764733173.html,4.800.000 ₫,,
SURFACE LAPTOP 2 CORE I5 8350U RAM 8G SSD 256G 13.5INCH TOUCH 2K,https://www.lazada.vn/products/pdp-i2834736583.html,8.500.000 ₫,,
Lenovo V14 IIL (82C400W3VN) | Intel Core i5 1035G1 | 4GB | 256GB SSD PCIe | VGA INTEL | 14 inch HD | FreeDos | Brand New 100% - Hàng Chính Hãng,https://www.lazada.vn/products/pdp-i738176230.html,9.999.000 ₫,,
Sale laptops cảm ứng Fujitsu lifebook sh90.cpu i5 4200u.ram 10g.ssd 128+320g,https://www.lazada.vn/products/pdp-i3060262168.html,4.550.000 ₫,,
Lenovo Thinkpad X13 Gen 2 Core i7-1165G7 RAM 16G SSD 256G | Màn 13.3' FHD [ Bảo Hành 3 - 12 Tháng ] Máy Mỹ Đẹp 99%,https://www.lazada.vn/products/pdp-i2110836957.html,12.900.000 ₫,,
DELL VOSTRO 5568 CORE I7 7500U RAM 16G SSD 360G 15.6INCH FHD VGA RỜI ĐÈN PHÍM,https://www.lazada.vn/products/pdp-i3027854024.html,6.900.000 ₫,,
DELL LATITUDE 5310 CORE I5 10210U RAM 16G SSD 256G 13.3INCH FHD ĐÈN PHÍM,https://www.lazada.vn/products/pdp-i3193859725.html,7.500.000 ₫,,
"Máy tính bảng siêu bền Panasonic FZ-G1 Core i5-6300U, 4gb ram, 256gb SSD, 10.1” Full HD cảm ứng đa điểm, siêu bền chống nước",https://www.lazada.vn/products/pdp-i2536561455.html,5.500.000 ₫,,
TOSHIBA DYNABOOK T75 CORE I7 7500U RAM 8G SSD 256G 15.6INCH FHD GIÁ RẺ,https://www.lazada.vn/products/pdp-i2797377512.html,6.500.000 ₫,,
"Laptop HP EliteBook 840 G8 | i5-1145G7 | RAM 16GB | SSD 256GB | 14""FHD IPS",https://www.lazada.vn/products/pdp-i2377873908.html,9.900.000 ₫,,
ACER SWIFT 313-53 CORE I5 1135G7 RAM 16G SSD 256G 13.5INCH 2K,https://www.lazada.vn/products/pdp-i2984318423.html,7.500.000 ₫,,
Laptop Lenovo Thinkpad T14 Core i7-10510U l RAM 16G l SSD 512G l Màn 14' FHD Hàng Mỹ Đẹp 99%,https://www.lazada.vn/products/pdp-i2680505559.html,9.700.000 ₫,,
Laptop Lenovo LOQ 15IRX9 - 83DV013PVN (i5-13450HX/ GeForce RTX™ 3050/ 12GB/ 512GB/ Windows 11) - Bảo hành 36 tháng,https://www.lazada.vn/products/pdp-i3089104259.html,21.990.000 ₫,,"8 Đã bán
Hồ Chí Minh"
"Thanh lý Laptop HP Probook 4530s, Core I5, giá 2,9 triệu",https://www.lazada.vn/products/pdp-i2101906791.html,2.900.000 ₫,5.0,5 Đã bán
laptop Dell Latitude 5310 2 in 1 Cảm ứng xoay gập 360 | Core i7-10210U| 16GB| 512GB| [Vỏ kim loại],https://www.lazada.vn/products/pdp-i2667545598.html,7.690.000 ₫,5.0,
Laptop Cũ Dell XPS 13 9365 - Core i7-7500U - RAM 8GB - SSD 256GB - VGA Intel HD Grapics 620 - (MÀN HÌNH CẢM ỨNG 3K SIÊU NÉT),https://www.lazada.vn/products/pdp-i2005540789.html,8.960.000 ₫,5.0,79 Đã bán
[Trả góp 0%]LENOVO THINKPAD X260 i5 6300U RAM 8G SSD 256G 12.5INCH,https://www.lazada.vn/products/pdp-i604972936.html,3.700.000 ₫,5.0,25 Đã bán
Laptop HP Elipbook 450G1 Core i7-4600M 8gb Ram 256gb SSD 15.6inch HD tặng chuột không dây,https://www.lazada.vn/products/pdp-i372826267.html,2.500.000 ₫,1.0,
máy laptop toshiba r732 i5 3320m .ram 4gb .xách tay nhật bản,https://www.lazada.vn/products/pdp-i1926309920.html,2.899.000 ₫,,
"Laptop HP Folio G1 Core M5-6Y54, 8gb ram, 256gb SSD 12.5” Full HD, vỏ nhôm nguyên khối siêu mỏng nhẹ 1kg",https://www.lazada.vn/products/pdp-i1990909821.html,3.500.000 ₫,5.0,
"Thanh lý Laptop Dell V13 , core 2 doal, giá 1,5 triệu",https://www.lazada.vn/products/pdp-i2251190525.html,1.500.000 ₫,5.0,
[Mã 159ELHA giảm 7% đơn 300K] Laptop dell chính hãng cũ pin chai tặng kèm bộ nguồn dùng ok giá 1 trệu 7,https://www.lazada.vn/products/pdp-i2634665305.html,1.700.000 ₫,,
"Laptop Sony Vaio PCG-414 Core i7, 8gb ram, 256gb SSD, vga rời AMD Radeon HD, màn 15.6inch Full HD IPS vỏ nhôm toàn thân sang trọng bền bỉ",https://www.lazada.vn/products/pdp-i2148551109.html,4.700.000 ₫,5.0,6 Đã bán
Quà tặng cho bé gái Pink Máy tính xách tay ASUS Factory 15.6inch i7/J4125 laptop chính hãng Fingerprint notebook for thiết kế/chỉnh sửa video/PTS,https://www.lazada.vn/products/pdp-i2344678855.html,7.399.999 ₫,5.0,11 Đã bán
laptop Dell Dell Latitude 3310 2in1 | Core i5-8300 | 16GB | 512GB | 13.3inch FHD Cảm ứng xoay gập 360 độ,https://www.lazada.vn/products/pdp-i2689196206.html,6.920.000 ₫,5.0,8 Đã bán
"Laptop Dell Latitude 5580, E5580 Core i7, màn hình 15.6inch FullHD, Ram 8gb, ổ cứng SSD 256gb, cạc VGA rời, máy tính văn phòng lưới 99% zin",https://www.lazada.vn/products/pdp-i2450372039.html,5.750.000 ₫,5.0,12 Đã bán
HP ELITEBOOK 840G3 CORE I5 6300U RAM 8GB SSD 256GB 14INCH FHD,https://www.lazada.vn/products/pdp-i2119334413.html,4.800.000 ₫,5.0,
"Laptop HP ProBook 450G5 Core i5-8250U, 16gb ram, 512gb SSD, màn hình 15.6inch Full HD hàng nhập Nhật Bản đã qua sử dụng",https://www.lazada.vn/products/pdp-i2980814521.html,3.999.000 ₫,5.0,
"Laptop HP 820 g1 i5 4300u Ram 10gb Ssd 128gb nhỏ gọn, mỏng nhẹ",https://www.lazada.vn/products/pdp-i1926308898.html,3.898.000 ₫,5.0,11 Đã bán
"Laptop 2 trong 1 Fujitsu Q739 Core i5-8365U, 8gb ram, 512gb SSD, màn 13.3inch Full HD cảm ứng vỏ nhôm siêu nhẹ mỏng",https://www.lazada.vn/products/pdp-i2557312622.html,5.100.000 ₫,5.0,
LENOVO THINKPAD YOGA L380 CORE I5 8250U RAM 8G SSD 256G 13.3INCH FHD TOUCH 360,https://www.lazada.vn/products/pdp-i2670054504.html,5.000.000 ₫,,
GAMING DELL 7567 CORE I5 7300HQ RAM 16GB SSD 128GB+500GB 15.6INCH FHD GTX 1050 4GB,https://www.lazada.vn/products/pdp-i2775822139.html,7.900.000 ₫,,
"Laptop Dell Precision 7520 máy trạm cấu hình cao, Core i7, Ram 8gb, ổ cứng SSD 256gb, cạc VGA M1200M, màn 15.6 FHD/IPS, máy tính xách tay giá tốt",https://www.lazada.vn/products/pdp-i2474205982.html,7.800.000 ₫,5.0,45 Đã bán
LAPTOP INTEL CORE I5 RAM 8GB SSD 256GB 13.3INCH GIÁ TỐT,https://www.lazada.vn/products/pdp-i2758984166.html,4.500.000 ₫,,
"Laptop 2 trong 1 Panasonic CF-MX5 Core i5-6300U, 8gb ram, 256gb SSD, màn 12.5inch Full HD cảm ứng gập 360 độ, vỏ nhôm magie siêu bền",https://www.lazada.vn/products/pdp-i2579446686.html,3.500.000 ₫,4.0,
"Laptop Fujitsu Lifebook UH90 Core i5, 12gb Ram, 256gb SSD, 14” 3K IPS cảm ứng, vỏ nhôm siêu mỏng",https://www.lazada.vn/products/pdp-i2087042072.html,3.990.000 ₫,1.0,
[Trả góp 0%]Thinkpad T520 Core i5 2520M Ram 4G ssd 128G 15.6inch,https://www.lazada.vn/products/pdp-i959944223.html,5.500.000 ₫,,
"Laptop 2 trong 1 Panasonic CF-RZ5 Core M5-6Y57, 8gb ram, 256gb SSD, màn 10.1” Full HD cảm ứng gập 360, vỏ nhôm magie siêu nhẹ",https://www.lazada.vn/products/pdp-i2539862975.html,3.300.000 ₫,,
"Laptop máy trạm Fujitsu Celsius H770 Core i7-7700HQ, 16gb Ram, 256gb SSD, vga Quadro M620M, 15.6inch Full HD IPS, hàng Nhập khẩu",https://www.lazada.vn/products/pdp-i1625152927.html,7.990.000 ₫,,
"DELL LATITUDE 5300 CORE I5 8365U RAM 16G SSD 256G 13,3ICNH fullhd ĐÈN PHÍM PIN 8H",https://www.lazada.vn/products/pdp-i2280989018.html,5.900.000 ₫,,
Dell Latitude DELL 7390 2-in-1 Core i5-8365U | Core i7-8665U CẢM ỨNG XOAY GẬP 360 ĐỘ SANG TRỌNG BỀN BỈ,https://www.lazada.vn/products/pdp-i2058705922.html,6.569.000 ₫,4.0,80 Đã bán
LENOVO THINKPAD X240 CORE I7 4500U RAM 8GB SSD 256GB 12.5INCH GIÁ RẺ TẶNG KÈM BỘ PHỤ KIỆN,https://www.lazada.vn/products/pdp-i2541592604.html,4.300.000 ₫,5.0,
"[Qua sử dụng ]🎯 HP ZBook Studio G5 – Đồ họa đỉnh cao, MỎNG NHẸ hiếm có!",https://www.lazada.vn/products/pdp-i3120362475.html,9.390.000 ₫,,
[Trả góp 0%]Dell Inspiron 3520 Core i3 3110M Ram 4G SSD 128G 15.6inch,https://www.lazada.vn/products/pdp-i959912399.html,3.500.000 ₫,5.0,
DELL LATITUDE 7490 CORE I7 8650U RAM 16GB SSD 512GB 14INCH FHD TRÀN VIỀN,https://www.lazada.vn/products/pdp-i2379692052.html,6.800.000 ₫,5.0,9 Đã bán
Laptop DELL XPS 9370 Intel core i7 / Ram 16Gb / SSD 512 / 13.3 inch Full HD,https://www.lazada.vn/products/pdp-i2391422363.html,12.990.000 ₫,,
Toshiba KIRA Book Core i5-5500U/Ram 8GB/SSD 256/ LCD 13.3 Inch -2K( 2560*1440)/Vỏ nhôm nguyên khối-Dòng doanh nhân cao cấp,https://www.lazada.vn/products/pdp-i2665328214.html,3.900.000 ₫,4.0,7 Đã bán
"HP ELITEBOOK FOLIO G1 ,CORE M7 6Y75 , RAM 4GB ,SSD 128GB , MÀN HÌNH 12.5″ 4K CẢM ỨNG",https://www.lazada.vn/products/pdp-i260615922.html,4.500.000 ₫,,
[Trả góp 0%]Dell Latitude E6330 Core i5 3340M Ram 4G SSD 128 13.3inch,https://www.lazada.vn/products/pdp-i915106864.html,3.500.000 ₫,,
HP ELITEBOOK X360 830 G7 INTEL CORE I5 10310U RAM 8G SSD 256G 13.3INCH FHD TOUCH 360 ĐỘ,https://www.lazada.vn/products/pdp-i3165519674.html,9.200.000 ₫,,
"Laptop Fujitsu SH75/M Core i5-4300U, 10gb Ram, 256gb SSD, 13.3inch 2K IPS, nhập khẩu Nhật Bản",https://www.lazada.vn/products/pdp-i1618152123.html,3.600.000 ₫,5.0,21 Đã bán
Laptop DELL XPS 13 9365 Core i7-7y50U l RAM 16GB l SSD 256GB l Màn 13 inch,https://www.lazada.vn/products/pdp-i2680654063.html,8.900.000 ₫,,
Laptop Dell inspiron 3168 8GB SSD màn cảm ứng chip lõi tứ window 10 mỏng nhẹ cực đẹp,https://www.lazada.vn/products/pdp-i2665341169.html,2.940.000 ₫,5.0,7 Đã bán
"Laptop Panasonic CF-SZ6 chính hãng ,core i5 thế hệ 7 7300U, ram 8gb, bộ nhớ ssd 128gb",https://www.lazada.vn/products/pdp-i3172189711.html,2.590.000 ₫,,
"Laptop Dell Inspiron 1440 win 8.1 pro, ram 3 gb, dùng cho học tập, công việc, giải trí, tính năng đầy đủ",https://www.lazada.vn/products/pdp-i2123582979.html,2.000.000 ₫,5.0,
Powerful 11.4v 83.6wh a1953 new original a1953 laptop Apple Air 15 ''a1990 020-02391 2018 2019 year bateria notebook T -network preferential price,https://www.lazada.vn/products/pdp-i2712736105.html,999.999 ₫,,
"Thanh lý Laptop Acer 4738, Pentum R, ram 3G. Giá bán 1,1 triệu.",https://www.lazada.vn/products/pdp-i2292387334.html,1.100.000 ₫,4.0,7 Đã bán
"Laptop Asus X550C core I3 thanh lý - giải trí, văn phòng",https://www.lazada.vn/products/pdp-i3206474057.html,1.300.000 ₫,,
"Laptop Fujitsu U9311 Core i5-1165G7, 8gb ram, 512gb SSD màn 13.3” FHD, siêu mỏng nhẹ 800gram",https://www.lazada.vn/products/pdp-i2947329635.html,5.800.000 ₫,,
"Laptop kiêm máy tính bảng Fujitsu Arrows tab Q5010 CPU N4020, 4gb ram, 128gb SSD, màn hình 10.1inch cảm ứng Full HD siêu bền",https://www.lazada.vn/products/pdp-i2619253643.html,2.500.000 ₫,5.0,9 Đã bán
Laptop Dell DC15255 - DC5R5802W1 (Ryzen 5 7530U/ Radeon Graphics 16GB/ 512GB/ Windows 11 + Office) - Bảo hành 12 tháng,https://www.lazada.vn/products/pdp-i3207474237.html,15.590.000 ₫,,
"Laptop Toshiba R63/M core i7-8650U, 16gb ram, 512gb SSD, màn 13.3inch, vỏ nhôm Magie siêu bền siêu nhẹ",https://www.lazada.vn/products/pdp-i2526096571.html,3.900.000 ₫,5.0,5 Đã bán
Laptop 95-96% Dell Latitude 7390 Core i5-8250U RAM 16GB SSD 256GB 13.3inch IPS FHD Pin 4-6H,https://www.lazada.vn/products/pdp-i2285537618.html,6.300.000 ₫,5.0,29 Đã bán
2024 máy tính laptop lenovo factorey Mới 14 Inch Intel Celeron J4105 12th gen laptop chính hãng Mini Siêu Nhỏ Window 10 / MS Office bảo hành 3 năm,https://www.lazada.vn/products/pdp-i2407684614.html,6.999.999 ₫,4.0,32 Đã bán
[Made in Japan] Laptop panasonic LX4,https://www.lazada.vn/products/pdp-i2562305175.html,3.590.000 ₫,,
"Laptop Dell Latitude 7390, E7390 màn hình 13.3 Full HD cảm ứng cao cấp, Core i7, Ram 8gb, ổ cứng SSD 256gb, laptop siêu lướt cao cấp zin 99%",https://www.lazada.vn/products/pdp-i2454724160.html,5.650.000 ₫,5.0,5 Đã bán
"Laptop Giá rẻ Dell Latitude 3590 Core™ i5 | Core™ i3 | 8250U | Ram 8G | SSD 256G | HD Graphics 620 |MH 15.6 "" Pin&gt; 4h",https://www.lazada.vn/products/pdp-i2576584553.html,5.200.000 ₫,5.0,
"Lenovo Thinkpad X270, Core™ i5-6200U, RAM 8GB, SSD 128GB, Intel HD Graphics 620, 12.5"" HD",https://www.lazada.vn/products/pdp-i1764788587.html,3.670.000 ₫,5.0,15 Đã bán
[Mới 99%] HP 840 G5 I5 8300/ 16G SSD 512G CẢM ỨNG SIÊU MƯỢT ( VỎ NHÔM MÀN HINH 14IN ),https://www.lazada.vn/products/pdp-i1765277353.html,7.290.000 ₫,5.0,117 Đã bán
[Trả góp 0%]Thinkpad L512 Core i5 M560 Ram 4GB HDD 500GB 15.4inch,https://www.lazada.vn/products/pdp-i633712160.html,3.500.000 ₫,5.0,
laptop 2 trong 1 HP Elite X2 pro ( có hổ trợ sim 4G wifi ) Tabet cảm ứng MƯỢT MỎNG ĐẸP/M3 thế hệ 7 MÀN HÌNH ĐẸP ĐÃ CÀI ĐỦ office văn phòng,https://www.lazada.vn/products/pdp-i2364763847.html,3.499.000 ₫,5.0,
"Laptop Lenovo Thinkpad W541 Core i7 cấu hình cực mạnh, Ram 8gb, ổ cứng SSD 256gb, cạc VGA K1100, màn hình 15.6 FHD, máy tính văn phòng lướt 99%",https://www.lazada.vn/products/pdp-i2474941613.html,6.200.000 ₫,5.0,26 Đã bán
laptop mỏng nhẹ hp 430 g3 core i5 6200u ram 8gb ssd 256gb,https://www.lazada.vn/products/pdp-i2293297217.html,4.499.000 ₫,5.0,
Laptop Cũ giá rẻ Hp Elitebook 840 G3 i5 6300U RAM 8GB DDR4 SSD 256GB 14 Inches Full HD Card on,https://www.lazada.vn/products/pdp-i2241078051.html,5.600.000 ₫,,
laptop Dell 7440 i5 4300U ram 8G SSD 256G (Hàng nhập Japan) full box zin all,https://www.lazada.vn/products/pdp-i251088222.html,3.284.000 ₫,5.0,
"Laptop Fujitsu Lifebook A579 Core i5-8365U, 16gb ram, 512gb SSD, 15.6” HD nhập khẩu Nhật Bản",https://www.lazada.vn/products/pdp-i2090387576.html,4.500.000 ₫,,
LAPTOP Acer Aspire E5-573 Core i3 5005 Ram 4GB 500GB 15.6inch GIÁ RẺ,https://www.lazada.vn/products/pdp-i1405779750.html,5.500.000 ₫,5.0,
GAMING MSI GE72VR CORE I7 7700HQ RAM 16G SSD 128G+1T 17.3INCH FHD GTX,https://www.lazada.vn/products/pdp-i2951592369.html,7.900.000 ₫,,
Laptop xách tay Lenovo ThinkPad T470S i5 7300U Ram 16gb SSD 256gb Màn hình 14inch Full HD IPS Pin4h,https://www.lazada.vn/products/pdp-i2424375352.html,5.442.000 ₫,,
LENOVO IDEAPAD SLIM 3 CORE I3 GEN 11 RAM 8G SSD 256G 15.6INCH FHD IPS,https://www.lazada.vn/products/pdp-i2920147453.html,6.500.000 ₫,,
"Laptop Dell Inspiron 7559 cấu hình khủng Core i7, Ram 8gb, Ổ cứng SSD M2 256gb, màn 15.6 FullHD, cạc VGA GTX 960M, laptop cao cấp lướt zin 99%",https://www.lazada.vn/products/pdp-i2473595126.html,7.750.000 ₫,5.0,119 Đã bán
Laptop Giá Rẻ HP ELITEBOOK 360 1030G4 I5-8365U RAM8GB SSD256GB,https://www.lazada.vn/products/pdp-i3159509467.html,8.300.000 ₫,,
Dell Latitude E7450 qua sử dụng i5 SSD 128GB Ram 4GB DDR3 PC3L siêumượt như mới,https://www.lazada.vn/products/pdp-i2409574526.html,4.680.000 ₫,,
Microsoft Surface Laptop 5 Full Cảm Ứng Phiên bản Ram 16 GB Hiệu Năng Cao l Chip i5 12Th l SSD 256Gb l MỚI 92-95%,https://www.lazada.vn/products/pdp-i3157130173.html,13.800.000 ₫,,
"✨ ThinkPad X1 Carbon Gen 7 – Máy đẹp như mơ, giá hời bất ngờ, chưa đến 9 triệu! 💼",https://www.lazada.vn/products/pdp-i2894519927.html,8.880.000 ₫,,
"Laptop 2 trong 1 Fujitsu Q737 Core i7-7600U, 8gb ram, 256gb SSD, 13.3inch Full HD cảm ứng nhập khẩu Nhật Bản",https://www.lazada.vn/products/pdp-i2337105897.html,3.400.000 ₫,5.0,20 Đã bán
[ GIÁ RẺ ] THINKPAD X260 CORE I5 6300U RAM 8G SSD 256GB 12.5INCH,https://www.lazada.vn/products/pdp-i2415327019.html,3.700.000 ₫,5.0,
DELL PRECISION M4700 I7 3610QM RAM 8G SSD 256G 15.6INCH FULLHD VGA K1100 ĐÈN PHÍM,https://www.lazada.vn/products/pdp-i1643963457.html,4.900.000 ₫,,
ASUS VIVOBOOK X411UA CORE I7 8650U RAM 8G SSD 256G 14INCH FHD ĐÈN PHÍM,https://www.lazada.vn/products/pdp-i3159915876.html,6.700.000 ₫,,
ASUS GAMING GL552VW CORE I7 6700HQ RAM 16G SSD 512G 15.6INCH FHD GTX 960M 4G,https://www.lazada.vn/products/pdp-i3138462784.html,6.555.000 ₫,,
[CHÍNH HÃNG] INTEL CORE I5 1135G7 RAM 4G SSD 256G+1T 15.6INCH FHD IPS,https://www.lazada.vn/products/pdp-i2362141460.html,8.200.000 ₫,,
[Trả góp 0%]Dell Latitude E7440 Core i5 4310U RAM 8G SSD 128G 14inch GIÁ TỐT,https://www.lazada.vn/products/pdp-i431252033.html,3.800.000 ₫,,
HP PROBOOK 11G2 CPU 3855U RAM 8G SSD 256G 11.6INCH GIÁ RẺ,https://www.lazada.vn/products/pdp-i2565105666.html,2.300.000 ₫,5.0,
"TOSHIBA Laptop Satellite L635 - Intel Core i3-380M 4GB / 240GB SSD/ 13.3""",https://www.lazada.vn/products/pdp-i3033680097.html,1.900.000 ₫,,
Laptop HP Pavilion G4/ CPU i3-M390/ Ram 2GB/ HDD 500GB/ VGA HD Graphics/ LCD 14 inch,https://www.lazada.vn/products/pdp-i1840525594.html,2.500.000 ₫,,
"Laptop cũ giá siêu rẻ, laptop lenovo 110-14IBR, laptop lenovo g480, laptop acer v5-471g, laptop acer e1-470, acer 4739z",https://www.lazada.vn/products/pdp-i2609328946.html,1.900.000 ₫,,
Laptop HP Pavilion G4 core i3 M390 ram 4g hdd 320gb windows 8 tặng kèm cặp loa vi tính có bộ nguồn theo máy BH 7 tháng,https://www.lazada.vn/products/pdp-i2066960051.html,2.290.000 ₫,,
"Laptop Gaming Asus VivoBook K6502 Core i7-12650H, 32gb ram, 1tb SSD NVME, vga rời Geforce GTX3050TI, màn 15,6inch IPS sRGB 144Hz vỏ nhôm siêu đẹp",https://www.lazada.vn/products/pdp-i2264108832.html,14.700.000 ₫,5.0,5 Đã bán
MSI GAMING GF63 CORE I7 9750H RAM 16G SSD 128G+1T 15.6INCH FHD GTX 1650,https://www.lazada.vn/products/pdp-i3139413719.html,9.025.000 ₫,5.0,
"Laptop Dell Latitude 3500 Core i7-8565U, 16gb ram, 512gb SSD NVme, màn 15.6” Full HD hàng nhập khẩu từ Nhật Bản đã qua sử dụng.",https://www.lazada.vn/products/pdp-i2835128606.html,3.500.000 ₫,,
LAPTOP NHẬP KHẨU HP 640G2/ MƯỢT MÀ. BỀN BỈ,https://www.lazada.vn/products/pdp-i3122434800.html,3.200.000 ₫,,
LAPTOP HP FOLIO 9470M Core i7 |Ram8G |SSD160G 14in Utra mỏng nhẹ tặng kèm khuyến mại lên tới 900k,https://www.lazada.vn/products/pdp-i254265191.html,2.284.000 ₫,,
Laptop HP ProBook 450 G8 Core i5 1135G7/ 8GB/ 256GB SSD( Intel Iris Xe Graphics/ 15.6inch Full HD/ Windows 11 Home/ Silver/ Vỏ nhôm),https://www.lazada.vn/products/pdp-i2535618707.html,9.000.000 ₫,,"11 Đã bán
Hà Nội"
Laptop Giá Rẻ Lenovo ThinkPad x13 Ryzen 5 pro 4650U Ram 8GB SSD 256GB,https://www.lazada.vn/products/pdp-i3159947259.html,8.000.000 ₫,,
!!SALE TẾT!!Laptop xách tay giá rẻ DELL LATITUDE 3580 core I5-7200U RAM 8G SSD 256G 15.6 INCH HD,https://www.lazada.vn/products/pdp-i2414659326.html,5.400.000 ₫,,
DELL LATITUDE 7400 CORE I5 8365U RAM 8G SSD 256G 14INCH IPS FULLHD,https://www.lazada.vn/products/pdp-i2230226341.html,5.800.000 ₫,,
ASUS GAMING N550JK CORE I7 4700HQ RAM 16G SSD 256G 15.6INCH FHD TOUCH GTX 850M,https://www.lazada.vn/products/pdp-i3052998910.html,5.500.000 ₫,,
THINKPAD X1 CACBON GEN 5 CORE I5 6300U RAM 8G SSD 256G 14INCH FHD IPS LED PHÍM,https://www.lazada.vn/products/pdp-i2665765319.html,5.800.000 ₫,,
Laptop DELL XPS 13 9365 2-in-1 Core i7-7th l RAM 16GB l SSD 256GB l Màn 13 inch Hàng Đẹp 99%,https://www.lazada.vn/products/pdp-i2680516817.html,8.900.000 ₫,,
LaptopLENOVO THINKPAD X1 Carbon Gen 7 X1 Carbon Gen 6 X1 Carbon Gen 5 X1 Carbon X1 Carbon Gen 4 Core i5-8250U RAM 16GB SSD 512GB 14 inPin&gt;4h,https://www.lazada.vn/products/pdp-i2580653830.html,5.500.000 ₫,,
Laptop Dell Latitude E6410 Core i7 Ram 8GB Ssd 256GB 14inch,https://www.lazada.vn/products/pdp-i1731888256.html,3.500.000 ₫,4.0,
DELL INSPIRON 5748 CORE I3 4005U RAM 8GB SSD 256GB 17.3INCH,https://www.lazada.vn/products/pdp-i2195633733.html,3.500.000 ₫,,
HP ZBOOK 15 G2 CORE I7 4810MQ RAM 16GB SSD 256GB 15.6INCH VGA K1100 CHUYÊN GAME VÀ ĐỒ HỌA,https://www.lazada.vn/products/pdp-i2036999976.html,6.800.000 ₫,5.0,5 Đã bán
LAPTOP DELL 7373 2 IN1 CORE I7 8550U RAM 8G SSD 256G 13.3INCH FHD IPS TOUCH,https://www.lazada.vn/products/pdp-i2626032336.html,8.600.000 ₫,,
DELL LATITUDE 5420 I7 1185G7/ RAM 16GB/ SSD 512GB/ 14INCH FULL HD/ LAPTOP DOANH NHÂN/ SIÊU BỀN/ GIÁ RẺ,https://www.lazada.vn/products/pdp-i3199925661.html,10.900.000 ₫,,
Dell Latitude E5480 Core i5 7300U Ram 8GB SSD 256GB 14inch FHD/SẠC/CHUỘT/TUI,https://www.lazada.vn/products/pdp-i1372501747.html,4.500.000 ₫,5.0,
Laptop Xiaomi Redmibook 15 Intel Core i3-1115G4/8GB/256GB SSD/15.6 FHD/Win11SL/Black - Hàng chính hãng - Bảo hành 24 tháng,https://www.lazada.vn/products/pdp-i2058709593.html,9.490.000 ₫,,
SAMSUNG 3570R CORE I5 3230M RAM 4G SSD 128G 15.6INCH VGA RỜI,https://www.lazada.vn/products/pdp-i1559616966.html,5.600.000 ₫,,
LAPTOP PRO 2012 CORE I7 RAM 8G SSD 256G 15.4INCH VGA,https://www.lazada.vn/products/pdp-i2394590185.html,5.700.000 ₫,5.0,
Surface Laptop 2 Core i7-8650u l Ram 16GB l SSD 500GB l Màn 13 inch 2K Touch [BẢO HÀNH 3 - 12 THÁNG] Mới 99%,https://www.lazada.vn/products/pdp-i2058359315.html,8.900.000 ₫,,
"Laptop Nhật Fujitsu T7250 ram 4G màn hình 15 inch đầy đủ phụ kiện, BH 7 tháng",https://www.lazada.vn/products/pdp-i2065849218.html,2.490.000 ₫,,
[GAMING TẦM TRUNG] ASUS VIVOBOOK X510U CORE I7 8550U RAM 16G SSD 256G 15.6INCH VGA RỜI,https://www.lazada.vn/products/pdp-i2398270451.html,6.500.000 ₫,,
HP Elitebook 840 G7 Core i5-10310U / RAM 16GB / SSD 256GB / Màn 14.0 inch FHD 1920x1080,https://www.lazada.vn/products/pdp-i3104468766.html,9.909.000 ₫,,
Laptop Thinkpad X1 Carbon Gen 6 i5-8350U RAM 8GB SSD 256G Màn 14' FHD[ bảo hành 3 - 12 tháng ],https://www.lazada.vn/products/pdp-i2104695418.html,7.900.000 ₫,,
dell latitude 7275,https://www.lazada.vn/products/pdp-i780968923.html,8.900.000 ₫,,
"Thanh lý Laptop Hp CQ42, màn 15 inh, cpu Core I5 ( cấu hình mạnh), ram 2G, ô cứng 350Gb. Giá bán 1,5 Triệu",https://www.lazada.vn/products/pdp-i2767036076.html,1.500.000 ₫,1.5,
laptop 2 trong 1 NoteBook G2 Tabet cảm ứng MƯỢT MỎNG ĐẸP nhẹ tiện di chuyển/win 10 MÀN HÌNH ĐẸP ĐÃ CÀI ĐỦ office văn phòng,https://www.lazada.vn/products/pdp-i2376999263.html,2.999.000 ₫,,
Thinkpad P50 Xeon E3-1575M l RAM 16G l SSD 256G l VGA M2000 l 15' FHD Like New 99%,https://www.lazada.vn/products/pdp-i2680502361.html,7.700.000 ₫,,
[Gaming] Asus Tuf FX503DV core i7 7700H card đồ họa rời GTX 1050 4Gb chiến mượt tất cả các loại game đồ họa,https://www.lazada.vn/products/pdp-i3204245717.html,8.270.000 ₫,,
Laptop Dell Latitude 7390 Core i7-8650U RAM 16GB SSD 256GB 13.3inch IPS FHD Pin 4-6H,https://www.lazada.vn/products/pdp-i2576751737.html,5.499.999 ₫,,
Laptop Acer Aspire 4733Z/ Core 2 Duo T6670 / Ram 3GB/ HDD 320GB/ GMA X4500MHD/ LCD 14 inch,https://www.lazada.vn/products/pdp-i1923949735.html,1.800.000 ₫,,
"SONY VAIO SVS1512AJ - CORE I5 3210M RAM 8G SSD 256G 15.6INCH VGA RỜI, FULLHD,ĐÈN PHÍM VỎ NHÔM",https://www.lazada.vn/products/pdp-i2789641116.html,3.500.000 ₫,,
"Thanh lý Laptop EMachines , Pentum R ram 4G, Giá bán 1 triệu",https://www.lazada.vn/products/pdp-i2296521999.html,1.000.000 ₫,5.0,
"Thanh lý Laptop Lenovo, Pentum (R), ram 4 gb, Giá bán 1,2 triệu",https://www.lazada.vn/products/pdp-i2283341992.html,1.200.000 ₫,4.0,6 Đã bán
Laptop Asus Vivobook 15 X1502VA-BQ886W (i7-13620H) (Bạc) - Bảo hành 24 tháng,https://www.lazada.vn/products/pdp-i3063902435.html,16.690.000 ₫,5.0,10 Đã bán
Laptop Dell 5559 core i5 8GB SSD 256G đồ họa độc lập 2GB cho văn phòng giải trí,https://www.lazada.vn/products/pdp-i3123556714.html,2.970.000 ₫,,
THINKPAD T480 CORE I7 8565U RAM 16G SSD 256G 14INCH FHD ĐÈN PHÍM,https://www.lazada.vn/products/pdp-i2661114072.html,6.935.000 ₫,4.0,7 Đã bán
"Thanh lý Laptop Dell vosttro 2421-Core I5, ram 4G, ô cứng 100G, Ngoại hình mới 95%, Giá bán 1,5 triệu.",https://www.lazada.vn/products/pdp-i2251231285.html,1.500.000 ₫,4.0,20 Đã bán
"Laptop HP 250 G9R (Core i5-1335U/ 16GB/ 512GB/ Intel Iris Xe Graphics/ 15.6"" FHD/ Win 11 Home/ Đen) Giá Rẻ Cấu Hình Khủng Cho Học Sinh, Sinh Viên, Văn phòng",https://www.lazada.vn/products/pdp-i3094607771.html,12.550.000 ₫,,
[Game] Laptop Dell 3559 3558 5543 3549 core i5 ram 8G đồ họa độc lập 2GB chiến game và văn phòng cực bền bỉ,https://www.lazada.vn/products/pdp-i3204794126.html,2.970.000 ₫,,
"Laptop Gamming Asus TUF FX506, Core i5-10300H, Ram 16GB, SSD 512GB, màn hình 15.6 inch Full HD 144hz, VGA GTX 1660Ti, tặng kèm bộ phụ kiện Laptop",https://www.lazada.vn/products/pdp-i2606068573.html,13.000.000 ₫,5.0,17 Đã bán
"Microsoft Surface Laptop Go 12.4'' Core I5 Gen 10 8G,16GB SSD 128GB -256GB Nhập khẩu Mỹ .Màn cảm ứng",https://www.lazada.vn/products/pdp-i2020590572.html,9.590.000 ₫,5.0,28 Đã bán
Laptop Like new giá rẻ 5320 Core i7 1165G7 RAM 8GB SSD 512GB pin&gt;4h liên tục,https://www.lazada.vn/products/pdp-i2977506092.html,7.920.000 ₫,5.0,5 Đã bán
DELL LATITUDE E7450 CORE I5 5300U RAM 8GB SSD 256GB 14INCH fullhd,https://www.lazada.vn/products/pdp-i2210810854.html,3.800.000 ₫,,
ASUS VIVOBOOK X507 SILVER Core i3 7020U RAM 8G SSD 256G 15.6INCH VIỀN MỎNG,https://www.lazada.vn/products/pdp-i2501165122.html,4.800.000 ₫,,
"[HCM]LAPTOP Lenovo Thinkpad X1 Carbon Gen 2, Core i5 4300U, Ram 8GB, SSD 256GB, Màn 14inch",https://www.lazada.vn/products/pdp-i2446220346.html,4.400.000 ₫,,
Laptop Acer Aspire Lite 15 AL15-41P-R3U5 (Ryzen 7 5700U/ Onboard graphics/ 16GB/ 512GB/ Windows 11) - Bảo hành 12 tháng,https://www.lazada.vn/products/pdp-i3113527042.html,12.290.000 ₫,,
Laptop mini hàng đẹp hp 820g3,https://www.lazada.vn/products/pdp-i2861109809.html,3.550.000 ₫,,
LAPTOP Dell Latitude 7400 2 In 1 (I5 i7 8665U/ 16GB/ SSD 512GB/Touch)MÀN HÌNH 14 IN CẢM ỨNG XOAY GẬP 360 ĐỘ ( THẾ HỆ THỨ 11),https://www.lazada.vn/products/pdp-i2668538058.html,8.900.000 ₫,5.0,12 Đã bán
THINKPAD T470S CORE I5 6300U RAM 12G SSD 256G 14INCH FHD IPS ĐÈN PHÍM,https://www.lazada.vn/products/pdp-i2662329728.html,4.800.000 ₫,,
GAMING MSI GF63 CORE I5 8300H RAM 16G SSD 128G+1T 15.6ICH FHD VGA GTX 1050TI,https://www.lazada.vn/products/pdp-i2843940352.html,8.300.000 ₫,,
"Máy tính xách tay Dell E5440 Intel Core i5 - 4200U | Ram 4Gb | SSD 128Gb - Văn phòng, học tập, xem phim giải trí",https://www.lazada.vn/products/pdp-i2297296783.html,3.900.000 ₫,,
Lenovo Thinkpad X13 Core i7-10610U RAM 16G SSD 512G | Màn 13.3' FHD Máy Mỹ Đẹp 99%,https://www.lazada.vn/products/pdp-i2680598610.html,9.500.000 ₫,,
DELL PRECISION 7510 CORE I7 6820HQ RAM 32G SSD 256G 15.6INCH FHD VGA,https://www.lazada.vn/products/pdp-i2369774943.html,7.800.000 ₫,,
"Laptop Dell Latitude 7380 (i5 6600u, 8GB, 256GB SSD, 13,3 inch, FHD) MỎNG NHẸ",https://www.lazada.vn/products/pdp-i1940834680.html,4.980.000 ₫,5.0,20 Đã bán
LAPTOP CŨ HP 840G3 ĐẸP NHƯ MỚI ( CORI I7-6600/ RAM 8G/ SSD 256),https://www.lazada.vn/products/pdp-i3109659239.html,3.950.000 ₫,,
laptop gaming AMD Ryzen7 RAM 20GB 512GB SSD Máy tính xách tay Fingerprint Unlock Backlit laptop chơi game Windows 10 PRO & MS Office máy tính laptop,https://www.lazada.vn/products/pdp-i2420701081.html,11.499.999 ₫,,
"Laptop máy tính cũ Ram 4gb Core I3, I5, I7, ổ cứng SSD 120gb",https://www.lazada.vn/products/pdp-i2653956392.html,2.208.700 ₫,,
"Laptop Dell Latitude 5420 14 Inch 2021 (Core I5-113G7 I 8GB I 256GB I 14"" FHD) - Hàng Chính Hãng - BH 1 năm - Có Xuất VAT",https://www.lazada.vn/products/pdp-i2534450838.html,12.900.000 ₫,,
ASUS ROG GAMING GL502VT CORE I7 6700HQ RAM 16G SSD 512G 15.6INCH FHD VGA GTX 970M,https://www.lazada.vn/products/pdp-i2598046191.html,7.500.000 ₫,,
HP PAVILION 15CS3 CORE I5 1035G1 RAM 8G SSD 256G 15.6INCH FHD IPS ĐÈN PHÍM,https://www.lazada.vn/products/pdp-i3026939167.html,6.800.000 ₫,5.0,
[Trả góp 0%]ASUS VIVOBOOK X515MA INTEL N4020 RAM 8G SSD 256G 15.6INCH VIỀN MỎNG,https://www.lazada.vn/products/pdp-i442592250.html,4.800.000 ₫,5.0,
GAMING ASUS ROG GL753 CORE I7 7700HQ RAM 16G SSD 256G+1T 17.3INCH FHD VGA GTX 1050TI,https://www.lazada.vn/products/pdp-i2826683693.html,9.000.000 ₫,,
Surface Pro 6 Core i7-8650u l RAM 16GB l SSD 500GB l Màn 13 inch 2K Cảm Ứng [BẢO HÀNH 3 - 12 THÁNG] Mới 99%,https://www.lazada.vn/products/pdp-i1950178585.html,8.700.000 ₫,,
HP Pavilion x360 13 i3 6100/4GB/500GB máy zin 100%,https://www.lazada.vn/products/pdp-i251083393.html,4.141.000 ₫,,
DELL LATITUDE E6540 CORE I7 4800MQ RAM 8G SSD 256G 15.6INCH VGA RỜI,https://www.lazada.vn/products/pdp-i2359217227.html,4.500.000 ₫,5.0,
DELL PRECISION M6800 CORE I7 4990MX EXTREME EDITION RAM 16G SSD 256G+1T 17.3INCH TOUCH VGA K5100M 8GB,https://www.lazada.vn/products/pdp-i3058884097.html,8.500.000 ₫,,
"Laptop Dell Latitude 5440, E5440 giá cực tốt, Core i5, Ram 4gb,ổ cứng SSD 128GB, màn hình 14inch HD,laptop cũ giá rẻ.",https://www.lazada.vn/products/pdp-i3147712384.html,2.999.000 ₫,,
HP ZBOOK 17 G3 CORE I7 6820HQ RAM 16G SSD 512G 17.3INCH FHD VGA M3000,https://www.lazada.vn/products/pdp-i2788518728.html,7.900.000 ₫,,
MSI GAMING GF63 CORE I5 9300H RAM 16G SSD 512G 15.6INCH FHD VGA GTX 1050TI,https://www.lazada.vn/products/pdp-i3023474950.html,8.500.000 ₫,,
"Laptop giá rẻ I7-7500U 15.6 inch Ram 16GB, SSD 512GB, Win 11 pro dành cho học sinh, văn phòng - Bảo hành hãng 2 năm",https://www.lazada.vn/products/pdp-i3164263967.html,9.400.000 ₫,5.0,
"Thanh lý Laptop DELL vosttro1088, Cpu core 2 Duo, ram 2G, ô cứng 350G, Màn 14"". Giá bán 1,5 Triệu",https://www.lazada.vn/products/pdp-i2363020295.html,1.500.000 ₫,1.5,
Microsoft Surface Laptop 2 13.5 inch Nhập Khẩu Mỹ/ 2K cảm ứng - Intel Core I5/I7 RAM 8GB/16GB SSD 128/256/512GB Tặng kèm sạc theo máy Chính hãng,https://www.lazada.vn/products/pdp-i2262675911.html,8.090.000 ₫,5.0,11 Đã bán
Laptop HP 242G2 thanh lý giá sinh viên,https://www.lazada.vn/products/pdp-i3152517309.html,1.039.000 ₫,,
"DELL LATITUDE E7240 CORE I7, MÁY VỎ NHÔM SIÊU MỎNG 1,35KG, ĐÈN PHÍM, NGUYÊN ZIN laptop chơi game laptop Ntech",https://www.lazada.vn/products/pdp-i299382833.html,3.320.000 ₫,,
Laptop Dell 6530 CPU i5/Ram3 8/SSD128GB (Hàng Nhập Khẩu Nhật) 60 Ngày lỗi 1 đổi 1,https://www.lazada.vn/products/pdp-i278842712.html,1.855.000 ₫,5.0,
"Thanh lý Laptop DELL N4110, Cpu core I3 ram 4G, ô cứng 120G, Màn 14"" Giá bán 1,5 Triệu",https://www.lazada.vn/products/pdp-i2363012895.html,1.500.000 ₫,5.0,5 Đã bán
Máy tính xách tay cũ giá rẻ,https://www.lazada.vn/products/pdp-i1254699781.html,1.700.000 ₫,,
Laptop Dell 3750 17.3inch core i5Ram 8G 1000G full box kèm điện thoại 2 sim chính hãng chơi game mượt sự lựa chọn tốt cho sinh viên,https://www.lazada.vn/products/pdp-i251078490.html,2.128.000 ₫,4.0,39 Đã bán
"Thanh lý Laptop Acer 4743, ram 4G, ô cứng 320G, core I3, Giá bán 1,9 triệu",https://www.lazada.vn/products/pdp-i2296547981.html,1.900.000 ₫,1.9,
Laptop xách tay Nhật Bản Fujitsu 12 inch ram 4Gb ổ cứng 250gb đầy đủ phụ kiện,https://www.lazada.vn/products/pdp-i2634512094.html,1.999.999 ₫,,
"Laptop HP 240G4 thanh lý, dùng VP tốt",https://www.lazada.vn/products/pdp-i3152321120.html,1.539.000 ₫,,
Laptop HP ProBook 450 G7 i5-10210U/8GB/256GB SSD (màn hình 15.6/ Intel UHD 620/ nặng 1.8kg),https://www.lazada.vn/products/pdp-i2535134676.html,8.800.000 ₫,,
THINKPAD T480 CORE I5 8250U RAM 16GB SSD 256GB 14INCH FHD ĐÈN PHÍM,https://www.lazada.vn/products/pdp-i2438199213.html,6.300.000 ₫,,
[Trả góp 0%]Lenovo Thinkpad T410 Core i5 Ram 8G SSD 256G 14inch,https://www.lazada.vn/products/pdp-i543906096.html,2.700.000 ₫,5.0,8 Đã bán
"Thanh lý Laptop Acer, Màn hình 14 inh, giá 1,5 triệu Có ship tỉnh. Điện thoai: 077 968 0322",https://www.lazada.vn/products/pdp-i2160554504.html,1.500.000 ₫,1.5,
DELL GAMING 5577 CORE I7 7700HQ RAM 16GB SSD 128GB+1T 15.6INCH FHD VGA GTX 1050,https://www.lazada.vn/products/pdp-i2706767369.html,8.500.000 ₫,,
Microsoft Surface Laptop 4 Cảm Ứng AMD Ryzen 5 Mạnh Mẽ Tiết Kiệm Pin l Ram 8Gb l SSD 256Gb l Màn Hình 13.5 l Mới 90-97%,https://www.lazada.vn/products/pdp-i3148251991.html,11.500.000 ₫,,
"Thanh lý Laptop Acer 4745, Core I3, ram 4G. Giá bán 1,9 triệu",https://www.lazada.vn/products/pdp-i2296689104.html,1.900.000 ₫,1.9,
DELL XPS 9350 CORE I7 6560U RAM 8GB SSD 256GB 13.3INCH FHD IPS,https://www.lazada.vn/products/pdp-i2654317755.html,7.500.000 ₫,5.0,
"Thanh lý Laptop Hp CQ42, màn 15 inh, cpu Core I5 ( cấu hình mạnh), ram 2G, ô cứng 350G. Giá bán 1,5 Triệu",https://www.lazada.vn/products/pdp-i2767013138.html,1.500.000 ₫,1.5,
Laptop Lenovo Thinkpad T14 Gen 2 Core i7-1165G7 l RAM 16G l SSD 512G l Màn 14 FHD Hàng Đẹp 99%,https://www.lazada.vn/products/pdp-i2680509911.html,11.700.000 ₫,,
Laptop Lenovo ThinkPad X1 Carbon Gen 7 - Core i7-8665U RAM 16G SSD 512G Màn 14 Inch FHD IPS ( Bảo Hành 3 đến 12 Tháng ),https://www.lazada.vn/products/pdp-i2462329614.html,10.400.000 ₫,,
DELL LATITUDE E5440 CORE I5 4310U RAM 8G SSD 256G 14INCH CẢM ỨNG,https://www.lazada.vn/products/pdp-i3069396991.html,3.800.000 ₫,,
Laptop dell Latitude 3330 mỏng nhẹ - i5 3337u Ram 4G SSD 128G,https://www.lazada.vn/products/pdp-i1926405024.html,4.299.000 ₫,,
Máy tính bộ ROSA OFFICE (Ryzen 5 Pro 4650G/ Ryzen 3 Pro 4350G/ Ryzen 3 3200G ) B450/8G/256G + Tặng Windows 11 Pro,https://www.lazada.vn/products/pdp-i3057378025.html,6.295.000 ₫,,
Laptop Lenovo Thinkpad X1 Yoga Gen 5 Core i7-10510U l RAM 16G l SSD 256G l Màn 14' FHD,https://www.lazada.vn/products/pdp-i2680579572.html,11.500.000 ₫,,
LAPTOP DELL RUGGED 5414 CORE I7 6600U RAM 8G SSD 256G 14INCH,https://www.lazada.vn/products/pdp-i2729011054.html,7.300.000 ₫,5.0,
DELL LATITUDE 5310 2 IN1 CORE I7 10610U RAM 16G SSD 256G 13.3INCH FHD TOUCH,https://www.lazada.vn/products/pdp-i2801938842.html,8.500.000 ₫,,
ACER GAMING A715 CORE I5 9300H RAM 16G SSD 256G 15.6INCH FHD GTX 1650TI,https://www.lazada.vn/products/pdp-i2792630083.html,8.500.000 ₫,,
GAMING ASUS FX504GD CORE I7 8750H RAM 16G SSD 512G 15.6INCH FHD VGA GTX 1050,https://www.lazada.vn/products/pdp-i2994414664.html,8.500.000 ₫,,
"Laptop Nec VersaPro VK17 Core i7-4500U, 4gb Ram, 128gb SSD 13.3inch 2K HD IPS vỏ nhôm magie siêu mỏng nhẹ 800gram",https://www.lazada.vn/products/pdp-i336038820.html,4.000.000 ₫,5.0,16 Đã bán
"Laptop Dell Precision 7520 Core i7-6820HQ/ 32 GB RAM/ 256 GB SSD/ NVIDIA Quadro M1200M/-VGA 4G 15.6"" FHD( có bản cảm ứng siêu mượt cho khách hàng lựa chọn )",https://www.lazada.vn/products/pdp-i2314298722.html,7.980.000 ₫,5.0,12 Đã bán
HP GAMING 15 AMD RYZEN 7 3750H RAM 16G SSD 512G 15.6ICNH FHD GTX 1650,https://www.lazada.vn/products/pdp-i3198320518.html,9.400.000 ₫,,
Dell Latitude 5320 2 in 1(New 2021) -Intel I5 1135G7-16Gb-512G-13.3″ FHD 2 in 1 CẢM ỨNG XOAY GAP 360,https://www.lazada.vn/products/pdp-i1764883094.html,8.560.000 ₫,4.0,21 Đã bán
Dell Inspiron 15-3567 Core i3 6006U Ram 8GB SSD 256GB 15.6inch giá rẻ,https://www.lazada.vn/products/pdp-i1355419240.html,3.800.000 ₫,,
Laptop Msi Modern 15 F13MG-667VN_16G (i5-1334U/ Intel UHD 16GB/ 512GB/ Windows 11) - Bảo hành 24 tháng,https://www.lazada.vn/products/pdp-i3206841128.html,14.690.000 ₫,,
"Laptop Surface Laptop 3 - Core i7-1056G7 RAM 16G SSD 512G Màn 13,5 Inch QHD Touch ( Bảo Hành 3 đến 12 Tháng )",https://www.lazada.vn/products/pdp-i2472317675.html,8.500.000 ₫,,
"Thanh lý Laptop Lenovo G150, Pentum R Dual core, ram 2G. Giá bán 1,1",https://www.lazada.vn/products/pdp-i2292311995.html,1.100.000 ₫,1.1,
Laptop HP Omen 15 / i7-7700HQ/ Ram 8GB/ SSD-M2 128GB/ HDD 500GB/ VGA NVIDIA GeForce GTX 1050Ti / LCD 15.6 inch FHD,https://www.lazada.vn/products/pdp-i1867743469.html,13.000.000 ₫,,
DELL LATITUDE 5420 CORE I5 1135G7 RAM 16G SSD 512G 14INCH FHD,https://www.lazada.vn/products/pdp-i3120605582.html,8.600.000 ₫,,
"Laptop Workstation HP ZBook Studio G5 Core i7-8750H, 32gb ram, 512gb SSD, vga Quadro P1000, màn 15.6” Full HD, hàng nhập khẩu đã qua sử dụng",https://www.lazada.vn/products/pdp-i2813312418.html,10.900.000 ₫,,
LAPTOP PANASONIC VF-W8 INTEL U9300 RAM 3GB SSD 120G 12.5INCH,https://www.lazada.vn/products/pdp-i1798742668.html,1.900.000 ₫,5.0,
"Laptop mini 4G Học Tập, Làm Việc, Giải Trí Ok Đầy Đủ Phụ Kiện, mới 99%",https://www.lazada.vn/products/pdp-i3059825014.html,2.000.000 ₫,,
"Laptop Panasonic CF-SZ5 nhật bản chính hãng ,core i5 thế hệ 6, ram 8gb, bộ nhớ ssd 256 gb chính hãng",https://www.lazada.vn/products/pdp-i3172143915.html,2.570.000 ₫,,
"Laptop Gaming Acer Nitro 5 AN515-55, Core i5-10300H, Ram 16GB, SSD 512GB, màn hình 15.6inch Full HD 144Hz, VGA RTX 2060, tặng kèm bộ quà tặng laptop",https://www.lazada.vn/products/pdp-i2606809271.html,14.000.000 ₫,5.0,14 Đã bán
Laptop Dell Latitude 3450 L3450-1335U-16512W (i5-1335U/ Onboard graphics/ 16GB/ 512GB/ Windows 11) - Bảo hành 12 tháng,https://www.lazada.vn/products/pdp-i3113611205.html,19.290.000 ₫,,
laptop hp cũ giá rẻ I5 - laptop gaming cũ giá rẻ hp,https://www.lazada.vn/products/pdp-i1044242673.html,2.990.000 ₫,,
"Thanh lý Laptop Acer 4738, Pentum R, ram 3G, . Giá bán 1,1 triệu.",https://www.lazada.vn/products/pdp-i2296538946.html,1.100.000 ₫,1.1,
"Thanh lý Laptop DELL E7430, Cpu core I5, ram 4G, ô cứng 250G. Giá bán 1,5 triệu",https://www.lazada.vn/products/pdp-i2351599958.html,1.500.000 ₫,1.5,
laptop dell 6440 i5 ram 8gb hdd 1000gb giá rẻ cho sinh viên tặng kèm điện thoại nhật,https://www.lazada.vn/products/pdp-i251082395.html,2.541.000 ₫,,
Laptop xách tay giá rẻ Workstation Dell Precision 5530 I5-8400H RAM GB SSD 512GB,https://www.lazada.vn/products/pdp-i2644068622.html,12.474.000 ₫,,"7 Đã bán
Hà Nội"
Laptop Giá Rẻ Lenovo E580 I5-8250U hàng xịn RAM 8GB SSD 256GB 1366x768(LCD),https://www.lazada.vn/products/pdp-i3159460593.html,6.000.000 ₫,,
"!!SALE HÈ!LapTop HP Elitebook 830 G5 Core i5 7200U Ram 8gb SSD 256 Màn Hình FullHD (13,3inch) Pin&gt;4h",https://www.lazada.vn/products/pdp-i2389438598.html,6.300.000 ₫,4.0,10 Đã bán
Laptop xách tay giá rẻ dell vostro 3500 5 1135g4 RAM 8 SSD 256,https://www.lazada.vn/products/pdp-i2857921665.html,9.800.000 ₫,,
LAPTOP GAMING ASUS GL502VM CORE I7 7700HQ RAM 16G SSD 512G+1T 15.6INCH FHD VGA GTX 1060 6G,https://www.lazada.vn/products/pdp-i2645253058.html,9.500.000 ₫,,
Máy tính bộ ROSA OFFICE (Ryzen 5 Pro 4650G/ Ryzen 3 Pro 4350G/ Ryzen 3 3200G ) B450/8G/256G + Tặng Windows 11 Pro,https://www.lazada.vn/products/pdp-i3057196305.html,6.295.000 ₫,,
Laptop giá sinh viên Dell latitude e7440,https://www.lazada.vn/products/pdp-i3025800733.html,2.900.000 ₫,,
[Trả góp 0%]Acer Aspire E5-473 Core i3 4005U Ram 4G HDD 500G 14inch,https://www.lazada.vn/products/pdp-i1011034402.html,3.700.000 ₫,,
DELL GAMING 5577 CORE I5 7300HQ RAM 8G SSD 128G+500G 15.6INCH FHD GTX 1050,https://www.lazada.vn/products/pdp-i2158489123.html,7.800.000 ₫,,
DELL 5480- I5-8250/ RAM 8G/ SSD 256G,https://www.lazada.vn/products/pdp-i2821563730.html,4.950.000 ₫,,
[Trả góp 0%]Dell LATITUDE E6420 Core i5 2520M Ram 4G HDD 500G VGA RỜI14inch/SẠC/CHUỘT/TÚI,https://www.lazada.vn/products/pdp-i612210251.html,3.200.000 ₫,5.0,7 Đã bán
Laptop Giá Rẻ Lenovo thinkpad E15 RAM 8 SSD 256GB,https://www.lazada.vn/products/pdp-i3159516315.html,9.600.000 ₫,,
Laptop Pocket mini One GX core i5 thế hệ 10 phím full LED RGB nhôm nguyên khối cực kỳ hiện đại mạnh mẽ cũ,https://www.lazada.vn/products/pdp-i3203849470.html,12.700.000 ₫,,
"Laptop Sony Vaio PCG-814 Core i7-2870QM, 8gb ram, 256gb SSD, 17.3inch HD+",https://www.lazada.vn/products/pdp-i1844767888.html,4.700.000 ₫,4.0,23 Đã bán
LENOVO IDEAPAD SLIM 5 CORE I5-1035G1 RAM 8G SSD 256G 15.6INCH FHD VGA RỜI ĐÈN PHÍM,https://www.lazada.vn/products/pdp-i2458220969.html,7.500.000 ₫,,
DELL LATITUDE 7400 2IN1 i5 8365U/ RAM 8GB/ SSD 256GB/ 14INCH FHD CẢM ỨNG LẬT XOAY/ VỎ NHÔM SIÊU GỌN NHẸ/ GIÁ RẺ,https://www.lazada.vn/products/pdp-i2844854376.html,9.500.000 ₫,,
LAPTOP THINKPAD X260 NHỎ GỌN SANG TRỌNG BỀN BỈ 6300U/8G/SSD 256G,https://www.lazada.vn/products/pdp-i1764688986.html,6.370.000 ₫,4.0,30 Đã bán
"Laptop Elitebook HP 840 G3 cấu hình mạnh mẽ, Core i7, Ram 8gb, ổ cứng SSD 256, màn hình 14inch FHD, laptop zin lướt 99%",https://www.lazada.vn/products/pdp-i2494028215.html,5.800.000 ₫,5.0,13 Đã bán
Laptop ThinkPad T460p Core i7-6820HQ l RAM 8GB l SSD 256GB l VGA GTX940MX Màn 14 Hàng Chuẩn 99%,https://www.lazada.vn/products/pdp-i2680581677.html,7.900.000 ₫,,
laptop xách tay nhật Dell voso 3560/ i5 3230m/ SSD 128 / 15.6in/ Win 10/ Đẹp Zin,https://www.lazada.vn/products/pdp-i1926330694.html,4.390.000 ₫,5.0,
"Laptop Laptop Lenovo V310-14ISK, Core i3-6006U, Ram 4GB, SSD 120GB, 14inch HD, laptop cũ giá rẻ, tặng chuột không dây, cặp laptop, lót chuột cao cấp",https://www.lazada.vn/products/pdp-i2654956292.html,3.100.000 ₫,,
"Laptop Dell Inspiron 5593, Core i7-1065G7, Ram 8GB, SSD 512GB NVMe PCle, VGA MX230, màn hình 15.6inch Full HD cao cấp, Laptop văn phòng lướt zin 99%",https://www.lazada.vn/products/pdp-i2623057354.html,10.300.000 ₫,,
LENOVO LEGION L340 CORE I5 9300H RAM 16G SSD 512G 15.6INCH FHD GTX 1050,https://www.lazada.vn/products/pdp-i3026088491.html,8.500.000 ₫,,
"Laptop máy trạm HP Zbook 15V G5 Core i7-8750H, 32gb Ram, 512gb SSD+500gb HDD, vga Quadro P600 4G, màn 15.6” 3K HD hàng nhập khẩu Nhật Bản đã qua sử dụng",https://www.lazada.vn/products/pdp-i2835504543.html,11.000.000 ₫,,
[Trả góp 0%]Laptop 2 trong 1 kiêm máy tính bảng Acer Switch Alpha 12 Core i5-6200U 8gb Ram 256gb SSD 12inch 2K windows 10 bản quyền có bàn phím,https://www.lazada.vn/products/pdp-i1070294584.html,6.950.000 ₫,5.0,
DELL PRECISION M4600 CORE I7 2640M RAM 8G SSD 128G+1T 15.6INCH VGA M1000,https://www.lazada.vn/products/pdp-i3037176666.html,3.800.000 ₫,5.0,
"Laptop Asus Zenbook UX431FN Core i7-8565U, 16gb Ram, 512gb SSD, VGA rời MX150, 14"" Full HD SRGB, vỏ nhôm siêu bền",https://www.lazada.vn/products/pdp-i1478619003.html,6.500.000 ₫,4.0,21 Đã bán
LENOVO IDEAPAD G40 CORE I5 4258U RAM 8G SSD 256G 14INCH,https://www.lazada.vn/products/pdp-i2525221533.html,3.300.000 ₫,,
"Laptop LG Gram Book 15U50T - GR3CK | Intel Core i3-1315U | Ram 8GB | SSD 256GB | 15.6"" Full HD (1920 x 1080) IPS, 60Hz, chống loá, 300 nits, 45% NTSC | Windows 11",https://www.lazada.vn/products/pdp-i3183589998.html,10.338.500 ₫,,
"Laptop Dell Latitude 5290 Core™ i5-8250U Ram 16gb SSD 512 Màn hình 12,5 Inch Pin&gt;90%""",https://www.lazada.vn/products/pdp-i2534295251.html,5.300.000 ₫,5.0,
Laptop Surface Pro 5 Core i5-7300U l RAM 8GB l SSD 256GB l Màn Touch 13 inch [BẢO HÀNH 3 - 12 THÁNG] Mới 99%,https://www.lazada.vn/products/pdp-i1950208216.html,9.000.000 ₫,,
Thanh lý máy tính sách tay laptop cũ,https://www.lazada.vn/products/pdp-i2273762979.html,999.999 ₫,4.0,18 Đã bán
"Laptop Dell 1400 core duo thanh lý - giải trí, nghe nhạc...",https://www.lazada.vn/products/pdp-i3221932884.html,950.000 ₫,,
Laptop Lenovo Thinkpad P15 i7-10850H RAM 16GB SSD 512GB VGA T2000 4GB 15' FHD IPS (1920x1080),https://www.lazada.vn/products/pdp-i2680575374.html,19.900.000 ₫,,
"Laptop Lenovo Thinkbook 14 G5+ARP, Ryzen 7-7735H, Ram 32GB, SSD 512GB, 14inch 2.8k Newseal cao cấp, tặng chuột không dây, lót chuột, cặp laptop 2 ngăn",https://www.lazada.vn/products/pdp-i2664750599.html,23.600.000 ₫,,
"Laptop kiêm máy tính bảng NEC VersaPro VKF11U N4100, 4gb ram, 128gb ssd màn 10.1” FHD cảm ứng tương thích windows 10, chrome OS, Android",https://www.lazada.vn/products/pdp-i2845302142.html,1.990.000 ₫,,
Laptop Xách Tay 4G Core i5 BH 9/2025,https://www.lazada.vn/products/pdp-i2784809259.html,2.000.000 ₫,,
laptop dell latitude e6520 i5 15.6 inch Ram 4GB HDD 1000GB hàng nhập khẩu mỹ full box zin all bảo hành 12 tháng,https://www.lazada.vn/products/pdp-i251075548.html,1.900.000 ₫,4.0,9 Đã bán
Laptop hp 8440P i5 Ram 8G hdd 500GB Nhập Khẩu Nhật giá rẻ giải trí học tập ổn,https://www.lazada.vn/products/pdp-i267424110.html,2.400.000 ₫,4.0,31 Đã bán
Laptop HP 15-fd0083TU - 8D736PA (i7-1355U) (Bạc) - Bảo hành 12 tháng,https://www.lazada.vn/products/pdp-i2492462030.html,19.590.000 ₫,,
Laptop 2020 Dell Latitude 5400 i7-8665 32GB/ 2TGB SSD/ 14inch FHD / Win 10Pro/ Pin&gt;4h 95-96%,https://www.lazada.vn/products/pdp-i2665267678.html,7.437.400 ₫,5.0,5 Đã bán
"Laptop Giá Rẻ Thinkpad E490 HÀNG ĐẸP GIÁ TỐT i5 8250U Ram 8G SSD 256G 14"" pin 90%",https://www.lazada.vn/products/pdp-i3159927221.html,6.000.000 ₫,,
"Laptop Dell Latitude 7290,E7290 giá siêu tốt, core i7,Ram 8gb, ổ cứng SSD 256gb,màn hình 12.5HD, laptop văn phòng giá rẻ lướt 99% zin cao cấp",https://www.lazada.vn/products/pdp-i2451883003.html,5.250.000 ₫,5.0,5 Đã bán
"Thanh lý Laptop Asus K43E ( MỚI ), Cpu core I5, ram 4G, ô cứng 500G, Màn 14"". Giá bán 2,9 Triệu",https://www.lazada.vn/products/pdp-i2363105072.html,2.900.000 ₫,2.9,
Laptop cơ bản có WIFI ổ SSD 128GB windows 10 Ram 4G màn hình 14 inch có kèm bộ nguồn hoạt động OK (BH 1 năm),https://www.lazada.vn/products/pdp-i2126990740.html,2.290.000 ₫,5.0,
SONY VAIO VJPG11N CORE I5 7200U RAM 4G SSD 128G 11INCH FHD,https://www.lazada.vn/products/pdp-i2942452965.html,3.500.000 ₫,,
ASUS TUF GAMING FX505DT AMD RYZEN 7 3750H RAM 16G SSD 512G 15.6INCH FHD 144HZ GTX 1650,https://www.lazada.vn/products/pdp-i3064827929.html,9.500.000 ₫,,
"Laptop Dell E7440 i7 /Ram 16G/SSD256G Hàng Nhập Mỹ bảo hành 12 tháng full box ,60 ngày 1 đổi 1",https://www.lazada.vn/products/pdp-i271080689.html,3.900.000 ₫,4.0,14 Đã bán
ASUS ROG GAMING GL503GE CORE I7 8750H RAM 16G SSD 256G+1T 15.6INCH FHD 120HZ GTX 1050TI,https://www.lazada.vn/products/pdp-i2664865813.html,9.500.000 ₫,,
"[Trả góp 0%]HP Pavilion DV4 Core i5 3210M Ram 4G HDD 500G 14""",https://www.lazada.vn/products/pdp-i880392809.html,3.800.000 ₫,,
"Laptop Fujitsu Lifebook SH75/X Core i5-6300U, 20gb ram, 256gb SSD, màn 13.3inch 2K HD IPS vỏ nhôm siêu bền",https://www.lazada.vn/products/pdp-i2255938709.html,4.300.000 ₫,5.0,
Laptop Thinkpad P52 i7-8850H RAM 16GB SSD 256GB VGA P1000 4GB 15' FHD IPS (1920x1080) [ BẢO HÀNH 3 - 12 THÁNG ],https://www.lazada.vn/products/pdp-i2113196834.html,12.900.000 ₫,,
"Máy tính xách tay Dell Latitude 7420 Core i5-1135G7, Ram 16GB, SSD 256GB",https://www.lazada.vn/products/pdp-i2009929954.html,9.000.000 ₫,5.0,144 Đã bán
"Máy tính Laptop Dell Latitude 7400 Core i5 8365U, Ram 8, SSD 256",https://www.lazada.vn/products/pdp-i2044984001.html,6.000.000 ₫,5.0,125 Đã bán
DELL LATITUDE 5320 CORE I5 1145G7 RAM 16GB SSD 512GB 13.3INCH FHD,https://www.lazada.vn/products/pdp-i3101672577.html,8.100.000 ₫,,
LENOVO THINKPAD T480S CORE I7 8650U RAM 8GB SSD 256GB 14INCH FHD,https://www.lazada.vn/products/pdp-i2216087620.html,8.700.000 ₫,,
"Laptop Dell Latitude 5520 | Core I5 - 1145G7 | Ram 16GB | SSD 256GB | 15.6"" Inch FHD IPS",https://www.lazada.vn/products/pdp-i2396706766.html,10.450.000 ₫,,
LAPTOP DELL LATITUDE E6440,https://www.lazada.vn/products/pdp-i3003532289.html,2.990.000 ₫,,
"Laptop 2 trong 1 Toshiba Dynabook VC72 Core i5-7300U, 8gb ram, 256gb SSD, 12.5” 2K IPS cảm ứng gập 360 độ, vỏ nhôm siêu mỏng nhẹ",https://www.lazada.vn/products/pdp-i2040859655.html,4.600.000 ₫,5.0,
HP Pavilion 15 eg2058TU (6K788PA) | Intel® Alder Lake Core™ i5 _ 1240P | 8GB | 256GB SSD PCIe | Intel® Iris® Xe Graphics | 15.6 inch Full HD IPS | Win 11,https://www.lazada.vn/products/pdp-i2306247149.html,14.750.000 ₫,,
"Laptop Dell Inspiron 3520, Core i5-1235U, Ram 16GB, SSD 512GB, màn hình 15.6inch Full HD, tần số quét 120Hz mới Fullbox, tặng kèm bộ phụ kiện cao cấp",https://www.lazada.vn/products/pdp-i2611256589.html,13.000.000 ₫,,
"Thanh lý Laptop Asus -Core I3, ram 4G, Giá bán 1,5 triệu.",https://www.lazada.vn/products/pdp-i2222823813.html,1.500.000 ₫,1.5,
"Laptop đeo doanh nhân 5310 cấu hình k.hủng, ram 16, ssd 512, chip i7 thế hệ 10, mỏng, nhẹ đẹp trang trọng, viền màn hình mỏng, giá cả vô cùng hợp lí",https://www.lazada.vn/products/pdp-i2434460624.html,7.990.000 ₫,,"14 Đã bán
Thanh Hóa"
[Trả góp 0%]THINKPAD X250 CORE I5 5200U Ram 4G SSD 128G 12.5INCH,https://www.lazada.vn/products/pdp-i1267917762.html,3.400.000 ₫,4.0,12 Đã bán
DELL GAMING G7 7588 CORE I7 8750H RAM 16G SSD 512G 15.6INCH FHD VGA GTX 1050 TI,https://www.lazada.vn/products/pdp-i3008747938.html,8.900.000 ₫,,
"Laptop Dell Inspiron 5370 màu bạc cao cấp, màn 13.3 FullHD, Core i5, Ram 8gb, ổ đĩa cứng SSD 256, laptop zin lướt 99% dùng cho văn phòng",https://www.lazada.vn/products/pdp-i2455393496.html,6.900.000 ₫,5.0,10 Đã bán
"Lenovo Thinkpad T460 i5 ,Ram 8G ,SSD 256G Hàng nhập khẩu giá ai củng mua được",https://www.lazada.vn/products/pdp-i251085360.html,3.570.000 ₫,,
[2 IN 1] Laptop surface pro 3 core i5 cực kỳ sang trong mỏng nhẹ cho văn phòng học tập,https://www.lazada.vn/products/pdp-i3168513251.html,3.970.000 ₫,,
Laptop LG Gram 14''/ i7- 1165G7/ 16GB/ 512GB SSD/ Win10/ Black - Hàng chính hãng,https://www.lazada.vn/products/pdp-i2338335014.html,17.000.000 ₫,,
"Laptop Dell Latitude 7240, E7240 siêu mỏng nhẹ cấu hình cao, Core i7, Ram 8gb, ổ cứng SSD 256gb, màn 12.5HD, laptop văn phòng lướt zin 99%",https://www.lazada.vn/products/pdp-i2450488415.html,5.500.000 ₫,5.0,5 Đã bán
ASUS GAMING TUF FX505GD CORE I5 8300H RAM 16G SSD 256G+1T 15.6INCH FHD GTX1050,https://www.lazada.vn/products/pdp-i3104435181.html,8.500.000 ₫,,
"Laptop NEC GN202 Core i5-5200U, 8gb ram, 256gb ssd, màn 15.6inh, hàng nhập nhật Bản",https://www.lazada.vn/products/pdp-i2653541793.html,2.700.000 ₫,,
Laptop Gaming Acer Predator Helios 18 - Core i7-13700HX RAM 16G SSD 512G RTX 4060 8GB Màn 18 Inch FHD 165Hz ( Bảo Hành 3 đến 12 Tháng ),https://www.lazada.vn/products/pdp-i2801988892.html,30.500.000 ₫,5.0,
"Laptop Gaming Lenovo Legion 5 17ACH6 - Ryzen 7-5800H RAM 16G SSD 512G RTX 3060 6GB Màn 17,3 Inch FHD 144Hz ( Bảo Hành 12 Tháng )",https://www.lazada.vn/products/pdp-i2512677196.html,21.500.000 ₫,5.0,
"Thanh lý Acer Màn hình 14 inh, Có ship tỉnh. Điện thoai: 077 968 0322",https://www.lazada.vn/products/pdp-i2162497054.html,1.000.000 ₫,,
"Laptop Dell Inspiron 5502 cấu hình siêu khủng, Core i5, Ram 16gb, ổ cứng SSD 512, Cạc rời VGA MX350, màn hình 15.6 Full HD, dòng ultrabook cao cấp",https://www.lazada.vn/products/pdp-i2472458446.html,12.300.000 ₫,5.0,17 Đã bán
Laptop HP 14 ep1005TU - 9Z2W0PA (Core 7 150U/ Intel Graphics 16GB/ 1TB/ Windows 11) - Bảo hành 12 tháng,https://www.lazada.vn/products/pdp-i3207559896.html,21.790.000 ₫,,
Laptop Asus E200HA-FD0043TS Z8350 ram 2gb lưu trữ 32gb hàng nhập khẩu 2018,https://www.lazada.vn/products/pdp-i251073982.html,1.570.000 ₫,,
Laptop HP Elitebook 8440P/ CPU i5-M 520/ Ram 4GB/ HDD 250GB/ VGA Graphics 3000/ LCD 14 inch,https://www.lazada.vn/products/pdp-i1979993184.html,2.500.000 ₫,,
Laptop Asus Vivobook 16X K3605VC-RP491W (Core i7-13620H/ RTX 3050 4GB/16GB/ 512GB/ Windows 11) - Bảo hành 24 tháng,https://www.lazada.vn/products/pdp-i3207407969.html,20.890.000 ₫,,
Laptop Lenovo Thinkpad X1 Carbon Gen 9 Core i7-1185G7 l RAM 16G l SSD 256G l Màn 14 FHD,https://www.lazada.vn/products/pdp-i2680530918.html,13.500.000 ₫,,
MICROSOFT SURFACE BOOK 2 I5 7300U RAM 8GB SSD 256GB 3K CẢM ỨNG 2IN1 VỎ NHÔM GIÁ RẺ,https://www.lazada.vn/products/pdp-i2141256478.html,10.500.000 ₫,,
Laptop Acer Aspire Lite AL15-42P-R08M (Ryzen 7 7730U/ AMD Radeon 16GB/ 512GB/ Windows 11 + Office) - Bảo hành 12 tháng,https://www.lazada.vn/products/pdp-i3210870871.html,15.490.000 ₫,,
"Laptop NEC PM750N Core i7-8565U, 16gb ram, 512gb ssd màn hình 13.3inch HD, Full phím số",https://www.lazada.vn/products/pdp-i2652071425.html,6.000.000 ₫,5.0,
Laptop DELL XPS 9560 Core i7-7750H l RAM 16G l SSD 512G l GTX 1050 l Màn 15' FHD HÀNG ĐẸP 99%,https://www.lazada.vn/products/pdp-i2680504546.html,10.900.000 ₫,,
2024 Laptop chính hãng intel core i7 RAM 16GB SSD 512GB Windows 10PRO/ MS Office 15.6inch máy tính laptop Chỉnh sửa video Photoshop Bảo hành 3 năm,https://www.lazada.vn/products/pdp-i2593070425.html,9.999.999 ₫,5.0,18 Đã bán
"laptop hp 430 i5 4300U, 8GB, SSD 256GB, màn hình 13.3 inch",https://www.lazada.vn/products/pdp-i1926329758.html,4.089.000 ₫,4.0,13 Đã bán
Dell 5310 cảm ứng i5 thế hệ 10 8.256 giá tầm 7tr: Máy Tính Xách Tay Hoàn Hảo Cho Người Yêu Công Nghệ,https://www.lazada.vn/products/pdp-i2769676382.html,6.400.000 ₫,,
DELL 7280 I5-6300U/8G/SSD 256G Màn 12.5 FHD Cảm Ứng MỎNG NHẸ,https://www.lazada.vn/products/pdp-i1940789069.html,4.700.000 ₫,5.0,46 Đã bán
Laptop Lenovo ThinkPad T14 Gen 2 - Core i7-1165G7 RAM 16G SSD 512G Màn 14 Inch FHD ( Bảo Hành 3 đến 12 Tháng ),https://www.lazada.vn/products/pdp-i2462421418.html,13.400.000 ₫,,
"HP ENVY x360 2-in-1 15.6"" Touch-Screen Laptop, tặng thêm Offline Professional Plus 2019 trị giá 1tr5",https://www.lazada.vn/products/pdp-i1987741051.html,16.190.000 ₫,,
GAMING ASUS TUF FX505 CORE I7 8750H RAM 16G SSD 128G + 1T 15.6inch FHD GTX 1050TI,https://www.lazada.vn/products/pdp-i2798511937.html,8.990.000 ₫,,
"Surface Laptop 3 Core i7-1065G7 l Ram 16GB l SSD 512GB l Màn 13,5 inch 2K Touch Like New 99%",https://www.lazada.vn/products/pdp-i2680625047.html,10.900.000 ₫,,
LAPTOP GAMING MSI GF63 CORE I7 9750H RAM 16G SSD 256G 15.6INCH FHD GTX 1050TI,https://www.lazada.vn/products/pdp-i2664449329.html,11.800.000 ₫,,
laptop nhật nội địa Fujitsu lifebook s936. i5. Ram 8g.ssd 128g,https://www.lazada.vn/products/pdp-i3060134588.html,3.250.000 ₫,,
"Thanh lý Laptop Lenovo 3000 G430, Pentum R, ram 2G, ô cứng 500G, Giá bán 1,5 triệu.",https://www.lazada.vn/products/pdp-i2292356723.html,1.500.000 ₫,1.5,
"Laptop HP Probook 430 G3 Core i7-6500U, 8gb ram, 256gb SSD, 14 inch HD hình thức đẹp",https://www.lazada.vn/products/pdp-i2160584654.html,5.600.000 ₫,5.0,8 Đã bán
Laptop Dell XPS 13 9360 - Core i5-8300U - RAM 8GB - SSD 512GB - VGA Intel HD Grapics 620 - (MÀN HÌNH SIÊU NÉT),https://www.lazada.vn/products/pdp-i2645030942.html,7.800.000 ₫,5.0,6 Đã bán
Laptop Dell inspiron 3558 i5 5200 4G SSD128G Màn 15.6 đẹp không tì vết hàng nhập khẩu(Tặng kèm Booxx 250G),https://www.lazada.vn/products/pdp-i251073978.html,3.570.000 ₫,,
DELL GAMING G3-3590 CORE I5 9300H RAM 16G SSD 256G+1T 15.6INCH FHD VGA GTX 1050,https://www.lazada.vn/products/pdp-i2395929262.html,8.900.000 ₫,,
Laptop Acer Aspire Go 14 AI AG14-71M-57WR (Core Ultra 5-125H) - Bảo hành 24 tháng,https://www.lazada.vn/products/pdp-i3210052662.html,16.790.000 ₫,,
Laptop Dell XPS 13 9305 | Intel Core i5-1135G7 | Ram 8GB | 256GB SSD | 13.3 FHD IPS,https://www.lazada.vn/products/pdp-i2624453743.html,13.200.000 ₫,,
"Laptop Sony Vaio SVT151 Core i7-3537U, 8gb ram, 256gb SSD, 15.6"" Full HD cảm ứng, vỏ nhôm toàn thân sang trọng bền bỉ",https://www.lazada.vn/products/pdp-i2009694862.html,3.990.000 ₫,,
[Trả góp 0%]HP 820 G2 Core i5 5200U 8GB SSD 256GB 12.5inch,https://www.lazada.vn/products/pdp-i438312169.html,3.500.000 ₫,5.0,
"Laptop HP Elipbook 8570P Core i7-3540M, 16gb Ram, 256gb SSD, 15.6inch Full HD vỏ nhôm siêu bền",https://www.lazada.vn/products/pdp-i302978109.html,3.500.000 ₫,4.0,5 Đã bán
Laptop Dell Latitude 7420 - Core i7-1165G7 RAM 16G SSD 512G Màn 14 Inch FHD IPS ( vỏ nhôm Aluminum ),https://www.lazada.vn/products/pdp-i2827487122.html,10.800.000 ₫,,
"Laptop Asus TUF Gaming FX506LI/ Core i5 10300H/ Ram 8GB/ SSD 512GB/ GTX 1650Ti 4GB/ LCD 15.6 Full HD (1920 x 1080), 144Hz",https://www.lazada.vn/products/pdp-i1970501145.html,12.500.000 ₫,,
"Thanh lý Laptop Lenovo G150, Pentum R Dual core, ram 2G, Giá bán 1,1 triệu.",https://www.lazada.vn/products/pdp-i2296583861.html,1.100.000 ₫,1.1,
Laptop Dell Latitude 7420 - Core i7-1165G7 RAM 16G SSD 512G Màn 14 Inch FHD IPS ( Carbon Fiber ),https://www.lazada.vn/products/pdp-i2827476096.html,10.500.000 ₫,,
LAPTOP xách tay giá rẻ DELL PRECISION 5540 I7 9850H RAM 16gb SSD 512gb,https://www.lazada.vn/products/pdp-i2656619535.html,16.200.000 ₫,,
LAPTOP INTEL CORE I7 RAM 8GB SSD 256G 15.4INCH (2012),https://www.lazada.vn/products/pdp-i2652507580.html,6.730.000 ₫,,
"Thanh lý Laptop, CPU core 2 dual, 1 triệu",https://www.lazada.vn/products/pdp-i2152400788.html,1.000.000 ₫,,
"Thanh lý Laptop HP 450 , core I3, ram 4G, ô cứng 120G, Giá bán 1,4 triệu.",https://www.lazada.vn/products/pdp-i2290435282.html,1.400.000 ₫,1.4,
Laptop Asus TUF Gaming A15 FA506NCG-HN184W (Ryzen 7 7445HS/ RTX 3050 4GB/16GB/ 512GB/ Windows 11) - Bảo hành 24 tháng,https://www.lazada.vn/products/pdp-i3207484624.html,21.290.000 ₫,,
Laptop Surface Pro X | Chip SQ 2 l Ram 16GB l SSD 256GB l Màn 13 inch 3K Touch Mới 100%,https://www.lazada.vn/products/pdp-i2680555445.html,17.900.000 ₫,,
LAPTOP HP PAVILION G4 CORE I5 2520M RAM 4G 500G 14INCH GIÁ RẺ,https://www.lazada.vn/products/pdp-i1567707279.html,3.040.000 ₫,5.0,
[Trả góp 0%]Asus X553MA Celeron N2830 Ram 4GB Ổ CỨNG 500GB 15.6inch,https://www.lazada.vn/products/pdp-i514180066.html,3.300.000 ₫,4.0,69 Đã bán
"Laptop Gamming HP Victus 16-D0125TX cân mọi tựa game,Core i5-11400H, Ram 16GB, SSD 512GB, màn hình 16.1inch FHD,GTX 1650,tặng kèm bộ phụ kiện theo máy",https://www.lazada.vn/products/pdp-i2605090689.html,15.700.000 ₫,5.0,12 Đã bán
GAMING ASUS TUF FX706 CORE I5 11400H RAM 16GB SSD 512GB 17.3INCH 144HZ RTX 3050,https://www.lazada.vn/products/pdp-i2817804240.html,14.725.000 ₫,,
"Laptop Nec VersaPro VK25TL Core i5, 8gb ram, 256gb SSD, 15.6” HD",https://www.lazada.vn/products/pdp-i2106077997.html,2.990.000 ₫,,
Surface Laptop 4 Core i7-1185G7 l Ram 16GB l SSD 512GB l Màn 13 inch 2K Touch Like new 99%,https://www.lazada.vn/products/pdp-i2680557627.html,11.500.000 ₫,,
Laptop Msi Modern 14 F13MG-466VN (i5-1334U/ Onboard graphics/ 16GB/ 512GB/ Win 11) - Bảo hành 24 tháng,https://www.lazada.vn/products/pdp-i3206875016.html,14.490.000 ₫,,
Laptop Thinkpad P53 i7-9750H RAM 16GB SSD 512GB VGA T1000 4GB 15' FHD IPS (1920x1080) [ BẢO HÀNH 3 - 12 THÁNG ],https://www.lazada.vn/products/pdp-i2098011126.html,14.500.000 ₫,,
HP PAVILION X360 14 CORE I5 7200U RAM 8G SSD 512G 14INCH FHD TOUCH,https://www.lazada.vn/products/pdp-i3060058598.html,6.500.000 ₫,,
"Thanh lý Laptop Dell vosttro V13, mỏng nhẹ. Giá bán 1,5 triệu",https://www.lazada.vn/products/pdp-i2185226493.html,1.500.000 ₫,3.0,
Laptop Lenovo Thinkpad T14s Core i7-10610U l RAM 16G l SSD 512G l Màn 14' FHD [ BẢO HÀNH 3 - 12 THÁNG ] Hàng Mỹ Đẹp 99%,https://www.lazada.vn/products/pdp-i2088732782.html,8.900.000 ₫,,
"Laptop HP Elitebook 840 G9 i7-1265U, Ram 16G, 512GB, 14 inch IPS Mới 99%",https://www.lazada.vn/products/pdp-i2680510781.html,13.900.000 ₫,,
ACER NITRO 5 GAMING AMD RYZEN 5 3550H RAM 16G SSD 512G 15.6INCH FHD VGA gtx 1650,https://www.lazada.vn/products/pdp-i3037204946.html,9.025.000 ₫,5.0,
Laptop Acer Aspire Go 14 AI AG14-71M-57WR (Core Ultra 5-125H) - Bảo hành 24 tháng,https://www.lazada.vn/products/pdp-i3210055960.html,16.780.000 ₫,,
"[HCM]Surface Laptop 3, Core i7 10th, Ram 16G, 512G, 13,5inch Touch",https://www.lazada.vn/products/pdp-i2442952098.html,10.900.000 ₫,,
Laptop 2 trong 1 cảm ứng win 10 pro ram 4GB/64GB có hổ trợ thẻ nhớ ngoài,https://www.lazada.vn/products/pdp-i2344774241.html,2.599.000 ₫,,
Laptop ASUS P1403CVA i5-13420H | 8GB | 512GB SSD | 14” FHD | Vân tay | Win 11 | BH 2 năm Onsite,https://www.lazada.vn/products/pdp-i3145106073.html,15.500.000 ₫,,
"Laptop Dell Latitude 7440 E7440 giá rẻ, Core i7, Ram 8gb, ổ cứng SSD 256gb, màn 14inch FHD cảm ứng, laptop cũ giá rẻ 99% zin lướt",https://www.lazada.vn/products/pdp-i2504541808.html,3.600.000 ₫,5.0,11 Đã bán
"Laptop Dell XPS 9370 - Core i7-8550U RAM 16G SSD 512G Màn 13,3 Inch FHD IPS ( Bảo Hành 3 đến 12 Tháng )",https://www.lazada.vn/products/pdp-i2435693781.html,10.800.000 ₫,,
"Laptop Dell Latitude 7430 | Intel Core i7-1265U | Ram 16GB | SSD 256GB | 14.0"" FHD (1920x1080) A G, WVA, 250 nits, H D RGB Cam | Carbon Fiber",https://www.lazada.vn/products/pdp-i3208181685.html,14.850.000 ₫,,
"Laptop Asus ExpertBook B5 Core i7-1165G7, 24gb ram, 1tb SSD NVMe, 13.3"" Full HD Oled, siêu mỏng nhẹ update Windows 11",https://www.lazada.vn/products/pdp-i2000309872.html,6.500.000 ₫,5.0,21 Đã bán
Laptop Lenovo Thinkpad T14 Gen 2 Core i7-1167G7 l RAM 16G l SSD 256G l Màn 14' FHD [ BẢO HÀNH 3 - 12 THÁNG ] Hàng Mỹ Đẹp 99%,https://www.lazada.vn/products/pdp-i2110687563.html,13.500.000 ₫,,
ASUS TUF FX505 CORE I7 8750H RAM 16G SSD 128G+1T GTX 1050 15.6INCH FHD IPS,https://www.lazada.vn/products/pdp-i2425374108.html,8.900.000 ₫,,
"MUA 1 TẶNG 3 Dell Latitude 7390 2in1 | Core i7, RAM 16GB, SSD 512G, 13.3inch Full HD cũ",https://www.lazada.vn/products/pdp-i3075908704.html,9.450.000 ₫,,
ASUS GAMING X571GT I5 9300H RAM 16G SSD 512G 15.6INCH 120HZ GTX 1650,https://www.lazada.vn/products/pdp-i3005276505.html,9.300.000 ₫,,
Dell Latitide 7420 | Core i7-1165G7 l Ram 16GB l SSD 512GB l Màn 13 inch FHD Touch .,https://www.lazada.vn/products/pdp-i2680575571.html,10.900.000 ₫,,
"Laptop Dell Precision 3530 - Core i7-8850H RAM 16G SSD 512G VGA Quadro P600 Màn 15,6 Inch FHD IPS ( Bảo Hành 3 đến 12 Tháng )",https://www.lazada.vn/products/pdp-i2471466498.html,10.800.000 ₫,,
DELL GAMING 5559 CORE I7 6500U RAM 8G SSD 256G 15.6INCH VGA,https://www.lazada.vn/products/pdp-i2697905558.html,5.900.000 ₫,,
LAPTOP DELL PRECISION 7730 CORE I5 8400H RAM 32G SSD 256G+1T 17.3INCH FHD VGA P3200,https://www.lazada.vn/products/pdp-i2611160506.html,10.500.000 ₫,,
Laptop Lenovo ThinkPad X1 Yoga Gen 6 - Core i7-1165G7 RAM 16G SSD 512G Màn 14 Inch FHD Touch ( Bảo Hành 3 đến 12 Tháng ),https://www.lazada.vn/products/pdp-i2626662674.html,14.800.000 ₫,,
[Freeship] Laptop Asus ExpertBook B1400CEAE-EK3724/ Đen/ Intel Core i5-1135G7 / RAM 8GB/ 256GB/ 14inch FHD/ Endless/ Chuột/ 2Yrs - MEI22 - Bảo hành 12 tháng,https://www.lazada.vn/products/pdp-i1720703917.html,15.290.000 ₫,,
"Laptop Sony Vaio PCG-717 Core i5, 8gb ram, 240gb SSD, 15.6"" HD nhiều máu sắc đẹp",https://www.lazada.vn/products/pdp-i2023789332.html,3.000.000 ₫,5.0,
Laptop Lenovo ThinkPad X1 Carbon Gen 9 - Core i7-1165G7 RAM 16G SSD 512G Màn 14 Inch FHD IPS,https://www.lazada.vn/products/pdp-i2909956256.html,14.300.000 ₫,,
Dell Latitude 7320 RAM 32GB/i7 Gen 11 – Lựa Chọn Hoàn Hảo Cho Doanh Nhân!,https://www.lazada.vn/products/pdp-i3039368894.html,10.900.000 ₫,,
Laptop Dell Precision 7530 Core i7-8850H | RAM 16G | SSD 512G | Màn 15' FHD Máy Mỹ Đẹp 99%,https://www.lazada.vn/products/pdp-i2680660003.html,11.900.000 ₫,,
"Laptop Dell 9530 cấu hình cao, Core i7, Ram 8gb, ổ cứng SSD 256gb, Cạc VGA rời, màn hình 15.6inch Full HD, máy tính văn phòng lướt 99% cao cấp",https://www.lazada.vn/products/pdp-i2479832659.html,7.000.000 ₫,5.0,27 Đã bán
"Xương Máy tính Laptop Thinkpad X1 Cacbon Gen 8 Core i5 8250U, Ram 8, SSD 256, 14inch Full HD",https://www.lazada.vn/products/pdp-i2010022637.html,2.000 ₫,5.0,149 Đã bán
DELL LATITUDE 7390 CORE I7 8650U RAM 16G SSD 512G 13.3INCH FHD IPS GIÁ RẺ TẶNG KÈM BỘ PHỤ KIỆN,https://www.lazada.vn/products/pdp-i2541227079.html,6.555.000 ₫,5.0,8 Đã bán
Laptop Lenovo 100s 11IBY mini siêu mỏng nhẹ cực đẹp,https://www.lazada.vn/products/pdp-i2665206955.html,1.770.000 ₫,,
"Laptop Asus TP550LA / Màn Hình Cảm Ứng/ Core i3 4030U/ Ram 8G , SSD 128G/ Màn 15.6in HD Cảm Ứng Xoay Gập / Pin đến 2-3 giờ",https://www.lazada.vn/products/pdp-i2262414836.html,3.200.000 ₫,,
"Máy tính xách tay LenovoThinkBook 14 G8 IRL (21SG007MVA) | Intel core 5 210H | 16GB | 512GB SSD | 14""WUXGA 300N | NO OS | 2Yrs | Hàng Chính Hãng",https://www.lazada.vn/products/pdp-i3178676116.html,19.950.000 ₫,,
Máy Tính Xách Tay 2-trong-1 Dual System 16GB RAM 1TB Lưu Trữ AI Thời Lượng Pin Dài,https://www.lazada.vn/products/pdp-i3203319049.html,27.072.000 ₫,4.0,
"Thanh lý Laptop Lenovo E43, Pentum R dual core, ram 4GB, Màn hình 15 in. Giá bán 1,2 Triệu",https://www.lazada.vn/products/pdp-i2755958765.html,1.200.000 ₫,1.2,
Sale laptop Toshiba satellite l750.i7 2670qm.ram 8.ssd 256g.do mới 90%,https://www.lazada.vn/products/pdp-i3060152524.html,2.550.000 ₫,,
Laptop Asus E200H X205TA win 10 siêu mỏng nhẹ học online văn phòng xem phim lướt web,https://www.lazada.vn/products/pdp-i2665349152.html,2.370.000 ₫,,
Laptop Asus Vivobook S14 S3407VA-LY146W (Core 5 210H/ Intel UHD 16GB/ 512GB/ Windows 11) - Bảo hành 24 tháng,https://www.lazada.vn/products/pdp-i3206780864.html,19.490.000 ₫,,
Laptop ASUS TUF 2025-Tiger,https://www.lazada.vn/products/pdp-i3082196833.html,10.000.000 ₫,,
Laptop Giá Rẻ LENOVO THINKPAD V720 i5 – 7200U| RAM 8GB| SSD 256GB| 14.0 FHD| CARD ON Pin 90%,https://www.lazada.vn/products/pdp-i3159410261.html,9.099.998 ₫,,
"Laptop Giá Rẻ X1 Yoga Gen 2, Gen 3, Gen 4, Gen 5 hàng nội địa",https://www.lazada.vn/products/pdp-i3160199145.html,7.900.000 ₫,,
DELL LATITUDE E5490 INTEL CORE I5 8250u RAM 8GB SSD256GB,https://www.lazada.vn/products/pdp-i2412231950.html,5.600.000 ₫,,
Laptop xách tay giá rẻ LENOVO THINKPAD T490 I5-8350U RAM 16GB SSD 512GB,https://www.lazada.vn/products/pdp-i2667437281.html,7.100.000 ₫,,
Laptop giá rẻ DELL latitude 7320 i5 1135G7 RAM 8GB SSD 512gb,https://www.lazada.vn/products/pdp-i3159164662.html,13.000.000 ₫,,
Laptop Thinkpad X1 Carbon Gen 8 | Core i7-10610U l RAM 16G l SSD 256G l Màn 14' FHD Hàng Mỹ .,https://www.lazada.vn/products/pdp-i2680631081.html,12.900.000 ₫,,
Laptop Dell Vostro 5620 (70296963) Core i5 _ 1240P | 8GB | 512GB SSD PCIe | MX570 2GB GDDR6 | 16.0 inch Full HD+ | Win 11 _ Office 2021 | Finger | LED KEY| Hàng Chính Hãng,https://www.lazada.vn/products/pdp-i2074112897.html,19.299.000 ₫,,
"Laptop Dell Latitude 7280(i5-6300u/Ram 8GB/ SSD M.2 256GB/Màn hình 12.5"" HD/ Pin 3h/Nặng 1.3kg) kèm Sạc Zin Ovan - Hàng nhập khẩu",https://www.lazada.vn/products/pdp-i2198892287.html,4.600.000 ₫,5.0,
Sony Vaio VPCEL22 AMD E450 Ram 4G SSD 128G 15.6inch,https://www.lazada.vn/products/pdp-i2449069478.html,2.900.000 ₫,,
Laptop DELL Precision 5530 Core i7-8850H l RAM 16G l SSD 256G l P2000 4G l Màn 15' 4k Đẹp 99%,https://www.lazada.vn/products/pdp-i2680473991.html,12.500.000 ₫,,
"Laptop Lenovo Thinkpad X1 Carbon Core i7-4500U, 8gb ram, 256gb SSD, 14” HD vỏ carbon cao cấp siêu cứng siêu mỏng nhẹ",https://www.lazada.vn/products/pdp-i2020371333.html,4.500.000 ₫,,
Laptop MSI Modern 15 B12MO 625VN (i5-1235U | 8GB RAM | 512GB SSD | Intel Iris Xe | 15.6 inch FHD 60Hz | Win 11),https://www.lazada.vn/products/pdp-i2618927977.html,14.835.000 ₫,,"5 Đã bán
Hồ Chí Minh"
Dell Latitude 3380 Core i3 6006U/ Ram 8Gb/ SSD 256Gb/ Màn hình 13.3 inch mỏng gọn nhẹ/ thời lượng pin cực tốt (SP KHUYẾN MẠI NHIỀU KHÔNG LỢI NHUẬN),https://www.lazada.vn/products/pdp-i1988222655.html,3.680.000 ₫,5.0,5 Đã bán
LAPTOP ELITEBOOK 840 G5 CORE i7 8365U | 8G | SSD 256G | 14' FHD,https://www.lazada.vn/products/pdp-i2278714106.html,7.530.000 ₫,4.0,8 Đã bán
"Lenovo Thinkpad Yoga X1 Carbon Black/i5-6300U/14""FHD/8GB/240GB/Cảm ứng xoay 360",https://www.lazada.vn/products/pdp-i1666321097.html,14.690.000 ₫,,
"Laptop Dell Precision 5540 - Core i7-9750H RAM 16G SSD 512G VGA Quadro T2000 Màn 15,6 Inch FHD IPS ( Bảo Hành 3 đến 12 Tháng )",https://www.lazada.vn/products/pdp-i2448041354.html,13.700.000 ₫,,
"Laptop Dell XPS 13 7390 2in1 Core i7-1065G7 l RAM 16GB l SSD 512GB l 13,5' UHD 4K Touch l Đẹp 99%",https://www.lazada.vn/products/pdp-i2680521817.html,13.500.000 ₫,,
GAMING MSI GE63 RAIDER RGB CORE I7 8750H RAM 16G SSD 512G 15.6INCH FHD 120HZ VGA GTX 1070 8G,https://www.lazada.vn/products/pdp-i2920205419.html,10.500.000 ₫,,
Surface Laptop Go 2 i5-1135G7 l RAM 8G l SSD 256G l Màn Touch 12 Inch Hàng chuẩn đẹp 99%,https://www.lazada.vn/products/pdp-i2680521849.html,11.900.000 ₫,,
"Laptop Gaming Samsung Odyssey 760XDA Core i7-11600H, 32gb ram, 1tb SSD, vga Nvidia RTX3050Ti, màn 15.6inch Full HD",https://www.lazada.vn/products/pdp-i2417613820.html,12.000.000 ₫,,
LAPTOP DELL LATITUDE 3540 CORE I3 4010U RAM 8G 500G 15INCH GIÁ TỐT,https://www.lazada.vn/products/pdp-i2664008575.html,3.200.000 ₫,5.0,
"Laptop Nhật DEll 3540 i5 4300/ram4/hdd 500g/ màn 15.6 full box nguyên tem fpt bảo hành 12 tháng ,60ngay 1 đổi 1",https://www.lazada.vn/products/pdp-i270780389.html,2.500.000 ₫,5.0,
DELL PRECISION 3530 CORE I7 8750H RAM 32G SSD 512G 15.6INCH FHD VGA 4GB,https://www.lazada.vn/products/pdp-i2892757612.html,8.500.000 ₫,5.0,
"Thanh lý Laptop Asus -Core I3, ram 4G, ô cứng 250G. Giá bán 1,5 triệu",https://www.lazada.vn/products/pdp-i2222907092.html,1.500.000 ₫,5.0,
ASUS GAMING TUF FX705DT AMD RYZEN 7 3750H RAM 16G SSD 512G 17.3INCH FHD GTX 1650,https://www.lazada.vn/products/pdp-i3131344747.html,9.600.000 ₫,,
"Laptop cảm ứng soay 360 Fujitsu T726 core i5-6300U, 20gb ram, 256gb SSD,12.5” cảm ứng soay 360 độ",https://www.lazada.vn/products/pdp-i1890358119.html,3.200.000 ₫,5.0,
"Laptop Fujitsu E734 Core i5-4300M, 8gb Ram, 256gb SSD, 13.3"" HD nhập Nhật Bản",https://www.lazada.vn/products/pdp-i1530065416.html,2.990.000 ₫,5.0,17 Đã bán
"Laptop 3D Sony Vaio VPCF2 Core i7, 8gb ram, 256gb SSD, vga rời Nvidia 540GT, màn 17” Full HD hiển thị 3D, kèm theo kinh 3D chính hãng",https://www.lazada.vn/products/pdp-i2111188269.html,7.300.000 ₫,5.0,
"Dell 5471 Pink/i5-8250U/15.6""HD/8GB/256GB/Intel Hd Graphics 620/Phím Led-Cảm ứng",https://www.lazada.vn/products/pdp-i1666220198.html,11.790.000 ₫,,
BH 12 tháng SSD cũ 120GB 240GB 500GB ổ cứng ssd laptop pc 32GB 64GB 64G 128GB 256GB 240G 512GB 480GB 120G,https://www.lazada.vn/products/pdp-i3152810780.html,250.000 ₫,,
[Win 10 + SSD 128gb] - Laptop Asus E200H X205TA win 10 cực mỏng nhẹ học online văn phòng xem phim lướt web,https://www.lazada.vn/products/pdp-i1916214077.html,2.170.000 ₫,5.0,
Laptop Lenovo ThinkPad E14 Gen 6 (21M7004XVA) | Intel Core Ultra 7 155H | 16GB | 1TB | NPU 11 TOPS | 14 inch WUXGA | IPS,https://www.lazada.vn/products/pdp-i2617480771.html,25.950.000 ₫,,"7 Đã bán
Hồ Chí Minh"
Laptop 15.6 inch HP Probook 450 G5 - Intel Core i5-7200U Ram 8gb SSD 256 Pin&gt;4h,https://www.lazada.vn/products/pdp-i2294606212.html,4.851.000 ₫,5.0,15 Đã bán
"LAPTOP văn phòng , Laptop úy tín tại hà nội ,Laptop Hp Elitebook 820 G1 i5, SSD 128G . Laptop dùng cho học tập và làm việc văn phòng . Bảo hành 12 tháng + combo quà tặng siêu hấp dẫn lên tới 500k .",https://www.lazada.vn/products/pdp-i467602879.html,2.714.000 ₫,,
Laptop Msi Katana 15 B13UDXK-2410VN (Core i5-13420H/ GeForce RTX™ 3050/ 16GB/ 512GB/ Windows 11) - Bảo hành 24 tháng,https://www.lazada.vn/products/pdp-i3195711327.html,23.990.000 ₫,,
Laptop Acer Nitro V 15 ProPanel ANV15-51-56D5 (i5-13420H/ GeForce RTX 3050/ 16GB/ 512GB/ Windows 11) - Bảo hành 24 tháng,https://www.lazada.vn/products/pdp-i3100590001.html,22.690.000 ₫,,
"Laptop xách tay Dell Xps 13-9360 i7 7560U/ 8GB/ 256GB PCIe/ 13.3"" FHD/ Win 10 Pin90%",https://www.lazada.vn/products/pdp-i2240883619.html,9.300.000 ₫,5.0,24 Đã bán
"Laptop đẳng cấp Toshiba Dynabook R731, win 10 pro, chip i5 2520M 2,8 Ghz thế hệ 2 mới 99% đủ phụ kiện Laptop văn phòng đẳng cấp Toshiba Dynabook R730, chip i5, 4G Ram, 13.3 inch HD mới 99% đủ phụ kiện (cài sẵn 10 game & 10 phim)",https://www.lazada.vn/products/pdp-i1626735522.html,2.990.000 ₫,5.0,
DELL PRECISION 5540 CORE I7 9750H RAM 32G SSD 512G 15.6INCH FHD IPS VGA,https://www.lazada.vn/products/pdp-i2675538148.html,14.060.000 ₫,5.0,
LAPTOP xách tay giá rẻ LENOVO YOGA X370 X380 X390 I5 RAM 16gb,https://www.lazada.vn/products/pdp-i2665002323.html,7.000.000 ₫,,
"Laptop 2 trong 1 Nec VersaPro VK23T Core i5-6200U, 8gb ram, 256gb SSD, 13.3"" Full HD IPS cảm ứng đa điểm gập 360 độ, vỏ nhôm magie siêu mỏng nhẹ 800Gram",https://www.lazada.vn/products/pdp-i1970213396.html,7.550.000 ₫,5.0,
Laptop Lenovo Thinkpad T14 Core i7-10610U l RAM 16G l SSD 256G l Màn 14' FHD [ BẢO HÀNH 3 - 12 THÁNG ],https://www.lazada.vn/products/pdp-i1997876082.html,8.900.000 ₫,,
LAPTOP SONY VAIO VJPB11 CORE I3 6100U RAM 4G SSD 128G 13INCH FHD SIÊU NHẸ ĐÈN PHÍM,https://www.lazada.vn/products/pdp-i2608109239.html,3.100.000 ₫,4.0,
HP Notebook 11 Celeron N3070 2GB SSD 128GB 11.6inch,https://www.lazada.vn/products/pdp-i448466783.html,2.500.000 ₫,,
DELL PRECISION 5520 CORE I7 7820HQ RAM 16GB SSD 512GB 15.6INCH FHD ips VGA,https://www.lazada.vn/products/pdp-i3148678075.html,10.500.000 ₫,,
[Trả góp 0%]Sony Vaio VPCCB39FJ Core i5 2430M Ram 4GB HDD 500GB 15.6inch,https://www.lazada.vn/products/pdp-i789866602.html,3.900.000 ₫,5.0,
Laptop Surface Go i5-1035G1 l RAM 8G l SSD 128G l Màn Touch 12 Inch [BẢO HÀNH 3 - 12 THÁNG] Hàng chuẩn đẹp 99%,https://www.lazada.vn/products/pdp-i1995314745.html,11.900.000 ₫,,
Laptop ACER Swift Lite 14 AI SFL14-51M-56HS (Ultra 5-125U/RAM 16GB/Onboard/512GB SSD/ Windows 11) - Bảo hành 12 tháng,https://www.lazada.vn/products/pdp-i2872670058.html,18.690.000 ₫,,
laptop Dell Latitude 7420 Core i5-1135G7 | Core i5-1145G7 | ram 16g/ssd 512G,https://www.lazada.vn/products/pdp-i2668508079.html,8.230.000 ₫,5.0,7 Đã bán
Laptop Dell Latitude 3330 2in1 | i5 1135G7 | RAM 16GB | SSD 512GB | 13.3 inch FHD Cảm ứng XOAY GẬP 360 ĐỘ THẾ HỆ 11,https://www.lazada.vn/products/pdp-i2689069431.html,9.800.000 ₫,5.0,11 Đã bán
[Trả góp 0%]Sony VaiO VPCF23 Core i7 2670QM Ram 8G SSD 256G 16.4inch FullHD VGA Rời Đèn Phím,https://www.lazada.vn/products/pdp-i1320371426.html,4.800.000 ₫,4.0,
"Laptop gaming Asus Vivobook 16Pro K6602Z Core i7-12650H, 32gb ram, 1tb SSD NVME, vga rời Nvidia RTX 3050TI, màn 16.1inch IPS full HD",https://www.lazada.vn/products/pdp-i2315698981.html,12.900.000 ₫,,"5 Đã bán
Hưng Yên"
HÀNG MỚI VỀ - LENOVO YOGA 11E INTEL CORE I3 6100U RAM 4G SSD 256G 11INCH TOUCH 360,https://www.lazada.vn/products/pdp-i2420555387.html,4.800.000 ₫,5.0,5 Đã bán
"Laptop 2 trong 1 Asus Flip TP412F Core i7-10510U, 16gb Ram, 512gb SSD, 14""Full HD cảm ứng gập 360 độ",https://www.lazada.vn/products/pdp-i1478752227.html,6.900.000 ₫,3.0,13 Đã bán
Laptop Lenovo Thinkpad T14 Gen 3 Core i7-1260P l RAM 16G l SSD 512G l Màn 14 FHD Hàng Đẹp 99%,https://www.lazada.vn/products/pdp-i2680482940.html,16.500.000 ₫,,
LAPTOP DELL PRECISION M4500 CORE I7 RAM 4GB HDD 500GB 15.6INCH FHD VGA,https://www.lazada.vn/products/pdp-i1734689518.html,3.800.000 ₫,,
Laptop LG Gram Book 15U50T-G.AV56A5 (i5-1334U/ Onboard graphics/ 16GB/ 512GB/ Windows 11) -Bảo hành 12 tháng,https://www.lazada.vn/products/pdp-i3143368030.html,14.990.000 ₫,,
"Thanh lý Laptop SONY PCG 71811M, Cpu core I3, ram 4G, ô cứng 350G, Màn 15"", Giá bán 1,5 Triệu",https://www.lazada.vn/products/pdp-i2363088248.html,1.500.000 ₫,1.5,
ACER GAMING A715 AMD RYZEN 7-3750H RAM 16G SSD 512G 15.6INCH FHD VGA,https://www.lazada.vn/products/pdp-i2391436403.html,9.600.000 ₫,,
ASUS ROGTRIX GAMING G531IH RYZEN 7 4800H RAM 16G SSD 512G 15.6INCH 144HZ GTX 1650 RGB,https://www.lazada.vn/products/pdp-i3226615652.html,13.500.000 ₫,,
Hp Work station 8770w Core i7 3820QM Ram 8GB SSD 256GB + HDD 1T 17.3inch VGA Rời,https://www.lazada.vn/products/pdp-i2047146118.html,6.555.000 ₫,,
DELL INSPIRON 3781/ I3-7020U/ RAM 8G/ SSD 256G/ MÀN HÌNH 17 INCH FULL HD,https://www.lazada.vn/products/pdp-i2715452166.html,4.450.000 ₫,,
"Laptop Fujitsu bản giới hạn UH75/C3 Core i5-8265U, 20gb ram, 512gb SSD, 13.3inch Full HD, vỏ magie màu đỏ độc nhẹ 730Gram",https://www.lazada.vn/products/pdp-i2191361957.html,9.500.000 ₫,,
Laptop Dell Latitude 9410 2in1 - Core i7-10610U RAM 16G SSD 512G Màn 14 Inch FHD IPS ( Bảo Hành 3 đến 12 Tháng ),https://www.lazada.vn/products/pdp-i2827436204.html,12.500.000 ₫,,
HP VICTUS GAMING AMD RYZEN 5 5600H RAM 16G SSD 512G 15.6INCH 144HZ GTX 1650,https://www.lazada.vn/products/pdp-i3037281428.html,10.800.000 ₫,,
"Laptop Dell Precision 7510 cấu hình cực mạnh, Core i7, Ram 8gb, ổ cứng SSD 256gb, Cạc VGA M2000M, màn 15.6 FHD lướt 99%, dòng máy trạm cao cấp",https://www.lazada.vn/products/pdp-i2474201851.html,7.900.000 ₫,5.0,20 Đã bán
Laptop Asus E200H X205TA win 10 siêu mỏng nhẹ học online văn phòng xem phim lướt web,https://www.lazada.vn/products/pdp-i2098607392.html,2.970.000 ₫,5.0,5 Đã bán
"Surface Laptop 4 - Core i7-1165G7 RAM 16G SSD 512G Màn 13,5 Inch QHD Touch ( Bảo Hành 3 đến 12 Tháng )",https://www.lazada.vn/products/pdp-i2472458075.html,12.900.000 ₫,,
Surface Pro 5 i7-7600u l RAM 8GB l SSD 256GB l Màn 13 inch 2K Touch Mới 99%,https://www.lazada.vn/products/pdp-i2680493966.html,9.900.000 ₫,,
"Thanh lý Laptop HP, core 2 duo, ram 3G. Giá bán 1 triệu.",https://www.lazada.vn/products/pdp-i2296913032.html,1.000.000 ₫,4.0,19 Đã bán
"LAPTOP HP NOTEBOOK 14-AM060TU, CHIP THẾ HỆ MỚI 2017, RAM 4GB-500GB, NGUYÊN TEM ZIN",https://www.lazada.vn/products/pdp-i2715444071.html,1.799.000 ₫,5.0,
Laptop HP x2 210 G2 laptop lai máy tính bảng cảm ứng window 10 siêu mỏng nhẹ,https://www.lazada.vn/products/pdp-i2044382469.html,2.670.000 ₫,5.0,5 Đã bán
"Thanh lý Laptop Lenovo -Core I3, ram 4G, ô cứng 500G, Ngoại hình mới 95%, mỏng, full chức năng, đủ phụ kiện, pin không cầm cấm nguồn sài trực tiếp. GIẢM GIÁ TRI ÂN KHÁCH HÀNG. Giá bán 1,5 triệu. Có ship tỉnh. Điện thoai: 0986435142",https://www.lazada.vn/products/pdp-i2222854407.html,1.500.000 ₫,1.5,
LAPTOP THINKPAD X201 CORE I5 RAM 4GB HDD 500G 12.5INCH GIÁ RẺ,https://www.lazada.vn/products/pdp-i1800235539.html,2.600.000 ₫,5.0,9 Đã bán
"Thanh lý Laptop Dell Core I5, ram 4G, ô cứng 300G, Giá 1,9 triệu",https://www.lazada.vn/products/pdp-i2222851631.html,1.900.000 ₫,5.0,
"Thanh lý Laptop HP Stream, Celeron, ram 2G, ô cứng 30G, Màn 12 inh"", pin 4h, giá 1,5 triệu.",https://www.lazada.vn/products/pdp-i2539733397.html,1.500.000 ₫,1.5,
"Laptop 2 trong 1 Fujitsu Q736 Core i7-6500U, 8gb ram, 256gb SSD, màn 13.3” Full HD IPS cảm ứng, màn hình tháo rời bàn phím",https://www.lazada.vn/products/pdp-i2290466946.html,2.900.000 ₫,4.0,20 Đã bán
"Laptop Samsung Galaxy Book Flex2 Alpha 13, tặng thêm Offline Professional Plus 2019 trị giá 1tr5",https://www.lazada.vn/products/pdp-i1833513727.html,17.890.000 ₫,,
Laptop NEC VersaPro VK18 Core i7-3537U 4gb Ram 128gb SSD màn hình 13.3inch vỏ nhôm magie siêu mỏng nhẹ 800gram,https://www.lazada.vn/products/pdp-i354682574.html,3.900.000 ₫,4.0,25 Đã bán
Laptop 15.6 inch HP Probook 450G6 Intel Core i5-8265U Ram 16gb SSD512 Pin&gt;4h,https://www.lazada.vn/products/pdp-i2491449235.html,7.100.000 ₫,,
Laptop VUA Văn Phòng lenovo THINKPAD L580 I5-8250U RAM 8GB SSD 256GB (Bàn phím đánh chữ thôi rồi),https://www.lazada.vn/products/pdp-i2656604056.html,5.000.000 ₫,5.0,
"Laptop Asus Zenbook UM431 R7-3700U, 16gb Ram, 512gb SSD, 14inch Full HD IPS, vỏ nhôm cao cấp",https://www.lazada.vn/products/pdp-i1403638898.html,6.300.000 ₫,5.0,8 Đã bán
"Laptop Dell inspiron 7572, Core i7-8550U, Ram 8GB, ổ cứng SSD 128, màn hình 15.6 Full HD, VGA 4G, tặng kèm bộ phụ kiện chuột không dây, cặp, lót chuột",https://www.lazada.vn/products/pdp-i2601802760.html,8.500.000 ₫,5.0,14 Đã bán
LAPTOP 2 IN 1 - SURFACE PRO 3 CORE I7 4650U RAM 8G SSD 512G 12INCH 2K,https://www.lazada.vn/products/pdp-i2632913540.html,5.800.000 ₫,,
DELL INSPIRON 5547 CORE I7 4510U RAM 8G SSD 256G 15.6INCH VGA GIÁ RẺ,https://www.lazada.vn/products/pdp-i2510731109.html,5.225.000 ₫,5.0,
"Mỏng nhẹ, nhôm nguyên khối, giá rẻ Hp 830G5 ram8, ssd256 chip i5 thế hệ 8",https://www.lazada.vn/products/pdp-i2599597614.html,5.580.000 ₫,5.0,8 Đã bán
DELL INSPIRON 5570 CORE I5 8250U RAM 8G SSD 128G+1T 15.6INCH FHD VGA RỜI,https://www.lazada.vn/products/pdp-i2392127832.html,6.460.000 ₫,4.0,
DELL 7480 I5/6300-16G-512G CẢM ỨNG FULL HD,https://www.lazada.vn/products/pdp-i1765227205.html,6.300.000 ₫,5.0,99 Đã bán
LAPTOP ASUS VIVOBOOK X509FJ CORE I7 8565U RAM 8G SSD 512G 15.6INCH FHD VGA MX130,https://www.lazada.vn/products/pdp-i2644397796.html,7.990.000 ₫,,
Dell latitude 7300 Core i5 8265U / Ram 8GB / SSD 256GB/ 13.3 inch FHD IPS SIÊU MỎNG SIÊU ĐẸP,https://www.lazada.vn/products/pdp-i2005659143.html,7.250.000 ₫,4.0,140 Đã bán
GAMING MSI GS63 CORE I7 7700HQ RAM 16G SSD 256G+500G 15.6INCH FHD GTX 1060 RGB,https://www.lazada.vn/products/pdp-i2920353490.html,8.540.500 ₫,,
"Máy tính Laptop Dell Latitude 7320 Core i5-1145G7, Ram 16, SSD 256 FHD IPS",https://www.lazada.vn/products/pdp-i2010098033.html,9.000.000 ₫,5.0,128 Đã bán
DELL 7280 i5 6300U/ 8G/SSD 256G MÀN CẢM ỨNG FULL HD 1900X1080 SIÊU ĐẸP SIÊU SANG NHỎ GỌN,https://www.lazada.vn/products/pdp-i1940910310.html,5.200.000 ₫,4.0,102 Đã bán
"Laptop AOC NoteBook giá rẻ 15.6 inch, Intel N5095, Ram 16GB, SSD 512GB, Win 11 - Bảo hành 24 tháng",https://www.lazada.vn/products/pdp-i3033849439.html,8.500.000 ₫,,
XẢ HÀNG - HP PROBOOK 640G2 CORE I5 6300U RAM 16GB SSD 256GB 14INCH GIÁ RẺ,https://www.lazada.vn/products/pdp-i2073707712.html,3.900.000 ₫,,
[Trả góp 0%]Acer Aspire E5-573G Core i5 5200U Ram 8G SSD 128G VGA 920M 15.6Inch,https://www.lazada.vn/products/pdp-i1203385960.html,6.500.000 ₫,,
HP EliteBook 840 G5 Core i7-8665U | 16 GB RAM | 256 GB SSD | Intel® HD Graphics 620 | 14IN FULL HD,https://www.lazada.vn/products/pdp-i1988203667.html,7.790.000 ₫,5.0,73 Đã bán
[Trả góp 0%]Laptop máy trạm workstation Dell Precision M6600 Core i7-2720QM 8gb Ram 128gb SSD vga Quadro Q3000M màn 17.3inch Full HD,https://www.lazada.vn/products/pdp-i338512599.html,9.000.000 ₫,4.0,15 Đã bán
[SIÊU KHUYẾN MÃI] DELL INSPIRON 5548 CORE I5 5200U RAM 8GB SSD 256GB 15.6INCH VGA GIÁ RẺ,https://www.lazada.vn/products/pdp-i2400379017.html,4.800.000 ₫,5.0,
DELL INSPIRON 3542 CORE I3 4005U RAM 8G SSD 128G 15.6INCH VGA,https://www.lazada.vn/products/pdp-i2315336474.html,3.800.000 ₫,,
"Laptop Cảm Ứng giá rẻ DELL Inspiron 13-7378, Core i7-7500U, 16GB RAM, 256GB SSD, Màn hình cảm ứng 360, nguyên zin nhật bản",https://www.lazada.vn/products/pdp-i2259157352.html,8.500.000 ₫,5.0,10 Đã bán
"LAPTOP xách tay giá rẻ DELL LATITUDE 7300 core I7-8665U RAM 8 SSD 256GB 13,3 inch pin&gt;4h",https://www.lazada.vn/products/pdp-i2656454921.html,7.900.000 ₫,,
THINKPAK S1 XOAY GẬP 360 ĐỘ MÀN HÌNH CẢM ỨNG FULL HD 1920X1080 8G/SSD 256G,https://www.lazada.vn/products/pdp-i1764802199.html,6.720.000 ₫,4.0,24 Đã bán
THINKPAD X280 CORE I5 8250U RAM 8GB SSD 256GB 12.5INCH FHD,https://www.lazada.vn/products/pdp-i2117662773.html,4.800.000 ₫,5.0,
"Laptop Sony Vaio SVE151 Core i5, 8gb ram, 256gb SSD, 15.6"" HD nhập Nhật Bản siêu bền",https://www.lazada.vn/products/pdp-i2121971203.html,3.500.000 ₫,,
SAMSUNG 300E4X CORE I5 3210M RAM 4GB HDD 500GB VGA 14INCH,https://www.lazada.vn/products/pdp-i1566533950.html,4.500.000 ₫,5.0,
[Trả góp 0%]Thinkpad T410 Core i7 M620 Ram 4G ssd128G 14inch,https://www.lazada.vn/products/pdp-i1238560631.html,3.200.000 ₫,5.0,7 Đã bán
Dell Latitude 7410 10th Core I5 i7 10610U 16GB 512Gb SSD 14 inch FHD Win 10 Pro,https://www.lazada.vn/products/pdp-i2667866907.html,8.790.000 ₫,,
"Laptop Gaming Dell 7567 cấu hình khủng cao cấp, core i5, Ram 8gb, ổ cứng 128GB + 500GB, GTX 1050Ti, màn 15.6inch FullHD, cân mọi tựa game nặng.",https://www.lazada.vn/products/pdp-i2474170154.html,9.000.000 ₫,5.0,21 Đã bán
"Asus E502 N3050/2GB/SSD 60G hàng nhập khẩu dùng văn phòng ,1 đổi 1 60 ngày đầu",https://www.lazada.vn/products/pdp-i266528473.html,1.500.000 ₫,4.0,18 Đã bán
"Laptop HP 4740S i5 , SSD120G , Ram 8G (Nhập Khẩu Japan Giá sinh viên full box good 100% bảo hành 12 tháng)",https://www.lazada.vn/products/pdp-i251077513.html,1.998.000 ₫,3.0,7 Đã bán
"Laptop LG gram 17'', Windows 10 Home, Intel® Core™ i7 Gen11, 16GB, 512GB, 16:10, 17Z90P-G.AH76A5 (có quà tặng)",https://www.lazada.vn/products/pdp-i1445372814.html,50.900.000 ₫,5.0,20 Đã bán
Laptop đa năng 17 inch gập chỉnh được ONA BIGALU cho MacBook gram,https://www.lazada.vn/products/pdp-i3224143192.html,466.200 ₫,,
Laptop mini Asus X201EP X201EV siêu mỏng nhẹ kiểu dáng đẹp dễ dàng mang đi,https://www.lazada.vn/products/pdp-i2665236348.html,1.940.000 ₫,,
hp 8440P i5 Ram 4G ssd 192GB Nhập Khẩu Nhật giá rẻ siêu bền 12 tháng bảo hành,https://www.lazada.vn/products/pdp-i251086302.html,1.571.000 ₫,3.0,
THINKPAD X240 CORE I5 4300U RAM 8G SSD 256G 12.5INCH,https://www.lazada.vn/products/pdp-i2286758022.html,3.200.000 ₫,3.0,
Laptop Lenovo IdeaPad 5 Pro Ryzen 7-5800H l RAM 16G l SSD 512G l VGA RTX 3050 l 16' 2K,https://www.lazada.vn/products/pdp-i2680590537.html,18.400.000 ₫,,
"Laptop HP G4 / Core i5 / Ram 8G / SSD 128G / Màn 14in HD / Pin 2-3h / Full Cam , Mic …..",https://www.lazada.vn/products/pdp-i2269733464.html,3.000.000 ₫,,
"Laptop 2 trong 1 kiêm máy tính bảng Fujitsu Arrows tab Q775 Core i5-5300U, 4gb ram, 128gb SSD, 13.3” Full HD cảm ứng có bút cảm ứng",https://www.lazada.vn/products/pdp-i1987015759.html,2.600.000 ₫,3.0,6 Đã bán
"Thanh lý Laptop core I7 4600U màn 12.5 ( MỚI ), ram 8G, ô cứng SSD 500G, Màn 12,5"". Phụ kiện GỒM MÁY+ Adapter nguồn+ Pin 04h. Giá bán 3 Triệu",https://www.lazada.vn/products/pdp-i2747841251.html,2.900.000 ₫,1.0,
Laptop Msi Modern 15 F13MG-667VN_16G (i5-1334U/ Intel UHD 16GB/ 512GB/ Windows 11) - Bảo hành 24 tháng,https://www.lazada.vn/products/pdp-i3206777811.html,14.190.000 ₫,,
Laptop DELL Precision 7550 Core i7-10750H l RAM 16G l SSD 512G l P1000 4G l Màn 15' FHD Đẹp 99%,https://www.lazada.vn/products/pdp-i2680611049.html,17.500.000 ₫,,
Laptop LG Gram 16Z90P-G.AH73A5/ i7-1165G7/ 16Gb/ SSD 512Gb/ Win10/ Black/ 1Y - HÀNG CHÍNH HÃNG,https://www.lazada.vn/products/pdp-i3046099462.html,18.050.000 ₫,,
Laptop Dell XPS 9310 Core i7-1185G7 | RAM 16G | SSD 512G | Màn 13' UHD 4K Touch Máy Mỹ Đẹp 99%,https://www.lazada.vn/products/pdp-i2680667029.html,15.900.000 ₫,,
"Laptop Dell XPS 13 9380, Core i7-8665U, Ram 16GB, SSD 256GB, 13.3inch UHD (3840 x 2160) IPS InfinityEdge, (4K Cảm ứng), Key Led, mở khóa vân tay",https://www.lazada.vn/products/pdp-i2714057510.html,13.900.000 ₫,,
DELL XPS 15 9570 CORE I7 8570H RAM 32G SSD 512G 15.6INCH FHD IPS VGA GTX 1050TI,https://www.lazada.vn/products/pdp-i2421315470.html,13.500.000 ₫,,
"Laptop Lenovo ThinkPad P1 - Core i7-8750H RAM 16G SSD 512G VGA P2000 Màn 15,6 Inch FHD IPS ( Bảo Hành 3 đến 12 Tháng )",https://www.lazada.vn/products/pdp-i2458485754.html,12.800.000 ₫,,
Laptop LG Gram Book 15U50T-G.AV56A5 (i5-1334U/ Onboard graphics/ 16GB/ 512GB/ Windows 11) -Bảo hành 12 tháng,https://www.lazada.vn/products/pdp-i3143258140.html,16.990.000 ₫,,
Laptop Acer Aspire 5 A515-58P-702Q (i7-13620H/ Onboard graphics/ 16GB/ 512GB/ Windows 11) - Bảo hành 12 tháng,https://www.lazada.vn/products/pdp-i3144175298.html,15.990.000 ₫,,
Laptop Dell vostro 5560 core i5 đồ họa độc lập vỏ nhôm cực kì bền bỉ cho văn phòng giải trí,https://www.lazada.vn/products/pdp-i3126656413.html,2.670.000 ₫,,
MSI GAMING GF63 CORE I5 10300H RAM 16G SSD 512G 15.6INCH 144HZ GTX 1650,https://www.lazada.vn/products/pdp-i3041284508.html,10.800.000 ₫,,
Surface go Core i5 - 1035G1,https://www.lazada.vn/products/pdp-i2973184507.html,9.500.000 ₫,,
LAPTOP NEC LAVIE LIGHT BL350 ATOM N470 RAM 2G SSD 120G 10.1INCH,https://www.lazada.vn/products/pdp-i1796038425.html,2.500.000 ₫,,
Laptop ASUS ZenBook 14 UM425IA | AMD Ryzen 7-4700U | Ram 16GB | SSD 1TB | 14.0 inch FHD IPS ( qua sử dụng),https://www.lazada.vn/products/pdp-i2501388394.html,11.550.000 ₫,,
"Laptop Lenovo ThinkPad X1 Carbon Gen 9, Core i7, Ram 16GB, SSD 512GB, 14inch 4K, tặng chuột không dây, tấm lót chuột, cặp laptop, vệ sinh máy trọn đời",https://www.lazada.vn/products/pdp-i2646737085.html,15.100.000 ₫,5.0,
"Laptop HP Probook 6560B Core i7, 8gb Ram, 256gb SSD, màn 15.6 HD tặng chuột không dây",https://www.lazada.vn/products/pdp-i341858813.html,2.990.000 ₫,3.0,7 Đã bán
GAMING ACER NITRO 5 RYZEN 5-5600H RAM 16G SSD 512G 15.6INCH 144HZ GTX 1650,https://www.lazada.vn/products/pdp-i2793050090.html,11.500.000 ₫,,
Laptop HP Pavilion 14 -Silver- 14 FHD; i5-1235U; 8GB 3200(4+4); 512GB SSD; WF6+BT5.2; Alu A; Win11H; 1Y (14-DV2075TU-7C0W2PA),https://www.lazada.vn/products/pdp-i2269834480.html,16.746.900 ₫,,
"Laptop Gaming Acer Nitro 5 2020 - Core i7-10750H RAM 16G SSD 512G GTX 1650 4GB Màn 15,6 Inch FHD 144Hz ( Bảo Hành 3 đến 12 Tháng )",https://www.lazada.vn/products/pdp-i2433199226.html,13.800.000 ₫,,
Lenovo ThinkPad E15 Gen 4 (21E600CMVA) | Intel® Alder Lake Core™ i7 _ 1255U | 8GB | 512GB SSD PCIe Gen 4 | Intel® Iris® Xe Graphics | 15.6 inch Full HD IPS | Finger | IR Camera | LED KEY,https://www.lazada.vn/products/pdp-i2306223148.html,18.550.000 ₫,,
Laptop Lenovo ThinkPad T14s Gen 2 - Core i7-1165G7 RAM 16G SSD 512G Màn 14 Inch FHD ( Bảo Hành 3 đến 12 Tháng ),https://www.lazada.vn/products/pdp-i2462507030.html,15.200.000 ₫,,
DELL GAMING G3 3500 CORE I5 10200H RAM 16G SSD 256G+500G 15.6INCH VGA GTX1650TI,https://www.lazada.vn/products/pdp-i3091874014.html,10.800.000 ₫,,
Laptop Gaming Gigabyte G5 GD 51VN123SO Intel Core I5-11400H/16GB(8+8)/512GB SSD/15.6 FHD IPS 144Hz/RTX3050 4GB/Win11H/Black/2Y,https://www.lazada.vn/products/pdp-i2269716992.html,18.928.300 ₫,,
ACER GAMING AN515-56 AMD RYZEN 5 5600H RAM 16G SSD 512G 15.6INCH 144HZ GTX 1650 RGB,https://www.lazada.vn/products/pdp-i3148627621.html,11.500.000 ₫,,
ASUS VIVOBOOK X515 CORE I5 1135G7 RAM 8G SSD 512G 15.6INCH FHD VGA,https://www.lazada.vn/products/pdp-i2365273184.html,9.900.000 ₫,,
"Laptop Surface 3 Core i7-1065G7 l Ram 8GB l SSD 256GB l Màn 13,5 inch 2K Touch [BẢO HÀNH 3 - 12 THÁNG] Mới 99%",https://www.lazada.vn/products/pdp-i2058189986.html,14.900.000 ₫,,
Laptop Dell Inspiron 7420 2in1 - Core i7-1255U RAM 16G SSD 512G Màn 14 Inch FHD Touch ( Bảo Hành 3 đến 12 Tháng ),https://www.lazada.vn/products/pdp-i2461300388.html,14.500.000 ₫,,
Laptop Máy Trạm HP Zbook G3 Core I7 6700HQ Ram16gb SSD 512gb Pin&gt;90%,https://www.lazada.vn/products/pdp-i2403025005.html,10.100.000 ₫,,"6 Đã bán
Hà Nội"
DELL VOSTRO 3559 CORE I5 6200U RAM 8GB Ssd 256GB 15.6INCH/SẠC/CHUỘT/TÚI,https://www.lazada.vn/products/pdp-i2110554686.html,4.655.000 ₫,1.0,
Strong PowerNew black laptop Apple 13 A1185 A1181 ma561 ma561fe/A ma561g/A ma561ll/A ma254 free shipping,https://www.lazada.vn/products/pdp-i2708309280.html,593.935 ₫,,
"Thanh lý Laptop Lenovo -Core 2 dual, giá 1 triệu",https://www.lazada.vn/products/pdp-i2222340609.html,1.000.000 ₫,,
Laptop HP Victus 16-d0198TX 4R0U0PA i7-11800H| 8GB| 512GB + 32GB| GeForce RTX 3050Ti| W11,https://www.lazada.vn/products/pdp-i1773007209.html,32.490.000 ₫,,
Laptop Gaming Lenovo Legion 5 Pro R9000P - Ryzen 9-7945HX RAM 16G SSD 1TB RTX 4060 8GB Màn 16 Inch 2K QHD 240Hz ( Bảo Hành 3 đến 12 Tháng ),https://www.lazada.vn/products/pdp-i2716483841.html,33.500.000 ₫,5.0,
"Laptop Toshiba B451 core i3 - thanh lý - giài trí, văn phòng",https://www.lazada.vn/products/pdp-i3187935559.html,1.250.000 ₫,,
laptop văn phòng,https://www.lazada.vn/products/pdp-i1160780738.html,1.299.999 ₫,3.0,20 Đã bán
Laptop Asus TUF Gaming F16 FX607VU-RL045W (Core 5 210H/ GeForce RTX™ 4050/ 16GB/ 512GB/ Windows 11) - Bảo hành 24 tháng,https://www.lazada.vn/products/pdp-i3179340652.html,25.490.000 ₫,,
Laptop Asus TUF Gaming A15 FA506NCG-HN184W (Ryzen 7 7445HS/ RTX 3050 4GB/16GB/ 512GB/ Windows 11) - Bảo hành 24 tháng,https://www.lazada.vn/products/pdp-i3207490629.html,20.790.000 ₫,,
Bộ Vi Xử Lý Laptop Intel Core I7 4700MQ 4702MQ 4712MQ PGA Bốn Nhân Bộ Nhớ Đệm Cấp Hai 6MB Bộ Nhớ Đệm Cấp Ba 8MB TDP 45W,https://www.lazada.vn/products/pdp-i2830243782.html,696.000 ₫,,"6 Đã bán
Hong Kong"
laptop Dell Latitude E5530 🇯🇵 Dòng Doanh Nhân Siêu Bền - Văn Phòng Học Tập Quá Ngon Luôn * i3 3110M / Ram 4G / SSD 128G / Màn 15.6in HD / Pin 2-3h,https://www.lazada.vn/products/pdp-i1908200028.html,2.800.000 ₫,,
Laptop Giá Rẻ HP Elitebook 830G7 830G6| 830G5 RAM 16GB SSD 512GB 13.3 inch FullHD Pin&gt;4h,https://www.lazada.vn/products/pdp-i3159336008.html,7.799.998 ₫,,
ACER GAMING NITRO 5 CORE I5 7300HQ RAM 16GB SSD 256GB+1T 15.6INCH FHD IPS VGA GTX1050,https://www.lazada.vn/products/pdp-i2945212861.html,7.800.000 ₫,,
[Trả góp 0%]Dell E6410 Core i5 Ram 4G HDD 500GB 14inch,https://www.lazada.vn/products/pdp-i438582763.html,2.964.000 ₫,4.0,106 Đã bán
Laptop xách tay giá rẻ HP PROBOOK 640G8 I5-1145G7 RAM 16G SSD 256GB/512G 14 INCH FULL HD,https://www.lazada.vn/products/pdp-i2641172848.html,11.200.000 ₫,,"10 Đã bán
Hà Nội"
Laptop đồ hoạ precision dell 5550 siêu đẹp,https://www.lazada.vn/products/pdp-i2760145644.html,16.300.000 ₫,5.0,
Asus X571 Core i5 8300H Ram 16G SSD 512G 15.6inch GIÁ RẺ,https://www.lazada.vn/products/pdp-i2408101948.html,8.500.000 ₫,5.0,
DELL GAMING G3 CORE I5 10200H RAM 16G SSD 256G+500G 15.6INCH FHD 120HZ GTX 1650,https://www.lazada.vn/products/pdp-i3091860076.html,10.500.000 ₫,,
"Lenovo ThinkPad T470S/i7-6600U/14""FHD/8GB/256GB/Intel® HD Graphics 520/Phím Led",https://www.lazada.vn/products/pdp-i1666321117.html,14.990.000 ₫,,
Laptop AI HP 14-ep1011TU - 9Z2W3PA (Core 5 120U/RAM 16GB/Onboard/512GB SSD/Windows 11) - Bảo hành 12 tháng,https://www.lazada.vn/products/pdp-i2878000606.html,16.290.000 ₫,,
"Laptop Surface Pro 6 - Core i7-8650U RAM 16G SSD 512G Màn 12,5 Inch QHD Touch ( Bảo Hành 3 đến 12 Tháng )",https://www.lazada.vn/products/pdp-i2472599107.html,10.500.000 ₫,,
THINKPAD X220I CORE I3 2330M 4GB 500GB 12.5INCH,https://www.lazada.vn/products/pdp-i1513727234.html,2.500.000 ₫,,
"Laptop Dell Latitude 9520 - Core i7-1185G7 RAM 16G SSD 512G Màn 15,6 Inch FHD IPS ( Bảo Hành 3 đến 12 Tháng )",https://www.lazada.vn/products/pdp-i2679372432.html,15.000.000 ₫,,
"Laptop DELL INSPIRON G3 3590, laptop gaming mẫu cao cấp, Core i7, Ram 32gb, ổ cứng SSD 1TB, màn FullHD, cạc rời GTX 1650, cân mọi tựa game nặng",https://www.lazada.vn/products/pdp-i2473353536.html,12.500.000 ₫,5.0,6 Đã bán
"Laptop Dell XPS 9310 - Core i7-1165G7 RAM 16G SSD 512G Màn 13,3 Inch FHD IPS ( Bảo Hành 3 đến 12 Tháng )",https://www.lazada.vn/products/pdp-i2435854481.html,15.800.000 ₫,,
ASUS TUF GAMING FX505GT CORE I5 9300H RAM 16G SSD 256G+500G 15.6INCH 144HZ GTX 1650,https://www.lazada.vn/products/pdp-i3020621222.html,9.900.000 ₫,,
Laptop Dell Inspiron 15 3530 - P16WD21 (i5-1334U/ Intel Iris Xe 16GB/ 512GB/ Windows 11 + Office) - Bảo hành 12 tháng,https://www.lazada.vn/products/pdp-i3207688214.html,16.990.000 ₫,,
"Lenovo ThinkBook 13s Gen 4 ARB, tặng Office Professional Plus 2019 trị giá 1tr5",https://www.lazada.vn/products/pdp-i2419216500.html,14.945.000 ₫,,
"Dell Latitude 7420, Intel Core i7 1185GG7, RAM 16 GB, SSD 512G 14 inch cảm ứng xoay gập 360 độ ( laptop 2 in 1)",https://www.lazada.vn/products/pdp-i2689081388.html,10.990.000 ₫,5.0,14 Đã bán
ASUS GAMING FX506 CORE I5 10300H RAM 16G SSD 512G 15.6INCH 144HZ VGA GTX 1650,https://www.lazada.vn/products/pdp-i2989242854.html,10.800.000 ₫,,
Surface Laptop 5 Core i7-1265U l Ram 16GB l SSD 512GB l Màn 13 inch 2K Touch Like new 99%,https://www.lazada.vn/products/pdp-i2680502318.html,18.500.000 ₫,,
"Laptop Dell Latitude 7320 Detachable - Core i7-1180G7 RAM 16G SSD 512G Màn 13,3 Inch FHD Touch ( Bảo Hành 3 đến 12 Tháng )",https://www.lazada.vn/products/pdp-i2815482934.html,14.000.000 ₫,,
Laptop Acer Nitro Lite 16 NL16-71G-56WQ (i5-13420H/ GeForce RTX™ 3050/ 16GB/ 512GB/ Windows 11) - Bảo hành 24 tháng,https://www.lazada.vn/products/pdp-i3113613086.html,21.690.000 ₫,,
[Trả góp 0%]LENOVO THINKPAD X280 CORE I5 8250U RAM 8G SSD 256G 12.5INCH FHD BACKLIT KEYBOARD,https://www.lazada.vn/products/pdp-i1104294946.html,5.225.000 ₫,5.0,
Laptop Lenovo Thinkbook 14 Gen 4 i7-1255U RAM 16GB SSD 512GB 14' FHD IPS (1920x1080),https://www.lazada.vn/products/pdp-i2680544602.html,18.900.000 ₫,,
[NHẬP ITL3M0 GIẢM 12%] Laptop HP 15-fd0083TU - 8D736PA (i7-1355U/ RAM 16GB/ Onboard/ 512GB SSD/ Windows 11) - Bảo hành 12 thángv,https://www.lazada.vn/products/pdp-i2877928072.html,19.890.000 ₫,,
MSI GAMING GV62 CORE I7 7700HQ RAM 16G SSD 512G 15.6INCH FHD GTX 1050,https://www.lazada.vn/products/pdp-i3007271542.html,8.500.000 ₫,,
ACER NITRO 5 GAMING AMD RYZEN 5 5600H RAM 16G SSD 512G 15.6INCH 144HZ GTX 1650,https://www.lazada.vn/products/pdp-i3028332045.html,11.200.000 ₫,,
DELL INSPIRON 3558 CORE I3 5005U RAM 8G SSD 256G 15.6INCH GIÁ RẺ,https://www.lazada.vn/products/pdp-i2660055070.html,2.850.000 ₫,4.0,
"LAPTOP SONY VAIO VGN-NS135E CORE DUO RAM 4GB 250GB 15,4INCH",https://www.lazada.vn/products/pdp-i1771325095.html,3.200.000 ₫,,
Laptop Lenovo ThinkPad E14 Gen 6 (21M7004XVA) | Intel Core Ultra 7 155H | 16GB | 1TB | NPU 11 TOPS | 14 inch WUXGA | IPS | Hàng Chính Hãng,https://www.lazada.vn/products/pdp-i3037200451.html,27.500.000 ₫,,
MacBook Air M3 15-inch 2024 - Hàng Chính Hãng,https://www.lazada.vn/products/pdp-i2907851521.html,42.590.000 ₫,,83 Đã bán
"Laptop CAO CẤP Dell XPS 13 9380 i5 8265U/ 8GB/ 256GB PCIe/ 13.3"" FHD/ Win 10 Pin90%",https://www.lazada.vn/products/pdp-i2634595687.html,9.600.000 ₫,,"10 Đã bán
Hà Nội"
Laptop HP Victus 16-s0140AX - 9Q987PA (AMD Ryzen 7 7840HS) (Đen) - Bảo hành 12 tháng,https://www.lazada.vn/products/pdp-i3013837560.html,32.690.000 ₫,,"6 Đã bán
Hồ Chí Minh"
"Laptop Dell G7 7700, Core i7 10750H, Ram 16GB, SSD 1TB, RTX 2070 8G, Led RGB, 17.3inch FHD 300Hz, tặng kèm bộ quà tặng cao cấp",https://www.lazada.vn/products/pdp-i2641121066.html,21.500.000 ₫,,"6 Đã bán
Hà Nội"
laptop gaming cũ giá rẻ I5 - laptop gaming cũ giá rẻ,https://www.lazada.vn/products/pdp-i994282993.html,3.200.000 ₫,4.0,13 Đã bán
"Siêu laptop vỏ nhôm Asus B53E Core i5 , ram 8GB , hdd 1000 gb cấu hình cao chơi game ổn , bảo hành 12 tháng",https://www.lazada.vn/products/pdp-i257998462.html,1.842.000 ₫,3.0,7 Đã bán
Laptop HP ZBook Firefly 14 G9 | i7-1265U | Ram 16GB | SSD 512GB | 14 inch FHD Cảm ứng| HP IR Camera | Win 10 Pro,https://www.lazada.vn/products/pdp-i2415861829.html,20.615.000 ₫,,
Laptop Gaming Acer Predator Helios Neo 16 - Core i7-13700HX RAM 16G SSD 512G RTX 4060 8GB Màn 16 Inch QHD 165Hz ( Bảo Hành 3 đến 12 Tháng ),https://www.lazada.vn/products/pdp-i2476210850.html,26.500.000 ₫,4.0,
"Laptop Dell Latitude E4300 dùng cho học tập, giải trí, công việc v.v... đầy đủ phần mềm cơ bản",https://www.lazada.vn/products/pdp-i2039334148.html,2.199.000 ₫,5.0,
Laptop MSI Gaming Katana GF66 -Black- 15.6 FHD IPS; Intel Core i5-12450H; 8GB + 1Slot; 512 GB SSD + 2.5; VGA RTX 3050 4GB; WF6+ BT5.2; Polyc; Win11H; 1Y + Balo (12UCK-699VN),https://www.lazada.vn/products/pdp-i2269817631.html,18.196.780 ₫,2.5,
"Laptop giá rẻ Dell Lattitude 3520 core i5 1135G7 Ram 16GB, SSD 512 màn hình 15,6 FHD",https://www.lazada.vn/products/pdp-i3159358841.html,11.000.000 ₫,,
"Surface Laptop Go 2 - Core i5-1135G7 RAM 8G SSD 256G Màn 12,5 Inch TouchCreen ( Bảo Hành 3 đến 12 Tháng )",https://www.lazada.vn/products/pdp-i2472313993.html,13.500.000 ₫,,
"Laptop Surface Pro 7 Plus - Core i7-1165G7 RAM 16G SSD 256G Màn 12,5 Inch QHD Touch ( Bảo Hành 3 đến 12 Tháng )",https://www.lazada.vn/products/pdp-i2472645065.html,13.800.000 ₫,,
ASUS TUF GAMING FX505DT R5 3550H/ RAM 8GB/ SSD 512GB/ 15.6INCH FHD 120Hz/ NVIDIA GTX 1650 4GB/ CHUYÊN GAME ĐỒ HỌA/ GIÁ RẺ,https://www.lazada.vn/products/pdp-i2314378322.html,13.500.000 ₫,,
"Laptop Dell Gaming G15 5511 - Core i7-11800H RAM 16G SSD 512G RTX 3050Ti 4GB Màn 15,6 Inch FHD 120Hz ( Bảo Hành 3 đến 12 Tháng )",https://www.lazada.vn/products/pdp-i2433125680.html,17.400.000 ₫,,
Laptop Asus Vivobook 15 X1504VA-BQ165W (Core 5 120U/ Onboard graphics/ 16GB/ 512GB/ Windows 11) - Bảo hành 24 tháng,https://www.lazada.vn/products/pdp-i3160033486.html,16.390.000 ₫,,
DELL LATITUDE 5400 CORE I5 8365U RAM 16G SSD 512G 14INC FHD IPS ĐÈN PHÍM,https://www.lazada.vn/products/pdp-i3023209118.html,5.900.000 ₫,5.0,
[Trả góp 0%]Dell Latitude E7240 Core i5 8G SSD 512G 12.5inch giá rẻ,https://www.lazada.vn/products/pdp-i441182184.html,3.230.000 ₫,5.0,
[Trả góp 0%]Dell Latitude E6520 Core i7 2620M Ram 4GB HDD 500GB 15.6INCH,https://www.lazada.vn/products/pdp-i451592486.html,3.500.000 ₫,,
[Trả góp 0%]ASUS VIVOBOOK S410 CORE I7 8550U RAM 8G SSD 256G 14INCH FHD,https://www.lazada.vn/products/pdp-i788528809.html,6.800.000 ₫,5.0,
Laptop Gaming Acer Predator Helios Neo 16 - Core i7-13700HX RAM 16G SSD 512G RTX 4050 6GB Màn 16 Inch FHD 165Hz ( Bảo Hành 3 đến 12 Tháng ),https://www.lazada.vn/products/pdp-i2624401411.html,22.000.000 ₫,,
"Laptop Dell Precision 3561 - Core i7-11800H RAM 16G SSD 512G VGA Quadro T600 Màn 15,6 Inch FHD IPS ( Bảo Hành 3 đến 12 Tháng )",https://www.lazada.vn/products/pdp-i2842393224.html,17.800.000 ₫,,
"Lenovo Thinkpad T460 ,Core i5 6200 , 8G , SSD 256G, Màn 14in FHD 1920*1080 IPS , máy tính quốc dân 2020",https://www.lazada.vn/products/pdp-i260616852.html,3.570.000 ₫,5.0,
LAPTOP MSI THIN 15 B12UC-1416VN CORE i5-12450H | VGA RTX 3050 4GB | 8GB RAM | 512GB SSD | 15.6 FHD IPS 144Hz | Win11,https://www.lazada.vn/products/pdp-i2632183353.html,21.160.000 ₫,,
DELL 2 IN 1 3185 AMD A9-9420E RAM 8G SSD 128G 11.6INCH TOUCH 360 ĐỘ,https://www.lazada.vn/products/pdp-i2743746567.html,3.999.999 ₫,5.0,
LAPTOP GAMING LENOVO LEGION Y7000 CORE I5 9300H RAM 16G SSD 256G 15.6INCH FHD GTX 1050,https://www.lazada.vn/products/pdp-i2660611619.html,9.300.000 ₫,5.0,
"Laptop Nec Lavie LL750 Core i7-3530QM, 8gb ram, 256gb SSD, 15.6inch HD cảm ứng, âm thanh Yamaha",https://www.lazada.vn/products/pdp-i1633189959.html,3.500.000 ₫,,
"Laptop Gaming Asus ROG Zephyrus M15 - Core i7-10750H RAM 16G SSD 512G GTX 1660Ti 6GB Màn 15,6 Inch QHD 165Hz ( Bảo Hành 3 đến 12 Tháng )",https://www.lazada.vn/products/pdp-i2433202313.html,18.300.000 ₫,,
ASUS TUF FX516PC i5 11300H/ SSD 512GB/ 15INCH FHD 144Hz/ RTX 3050 4GB/ GAME ĐỒ HỌA/ GIÁ RẺ,https://www.lazada.vn/products/pdp-i2311873177.html,14.900.000 ₫,,
"Laptop Surface Pro 7 - Core i7-1065G7 RAM 16G SSD 256G Màn 12,5 Inch QHD Touch ( Bảo Hành 3 đến 12 Tháng )",https://www.lazada.vn/products/pdp-i2472564274.html,12.800.000 ₫,,
Laptop Asus Vivobook S 14 S3407CA-LY096WS (Ultra 7-255H/ Onboard graphics/ 16GB/ 512GB/ Windows 11 + Office + Microsoft) - Bảo hành 24 tháng,https://www.lazada.vn/products/pdp-i3206821516.html,25.090.000 ₫,,
"Laptop Dell XPS 9370 dành cho văn phòng, Core i7-8650U, Ram 16GB, ổ cứng SSD 512GB,màn hình 13.3inch Full HD IPS cực sắc nét, tặng kèm bộ phụ kiện",https://www.lazada.vn/products/pdp-i2604546858.html,11.800.000 ₫,5.0,10 Đã bán
Laptop Giá Rẻ HP Chromebook x360 14 G1 i7-8650U 14inch Touchscreen Full HD i7 16 GB DDR4-SDRAM 64 GB Flash Wi-Fi 5 (802.11ac) Chrome OS Silver,https://www.lazada.vn/products/pdp-i2293643879.html,9.000.000 ₫,5.0,12 Đã bán
"Latop Nec VersaPro VKT12 Core i5-7Y54, 8gb ram, 512gb SSD, 13.3inch Full HD IPS siêu mỏng nhẹ",https://www.lazada.vn/products/pdp-i2261222527.html,3.600.000 ₫,,
[Trả góp 0%] THINKPAD X270 CORE I5 7200U RAM 8G SSD 256G 12INCH,https://www.lazada.vn/products/pdp-i445548409.html,3.900.000 ₫,4.0,12 Đã bán
"Thanh lý Laptop Sony Vaio-Core I5, ram 4G, ô cứng 500G, Giá 2 triệu.",https://www.lazada.vn/products/pdp-i2222892282.html,2.000.000 ₫,1.0,
"Laptop Gaming Acer Predator Helios 300 2022 - Core i7-12700H RAM 16G SSD 512G RTX 3060 6GB Màn 15,6 Inch FHD 165Hz ( Bảo Hành 3 đến 12 Tháng )",https://www.lazada.vn/products/pdp-i2432128436.html,21.800.000 ₫,,
"Laptop Dell XPS 9310 Frost White - Core i7-1165G7 RAM 16G SSD 512G Màn 13,3 Inch FHD IPS ( Bảo Hành 3 đến 12 Tháng )",https://www.lazada.vn/products/pdp-i2471434715.html,16.100.000 ₫,,
Laptop Lenovo ThinkPad X1 Carbon Gen 9 - Core i7-1165G7 RAM 16G SSD 512G Màn 14 Inch FHD+ ( Bảo Hành 3 đến 12 Tháng ),https://www.lazada.vn/products/pdp-i2462380545.html,16.800.000 ₫,,
Máy tính xách tay - Laptop Asus ExpertBook B1400 (Chip Intel Core i5-1135G7 | RAM 8GB | SSD 256GB NVMe | 14' Full HD | Bảo mật vân tay | Bảo mật TPM 2.0 | Độ bền chuẩn US) - Chính hãng,https://www.lazada.vn/products/pdp-i1667507693.html,13.500.000 ₫,2.0,
Vo fujistu lifebook Ah520/1A,https://www.lazada.vn/products/pdp-i1941169823.html,150.000 ₫,,
"Máy tính Đồng Bộ HP 8200 Core i7. core I5 .core I3 , Ram 4GB , SSD 120GB. Tặng kèm usb wifi + Bàn di chuột",https://www.lazada.vn/products/pdp-i2286202070.html,1.200.000 ₫,4.0,19 Đã bán
Laptop Asus Gaming V16 V3607VU-RP216W (Core 7 240H/ RTX 4050 6GB/16GB/ 512GB/ Windows 11) - Bảo hành 24 tháng,https://www.lazada.vn/products/pdp-i3207639469.html,25.990.000 ₫,,
Laptop Lenovo LOQ 15IRX9 - 83DV013PVN (i5-13450HX/ GeForce RTX™ 3050/ 12GB/ 512GB/ Windows 11) - Bảo hành 36 tháng,https://www.lazada.vn/products/pdp-i3089132140.html,22.490.000 ₫,,
"Thanh lý Laptop Asus-Core 2 dual, giá 1 triệu",https://www.lazada.vn/products/pdp-i2181332738.html,1.000.000 ₫,,
laptop cũ giá rẻ cho học sinh,https://www.lazada.vn/products/pdp-i1255210093.html,1.800.000 ₫,5.0,5 Đã bán
Lenovo Thinkpad / Tosiba / Dell Core i5 / RAM 8GB / SSD 256GB / Màn 12.5 inch HD 1366x768 (Phím JP) Hàng Chính Hãng,https://www.lazada.vn/products/pdp-i2541040342.html,1.990.000 ₫,5.0,
Laptop Thinkpad X1 Carbon Gen 10 | Core i7-1260P l RAM 16GB l SSD 512GB l 14' FHD Hàng Mỹ .,https://www.lazada.vn/products/pdp-i2680618052.html,20.900.000 ₫,,
Laptop Lenovo Thinkpad X1 Yoga Gen 7 Core i7-1265U l RAM 16G l SSD 512G l Màn 14' FHD .,https://www.lazada.vn/products/pdp-i2680655076.html,19.900.000 ₫,,
"Laptop Toshiba B35 Core i5-5200U, 8gb ram, 256gb SSD, 15,6” HD nhập khẩu Nhật Bản siêu bền",https://www.lazada.vn/products/pdp-i2046429449.html,1.990.000 ₫,4.0,9 Đã bán
Dell Latitude E7470 Core i7 6600U Ram 16GB SSD 256GB 14inch FULLHD,https://www.lazada.vn/products/pdp-i1508940088.html,5.800.000 ₫,4.0,31 Đã bán
Laptop Microsoft Surface Pro 9 Core i7-1265U l RAM 16G l SSD 512G l Màn 2K 120Hz,https://www.lazada.vn/products/pdp-i2680623208.html,19.400.000 ₫,,
Laptop Gaming Asus ROG Zephyrus G14 - Ryzen 9-5900HS RAM 16G SSD 512G RTX 3060 6GB Màn 14 Inch FHD 144Hz ( Bảo Hành 3 đến 12 Tháng ),https://www.lazada.vn/products/pdp-i2471333946.html,21.000.000 ₫,,
Dell Latitude 7320 Detachable i7-1180G7 RAM 16GB SSD 512GB 14' FHD IPS (1920x1080),https://www.lazada.vn/products/pdp-i2680619128.html,15.900.000 ₫,,
Laptop cũ Tohsiba Z30,https://www.lazada.vn/products/pdp-i2541340834.html,2.950.000 ₫,,
HP 6910P Core 2 Duo Ram 4GB HDD 160GB 15.4inch,https://www.lazada.vn/products/pdp-i1235692454.html,3.200.000 ₫,3.0,6 Đã bán
THINKPAD T490S CORE I7 8560U RAM 16G SSD 256G 14INCH FHD IPS,https://www.lazada.vn/products/pdp-i2746823185.html,7.900.000 ₫,5.0,
THINKPAD X1 YOGA GEN 3 CORE I5 8265U RAM 8G SSD 256G 14INCH FHD IPS TOUCH 360,https://www.lazada.vn/products/pdp-i2673741153.html,7.900.000 ₫,5.0,
"DELL INSPIRON 5548 MÀN HÌNH 15,6IN I5 5200U 8GB 256GB 15.6” VGA GT930M 2GB GAME ĐỒ HỌA SIÊU MƯỢT MÁY SIÊU ĐẸP",https://www.lazada.vn/products/pdp-i1912233314.html,6.500.000 ₫,4.0,94 Đã bán
[Nhập ITL3M0 giảm 12% tối đa 3TR] Laptop AI HP 14-ep1011TU - 9Z2W3PA (Core 5 120U/RAM 16GB/Onboard/512GB SSD/Windows 11) - Bảo hành 12 tháng,https://www.lazada.vn/products/pdp-i2877418937.html,18.190.000 ₫,,
DELL PRECISION 7520 CORE I7 6820HQ RAM 16GB SSD 256GB+1T 15.6INCH FHD VGA AMD PRO W4130,https://www.lazada.vn/products/pdp-i2495592720.html,8.000.000 ₫,5.0,
ASUS VIVOBOOK X409MA N4020 RAM 4G SSD 256G 14INCH VIỀN MỎNG,https://www.lazada.vn/products/pdp-i2679177359.html,3.705.000 ₫,4.0,
[Trả góp 0%]Dell Latitude E5530 Core i5 3210M RAM 8G SSD 256G 15.6inch,https://www.lazada.vn/products/pdp-i491372585.html,3.200.000 ₫,5.0,
Hp Workstation 8560w Core i7 2630QM Ram 8G SSD 128G 15.6inch vga rời,https://www.lazada.vn/products/pdp-i2192561598.html,3.800.000 ₫,,
Dell Inspiron 5310 Core i5-11320H l Ram 8G l SSD 256G l Màn 13' FHD [ BẢO HÀNH 3 - 12 THÁNG ] Hàng Mới 99%,https://www.lazada.vn/products/pdp-i1991246330.html,13.900.000 ₫,,
Laptop Dell XPS 15 9500 Core i7-10750H l RAM 16GB l SSD 512GB l Màn 15 inch 4K [BẢO HÀNH 3 - 12 THÁNG] Hàng Đẹp 99%,https://www.lazada.vn/products/pdp-i1986166570.html,19.900.000 ₫,,
"Laptop HP 14S mỏng nhẹ cấu hình cao, Core i5, Ram 8gb, ổ cứng SSD 256gb, màn hình 14 inch HD, laptop zin lướt, tặng chuột, lót chuột, cặp laptop.",https://www.lazada.vn/products/pdp-i2486164960.html,11.050.000 ₫,5.0,11 Đã bán
[Trả góp 0%]LAPTOP MSI GF63 CORE I7 7700HQ RAM 16G SSD 128G+1T 15.6INCH FHD VGA,https://www.lazada.vn/products/pdp-i438538633.html,8.900.000 ₫,4.0,18 Đã bán
"Laptop Dell Precision 5550 - Core i7-10750H RAM 16G SSD 512G VGA Quadro T2000 Màn 15,6 Inch FHD IPS ( Bảo Hành 3 đến 12 Tháng )",https://www.lazada.vn/products/pdp-i2447967550.html,17.500.000 ₫,,
DELL PRECISION 7540 CORE I7 9750H RAM 16G SSD 512G 15.6INCH FHD VGA,https://www.lazada.vn/products/pdp-i3096012797.html,12.500.000 ₫,,
Laptop Mini Lenovo S10-3s Atom N475 Ram 2G Ssd 120G 10.1inch,https://www.lazada.vn/products/pdp-i1809504362.html,2.500.000 ₫,,
Laptop xách tay giá rẻ HP PROBOOK 640G8 I5-1145G7 RAM 16G SSD 256GB/512G 14 INCH FULL HD,https://www.lazada.vn/products/pdp-i2641349388.html,18.000.000 ₫,,
Laptop DELL Precision 7560 Core i7-11850H l RAM 16G l SSD 512G l A2000 4G l Màn 15' FHD Đẹp 99%,https://www.lazada.vn/products/pdp-i2680598687.html,22.500.000 ₫,,
DELL LATITUDE 7390 2 IN 1 CORE I7 8650U RAM 16G SSD 512G 13.3ICNH FHD IPS CẢM ỨNG 360 ĐỘ,https://www.lazada.vn/products/pdp-i2541260018.html,8.400.000 ₫,,
"Laptop Dell Precision 5550/ i7-10750H/ Ram 16GB/ SSD 512GB/ NVIDIA Quadro T1000 4GB/ 15.6"" UltraSharp FHD+ (1920x1200)",https://www.lazada.vn/products/pdp-i2255168507.html,18.700.000 ₫,,"19 Đã bán
Hồ Chí Minh"
Laptop Asus X202E core i3 thế hệ 3 cực mỏng nhẹ 11.6 inch xinh xắn,https://www.lazada.vn/products/pdp-i2054080257.html,2.570.000 ₫,5.0,
"Máy tính 2 trong 1 Panasonic CF-RZ4 Core M-5Y70, 8gb ram, 256gb SSD, màn 10.1inch Full HD cảm ứng gập 360 độ vỏ nhôm magie siêu bền nhẹ 700gram",https://www.lazada.vn/products/pdp-i2427285975.html,2.990.000 ₫,5.0,6 Đã bán
ASUS ROG GAMING FX503VD CORE I7 7700HQ RAM 16G SSD 256G+1t 15.6INCH FHD VGA GTX1050,https://www.lazada.vn/products/pdp-i2375177804.html,8.500.000 ₫,,
"Laptop Workstation Fujitsu Celsius H7510 Core i7-10850H, 64gb Ram, 512gb SSD NVME + 1TB HDD, vga Nvidia Quadro T1000, màn 15.6” FHD nhập khẩu Nhật Bản",https://www.lazada.vn/products/pdp-i2806647171.html,15.000.000 ₫,,
Asus ROG GL552 Core i7 6700HQ Ram 16G SSD 128G+1000G 15.6inch FHD Vga GTX 950M,https://www.lazada.vn/products/pdp-i2052950510.html,7.500.000 ₫,5.0,8 Đã bán
Laptop mini cho bé,https://www.lazada.vn/products/pdp-i2718031942.html,75.000 ₫,,
░S░I░Ê░U░ ░R░Ẻ░ ✳️ Nâng cấp máy tính PC LAPTOP Ổ Cứng SSD Glowy - SSD - M2 - Msata 120G/ 128G/ 240G/ 256G - Chính Hãng - Fullbox - BH 36 Tháng,https://www.lazada.vn/products/pdp-i436366928.html,390.000 ₫,,
MacBook Air M3 13-inch 2024 (CPU 8 Lõi) - Hàng Chính Hãng,https://www.lazada.vn/products/pdp-i2907857532.html,35.690.000 ₫,,50 Đã bán
Laptop MSI Stealth 14 AI Studio A1VFG New | Intel Core Ultra 7 155H | RAM 32GB | 1TB SSD | RTX 4060| 14 Inch 2.8K 120Hz,https://www.lazada.vn/products/pdp-i2629969468.html,52.900.000 ₫,,
Kingspec 2.5 inche Dung lượng SSD 128GB 256GB 512GB 1TB 2TB 4TB SSD 120GB 240g 480GB 960GB SSD SATA3 Ổ cứng lưu trữ thể rắn nội bộ cho máy tính xách tay Máy tính để bàn Sata đĩa,https://www.lazada.vn/products/pdp-i1251422305.html,1.650.000 ₫,4.0,
Laptop Asus TUF Gaming F16 FX608JHR-RV037W (i7-14650HX/ RTX 5050 8GB/16GB/ 1TB/ Windows 11) - Bảo hành 24 tháng,https://www.lazada.vn/products/pdp-i3211318796.html,38.290.000 ₫,,
"Laptop Lenovo LOQ 15IRX9, Core i5-13420H, SSD 512GB, Ram 12GB, RTX 4050 6GB, 15.6inch Full HD 144Hz, laptop chơi game cao cấp, kèm bộ quà tặng",https://www.lazada.vn/products/pdp-i2655775611.html,26.200.000 ₫,,
Laptop DELL XPS 9550 i7-6700HQ l RAM 16G l SSD 256G l GTX 960M l Màn 15' 4k HÀNG ĐẸP 99%,https://www.lazada.vn/products/pdp-i2680595650.html,17.800.000 ₫,,
"Thanh lý Laptop Lenovo E43, Pentum R dual core, ram 4GB, Màn hình 15 in. Giá bán 1,2 Triệu",https://www.lazada.vn/products/pdp-i2755912914.html,1.200.000 ₫,1.2,
"Laptop doanh nhân ThinkBook 13X ITG mỏng nhẹ, Core i7-1160G7, Ram 16GB, SSD 512GB, màn hình 13.3inch 2.5k titan cao cấp, tặng kèm bộ quà tặng laptop",https://www.lazada.vn/products/pdp-i2609405519.html,20.000.000 ₫,,
Laptop xách tay giá rẻ LENOVO YOGA-C740-14IML Core I7 10510U RAM16 SSD 256GB,https://www.lazada.vn/products/pdp-i2964889057.html,13.400.000 ₫,,
Laptop xách tay cao cấp DELL ALIENWARE M15 R4 Core i9 10th /RTX 3080/15.6 inch,https://www.lazada.vn/products/pdp-i2675696011.html,43.850.000 ₫,,"26 Đã bán
Hà Nội"
Surface Pro 8 Core i7-1185G7 l Ram 16GB l SSD 512GB l Màn 13 inch 2K Touch Like New 99%,https://www.lazada.vn/products/pdp-i2680669110.html,16.900.000 ₫,,
ASUS TUF GAMING FX506LHB CORE I5 10300H RAM 16G SSD 512G 15.6INCH 144HZ VGA GTX 1650,https://www.lazada.vn/products/pdp-i3002406353.html,10.500.000 ₫,5.0,
Laptop Xiaomi Redmibook 15 Intel Core i5-11300H/8GB/512GB SSD/15.6 FHD/Win11SL/Black - Hàng chính hãng - Bảo hành 12 tháng,https://www.lazada.vn/products/pdp-i2058769189.html,11.290.000 ₫,1.0,
Thinkpad E570 Core i7 7500U Ram 8GB SSD 256GB 15.6inch FHD GTX 950M,https://www.lazada.vn/products/pdp-i1536741839.html,9.800.000 ₫,,
"Laptop Dell Gaming G15 5520 - Core i7-12700H RAM 16G SSD 512G RTX 3060 6GB Màn 15,6 Inch FHD 165Hz",https://www.lazada.vn/products/pdp-i2433182375.html,20.000.000 ₫,,
Dell Latitude 6430u I7-3687U / RAM 4GB / SSD 256GB / 14 INCH FULL BOX BẢO HÀNH 12 THÁNG,https://www.lazada.vn/products/pdp-i266948050.html,2.200.000 ₫,4.0,6 Đã bán
Laptop Acer Nitro Lite 16 NL16-71G-56WQ (i5-13420H/ GeForce RTX™ 3050/ 16GB/ 512GB/ Windows 11) - Bảo hành 24 tháng,https://www.lazada.vn/products/pdp-i3113525160.html,21.390.000 ₫,,
"Laptop Gaming MSI GP75 Leopard Core i7-10750H, 32gb Ram, 1tb SSD NVMe, 17.3” Full HD IPS",https://www.lazada.vn/products/pdp-i2092220193.html,19.600.000 ₫,,
Laptop Acer Aspire 5 A515-58P-702Q (i7-13620H/ Onboard graphics/ 16GB/ 512GB/ Windows 11) - Bảo hành 24 tháng,https://www.lazada.vn/products/pdp-i3144200057.html,18.690.000 ₫,,
Máy Tính Xách Tay Laptop Gaming ASUS TUF A15 FA506IHRB-HN080W Ryzen™ 5-4600H - Hàng Chính Hãng,https://www.lazada.vn/products/pdp-i2056768386.html,19.370.000 ₫,,
Microsoft Surface Laptop 3 13.5'' Nhập Khẩu Mỹ . 2K cảm ứng 10th Gen Intel® Core™ i7 - i5-1065G7 Ram 8/16GB SSD 128/256/512GB Tặng kèm sạc chính hãng | Playmobile,https://www.lazada.vn/products/pdp-i2262649918.html,11.590.000 ₫,,
"Laptop Dell Vostro 3750 Core i7 RAM 4GB, HDD 250GB 17.3inch hàng nhập khẩu + bộ quà tặng",https://www.lazada.vn/products/pdp-i251075555.html,2.428.000 ₫,1.0,
Laptop MSI Cyborg 15 A12UCX-281VN i5-12450H | 8GB | 512GB | RTX 2050 - Hàng Chính Hãng,https://www.lazada.vn/products/pdp-i2624971503.html,20.125.000 ₫,,
"Laptop Gaming Lenovo Legion 5i - Core i7-12700H RAM 16G SSD 512G RTX 3060 6GB Màn 15,6 Inch FHD 165Hz ( Bảo Hành 3 đến 12 Tháng )",https://www.lazada.vn/products/pdp-i2433710200.html,22.500.000 ₫,,
Laptop Acer Nitro V 15 ProPanel ANV15-51-56D5 (i5-13420H/ GeForce RTX™ 3050/ 16GB/ 512GB/ Windows 11),https://www.lazada.vn/products/pdp-i3100596029.html,21.990.000 ₫,,
Dell 7559 game Core i7-6700HQ ram 16gssd 256g+ hdd 1tb VGA GTX 960M- 4G màn 15.6″ Full HD 1920*1080,https://www.lazada.vn/products/pdp-i2289752706.html,8.900.000 ₫,5.0,13 Đã bán
Laptop Gaming Lenovo Legion 5 Pro AMD - Ryzen 7-5800H RAM 16G SSD 512G RTX 3070 Màn 16 Inch 2K QHD 165Hz ( Bảo Hành 3 đến 12 Tháng ),https://www.lazada.vn/products/pdp-i2969126008.html,23.000.000 ₫,,
"Laptop Nec UltraLite VKT12H Core i5-7Y54, 8gb ram, 512gb SSD, 12.5inch Full HD siêu mỏng nhẹ di động",https://www.lazada.vn/products/pdp-i2182782525.html,3.900.000 ₫,,
Laptop Lenovo ThinkPad X1 Yoga Gen 4 - Core i7-8665U RAM 16G SSD 512G Màn 14 Inch FHD Touch ( Bảo Hành 3 đến 12 Tháng ),https://www.lazada.vn/products/pdp-i2462415215.html,10.500.000 ₫,,
Laptop Gaming Asus ROG Zephyrus G14 - Ryzen 7-5800HS RAM 16G SSD 512G RTX 3060 6GB Màn 14 Inch FHD 144Hz ( Bảo Hành 3 đến 12 Tháng ),https://www.lazada.vn/products/pdp-i2809877329.html,19.500.000 ₫,,
Laptop Acer Aspire 7 A715-59G-57TU (i5-12450H/ GeForce RTX™ 3050/ 16GB/ 512GB/ Windows 11) -Bảo hành 12 tháng,https://www.lazada.vn/products/pdp-i3138509467.html,19.690.000 ₫,,
DELL LATITUDE 7400 CORE I7 8565U Ram 16G SSD 256G 14” FHD IPS ĐÈN PHÍM,https://www.lazada.vn/products/pdp-i2486341807.html,7.800.000 ₫,5.0,
"Laptop Dell XPS 9315 2in1 - Core i7-1255U RAM 16G SSD 512G Màn 13,3 Inch 3K QHD Touch ( Bảo Hành 3 đến 12 Tháng )",https://www.lazada.vn/products/pdp-i2471534305.html,18.500.000 ₫,,
"Laptop Dell Precision 7740 - Core i7-9750H RAM 16G SSD 512G VGA RTX 3000 Màn 17,3 Inch FHD IPS ( Bảo Hành 3 đến 12 Tháng )",https://www.lazada.vn/products/pdp-i2679095733.html,18.500.000 ₫,,
"Laptop Gaming Asus ROG Zephyrus G15 - Ryzen 9-6900HS RAM 16G SSD 512G RTX 3060 6GB Màn 15,6 Inch QHD 165Hz ( Bảo Hành 3 đến 12 Tháng )",https://www.lazada.vn/products/pdp-i2433135551.html,23.700.000 ₫,,"5 Đã bán
Hồ Chí Minh"
Laptop Gaming Lenovo Legion 5 Pro AMD - Ryzen 7-5800H RAM 16G SSD 512G RTX 3050Ti 4GB Màn 16 Inch 2K QHD 165Hz ( Bảo Hành 3 đến 12 Tháng ),https://www.lazada.vn/products/pdp-i2433683343.html,21.500.000 ₫,,
Laptop Lenovo Thinkpad X1 Carbon Gen 9 Core i7-1185G7 l RAM 16G l SSD 256G l Màn 14' FHD [ BẢO HÀNH 3 - 12 THÁNG ],https://www.lazada.vn/products/pdp-i2115465726.html,14.200.000 ₫,,"7 Đã bán
Hồ Chí Minh"
Laptop Asus Vivobook S14 S3407VA-LY146W (Core 5 210H/ Intel UHD 16GB/ 512GB/ Windows 11) - Bảo hành 24 tháng,https://www.lazada.vn/products/pdp-i3206802694.html,18.990.000 ₫,,
"[HCM-SHIP 2H] (LOẠI 1) Laptop đồ chơi cho bé có nhạc chạy film sẵn cho bé ham học hỏi, Máy Tính Xach Tay Đồ Chơi Âm Thanh Nhạc.",https://www.lazada.vn/products/pdp-i2360516416.html,115.000 ₫,5.0,107 Đã bán
TBRBG I5 560m 430M 450M 460m 480M 520M 580M I7 620M máy tính xách tay CPU phụ kiện máy tính,https://www.lazada.vn/products/pdp-i3050523293.html,77.135 ₫,5.0,
MacBook Air M3 15.3 inch 2024 - Hàng Chính Hãng,https://www.lazada.vn/products/pdp-i2624853079.html,35.090.000 ₫,5.0,141 Đã bán
"Thanh lý Laptop HP 6520S, Celeron, ram 2G, ô cứng 250G. Giá bán 1 triệu.",https://www.lazada.vn/products/pdp-i2296665443.html,1.000.000 ₫,,
Ram Laptop Samsung/Hynix/Nanyx/Ramaxel/Kingston 4GB PC4 Bus 2400 - BH 3 năm NEW - 4GB,https://www.lazada.vn/products/pdp-i1685621601.html,240.000 ₫,5.0,
Sony Ericsson W205,https://www.lazada.vn/products/pdp-i2429785722.html,350.000 ₫,,
Laptop Asus TUF Gaming A14 FA401KM-RG010WS (Ryzen AI 7 350/ RTX 5060 8GB/32GB/ 1TB/ Windows 11 + Office + Microsoft) - Bảo hành 24 tháng,https://www.lazada.vn/products/pdp-i3210922298.html,45.190.000 ₫,,"8 Đã bán
Hồ Chí Minh"
Ổ cứng laptop 2TB 1TB 500GB 250GB 160GB Hàng xịn tháo máy-Bảo hành 12 tháng 1 đổi 1.,https://www.lazada.vn/products/pdp-i2262465598.html,279.000 ₫,5.0,155 Đã bán
Nongshim | Nongshim Shin Ramyun Black 134g x 4 gói,https://www.lazada.vn/products/pdp-i3202430847.html,228.000 ₫,,
"Laptop Dell Gaming G15-5530, Core i7-13650HX, Ram 16GB, SSD 512GB, RTX 4060 8GB,Màn hình 15.6inch Full HD tần số 165Hz, laptop gaming cân mọi tựa game",https://www.lazada.vn/products/pdp-i2623427971.html,23.400.000 ₫,,"5 Đã bán
Hà Nội"
LAPTOP ASUS TUF FX706 CORE I5 10300H RAM 16G SSD 512G 17.3INCH FHD IPS 120HZ GTX 1650,https://www.lazada.vn/products/pdp-i2660585253.html,11.800.000 ₫,,
"Laptop nhập khẩu mỹ Asus B53E Core i5, ram 6GB, 256GB SSD, cấu hình cao chơi game ổn",https://www.lazada.vn/products/pdp-i258002464.html,1.842.000 ₫,4.0,
"Laptop Dell XPS 9315 - Core i7-1250U RAM 16G SSD 512G Màn 13,4 Inch FHD+ ( Bảo Hành 3 đến 12 Tháng )",https://www.lazada.vn/products/pdp-i2476068835.html,20.500.000 ₫,,
[NHẬP ITL3M0 GIẢM 12%] Laptop HP 14-ep1007TU - 9Z2W1PA (Core 7 150U/RAM 16GB/Onboard/512GB SSD/ Windows 11) - Bảo hành 12 tháng,https://www.lazada.vn/products/pdp-i2877968858.html,20.590.000 ₫,,
Laptop Gaming Lenovo Legion 5i Pro - Core i7-12700H RAM 16G SSD 512G RTX 3060 6GB Màn 16 Inch 2K QHD 165Hz ( Bảo Hành 3 đến 12 Tháng ),https://www.lazada.vn/products/pdp-i2433590816.html,25.500.000 ₫,,
DELL PRECISION 7730 CORE I7 8850H RAM 32GB SSD 512GB 17.3INCH FHD VGA P4200 8GB,https://www.lazada.vn/products/pdp-i2489519299.html,13.110.000 ₫,5.0,
"Microsoft Surface Laptop 5 2022 | Intel Evo Core i7-1255U | Ram 16GB | 512GB SSD | 15"" inch 2K Touch Screen",https://www.lazada.vn/products/pdp-i2507152812.html,19.250.000 ₫,,
[Trả góp 0%]Asus X453M intel N3050 Ram 4GB HOẶC 8GB SSD 128GB 14INCH GIÁ RẺ,https://www.lazada.vn/products/pdp-i439526204.html,2.500.000 ₫,4.0,25 Đã bán
Surface Laptop Studio - i7-11370H RAM 16G SSD 512G VGA RTX 3050Ti Màn 14 Inch QHD Touch 120Hz ( Bảo Hành 3 đến 12 Tháng ),https://www.lazada.vn/products/pdp-i2472491814.html,18.500.000 ₫,,
DELL LATITUDE E7440 CORE I5 4310U RAM 8G SSD 256G 14INCH MỎNG NHẸ,https://www.lazada.vn/products/pdp-i2709752549.html,3.500.000 ₫,5.0,15 Đã bán
"Vivobook Pro 14 OLED, tặng Office Professional Plus 2019 trị giá 1tr5",https://www.lazada.vn/products/pdp-i1828947929.html,14.690.000 ₫,,
"Laptop Dell inspiron 14 Plus 7430, Core i7-13620H, Ram16GB, SSD 512GB, màn hình 14inch 2.5K tần số quét 90Hz cực mượt mà, laptop văn phòng mới fullbox",https://www.lazada.vn/products/pdp-i2617064562.html,21.500.000 ₫,,
"Galaxy Book Flex2 Alpha, 13"", 256GB, Royal Silver, tặng thêm Offline Professional Plus 2019 trị giá 1tr5",https://www.lazada.vn/products/pdp-i1540846121.html,14.990.000 ₫,,
"Laptop Microsoft Surface Pro 7 Plus chính hãng Nhập Khẩu Mỹ | Intel Core i5, i7-1135G7 | Kèm phím Chính hãng , tặng kèm sạc | Playmobile",https://www.lazada.vn/products/pdp-i2470809428.html,11.590.000 ₫,,
"VĂN PHÒNG,GIẢI TRÍ, HỌC TẬP - LENOVO THINKPAD T420 CORE I5 2520M RAM 8GB SSD 256GB 14INCH GIÁ RẺ",https://www.lazada.vn/products/pdp-i2416918990.html,2.900.000 ₫,5.0,
"Laptop Asus VivoBook 16Pro K6602Z Core i7-117000H, 16gb ram, 1tb SSD, vga Nvidia RTX3050TI, màn 16” Full HD IPS",https://www.lazada.vn/products/pdp-i2289181109.html,12.600.000 ₫,,
"Laptop Gaming Lenovo Legion 5 2023 AMD - Ryzen 7-7735H RAM 16G SSD 512G RTX 4060 8GB Màn 15,6 Inch QHD 165Hz ( Bảo Hành 3 đến 12 Tháng )",https://www.lazada.vn/products/pdp-i2471375747.html,24.800.000 ₫,,
Dell Precision 7550 l Xeon W-10885M l RAM 32GB l SSD 256GB l RTX 3000 l 15' FHD,https://www.lazada.vn/products/pdp-i2680625025.html,18.000.000 ₫,,
"Laptop Gaming Lenovo Legion 5 AMD - Ryzen 7-6800H RAM 16G SSD 512G RTX 3060 6GB Màn 15,6 Inch FHD 165Hz ( Bảo Hành 3 đến 12 Tháng )",https://www.lazada.vn/products/pdp-i2433760059.html,22.500.000 ₫,,
Hp envy X360 16 inch,https://www.lazada.vn/products/pdp-i3185135174.html,17.000.000 ₫,,
(HÀNG MỚI VỀ) Acer Nitro 5 Gaming AN515 57 54MV i5 11400H/8GB/512GB/4GB RTX3050/144Hz/Win11,https://www.lazada.vn/products/pdp-i2079199275.html,16.500.000 ₫,,
"Laptop Gaming Asus ROG Zephyrus M16 - Core i7-12700H RAM 16G SSD 512G RTX 3060 Màn 16 Inch 2,5K 165Hz ( Bảo Hành 3 đến 12 Tháng )",https://www.lazada.vn/products/pdp-i2809881577.html,22.800.000 ₫,,
Laptop Dell Latitude 3450 L3450-1335U-16512W (i5-1335U/ Onboard graphics/ 16GB/ 512GB/ Windows 11) - Bảo hành 12 tháng,https://www.lazada.vn/products/pdp-i3113543193.html,18.590.000 ₫,,
"Laptop (Gaming) MSI Summit E14EVO A12M-211VN, I7-1280P, 512GB, 16GB, Iris Xe Graphics, 14"" FHD",https://www.lazada.vn/products/pdp-i2623576139.html,26.290.000 ₫,,
"[Freeship] Laptop Acer Aspire 7 A715-42G-R1SB/ AMD R5-5500U/ RAM 8GB/ 256GB SSD/ NVIDIA GTX1650 4GB/ 15.6inch FHD 144Hz/ 3Cell/ Win 10SL/ 1Yr -MEI Tech Official- MEI21 Hàng Chính Hãng, Thiết Kế Mỏng Nhẹ, Cấu Hình Ổn Định Dùng Cho Văn Phòng, Thiết Kế Đồ Họ",https://www.lazada.vn/products/pdp-i1691293679.html,18.462.000 ₫,,
Laptop Asus ExpertBook P1 P1403CVA-i5SE08-50W (i5 13500H/ 8GB/ 512GB SSD/ 14 inch FHD/ Win11/ Grey) - Hàng Chính Hãng,https://www.lazada.vn/products/pdp-i3026740298.html,14.830.000 ₫,,
Laptop gaming HP Victus 16-s0140AX - 9Q987PA (Ryzen 7 7840HS/RAM 32GB/GeForce RTX 4050/512GB SSD/ Windows 11) - Bảo hành 12 tháng,https://www.lazada.vn/products/pdp-i2761575109.html,32.090.000 ₫,,
"[Freeship] Laptop Acer Nitro 5 AN515-45-R3SM/ Black/ AMD R5 5600H/ RAM 8GB/ 512GB SSD/GTX 1650 4GB/ 15.6 inch FHD/ WL+WC+WT/ Win 10H/ 1 Yr -MEI Tech Official- MEI13 Hàng Chính Hãng,Cấu Hình Ổn Định Dùng Cho Văn Phòng, Thiết Kế Đồ Họa, Gaming",https://www.lazada.vn/products/pdp-i1693211014.html,17.990.000 ₫,,
Laptop Gaming Asus ROG Strix G16 G614J - Core i9-13980HX RAM 16G SSD 512G RTX 4070 8GB Màn 16 Inch FHD 165Hz ( Bảo Hành 3 đến 12 Tháng ),https://www.lazada.vn/products/pdp-i2672881849.html,34.500.000 ₫,,"7 Đã bán
Hồ Chí Minh"
"Thinkpad X220 Core i5 2450M Ram 8G SSD 256G 12.5inch Cam, Míc",https://www.lazada.vn/products/pdp-i1519347791.html,2.800.000 ₫,4.0,
"Điều Khiển Từ Xa TV 4K Thông Minh (Nền Đen) – Chất Liệu ABS An Toàn, Thân Thiện Môi Trường & Bền Bỉ Cho Gia Đình!",https://www.lazada.vn/products/pdp-i2890678668.html,13.400 ₫,4.0,
LapTop Cảm Ứng Microsoft surface pro 7+ Core i5-1035G4 Ram 16gb SSD 256gb Màn touch 3k pin&gt; 4h,https://www.lazada.vn/products/pdp-i3159273392.html,15.000.000 ₫,,
"Laptop MSI Creator 16 AI Studio A1VHG 079VN (Ultra 9-185H/ 64GB/ 2TB SSD/ RTX 4080 12GB/ 16.0"" UHD+/ Win11)",https://www.lazada.vn/products/pdp-i2632526364.html,91.080.000 ₫,,
"Laptop Acer Predator Helios 300 PH315-55-71VX, Core i7-12700H, Ram 16GB, SSD512,RTX 3060 6G, 15.6inch 2.5k,165Hz Led RGB, tặng kèm bộ quà tặng cao cấp",https://www.lazada.vn/products/pdp-i2630570043.html,26.700.000 ₫,,
"Laptop 2 trong 1 kiêm máy tính bảng NEC VKF11U CPU N4100, 8gb ram, 256gb SSD, 10.1” Full HD cảm ứng đa điểm, windows 10 siêu mượt",https://www.lazada.vn/products/pdp-i1980800157.html,1.990.000 ₫,4.0,66 Đã bán
"Laptop Acer Predator Helios Neo PHN16-71-54W3, i5-13500Hx, Ram 16GB, SSD 512GB, RTX 4050 6GB, 16inch 2.5K 165Hz Led RGB, tặng kèm bộ quà tặng cao cấp",https://www.lazada.vn/products/pdp-i2633578144.html,30.100.000 ₫,,
RAZER BLADE 15 2022 I7 12800H RAM 32GB SSD 1TB RTX 3080Ti 16GB 15INCH QHD 240Hz GIÁ RẺ,https://www.lazada.vn/products/pdp-i2644029370.html,41.000.000 ₫,,
Laptop Asus TUF Gaming F16 FX607VU-RL045W (Core 5 210H/ GeForce RTX™ 4050/ 16GB/ 512GB/ Windows 11) - Bảo hành 24 tháng,https://www.lazada.vn/products/pdp-i3179385668.html,24.990.000 ₫,,
"Laptop Lenovo ThinkPad X1 Nano Gen 1, Core i7-1180G7, Ram 16GB, SSD 256GB, 13inch phân giải 2K IPS, tặng chuột không dây, tấm lót chuột, cặp laptop",https://www.lazada.vn/products/pdp-i2659878699.html,21.800.000 ₫,,
Laptop hp 8440P i5 Ram 4G hdd 500GB Nhập Khẩu Nhật giá rẻ giải trí học tập ổn,https://www.lazada.vn/products/pdp-i251083374.html,1.642.000 ₫,4.0,26 Đã bán
MSI GL73 CORE I7 8750H RAM 16G SSD 128G+1T 17.3INCH FHD VGA GTX 1050,https://www.lazada.vn/products/pdp-i2345597328.html,9.900.000 ₫,5.0,
"Laptop Asus Zenbook UX562IQ-Q507IQ/ Ryzen 7 4700U/ Ram 8GB/ SSD 256GB/ VGA MX350/ 15.6"" inch FHD",https://www.lazada.vn/products/pdp-i2262130335.html,12.305.000 ₫,,
"Laptop Gaming Acer Predator Helios 16 - Core i7-13700HX RAM 16G SSD 512G RTX 4060 8GB Màn 16 Inch 2,5K 165Hz ( Bảo Hành 3 đến 12 Tháng )",https://www.lazada.vn/products/pdp-i2802108102.html,31.000.000 ₫,,"5 Đã bán
Hồ Chí Minh"
Laptop HP Victus 16-r0298TX - AE0N5PA (i5-13500HX/ GeForce RTX™ 4060/ 16GB/ 512GB/ Windows 11) - Bảo hành 12 tháng,https://www.lazada.vn/products/pdp-i3164278725.html,27.490.000 ₫,,
"Laptop NEC LZ750 Core i7, 4gb ram, 256gb SSD, màn 13.3” 2K siêu nét, vỏ nhômg mỏng nhẹ 800gram",https://www.lazada.vn/products/pdp-i2654856124.html,2.990.000 ₫,,
Laptop Acer Nitro V 15 ProPanel ANV15-41-R7CR (Ryzen 5 7535HS/ GeForce RTX™ 4050/ 16GB/ 512GB/ Windows 11)-Bảo hành 24T,https://www.lazada.vn/products/pdp-i3183836405.html,24.490.000 ₫,,
Laptop Acer Aspire 7 A715-59G-57TU (i5-12450H/ GeForce RTX™ 3050/ 16GB/ 512GB/ Windows 11) -Bảo hành 12 tháng,https://www.lazada.vn/products/pdp-i3138576974.html,18.990.000 ₫,,
"Laptop Asus ROG Flow Z13 - Core i9-12900H RAM 16G SSD 512G VGA RTX 3050Ti Màn 13,4 Inch FHD 120Hz ( Bảo Hành 3 đến 12 Tháng )",https://www.lazada.vn/products/pdp-i2809734671.html,23.500.000 ₫,,
Laptop Razer Blade 15 Model (2020) - CORE I7 10750H / Ram 32GB/ 512GB SSD/ RTX 2060 6GB / 15.6 inch 144hz 100% SRGB,https://www.lazada.vn/products/pdp-i2255864232.html,18.700.000 ₫,,
"Laptop Dell Inspiron 16 plus 7630, Core i7-13620H, Ram 16GB, SSD 512GB, màn hình 16inch 2.5k tần số quét 120Hz 100% sRGB, mới fullbox, kèm bộ quà tặng",https://www.lazada.vn/products/pdp-i2618758350.html,21.500.000 ₫,,
DELL PRECISION 5530 CORE I7 8850H RAM 32G SSD 512G 15.6INCH FHD VGA P1000,https://www.lazada.vn/products/pdp-i2397203764.html,11.990.000 ₫,,
Laptop Asus Vivobook S 14 S3407CA-LY096WS (Ultra 7-255H/ Onboard graphics/ 16GB/ 512GB/ Windows 11 + Office + Microsoft) - Bảo hành 24 tháng,https://www.lazada.vn/products/pdp-i3206780941.html,24.590.000 ₫,,
Laptop Gaming Asus ROG Strix G15 G513RC-HN090W Ryzen™ 7-6800H - Hàng Chính Hãng,https://www.lazada.vn/products/pdp-i2060632407.html,31.990.000 ₫,,
Laptop Msi Katana 15 B13UDXK-2410VN (Core i5-13420H/ GeForce RTX™ 3050/ 16GB/ 512GB/ Windows 11) - Bảo hành 24 tháng,https://www.lazada.vn/products/pdp-i3195734276.html,19.990.000 ₫,,
Laptop Samsung Galaxy Book S 13.3 inch Bản Lắp sim LTE Fullbox || Ram 8GB SSD 256GB Siêu Mỏng - Hàng hiếm chỉ có Tại Playmobile,https://www.lazada.vn/products/pdp-i1414681402.html,12.490.000 ₫,5.0,29 Đã bán
"[Freeship] Laptop Gaming MSI Bravo 15 B5DD 276VN/ AMD Ryzen 5-5600H/ RAM 8GB/ 512GB SSD/ AMD RX 5500M 4GB GDDR6/ 15.6inch FHD/ Win 11/ 1Yr -MEI Tech Official- MEI18 Hàng Chính Hãng, Thiết Kế Mỏng Nhẹ, Cấu Hình Ổn Định Dùng Cho Văn Phòng, Thiết Kế Đồ Họa,",https://www.lazada.vn/products/pdp-i1691403193.html,19.977.600 ₫,,
DELL XPS 9365 CORE I7 -7Y75 RAM 16G SSD 512G 13.3INCH FHD TOUCH 360,https://www.lazada.vn/products/pdp-i2440636093.html,9.800.000 ₫,5.0,8 Đã bán
"Laptop Lenovo ThinkPad P1 Gen 4 - Core i7-11800H RAM 16G SSD 512G VGA Quadro T1200 Màn 15,6 Inch FHD IPS ( Bảo Hành 3 đến 12 Tháng )",https://www.lazada.vn/products/pdp-i2458770170.html,27.300.000 ₫,,
GAMING ACER EAGLE CORE I5 11400H RAM 16G SSD 512G 15.6INCH 144HZ GTX 3050,https://www.lazada.vn/products/pdp-i2989446038.html,14.500.000 ₫,,
Laptop Gaming Asus ROG Zephyrus M16 - Core i7-11800H RAM 16G SSD 512G RTX 3050Ti Màn 16 Inch FHD 144Hz ( Bảo Hành 3 đến 12 Tháng ),https://www.lazada.vn/products/pdp-i2471402768.html,19.800.000 ₫,,
"Laptop Asus Zenbook 14 Q415MA, Core Ultra 5 125H, Ram 8GB, SSD 512GB, 14inch Full HD OLED cao cấp, tặng chuột không dây, lót chuột, cặp laptop xịn",https://www.lazada.vn/products/pdp-i2655148027.html,18.500.000 ₫,,
láptop lenovo,https://www.lazada.vn/products/pdp-i2040858798.html,18.000.000 ₫,5.0,
Dell Precision 5760 i7-11850H l RAM 32GB l SSD 512GB l RTX A3000 6G l 17' 4K UHD,https://www.lazada.vn/products/pdp-i2680511892.html,27.500.000 ₫,,
Laptop Asus TUF Gaming F16 FX608JMR-RV048W (i7-14650HX/ GeForce RTX 5060/ 16GB/ 1TB/ Windows 11) - Bảo hành 24 tháng,https://www.lazada.vn/products/pdp-i3179819371.html,35.990.000 ₫,,
"Laptop Dell XPS 9700 - Core i7-10750H RAM 16G SSD 512G VGA RTX 2060 Màn 17,3 Inch FHD IPS ( Bảo Hành 3 đến 12 Tháng )",https://www.lazada.vn/products/pdp-i2436312858.html,25.300.000 ₫,,
DELL PRECISION 7720 CORE I7 6820HQ Ram 32G SSD 512G +1T 17.3INCH FHD VGA M1200 4GB,https://www.lazada.vn/products/pdp-i2463189942.html,10.500.000 ₫,5.0,10 Đã bán
"Laptop Acer Nitro 16 AN16-51-525E, Core i5-13500H, Ram 16GB, SSD 512GB, RTX 4050 6GB, màn hình 16inch FHD+ 165Hz Led RGB, tặng kèm bộ quà tặng cao cấp",https://www.lazada.vn/products/pdp-i2630477807.html,26.700.000 ₫,,
"Alienware X14 i7-12700H, RAM 16GB, SSD 512GB, VGA RTX 3050 4G, 14' FHD",https://www.lazada.vn/products/pdp-i2680517903.html,22.900.000 ₫,,
"Alienware M15 R6 i7-11800H, RAM 16GB, SSD 512GB, VGA RTX 3050 Ti 4G, 15' FHD Full Box",https://www.lazada.vn/products/pdp-i2680652169.html,20.500.000 ₫,,
Laptop MSI Thin 15 B12UCX 1419VN (i5-12450H | 8GB RAM | 512GB SSD | RTX 2050 4GB | 15.6 inch FHD 144Hz | Win 11),https://www.lazada.vn/products/pdp-i2632324444.html,19.090.000 ₫,,
LAPTOP xách tay giá rẻ SURFACE BOOK 3 Core i7-1065G7 RAM 32GB SSD 1TB CARD 1660 TI,https://www.lazada.vn/products/pdp-i3159463462.html,18.000.000 ₫,,"7 Đã bán
Hà Nội"
"Thanh lý Laptop Toshiba Satellite C800, Pentum R, Màn 15 inh, ram 2GB. Giá bán 1 Triệu",https://www.lazada.vn/products/pdp-i2755919479.html,1.100.000 ₫,,
Laptop xách tay Nhật Bản giá rẻ DELL precision 3541 I7-9750H RAM 16 SSD 512,https://www.lazada.vn/products/pdp-i2964851870.html,22.080.000 ₫,,
"Laptop Lenovo Legion Pro 5 Y9000P (2024), Core i9-14900Hx, Ram 16GB, SSD 1TB, RTX 4060 8GB, màn hình 16inch, độ phân giải 2.5k, tần số quét 240Hz",https://www.lazada.vn/products/pdp-i2630033028.html,39.800.000 ₫,,"19 Đã bán
Hà Nội"
*Lagihitech* Ram Laptop DDR4 4GB 8GB 16GB 32GB Bus 2133/2400/2666/3200 Mhz Bảo hành 3 năm 1 đổi 1 - Chính Hãng Samsung Hynix Micron Crucial,https://www.lazada.vn/products/pdp-i433718314.html,780.000 ₫,5.0,
"Thanh lý Laptop Lenovo, core 2 duo, ram 2G, Giá bán 1,5 triệu.",https://www.lazada.vn/products/pdp-i2296912043.html,1.000.000 ₫,1.5,
"Laptop Dell XPS 9530 - Core i9-13900H RAM 16G SSD 512G VGA RTX 4070 Màn 15,6 Inch 3,5K OLED Touch ( Bảo Hành 3 đến 12 Tháng )",https://www.lazada.vn/products/pdp-i2809880721.html,43.000.000 ₫,,"5 Đã bán
Hồ Chí Minh"
LAPTOP xách tay giá rẻ SURFACE BOOK 3 Core i7-1065G7 RAM 32GB SSD 1TB CARD 1660 TI,https://www.lazada.vn/products/pdp-i2646720344.html,30.000.000 ₫,,"9 Đã bán
Hà Nội"
"Laptop Lenovo Legion Slim 5 Y7000P (2024), Core i7-14650Hx, Ram 16BG, SSD 1TB, 16inch 2.5K tần số quét 165Hz,RTX 4050 6G, tặng kèm bộ quà tặng cao cấp",https://www.lazada.vn/products/pdp-i2635928956.html,33.500.000 ₫,,"13 Đã bán
Hà Nội"
Laptop Lenovo Yoga Slim 7 Pro Ryzen 7-5800H l RAM 16G l SSD 1TB Màn 14' 2.8K NEW 100% Fullbox,https://www.lazada.vn/products/pdp-i2680498393.html,22.500.000 ₫,,
LAPTOP Giá Rẻ DELL latitude 5410 i5 10th RAM 8GB SSD 256GB,https://www.lazada.vn/products/pdp-i3159421688.html,9.400.000 ₫,,
Laptop giá rẻ HP Elitebook 840 G5 Core i5- 7300U RAM 16GB SSD 256GB 14 inches Full HD Pin90%,https://www.lazada.vn/products/pdp-i2241083677.html,7.200.000 ₫,,"5 Đã bán
Hà Nội"
[Freeship] Laptop ACER ASPIRE A514-54-59QK (NX.A2ASV.008)/ Vàng/ Intel core i5-1135G7/ RAM 8GB/ 512GB SSD/ 14inch FHD/ 3Cell/ Win 11SL/ 1Yr - MEI220 - Bảo hành chính hãng 12 tháng,https://www.lazada.vn/products/pdp-i1720703467.html,21.956.400 ₫,,
Laptop ACER Swift Lite 14 AI SFL14-51M-56HS (Ultra 5-125U/RAM 16GB/Onboard/512GB SSD/ Windows 11) - Bảo hành 12 tháng,https://www.lazada.vn/products/pdp-i2873538363.html,18.490.000 ₫,,
[Trả góp 0%]Dell Latitude E6420 Core i5 2520M Ram 8GB SSD 256GB 14inch GIÁ RẺ,https://www.lazada.vn/products/pdp-i440070944.html,2.800.000 ₫,3.0,8 Đã bán
"Laptop MSI Katana GF76 cấu hình khủng, Core i7-11800H, Ram 16GB, SSD 512GB, màn hình 17.3inch Fulll HD, VGA RTX 3060, tặng kèm bộ quà tặng cao cấp",https://www.lazada.vn/products/pdp-i2605752178.html,18.800.000 ₫,5.0,6 Đã bán
"Galaxy Book Pro 13.3"" AMOLED, tặng thêm Offline Professional Plus 2019 trị giá 1tr5",https://www.lazada.vn/products/pdp-i1205799124.html,15.790.000 ₫,5.0,
"Laptop HP Gamming Victus 15, Core i5-13420H, Ram 8GB, SSD 512GB, RTX 3050 6G, 15.6inch Full HD 144Hz, laptop gaming new seal kèm bộ quà tặng cao cấp",https://www.lazada.vn/products/pdp-i2655568674.html,19.700.000 ₫,,
Asus ROG Zephyrus M16 i7-11800H l RAM 16GB l SSD 512GB l RTX 3050 Ti l 16' FHD 144Hz,https://www.lazada.vn/products/pdp-i2680529929.html,19.900.000 ₫,,
ACER GAMING NITRO 5 CORE I5 11400H RAM 16G SSD 512G 15.6INCH FHD IPS 144HZ VGA GTX 1650,https://www.lazada.vn/products/pdp-i2521466656.html,12.800.000 ₫,5.0,
"Laptop Dell Gaming G15 5511 mẫu cao cấp, cấu hình cao Core i5, Ram 16gb, ổ cứng SSD 512gb, RTX 3050, màn 15.6 FHD, tần số quét 120hz siêu mượt",https://www.lazada.vn/products/pdp-i2479617663.html,17.300.000 ₫,5.0,34 Đã bán
"Laptop Lenovo ThinkPad X12 Detachable - Core i7-1160G7 RAM 16G SSD 512G Màn 12,5 Inch FHD+ Touch ( Bảo Hành 3 đến 12 Tháng )",https://www.lazada.vn/products/pdp-i2461941933.html,18.700.000 ₫,,
Laptop mini Lenovo YB1-X91 lai máy tính bảng siêu siêu mỏng nhẹ cảm ứng mượt mà cho người hay di chuyển,https://www.lazada.vn/products/pdp-i2665171875.html,3.170.000 ₫,,
"Laptop Gaming Dell Alienware M17, Core i7-9750H, Ram 16GB, ổ SSD 256GB, màn hình 17.3inch Full HD, VGA GTX 1660Ti 6G, tặng kèm bộ quà tặng cao cấp",https://www.lazada.vn/products/pdp-i2608711327.html,18.000.000 ₫,5.0,5 Đã bán
HP ZBOOK 17 G5 CORE I7 8850H RAM 16G SSD 512G 17.3INCH FHD ĐÈN PHÍM,https://www.lazada.vn/products/pdp-i3084101008.html,10.900.000 ₫,5.0,
Laptop Asus Vivobook 16X K3605VC-RP491W (Core i7-13620H/ RTX 3050 4GB/16GB/ 512GB/ Windows 11) - Bảo hành 24 tháng,https://www.lazada.vn/products/pdp-i3207412920.html,20.390.000 ₫,,
Razer Blade Advance 15 l i7-9750H l RAM 16GB l SSD 1TB l VGA RTX 2070 8G l 15' FHD IPS 240Hz,https://www.lazada.vn/products/pdp-i2680642236.html,23.500.000 ₫,,
"Laptop Gaming MSI Bravo 15 C7VFK-275VN (Ryzen 7 7735HS, RTX 4060 8GB, Ram 16GB DDR5, SSD 512GB, 15.6 Inch IPS 144Hz FHD)",https://www.lazada.vn/products/pdp-i2618879567.html,30.750.000 ₫,,
Laptop Asus Zenbook 14 UX3402ZA-KM220W (AQUA CELADON)- Hàng Chính Hãng,https://www.lazada.vn/products/pdp-i2056501009.html,26.990.000 ₫,,
"Laptop Asus ROG Flow Z13 - Core i5-12500H RAM 16G SSD 512G Màn 13,4 Inch FHD 120Hz",https://www.lazada.vn/products/pdp-i2494185182.html,22.700.000 ₫,,
"HP ENVY 13 x360, tặng thêm Offline Professional Plus 2019 trị giá 1tr5",https://www.lazada.vn/products/pdp-i1205623457.html,15.690.000 ₫,5.0,
Laptop Gaming Asus ROG Zephyrus G14 - Ryzen 7-6800HS RAM 16G SSD 512G RX 6700S Màn 14 Inch FHD 144Hz ( Bảo Hành 3 đến 12 Tháng ),https://www.lazada.vn/products/pdp-i2809919069.html,22.800.000 ₫,,
Laptop DELL Precision 5550 Core i7-10750H l RAM 16G l SSD 512G l T2000 4G l Màn 15' FHD [ BẢO HÀNH 3 - 12 THÁNG ] Đẹp 99%,https://www.lazada.vn/products/pdp-i2115689026.html,20.500.000 ₫,,
"Laptop Dell Inspiron 16 plus 7630, Core i7-13620H, Ram 16GB,SSD 512GB, màn hình 16inch phân giải 2.5k - 120Hz, 100% SRGB, tặng kèm bộ quà tặng cao cấp",https://www.lazada.vn/products/pdp-i2611372489.html,24.500.000 ₫,,
Dell Latitude 6430u I7-3687U / RAM 8GB / SSD 256GB / 14 INCH FULL BOX BẢO HÀNH 12 THÁNG,https://www.lazada.vn/products/pdp-i266932831.html,2.300.000 ₫,3.0,10 Đã bán
"Laptop Lenovo ThinkPad X1 Carbon Gen 10, i7-1270P, Ram 32GB, SSD 512GB, 14inch độ phân giải 2.2k, tặng chuột không dây, tấm lót chuột, cặp laptop",https://www.lazada.vn/products/pdp-i2650389995.html,24.900.000 ₫,,
"Laptop Thinkpad P1 Gen 4 i7-11800H, RAM 32GB, SSD 1TB, VGA T1200 4G, 15' 4K [ BẢO HÀNH 3 - 12 THÁNG ] HÀNG CHUẨN ĐẸP",https://www.lazada.vn/products/pdp-i2372610433.html,24.900.000 ₫,,
Laptop Acer Gaming Nitro V ProPanel ANV15-52-72BM (i7-13620H/ GeForce RTX™ 5050/ 16GB/ 512GB/ Windows 11) -Bảo hành 24T,https://www.lazada.vn/products/pdp-i3180567027.html,30.990.000 ₫,,
hp 8440P i5 Ram 6G hdd 1000GB Nhập Khẩu Nhật giá rẻ siêu bền 12 tháng bảo hành,https://www.lazada.vn/products/pdp-i251076602.html,1.571.000 ₫,4.0,14 Đã bán
"Laptop MSI Katana 15 B13VEK-252VN i7-13620H | 8GB | 512GB | RTX™ 4050 6GB | 15.6"" - Hàng Chính Hãng",https://www.lazada.vn/products/pdp-i2625095514.html,29.670.000 ₫,,
"Túi đựng máy tính xách tay có thể đảo ngược Túi đựng máy tính xách tay bằng da màu đen đỏ 10 ""11"" 12 ""13"" 14 ""15"" Túi máy tính xách tay",https://www.lazada.vn/products/pdp-i2492378348.html,7.000 ₫,4.0,
Laptop Màu Xanh LEAPFROG 80-19150,https://www.lazada.vn/products/pdp-i367132311.html,1.089.000 ₫,4.0,205 Đã bán
Laptop MSI Raider 18 HX A14VHG New | Intel Core I9-14900HX | 2TB SSD | RTX 4080 | 18 Inch UHD+ 120Hz | Win 11 Home | Black,https://www.lazada.vn/products/pdp-i2630056155.html,98.440.000 ₫,,"17 Đã bán
Hồ Chí Minh"
Laptop Asus TUF Gaming A14 FA401KM-RG010WS (Ryzen AI 7 350/ RTX 5060 8GB/32GB/ 1TB/ Windows 11 + Office + Microsoft) - Bảo hành 24 tháng,https://www.lazada.vn/products/pdp-i3210888414.html,42.190.000 ₫,,
*Lagihitech* Ram Laptop DDR4 4GB 8GB 16GB 32GB Bus 2133/2400/2666/3200 Mhz Bảo hành 3 năm 1 đổi 1 - Chính Hãng Samsung Hynix Micron Crucial,https://www.lazada.vn/products/pdp-i2080974362.html,780.000 ₫,4.0,556 Đã bán
"Laptop Acer Gaming Nitro 5 AN515-58, Core i7-12650H, Ram 16GB, SSD 512GB, màn hình 15.6inch FullHD 165Hz,VGA RTX 4060 8G, tặng kèm bộ quà tặng cao cấp",https://www.lazada.vn/products/pdp-i2607031153.html,24.000.000 ₫,5.0,10 Đã bán
Apple Macbook Pro 16 inch chip M3 Pro 12C CPU /18C GPU 36GB/512GB SSD,https://www.lazada.vn/products/pdp-i2616290887.html,80.200.000 ₫,,"10 Đã bán
Hồ Chí Minh"
"Laptop Lenovo Legion 5 15ARP8, Ryzen 7-7735HS, Ram 16GB, SSD512GB, RTX 4060, 15.6inch 2K+ 165Hz, laptop gaming cấu hình cao cân mọi tựa game",https://www.lazada.vn/products/pdp-i2655727653.html,28.800.000 ₫,,"6 Đã bán
Hà Nội"
"Laptop Gaming Dell G15 5510 cấu hình cực mạnh, core i7, Ram 16gb, ổ cứng SSD 512gb, RTX 3060, màn hình 15.6inch FHD cao cấp, tặng kèm bộ quà tặng",https://www.lazada.vn/products/pdp-i2479596564.html,19.600.000 ₫,5.0,35 Đã bán
Microsoft Surface Laptop 6 / Intel® Core Ultra 7 165H/RAM 16GB/SSD 512GB 15inch - Hàng Chính Hãng - BH 1 Năm - Có Xuất VAT,https://www.lazada.vn/products/pdp-i2924306695.html,35.000.000 ₫,,
"Laptop Dell Precision 5560 | Intel Core i7 - 11800H | Ram 16GB | SSD 512GB | NVIDIA T1200 4GB | 15.6"" UltraSharp FHD+, 1920x1200,AG,NT, w/Prem Panel Guar, 100% sRGB, Low BL w/ IR Cam",https://www.lazada.vn/products/pdp-i2280700238.html,20.350.000 ₫,,
Laptop HP Victus 16-s0140AX - 9Q987PA (AMD Ryzen 7 7840HS) (Đen) - Bảo hành 12 tháng,https://www.lazada.vn/products/pdp-i3013970093.html,31.590.000 ₫,,
"Laptop LG gram Style 16'', Windows 11 Home Plus, Intel i5 Gen 13, tốc độ xử lý 120Hz, màn hình OLED, 16Z90RS-G.AH54A5 - Hàng Chính Hãng",https://www.lazada.vn/products/pdp-i2650763455.html,37.950.000 ₫,,
Laptop Asus Vivobook Pro 14X OLED M7400QC-KM013W R5 5600H - Hàng Chính Hãng,https://www.lazada.vn/products/pdp-i2056359109.html,27.990.000 ₫,,
Laptop Asus Vivobook 14 OLED A1405VA-KM257W (Intel Core i5-13500H | 16GB | 512GB | Intel Iris Xe | 14 inch 2.8K OLED) - Hàng Chính Hãng,https://www.lazada.vn/products/pdp-i3052830174.html,21.990.000 ₫,,
Laptop HP Victus 16-r0298TX - AE0N5PA (i5-13500HX/ GeForce RTX 4060/ 16GB/ 512GB/ Windows 11) - Bảo hành 12 tháng,https://www.lazada.vn/products/pdp-i3164210596.html,31.839.000 ₫,,
Laptop MSI Cyborg 15 A13VFK 876VN (Intel Core i7-13620H | 16GB | 512GB | RTX 4060 | 15.6 inch FHD 144Hz | Win11 | Đen),https://www.lazada.vn/products/pdp-i2631407241.html,31.740.000 ₫,,
Asus ROG Strix G15 G513 Ryzen 9-5900HX l RAM 32GB l SSD 512GB l AMD RX 6800M 12GB l 15' FHD 300Hz,https://www.lazada.vn/products/pdp-i2680573574.html,23.500.000 ₫,,
Laptop ASUS Gaming TUF Dash F15 FX517ZE-HN045W i5-12450H - Hàng Chính Hãng,https://www.lazada.vn/products/pdp-i2056746452.html,29.990.000 ₫,,
Dell XPS 13 Plus 9320 Mẫu 2023 i7-1360P RAM 16GB SSD 1TB 13 inch FHD+ New,https://www.lazada.vn/products/pdp-i2680511917.html,27.400.000 ₫,,
"Laptop HP EliteBook 6 G1i 14 inch AI PC (BQ9N4PT) - Core Ultra 7 255H| 16GB| 512GB| 14""| Win 11",https://www.lazada.vn/products/pdp-i3188868986.html,36.000.000 ₫,,
Laptop ASUS TUF Gaming F15 FX507ZC-HN124W i7-12700H - Hàng Chính Hãng,https://www.lazada.vn/products/pdp-i2056757233.html,32.490.000 ₫,,
MSI KATANA GF66 CORE I7 11800H RAM 16GB SSD 512GB 15.6INCH 144HZ VGA RTX 3050,https://www.lazada.vn/products/pdp-i2362230164.html,16.800.000 ₫,5.0,9 Đã bán
Laptop Gaming Lenovo Legion Slim 7 2022 - Core i7-12700H RAM 16G SSD 512G RTX 3060 6GB Màn 16 Inch 2K QHD 165Hz ( Bảo Hành 3 đến 12 Tháng ),https://www.lazada.vn/products/pdp-i2433715378.html,26.800.000 ₫,,
"Laptop Dell XPS 15 9510 |Intel Core i7-11800H | Ram 16GB | 1TB SSD | RTX 3050Ti 4G | 15.6"" Oled 3,5K",https://www.lazada.vn/products/pdp-i2644425265.html,24.200.000 ₫,,
"Dell Precision 5570 Core i9-12900H l Ram 32GB l SSD 1TB l VGA A2000 8GB Màn 15"" FHD",https://www.lazada.vn/products/pdp-i2680583648.html,28.900.000 ₫,,
Surface Laptop 7 13.8 inch Platinum Snapdragon X Plus Ram 16GB SSD 256GB,https://www.lazada.vn/products/pdp-i2706419402.html,35.490.000 ₫,,
Asus ROG Strix G16 i9-13980HX RAM 16GB SSD 512GB VGA 4070 8GB 16'' inch FHD 165Hz,https://www.lazada.vn/products/pdp-i2680503582.html,34.500.000 ₫,,
"Laptop Razer Blade 15 Advanced model ( Mid 2021) RZ09-0409 | I9 - 11900H | Ram 32GB | SSD 2TB | RTX 3080 ( 8GB ) 15,6"" 4",https://www.lazada.vn/products/pdp-i2359261114.html,38.500.000 ₫,,"11 Đã bán
Hồ Chí Minh"
Laptop MSI Gaming Sword 16 HX B14VEKG-039VN (i7 14700HX/16GB/1TB/6GB RTX4050/144Hz/Win11) - Hàng Chính Hãng,https://www.lazada.vn/products/pdp-i2630278093.html,37.030.000 ₫,,
Laptop Asus TUF Gaming F16 FX608JMR-RV048W (i7-14650HX/ GeForce RTX 5060/ 16GB/ 1TB/ Windows 11) - Bảo hành 24 tháng,https://www.lazada.vn/products/pdp-i3179794629.html,35.990.000 ₫,,
Laptop MSI Katana 15 B13VGK-1211VN (Intel Core i7-13620H | 16GB | 1TB SSD | RTX 4070 | 15.6 inch FHD 144Hz | Win 11),https://www.lazada.vn/products/pdp-i2631327171.html,44.390.000 ₫,,"8 Đã bán
Hồ Chí Minh"
"[Freeship] Laptop HP Probook 450 G8 (51X27PA)/ Bạc/ Intel Core i5-1135G7/ RAM 8GB/ 256GB SSD/ Intel Iris Xe Graphics/ 15.6inch FHD/ 3Cell/ Win 10SL/ 1Yr -MEI Tech Official- MEI39 Chính Hãng, Giá Tốt, Mỏng Nhẹ Cho Văn Phòng",https://www.lazada.vn/products/pdp-i1690406804.html,26.986.500 ₫,,
Laptop ASUS TUF Gaming A15 FA507RC-HN051W (R7-6800H | 8GB | 512GB | GeForce RTX™ 3050 4GB)- Hàng Chính Hãng,https://www.lazada.vn/products/pdp-i2255059549.html,31.118.000 ₫,,
Laptop Asus Vivobook S16 S3607CA-SH083WS (Ultra 7-255H/ Intel Arc 16GB/ 512GB/ Windows 11 + Office + Microsoft) - Bảo hành 24 tháng,https://www.lazada.vn/products/pdp-i3223664023.html,25.390.000 ₫,,
"Acer Predator Helios Neo PHN16-72-93Q8, Core i9-14900Hx, Ram 16GB,SSD 1TB,RTX 4060,16inch 2.5k 180Hz",https://www.lazada.vn/products/pdp-i2951228003.html,37.250.000 ₫,,"6 Đã bán
Hà Nội"
"Samsung Galaxy Book 4, Core 7, Ram 16GB, SSD 512GB, 15.6inch FHD Amoled, newseal cao cấp, tặng kèm bộ quà tặng cao cấp",https://www.lazada.vn/products/pdp-i2655016191.html,23.900.000 ₫,,
LG Gram Style 16 2023 | i7-1360P | RAM 16GB | SSD 1TB | 16' 3K OLED 120Ghz,https://www.lazada.vn/products/pdp-i2680701013.html,28.500.000 ₫,,
Surface Pro 9 - i7-1255U RAM 16G SSD 256G Màn 13 Inch QHD Touch 120Hz ( Bảo Hành 3 đến 12 Tháng ),https://www.lazada.vn/products/pdp-i2472543614.html,22.000.000 ₫,,"5 Đã bán
Hồ Chí Minh"
"[Freeship] Laptop Lenovo Yoga Slim 7 14ITL05 14inch FHD (82A3004FVN)/ Dark Moss/ Core i7-1165G7/ RAM 8GB DDR4/ 512GB SSD/ 4 Cell/ Win 10H/ 2 Years -MEI Tech Official- MEI116 Hàng Chính Hãng, Mỏng Nhẹ, Cấu Hình Ổn Định Dùng Cho Văn Phòng, Thiết Kế",https://www.lazada.vn/products/pdp-i1555176671.html,33.218.400 ₫,,
[HCM] Decal Dán Laptop Vân Carbon Den - Gold - Bạc Cắt Sẵn Chỉ Tháo Dán,https://www.lazada.vn/products/pdp-i2624383706.html,135.000 ₫,5.0,22 Đã bán
"Loa vi tính 2.0 để bàn Leerfei E-350T Dùng Cho Máy Vi Tính PC, Laptop, Tivih (Màu Đen)",https://www.lazada.vn/products/pdp-i1730772394.html,75.000 ₫,4.0,177 Đã bán
Bán Xác Laptop Sony. Giá bán 400k.,https://www.lazada.vn/products/pdp-i2345983179.html,400.000 ₫,4.0,10 Đã bán
Bàn Phím Bluetooth Không Dây Mini 10 Inch Bàn Phím Kèm Chuột Cho Điện Thoại Ipad Máy Tính Laptop,https://www.lazada.vn/products/pdp-i2385708037.html,59.000 ₫,4.0,861 Đã bán
"Thảm bàn PU Mouse Pad hai mặt, Kích thước: 60 x 30cm",https://www.lazada.vn/products/pdp-i2518438457.html,10.000 ₫,4.0,
"SSD SATA 60gb / 120gb / 128gb / 256gb / 240gb / 250gb .2.5inch dùng cho Laptop,.. PC,...Desktop",https://www.lazada.vn/products/pdp-i3152818823.html,220.000 ₫,5.0,20 Đã bán
"Loa Máy Tính E350T Dùng Cho Máy Tính Bàn, PC, Laptop, Âm Thanh 4D Chất Lượng Tốt",https://www.lazada.vn/products/pdp-i3070471044.html,85.000 ₫,5.0,31 Đã bán
Phong Cách Vintage Unisex Nylon Túi Đeo Ngang 15X20Cm Ví Đeo Vai Thời Trang Thể Thao & Dạo Phố Tinh,https://www.lazada.vn/products/pdp-i2518149764.html,23.000 ₫,4.0,
Túi đựng chăn mền / Quần áo sức chứa lớn có tay cầm tiện dụng cho gia đình,https://www.lazada.vn/products/pdp-i2521323246.html,18.100 ₫,5.0,
"Bán Xác Laptop Acer 4349, không lên hình. Giá bán 400k",https://www.lazada.vn/products/pdp-i2346400118.html,400.000 ₫,5.0,9 Đã bán
Laptop xách tay giá rẻ DELL LATITUDE 3510 I5-10130U RAM 8GB SSD 256GB,https://www.lazada.vn/products/pdp-i2665336389.html,8.800.000 ₫,,
Laptop Trạm Workstation HP ZBOOKSTUDIOG7 core i7 10750H ram 16gb ssd 512 15.6inch pin&gt;4h liên tục,https://www.lazada.vn/products/pdp-i3159358130.html,18.000.000 ₫,,
Intel Core Duo T7600 T7400 T7200 2.0G 4M 667 Laptop CPU Phiên Bản Chính Thức Bộ Nhớ Đệm Cấp Hai 4MB Bộ Nhớ Đệm Cấp Ba 4MB,https://www.lazada.vn/products/pdp-i3005526637.html,175.000 ₫,,"25 Đã bán
China"
"Laptop Acer Predator Triton Neo 16, Ultra7-155H, 16GB, SSD 1TB, RTX 4060 8GB, 16inch 2.5k FPS 240Hz, kèm full bộ quà tặng cao cấp",https://www.lazada.vn/products/pdp-i2666760893.html,41.200.000 ₫,,
"Laptop Gaming MSI Stealth 16 AMG Motorsport A13VG-289VN (i9-13900H, RTX 4070 | 32GB DDR5 | 2TB | 16 Inch OLED UHD+)",https://www.lazada.vn/products/pdp-i2627494086.html,85.675.000 ₫,,
"Acer Predator Helios Neo PHN16-71-92WJ, Core i9-13900Hx, Ram 16GB, SSD 1TB,RTX 4060 8GB, 16inch 2.5k, 165Hz Led RGB, tặng kèm bộ quà tặng cao cấp",https://www.lazada.vn/products/pdp-i2635217291.html,35.700.000 ₫,,
ASUS TUF GAMING FX506HCB I7 11800H RAM 8GB SSD 512GB RTX 3050 15.6INCH 144HZ,https://www.lazada.vn/products/pdp-i2078819348.html,27.000.000 ₫,,
Laptop Asus Zenbook 14 OLED UX3402VA-KM068W (Intel Core i7-1360P | 14 inch OLED WQXGA+) - Hàng Chính Hãng,https://www.lazada.vn/products/pdp-i2253228182.html,31.190.000 ₫,,
"Laptop MSI Creator Z17 HX Studio A14VFT 273VN (i7-14700HX/ 64GB/ 2TB SSD/ RTX 4060 8GB/ 17.0"" QHD+ Touch/ Win11)",https://www.lazada.vn/products/pdp-i2632659731.html,73.025.000 ₫,,
Laptop Asus Zenbook 14 UX3405CA-PZ368WS (Intel Core Ultra 7 255H | 16GB | 512GB | Intel Arc | 14 inch 3K OLED | Cảm ứng | Win 11 | Office | Xanh) - Hàng Chính Hãng,https://www.lazada.vn/products/pdp-i3163426406.html,34.490.000 ₫,,
Laptop LG Gram 360 14T90R-G.AH55A5 (i5-1340P/16GB RAM/512GB SSD/14.0 inch WUXGA cảm ứng/Win 11/Bút/Đen) Hàng Chính Hãng,https://www.lazada.vn/products/pdp-i3007507875.html,32.388.000 ₫,,
Laptop LG Gram Pro 2024 16Z90SP-K.AH75A5/Intel Core Ultra 7 155H/Ram 16GB/512GB SSD/Intel Arc Graphics/16 Inch WQXGA/Đen - Hàng Chính Hãng,https://www.lazada.vn/products/pdp-i2651307197.html,49.578.000 ₫,,"12 Đã bán
Hồ Chí Minh"
"Laptop Gaming MSI Stealth 16 AI Studio A1VGG-089VN (Ultra 9 185H, RTX 4070 , DDR5, SSD 2TB, 16 Inch IPS 240Hz QHD+)",https://www.lazada.vn/products/pdp-i2626144972.html,68.770.000 ₫,,"6 Đã bán
Hồ Chí Minh"
Laptop MSI Vector 16 HX 13VHG-NEW (Intel Core i9-13980HX | 16GB | 1TB | RTX 4080 | 16 inch FHD+ 144Hz | Win 11 | Xám),https://www.lazada.vn/products/pdp-i2626159794.html,63.480.000 ₫,,"6 Đã bán
Hồ Chí Minh"
Laptop MSI Stealth 18 AI Studio A1VHG 025VN (Intel Core Ultra 9 185H | 32GB | RTX 4080 | 18' UHD 120Hz) - Hàng Chính Hãng,https://www.lazada.vn/products/pdp-i2627997736.html,100.000.000 ₫,,"16 Đã bán
Hồ Chí Minh"
Laptop MSI Vector GP78HX 13VI 476VN (i9-13980HX | 32GB RAM | 2TB SSD | RTX 4090 16GB | 17 inch QHD+ 240Hz | Win 11),https://www.lazada.vn/products/pdp-i2626117336.html,95.220.000 ₫,,
"Laptop MSI Raider GE68 HX 14VIG 496VN (i9-14900HX/ 32GB/ 2TB SSD/ RTX 4090 16GB/ 16.0"" QHD/ Win11) - Hàng Chính Hãng",https://www.lazada.vn/products/pdp-i2628591333.html,95.220.000 ₫,,
Laptop MSI Stealth 18 AI Studio A1VGG NEW (Core Ultra 9 185H | 32GB | 2TB SSD | RTX 4070 8GB | 18 UHD+ | 120Hz | Win 11),https://www.lazada.vn/products/pdp-i2627509043.html,80.960.000 ₫,,
Laptop MSI Raider GE68 HX 13VG-048VN (i7-13700HX | 32GB | 2TB | GeForce RTX™ 4070 8GB | 16' QHD 240Hz | Win 11),https://www.lazada.vn/products/pdp-i2628570537.html,70.840.000 ₫,,
"Brand new Powerful 9Cell Genuine A1494 Laptop Apple Pro 15"" A1398 Retina Late 2013 Mid 2014 E293 ME294 Internal 11.26V 95Wh T -network preferential price Welcome to Our Store",https://www.lazada.vn/products/pdp-i2712522840.html,967.011 ₫,,
"Available New A1281 Laptop Apple Pro 15” a1281 A1286 (2008 Version), fit MB772 MB772/A MB772J/A MB772LL/A 10.8V 56WHbrand new",https://www.lazada.vn/products/pdp-i2781084458.html,551.863 ₫,,
"Brand new Powerful 11.4V 76Wh New Original A1820 Laptop Apple Pro 15"" A1707 Late 2016-2017 Year MLH32LL/A,MLH42LL/A,MPTR2LL/A T -network preferential price Welcome to Our Store",https://www.lazada.vn/products/pdp-i2712591514.html,967.011 ₫,,
"Brand new Powerful Genuine a1405 laptop notebook Apple Air 13 ""Model A1369 mid 2011 A1466 2012 7.3V 50wh MC503LL/A mc504ll/A T -network preferential price Welcome to Our Store",https://www.lazada.vn/products/pdp-i2712755019.html,675.838 ₫,,
【only work on Intel CPU】Kingston HyperX Laptop Ram DDR4 16GB 8GB 4GB 2133MHz 2400MHz 2666MHz 3200MHz SODIMM PC4-17000 PC4-19200 PC4-21300 PC4-25600 Notebook Ram 1.2V 260PINS Dual Channel,https://www.lazada.vn/products/pdp-i2944255163.html,348.000 ₫,5.0,33 Đã bán
Máy Tính Siêu Nhỏ Ultra Mini T9 PLUS - Intel thế hệ 12 Twin Lake N150 - Hỗ Trợ Xuất Hình 4K 60hz,https://www.lazada.vn/products/pdp-i2407908531.html,5.150.000 ₫,5.0,29 Đã bán
"Máy tính bảng 2 tromg 1 HP Pro X2 Core i5-7Y54, 8gb ram, 256gb SSD, màn 12inch Full HD cảm ứng vỏ nhôm sang trọng",https://www.lazada.vn/products/pdp-i2561841235.html,4.400.000 ₫,5.0,
"Microsoft Surface Book Nhập Khẩu Mỹ 13.5inch Intel Core i5,I7-6300U Ram 8G SSD 128 và 256GB + 512GB kèm phím sạc tại Playmobile",https://www.lazada.vn/products/pdp-i1495775546.html,8.190.000 ₫,5.0,25 Đã bán
Surface Pro 5-Core i5 7300U(Thế hệ 7) Ram 8GB/SSD256GB zin mỏng đẹp có ship tận nhà,https://www.lazada.vn/products/pdp-i2301411744.html,4.799.000 ₫,3.0,
"Máy tính bảng 2 trong 1 Fujitsu Q5011 N4500, 4gb ram, 128gb SSD, màn 10.1” Full HD cảm ứng hỗ trợ sim 4G hàng nhập nhật bản qua sử dụng",https://www.lazada.vn/products/pdp-i2724258297.html,3.200.000 ₫,,
"Thùng PC full led, đẹp tặng phụ kiện",https://www.lazada.vn/products/pdp-i3193083998.html,1.500.000 ₫,,
"Túi Chống Sốc , Chống Nước Bảo vệ LAPTOP Các loại 13inch , 14 inch, 15.6inch. ..... ST -001",https://www.lazada.vn/products/pdp-i2127163364.html,39.000 ₫,5.0,
"Webcam 4K 2K Livestream có Mic cho PC, Laptop, Trợ sáng cực tốt, webcam pc, cam máy tính pc, webcam usb.",https://www.lazada.vn/products/pdp-i3065765966.html,169.000 ₫,4.0,50 Đã bán
"Balo Laptop Chống Sốc 16in, Balo Du Lịch Kích Thước Lớn, Balo đi học Đi Chơi Nhiều Ngăn Tiện Lợi Thời Trang và Chắc Chắn",https://www.lazada.vn/products/pdp-i2409028209.html,155.000 ₫,4.0,854 Đã bán
[XÃ HÀNG] TÚI ĐỰNG ĐỒ NGHỀ ĐEO CHÉO 2 KHÓA,https://www.lazada.vn/products/pdp-i1600586004.html,75.000 ₫,4.0,297 Đã bán
"Balo Thời Trang, Balo đi học, đi làm, Balo laptop có ngăn đựng laptop HARAS HR262",https://www.lazada.vn/products/pdp-i444674360.html,139.000 ₫,4.0,
Túi đeo bao tử nịch bụng đa năng Shalla TDC26,https://www.lazada.vn/products/pdp-i278532275.html,72.735 ₫,4.0,593 Đã bán
"Balo Vảy Rồng Size 40 Quai To (Loại I) Vừa A4, Atlat địa lý, Laptop 14-15 Inch",https://www.lazada.vn/products/pdp-i3011539036.html,145.000 ₫,4.0,23 Đã bán
Ba lô kết hợp túi đeo chéo thời trang : ba lô ST -294 và túi đeo 1988 SHINE TORE,https://www.lazada.vn/products/pdp-i2471930444.html,99.000 ₫,4.0,324 Đã bán
"Balo Laptop nam Cao Cấp, Có Cổng Sạc USB, Có Ngăn Đựng Laptop,Balo đựng Laptop kiểu dáng hàn quốc cho học sinh nam và nữ",https://www.lazada.vn/products/pdp-i2417727228.html,109.200 ₫,4.0,30 Đã bán
"Cặp văn phòng chống sốc laptop 15""6 - 17 INCH đeo chéo đeo vai 4 kiểu phong cách mới D4 Shalla [HÌNH THẬT}",https://www.lazada.vn/products/pdp-i1792150436.html,120.570 ₫,4.0,16 Đã bán
"Máy tính bảng Fujitsu Q508 Atom X7-z8750, 4gb ram, 128gb SSD, 10.1” Full HD cảm ứng",https://www.lazada.vn/products/pdp-i2448106538.html,1.800.000 ₫,4.0,52 Đã bán
"ZDSSY Máy chiếu mini tầm ngắn, Máy chiếu di động Android 11.0 DLP, Máy chiếu HD 105 ANSI Lumens có Wifi và Bluetooth, Máy chiếu phim dùng pin sạc & Rạp chiếu phim tại nhà cho Iphone, Android, TV Stick/Laptop/PS5",https://www.lazada.vn/products/pdp-i2456636198.html,7.647.339 ₫,,
"ACEMAGIC | Máy Tính Để Bàn Mini cho Gaming, Kinh Doanh và Sử Dụng Gia Đình",https://www.lazada.vn/products/pdp-i3195548002.html,12.024.000 ₫,4.0,
Máy Tính Siêu Nhỏ Ultra Mini Morefine ZX01 Plus - Intel thế hệ 12 Alder Lake N100 - Hỗ Trợ Xuất Hình 4K 60hz,https://www.lazada.vn/products/pdp-i1924088047.html,5.200.000 ₫,5.0,65 Đã bán
"Máy tính bảng 2 trong 1 Fujitsu Stylistic R727 Core i7-7600U, 8gb ram, 256gb SSD, 12.5inch Full HD IPS cảm ứng, bàn phím tháo rời",https://www.lazada.vn/products/pdp-i2401653522.html,2.678.000 ₫,5.0,6 Đã bán
"WAVLINK Intel Certified Thunderbolt 5 Dock, 12-in-1 Hub with up to 120Gbps, MAX 140W PD, Single or Dual 6K/8K Display, 3x TB 5 Downstream USB-C 80Gbps, 4x USB-A 3.2 10Gbps, for Mac & Windows Thunderbolt 5/4, USB4 & USB-C Laptops",https://www.lazada.vn/products/pdp-i3183724668.html,7.886.279 ₫,3.2,
"Microsoft Surface Pro 5 Nhập Khẩu Mỹ |Tặng kèm phím sạc chính hãng , Core I5 ,i7 7300U 4GB/8GB ram SSD 128GB/256GB màn hình 3K Tại Playmobile",https://www.lazada.vn/products/pdp-i1223944860.html,5.990.000 ₫,4.0,33 Đã bán
"WAVLINK Universal DisplayLink Docking Station, Triple 4K USB C USB 3.0 Laptop Dock for M1 M2 M3 Mac and Windows, 15 In 1 with 3 HDMI, 2 DP, RJ45, Audio/Mic, SD/TF, 5 USB Ports, 130W AC Power Supply",https://www.lazada.vn/products/pdp-i3040246603.html,5.040.000 ₫,3.0,
"Thunderbolt 4 Quad Display Dock (15-in-1), WAVLINK 40Gbps Docking Station with 98W Laptop Charging, Single 8K@30Hz Quad 4K@60Hz, 2.5G RJ45, SD V4.0, 10Gbps USB3.1 for MacBook Pro/Air and More",https://www.lazada.vn/products/pdp-i2727773686.html,6.543.036 ₫,5.0,
"Hộp 100 tấm sticker 2D MOMO ANMILY dễ thương trang trí góc học tập, điện thoại, laptop",https://www.lazada.vn/products/pdp-i2527934772.html,10.600 ₫,5.0,
PC Gaming cấu hình cao chiến FULL GAME cpu i7 4790 ; RAM 16GB ; VGA RỜI GTX 1060 3GB; ổ cứng SSD 120GB và HDD 500GB. CAM KẾT CHÍNH HÃNG,https://www.lazada.vn/products/pdp-i264644057.html,3.341.000 ₫,5.0,76 Đã bán
Giày Thể Thao Tăng Chiều Cao Cho Nam,https://www.lazada.vn/products/pdp-i3215123808.html,5.575.000 ₫,,
"Máy chiếu mini HM400 PRO Android 11 Full HD 1080P 4K WiFi 2,4/5G Kết nối điện thoại laptop ipd Máy chiếu xem phim",https://www.lazada.vn/products/pdp-i3039046332.html,2.300.000 ₫,2.4,
COCOEPPS Dễ thương Cartoon Wallet Công suất lớn đa chức năng Vải chất lượng cao mềm và chống mài mòn,https://www.lazada.vn/products/pdp-i2544350780.html,10.600 ₫,5.0,
"Arzopa Z1C - Màn hình di động chân đế 100% sRGB 16.1 "", FHD 1080P với màn hình USB C HDMI Màn hình mở rộng cho PC, Mac, Laptop, Switch, Xbox, PS",https://www.lazada.vn/products/pdp-i3176063872.html,5.369.680 ₫,,
HP Pavilion 15 CS/ i5 8265U/ SSD 256G/ 15.6in/ Viền Mỏng/ Vỏ Nhôm/ Siêu Đẹp/ Giá rẻ,https://www.lazada.vn/products/pdp-i2759522186.html,7.900.000 ₫,,
"Arzopa Z1C - Màn hình di động chân đế 100% sRGB 16.1 "", FHD 1080P với màn hình USB C HDMI Màn hình mở rộng cho PC, Mac, Laptop, Switch, Xbox, PS",https://www.lazada.vn/products/pdp-i3175577414.html,5.369.680 ₫,,
Loa kéo karaoke công suất 800W WEIMAX K-TP415 cao cấp bass 4 tấc đơn 1 treble tặng 2 micro âm thanh sống động cực chất dễ dàng điều chỉnh âm thanh kết nối đa dạng bluetooth ghita thẻ nhớ USB laptop FM,https://www.lazada.vn/products/pdp-i2579382962.html,4.732.000 ₫,,
"WAVLINK USB 4 Laptop Docking Station, 96W PD, Single 8K or Triple 4K Display for MacBook Pro/Air Thunderbolt 4/3, USB-C/USB 4 Windows(USB 4, 2 HDMI, 5 USB, 2.5GbE, SD/TF, Audio)",https://www.lazada.vn/products/pdp-i2727889444.html,5.637.036 ₫,5.0,
"Mini PC BMAX B7A PRO – Ryzen 5 7430U – WiFi 6 – HDMI 2.1– Hỗ Trợ 8K, Nhỏ Gọn, Tiết Kiệm Điện",https://www.lazada.vn/products/pdp-i3202204954.html,5.790.000 ₫,2.1,
"Bộ bàn phím và chuột không dây Bluetooth kết nối điện thoại, máy tính bảng, laptop có thể sạc lại",https://www.lazada.vn/products/pdp-i2700267516.html,55.000 ₫,4.0,31 Đã bán
Túi Đựng Laptop Da Thật Calfskin 83 - Medici of Florence - Sản Xuất Thủ Công Tại Ý_MED83HACE452,https://www.lazada.vn/products/pdp-i3065550485.html,8.390.000 ₫,,
Màn hình laptop 15.6 Inch led mỏng UHD 4K 40 Pin (NE156QUM-N66) Dell 7548 7588 Lenovo P50 P51 Asus UX501,https://www.lazada.vn/products/pdp-i1974194771.html,3.147.500 ₫,,
"Mini PC ASUS NUC 14 Essential Intel N150 N355, Tiết Kiệm Điện, Wi-Fi 6E, 3 Màn 4K, Bảo Hành 3 Năm",https://www.lazada.vn/products/pdp-i3197433170.html,4.690.000 ₫,5.0,
Túi đeo chéo nam tặng kèm đồng hồ sang trọng/ Túi chéo nam Hàn Quốc,https://www.lazada.vn/products/pdp-i1269064134.html,59.000 ₫,4.0,
"【WAVLINK Selected】WAVLINK Thunderbolt 4 Docking Station, Single 8K, Triple 4K Display, 13 In 1 Laptop Dock for TBT 4/3 Mac & TBT 4 Windows PC, 40 Gbps with Max 96W Charging for Laptop with 2.5G RJ45",https://www.lazada.vn/products/pdp-i2727830558.html,5.767.289 ₫,3.0,10 Đã bán
[TẶNG KÈM PIN] Chuột máy tính(laptop) màu đen không dây Silent M220 bảo hành 12 tháng,https://www.lazada.vn/products/pdp-i2579730783.html,39.900 ₫,4.0,69 Đã bán
"Hub Chuyển đa năng 8 in 1 Type C sang HDMI/TF/SD/USB/RJ45 dành cho Macbook, laptop",https://www.lazada.vn/products/pdp-i3194132927.html,90.000 ₫,,
[HÌNH THẬT} ]Túi đeo chéo đeo hông 4 ngăn sắc màu mới Shalla GSR,https://www.lazada.vn/products/pdp-i1903122036.html,31.309 ₫,4.0,262 Đã bán
laptop HP Elitebook folio g1.cpu M3 6y30.ram 8G.ssd 128g.man 12.5in full HD,https://www.lazada.vn/products/pdp-i3180722453.html,4.250.000 ₫,,
"Túi đựng máy tính xách tay, túi chống sốc laptop, macbook",https://www.lazada.vn/products/pdp-i2377041754.html,195.000 ₫,5.0,110 Đã bán
"Ba lô sành điệu, balô thời trang ,balô laptop hàn quốc SHINE TORE ST284",https://www.lazada.vn/products/pdp-i1761576200.html,109.000 ₫,4.0,278 Đã bán
[Loại dày có lớp mút xốp] Balo Laptop Nam Nữ Cao Cấp Thời Trang Hàn Quốc - Ba Lô Máy Tính Nhiều Ngăn Chống Sốc Chống Gù Cổng USB,https://www.lazada.vn/products/pdp-i2018974067.html,95.000 ₫,4.0,487 Đã bán
"Túi Xách Đựng đựng tài liệu, laptop Vải Dù Chống Xước Chống Thấm Nước Hàng Cao Cấp Bag Nam Đeo Vai Balo",https://www.lazada.vn/products/pdp-i3149596833.html,119.000 ₫,4.0,21 Đã bán
Balo Ô Xanh/Nâu Size 40cm Vừa A4,https://www.lazada.vn/products/pdp-i3070408781.html,99.900 ₫,4.0,14 Đã bán
Túi đeo chéo da HOTTREN màu trơn {Da loại 1},https://www.lazada.vn/products/pdp-i1939359661.html,57.702 ₫,4.0,11 Đã bán
"Túi chống sốc laptop 13,14,15,15.6 inch 2 NGĂN - SHINE TORE ST- 002",https://www.lazada.vn/products/pdp-i2419293518.html,49.000 ₫,5.0,566 Đã bán
(HỎA TỐC)Túi đeo chéo Nam nữ đen ngang khắc ÉP caro nỗi bật DE2 {BẢO HÀNH},https://www.lazada.vn/products/pdp-i2484422895.html,46.000 ₫,5.0,37 Đã bán
Balo Laptop Thời Trang Cao Cấp HARAS HRS262,https://www.lazada.vn/products/pdp-i444680467.html,156.104 ₫,4.0,
"MIIQNUS 13,3/15 inch Túi đựng laptop Di động Da PU Túi máy tính Thiết kế hiện đại Siêu mỏng Bao đựng máy tính xách tay Học sinh",https://www.lazada.vn/products/pdp-i3192107333.html,131.666 ₫,,"5 Đã bán
China"
[20H 6/7 - 9.7 Nhập 77LAZSOCIAL80K Voucher giảm 12% đơn từ 250K tối đa 80K]Razer Rogue 16 Backpack V3 - Travel backpack with 16” laptop compartment (Balo) | Travel Carry On Computer Bag | Fits 16 inch | Tear and Water Resistant | Mesh Side Pocket,https://www.lazada.vn/products/pdp-i2365699909.html,2.390.000 ₫,4.0,
Main Laptop Hp G4 2002TU đẹp,https://www.lazada.vn/products/pdp-i2214061154.html,720.000 ₫,5.0,
[HCM][Trả góp 0%]Thùng máy chiến game GTA 5 Fifa 4 i5 4570 Card rời GTX 750 Ram 8GB SSD 120GB,https://www.lazada.vn/products/pdp-i1222918065.html,4.850.000 ₫,,
Máy tính bảng 2 trong 1 NEC VersaPro VKX6X/T X7-Z8700 4gb Ram 64gb SSD 10.1inch Full HD cảm ứng kèm bút cảm ứng,https://www.lazada.vn/products/pdp-i930256026.html,3.549.000 ₫,5.0,
🎉 Thanh lý Microsoft Surface Pro 5 - Chỉ 4 triệu đồng 🎉,https://www.lazada.vn/products/pdp-i2805119279.html,3.990.000 ₫,,
"Đầu đọc thẻ nhớ SD TF dành cho điện thoại IPh, Android, PC, Mac, Laptop, đầu đọc thẻ nhớ đa năng 2in1, 3in1.",https://www.lazada.vn/products/pdp-i3075945356.html,149.000 ₫,5.0,25 Đã bán
"Bộ Hub USB, Hub Type C Chia 4 Cổng, 7 Cổng USB 3.0 tốc độ lên đến 5Gbps Có Đèn LED, có công tắc Cho Laptop PC",https://www.lazada.vn/products/pdp-i2744798306.html,59.000 ₫,5.0,11 Đã bán
Balo Laptop Da DOHAGO Đa Năng Phong Cách Basic Phối Nắp Gập Cá Tính - BLD09,https://www.lazada.vn/products/pdp-i3132277479.html,176.000 ₫,5.0,6 Đã bán
Túi đeo chéo nam vải Canvas phong cách Hàn Quốc tặng kèm ví da nam thanh lịch sang trọng,https://www.lazada.vn/products/pdp-i516586551.html,49.000 ₫,4.0,
Túi đeo chéo nam phong cách Hàn Quốc tích hợp khe cắm USB thông minh/ Túi chéo nam da PU bền đẹp với thời gian,https://www.lazada.vn/products/pdp-i818244203.html,53.000 ₫,4.0,416 Đã bán
Túi đeo chéo nam vải canvas chống nước túi chéo nam thiết kế ngăn rộng rãi để đồ túi vải đeo chéo phong cách Hàn Quốc,https://www.lazada.vn/products/pdp-i843240569.html,52.680 ₫,4.0,
"HUB Chia 3 Cổng USB 3.0 Tốc Độ Cao Cho PC, Laptop - Thiết Bị Mở Rộng Cỗng USB 3.0 Xoay 360 Độ",https://www.lazada.vn/products/pdp-i2453134108.html,55.000 ₫,4.0,48 Đã bán
Gxal46093 2023 980 Pro NVMe SSD 4TB/2TB Ổ cứng lưu trữ thể rắn M.2 2280 PCIe Gen 4.0x4 tương thích cho ps5/máy tính xách tay/Mac,https://www.lazada.vn/products/pdp-i2421648105.html,926.274 ₫,5.0,20 Đã bán
"HUB Type C 8 IN 1 - Cổng chuyển đổi HUB USB Type-C to HDMI 4K, USB 3.0, SD, TF, RJ45, PD Type-C cho Laptop táo",https://www.lazada.vn/products/pdp-i2744738796.html,189.000 ₫,5.0,16 Đã bán
"Microsoft Surface Pro 5 Nhập Khẩu Mỹ ( Surface Pro 2017 ) Win 10 Pro Kèm phím & sạc chính hãng Core I5,i7 7300U 8GB ram SSD 256GB màn hình 3K || Tại Playmobile",https://www.lazada.vn/products/pdp-i1287913154.html,6.590.000 ₫,,"6 Đã bán
Hà Nội"
Giảm Giá Sốc - Túi xách cặp da đựng laptop Balo cặp da công sở JEEP BULUO,https://www.lazada.vn/products/pdp-i3073221429.html,229.000 ₫,4.0,8 Đã bán
Ổ CỨNG HDD SATA LAPTOP 2.5 INCH THÁO MÁY SỨC KHỎE 100%,https://www.lazada.vn/products/pdp-i2932690634.html,99.900 ₫,4.0,340 Đã bán
ARCTIC HUNTER balo nam balo du lịch balo đựng quần áo balo chống nước cặp đi học nam Ba lô đựng máy tính Ba lô du lịch học sinh trung học cơ sở Ba Học sinh trung học,https://www.lazada.vn/products/pdp-i2599278317.html,124.000 ₫,4.0,
Polyester Chống Thấm Nước Túi Đựng Laptop Kinh Doanh Trung Tính Đô Thị Tối Giản Cầm Tay Đa Kích Thước Dành Cho Du Lịch Màu Nguyên Chất Thiết Kế Thời Trang,https://www.lazada.vn/products/pdp-i3215938517.html,121.500 ₫,,
"Đèn LED ESPOIR Đa Năng Cho Máy May & Bàn Làm Việc – 10 / 20 / 30 LED, Đế Nam Châm Tiện Lợi",https://www.lazada.vn/products/pdp-i2890591704.html,22.900 ₫,4.0,
"AULA | Bàn Phím Cơ Chơi Game Không Dây Bluetooth và Có Dây với Công tắc Xanh, Nâu và Đỏ cho Máy Tính để Bàn và Laptop",https://www.lazada.vn/products/pdp-i3217794159.html,515.000 ₫,4.0,
Giày Thể Thao Da Phối Đồ,https://www.lazada.vn/products/pdp-i3191933230.html,5.010.000 ₫,4.0,
Bàn phím mini không dây kiêm chuột i8 Loại tốt có pin Lithium cho TVbox SmartTV Laptop,https://www.lazada.vn/products/pdp-i1384039080.html,89.000 ₫,5.0,48 Đã bán
MOVESPEED | Đế Kết Nối Máy Tính Để Bàn Tương Thích Mac Mini M4 1TB,https://www.lazada.vn/products/pdp-i3217607966.html,9.841.000 ₫,4.0,
USB – Tự động cài Windows 10/11 (hỗ trợ Laptop & PC yếu) & phần mền tiện ích,https://www.lazada.vn/products/pdp-i3202891609.html,90.000 ₫,5.0,
Túi Laptop Nam Da Soft Calfskin Màu Đen OLD ANGLER Sản Xuất Thủ Công Từ Italy,https://www.lazada.vn/products/pdp-i2644105094.html,9.999.000 ₫,,
Balo học sinh chống nước chống xước hàng Hàng Việt Nam cao cấp,https://www.lazada.vn/products/pdp-i1936999093.html,135.000 ₫,4.0,
"Hub 8 in 1 (USB 3.0/ Type C ) Chuyển đổi đa cổng 5Gbps cho Laptop Macbook Iphone Ipad Pro, Samsung Galaxy Ultra, Huawei, Máy tính",https://www.lazada.vn/products/pdp-i3164745063.html,85.000 ₫,5.0,21 Đã bán
"màn hình di động 14 inch FULLHD 100%SRGB, 60hz kết nối điện thoại laptop pc máy game",https://www.lazada.vn/products/pdp-i2752244251.html,1.599.000 ₫,5.0,
Túi Đựng Laptop Da Thật Calfskin 110 - Medici of Florence - Sản Xuất Thủ Công Tại Ý_MED110BB184BF,https://www.lazada.vn/products/pdp-i3065459847.html,8.390.000 ₫,,
"Túi Chống Sốc Bảo Vệ Laptop Có Tay Cầm 13 Inch, 14 Inch, 15 Inch, 15.6 Inch HARAS TC004",https://www.lazada.vn/products/pdp-i2536875360.html,78.052 ₫,4.0,391 Đã bán
Túi chống sốc LAPTOP LOẠI DÀY từ 15 inch đến 17 inch,https://www.lazada.vn/products/pdp-i850408722.html,32.000 ₫,4.0,
Balo Laptop nam nữ đẹp và chống sốc Balo đi học đi chơi đi du lịch nhỏ gọn tiện dụng chất liệu bền bỉ có chống nước,https://www.lazada.vn/products/pdp-i1980346525.html,99.000 ₫,4.0,
Cặp đi học đẹp dễ thương ba lô vải du lịch thời trang balo nữ đi học đựng laptop giá rẻ,https://www.lazada.vn/products/pdp-i2059763845.html,45.000 ₫,4.0,
Túi Chống Sốc Laptop 13 inch 14 inch 15 inch HARAS TC001,https://www.lazada.vn/products/pdp-i1775823959.html,68.000 ₫,4.0,
[Hỏa Tốc] Túi đeo chéo da không thấm nước kiểu trơn cỡ đại trung nắp gập 2 pat Plaine [XƯỞNG MAY TÚI],https://www.lazada.vn/products/pdp-i2501970314.html,76.200 ₫,5.0,43 Đã bán
"Sổ Tay Doanh Nhân TAMU - Đi Kèm Máy Tính 8 Chữ Số, 2 Bút Kim Loại, Ngăn Laptop 14 Inch",https://www.lazada.vn/products/pdp-i2877925983.html,418.000 ₫,4.0,65 Đã bán
"[Giao hàng 24 giờ⚡️] Micro Máy Tính, Laptop LED RGB Thu Âm Chống Nhiễu Kết Nối Jack USB Hoặc 3.5mm Dùng Live Stream, Học Online",https://www.lazada.vn/products/pdp-i2846432752.html,112.627 ₫,5.0,44 Đã bán
Balo du lịch cỡ đại 50L 64cm cỡ đại Bumnos thể thao GSR [FreeShip],https://www.lazada.vn/products/pdp-i2831470507.html,100.000 ₫,4.0,194 Đã bán
"Cặp sách cặp laptop cặp tài liệu cặp A4 cho giáo viên nhân viên văn phòng phù hợp đi dạy học, đi làm nhiều ngăn",https://www.lazada.vn/products/pdp-i2896853513.html,107.910 ₫,4.0,40 Đã bán
Laptop GAMING Alienware M17R3 Core i9 10980HK ram 32gb ssd NVME 512 Card 2080 (8gb) LCD 300hz KHỦNG,https://www.lazada.vn/products/pdp-i3159271326.html,40.000.000 ₫,,
Tay cầm chơi Game Không dây Bluetooth T28 cho PC - Laptop - Android - Ios - Macos - Smartphone,https://www.lazada.vn/products/pdp-i2846059181.html,222.750 ₫,4.0,42 Đã bán
"Hub Type C 8-In-1 Type-C + USB 3.0 + HDMI + PD100W + SD + TF + RJ45, Cổng Chia USB Tốc Độ Cao 3.0 Cho Laptop PC",https://www.lazada.vn/products/pdp-i3157727608.html,79.500 ₫,4.0,18 Đã bán
"Bàn Làm Việc Học Tập Gấp Gọn Mehaa Khay Đựng Ly,5 Mức Điều Chỉnh Thiết Kế Đa Năng Cho Laptop Và Sách",https://www.lazada.vn/products/pdp-i3199979985.html,172.260 ₫,5.0,6 Đã bán
balo nam đi học thời trang cặp học sinh phong cách ulzzang ba lô du lịch thể thao giá rẻ,https://www.lazada.vn/products/pdp-i2419850680.html,47.000 ₫,4.0,
Túi ngực nam một vai nghiêng túi chống té nước công suất lớn thể thao giải trí thời trang nhỏ túi xách ba lô nam túi xách,https://www.lazada.vn/products/pdp-i2543683902.html,26.400 ₫,4.0,
"Ram Laptop Ddr4 16gb, 8gb, 4gb bus 2133,266,2400,3200 bao hành 3 năm",https://www.lazada.vn/products/pdp-i2927220517.html,120.000 ₫,5.0,24 Đã bán
"Túi Chống Sốc Laptop 13 inch, 14 inch, 15,6 inch TC002 Bền Đẹp, Túi Chống Sốc Macbook 13 inch, 15 inch, Chống Sốc Tốt",https://www.lazada.vn/products/pdp-i245271531.html,78.210 ₫,4.0,
"Giá Đỡ Nâng Máy Tính Xách Tay, Laptop, Giá Đỡ Đế Tản Nhiệt Laptop Đa Năng Hàng Cao Cấp Có Thể Điều Chỉnh 6 Cấp Độ Cao Thấp, Gập Lại Dễ Dàng, Chống Rung Tốt.",https://www.lazada.vn/products/pdp-i1433098083.html,55.000 ₫,4.0,
"Cặp công sở văn phòng ,túi da nam công sở da cao cấp đựnġ laptop 16 inch",https://www.lazada.vn/products/pdp-i2609971609.html,199.000 ₫,5.0,8 Đã bán
Đế Hỗ Trợ Làm Mát Laptop Chơi Game Di Động 16 Inch có Quạt,https://www.lazada.vn/products/pdp-i3217739203.html,210.000 ₫,,
Dây cáp mạng LAN CAT5E bấm sẵn 2 đầu chuẩn RJ45 kết nối wifi internet cho máy tính laptop dùng được ngoài trời 5m - 50m,https://www.lazada.vn/products/pdp-i2679087310.html,49.000 ₫,4.0,54 Đã bán
Cặp da nam công sở cao cấp đựng vừa laptop 14 inch,https://www.lazada.vn/products/pdp-i1560836109.html,299.000 ₫,5.0,10 Đã bán
Loa máy tính bluetooth để bàn có dây ICHECO LWB01 cho vi tính laptop PC tivi có đèn led phiên bản cao cấp,https://www.lazada.vn/products/pdp-i1948845124.html,177.000 ₫,5.0,11 Đã bán
"Túi Đeo Trước Ngực Cho Nam Thời Trang Instinct – Nylon Bền Bỉ, Có Lỗ Tai Nghe",https://www.lazada.vn/products/pdp-i2518769898.html,21.300 ₫,4.0,
Túi đeo chéo Vải bố cao cấp 4 Ngăn Shalla GSR {xã kho},https://www.lazada.vn/products/pdp-i1325687572.html,37.000 ₫,4.0,
"Bộ Hub thiết bị chia chuyển đổi đa năng USB Type C sang cổng HDMI USB VGA Type C SD TF Sử dụng Cho Laptop Macbook, Samsung, Huawe,...",https://www.lazada.vn/products/pdp-i1440576588.html,81.675 ₫,4.0,946 Đã bán
ví bóp nam [ MUA 2 FREE SHIP ] Ví Da Nam / Bóp Da Nam Giá Tận Xưởng Có 3 Ngăn Lớn 1 Khóa Kéo 7 Ngăn Nhỏ Bỏ Vừa Tất Cả Các Loại Giấy Tờ vi tien/bop tien giá rẻ,https://www.lazada.vn/products/pdp-i363308986.html,29.000 ₫,4.0,
Balo cỡ đại 50L 64cm Bumnos phong cách thể thao 5 màu GSR64 [Giá cạnh tranh],https://www.lazada.vn/products/pdp-i2831329606.html,103.000 ₫,4.0,72 Đã bán
CĂP LAPTOP CÔNG SỞ SHINE TORE ST290 Đựng laptop 15.6in,https://www.lazada.vn/products/pdp-i2010182214.html,109.000 ₫,4.0,87 Đã bán
Balo nam nữ đi học năng động chống nước có ngăn đựng Laptop,https://www.lazada.vn/products/pdp-i903754760.html,129.000 ₫,4.0,365 Đã bán
"Túi đeo chéo bao tử nam da cao cấp, kích thước to hiện đại lịch lãm, cao cấp, Siêu bền, phong cách Hàn Quốc cá tính mẫu mới đi chơi, đi làm",https://www.lazada.vn/products/pdp-i2416480031.html,117.000 ₫,5.0,36 Đã bán
"Cặp văn phòng chống sốc laptop 15""6 - 17 INCH đeo chéo đeo vai 4 kiểu phong cách mới GF4 Shalla {HÌNH THẬT}",https://www.lazada.vn/products/pdp-i1789459107.html,110.011 ₫,4.0,807 Đã bán
Túi đeo chéo da kiểu ĐỨNG MEN R7 Đen bóng mờ lịch lãm GS5 (SANG TRỌNG),https://www.lazada.vn/products/pdp-i2418798942.html,47.400 ₫,4.0,105 Đã bán
Cây máy tính đồng bộ acer H110 + i3 6100 + Ram 16Gb +SSD 240Gb,https://www.lazada.vn/products/pdp-i3213036854.html,1.399.000 ₫,,"14 Đã bán
Hà Nội"
"Túi Xách Đựng Laptop 15.6, 17 inch Chống Sốc Vải Bố Chống Xước, Chống Thấm Nước Hàng Cao Cấp",https://www.lazada.vn/products/pdp-i2806399485.html,199.000 ₫,4.0,44 Đã bán
Cặp đeo chéo độc đáo Unisex chống sốc laptop GSR 4 kiểu [GIÁ TỐT NHẤT],https://www.lazada.vn/products/pdp-i2859703709.html,81.000 ₫,5.0,12 Đã bán
"Ram laptop 4gb ddr3 pc3l, pc3 bus 1600, 1333 bảo hành 36 tháng",https://www.lazada.vn/products/pdp-i2680254646.html,70.000 ₫,4.0,114 Đã bán
"USB Bluetooth SCR 2.0/5.0/5.4 Dùng Cho Máy Tính Laptop, PC",https://www.lazada.vn/products/pdp-i1724208238.html,23.700 ₫,4.0,
[HCM]Quần tây nam Hàn Quốc ống côn form công sở cao cấp vải co giãn 4 chiều không xù,https://www.lazada.vn/products/pdp-i1421935813.html,40.000 ₫,4.0,979 Đã bán
BA LÔ LAPTOP TÍCH HỢP CÁP SẠC USB THỜI TRANG SHINE TORE ST298,https://www.lazada.vn/products/pdp-i2009996786.html,109.000 ₫,4.0,65 Đã bán
[2H] Balo văn phòng hàn quốc đa năng chống thấm nước giấu quai đựng laptop 17 inch Zone MenR7 GSR [GIÁ SỈ],https://www.lazada.vn/products/pdp-i2584805535.html,145.000 ₫,5.0,44 Đã bán
Laptop Dành Cho MacBook Air 13 2022 M2 M1 Quỹ MacBook Pro 13 Bao A2337 2020 2019 2018 Cho Macbook pro 14 2021,https://www.lazada.vn/products/pdp-i2656830675.html,123.500 ₫,4.0,51 Đã bán
"Bàn làm việc gấp gọn, bàn học, bàn laptop di động khung thép chịu lực tốt dành cho HS/SV văn phòng",https://www.lazada.vn/products/pdp-i1574346330.html,649.000 ₫,4.0,336 Đã bán
{FREESHIP} Balo LAPTOP kiểu Thái Insider CV2 Shalla,https://www.lazada.vn/products/pdp-i1798630291.html,47.000 ₫,5.0,157 Đã bán
"úi đeo chéo Tote Vải canvas trơn trống túi hộp nam nữ unisex Đi Học đi chơi Đựng Sách A4, laptop 14inch_TvT",https://www.lazada.vn/products/pdp-i2484107597.html,79.000 ₫,,
Balo du lịch 50L 64cm size đại Bumnos phong cách thể thao GSR88 [Deal Sốc],https://www.lazada.vn/products/pdp-i2831278892.html,103.000 ₫,5.0,13 Đã bán
[HCM]Balo thời trang nam nữ đi học đựng vừa laptop chống thấm nước - Trơn,https://www.lazada.vn/products/pdp-i2013320286.html,45.000 ₫,4.0,399 Đã bán
"Tai Nghe Máy Tính Gaming Chụp Tai Có Mic Jack Cắm USB Âm Thanh 7.1 Cao Cấp Fullbox Bass Cực hay Cho Pc,Laptop",https://www.lazada.vn/products/pdp-i2271600716.html,155.000 ₫,5.0,65 Đã bán
Túi Đeo Chéo Thời Trang Phong Cách Hàn Quốc HARAS HR083,https://www.lazada.vn/products/pdp-i106087629.html,38.000 ₫,4.0,652 Đã bán
"Decal TRẮNG BÓNG chuyên dụng dán xe , nội thất, laptop …che khuyết điểm khổ keo 60cm",https://www.lazada.vn/products/pdp-i2609988764.html,19.000 ₫,5.0,53 Đã bán
Russian Keyboard Stickers for Laptops Pc Any Computer Desktop / Miếng dán bàn phím tiếng Nga thích hợp các loại máy tính,https://www.lazada.vn/products/pdp-i2211122077.html,16.950 ₫,4.0,438 Đã bán
Bộ Tua Vít Đa Năng Bộ Tô Vít Đa Năng Mini 24 Đầu Nhỏ Từ Tính Sửa Điện Thoại Laptop Tiện Dụng,https://www.lazada.vn/products/pdp-i3024221664.html,27.500 ₫,4.0,323 Đã bán
Túi đeo chéo da ipad kiểu ngang caro xanh Shalla Cs4 {SIÊU HÓT},https://www.lazada.vn/products/pdp-i1300114032.html,41.010 ₫,4.0,
"Tai nghe máy tính, laptop 2 chân tròn, thời trang, nhỏ gọn bass ấm HIFI có mic đàm thoại chơi game trên laptop, pc",https://www.lazada.vn/products/pdp-i2604414378.html,62.000 ₫,4.0,59 Đã bán
Xác ổ cứng laptop 2.5 inch 500gb 750gb 1T,https://www.lazada.vn/products/pdp-i2962075709.html,29.900 ₫,5.0,25 Đã bán
Cặp Laptop Cao Cấp Manhattan 17 Inch - Có Dây Đeo Chéo,https://www.lazada.vn/products/pdp-i2885303496.html,56.000 ₫,4.0,29 Đã bán
"Balo Cỡ lớn 5 ngăn đi làm đi học đi chơi đựng laptop 15.6 inch, 16.5 inch, 17 inch Dầy Dặn Chắc Chắn Balo Nam Nữ",https://www.lazada.vn/products/pdp-i2427513272.html,199.000 ₫,4.0,31 Đã bán
"1.5m Dây sạc nhanh 4 trong 1 , Cáp sạc siêu nhanh 65W sạc chuẩn cho mọi thiết bị Smartphone , Laptop , Oppo , Realme",https://www.lazada.vn/products/pdp-i2911469834.html,17.000 ₫,4.0,24 Đã bán
"Túi xách Laptop thời trang chống xước, chống thấm nước 14 đến 15.6 inh loại tốt - Mẫu Mới",https://www.lazada.vn/products/pdp-i2391288135.html,219.000 ₫,4.0,114 Đã bán
[RAM LAPTOP] DDR3 LAPTOP 2GB - tháo máy các hãng,https://www.lazada.vn/products/pdp-i2779020770.html,36.000 ₫,,
"Balo Laptop, Balo Mắt Angry Birds, Balo Thời Trang HARAS HR138",https://www.lazada.vn/products/pdp-i104331835.html,78.000 ₫,4.0,
"Micro đa hướng xoay 360 độ. Siêu nhạy, Cắm USB cho Máy tính/Laptop/Notebook",https://www.lazada.vn/products/pdp-i2369352287.html,59.000 ₫,4.0,86 Đã bán
Bộ Chuyển Đổi Hub USB 3.0 Tốc Độ Cao Hộp Chia Mini Bộ Mở Rộng 1 Đến 3 Cổng Cho Máy Tính Laptop Đầu Đọc Thẻ Đĩa U-Tương Thích USB 2.0,https://www.lazada.vn/products/pdp-i2465563141.html,37.700 ₫,4.0,417 Đã bán
Bàn Phím Bluetooth Mini Không Dây Kèm Chuột Bàn Phím Kết Nối Điện Thoại Cho Điện Thoại Ipad Máy Tính Laptop,https://www.lazada.vn/products/pdp-i2408899755.html,79.000 ₫,4.0,
(free ship) thanh lý ổ cứng laptop từ 160GB đến 1TB,https://www.lazada.vn/products/pdp-i778256099.html,99.999 ₫,4.0,105 Đã bán
"Túi đeo chéo nam,cặp đeo chéo, nhiều ngăn riêng biệt,Túi được làm từ chất liệu vải dù, bền đẹp SHOPE",https://www.lazada.vn/products/pdp-i2759280207.html,44.460 ₫,4.0,67 Đã bán
Túi đeo chéo da kiểu ngang thời trang MEN R7 Đen bóng mờ lịch lãm G7 {SALE SỐC},https://www.lazada.vn/products/pdp-i2418785633.html,34.350 ₫,5.0,151 Đã bán
"Giá đỡ Laptop, Ipad, Macbook Hợp kim nhôm kèm túi đựng",https://www.lazada.vn/products/pdp-i3152652966.html,64.500 ₫,5.0,5 Đã bán
"Giá Đỡ Máy Tính Xách Tay - Kệ Đỡ Laptop, ipad, MacBook Hợp Kim Nhôm Gấp Gọn Điều Chỉnh 6 Cấp Độ Chống Rung Thiết Kế Tản Nhiệt Kiểu Dáng Đẹp Và Sang Trọng.",https://www.lazada.vn/products/pdp-i3007103516.html,65.000 ₫,4.0,22 Đã bán
"Balo laptop chống sốc lớn 14-15.6-17 inch, balo laptop gaming, có cáp USB - B019",https://www.lazada.vn/products/pdp-i2494613663.html,114.840 ₫,4.0,47 Đã bán
Balo nam nữ Ulzzang thời trang đi học - Cặp thời trang đẹp - Tặng 10 bút bi móc khóa đựng được laptop 156 inch TC14,https://www.lazada.vn/products/pdp-i1956466131.html,175.000 ₫,4.0,940 Đã bán
"Túi Đựng Laptop Chống Sốc Macbook Ultrabook 1/2 Ngăn 13.3 Inch đến 15.6 Inch, 16 Inch - Túi laptop nam nữ",https://www.lazada.vn/products/pdp-i2097343935.html,55.000 ₫,5.0,
Bộ chia cáp USB READ USB Hub 4 Ports USB 3.0 Hub Splitter High Speed Multi Splitter USB Adapter Expander Cable For Desktop PC Mac Laptop Notebook,https://www.lazada.vn/products/pdp-i2080863537.html,36.432 ₫,5.0,91 Đã bán
Micro Máy Tính Laptop Có LED Thu Âm 360 Độ Lọc Tiếng Ồn Độ Nhạy Cao Cho Học Tập Thuyết Trình Chơi Game,https://www.lazada.vn/products/pdp-i2834483338.html,113.100 ₫,4.0,72 Đã bán
Bàn laptop để giường gấp gọn đa năng có chân cắm USB,https://www.lazada.vn/products/pdp-i2318415010.html,426.000 ₫,4.0,47 Đã bán
"Hub Chia 4 Cổng, 7 cổng USB 3.0 -Chuyển dữ liệu tốc độ cao lên tới 5Gbps - Hàng Xịn Cho PC,Laptop dây dài 30cm, 120cm",https://www.lazada.vn/products/pdp-i3068314096.html,46.000 ₫,4.0,33 Đã bán
Túi đeo chéo nam nữ thể thao chạy bộ có phản quang sport kéo chữ chống nước GSR Shalla (MẪU MỚI),https://www.lazada.vn/products/pdp-i1903134023.html,48.000 ₫,4.0,330 Đã bán
"Balo Tia Sét , Rắn 3d Size 40 vừa A4, Laptop 14inch, Atlat địa lý",https://www.lazada.vn/products/pdp-i2719730008.html,119.000 ₫,4.0,30 Đã bán
Túi Laptop Da Thật Cao Cấp Màu Đen - Gianni Conti - Sản Xuất Thủ Công Tại Italy_1811341-10,https://www.lazada.vn/products/pdp-i3227261092.html,10.990.000 ₫,,
Balo 4 Món Ulzzang học sinh sinh viên laptop giá rẻ cấp 1 2 3 - Set balo 4 món STUDY,https://www.lazada.vn/products/pdp-i1885105640.html,67.900 ₫,4.0,
Cặp Đựng Laptop Cặp đi học Có Thể Mở Rộng Có Dây đeo vai Chất Liệu Vải Dù Chống Nước Tốt Nhiều Ngăn Tiện Dụng,https://www.lazada.vn/products/pdp-i2551870244.html,147.212 ₫,4.0,167 Đã bán
[FreeShip] Túi đeo chéo kiểu ngang da ipad caro xanh Tiêu đậm da loại 1 đẹp dẻo mịn F99 Shalla [VIDEO thật],https://www.lazada.vn/products/pdp-i1671404162.html,45.510 ₫,4.0,239 Đã bán
Cặp học sinh ĐỰNG LAPTOP đa năng đeo chéo Balo chống sốc laptop chất Dù cao cấp GSR H991 {cấp 2},https://www.lazada.vn/products/pdp-i2040535613.html,154.000 ₫,4.0,
"Balo Vải R8 Dệt Chữ Size 40cm Vừa A4, Sách vở, Laptop",https://www.lazada.vn/products/pdp-i3070481220.html,119.900 ₫,,"6 Đã bán
Hà Nội"
[FreeShip] Túi đeo chéo kiểu ngang da ipad caro xanh Tiêu đậm da loại 1 đẹp dẻo mịn F53 Shalla [Hình thật],https://www.lazada.vn/products/pdp-i1671394202.html,46.000 ₫,4.0,622 Đã bán
"Webcam Có Mic 2K/1080P Máy tính USB Cho PC Laptop Livestream/Họp trực tuyến, Camera mini, Học và Làm việc Online",https://www.lazada.vn/products/pdp-i3086523765.html,137.610 ₫,5.0,73 Đã bán
"Giá đỡ laptop kim loại, xoay 360 độ, tiện lợi, có thể gấp gọn",https://www.lazada.vn/products/pdp-i2873970122.html,200.000 ₫,5.0,25 Đã bán
Balo Ulzzang Hàn Quốc Thời Trang HARAS HR284,https://www.lazada.vn/products/pdp-i1530781825.html,149.000 ₫,4.0,
"Cáp chuyển đổi từ Typec sang HDMI+VGA+USB3.0 cho macbook laptop điện thoại chất lượng 4K Type-C to HDMI kết nối ti vi máy chiếu Usb Type-C To USB-C 4K HDMI, VGA USB 3.0, 3 trong 1, hỗ trợ SS MHL",https://www.lazada.vn/products/pdp-i2028628865.html,121.000 ₫,4.0,407 Đã bán
"Laptop LG gram 17'', Intel® Core™ i7 Gen11, 16GB, 256GB, 16:10, 17ZD90P-G.AX71A5 (có quà tặng)",https://www.lazada.vn/products/pdp-i1445261817.html,43.900.000 ₫,,
"Túi bao da đựng máy tính xách tay cho Laptop, MacBook Size 11.6 13.3 15.4 11/12/13/15/16 Inch",https://www.lazada.vn/products/pdp-i1915241828.html,155.000 ₫,4.0,112 Đã bán
"Balo DIVOOM Pixoo Backpack-M, có hiển thị màn hình LED, ngăn chứa Laptop 15inch",https://www.lazada.vn/products/pdp-i2350785277.html,6.600.000 ₫,,
Cặp Văn Phòng Thời Trang Dù Xốp Thái Viền Ngang Kéo Đen Siêu Bền H1991 Shalla ( 3 Chức Năng),https://www.lazada.vn/products/pdp-i1886404837.html,132.067 ₫,5.0,45 Đã bán
"Chuột Gaming Không Dây Bluetooth Attack Shark X11 Chip PRO PAW3311 Có Dock Sạc LED, 22000 DPI Dùng Cho Pc Laptop Ipad",https://www.lazada.vn/products/pdp-i2657269897.html,399.000 ₫,4.0,235 Đã bán
Túi Chống Sốc Laptop 2 ngăn có Quai xách Chống Nước 15.6 Inch 14 Inch 13 Inch Túi đựng laptop nam nữ chống sốc cao cấp,https://www.lazada.vn/products/pdp-i2492920414.html,45.000 ₫,4.0,369 Đã bán
VỎ LAPTOP LENOVO THINKPAD T410Si,https://www.lazada.vn/products/pdp-i2281130871.html,230.000 ₫,,
Loa Laptop Lenovo V15 G2 V15 G2-ITL V15 Gen 2 ITL new,https://www.lazada.vn/products/pdp-i2989386747.html,250.000 ₫,,
SJCAM thể thao máy ảnh xách tay túi phụ kiện máy ảnh túi lớn và nhỏ máy ảnh túi phụ kiện đi xe gắn máy SJ6PRO SJ6Legend SJ8PRO SJ10 SJ20 SJ4000 SJ5000 C100 C110 C200 C200 C300 loạt máy ảnh thể thao,https://www.lazada.vn/products/pdp-i2763274323.html,197.010 ₫,5.0,36 Đã bán
Laptop Mô Phỏng Có Nhạc Đèn Cho Bé Đồ Chơi Tương Tác,https://www.lazada.vn/products/pdp-i2805130771.html,80.000 ₫,5.0,
Bộ loa trái phải laptop Lenovo Ideapad 510-15ISK 310-15ISK 310-15ABR PK23000NSV0,https://www.lazada.vn/products/pdp-i2826354087.html,160.000 ₫,,
"Ví Ngắn Nam Nữ Giá Rẻ Nhiều Ngăn Nhỏ Gọn Bỏ Túi Dễ Thương, Ví Bóp Da Mini Nữ Ngắn Cầm Tay Thời Trang Hàn Quốc Cao Cấp",https://www.lazada.vn/products/pdp-i2491584690.html,10.900 ₫,5.0,
"Bộ tua vít đa năng mini 24 đầu nhỏ sửa điện thoại, tô vít từ tính mở laptop mắt kính đồng hồ",https://www.lazada.vn/products/pdp-i2722970806.html,25.000 ₫,4.0,207 Đã bán
"Bàn phím máy tính Gaming GTX 350 Pro Led RGB 7 màu dạ quang , Bàn phím chuyên game PC Laptop cao cấp",https://www.lazada.vn/products/pdp-i2501643050.html,99.000 ₫,4.0,238 Đã bán
Bàn Phím Bluetooth Không Dây Kèm Chuột Bàn Phím Kết Nối Điện Thoại Cho Điện Thoại Ipad Máy Tính Laptop,https://www.lazada.vn/products/pdp-i2932091788.html,109.000 ₫,4.0,140 Đã bán
Ash | Giày Thể Thao Tăng Chiều Cao,https://www.lazada.vn/products/pdp-i3199488886.html,12.406.000 ₫,,
"Loa máy tính để bàn có dây siêu BASS cực đã cho PC, Laptop, Tivi, có LED, âm thanh cực chất, dây cắm dài 1.6 mét.",https://www.lazada.vn/products/pdp-i3076056401.html,88.000 ₫,4.0,45 Đã bán
"Loa vi tính 2.0 để bàn Leerfei E-350T Công Suất Lớn Dùng Cho Máy Vi Tính PC, Laptop, Tivi",https://www.lazada.vn/products/pdp-i2033707754.html,99.000 ₫,4.0,
Ổ cứng 500GB 1TB PC máy bàn và laptop HDD 500gb 320gb 250gb 160gb 1000GB 500G 1T,https://www.lazada.vn/products/pdp-i1308089327.html,196.770 ₫,5.0,811 Đã bán
"Balo Laptop, Balo Du Lịch Kích Thước Lớn, Balo đi học Đi Chơi Nhiều Ngăn Tiện Lợi Thời Trang và Chắc Chắn",https://www.lazada.vn/products/pdp-i2824730551.html,139.000 ₫,4.0,124 Đã bán
Chủ thẻ kinh doanh unisex Ví thẻ tín dụng,https://www.lazada.vn/products/pdp-i2494662699.html,3.700 ₫,4.0,
"Túi xách công sở da cao cấp VACHINO - TX010. Đựng vừa laptop 15inch, bảo hành 12 tháng, xem hàng ưng ý rồi thanh toán.",https://www.lazada.vn/products/pdp-i2942578325.html,164.619 ₫,,"5 Đã bán
Hồ Chí Minh"
Túi Laptop Nam Da Calfskin Màu Nâu OLD ANGLER Sản Xuất Thủ Công Từ Italy,https://www.lazada.vn/products/pdp-i2644068308.html,12.250.000 ₫,,
Túi Đựng Laptop Da Thật Calfskin 110DL - Medici of Florence - Sản Xuất Thủ Công Tại Ý_MED110AA54BF3,https://www.lazada.vn/products/pdp-i3065432692.html,7.990.000 ₫,,
"Giá đỡ laptop, Đế tản nhiệt laptop, macbook gấp gọn bằng nhôm điều chỉnh 6 cấp độ - GÀ LÓT CHUỘT JSC",https://www.lazada.vn/products/pdp-i3025296634.html,76.900 ₫,4.0,741 Đã bán
"Balo Da Thời Trang Nam Dohago BNA01 Balo Đựng Laptop Đa Năng, Chống Nước, Thiết Kế Trẻ Trung, Phong Cách",https://www.lazada.vn/products/pdp-i2482834130.html,168.000 ₫,4.0,90 Đã bán
Loa Kéo Di Động Nanomax GT-2024 (Màu Đen Và Màu Vàng) Bass 50cm 820W Karaoke Bluetooth - Tặng Kèm 2 Mic UHF Chống Hú - Đại Phát Vĩnh Lộc,https://www.lazada.vn/products/pdp-i2624046120.html,6.390.000 ₫,,
"Balo Laptop, Cặp Đựng Laptop chống sốc 15.6 inch dùng đi học, đi làm, đi chơi, đi du lịch có cổng sạc",https://www.lazada.vn/products/pdp-i1690909559.html,91.918 ₫,4.0,
Màn led dầy 15.6 ink 40pin của máy tính sách tay laptop,https://www.lazada.vn/products/pdp-i2281834939.html,249.999 ₫,5.0,6 Đã bán
"Máy tính bảng Microsoft Surface Pro 5 Nhập Khẩu Mỹ ( Surface Pro 2017 ) Win 10 Pro Kèm phím sạc chính hãng ,Core M3 4GB ram SSD 128GB màn hình 3K Tại Playmobile",https://www.lazada.vn/products/pdp-i1206093621.html,5.990.000 ₫,5.0,14 Đã bán
cặp xách laptop đa năng Vải dù chấm góc Reb Coner phong cách mới FLK GSR MEN R7 {MẪU MỚI},https://www.lazada.vn/products/pdp-i2424087854.html,152.700 ₫,5.0,73 Đã bán
50x37cm - BALO LAPTOP SIÊU RỘNG DU LỊCH NAM NỮ CHẤT LƯỢNG ĐI CHƠI ĐI HỌC ĐI LÀM 4 TẦNG RỘNG NHIỀU MÀU - MP19,https://www.lazada.vn/products/pdp-i319260407.html,214.000 ₫,4.0,
Balo In Da Pu Hàng Thời Trang Unisex,https://www.lazada.vn/products/pdp-i3070530199.html,99.900 ₫,4.0,36 Đã bán
Balo Thời Trang Cao Cấp Balo Laptop chống nước Balo đẹp Balo đi học hoặc đựng laptop 15.6icnh,https://www.lazada.vn/products/pdp-i2858537117.html,113.050 ₫,5.0,118 Đã bán
Balo Hoạt Tiết Jeans Da Pu Thời Trang Đi Học Nam Nữ,https://www.lazada.vn/products/pdp-i3070627523.html,99.900 ₫,4.0,15 Đã bán
Quần thường ngày Lụa băng nam quần ống đứng khô nhanh nhẹ,https://www.lazada.vn/products/pdp-i3169108386.html,52.000 ₫,4.0,112 Đã bán
"Túi Chống Sốc Laptop Macbook Ultrabook Có Tay Cầm 13 Inch, 14 Inch, 15 Inch, 15.6 Inch HARAS TC004",https://www.lazada.vn/products/pdp-i2473990582.html,78.052 ₫,4.0,728 Đã bán
Nam Ba Lô Laptop 15.6 Inch Túi Du Lịch Chống Nước Có Ngăn Đựng Máy Tính Cắm Trại Đi Bộ Đường Dài Trường Kinh Doanh Có Túi,https://www.lazada.vn/products/pdp-i3120388985.html,307.500 ₫,4.0,63 Đã bán
Túi đeo chéo da nam thể du đựng ipad Sport Caro xanh Nền Tối Shalla [video thật],https://www.lazada.vn/products/pdp-i1677600262.html,60.000 ₫,5.0,137 Đã bán
"[HCM]Túi Chống Sốc Dây Kéo Laptop 12 Inch, 13 Inch, 14 Inch, 15 Inch, 17 Inch Pro Dày Cao Cấp",https://www.lazada.vn/products/pdp-i705212515.html,35.000 ₫,4.0,493 Đã bán
"SURMT Chuột máy tính, chuột laptop, kết nối USB, game, văn phòng kinh doanh có sẵn Bảo hành 3 tháng",https://www.lazada.vn/products/pdp-i3149988617.html,18.810 ₫,5.0,157 Đã bán
[Loại Dày] Túi Chống Sốc Laptop Macbook 03 Lớp Êm Ái Chống Nước Bảo Vệ Laptop,https://www.lazada.vn/products/pdp-i2229405461.html,73.848 ₫,4.0,
"Chuột Không Dây Logitech M220 Silent Giảm Tiếng Ồn, Chuột Bluetooth Độ Nhạy Cao thiết kế thuận cả 2 tay, phù hợp PC/ Laptop",https://www.lazada.vn/products/pdp-i2797165116.html,79.000 ₫,4.0,175 Đã bán
Warrior | Balo Laptop Dung Lượng Lớn cho Nam,https://www.lazada.vn/products/pdp-i3194907410.html,240.000 ₫,,
Chuột Không Dây Bluetooth Sạc Nhanh Ít Ồn cho Laptop Máy Tính Bàn iPad Văn Phòng Chơi Game,https://www.lazada.vn/products/pdp-i3205482476.html,76.000 ₫,4.0,
Túi Chống Sốc Bảo Vệ Laptop 13 inch -14inch- 15inch -17inch VITAS CS-001,https://www.lazada.vn/products/pdp-i3109282995.html,39.000 ₫,5.0,64 Đã bán
Balo 4 Món Ulzzang học sinh sinh viên laptop giá rẻ cấp 1 2 3 - Set balo 4 món Today Ly Nước,https://www.lazada.vn/products/pdp-i2031881813.html,68.000 ₫,4.0,182 Đã bán
【Upgrade Your Style】 Walram DDR3 DDR3L 8GB 16GB Laptop Ram 1333MHz 1600MHz 2400MHz 2666MHz 3200MHz 204Pin 1.35V 1.5V Sodimm Notebook Internal Memory,https://www.lazada.vn/products/pdp-i2841730623.html,322.478 ₫,5.0,
"Hub Chia 4 Cổng, 7 cổng USB 3.0 -Chuyển dữ liệu tốc độ cao lên tới 5Gbps - Hàng Xịn Cho PC,Laptop dây dài 30cm, 120cm",https://www.lazada.vn/products/pdp-i2744732849.html,46.000 ₫,5.0,29 Đã bán
ARCTIC HUNTER túi đeo nam chéo nam tuid đeo chéo túi đeo chéo nam ngầu túi chéo Nam Vải Oxford túi ngực Nam Túi Đeo chéo một vai che đa chức năng không thấm nước bên ngoài nhà,https://www.lazada.vn/products/pdp-i2824886690.html,109.000 ₫,4.0,
【E-WOITD】Phổ máy tính xách tay đứng có thể điều chỉnh máy tính xách tay chủ đối với MacBook Non-Slip có thể gập lại làm mát cơ sở khung giá cho máy tính xách tay máy tính bảng điện thoại,https://www.lazada.vn/products/pdp-i2743012375.html,15.000 ₫,4.0,161 Đã bán
"Balo laptop chống sốc 14-15.6-17 inch, balo lớn, balo du lịch, có cáp USB - B020",https://www.lazada.vn/products/pdp-i2494746131.html,114.840 ₫,4.0,38 Đã bán
Túi Đựng Laptop Macbook Ultrabook Túi Chống Sốc Có Ngăn Phụ Lông Bên Trong Mềm Mịn Dành Cho Macbook Air Pro Retina M1 Laptop 12-16 inch,https://www.lazada.vn/products/pdp-i1494480701.html,75.000 ₫,4.0,721 Đã bán
"Hub chia USB 3.0, Type C ra 4 cổng USB vỏ nhôm mở rộng kết nối cho pc, laptop, macbook",https://www.lazada.vn/products/pdp-i3197672261.html,43.500 ₫,3.0,
[ TP LINK - Giao liền 2H] USB WiFi 150Mbps TL WN722N cho 2.4G/ T2U 600Mbps 5G wifi + bluetooth cho laptop pc linux,https://www.lazada.vn/products/pdp-i1944069135.html,119.000 ₫,5.0,64 Đã bán
Ổ cứng laptop HDD chuẩn 2.5 1TB - 500GB - 320GB - 250GB - 160GB,https://www.lazada.vn/products/pdp-i1759479740.html,120.000 ₫,4.0,89 Đã bán
"Couspan 2 Chân Đế Laptop Mini Có Thể Gập Lại, Bàn Phím Máy Tính Di Động Nâng Với 2 Góc Có Thể Điều Chỉnh, Chân Đế Notebook Vô Hì",https://www.lazada.vn/products/pdp-i3066838682.html,26.900 ₫,4.0,101 Đã bán
Decal bàn phím laptop,https://www.lazada.vn/products/pdp-i2652862556.html,23.000 ₫,4.0,55 Đã bán
Ổ Cứng Laptop 500gb GOOD (tặng dây cáp sata),https://www.lazada.vn/products/pdp-i363694346.html,150.000 ₫,4.0,320 Đã bán
"Túi đeo chéo nam thời trang da bò LEINASEN TẶNG VÍ DÀI, túi đựng ipad, giấy tờ tiện lợi, sang trọng, hiện đại, trẻ trung , bảo hành da 12 tháng",https://www.lazada.vn/products/pdp-i329476434.html,299.000 ₫,4.0,32 Đã bán
ổ cứng laptop tháo máy caution (cảnh báo )sức khỏe 50% --&gt; 99%,https://www.lazada.vn/products/pdp-i2962911387.html,55.000 ₫,4.0,405 Đã bán
E-WOITD 2 cái máy tính xách tay đứng mini cầm tay chủ có thể gập lại nvisible máy tính xách tay Riser khung giá cho máy tính xách tay đứng làm mát chủ,https://www.lazada.vn/products/pdp-i3182220750.html,15.884 ₫,5.0,14 Đã bán
"Đồ chơi máy tính laptop cho bé, máy tính bảng có chuột kèm đèn led phát nhạc giúp bé tránh xa điện thoại",https://www.lazada.vn/products/pdp-i2652896250.html,59.000 ₫,4.0,36 Đã bán
"Loa máy tính mini 2.0 LeerFei YST-1046, Loa Tomato S166 LED RGB bảo hành 6 tháng - Điện Tử Phương Uyên",https://www.lazada.vn/products/pdp-i2486064908.html,73.206 ₫,4.0,17 Đã bán
"Quần Dài Thể Thao Nam 2 Túi Kéo Khóa – Chất Đẹp, Co Giãn, Thoải Mái Khi Vận Động",https://www.lazada.vn/products/pdp-i2518485475.html,36.700 ₫,4.0,821 Đã bán
"Ví ngắn nhỏ dễ thương, Túi đựng thẻ da PU Hello Kitty Anime thời trang dành cho nữ",https://www.lazada.vn/products/pdp-i2544355703.html,12.200 ₫,4.0,
Túi đeo chéo nam nữ thể thao chạy bộ có phản quang sport kéo chữ chống nước GSR Shalla (MẪU MỚI),https://www.lazada.vn/products/pdp-i1903122101.html,32.000 ₫,4.0,496 Đã bán
Balo Da PU thời trang Unisex Cao Cấp Chống nước GSR Men Wasmax [HÀNG MỚI VỀ],https://www.lazada.vn/products/pdp-i2861733091.html,143.000 ₫,5.0,52 Đã bán
"Đầu Chuyển Đổi USB ra Type C 10A 120W OTG Type C ghim bộ sạc, sạc dự phòng, laptop, truyền dữ liệu, sạc nhanh 10A",https://www.lazada.vn/products/pdp-i2788538590.html,25.900 ₫,5.0,185 Đã bán
"Loa vi tính 2.0 để bàn Leerfei E-350T Công Suất Lớn Dùng Cho Máy Vi Tính PC, Laptop, Tivi",https://www.lazada.vn/products/pdp-i2251893558.html,99.000 ₫,4.0,
DAMIK Bàn Viết Văn Phòng Tại Nhà Bàn Làm Việc Bắc Âu Máy Tính Hiện Đại Đơn Giản Bàn Học Meja Belajar Menulis Để Bàn Laptop,https://www.lazada.vn/products/pdp-i3167291571.html,229.000 ₫,3.0,29 Đã bán
"Túi Đeo Hông Thời Trang Nữ – Chất Liệu Nylon Cao Cấp – Đa Năng, Dáng Đẹp, Phối Đồ Chuẩn Trend",https://www.lazada.vn/products/pdp-i2518786503.html,7.200 ₫,4.0,
Balo du lịch nam nữ bumno 40L nhiều màu chống nước tiện ích GSR [CHÍNH HÃNG],https://www.lazada.vn/products/pdp-i2652790997.html,107.000 ₫,4.0,240 Đã bán
Túi đeo vai nam tối giản qfdi để du lịch thường ngày với thiết kế gọn nhẹ,https://www.lazada.vn/products/pdp-i3099445650.html,49.000 ₫,5.0,
Balo vải Dù du lịch xếp gọn tiện lợi thời trang MEN B2 GSR [ẢNH THẬT],https://www.lazada.vn/products/pdp-i2833843837.html,23.000 ₫,4.0,41 Đã bán
【E-WOITD】 2 cái máy tính xách tay đứng mini cầm tay chủ có thể gập lại nvisible máy tính xách tay Riser khung giá cho máy tính xách tay đứng làm mát chủ,https://www.lazada.vn/products/pdp-i3126902185.html,15.894 ₫,5.0,143 Đã bán
[Ảnh thật] Túi đeo chéo da nam thể du đựng ipad Sport Caro xanh Nền Tối Shalla,https://www.lazada.vn/products/pdp-i1677527656.html,42.297 ₫,4.0,249 Đã bán
"Túi Xách Cặp Xách Nam Nữ Công Sở, Cặp Đựng Laptop",https://www.lazada.vn/products/pdp-i1050474314.html,137.535 ₫,4.0,510 Đã bán
Giá Đỡ Laptop Máy Tính Xách Tay Mini ABS,https://www.lazada.vn/products/pdp-i2863270540.html,19.000 ₫,3.0,122 Đã bán
ÁO KHOÁC JEANS NAM THƯƠNG HIỆU CAO CẤP VIET FASHION VF XANH NHẠT,https://www.lazada.vn/products/pdp-i3039962803.html,149.000 ₫,4.0,58 Đã bán
Cặp xách da cá sấu Size lớn dành cho Doanh nhân!,https://www.lazada.vn/products/pdp-i2109738195.html,9.440.000 ₫,,
Balo du lịch cỡ đại 60L thời trang GSR M.E.N BUMNOS [HÀNG MỚI VỀ],https://www.lazada.vn/products/pdp-i2856025005.html,117.000 ₫,5.0,10 Đã bán
"Chuột máy tính (PC/Laptop) chơi game dây USB, có đèn LED pro 7 màu",https://www.lazada.vn/products/pdp-i2364606826.html,69.000 ₫,,
Áo sơ mi nam dài tay chất Cotton lụa chống nhăn bảng màu basic dễ phối Menswear,https://www.lazada.vn/products/pdp-i2635398473.html,33.000 ₫,5.0,
"DECAL TRONG SUỐT dán bảo vệ chống trầy xe máy, laptop và nhiều vật dụng …",https://www.lazada.vn/products/pdp-i2612955321.html,22.000 ₫,5.0,30 Đã bán
"Giá Đỡ Tản Nhiệt Cho MACBOOK, Máy Tính - Giá Đỡ Máy Tính Đa Năng Hợp Kim Nhôm Điều Chỉnh 6 Cấp Độ - Có Thể Gập Lại, Chống Rung Tốt, Thiết Kế Nhỏ Gọn, Dễ Dàng Sử Dụng.",https://www.lazada.vn/products/pdp-i1435101638.html,52.000 ₫,4.0,685 Đã bán
Giá Đỡ Laptop Nhôm Có Thể Gấp Gọn Dành Cho Macbook Ipad và máy tính xách tay,https://www.lazada.vn/products/pdp-i1934837403.html,65.000 ₫,4.0,
"2 Chân Đế Laptop Mini Có Thể Gập Lại, Bàn Phím Máy Tính Di Động Nâng Với 2 Góc Có Thể Điều Chỉnh, Chân Đế Notebook Vô Hì",https://www.lazada.vn/products/pdp-i3143208819.html,19.900 ₫,4.0,151 Đã bán
Áo Khoác Lông Vũ Nhung Kẻ Dày Cho Nam Mùa Đông Mới Áo Khoác Cotton Cho Cặp Đôi Áo Khoác Ngoài Thường Ngày Thời Trang Chống Gió Ấm Áp,https://www.lazada.vn/products/pdp-i2880621676.html,790.000 ₫,4.0,745 Đã bán
New Fashion Letter Hair Ball Decor Long Wallet Coin Pocket Long Wallet Bifold Women's Wallet with Multi Card Slot Women's Fashion PU Wallet Bags and Travel,https://www.lazada.vn/products/pdp-i2511411510.html,15.700 ₫,4.0,
Kệ LAPTOP MACBOOK kệ Tản Nhiệt Chất Lượng có Quạt USB LED Chạy Mạnh Êm kê laptop đế tản nhiệt laptop,https://www.lazada.vn/products/pdp-i3156100934.html,175.000 ₫,4.0,37 Đã bán
E-WOITD 360 ° xoay Tablet Đứng có thể điều chỉnh có thể gập lại máy tính để bàn đứng chủ máy tính xách tay máy tính xách tay hỗ trợ cơ sở chủ,https://www.lazada.vn/products/pdp-i3199207152.html,63.082 ₫,,
"Ổ cứng cài sẵn window dùng được cho mọi máy laptop pc, ssd 2.5 tốc độ cao đã có win cài sẵn gắn vào là dùng, hàng mới, bh 3 năm",https://www.lazada.vn/products/pdp-i2545969750.html,409.000 ₫,5.0,26 Đã bán
"Android TV Box MXQ PRO 4K bản 16G+256GB Tiếng Việt Wifi 5G Smart Tivi Box xem truyền hình 100 kênh miễn phí, xem Youtube",https://www.lazada.vn/products/pdp-i2415526485.html,329.000 ₫,4.0,
"Ổ cắm điện đa chức năng , gồm 6 đầu chuyển , tiện lợi , dễ di chuyển",https://www.lazada.vn/products/pdp-i2534662796.html,35.000 ₫,5.0,Cam Kết Giá Tốt
E-WOITD Chất Lượng Cao Mini 3.5Mm Hands-Free Mic Microphone Clip Trên Lavalier Ve Áo Cho PC Máy Tính Xách Tay Màu Đen,https://www.lazada.vn/products/pdp-i3102566138.html,13.754 ₫,5.0,13 Đã bán
"Ram Laptop DDR4 8Gb, 4Gb BUS 2133, 2400, 2666 Chính hãng BH 36 tháng",https://www.lazada.vn/products/pdp-i1788912779.html,130.000 ₫,4.0,79 Đã bán
"Cặp Nam Nữ Cao Cấp - Công Sở, Laptop 15.6 inch, Chống Thấm Nước, Đi Chơi, Du Lịch",https://www.lazada.vn/products/pdp-i2477954175.html,129.000 ₫,4.0,73 Đã bán
"Balo Thời Trang Nam Nữ Chất Liệu Vải Polyester, Có Ngăn Đựng Laptop, Đi Học Đi Chơi",https://www.lazada.vn/products/pdp-i1023894870.html,133.263 ₫,4.0,
Balo Vải Dù Gai Chống Nước Chống Xước Cho Nam Nữ (CÓ 2 SIZE CHO KHÁCH LỰA CHỌN),https://www.lazada.vn/products/pdp-i878898291.html,139.000 ₫,4.0,995 Đã bán
Case máy tính đồng bộ Acer H81+core i3 + Ram 4gb/8Gb+SSD120gb/256gb tùy loại,https://www.lazada.vn/products/pdp-i2611204104.html,860.000 ₫,4.0,41 Đã bán
Bộ Dụng Cụ Vệ Sinh Bàn Phím Laptop 7 Trong 1 Thích Hợp Cho Máy Tính/ Bàn Phím/ Điện Thoại Di Động/ Tai Nghe,https://www.lazada.vn/products/pdp-i2510829365.html,19.300 ₫,4.0,
Balo Ulzzang thời trang Nam Nữ Chống Nước đi học đi chơi Giá Rẻ 284 - ko tặng móc khoá,https://www.lazada.vn/products/pdp-i3121292579.html,119.000 ₫,5.0,9 Đã bán
"Chuột Bluetooth Không Dây Siêu Mỏng Không Gây Tiếng Ồn 800-1600dpi Cho Laptop, Máy Tính, Máy Tính Bảng, Điện Thoại",https://www.lazada.vn/products/pdp-i2385785080.html,57.000 ₫,4.0,568 Đã bán
Ram Laptop 8gb PC3L Bus 1600 Mhz 1.35v new 100% bảo hành 3 năm,https://www.lazada.vn/products/pdp-i3208219382.html,185.000 ₫,,"5 Đã bán
Hồ Chí Minh"
Balo laptop 17.3-18 inch chống trộm chống nước chống rạch đa chức năng thời trang cao cấp,https://www.lazada.vn/products/pdp-i2599965586.html,663.000 ₫,4.0,17 Đã bán
MINGZHUO | Giá Đỡ Đọc Sách Điều Chỉnh Đa Năng,https://www.lazada.vn/products/pdp-i3217749338.html,156.000 ₫,4.0,
Balo Nam Nữ Cá Tính - Thời TRang,https://www.lazada.vn/products/pdp-i394162367.html,79.000 ₫,,
"Chuột không dây Logitech M330 Silent Plus - Giảm ồn USB, thuận tay phải, PC Laptop Chuột không dây Logitech M330 Silent Plus giảm ồn 90% - USB 2.4GHz, pin 2 năm, phù hợp người thuận tay phải, PC/ Laptop Chính Hãng Suno Top",https://www.lazada.vn/products/pdp-i3034936755.html,85.000 ₫,4.0,158 Đã bán
Hub usb 4 cổng HOCO - Bộ chia usb 2.0 dùng cho laptop máy tính bán,https://www.lazada.vn/products/pdp-i2222872314.html,117.000 ₫,5.0,22 Đã bán
"Giá đỡ laptop kim loại, xoay 360 độ, có thể gấp gọn , tiện lợi",https://www.lazada.vn/products/pdp-i2873859385.html,190.000 ₫,5.0,59 Đã bán
Balo vải Dù du lịch xếp gọn tiện lợi thời trang MEN B2 GSR [ẢNH THẬT],https://www.lazada.vn/products/pdp-i2833908582.html,22.000 ₫,5.0,40 Đã bán
Túi đeo chéo UNISEX MESSBAG DA PU style THANH LỊCH Self-Design Five {Real Picture} NTĐCNa,https://www.lazada.vn/products/pdp-i1954051067.html,115.000 ₫,5.0,122 Đã bán
"Balo Thời Trang Classic, Balo Học Sinh, Balo Laptop Thời Trang Hàn Quốc HARAS HR0244",https://www.lazada.vn/products/pdp-i263038198.html,149.000 ₫,4.0,
Bộ Bàn phím chuột Led RGB không dây Bluetooth BL30 mini siêu mỏng pin sạc chống ồn cho PC Laptop smartphone Tablet,https://www.lazada.vn/products/pdp-i2329598238.html,175.000 ₫,4.0,62 Đã bán
Balo vải Dù du lịch xếp gọn tiện lợi thời trang MEN B2 GSR [ẢNH THẬT],https://www.lazada.vn/products/pdp-i2833945380.html,22.000 ₫,5.0,6 Đã bán
Túi đeo bụng nam nữ chất liệu vải dày bền chống trầy xước có nhiều ngăn tiện dụng,https://www.lazada.vn/products/pdp-i1188648353.html,99.000 ₫,4.0,
Balo Laptop Cặp Đựng Laptop 15.6 inch Đẹp Và Chống Sốc Dùng Đi Làm Đi Chơi Đi Du Lịch,https://www.lazada.vn/products/pdp-i765186560.html,91.920 ₫,4.0,
Box ổ cứng di động 2.5 inch trong suốt hộp đựng ổ cứng laptop PC chuẩn USB 2.0 3.0,https://www.lazada.vn/products/pdp-i2938272918.html,45.777 ₫,5.0,262 Đã bán
"Túi chống sốc bảo vệ laptop chống va đập, chống trầy xước HARAS TCS001",https://www.lazada.vn/products/pdp-i2089861107.html,68.172 ₫,4.0,
Ổ cứng di động 1TB 500GB 320GB 250GB USB 3.0 2.0 cho laptop PC PS2 PS3 PS4 Hàng chính hãng,https://www.lazada.vn/products/pdp-i2490367835.html,210.000 ₫,4.0,81 Đã bán
"Tấm lót bảo vệ bàn phím Laptop Macbook chống bụi bẩn, trầy màn hình NPK",https://www.lazada.vn/products/pdp-i2229019621.html,45.000 ₫,4.0,179 Đã bán
"combo 5 đầu khóa kéo,Phụ kiện móc khóa kéo thay thế đa năng 3 kích cỡ phù hợp với mọi loại phụ kiện",https://www.lazada.vn/products/pdp-i3145666646.html,9.990 ₫,4.0,189 Đã bán
Bộ máy tính CF-H81 Ram 8GB SSD 120GB Case LED,https://www.lazada.vn/products/pdp-i2075279198.html,2.795.000 ₫,4.0,88 Đã bán
"Miếng Dán Màn Hình Laptop Chống Trầy Xước, Bụi Bẩn",https://www.lazada.vn/products/pdp-i1471081911.html,23.900 ₫,4.0,
Đầu Chuyển Type-C sang USB 3.0 OTG cho Điện Thoại và Laptop,https://www.lazada.vn/products/pdp-i3211763943.html,32.000 ₫,3.0,
Túi Đựng Laptop Da Soft Calfskin 030491NE - Old Angler -Sản Xuất Thủ Công Tại Ý_OLD03091C68E31C55856,https://www.lazada.vn/products/pdp-i3065468826.html,9.999.000 ₫,,
Màn hình di động 15.6 INCH IPS FHD tặng bao da kết nối điện thoại laptop máy game,https://www.lazada.vn/products/pdp-i2621813017.html,1.799.000 ₫,3.0,10 Đã bán
Russian Keyboard Stickers for Laptops Pc Any Computer Desktop / Miếng dán bàn phím tiếng Nga thích hợp các loại máy tính,https://www.lazada.vn/products/pdp-i2623333106.html,17.500 ₫,5.0,290 Đã bán
"Máy Chiếu Mini T269 Full HD Kết Nối Trực Tiếp Youtube, NetFlix, Kết Nối Điện Thoại, Máy Tính, Laptop Phục Vụ Công Việc",https://www.lazada.vn/products/pdp-i3056623891.html,1.490.000 ₫,5.0,
"Đồ chơi laptop, máy tính bảng cho bé học tiếng Anh, kèm đàn piano",https://www.lazada.vn/products/pdp-i2580539577.html,159.000 ₫,5.0,
"Túi Đeo Tiện Ích, Túi Đeo Chéo Phối Cao Cấp Cực Hot Đi Học Đi Chơi",https://www.lazada.vn/products/pdp-i1049850875.html,60.517 ₫,5.0,258 Đã bán
Ổ cứng SSD 128GB cho laptop và máy bàn,https://www.lazada.vn/products/pdp-i3152892040.html,140.000 ₫,,
Ổ cứng laptop SSD CŨ X-GEAR 60GB 90GB chuẩn SATA3 6Gbps / HDD 500GB - Bảo hành 3 năm.,https://www.lazada.vn/products/pdp-i3152892190.html,150.000 ₫,,
"[HCM Dây cáp sạc nhanh 4 trong 1 chuẩn 65w, siêu bền sạc nhanh tương thích cho tất cả các dòng điện thoại iPhone, Samsung, Oppo, Vivo, Xiaomi , smartphone, laptop type C,lightning, usb tốt, bền, cao cấp, bảo hành 12 tháng",https://www.lazada.vn/products/pdp-i828406378.html,28.000 ₫,4.0,
[LỖI 1 ĐỔI 1]Túi xách đeo chéo nam thời trang 7 ngăn TULIP ONE TUI01 HÀNG CHUẨN chất liệu vải dù chống nước chống xước cao cấp với nhiều màu sắc lựa chọn,https://www.lazada.vn/products/pdp-i2250138731.html,66.825 ₫,4.0,456 Đã bán
"Bàn phím mini dùng cho máy tính, laptop",https://www.lazada.vn/products/pdp-i2190149201.html,82.000 ₫,,
"RQZN | Đế Đỡ Laptop Nhôm Có Tản Nhiệt, Xoay 360°, Điều Chỉnh Chiều Cao và Thiết Kế Di Động",https://www.lazada.vn/products/pdp-i3194559496.html,143.000 ₫,5.0,
"Màn hình Laptop Dell Latitude E7440, E7450, E7470 7440 7450 7470 - 14 led mỏng 30 pin HD, FHD Full Viền",https://www.lazada.vn/products/pdp-i3113060889.html,685.000 ₫,5.0,
[Giao nhanh]Balo cóc (mini) thể thao WIill mesh S1 Shalla (hàng đẹp),https://www.lazada.vn/products/pdp-i313624365.html,48.489 ₫,4.0,44 Đã bán
"Loa Laptop Lenovo IdeaPad S340-14IIL, S340-14, S340-14IWL, S340-14API, S340-14IML, PK23000Z200",https://www.lazada.vn/products/pdp-i2877559430.html,200.000 ₫,,
"Bộ Tua Vít Đa Năng Mini 115 Chi tiết Cao Cấp - Sửa Điện Thoại, Laptop, Kính, Đồng Hồ - Tiện Lợi",https://www.lazada.vn/products/pdp-i3136118832.html,71.280 ₫,4.0,87 Đã bán
Ram Laptop DDR4 PC4 8GB / 4GB / Bus 2133 / 2400 / 2666 / 3200Mhz Bảo Hành 3 năm - Chính Hãng skhynix Korea,https://www.lazada.vn/products/pdp-i2617397891.html,300.000 ₫,4.0,43 Đã bán
Orico Bộ Mở Rộng Type-C Hub USB,https://www.lazada.vn/products/pdp-i3194417679.html,590.000 ₫,4.0,10 Đã bán
"Bàn Hoc Gấp Gọn Có Khe Cắm Ipad 40x60, Bàn Học Thông Minh, Tiện Dụng -Bàn học - Bàn gấp - Bàn học gấp gọn, Bàn học gấp cho bé có khe để ipad thông minh - Bàn học gấp gọn mini mặt gỗ chân nhựa thông minh ngồi bệt để giường laptop - ASHAKI",https://www.lazada.vn/products/pdp-i2528539907.html,116.000 ₫,4.0,23 Đã bán
"Bộ bàn phím cơ và chuột gaming G21 RGB có dây ,bàn phím máy tính có LED 7 màu,chuyên gaming/ văn phòng làm việc sử dụng cho máy tính/laptop",https://www.lazada.vn/products/pdp-i2555152665.html,118.000 ₫,4.0,350 Đã bán
Balo đi học nam nữ ulzzang đựng Laptop cho học sinh style Hàn Quốc unisex BL290,https://www.lazada.vn/products/pdp-i1975132702.html,179.000 ₫,4.0,216 Đã bán
"Túi Đeo Chéo, Đeo Vai Thể Thao Chống Nước Tương phản màu sắc, Túi Đeo Ngang Dung Tích To.",https://www.lazada.vn/products/pdp-i2873629771.html,104.000 ₫,4.0,21 Đã bán
"Máy Hút Bụi Mini Với Lực Hút Mạnh Giúp Vệ Sinh Máy Tính, Laptop Hiệu Quả Nhất",https://www.lazada.vn/products/pdp-i1809728740.html,23.750 ₫,,
TÚI ĐEO CHÉO UNISEX MESSBAG DA PU (ĐEN) NA,https://www.lazada.vn/products/pdp-i475532728.html,105.000 ₫,4.0,
Balo thời trang unisex MEN C9 GSR [ CHÍNH HÃNG ],https://www.lazada.vn/products/pdp-i2838180774.html,47.000 ₫,4.0,66 Đã bán
Balo cặp ulzzang XIADE trong suốt nữ thời trang đi học đi chơi du lịch giá rẻ đựng vừa laptop canvas CHỐNG NƯỚC,https://www.lazada.vn/products/pdp-i1737442553.html,48.900 ₫,4.0,
Túi đeo chéo vải canvas thời trang nam nữ cỡ to size a4 laptop14 inch TAIMEIBAG,https://www.lazada.vn/products/pdp-i2286050642.html,69.000 ₫,4.0,219 Đã bán
Túi đeo chéo đeo hong da NAM NỮ nắp da loại 1 triangle Shalla DR5,https://www.lazada.vn/products/pdp-i1580019183.html,57.000 ₫,4.0,320 Đã bán
"Túi Chống Sốc TC002 Dành Cho Macbook, Laptop 13inch, 14 inch, 15.6 inch HARAS",https://www.lazada.vn/products/pdp-i2249936439.html,78.210 ₫,5.0,125 Đã bán
"Combo chuột và bàn phím GrownTech bluetooth không dây size mini cho máy tính bảng, tablet , laptop",https://www.lazada.vn/products/pdp-i3001305902.html,156.829 ₫,5.0,
"P PMC Bộ Tua Vít Đa Năng, Bộ Tô Vít Đa Năng Mini 24 Đầu Nhỏ Sửa Điện Thoại, Mở Laptop, Mắt Kính, Đồng Hồ",https://www.lazada.vn/products/pdp-i3025790859.html,20.800 ₫,4.0,66 Đã bán
Túi Đeo Chéo Vải Dù Chống Nước Cao Cấp ( T06),https://www.lazada.vn/products/pdp-i662570023.html,145.000 ₫,4.0,276 Đã bán
"Bàn phím không dây cao cấp dùng cho laptop, PC, Smart TV tăng kèm miếng phủ silicon bảo vệ chống nước, bụi bẩn",https://www.lazada.vn/products/pdp-i213306250.html,197.000 ₫,4.0,
[MẪU MỚI] 52x40cm BALO ĐẠI LỚN LAPTOP DU LỊCH THỜI TRANG ĐI LÀM ĐI CÔNG TÁC MẪU MỚI KÍCH THƯỚC ĐẠI LỠ - LM05,https://www.lazada.vn/products/pdp-i2020260398.html,219.000 ₫,5.0,64 Đã bán
Bàn Làm Việc Thông Minh Cao Cấp Nâng Hạ - Bàn Máy Tính Hiện Đại Có Thể Chỉnh Độ Cao Bàn - M197,https://www.lazada.vn/products/pdp-i2599150111.html,6.050.000 ₫,,
"COMBO 5 Quần Đùi Nam Trung Niên . Quần Short Nam Vải Kate Đáy NêmTam Giác Cho Người Trung Niên Người Lớn Tuổi,Chât Liệu Mền Min- Tannguyen shop",https://www.lazada.vn/products/pdp-i2168337133.html,105.000 ₫,4.0,
"Túi chống sốc đựng Laptop / Macbook chống nước, xước Cao Cấp 13.3,15.6,11.6 inch da máy tính Cặp balo nam nữ",https://www.lazada.vn/products/pdp-i2490484189.html,62.000 ₫,5.0,26 Đã bán
Bình mini butane gas namilux bộ 4 bình chính hãng,https://www.lazada.vn/products/pdp-i2679232035.html,89.000 ₫,5.0,
Giá Đỡ Máy Tính Xách Tay LS515 Bằng Nhôm Di Động Gấp Gọn Giá Đỡ Nâng Tương Thích Với Máy Tính Xách Tay 10 Đến 15.6 Inch.,https://www.lazada.vn/products/pdp-i2863146054.html,169.000 ₫,4.0,62 Đã bán
"Bút Laser Trình Chiếu PPT TINAN LZ03 Không Dây Cho Laptop, Đầu Cắm USB",https://www.lazada.vn/products/pdp-i2083034282.html,159.000 ₫,4.0,40 Đã bán
Quần Short Co Giãn Làm Mát Thể Thao Dành Cho Nam Họa Tiết Trơn Bằng Vải Polyester Thích Hợp Cho Thể Thao Hoặc Mặc Thường Ngày Tại Nhà,https://www.lazada.vn/products/pdp-i2507392346.html,28.500 ₫,4.0,
"Balo Thời Trang Nam Nữ Chất Liệu Vải Polyester, Có Nhiều Ngăn, Đi Học Đi Chơi",https://www.lazada.vn/products/pdp-i1023846093.html,103.200 ₫,4.0,645 Đã bán
Ổ cứng laptop 1T caution sức khỏe từ 50% --&gt; 99%,https://www.lazada.vn/products/pdp-i2962032818.html,200.000 ₫,5.0,42 Đã bán
"Bút Laser Trình Chiếu PPT cho Laptop, Sạc Pin, Đầu Cắm USB",https://www.lazada.vn/products/pdp-i1053734578.html,129.000 ₫,4.0,164 Đã bán
"Sổ tay doanh nhân TAMU, tặng kèm 2 bút kí, đựng laptop 14inch",https://www.lazada.vn/products/pdp-i2878109248.html,418.000 ₫,5.0,5 Đã bán
"USB Phát Wifi 4G MAXIS Kết Nối mạng siêu tốc cho Laptop , PC, Lỗi 1 Đổi 1",https://www.lazada.vn/products/pdp-i1876459362.html,195.000 ₫,5.0,11 Đã bán
"USB thu sóng wifi Gutek WD46 1200mbps 2 râu nâng cấp WiFi lên 5G cho máy tính, pc , laptop tần số 2.4G 5G siêu nhanh",https://www.lazada.vn/products/pdp-i2380123202.html,128.000 ₫,4.0,
Giá Đỡ Laptop Bằng Nhựa Có Thể Gấp Gọn Và Điều Chỉnh Độ Cao ( Màu Ngẫu Nhiên),https://www.lazada.vn/products/pdp-i1990029566.html,16.166 ₫,4.0,339 Đã bán
Balo Du Lịch Phượt Đi Làm Chống Nước The North Face Fuse Box Balo Có Ngăn Đựng Laptop To,https://www.lazada.vn/products/pdp-i2255519039.html,330.000 ₫,5.0,10 Đã bán
Hub Chia Cổng USB Trung Tâm 3.0 Type-C – Bộ chia USB OTG chuyển đổi có công tắc nguồn Led - Tốc độ cao 5Gbps,https://www.lazada.vn/products/pdp-i2014761601.html,114.000 ₫,4.0,969 Đã bán
Túi Xách Laptop Nam Nữ Công Sở 15.6 Inch HARAS TC003,https://www.lazada.vn/products/pdp-i1783811926.html,89.000 ₫,4.0,630 Đã bán
Bàn Laptop Bàn Làm Việc Học Tập Điều Chỉnh Góc Thông Minh Có Thể Tăng Chỉnh Độ Cao Tiện Lợi Đa Năng,https://www.lazada.vn/products/pdp-i2401148807.html,298.000 ₫,5.0,14 Đã bán
USB 32Gb cứu hộ GHOST win 7; 8; 10; 11 - máy tính để bàn và laptop,https://www.lazada.vn/products/pdp-i2855393425.html,138.000 ₫,,
"Remote điều khiển tivi Samsung Mã 28 loại tốt, điều khiển TV Samsung internet - Tặng kèm pin - Gia Dụng Bố Già",https://www.lazada.vn/products/pdp-i2665058567.html,49.000 ₫,4.0,305 Đã bán
Túi Đeo Chéo Nam Da Bê Cao Cấp Thời Thượng – Old Angler - Sản Xuất Thủ Công Tại Italy_409389,https://www.lazada.vn/products/pdp-i2585251422.html,7.990.000 ₫,,
Đồ Chơi Máy Tính Laptop Có Nhạc Và Đèn,https://www.lazada.vn/products/pdp-i3039545178.html,74.000 ₫,5.0,
"Bàn phím dùng cho PC,Laptop mini K1000 có dây (đen)",https://www.lazada.vn/products/pdp-i2362253963.html,95.000 ₫,5.0,15 Đã bán
Bàn Học Đứng Điều Chỉnh Chiều Cao 2 Tầng - Mẫu Thiết Kế Hiện Đại - Tương Thích 2 Laptop - Xuất Xứ Việt Nam,https://www.lazada.vn/products/pdp-i3083046718.html,1.390.000 ₫,5.0,15 Đã bán
Giá Đỡ Laptop Nhôm Mẫu Mới 2023,https://www.lazada.vn/products/pdp-i2222686674.html,81.000 ₫,4.0,282 Đã bán
"Áo sơ mi tay dài nam trơn cao cấp GEN ALPHA chất kate lụa mát mẻ, đủ màu áo hộp",https://www.lazada.vn/products/pdp-i2409510708.html,35.000 ₫,4.0,
Túi đựng laptop chống sốc phong cách Hàn Quốc Pink Bear 9.8/10/11/13.3/15/15.6inch,https://www.lazada.vn/products/pdp-i2343648005.html,136.000 ₫,5.0,64 Đã bán
Warrior | Balo Laptop Nhẹ Cho Nam Đi Làm và Du Lịch,https://www.lazada.vn/products/pdp-i3200097647.html,268.000 ₫,4.0,
"P PMC Giá Đỡ Laptop THĂNG LONG THALOCO-TLC. Điều Chỉnh Độ Cao,14/16 inch IPAD Chống Nóng Hợp Kim Nhôm Cao Cấp",https://www.lazada.vn/products/pdp-i3025662957.html,76.900 ₫,5.0,165 Đã bán
"Tai Nghe Bluetooth Pro6 Nhét Tai Bluetooth Không Dây Chống Ồn cho IPhone Phone Samsung Xiaomi Android Laptop Pc, Tai Nghe Không Dây Mini Pro 6 Tws Bluetooth 5.0.",https://www.lazada.vn/products/pdp-i2422135657.html,170.000 ₫,4.0,21 Đã bán
-CLUBLU- Bảng Vẽ Điện Tử Laptop Bảng Vẽ Với Bút Mức Độ Áp Lực Hỗ Trợ OSU Vẽ Dạy Trực Tuyến AndroidPC,https://www.lazada.vn/products/pdp-i2687495194.html,478.000 ₫,5.0,198 Đã bán
"Túi Xách Nữ Phong Cách Nhật Bản – Kết Hợp Canvas & Cói – Đi Biển, Đi Chơi, Dạo Phố Siêu Xinh",https://www.lazada.vn/products/pdp-i2518563337.html,16.500 ₫,4.0,
DAMIK Bàn rút di động có kệ ngang Bàn laptop bàn học bàn làm việc nâng hạ chiều,https://www.lazada.vn/products/pdp-i2452262409.html,192.000 ₫,4.0,826 Đã bán
52x40cm - Balo du lịch cao cấp SG thời trang - BALO LAPTOP NAM NỮ 21inch - Balo - LM04,https://www.lazada.vn/products/pdp-i384610346.html,219.000 ₫,4.0,421 Đã bán
Cặp văn phòng laptop đeo chéo đeo vai Case trung tâm 4 kiểu Shalla GSR [Hình thật],https://www.lazada.vn/products/pdp-i2036467868.html,97.980 ₫,4.0,28 Đã bán
"Cặp da công sở nam đeo chéo Zenka đựng máy tính bảng, đựng vừa laptop 13 inch lịch sự, sang trọng - ZIP04",https://www.lazada.vn/products/pdp-i2320067298.html,279.000 ₫,4.0,238 Đã bán
[LỖI 1 ĐỔI 1] Cặp balo học sinh nam nữ đi học trung học siêu nhẹ size 48cm TULIP ONE BL043 HÀNG ĐẸP chất liệu vải dù chống xước chống nước với nhiều màu sắc và hoạt tiết bắt mắt,https://www.lazada.vn/products/pdp-i2369236893.html,167.310 ₫,4.0,292 Đã bán
ÁO KHOÁC HOODIE NAM NỮ UNISEX TRƠN NEW CHẤT NỈ DÀY CHỐNG LẠNH NẮNG NÓNG THU ĐÔNG PHOM RỘNG NHẬT BẢN CAO CẤP 1HITSHOP 2025 - TOKYO FASHIOn,https://www.lazada.vn/products/pdp-i1633434330.html,52.250 ₫,4.0,
Balo chống sốc laptop chống nước 3 chức đa năng có sạt USB công nghệ mới ATRIC Full đen GSR Shalla,https://www.lazada.vn/products/pdp-i1841504629.html,116.285 ₫,4.0,647 Đã bán
Loa vi tính loa gỗ dài công suất lớn dùng cho PC Laptop ĐTTivi-LEERFEI YST 3513 2.0 Âm Thanh Vòm 3D Phiên Bản Đặc Biệt,https://www.lazada.vn/products/pdp-i2304085315.html,140.700 ₫,4.0,16 Đã bán
Cổng chia USB hub 4 cổng đa năng truyền dữ liệu tốc độ cao ổn định hàng chính hãng，High Speed 4 Port USB 3.0 Multi Hub Splitter Expansion Desktop PC Laptop Adapter,https://www.lazada.vn/products/pdp-i2081108150.html,38.214 ₫,4.0,236 Đã bán
ACEMAGIC | Máy Tính Mini AI Thông Minh Ryzen AI 9 HX370 Hiệu Suất Cao Chơi Game,https://www.lazada.vn/products/pdp-i3182492124.html,19.061.000 ₫,4.0,
"Ổ cứng HDD 500GB 320G 250G 160G 120G 80G SATA III 2.5'' Hoạt động tốt dùng cho LAPTOP, PC nhiều hãng",https://www.lazada.vn/products/pdp-i1951511194.html,89.000 ₫,5.0,13 Đã bán
"Bộ Tua Vít Đa Năng Mini 115 Chi tiết Cao Cấp - Sửa Điện Thoại, Laptop, Kính, Đồng Hồ - Tiện Lợi",https://www.lazada.vn/products/pdp-i3135787772.html,67.680 ₫,5.0,26 Đã bán
"RAM Laptop DDR4 S@msung/SK Hynix 16GB 2666MHz, 2400MHz, 3200MHz bảo hành 5 năm",https://www.lazada.vn/products/pdp-i3110902887.html,380.000 ₫,4.0,18 Đã bán
Sạc Laptop Asus 19V 2.37A 3.42A 1.75A Chân Nhỏ 4.0 x 1.35mm Chân To 5.5mm Đầu Kim 4.5x3.0mm Asus Laptop Charger Dây Sạc Vivobook Zenbook,https://www.lazada.vn/products/pdp-i1537269517.html,157.410 ₫,4.0,
Bộ Chuyển Đổi Hub Chia Cổng 3 Trong 1 Loại Type C USB A sang 3 Cổng USB 2.0 / USB 3.0 cho laptop 3 4 in 1 điện thoại,https://www.lazada.vn/products/pdp-i2459323882.html,39.000 ₫,5.0,93 Đã bán
Carkoci | Đế Nâng Máy Tính Xách Tay Có Chức Năng Tản Nhiệt và Gập,https://www.lazada.vn/products/pdp-i3195068937.html,151.000 ₫,4.0,
Khe Cắm Thẻ Tinh Tế Đựng Thẻ Ví Đựng Tiền Xu Nhẹ Mỏng Thẻ Ngân Hàng Thẻ Tín Dụng Túi Bảo Quản,https://www.lazada.vn/products/pdp-i2508868092.html,5.300 ₫,4.0,
SSD Gắn Ngoài Tốc Độ Cao 2TB/20TB/30TB Type-C/USB 3.1 Đĩa Cứng Di Động Cho PC Laptop MAC - Thẻ Nhớ Ổ Cứng Thể Rắn,https://www.lazada.vn/products/pdp-i2616272600.html,216.000 ₫,4.0,84 Đã bán
Áo sơ mi nam trơn vải kate lụa mịn GEN ALPHA - chất vải thấm hút tốt - Form chuẩn công sở,https://www.lazada.vn/products/pdp-i2409105595.html,35.000 ₫,4.0,
Chuột máy tính có dây SIDOTECH P20 dòng chuột vi tính gaming cho laptop máy tính văn phòng gaming DPI 1200 có phiên bản chuột silent chống ồn chơi game cho game thủ- Hàng Chính Hãng,https://www.lazada.vn/products/pdp-i1253887323.html,69.000 ₫,4.0,
"[43] Box sạc dự phòng 65w 20000mah 4 cell pin 21700 sạc nhanh cho laptop,Macbook điện thoại PD 65w 2 chiều RF20",https://www.lazada.vn/products/pdp-i3205917108.html,270.000 ₫,5.0,
"Giá đỡ laptop nhôm thiết kế thông minh 2 tầng Xách Tay Chống Trượt Di Động Có Thể Điều Chỉnh Độ Cao Gấp Gọn 6 + 9 Cấp Độ,(tặng kèm túi đựng)",https://www.lazada.vn/products/pdp-i1391428175.html,228.100 ₫,4.0,119 Đã bán
"Áo Gió Lót LÔNG CỪU Nam Nữ, Áo Khoác Gió Nam Nữ Lót Lông Cừu Siêu Ấm XUẤT XỊN Chống Nước, Chống Gió, có mũ tháo rời",https://www.lazada.vn/products/pdp-i2469290056.html,113.000 ₫,4.0,558 Đã bán
Trạm nối Acasis 21-in-1Thunderbolt Trạm nối máy tính để bàn USB4.0 Trình chiếu HDMI 8K Máy trạm Thunderbolt Máy tính xách tay 21 trong 1 Apple màn hình vi sai ba màn hình Máy tính cổng mạng 2.5G DS-9007,https://www.lazada.vn/products/pdp-i2707913851.html,4.880.700 ₫,5.0,34 Đã bán
[Duy nhất MEGA 11.11 Mua 2 giảm 10%] Áo sơ mi nam dài tay màu trơn chất lụa chống nhăn,https://www.lazada.vn/products/pdp-i1851388335.html,42.442 ₫,4.0,
Túi Đeo Chéo IPAD Có Cổng Sạc USB Và Lỗ Luồn Dây Tai Nghe Vải Da PU Cao Cấp Chống Nước T63,https://www.lazada.vn/products/pdp-i2435008315.html,93.000 ₫,4.0,121 Đã bán
Chuột không dây wireless HP bluetooth bấm êm xài tốt vừa tay cho máy tính và laptop - Mẫu mới,https://www.lazada.vn/products/pdp-i2284449223.html,121.000 ₫,4.0,567 Đã bán
POLONE 13 14 15 inch Siêu Bao đựng máy tính xách tay Chống sốc Đầy màu sắc Vỏ Ultrabook Chuyên nghiệp Di động Túi đựng máy tính bảng Cho HP/Dell/Bề Văn phòng,https://www.lazada.vn/products/pdp-i3036739486.html,43.250 ₫,4.0,41 Đã bán
"Áo Sơ Mi Nam Trơn Tay Dài GEN ALPHA ZA.RA cổ Đức, vải chéo mềm mịn hạn chế nhăn, nhiều màu, dễ mặc",https://www.lazada.vn/products/pdp-i2409054272.html,35.000 ₫,4.0,
"Bàn Phím Mini K12/ Tika /k1000 cổng USB- Nhỏ gọn, tiện lợi- Bàn phím có dây dùng cho PC, laptop",https://www.lazada.vn/products/pdp-i3184565150.html,88.000 ₫,,
Thùng máy bộ HP 400G3 SFF đẹp keng : i5 6500/Ram8G/SSD 120g bh 3 tháng chu đáo tại cửa hàng,https://www.lazada.vn/products/pdp-i2855955113.html,2.100.000 ₫,,
"Bàn học chân gấp - Bàn để máy tính, laptop có lỗ cắm bút và cổng cắm sạc",https://www.lazada.vn/products/pdp-i2166791608.html,96.000 ₫,5.0,11 Đã bán
"Màn hình cảm ứng laptop 14 inch FHD 40 Pin socket 20mm viền dày, Laptop Lenovo Thinkpad T470 T480 T470s T480S, HP Probook 440 G5",https://www.lazada.vn/products/pdp-i2181367110.html,2.230.375 ₫,,
"Loa súp vi tính SOUNDMAX model A-5000 chính hãng củ qua sử dụng hát lớn trầm ấm tốt ok,gồm 2 loa trép lớn và 2 treble nhỏ như hình chụp trên,cục súp Amplier dùng hát điện thoại,máy tính,laptop,tivi,trợ giảng hội hộp,gọi tên,đầu đĩa DVD,VCD,CD....",https://www.lazada.vn/products/pdp-i2557078474.html,650.000 ₫,,
Ổ cứng từ 80GB đến 8TB dùng cho PC laptop camera 1TB 2TB 3TB 4TB 6TB WD Red Blue Green Tím Purple Black Seagate Skyhawk Barracuda 160GB 250GB 500GB,https://www.lazada.vn/products/pdp-i1308008739.html,580.000 ₫,4.0,
"Túi Xách Nam Nữ Công Sở, Cặp Đựng Laptop 15.6, 17 inch Chống Sốc",https://www.lazada.vn/products/pdp-i2807094661.html,177.210 ₫,,
Chuột Led Không Dây Pin sạc T28 Cổng sạc TypeC chống mỏi cổ tay cho máy tính laptop,https://www.lazada.vn/products/pdp-i3109326089.html,250.000 ₫,5.0,
Túi xách nữ công sở đeo vai màu đen da PU bóng đẹp đi làm vừa laptop 15.6 inch size 42 cm ROSASO TX100,https://www.lazada.vn/products/pdp-i2468758124.html,99.999 ₫,4.0,25 Đã bán
Balo học sinh lịch lẫm Cascher Lá kéo Cam sang trọng có ngăn đựng laptop GSR [GIÁ SỈ],https://www.lazada.vn/products/pdp-i2652407848.html,157.000 ₫,5.0,23 Đã bán
"DECAL MÀU DÁN TRANG TRÍ XE MÁY, điện thoại laptop hồ cá… khổ decal 60cm",https://www.lazada.vn/products/pdp-i2223696238.html,43.000 ₫,4.0,672 Đã bán
[SIÊU HOT] Balo thời trang laptop 16inch thời thượng T10,https://www.lazada.vn/products/pdp-i2467964707.html,110.000 ₫,4.0,276 Đã bán
Sạc Laptop Type C 65W Đa Năng 20V 15V 9V 5V Bộ Sạc Laptop Lenovo Dell Huawei Xiaomi Razer HP Acer Asus Cổng USB C Ship Hỏa Tốc,https://www.lazada.vn/products/pdp-i1507871686.html,289.000 ₫,4.0,158 Đã bán
GOIIOG | Bộ Bàn Phím và Chuột Không Dây Siêu Tĩnh cho Laptop,https://www.lazada.vn/products/pdp-i3205203193.html,155.000 ₫,4.0,
QIUWU 2 cái máy tính xách tay đứng mini cầm tay chủ có thể gập lại nvisible máy tính xách tay Riser khung giá cho máy tính xách tay đứng làm mát chủ,https://www.lazada.vn/products/pdp-i3029044521.html,14.789 ₫,4.0,405 Đã bán
"Balo Laptop nam nữ đẹp và chống sốc, Balo đi học, đi chơi, đi du lịch nhỏ gọn tiện dụng, chất liệu bền bỉ có chống nước",https://www.lazada.vn/products/pdp-i2122037628.html,109.000 ₫,4.0,153 Đã bán
"Balo Thời Trang Nam Nữ, Balo Phong Cách Hàn Quốc Thời Trang Đựng Được Laptop",https://www.lazada.vn/products/pdp-i1050278435.html,127.135 ₫,4.0,321 Đã bán
"Balo Đựng Laptop Siêu Nhẹ GENOO Chất Liệu Microfiber Cao Cấp Chống Nước Kiểu Dáng Ultra Slim Siêu Mỏng, Siêu Nhẹ",https://www.lazada.vn/products/pdp-i2067182979.html,375.000 ₫,5.0,30 Đã bán
"Cáp chuyển đổi từ Type C sang HDMI+VGA+USB3.0 cho macbook laptop điện thoại chất lượng 4K Type-C to HDMI kết nối ti vi máy chiếu Usb Type-C To USB-C 4K HDMI, VGA USB 3.0, 3 trong 1, hỗ trợ SS MHL",https://www.lazada.vn/products/pdp-i2588744770.html,129.000 ₫,4.0,38 Đã bán
"Webcam 2K/1080P Livestream, mic giảm ồn Trợ sáng cực tốt, Máy tính USB Cho PC Laptop",https://www.lazada.vn/products/pdp-i3086997915.html,129.492 ₫,4.0,10 Đã bán
Màn hình Laptop Dell LATITUDE 14 3420 hoặc Inspiron 7420 14 inch chân Full HD cảm ứng,https://www.lazada.vn/products/pdp-i2672996111.html,1.495.000 ₫,,
Túi Laptop Calfskin 110 DL - Acacia - Medici Of Florence - Sản Xuất Thủ Công Tại Italy_MED110,https://www.lazada.vn/products/pdp-i2585275195.html,8.789.000 ₫,,
MÁY TÍNH ĐỂ BÀN VSP ALL IN ONE VA241-610H TRẮNG/23.8 INCH/ 60HZ/FULL HD 1920X1080,https://www.lazada.vn/products/pdp-i2648374507.html,7.000.000 ₫,,
Màn hình di động 15.6 INCH FULLHD IPS tặng bao da cao cấp kết nối điện thoại laptop máy game,https://www.lazada.vn/products/pdp-i2752141611.html,1.750.000 ₫,,
Túi Đựng Laptop Da Thật Calfskin 124M - Medici of Florence - Sản Xuất Thủ Công Tại Ý_MED128ABD86D0,https://www.lazada.vn/products/pdp-i3065479846.html,9.999.000 ₫,,
Túi Đựng Laptop Da Calfskin 83 - Havana - Medici Of Florence - Sản Xuất thủ Công Tại Italy_MED83HACE452,https://www.lazada.vn/products/pdp-i2585334026.html,9.229.000 ₫,,
"màn hình di động 14 inch FULLHD , 60hz kết nối điện thoại laptop pc máy game",https://www.lazada.vn/products/pdp-i2911810723.html,1.650.000 ₫,,
Màn hình laptop Dell Latitude 14 7480,https://www.lazada.vn/products/pdp-i2052334503.html,980.000 ₫,,
WAVLINK USB Hub Type C Quadruple Display Docking Station 18 in 1 USB-C Thunderbolt 3 Dock Cổng Chia USB 3.0 3.1 To HDMI DP 100W PD For Macbook Laptop,https://www.lazada.vn/products/pdp-i3101799876.html,6.890.000 ₫,3.0,
Túi Đựng Laptop Cầm Tay 124M - Acacia- Medici Of Florence - Sản Xuất Thủ Công Tại Italy_MED128ABD86D0,https://www.lazada.vn/products/pdp-i2585103665.html,9.999.000 ₫,,
Yeston Bộ Tản Nhiệt Làm Mát Bằng Nước Tích Hợp Với Bơm Nước Hiệu Suất Cao Quạt 3 ARGB Hỗ Trợ Đồng Bộ Hóa Bo Mạch Chủ ARGB,https://www.lazada.vn/products/pdp-i1600662012.html,4.016.579 ₫,5.0,9 Đã bán
Túi Đựng Laptop Da Soft Calfskin 030191NE - Old Angler - Da Thật Cao Cấp Sản Xuất Thủ Công Tại Italy,https://www.lazada.vn/products/pdp-i3104318855.html,12.250.000 ₫,,
"Màn Hình Laptop HP 1000, 1000-1000 CQ43 Hp 431 HD (1366X768)",https://www.lazada.vn/products/pdp-i3113151712.html,435.000 ₫,,
"Máy tính bảng Nec VKZ11 / VKF11 intel N3350, 4gb ram, 128gb SSD, màn 10.1” full HD cảm ứng phụ kiện đầy đủ",https://www.lazada.vn/products/pdp-i2537737909.html,1.800.000 ₫,,
Warrior | Balo Du Lịch Mới Dung Lượng Lớn Túi Laptop Doanh Nghiệp,https://www.lazada.vn/products/pdp-i3195564333.html,354.000 ₫,4.0,
laptop ultrabook HP Elitebook folio g1.cpu M3 6y30.ram 8g.ssd 128g.hang dùng rồi do mới trên 90%.,https://www.lazada.vn/products/pdp-i3060306015.html,3.550.000 ₫,,
MAIN LAPTOP ASUS E402M,https://www.lazada.vn/products/pdp-i3155856586.html,300.000 ₫,,
Loa karaoke xách tay Mobell MK-4260A,https://www.lazada.vn/products/pdp-i2602882751.html,2.490.000 ₫,,
"DYSON V12 DETECT SLIM – NHỎ GỌN, THÔNG MINH, LỰC HÚT MẠNH MẼ",https://www.lazada.vn/products/pdp-i3212527365.html,10.600.000 ₫,,
Voucher Discount 15% Max 3000k Laptop HP Pavilion 15 eg2058TU (6K788PA)SS Core i5 _ 1240P | 8GB | 512GB SSD PCIe | 15.6 inch Full HD IPS | Win 11| Hàng Chính Hãng,https://www.lazada.vn/products/pdp-i2072217850.html,15.700.000 ₫,5.0,75 Đã bán
"MOVESPEED | Dây Cáp PD Sạc Siêu Nhanh Type-C cho Apple mini6, Android Pro Laptop và Máy Tính Bảng",https://www.lazada.vn/products/pdp-i3217677853.html,136.000 ₫,4.0,
"Bộ Vỏ Máy Tính Xách Tay DIY 14 Inch 15,6 Inch Cho Màn Hình iPad 1/2/3/4 Vỏ Máy Tính Di Động Chassis Vỏ Máy Tính Xách Tay",https://www.lazada.vn/products/pdp-i2493196596.html,154.710 ₫,5.0,121 Đã bán
SKynix BC711 512G M.2 2230 PCIe NVMe SSD Laptop Solid State Drive Màn Hình Máy Tính Phụ Kiện Phần Cứng Bảo Hành 1 Năm,https://www.lazada.vn/products/pdp-i2529022946.html,1.563.000 ₫,5.0,310 Đã bán
Box ổ cứng di động 2.5 inch trong suốt hộp đựng ổ cứng laptop PC chuẩn USB 2.0 3.0,https://www.lazada.vn/products/pdp-i2997145214.html,55.000 ₫,5.0,39 Đã bán
Intel Core 2 Duo T8300 T9300 T9500 X9000 Laptop Cpu 965 GL40,https://www.lazada.vn/products/pdp-i2528954427.html,624.000 ₫,5.0,5 Đã bán
"Balo Laptop 17 Inch Chống Nước Chống Xước, Phong Cách Lịch Lãm Văn Phòng, Tiện Ích Đa Năng M441",https://www.lazada.vn/products/pdp-i2637324508.html,459.000 ₫,5.0,8 Đã bán
"ALPAKA METRO CROSSBODY - LEFT SHOULDER 10L AXOFLUX TÚI ĐEO CHÉO VÌ LAPTOP 11'',TABLET 11'', MÁY ẢNH, HỘ CHIẾU, THIẾT YẾU",https://www.lazada.vn/products/pdp-i1996880273.html,3.589.425 ₫,,
Màn hình Laptop LED dày 15.6in 40pin sáng đẹp,https://www.lazada.vn/products/pdp-i2315678968.html,390.000 ₫,,
"Bộ loa vi tính 2 loa Bass cho điện thoại, máy tính, laptop",https://www.lazada.vn/products/pdp-i3140899909.html,20.000 ₫,4.0,
"Túi Xách Nam Nữ Công Sở, Cặp Đựng Laptop 15.6 Inch Praza - TX089",https://www.lazada.vn/products/pdp-i530004064.html,179.000 ₫,4.0,
Balo Chữ In YNN Quai To Nam Nữ,https://www.lazada.vn/products/pdp-i3070616549.html,149.900 ₫,,"10 Đã bán
Hà Nội"
Túi đựng laptop chống sốc thêu họa tiết xinh xắn kích thước 9.7/11/13/14/15/15.6-inch,https://www.lazada.vn/products/pdp-i2701485717.html,110.000 ₫,4.0,18 Đã bán
"Túi Đeo Vai Vải Nhung – Đa Năng, Sức Chứa Lớn & Bền Bỉ Cho Cả Nam và Nữ",https://www.lazada.vn/products/pdp-i2520698131.html,49.400 ₫,4.0,
"Bàn gấp, bàn học gấp nâng, bàn làm việc vẽ laptop đầu giường 40*80 cm",https://www.lazada.vn/products/pdp-i3083590821.html,750.000 ₫,4.0,22 Đã bán
"Balo Laptop Campus, Balo Work Cao Cấp PRAZA, Có Ngăn Đựng Laptop - BL174",https://www.lazada.vn/products/pdp-i270078532.html,179.000 ₫,4.0,
Box ổ cứng di động 2.5 inch trong suốt hộp đựng ổ cứng laptop PC chuẩn USB 2.0 3.0,https://www.lazada.vn/products/pdp-i3071495640.html,55.000 ₫,4.0,42 Đã bán
Cặp văn phòng đa năng Shalla C6,https://www.lazada.vn/products/pdp-i277704601.html,135.830 ₫,4.0,147 Đã bán
(free ship) thanh lý màn hình máy tính sách tay laptop các loại,https://www.lazada.vn/products/pdp-i1387482327.html,149.999 ₫,4.0,22 Đã bán
"Camera Mini Nhỏ W11 Pro Kết Nối Cổng USB Cao Cấp , Camera An Ninh Chất Lượng Hình Ảnh Full HD 1080P, Ống Camera Siêu Nhỏ, Dễ Dàng Điều Chỉnh Góc Chụp, Xem Qua Điện Thoại, Laptop. Bh 12 Tháng.",https://www.lazada.vn/products/pdp-i3025442079.html,275.210 ₫,4.0,202 Đã bán
"llano V12 Laptop Cooler Powerful Turbo-Fan RGB Blower-style Cooling Pad with Infinitely Variable Speed 3 USB ports for Rapid Cooling Gaming Laptop, For 15.6-21inch",https://www.lazada.vn/products/pdp-i2549804476.html,1.450.000 ₫,4.0,261 Đã bán
"Bàn phím số mini K1000 có dây 18 phím nhỏ gọn dùng cho máy tính xách tay, laptop, PC (Sẵn hàng giá rẻ)",https://www.lazada.vn/products/pdp-i3132305562.html,56.420 ₫,5.0,7 Đã bán
ARCTIC HUNTER balo nam balo du lịch balo đựng quần áo balo chống nước cặp đi học nam Túi nam người đàn ông của ba lô Oxford dệt ba lô với cổng sạc USB độc lập kho Giày,https://www.lazada.vn/products/pdp-i3052344066.html,352.000 ₫,5.0,12 Đã bán
120W USB C Gan Siêu Nhanh PD Sạc Bộ Chuyển Đổi Sạc Nhanh Cho Laptop Máy Tính Bảng iPhone iPad MacBook OPPO Samsung Xiaomi,https://www.lazada.vn/products/pdp-i2725372687.html,75.000 ₫,5.0,198 Đã bán
Màn hình Laptop Dell Latitude E7480 E7490 7480 7490 kích thước 14'' LED Mỏng IPS FHD - Slim 30 Pin phân giải ( 1920x1080 Full HD ) có 2 tai ốc bên dưới,https://www.lazada.vn/products/pdp-i1573442942.html,1.450.000 ₫,,
Xraydisk M2 NVMe Ổ Cứng SSD High Speed 1TB 2TB M.2 PCIe NVME Ssd Solid State Disk Hard Drive for Laptop&Desktop-Siêu Nhanh SSD 1TB pro,https://www.lazada.vn/products/pdp-i2094826554.html,750.000 ₫,4.0,58 Đã bán
Bộ máy tính văn phòng giá rẻ chất lượng tốt TẶNG USB WIFI bắt mạng như laptop,https://www.lazada.vn/products/pdp-i1995568525.html,792.000 ₫,,
Giảm Giá Intel OPAK 16GB M.2 PCIE NVM Accelerate Memory SSD Laptop Desktop New Intel Solid State Drive 16GB M.2 22x80x2mm,https://www.lazada.vn/products/pdp-i2425864075.html,83.000 ₫,4.0,
"Vỏ Laptop Dell Latitude 3540 - NEW ZIN CHÍNH HÃNG 100% - Sẵn Đủ Các Mặt A, C, D Hoàn Hảo!",https://www.lazada.vn/products/pdp-i3113151393.html,219.000 ₫,,
Hàng Chuẩn Balo Thời Trang Đi Học Du Lịch Nhiều Ngăn Lưu Trữ Lớn Chất Vải Oxford Chống Thấm Nước T57,https://www.lazada.vn/products/pdp-i2438275611.html,124.350 ₫,5.0,117 Đã bán
HÀNG LOẠI 1 - Bàn học Labubu & Capybara gấp gọn học sinh sinh viên để laptop ngồi bệt chân sắt ( màu ngẫu nhiên ),https://www.lazada.vn/products/pdp-i3155363166.html,75.000 ₫,,
"Bàn Học Gấp Gọn Ngồi Bệt Bàn Laptop Nâng Hạ Thông Minh - Bàn Bệt Gấp Gọn Điều Chỉnh Chiều Cao, Độ Nghiêng",https://www.lazada.vn/products/pdp-i2476422734.html,340.000 ₫,,"5 Đã bán
Lạng Sơn"
Bàn phím máy tính giả cơ laptop mini nhỏ gọn siêu tiện dụng NK 11,https://www.lazada.vn/products/pdp-i1889607283.html,165.000 ₫,5.0,62 Đã bán
Cặp xách doanh nhân Size lớn có dây đeo. KHÓA 3 SỐ bảo mật!,https://www.lazada.vn/products/pdp-i2727600611.html,8.390.000 ₫,,
Màn hình 15.6 led mỏng 40 chân lỗi nhẹ,https://www.lazada.vn/products/pdp-i2214004827.html,360.000 ₫,,
"Tay Cầm Chơi Game Fifa Online 4 SeaSy - Xbox 360 Có Dây Dành Cho PC, LapTop, Smart Tivi, TV box",https://www.lazada.vn/products/pdp-i2024024149.html,399.000 ₫,5.0,17 Đã bán
Ổ Cứng 320G 500G PC/LAPTOP Sức Khỏe GOOD Cổng Sata,https://www.lazada.vn/products/pdp-i1362334685.html,120.000 ₫,4.0,102 Đã bán
"Usb Boot Cài Win Cứu Hộ Laptop, PC Win 7.10.11 – 32GB chuẩn nhanh",https://www.lazada.vn/products/pdp-i2700369676.html,108.000 ₫,4.0,482 Đã bán
Ổ cứng SSD cho Laptop + Máy tính bàn 64gb-128gb-256gb-512gb-1Tb,https://www.lazada.vn/products/pdp-i3152810781.html,400.000 ₫,,
Màn Hình Led dầy 14 ink 40 pin của máy tính sách tay laptop,https://www.lazada.vn/products/pdp-i2281948115.html,199.999 ₫,5.0,
[HCM]Túi ( Cặp ) Laptop 15.6 inch Nam Nữ Đi Làm Đi Học Giá Rẻ,https://www.lazada.vn/products/pdp-i1241609352.html,79.000 ₫,4.0,176 Đã bán
"Ổ cứng Laptop HDD, SSD M2 1TB, 750GB, 640Gb, 500Gb, 320Gb bảo hành 1 đổi 1",https://www.lazada.vn/products/pdp-i2164261181.html,166.320 ₫,5.0,
Vỏ Laptop Dell Latitude 7440 và 7450 Zin New Chính Hãng,https://www.lazada.vn/products/pdp-i3113086625.html,149.000 ₫,,
"Màn hình di động ARZOPA Z1FC 16.1"" 144Hz 1080P FHD | 100% sRGB, HDR | Cho văn phòng và Mac, PC, Laptop, PS, XBOX, Nint",https://www.lazada.vn/products/pdp-i3212498082.html,2.890.000 ₫,,
Bàn phím số bluetooth 4.0 giả cơ mini cho kế toán game thủ kết nối bluetooth4.0 / USB 2.4G và có dây cho laptop máy tính,https://www.lazada.vn/products/pdp-i2611430523.html,68.000 ₫,4.0,53 Đã bán
"Bộ Tua Vít Đa Năng, Bộ Tô Vít Đa Năng Mini 24 Đầu Nhỏ Sửa Điện Thoại, Mở Laptop, Mắt Kính, Đồng Hồ",https://www.lazada.vn/products/pdp-i3173725769.html,20.800 ₫,4.0,9 Đã bán
WAVLINK Card WiFi Intel AX210 WiFi 6E M.2/NGFF PCIe Ba Băng Tần 2.4/5/6GHz 5400Mbps Adapter Mạng Không Dây Cho Laptop - Tương Thích Với Windows 10/11,https://www.lazada.vn/products/pdp-i3126841040.html,428.000 ₫,5.0,9 Đã bán
Kipling Túi Đựng Laptop Computer Bag SUPERWORKER Signature Emb HUKI4718M2,https://www.lazada.vn/products/pdp-i3101897541.html,5.590.000 ₫,,
"Màn hình laptop Dell latitude E5420 E5430 E6420 E6430, 14 inch Led dày 40pin HD",https://www.lazada.vn/products/pdp-i1685600580.html,395.000 ₫,5.0,13 Đã bán
Túi chống sốc LAPTOP LOẠI DÀY 16 inch,https://www.lazada.vn/products/pdp-i2513992120.html,49.000 ₫,4.0,79 Đã bán
"Túi Chống Sốc Laptop, Macbook Air 14 Inch, 15,6 Inch 2 Ngăn Đa Năng Chống Nước TC37",https://www.lazada.vn/products/pdp-i2041266757.html,109.000 ₫,4.0,64 Đã bán
Balo Vải Gấu Xanh Size 40cm Thời Trang Nam Nữ,https://www.lazada.vn/products/pdp-i3070447301.html,119.000 ₫,5.0,
"Loa máy tính bàn mini bộ 2 loa vi tính 2.0 GrownTech L1520 công suất lớn dành cho học online, gaming laptop điện thoại",https://www.lazada.vn/products/pdp-i1469061871.html,169.290 ₫,4.0,
-CLUBLU- Bàn Phím Không Dây Bluetooth Văn Phòng Cao Cấp Cho Laptop Điện Thoại Ipad Máy Tính Bảng,https://www.lazada.vn/products/pdp-i2686804960.html,149.000 ₫,5.0,26 Đã bán
Túi đeo chéo nam nữ thời trang BEE GEE 0156 để điện thoại ipad chống thấm nước đẹp giá rẻ chất lượng tốt,https://www.lazada.vn/products/pdp-i2502999875.html,117.572 ₫,4.0,21 Đã bán
"Balo HARAS Thời Trang Hàn Quốc Phối Da Hình BoyMusic Và One Piece, Có Cổng Sạc USB, Có Ngăn Đựng Laptop - HR300",https://www.lazada.vn/products/pdp-i1963447665.html,179.000 ₫,4.0,225 Đã bán
💥💥Bàn Học Bàn Làm Việc Bàn Gấp Gọn Có Khay Chống Trượt Thông Minh Tiện Lợi Bàn Laptop Đa Năng Nâng Hạ Hiện Đại,https://www.lazada.vn/products/pdp-i2420199274.html,199.000 ₫,4.0,56 Đã bán
"P PMC 2 Chân Đế Laptop Mini Có Thể Gập Lại, Bàn Phím Máy Tính Di Động Nâng Với 2 Góc Có Thể Điều Chỉnh, Chân Đế Notebook Vô Hì",https://www.lazada.vn/products/pdp-i3066845674.html,20.000 ₫,4.0,402 Đã bán
"Túi Xách Laptop Nam Nữ Công Sở 15""6 VITAS-VT290",https://www.lazada.vn/products/pdp-i1724226395.html,138.000 ₫,5.0,15 Đã bán
"Ram Laptop 2Gb, 4Gb, 8Gb PC3L (DDR3L) bus 1600 và một số loại khác, hàng tháo máy chính hãng, bảo hành 3 năm",https://www.lazada.vn/products/pdp-i257694900.html,105.000 ₫,4.0,
Dock 2.5 IOCREST usd 3.0 kết nối ổ cứng SSD HDD laptop qua usb 3.0 xịn hơn dock seagate HDD box,https://www.lazada.vn/products/pdp-i2347437007.html,59.584 ₫,5.0,27 Đã bán
[Hỏa Tốc - CHÍNH HÃNG] USB WiFi TP LINK 1300Mbps USB NOTA tốc độ cao - Adapter Wifi giúp thu sóng WiFi 5Ghz cho Laptop PC máy bàn,https://www.lazada.vn/products/pdp-i1944015851.html,149.000 ₫,5.0,301 Đã bán
Balo laptop thể thao du lịch The North Face Amira .,https://www.lazada.vn/products/pdp-i1487577171.html,340.000 ₫,,
"Mẫu Balo Thời Trang Unisex Siêu Rộng Chống Nước, Có ngăn laptop 15.6 chống sốc, đựng quần áo, đi chơi, du lịch L2 B5503",https://www.lazada.vn/products/pdp-i2812238669.html,42.999 ₫,5.0,6 Đã bán
Màn Hình Laptop 15.6 SLIM 30 PIN FHD IPS tràn viền - thay thế cho laptop MSI/DELL/HP/ASUS/ACER/LENOVO/SAMSUNG,https://www.lazada.vn/products/pdp-i2508310361.html,775.000 ₫,5.0,87 Đã bán
"Thùng PC AURA 01 | Ryzen 5 5600, 16GB Ram | VGA RX 580/ RTX 3050/ RTX 3060 Mới BH 36T",https://www.lazada.vn/products/pdp-i2881445659.html,12.100.000 ₫,,
Chuột không dây wireless iMice E1800 có đèn led chống mỏi tay cho laptop và máy tính - Mẫu mới,https://www.lazada.vn/products/pdp-i2513249715.html,112.000 ₫,4.0,233 Đã bán
"Mini PC AI Minisforum X1 Ryzen 9 HX 370 890M Usb4, Oculink, hỗ trợ AI mạnh mẽ HX370",https://www.lazada.vn/products/pdp-i3199269530.html,11.690.000 ₫,,
Túi Đeo Chéo Nam Da Bò Nguyên Tấm Màu Đen - Old Angler - Sản Xuất Thủ Công Từ Italy_087389NE,https://www.lazada.vn/products/pdp-i3104432352.html,7.499.000 ₫,,
Giadung AnhAnh Bàn Học Gấp Gọn Ngồi Bệt Làm Việc Thông Minh Để LapTop có khe cắm điện thoại chân bàn chữ T,https://www.lazada.vn/products/pdp-i2730893978.html,198.900 ₫,,
Bộ Phát Wifi Di Động Cầm Tay zte mf65 Lắp Sim 3G 4G 5G Dùng Cho Gia Đình Canera Điện Thoại Máy Tính Laptop,https://www.lazada.vn/products/pdp-i1893593118.html,423.000 ₫,,
Vỏ Laptop Dell Latitude 3420 Zin New Chính Hãng,https://www.lazada.vn/products/pdp-i3113134404.html,149.000 ₫,,
Chuột Máy Tính Gaming Led Rgb LOGITECH G402 Chuột Vi Tính Laptop Chơi Game Cực Nhạy Giá Rẻ,https://www.lazada.vn/products/pdp-i3009785088.html,170.500 ₫,5.0,
"Bàn Làm Việc Laptop Gấp Gọn Mini Di Động 45x25x1.56cm, Giá Đỡ Máy Tính Xách Tay Cho Ô Tô, Phòng Khách, Ghế Sofa, Giường, Dùng Để Làm Việc & Đọc Sách, Xem Phim Truyền Hình",https://www.lazada.vn/products/pdp-i3226673672.html,296.800 ₫,,
Vỏ A laptop Dell Inpiron15 7000 7537,https://www.lazada.vn/products/pdp-i1612861738.html,950.000 ₫,,
RQZN | Đế Hỗ Trợ Máy Tính Xoay Được cho Laptop Gaming 18-inch,https://www.lazada.vn/products/pdp-i3196901306.html,209.000 ₫,4.0,5 Đã bán
Bàn phím chuột Bluetooth BOW K161D-3 hai chế độ cho laptop máy tính bảng iPad Huawei Oppo,https://www.lazada.vn/products/pdp-i3178733603.html,353.000 ₫,4.0,
Teclast 120G 128G 240G 256G 512G 1T Laptop Máy Tính Để Bàn Ổ Cứng SSD,https://www.lazada.vn/products/pdp-i2528948415.html,639.000 ₫,,"402 Đã bán
Hong Kong"
VỎ LAPTOP Sony Vaio PCG-61211W,https://www.lazada.vn/products/pdp-i2315324425.html,350.000 ₫,,
LccKaa USB 3.0 HUB Adapter 1 Đến 3 Cổng Tốc Độ Cao Hộp Chia Cho Máy Tính Laptop USB 2.0 Đa Cổng USB Đế Cắm Tương Thích Với Windows & Mac OS,https://www.lazada.vn/products/pdp-i3216954267.html,40.950 ₫,5.0,
Túi xách laptop dành cho nam chất liệu da thật mềm mại tích hợp nhiều ngăn đa chức năng tiện lợi thời trang doanh nhân BULLCAPTAIN,https://www.lazada.vn/products/pdp-i709622314.html,570.010 ₫,4.0,195 Đã bán
E-WOITD Phổ máy tính xách tay đứng có thể điều chỉnh máy tính xách tay chủ đối với Non-Slip có thể gập lại làm mát cơ sở khung giá cho máy tính xách tay máy tính bảng điện thoại,https://www.lazada.vn/products/pdp-i3182190575.html,16.892 ₫,3.0,6 Đã bán
"Màn hình di động 15,6 inch Full HD IPS ( 1920 x 1080 ) cho máy tính , laptop , smartphone , máy game",https://www.lazada.vn/products/pdp-i1587910037.html,1.935.450 ₫,5.0,6 Đã bán
Bàn Ăn - Bàn Laptop Mini,https://www.lazada.vn/products/pdp-i1264844474.html,180.000 ₫,5.0,177 Đã bán
Feger | Túi Đeo Chéo Da Công Sở Dung Lượng Lớn Có Khoang Laptop,https://www.lazada.vn/products/pdp-i3220884644.html,1.065.000 ₫,4.0,
Bàn phím có dây HP K200 bấm êm nhạy cho máy tính laptop - Mẫu mới,https://www.lazada.vn/products/pdp-i2513523914.html,132.000 ₫,5.0,129 Đã bán
SKYSHIU Macaron Mini Keyboard - Mỏng & Tĩnh Dùng cho laptop và PC,https://www.lazada.vn/products/pdp-i3127317924.html,40.000 ₫,5.0,20 Đã bán
"Bàn để laptop đa năng có thể nâng hạ , điều chỉnh góc theo ý muốn",https://www.lazada.vn/products/pdp-i2288171326.html,426.000 ₫,4.0,18 Đã bán
[TẶNG KÈM MÓC BẤM + 1 TÚI CÁT ĐỎ ] Móc Khóa Bát Tụ Bảo 4 Món 12 Con Giáp Chất Liệu Hợp Kim Kẽm (Vàng Gold) Xoay Được + Dây Đen Hạt Châu Đen Móc Khoá,https://www.lazada.vn/products/pdp-i2922114853.html,49.000 ₫,5.0,230 Đã bán
-CLUBLU- Bàn Phím Bluetooth Gấp Gọn Mini Không Dây Cho Laptop máy tính bảng Điện Thoại Đa năng,https://www.lazada.vn/products/pdp-i2686797205.html,179.360 ₫,4.0,194 Đã bán
"Túi Chống Sốc Laptop 13 inch, 14 inch, 15,6 inch Bền Đẹp, Túi Chống Sốc Macbook 13 inch, 15 inch, Chống Sốc Tốt - TX092",https://www.lazada.vn/products/pdp-i1761060344.html,69.000 ₫,4.0,
Ba Lô Du Lịch Công Sở Chống Nước Unisex 40x20x25 Laptop Mang Theo Hành Lý Xách Tay Cho Trường Đại Học Và Công Sở Ba Lô Nylon Thông Thường,https://www.lazada.vn/products/pdp-i3080848960.html,423.200 ₫,5.0,496 Đã bán
"Đèn led USB 28 bóng siêu sáng cho laptop máy tính pin dự phòng và các nguồn USB, Thân kim loại uốn cong được 360 độ",https://www.lazada.vn/products/pdp-i792730616.html,33.900 ₫,4.0,541 Đã bán
"Balo sinh viên nam, nữ balo học sinh chông thấm nước cao cấp size 45cm",https://www.lazada.vn/products/pdp-i2623038471.html,129.000 ₫,4.0,46 Đã bán
"Giá đỡ đọc sách, giá đỡ Laptop bằng thép không gỉ cao cấp chống mọi lưng, cổ bảo vệ đôi mắt của bạn, giá đọc sách",https://www.lazada.vn/products/pdp-i3076012772.html,228.000 ₫,,
Cặp văn phòng laptop đeo chéo đeo vai 4 kiểu phong cách mới MN4 Shalla,https://www.lazada.vn/products/pdp-i855426717.html,113.000 ₫,4.0,710 Đã bán
Túi đeo chéo Da UNISEX Thời Trang Cao Cấp HARAS HR054,https://www.lazada.vn/products/pdp-i2565446.html,149.000 ₫,4.0,412 Đã bán
"Balo Detolo du lịch chống nước BL009, Balo nam đi học đẹp đựng laptop 15.6 và 16 inch, Cặp đi học nữ thời trang",https://www.lazada.vn/products/pdp-i2469426841.html,293.000 ₫,5.0,35 Đã bán
"Balo Nam Balo laptop nam nữ, Balo đi học cao cấp bền bỉ, Chống Thấm Nước Sức Chứa Lớn Phù Hợp Đi Học Đi Du Lịch Dã Ngoại T52",https://www.lazada.vn/products/pdp-i2531640764.html,212.500 ₫,4.0,57 Đã bán
Lõi Kép Intel Core 2 Duo T8100 T9300 T9500 T8300 X9000 X9100 965 GM PM45 Laptop CPU 3.3GHz 22nm 6MB L2 Cache 6MB L3 Cache,https://www.lazada.vn/products/pdp-i3158107399.html,238.000 ₫,,"44 Đã bán
China"
Máy DJ Controller kết nối điện thoại/Ipad/laptop/PC DDJ FLX2 ( Thay thế DDJ200) Pioneer DJ/ Alphatheta - Hàng chính hãng,https://www.lazada.vn/products/pdp-i3141225285.html,6.300.000 ₫,,
Thiết bị thu sóng wifi cho máy tính laptop 150Mb TỰ NHẬN CẮM LÀ CHẠY bắt sóng cực mạnh kết nối qua cổng USB usb wifi bo thu song wifi,https://www.lazada.vn/products/pdp-i2404220868.html,67.900 ₫,4.0,99 Đã bán
"Ram Laptop DDR3 (PC3) 4Gb 8Gb Bus 1066/1333/1600 hàng tháo máy zin, Bảo Hành 3 Năm",https://www.lazada.vn/products/pdp-i2028807441.html,99.000 ₫,5.0,794 Đã bán
Đầu Đọc Thẻ Nhớ USB 3.0 Tốc Độ Cao 5Gbps Máy Tính Laptop - Đọc Thẻ TF Micro SD Máy Ảnh Điện Thoại,https://www.lazada.vn/products/pdp-i1888385783.html,32.175 ₫,4.0,314 Đã bán
Bàn xếp học sinh mini đa năng gấp gọn chân thang để laptop kích cỡ 40x60x28 đẹp giá rẻ,https://www.lazada.vn/products/pdp-i2712131967.html,65.000 ₫,,
"Chuột không dây sạc điện (Wireless/Bluetooth Mouse Re-chargeable) chuyên dùng cho Máy tính, Laptop, Phone, Tivi.",https://www.lazada.vn/products/pdp-i1225799701.html,129.000 ₫,4.0,
Tai nghe gaming có mic Sidotech G3m cho điện thoại dùng cho game thủ chơi game mobile pc laptop thuộc dòng tai nghe gaming có dây chuyên dụng cho game pubg moblie liên quân lmht tốc chiến,https://www.lazada.vn/products/pdp-i834360509.html,61.336 ₫,4.0,
Vỏ A vỏ B laptop Dell Gaming G3 3579,https://www.lazada.vn/products/pdp-i1897812910.html,395.000 ₫,,
Balo Ulzzang Thời Trang Hàn Quốc HARAS - HRS0270,https://www.lazada.vn/products/pdp-i915176624.html,149.000 ₫,4.0,
"Chuột có dây Acer OMW910 không kiếng ồn, chính hãng sử dụng đa tác vụ, độ bền cao, dùng cho Laptop gaming",https://www.lazada.vn/products/pdp-i3135184291.html,37.125 ₫,,
Tivi box mytv chỉ hỗ trợ xem youtube hàng cũ thanh lý,https://www.lazada.vn/products/pdp-i2428696306.html,200.000 ₫,4.0,474 Đã bán
"Pin Sạc Dự Phòng Dung Lượng Cao 12000mAh Sạc Nhanh cho Điện Thoại Apple, Huawei, Xiaomi và Laptop",https://www.lazada.vn/products/pdp-i3206746554.html,1.070.000 ₫,,
"Ổ cứng laptop, máy tính bàn SSD 128GB, HDD 500GB bảo hành 1 năm",https://www.lazada.vn/products/pdp-i2145998134.html,229.000 ₫,,
"Balo Laptop, Cặp Đựng Laptop chống sốc 15.6 inch dùng đi học, đi làm, đi chơi, đi du lịch có cổng sạc",https://www.lazada.vn/products/pdp-i2122005766.html,97.000 ₫,4.0,77 Đã bán
"COMBO 5 QUẦN Short Nam ,chất liệu vải tốt nhiều màu ( co giản nhẹ hàng bán tại xưởng may ) -therapy1989",https://www.lazada.vn/products/pdp-i2350346385.html,94.999 ₫,4.0,613 Đã bán
Chuột Không Dây Bluetooth 2.4G Sạc Pin Click Êm Mute Im Lặng Led Đổi Màu sạc pin kết nối điện thoại iOS Android máy tính laptop,https://www.lazada.vn/products/pdp-i938326864.html,104.880 ₫,4.0,861 Đã bán
Vỏ Laptop Acer V3-371 (mặt A) - Cũ,https://www.lazada.vn/products/pdp-i2386002635.html,150.000 ₫,,
Gamepad Tay cầm chơi game T706 / T850 / P19 khônd dây wireless cho máy tính Laptop,https://www.lazada.vn/products/pdp-i320882254.html,172.080 ₫,4.0,269 Đã bán
"Giá đỡ Laptop, Macbook, Ipad Bằng Nhôm Có Thể Điều Chỉnh Được Độ Cao, Đế Tản Nhiệt Laptop, Đế Kê Laptop Nhôm Macbox",https://www.lazada.vn/products/pdp-i1881645708.html,69.000 ₫,4.0,
"Cặp da công sở cao cấp Zenkada, túi đựng laptop 14 inch, 15 inch - ZKC15",https://www.lazada.vn/products/pdp-i1511655921.html,379.000 ₫,4.0,775 Đã bán
Bộ Bàn Phím và Chuột Không Dây Siêu Tĩnh cho Máy Tính Để Bàn và Laptop,https://www.lazada.vn/products/pdp-i3205560514.html,181.000 ₫,4.0,8 Đã bán
Microsoft Surface Pro 7 Plus Phiên bản Ram 16 GB Hiệu Năng Cao l Chip i5 l SSD 256Gb l Màn Hình 13.5 l Mới 90-97%,https://www.lazada.vn/products/pdp-i3150534908.html,12.100.000 ₫,,
"Tai nghe chụp tai gaming giả lập 7.1 có mic,55 mẫu Led/RGB,headphone chơi game trên laptop,pc",https://www.lazada.vn/products/pdp-i2587917228.html,166.000 ₫,,
Túi Đeo Chéo Nam Da Thật Cao Cấp 069789NE - Old Angler - Sản Xuất Thủ Công Tại Italy_06789NE * 89Ne,https://www.lazada.vn/products/pdp-i3109996557.html,7.499.000 ₫,,
Chuột Không Dây Bluetooth Đa Chế Độ Im Lặng Sạc Lại Được cho Phụ Nữ Văn Phòng Mac Laptop,https://www.lazada.vn/products/pdp-i3204941452.html,133.000 ₫,4.0,5 Đã bán
"Chuột gaming không dây sạc pin Sidotech Inphic P6W cho game thủ chơi game chuyên nghiệp kết nối Wireless 2.4G không độ trễ, pin sạc sử dụng 30 ngày tương thích máy tính laptop window mac os - Hàng Chính Hãng",https://www.lazada.vn/products/pdp-i1587991875.html,138.000 ₫,4.0,
VỎ LAPTOP DELL LATITUDE E6330,https://www.lazada.vn/products/pdp-i2242086024.html,350.000 ₫,,
Túi Đựng Laptop Da Soft Calfskin 030191MA - Old Angler -Sản Xuất Thủ Công Tại Ý_OLD03091716F2B8CAC5C,https://www.lazada.vn/products/pdp-i3065488708.html,12.250.000 ₫,,
VỎ LAPTOP Acer aspire 4738 MÀU ĐỎ,https://www.lazada.vn/products/pdp-i2392874245.html,300.000 ₫,,
"(1 cặp) Đế Tản Nhiệt Laptop eXtreme GL1x01, Giảm Nhiệt 3 Tốc Độ, Thích Hợp 11-20 Inch, Màu Đen/Xám, Chất Liệu Hợp Kim Cao Cấp",https://www.lazada.vn/products/pdp-i2643770946.html,56.000 ₫,4.0,
Đèn led USB đọc sách mini 8 led siêu sáng cắm cổng usb máy tính pc laptop sạc dự phòng làm đèn ngủ làm việc chiếu sáng CuuLongstore,https://www.lazada.vn/products/pdp-i1775789487.html,12.375 ₫,4.0,458 Đã bán
Balo Ulzzang Hàn Quốc Thời Trang PRAZA - BL185 (Đen),https://www.lazada.vn/products/pdp-i892674606.html,189.000 ₫,4.0,
Túi Đeo Chéo Vải Oxford không thấm nước nam qfdi cho doanh nghiệp và sử dụng bình thường,https://www.lazada.vn/products/pdp-i3099483362.html,46.000 ₫,5.0,21 Đã bán
Túi Xách Laptop Nam Nữ Công Sở 15.6 Inch HARAS HR290,https://www.lazada.vn/products/pdp-i1669839689.html,149.000 ₫,4.0,334 Đã bán
Quần short nam chất liệu kaki gió 6 màu. Menswear Có Túi,https://www.lazada.vn/products/pdp-i2775294680.html,79.000 ₫,4.0,
"Túi chống sốc laptop 13 inch, 14 inch, 15,6 inch bền đẹp, túi chống sốc macbook 13 inch, 15 inch, chống sốc tốt, vải xịn, chính hãng Gu Bag",https://www.lazada.vn/products/pdp-i1419150548.html,60.000 ₫,4.0,
"Balo Laptop Công Sở, Balo Nam Nữ Đựng Được Laptop 15.6 Inch, Balo Cao Cấp HARAS HR099",https://www.lazada.vn/products/pdp-i135789869.html,139.000 ₫,5.0,64 Đã bán
"Ốp Lưng Laptop Unisex Polyester Cho Macbook Air 13 Inch 2018 2020 Intel A1932 A2179 A2337, Phụ Kiện M1 M2",https://www.lazada.vn/products/pdp-i2760466958.html,158.000 ₫,4.0,28 Đã bán
Balo laptop17 inch chống nước 3 chức đa năng có sạt USB công nghệ mới OLES Full đen có thể nới rộng siêu lớn,https://www.lazada.vn/products/pdp-i2079717193.html,324.000 ₫,5.0,117 Đã bán
TEAMGROUP T-Create Classic DDR5 SODIMM 16GB 32GB 5600MHz(PC5-44800) CL46 Hynix IC mô-đun bộ nhớ laptop,https://www.lazada.vn/products/pdp-i3041500494.html,999.999 ₫,,
WQ[Tumiseller.vn][Ready Stock]Tumi Túi Đựng laptop Chất Liệu nylon Thời Trang Công Sở Cho Nam 22117d3317,https://www.lazada.vn/products/pdp-i2601688783.html,866.511 ₫,5.0,
Portable Multifunctional Portable Picnic Rack Laptop Table for Outdoor Camping Black Black,https://www.lazada.vn/products/pdp-i2699826039.html,306.906 ₫,5.0,6 Đã bán
Balo Đựng Laptop 15.6 inch Công Sở Đa Năng Nhiều Ngăn Dày Dặn Chống Sốc Phong Cách Hàn Quốc M352,https://www.lazada.vn/products/pdp-i3144041233.html,365.000 ₫,5.0,8 Đã bán
"Balo Herschel Little America TM Mid-Volume 13"" Backpack S",https://www.lazada.vn/products/pdp-i2609123532.html,3.599.200 ₫,,
PUSKILL Veneno DDR3L Bộ nhớ RAM Laptop 8GB 4GB 1.35V 1600MHz 1333MHz PC3 204-PIN SODIMM Bộ nhớ Notebook,https://www.lazada.vn/products/pdp-i3043558531.html,850.763 ₫,,
JHH Oculink External Graphics Card Dock PCIE 4.0X4 Laptop GDP Handheld Machine External Expansion Dock High Performance,https://www.lazada.vn/products/pdp-i3146478146.html,3.185.000 ₫,,"6 Đã bán
China"
Túi xách 5.11 Rush Delivery Mike,https://www.lazada.vn/products/pdp-i247226234.html,910.000 ₫,4.0,45 Đã bán
GOES TiME | Chuột Bluetooth Không Dây có Sạc Yên Tĩnh cho Laptop và Máy Tính Để Bàn,https://www.lazada.vn/products/pdp-i3198384000.html,233.000 ₫,,
Ba lô laptop Xiaomi 90 Point 201602/Ba lô Urban life style Gen2,https://www.lazada.vn/products/pdp-i2078147697.html,650.000 ₫,,
Acer | Bộ Bàn Phím và Chuột Yên Tĩnh cho Máy Tính Để Bàn và Laptop,https://www.lazada.vn/products/pdp-i3197186938.html,399.000 ₫,4.0,5 Đã bán
Vali Da BULLCAPTAIN Túi Xách Tay Đeo Vai Doanh Nhân Túi Xách Tay 14.7 Inch,https://www.lazada.vn/products/pdp-i403496230.html,673.069 ₫,4.0,406 Đã bán
Di Động Có Thể Gập Lại Giá Đỡ Laptop Với 2 Góc Điều Chỉnh Hợp Kim Nhôm Nâng Giá Đỡ Cho Macbook Notebook Vô Hình Chân Đế,https://www.lazada.vn/products/pdp-i2721416022.html,29.000 ₫,4.0,
"Chuột Không Dây Bluetooth Free Wolf A3 Pin Sạc Nút im Lặng Chống Ồn Cho Máy Tính, Laptop, Ipad",https://www.lazada.vn/products/pdp-i2802025371.html,145.000 ₫,5.0,87 Đã bán
"Túi Đưa Thư Doanh Nhân Cho Nam BULLCAPTAIN Youth, Túi Đeo Vai Thông Thường Bằng Da",https://www.lazada.vn/products/pdp-i2425213293.html,283.752 ₫,4.0,25 Đã bán
"EWEADN | Bộ bàn phím & chuột chơi game - cảm giác cơ, bảng kim loại dày, LED RGB, núm xoay đa chức năng, khe gác điện thoại, Fullsize 104 phím, tương thích laptop & PC",https://www.lazada.vn/products/pdp-i3183347120.html,796.000 ₫,4.0,10 Đã bán
"Tay cầm Game Không dây Bluetooth DoubleShock P4 cho máy tính , laptop , smartphone",https://www.lazada.vn/products/pdp-i1767598685.html,330.000 ₫,5.0,9 Đã bán
Giá đỡ LAPTOP MACBOOK IPAD bằng nhôm có thể điều chỉnh được độ cao đế tản nhiệt kê laptop nhôm bền đẹp chắc chắn - SKY shop,https://www.lazada.vn/products/pdp-i2413018501.html,89.900 ₫,5.0,187 Đã bán
Vỏ Laptop Dell Inspiron 5547 - 5548 Mặt C D E NEW,https://www.lazada.vn/products/pdp-i2847924033.html,230.000 ₫,,
Balo nam nữ laptop chống nước du lịch đi học Fuse box 15 lít The North Face,https://www.lazada.vn/products/pdp-i1320477580.html,280.000 ₫,5.0,8 Đã bán
Chuột Không Dây có thể sạc lại bt5.1 LED yên tĩnh chuột USB laptop máy tính chuột cho PC quang học,https://www.lazada.vn/products/pdp-i2878094214.html,66.000 ₫,5.0,101 Đã bán
Heabety Móc khóa xe hơi sáng tạo chìa khóa nam thời trang cắm trại leo núi kim loại vòng chìa khóa xe tạo kiểu tự động Phụ Kiện Móc khóa xe hơi,https://www.lazada.vn/products/pdp-i2959395194.html,14.565 ₫,5.0,56 Đã bán
"Loa vi tính mini 2.0 LeerFei YST-1046 bass siêu trầm, led nhiều màu tuyệt đỉnh cho laptop. máy tính, điện thoại",https://www.lazada.vn/products/pdp-i2263378757.html,80.000 ₫,5.0,115 Đã bán
"Balo Thời Trang Classic, Balo Học Sinh, Balo Siêu Hot Có Ngăn Laptop HARAS HR244",https://www.lazada.vn/products/pdp-i615800841.html,149.000 ₫,4.0,229 Đã bán
【E-WOITD】 Xách tay có thể điều chỉnh máy tính xách tay Máy tính bảng chủ máy tính xách tay đứng có thể gập lại Bàn máy tính,https://www.lazada.vn/products/pdp-i2743335312.html,21.172 ₫,4.0,29 Đã bán
"Túi đựng laptop, cặp xách công sở Zenkada nhiều ngăn rộng rãi rất sang trọng và lịch lãm - ZKC18",https://www.lazada.vn/products/pdp-i1511782370.html,420.000 ₫,4.0,31 Đã bán
Loa vi tính loa gỗ dài công suất lớn dùng cho PC Laptop ĐTTivi-LEERFEI YST E-1001 / E-3513 2.0 Âm Thanh Vòm 3D Phiên Bản Đặc Biệt,https://www.lazada.vn/products/pdp-i2613605248.html,150.803 ₫,4.0,93 Đã bán
45x35cm BALO LAPTOP DU LỊCH NAM NỮ CHẤT LƯỢNG ĐI HỌC ĐI LÀM NHIỀU MÀU CHỮ V SỌC DỌC - M02,https://www.lazada.vn/products/pdp-i323422642.html,214.000 ₫,5.0,915 Đã bán
"Tay cầm 8BitDo Ultimate 3 Mode Phiên bản Rare 40th Anniversary kèm Dock Sạc cho Laptop, PC, Xbox",https://www.lazada.vn/products/pdp-i3201471064.html,1.550.000 ₫,,
Warrior | Balo Laptop Chống Nước Dành Cho Người Đi Làm,https://www.lazada.vn/products/pdp-i3196561591.html,439.000 ₫,4.0,
"DAMIK Bàn laptop di động bàn làm việc gấp gọn thông minh có thể điều chỉnh độ cao, khung sắt chắc chắn chân tròn hiện đại",https://www.lazada.vn/products/pdp-i2452303281.html,263.000 ₫,4.0,580 Đã bán
Cặp Đa Năng Xách Laptop Đeo Chéo Mẫu Mới Ngang Đỏ Trên F2 Shalla H1991,https://www.lazada.vn/products/pdp-i1886412845.html,103.191 ₫,,
"Cặp Đựng Laptop, Túi Xách Đa Năng Đựng Laptop 14-15.6 inch Chống Sốc",https://www.lazada.vn/products/pdp-i2896767688.html,137.610 ₫,5.0,8 Đã bán
"Túi Đeo Chéo Praza, Túi Đeo Tiện Lợi, Túi Du Lịch Đựng Được Ipad Unisex - DC112 - Hãng Phân Phối Chính Thức",https://www.lazada.vn/products/pdp-i244505267.html,219.000 ₫,4.0,
Máy Học Mầm Non Đồ Chơi Laptop Cho Trẻ Tập Đi Giáo Dục Phát Triển Ngôn Ngữ Quà Tặng Điện Tử Với Tăng Cường Kỹ Năng Nhận Thức,https://www.lazada.vn/products/pdp-i2843138969.html,111.800 ₫,5.0,581 Đã bán
Bộ tua vít sửa chữa điện thoại/laptop 25-trong-1,https://www.lazada.vn/products/pdp-i735518489.html,45.900 ₫,4.0,914 Đã bán
QUẦN JEANS NAM THƯƠNG HIỆU CAO CẤP VIET FASHION MS VF123,https://www.lazada.vn/products/pdp-i3039922571.html,109.000 ₫,4.0,169 Đã bán
RQZN | Giá Đỡ Máy Tính Xách Tay 2 Lớp Có Tản Nhiệt và Hỗ Trợ Điều Chỉnh Cổ 18 Inch,https://www.lazada.vn/products/pdp-i3196145676.html,101.000 ₫,4.0,8 Đã bán
Túi Đeo Chéo Thời Trang Nam Nữ Có Trượt Nước Cao Cấp - DC137,https://www.lazada.vn/products/pdp-i2220847099.html,179.000 ₫,5.0,36 Đã bán
Đèn led usb siêu sáng - Đèn laptop usb - Đèn usb - Đèn led - Đèn led cắm usb - Đèn mini usb phiên bảng nâng cấp có công tắc,https://www.lazada.vn/products/pdp-i674268434.html,39.200 ₫,4.0,328 Đã bán
Màn hình LCD Spin 24inch độ phân giải cao không viền 27inch Full HD cổng HDMI kết nối với laptop,https://www.lazada.vn/products/pdp-i3080184946.html,1.740.000 ₫,5.0,10 Đã bán
Màn di động chính hãng ARZOPA 60hz 144hz BẢO HÀNH 6 THÁNG,https://www.lazada.vn/products/pdp-i3176132600.html,2.650.000 ₫,5.0,
Hub Bộ Chia 6 Cổng USB 3.0 Type C Cho Laptop Máy Tính,https://www.lazada.vn/products/pdp-i2782656146.html,40.682 ₫,5.0,
"Balo thời trang đựng Laptop dung tích lớn nhiều ngăn đi du lịch , đi làm",https://www.lazada.vn/products/pdp-i2598714856.html,65.000 ₫,,
"Micro Thu Âm Kẹp Áo Jack3.5, Sử dụng Học Online, Họp Trực Tuyến, Dùng Cho Điện Thoại, Laptop, PC",https://www.lazada.vn/products/pdp-i1646390448.html,48.990 ₫,4.0,595 Đã bán
Ốp Lưng Bảo Vệ MacBook Air 2025 M4 MacBook pro M3 14 Inch 13 Inch Trong Suốt Silicon Chống Rơi Toàn Diện 16 Inch Mờ M2,https://www.lazada.vn/products/pdp-i2473629408.html,599.450 ₫,,"170 Đã bán
China"
"Thẻ Nhớ Micro SD Đen 8GB,16GB, 32GB, 64GB Dùng Cho Điện Thoại, Máy Tính Bảng, Máy Ảnh, Camera, Loa Đài, Laptop, Mp3 - TẶNG KÈM ĐẦU ĐỌC THẺ",https://www.lazada.vn/products/pdp-i2134373083.html,42.000 ₫,5.0,43 Đã bán
Pin máy tính xách tay Pin máy tính xách tay cho vĩ độ bảo mật cao 40Wh cho Dell Inspiron 14 3421 3437,https://www.lazada.vn/products/pdp-i3207187221.html,578.000 ₫,,
GOIIOG | Chuột Không Dây Bluetooth Đôi Chế Độ Im Lặng Sạc Được cho Máy Tính xách Tay và Văn Phòng,https://www.lazada.vn/products/pdp-i3204990510.html,63.000 ₫,4.0,5 Đã bán
"UBT | Bộ Vít Để Tháo Ráp và Sửa Chữa Laptop, Kính và Điện Thoại Di Động",https://www.lazada.vn/products/pdp-i3210122807.html,46.000 ₫,,
Pierre Cardin | Quần Tây Nam Công Sở Co Giãn Thoáng Khí Bằng Gấm Lạnh,https://www.lazada.vn/products/pdp-i3183206823.html,585.000 ₫,4.0,13 Đã bán
RQZN | Đế Đỡ Máy Tính Xoay 360 Độ Có Tản Nhiệt và Điều Chỉnh Chiều Cao,https://www.lazada.vn/products/pdp-i3194831458.html,143.000 ₫,4.0,18 Đã bán
Yottamaster | Hub USB 3.0 Cao Tốc với Cổng Type-C cho Laptop 7 Cổng,https://www.lazada.vn/products/pdp-i3206669454.html,351.000 ₫,4.0,
"Túi công sở nữ đeo vai, đeo chéo , thời trang đựng vừa Laptop,A4 hàng Quảng Châu, cao cấp - LT32",https://www.lazada.vn/products/pdp-i2962332349.html,309.000 ₫,,
Túi xách nam chống sốc chống nước cho laptop 15.6inh thời trang cao cấp phong cách mới,https://www.lazada.vn/products/pdp-i2417271922.html,509.000 ₫,4.0,
Bộ chuyển âm thanh TV 4K quang optical sang audio AV ra amply kèm cáp optical 1m,https://www.lazada.vn/products/pdp-i2612142878.html,67.260 ₫,4.0,37 Đã bán
RQZN | Đế Để Máy Tính Xách Tay Gấp Gọn Nhôm Có Tản Nhiệt và Điều Chỉnh Chiều Cao cho Máy 17-inch,https://www.lazada.vn/products/pdp-i3194715352.html,293.000 ₫,4.0,8 Đã bán
Chuột Quang Có Dây USB 301 Cho Văn Phòng Và Chơi Game Hướng Tay Phải 2 Nút Máy Tính Để Bàn Laptop Chuột Kinh Doanh,https://www.lazada.vn/products/pdp-i2465537112.html,35.400 ₫,4.0,311 Đã bán
"Laptop Asus Vivobook 15 Series Vỏ, Lớp Ngoài A Vỏ, Lớp Ngoài B Vỏ, Lớp Ngoài Trục Màn Hình Tương Thích Với X512 X512f A512 A512f F512 D V5000f",https://www.lazada.vn/products/pdp-i2838737890.html,431.000 ₫,5.0,20 Đã bán
Ram Laptop DDR3 2GB 4Gb / 1333 1600 mhz hàng tháo máy bh 1 năm,https://www.lazada.vn/products/pdp-i2783452980.html,75.000 ₫,4.0,13 Đã bán
Chuột Gaming Esport macro X15 Led RGB 12800 DPI 12 phím cho máy tính laptop,https://www.lazada.vn/products/pdp-i2080567136.html,266.190 ₫,4.0,34 Đã bán
"Camera Wifi V380 W11 Mini Pro Kết Nối Cổng USB Cao Cấp , Camera An Ninh Chất Lượng Hình Ảnh Full HD 1080P, Ống Camera Siêu Nhỏ, Dễ Dàng Điều Chỉnh Góc Chụp, Xem Qua Điện Thoại, Laptop. Bh 12 Tháng.",https://www.lazada.vn/products/pdp-i3018164466.html,290.000 ₫,5.0,43 Đã bán
"Cổng Kết Nối Đa Năng USB 3.0 C 6 Cổng Kiểu Kẹp, Hub USB C Tốc Độ Truyền 5Gbps Cho PC, Laptop, Macbook - Bộ Chia USB Tích Hợp Đầu Đọc HDMI",https://www.lazada.vn/products/pdp-i3224042586.html,263.900 ₫,3.0,"15 Đã bán
Nước ngoài"
Warrior | Ba lô Laptop Dung Lượng Lớn Nhẹ Ngoài Trời,https://www.lazada.vn/products/pdp-i3196882140.html,440.000 ₫,4.0,7 Đã bán
MAIN LAPTOP Lenovo Ideapad S400,https://www.lazada.vn/products/pdp-i2180283945.html,450.000 ₫,,
Vỉ Công Tắc On/0F Laptop HP Elitebook 840-G3,https://www.lazada.vn/products/pdp-i2685896027.html,150.000 ₫,,
[HCM][FREESHIP] Ổ Cứng HDD Laptop 120GB 160GB 250GB 320GB 500GB - Bảo hành 12 tháng - Tiện Lợi Cho Mọi Đối Tượng Sử Dụng (linhkienkhanhtran),https://www.lazada.vn/products/pdp-i288480058.html,119.000 ₫,4.0,329 Đã bán
"Bộ Bàn Phím Chuột không dây W201 nhỏ gọn - cho máy tính , Laptop , điện thoại , máy tính bảng",https://www.lazada.vn/products/pdp-i759910947.html,228.000 ₫,4.0,476 Đã bán
bộ xử lý cpu core i7 820QM dùng cho laptop,https://www.lazada.vn/products/pdp-i1398421997.html,399.999 ₫,,
"Vỏ laptop Dell Latitude 5580 5590 E5580 E5590, Precision 3520 - VỎ B VIỀN MÀN HÌNH NHẬP KHẨU",https://www.lazada.vn/products/pdp-i2011441016.html,308.385 ₫,,
Cặp xách Da Pu kiểu sang trọng doanh nhân vip 07 đựng laptop 13 inch-16 inch GSR [SIÊU SALE],https://www.lazada.vn/products/pdp-i2661906722.html,263.000 ₫,4.0,29 Đã bán
"Túi đựng laptop, máy tính bảng, hồ sơ tài liệu chống sốc, chống thấm nước có quai xách tiện lợi - giao màu ngẫu nhiên",https://www.lazada.vn/products/pdp-i378836303.html,41.000 ₫,4.0,166 Đã bán
Nxdff Nam Túi đeo vai bằng da Retro 17.3 inch Cặp đựng máy tính xách tay Túi doanh nhân,https://www.lazada.vn/products/pdp-i3052006908.html,477.857 ₫,5.0,9 Đã bán
57x40cm Balo SIÊU LỚN Laptop Du Lịch Đi Làm Đi Công Tác Mix 2 Màu - L01,https://www.lazada.vn/products/pdp-i1185332330.html,219.000 ₫,4.0,277 Đã bán
"Balo Nam Nữ, Balo Thời Trang Đựng Vừa Laptop Macbook HARAS HR332",https://www.lazada.vn/products/pdp-i103855786.html,176.852 ₫,4.0,58 Đã bán
Balo Chống Sốc Laptop Chống Nước 3 Chức Đa Năng Có Sạt Usb Công Nghệ Mới Atric Full Đen Shalla H1991,https://www.lazada.vn/products/pdp-i1886400922.html,173.053 ₫,5.0,131 Đã bán
Bộ sạc laptop HP (19.5V-3.34A-65W) Chân kim lớn + Kèm dây nguồn,https://www.lazada.vn/products/pdp-i2715584001.html,130.000 ₫,5.0,17 Đã bán
Balo nữ đi học màu pastel thời trang vải teflon chống nước tốt size 47cm đựng laptop 15.6in 9005,https://www.lazada.vn/products/pdp-i3177358848.html,440.550 ₫,5.0,27 Đã bán
Balo Đựng Laptop Có Khóa Số Chống Trộm - Balo Đựng Laptop Chống Va Đập Chống Nước Cao Cấp,https://www.lazada.vn/products/pdp-i1125320592.html,159.000 ₫,4.0,371 Đã bán
"Loa bluetooth karaoke Xách tay Kimiso QS-2415/SY13 đèn led RGB bass không dây, tặng kèm mic hát có dây -DC4999",https://www.lazada.vn/products/pdp-i3104115979.html,146.780 ₫,5.0,
"Trọn Bộ Thu Âm Livestream MIDIPLUS Gen II + Mic K850 | Hỗ Trợ Hiệu Ứng Âm Thanh Chuyên Nghiệp Cần Phần Mềm , Bảo Hành 12 Tháng | Dùng Cho PC, Laptop, Hát Karaoke, Livestream",https://www.lazada.vn/products/pdp-i3099474587.html,6.300.000 ₫,,
"CHÂN ĐẾ LAPTOP HỢP KIM NHÔM GẤP GỌN TĂNG CHIỀU CAO, CHỐNG MỎI, MÁT MÁY",https://www.lazada.vn/products/pdp-i2879809889.html,69.200 ₫,4.0,51 Đã bán
【Nexode】UGREEN GaN 300W Fast Charger Adapter for Laptop Macbook iPad iPhone 15 Pro Max Samsung S24 S23 Ultra Model:90872,https://www.lazada.vn/products/pdp-i2414164510.html,5.028.700 ₫,4.0,208 Đã bán
"Tai nghe bluetooth nhét tai không dây phiên bản mới chống ồn chủ động, kèm mic đàm thoại trực tiếp, chống nước, pin trâu - Hàng nhập khẩu cao cấp",https://www.lazada.vn/products/pdp-i2187723348.html,78.210 ₫,4.0,
Giày Thể Thao Cao Cấp,https://www.lazada.vn/products/pdp-i3189779716.html,5.804.000 ₫,,
[HCM]Ổ cứng hdd laptop nhiều dung lượng - Bảo hành 12 tháng _linhkienkhanhtran,https://www.lazada.vn/products/pdp-i358938301.html,119.000 ₫,5.0,88 Đã bán
Combo Miếng Dán Chống Trầy Xước Màn Hình Laptop,https://www.lazada.vn/products/pdp-i1308866666.html,54.400 ₫,4.0,263 Đã bán
[Tổng Hợp] Mini PC Beelink GTR7 Minisforum UM870 AMD Ryzen 7 8745H 7840HS Máy tính 870 760,https://www.lazada.vn/products/pdp-i3134882192.html,10.190.000 ₫,,
Warrior | Túi Đeo Chéo Laptop Dung Lượng Lớn Cho Nam,https://www.lazada.vn/products/pdp-i3196276106.html,325.000 ₫,4.0,
Spin Màn Hình Cong 34 Inch UWQHD 180Hz GTG 1ms Cân Màu Từ Nhà Máy Hình Ảnh Siêu Sắc Nét & Dải Màu Đỉnh Cao,https://www.lazada.vn/products/pdp-i3194194245.html,6.138.000 ₫,,
WAVLINK USB Hub Type C Dock For Dual Display 11-IN-1 Multi-Function Docking Station Hub Chia Cổng USB4 Thunderbolt Dock To DP 8K For Macbook Laptop PC,https://www.lazada.vn/products/pdp-i3103831170.html,5.050.000 ₫,,
CẶP TÁP DOANH NHÂN... Phiên bản đặc biệt da cá sấu Nguyên thủy!,https://www.lazada.vn/products/pdp-i2129231750.html,7.875.000 ₫,,
Túi Đựng Laptop Da Soft Calfskin 030191NE - Old Angler - Da Thật Cao Cấp Sản Xuất Thủ Công Tại Ý,https://www.lazada.vn/products/pdp-i3110032820.html,12.250.000 ₫,,
UGREEN 4-in-1 Sạc cảm ứng 65W Wireless Charger Qi2 15w Mini Power Station Desk Charger Magsaft Fast Charging for Samsung S22 S23 S24 ultra Laptop Macbook iPhone 15 14 13 Model: 55320,https://www.lazada.vn/products/pdp-i2901424004.html,2.641.300 ₫,,
Bộ bàn phím chuột không dây BOW MK-98 cho desktop laptop có khóa tiếng Anh,https://www.lazada.vn/products/pdp-i3178787363.html,699.000 ₫,4.0,7 Đã bán
Bàn phím mini nút tròn màu hồng trắng đen xanh có dây giá rẻ dành cho máy tính laptop mỏng siêu đẹp Vi tính TG K003800,https://www.lazada.vn/products/pdp-i2842484185.html,99.000 ₫,5.0,
Intel Core 2 Duo T9300 CPU Socket 478 2.9GHz 45nm 512KB L2 Cache 35W TDP Laptop Official Version Original Pin GM965,https://www.lazada.vn/products/pdp-i2830424604.html,392.000 ₫,,"162 Đã bán
Hong Kong"
B．O．W | Bàn Phím Số Không Dây Bluetooth cho Laptop Kế Toán USB,https://www.lazada.vn/products/pdp-i3193615280.html,176.000 ₫,4.0,
"RQZN | Bộ Cọ Vệ Sinh Đa Năng cho Laptop, Bàn Phím, Điện Thoại, Máy Ảnh và Tai Nghe",https://www.lazada.vn/products/pdp-i3196496424.html,76.000 ₫,4.0,
Balo Tomtoc Cao cấp Voyage-T50 Backpack Laptop 15.6″ – T50M1,https://www.lazada.vn/products/pdp-i2480647982.html,3.714.000 ₫,,
Thinkpad T440s T450s Quạt Tích Hợp Đồ Họa T440 T450 T460 Quạt Cpu Dành Cho Laptop Lenovo Ideapad Y480 Y580 N40 N50 N70 Series Laptop Phần,https://www.lazada.vn/products/pdp-i3043723771.html,243.000 ₫,,"38 Đã bán
Hong Kong"
B．O．W | Bàn Phím Bluetooth Gập ĐượC Có Phím Số Di Động Cho Máy Tính Bảng và Laptop,https://www.lazada.vn/products/pdp-i3191887061.html,734.000 ₫,4.0,
"Màn hình Laptop 14inch Led Dày 40 pin, thay thế cho các dòng máy Dell , HP , Asus , Sony , Acer , Lenovo , Samsung",https://www.lazada.vn/products/pdp-i1685655217.html,395.000 ₫,5.0,17 Đã bán
Bộ Chuyển Đổi HUB USB Type C TP-Link UH5020C / UH6120C / UH7020C / UH9120C kết nối nhiều cổng cho PC/Laptop,https://www.lazada.vn/products/pdp-i2826815132.html,499.000 ₫,5.0,19 Đã bán
Warrior | Balo Laptop Nam Kinh Doanh 16 inch,https://www.lazada.vn/products/pdp-i3196933908.html,397.000 ₫,4.0,8 Đã bán
"[Giảm Sốc] Mini PC Lenovo Thinkcentre M710Q M720 Gen 8,9 Ram 8G",https://www.lazada.vn/products/pdp-i3180584037.html,2.150.000 ₫,,
Balo laptop nam 17.3 inh đa chức năng cao cấp phong cách ca tính mới,https://www.lazada.vn/products/pdp-i1920612609.html,567.000 ₫,5.0,12 Đã bán
Ram Laptop Crucial 32GB DDR5-5600 SODIMM,https://www.lazada.vn/products/pdp-i2580744379.html,4.390.000 ₫,,
Túi Đeo Chéo Nam Da Thật Cao Cấp 069789TM - Old Angler - Sản Xuất Thủ Công Tại Italy_069789TM - 89Tm,https://www.lazada.vn/products/pdp-i3104234633.html,7.499.000 ₫,,
Màn hình Laptop Dell Latitude E7480 E7490 7480 7490 kích thước 14'' LED Mỏng IPS FHD - Slim 30 Pin phân giải ( 1920x1080 Full HD ) có 2 tai ốc bên dưới - N140HCE-G52 / NV140FHM-N47,https://www.lazada.vn/products/pdp-i1870975438.html,1.450.000 ₫,5.0,
"Túi Xách Nam Nữ Công Sở, Cặp Đựng Laptop 14 Inch 142 BEE GEE",https://www.lazada.vn/products/pdp-i2539676956.html,137.332 ₫,5.0,33 Đã bán
Túi đeo chéo đeo hong da nắp da loại 1 triangle Shalla XC4,https://www.lazada.vn/products/pdp-i1580014192.html,73.448 ₫,4.0,248 Đã bán
Balo khủng long vải nhung mịn (Hàng Xịn) Nhiều màu lựa chọn,https://www.lazada.vn/products/pdp-i274226091.html,118.750 ₫,4.0,
Balo phượt văn phòng laptop17 inch đa năng có sạt USB công nghệ mới OLES Full đen GSR DE3 có thể nới rộng siêu lớn,https://www.lazada.vn/products/pdp-i2079539777.html,285.000 ₫,4.0,331 Đã bán
Túi đựng laptop ins phiên bản Hàn thêu túi chống sốc laptop cao cấp dễ thương phù hợp với 13.3 14 15.6 16 inch,https://www.lazada.vn/products/pdp-i2343434491.html,175.000 ₫,5.0,40 Đã bán
"Balo học sinh, sinh viên thời trang nam nữ Thời trang - Cặp sách cấp 2, 3 chống thấm nước",https://www.lazada.vn/products/pdp-i2623299776.html,117.810 ₫,4.0,14 Đã bán
"Túi Chống Sốc Dành Cho Macbook, Laptop 13 inch 14 inch 15.6 inch 17 inch - TX092",https://www.lazada.vn/products/pdp-i2231371314.html,79.000 ₫,4.0,451 Đã bán
Tai Nghe Chống Ồn Super Bass S2000 Kiểu Dáng Nhét Tai in ear Nghe Nhạc Cực Hay Âm Thanh Siêu Ấm Tai Phone Cho Điện Thoại Máy Tính Laptop Jack Cắm 3.5mm,https://www.lazada.vn/products/pdp-i898590245.html,50.000 ₫,4.0,
"Giá đỡ Máy tính bảng iPad, Laptop Chân xoay 360 độ tản nhiệt kim loại , gập gọn tiện lợi ORIO",https://www.lazada.vn/products/pdp-i3053086839.html,79.000 ₫,5.0,15 Đã bán
"Balo túi laptop nam nữ DUMBUMSTORE du lịch , học tập , thể thao , thời trang làm việc đa dạng thể loại thích hợp cho học sinh , sinh viên , người đi làm , kinh doanh",https://www.lazada.vn/products/pdp-i2011972393.html,135.000 ₫,4.0,34 Đã bán
"màn hình di động 14 inch FULLHD 100%SRGB, 60hz tặng bao da cao cấp kết nối điện thoại laptop pc máy game",https://www.lazada.vn/products/pdp-i3012647637.html,1.650.000 ₫,,
Bút thuyết trình không dây wireless có đèn laser Baseus orange dot - Bút trình chiếu bluetooth r400 dùng cho laptop windows macbook macos,https://www.lazada.vn/products/pdp-i1399324649.html,219.000 ₫,4.0,292 Đã bán
GOIIOG | Chuột Không Dây Chơi Game Bluetooth Sạc Lại Được cho Laptop,https://www.lazada.vn/products/pdp-i3205537448.html,107.000 ₫,4.0,
[HCM]Balo thời trang nam nữ đi học đựng vừa laptop chống thấm nước - Trơn,https://www.lazada.vn/products/pdp-i1764132074.html,69.000 ₫,4.0,17 Đã bán
WINHUNT | Ba lô vải bố đa chức năng cho thợ điện bền chắc,https://www.lazada.vn/products/pdp-i3205353879.html,909.000 ₫,4.0,20 Đã bán
Màn hình Spin 27 inch 100hz Màn hình siêu rộng cong 24inch 1920x1080 cho màn hình kinh doanh và chơi game,https://www.lazada.vn/products/pdp-i3080389564.html,1.740.000 ₫,5.0,26 Đã bán
"Bộ 4 Chân Đỡ Chống Rung Máy Giặt, Tủ Lạnh",https://www.lazada.vn/products/pdp-i3150382555.html,33.000 ₫,5.0,15 Đã bán
Thùng máy tính bộ ACER Sff nhỏ gọn chipset core i7 2600/ ram 8g / ssd 120g re. Bán giá 1550k bảo hành chu đáo 1thang,https://www.lazada.vn/products/pdp-i2861062521.html,1.550.000 ₫,5.0,
Microsoft Surface Pro 6 Nhập Khẩu Mỹ Intel® Core™ i5 I7-8250U Ram 8GB SSD 128/ 256GB | Kèm typer cover & Sạc chính hãng Tại Playmobile,https://www.lazada.vn/products/pdp-i1271161857.html,9.490.000 ₫,,
SEHVN Chuột không dây quang màu đỏ USB 2.4G 6D cho máy tính xách tay Chuột chơi game Chuột không dây được thiết kế công thái học,https://www.lazada.vn/products/pdp-i3085947144.html,36.447 ₫,5.0,71 Đã bán
Cáp Sạc Nhanh Anker PowerLine III Flow Usb-C to Usb-C 100W Siêu Mềm Mại A8552 A8553 Cho Samsung Huawei Macbook Laptop,https://www.lazada.vn/products/pdp-i1483530447.html,225.000 ₫,4.0,265 Đã bán
"Bộ Tua Vít Đa Năng, Bộ Tô Vít Đa Năng Mini 24 Đầu Nhỏ Sửa Điện Thoại, Mở Laptop, Mắt Kính, Đồng Hồ",https://www.lazada.vn/products/pdp-i3143286414.html,20.800 ₫,4.0,28 Đã bán
Lý Magie S1 Thể Thao Điện Tử Dạ Quang Có Dây USB Có Dây Để Bàn Laptop Tắt Tiếng Máy Tính Chuột Chơi Game,https://www.lazada.vn/products/pdp-i2506850356.html,39.650 ₫,4.0,160 Đã bán
Liên hệ gia đình da thật 13 14 inch MacBook Pro tay áo Cặp máy tính xách tay Ốp điện thoại dạng ví gấp,https://www.lazada.vn/products/pdp-i2790871335.html,2.542.193 ₫,,
Bàn phím có dây HP K1600 mỏng bấm êm nhạy cho máy tính laptop - Mẫu mới,https://www.lazada.vn/products/pdp-i2513612348.html,132.000 ₫,4.0,190 Đã bán
Ổ Cứng HDD Laptop chuẩn SATA 500Gb Sức khỏe GOOD,https://www.lazada.vn/products/pdp-i356456519.html,150.000 ₫,4.0,181 Đã bán
E-WOITD 1 Bộ có thể gập lại máy tính xách tay bằng gỗ đứng có thể điều chỉnh Ergonomic 12 ° góc với thiết kế làm mát cho máy tính bảng máy tính xách tay,https://www.lazada.vn/products/pdp-i3192244242.html,34.147 ₫,,
"Ổ cứng ssd cài sẵn windows phiên bản mới nhất, dùng được cho pc và laptop, bảo hành chính hãng 3 năm, ssd cài win",https://www.lazada.vn/products/pdp-i2523194185.html,410.000 ₫,4.0,14 Đã bán
"Tay cầm 8Bitdo Ultimate 2 Bluetooth Controller cho Nintendo Switch, Nintendo Switch 2 phiên bản Pikachu",https://www.lazada.vn/products/pdp-i3201284556.html,1.350.000 ₫,,
"SUPER SALE RẺ VÔ ĐỊCH LazMall Xiaomi Chính Hãng Số 1 Combo Bộ Sạc Nhanh Xiaomi GaN 120W Kèm Cáp Type C 6A Sạc Siêu Nhanh Cả Laptop, Tablet - 10 Lớp Bảo Vệ Nguồn Điện Ra: 20V -6A (120W), Giúp Sạc SIÊU SIÊU Nhanh, Công Suất TốI Đa 120W",https://www.lazada.vn/products/pdp-i3221367412.html,244.640 ₫,5.0,20 Đã bán
"Blevos Webcam máy tính laptop cao cấp Q20 2K 4K web cam 1080P Camera Siêu Nét có mic hỗ trợ học online, livestream",https://www.lazada.vn/products/pdp-i3118728772.html,279.000 ₫,4.0,40 Đã bán
Giá Đỡ Laptop Nhôm Có Thể Gấp Gọn Dành Cho Macbook Ipad và máy tính xách tay,https://www.lazada.vn/products/pdp-i2381575947.html,65.900 ₫,4.0,
"Vỏ máy tính - Case PC Gaming Ghost 21+ Chiến Game, Chạy Nhiều Tab Giả Lập, Máy Ảo, Đồ Hoạ, Render Video, kiểu dáng nhỏ gọn, di động, vỏ nhôm cao cấp, mặt kính cường lực |Patech Electronics",https://www.lazada.vn/products/pdp-i3016809185.html,1.149.200 ₫,4.0,32 Đã bán
MAIN LAPTOP SONY SVF 142A29W,https://www.lazada.vn/products/pdp-i2779339251.html,750.000 ₫,,
Lm máy tính có thể điều chỉnh đứng Non-Slip Kệ nâng máy tính giá đỡ máy tính xách tay tiện dụng bàn phím gập chủ kích thước nhỏ máy tính hỗ trợ rustproof chống ăn mòn lý tưởng,https://www.lazada.vn/products/pdp-i2762136437.html,40.000 ₫,4.0,148 Đã bán
"RUNING | Màn Hình 4K Di Động cho Thiết Bị Di Động, Laptop và Switch với Tần Số Làm Mới 144Hz",https://www.lazada.vn/products/pdp-i3220853221.html,1.540.000 ₫,4.0,
"Bàn học chân gấp - Bàn để máy tính, laptop có lỗ cắm bút và cổng cắm sạc",https://www.lazada.vn/products/pdp-i2174184847.html,96.000 ₫,5.0,
"Màn Hình Laptop 14.0 Led Mỏng 40 Pin HD (1366x768), thay cho Laptop dell hp asus acer sony toshiba samsung",https://www.lazada.vn/products/pdp-i3113289011.html,445.000 ₫,5.0,
Bàn phím cơ máy tính Laptop có dây Mini DY901 nhỏ gọn dành cho văn phòng/học tập chính hãng Deiog,https://www.lazada.vn/products/pdp-i3098111991.html,148.500 ₫,,
"Cặp da đựng laptop 15.6 inch, túi xách công sở Zenkada thanh lịch và sang trọng - ZKC19",https://www.lazada.vn/products/pdp-i1464055885.html,395.000 ₫,4.0,373 Đã bán
Balo Ulzzang Hàn Quốc CoolPra Sành Điệu PRAZA - BL188,https://www.lazada.vn/products/pdp-i1521023275.html,189.000 ₫,4.0,
Cặp Đa Năng FRANKI Đựng Laptop 15.6 inch Có Thể Chuyển Đổi Giữa Xách Và Đeo Cao Cấp PRAZA - TX098,https://www.lazada.vn/products/pdp-i2890481303.html,299.000 ₫,5.0,17 Đã bán
Hanlu Người đàn ông của áo khoác thời trang cổ đứng in áo khoác áo khoác giữ ấm giản dị,https://www.lazada.vn/products/pdp-i2864575589.html,181.000 ₫,4.0,103 Đã bán
"Loa Bluetooth WSTER WS 309 Mini cầm tay cao cấp Bass sâu Pin trâu dành cho Laptop, điện thoại [BH 24 tháng]",https://www.lazada.vn/products/pdp-i2350746520.html,158.004 ₫,5.0,24 Đã bán
( CHỐNG THẤM NƯỚC ) Túi đeo chéo nam nữ unisex thời trang Bee Gee 046 BGS,https://www.lazada.vn/products/pdp-i266592613.html,68.172 ₫,4.0,
CODDAE35U6Balo da Lovely CMS nhiều ngăn tiện lợi dày dặn HÀNG CÓ SẴN - Đựng vừa laptop 15.6inchRES3RD,https://www.lazada.vn/products/pdp-i2641180952.html,119.741 ₫,,"20 Đã bán
China"
"ÁO NỈ, ÁO KHOÁC HOODIE ĐEN SIÊU SÀNH ĐIỆU NAM NỮ 2025 SÀNH ĐIỆU - TOKYO FASHION",https://www.lazada.vn/products/pdp-i3035822544.html,46.550 ₫,4.0,102 Đã bán
Balo Da DOHAGO Thiết Kế Đơn Giản Có Ngăn Đựng Laptop 15.6 Inch - BNA07,https://www.lazada.vn/products/pdp-i3132246245.html,170.000 ₫,,"8 Đã bán
Hồ Chí Minh"
Túi đeo chéo nam nữ unisex thời trang Hàn quốc để điện thoại chống thấm nước BEE GEE 099 A BGS,https://www.lazada.vn/products/pdp-i797998836.html,48.510 ₫,4.0,548 Đã bán
[HCM]SIZE 28-37 Quần Tây Nam Co Giãn Ống côn Dáng ôm body phong cách Hàn quốc WIN 69 có Big Size sang trọng lịch lãm dễ dàng phối với nhiều trang phục khác nhau Quần tây WIN69 học sinh công sở,https://www.lazada.vn/products/pdp-i262316580.html,147.000 ₫,4.0,
"Loa máy tính 2.0 để bàn Leerfei E-350T, Công Suất Lớn, Dùng Cho Máy Vi Tính PC, Laptop",https://www.lazada.vn/products/pdp-i2185877649.html,91.600 ₫,5.0,303 Đã bán
"(FREESHIP) LazMall FLASH SALE SỐC ĐIỆN TỬ CHUỘT KHÔNG DÂY CAO CẤP, Chuột Máy Tính Không Dây Logitech M280 Wireless ,Độ Nhạy Cao 1000Dpi ,USB 2.4Ghz ,Có Công Tắc On/Off , Chuột Không Dây Cao Cấp Cho Máy Tính -Laptop .Bảo Hành Chính Hãng",https://www.lazada.vn/products/pdp-i2668091953.html,88.500 ₫,4.0,563 Đã bán
Chuột Gaming Máy Tính SIDOTECH P1W Chơi Game Esport Có Dây Silent / 40 Triệu Click / 7200 DPI / LED RGB Chống Ồn Logo Phát Sáng Kèm 2 Nút Phụ Trợ Chuột Chơi Game Liên Quân Tốc Chiến FF PUBG Phù Hợp Máy Tính Laptop Văn Phòng,https://www.lazada.vn/products/pdp-i1320966913.html,90.177 ₫,4.0,
Cáp hdmi 10m chuẩn 4K hình ảnh tivi dây hdmi loại 2.0 4K,https://www.lazada.vn/products/pdp-i411816206.html,120.000 ₫,5.0,108 Đã bán
Tai Nghe Chụp Tai F10+ Plus Cho Điện Thoại - Có Thể Gấp Gọn,https://www.lazada.vn/products/pdp-i1478408408.html,24.000 ₫,4.0,
Tai nghe nhét tai QKZ AK2 Pro 2023 Âm bass mạnh mẽ chất lượng âm thanh HD nghe nhạc chơi game có micro đàm thoại tương thích điện thoại phone máy tính bảng pc laptop,https://www.lazada.vn/products/pdp-i657136407.html,59.000 ₫,4.0,
Quần âu nam Hàn Quốc quần tây nam dáng ôm vải co giãn không nhăn Cao Cấp,https://www.lazada.vn/products/pdp-i2404137690.html,116.542 ₫,4.0,
"Sơ mi nam kaki 2 túi GEN ALPHA , chất vải kaki dày dặn, form slimfit thoáng mát GEN091",https://www.lazada.vn/products/pdp-i2409050906.html,152.000 ₫,4.0,
Chiến Thuật Túi Vệ Sinh Cho Nam Vệ Sinh Molle Túi Nhỏ Dopp Bộ Cạo Râu Du Lịch Tắm Đựng Mỹ Phẩm Trang Điểm Có Dây Kéo Polyester,https://www.lazada.vn/products/pdp-i2724116812.html,164.450 ₫,4.0,45 Đã bán
ÁO KHOÁC HOODIE NAM NỮ PEACE STAR CHẤT NỈ DÀY PHOM FROM RỘNG CHỐNG LẠNH NẮNG NÓNG ĐÔNG HÈ UNISEX CAO CẤP MỚI - TOKYO FASHION,https://www.lazada.vn/products/pdp-i2042949271.html,52.250 ₫,4.0,
Cặp học sinh văn phòng đa năng đeo balo - đeo chéo vai - xách tay Dù Xốp Thái viền căn lề trái thời trang tăng móc khóa nam cao cấp,https://www.lazada.vn/products/pdp-i812348432.html,156.938 ₫,5.0,9 Đã bán
Kính Lúp Màn Hình Điện Thoại 3D HD – Biến Màn Hình Nhỏ Thành Rạp Phim Di Động,https://www.lazada.vn/products/pdp-i2518113815.html,17.000 ₫,4.0,Cam Kết Giá Tốt
"IMLUCKY | Bình xịt áp suất cao dung tích lớn dùng để phun nước và vệ sinh nhà cửa, bình xịt phun dung dịch khử trùng, dùng để tưới cây",https://www.lazada.vn/products/pdp-i3171462686.html,89.000 ₫,4.0,8 Đã bán
(Hàng cao cấp loại 1) Quần tây âu nam dáng ôm vải co giãn tốt chống nhăn chống xù phong cách trẻ trung Hàn Quốc,https://www.lazada.vn/products/pdp-i1230391124.html,133.000 ₫,4.0,
"(GIÁ TỐT HÔM NAY) CẶP HOT TREND , Balo girl phố đi học ,Mua online balo nhiều ngăn đẹp xịn , balo thời trang , ba lô du lịch , cặp đi học , đựng laptop .Balo Học Sinh ,Sinh Viên Kiểu Dáng Hàn Quốc .BALO BÁN CHẠY NHẤT THÁNG 6",https://www.lazada.vn/products/pdp-i2672553661.html,131.000 ₫,5.0,21 Đã bán
Quần kaki nam trung niên cao cấp đẹp ống suông vải dày form chuẩn - Quần kaki nam trung niên Akira,https://www.lazada.vn/products/pdp-i2300115711.html,120.235 ₫,4.0,664 Đã bán
Creative Mini Desktop Computer Case Living Room Horizontal HTPC Case Q3 Case Steel Aluminum Mixed Material New Mini-ITX,https://www.lazada.vn/products/pdp-i3221398417.html,691.000 ₫,,"48 Đã bán
China"
Combo túi xách và túi chống sốc Tomtoc Versatile-T28 Laptop Tote T28M1,https://www.lazada.vn/products/pdp-i2480766421.html,1.599.000 ₫,,
"Tai nghe chụp tai máy tính GAMING A3 có mic đàm thoại, headphone chơi game trên laptop, pc giá rẻ chất lượng cao",https://www.lazada.vn/products/pdp-i2201649858.html,79.500 ₫,4.0,344 Đã bán
RAM Laptop DDR4 16Gb 8Gb 4Gb Samsung Hynix Kingston Bus 2133 2400 2666 3200 Hàng Chính Hãng Bh 5 Năm,https://www.lazada.vn/products/pdp-i3147708389.html,1.087.000 ₫,5.0,9 Đã bán
Loa bluetooth không dây siêu bass Gutek A36 đa năng nghe nhạc âm thanh sống động sử dụng USB thẻ nhớ,https://www.lazada.vn/products/pdp-i2232927674.html,147.000 ₫,4.0,
"Ram PC 8Gb bus 1600, 1333 Mhz Bảo hành 3 năm chính hãng tháo máy",https://www.lazada.vn/products/pdp-i3208253794.html,75.000 ₫,,"7 Đã bán
Hồ Chí Minh"
Bộ kích sóng wifi 4 râu tốc độ 300mbps 2 cổng RJ45 cắm trực tiếp dùng cho điện thoại laptop máy tính PC,https://www.lazada.vn/products/pdp-i2393391450.html,148.497 ₫,4.0,75 Đã bán
"(Ren Đồng) Đầu Lọc Nước Tăng Áp Xoay 360 độ, Đầu Vòi Lọc Nước Kèm Lõi Lọc Lọc Bông micron cao cấp",https://www.lazada.vn/products/pdp-i2666079851.html,33.000 ₫,4.0,
"Balo Laptop Máy Tính Nam Nữ Thông Minh Chống Nước Chống Mài Mòn Cao Cấp Tùy Chỉnh Độ Rộng Sạc USB Phong Cách Mới 15,6 Inch Dung Tích Lớn BL022",https://www.lazada.vn/products/pdp-i2121045495.html,396.000 ₫,5.0,166 Đã bán
"Cặp da công sở nam đeo chéo Zenka đựng máy tính bảng, đựng vừa laptop 13 inch lịch sự, sang trọng - ZIP04_1",https://www.lazada.vn/products/pdp-i2495955650.html,289.000 ₫,4.0,85 Đã bán
"Mạch quạt điều khiển từ xa LOẠI TỐT TIẾNG VIỆT MẠCH TO IC 14 CHÂN CÓ CẦU CHÌ BẢO VỆ CHẤT LƯỢNG CAO dành cho các loại quạt điện, quạt đứng bàn quạt cây...CÓ SƠ ĐỒ HƯỚNG DẪN ĐẤU NỐI",https://www.lazada.vn/products/pdp-i2046501954.html,32.500 ₫,4.0,
Bàn Phím Laptop Samsung Galaxy Book Flex NP930QCG-K02CN Có Đèn Nền UK Thiết Bị Phụ Kiện Kỹ Thuật Số Cho Máy Tính Xách Tay,https://www.lazada.vn/products/pdp-i3209030906.html,1.658.000 ₫,,
"EWEADN | Bộ bàn phím giả cơ và chuột không dây, Siêu mỏng nhẹ, Gõ êm Silent, Phím tròn Retro, cho Tablet & Laptop",https://www.lazada.vn/products/pdp-i3219675454.html,348.000 ₫,4.0,
"USB Bluetooth Không Dây 5.3 EDR Dongle Cho PC Máy Tính Windows Laptop, bộ thiết bị cục phát bluetooth cho loa máy in tay cầm chơi game tai nghe",https://www.lazada.vn/products/pdp-i451794386.html,59.800 ₫,4.0,
(TU2) TÚI ĐỰNG laptop notebook CAO CẤP 14inch Chống Thấm Nước CHO NAM NỮ (CÓ BẢO HÀNH),https://www.lazada.vn/products/pdp-i2018751218.html,99.000 ₫,5.0,18 Đã bán
Balo đi học Fahion họa tiết cao cấp size to nhiều ngăn đựng vừa laptop,https://www.lazada.vn/products/pdp-i2365244476.html,179.900 ₫,4.0,28 Đã bán
MOLAN Quần nam suông ống rộngQuần Lụa băng nhẹ thoáng khí cho công sở-Quần nam quần thụng giản dị,https://www.lazada.vn/products/pdp-i2399794515.html,96.000 ₫,4.0,
BALO DA CÔNG SỞ ĐỰNG LAPTOP PETLA LBA4 NHIỀU MÀU,https://www.lazada.vn/products/pdp-i2952335544.html,199.000 ₫,5.0,22 Đã bán
Giá đỡ laptop bằng NHÔM XỊN ZIZAC gấp gọn dùng cho laptop có thể điều chỉnh nhiều mức độ cao,https://www.lazada.vn/products/pdp-i2364700775.html,64.999 ₫,5.0,38 Đã bán
Túi đeo chéo nam nữ thời trang BEE GEE 088 A để điện thoại ipad chống thấm nước đẹp giá rẻ chất lượng tốt BGS,https://www.lazada.vn/products/pdp-i591736631.html,58.410 ₫,4.0,
dạng cột Pin Dự Phòng UGREEN 130W 20000mAh 72Wh | 25000mAh 200W 90Wh Laptop PowerBank Sạc Siêu Nhanh 100W PD3.1 2C1A Fast Charging Cho Macbook Air / Pro Lenovo SAMSUNG 45W Fast Charging,https://www.lazada.vn/products/pdp-i3056999932.html,1.045.600 ₫,4.0,304 Đã bán
"Túi Bọc laptop evertoner 13.3 14.1 15.4 15.6 inch, Túi đựng máy tính xách tay chống nước dành cho MacBook Air Pro HP Acer Xiaomi ASUS Lenovo",https://www.lazada.vn/products/pdp-i791356820.html,133.007 ₫,4.0,217 Đã bán
"Balo Laptop Hàn Quốc Cao Cấp HARAS, Có Cổng Sạc USB, Có Ngăn Đựng Laptop, Đi Học Đi Làm Đi Chơi - HR237",https://www.lazada.vn/products/pdp-i258588023.html,149.000 ₫,4.0,330 Đã bán
Cặp đeo chéo độc đáo Unisex chống sốc laptop GSR 4 kiểu [GIÁ TỐT NHẤT],https://www.lazada.vn/products/pdp-i2859673792.html,83.000 ₫,5.0,12 Đã bán
"Bàn laptop di động đa năng CANA, bàn làm việc gấp gọn thông minh, tuỳ chỉnh độ cao, khung sắt chắc chắn",https://www.lazada.vn/products/pdp-i2413597060.html,599.000 ₫,5.0,89 Đã bán
"Danh Bạ Bao Da Gia Đình Da Bò Thật, Cho iPad Pro 12.9 Inch 2021 Bao Folio Doanh Nhân Với Hộp Đựng Bút Chì Túi Đựng Điện Thoại Dành Cho Ipad 12.9 Inch",https://www.lazada.vn/products/pdp-i1347448015.html,831.881 ₫,4.0,26 Đã bán
"YONUO Bàn Laptop, Bàn đơn giản nhỏ trên giường, bàn xi ký túc xá sinh viên, Bàn xếp gia dụng đa chức năng",https://www.lazada.vn/products/pdp-i2714624953.html,259.000 ₫,5.0,
Balo chống nước Fuse Box The North Face có ngăn đựng laptop,https://www.lazada.vn/products/pdp-i2041751329.html,300.000 ₫,,
Ổ Đĩa Trạng Thái Rắn cho Máy Tính để Bàn và Laptop 4T 2T 1T PCIe4,https://www.lazada.vn/products/pdp-i3196847432.html,1.931.000 ₫,4.0,
Warrior | Balo Laptop Kinh Doanh Dung Lượng Lớn Chống Thấm Nước,https://www.lazada.vn/products/pdp-i3192335241.html,397.000 ₫,5.0,7 Đã bán
Warrior | Balo Laptop Công Sở Dung Lượng Lớn cho Nam,https://www.lazada.vn/products/pdp-i3196314046.html,354.000 ₫,4.0,
"balo k20,balo đi phượt,balo rằn ri,chuẩn(xịn), balo con cóc",https://www.lazada.vn/products/pdp-i2783742921.html,145.000 ₫,4.0,40 Đã bán
Batylanlo | Balo Laptop Thời Trang,https://www.lazada.vn/products/pdp-i3196909155.html,399.000 ₫,5.0,6 Đã bán
"Di Động Chống Thấm Nước Máy Tính Xách Tay Trường Hợp, Máy Tính Xách Tay Tay Áo 13.3 14.1 15.6 Inch Dành Cho Macbook M1 Pro Túi Máy Tính PC, HP Acer Xiaomi ASUS Lenovo",https://www.lazada.vn/products/pdp-i1347200429.html,216.338 ₫,4.0,457 Đã bán
"PC MINI LENOVO M72, NHỎ GỌN, TIỆN DI CHUUYỂN",https://www.lazada.vn/products/pdp-i3168226928.html,1.750.000 ₫,,
[HCM][TẶNG MÓC KHÓA] Balo thời trang đi học laptop nam nữ hàng chất lượng Phong cách Hàn Quốc,https://www.lazada.vn/products/pdp-i833506720.html,45.000 ₫,4.0,
"Màn hình Laptop Dell Latitude E7440, E7450, E7470 7440 7450 7470 kích thước 14 inch LED Mỏng SLIM - 30 pin (1366x768 HD ) tai bắt ốc trên và dưới",https://www.lazada.vn/products/pdp-i934436870.html,1.100.000 ₫,,
"Túi xách - túi chống sốc cho laptop 15,6 inh và 14 inh cao cấp phong cách mới",https://www.lazada.vn/products/pdp-i1870887980.html,317.000 ₫,4.0,62 Đã bán
"Tay cầm 8BitDo Ultimate Bluetooth Controller kèm Dock Sạc cho Nintendo Switch, PC, Laptop",https://www.lazada.vn/products/pdp-i2188536328.html,1.100.000 ₫,5.0,55 Đã bán
"Card màn hình Gt 630,gt730 2gb Giga,Zotac,Asus... chính hãng nguyên zin",https://www.lazada.vn/products/pdp-i2919090707.html,360.000 ₫,5.0,11 Đã bán
Vỏ Laptop Dell Latitude 5540 Zin New Chính Hãng,https://www.lazada.vn/products/pdp-i3113126502.html,219.000 ₫,,
"Bàn phím Bluetooth gấp gọn B023 kết nối không dây điện thoại, máy tính bảng, laptop có thể sạc lại",https://www.lazada.vn/products/pdp-i3169909315.html,240.000 ₫,,
"Túi Xách Công Sở Đựng Vừa A4, Laptop 14 Inch, Túi Xách Thời Trang Kim Long TX08",https://www.lazada.vn/products/pdp-i2658673521.html,299.000 ₫,,
"TAFIQ | Chuột Có Dây USB Im Lặng cho Văn Phòng, Máy Tính Bàn, Laptop, Kinh Doanh, Gaming",https://www.lazada.vn/products/pdp-i3193619112.html,57.000 ₫,4.0,6 Đã bán
Kebeteme USB 3.0 Để card mạng Ethernet Nhôm Gigabit Type-C Bộ chuyển đổi cho laptop 1000/100Mbps USB C LAN RJ45 Bộ Chuyển Đổi,https://www.lazada.vn/products/pdp-i2635552491.html,99.400 ₫,4.0,830 Đã bán
️[Sạc zin] Sạc laptop dell vostro 14 3480 3480L 3490 3590 P111G,https://www.lazada.vn/products/pdp-i2099473920.html,188.100 ₫,5.0,
Ecily 2 cái laptop mini đứng formacbook Bàn phím gập chủ máy tính xách tay Riser chân nonslip nhôm hợp kim tản nhiệt đứng,https://www.lazada.vn/products/pdp-i2347310233.html,47.960 ₫,5.0,11 Đã bán
"Acer | Bộ Bàn Phím và Chuột Có Dây cho Laptop, Gaming và Văn Phòng",https://www.lazada.vn/products/pdp-i3196265701.html,119.000 ₫,4.0,12 Đã bán
GMKtec K8 Plus Oculink Ryzen 7 8845HS Máy Tính AMD Gaming Mini PC eGPU,https://www.lazada.vn/products/pdp-i3150689038.html,11.790.000 ₫,,
"Tay cầm 8BitDo Ultimate 2.4G Wireless Controller kèm Dock Sạc cho Laptop, PC, Điện thoại Android",https://www.lazada.vn/products/pdp-i2286978076.html,989.999 ₫,5.0,
"Trạm nối USB C HUB 12 trong 1, bộ chuyển đổi HDMI tương thích, 4K 30Hz PD 100W, bộ chia USB 3.0 Type-C tương thích cho laptop Pro Air",https://www.lazada.vn/products/pdp-i3050259332.html,870.000 ₫,5.0,12 Đã bán
Carkoci | Giá Đỡ Laptop Điều Chỉnh Được với Tính Năng Làm Mát và Nâng Cao,https://www.lazada.vn/products/pdp-i3194689893.html,154.000 ₫,4.0,
Tăng Cường CPU Intel I5 430M 460M 480M 560M 580M I7 620M 640M Cho Y460 G460 Laptop Desktop Máy Tính Xách Tay Đồ Họa Integrer,https://www.lazada.vn/products/pdp-i2524283981.html,182.000 ₫,4.0,233 Đã bán
"Túi Xách Unisex Công Sở, Cặp Đựng Được Laptop 15.6 Inch HARAS HRS290",https://www.lazada.vn/products/pdp-i1669885822.html,143.200 ₫,4.0,110 Đã bán
Túi đeo chéo bao tử túi đeo chéo vai túi đeo trước ngực thời trang cho cả nam và nữ có chống nước,https://www.lazada.vn/products/pdp-i3035931434.html,56.050 ₫,5.0,10 Đã bán
Set Balo 4 Món Ulzzang học sinh sinh viên laptop giá rẻ cấp 1 2 3 - Set balo 4 món Today Ly Nước Siêu Xinh,https://www.lazada.vn/products/pdp-i2031918868.html,68.000 ₫,4.0,248 Đã bán
Balo Da Nam Nữ Nắp Gập Đựng Vừa Laptop 15.6 inch Dành Cho Học Sinh - Sinh Viên - Công Sở Đen 40x28x12cm Bag,https://www.lazada.vn/products/pdp-i3034979119.html,180.000 ₫,5.0,9 Đã bán
Balo văn phòng Du lịch 17 inch chống nước tăng đưa có sạt USB công nghệ mới OLES đen GSR T3,https://www.lazada.vn/products/pdp-i673760796.html,257.133 ₫,4.0,136 Đã bán
"Decal Trắng Bóng dán trang trí, che khuyết điểm cho xe máy, laptop, ô tô , nội thất…:",https://www.lazada.vn/products/pdp-i2533460673.html,17.000 ₫,5.0,234 Đã bán
"Combo 3 áo thun Nam [FreeShip Extra] chất liệu thun lạnh siêu rẻ, Áo Phông Basic Nam 4 Màu Dễ Phối",https://www.lazada.vn/products/pdp-i3125733545.html,45.000 ₫,4.0,377 Đã bán
"Giá Đỡ Laptop Nhôm CAO CẤP LOẠI LỚN - Tặng kèm túi đựng - Có thể xếp gọn & điều chỉnh độ cao, sửa tư thế ngồi làm việc - Phụ kiện ATI",https://www.lazada.vn/products/pdp-i2220430232.html,81.200 ₫,4.0,
Cặp học sinh văn phòng thời trang Dù Xốp Thái viền ngang kéo đen siêu bền GSR1 Shalla ( 3 Chức năng),https://www.lazada.vn/products/pdp-i1716536842.html,141.189 ₫,4.0,72 Đã bán
"Bàn bệt chân sắt chữ Z gấp gọn tiện lợi khi không sử dụng, Bàn làm việc, học tập, để máy tính, laptop",https://www.lazada.vn/products/pdp-i2436963678.html,280.000 ₫,5.0,19 Đã bán
"Balo laptop chính hãng Noble, chất liệu vải dù siêu bền, chống nước, chống nhăn. Mã N522",https://www.lazada.vn/products/pdp-i1976716584.html,321.100 ₫,5.0,82 Đã bán
Ổ Lưu Trữ Ngoại Vi SSD Dung Lượng Lớn 2TB cho Laptop và Điện Thoại Huawei,https://www.lazada.vn/products/pdp-i3191984741.html,5.876.000 ₫,4.0,
Chuột Chơi Game Không Dây Màu Trắng 55G 26000DPI 6 Nút Quang Học Cho Laptop PC Esports Chuột Máy Tính Có Điều Chỉnh Độ Dpi Có Thể Sạc Lại,https://www.lazada.vn/products/pdp-i3221323774.html,166.400 ₫,,"33 Đã bán
China"
"Giá đỡ laptop nâng cao 2 tầng N8 cao cấp , hợp kim nhôm gấp gọn,điều chỉnh độ cao, nâng tản nhiệt",https://www.lazada.vn/products/pdp-i3220228723.html,88.500 ₫,,
"Balo TOMTOC (USA) Voyage-T50 Backpack cho Laptop 15.6"" - Đỉnh cao của chất liệu",https://www.lazada.vn/products/pdp-i3174341262.html,2.800.000 ₫,,
Ổ cứng 320GB 500GB 1TB 4TB chứa file game PC LAPTOP Việt Hóa.,https://www.lazada.vn/products/pdp-i2770541074.html,390.000 ₫,,
Balo nam balo laptop nam công sở chống trộm chống nước thời trang cao cấp phong cách mới,https://www.lazada.vn/products/pdp-i3011368197.html,701.000 ₫,5.0,7 Đã bán
Balo du lịch laptop chống nước The North Face fuse box thời trang,https://www.lazada.vn/products/pdp-i1714485375.html,299.000 ₫,5.0,
Túi Xách Laptop Chống Sốc Chống Thấm Nước Gọn Nhẹ Tiện Lợi Di Chuyển T12,https://www.lazada.vn/products/pdp-i2467505021.html,110.500 ₫,5.0,65 Đã bán
Combo Bộ 3 Balo Thời Trang Và Túi Đeo Chéo Cá Tính HARAS HR242,https://www.lazada.vn/products/pdp-i263010093.html,199.000 ₫,4.0,
"(Kate Túi) Quần Đùi Kate Nam Cotton Cao Cấp, Có Túi, Xẻ Lai, Có Nút Cài, Làm Quần Ngủ, Hay Mặc Nhà Đẹp Bền",https://www.lazada.vn/products/pdp-i2910231274.html,53.000 ₫,4.0,911 Đã bán
"Vention Dây Cáp Type-C 240W 5A - Dây Sạc Nhanh PD3.1 EPR, Truyền Dữ Liệu 480Mbps, Vỏ Nhôm, Bện Nylon, Cho MacBook Pro, Laptop Gaming - Đen 1m",https://www.lazada.vn/products/pdp-i2135336788.html,69.000 ₫,4.0,
"EWEADN | Chuột Bluetooth Không Dây Q5 Q1 có màn hình hiển thị, điều chỉnh DPI Cho Sử Dụng Im Lặng Trên Laptop, Làm Việc Văn Phòng, và Sạc, Màu Tím",https://www.lazada.vn/products/pdp-i3195240602.html,193.000 ₫,4.0,18 Đã bán
"HOÀN TIỀN 15% - Cặp học sinh cấp 2 đựng laptop 15""6 - 17 INCH đeo chéo đeo vai 4 kiểu phong cách mới GF4 Shalla",https://www.lazada.vn/products/pdp-i1789344877.html,123.000 ₫,4.0,
Chuột máy tính không dây pin sạc SIDOTECH F8 trà sữa cute gaming silent chống ồn ko dây bluetooth wireless 2.4G cho laptop PC chơi game làm việc văn phòng - Hàng chính hãng,https://www.lazada.vn/products/pdp-i2423164613.html,128.575 ₫,5.0,
"Balo Nữ, Balo Nữ Thời Trang Hàn Quốc, Balo Ulzzang Hàn Quốc, Balo Nữ Đi Học, Balo Nữ Đi Chơi Đựng Được Laptop Tuseday lucky",https://www.lazada.vn/products/pdp-i2130661234.html,48.000 ₫,4.0,92 Đã bán
"Hub Type C to HDMI 4K 60Hz cho Macbook/iPad/Laptop/Điện thoại, Hub chuyển đổi type C sang HDMI, Cổng chuyển đổi Type C.",https://www.lazada.vn/products/pdp-i3065947062.html,178.000 ₫,,"5 Đã bán
Hà Nội"
"Ram Laptop DDR3/DDR3L 2GB, 4Gb bus 1600 - 12800s và các loại khác, bảo hành 3 năm",https://www.lazada.vn/products/pdp-i257934037.html,99.000 ₫,4.0,
"Bàn phím Mini có dây K1000 ,TIKA PHÍM MINI (MK515) ZORNWEE 64KEY LED cổng USB giao ngẫu nhiên dùng cho PC laptop Ecoba",https://www.lazada.vn/products/pdp-i2178428507.html,120.000 ₫,4.0,105 Đã bán
"Balo Nữ, Balo Nữ Thời Trang Hàn Quốc, Balo Ulzzang Hàn Quốc, Balo Nữ Đi Học, Balo Nữ Đi Chơi Đựng Được Laptop",https://www.lazada.vn/products/pdp-i2119577788.html,47.000 ₫,4.0,91 Đã bán
"(Hàng đã qua sử dụng ,không phụ kiện) Android tivi box (giao mẫu ngẫu nhiên ) cài đặt sẵn Youtube, không phụ kiện",https://www.lazada.vn/products/pdp-i1644187083.html,92.321 ₫,4.0,51 Đã bán
"Digi × Wekome Cáp sạc quanh co từ tính,, Cáp dữ liệu siêu nhanh 4 trong 1 240W, E-Marker, 1m, USB-A Type-C, hỗ trợ cho Macbook Air, Pro, iPad, iPhone 15, 16, Pro Max Laptop Thích hợp sử dụng trên ô tô, kết nối có dây với Carplay WDC-48 Bộ Sạc Nhanh",https://www.lazada.vn/products/pdp-i3034923553.html,148.000 ₫,5.0,51 Đã bán
"Túi Chống Sốc Laptop Macbook Ultrabook 1/2 Ngăn đựng 13.3 Inch, 14 Inch, 15 Inch, 15.6 Inch, 16 Inch - Túi laptop nam nữ",https://www.lazada.vn/products/pdp-i3069552222.html,75.000 ₫,5.0,29 Đã bán
Móc khóa chữ tiếng Anh Hello Kitty Keychain Cặp đôi lời chúc tốt đẹp nhất Móc khóa Móc khóa Móc khóa Bạn bè Quà tặng Sinh,https://www.lazada.vn/products/pdp-i3175293442.html,7.500 ₫,5.0,31 Đã bán
Quần tây âu nam dáng ôm vải co giãn 4 chiều chống nhăn chống xù phong cách trẻ trung Hàn Quốc.,https://www.lazada.vn/products/pdp-i2653785731.html,129.000 ₫,4.0,669 Đã bán
[CHÍNH HÃNG PHÍM ÊM] Điều khiển GIỌNG NÓI VOICE tivi SAMSUNG QLED THẲNG INDONESIA HÀNG MỚI + TẶNG PIN -BẢN MỚI NHẤT NĂM NAY,https://www.lazada.vn/products/pdp-i2825561211.html,56.454 ₫,4.0,237 Đã bán
Máy Hút Bụi Laptop Mini,https://www.lazada.vn/products/pdp-i264344116.html,21.900 ₫,4.0,53 Đã bán
"Balo đựng laptop 13inch, 14inch, 15,6inch công sở nhỏ gọn, balo đi làm nam nữ đựng vừa túi chống sốc bên trong",https://www.lazada.vn/products/pdp-i1937411278.html,105.000 ₫,4.0,490 Đã bán
Bàn phím máy tính mini có dây SIDOTECH XKB02 nhỏ gọn tinh tế 82 key hành trình phím vừa phải giúp gõ văn bản nhanh cho laptop văn phòng học sinh sinh viên dễ dàng mang theo – Hàng chính hãng,https://www.lazada.vn/products/pdp-i2121954014.html,118.000 ₫,4.0,896 Đã bán
"EWEADN | Chuột Gaming Không Dây Bluetooth & Có Dây (Dual Mode), Thiết Kế Công Thái Học Giảm Mỏi, Theo Dõi Độ Chính Xác Cao, Cấu Trúc Bền Bỉ, Đa Năng Cho Laptop & Văn Phòng",https://www.lazada.vn/products/pdp-i3185991337.html,463.000 ₫,4.0,11 Đã bán
"Gamepad tay game Không dây Bluetooth TS102 đa kết nối cho máy tính, laptop, smartphone, máy tính bảng",https://www.lazada.vn/products/pdp-i2203620580.html,320.000 ₫,4.0,64 Đã bán
Đầu Chuyển USB Type-C OTG 10A hub otg truyền dữ liệu tốc độ cao kết nối ngoại vi chuột bàn phím điện thoại máy tính PC laptop Mac,https://www.lazada.vn/products/pdp-i2188138455.html,23.780 ₫,4.0,801 Đã bán
ARCTIC HUNTER túi chống sốc laptop balo laptop túi đựng laptop Máy tính xách tay Túi Nam Túi đựng máy tính xách tay khóa kéo phản quang Túi Đeo Vai Cặp kinh doanh,https://www.lazada.vn/products/pdp-i2918502263.html,92.000 ₫,4.0,20 Đã bán
"Webcam 2K Livestream có Mic cho PC, Laptop, Trợ sáng cực tốt, webcam pc, cam máy tính pc, webcam usb",https://www.lazada.vn/products/pdp-i3076876757.html,125.947 ₫,4.0,53 Đã bán
Balo HARAS Explorer Backpack Chống Thấm Nước HR335,https://www.lazada.vn/products/pdp-i106665529.html,199.000 ₫,5.0,145 Đã bán
Quần kaki nam trung niên cao cấp - quan nam công sở ống đứng suông tây nam -XM02,https://www.lazada.vn/products/pdp-i2543659196.html,99.999 ₫,4.0,
"Set 50 cái Sticker Mèo Meme, Sticker Meme Mèo Chống Nước, Hình dán Chó Mèo dán mũ bảo hiểm, dán laptop, dán xe, vali, sticker chống thấm nước, sticker cute giá rẻ",https://www.lazada.vn/products/pdp-i2950558512.html,18.000 ₫,4.0,45 Đã bán
"Miếng Phủ Bàn Phím Laptop 13 -14 in & 15 - 17 & 12 & 10 inch Silicon Chống Nước, Chống Bụi Bẩn",https://www.lazada.vn/products/pdp-i1279757095.html,18.000 ₫,4.0,
Balo Laptop Cao Cấp Thời Trang Đựng Được Máy Tính 15.6 INCH HARAS HR162,https://www.lazada.vn/products/pdp-i136146419.html,149.000 ₫,4.0,110 Đã bán
OATSBASF Xách Tay Mini Vô Hình Máy Tính Xách Tay Đứng Nhôm Chiều Cao Có Thể Điều Chỉnh Máy Tính Chủ Có Thể Gập Lại Máy Tính Tablet Đứng Máy Tính Xách Tay Làm Mát Pad,https://www.lazada.vn/products/pdp-i3021017463.html,74.701 ₫,5.0,13 Đã bán
57x40cm Balo SIÊU LỚN Laptop Du Lịch Đi Làm Đi Công Tác Mix 2 Màu - L16,https://www.lazada.vn/products/pdp-i317420316.html,219.000 ₫,4.0,664 Đã bán
"Màn hình laptop các mã 10.1 - 11.6 - 12.1 - 12.5 - 13.3 - 14 - 14.1 - 15.6 - 17.3inch. Dell, acer, asus, hp, lenovo sony",https://www.lazada.vn/products/pdp-i2908390660.html,995.000 ₫,3.0,
TAI NGHE 5.1 P9 PRO KHÔNG DÂY KẾT NỐI BLUETOOH CỰC NHANH - KẾT NỐI DỄ DÀNG VỚI ĐIỆN THOẠI HOẶC LAPTOP NGHE NHẠC ĐÀM THOẠI ÂM THANH SIÊU CHẤT LƯỢNG - TAI NGHE KHÔNG DÂY CÓ ĐỆM ĐẦU KO BỊ ĐAU TAI KHI SỬ DỤNG,https://www.lazada.vn/products/pdp-i3090204879.html,125.000 ₫,2.0,
"Bàn Làm Việc Nâng Hạ Di Động Thông Minh, Bàn Học Gấp Gọn, Bàn Làm Việc Nâng Hạ Công Thái Học, Bàn Laptop Mặt Nghiêng 0-90 Độ Ngồi Làm Việc Học Tập Thuyết Trình Đa Năng Phù Hợp Mọi Đối Tượng",https://www.lazada.vn/products/pdp-i2343459954.html,3.721.000 ₫,4.0,79 Đã bán
"Túi Xách Cặp Xách Vải Oxford Đựng laptop 14'', 15.6'' Sức Chứa Lớn Phong Cách Doanh Nhân Cho Nam",https://www.lazada.vn/products/pdp-i2491369859.html,150.000 ₫,5.0,5 Đã bán
Cặp da laptop công sở da bò PRD33 Hãng,https://www.lazada.vn/products/pdp-i2148172074.html,1.545.000 ₫,,
"Máy in A4LE ECOKING mini bluetooth cầm tay in giấy nhiệt của máy khổ A4,A5 kết nối được tất cả các thiết bị androi và ios, laptop, pc, máy tính bảng, nhỏ gọn tiện dễ dàng mang theo.",https://www.lazada.vn/products/pdp-i2733878196.html,1.350.000 ₫,5.0,
"Bàn phím dùng cho PC,Laptop mini K1000 có dây (đen)",https://www.lazada.vn/products/pdp-i2023892267.html,95.000 ₫,4.0,289 Đã bán
"Laptop Msi Ốp Lưng A Vỏ, Lớp Ngoài B Vỏ, Lớp Ngoài Trục Cho Ge75 Gl75 Gp75 Ms-17e1 17e2 17e5 17e7 Phụ Tùng Máy Tính Phụ Kiện",https://www.lazada.vn/products/pdp-i2838110305.html,395.000 ₫,,
VỎ LAPTOP SONY VAIO PCG-41216W,https://www.lazada.vn/products/pdp-i2166005399.html,350.000 ₫,,
"Màn hình laptop 12.5 inch LED 30 Pin và 40 Pin cho All các dòng phổ thông , năm 2020",https://www.lazada.vn/products/pdp-i260201352.html,570.000 ₫,3.0,
Vỏ A laptop Dell Inspiron 7000 7557 7559 5577 5567 P57F,https://www.lazada.vn/products/pdp-i1762979232.html,620.000 ₫,,
Loa thanh vi tính E1411 led RGB cho máy tính Laptop,https://www.lazada.vn/products/pdp-i3092229820.html,250.000 ₫,5.0,6 Đã bán
Gamepad Tay Game Không dây Bluetooth P4 cho máy tính - Laptop - điện thoại- Máy tính bảng,https://www.lazada.vn/products/pdp-i2114021399.html,292.050 ₫,5.0,98 Đã bán
"Cặp xách công sở Zenka thanh lịch và sang trọng, đựng vừa laptop 14 inch - ZKC01",https://www.lazada.vn/products/pdp-i2320119204.html,279.000 ₫,4.0,77 Đã bán
VỎ LAPTOP HP Envy M6-k010dx,https://www.lazada.vn/products/pdp-i2416413356.html,250.000 ₫,,
"Philips SPA20 - Loa Máy Tính 2.0, Kết Nối Bluetooth, USB, Công Suất 2W",https://www.lazada.vn/products/pdp-i3110363768.html,327.750 ₫,2.0,
"Ổ cứng SSD Casper M2 SATA 22x42mm M.2 NGFF 128GB / 256GB / 512GB / 1TB / 2TB | Ổ cứng SSD bên trong dành cho laptop, máy tính để bàn, notebook",https://www.lazada.vn/products/pdp-i2849329494.html,330.000 ₫,,
"USB 4GB - Vỏ kim loại siêu nhỏ gọn chống va đập, tốc độ truyền nhanh dùng cho Laptop, PC, TV, Box, loa kéo và nhiều thiết bị khác",https://www.lazada.vn/products/pdp-i3212501756.html,56.000 ₫,,"5 Đã bán
Hồ Chí Minh"
Máy chiếu mini HY300/HY300pro Android 11 Full HD 4K Tự động Keystone WiFi 2.4/5G Kết nối điện thoại laptop ios xem phim,https://www.lazada.vn/products/pdp-i2790746076.html,899.000 ₫,4.0,22 Đã bán
"Balo laptop nam đa chức năng cao cấp phong cách mới 15.6""",https://www.lazada.vn/products/pdp-i1907385833.html,471.000 ₫,5.0,33 Đã bán
Túi chống shock laptop 13 inches GB-CS24,https://www.lazada.vn/products/pdp-i2942846516.html,276.210 ₫,3.0,12 Đã bán
"[MỚI VỀ - LOẠI LỚN - BẢN T.A] Đồ chơi trẻ em máy tính laptop xách tay có tiếng/ nhạc, đồ chơi giáo dục sớm, trí tuệ thông minh GS2",https://www.lazada.vn/products/pdp-i2515807474.html,186.000 ₫,5.0,8 Đã bán
【Must-Have Style】 HyperX Laptop Memory RAM DDR3 DDR3L 8GB 4GB 1600MHz 1333MHz 1866MHz SODIMM 1.35V 1.5V PC3/PC3L-12800S PC3-10600S Non-ECC Memory,https://www.lazada.vn/products/pdp-i2841679778.html,117.978 ₫,,
RAM Laptop DDR5 Crucial Bus 4800Mhz / 5200Mhz / 5600 Mhz Dung Lượng 16GB / 32GB Bảo hành 3 năm - Hàng Chính Hãng,https://www.lazada.vn/products/pdp-i2371016222.html,2.550.000 ₫,5.0,17 Đã bán
Edifier M25 Speaker Bluetooth 5.3 USB Dongguan Edifier Company Limited Desktop Computer Laptop Home Use Bass Cannon Microphone in One,https://www.lazada.vn/products/pdp-i3176734046.html,908.000 ₫,,
"Bàn laptop thông minh gấp gọn, nâng hạ chiều cao 4 cấp, mặt nghiêng chống gù, chân nhôm cao cấp",https://www.lazada.vn/products/pdp-i2377620398.html,499.000 ₫,,
"Bộ máy tính văn phòng, chơi game giá rẻ (Ram 4GB, Card 2gb) tùy cấu hình tặng usb wifi",https://www.lazada.vn/products/pdp-i2332179782.html,1.389.000 ₫,5.0,8 Đã bán
HUB Type C và HUB USB 3.0 tốc độ cao cổng usb mở rộng kết nối chuyển đổi cho Laptop PC,https://www.lazada.vn/products/pdp-i2858212958.html,73.799 ₫,4.0,129 Đã bán
Màn Hình Laptop Dell Latitude 5470 5480 5490 5450 E5470 E5480 E5490 E5450 HD - FULL HD - IPS,https://www.lazada.vn/products/pdp-i3113240201.html,835.000 ₫,,
⚡⚡Bàn Học Bàn Làm Việc Bàn Laptop Gập Gọn Bàn Học Gập Thông Minh Bàn Học Gấp Gọn Mini Có Khay Cốc Ổ Usb Khe ĐIện Thoại,https://www.lazada.vn/products/pdp-i2342018937.html,102.000 ₫,4.0,134 Đã bán
TÚI ĐỒ NGHỀ 7 NGĂN CAO CẤP,https://www.lazada.vn/products/pdp-i1617324005.html,150.000 ₫,4.0,566 Đã bán
"Webcam Có Mic 2K/1080P Máy tính USB Cho PC Laptop Livestream/Họp trực tuyến, Camera mini, Học và Làm việc Online",https://www.lazada.vn/products/pdp-i3094989161.html,132.100 ₫,5.0,116 Đã bán
Túi Chống Sốc Laptop 2 ngăn có Quai xách Chống Nước 15.6 Inch 14 Inch 13 Inch Túi đựng laptop nam nữ chống sốc cao cấp,https://www.lazada.vn/products/pdp-i2667883730.html,45.000 ₫,5.0,41 Đã bán
ARCTIC HUNTER túi nam túi xách nam túi đeo túi đeo trước bụng Túi Nam Túi đeo hông cho nam thời trang unisex Túi Cạp có thể điều chỉnh cho sử dụng thường nhật,https://www.lazada.vn/products/pdp-i3060174832.html,41.000 ₫,4.0,149 Đã bán
"Giá đỡ Laptop, Macbook, Máy tính bảng Ipad công thái học nâng hạ độ cao hỗ trợ tản nhiệt L658 Macbox",https://www.lazada.vn/products/pdp-i2207309004.html,129.000 ₫,4.0,
Balo KML Da Pu Size 40cm Thời Trang Đi Học Nam Nữ,https://www.lazada.vn/products/pdp-i3070496333.html,99.900 ₫,4.0,5 Đã bán
Máy chiếu KOA YG300 Máy chiếu mini cầm tay HD LED có thể kết nối với điện thoại di động /USB/PC/Laptop/HDMI Loa tích hợp,https://www.lazada.vn/products/pdp-i2811184189.html,319.000 ₫,4.0,162 Đã bán
Balo da PaMiTI nhiều ngăn tiện lợi dày dặn - HÀNG CÓ SẴN - Đựng vừa laptop 15.6inch (027),https://www.lazada.vn/products/pdp-i1559770630.html,165.000 ₫,4.0,87 Đã bán
Balo đi học nữ thời trang phong cách unisex màu ghép kiểu dáng mới đựng laptop đi làm du lịch 9665,https://www.lazada.vn/products/pdp-i3162943638.html,369.000 ₫,5.0,18 Đã bán
Golf Chất Lượng Của Phụ Nữ Ba lô đựng máy tính Thời Trang Mỏng Túi đựng máy tính xách tay Ba Lô Phụ Nữ Văn Phòng 15 Inch Oxford chống trộm Túi ba lô Không Thấm Nước Ban Đầu,https://www.lazada.vn/products/pdp-i2893839445.html,413.842 ₫,5.0,
Bộ sạc nhanh【Nexode】UGREEN GaN 500W Fast Charger Adapter for Laptop Macbook iPad iPhone 16 Pro Max Samsung S25 S24 Ultra Model:55549,https://www.lazada.vn/products/pdp-i3108670211.html,6.908.700 ₫,,
Ram Laptop Crucial 48GB DDR5-5600 SODIMM - CT48G56C46S5,https://www.lazada.vn/products/pdp-i3184686149.html,5.950.000 ₫,,
Kệ màn hình Razer Monitor Stand Chroma | Hub USB-C 4 cổng | Nhôm Anodized Cao Cấp | LED RGB Chroma | Chịu Tải 20kg,https://www.lazada.vn/products/pdp-i3076075225.html,5.590.000 ₫,,
"Túi chống sốc bảo vệ laptop chống va đập, chống trầy xước T001",https://www.lazada.vn/products/pdp-i2371894424.html,59.000 ₫,,
"Ram Laptop Ddr3 PC3L 16Gb, 8Gb,4Gb bus 1600 bảo hành 3 năm",https://www.lazada.vn/products/pdp-i2716277485.html,65.000 ₫,4.0,44 Đã bán
"Tai nghe máy tính, laptop 2 chân tròn, thời trang, nhỏ gọn bass ấm HIFI có mic đàm thoại chơi game trên laptop, pc",https://www.lazada.vn/products/pdp-i2604445120.html,57.300 ₫,5.0,9 Đã bán
"Balo Laptop chống nước Doanh nhân Xiaomi Classic Business Backpack 2 , đựng vừa laptop 17 inch",https://www.lazada.vn/products/pdp-i2122671286.html,499.000 ₫,,
Jinchuangstar 256gb Ổ Cứng Thể Rắn M.2 Ssd Cho Laptop Và Máy Tính Để Bàn 2280 Máy Tính Mới Phần Cứng Linh Kiện,https://www.lazada.vn/products/pdp-i2524318778.html,989.000 ₫,,"48 Đã bán
Hong Kong"
Túi Đeo Chéo Nam Da Bò Nguyên Tấm Màu Đen - Old Angler - Sản Xuất Thủ Công Từ Italy_087389NE,https://www.lazada.vn/products/pdp-i3110144231.html,7.499.000 ₫,,
Quần thể thao nam quần thể thao nhanh khô co giãn vải Viscose thẳng thường ngày Quần nam Cao cấp băng,https://www.lazada.vn/products/pdp-i2657118835.html,63.800 ₫,4.0,
Mini PC AMD Ryzen 7 GMKtec M5 Plus R7 5825u M6 Máy tính NucBox GMK Beelink EQR6 R5 6600H 5700U,https://www.lazada.vn/products/pdp-i3185611632.html,6.290.000 ₫,,
MAIN LAPTOP DELL 3521 I3 THẾ HỆ 3,https://www.lazada.vn/products/pdp-i2779003926.html,380.000 ₫,,
LEE Giản Dị Ba lô đi học Phụ Nữ Với vải không thấm nước dung tích lớn ngăn đựng laptop Túi Gói Cho Nam Giới Đi Du Lịch Trường Học Sinh Viên Đại Học Unisex,https://www.lazada.vn/products/pdp-i3057994588.html,876.673 ₫,,
Main Laptop Asus K56CB,https://www.lazada.vn/products/pdp-i2778125251.html,1.065.000 ₫,,
[Hoả Tốc HCM] Balo Tomtoc (Usa) Cao Cấp Voyage-T50 Backpack Dành Cho Laptop 15.6 Bảo Vệ Toàn Diện Cho Thiết Bị Của Bạn,https://www.lazada.vn/products/pdp-i2835798588.html,4.750.000 ₫,,
Acer | Chuột Chơi Game Có Dây cho Máy Tính và Laptop LOL Esports FPS Macro,https://www.lazada.vn/products/pdp-i3196167909.html,215.000 ₫,4.0,
Balo laptop nam thông minh đa chức năng chống thấm nước cao cấp phong cách mới,https://www.lazada.vn/products/pdp-i2393620290.html,452.000 ₫,5.0,16 Đã bán
TÚI ĐEO CHÉO NAM – BIAGINI - SẢN XUẤT THỦ CÔNG TỪ ITALY - 18*26*5cm - Green - 100% Da thật _ SHOULDER CLUTCH WASABI,https://www.lazada.vn/products/pdp-i2585688553.html,10.483.000 ₫,,
"Balo Herschel Survey TM Standard 15"" Đi Học, Balo Laptop Cao Cấp",https://www.lazada.vn/products/pdp-i2929986514.html,2.889.000 ₫,5.0,
"Warrior | Balo Laptop Chống Nước Dung Tích Lớn, Dùng Cho Du Lịch, Công Việc Và Sinh Viên",https://www.lazada.vn/products/pdp-i3196866509.html,353.000 ₫,4.0,14 Đã bán
Warrior | Balo Chống Nước 16-inch cho Laptop Dành cho Du Lịch Kinh Doanh,https://www.lazada.vn/products/pdp-i3196718994.html,398.000 ₫,4.0,5 Đã bán
Bộ bàn phím chuột không dây BOW K610U cho desktop laptop cơ học chống ồn văn phòng,https://www.lazada.vn/products/pdp-i3178583922.html,165.000 ₫,4.0,14 Đã bán
Máy chiếu thông minh Android T2Pro Mini Portable 4K Full HD 1080P 5G WiFi Kết Nối/điện thoại/Laptop/ip NetFlix Youtube,https://www.lazada.vn/products/pdp-i3004372336.html,969.000 ₫,5.0,
[FREESHIPMAX] CPU i7 laptop gắn cho máy laptop chạy i3-i5 vga rời_BKcomputer,https://www.lazada.vn/products/pdp-i2061461149.html,650.000 ₫,,
Loa bluetooth mini karaoke WS 305 loa cầm tay bass mạnh hạn chế thấm nước cho laptop pc,https://www.lazada.vn/products/pdp-i2720156807.html,132.000 ₫,4.0,17 Đã bán
EWEADN V20 Punk Cơ Bàn Phím Chơi Game 104 Phím Tròn Keycaps LED Trắng Backlit Có Dây Máy Tính Để Bàn Laptop Máy Tính Bảng Tương Thích,https://www.lazada.vn/products/pdp-i2914856266.html,1.351.000 ₫,4.0,47 Đã bán
Balo Đi Học Nam Nữ Chất liệu Chống thấm nước HARAS Backpack HR342,https://www.lazada.vn/products/pdp-i263100174.html,178.000 ₫,5.0,8 Đã bán
Đồ chơi LeapFrog - Máy tính bảng Laptop và Ipad 2 in 1 Leap Frog laptop touch màu xanh và hồng.,https://www.lazada.vn/products/pdp-i2525512880.html,950.000 ₫,,
Warrior | Balo Laptop Dung Lượng Lớn Siêu Nhẹ cho Bé Trai,https://www.lazada.vn/products/pdp-i3196177677.html,308.000 ₫,4.0,11 Đã bán
Warrior | Balo Laptop Dung Lượng Lớn Nhẹ Cho Nam,https://www.lazada.vn/products/pdp-i3196382045.html,355.000 ₫,,
"Balo da đựng laptop, ba lô công sở nhiều ngăn rộng rãi rất tiện dụng CV",https://www.lazada.vn/products/pdp-i2512030363.html,158.000 ₫,4.0,20 Đã bán
"Ba Lô Du Lịch Cỡ Lớn, Chất Liệu Vải Dù Siêu Bền",https://www.lazada.vn/products/pdp-i1479971893.html,189.000 ₫,5.0,33 Đã bán
[2H] Balo sinh viên văn phòng cao cấp chống thấm nước chống sốc đa năng giấu quai đựng laptop 17 inch Zone MenR7 PLUL GSR [GIẢ SIÊU RẼ],https://www.lazada.vn/products/pdp-i2584754706.html,130.000 ₫,4.0,18 Đã bán
57X40cm - Balo LAPTOP cao cấp SG thời trang Siêu Bự Khổng Lồ mẫu số 1 - BALO PHƯỢT DU LỊCH NAM NỮ- L15,https://www.lazada.vn/products/pdp-i317432402.html,239.000 ₫,5.0,441 Đã bán
Sạc Cho Laptop Asus Chân Nhỏ/ Chân To/ Chân Kim 19V 2.37A 3.42A 4.74A 1.75A 33W 45W 65W 90W Dây Sạc Asus Vivobook Zenbook Adapter Charger KITPRO,https://www.lazada.vn/products/pdp-i2729048012.html,149.000 ₫,5.0,59 Đã bán
40x32cm Balo ĐI HỌC ĐI CHƠI ĐI LÀM LAPTOP Thời Trang Du Lịch Nhiều Màu - S01,https://www.lazada.vn/products/pdp-i317392358.html,189.000 ₫,5.0,168 Đã bán
Túi đeo chéo nam nữ thời trang BEE GEE 0157 để điện thoại ipad chống thấm nước đẹp giá rẻ chất lượng tốt,https://www.lazada.vn/products/pdp-i2503196061.html,157.092 ₫,4.0,21 Đã bán
"LazFlash SIÊU SALE DEAL SỐC 50% LazMall Siêu Sale Chuột không dây Logitech M185 - đầu thu USB 2.4Ghz, pin 1 năm, 1000 DPI, thiết kế thuận cả 2 tay, phù hợp PC/ Laptop .Chuột không dây Logitech Laser M185, chuột laptop, chuột USB, mouse không dây Logitech",https://www.lazada.vn/products/pdp-i2679420401.html,122.000 ₫,4.0,108 Đã bán
Balo Thời Trang MARIO Có Ngăn Đựng Laptop Cao Cấp PRAZA - BL209,https://www.lazada.vn/products/pdp-i2830487169.html,249.000 ₫,5.0,
"[ CÒN ÍT XÃ HẾT ] Bàn laptop,máy tính gấp gọn hợp kim nhôm tùy chỉnh nhiều góc độ đa năng thiết kế tản nhiệt với 2 quạt máy thông minh tích hợp giá đỡ chuột cực êm làm việc trên giường,ghế sofa , văn phòng",https://www.lazada.vn/products/pdp-i2214534929.html,279.000 ₫,4.0,
Ổ Cứng Thể Rắn Gắn Ngoài 1TB Ổ Cứng Di Động Dung Lượng Lớn 500GB SSD Type-C USB 3.0 Cho Máy Tính Xách Tay Máy Tính Xách Tay,https://www.lazada.vn/products/pdp-i2271206909.html,283.440 ₫,4.0,7 Đã bán
"Bộ lưu điện UPS Online Dung lượng 3000VA Công suất1800W dùng cho PC Laptop, Wifi , Camera, Server, thiết bị y tế,.",https://www.lazada.vn/products/pdp-i3099650314.html,4.600.000 ₫,,
Balo Laptop 16 inch Thule Subterra 2,https://www.lazada.vn/products/pdp-i3175903086.html,3.690.000 ₫,,
Ổ Cứng HDD Laptop chuẩn SATA 320G Sức khỏe GOOD(tặng dây cáp sata),https://www.lazada.vn/products/pdp-i363718067.html,95.000 ₫,4.0,206 Đã bán
Balo nam balo laptop đi học đi chơi đi làm thời trang cao cấp phong cách mới,https://www.lazada.vn/products/pdp-i3011082716.html,471.000 ₫,,
Earise | Đạm kết nối Thunderbolt 4 ra Dual HDMI với 4 Màn hình mở rộng,https://www.lazada.vn/products/pdp-i3198502625.html,1.027.000 ₫,4.0,
Bộ Nhớ DDR5 Máy Tính Bàn 32GB 6400MHz 6000MHz,https://www.lazada.vn/products/pdp-i3220472765.html,2.741.000 ₫,4.0,
Quần thường ngày bó sát mắt cá chân cho nam Quần thể thao cao cấp màu nhãn hiệu thời trang,https://www.lazada.vn/products/pdp-i2640216858.html,570.272 ₫,,"7 Đã bán
China"
"Bàn Phím Mini K61 LED RGB 10 Chế Độ Rainbow Cực Đẹp, Phím Bấm Êm, Thiết Kế Nhỏ Gọn, Dùng Cho Máy Tính, Laptop,PC",https://www.lazada.vn/products/pdp-i2590505891.html,304.000 ₫,,
Túi Đeo Chéo Mark Ryden Unisex Thiết Kế Sang Trọng Túi Ngực Oxford Nhỏ Dành Cho Nam Và Nữ Túi Mềm Có Khóa Kéo Có Túi Bên Trong,https://www.lazada.vn/products/pdp-i2952912843.html,173.700 ₫,5.0,
"EWEADN | Bộ Bàn Phím và Chuột Bluetooth Không Dây cho Laptop Văn Phòng Gõ Phím Êm Có Sạc - kiểu dáng đơn giản, có thể tắt tiếng",https://www.lazada.vn/products/pdp-i3195293025.html,382.000 ₫,4.0,11 Đã bán
"GIẢM SỐC KÈM QUÀ TẶNG THÚ VỊ: Bảng Vẽ Điện Tử HUION INSPIROY H640P Dùng Cho Điện Thoại Android, Laptop, PC- Hàng Chính Hãng",https://www.lazada.vn/products/pdp-i2408305847.html,1.059.000 ₫,,
EWEADN | Bộ Bàn Phím & Chuột Chơi Game Siêu Mỏng Không Âm Thanh 3 Chế Độ Bluetooth & Dây 68 Phím cho iPad & Laptop,https://www.lazada.vn/products/pdp-i3195484753.html,653.000 ₫,4.0,
Hiram MacBook Pro Air 13 iPad Pro 13/12.9/11 danh mục đầu tư tập tin thư mục bìa da bò tổ chức kinh doanh du lịch tài liệu văn phòng cặp,https://www.lazada.vn/products/pdp-i2662191558.html,797.107 ₫,5.0,
Balo nữ đi học thời trang vải cao cấp chống nước nhiều ngăn đựng vừa laptop đi làm du lịch 9726,https://www.lazada.vn/products/pdp-i2778749453.html,369.000 ₫,4.0,39 Đã bán
( DEAL SỐC ) Túi Đeo Chéo Thời Trang HARAS HR165,https://www.lazada.vn/products/pdp-i968572359.html,198.000 ₫,4.0,119 Đã bán
"Vỏ AB laptop lenovo ideapad lenovo g40-70,g40-30,g40-80,g40-45 tháo máy(vỏ có xước nhẹ nhưng ở trong trạng thái đep)",https://www.lazada.vn/products/pdp-i2152501230.html,250.000 ₫,,
"[CHÍNH HÃNG] Cặp xách da công sở Laptop 15.6 inch FADODA FCD301 - Lịch lãm, nhiều ngăn, chống thấm nước - BH Dài Hạn",https://www.lazada.vn/products/pdp-i3189055027.html,492.345 ₫,,
"Màn hình laptop 15.6 inch slim 60hz 144hz full viền, Dell G5 15 5590 SE, Latitude 15 5590, Inspiron 15 5590, Vostro 15 5590",https://www.lazada.vn/products/pdp-i2146789915.html,1.086.000 ₫,5.0,
Moyyi sức chứa lớn thời trang Mens Da Ba lô du lịch giản dị 15.6 inch máy tính xách tay tiện ích túi có khoá kéo,https://www.lazada.vn/products/pdp-i3065201884.html,416.680 ₫,5.0,17 Đã bán
Ram Laptop DDR3L 8Gb bus 1600 - 12800s bảo hành 3 năm,https://www.lazada.vn/products/pdp-i257729770.html,279.000 ₫,5.0,360 Đã bán
"Portable 500GB-16TB External Hard Drive, Slim External Hard Drive, Computer Backup Small Disk USB 3.1/Type-C for PC, Mac, Desktop, Laptop",https://www.lazada.vn/products/pdp-i1987978998.html,207.496 ₫,4.0,922 Đã bán
1pc Travel Makeup Bag Large Capacity Makeup Bag Waterproof Makeup Bag (Medium),https://www.lazada.vn/products/pdp-i2519252271.html,15.700 ₫,5.0,
"Bình bơm ga bật lửa chính hãng BlueSky Hàn Quốc không mùi loại xịn, kèm 5 đầu bơm trên nắp",https://www.lazada.vn/products/pdp-i3100708941.html,58.500 ₫,5.0,347 Đã bán
Túi đeo chéo nam thời trang cao cấp,https://www.lazada.vn/products/pdp-i1871403112.html,432.000 ₫,5.0,11 Đã bán
Màn hình laptop 15.4 ink loại màn cao áp,https://www.lazada.vn/products/pdp-i2281952142.html,149.999 ₫,4.0,7 Đã bán
️[Sạc zin] Sạc Laptop Lenovo Ideapad S145 14IWL,https://www.lazada.vn/products/pdp-i1932937289.html,176.000 ₫,,
"Bàn Phím cơ có dây có đèn đủ màu Chuột siêu mượt SURMT màu đen, giá rẻ cho máy tính bàn laptop văn phòng",https://www.lazada.vn/products/pdp-i3126115084.html,50.000 ₫,,
Bàn Phím Không Dây Bluetooth 5.0 & 2.4G Mini Đa Phương Tiện Cho Laptop PC TV iPad Macbook Android - Bàn Phím Tiếng Anh Điện Dung 78 Phím Có Giao Diện USB,https://www.lazada.vn/products/pdp-i2474026776.html,274.500 ₫,5.0,358 Đã bán
UGREEN Pin sạc dự phòng 10000mAh|20000mAh 22.5W Max Power Bank Di động PD Sạc nhanh hai chiều PowerBank cho iPhone 15 Laptop Notebook Samsung Pixel iPad Model:PB311 PB312,https://www.lazada.vn/products/pdp-i3026879687.html,469.000 ₫,5.0,212 Đã bán
Sạc LAPTOP đa năng 8 đầu siêu tiện lợi (hàng nhập khẩu),https://www.lazada.vn/products/pdp-i2744196578.html,89.000 ₫,5.0,103 Đã bán
"Đầu Chuyển từ Type C sang USB dùng cho Laptop, PC, cổng sạc tương thích các loại thiết bị điện tử.",https://www.lazada.vn/products/pdp-i2490548559.html,15.000 ₫,4.0,42 Đã bán
"Túi Đeo Chéo, Túi Đeo Ipad Thời Trang Praza Cao Cấp Có Nhiều Ngăn - DC108",https://www.lazada.vn/products/pdp-i207076090.html,99.000 ₫,4.0,
"Balo Laptop 15.6 inch STARGO LUMINE - Thiết kế tinh tế, tính năng thông minh.",https://www.lazada.vn/products/pdp-i2497127982.html,455.000 ₫,5.0,43 Đã bán
Manmu Lễ Hội Khuyến Mãi 120mm RGB Rainbow Quạt Máy Tính Hiệu Suất Làm Mát Cao Chơi Game PC Quạt Chất Lỏng Chịu Lực 12V 9 Lưỡi Dao,https://www.lazada.vn/products/pdp-i2721281787.html,44.850 ₫,5.0,620 Đã bán
Balo Laptop Đa Năng Kích Thước Lớn Cặp Đựng Laptop chống sốc 15.6 inch dùng đi học đi làm đi chơi đi du lịch,https://www.lazada.vn/products/pdp-i2201709933.html,112.767 ₫,4.0,
"BALO DOUBLE BOX Có Ngăn Đựng Laptop, Trượt Nước Cao Cấp PRAZA - BL205",https://www.lazada.vn/products/pdp-i2490082195.html,249.000 ₫,5.0,
Kệ Để Bàn - Kệ Để Máy Tính Laptop 2 Tầng Gọn Gàng,https://www.lazada.vn/products/pdp-i1607392692.html,50.000 ₫,4.0,736 Đã bán
57x40cm Balo SIÊU LỚN Laptop Du Lịch Đi Làm Đi Công Tác Sọc Chỉ Đỏ - L14,https://www.lazada.vn/products/pdp-i317444108.html,219.000 ₫,4.0,
"ARCTIC HUNTER túi chống sốc laptop balo laptop túi đựng laptop tính bảng máy tính xách tay bên trong túi máy tính 13 ""14"" 15 ""phong cách văn phòng di động Túi sinh viên",https://www.lazada.vn/products/pdp-i2746959306.html,91.000 ₫,5.0,17 Đã bán
"[Ready stock] SAVIO Screwdriver Set,115 in 1 Computer Repair Kit Electronic Tool kit Mini Precision Screwdriver Set with Case for Phone,Laptop,Jewelers",https://www.lazada.vn/products/pdp-i822542798.html,177.319 ₫,5.0,8 Đã bán
"USB Hub 3.0 Siêu Tốc chia ra 7 Cổng - Truyền Dữ Liệu, Dây Dài 1.2M, Tương Thích Mọi Thiết Bị",https://www.lazada.vn/products/pdp-i3141822200.html,55.000 ₫,5.0,5 Đã bán
"Tai Nghe Dây Samsung ZIN , tai nghe S5360, tai nghe Zin, Âm Thanh Hay, Giá Rẻ, dùng cho laptop điện thoại bảo hành 12 tháng",https://www.lazada.vn/products/pdp-i3035187479.html,86.000 ₫,4.0,297 Đã bán
"HUB Type C và HUB USB 3.0, Bộ chia cổng chuyển đổi to HDMI,USB 3.0,SD,TF,RJ45,PD Type C cho Laptop Macbook",https://www.lazada.vn/products/pdp-i1976515722.html,89.000 ₫,4.0,339 Đã bán
Niye | Loa Âm Thanh cho Máy Tính Để Bàn và Laptop,https://www.lazada.vn/products/pdp-i3206692130.html,122.000 ₫,4.0,
"Móc Treo 6 Túi Tiện Lợi Đựng Túi Xách, Tiết Kiệm Không Gian Lưu Trữ, Kích Thước 90x31x30cm",https://www.lazada.vn/products/pdp-i2509545169.html,13.100 ₫,4.0,
MOFII HONEY - Combo bàn phím và chuột không dây Mofii Honey 83 phím kết nối USB 2.4Ghz Dành Cho Điện Thoại/Máy Tính Bảng/Laptop - Hãng phân phối chính thức,https://www.lazada.vn/products/pdp-i1605449078.html,190.000 ₫,3.0,11 Đã bán
Bàn Để Laptop Xoay Đa Năng - Bàn Để Máy Tính Laptop Xoay 360 Độ - Chân Đế Xoay Có Thể Gập Lại Có Lưới Tản Nhiệt Thông Minh Bàn Di Chuột Riêng - Phù Hợp Mọi Tư Thế - Bảo Hành 12 Tháng,https://www.lazada.vn/products/pdp-i1558568886.html,279.266 ₫,5.0,21 Đã bán
"Dây Tether cáp USB/Type-C to Type-C Kết Nối Máy Ảnh Với PC/Laptop, Tốc Độ Cao, Dài 3-5-8M",https://www.lazada.vn/products/pdp-i3038579631.html,250.000 ₫,5.0,
SEHVN 2 cái máy tính xách tay đứng mini cầm tay chủ có thể gập lại nvisible máy tính xách tay Riser khung giá cho Macbook máy tính xách tay đứng làm mát chủ,https://www.lazada.vn/products/pdp-i2912312537.html,16.878 ₫,5.0,883 Đã bán
Ổ Cứng HDD Laptop chuẩn SATA 500G Caution Kĩ Thuật,https://www.lazada.vn/products/pdp-i363706277.html,90.000 ₫,4.0,408 Đã bán
vga cỏ,https://www.lazada.vn/products/pdp-i3178427097.html,150.000 ₫,5.0,
"Giá Đỡ Laptop Điều Chỉnh Chiều Cao Làm Mát, Gắn Bàn Kim Loại",https://www.lazada.vn/products/pdp-i3219509167.html,74.000 ₫,4.0,
"Ổ cứng SSD cài sẵn windows siêu mượt, Dùng cho PC, Laptop khởi động là lên Win, Dung lượng 120-512Gb, hiệu T-Wolf",https://www.lazada.vn/products/pdp-i2390625866.html,409.000 ₫,4.0,904 Đã bán
"Tấm chắn gió điều hoà, tấm chuyển đổi hướng gió điều hoà, máy lạnh bảo vệ sức khoẻ gia",https://www.lazada.vn/products/pdp-i3026322350.html,75.680 ₫,5.0,208 Đã bán
Màn Hình laptop loại màn cao áp 14.1 ink,https://www.lazada.vn/products/pdp-i2281825000.html,149.999 ₫,3.0,
HAWEEL Túi Đựng Máy Tính Xách Tay Túi Đựng Máy Tính Xách Tay Túi Đựng Máy Tính Xách Tay Túi Đựng Máy Tính Chống Nước Vỏ Bảo Vệ Túi Đựng Máy Tính Xách Tay Cho 14-15.0 Inch/15-16 Inch,https://www.lazada.vn/products/pdp-i2126012536.html,108.000 ₫,4.0,327 Đã bán
Giấy lau mắt kính VISIOMAX 52 tờ hàng Đức - Lau màn hình điện thoại Laptop Lens máy ảnh,https://www.lazada.vn/products/pdp-i1397082012.html,85.900 ₫,5.0,214 Đã bán
"TỦ SẤY QUẦN ÁO SAM SUNG, TỦ SẤY 2 TẦNG CÓ ĐIỀU KHIỂN TỪ XA CÔNG SUẤT 1500W",https://www.lazada.vn/products/pdp-i2529394537.html,452.000 ₫,4.0,270 Đã bán
Dây Tín Hiệu Canon ra 2 Đầu Bông Sen 0.8m,https://www.lazada.vn/products/pdp-i2545635045.html,69.000 ₫,5.0,35 Đã bán
Cáp Hagibis USB C Sang USB C Sạc Nhanh 80Gbps 240W Dây Siêu Mềm Cho Thunderbolt 4/5 iPhone 17 Laptop Đầy Đủ Chức Năng USB4,https://www.lazada.vn/products/pdp-i3079397440.html,212.250 ₫,5.0,408 Đã bán
"Tai nghe máy tính, laptop thời trang, nhỏ gọn bass ấm S18/HIFI có mic đàm thoại, headphone chơi game trên laptop, pc",https://www.lazada.vn/products/pdp-i2366333307.html,105.000 ₫,5.0,36 Đã bán
Shiny Snake S300 Mini-ITX Portable Desktop Computer Case Handheld Mini Computer Main Box Aluminum Material Cooling Method,https://www.lazada.vn/products/pdp-i3221377623.html,1.831.000 ₫,,"24 Đã bán
China"
"Vỏ D laptop asus x54h,k54h tháo máy(vỏ có xước vẫn ở trong trạng thái đẹp)",https://www.lazada.vn/products/pdp-i2152633526.html,200.000 ₫,,
[HCM]BÀN PHÍM USB MINI K1000,https://www.lazada.vn/products/pdp-i161564930.html,84.000 ₫,4.0,
ThinkPad Ultra Thin Dual Bluetooth Gaming Mouse 4Y50X88822 Laptop Business Mouse USB Connectivity 3 Buttons 2400dpi Resolution,https://www.lazada.vn/products/pdp-i3015107003.html,741.000 ₫,,"58 Đã bán
China"
"Vỏ A laptop asus x441u,x441,x441ua,x441sa,x441sc tháo máy(vỏ có xước nhẹ nhưng vẫn ở trong trạng thái đẹp,chân ốc zin)",https://www.lazada.vn/products/pdp-i2170548995.html,250.000 ₫,,
Chuột Không Dây Bluetooth Sạc Lại Yên Tĩnh cho Laptop và Tablet,https://www.lazada.vn/products/pdp-i3205719348.html,262.000 ₫,4.0,
ThinkPlus Red Lipstick 65W GaN Charger PD Fast Charge Adapter for Apple Huawei Laptop Tablet Mobile Phone ThinkPad Book Notebook,https://www.lazada.vn/products/pdp-i1602252509.html,601.000 ₫,4.0,189 Đã bán
Chuột tương thích Bluetooth không dây USB 2.4G Chế độ kép 2400DPI Noise Silent Mouse PC Laptop Mouse Loại C Sạc,https://www.lazada.vn/products/pdp-i2420339405.html,265.525 ₫,5.0,14 Đã bán
"Tai nghe chụp tai GAMING chống ồn có mic đàm thoại lọc âm, đèn LED đổi màu, headphone chơi game trên laptop, pc",https://www.lazada.vn/products/pdp-i3076106424.html,198.000 ₫,5.0,
"Bàn phím giả cơ GTX300 kèm chuột, bàn phím máy tính chống nước led rgb chơi game làm việc văn phòng cho PC laptop",https://www.lazada.vn/products/pdp-i2728487188.html,135.000 ₫,5.0,
Ba Lô Đựng Laptop Siêu Mỏng DIENQI Túi Nylon Chống Thấm Nước Unisex Dành Cho Máy Tính Xách Tay 14' 15.6' Ba Lô Làm Việc Thông Thường Đa Năng Có Tay Cầm Mềm,https://www.lazada.vn/products/pdp-i2626851269.html,133.250 ₫,4.0,93 Đã bán
Bàn phím máy tính GROWNTECH DY-801D có dây giả cơ gaming dành cho pc laptop chơi game văn phòng bảo hành 12 tháng,https://www.lazada.vn/products/pdp-i2619174836.html,107.250 ₫,4.0,278 Đã bán
"Couspan trượt di chuyển đồ nặng, giá đỡ tủ lạnh có con lăn di động Máy giặt chân đế tủ lạnh",https://www.lazada.vn/products/pdp-i3075661140.html,108.900 ₫,4.0,355 Đã bán
Balo Du Lịch Đi Học Nam Nữ THE NORTH FACE HECKLER BACKPACK Ngăn Đựng Laptop 16 Inch Chống Thấm Nước,https://www.lazada.vn/products/pdp-i1519162426.html,318.000 ₫,4.0,65 Đã bán
"Bàn học gấp gọn ngồi bệt, dùng cho học sinh, sinh viên, để laptop làm việc. bàn chân nhựa cứng 40x60cm mặt gỗ mdf",https://www.lazada.vn/products/pdp-i3208830483.html,79.000 ₫,5.0,
Giá Đỡ kim loại cho laptop máy tính bảng hỗ trợ tản nhiệt và điều chỉnh độ cao góc máy,https://www.lazada.vn/products/pdp-i2538302816.html,148.500 ₫,5.0,10 Đã bán
ARCTIC HUNTER Túi nam người đàn ông của ba lô Cặp học sinh sinh viên bền Ba lô vải kiểu oxford với cổng sạc USB độc lập kho Giày,https://www.lazada.vn/products/pdp-i3076941839.html,359.000 ₫,5.0,
Chuột gaming máy tính có dây SIDOTECH W6 có 6 nút hỗ trợ app điều chỉnh led RGB 16 triệu màu 12800 DPI macro mọi loại game moba liên quân dota FPS ghìm tâm auto tap pubg freefire csgo valorant click chống ồn silent cho laptop PC,https://www.lazada.vn/products/pdp-i2408226996.html,95.000 ₫,5.0,210 Đã bán
"Túi Messenger Laptop Messenger của nam giới 15,6 inch - Túi vai văn phòng kinh doanh cho công việc du lịch",https://www.lazada.vn/products/pdp-i3165644500.html,478.000 ₫,,
LAOSHIZI LUOSEN Cặp Tài Liệu Da Thật Cho Nam Túi Đựng Máy Tính Công Sở Túi Đưa Thư Thời Trang Túi Đeo Vai Cho Nam,https://www.lazada.vn/products/pdp-i2413969671.html,543.920 ₫,4.0,
Ổ DVD laptop đọc ghi rất tốt (hàng tháo máy cho ae về độ chế) chuẩn Sata -ổ đĩa quang dvd,https://www.lazada.vn/products/pdp-i2343676520.html,35.000 ₫,4.0,80 Đã bán
Tai nghe gaming có mic Sidotech phiên bản G3m cho điện thoại dùng cho game thủ chơi game mobile pc laptop thuộc dòng tai nghe gaming có dây chuyên dụng cho game pubg moblie liên quân lmht tốc chiến,https://www.lazada.vn/products/pdp-i834442184.html,59.685 ₫,4.0,637 Đã bán
"[FreeshipMAX] Chuột Gaming, Chuột chuyên game đẹp có đèn led 7 màu cao cấp - trẻ trung - phù hợp với tất cả các dòng laptop",https://www.lazada.vn/products/pdp-i1622580378.html,68.572 ₫,,
"Túi chống sốc laptop macbook air, pro 13 14 15 15.6inch Boona nhỏ gọn, thời trang-BN01-BN02",https://www.lazada.vn/products/pdp-i1738826928.html,150.000 ₫,4.0,591 Đã bán
Balo laptop balo nam công sở có chức năng mở rộng và chống nước hàng siêu cao cấp,https://www.lazada.vn/products/pdp-i3078985992.html,548.000 ₫,,
Carkoci | Giá Đỡ Laptop Điều Chỉnh Chiều Cao Có Chức Năng Làm Mát Khung Hợp Kim Nhôm Dùng Văn Phòng,https://www.lazada.vn/products/pdp-i3193593425.html,66.000 ₫,4.0,8 Đã bán
"Ram laptop DDR3 bus 1600 4GB, 8GB và một số loại khác, ram chính hãng bảo hành 36 tháng",https://www.lazada.vn/products/pdp-i1376558675.html,99.000 ₫,4.0,110 Đã bán
Ram Laptop Crucial 16GB DDR5-4800 SODIMM,https://www.lazada.vn/products/pdp-i2580761366.html,2.190.000 ₫,5.0,10 Đã bán
Tiartisan Titan Nguyên Chất Mini Hộp Đựng Thuốc Móc Khóa Chống Nước Siêu Nhẹ Di Động Đánh Bóng Bề Mặt Cho Cắm Trại Ngoài Trời EDC Dụng Cụ,https://www.lazada.vn/products/pdp-i3099250454.html,156.000 ₫,5.0,51 Đã bán
"màn laptop 15.6in 40pin led dày, lỗi đốm - xài chữa cháy",https://www.lazada.vn/products/pdp-i3216449929.html,120.000 ₫,,
Ram laptop DDR3L Kingmax 8GB 1600MHz,https://www.lazada.vn/products/pdp-i2721871078.html,390.000 ₫,,
Cáp Hagibis 240W PD3.1 USB-C Sang USB-C Tốc Độ Cao 8K 60Hz Dây Đồng Bộ Dữ Liệu Sạc Nhanh Cho MacBook Pro iPad iPhone Laptop Dell XPS,https://www.lazada.vn/products/pdp-i3162199387.html,170.300 ₫,5.0,13 Đã bán
Quần đùi nam thun thể thao co giãn nhẹ mát có túi khóa kéo,https://www.lazada.vn/products/pdp-i1621592911.html,49.000 ₫,4.0,
[HCM]Tai nghe chụp tai F10 trắng xám ( Có thể gấp gọn và điều chỉnh kích cỡ),https://www.lazada.vn/products/pdp-i156609186.html,39.000 ₫,4.0,
"Balo nam đựng laptop 13inch, 14inch, 15,6inch công sở nhỏ gọn, balo đi làm Gu Bag nam nữ, đi học cho học sinh, sinh viên",https://www.lazada.vn/products/pdp-i1403227714.html,111.200 ₫,4.0,
EDC Pocket Key Organizer Holder Di Động Móc Khóa Ví Móc Chìa Khóa Ô Tô Thu Thập Dụng Cụ Mở Nắp Hộp Đa Dụng Cụ Ngoài Trời Phụ Kiện,https://www.lazada.vn/products/pdp-i2716731144.html,40.950 ₫,4.0,116 Đã bán
"Màn Hình Laptop 14.0"" - 15.6"" dùng cho Laptop HP Dell Acer Toshiba Lenovo Asus Sony",https://www.lazada.vn/products/pdp-i3113284020.html,415.000 ₫,,
Vỏ Mới Laptop HP Pavilion 15-BS 15-BS587TX 15-BS555TU 15-BS553TU 15-BS622TX 15-BS666TX 15-BS571TU,https://www.lazada.vn/products/pdp-i1844074361.html,1.000.000 ₫,,
RQZN | Giá Đỡ Laptop Điều Chỉnh Chiều Cao với Hỗ Trợ Cổ và Tản Nhiệt,https://www.lazada.vn/products/pdp-i3196061540.html,175.000 ₫,,
WAVLINK Đế cắm USB C Thunderbolt 4/3 RJ45 SD PD 98W USB 3.1 3.0 USB Hub 12 In 1 Đơn 8K Đôi 4K Cho MacBook Pro Air PC Laptop Đế Cắm Chia Tách,https://www.lazada.vn/products/pdp-i3095860709.html,4.995.000 ₫,3.1,
"Gamepad tay game Không dây Bluetooth G6 Đa kết nối cho máy tính, laptop, smartphone, máy tính bảng, máy game",https://www.lazada.vn/products/pdp-i2137940790.html,355.000 ₫,4.0,24 Đã bán
"Bộ Chuyển Đổi USB C Cái Sang USB C Cái Hagibis 80Gbps, Cáp Nối Dài Kép USB4 240W Cho Laptop Thunderbolt 5/4",https://www.lazada.vn/products/pdp-i3221360404.html,91.000 ₫,,"353 Đã bán
China"
"Ram Laptop 4GB - 8GB DDR4 Bus 2666 PATRIOT, Dùng cho máy tính Laptop - Bảo Hành Trọn Đời - Trang Nguyễn Computer",https://www.lazada.vn/products/pdp-i2633620416.html,280.000 ₫,,
WAVLINK 4 in 1 USB C Hub đến 4 Type C USB Hub Mở rộng Bộ chia USB 3.2 tốc độ cao Adapter Mở rộng đa chức năng cho Laptop PC Văn phòng 10Gbps Truyền,https://www.lazada.vn/products/pdp-i3096359749.html,670.000 ₫,3.2,
Microsoft Surface Laptop Go1/2 2013 1943 1963 Nsk-911pq Bàn Phím Kỹ Thuật Số Tương Thích Phụ Kiện Máy Tính Xách Tay Phần,https://www.lazada.vn/products/pdp-i2838834258.html,241.000 ₫,,"14 Đã bán
Hong Kong"
"Ram Laptop DDR3/DDR3L (PC3L) 4GB, 8GB, 16GB bus 1333/1600 ( Hynix / MT, Samsung ) tháo máy zin đẹp như mới - Bảo Hành 3 Năm",https://www.lazada.vn/products/pdp-i2028606928.html,99.000 ₫,5.0,195 Đã bán
Goojodoq Vỏ máy tính xách tay cho Macbook Air 13 A1466 A1369 a1932 a2179 a2337 M1 chip Pro 13 a1932 a2442 a2485 2021 thanh cảm ứng mới cho cuốn sách Mac cũ mới,https://www.lazada.vn/products/pdp-i1260338338.html,145.000 ₫,4.0,741 Đã bán
Túi xách nam công sở DA BÒ SÁP THẬT da ngựa điên đựng laptop 16 Inch BEE GEE CCS5554,https://www.lazada.vn/products/pdp-i2847652972.html,2.205.000 ₫,,
